"frame","x [nm]","y [nm]","precision [nm]","green photons","red photons","GP"
404,8363.5,71412,30.47,316.25,225.44,0.16765
409,6912.5,71918,30.144,773.71,354.01,0.37217
409,8615.2,70233,27.78,721.94,516.79,0.16561
411,6479,72656,23.008,330.07,112.7,0.49094
412,7820.8,70546,29.113,287.5,121.92,0.40445
413,7936.7,72027,34.631,762.05,660.52,0.07137
415,8504.1,72086,38.802,702.26,454.68,0.21399
416,8712.6,69926,26.069,244.72,158.12,0.21497
417,8439.7,71315,28.307,1004.7,875.64,0.068636
418,8882,71969,30.01,717.58,426.33,0.25461
421,7086.4,71159,24.177,850.78,587.86,0.18275
421,7111.6,72593,24.419,327.4,156.28,0.3538
421,7976.6,69771,28.069,462.59,348.53,0.14061
422,8542.3,70948,38.065,525.51,435.47,0.093688
423,6950.5,71540,28.592,298.41,109.26,0.46397
424,6971.4,69867,23.779,1267.1,1113,0.064782
424,7857.4,70126,28.314,1007.6,647.43,0.21763
424,8339.8,72167,30.138,337.38,183.56,0.29528
425,6874.8,69783,26.192,583.81,357.68,0.24018
429,8528.1,71223,33.091,659.38,416.22,0.22606
431,8761.3,71163,28.964,602.96,141.63,0.61957
432,8346.2,71248,30.522,177.97,147.31,0.094247
441,9415.9,72511,39.152,602.55,827.44,-0.15727
444,8858.7,72461,27.443,892.22,445.67,0.33377
444,9112.5,71200,27.594,608.4,306.36,0.33018
445,7123,70228,36.625,482.29,316.51,0.20755
445,8585.1,72338,30.681,309.06,124.17,0.42678
446,8433.1,72139,27.795,861.12,411.43,0.35338
448,8722.9,71751,31.324,754.27,519.89,0.18394
449,7728.8,70336,31.102,1315.8,558.57,0.404
449,8775.9,71892,29.846,342.93,161.56,0.35951
450,7440.8,71578,27.229,332.87,230.04,0.18268
453,8426.6,71537,26.814,232.54,169.68,0.15629
454,7319,71569,27.861,593.95,344.79,0.26541
454,8490.5,72256,26.88,326.56,151.44,0.36636
454,9277.8,71610,35.848,364.47,297.85,0.10059
454,9400.3,72345,30.639,592.72,247.15,0.41146
455,7624.2,71745,36.708,827.81,452.63,0.293
456,9286.2,72380,26.523,705.21,267.88,0.44942
458,7202.8,70677,33.922,711.45,320.56,0.37877
458,8455.2,71031,33.983,700.81,451.57,0.21628
459,7201.4,70786,33.297,859.9,717.23,0.090463
462,8689.9,71568,30.306,397.06,314.59,0.11587
466,9272.5,69736,32.197,322.4,297.26,0.040562
470,7779.8,70257,23.225,702.24,495.61,0.1725
470,9020,70579,36.714,366.76,266.89,0.15762
472,7566.3,72723,31.847,510.87,317.43,0.23354
475,7519.4,72510,31.46,348.11,422.29,-0.096298
477,6829.5,70179,34.888,348.84,119.87,0.48851
482,6903.9,71127,34.042,372.76,126.63,0.49286
482,8331.5,71148,29.467,691.13,751.66,-0.041957
482,8406.4,72061,33.827,276.41,428.51,-0.21578
484,8442.8,71407,31.933,183.3,172.98,0.028958
489,7790.5,72550,30.151,536.1,196.65,0.46326
491,7165.7,72125,32.861,412.72,327.38,0.11532
498,8788.1,69869,38.037,611.59,555.47,0.048085
499,8991.4,69793,37.985,420.72,328.08,0.12372
500,7055.3,69893,37.009,646.31,301.43,0.36389
500,7853.7,70384,26.891,559.97,451.51,0.10723
501,7017.1,70043,35.686,365.8,348.83,0.023748
501,7793.3,70013,24.587,1358.9,466.55,0.48883
503,6939,69854,21.266,373.19,226.42,0.24477
503,9221.2,70907,34.032,538.18,128.02,0.61568
504,8218.1,71182,18.646,406.97,224.98,0.28797
505,8744,71415,29.831,262.15,219.06,0.089559
510,6707.4,70771,32.767,1051.3,679.15,0.21504
510,7730.6,70013,36.928,675.25,171.54,0.59484
511,7742.4,70226,33.464,818.55,620.06,0.13797
514,8364.5,71450,33.152,418.8,424.65,-0.0069451
515,7880.3,70186,32.163,662.23,568.2,0.076419
515,8571.4,71414,36.044,818,721.29,0.062832
516,8511.6,71399,20.352,437.72,362.33,0.094237
517,8207.8,71161,31.778,1223.2,1218.9,0.0017747
517,8493.2,71321,25.437,672.62,788.42,-0.079255
519,8598.5,71040,34.934,243.62,244.51,-0.0018253
520,8546.4,71381,37.34,1051.1,959.05,0.04581
520,8533.1,71382,38.05,1028.9,944.82,0.04262
524,6464.9,72726,24.598,1236.6,695.11,0.28031
528,7064.5,70384,22.956,1171.1,870.36,0.14733
529,7137.3,70460,36.637,392.03,248.2,0.22466
531,9194.4,70202,19.763,1638.5,845.4,0.3193
532,9269.1,69846,25.176,422.09,288.5,0.18801
533,9328.1,69780,23.912,472.6,472.79,-0.00020798
535,7857.3,70415,21.927,547.38,388.49,0.16978
540,7381,71800,35.934,385.73,177.39,0.36999
541,7488.6,72107,27.804,560.67,381.59,0.19006
541,8270.7,71781,35.741,298.79,389.66,-0.132
541,8949.4,71621,31.674,520.9,629.6,-0.094483
542,8956,71610,31.632,322.28,223.65,0.18067
543,6754.3,71886,36.162,318.55,114.56,0.47099
550,7821.8,71927,28.099,473.29,197.88,0.41033
552,8165.3,71533,32.443,681.76,479.36,0.17431
553,7878.5,71550,28.077,557.17,405.92,0.15705
556,8410,71629,28.039,252.42,199.08,0.11814
561,8317.2,71228,33.079,975.44,399.67,0.41871
562,9272.9,71101,30.22,551.48,118.11,0.64721
565,8239.1,71272,38.679,476.73,388.42,0.10208
566,6714.5,72464,34.43,373.75,134.56,0.47055
569,6939.9,70543,28.71,731.12,545.82,0.14511
573,8146.2,70268,38.52,253.9,223.21,0.064323
576,8857.5,72208,29.115,226.27,118.62,0.31213
578,8731.6,70736,32.055,605.47,457.87,0.13881
578,9058.3,72000,38.564,270.3,174.68,0.21488
579,9150.5,71782,37.145,319.78,244.34,0.13373
584,7791.1,72038,28.485,288.35,127.3,0.38747
584,9419.2,71361,22.309,868.3,426.53,0.34118
587,7330.7,72484,31.635,622.72,141.59,0.6295
588,6567.7,72470,32.233,859.74,517.34,0.24864
589,7853.8,70005,29.673,290.98,131.26,0.37827
591,7008,70748,35.676,891.34,354.69,0.43069
594,8807.3,70567,29.504,412.37,912.28,-0.37739
595,8702.5,70344,35.974,289.2,167.69,0.26596
596,9065,72655,27.48,448.02,518.79,-0.0732
603,9019.4,71997,37.542,438.31,299.41,0.18828
604,6595.5,70167,27.234,367.64,227.22,0.23605
611,8582.4,71968,39.228,369.37,178.06,0.34946
612,7177.4,70511,36.89,704.39,478.52,0.19094
614,7330.7,70758,29.392,662.48,376.38,0.27541
616,6644.8,72421,34.041,316.06,357.9,-0.062088
617,8229.8,70285,28.766,483.1,132.74,0.56892
622,7488.8,71910,34.876,484.97,266.5,0.29072
622,8823.6,70230,37.082,336.03,288.51,0.076093
624,8339.1,71472,46.045,660.75,772.69,-0.078091
630,9292.5,69773,21.629,370.25,224.18,0.24573
631,9339.1,69727,24.886,479.11,435.33,0.047874
632,8580.6,71162,39.52,713.39,321.36,0.37886
632,9289.8,69757,24.543,285.2,339.37,-0.086733
634,9300.3,71776,32.179,631.68,424.7,0.19593
637,9410.8,72384,26.087,342.09,171.03,0.33336
638,7989.1,70452,33.072,1498.7,920.85,0.23882
639,9007.5,72503,29.445,770.75,530.72,0.18444
639,8998.9,72507,28.817,797.91,553.51,0.18085
640,8895.3,71385,33.091,1083.4,782.51,0.16125
641,7192.4,71460,34.686,546.35,141.35,0.58892
641,8633.3,71277,35.66,705.43,624.83,0.060585
642,7436.8,71286,33.464,772.96,493.47,0.22069
642,8454.7,72692,32.762,326.12,175.32,0.30074
643,6453,72546,35.302,267.94,249.58,0.035479
644,8740.1,71330,38.469,445.87,236.36,0.3071
644,9260.8,69997,21.553,507.32,360.51,0.16917
646,8155.9,69944,35.04,468.89,356.21,0.13656
647,8319.7,71465,24.219,694.97,513.18,0.15047
649,8235.3,71889,30.776,321.64,220.77,0.18596
650,8173,72019,38.253,541.38,298.86,0.28863
651,8380.1,72583,32.933,263.69,223.09,0.083403
653,8145.3,69794,20.475,429.04,224.75,0.31246
657,8270.5,71567,27.237,515.2,309.28,0.24976
661,8614.3,70843,36.592,258.99,193.74,0.14414
664,8044.7,71848,28.264,703.21,653.92,0.036322
666,7370.6,70398,36.947,747.15,543.34,0.15794
667,9286.8,72502,44.962,719.42,788.1,-0.045558
668,7179.9,69855,40.908,501.4,520.37,-0.018568
670,6993.2,70569,30.704,670.23,646.48,0.018037
671,7061.5,70619,29.208,418.26,337.78,0.10645
676,8307.2,71460,23.584,1300.7,657.74,0.32831
680,9194.6,72548,31.298,979.21,538.59,0.2903
681,8962.6,70261,35.152,415.4,381.01,0.043178
682,7474.2,72281,31.044,412.5,276.38,0.1976
682,9138.2,70166,31.556,429.37,327.37,0.13479
683,7496.7,72373,29.737,246.98,263.55,-0.032446
690,9328.2,70639,32.097,414.63,313.09,0.13952
691,8534,71376,35.63,380.71,464.62,-0.099265
691,9411,70652,31.338,292.06,215.97,0.14977
692,9265,69783,21.627,530.74,456.49,0.075211
694,7990.2,71081,27.35,588.9,575.04,0.01191
694,9046.2,70340,28.749,445.43,356.49,0.11091
695,9057.6,70094,31.513,404.08,206.66,0.32325
697,9124.2,70947,23.514,479.95,535.36,-0.054576
698,8892.6,71238,35.532,685.44,732.25,-0.03302
704,6972.8,71521,32.318,471.51,303.33,0.21705
709,8574.7,71319,33.836,476.42,421.41,0.061274
710,8449.8,70552,33.515,492.59,389.38,0.11702
711,8783.9,71535,27.017,808.86,442.89,0.29237
712,8580.9,72397,30.664,1224.3,839.64,0.18635
713,7721.8,70412,19.035,1359.6,1013.1,0.14604
713,8758.9,72378,34.944,618.55,351.75,0.27496
717,7628.3,69861,29.853,561.17,385.44,0.18563
720,9398.3,69885,32.425,311.81,199.99,0.21847
723,8748.7,71297,29.632,536.23,347.66,0.21334
724,8419.3,70749,29.657,356.7,228.21,0.21967
727,8268.3,71142,35.222,116.26,172.04,-0.19347
729,8045.1,71770,28.269,332.37,164.82,0.33699
731,7046.4,69993,29.015,573.34,450.7,0.11976
731,9144.8,71776,25.888,673.13,228.08,0.49383
732,9187.6,71870,34.54,778.73,262.88,0.49524
733,6722.4,72636,33.162,535.26,326.55,0.24218
736,7642.2,71796,34.112,368.48,302.57,0.098212
739,8238.9,71179,22.171,849.31,547.13,0.21639
741,8373.8,71513,36.779,278.25,246.36,0.060777
743,7694,70089,31.815,242.77,137.08,0.27823
744,8007.7,69794,28.964,339.43,303.41,0.056038
744,9154.6,71753,31.152,329.03,138.7,0.40693
745,8648.1,69887,35.629,346.02,246.99,0.167
748,7865.8,71646,32.598,265.96,169.52,0.22146
750,9208.6,70587,31.599,518.16,303.37,0.26145
751,7451.7,70303,29.175,461.35,475.79,-0.015405
752,7618.6,70522,36.274,229.57,262.92,-0.067717
753,8175,71695,38.206,431.66,382.81,0.059988
754,6578,72646,26.217,339.15,288.51,0.080673
754,7567.2,71010,28.472,980.56,531.14,0.29729
756,7294.1,71116,28.515,446.24,240.89,0.29884
759,6982.9,70354,31.259,347.99,354.07,-0.0086559
761,7219.4,72405,32.092,384.51,135.04,0.48017
765,9381.2,70810,25.757,591.48,378.5,0.21957
773,7777.4,70114,30.634,981.07,655.08,0.19924
773,9291.9,70409,32.246,609.41,287.99,0.35817
773,9295.9,71301,31.637,528.33,224.02,0.40448
775,6942.6,70537,33.051,429.19,282,0.20695
776,7469.8,71988,34.138,463.51,273.95,0.25705
776,8522,70967,35.017,625.93,306.57,0.34248
778,7225.8,70549,29.741,571.51,283.82,0.33636
785,8225,69926,29.201,418.5,169.45,0.42357
786,6483.4,69963,36.686,438.61,230.87,0.31031
786,8293.4,70009,33.859,461.85,141.49,0.53097
788,6821.1,69728,37.829,446.56,376.07,0.085688
788,8888.4,71926,23.67,813.74,522.79,0.21769
790,8115.3,71974,33.31,184.44,142.07,0.12976
791,8181.5,71845,30.157,358.06,465.08,-0.13001
792,8167.8,71666,30.733,530.44,703.26,-0.14008
800,9003.1,71566,35.837,385.19,248.03,0.2166
801,8474,72600,23.343,328.71,148.54,0.37752
802,8010.2,70326,24.273,531.58,327.46,0.23762
802,8539.9,70411,31.298,717.44,210.66,0.54604
802,8605.4,70910,24.818,309.88,248.17,0.11058
802,9213.1,69747,24.746,728.52,497.62,0.18832
803,7344.6,72263,32.758,502.16,147.31,0.54636
803,8666.2,72501,31.568,244.68,233.52,0.023339
803,9177.4,69751,28.499,485.71,144.89,0.54049
804,7050.1,72208,25.121,458.73,134.75,0.5459
804,8575.5,72425,35.321,444.48,345.69,0.12502
805,8699.6,72516,23.154,239,121.78,0.3249
806,8563.6,72233,24.807,595.44,301.59,0.32758
807,6604.5,72720,33.772,430.19,331.82,0.12909
808,7620.2,69732,21.715,1254.2,827.82,0.20479
809,7634.5,69998,26.864,467.77,303.19,0.21348
810,7881,70354,33.319,665.98,459.41,0.18355
811,7901.7,70493,24.901,473.5,273.64,0.26749
813,8060.6,71023,35.96,640.72,257.01,0.42742
816,8253.3,72249,23.294,584.65,259.31,0.3855
822,8294,70162,29.046,462.01,334.73,0.15975
823,8988.2,71312,26.219,471.44,144.52,0.53075
829,9152.9,70487,37.988,153.53,160.09,-0.020913
833,8494.7,70826,34.98,384.44,278.13,0.16045
834,9333.6,72661,19.002,458.55,301.3,0.20694
835,8884.2,71767,36.126,504.39,126.19,0.59978
836,9130.9,72642,28.405,426.08,364.95,0.077284
837,6798.3,71786,32.032,489.92,339.71,0.18105
837,8608.3,70518,29.016,867.57,523.02,0.24777
841,8103.6,70098,28.751,730.57,497.29,0.18999
841,8168.3,71356,28.213,394.74,275.88,0.17724
842,7833.9,70205,26.626,663.81,532.24,0.11
842,9238,70761,33.72,427.34,327.99,0.13153
843,7743.2,70176,32.132,741.19,743.24,-0.0013816
843,8326.1,70901,36.652,256.79,111.48,0.39458
844,9090.9,69977,34.679,413.53,350.05,0.08313
845,9017.9,69748,27.953,410.7,212.96,0.31708
846,9300.6,70423,33.214,648.13,396.36,0.24104
847,6433.6,70509,34.581,775.69,551.05,0.16932
852,8452.5,72615,43.636,587.21,360.27,0.23953
852,8719.4,70701,34.782,173.81,197.15,-0.062911
854,8665.3,70679,24.275,407.24,399.07,0.010138
855,8762.7,70694,31.777,291.83,227.63,0.12358
856,7942.4,70191,16.626,723.28,459.74,0.22277
857,6974.6,71201,34.072,398.52,186.83,0.36165
858,7180.8,70028,28.233,894.58,770.47,0.07454
860,8406.6,71135,37.628,601.92,554.94,0.040611
861,8683.9,70628,32.54,385,175.56,0.37362
863,7933.7,72163,24.363,863.28,658.54,0.13454
865,8774,71251,25.92,325.17,233.7,0.16367
866,8819,72518,34.929,548.15,669.81,-0.099887
867,8534.8,72537,28.109,427.95,136.54,0.51623
868,8183.5,70246,34.116,308.33,153.51,0.33524
868,9008.3,72263,26.368,569.07,346.3,0.24336
869,8042.5,71370,34.574,331.6,248.58,0.14308
870,8429.3,72505,32.361,353.92,239.2,0.19342
871,6487.1,69867,31.74,459.86,214.05,0.36474
875,7387.5,71455,29.815,508.29,300.17,0.25743
875,9214.1,71846,27.37,371.51,225.97,0.24358
876,8382,70921,32.167,326.2,227.05,0.17921
876,8443.2,72249,19.566,1289.8,688.43,0.304
877,7918.9,72719,33.581,281.78,272.74,0.016319
877,8586.5,71485,40.279,711.87,380.33,0.30355
877,9279.4,70531,31.741,260.81,211.23,0.10503
880,7927.6,71316,44.18,460.79,328.96,0.16693
884,6846.6,70976,28.613,446.99,218.58,0.34317
885,8966.4,71308,26.053,695.93,370.64,0.30499
887,7600.4,69736,25.71,483.19,313.18,0.21348
890,8385.3,71049,33.201,160.23,128.15,0.11124
895,8788,70499,34.914,489.26,390.81,0.11186
898,7944.6,71347,36.556,262.89,350.24,-0.14247
899,8277.4,69989,34.927,354.29,428.5,-0.0948
903,8496.5,72451,28.324,317.18,124.04,0.43773
905,7946,71638,26.067,504.35,305.04,0.24625
907,8953.5,71798,21.745,482.19,221.05,0.37134
908,8799.2,72644,20.569,1364.2,744.7,0.29375
911,9054.4,70057,35.565,298.97,196.37,0.20713
912,7580.6,71286,33.043,803.61,550.86,0.1866
915,7591.4,71602,36.251,652.91,461.41,0.17185
916,8864.9,70050,36.242,421.38,156.91,0.45735
917,7328,69895,27.956,367.09,211.91,0.26801
917,9122.1,69872,30.069,482.27,246.13,0.32419
918,7334.7,69827,22.907,541,383.1,0.17087
918,7984,71500,23.136,735.25,222.1,0.53602
919,8662.3,70004,26.204,1080.6,635.95,0.25904
919,9384.9,70110,33.501,689.14,574.58,0.090649
920,8289.8,70162,25.884,205.72,148.76,0.16068
920,9281.7,70236,24.659,684.37,550.99,0.10797
921,7787.7,70942,24.301,482,291,0.2471
923,9301.3,70546,31.333,356.14,207.5,0.26372
924,8459.3,70643,34.684,279.3,344.46,-0.10446
925,7757.6,71088,24.175,362.3,224.41,0.23501
928,8030.4,70292,28.584,344.88,224.19,0.21208
929,7310.9,70932,29.257,324.44,327.18,-0.0042053
930,7313.4,72056,35.942,399.18,188.65,0.35814
931,7380.7,72045,29.388,283.39,160.81,0.27595
934,6684.1,71073,36.289,332.07,361.2,-0.042024
934,9123.7,70684,36.141,439.29,321.4,0.15498
935,8653.7,72338,30.081,474.29,302.31,0.22146
939,9123.9,70957,34.94,367.97,105.55,0.55419
940,6962.9,69895,29.305,417.64,212.99,0.32452
940,7991.3,72032,31.042,739.52,574.64,0.12547
942,6654.5,72510,33.107,608.99,227.81,0.45552
942,8577.8,70135,36.044,518.44,104.12,0.66551
942,9158.9,71655,30.216,659.69,506.87,0.131
943,6443,72501,31.284,471.14,306.39,0.2119
943,7442.4,70632,31.359,784.08,579.49,0.15004
944,9029.8,70046,34.853,294.38,155.23,0.3095
945,7736.7,70394,29.111,863.02,357.56,0.41412
946,7753.1,71963,28.529,892.21,689.81,0.12794
952,6859.4,71984,23.647,699.55,335.37,0.35189
956,6438.6,69777,32.173,1018.3,653.37,0.21832
956,7107.5,72681,36.98,459.61,171.08,0.45748
956,8299.3,71099,26.863,656.05,483.36,0.15156
957,9201.4,71114,24.777,1061,777.1,0.15446
958,7059.4,70778,32.467,221.24,209.72,0.026711
960,7978.5,70214,24.138,693.5,357.41,0.31981
962,8774.1,72328,21.587,829.45,472.7,0.27397
963,8438.8,71495,33.867,471.99,263.04,0.28427
968,7393.7,70907,33.967,850.72,504.47,0.2555
969,8904.1,69960,27.457,669.11,398.85,0.25306
971,7958,70935,40.101,803.66,306.21,0.4482
975,8263.9,70964,23.059,259.42,154.43,0.25369
976,8854,71444,34.235,352.39,229.84,0.21049
981,8587.6,70244,33.727,478.49,177.09,0.45974
982,8468.2,70338,32.524,870.42,865.54,0.0028106
983,7210.9,70150,36.18,312.44,158.75,0.32617
983,8534.8,72488,28.606,984.59,902.18,0.043678
984,7297.8,70141,33.003,382.77,144.74,0.45124
984,8316.5,72542,22.153,679.01,584.11,0.075138
984,8889.6,70540,34.978,513.97,469.77,0.044929
984,9102.7,71454,27.298,294.28,156.82,0.30471
985,8169.5,72596,21.06,397.53,236.97,0.25305
986,8884,70448,30.324,190.1,347.91,-0.29332
987,8683.4,72682,28,386.01,139.8,0.46825
988,8726.3,71530,32.747,393.96,266.54,0.19291
989,6448.4,72683,34.833,533.64,435.27,0.10152
990,8600.8,71560,31.127,345.97,235.16,0.19068
993,7799.1,71897,19.804,384.17,400.53,-0.020849
993,7970.7,69813,38.287,605.85,308.06,0.32584
995,7913.6,70603,35.364,210.17,113.98,0.29675
996,8662.6,70440,26.025,502.74,129.14,0.59125
996,9035.4,70460,41.54,622.51,242.82,0.43879
997,6495.2,72276,30.493,626.44,477.08,0.13535
997,7901.2,70779,30.045,906.79,593.09,0.20915
998,6788.9,72683,20.967,954.84,1068.3,-0.056075
998,8582.4,69780,37.374,409.14,202.35,0.33818
999,6687.8,72606,16.375,426.59,400.6,0.031419
999,7550.1,72560,23.265,832.07,846.41,-0.0085421
1000,6607.4,72458,18.617,753.12,638.48,0.082379
1001,6501.7,72354,20.299,709.67,623.28,0.064806
1001,8598.3,72274,40.115,766.68,509.62,0.20141
1002,6481,72177,26.925,339.65,431.49,-0.11911
1003,6657.8,72133,34.843,224.73,355.5,-0.22537
1008,7786.4,71515,31.025,382.14,139.77,0.46438
1009,8017.2,70123,35.54,774.85,396.75,0.32273
1010,6880.1,70019,36.017,627.82,794.47,-0.11717
1010,7655.2,69764,23.849,1200.2,1018.2,0.082066
1011,7960.8,72282,29.158,227.72,136.89,0.24911
1011,9042.6,71408,23.315,493.61,213.55,0.39604
1013,6926.7,69850,36.116,872.85,1135,-0.13055
1016,6459.8,69892,27.083,1173.9,674.33,0.2703
1016,8599,69891,31.944,208.45,382.42,-0.29443
1017,8618.7,69865,36.857,200.38,228.42,-0.065372
1019,7305.3,70538,30.809,223.95,127.93,0.27288
1019,7323.5,71975,32.461,312.33,224.97,0.16259
1024,7775.3,71339,35.3,580.67,418.64,0.16215
1024,8741.9,71669,31.434,367.59,316.6,0.074529
1026,8687.1,71241,27.071,1297.9,660.57,0.32541
1027,8974.5,71184,33.353,854.41,482.7,0.278
1028,8306.7,71029,36.114,414.95,321.29,0.12722
1032,7454.9,69943,36.891,328.42,392.4,-0.08876
1033,7394.1,71879,36.493,335.91,249.13,0.14834
1033,8408,72497,36.318,529.25,120.77,0.62842
1036,9330,70079,24.453,536.94,206.94,0.44363
1043,6454,71725,33.119,261.77,171.67,0.20787
1044,6634,70130,33.888,501.94,264.84,0.30922
1045,9329.6,69789,27.974,743.5,712.35,0.021393
1046,6865.2,70461,28.041,678.26,271.65,0.42805
1046,9265.6,69760,16.702,551.37,457.47,0.093083
1047,9147.6,69814,27.007,503.63,323.26,0.21813
1048,6852.5,69907,32.193,385.05,389.2,-0.0053546
1049,9292.3,71056,33.338,613.45,284.04,0.36704
1052,7101.7,69760,34.836,1530.6,881.13,0.26928
1055,9151.9,71631,22.398,811.34,426.26,0.31115
1056,9214.5,71618,33.313,390.67,109.87,0.56098
1065,7734.7,70146,31.423,313.18,222.33,0.16965
1066,7886.2,70193,23.95,926.22,735.09,0.11505
1067,7301.3,71898,30.006,224.29,131.26,0.26165
1071,9361.8,71374,34.277,316.78,237.93,0.14214
1074,9142.1,71133,36.633,204.48,291.63,-0.17566
1076,7494.4,70659,33.723,913.1,411.67,0.3785
1077,8301.6,72053,36.428,498.71,263.4,0.30877
1078,8411,71399,24.707,664.63,425.89,0.21892
1079,9363.2,71263,27.667,524.09,316.11,0.24754
1080,8006.1,72356,32.159,386.64,127.99,0.5026
1088,8036.5,71189,31.29,719.23,399.02,0.28635
1089,7548.7,71224,37.042,588.92,427.73,0.15855
1090,6786.5,70703,37.75,329.2,164.51,0.33358
1091,6945.6,70439,33.394,405.77,235.83,0.26487
1092,9013.2,69976,27.293,368.37,340.11,0.039885
1092,9286.9,72178,31.519,309.17,273.65,0.060935
1094,7986.4,72713,33.077,592.62,323.83,0.2933
1094,8886.5,72686,35.164,1027.6,551.58,0.30144
1095,8481.7,71188,36.757,858.99,491.89,0.27175
1099,8455.4,71222,25.241,1380.2,552.87,0.42798
1100,9313,71197,28.524,193.33,161.89,0.08853
1101,7772.3,70368,34.457,685.17,463.2,0.19329
1102,9209.8,71015,26.639,275.82,223.31,0.10519
1103,7070.1,70534,33.033,384.89,189.98,0.33906
1103,9073.6,71118,27.816,451.1,216.77,0.35086
1105,6536.8,69981,18.25,1437.1,1039.8,0.1604
1106,6911.7,69879,27.558,1165.9,470.82,0.42467
1111,7730.2,70894,39.698,669.7,446.59,0.19987
1112,7955.8,72265,32.417,269.56,141.59,0.31124
1115,8526.1,72296,31.77,319.74,228.03,0.16744
1121,8810.4,70360,24.781,440.44,135.55,0.52934
1124,7071.4,70689,26.871,447.76,250.73,0.28207
1125,7166.1,72321,37.317,622.96,577.89,0.037527
1128,7666.9,70056,26.572,451.4,489.2,-0.040188
1129,7633.7,71845,27.546,350.83,282.58,0.10775
1131,7520.9,69861,27.16,308,331.59,-0.03689
1132,8388.5,71085,34.287,430.79,368.11,0.078452
1132,9114.6,72149,36.611,628.64,260.23,0.41447
1135,9101.7,71855,34.934,302.84,208.39,0.18474
1136,8068,70957,27.264,272.97,170.8,0.23024
1142,7635,72475,28.44,596.77,356.15,0.25251
1142,9232.1,70467,32.421,538.43,161.28,0.53901
1143,7106.2,71231,28.144,310.02,222.87,0.16354
1144,7676.8,72692,29.609,490.78,284.02,0.26685
1144,8607.6,71214,35.845,486.13,683.15,-0.16849
1145,8105.7,70271,30.375,349.42,153.15,0.39054
1146,7270.4,72462,25.375,761.87,342.7,0.37949
1146,8171,70122,24.301,493.46,482.39,0.011348
1147,7449.6,72291,33.09,426.01,106.26,0.60074
1147,8374.9,70635,34.363,620.45,526.16,0.082233
1148,7272.8,72427,28.805,493.24,115.8,0.61973
1149,7215.3,72399,22.584,937.55,602.99,0.21717
1149,7985.2,71799,31.85,413.76,208.54,0.32979
1149,8424.9,71208,38.268,407.02,279.94,0.18499
1150,7324.5,72448,18.4,694.77,257.83,0.45868
1151,7403.5,69764,35.388,351.35,209.86,0.25212
1151,7273,72607,36.816,618.07,354.17,0.27143
1151,9407.3,70319,30.682,761.35,474.44,0.23217
1154,7336.6,72393,30.56,208.65,163.44,0.12152
1154,8971.5,72724,28.492,1206.2,461.24,0.44677
1155,7994.6,70298,28.831,657.24,468.27,0.1679
1156,8472.7,72221,27.905,622.8,377.02,0.24583
1157,7235.9,71915,40.006,474.31,344.84,0.15805
1158,6440.6,72706,35.541,382.37,199.03,0.31535
1158,7628.3,72591,37.773,275.65,200.78,0.15715
1163,8812.2,72722,29.9,474.78,411.48,0.071424
1166,8953.4,72702,36.408,427.84,196.74,0.37
1174,8782.6,72716,20.498,564.57,427.08,0.13865
1176,8416,71524,27.613,211.72,160.34,0.13811
1177,9193.4,71106,25.189,433.58,266.61,0.23847
1178,7660.7,70316,29.224,1210.2,859.53,0.16943
1178,9098.2,71044,29.617,445.82,308.32,0.18233
1180,6679.7,71962,29.581,507.95,235.3,0.36683
1182,7025.9,69795,32.198,457.91,259.88,0.27588
1182,7608.5,70054,33.996,531.68,386.27,0.15841
1183,6856.5,69779,29.475,1138.7,681.08,0.25147
1183,8683.3,72718,22.418,671.2,514.98,0.1317
1184,7394,70525,27.916,334.02,236.71,0.17049
1185,8762.1,71790,30.716,433.09,166.17,0.44541
1186,7908.3,70124,29.128,712.31,940.58,-0.13811
1188,9144.8,71560,34.51,257.62,130.5,0.32753
1189,9278.6,70623,19.148,317.24,151.85,0.35257
1192,8269.2,71701,36.221,867.41,337.08,0.4403
1195,9403.5,70428,37.962,355.26,286.9,0.10646
1196,8575.5,72082,30.698,894.25,423.03,0.35772
1197,8466.8,72158,18.566,1091.1,528.27,0.34755
1198,7222.4,72078,26.721,777.18,756.01,0.01381
1199,7264.1,71600,34.543,805.29,528.89,0.20717
1199,9259.1,72596,35.035,323.37,150.62,0.36447
1200,7711.7,71906,28.302,485.52,239.16,0.33996
1200,9363.8,72577,31.602,343.56,146.07,0.40336
1201,9039.1,70003,25.859,462.76,142.04,0.53028
1202,8755.6,71031,38.525,418.69,448.19,-0.034029
1203,8794,71774,26.182,226.67,142.36,0.22845
1204,9280.9,69802,31.429,393.51,221.33,0.28005
1205,8345.6,70161,26.852,482.34,361.51,0.14318
1206,6512.5,70023,33.779,753.04,476.82,0.2246
1206,9150.5,71795,30.796,436.43,204.46,0.36195
1212,8604.5,69899,31.46,832.42,497.87,0.25149
1212,9167.7,70860,20.314,1407.2,1063.2,0.13922
1214,7523.6,70293,33.303,310.08,230.6,0.147
1215,8424.4,72646,32.734,1035.7,1083,-0.022341
1216,7893.1,70237,28.191,577.26,442.22,0.13246
1216,8546.7,71270,29.799,476.09,273.95,0.2695
1217,7833.9,70336,23.68,759.01,760.44,-0.00093675
1217,9245.1,72612,21.764,381.91,142.58,0.45629
1219,7650.8,72628,34.575,198.97,103.65,0.31496
1219,8669.4,69993,25.677,417.76,302.72,0.15967
1219,9201.1,72432,35.179,288.81,182.35,0.22594
1219,9369.5,71634,38.038,394.71,383.83,0.013981
1222,6790.7,70666,28.586,726.27,138.58,0.67953
1223,7535.5,71187,34.644,637.42,508.95,0.11207
1224,8182.5,70482,27.569,656.67,504.4,0.13114
1225,6498.7,72186,31.543,199.13,183.62,0.040506
1226,6654.1,71930,32.177,730.12,532.89,0.15616
1226,7222.4,71287,37.341,731.48,346.97,0.35654
1226,7303.3,71860,35.386,1174.5,366.37,0.52447
1227,8265.2,72144,33.453,507.21,214.18,0.40621
1228,8258.9,71316,31.66,192.29,125.64,0.20965
1229,7401.9,70388,35.147,314.62,179.13,0.27441
1232,9140.4,71421,39.143,531.25,118.89,0.63426
1233,9147.1,71270,29.121,622.79,146.96,0.61816
1234,9314.9,71482,31.452,570.23,245.41,0.39824
1235,9120.9,71685,26.852,893.52,275.45,0.52873
1240,8878.2,71643,30.05,406.67,241.46,0.2549
1244,6699.8,70742,35.314,363.16,103.24,0.55731
1244,8029.8,71253,36.64,393.42,228.03,0.26613
1244,8355.1,69765,33.385,533.74,284.05,0.30533
1245,7120.8,72714,30.98,180.16,133.51,0.14872
1245,8572.7,69857,29.406,751,605.31,0.10742
1247,8505.5,70068,30.02,237.98,111.81,0.36068
1248,7494.2,72669,24.534,405.05,478.26,-0.082881
1248,8751.8,71551,23.458,361.2,299.03,0.094175
1263,9395.8,70146,32.456,486.46,213.26,0.39044
1264,9410.3,70462,30.252,256.25,210.06,0.099068
1266,7989.8,71087,26.421,264.04,352.1,-0.14293
1267,7196.1,70052,38.171,392.44,560.19,-0.17609
1270,8136.8,71144,27.744,634.32,304.95,0.35066
1270,8571.7,70160,31.882,217.42,166.49,0.13268
1272,8595.4,70649,37.622,339.87,371.5,-0.044453
1273,6528.7,72410,26.809,401.82,257.81,0.21832
1273,8290.8,70716,36.423,634.27,644.64,-0.0081116
1275,9108.1,70426,38.271,370.93,231.01,0.23244
1277,9094.4,69766,31.263,672.96,387.46,0.26923
1278,8718.3,70973,24.462,688.08,481.89,0.17624
1279,8673.5,72708,28.624,616.96,382.77,0.23425
1280,9171.9,70029,33.554,910.27,333.61,0.46361
1281,8200.1,70013,33.157,449.3,192.32,0.40052
1281,9096,71481,32.038,301.02,243.9,0.10483
1283,8500.5,72313,28.349,417.32,443.99,-0.030967
1285,6626,71724,32.703,452.9,427.71,0.02861
1285,8566.6,71367,32.546,1034.8,609.08,0.25897
1286,7887.6,71041,27.168,630.82,555.77,0.063251
1288,7579.8,72226,30.114,1062.7,819.05,0.12947
1290,7902.4,70944,36.667,657.44,496.44,0.13953
1290,9144.1,71529,27.21,631.04,263.81,0.41038
1291,8453.4,71626,24.898,685.98,446.92,0.21101
1291,8464.6,72233,29.588,340.83,382.95,-0.058199
1291,9177.8,71561,28.612,472.38,103.37,0.64091
1293,7809.1,71956,31.36,361,121.67,0.49583
1294,7908,71802,36.511,316.2,189.29,0.25106
1300,7638.9,70340,24.792,508.62,622.68,-0.10082
1302,7514.5,70451,29.3,291.28,137.89,0.35742
1302,9172.2,72338,27.265,1027.4,462.75,0.37894
1303,8598.6,70005,37.883,309.67,155.41,0.33169
1304,6894.9,70639,27.473,620.21,354.02,0.27324
1304,7529,70164,24.194,307.54,189.58,0.23729
1305,9360.3,72428,23.602,936.38,864.89,0.03969
1305,9392.7,71426,33.147,383.68,207.03,0.29905
1307,8823.1,72147,30.061,481.02,224.96,0.36269
1310,6976.3,71034,32.927,625.49,317.01,0.3273
1310,7143.3,70392,31.761,137.32,160.38,-0.077488
1310,7987.5,70858,40.429,508.14,313.04,0.23758
1311,7159.3,70316,35.524,576.96,548.47,0.025314
1312,8259.4,70292,35.981,312.24,446.83,-0.17731
1315,7525.9,71622,24.71,524.98,211.19,0.42624
1317,6535.2,72687,33.41,485.88,235.54,0.347
1320,9017.6,71372,31.508,560.22,353.13,0.22673
1323,6961.2,70708,26.676,672.04,405.15,0.24777
1323,9192.2,70698,40.733,524.7,270.26,0.32006
1333,6903.2,70368,31.45,244.67,104.77,0.40036
1334,9022.9,69766,33.214,367.09,558.45,-0.20675
1336,7140,72705,31.253,561.17,321.62,0.27136
1337,7108.2,70219,37.097,371.16,138.8,0.45565
1339,8510.7,72011,24.99,383.19,154.26,0.42595
1343,8513.8,71942,23.209,290.72,181.17,0.23215
1344,7530.7,72030,19.406,462.59,106.68,0.62521
1345,7415.3,71959,15.36,744.98,202.31,0.57286
1347,7176.7,70353,27.422,429.39,299.01,0.17899
1347,7258.3,72025,16.18,682.55,173.97,0.59378
1348,6721.5,69831,29.108,721.16,450.34,0.23118
1348,7331.2,71979,17.523,751.07,205.1,0.57099
1351,8437.7,70969,36.547,501.75,552.71,-0.048325
1352,6537.7,69829,33.179,751.48,752.65,-0.00078085
1352,7247.3,72716,23.616,963.27,662.92,0.1847
1353,7221.1,72622,33.734,1069.6,939.2,0.064893
1354,7093.3,70750,22.321,688.74,337.11,0.34277
1354,8561.1,69819,23.326,903.77,555.05,0.23904
1355,7239.7,71167,31.444,797.64,601.17,0.14046
1357,6956.4,71524,30.668,797.02,414.98,0.31521
1358,7064.5,71255,29.49,648.01,387.17,0.25197
1358,8642.1,71764,35.529,452.1,445.82,0.0069863
1361,7598.2,71929,34.111,371.43,145.16,0.43801
1363,6963.5,71075,39.44,561.77,427.24,0.13603
1365,7350.4,71203,24.462,1740.3,878.04,0.32932
1365,7723.8,70147,30.214,499.75,306.46,0.23976
1366,7430.2,71292,19.635,1274.9,895.87,0.17459
1366,7706.5,70250,25.818,1048.8,740.36,0.17241
1369,8511.1,71151,32.59,474.53,233.64,0.34016
1370,7017.6,72273,36.623,412.65,246.85,0.25141
1372,7858.1,72314,33.658,335.8,277.17,0.095645
1375,6838.9,71769,36.155,600.19,297.57,0.33709
1375,8149.9,69797,26.749,253.97,166.03,0.20938
1377,9210.3,70691,31.721,472.8,242.96,0.32111
1379,8201.2,71108,28.46,550.04,405.46,0.1513
1380,8368.6,70941,27.722,1005.2,489.8,0.34475
1381,8068,70789,20.742,444.09,241.35,0.29579
1383,8264.2,71262,24.241,645.59,495.32,0.13171
1384,8899.3,71994,44.482,574.96,360.13,0.22974
1386,7841.7,72363,28.046,617.26,390.82,0.22462
1389,7105.5,70767,30.045,535.08,331.83,0.23445
1390,7547.3,70318,31.021,406.43,230.59,0.27604
1393,8040.2,70990,35.822,432.33,483.06,-0.05542
1393,8243.1,69999,32.427,606.38,370.56,0.24139
1394,8277.5,70985,29.507,794.87,693.19,0.068332
1395,8022,69825,36.156,242.28,336.31,-0.1625
1398,6614.4,72512,37.309,343.16,178.08,0.31671
1402,8539.8,71322,34.008,283.19,133.88,0.35799
1403,8114,71223,31.201,465.48,286.73,0.23763
1404,8677,70694,30.032,819.78,463.7,0.27744
1405,8755.2,70486,22.055,941.36,298.24,0.51882
1405,8883.7,72600,29.86,357.05,271.47,0.13616
1406,7364.3,71972,26.354,313.64,146.66,0.36277
1408,7412.1,72236,28.265,358.18,144.54,0.42496
1415,8130.2,70477,27.675,431.27,288.41,0.1985
1417,8252.7,71156,35.552,416.18,187.93,0.37783
1419,8393.2,71380,34.061,432.19,327.7,0.13751
1421,6789,70563,28.692,958.47,552.34,0.26882
1421,6957.9,71856,35.087,231.57,234.41,-0.0061003
1421,9361.8,71520,43.645,713.36,510.94,0.16534
1427,7954.4,72281,34.033,368.16,144.8,0.43544
1433,7610,70326,32.716,506.7,475.21,0.032068
1436,8429.9,72450,33.083,687.93,398.61,0.26628
1440,7606.8,71257,37.615,148.46,135.56,0.045409
1444,8265.5,70383,19.585,585.67,275.64,0.35995
1449,7795.3,70197,27.881,562.12,126.41,0.63282
1451,7682.5,70377,20.994,696.39,434.86,0.23119
1452,7833.9,72018,22.963,344.95,174.28,0.32871
1454,7821.4,72308,32.504,657.51,500.45,0.13564
1454,8052.2,71220,35.138,559.29,437.93,0.1217
1454,8588.7,70060,28.513,446.56,236.82,0.30691
1455,7140.3,70734,34.644,526.13,552.18,-0.02416
1455,7857.9,72446,19.283,587.47,243.19,0.41446
1457,8025.7,72151,28.336,249.05,191.82,0.12981
1459,8057.2,70884,31.41,454.49,119.5,0.58363
1460,9290.9,71518,26.891,471.88,181.83,0.4437
1461,9248.3,69889,19.683,316.57,183.73,0.26551
1463,7157.6,70683,27.517,508.88,157.01,0.52841
1463,8179.7,71527,37.788,495.35,413.98,0.089488
1463,8806.6,69750,34.252,527.83,354.34,0.19666
1463,9179.8,71107,29.193,145.54,116.62,0.11031
1466,9330.2,70420,35.558,637.47,520.65,0.10087
1469,9012.6,72168,28.681,750.02,332.45,0.38576
1475,7490.4,70244,29.144,676.28,277.87,0.41756
1478,8201.2,71995,26.896,458.88,227.92,0.33629
1480,7258.9,70471,19.249,434.52,132.86,0.53166
1481,7977.3,70983,37.036,428.96,353.69,0.096175
1483,6503.2,71383,26.934,369.26,169.31,0.37126
1483,7696.5,70095,34.301,275.01,358.81,-0.13221
1485,7936.5,72474,35.947,1011.1,358.14,0.47686
1486,6740.7,71327,27.205,509.18,376.7,0.14954
1486,7977.6,69888,24.553,232.09,182.21,0.12041
1489,7688.7,71769,34.185,357.61,169.07,0.35797
1490,8927.1,70713,36.857,505.53,421.44,0.090721
1491,6936.1,69728,34.578,630.36,459.24,0.15705
1491,7720.2,70349,25.03,260.52,171.68,0.20556
1493,8130.7,71172,36.791,431.37,206.3,0.35297
1493,8876.5,70732,31.592,731.87,500.32,0.18791
1494,9038.5,70914,33.896,1254.6,580.31,0.36748
1495,8786.6,70970,21.884,1234.2,502.11,0.42164
1496,6963.9,70351,22.195,472.48,150.32,0.51727
1496,8586.2,70597,33.229,451.76,299.32,0.20297
1496,8738.1,70600,26.461,439.98,147.26,0.49848
1501,8663.9,70782,28.303,539.92,819.93,-0.20591
1502,8682,70943,30.141,399.54,392.24,0.0092276
1507,8969.8,72396,30.848,379.91,114.45,0.53698
1508,8013.7,69922,33.505,661.38,380.28,0.26986
1512,9146.7,71597,24.572,653.92,466.93,0.16683
1513,9332.4,71423,23.798,795.02,784.68,0.0065422
1515,8810.4,71760,22.785,629.05,379.42,0.24754
1518,7544.2,71607,35.665,1185.8,628.75,0.30698
1519,8660.5,72681,29.352,1070.8,765.05,0.16656
1520,8352.5,72112,34.884,543.33,176.53,0.50953
1521,7664.8,72437,37.281,680.75,380.54,0.28287
1521,9298.6,70850,26.955,738.37,478.95,0.21311
1522,7590.9,71932,28.105,504.22,343.88,0.18906
1527,9168.9,70136,20.185,682.84,134.76,0.67035
1527,9298.7,71101,29.976,165.28,108.95,0.20543
1528,9369.9,70946,25.309,640.19,809.82,-0.11698
1529,9395.8,69940,30.62,476.35,212.61,0.38281
1530,9396.6,70718,32.325,510.03,272.36,0.30378
1531,7980,70332,32.694,465.82,225.29,0.34803
1533,9221.8,70204,20.559,655.23,194.38,0.54243
1535,7622.3,70140,23.04,932.25,688.6,0.15032
1535,9379.4,71148,28.915,335.96,153.8,0.37195
1536,7820.1,72528,37.762,394.11,123.21,0.52367
1538,8211.7,71329,31.988,302.42,215.26,0.16837
1539,8039.1,71713,49.1,730.28,415.52,0.27471
1539,9072.2,72586,26.053,295.9,161.88,0.29274
1540,8073.4,72034,35.696,703.38,735.62,-0.022405
1540,9168.7,72281,29.757,508.36,409.04,0.10827
1541,7129,70864,32.742,498.53,102.15,0.65988
1542,7502.2,72481,27.169,1250.2,795.26,0.22241
1544,7836.6,70124,27.715,790.79,662.05,0.088612
1545,8009.8,70189,16.978,446.88,172.02,0.4441
1548,7616.1,72369,37.107,531.7,176.6,0.50135
1550,8970.3,71589,33.288,460.24,392.73,0.079154
1554,8494.7,71534,37.307,430.27,276.93,0.21683
1556,8092.1,70381,31.976,524.87,147.34,0.56163
1562,7553.8,71581,28.848,258.21,129.31,0.33264
1562,8838.8,72538,29.454,436.38,361.86,0.093349
1564,8829.8,71793,27.915,491.2,250.68,0.3242
1568,8810.6,69925,37.68,271.22,190.05,0.17595
1570,8242.5,70034,22.594,664.98,578.02,0.069958
1570,9361.9,70419,42.053,910.4,137.44,0.73767
1573,6975.7,69919,24.775,568.61,779.3,-0.1563
1573,8448.9,71134,20.828,1145.8,813.44,0.16964
1573,8537.4,72209,34.023,278.52,126.07,0.3768
1574,8367.8,71128,32.319,460.77,279.66,0.24459
1576,8774.5,72664,34.423,290.74,190.37,0.20864
1577,7942.3,70303,32.302,1198.7,745.66,0.23301
1578,7654.7,72279,28.387,385.68,161.08,0.41079
1578,7978.2,70273,23.862,1143,897.93,0.1201
1578,9196.8,71370,31.175,455.53,121.21,0.57966
1580,8061.1,72262,35.058,448.17,333.41,0.14683
1582,8955,70289,32.85,705.79,449.47,0.22187
1583,9089.9,70054,25.566,867.59,785.93,0.049382
1584,8510.8,71301,23.83,471.34,311.56,0.20409
1584,9157.3,69749,27.384,1014.7,649.31,0.2196
1584,9101.8,69949,37.99,1356.5,762.99,0.28004
1585,7925.2,71141,35.398,368.11,143.36,0.43942
1588,7975.5,71126,28.837,820.59,779.6,0.025615
1589,9125.7,70297,32.866,389.32,201.39,0.31814
1591,9191,70400,38.197,286.81,221.96,0.12747
1592,7979.2,71838,29.059,231.11,173.79,0.14158
1593,7566.8,71039,29.971,638.01,265.34,0.41255
1598,9234.2,72546,29.956,271.72,144.37,0.30607
1600,7781.1,72128,26.225,366.65,296.46,0.10586
1603,7385.7,69924,26.772,363.59,152.72,0.40841
1603,9392.4,72248,27.751,511.27,342.89,0.19713
1608,7691.9,71781,26.83,220.32,185.79,0.085019
1609,9270,71600,32.799,315.84,138.42,0.39056
1610,7389.2,71992,35.22,326.79,148.5,0.37513
1612,6970.1,71531,28.991,496.17,231.24,0.36421
1614,8095.2,69751,26.674,216.76,122.52,0.27777
1614,9200,70913,27.528,911.1,492.26,0.29846
1620,7915.2,69938,35.606,281.32,222.67,0.11637
1620,8811.7,72201,39.485,322.51,192.87,0.25153
1621,7223.1,72475,37.738,308.68,353.17,-0.067216
1627,8366.1,71939,35.883,492.7,387.56,0.11944
1630,7902.3,70178,26.539,458.27,1083.3,-0.40544
1631,9189.7,70764,35.197,781.98,263.75,0.49557
1632,9281.7,70485,28.874,1169,670.21,0.27119
1633,7213.7,69929,30.391,636.44,484.72,0.13532
1634,7473.7,69978,30.526,719.37,448.29,0.23215
1634,8101.8,70203,34.395,249.76,104.66,0.40938
1636,7321.8,72471,32.49,733.18,365.71,0.33439
1637,8731.1,72404,34.503,200.14,192.06,0.020594
1639,7100.3,72126,35.093,439.2,317.3,0.16113
1639,8068,71486,29.721,1246.2,484.83,0.43982
1639,9379.5,72382,25.39,473.61,193.47,0.41996
1640,8027.9,71412,27.46,1036.3,847.22,0.1004
1640,8257,71365,32.189,843.6,577.19,0.18751
1642,7716.3,71667,33.627,722.23,347.84,0.34988
1643,7697.5,71749,24.787,594.49,404.83,0.1898
1644,6930.1,70922,37.477,616.49,474.9,0.12973
1644,7010.1,72096,31.122,432.94,151.99,0.48032
1645,7678.6,71914,28.873,616.11,302.44,0.34148
1645,9356.1,72326,30.051,640,266.5,0.41203
1647,7621.4,71978,39.599,491.48,261.28,0.30581
1647,7621,71982,34.304,645.16,359.28,0.28462
1648,7884.2,69788,30.892,549.29,258.71,0.35963
1650,6428,71665,29.575,454.21,146.5,0.51224
1650,7353.6,71952,27.645,390.51,122.72,0.52178
1658,7239.6,70563,32.235,568.15,528.98,0.035704
1662,7123.6,70137,34.097,231.87,238.47,-0.014043
1665,7238,72161,34.385,498.87,137.69,0.56738
1671,6783.6,70448,35.006,592.08,289.78,0.3428
1671,9095.8,70883,36.742,525.12,343.66,0.20886
1678,8974.9,71962,34.651,227.33,196.65,0.07235
1680,8832.9,71689,30.834,225.49,119.63,0.30672
1681,6522,71618,43.943,719.57,318.55,0.38629
1683,6693.5,71421,34.735,261.83,111.35,0.40322
1683,6837.2,70247,36.367,462.14,115.06,0.6013
1684,7424.9,71432,24.291,367.38,127.96,0.48334
1685,7533,71649,29.502,320.34,166.44,0.31616
1687,7794.6,70370,35.621,661.39,659.81,0.0011979
1688,9284.2,71675,34.297,777.12,338.37,0.39332
1691,9098.8,71454,26.978,1049.4,649.31,0.23553
1692,7053.3,72421,29.316,734.88,471.37,0.21845
1692,8269.8,70942,29.121,493.64,462.7,0.032356
1692,9109,71347,31.122,922.7,500.18,0.29695
1693,9138.1,70576,25.119,472.69,287.86,0.24302
1696,8274.6,72095,26.301,1034.7,560.41,0.29735
1698,8001.5,70313,25.288,836.91,370.3,0.38651
1698,8442.8,71316,27.003,450.87,354.18,0.1201
1700,8318.4,71256,33.7,339.96,263.08,0.12749
1701,8264.4,71202,33.54,416.39,270.56,0.21229
1701,9086.3,70864,28.318,659.49,175.65,0.57935
1702,7873.7,70356,27.166,924.15,732.88,0.11543
1703,7777.5,70378,20.548,1114.2,823.56,0.14998
1703,9177.6,71601,28.364,409.09,125.11,0.53159
1704,7317.5,69936,38.356,424.76,402.59,0.026799
1704,8466.1,71058,30.565,322.66,387.11,-0.090808
1704,8822.2,72327,35.615,707.08,369.27,0.31385
1708,7713.4,71653,28.879,434.73,305.97,0.17383
1709,6923.6,69756,30.28,666,446.28,0.19754
1709,8278.9,71357,29.493,1032.8,634.45,0.23892
1709,8522.2,72263,32.269,420.17,211.05,0.33128
1710,8152,71794,36.15,772.86,735.76,0.024592
1710,8392,71271,29.917,466.33,156.69,0.49701
1711,6553.8,72066,40.928,652.05,243.41,0.45635
1712,8459.1,72023,34.279,361.36,271.08,0.14275
1717,8123.6,70947,32.105,317.17,273.98,0.073072
1721,9072.6,70664,34.129,428.04,349.78,0.10062
1722,6504.5,70476,28.058,620.96,307.73,0.33728
1723,6596.4,70263,27.965,433.53,130.38,0.53757
1724,9125,71723,26.967,495.45,239.4,0.34843
1725,8231.8,71878,34.453,437.06,126.21,0.55186
1726,7792.5,70252,33.605,480.38,211.25,0.38913
1727,6919.4,72116,34.663,629.35,431.49,0.18652
1727,7904.2,71360,34.404,210.55,241.92,-0.069341
1728,7941,70131,35.409,282.11,156.91,0.28517
1729,7098.6,72170,27.475,877.83,206.32,0.6194
1731,6927.1,72137,28.186,1232.7,699.97,0.27563
1736,6954,70423,42.516,912.7,623.42,0.18832
1739,8898.2,69874,27.546,792.21,635.77,0.10955
1741,7301.4,70986,23.817,810.38,490.51,0.24589
1743,8028.7,72636,29.009,412.95,133.2,0.51223
1745,8192.3,70501,35.835,376.7,284.44,0.13954
1745,8255,72687,34.723,419.02,329.04,0.12029
1746,8115,72612,31.899,305.78,196.6,0.21732
1747,7949.1,70794,18.466,881.7,698.21,0.11614
1749,6709.8,70341,30.012,637.71,398.64,0.23069
1750,8236.7,72099,36.978,320.49,136.1,0.40382
1752,6667.4,71655,25.27,1326,409.42,0.52815
1753,8564.9,70867,24.531,627.67,441.4,0.17423
1755,8456.3,70847,31.781,376.91,136.19,0.46914
1756,8243.4,72572,29.91,362.22,293.9,0.10413
1757,8703.8,70170,34.486,440.96,324.72,0.15181
1761,7722.1,69832,30.081,531.11,210.93,0.43148
1764,9404.5,72373,28.083,601.62,254.07,0.40617
1765,8717.7,70294,24.383,820.15,463.81,0.27754
1767,7910.9,72186,28.862,435.01,320.34,0.15181
1768,7309,71789,37.945,472.35,289.65,0.23976
1768,8138.7,72129,27.91,314.41,221.4,0.17359
1769,8339.7,72027,33.541,553.93,251.03,0.3763
1774,8764.9,71284,37.775,666.21,460.64,0.18243
1775,9224.9,70115,23.758,387.77,154.03,0.43141
1775,9224.5,71601,28.017,540.91,292.15,0.29861
1777,8304.5,72308,19.723,1013.6,532.4,0.31127
1778,8083.4,72220,25.232,1002.8,607.43,0.24553
1786,6723.4,72568,35.234,189.53,205,-0.039216
1788,7398.1,71368,28.93,828.37,233.17,0.56069
1788,8675.9,72625,20.564,657.75,363.05,0.2887
1789,6455.6,70062,32.539,409.44,407.22,0.0027214
1790,8362.3,71954,34.652,508.06,461.01,0.048546
1791,6758.1,70669,34.438,508.2,514.11,-0.0057847
1793,8336.3,71188,28.087,777.4,591,0.13622
1794,6906.8,71088,32.07,271.34,255.24,0.030589
1803,7126.5,71454,34.958,448.7,114.43,0.59359
1804,7560.9,71371,24.082,734.4,305.14,0.41292
1807,8418.3,72387,31.211,500.63,199.07,0.43098
1807,9020.3,70402,32.29,665.8,540.3,0.10406
1808,7424.5,70183,24.229,1007.5,658.66,0.20938
1808,9035,69860,30.795,247.06,112.09,0.3758
1809,7659.2,69812,30.612,493.63,297.14,0.24849
1812,9048.1,70309,34.352,458.75,209.28,0.37345
1818,8595.4,71475,29.919,300.66,314.67,-0.022768
1819,8548.3,71448,35.556,442.76,314.2,0.16984
1821,7465.6,71800,39.515,354.33,294.9,0.091536
1821,8492.7,71426,25.342,394.81,535.85,-0.15155
1822,8447.9,71398,21.595,330.52,307.68,0.035787
1825,8405.7,72087,33.986,273.88,154.96,0.27729
1827,9311.7,71630,35.76,855.22,627.75,0.15339
1827,9370.3,71850,31.09,839.39,541.28,0.21592
1828,7567.8,70309,16.994,668.34,433.66,0.21295
1828,8840.4,71114,35.928,651.65,342.86,0.3105
1830,7580.3,70024,31.085,623.46,482.53,0.12743
1831,7628.9,70149,32.951,299.42,268.32,0.054774
1832,7439.6,70211,34.503,241.51,136.1,0.27915
1836,7110.7,70823,30.697,660.33,488.1,0.14997
1838,8215.6,71393,33.215,307.15,122,0.43144
1841,6869.7,71107,33.047,420.06,405.68,0.017409
1842,7674.7,71970,26.552,474.07,306.74,0.2143
1844,7358.5,71961,26.755,867.14,469.56,0.29744
1845,7054.8,72246,23.876,772.04,374.77,0.34641
1851,7366.3,71268,29.912,386.59,330.7,0.07791
1852,7745.2,71149,30.217,609.02,521.32,0.077582
1854,6790.8,71100,34.863,602.64,324.27,0.30032
1857,6618.2,70796,25.419,542.67,208.39,0.44508
1862,8499.5,72212,29.958,629.81,521.44,0.094126
1866,7259.4,71370,33.813,375.84,442.33,-0.081264
1866,8725.6,69857,27.345,590.99,310.88,0.31059
1867,8072.6,71123,21.632,955.53,512.2,0.30205
1867,9040.7,70729,29.005,338.3,259.86,0.13113
1868,8129.3,71177,17.883,428.36,389.59,0.0474
1869,7725.8,69810,35.221,613.5,358.6,0.26222
1869,8105.1,71155,25.01,854.22,906.29,-0.029577
1869,8506.3,70587,36.237,223.37,169.27,0.13778
1870,7810.3,69903,24.021,486.77,297.74,0.24095
1870,8162.3,71187,21.921,499.04,414.42,0.092639
1871,8086.9,71219,19.845,284.91,214.2,0.14167
1871,8914.8,72184,36.472,364.95,231.78,0.22317
1871,9218.1,69793,17.483,691.45,853.63,-0.10496
1872,6461.7,72167,38.979,300.48,108.84,0.4682
1873,7550.3,69939,34.004,447.44,242.64,0.29677
1873,9374.1,70218,35.23,353.12,172.97,0.34244
1876,9099.1,71080,25.626,764.78,549.96,0.16339
1878,6928.3,69906,22.125,1188.9,1009.1,0.081775
1880,8909.1,71224,27.553,914.08,346.51,0.45025
1880,8929.6,72612,23.352,877.51,645.13,0.15262
1881,8538.2,71352,34.604,533.71,171.74,0.5131
1882,7494.9,72626,25.096,322.1,174.12,0.29822
1884,8839.8,70599,36.261,103.9,289.98,-0.47244
1886,8242.8,70569,34.151,217.98,100.03,0.3709
1887,8399.3,70423,35.447,302.57,213.11,0.17346
1888,7736.2,70119,29.746,341.22,261.35,0.13256
1888,8582.5,71267,38.67,242.45,186.79,0.12967
1890,9305.5,70891,25.533,517.93,407.55,0.11927
1892,7309.1,71529,30,478.29,417.57,0.06778
1893,8323.2,69914,24.653,494.32,284.84,0.26885
1893,9056.8,71639,31.26,454.98,370.71,0.10206
1896,7181,71672,34.449,545.91,175.48,0.51349
1897,7370.6,71777,25.315,684.81,568.72,0.09261
1897,9199.3,72229,23.954,705.87,390.27,0.28791
1898,8357.5,71465,38.689,286.43,382.73,-0.14391
1898,9319.9,71759,24.006,895.66,688.47,0.13079
1899,9315.5,71011,31.676,355.25,136.8,0.44396
1900,8558.6,71215,29.953,476.67,396.25,0.092132
1900,9194.9,72504,33.189,304.92,106.29,0.48304
1901,8792.2,72045,34.369,315.7,152.09,0.34975
1904,7092.5,71034,25.542,582.65,341.18,0.26137
1904,7955.7,70232,33.074,636.56,424.21,0.20019
1906,7669.1,71923,32.217,432.55,244.99,0.27683
1907,7936.1,70000,38.83,311.09,162.84,0.31281
1908,6645.3,71092,29.643,466.85,474.62,-0.0082558
1909,6718.3,71287,27.465,315.9,115.56,0.46433
1917,7634.8,70785,34.672,404.61,168.11,0.41293
1919,6658.3,70102,33.935,455.87,322.62,0.17116
1920,8977,71042,22.957,728.79,376.82,0.31835
1921,8981.8,71121,33.38,988.34,289.96,0.54633
1922,7614.6,70122,25.458,627.9,192.71,0.53033
1922,8867.3,71939,31.8,752.1,194.5,0.58906
1923,6889.8,71065,36.911,927.55,499.42,0.30003
1923,7344.9,69842,36.208,279.32,171.72,0.23854
1923,9181.2,71620,23.992,744.01,296,0.43077
1926,6497.8,72656,28.399,394.85,342.22,0.071409
1926,7772.1,70393,29.411,247.66,127.77,0.31932
1928,7593,70144,26.177,321.42,234.58,0.15617
1929,6957.7,71748,35.195,281.03,136.08,0.34751
1930,8055.7,69850,28.644,629.21,1093.2,-0.2694
1931,6491.1,72474,31.259,356.76,336.27,0.029553
1931,9294.6,71479,27.759,490.95,275.06,0.28184
1932,6779.4,72518,32.359,524.59,387.59,0.15019
1932,8428.1,70490,31.147,443.32,268.43,0.24572
1937,7496,69739,36.146,460.19,432.81,0.030659
1937,9223.3,70510,34.053,264.84,162.36,0.2399
1940,8044.2,70235,21.081,388.03,183.01,0.35902
1946,9324.1,70810,27.576,412.82,187.31,0.37576
1947,7191.4,72675,29.406,500.42,245,0.34265
1949,7733,71885,33.883,260.21,125.25,0.35014
1950,7921.2,72002,33.162,399.78,327.32,0.099667
1952,7834,70263,32.375,323.11,311.76,0.017864
1954,8519.8,70347,29.537,190.92,104.07,0.29442
1955,6575.1,71961,37.934,354.92,152.63,0.39855
1958,7492.9,71599,33.366,277.41,126.51,0.37358
1959,6844.4,72176,35.425,318.88,144.23,0.37712
1959,7504,71499,31.909,247.65,328.28,-0.14
1960,7403,71447,22.502,645.88,393.71,0.24257
1960,8769.8,70704,33.527,251.55,133.74,0.30577
1961,7384.9,71361,18.3,500.94,331.49,0.20355
1962,7383.5,71416,32.229,437.8,523.17,-0.088834
1963,7312.9,71278,19.143,581.47,298.03,0.32227
1963,8949,70605,27.659,502.29,311.17,0.23494
1964,7273.9,71430,24.15,921.62,482.38,0.31285
1965,7242.9,71511,24.498,788.82,459.32,0.26399
1966,7161.5,71502,16.545,956.43,746.04,0.12358
1966,9356.1,71602,26.187,396.05,278.82,0.17371
1967,8174.3,70854,30.512,784.24,574.74,0.15416
1968,8271.7,70835,30.645,991.96,900.05,0.048575
1969,7833.2,72483,31.23,296.45,146.64,0.33809
1970,7678.7,70101,24.278,1092.4,678.32,0.23387
1970,8094.3,72695,23.897,919.82,607.2,0.20472
1971,7857.8,70200,20.106,664.23,687.96,-0.017546
1971,8436.7,72649,22.481,928.59,565.42,0.24309
1971,8872,70230,32.051,340.45,245.12,0.16281
1972,8022.5,70208,31.113,492.92,330.78,0.19685
1972,8471.7,72554,26.678,786.31,590.5,0.14222
1973,7955.2,72726,37.396,549.11,244.89,0.38315
1973,8360.4,70435,33.688,311.26,195.21,0.22913
1974,8848.5,70223,27.19,1064,387.28,0.46629
1975,6875.4,70422,34.809,295.98,231.3,0.12267
1975,8531,71240,33.571,443.97,183.7,0.41466
1976,7418,71456,32.305,466.82,324.77,0.17945
1976,8984.4,70227,27.08,1099,608.41,0.28733
1976,9081.9,72514,18.822,503.69,502.41,0.0012763
1977,9036.3,72551,29.66,161.32,212.55,-0.13703
1979,7425.8,72706,33.896,703.48,524.49,0.14576
1988,8383.4,69773,28.414,427.31,156.35,0.46424
1993,8747.1,71093,26.375,543.27,243.63,0.38078
1994,7750.7,72615,33.951,557.61,315.99,0.27657
1995,7265.2,71557,30.456,358.07,228.91,0.22004
1995,7800.3,72244,33.351,611.81,283.53,0.36665
1995,8475.3,71618,34.958,261.02,223.24,0.078015
1996,9027.1,70131,31.583,821.09,444.95,0.2971
1997,9018.6,70676,26.777,413.87,127.88,0.52791
1998,8892.6,70367,26.505,1053,808.32,0.13147
2001,6590.4,70102,34.155,254.97,242.18,0.025722
2002,8411,70029,32.379,383.55,192.64,0.33132
2006,7892,71660,27.704,411.13,215.32,0.31257
2006,8358,70555,30.58,588.47,274.3,0.36415
2008,7873,71191,26.247,1213,879.34,0.15945
2009,7965.9,71052,34.392,326.12,255.47,0.12149
2010,7982.5,71038,22.58,298.77,235.96,0.11745
2011,7948,70950,31.345,389.28,304.52,0.12218
2012,8010,71121,23.089,524.46,426.1,0.10347
2012,8386.5,71556,33.433,379,225.76,0.25339
2013,7996.6,71086,36.231,773.23,935.45,-0.094938
2014,8492.5,71162,37.398,334.23,181.36,0.2965
2015,8315.9,69831,28.654,573.04,268.98,0.36111
2016,8966.4,72687,26.532,421.74,271.13,0.21737
2020,8990.9,70540,36.004,509.6,458.87,0.052379
2021,8964,72651,27.458,442.04,303.38,0.18602
2022,7827,71862,35.184,358.48,255.06,0.16856
2025,6774.8,71356,33.434,441.16,311.56,0.17218
2026,6636.8,71160,23.037,725.26,371.09,0.32305
2029,8948.6,71449,30.57,570.47,310.06,0.29575
2033,8537.9,70854,35.847,685.14,314.87,0.37027
2034,9288.7,71886,39.259,730.26,551.22,0.13971
2034,9319.3,71927,29.49,782.96,658.49,0.086353
2039,6906.7,71383,37.722,466.29,236.32,0.32729
2039,9189,70754,24.744,666.24,541.31,0.10346
2040,6969,71426,28.436,812.56,510.07,0.22871
2041,7176.6,71773,29.851,633.16,275.09,0.39424
2041,9354.7,70924,34.955,535.18,384.1,0.16435
2042,8212.4,71086,28.89,589.39,285.94,0.34666
2042,8696.7,72434,31.729,514.67,234.39,0.37418
2044,7434.8,70403,32.271,534.41,354.42,0.2025
2046,8313,70779,33.541,420.37,288.43,0.18614
2050,8445.9,72514,31.032,549.24,438.94,0.11162
2051,8680.7,72577,28.75,757.16,339.93,0.38031
2052,8257.2,70181,25.533,333.46,158.61,0.35534
2053,7349.9,72474,23.347,1034.8,688.72,0.20081
2054,7316.7,72426,27.419,1341.2,591.86,0.38765
2054,7799.7,69801,24.83,822.45,632.17,0.13081
2054,8735.7,71753,33.138,568.19,328.46,0.26737
2056,6848.2,72287,37.006,803.96,571.57,0.16895
2056,8332,72179,27.751,602.84,419.46,0.17938
2056,8618.1,70984,30.967,619.99,484.61,0.12256
2057,8334.5,72313,29.554,449.39,270.89,0.24782
2057,8892.1,71861,36.942,608.01,353.74,0.26438
2058,7919.5,72233,36.974,295.65,171.23,0.2665
2060,7278.2,72314,24.96,413.45,164.96,0.4296
2060,8571.1,72448,38.907,216.19,153.21,0.17049
2061,9045.7,70315,34.563,339.41,168,0.33781
2061,8964.3,71934,25.574,525.44,307.86,0.2611
2063,7540.6,69908,25.244,281.27,442.38,-0.22263
2063,7677.3,72166,24.073,817.92,232.11,0.55791
2070,8551.7,70661,33.036,650.28,320.31,0.33997
2071,6960.7,70377,30.727,650.04,522.64,0.10863
2071,8785.7,70759,32.082,310.71,201.39,0.21347
2072,6998.4,70498,33.373,278.18,163.24,0.26039
2073,8156.6,70737,33.887,382.15,107.01,0.56246
2076,7734.5,71188,31.06,463.65,374.44,0.10645
2076,8183.9,70938,29.587,518.24,171.39,0.50295
2077,6859,70241,31.096,497.92,133.61,0.57687
2078,8502.3,70900,29.361,982.41,707.68,0.16255
2085,8745.1,70222,21.302,617.62,263.24,0.40231
2086,8391,70726,30.899,485.07,287.79,0.25526
2089,7289.8,71160,30.664,256.31,139.66,0.29461
2089,8835.3,69773,28.68,294.89,285.1,0.01688
2090,7761.9,70213,25.04,640.71,264.77,0.41519
2091,6711.4,72161,31.1,427.5,321.95,0.14084
2091,7995.4,72445,37.328,775.67,710.45,0.043887
2092,7943.2,72293,38.725,771.74,699.3,0.049238
2097,8016,70834,26.108,546.57,433.19,0.11572
2097,8904.6,71426,31.902,532.45,239.9,0.37878
2098,8744.4,71131,30.63,357.86,314.9,0.063847
2099,6887,71777,34.245,202.74,161.23,0.11405
2100,7563.1,70315,26.852,181.67,155.6,0.077311
2101,8275.5,72594,37.688,337.63,166.43,0.33964
2101,8509.3,70229,30.996,348.32,511.32,-0.18961
2107,8891.9,69773,35.535,378.91,113.4,0.53932
2108,6481,70714,37.668,303.61,264.04,0.069715
2109,6597,70688,19.586,1062,487.15,0.37106
2112,8699.7,72588,30.305,411.35,116.22,0.55941
2112,9181,70533,30.493,721.2,310.51,0.39806
2113,8060.1,71087,36.676,700.7,407.81,0.26422
2113,9081.5,70330,24.883,465.78,156.57,0.49683
2116,7588.8,72379,34.406,241.35,204.83,0.081858
2117,7422.5,72405,27.57,484.72,337.69,0.17878
2118,7412.8,72498,23.893,1189.4,715.73,0.24864
2120,6791.8,70944,28.987,905.29,431.1,0.35483
2120,8079.1,71167,19.463,1547,656.61,0.40407
2121,6975.7,71055,34.92,840.29,446.96,0.30556
2121,7093.3,70599,31.614,959.36,558.23,0.26432
2122,7968.2,72211,31.391,609.97,232.78,0.44757
2122,9001.6,71770,29.809,387.85,184.21,0.35597
2123,6543.5,70331,32.737,401.68,209.91,0.31355
2125,9202,71163,34.513,357.57,140.55,0.43566
2126,6704.9,70552,29.083,802.44,679.84,0.082713
2126,7981,71030,25.38,473.81,383.3,0.1056
2127,8630.7,71713,28.519,724.82,234.37,0.51132
2128,6440.1,69897,35.924,487.58,268.85,0.28915
2128,6794.3,71338,26.298,866.78,333.18,0.44468
2132,7772.6,70170,36.509,1092.6,709.66,0.21249
2136,7770,69860,23.279,737.41,324.04,0.38944
2140,6477.9,72438,33.123,290.7,120.64,0.41345
2142,9245.6,71419,32.172,366.5,184.72,0.32978
2143,8677.7,71676,36.779,461.68,349.63,0.13811
2144,6749.1,70365,23.751,700.42,433.72,0.23515
2144,8746.6,71655,30.939,296.99,126.82,0.40153
2147,7468.8,72176,32.661,587.64,603.69,-0.013475
2148,8335.1,71492,34.183,366.67,199.82,0.29454
2149,8353,71370,26.469,616.93,431.23,0.17716
2149,8824.4,72045,17.743,645.91,290.72,0.37922
2149,9094.3,71086,35.839,533.92,349.71,0.20847
2150,8209,71407,31.088,529.33,399.85,0.13936
2150,8910.2,71998,24.926,675.02,268.5,0.43086
2151,8327.6,70118,27.864,304.53,169.02,0.28616
2151,8357.5,71432,33.255,275.25,318.94,-0.073543
2151,8876.8,71921,32.457,280,147.2,0.31087
2152,8253.6,70333,21.824,389.92,142.98,0.46339
2153,7456.3,72657,32.355,449.37,208.06,0.36705
2153,8208,71157,33.072,1093,973.65,0.057749
2153,8386.3,70374,31.513,542.08,320.5,0.25688
2154,8034.7,70895,33.528,590.09,495.78,0.086846
2154,8297.6,72260,36.662,242.54,288.41,-0.086383
2154,8485.7,71009,41.458,550.45,454.64,0.095322
2155,6845.5,69789,30.593,395.03,406.74,-0.014597
2155,8381.7,72093,27.701,389.31,583.01,-0.19921
2156,8247.7,72183,16.29,494.64,230.64,0.364
2157,7949.3,72200,25.924,646.68,469.84,0.15839
2157,8252.9,70462,22.884,606.41,381.42,0.22776
2157,8246.4,72231,34.142,407.14,260.87,0.21896
2162,6880.8,71271,26.281,382.9,287.59,0.14216
2162,9248.1,72373,23.697,1007.2,637.48,0.22477
2164,9368.4,71418,26.799,477.21,115.91,0.60916
2165,6666.4,70003,38.127,241.95,219.1,0.049565
2165,8960,70880,34.35,420.18,312.73,0.14662
2166,7994.6,70145,25.588,755.04,228.11,0.53596
2167,7887.9,70081,24.746,420.58,141.71,0.49596
2169,7228,72607,33.457,430.6,290.25,0.1947
2170,7119.7,70043,37.742,319.26,282.12,0.061767
2171,6941.2,70060,31.712,271.32,233.13,0.075712
2173,8705.2,71533,40.728,598.24,264.24,0.38725
2179,7730.9,70082,30.402,482.07,182.26,0.4513
2179,9305.7,70076,32.608,523.74,412.41,0.11892
2180,7971.1,70100,28.214,282.48,162.53,0.26955
2181,9246.8,72371,34.196,335.34,193.24,0.26883
2183,8043.4,71090,34.618,487.15,264.4,0.29638
2184,6723.2,70704,36.198,374.51,320.81,0.077234
2185,7450.3,70764,30.11,294.31,313.34,-0.031322
2189,6619.4,72167,33.157,178.59,117.19,0.20759
2189,8580.5,72343,30.368,585.68,405.02,0.18236
2194,8171.7,71186,35.095,382.21,283.55,0.14818
2196,7503.5,70267,29.67,723.4,307.64,0.40325
2197,7998.2,70451,22.171,778.08,427.57,0.29072
2198,8772.4,69892,29.952,675.75,664.39,0.0084782
2199,9149,71772,30.518,567.26,301.73,0.30556
2200,8971.3,71781,24.906,753.96,468.82,0.23319
2200,9233.2,72627,36.71,255.42,100.78,0.43414
2201,9010.5,71830,38.759,744.25,340.17,0.37263
2202,7039,71328,24.948,526.76,312.16,0.2558
2202,8377.1,71182,34.405,458.07,567.05,-0.10631
2202,9062.2,72448,29.875,563.61,306.29,0.2958
2207,7880.8,71158,32.19,269.14,205.26,0.13465
2207,7793.4,71682,29.408,407.75,416.21,-0.010261
2207,8008.9,72450,35.497,479.89,267.78,0.28369
2210,7832.4,72704,33.16,526.14,190,0.46937
2214,8814.3,70338,28.917,926.13,742.97,0.10974
2215,9284.9,71564,27.122,241.2,171.71,0.16829
2216,8722.9,69845,27.655,541.65,155.65,0.55356
2218,9195.2,72455,34.757,561.14,276.72,0.33946
2221,6538.2,70643,36.317,519.23,314,0.2463
2223,9190.6,71637,31.218,617.85,280.89,0.37492
2224,7390.2,69961,36.671,308.13,164.06,0.3051
2226,7919.1,70179,27.152,1218.6,1047.2,0.07562
2226,8544,71246,31.218,597.05,328.17,0.29061
2227,6917.8,72152,29.123,415.43,116.56,0.56179
2227,8220.7,72650,30.028,550.26,601.78,-0.044725
2229,7635.5,71838,32,227.45,201.38,0.060794
2230,7321.7,71852,24.836,644.63,465.99,0.16085
2231,7294.7,71965,35.841,653.98,576.25,0.063188
2233,8233.4,71056,30.898,274.38,188.93,0.18444
2234,8270,71171,25.435,807.37,609.06,0.14001
2235,6586.8,72167,34.915,424.35,244.87,0.26819
2238,8172.5,71181,36.986,424.06,393.84,0.036947
2239,8309.4,71195,34.523,310.5,164.33,0.30784
2242,9340.4,72667,29.046,429.1,244.45,0.27414
2248,7802.3,72169,34.577,201.48,116.26,0.26821
2248,8322.6,71549,34.126,511.46,443.31,0.071374
2249,9075.7,71070,34.082,618.22,492.99,0.11269
2252,9184.9,70975,25.729,976.07,620.94,0.22237
2253,7928.3,72208,23.598,534.83,212.06,0.43215
2254,9100.7,70552,32.987,919.66,579.3,0.22706
2255,8947.1,70175,31.186,895.05,571.08,0.22097
2257,9290.8,72687,33.006,864.15,561.54,0.21225
2258,9021.5,72657,38.109,662.42,335.11,0.32812
2259,7356.5,71678,35.882,309.33,238.42,0.12947
2274,7709.7,70653,32.63,519.9,279.37,0.30093
2274,8910.5,72309,34.294,236.03,147.2,0.23178
2275,8815.9,72214,35.688,249.23,167.93,0.19487
2276,7512.6,71875,33.658,452.18,212.1,0.36142
2276,8879.2,71096,28.775,376.57,160.15,0.40323
2277,9091.8,70985,28.471,639.75,401.97,0.22826
2278,7776,69863,31.882,756.52,603.87,0.11221
2278,9184.1,70009,26.982,338.65,248.72,0.1531
2278,9137.8,70711,22.164,1227.7,581.75,0.357
2279,9156.2,70623,21.558,1107.3,819.27,0.1495
2280,9173.4,70313,20.924,782.99,334.96,0.40076
2281,9306.2,70360,43.649,758.31,457.61,0.24731
2283,6852.6,72599,35.79,654.33,158.98,0.60904
2287,9106.4,71159,29.692,221.02,101.52,0.37047
2289,6615,70447,25.765,1153.9,605.82,0.31145
2295,7566.9,72506,30.289,475.01,260.01,0.29251
2297,7760.5,71985,31.656,748.88,528.83,0.17222
2297,8680,72641,28.248,411.1,183.59,0.38256
2301,6471.3,70535,35.094,365.19,114.83,0.52156
2301,9370.9,71571,31.571,520.86,481.05,0.03973
2302,6852.8,70725,37.605,320.32,230.94,0.16213
2303,7260.7,70634,36.802,561.22,260.39,0.36615
2304,8535.4,70079,34.16,287.14,209.81,0.1556
2306,8191.9,72585,21.274,760.25,336.25,0.38669
2308,6984.3,70777,32.434,472.05,163.92,0.4845
2308,8324.4,71423,33.88,600.03,367.64,0.24016
2309,8146,72240,27.544,544.13,344.48,0.22468
2309,8997.9,71540,26.543,653.21,291.6,0.38274
2310,9306.6,71566,36.587,495.32,410.88,0.09319
2311,6896.9,71017,23.723,961.21,542.02,0.27886
2313,8233.2,71121,30.724,486.24,483.91,0.0024036
2314,7905.3,71764,33.428,436.37,395.94,0.048569
2314,9340.6,70111,34.225,416.25,232.57,0.28311
2315,8018.8,71513,37.581,828.37,557.09,0.1958
2316,9290.2,71873,32.618,291.87,113.36,0.44052
2323,7670.2,70297,27.054,263.21,239,0.048195
2325,9359.2,70420,36.216,239.37,251.32,-0.024358
2326,8344.1,71470,33.824,210.09,172.42,0.098484
2327,7712,70324,29.781,537.05,463.92,0.073058
2327,8300,71302,27.285,464.48,553.14,-0.087123
2327,8446.6,70427,16.934,989.61,568.83,0.27
2329,7402.1,72147,32.18,438.42,244.99,0.28303
2331,8567.2,70565,33.509,345.09,399.44,-0.072995
2332,9058.2,70101,22.588,468.31,270.98,0.26692
2333,6816.1,70094,28.836,649.62,560.12,0.073985
2334,6725.3,70105,35.284,741.99,937.53,-0.11643
2334,7847.9,71116,28.651,752.44,572.49,0.13582
2335,8219.8,69746,32.929,382.63,214.14,0.28234
2337,9357.8,70084,26.875,198.26,138.07,0.17896
2341,9419.6,71028,33.343,679.96,488.51,0.16385
2343,7758.7,70067,24.256,1212.5,643.76,0.30641
2344,8432.1,72392,27.529,362.47,201.04,0.28647
2344,8580.4,71499,24.108,702.55,570.53,0.1037
2345,8565.9,71617,34.368,497.93,385.14,0.12773
2345,9152.6,71749,25.5,781.9,412.05,0.30976
2347,6649.7,71847,29.942,631.9,340.53,0.29963
2347,7393.5,70564,32.738,1167.7,506.11,0.39525
2348,6620.6,72125,23.601,794.51,368.81,0.36593
2349,6612.1,70869,25.36,1036.4,737.99,0.16818
2350,6575.5,70645,29.103,1224.3,567.28,0.36675
2350,9230.7,71143,38.183,476.26,102.19,0.64668
2351,8611.6,70155,36.794,533.3,315.84,0.25609
2351,9160.8,72195,33.573,273.62,158.51,0.26639
2352,8562.8,70428,35.055,448.6,283.15,0.2261
2352,9090.5,69784,23.786,457.3,388.71,0.081079
2353,6862,72174,38.407,941.26,448.48,0.35458
2353,8448.6,70492,30.922,449.24,412.34,0.042822
2353,9075.3,71119,28.867,488.82,335.74,0.18566
2354,7138.9,72563,23.96,612.34,244.81,0.42878
2354,7418.6,70918,30.298,678.37,509.99,0.14169
2357,6582.5,72587,25.116,427.37,145.75,0.49139
2358,8240.9,71327,30.064,407.12,107.96,0.5808
2359,7010.3,72555,36.086,355.48,413.89,-0.075931
2359,8554.2,71760,18.443,768.88,558.03,0.1589
2361,7910.9,70505,25.679,263.2,107.52,0.41994
2364,6881.7,72232,29.933,165.78,184.02,-0.052147
2367,7349.5,70727,31.343,234.47,160.69,0.18669
2367,9236.1,72679,25.707,1076.9,544.97,0.32796
2368,7444.2,70891,30.891,321.12,179.32,0.28335
2370,7360.4,72433,31.02,352.14,274,0.12481
2371,7963.7,69882,26.296,251.72,159.41,0.22451
2371,9275,71496,28.69,606,283.49,0.36258
2372,8081.3,70134,35.159,706.76,355.89,0.33018
2373,8463.1,70482,33.919,764.73,541.04,0.17131
2376,7719.4,70149,25.554,502.81,420.82,0.088768
2377,8290.6,72303,18.014,534.03,497.99,0.03492
2378,8292.5,72324,15.993,518.77,453.68,0.066936
2379,8240,72280,27.078,821.08,574.56,0.17664
2383,8515,72722,22.003,685.39,214.78,0.52279
2387,9388.3,70376,25.161,382.22,255.19,0.1993
2388,6456.4,72699,24.056,886.67,363.53,0.41845
2388,8663,70437,27.301,1012.7,651.5,0.21702
2388,8850.5,70413,39.655,752.47,311.74,0.41414
2389,8154.5,70930,9.0418,1312.4,472.13,0.47086
2390,8278.2,70832,6.769,1683.9,324.66,0.67673
2391,8269.9,70579,6.8803,1799.8,392.52,0.64191
2392,8242.9,72348,27.116,190.68,107.64,0.27836
2392,8287.7,70468,7.3138,1409.9,250.2,0.69857
2393,8655.3,72097,44.499,776,562,0.15993
2395,8242.3,71217,32.633,304.05,109.09,0.4719
2396,8101.6,72104,33.005,518.65,304.44,0.26025
2399,7944.2,71851,29.652,754.95,431.05,0.27311
2400,7923.6,72121,27.716,628.01,398.59,0.22348
2400,8615.4,70562,34.318,232.86,137.4,0.2578
2401,7664.7,69752,30.21,359.08,189.5,0.30912
2404,7241.1,71748,30.084,425.46,155.91,0.46366
2406,6514.5,70394,31.906,307.1,205.76,0.19759
2406,8248.3,71303,32.462,577.79,588.9,-0.0095208
2407,6422.2,69911,27.064,521.66,291.71,0.28272
2408,8217.5,71017,35.928,360.32,160.73,0.38307
2410,9114.6,70057,22.923,360.52,165.04,0.37196
2413,9235.9,72129,23.621,663.63,451.92,0.18978
2414,8112.9,70391,34.567,536.92,329.54,0.23934
2414,9131.5,71776,32.273,941.02,545.37,0.26618
2415,8200.6,70237,26.766,330.16,111.48,0.49516
2416,8682.5,70454,34.532,642.74,504.95,0.12005
2416,9274.5,72004,31.223,367.84,205.58,0.28298
2418,7863.9,72213,31.179,328.47,233.47,0.16905
2419,6716.1,70837,31.86,572.73,259.69,0.37607
2419,6981.5,69892,35.006,380.24,227.57,0.25118
2419,8097.6,72317,29.3,686.71,299.12,0.39316
2420,8231.5,72547,38.692,501.62,267.91,0.3037
2422,6899.9,70781,24.994,934.2,434.58,0.36501
2422,8701.5,70826,34.121,527.39,481.01,0.046001
2425,8619.4,72630,40.73,478.07,220.31,0.36908
2432,8351.1,72315,23.108,578.54,378.36,0.20919
2433,7113.1,72700,39.211,698.88,257.63,0.46132
2433,8547.6,72377,29.267,798.44,511.05,0.21947
2433,9400.2,70112,27.806,417.08,280.36,0.19604
2434,8591.9,71972,38.724,304.37,206.35,0.19192
2435,7669.6,70198,21.768,655.53,360.89,0.28988
2436,7865.4,70287,22.689,335.89,445.36,-0.14011
2437,7100.6,70935,32.108,509.04,214.3,0.40746
2437,7852,70218,16.731,1012.3,1007.1,0.0025787
2440,8060.6,71669,27.255,835.29,647.62,0.12656
2442,7751,72145,30.331,818.98,642.34,0.12088
2442,7943.1,70216,18.023,716.29,892.38,-0.10946
2443,7868.1,72159,31.448,996.67,683.38,0.18648
2443,8432.3,72628,31.185,757.59,260.79,0.48783
2444,6510.6,70745,30.174,178.78,137.84,0.12931
2444,8775.3,70335,37.328,248.3,185.71,0.14423
2450,8203.1,69872,33.742,259.6,126.67,0.34412
2451,8134.7,70032,31.901,219.78,149.76,0.18948
2460,7642,69897,28.181,204.19,200.01,0.010329
2461,7560.8,71235,37.334,323.69,115.56,0.47384
2463,6504.8,69923,30.183,464.29,350.82,0.1392
2465,8745,72001,34.908,615.34,389.05,0.2253
2466,8789.6,71840,22.312,1164.4,702.07,0.24771
2467,8879.7,71824,15.639,842.79,592.28,0.17457
2468,9067.5,71714,25.097,625.68,444.43,0.16937
2469,7038.3,70023,24.592,731.26,609.02,0.091199
2469,8916.5,71901,22.326,625.91,338.7,0.29775
2471,9048.9,70477,28.689,788.17,485.01,0.23811
2472,7005.5,71360,31.352,304.33,131.81,0.39557
2474,6784.9,70237,35.162,191.92,234.04,-0.098868
2474,7500.8,69936,18.496,639.54,494.61,0.12779
2474,8864.6,70485,33.614,460.31,241.47,0.31183
2474,9252,71479,41.224,418.34,322.57,0.12926
2475,7457,70030,26.048,729.84,541.41,0.14822
2476,7565.3,69881,22.208,887.85,494.74,0.28433
2477,7466.9,69845,17.942,1198,655.4,0.29274
2478,7317.5,71806,27.327,430.1,153.34,0.47436
2478,7597.5,70208,21.636,465.32,227.28,0.3437
2479,6678.2,70173,29.451,543.19,261.23,0.35051
2480,9079.6,70765,30.439,511.61,409.5,0.11086
2485,8702,71082,33.245,303.74,499.96,-0.24414
2487,7302.9,69731,26.467,396.24,270.16,0.18919
2488,8460.3,70209,37.973,338.75,304.75,0.052834
2489,8110.5,71234,25.957,934.26,417.32,0.38247
2490,6756.8,70645,35.069,687.21,388.53,0.27765
2490,9416.9,70515,32.38,865.57,657.85,0.13635
2492,9246.5,70634,24.953,493.56,306.8,0.23334
2493,8570.1,70130,26.084,382.33,286.46,0.14335
2493,8586.5,72616,37.041,295.74,143.14,0.3477
2493,9069.2,71241,23.087,463.69,349.23,0.1408
2495,6633.3,71566,31.942,390.08,211.03,0.29787
2495,9301.8,72396,23.759,533.37,179.24,0.49694
2496,9384.6,72274,25.612,597.39,259.99,0.39353
2499,7422.3,70781,28.568,649.68,364.14,0.28164
2500,9337,71920,36.224,321.3,175.06,0.29461
2502,8035.1,70220,26.155,510.4,302.97,0.25502
2502,9188.8,70219,25.458,680.62,256.71,0.45224
2504,7090.4,71977,31.644,1044.9,307.42,0.54533
2504,7915.9,70129,27.062,295.31,109.23,0.45999
2508,7275.1,72502,40.636,472.28,408.27,0.072693
2509,6777.8,70716,23.969,343.04,326.52,0.02468
2510,6835,70791,23.627,448.11,406.65,0.048508
2511,8671.8,71333,35.822,450.02,207.34,0.36917
2513,9368.9,72410,27.997,397.12,145.25,0.46438
2514,8476.8,71308,26.806,709.96,459.64,0.21402
2515,8339.8,70161,31.303,467.45,229.2,0.34199
2516,7344.6,72613,34.65,673.16,727.54,-0.038822
2516,8372.6,72645,31.261,288.11,234.6,0.10238
2517,6816.4,71029,32.575,1016.4,350.36,0.48733
2517,7222.5,72246,30.298,530.78,347.69,0.20843
2518,7563,70361,34.428,234.98,102.16,0.39396
2518,7968.9,71673,25.585,442.74,275.61,0.23266
2520,7676.8,71774,27.938,596.94,742.73,-0.10882
2520,9048.6,71135,29.124,328.08,101.32,0.52809
2521,7014.5,71191,28.148,1182.4,1018.1,0.074679
2521,8250,70022,25.586,735.31,151.22,0.65884
2521,9342.2,71324,34.198,412.95,155.55,0.45276
2522,7832,71382,33.969,254.94,142.06,0.28432
2523,8144.1,71209,30.636,1068.3,498.59,0.36361
2527,9024.1,69850,22.249,994.11,562.49,0.27728
2528,6948,69859,37.595,425.51,280.49,0.20541
2528,8051.3,71027,41.625,509.05,486.37,0.022783
2528,8966.5,71930,24.504,502.76,227.79,0.37639
2529,6976.3,69822,32.914,211.51,194.86,0.040974
2529,9420.1,71949,32.653,941.72,479.15,0.32555
2533,8462.1,71505,29.665,867.92,719.21,0.093697
2534,8256.6,71380,29.839,629.72,863.31,-0.15645
2534,8364.6,70142,35.753,250.26,125.6,0.33168
2535,8199.3,70303,36.685,393.5,260.73,0.20295
2535,9266.4,71277,27.064,842.85,466.01,0.28791
2535,9270.2,72357,34.059,257.33,245.83,0.022851
2536,9420.6,71506,27.23,346.07,172.91,0.33364
2540,8072.3,71226,22.168,936.06,687.59,0.15303
2541,7368.1,69961,38.834,628.24,407.87,0.21269
2541,8003.7,70389,17.103,574.6,231.05,0.42643
2546,8416.4,72726,32.708,337.57,150.35,0.38373
2547,8345,72123,24.942,582.64,158.02,0.5733
2549,7059.4,71055,27.646,431.01,195.02,0.37696
2553,6970.3,72036,22.278,718.8,310.85,0.39621
2557,6548.4,72432,33.915,331.49,119.57,0.46981
2557,7239.7,72706,31.706,240.53,130.12,0.2979
2557,8036.9,72075,31.372,332.15,347.48,-0.022554
2558,9316.1,70979,33.751,304.68,250.7,0.097194
2559,8178.6,71154,23.194,628,742.83,-0.083764
2562,8647,71837,25.158,489.18,194.31,0.43143
2562,8883.9,72553,35.045,366.83,374.46,-0.010284
2564,6638.9,72434,31.605,373.23,135.08,0.46853
2565,8549.3,70655,18.329,838.42,489.97,0.26231
2566,8589.4,70759,35.756,394.51,159.55,0.42406
2568,8672.4,71175,27.305,388.15,125.77,0.51056
2569,7019.8,71592,35.902,787.44,628.28,0.11243
2570,8668,71451,32.019,145.55,208.19,-0.17708
2572,8561.4,70662,29.085,494.93,272.78,0.28937
2574,8098.4,70766,29.684,629.13,306.15,0.34533
2575,9272.5,71636,27.732,1076.7,699.07,0.21265
2575,9273.9,71595,33.929,998.93,667.28,0.19904
2576,8291.8,70896,28.391,430.7,266.13,0.23616
2577,8076.9,71088,34.767,562.71,385.87,0.18642
2577,9322.3,72424,29.955,296.47,266.27,0.053675
2579,9338.4,69968,28.834,269.49,116.34,0.39694
2582,8716.5,70363,32.709,219.99,200.26,0.046948
2583,9310.8,71559,16.002,545.67,388.78,0.1679
2586,7019.4,71529,32.436,367.27,343.88,0.032888
2588,9404.2,72562,29.725,393.92,182.87,0.36592
2589,6822,71388,30.893,604.89,295.62,0.34344
2590,6469.8,71102,42.222,1282.9,562.95,0.39004
2598,7223.9,70774,26.498,1041.7,1029.1,0.0060885
2600,8607.2,71693,41.193,251.6,171.74,0.18863
2601,8688.5,71432,38.081,480.97,345.23,0.1643
2602,6948.3,70694,29.52,567.91,512.81,0.050985
2602,8168.8,71404,35.048,310.96,231.31,0.14687
2603,8196.3,71254,24.024,262.3,220.79,0.08592
2603,8387.5,70186,36.505,539.53,360.58,0.19881
2606,9198.6,71635,28.03,506.52,411.22,0.10384
2609,8513,71986,29.08,459.35,532.79,-0.074023
2610,7325.6,70572,39.196,653.71,228,0.48282
2611,6778.8,70705,32.732,439.82,222.66,0.32781
2613,9054.6,71475,27.143,570.37,170.07,0.54063
2615,9072.7,70139,30.229,1109.2,673.95,0.24407
2615,9009.8,71829,32.23,792.3,861.2,-0.041673
2615,9106.2,71494,30.322,598.04,695.78,-0.075547
2615,9156,70134,36.378,1052.7,587.77,0.28342
2616,8867.7,71470,34.343,388.14,149.3,0.44441
2616,9068.2,70186,44.485,1354.9,974.21,0.16345
2617,8959.5,71390,31.536,364.44,152.05,0.41121
2618,7602.2,70116,26.33,1152.2,1309.6,-0.063956
2618,9375.4,72587,28.084,1230.8,628.68,0.32382
2622,8718.8,72678,32.416,416.7,303.22,0.15762
2622,9131.7,69909,14.97,488.72,354.21,0.15957
2623,9177.2,69866,25.01,317.58,488.48,-0.21201
2624,8312.5,69751,31.025,520.47,388.54,0.14513
2624,9183.7,69952,21.074,362.92,289.34,0.1128
2625,7142.9,71496,24.019,451.6,329.69,0.15604
2625,7543.9,72641,30.729,487.65,169.49,0.48415
2625,8482.4,69820,33.226,394.75,137.97,0.48202
2626,7156.1,72462,31.31,557.47,269.05,0.34895
2629,8092.7,71059,31.755,958.57,475.08,0.33725
2629,9028.7,70812,27.92,433.41,338.13,0.1235
2630,9163.2,70933,26.209,433.63,165.46,0.44764
2631,8250.5,71246,26.549,354.52,294.38,0.092692
2632,8395.6,71123,31.531,271.99,155.82,0.27155
2635,8379,70092,36.62,566.77,854.24,-0.2023
2639,7897.7,70148,33.725,633.31,519.57,0.09866
2640,8224.5,70922,32.13,577.87,506.85,0.065473
2642,6852.7,70808,26.251,514.98,230.06,0.38242
2644,6442.9,69883,36.317,222.01,161.02,0.15922
2644,8737,71188,28.271,259.05,181.18,0.17687
2646,6881.1,71490,25.808,262.91,134.47,0.32324
2646,9258.2,71895,24.08,431.2,608.75,-0.17073
2650,8678.6,72303,34.287,351.13,230.79,0.20679
2652,8007.3,69904,30.387,369.5,276.48,0.144
2653,7822.6,70470,22.032,369.44,281.39,0.13528
2655,7013.3,70892,31.708,247.05,209.73,0.081702
2657,8519.3,69746,37.509,272.56,124.54,0.37276
2658,7857.6,70231,36.494,305.81,122.93,0.42656
2661,8363.8,70210,29.353,614.66,384.37,0.23052
2663,8164.9,72109,27.861,242.17,130.5,0.29964
2663,8385.2,71329,38.697,277.06,116.18,0.40913
2664,8165.7,71979,36.691,294.86,178.56,0.24566
2666,7022.9,71339,32.143,297.01,402.26,-0.15051
2669,7077.2,72150,33.784,385.52,257.49,0.1991
2669,7525.1,70831,16.443,717.97,304.65,0.40418
2669,8817.9,72175,30.138,300.31,103.44,0.4876
2670,7464.4,70686,30.802,521.33,181.99,0.48249
2670,9017.1,70438,35.469,320.58,122.08,0.44844
2671,7466.6,70764,36.409,865.61,656.36,0.13748
2671,8936.9,70244,20.354,759.36,761.3,-0.0012725
2672,7487.2,70680,16.304,1022.1,378.72,0.45931
2676,8277.9,69774,36.737,550.98,517.05,0.031774
2676,9329,71926,30.284,419.75,305.05,0.15826
2679,6557.5,69762,35.957,513.23,271.66,0.30778
2681,9054.4,70966,29.093,348.79,334.35,0.021142
2683,7057.2,71113,28.697,654.18,318.19,0.34553
2686,8652.5,70183,30.639,411.86,298.98,0.15879
2687,6574.8,71824,28.585,456.82,122.17,0.57799
2689,7129.1,69959,37.147,484.39,483.7,0.00071073
2690,7811.5,72068,28.957,976.29,544.6,0.28384
2691,7359.7,70903,26.82,363.68,226.42,0.23262
2692,7245.7,71149,34.472,450.55,323.5,0.16413
2692,7338.9,71739,33.548,480.21,240.34,0.3329
2692,8049.6,71229,32.554,448.3,170.38,0.44922
2693,8160.2,71574,28.401,826.31,387.97,0.36098
2694,7712.4,71620,37.67,547.75,367.06,0.19752
2695,8076,71270,25.941,302.51,148.92,0.34022
2699,9025.5,70154,32.198,366.79,307.35,0.088182
2701,9137.7,72706,29.125,298.74,260.7,0.068007
2702,7516.3,70275,34.99,580.81,163.2,0.56129
2703,7473.9,70276,30.995,464.02,176.52,0.44884
2704,6645.3,70306,31.016,1287.4,559.7,0.39398
2704,9089.5,70931,31.722,358.94,325.37,0.049065
2707,8453.3,72435,25.566,1516.8,913.11,0.24845
2707,9308.5,71359,24.049,596.2,204.76,0.48872
2708,8109.1,70944,34.578,318.65,390.99,-0.10194
2708,8555.4,72331,18.37,914.24,545.93,0.25223
2709,8042.4,71663,33.056,496.21,296.65,0.2517
2709,8752.5,72477,31.045,624.81,414.59,0.20225
2710,8008.6,71704,31.128,416.77,353.27,0.082465
2711,7901.1,72561,32.306,298.07,396.84,-0.14213
2712,7056.8,70522,33.293,399.65,321.2,0.10884
2713,8939.4,72658,34.058,178.59,157.81,0.061787
2717,9185.3,70135,25.698,302.64,127.3,0.40783
2718,7239.1,70840,18.346,1339.8,1131.9,0.084136
2718,8995.7,70807,30.832,828.48,724.32,0.06708
2721,7224.6,70103,30.398,404.98,136,0.49721
2723,7104.5,72642,23.599,1284.9,660.27,0.3211
2723,9320.5,72191,37.4,282.11,170.35,0.24701
2724,6748.3,71089,27.161,1094.7,266.36,0.6086
2724,7384.5,72518,31.365,1022.2,531.14,0.31611
2726,8623.6,70363,26.932,561.93,234.5,0.41112
2728,6538.4,70486,36.463,804.56,471.53,0.26098
2728,7857.8,72011,33.521,324.84,265.24,0.101
2728,8132.1,71207,38.349,1166.5,816.9,0.17627
2729,7775.7,71045,40.347,593.61,199.78,0.4964
2729,8434.1,71357,37.735,419.07,317.52,0.13787
2730,7940,69955,24.008,971.88,405.82,0.41088
2730,8441.6,71310,31.385,371.29,274.17,0.15047
2733,8347.9,71218,26.591,358.62,317.27,0.061178
2735,6450,72303,31.561,293.87,305.52,-0.019427
2735,9122.6,72473,35.956,345.4,148.01,0.40005
2737,7124.3,71014,28.199,861.75,362.61,0.40767
2738,7141.8,70923,35.07,427.78,169.93,0.43141
2740,8322.1,69775,26.058,674.72,453.16,0.19644
2740,9059.5,70588,32.389,284.14,152.59,0.30121
2741,7929.4,72627,31.163,543.88,304.15,0.28269
2743,7800,71160,38.318,372.67,228.65,0.23952
2746,8092.5,72192,32.006,534.56,372.23,0.17902
2747,8028.2,71524,30.653,245.97,157.64,0.21884
2747,8115.2,72723,35.43,526.51,471.61,0.054999
2748,8589.8,70561,21.174,464.44,284.07,0.24097
2749,7251.5,72645,32.516,422.58,406.03,0.019971
2749,7449.3,70595,28.014,668.82,555.17,0.092854
2750,7465.7,70533,31.876,617.97,707.01,-0.067208
2750,8662.4,70249,30.507,264.02,166.08,0.2277
2751,6939.1,70908,14.99,769.4,450.55,0.26136
2751,8618.4,70609,29.257,429.47,172.25,0.42748
2751,9028.1,71788,31.826,272.39,211.99,0.1247
2752,6919.7,70956,27.356,722.95,616.18,0.079736
2752,7478.4,69849,35.791,420.61,429.92,-0.010944
2752,8202.9,71651,32.639,263.97,142.96,0.29735
2754,9123,71794,36.022,507,142,0.56241
2755,6910.8,70546,34.524,283.01,150.42,0.30591
2755,7312.9,72160,31.572,347.16,205.47,0.25638
2756,6850,70522,27.877,294.97,101.96,0.48626
2758,7350,70452,32.776,179.16,104.71,0.26226
2758,8624.6,70258,31.292,609.95,204.23,0.49831
2758,9402.4,72395,30.334,644.96,288.06,0.38252
2759,7996.8,71264,21.378,210.21,108.49,0.31919
2760,6991.8,70564,22.57,618.91,435.98,0.17341
2761,6929.7,71776,27.947,215.1,233.09,-0.040132
2761,9099.4,71852,32.351,297.44,194.77,0.20858
2764,7260.6,70684,27.526,413.72,109.96,0.58004
2768,6788.3,70530,20.806,638.02,665.62,-0.021176
2770,8869.2,71909,31.604,371.21,329.17,0.060019
2771,6560.6,70137,23.136,469.47,321.18,0.18756
2775,9191.8,70751,31.12,424.65,156.2,0.46216
2778,6740.5,72015,23.178,727,327.02,0.37948
2779,9195.7,70087,27.695,413.76,208.1,0.33072
2780,9343,71525,25.845,289.8,175.09,0.24675
2785,6804.6,70706,25.479,766.5,598.95,0.12271
2786,8186.9,70643,31.172,677.01,340.61,0.33058
2791,7749.8,70017,35.702,327.62,202.09,0.23697
2791,8087.8,72504,25.507,713.65,536.78,0.14145
2793,9278.7,71402,27.538,269.18,152.37,0.27708
2797,8790.4,70981,20.59,855.56,447.22,0.31343
2797,8731.7,72681,31.236,465.94,204.69,0.38955
2798,6608.9,72249,27.885,502.38,374.98,0.1452
2798,8474.6,70602,31.156,312.02,211.75,0.19144
2799,8205.9,71409,25.34,1515.8,1064.1,0.17508
2800,8187.8,71186,29.731,815.98,670.42,0.097928
2801,7778.5,69780,31.913,625.3,615.61,0.0078155
2801,7935.1,71744,28.728,233.68,167.75,0.16425
2801,8124.5,71022,21.808,611.8,393.27,0.21742
2801,8784.5,70914,30.174,417.13,204.19,0.34271
2803,8346.4,69732,31.876,209.16,147.99,0.17127
2804,6612.9,72138,30.606,214.23,127.1,0.25526
2804,8376.2,70849,28.256,248.85,171.76,0.18329
2804,8484.6,71946,41.735,312.98,309.94,0.0048794
2804,8829.9,71371,27.125,212.92,158.34,0.14703
2805,6700.3,70640,30.339,226.72,173.28,0.1336
2805,7137.9,71685,29.952,518.12,219.51,0.40482
2805,7726,72324,25.985,484.66,127.97,0.58223
2806,7060.8,71437,29.814,325.64,156.39,0.35111
2807,6876.1,71471,29.795,230.41,126.85,0.28987
2807,8329.6,69868,26.44,355.07,367.89,-0.017727
2808,7643.7,69933,37.871,523.15,477.3,0.045834
2808,8193,72241,32.597,414.65,358.21,0.073031
2810,7215.4,71928,21.466,304.2,172.79,0.2755
2810,7745.1,69822,22.807,595.93,201.62,0.4944
2810,8292.5,71295,34.716,273.12,455.18,-0.24997
2811,7669.3,70844,29.438,904.11,555.57,0.23877
2814,7281.8,71980,30.512,325.09,128.72,0.43272
2816,9362.7,70540,28.4,633.55,472.88,0.14521
2818,8044.9,70372,27.206,281.44,113.84,0.424
2819,7175.3,70077,26.514,706.53,429.55,0.2438
2819,8220.1,72121,30.503,322.92,127.14,0.43502
2823,6870.1,70510,22.285,951.71,478.82,0.33057
2823,7254.8,72052,36.105,372.16,170.71,0.3711
2824,6875.7,70561,29.331,895.22,632.41,0.17204
2824,7257.2,72079,30.391,427.96,365.22,0.0791
2826,7108.2,70477,28.731,603.5,495.3,0.098465
2826,7652.3,72159,31.798,691.25,468.53,0.19204
2827,6927.6,70506,34.742,551.59,291.36,0.30872
2827,9307,72714,29.473,292.44,135.89,0.36548
2828,7009,70587,31.015,610.23,398.45,0.20996
2828,9203.5,72694,20.69,879.03,613.98,0.17753
2829,9199.7,72560,28.933,649.79,287.75,0.38616
2831,7873.1,72147,20.393,698.54,500.27,0.16539
2832,7765.3,72174,19.393,795.06,498.25,0.2295
2833,7706.6,72139,15.299,1560.5,802.7,0.32066
2834,6703,70463,38.303,599.94,403.29,0.19601
2834,7375.3,72041,32.137,627.44,366.99,0.2619
2834,8133,71685,22.715,789.57,439.8,0.28451
2836,7890.4,72303,37.208,1060.4,305.4,0.55279
2836,8122.9,70873,27.338,690.27,196.77,0.55634
2837,8179.8,70750,35.374,426.2,148.71,0.48267
2838,7577.5,71882,32.482,430.14,230.12,0.30294
2839,9149.4,71639,21.448,967.75,576.85,0.25308
2840,6585.4,69819,27.419,206.88,134.19,0.21311
2840,6890.6,71927,28.313,301.4,193.98,0.21684
2840,9051.1,71680,25.247,1395.9,885.18,0.2239
2841,6989.6,71140,26.298,210.64,212.03,-0.0032812
2841,8413.9,72665,32.425,334.64,118.38,0.47738
2841,9195,71588,30.852,771.46,461.6,0.25129
2842,8017.8,71164,22.892,731.54,665.18,0.047515
2843,6827.5,69819,31.474,475,150.55,0.51867
2843,8988.1,71702,31.584,1101.4,619.29,0.28018
2844,8099.9,71040,17.843,1225.6,913.98,0.14566
2845,8660,70527,28.025,373.27,249.93,0.19792
2846,7614.8,70638,34.385,248.27,292.79,-0.082287
2846,8709.4,70481,30.591,303.46,292.57,0.018275
2846,8931.9,72342,31.94,265.45,224.94,0.082605
2849,9277,71120,35.104,371.47,102.35,0.56799
2850,8099.2,70089,25.907,986.34,724.54,0.15302
2851,6915.2,71167,34.861,462.49,389.7,0.08541
2851,8090.9,69832,26.211,883.68,520.95,0.25824
2852,7034.6,71299,24.837,1026.5,387.78,0.45162
2852,9390.9,70039,28.525,487.27,379.23,0.12468
2853,7905.9,71204,36.235,321.42,202.85,0.22616
2853,9264.9,70484,26.457,666.22,345.52,0.31698
2854,7906.7,71125,25.537,281.02,184.98,0.20609
2854,8769.3,72295,27.893,572.8,190.32,0.5012
2854,9227.6,70407,20.245,799.54,466.26,0.2633
2855,8013.4,71107,29.467,408.54,123.47,0.53584
2857,7999.4,72677,32.702,752.95,534.82,0.16938
2857,9145.2,70308,25.119,560.52,257.24,0.37088
2859,8906.2,72560,31.993,586.19,317.28,0.29765
2860,7526.1,69936,28.88,521.45,397.05,0.13544
2862,8629,71093,26.774,406.19,522.91,-0.12563
2867,6545.3,72004,32.955,225.51,164.82,0.15546
2867,8481.2,71255,31.176,332.94,266.99,0.10993
2868,7838.9,70203,13.702,1116.7,770.41,0.18348
2868,8450.7,71080,32.279,423.06,554.54,-0.13449
2869,7399.7,70520,36.555,320.41,100.57,0.52221
2873,8378.6,71240,34.866,930.26,333.9,0.47175
2876,7858.1,71071,28.726,217.93,139.72,0.21869
2878,8711.7,70752,33.214,292.47,313.85,-0.035263
2880,8306.8,71094,27.742,320.34,262.25,0.099714
2881,7222.1,71210,27.065,442.32,355.42,0.10893
2882,9193.5,72116,27.435,389.46,228.48,0.26052
2883,7756.5,70112,24.092,484.56,231.24,0.3539
2883,9383.5,70470,21.205,483.39,276.11,0.27292
2884,7942.2,70186,29.534,483.83,249.65,0.31927
2885,8233.1,70084,28.264,606.04,306.34,0.32849
2886,8145.9,70204,32.363,220.04,197.04,0.055144
2886,9409.9,70180,30.554,414.13,136.54,0.50411
2887,8753.9,71218,21.664,472.49,524.88,-0.052529
2889,9018.9,71776,32.618,696.03,326.96,0.36077
2890,8687.4,71459,31.269,691.31,457.06,0.20399
2891,6592.5,70267,27.562,611.02,125.87,0.65838
2891,8720.5,71544,25.8,291.3,109.64,0.45309
2893,8740.3,70999,34.382,474.94,343.58,0.16049
2893,8896.5,71866,29.883,829,685.01,0.095102
2893,9394.9,70323,33.227,418.76,107.36,0.59187
2894,6431.1,71532,38.496,302.09,250.87,0.092623
2895,7847.1,70231,21.995,570.23,481.36,0.084507
2896,6662.2,72527,38.217,430.21,394.33,0.043511
2896,7896.1,70287,18.666,708.09,455.5,0.21708
2900,6549.2,70390,24.99,1005.3,585.02,0.26426
2900,7325.7,72223,35.319,259.76,221.58,0.079324
2900,9050.2,71794,30.008,544.78,244.27,0.38085
2903,8181.6,72036,29.976,262.42,192.86,0.15278
2904,7671.6,72673,33.963,281.5,321.41,-0.066193
2905,7281,70503,39.078,396.14,233.44,0.25843
2907,9207.3,70446,34.599,302.82,193.09,0.22127
2909,9364.4,70700,31.19,298.39,144.62,0.3471
2910,7302.7,72475,36.003,342.14,167.86,0.34172
2911,7879.4,72174,31.685,330.39,317.98,0.019143
2917,6850.2,72104,28.737,248.14,100.24,0.42454
2920,7290.1,72658,22.483,332.7,218.12,0.20801
2922,7738,71006,31.092,499.54,361.2,0.16072
2924,7551.9,70171,22.352,593.62,173.34,0.54798
2925,6732.3,71806,31.208,754.65,346.37,0.37082
2929,7725.3,71716,31.72,263.72,156.41,0.25543
2929,7855,70186,29.613,501.72,267.89,0.30383
2930,7826.7,70151,17.516,692.76,492,0.16946
2932,7970.4,70048,24.113,805.52,483.43,0.24988
2934,7074.2,72300,30.468,374.05,109.86,0.54595
2935,6987.5,72363,37.765,394.72,377.64,0.022111
2938,7007.2,69950,30.605,324.72,214.99,0.20331
2947,7772.4,71600,32.486,470.13,378.23,0.10832
2947,8814.2,72083,26.35,600,333.37,0.28567
2949,8365.4,72534,28.354,684.36,410.44,0.25021
2949,8459.8,70298,20.75,845.94,419.94,0.33652
2949,9239.8,70513,32.486,197.19,113.78,0.26822
2950,8368,72457,21.342,1272,834.68,0.20759
2953,7929,70303,29.068,267.32,135.98,0.32565
2954,8417.5,72656,34.161,235.43,127.78,0.2964
2954,9260.2,70278,33.919,492.14,287.84,0.26193
2955,7991.1,70858,27.76,688.34,571.21,0.093
2956,7751.9,70974,27.443,669.37,319.32,0.35405
2958,9085.3,69814,21.986,427.26,154.91,0.46783
2959,9221.6,70765,33.381,645.81,405.74,0.2283
2960,6829.6,70622,22.812,1265.9,660.19,0.31446
2965,7945.8,72179,31.559,358.37,199.37,0.28508
2965,9137.1,70642,31.099,1080.3,546.58,0.32806
2967,6947.9,69961,31.952,420.18,188,0.38177
2967,8678.3,70746,32.149,435.88,220.35,0.32844
2968,7456.9,72639,23.05,895.55,318.07,0.47583
2969,8140.2,71353,22.809,1196.8,791.19,0.20404
2970,6983.5,71508,31.616,364.28,231.62,0.22262
2971,8412.5,71185,36.34,656.32,379.14,0.26769
2974,6878.6,69875,37.32,561.2,518.86,0.039205
2974,6794.9,70537,29.673,222.76,171.25,0.13073
2974,8074,69897,32.263,539.66,381.89,0.17119
2974,8611.7,71140,29.172,412.07,259.92,0.22641
2975,7809.9,70250,24.198,807.43,510.46,0.22534
2975,8818.4,71101,29.985,474.71,195.12,0.41742
2976,7850.9,70293,15.963,1468.6,1038.7,0.17147
2977,6765.8,71715,31.029,679.66,119.49,0.70095
2978,6794,71924,35.334,402.74,142.81,0.47646
2979,7005.8,69847,27.972,442.85,351.78,0.11461
2979,9048.6,71105,33.729,326.55,192.91,0.25728
2981,6906.8,72131,25.527,1133,102.35,0.8343
2985,7049.2,69764,35.925,287.94,264.63,0.042182
2989,6782.9,69787,34.338,333.37,239.54,0.16378
2989,7033.7,72372,31.756,321.17,122.02,0.44936
2991,6772.9,70407,40.504,302.55,378.62,-0.11168
2991,8471.4,69789,28.915,456.64,358.37,0.12057
2992,6454.3,69952,34.354,357.18,285.31,0.11187
2992,9016.1,69821,38.448,396.72,236.43,0.25317
2993,7917.6,70646,27.666,464.89,339.44,0.15597
2996,6645,72709,33.807,212.55,208.54,0.0095215
2998,9317.8,69788,28.228,669.82,514.35,0.13129
3001,6858.6,72338,36.887,293.18,138.68,0.35775
3002,7038.5,72183,25.862,459.77,276.73,0.24853
3003,7001.5,72171,25.124,598.22,355.15,0.25496
3003,7172.8,70562,23.717,687.05,364.53,0.3067
3003,7270.4,69873,30.619,385.03,390.81,-0.0074439
3004,6840.6,72269,27.669,442.53,346.5,0.12171
3006,8802.8,71413,33.534,727.38,303.03,0.41183
3007,6686.6,72338,30.796,727.44,285.07,0.4369
3009,7759.1,70302,18.454,423.01,222.52,0.31059
3011,6767,72332,39.698,142.12,128.17,0.051628
3011,8188.3,69812,38.521,641.47,270.87,0.40621
3013,9047.3,71010,32.817,443.91,160.57,0.46873
3017,6557,72475,33.701,364.56,188.83,0.31755
3017,7373.8,69801,40.493,731.71,519.99,0.16914
3018,6471.8,72649,26.056,333.64,243.59,0.156
3025,8703,70430,24.156,892.32,671.98,0.14086
3026,6744,70942,27.622,502.54,133.94,0.57913
3026,6954.5,69988,29.32,499.74,208.93,0.41036
3027,8720.1,70858,22.64,445.48,197.66,0.38532
3028,7493.3,72682,33.498,319.92,354.55,-0.051342
3028,7938.1,71612,30.482,408.22,156.18,0.44656
3030,6861.6,70908,35.088,348.45,258.99,0.14729
3031,7939.8,71516,31.86,388.29,281.39,0.15964
3032,7708.4,71794,31.508,480.26,568.06,-0.083758
3034,7552.9,70051,26.462,536.44,225.22,0.4086
3034,7882.3,72004,19.553,396.52,342.98,0.072392
3035,7935.3,71942,31.399,375.39,476.01,-0.11818
3036,8003.2,71554,27.341,668.9,650.66,0.013821
3036,8791.7,72696,25.823,760.5,247.06,0.50958
3040,8425.4,72555,26.539,246.75,149.35,0.24589
3040,9294.4,71195,28.772,339.29,177.68,0.31261
3042,7517.4,71224,28.751,307.5,185.22,0.24817
3045,7174.1,70892,31.522,229.72,152.77,0.20117
3053,8585.9,72484,33.062,392.94,317.21,0.10663
3053,9262.6,71129,32.703,269.87,404.88,-0.2001
3057,9280.7,70616,25.688,953.49,515.66,0.29802
3060,9398.6,70967,32.444,255.07,185.74,0.15728
3062,8698.8,71117,29.713,282.06,157.13,0.28445
3063,7190.6,70655,29.679,326.26,122.61,0.45369
3064,7633.5,70374,33.622,791.55,375.63,0.35635
3064,9210.9,70455,33.598,337.85,235.77,0.17795
3066,6877.3,70746,22.469,910.92,447.28,0.34137
3069,9176.2,70853,29.25,360.07,120.24,0.49933
3071,7817.2,72550,25.305,326.36,245.26,0.14188
3072,7302.1,72628,29.274,663.77,441.55,0.20104
3073,7130.8,72250,34.474,251.07,195.7,0.12395
3076,8528.4,72284,30.645,664.45,312.77,0.35988
3077,8563.3,72521,35.535,416.68,269.91,0.21376
3079,9163.5,72357,35.806,714.41,357.09,0.33347
3080,9151.1,72294,30.099,1144.1,594.68,0.31598
3081,8769.6,72334,30.603,333.96,284.08,0.080712
3081,9396.8,70579,36.916,306.9,205.29,0.19838
3082,7434.7,70235,26.925,385.7,262.95,0.18923
3082,7864.2,72402,26.859,292.82,132.1,0.37823
3085,8010.4,72275,34.268,339.5,375.13,-0.049867
3085,8267.2,71150,37.317,158.08,170.79,-0.038673
3087,7432.5,70203,24.742,668.53,608.6,0.046931
3088,7552.5,70248,35.494,332.51,215.69,0.21309
3092,8347.5,71380,30.952,703.96,322.31,0.37188
3095,7379.9,71288,35.877,411.58,211.08,0.32201
3096,7810.4,70097,24.715,600.8,429.14,0.16667
3096,9412.9,70859,30.806,1039.1,932.22,0.054201
3098,7143.7,71779,28.983,598.71,339.63,0.2761
3102,7680.6,72505,26.36,609.62,307.83,0.32894
3102,8311.6,70100,39.714,465.43,372.69,0.11065
3104,8958.2,70928,31.803,419.31,462.58,-0.049061
3107,6952.2,71339,23.584,749.63,388.32,0.31751
3109,8147.1,70975,27.869,167.75,161.43,0.01919
3110,8131.3,71146,24.643,565.16,480.66,0.080801
3111,6491.9,69800,31.15,580.9,347.94,0.25081
3111,7851.2,70200,28.162,627.58,510.13,0.10323
3112,6992.5,71548,35.811,698.47,202.16,0.55107
3113,6847.8,71576,32.665,526.05,418.59,0.11376
3113,8258.7,70237,28.314,277.96,233.35,0.087239
3113,9136.5,71045,38.272,365.25,270.22,0.14955
3114,6485.9,69780,24.534,396.66,135.65,0.49033
3116,9338.4,72374,23.661,292.72,219.82,0.14225
3117,9324,72153,36.331,544.74,380.57,0.17743
3122,6970.4,70637,39.228,316.56,184.92,0.26251
3124,6672.6,70958,25.28,508.55,160.57,0.52006
3124,8079.2,72145,38.29,383.78,135.14,0.47915
3125,6924.9,71431,26.85,667.93,268.26,0.42691
3126,7016,70162,18.426,1492.2,1131.1,0.13768
3126,7519.5,70142,25.183,1097.7,671.48,0.24092
3127,6633.6,71031,31.655,263.96,112.91,0.40081
3127,7175.4,70204,36.936,1489.5,1039.4,0.17797
3130,6751.2,71171,25.882,603.31,497.61,0.096012
3130,8167,71021,42.423,439.15,329.86,0.14212
3131,6778.1,71043,23.549,908.36,575.12,0.22463
3132,6985.1,71007,20.548,1325.2,752.6,0.27557
3132,7051.1,72616,28.658,673.81,414.51,0.23826
3134,6802.3,70719,16.231,1478.4,865.4,0.26154
3135,9141.8,71858,31.001,405.23,169.48,0.41022
3138,7872.7,72049,30.829,419.23,454.39,-0.040256
3139,7831.7,70169,15.18,880.97,434.69,0.3392
3139,7897.2,72048,20.271,536.35,550.84,-0.013332
3140,7928.6,72040,18.836,471.36,528.32,-0.056972
3140,8900.9,71516,32.924,647.68,357.52,0.28865
3143,8570.4,70327,25.106,497.85,223.37,0.38057
3144,8622.1,70518,31.828,433.64,313.51,0.16078
3145,8526.9,71038,27.677,563.46,477.73,0.082344
3147,9176.5,70768,30.197,430.86,249.36,0.26682
3149,8340.1,72366,29.557,780.28,479.01,0.23924
3153,9262.4,72517,28.719,459.12,260.59,0.27586
3155,8511.4,69874,31.403,582.63,510.25,0.066225
3160,7230.8,72367,32.888,462.7,150.34,0.50952
3161,7479.4,72396,34.149,326.58,337,-0.015707
3161,7780.8,70088,25.67,437.54,409.76,0.032788
3161,7979.9,71088,30.531,182.93,126.1,0.18391
3164,8307.4,72513,35.738,439.6,193.01,0.38979
3164,8508.1,71183,37.23,344.58,333.29,0.016658
3165,9339.1,70718,21.291,404.62,358.13,0.060957
3166,8868,71739,30.318,1032.6,111.86,0.80451
3168,8530.5,71489,32.968,392.78,229.77,0.26185
3172,8445.5,70738,29.486,641.07,600.27,0.032868
3173,6423.5,71675,22.258,570.3,429.67,0.14063
3173,6862.2,72169,33.392,336.03,340.76,-0.0069759
3173,8349.1,70872,26.858,278.73,235.83,0.083367
3174,6492.1,71596,17.999,1023.2,884.33,0.072778
3174,8147.9,70490,24.66,374.96,279.85,0.14525
3175,6483.5,71536,23.065,647.15,678.79,-0.023867
3175,6872.5,70224,24.395,288.94,344.93,-0.088333
3176,6552.2,71583,23.677,513.89,508.75,0.0050276
3177,6506,71629,34.208,297.28,383.73,-0.12693
3184,7223.1,69751,26.568,588.37,594.85,-0.0054789
3187,7772.9,72136,32.151,628.06,579.44,0.040263
3189,8251.6,71244,34.598,570.1,725.48,-0.11993
3189,9284,70894,25.399,229.97,121.54,0.30845
3190,7251.2,72688,36.07,202.91,142.95,0.17335
3190,7887.2,70480,31.22,423.28,346.13,0.10026
3191,7820.8,70465,29.366,228.7,143.48,0.22897
3191,8198.7,71839,28.18,234.98,200.19,0.079947
3192,6881.2,70443,17.01,582.72,368.3,0.22547
3192,8281.4,71954,29.814,245.6,101.49,0.41521
3193,7007,72014,25.413,447.34,315.82,0.17234
3193,8468.3,71162,28.382,404.44,322.3,0.11303
3193,9315.8,71796,33.064,551.97,307.92,0.28381
3194,7065.9,69730,25.884,435.52,565.96,-0.13024
3194,8406.1,71302,33.277,578.66,224.43,0.44109
3196,6550.7,70982,34.408,256.4,188.78,0.15189
3197,7706.1,71884,30.288,507.16,237.02,0.36301
3197,8208.6,71122,38.781,178.5,197.84,-0.051387
3197,9313.4,72389,33.955,359.87,330.73,0.042187
3198,8999,71064,32.455,413.9,368.37,0.058211
3198,9193.7,72636,30.555,414.41,323.93,0.12254
3199,6534.9,70283,35.825,914.75,429.67,0.36081
3199,6540.5,70296,35.945,580.39,248.85,0.39981
3205,8264.1,71371,29.891,578.11,350.84,0.24466
3206,8957.2,70370,31.792,139.33,103.98,0.14528
3207,7789.7,69996,35.72,268.52,228.92,0.079616
3207,8297.3,71045,30.241,398.33,338.73,0.08086
3210,7659.7,69920,38.006,337.97,129.4,0.44626
3211,7375.5,71284,23.595,503.43,314.68,0.23071
3212,7719.4,71098,40.474,687.54,511.95,0.14639
3213,7216.7,72265,29.524,446.13,189.5,0.40374
3213,8003,71832,42.402,504.72,581.75,-0.0709
3214,7404.2,70659,29.987,721.59,674.69,0.033589
3215,6893.5,70477,37.216,266.21,293.48,-0.048716
3216,6492.1,69926,33.817,433.71,155.34,0.47259
3216,6911.5,70672,29.543,457.65,237.09,0.31747
3217,7046.2,70982,33.711,548.79,447.54,0.10162
3221,6448.2,71199,30.174,271.43,196.47,0.1602
3221,7530.4,70348,30.098,719.63,350.64,0.34476
3222,8828.1,71402,31.143,827.18,539.17,0.21079
3223,7275.1,71453,23.514,377.36,124.01,0.50532
3223,7798.1,70071,23.101,783.25,665.67,0.081147
3223,9053,71341,28.915,528.67,203.51,0.44409
3224,7101.5,71524,29.984,458.41,362.66,0.11661
3224,7603.3,69769,18.18,891.29,501.39,0.27997
3225,7643.7,70046,31.216,462.59,247.64,0.30264
3225,8175.9,70388,18.82,966.66,672.49,0.17946
3226,7728.3,69979,31.005,649.77,721.09,-0.052026
3227,8047.5,72343,30.191,676.66,539.44,0.11284
3228,7775.2,72099,33.456,1015.3,698.56,0.18479
3230,6623.5,72193,37.59,326.12,230.87,0.17101
3236,8361.6,71512,33.69,492.5,607.52,-0.10457
3237,7922.9,70161,27.912,325.06,333.6,-0.012972
3238,6871.7,70531,25.132,464.08,361.86,0.12376
3239,6602.4,70716,21.185,746.82,328.22,0.38937
3240,9297.6,70149,30.296,244.7,238.09,0.013692
3242,8255.5,72586,26.174,361.07,330.35,0.044434
3243,7392,69856,35.22,265.73,244.04,0.042556
3243,9140.5,70971,25.168,455.99,193.43,0.4043
3244,6874,69767,33.016,449.29,411.3,0.04415
3244,7462.8,70614,34.378,375.41,182.64,0.34543
3247,8977.1,70370,37.169,438.72,170.73,0.43973
3248,8339.5,72417,31.749,623.62,448.87,0.16293
3249,7942.9,70306,23.203,724.64,1018.1,-0.16841
3250,8180.7,72684,31.452,194.94,124.39,0.22092
3252,8176.1,71445,40.752,575.71,451.24,0.1212
3252,8879.4,70152,31.516,444.03,308.77,0.17968
3252,9106.5,71288,30.266,473.28,186.73,0.43416
3254,7783.9,70364,26.127,374.04,197.88,0.30802
3254,9048.5,71535,36.265,802.56,241.22,0.5378
3254,9231.7,72197,34.686,365.83,111.05,0.53425
3255,8265.3,71118,37.71,163.97,138.49,0.084244
3257,8163.2,72588,30.751,230.5,151.38,0.20717
3258,8239.6,72586,26.007,501.48,403.87,0.10782
3258,9325,71770,18.644,582.76,436.67,0.1433
3259,8292.2,72303,21.253,417.65,309.69,0.14843
3259,9255.7,71627,33.16,412.22,266.12,0.21538
3260,8335.4,72219,30.23,489.52,585.08,-0.088927
3261,9050.9,72590,27.272,582.91,295.78,0.32677
3262,6763.9,71272,36.246,348.52,358.29,-0.013813
3262,7150.7,71812,31.322,396.86,168.56,0.40377
3262,8544.7,72088,31.083,276,223.52,0.10506
3262,9124.3,70595,29.148,457.93,223.16,0.34469
3263,7151.6,71745,33.333,330.51,253.71,0.13146
3263,8524.4,72141,45.098,554.05,866.12,-0.21974
3264,8562.5,72233,29.496,384.44,571.68,-0.19584
3264,9372.5,70608,24.662,539.65,1184,-0.37384
3265,9115.5,71803,25.566,548.79,339.49,0.23563
3265,9169.4,70537,21.192,631.36,548.38,0.070334
3266,8799.7,71701,28.414,318.51,298.93,0.031716
3267,8670.2,70343,32.951,655.46,468.1,0.16676
3267,9125.2,71049,30.402,434.3,378.02,0.069282
3268,8358.4,72187,26.007,445.09,216.72,0.34506
3268,8539.6,70604,24.647,595.03,247.79,0.41199
3268,8874.7,71206,37.356,381.87,171.92,0.37911
3270,7752.7,70397,18.387,624.62,359.01,0.27003
3274,6631.8,70693,34.898,415.88,413.04,0.0034332
3274,7551,71522,34.33,414.99,267.19,0.21665
3275,6483.5,71678,36.079,423.24,176.99,0.41026
3275,8277.4,71207,30.873,608.2,534.36,0.064628
3275,8519.3,72482,26.17,702.15,215.34,0.53059
3276,6438.9,72628,28.164,513.91,138.75,0.57483
3276,8163.9,71020,27.412,393.84,226.21,0.27035
3280,7566.3,70258,40.335,345.58,207.43,0.24981
3280,8232.7,70140,31.517,539.89,568.19,-0.025538
3280,9417.7,69736,30.472,808.77,411.98,0.32504
3281,8384.9,72624,28.792,278.97,170.81,0.24049
3282,8403.3,72631,21.482,448.05,423.69,0.027952
3283,8328.5,72713,28.99,363.97,228.26,0.22915
3284,6698.8,70419,21.509,968.49,508.33,0.31159
3290,8277.8,71257,33.007,447.16,557.9,-0.11018
3292,7366.7,71532,36.456,232.06,129.47,0.28377
3294,7536.5,70712,32.168,473.83,270.5,0.27317
3296,7166.2,70946,23.532,739.37,272.32,0.46166
3298,9052,70898,17.581,734.69,550.94,0.14293
3299,8992.7,70874,26.029,426.99,482.8,-0.061337
3302,8987.5,71185,28.835,1087.7,766.43,0.17328
3303,7512.1,70608,36.078,528.99,460.14,0.069615
3303,7890.8,69973,37.511,373.49,118.03,0.51973
3304,8613.3,71409,38.873,616.32,186.33,0.5357
3305,7669.2,72181,30.075,407.84,242.52,0.2542
3306,7616.9,72229,32.961,521.77,398.78,0.13361
3306,8943.4,70970,34.354,410.01,181.31,0.38675
3307,8919.6,70671,21.414,421.85,345.86,0.098973
3308,8902.2,70675,26.506,387.4,687.04,-0.27889
3308,9270.5,71724,36.908,381.36,294.91,0.12783
3309,8967.1,70566,16.712,568.31,685.03,-0.093127
3310,6976.7,69976,26.892,838.31,390.59,0.36432
3310,7910.4,70382,23.854,854.2,646.11,0.1387
3311,7842.3,70426,34.291,132.91,277.43,-0.3522
3313,8810.6,72276,37.436,476.97,278.76,0.26228
3322,7498.8,70271,36.576,250.52,129.3,0.31917
3324,8996.1,70864,36.804,351.11,167.88,0.35305
3325,9083.6,70810,27.75,560.87,154.86,0.56727
3326,8811.6,71084,28.8,639.19,353.88,0.2873
3327,6569.9,70614,28.778,698.29,304.78,0.39231
3327,8664.9,72636,23.441,562.63,704.55,-0.11199
3327,8780.5,71244,22.972,832.25,331.48,0.43031
3327,9213.9,71747,36.404,473.13,315.34,0.20012
3330,7309.7,72534,35.666,659.79,512.88,0.12528
3330,7695,70325,23.693,528.18,220.03,0.41185
3332,7042.7,70204,20.563,338.92,168.03,0.33711
3332,7255.4,71874,17.584,768.65,443.27,0.26848
3334,7032.5,69932,30.813,534.13,372.76,0.17794
3334,7877.6,70264,33.423,623.66,320,0.32179
3334,8835.6,70263,29.162,812.95,556.09,0.18762
3335,7695.5,72132,31.311,430.73,290.76,0.19401
3335,7918.2,70554,26.382,470.13,323.35,0.18498
3336,7923.4,70410,17.848,634.68,373.93,0.25852
3337,7774.5,70172,24.754,526.39,527.53,-0.0010801
3337,9404.3,70425,31.419,383.13,317.94,0.092994
3338,7854.3,70252,22.659,351.75,300.87,0.077956
3338,7930.8,72668,32.198,414.29,161.47,0.43912
3340,8904.4,70799,27.311,205.36,245.67,-0.089359
3343,7421,71839,25.586,393.73,252.7,0.21817
3343,9034.5,70318,28.656,737.61,324.99,0.38831
3344,8397.3,72520,26.088,808.4,428.47,0.30717
3344,8403.1,72654,20.441,1339.5,965.92,0.16206
3344,8929.7,70471,23.413,877.93,302.9,0.48697
3345,7817.3,71464,34.669,503.62,204.22,0.42297
3345,8279.4,72146,24.994,603.87,204.46,0.49411
3346,6965.7,70832,25.041,581.65,211.27,0.4671
3346,8975.4,72565,32.327,229.83,103.42,0.37932
3348,7122.9,72050,26.078,367.04,295.52,0.10795
3348,8126.4,72347,32.82,300.95,181.52,0.24755
3348,8739.2,70606,33.557,371.99,488.41,-0.13531
3353,8200.2,71601,30.736,358.82,286.4,0.11224
3353,9360.5,72435,35.223,376.88,152.27,0.42447
3354,7748.5,70346,30.09,319.76,439.81,-0.15804
3354,9023.2,70855,30.134,527.93,266.67,0.3288
3355,9231.4,70768,28.064,271.95,204.63,0.14127
3356,7115.4,71123,26.368,320.03,119.88,0.45498
3356,7847.2,70244,30.517,588.72,959.23,-0.23935
3358,9406.5,71427,36.544,301.77,115.99,0.44471
3362,8371.5,70616,30.95,630,608.62,0.017264
3364,7789,70121,24.762,388.02,223.18,0.26971
3364,8083,71157,33.806,309.67,342.35,-0.050121
3364,8432.1,70525,22.836,1357.4,1028,0.13811
3365,6434.4,72301,34.62,237.19,196.04,0.094981
3365,8263,70329,18.843,1732.9,1145.9,0.20392
3365,9230.5,69954,31.59,337.03,171.37,0.32584
3366,7497.7,71417,27.909,775.94,670.27,0.073067
3366,8332.8,70405,30.51,867.04,328.82,0.45008
3369,7493.4,72090,36.912,450.64,325.51,0.16123
3370,8294,71415,31.051,349.18,309.78,0.059788
3371,7175,72286,30.701,395.63,325.99,0.096501
3374,7129,69936,25.654,541.18,185.65,0.48916
3375,7574.7,69976,29.482,381.11,150.18,0.43465
3376,7791.3,70256,36.873,306.66,335.08,-0.044278
3377,7308.3,72717,35.764,565.84,618.35,-0.044343
3378,9332.8,72375,35.223,286.88,197.61,0.18426
3379,8596.4,70829,27.666,306.92,200.85,0.20888
3380,7262.4,72168,28.286,490.78,550.47,-0.057332
3380,8275.4,72496,25.703,322.1,166.09,0.31956
3381,8905.6,72428,33.354,511.85,264.32,0.31892
3382,6911.6,70009,34.128,584.06,603.54,-0.016404
3382,8889.9,72351,33.028,830.43,395.16,0.35515
3382,9361.1,70680,30.271,617.37,690.81,-0.056139
3384,8945.3,72498,24.788,857.14,291.15,0.49289
3385,7201.9,71646,23.815,325.35,327.84,-0.0038091
3385,8439.6,70215,23.516,473.84,356.6,0.14118
3386,7363.7,69982,21.474,480.8,135.1,0.56129
3387,7590.4,72191,31.698,617.33,353.5,0.27176
3387,8617.9,70490,30.202,269.35,155.95,0.26664
3388,8729.6,70556,32.52,1048.3,690.65,0.20567
3388,8791.2,72703,24.199,260.95,189.8,0.15784
3389,6770.3,69739,25.081,533.55,249.4,0.36293
3389,8409.6,70564,28.598,910.37,383.38,0.40733
3391,8315,72384,22.547,357.54,272.77,0.13449
3398,6527.4,72068,27.418,541.15,390.76,0.16137
3400,7107.2,70184,33.074,261.36,265.41,-0.0076965
3400,8564.3,70345,25.351,337.25,195.47,0.26615
3401,7129.5,70049,23.174,456.23,209.7,0.3702
3402,8947.5,71413,22.879,1127.6,652.79,0.26667
3403,7101.7,71908,29.064,273.65,172.33,0.22717
3403,9152,71397,32.269,557.64,170.45,0.53179
3404,6977.3,72636,32.349,256.23,117.17,0.37243
3404,7892.2,71069,36.146,498.37,521.55,-0.022721
3405,6606.6,70610,24.139,572.3,275.66,0.34983
3405,7038.1,72635,35.348,339.78,249.45,0.15331
3406,6724,71616,34.43,252.44,122.48,0.34664
3407,7084.2,70013,20.294,417.31,125.6,0.53731
3407,8149.6,72279,29.274,194.01,140.54,0.15983
3409,9108.5,70187,28.734,530.73,720.95,-0.15197
3410,9140.5,69783,15.481,905.94,461.84,0.32469
3411,9221.3,69817,34.562,353.68,204.22,0.2679
3412,7365,72425,31.649,413.42,319.27,0.1285
3412,7971.5,70215,17.326,882.39,531.09,0.24854
3414,7840.7,70150,20.314,1106.1,699.6,0.22511
3414,8634.6,72450,29.473,465.49,482.3,-0.017735
3415,7493.9,72010,34.819,671.08,396.93,0.25669
3415,7804.6,70238,14.647,1287.6,813.26,0.22579
3415,9137.8,71307,29.741,460.03,179.85,0.43786
3416,7126.6,71480,31.371,343.59,236.13,0.18537
3416,7852.7,70298,31.447,1091.7,433.84,0.43122
3416,8473.9,72453,24.771,226.57,119.99,0.30755
3417,7052.7,71335,27.377,483.73,364.9,0.14002
3417,8228.6,71253,27.641,565.62,390.75,0.18285
3417,8443.2,72456,24.317,942.67,516.3,0.29224
3419,6772.1,71624,36.673,334.68,340.63,-0.0088172
3419,7852.4,72369,37.186,433.75,165.07,0.4487
3419,8972.3,71727,30.677,820.64,421.94,0.32087
3421,7669.9,72459,34.881,323.35,245.4,0.13705
3421,8649.3,71256,34.062,487.47,408.63,0.087976
3421,9277.3,71496,33.733,511.97,268.56,0.31185
3422,7369.5,71266,28.341,405.47,197.85,0.34413
3422,7871.7,70199,36.348,415.12,139.26,0.49759
3423,7347.1,71332,16.336,1280.2,703.65,0.29061
3424,7375.2,71503,33.962,419.25,312.41,0.14603
3425,8311,70085,30.521,495,273.85,0.28764
3426,6464.9,69966,22.023,1012.4,647.01,0.2202
3426,7078,71113,28.657,388.39,172.08,0.38593
3426,7876.8,70212,19.693,557.17,251.97,0.37719
3426,7797.8,71759,19.702,799.24,472.08,0.25733
3427,7240.6,71024,32.368,460.76,335.15,0.15782
3429,6591,71380,34.575,335.75,281.92,0.087147
3430,6855.8,70332,28.126,229.41,234.09,-0.0101
3430,7993.7,71779,30.145,826.57,128.78,0.7304
3432,7134.4,71572,23.481,377.65,121.53,0.51308
3432,7628.6,69741,19.86,809.87,389.39,0.35062
3432,8261,70631,31.201,308.58,217.45,0.17323
3432,9161.3,70253,31.305,494.75,235.92,0.35424
3434,9201.2,71356,32.57,596.2,212.96,0.47362
3436,7914,70253,15.912,1071.3,755.03,0.17318
3437,7883.2,70428,15.775,921.11,655.09,0.16877
3438,7900.5,70395,24.509,443.25,221.92,0.33275
3441,6837.5,71949,35.57,361.84,335.89,0.037192
3441,8044.4,72544,34.247,243.72,121.09,0.33613
3442,7155.4,71730,39.003,302.77,209.23,0.18271
3443,6770.2,71781,33.145,460.98,367.16,0.1133
3443,8015.6,72225,29.805,335.18,154.28,0.36959
3443,9009.5,70809,31.532,273.38,230.82,0.084407
3444,6565.1,70708,32.847,528.83,382.77,0.16022
3444,6729.2,71807,25.558,591.05,454.62,0.13047
3444,8461.8,71155,33.085,482.15,360.35,0.14457
3445,6475.1,71834,31.654,296.45,283.29,0.022696
3445,8982.7,72552,32.767,506.19,388.73,0.13126
3446,7199.8,71476,26.712,503.18,440.2,0.066767
3447,9101.1,72690,25.087,540.69,280.22,0.31728
3449,7183.5,69881,30.894,363.86,228.79,0.22791
3450,8361.9,70338,29.649,389.48,194.59,0.33368
3453,7979.6,71759,31.094,275.43,203.98,0.14904
3456,8381.8,70841,31.485,161.48,242.36,-0.20028
3459,6715.7,71504,36.375,371.21,189.74,0.32351
3460,7795.1,70020,8.8452,793.89,617.74,0.12479
3460,8636.5,72524,33.585,589.68,535.09,0.048536
3461,7832.5,70009,12.11,556.8,368.35,0.20369
3461,8677,71894,33.435,338.35,257.33,0.136
3461,9325.9,70016,30.916,280.17,145.68,0.31582
3462,7818.1,70022,9.9633,1021.1,765.88,0.14284
3463,7287.3,71331,35.478,876.86,628.82,0.16474
3463,7812.6,70033,10.404,889.55,500.69,0.27971
3464,7298.5,71131,28.825,548.16,403.45,0.15206
3464,7808.8,70001,15.749,682.18,369.97,0.29674
3464,8499.7,70554,31.057,475.55,180.93,0.44879
3465,7381.6,71485,35.391,625.79,645.27,-0.01533
3465,7822.2,70054,26.886,269.67,431.73,-0.23105
3466,7412.3,71467,28.986,325.63,234.26,0.16319
3467,7664.4,70359,30.183,1306,919.4,0.17372
3467,7691.7,70197,44.832,1208.9,1216.2,-0.003025
3467,9333.5,71365,17.263,645.09,245.4,0.44884
3468,7585,72524,32.814,466.48,268.6,0.2692
3468,7747.3,70114,12.642,1133.4,1124.8,0.0037987
3470,9263,70022,31.381,846.14,252.32,0.54059
3471,9316.9,70346,36.851,1305.1,778.34,0.25283
3472,8751.1,70234,32.745,229.3,202.23,0.062729
3473,8787.2,71259,28.326,876.1,465.99,0.30557
3474,6708.5,69931,28.288,432.44,297.26,0.18525
3474,9230.9,72444,28.545,1153.7,751.41,0.21118
3475,8028.4,71788,37.518,489.39,290.44,0.25512
3476,6770.7,70356,34.204,967.65,443.56,0.37138
3476,7789.7,70930,22.772,879.15,769.03,0.066818
3477,7078.2,70123,30.6,379.14,217.64,0.27062
3478,7169.9,70100,24.67,502.39,282.29,0.28049
3481,8520.6,70149,17.708,837.45,334.57,0.42907
3481,9229.8,72117,34.931,472.88,324.1,0.18668
3482,8477.7,70467,36.267,385.46,285.67,0.14869
3483,6794.7,70487,31.74,379.83,185.83,0.34295
3483,8960.7,70604,30.724,536.36,513.67,0.021604
3484,9017,70499,23.101,377.02,163.77,0.39434
3485,6940,72390,31.819,457.16,267.39,0.26191
3486,7000.6,69807,21.204,529.59,512.07,0.01682
3487,7192.6,71691,30.225,514.5,199.81,0.44056
3488,7792.6,70198,13.831,678.02,705.5,-0.019865
3489,6595.4,70825,32.076,568.78,379.35,0.19979
3489,7807.1,70187,15.678,752.31,248.22,0.50382
3490,6645.9,70681,36.001,572.44,159.85,0.56342
3490,9411.9,70639,21.821,844.57,451.57,0.30321
3491,7439.9,70503,34.564,436.07,103.83,0.61537
3492,8735.7,69902,30.523,469.24,203.59,0.39483
3493,8856.9,69809,24.515,347.89,302.46,0.06985
3494,8950.9,69888,24.47,270.1,333.04,-0.10436
3495,7613.9,71206,33.242,241.91,175.28,0.15971
3496,9089.5,71907,26.762,690.34,324.6,0.36035
3497,7667.6,72570,27.287,501.74,366.71,0.15548
3498,7122.9,70113,24.7,1004.7,327.74,0.50805
3499,6865.6,70144,20.099,911.91,513.1,0.27986
3500,7008.1,70138,25.42,514.14,246.59,0.35171
3501,9382.1,72505,27.199,499.75,324.78,0.2122
3502,6739,70002,25.865,393.1,221.05,0.28014
3503,6829.4,69979,16.58,882.98,582.91,0.2047
3503,6993.5,72261,30.221,465.75,359.6,0.12861
3504,6960.5,70025,24.031,737.6,406.28,0.28964
3504,7585.6,72414,29.634,736.71,552.39,0.14298
3504,9341.5,71620,27.984,688.88,430.29,0.23106
3506,7673.3,71748,21.155,328.04,162.27,0.3381
3506,8657.7,70037,46.07,1046.1,688.83,0.2059
3507,7384.4,72360,25.205,507.02,220.07,0.39465
3507,8830.1,70174,22.279,1080.2,844.96,0.12219
3508,7351.8,72357,28.413,465.86,456.14,0.01054
3508,9372.4,71569,32.264,635.34,301.78,0.35594
3509,7937.9,70270,30.794,831.86,635.29,0.13399
3509,8116.2,69825,23.86,329.13,185.91,0.27809
3510,8062.3,72614,29.291,324.26,267.59,0.095745
3510,8430.4,69841,24.526,482.03,268.3,0.28485
3510,8987.2,72558,31.832,438.77,281.74,0.21794
3511,8390.5,70079,24.33,344.22,184.57,0.30192
3513,8466.1,70034,30.125,245.83,173.81,0.17162
3515,8287.1,70363,28.41,346.46,132.77,0.44592
3516,7196.9,70821,33.42,429.19,262.38,0.24119
3516,8879.4,71821,33.119,134.49,120.98,0.052901
3517,6421.9,72670,37.635,190.24,189.37,0.0023034
3517,7188.9,71325,31.428,850.72,459.66,0.29843
3517,8208.6,70967,30.629,513.02,397.84,0.12646
3517,9121.5,71864,25.816,760.42,623.69,0.098791
3519,6848.6,70970,30.361,702.51,303.55,0.39655
3523,8358.2,70382,32.517,281.53,239.46,0.080743
3523,9310.2,71738,30.294,422.03,179.57,0.40303
3524,7883.6,70483,23.273,705.46,302.18,0.40022
3524,8292.4,71477,40.029,292.65,312.32,-0.032517
3527,8215.4,72364,25.402,566.08,300.52,0.30645
3528,7527.9,72248,33.233,240.29,250.66,-0.021132
3531,7086,70050,30.969,476.97,232.24,0.34506
3533,7409.2,71089,28.883,234.03,106.08,0.37619
3533,8218.1,71098,22.694,381.1,390.02,-0.011566
3533,8684.9,72624,27.643,422.53,377.67,0.056069
3534,7109,71201,29.671,357.42,439.3,-0.10276
3535,7791.6,72369,36.337,284.76,194.57,0.18815
3536,9325.3,72715,33.515,326.53,218.31,0.19862
3537,8034.5,70507,18.578,834.82,415.94,0.3349
3539,7822.2,70232,12.951,725.32,397.66,0.29177
3540,8321.7,72602,34.026,488.74,122.55,0.59905
3543,8840.3,70348,33.317,478.18,325.63,0.18978
3544,6955.2,69734,22.692,369.41,348.41,0.029253
3546,7082.4,69983,21.143,815.45,533.74,0.2088
3546,7263.3,72490,25.287,584.54,383.51,0.20767
3547,9307.8,72364,30.249,155.58,210.2,-0.14932
3551,7747.4,71066,31.683,287.97,115.73,0.42664
3552,8776.6,69913,32.406,356.36,200.17,0.28065
3555,6663.2,70541,28.899,225.57,401.79,-0.28089
3555,7763.5,70106,15.492,888.42,623.55,0.17518
3556,7341,70138,25.198,565.62,181.86,0.5134
3556,7988.7,70584,35.722,176.03,116.23,0.20461
3557,7429.1,70238,21.609,712.02,198.97,0.56318
3560,7640.4,71965,26.75,363.9,429.58,-0.082784
3561,7646.5,71970,30.803,395.54,185.7,0.36102
3562,8238.8,71159,38.306,345.54,304.62,0.062936
3563,7834,71264,33.866,330.14,234.65,0.16907
3567,8406.5,70115,33.464,222.14,183.66,0.094808
3571,8855.2,71800,35.158,314.2,161.44,0.32118
3572,7266.7,71969,34.83,249.06,146.99,0.25772
3573,7874.7,70556,26.011,609.66,326.15,0.30296
3574,8691.9,72674,32.468,783.4,379.42,0.34741
3576,8041.9,72409,31.267,852.49,493.17,0.26702
3576,8505.5,72414,22.538,837.6,664.19,0.11547
3577,7681.7,72308,31.326,343.06,187.95,0.29212
3577,8626.2,72324,27.201,522.96,547.19,-0.022647
3578,7379.2,71975,37.534,409.86,363.56,0.059872
3579,7204.7,71974,34.528,625.27,376.11,0.24881
3579,9335.3,72446,29.298,353.96,221.83,0.22948
3580,9276.3,70735,23.473,571.52,188.16,0.50464
3580,9320.4,72383,29.799,492.94,431.53,0.066427
3581,6671.2,70363,29.626,798.3,336.63,0.40678
3581,8672.1,71697,28.847,454.73,359.76,0.1166
3582,7950.3,72367,38.913,412.99,236.15,0.27241
3582,8589.9,71852,34.877,349.28,181.18,0.3169
3582,9331,70934,31.181,700.92,506.3,0.16122
3584,7088.4,70504,43.487,659.02,507.03,0.13035
3584,9372,70469,28.018,471.98,269.4,0.27325
3587,6850.7,71349,26.073,1061.2,365.47,0.48765
3588,8991.8,71507,34.338,276.44,131,0.35696
3590,9190.3,69790,26.45,424.58,208.91,0.34046
3591,9116.3,69915,18.395,729.15,452.64,0.23398
3591,9057,72539,32.632,559.33,186.2,0.50048
3592,9202.3,69914,25.378,714.14,287.38,0.42611
3592,9372,70839,35.885,457.66,377.66,0.095765
3593,9306.7,70770,26.279,556.25,602.27,-0.039717
3596,6555.9,70365,27.422,194.42,133.59,0.18546
3596,9147.6,70191,26.703,524.65,270.24,0.32006
3597,6840.8,70468,30.111,631.28,230.94,0.46432
3597,7683.3,72239,30.61,388.45,325,0.088934
3597,9184.8,70649,19.384,685.51,207.67,0.53498
3600,8485.6,70329,36.083,221.4,186.47,0.085646
3600,9270.2,71254,18.245,830.4,355.87,0.40002
3601,9219.9,71177,23.595,627.68,281.39,0.38093
3602,6834.1,70719,27.202,868.17,544.3,0.2293
3602,7104,69873,31.803,783.24,506.83,0.21426
3602,8312.7,70148,27.443,986.71,704.52,0.16685
3602,9178.4,70892,32.019,431.76,217.67,0.32966
3603,7410.4,72217,37.012,185.4,156.54,0.084402
3607,8178.6,70006,37.944,225.82,221.86,0.0088364
3607,8893.4,70305,22.283,493.78,326.89,0.20336
3607,9176.6,72393,33.804,412.7,295.18,0.16602
3609,9013.4,70407,22.634,509.63,193.57,0.44945
3610,7804.8,72042,31.748,928.29,827.51,0.057395
3611,7793.7,72065,17.74,501.94,548.97,-0.044749
3612,7749.4,72065,24.624,358.76,426.55,-0.086319
3613,7214.3,71746,33.147,547.96,284.49,0.3165
3615,7339.1,71839,36.789,224.05,130.34,0.26442
3616,8578.8,70353,25.306,398.5,191.66,0.35049
3619,8579.6,71329,33.859,411.53,257.01,0.23113
3622,9394.2,71858,29.149,602.29,415.95,0.183
3623,6721.1,71311,32.284,453.05,457.86,-0.0052789
3624,6671.5,71245,27.541,703.05,435.02,0.23552
3626,7894,71666,34.255,283.55,193.32,0.18921
3627,6524,72082,22.138,797.75,362.99,0.37456
3628,6495.8,72091,22.414,562.28,310.89,0.28791
3628,8307,70419,31.946,426.11,219.32,0.3204
3628,8693.1,71536,31.076,580.17,235.42,0.42271
3629,8505.6,71486,23.614,546.28,348.34,0.22126
3631,7613.3,70030,25.024,390.25,159.67,0.41929
3632,9164.2,69791,15.667,894.38,581.52,0.21198
3633,9281.8,70793,29.21,347.01,176.74,0.32511
3634,7611.8,72180,27.26,708.67,407.71,0.26958
3634,8951.4,70488,31.1,532.25,417.24,0.12113
3635,9228.8,71205,25.866,580.43,471.84,0.1032
3636,9197.6,70574,40.165,910.21,590.25,0.21324
3637,7438.6,72362,33.362,681.35,482.58,0.17078
3637,7970.4,70408,31.481,188.08,306.4,-0.23928
3638,7193.6,71946,29.929,291.37,144.26,0.33768
3638,7959.5,70416,19.999,842.38,218.59,0.58794
3639,7236.8,71767,31.718,605.76,270.97,0.38186
3639,7906.4,70355,13.32,767.25,240.14,0.52324
3640,6574.2,69908,29.682,349.37,181,0.31745
3640,7841.3,70251,9.5658,1038.4,294.8,0.55776
3640,7777.3,71775,27.575,838.5,534.37,0.22153
3641,7795.5,70199,13.246,2145.6,981.61,0.37221
3641,8011.3,71779,36.328,725.15,439.25,0.24554
3641,8151.3,72602,27.837,285.53,171.98,0.24819
3641,8963.7,72400,36,1014.9,710.17,0.17665
3642,7816.3,70292,28.985,888.43,554.5,0.23143
3642,8765,70891,31.465,545.14,251.29,0.36896
3643,9141.8,72567,32.611,350.88,218.33,0.23286
3644,7235.1,72075,29.516,474.97,269.55,0.27592
3645,8732.2,70494,29.112,505.3,494.82,0.01048
3645,9076.7,71377,28.779,362.87,268.53,0.14942
3648,6926,69971,19.768,665.38,329.27,0.33792
3651,6705,72718,27.077,483.13,294.77,0.24214
3652,6987.7,70941,30.621,309.29,208.01,0.19579
3658,7932.4,71130,32.018,231.32,124.84,0.29898
3659,7951.1,71141,31.533,462.49,360.8,0.12352
3659,8826,69868,33.131,395.22,262.76,0.20131
3660,6879.7,70646,35.243,661.17,367.61,0.28535
3661,9288,69754,29.845,589.02,257.11,0.39226
3663,7290.7,72620,22.702,973.35,701.41,0.16238
3664,7077.5,72703,26.158,709.08,372.86,0.31075
3669,7302.6,71063,24.66,837.5,488.35,0.26334
3670,7525,72045,25.281,566.55,703.12,-0.10756
3671,8172.8,70238,37.352,530.06,330.52,0.23186
3671,8406,70205,27.025,592.81,357.55,0.24755
3672,7996,70296,28.469,658.28,426.33,0.21385
3675,9272.4,72682,37.539,269.65,121.2,0.37982
3678,9275.5,71342,31.597,393.37,280.97,0.16668
3680,7182.5,69860,27.844,810.74,593.36,0.15482
3680,7889.5,69876,31.422,728.42,773.82,-0.030223
3680,8165.6,71291,30.452,536.35,656.86,-0.10099
3682,7721.8,71157,33.325,222.08,177.96,0.11028
3683,7686.6,72412,29.049,377.73,258.43,0.18753
3684,7841.7,72258,28.331,446.32,311.93,0.17724
3686,7752.2,70231,29.639,227.43,167.96,0.15042
3686,8994.9,69756,36.646,282.95,160.78,0.27532
3687,8761.9,71963,22.218,452.05,183.17,0.42329
3688,7640.6,72189,32.477,382.02,179.75,0.36006
3688,7840.7,69836,38.774,250.65,282.92,-0.060487
3689,7086.9,71554,31.207,378.62,217.29,0.27074
3689,7743.3,70090,27.133,451.37,304.17,0.19482
3689,9109.6,69943,36.469,327.09,279.65,0.078186
3690,7025.6,71516,26.304,458.48,275.56,0.24919
3691,7756.9,70977,26.909,451.69,304.57,0.19454
3692,7275.9,71831,26.655,438.57,249.65,0.2745
3692,8139.2,71509,29.681,798.99,305.83,0.44637
3692,8423.8,70334,38.041,644.5,336.17,0.31441
3693,7275.4,72167,30.981,424.01,350.81,0.094472
3693,8040.1,71591,36.269,362.38,158.11,0.39245
3693,8191.5,70364,32.19,489.04,323.03,0.20443
3696,7855.8,72515,30.296,425.77,421.27,0.00531
3697,7054.3,71134,26.211,261.8,169.38,0.21435
3699,7539.2,70408,32.48,493.97,227.88,0.36863
3699,7930.5,71985,33.755,383.05,226.8,0.25622
3699,9016.1,71381,32.677,298.83,264.99,0.06001
3700,7638.4,70052,31.042,695.13,532.71,0.13229
3701,7601.8,70296,18.339,498,300.97,0.24659
3702,6799.3,69983,34.393,416.15,228.44,0.29121
3702,7318.2,72247,34.587,491.41,412.4,0.087424
3704,7039.2,71233,27.355,990.52,802.48,0.10488
3705,7871.4,70512,25.171,432.16,227.36,0.31053
3706,7931.9,70524,25.165,510.75,266.74,0.31384
3706,9313.6,71895,33.67,210.56,114.9,0.29392
3708,7066.4,72560,26.833,351.58,153.57,0.39199
3708,9036.6,71445,31.115,320.02,196.43,0.23929
3710,9118.2,70691,21.799,580.56,363.22,0.23029
3711,9010.1,70472,19.255,673.83,334.28,0.33682
3713,6635.1,70427,31.157,411.35,292.87,0.16825
3714,7314.2,71615,32.299,114.62,127.45,-0.05302
3714,9102.5,72413,33.531,448.62,340.66,0.13679
3719,6875.7,69843,33.747,342.61,226.09,0.20489
3719,8656.5,71830,25.933,441.55,240.95,0.29391
3721,7450.5,70771,29.635,186.71,107.21,0.27047
3721,7666.9,70248,23.463,443.44,136.99,0.52797
3723,7262.8,72624,30.477,304.89,179.27,0.25946
3723,7370.9,72039,25.102,772.93,694.4,0.053523
3723,7756.7,71282,33.673,266.28,281.08,-0.027046
3723,8765.2,70935,26.013,243.33,195.1,0.11001
3723,9069,72336,31.192,581.98,238.06,0.41939
3724,7844,70285,18.403,847.16,482.11,0.27463
3724,7956.5,71503,31.671,282.37,141.24,0.33317
3725,7658.2,71741,34,609.7,624.64,-0.012098
3727,7916.3,71741,29.947,363.31,206.83,0.27446
3729,9368.8,69958,33.949,298.67,185.89,0.23274
3730,7887.4,72279,34.462,553.82,373.47,0.1945
3730,8339.6,71074,30.706,200.82,153,0.13514
3731,7895.1,72190,24.588,587.07,541.34,0.040533
3732,6807.3,69906,27.393,372.39,266.16,0.16637
3732,9029.2,71789,25.477,1104.3,529.09,0.35216
3733,7382.8,72498,30.847,713.08,405.51,0.27496
3733,9116.9,72076,34.248,1079.4,819.41,0.13694
3740,6773.2,72269,32.448,480.46,258.3,0.30072
3740,9299.5,70473,25.734,761.96,272.87,0.47263
3743,7157.4,71665,32.338,258.8,267.78,-0.017059
3743,8090.7,70075,20.552,437.24,202.61,0.36669
3744,6900.2,71405,35.858,277.4,103.06,0.45823
3744,7040.8,70042,22.431,1065.9,723.26,0.19149
3745,6536,69866,32.661,611.9,408.31,0.19956
3745,7672,71041,35.583,432.57,170.61,0.4343
3745,8252.5,70374,25.065,278.25,100.8,0.46816
3745,8972.3,70319,33.266,529.11,254.13,0.35109
3746,7835.2,71015,36.963,670.42,498.26,0.1473
3747,8603,70250,16.477,567.45,260.44,0.37084
3748,7481,71493,30.925,417.96,267.68,0.21917
3748,8934.8,70428,20.67,512.66,338.92,0.20402
3749,8114.2,71194,28.79,403.64,349.85,0.071379
3753,8523.2,71106,35.41,475.18,443.77,0.034183
3754,8564.7,71027,32.388,256.11,205.61,0.10938
3755,8562.2,71106,29.931,824.12,306.02,0.45844
3757,7767.7,69754,30.058,471.78,552.04,-0.078392
3757,7821.9,71318,23.694,398.51,185.41,0.36494
3758,9243,69747,32.832,374.34,176.33,0.35959
3760,7768.1,70097,28.084,593.03,346.6,0.26226
3761,8861.8,72693,20.564,909.6,461.84,0.32648
3762,8929.7,72668,33.069,260.88,141.33,0.29722
3763,8539.4,70242,33.286,372.28,335.81,0.051513
3764,9099.2,71861,33.5,610.74,211.17,0.48616
3765,8967,71792,25.127,427.42,236.59,0.28739
3766,7569.5,72536,28.093,423.38,388.06,0.043528
3766,8145.5,71322,30.947,399.31,293.23,0.15318
3766,8701.7,71919,32.936,422.68,230.9,0.29343
3767,7332.5,69732,33.512,232.19,213.48,0.04198
3774,7776.5,70824,34.084,348,341.87,0.008881
3774,7790.4,71960,34.814,786.84,373.65,0.35604
3775,6796.6,69867,28.308,815.72,703.6,0.073797
3775,8279.3,72374,31.173,368.91,245.11,0.20163
3778,8141.9,72287,27.294,311,181.23,0.26364
3778,8820.5,71952,36.201,254.18,135.14,0.30578
3779,8271.5,71082,27.002,138.39,100.76,0.15733
3779,8424,72492,24.106,635.77,212.11,0.49966
3780,7194.1,69790,34.68,251.5,246.17,0.010714
3780,8477.8,72584,25.188,815.65,653.6,0.11029
3782,9107.9,71539,36.39,284.72,140.39,0.33951
3783,9185.4,70536,32.226,491.95,225.85,0.37071
3786,9114.1,71045,29.243,236.77,223.52,0.028784
3787,8394.3,71172,35.518,329.28,227.17,0.18351
3791,8442.4,70165,33.06,329.09,164.03,0.33473
3791,9084.2,69870,22.132,660.65,244.57,0.45965
3793,7191.5,70835,36.359,695.95,551.35,0.11593
3799,9199.9,70794,33.464,926.37,354.02,0.44701
3799,9211.4,71001,33.219,843.39,272.44,0.51168
3800,9264,70651,31.814,304.99,227.79,0.1449
3801,7351.3,71648,25.256,526.58,259.82,0.33921
3801,7752.4,70891,35.644,265.56,148.5,0.28272
3804,6831.7,72413,19.84,553.03,331.29,0.25075
3804,8770.6,70923,29.991,380.57,237.73,0.23101
3805,6890.5,70102,20.988,856.37,934.5,-0.043624
3806,6895.2,70075,17.319,686.08,619.71,0.050822
3806,9057,70115,26.829,736.41,399.62,0.29646
3806,9114.1,70335,32.074,887.93,618.38,0.17895
3810,8896.3,71606,25.877,1504.4,1158.4,0.12993
3810,9162.4,70412,33.499,799.87,545.26,0.18928
3812,9057.5,70567,26.061,799.95,323.07,0.42464
3813,8977.6,70136,35.037,436.22,241.73,0.28688
3813,9084.6,70579,25.776,552.75,309.38,0.2823
3814,7886,70393,22.233,878.97,526.42,0.25085
3815,8430.6,72473,27.538,468.35,222.78,0.35531
3816,7817.8,70484,24.483,449.96,325.8,0.16005
3816,9395.2,71335,36.274,847.02,318.26,0.45376
3818,9023.8,71735,31.189,339.92,126.54,0.45744
3819,6938.8,71648,27.453,288.05,213.32,0.14905
3820,9344.8,72024,26.625,353.3,219.24,0.23415
3821,7233.3,70321,27.899,252.23,119.67,0.35644
3824,6934.9,71022,31.226,377.67,313.24,0.093255
3824,7919.2,70860,34.324,405.67,215.56,0.30603
3825,7037.3,70876,34.848,306.42,229.19,0.1442
3829,7875.7,72629,34.902,191.33,162.57,0.081271
3830,6448.1,70053,35.191,333.34,248.85,0.14513
3830,6717.7,71401,32.443,475.17,229.49,0.34864
3830,7632.1,72047,38.354,694.78,662.99,0.023411
3831,6630.1,71328,35.424,181.1,252.09,-0.16386
3832,6584.4,70059,22.227,816.28,398.57,0.34384
3834,7780,70441,24.231,308.4,105.53,0.49012
3834,8163,72669,23.433,443.22,406.9,0.042723
3835,7739.3,72179,26.881,365.33,206.88,0.27692
3835,9097.9,70913,22.713,227.19,118.02,0.31623
3838,7188.2,69938,22.63,1138.9,558.44,0.34197
3839,7289.6,70135,27.379,426.33,237.34,0.28477
3839,7329,72409,29.451,776.18,434.63,0.28209
3839,9419.3,72628,33.754,254.65,273.5,-0.035693
3840,7276.3,70091,24.993,603.05,301.4,0.33352
3840,7330.7,71123,37.831,330.7,193.86,0.26087
3841,6517.8,71523,36.662,516.59,451.59,0.06713
3841,6672.7,70824,30.962,385.25,155.91,0.4238
3843,6725.9,69976,24.162,532.49,254.76,0.35279
3844,6827.4,69778,27.449,690.21,683.46,0.0049117
3845,7880.7,72103,18.455,263.01,209.28,0.11377
3845,9258.6,71596,33.044,687.26,452.22,0.20627
3846,8397.8,70677,34.482,505.78,488.54,0.01734
3847,6693,70558,30.415,252.02,185.66,0.1516
3847,9099.1,69910,34.876,712.46,791.46,-0.052524
3848,6466.9,69903,29.122,331.55,351.46,-0.029153
3848,7811.3,71390,36.668,274.98,127.71,0.36571
3848,8841,72625,30.155,612.71,430.32,0.17486
3848,9139.1,69999,16.963,336.29,317.39,0.028912
3849,9133.3,70018,16.369,535.31,355.47,0.20189
3850,7331.6,71284,32.479,400.3,349.74,0.067409
3851,7195.7,71669,20.188,922.31,485.8,0.31
3853,7756.4,71710,28.174,351.47,301.54,0.076449
3856,8118.3,72170,32.255,488.85,520.12,-0.030995
3858,6709.8,71119,35.554,556.35,154.97,0.56427
3858,8599,71244,31.749,293,187.76,0.21889
3860,7578.4,70418,25.17,531.85,319.35,0.24964
3861,6567.1,70735,27.52,753.91,470.44,0.23152
3861,8162.6,72583,26.14,613.57,479.94,0.12221
3861,8379,71050,30.42,318.17,158.04,0.33626
3862,6493.7,70775,33.846,638.45,265.18,0.41308
3862,7055.5,70146,29.981,418.14,196.44,0.36074
3862,7258.1,72294,39.678,681.22,226.69,0.50063
3863,7325.5,72172,36.009,330.44,185.49,0.28096
3863,8279.5,70642,26.082,428.65,208.02,0.34654
3864,7670.8,72049,31.699,555.66,307.67,0.28726
3864,8125,69997,36.099,1007.8,576.3,0.27241
3864,9303.7,72130,32.863,488.14,483.85,0.0044112
3865,7860.6,70314,18.228,842.19,573.19,0.19005
3866,6682.6,71080,32.774,662.99,248.97,0.45399
3866,7111.7,72413,32.038,241.99,152.6,0.22654
3866,8518,70252,39.416,431.74,302.6,0.17586
3867,8355.3,70317,22.728,643.46,373.44,0.26553
3867,9132.4,72094,38.254,363.95,250.38,0.18487
3869,8206.8,71215,33.468,136.31,562.13,-0.60967
3870,8335.6,70125,35.82,270.91,155.94,0.26933
3871,8223.3,71036,36.64,618.82,1656.2,-0.45598
3873,8918.6,72392,29.222,745.79,346.26,0.36585
3874,7264.7,72580,35.543,328.95,318.96,0.015419
3874,8311.3,71038,32.407,266.94,349.74,-0.13426
3874,9160.3,72518,30.744,527.84,316.94,0.24965
3875,6844.7,69902,24.76,496.85,424.68,0.078316
3875,8329.8,71084,24.229,854.41,1629.6,-0.31207
3876,8396.4,71195,21.988,554.78,821.7,-0.19392
3877,7588.3,70395,25.008,228.67,120.09,0.31133
3877,8019.5,71340,21.108,479.84,542.27,-0.061074
3877,8383.8,72317,30.815,518.22,200.81,0.44145
3878,8037,71308,15.524,1449.9,1203.7,0.09279
3878,8516.8,69808,32.937,328.69,295.52,0.053152
3879,8044.3,71185,10.338,962.52,641.12,0.20042
3880,8202,70346,31.614,322.16,202.8,0.22736
3881,9044,70560,20.078,583.14,343.59,0.25849
3883,8621,70189,37.909,167.79,204.16,-0.097768
3885,6871.6,72085,31.249,597.82,726.28,-0.097019
3886,6782.3,69815,26.691,806.08,476.85,0.25663
3886,6784,69923,44.304,744.95,359.72,0.34872
3887,6661.1,69801,32.201,690.8,620.74,0.053418
3887,9304.2,70408,28.738,269.94,186.67,0.18236
3888,7296,70176,30.195,629.08,466.2,0.14871
3889,7163.4,70483,30.671,430.16,194.21,0.37789
3889,8197.5,70387,31.87,679.62,328.64,0.34811
3889,9145,69955,27.123,380.23,306.81,0.10686
3890,7343.1,71353,32.001,333.13,234.56,0.17363
3891,8334.3,71165,31.684,319.12,225.12,0.17271
3892,8260,71222,23.967,524.33,367.91,0.17531
3893,6461.3,69943,27.338,369.44,149.26,0.42448
3893,8119.7,71197,38.81,629.26,197.14,0.5229
3895,6913.2,72433,33.833,435.73,152.93,0.48041
3896,6664.6,70970,26.207,517.16,355.85,0.18477
3898,8954.3,71066,38.606,224.62,175.62,0.12244
3900,9096.7,71414,22.699,277.23,421.11,-0.20603
3904,8972.4,71478,22.951,681.75,330.52,0.34697
3905,8103.2,71543,27.776,641.2,355.24,0.28698
3906,8955.2,71434,25.652,565.94,244.28,0.397
3907,8029.1,71117,30.751,304.87,257.59,0.084069
3908,8490.6,70413,33.704,807.22,933.08,-0.072325
3911,6659.5,71441,37.93,354.01,286.21,0.10591
3911,8727.8,72009,25.241,499.42,186.99,0.45517
3913,6604.2,70252,30.844,837.29,355.78,0.40359
3913,7687.8,70270,14.925,1144.5,672.18,0.26001
3913,8735.1,71973,33.706,181.88,115.6,0.22281
3914,6922.4,69909,21.467,1166.6,1016.7,0.06867
3914,9371.1,71536,26.705,434.92,193.28,0.38466
3915,6908.6,69877,19.865,572.14,369.96,0.21461
3915,7622.3,70354,22.429,483.81,353.56,0.15554
3915,9345.2,70905,21.946,1083.7,643.26,0.25505
3916,6965.2,69946,15.817,1044.3,442.48,0.40478
3916,8383.7,70928,30.09,263.2,248.62,0.028491
3916,9268,70829,25.817,673.19,444.93,0.20414
3917,8365.3,71246,24.885,990.14,734.93,0.14794
3917,8764.2,71948,24.41,282.63,153.37,0.29647
3918,7635.3,70354,28.765,230.96,407.39,-0.27637
3919,7396.5,72044,27.862,258.75,226.01,0.067557
3919,8656.8,72019,24.269,412.75,412.35,0.0004836
3920,8718.4,72030,29.575,333.58,175.31,0.31102
3921,6860.3,71189,19.802,430.71,323.25,0.14253
3921,9087.8,70760,26.199,452.63,261.85,0.26702
3922,6965.4,71234,22.726,769.49,832.9,-0.039577
3922,9188.2,69942,20.603,451.87,515.86,-0.066122
3922,9232.4,70962,31.767,232.79,158.49,0.18987
3924,7036.9,71416,17.897,261.42,262.59,-0.0022415
3925,7660,70442,26.605,557.45,279.22,0.33255
3926,7676.6,70142,18.969,419.96,207.94,0.33766
3926,9377.2,72375,33.264,415.73,354.85,0.079002
3927,7402.9,72180,36.348,275.63,203.28,0.15108
3929,7003,72266,26.925,950.1,743.42,0.12204
3932,8898,72064,33.913,363.27,181.23,0.33433
3940,7528.1,70045,32.62,440.3,390.37,0.060108
3940,8786,71903,26.097,704.07,661.72,0.031005
3941,8993.1,71462,33.57,955.97,456.37,0.35374
3941,8986.5,71938,24.309,1335.9,824.38,0.23679
3941,9263.2,70619,25.536,511.94,264.03,0.31948
3942,9332.6,71601,33.797,991.64,547.48,0.28858
3943,9149.1,72606,33.994,523.83,279.87,0.30354
3943,9370.9,71649,30.6,331.19,206.28,0.23239
3944,7218.5,71633,29.326,542.97,250.71,0.36823
3944,8539.9,70314,26.651,347.26,454.16,-0.13339
3944,8495.7,71567,37.633,355.32,175.15,0.33964
3944,9254.6,71596,32.715,400.99,181.78,0.37614
3945,8593.2,71219,31.853,324.6,251.69,0.12652
3945,8727.9,70049,33.135,701.7,727.98,-0.018376
3947,8521.4,70353,19.49,731.45,457.53,0.23039
3949,7684,72098,36.574,219.8,141.64,0.21625
3949,8746.4,70692,29.52,491.6,580,-0.082496
3950,7715,70540,34.123,415.92,366.96,0.062534
3950,8421.5,71236,28.688,628.2,486.15,0.12748
3950,8940.1,70453,30.469,335.56,164.43,0.34227
3951,7872.7,70576,22.577,720.36,467.22,0.21316
3951,9024.7,69999,11.818,699.98,129.53,0.6877
3952,8038.2,70698,23.012,812.56,468.78,0.2683
3953,9013.3,70001,7.8099,1035.3,200.88,0.67501
3954,8428.5,70923,31.446,193.18,138.34,0.16543
3954,9023.7,69986,8.6798,1050.6,159.37,0.73657
3955,9012.8,69998,12.45,734.51,198.72,0.57412
3956,8419.8,71174,30.033,421.8,218.57,0.31737
3957,8415.1,70478,32.111,502.82,378.38,0.14122
3958,8650,70417,20.974,578.68,380.37,0.20678
3959,6667.4,71307,37.695,698.77,456.35,0.20987
3961,6544.6,71600,33.622,221.44,213.47,0.018333
3963,7765.1,72243,23.744,383.17,135.85,0.47652
3964,7113.2,71744,32.68,435.05,170.06,0.43794
3964,9130,69735,26.19,409.25,169.67,0.41385
3965,6712.6,71820,36.755,403.3,198.44,0.34045
3970,8349.3,71200,29.483,225.9,148.29,0.20739
3970,8843.8,70863,26.084,309.43,188.65,0.2425
3971,8508.1,69915,24.325,517.01,310.68,0.24928
3971,8790.7,70436,36.325,388.23,279.28,0.16321
3972,8911.8,70445,22.131,685.34,409.95,0.25143
3974,7615.4,70216,14.304,598.64,594.31,0.0036294
3974,8424.9,70457,28.279,753.66,498.42,0.20385
3975,8325.9,69766,32.451,254.56,267.85,-0.025427
3976,8614.6,71156,37.723,314.58,322.56,-0.012534
3978,7501.1,70083,35.67,290.53,301.01,-0.01772
3978,8247.8,71156,28.978,489.32,296.83,0.24485
3979,8381.5,71351,31.342,730.18,353.97,0.34701
3982,7791,71543,35.981,275.24,143.77,0.31376
3985,7003.9,69775,28.458,433.25,294.43,0.19076
3985,7583.6,72202,26.945,470.05,293.73,0.23085
3986,7061.7,70009,18.829,533.51,299.07,0.28159
3986,7610,71809,30.762,566.89,275.29,0.34625
3986,8954.9,70763,30.075,649,548.62,0.083815
3986,9280.8,71676,36.474,365.6,259.22,0.17027
3987,7640.9,71853,27.365,206.15,113.88,0.28832
3990,8888.5,71601,27.149,262.01,113.67,0.39485
3992,8278.2,71014,27.787,354.84,376.51,-0.02964
3992,9030,69829,28.748,647.51,525.97,0.10357
3993,7574.2,71586,33.633,659.71,412.82,0.23019
3993,8936.8,71397,25.801,500.66,235.68,0.35987
3995,7753,71362,30.852,482.83,388.12,0.10874
3996,9278,72046,31.147,330.51,225.97,0.18785
3997,7435.8,71510,24.271,391.9,365.08,0.035432
3997,7436.4,69970,43.054,867.09,420.75,0.34657
3998,8418.8,70401,38.1,941.28,796.79,0.083133
4002,6683.2,72200,30.736,593.51,245.04,0.41557
4004,7707.8,72342,23.146,341.03,119.28,0.48174
4005,7008.2,71160,30.628,636.18,311.83,0.34214
4006,7892.2,70329,30.093,784.52,442.5,0.27873
4007,7744.5,70370,27.457,345.52,482.72,-0.16565
4007,8195.4,72142,23.588,633.56,316.47,0.33377
4008,8007.1,70646,20.373,1509.2,955.37,0.22473
4008,9224.1,69877,36.374,532.41,376.26,0.17184
4009,7992.3,70708,34.026,695.98,309.91,0.38381
4009,7964.1,70658,35.354,549.84,195.4,0.4756
4009,9007.3,69813,26.985,403.73,147.07,0.46597
4010,8643.8,71899,29.168,275.82,121.66,0.38783
4011,8509.2,71902,25.345,695.11,427.99,0.23784
4012,8525.6,71806,25.593,505.62,315.8,0.23108
4013,8211.2,71835,28.812,413.93,291.39,0.17374
4023,9061.5,70955,28.666,265,112.26,0.40486
4026,8186.4,71488,31.133,447.62,262.19,0.26124
4027,8145.1,71350,36.475,415.84,409.89,0.0072022
4029,7757.3,71118,27.307,665.28,332.11,0.33404
4031,8795,72378,28.978,403.87,306.34,0.13732
4032,7467.4,72196,34.612,224.4,130.84,0.26335
4032,8765.7,72100,30.266,608.06,273.96,0.37879
4033,9072.4,70228,32.146,600.53,330.96,0.2894
4035,7324.6,71968,35.136,522.23,219.72,0.40772
4036,8424,72394,24.308,351.14,235.19,0.19775
4036,9163.3,70312,23.748,441.49,250.94,0.2752
4037,7622,71560,31.687,499.66,459.23,0.042171
4038,6553.9,71240,23.797,315.47,166.63,0.30873
4038,7996.7,71229,29.945,914.61,476.64,0.3148
4041,6530.5,70508,21.142,868.55,639.41,0.15196
4041,8311.1,72248,31.638,402.13,181.99,0.37687
4042,8236.4,71282,35.625,183.71,190.97,-0.019368
4043,6743,70612,23.79,495.82,250.86,0.32806
4048,6463.2,70233,32.873,355.95,226.46,0.22233
4048,7598.1,71010,26.452,397.47,182.43,0.37081
4051,7475.9,71807,28.68,1082.9,801.71,0.14919
4052,7370.5,71726,31.773,861.42,384.84,0.38241
4052,8952.4,70563,32.114,319.84,170.64,0.30418
4053,7498.8,70404,18.428,793.89,234.78,0.54354
4054,8781.4,71430,25.388,1140.2,576.51,0.32836
4055,6734.1,70734,28.667,267.52,126.73,0.35711
4055,8885.1,71054,35.632,551.52,302.84,0.29107
4055,8925.6,71650,31.446,641.43,629.91,0.0090664
4059,8073.8,71920,35.744,309.14,312.58,-0.0055358
4060,6636.9,71231,34.47,334.86,229.08,0.18758
4060,8241.2,71027,23.408,1293.5,853.1,0.20515
4061,6688.9,72168,36.709,176.3,385.56,-0.37243
4061,8182.3,71042,28.207,601.56,474.58,0.11799
4061,9122.2,69980,21.135,421.42,124.62,0.54356
4062,7884.6,71011,26.75,339.4,117.13,0.48688
4063,6551.3,71517,30.961,139.89,261.69,-0.3033
4063,7352.4,71312,32.319,307.32,122.39,0.43038
4068,7028.1,71489,30.797,521.57,268.04,0.32108
4069,9027.4,71857,33.079,316.91,146.7,0.36714
4070,8794.2,72274,26.541,269.18,147.8,0.29109
4072,8027.2,70249,34.944,259.14,181.7,0.17568
4073,7426.8,70228,31.952,294.59,201.97,0.18652
4074,7384.3,70235,33.246,312.24,280.44,0.053669
4075,7479,70311,32.641,338.41,250.26,0.14974
4076,7660,70202,15.963,956.33,523.1,0.29283
4077,7654.2,70243,26.647,565.57,286.86,0.32696
4079,6520.7,72567,34.632,439.62,386.41,0.064416
4079,6805.3,69929,29.518,489.28,143,0.54766
4080,6634.5,72466,30.806,230.46,217.34,0.029312
4081,6937.6,70206,34.281,455.92,236.03,0.31778
4082,7319.8,70207,37.084,603.01,388,0.21696
4083,7440.6,70178,26.425,593.64,353.17,0.25398
4085,8326.6,71291,28.141,392.92,253.45,0.21577
4085,8654.3,69828,35.567,400.05,271.55,0.19134
4085,9177.3,69877,27.334,239.78,101.95,0.40335
4086,7379.6,72614,32.589,864.11,721.6,0.089871
4086,8279.5,71544,28.199,276.22,107.16,0.44097
4087,7054.7,71588,34.142,753.31,453.67,0.24826
4087,8626,70118,37.42,1085.2,463.48,0.40146
4088,8701.1,70541,24.959,640.9,382.3,0.25273
4089,7595.7,70418,26.499,378.96,190.87,0.33008
4089,8043.7,72010,29.88,260.7,197.37,0.13825
4089,8945.7,70746,27.703,1114.4,649.63,0.26346
4090,7691.1,71683,36.854,314.69,274.09,0.068951
4090,8514.4,70484,21.911,310.4,183.59,0.2567
4091,7405.3,70272,36.343,459.7,443.02,0.018468
4093,6900.7,72139,31.723,353.05,132.43,0.45444
4095,9102,70385,31.165,783.94,218.61,0.56389
4096,8023.1,72710,37.321,293.31,400.34,-0.15429
4097,6670.8,70711,29.21,450.41,293.09,0.2116
4097,7946.4,72687,36.571,541.45,792.84,-0.18841
4098,9046.7,70107,32.618,222.53,157.62,0.17075
4099,7079.9,72561,31.83,307.49,144.52,0.36055
4099,7253.3,69811,32.428,503.87,355.37,0.17283
4099,8019.9,72328,35.24,156.36,273.48,-0.27249
4100,7968.9,72327,28.163,360.32,533.05,-0.19334
4101,8924.9,70144,29.377,389.04,150.18,0.44297
4101,9388.6,70329,31.827,533.57,280.19,0.31137
4102,6825.7,72045,36.258,432.31,263.84,0.242
4102,8125.9,72347,25.704,289.61,302.42,-0.02164
4103,6422.6,69851,26.793,1411.7,764.39,0.29746
4103,6655.5,70656,28.012,893.65,445.27,0.33488
4103,7027,71892,28.448,321.98,299.69,0.03585
4103,8175.5,72304,26.319,214.19,300.57,-0.16782
4104,6485.3,69807,26.675,259.35,145.26,0.28198
4107,7718.6,71144,25.551,292.9,205.86,0.17453
4107,9254.7,70186,30.109,239.47,112.14,0.36214
4108,7767.3,71013,25.373,819.58,238.09,0.54978
4108,7807.4,72286,35.254,470.26,530.18,-0.059901
4108,9181.8,70109,38.915,801.94,446.49,0.28472
4109,8697.4,70580,34.77,390.83,275.66,0.17281
4110,9089.2,71310,31.395,365.26,190.56,0.31432
4111,7307,71441,33.06,1113,243.14,0.64142
4111,8224.9,71411,26.846,995.02,532.21,0.30304
4116,8525.9,71687,31.093,576.38,424.88,0.15131
4118,6623.1,69892,19.714,564.16,414.6,0.1528
4118,8991.1,71337,25.732,1283.3,660.94,0.32011
4118,9066.4,71812,21.375,802.31,376.63,0.36107
4119,9206.5,72063,31.45,800.05,439.6,0.29077
4120,7184,72251,25.273,534.26,375.99,0.17387
4121,7381.7,72389,35.829,242.99,301.18,-0.10695
4121,9088.3,72034,26.895,537.5,264.79,0.33992
4122,7217.8,72390,33.312,256.88,250.64,0.012293
4122,7634.9,70478,15.242,517.72,210.11,0.42263
4123,7704.1,70511,21.751,521.55,212.34,0.42134
4125,7928.2,69854,35.285,396.74,227.85,0.27041
4127,7318.5,72199,36.575,224.95,170.5,0.1377
4128,7435.2,72027,29.078,492.75,644.26,-0.13325
4130,9392.6,70260,29.638,606.87,327.84,0.29852
4131,6505.9,70560,31.105,350.4,318.42,0.047811
4132,8190.2,71192,36.21,330.88,141.92,0.39966
4132,9327.2,70291,28.389,448.89,224.39,0.33344
4133,7890.5,70792,33.048,574.14,159.71,0.56473
4133,9196.9,70484,24.979,571.89,187.01,0.50714
4134,7964.2,71417,37.562,952.04,553.89,0.26438
4134,9071.2,70685,37.583,659.25,334.25,0.32712
4135,6541.3,70671,28.953,358.23,247.27,0.18326
4135,7634.4,70625,20.288,387.3,217.9,0.27991
4136,6834.5,69990,16.509,564.16,265.61,0.3598
4138,6747.1,70864,22.599,659.33,277.19,0.40804
4138,6949.1,71744,29.151,263.63,205.48,0.12395
4139,6877.7,71688,22.65,538.78,315.51,0.26136
4140,9337.9,70933,23.684,556.37,232.07,0.41131
4141,7899.2,71320,30.069,509.12,331.59,0.21116
4141,8470.1,71542,34.693,724.45,333.8,0.36915
4142,6797.2,71174,22.758,985.39,504.26,0.32298
4143,6904.2,69920,35.43,1276.7,1477.2,-0.072792
4143,6801.6,71139,29.583,884.55,816.43,0.040047
4144,6866.6,69969,11.399,1025,1199.4,-0.078419
4144,7863.7,70411,24.231,1244.8,747.9,0.24935
4145,6644.8,72019,31.742,419.95,230.84,0.29058
4145,6932.5,69859,17.815,792.48,1013.9,-0.12259
4145,8008.7,70498,26.043,395.61,417.22,-0.026582
4145,8615.3,72319,25.007,243.43,226.22,0.036633
4146,7027.2,69994,32.512,421.01,284.27,0.19388
4146,8408.4,70155,27.146,195.02,601.94,-0.5106
4147,7054.4,70015,28.634,687.04,381.13,0.28638
4147,8557.6,72451,36.696,293.93,164.68,0.28183
4148,7270,71349,28.774,515.94,205.92,0.42947
4148,7408.5,69778,23.609,491.12,192.6,0.43661
4148,8314,70651,19.76,367.34,269.13,0.1543
4149,6612.7,70764,35.372,359.26,220.07,0.24026
4150,7665.7,71317,23.68,375.26,307.35,0.099482
4152,6778.2,71070,31.623,415.54,123.51,0.54175
4153,7096.6,72621,41.723,490.75,365.95,0.14568
4154,7033.5,72514,21.566,777.2,603.69,0.12565
4155,7088.8,72421,30.342,613.42,300.84,0.34189
4156,7796,69771,37.147,476.53,256.79,0.29965
4156,8180.5,70772,27.565,741.62,378.54,0.32413
4158,6497,69760,19.491,709.39,352.09,0.33661
4158,7933.4,71245,29.264,663.85,310.36,0.36285
4159,7786.9,71277,25.828,360.38,310.32,0.074646
4160,7695.4,71753,29.137,541.45,331.31,0.24078
4160,9051.6,72328,35.4,341.43,250.01,0.15456
4161,7174.5,72502,24.28,1085.6,672.83,0.23473
4161,7607.4,70237,32.217,654.43,721.38,-0.048661
4161,7820.4,71474,39.846,654.3,367.12,0.28116
4162,7945.4,71433,19.721,919.31,546.83,0.25406
4163,7724.1,72377,28.239,349.3,170.15,0.34489
4164,8249.5,72227,31.537,557.67,194.8,0.48223
4165,7985.2,71251,33.738,726.6,487.4,0.19704
4166,6680.9,70038,32.357,288.03,147.2,0.32358
4166,7600.6,70158,28.292,551.17,308.94,0.28163
4166,7958.1,71263,26.601,816.92,525.54,0.21705
4166,8251.6,72567,28.037,413.8,279.4,0.19388
4167,8061.9,71224,26.169,391.11,273.06,0.17773
4169,7704.6,70077,25.757,321.38,124.08,0.44292
4171,6961.9,69927,20.847,676.24,696.67,-0.014885
4171,7121.2,70753,35.712,312.78,509.16,-0.23892
4171,8463.8,72712,31.008,249.7,188.75,0.13902
4171,8723.5,71946,36.588,659.27,230.66,0.48163
4172,6942.9,69914,20.75,650.92,673.07,-0.016723
4172,8514.1,72587,30.787,546.65,503.05,0.041538
4173,7706.1,70501,27.077,684.33,493.11,0.16241
4173,8479.8,72529,26.839,481.19,350.13,0.15766
4174,7696.8,70483,15.683,708.91,476.44,0.19611
4174,8412.9,72535,25.998,656.93,408.36,0.23334
4177,9110.6,71019,26.568,470.44,415.62,0.06187
4179,7537.2,70250,31.212,833.09,521.56,0.22997
4181,7010.2,70495,28.024,512.16,284.85,0.2852
4181,8199.1,71421,29.669,449.83,264.41,0.2596
4183,6564.4,70724,37.312,824.49,490.53,0.25396
4184,6522.4,71117,28.385,624.29,471.44,0.13949
4185,7865,70405,33.618,466.1,418.75,0.053517
4186,9158,70423,25.467,487.58,365.89,0.14259
4187,6611.3,71323,38.261,440.64,307.5,0.17796
4190,6644.6,70760,29.386,642.38,335.69,0.31356
4191,6443.3,69768,22.71,828.2,299.42,0.46894
4191,6612.7,70519,18.928,586.77,269.88,0.36991
4191,7429.9,71952,18.8,1265.6,745.1,0.25888
4192,7580.5,71491,42.19,1031.7,404.63,0.43658
4192,9388.7,70484,29.1,363.79,303.72,0.089986
4193,6965,69843,14.498,399.64,403.99,-0.0054087
4194,6479.8,70391,28.969,686.67,364.45,0.30654
4194,7000.3,69798,17.322,671.81,548.24,0.10129
4194,8534.5,72683,37.717,373.87,162.74,0.39346
4195,7253.5,69734,35.135,445.25,325.48,0.15539
4196,6673.7,70948,34.774,410.37,359.35,0.066291
4196,7539.8,71529,24.491,823.43,536.61,0.21089
4197,6698.3,70993,29.54,317.37,244.83,0.12903
4197,7477.1,71527,24.483,624.69,291.9,0.36308
4197,7542.7,70210,25.112,586.27,386.03,0.20594
4198,7504.2,71373,26.715,913.32,587.08,0.21743
4199,9132.7,71780,25.758,692.26,485.68,0.17537
4200,6748.5,70634,34.447,310.69,287.16,0.039369
4201,7773.3,71792,35.232,435.71,244.74,0.28066
4202,7651.6,70312,19.313,611.73,257.29,0.40786
4202,7631.6,71810,33.775,225.52,176.23,0.12267
4203,7425.1,70180,35.484,480.24,330.82,0.18422
4203,8462.1,70930,28.148,288.62,474.55,-0.24363
4204,7228.4,69958,31.934,333.46,132.68,0.43072
4206,6688.6,69935,35.261,139.93,109.99,0.11979
4206,7532,70023,28.83,347.39,172.54,0.33629
4207,8196.7,71131,27.009,393.58,300.99,0.13331
4208,6945.2,70560,33.72,247.72,226.74,0.044211
4208,7415.9,72488,25.95,677.2,373.14,0.28948
4208,8411.5,71261,28.311,396.27,141.21,0.47455
4210,8035.8,70998,25.779,520.87,352.69,0.19252
4211,7479.3,70011,34.366,233.59,279.8,-0.089995
4211,8759.1,71816,31.421,447.21,320.6,0.1649
4212,8872.2,71938,26.617,329.53,203.08,0.23742
4212,9226,70205,32.662,447.22,291.66,0.21054
4213,7504.2,70102,35.91,322.9,159.7,0.33817
4213,8846.6,72205,32.925,398.77,134.75,0.49485
4213,9115.9,70299,29.345,317.94,432.66,-0.15285
4214,7651.8,70235,21.282,1016.2,284.11,0.563
4214,8223.2,71139,26.157,445.51,360.64,0.10528
4215,9281.7,70465,35.79,491.86,396.23,0.10768
4216,7887,71750,32.733,466.72,232.13,0.33568
4216,9283.4,70492,17.183,1374.3,1024.2,0.146
4217,9235,70646,39.163,324.2,153.71,0.35673
4218,7202.9,72539,39.22,152.63,110.39,0.16062
4218,7560.3,71583,30.441,257.33,132.96,0.31866
4219,7640.8,71679,29.406,375.72,242.06,0.21635
4220,8867.9,70542,32.627,423.58,308.8,0.15672
4220,9075.1,71439,15.613,395.54,218.17,0.28901
4221,8454,70366,38.274,456.75,415.23,0.047612
4221,8970.4,71514,15.828,483.15,355.21,0.1526
4223,6484.4,70576,36.478,379.57,328,0.07288
4224,6773.5,71137,37.424,241.86,144.32,0.25259
4224,8272.1,71318,32.249,320.65,332.79,-0.018586
4225,6517.1,69907,35.713,746.95,615.83,0.096218
4226,7157.9,71934,34.16,303.02,157.34,0.31644
4227,7140.7,71845,34.713,296.35,114.73,0.44183
4227,7444.8,71291,35.166,699.72,376.18,0.30071
4228,7521.8,71162,35.018,249.47,170.86,0.187
4228,8283.5,71247,35.962,396.5,223.61,0.2788
4231,7025.9,70652,11.548,704.11,102.63,0.74556
4232,6669.8,72424,36.052,511.27,355.3,0.17998
4233,7132.2,70818,11.096,904.48,114.87,0.77463
4233,7577.6,72491,30.221,781.11,589.76,0.13958
4234,8172.4,71287,30.627,216.64,211.98,0.010855
4235,6525.8,71551,32.193,197.6,167.84,0.081443
4235,7526.2,72079,24.325,527.82,273.24,0.3178
4238,7846.6,71649,36.657,310.08,214.86,0.1814
4239,6719.8,69859,27.627,613.66,349.18,0.27469
4239,7670.6,71058,34.511,442.5,226.76,0.32235
4239,8207.8,69914,31.622,276.65,422.81,-0.20896
4240,9389,70975,23.9,236.08,172.78,0.15481
4241,7376,72673,28.447,345.76,305.64,0.061596
4241,7482.3,70091,38.353,303.25,256.13,0.084226
4244,7335.4,71890,27.16,268.58,194.84,0.15913
4246,7110.8,70270,28.945,798.15,426.02,0.30399
4247,7228.5,72181,36.035,316.71,224.84,0.16965
4247,7478.6,70442,29.454,560.39,326.11,0.26428
4247,8225,71247,32.735,462.21,503.28,-0.042535
4247,8647.1,70472,31.731,310.04,272.5,0.064438
4248,6789.6,71101,28.486,659.29,304.36,0.36832
4248,7552.9,70496,20.245,469.4,192.61,0.41811
4249,7623.2,70499,29.959,1002.8,821.43,0.099397
4250,7008.3,72527,22.51,705.21,174.17,0.60388
4250,8092.2,71047,32.521,376.7,132.34,0.48005
4251,6558.6,72376,30.766,497.86,194.35,0.43847
4251,7374.8,71583,31.44,365.49,289.34,0.11629
4255,8091.9,70472,25.177,216.8,176.93,0.10126
4256,9207.6,69945,27.579,184.86,229.12,-0.10693
4259,7212.4,70183,34.985,437.79,339.49,0.12646
4260,6718.1,70067,27.203,223.7,128.86,0.26899
4261,7572.4,70269,24.809,277.42,167.84,0.24611
4261,9376.8,71367,26.616,319.22,136.71,0.40029
4262,7549.1,72536,31.512,249.69,113.29,0.37577
4263,7940.2,71127,32.885,967.77,742.6,0.13165
4264,7815.5,71214,29.646,922.34,570.56,0.23564
4264,7842.5,70712,27.984,724.35,238.25,0.50498
4265,6848,70000,11.815,979.34,393.68,0.42655
4265,7804.8,71925,35.108,411.4,512.38,-0.10932
4265,8057.5,70243,30.758,328.03,159.26,0.34636
4265,8669.9,71475,34.766,303.81,286.88,0.028662
4266,8176.4,71596,32.814,805.71,678.03,0.086058
4266,9287.8,72369,34.63,388.42,270.54,0.17889
4268,7763.6,70273,31.058,326.65,219.13,0.197
4269,8025.8,71044,36.545,293.74,106.78,0.46681
4271,7284.8,70220,24.702,995.37,460.11,0.36776
4272,7279.3,70282,19.758,783.26,252.68,0.51217
4275,6980.2,71233,23.145,491,166.82,0.49282
4276,6897.7,71230,18.436,1261.9,557.54,0.38714
4277,7038.3,71238,29.349,894.09,359.18,0.42681
4282,7081.8,70389,33.198,310.07,174.38,0.28011
4284,8396.9,71363,31.066,300.74,193.72,0.21644
4286,6982.9,72408,25.702,442.29,157.32,0.47527
4287,8853,70873,35.942,738.19,324.36,0.38947
4290,6957.1,72082,32.392,289.1,262.3,0.048597
4293,7641.7,70256,18.736,663.87,404.03,0.24331
4294,7671.6,70293,20.837,335.87,244.63,0.15718
4294,7961.6,71604,37.585,639.46,603.25,0.029132
4296,8161.8,71481,25.113,489.45,398.22,0.10277
4297,8066.1,70563,36.559,611.01,468.41,0.13211
4298,7583.1,69983,30.598,646.56,524.61,0.10413
4299,7844.1,71243,32.623,868.08,663.28,0.13374
4300,7811.9,71123,33.05,737.35,608.42,0.095804
4300,8003,70801,26.271,515.31,346.91,0.19531
4300,8077.9,72619,26.236,375.4,124.08,0.50317
4300,9046.9,70639,26.958,322.52,146.1,0.37646
4301,7953.8,71234,23.732,589.62,298.35,0.32803
4302,7106.1,70903,30.249,492.49,230.81,0.36179
4302,7969.7,71086,20.162,430.41,186.03,0.39644
4303,8039.1,71316,26.468,316.14,221.16,0.17678
4304,6453.1,70969,37.25,990.42,498.33,0.33054
4304,8115.5,71112,30.717,273.46,200.11,0.15489
4307,9057.1,72334,31.999,691.11,328.9,0.35511
4307,9217.7,72280,35.605,378.94,151.86,0.4278
4309,6788.6,72398,38.394,409.06,204.21,0.33403
4309,7262.2,71499,24.858,367.18,302.15,0.097147
4310,8432.4,72443,36.065,623.4,433.27,0.17993
4311,8405.3,72330,38.712,397.64,191.56,0.34977
4313,7174,71750,29.441,663.05,562.95,0.081654
4317,7713,72199,30.676,521.46,135.41,0.58772
4319,6903.5,71866,31.238,201.28,154.21,0.13242
4320,6995.1,71897,30.519,367.53,167.66,0.37347
4322,7497.7,72271,35.45,338.76,139.22,0.41746
4324,8639,69928,22.417,284.45,105.77,0.45789
4325,8138,71789,37.442,260.61,367.75,-0.17052
4327,6526.6,71195,32.816,384.17,182.15,0.35672
4328,7755.9,70645,19.987,880.36,387.24,0.38901
4329,7225.3,70251,26.243,587.94,246.18,0.40973
4332,8705.6,71895,26.9,460.53,322.48,0.17631
4333,6952.4,72551,30.722,618.02,735.12,-0.086546
4333,8543.7,70372,35.783,274.54,171.05,0.23225
4336,7142.4,69786,30.487,631.81,317.65,0.33089
4336,8113.6,70291,30.034,866.75,397.17,0.37153
4337,6985.4,71713,32.022,331.72,226.81,0.18782
4337,7693,70369,27.419,1517.9,641.03,0.40616
4338,7874.6,71862,32.873,381.56,361.14,0.027488
4339,8127.5,70233,30.912,460.9,139.84,0.53445
4340,7951.3,71304,24.341,638.93,239.91,0.45403
4340,8842.3,72019,22.935,394.58,100.75,0.5932
4341,9170.3,71537,26.153,1239.9,442.74,0.47374
4345,7120.7,70943,32.079,288.43,108.96,0.45161
4345,8957.3,71063,27.88,1022.7,446.99,0.39172
4348,7455.2,70502,24.269,424.82,295.31,0.17984
4348,8589.6,70206,36.727,232.71,184.85,0.11461
4350,7395.1,72668,30.688,629.83,360.8,0.27157
4350,7452.6,72640,33.915,531.85,308.64,0.26558
4351,6468.6,69827,26.85,596.07,350.42,0.25954
4353,6742.7,70997,32.71,800.29,407.38,0.32534
4354,6691.8,71011,31.141,205.16,150.18,0.15472
4355,6456.1,71695,33.352,725.66,327.06,0.37864
4355,7751.9,70510,28.168,332.88,162.12,0.34498
4355,8264,71892,25.281,860.61,505.99,0.25949
4356,7915.8,72140,25.318,1373.9,494.48,0.47068
4357,7278.9,71175,31.303,367.43,161.17,0.3902
4357,7289.8,72117,38.034,422.48,221.62,0.31185
4357,8853.5,70569,38.62,394.84,386.72,0.010388
4358,6579.2,71643,28.114,641.6,231.47,0.46975
4358,8775.6,70610,36.671,218.22,141.34,0.21381
4359,8268.9,71315,30.423,188.3,185.05,0.0087188
4359,9223.5,71690,30.275,315.83,236.61,0.14341
4360,6810,71257,29.451,542.67,394.28,0.15838
4360,7778.6,70244,22.418,740.45,479.52,0.21388
4362,8536.9,71202,32.604,399.99,289.82,0.15972
4364,6659.2,70529,36.412,483.29,297.02,0.23872
4365,7644.1,70311,17.86,846.02,351.55,0.4129
4365,8404.3,71425,32.233,438.22,329.11,0.14219
4365,9041.7,70565,31.494,332.14,194.5,0.26135
4367,6602.8,69805,28.914,507.88,318.03,0.22987
4367,8089.5,71456,47.57,459.64,453.79,0.0064043
4368,6864.5,70752,35.765,164.69,203.54,-0.10551
4368,7317.5,71758,22.333,554.92,187.66,0.49457
4369,8228.5,71386,33.15,579.69,633.06,-0.044006
4370,7635.2,71656,32.788,357.49,251.38,0.17426
4370,8164.4,71222,30.051,470.19,277.55,0.25763
4373,7804.1,71977,27.478,449.98,212.6,0.35826
4374,6754.5,70926,28.116,421.48,285.74,0.19194
4375,6933.4,71416,30.75,264.49,208.97,0.11727
4376,7381.5,69861,27.586,513.11,536.82,-0.02258
4376,7999.3,71220,35.939,149.31,200.99,-0.14754
4377,6623.8,71245,20.017,295.56,137.42,0.36525
4378,6859.9,71139,26.512,363.52,299.99,0.095752
4379,6772.9,70923,22.077,479.83,305.85,0.22144
4380,6636.9,70109,22.775,619.73,560.85,0.049881
4380,8971.7,72387,37.36,178.63,124.66,0.17793
4381,6620.8,70070,20.507,313.54,282.25,0.052521
4381,7418.3,72224,18.495,704.48,246.09,0.48222
4381,8998.9,72576,25.04,478.74,203.61,0.40322
4382,7548,72154,24.028,818.86,489.6,0.25163
4383,8866.2,71937,36.724,345.56,299.77,0.070954
4385,7546,71091,33.388,275.45,231.05,0.087664
4387,6661.7,71885,37.566,442.85,234.45,0.30769
4387,6752.8,71064,23.832,612.45,414.77,0.19244
4387,7642.5,70388,24.109,362.42,210.95,0.26419
4388,7906.4,71662,36.295,141.3,184.32,-0.13212
4389,7980.9,71355,28.069,392.37,314.25,0.11055
4390,7243.9,69727,37.867,197.35,109.45,0.28652
4391,6597.8,71138,24.764,281.49,209.29,0.14711
4391,7344.4,71301,26.858,419.32,247.47,0.25773
4394,7684.8,70240,19.488,881.21,576.68,0.20889
4394,9277.1,72547,37.578,244.46,161.01,0.2058
4395,7994,70495,32.526,213.54,129.64,0.24445
4398,9376.2,70300,22.468,338.89,153.63,0.37615
4399,7422.1,71889,20.44,858.41,595.13,0.18113
4400,7029,71597,32.916,434.28,401.98,0.038624
4400,8704.5,70636,27.44,363.44,272.85,0.14237
4401,8847.9,72114,33.176,292.78,251.23,0.076383
4402,7708.6,71768,29.359,375.96,401.06,-0.032292
4403,6705.9,71029,33.136,388.92,262.1,0.1948
4404,8561.6,70634,30.12,541.62,624.04,-0.07071
4405,7630.2,69750,26.125,595.69,151.32,0.59486
4405,8450.8,70589,18.809,808.55,450.94,0.28393
4406,8216.1,70531,22.844,684.08,294.47,0.39815
4407,8354.3,70784,31.722,214.72,208.73,0.01416
4408,6635.4,69936,29.502,526.96,213.65,0.42304
4408,6818.6,71628,30.561,968.59,685.69,0.17101
4409,7023.4,71592,35.302,606.8,448.54,0.14996
4411,6671.4,69975,28.515,511.01,245.31,0.3513
4411,9173.6,70606,27.068,437.17,321.08,0.15309
4412,6959.7,70409,29.487,377.57,218.97,0.26587
4414,8405.3,72406,38.605,233.13,126.16,0.29775
4417,6460,69874,31.24,236.34,140.76,0.25347
4423,7345.4,71168,24.981,1010.1,387.78,0.44519
4426,9280.9,70400,29.711,397.86,335.45,0.0851
4428,6659.3,70553,26.501,435.1,442.29,-0.008195
4428,6838.2,71928,30.025,246.46,149.9,0.2436
4428,7988.9,72168,34.801,634.35,349.75,0.2892
4431,6885.5,70393,27.915,552.8,311.73,0.27885
4433,7920.4,72589,30.064,446.58,276.53,0.23517
4434,8176.2,71335,33.533,340.28,223.44,0.20726
4434,8909.7,71496,30.442,339.71,212.89,0.22949
4434,8929.1,72607,35.387,238.89,180.15,0.14018
4435,7281.4,71558,29.172,395.44,149.18,0.45216
4435,8912,71546,31.18,309.77,325.15,-0.024231
4438,8179.1,72604,31.7,266.21,191.47,0.1633
4438,9251.8,70193,34.222,225.5,293.38,-0.13082
4439,8159.7,71391,23.619,250.84,213.45,0.080528
4440,7701.7,70380,17.101,337.67,155.75,0.3687
4444,6699.7,70073,17.77,1227.8,716.36,0.26307
4444,8128.2,72426,32.678,407.85,301.75,0.14952
4444,8946.8,70046,24.357,430.12,666.59,-0.21562
4445,6510,69804,29.588,606.12,430.03,0.16994
4446,6597.8,69961,29.263,592.47,273.2,0.36881
4446,7593.9,71422,22.989,651.04,371.98,0.27278
4447,6610.9,69955,16.923,1597.7,1241.7,0.12541
4447,7427.3,70285,29.795,537.69,359.78,0.19824
4447,7575.2,71291,14.993,776.24,527.78,0.19054
4447,8402.1,70805,27.876,629.7,445.44,0.17139
4448,6796.4,70006,9.7209,2143.9,1244.5,0.26545
4448,7500.1,71400,38.19,1098.4,1431.2,-0.13155
4449,6855.4,69961,20.067,1474.3,697.33,0.35779
4449,7997.3,71205,29.62,896.64,747.87,0.090467
4449,8431.8,69937,20.361,307.98,478.6,-0.21691
4450,7460.4,70309,37.736,1018,694.36,0.18898
4451,7516.8,70339,13.669,528.43,254.93,0.34913
4452,7719.3,70353,14.525,1511.9,1354.6,0.054877
4453,7208.3,71471,32.245,254.17,176.77,0.1796
4453,7746.2,70362,9.8368,1037.2,375.25,0.46864
4456,8277.8,71223,19.951,765.32,397.13,0.31674
4457,8179.3,71165,31.919,1097.1,621.8,0.2765
4457,8258.2,72305,34.589,504.39,603.67,-0.089594
4459,7962.5,71217,33.461,497.05,403.93,0.10335
4459,9096.9,70808,30.038,788.61,631.19,0.11087
4460,7253.1,71776,30.313,486.6,120.46,0.60314
4461,8500.2,70079,32.89,311.81,364.25,-0.07757
4461,8626,71603,25.523,308,216.47,0.17452
4462,6646.6,72400,32.587,271.09,239.27,0.062347
4463,6733.9,70212,30.051,369.53,271.72,0.15254
4465,6925.9,72672,33.928,441.45,309.61,0.17554
4466,7137.8,72658,36.394,334.51,156.48,0.36259
4467,6523.8,69909,19.517,753.75,568.99,0.13968
4467,8123.3,71379,29.312,518.73,476.52,0.04241
4467,8291.4,72315,30.45,688.51,296.88,0.39743
4468,7939.6,71464,25.557,564.37,297.98,0.30891
4468,8065.3,72316,34.546,282.61,177.22,0.22919
4469,8609.3,71786,40.803,488.71,312.95,0.21925
4470,6907.1,69971,33.076,837.27,768.34,0.042928
4471,6895.9,69893,27.502,850.38,479.26,0.27911
4471,7793.9,72451,28.803,388.62,443.34,-0.065774
4471,8089.5,71335,34.621,126.43,235.41,-0.30118
4471,8862.4,69894,30.11,606.21,454.42,0.14311
4471,8919.9,69878,29.458,790.69,639.9,0.10541
4471,9068.6,71798,22.765,609.82,276.17,0.37658
4472,6653.6,71078,27.27,508.98,290.37,0.27348
4473,8417.6,71305,38.664,226.85,112.49,0.33701
4475,7331.8,71964,25.016,479.23,193.33,0.42508
4476,7100.4,71544,31.442,552.91,388.32,0.17487
4476,9194.7,70596,29.816,715.35,503.39,0.17391
4477,6873.7,71576,30.43,311.12,138.95,0.38255
4477,7794.2,72410,23.168,224.57,480.92,-0.36336
4478,7353.2,69760,34.684,260.71,544.67,-0.35257
4478,7770.3,72443,31.78,422.65,1070.9,-0.43403
4478,8898.8,71215,34.959,373.21,230.19,0.23703
4478,9015.2,70371,16.478,1143.5,696.06,0.24325
4479,6664.4,72318,30.118,174.58,107.68,0.23703
4479,7431.2,70196,25.496,494.37,207.97,0.40777
4479,8772.9,71231,37.209,243.27,207.88,0.078446
4479,9133.6,70546,16.612,1043.3,622.18,0.25285
4480,7525.8,70158,36.347,789.56,335,0.40421
4480,7733.2,72653,27.068,720.7,1106.2,-0.21101
4481,7650.8,70386,22.968,753.36,235.8,0.52324
4481,8521.1,71454,34.842,389.32,133.54,0.48919
4482,8049.9,72598,29.834,901.82,1427,-0.22552
4482,8682.4,71533,37.619,251.83,270.82,-0.036337
4483,8800.8,69796,32.485,200.22,105.03,0.31185
4484,7507.1,70438,27.985,188.1,105.19,0.28268
4484,8161.1,72677,26.714,394.9,263.61,0.19937
4484,8790.3,70697,34.46,270.04,181.63,0.19574
4485,7479.2,70436,26.021,278.19,248.96,0.055462
4485,8274.5,70379,29.813,287.03,109.83,0.4465
4486,7783,70383,35.763,555.61,243.65,0.39032
4486,8004.6,69786,34.579,532.14,188.63,0.47658
4487,7904.6,72722,24.747,413.16,296.09,0.16507
4487,8818.5,70458,41.407,1278.1,741.05,0.26598
4487,8903,70754,28.944,395.58,209.61,0.30729
4488,7580.2,72265,29.483,314.43,183.04,0.26413
4488,8661.3,70243,15.435,467.26,405.65,0.070578
4489,6436.6,71685,24.549,623.24,416.42,0.19893
4489,7598.6,72166,32.124,693.97,461.29,0.20141
4489,8606.8,70226,10.119,728.79,645.3,0.060761
4489,8665.8,71445,33.196,1164.7,980.97,0.08562
4490,8552.8,70191,24.785,334.88,355.76,-0.030241
4490,8702,71426,40.659,462.88,158.06,0.49089
4491,6532.3,71308,36.869,355.4,230.58,0.21302
4491,6933.7,70531,22.089,695.7,440.63,0.22447
4492,6830.4,70615,33.553,604.74,333.05,0.28971
4492,7008.4,71585,26.731,402.53,113.25,0.56085
4493,7451.9,72512,22.334,409.76,366.35,0.05593
4493,9107.8,72055,37.808,807.65,481.41,0.25308
4494,6590.9,70727,23.085,1417.8,818.01,0.26825
4494,6661.8,70709,26.159,1681.8,1028.5,0.24105
4494,8602.8,72588,31.407,289.92,180.37,0.23295
4496,6998.2,71179,32.403,340.7,240.89,0.17161
4496,7285.6,69954,28.694,420.32,200.52,0.35404
4497,7741.1,70412,24.002,321.94,325.44,-0.0054129
4497,8002.5,72259,31.725,726.21,441.23,0.2441
4498,7566,72469,24.811,951.18,391.35,0.41699
4502,7365.8,71418,28.012,279.21,100.65,0.47006
4503,7331.5,71553,29.014,469.01,490.81,-0.022707
4504,7180.6,71498,24.781,677,545.83,0.10727
4507,7272.5,72719,33.991,633,712.63,-0.059173
4507,8071.3,70019,15.112,653.45,539.38,0.09563
4507,8218.1,70729,26.955,697.99,555.01,0.11411
4508,8144.5,70059,14.336,452.7,347.82,0.13101
4509,8045.4,70018,14.024,461.12,228.26,0.33777
4510,8101.9,69907,18.869,1103.5,826,0.14381
4510,8400.7,70705,28.657,434.89,371.26,0.078932
4511,6853,71797,33.535,346.65,210.68,0.24396
4511,8157.5,69984,20.703,575.21,446.01,0.12651
4512,8220,70095,15.943,510.21,373.53,0.15466
4513,7207.1,72626,24.018,495.35,258.93,0.31345
4513,8232.9,72592,28.956,430.49,117.41,0.57142
4513,8436,70664,24.799,521.68,538.98,-0.016309
4513,9351,69765,36.515,316.18,223.26,0.17226
4515,7395.2,72618,36.906,574.14,537.54,0.032928
4519,7949,71367,31.396,455.15,494.57,-0.041503
4520,7239.8,70113,31.352,452.58,294.33,0.21188
4521,6908.8,69901,28.458,1343,1085.3,0.10612
4521,8459,71544,25.315,313.02,289.43,0.039159
4522,6876.4,69994,28.303,1596.4,787.58,0.33927
4522,6906.6,70259,30.099,1367.1,650.96,0.35487
4523,6589.8,70348,34.043,514.97,323.04,0.22904
4523,6960,70255,28.67,473.38,174.72,0.46083
4523,8142.2,71512,33.866,433.7,318.32,0.15343
4523,8318.9,70852,28.908,239.17,148.55,0.23373
4524,7110.2,72614,30.075,204.9,115.55,0.27883
4524,7193.5,70306,25.054,396.83,192.73,0.3462
4524,7785.2,72319,34.362,581.05,457.85,0.11859
4524,8165.2,70980,34.922,719.97,685.61,0.024444
4524,8457.3,72465,32.758,389.77,251.6,0.21543
4526,6885.6,70638,30.146,396.96,337.08,0.081582
4527,7507.8,72427,25.392,830.17,380.55,0.37136
4527,8151.2,72478,36.363,422.01,193.93,0.3703
4528,6960.8,70359,28.824,462.9,144.95,0.52307
4530,7527.2,71777,19.121,310.06,115.26,0.45799
4532,6421.9,71098,27.59,326.48,215.42,0.20493
4532,6608.1,70367,41.522,470.75,291.89,0.23453
4533,8395.2,70491,30.245,285.72,205.84,0.1625
4533,8996.8,72511,29.986,385.35,230.46,0.25151
4534,8433.4,70501,30.949,802.29,578.14,0.16238
4535,6604.6,70501,35.732,329.06,133.51,0.42274
4537,6479.3,70393,32.957,296.91,174.08,0.26079
4537,7076.8,70724,35.472,435.9,131.8,0.53567
4537,7272.6,69840,31.853,205.18,232.89,-0.063241
4537,7514.2,72135,34.623,343.76,151.93,0.387
4538,7378.8,72140,35.392,352.57,138.32,0.43646
4539,7324.7,72570,30.538,423.18,150.75,0.47468
4539,7843.1,70794,32.378,443.58,225.78,0.32538
4540,7575.4,70707,23.445,570.5,402.41,0.17277
4542,7673.2,70645,23.748,586.54,272.11,0.36618
4543,7607.2,70429,21.966,415.26,353.51,0.080318
4543,9309.6,72087,32.922,580.25,294.45,0.32675
4544,6452,70025,32.262,455.51,462.68,-0.0078068
4544,7672.6,70359,14.45,407.69,515.88,-0.11714
4545,8520.6,70718,26.23,379.23,281.4,0.14807
4547,8524.4,70777,30.944,1000.1,657.07,0.20702
4549,7216.2,71966,33.687,225.81,311.77,-0.1599
4550,6563.8,71088,27.792,632.38,385.6,0.24242
4550,9343.2,71835,28.801,414.96,284.2,0.18703
4551,6512.3,71092,35.077,487.9,212.07,0.39407
4552,6675.4,71839,28.111,281.73,144.41,0.32225
4552,8971.4,70180,27.86,409.58,234.07,0.27268
4553,9245.7,70343,15.859,911.23,410.85,0.37848
4555,6463,70648,27.365,369.14,157.55,0.40173
4557,6590.8,70619,24.862,899.28,267.86,0.541
4557,6884.5,69794,22.153,1159,533.85,0.36928
4558,9343.9,71349,30.335,217.82,158.07,0.15896
4559,6757.6,70763,19.883,688.05,323.49,0.3604
4560,6882.6,70712,27.478,600.44,371.73,0.23525
4560,7955.8,71974,34.74,303.94,128.71,0.40503
4561,6642,71604,17.755,763.32,346.52,0.37555
4562,6932.4,71551,29.167,708,341.99,0.34858
4563,6941.9,71530,34.94,398.41,204.32,0.32202
4566,8490.4,70861,37.887,460.49,289.43,0.22811
4566,8862.4,72670,36.095,281.85,119.93,0.40301
4568,6949.3,72563,33.118,337.65,280.57,0.092333
4568,7042.5,70134,29.714,502.53,385.38,0.13194
4568,8796.4,71504,32.568,1184.6,1098.5,0.037701
4568,9021.6,70464,30.609,728.81,485.04,0.20082
4568,8916.8,71525,25.298,1129.4,946.09,0.088309
4569,7083.1,72570,26.763,597.07,659.21,-0.049464
4569,8632,71517,39.299,642.17,703.55,-0.045612
4570,7457.6,72629,36.331,404.46,395.65,0.011015
4571,9196.4,71129,23.061,402.25,120.1,0.54016
4572,7115.4,70808,31.707,276.04,325.43,-0.082122
4572,7200.9,71883,26.663,667.41,368.66,0.28835
4572,9332.7,71241,29.94,663.37,279.3,0.40743
4573,6691.4,71874,23.671,267.28,227.29,0.080853
4573,9222.8,71657,25.402,889.47,323.19,0.46697
4574,7839.4,71336,24.203,1032.2,442.88,0.39951
4575,8655.2,72424,23.588,713.49,339.06,0.35573
4576,7571.1,71495,28.803,493.14,360.05,0.156
4578,7336.6,71608,21.286,806.05,256.8,0.51677
4578,8460.1,70913,36.361,260.08,180.27,0.18125
4579,6845.4,70850,37.359,342.77,165.85,0.34786
4580,6905.9,72505,35.036,197.44,265.33,-0.14671
4580,7912.6,70424,37.79,376.78,391.61,-0.019301
4580,7886.8,70990,29.942,227.16,136.92,0.24784
4580,8632.5,72016,33.36,477.23,305,0.22018
4581,7704.4,70290,36.104,319.99,240.92,0.14097
4583,6706.7,72418,34.373,289.55,242.33,0.088782
4583,7185.6,71510,20.993,456.02,156.87,0.48811
4584,6718,70014,22.94,1324.5,1469.6,-0.051932
4585,6515.2,70067,18.57,376.68,264,0.17588
4588,6629.3,69853,22.72,720.79,491.76,0.18888
4588,6968.8,70935,20.161,304.76,122.98,0.42497
4588,8229.2,71860,31.942,817.99,640.87,0.12141
4589,7032.2,69977,32.375,705.78,405.59,0.27012
4589,8396.2,71791,37.904,311.41,276.27,0.059797
4590,6558.7,70090,17.99,568.04,513.83,0.050109
4591,6583.3,70014,25.355,393.45,345.74,0.06454
4591,6950.2,71173,25.514,639.58,488.76,0.13367
4591,9296.6,72343,37.255,238.82,166.7,0.17785
4592,8002.5,72703,31.827,271.31,226.84,0.089266
4593,8691.4,71282,36.467,482.35,373.28,0.12747
4594,9001,69852,34.643,332.76,176.07,0.30794
4595,6881.4,69944,33.555,361.46,185.58,0.3215
4596,8814.9,71629,34.002,389.5,194.7,0.33344
4596,9241.6,70601,30.334,367.41,318.91,0.07067
4597,6864.9,70284,30.443,372.86,256.04,0.18575
4597,9159.5,70780,34.328,286.62,162.49,0.27639
4598,6571.5,69977,23.328,697.62,409.11,0.26069
4598,8207.1,71839,24.743,325.85,137.7,0.40588
4598,9040.8,70657,25.13,634.17,346.94,0.29275
4599,6609.1,69959,20.763,714.94,292.96,0.41868
4600,6579,70049,24.107,459.29,330.08,0.16368
4601,6650.9,69987,16.506,427.27,272.89,0.2205
4602,8524.2,71506,29.549,803.93,331.98,0.41549
4604,8106.7,71396,29.436,372.87,185.94,0.33452
4605,7262.5,70264,31.165,392.32,140,0.47399
4606,6946.5,70298,32.415,364.57,177.42,0.34529
4606,8040.5,71609,22.017,448.35,200.99,0.38095
4608,8821.2,71253,21.094,436.93,341.03,0.12328
4609,9115.4,70741,30.317,768.24,542.47,0.17226
4610,9110.8,70742,28.354,295.76,319.39,-0.038401
4612,6739.2,70497,29.927,446.05,467.09,-0.023039
4613,6464,70914,37.182,632.56,551.62,0.068356
4614,6874.5,71688,26.87,650.38,506.81,0.12407
4614,8677.1,72509,35.391,612.44,281.09,0.37083
4615,7046.2,71573,26.416,326.15,298.77,0.043814
4615,7442.7,71561,35.399,361.73,310.78,0.075751
4616,9282.6,70618,36.847,419.68,182.87,0.393
4619,6556.3,70091,19.787,1284.4,884.04,0.18461
4619,6728,71496,28.354,530.23,497.8,0.031544
4619,8582.4,72666,24.076,811.98,207.55,0.59286
4620,8353.7,70792,29.036,897.4,411.77,0.37095
4622,7882,72250,34.874,634.61,415.87,0.20823
4622,8244.3,70973,36.988,482.05,292.71,0.24439
4624,6432.3,70390,27.923,1070,726.58,0.19115
4625,6543.2,72341,35.001,337.7,510.35,-0.20358
4625,6785.8,70319,24.314,811.13,563.24,0.18037
4626,6763.5,70273,22.458,885.96,319.1,0.4704
4626,6961.4,71145,27.989,435.33,222.29,0.32396
4626,7344.2,72639,21.323,711.58,466.22,0.20832
4626,8759.2,70152,29.275,587.42,380.28,0.21406
4626,9209.2,71014,40,271.57,283.89,-0.022164
4627,6795.7,70372,25.492,795.74,500.02,0.22822
4627,8916.4,70046,22.222,871.47,503.77,0.26737
4628,6773.3,70334,37.124,512.1,386.96,0.1392
4628,7179.3,71467,19.397,1233.2,659.41,0.30319
4628,7121.5,72406,28.003,497.78,304.18,0.24141
4628,7647.9,70598,15.222,602.09,261.27,0.39476
4628,9063.1,70030,35.136,1301.4,561.06,0.3975
4628,8972.8,72533,31.231,555.57,269.68,0.34643
4629,6577,70197,30.834,292.93,240.13,0.099042
4629,7275.9,72665,31.157,324.72,263.91,0.10331
4630,6669.9,69953,24.24,682.85,461.96,0.19294
4631,7211.4,69935,31.227,574.07,358.11,0.23166
4631,7477.5,72585,37.023,553.33,192.9,0.483
4633,7482.7,70513,17.337,275.06,110.92,0.42528
4634,7456.6,71850,32.785,436.87,392.28,0.053779
4635,9143.4,72659,35.279,180.7,135.75,0.14205
4638,9403.8,70429,27.93,601.14,383.52,0.22101
4639,7235.5,69880,24.726,927.38,864.62,0.035022
4639,9314.3,70536,26.331,903.91,607.79,0.19589
4640,7179.3,70009,29.764,882.41,575.36,0.21063
4640,7212.7,69893,24.536,1252.5,804.15,0.21801
4640,8976.9,71329,31.928,353.96,172.1,0.3457
4643,8210.8,72317,28.699,372.85,390.42,-0.023021
4644,7308.1,71668,23.888,417.43,327.31,0.12102
4645,7223.8,71743,26.48,411.38,161.2,0.43695
4647,6630.5,70783,36.192,370.02,139.06,0.4537
4647,8330,72040,32.858,613.48,305.5,0.33513
4649,9391.8,72311,30.724,452.29,172.05,0.44887
4651,6820,70018,19.485,868.65,462.35,0.30527
4652,6683.7,69937,16.498,1238.1,754,0.243
4653,6655.1,69844,27.947,704.35,480.3,0.18913
4654,7676.9,71408,29.162,353.99,343.91,0.014448
4654,8796.4,70137,31.922,658.19,391.23,0.25439
4654,9332.6,70641,27.359,262.16,137.32,0.31249
4655,6733,70286,32.863,173.47,143.67,0.093974
4655,8859.9,70054,36.339,318.3,300.61,0.028586
4656,7839,70985,32.696,340.75,414,-0.097057
4658,8663.5,69774,32.551,654.93,410.69,0.2292
4659,9002.9,71298,20.045,322.2,454.89,-0.17075
4660,8607.3,71910,34.121,257.11,166.69,0.21334
4660,8825.2,69869,32.4,548.48,273.63,0.33432
4661,7561.3,71690,40.647,556.19,387.02,0.17935
4661,9011.8,71264,10.739,714.81,382.5,0.30285
4662,9052.5,71337,16.661,435.12,464.86,-0.033042
4663,6537,70061,32.069,233.24,116.8,0.33266
4663,8778.1,69857,23.871,723.94,440.59,0.24332
4663,8991.9,71323,12.882,631.36,404.29,0.21925
4666,8403.4,72584,32.618,145.22,174.08,-0.090392
4667,8421.8,72497,31.218,498.71,217.25,0.39312
4667,8744.3,70992,30.401,367.88,180.73,0.34113
4668,8389.9,70420,35.436,233.93,247.69,-0.02857
4668,9222.8,70950,38.237,387.13,185.8,0.35141
4672,8620,71543,31.507,295.97,167.76,0.27649
4673,8592.4,71522,29.263,237.11,143.13,0.24716
4673,9144.2,70181,35.375,559.54,406.77,0.15809
4674,6480.1,71380,33.914,289.17,107.62,0.45756
4675,6554.6,71230,28.878,433.74,398.87,0.041872
4676,6783.4,72149,35.754,320.54,100.95,0.52098
4676,7382.1,69771,29.71,779.62,591.94,0.13684
4676,8733.1,71609,31.11,567.56,223.86,0.43429
4676,8951.2,70789,28.916,813.4,344.18,0.40534
4677,6494.5,72263,38.623,396.14,279.72,0.17226
4677,8974.2,70893,23.99,1186.8,653.69,0.28966
4678,6836,69835,16.737,386.42,372.58,0.01823
4678,8861.7,70761,32.52,519.08,111.26,0.64699
4679,7170.2,70807,23.544,713.99,539.12,0.13955
4679,7832.8,69917,35.941,301.29,127.62,0.40491
4679,8452.1,72303,33.084,253.6,272.4,-0.03573
4679,9255.5,70820,33.576,335.54,188.66,0.2802
4680,8004.2,71461,35.213,722.98,581.29,0.10863
4681,6737.7,71399,34.008,479.92,283.71,0.25694
4682,7006.6,71238,33.746,370.96,325.2,0.065733
4682,8963.5,69796,24.905,671.02,331.25,0.33901
4682,9281.9,70513,31.049,226.86,185.47,0.10038
4683,6634.9,72622,35.25,231.49,225.69,0.012699
4683,8805.3,69782,30.842,297.51,134.91,0.37602
4683,9312,71641,33.1,458,334.6,0.15569
4684,6910.7,71287,32.401,774.38,598.05,0.12848
4684,7735.6,71363,25.418,606.12,486.85,0.10912
4684,8550.6,70112,35.68,493.31,251.41,0.32482
4684,8798.8,71848,31.403,203.64,100.79,0.33786
4685,6750.1,71131,24.491,286.88,246.38,0.075956
4687,9119.6,70179,27.564,1025.3,471.84,0.36968
4687,9391.7,71658,19.573,345.55,311.56,0.051715
4688,7954.8,70338,35.179,1247.5,416.68,0.49923
4688,9313.2,70384,28.912,330.21,169.55,0.32146
4688,9371.7,70918,37.015,417.01,269.73,0.21446
4689,9276,70795,16.185,2150.7,1092.7,0.32621
4690,9374.9,70636,26.109,516.46,286.47,0.28644
4691,8754.6,69788,30.931,347.69,164.74,0.35702
4692,8689,72393,34.773,167.91,120.33,0.16507
4693,7025.4,71526,30.937,354.35,210.6,0.25445
4693,7577.1,70729,33.532,236.37,107.39,0.3752
4695,6457.1,69760,19.478,1311,962.72,0.15319
4695,6817.7,70443,24.087,358.21,232.04,0.21376
4695,7132,71573,17.426,796.1,302.97,0.44867
4695,8044.2,72576,28.898,358.9,200.17,0.28391
4696,6960,70674,34.173,351.9,426.53,-0.095874
4697,7253,70232,29.715,377.17,292.37,0.12666
4697,9414,72502,27.686,638.75,188.57,0.54414
4698,7193.6,70102,21.306,385.27,169.21,0.38966
4699,7127.4,70100,21.187,406.58,178.88,0.38892
4700,7101.2,70289,37.413,412.54,123.16,0.54018
4700,8930.4,71934,35.476,245.39,151.18,0.23755
4701,9033,70041,30.37,326.62,310.67,0.025018
4702,7916.6,72001,31.319,352.94,294.79,0.089774
4702,8580,70995,36.002,480.77,419.51,0.068042
4702,8854.9,70208,36.718,510.32,210.75,0.41545
4703,7922,71796,29.858,598.18,218.73,0.4645
4706,8278.3,72596,32.596,187.07,123.32,0.20538
4707,9354.7,71228,25.385,687.36,343.95,0.33298
4708,6540.8,70456,31.221,476.78,156.41,0.50596
4708,9396.1,71211,36.871,604.29,354.28,0.26082
4709,7070.5,71914,32.665,538.93,256.26,0.35547
4710,7310.2,71882,13.733,1043,569.68,0.29348
4710,9304.5,70966,22.764,1262.2,975.06,0.12834
4711,8087.7,72041,29.791,563.82,388.05,0.18466
4711,8497.5,70728,29.476,690.83,337.45,0.34365
4711,9043.5,71062,29.559,385.83,132.01,0.49016
4712,7078,72192,28.942,382,294.08,0.13003
4712,8718.1,70991,37.266,366.18,173,0.35828
4714,8326.2,71185,38.092,299.82,195.33,0.21103
4715,7167.2,71783,32.187,644.98,592.87,0.042101
4715,7718.5,70255,35.35,570.97,788.43,-0.15996
4716,6439.3,70425,33.987,326.44,176.34,0.29855
4718,8702.7,72334,34.909,277.23,208.57,0.14133
4720,7260.4,71664,26.752,291.66,103.47,0.47626
4722,6529.4,69974,21.849,556.17,364.59,0.20807
4723,6497.2,70001,15.988,593.46,193.5,0.50823
4723,8030.9,71313,25.12,505.41,262.4,0.3165
4724,8151.2,71235,22.992,712.36,507.43,0.168
4729,8372.2,70683,30.407,456.01,352.82,0.12757
4729,8742.3,71652,38.661,423.8,367.76,0.070787
4731,8358.2,69778,36.191,864.69,515.05,0.25341
4731,8537.9,70624,34.416,268.91,142.15,0.30838
4731,9176.7,70564,36.921,404.51,428.17,-0.028409
4732,7845.4,72677,35.279,324.59,402.63,-0.10731
4733,7027.8,70147,28.78,493.84,315.01,0.22109
4734,6917.9,70778,28.259,445.59,172.98,0.44071
4735,6895.3,70706,37.553,311.5,133.12,0.4012
4737,9247.6,72605,33.534,417.03,369.14,0.060913
4738,8315.1,71178,28.295,972.04,628.61,0.21456
4739,8282.6,70989,33.569,618.26,548.59,0.059705
4740,7272.5,71531,25.26,212.91,181.74,0.078968
4741,8807.4,70046,35.116,779.49,407.37,0.31353
4742,6897.7,70045,32.538,854.93,494.47,0.26713
4742,8897.3,70267,35.718,697.61,586.45,0.08657
4743,7670,70239,22.072,580.7,473.83,0.10134
4744,8729.6,69862,36.376,527.86,227.08,0.39842
4744,8863,70499,23.345,1027.5,607.59,0.2568
4745,6690.4,70524,19.577,635.25,328.64,0.3181
4745,7588,70177,6.8438,1099,1203.9,-0.04555
4745,8312.1,71370,35.007,548.24,358.2,0.20966
4745,8698.2,69906,27.629,779.25,573.38,0.1522
4745,8964.8,70461,12.816,705.27,555.85,0.11848
4746,7673.2,70170,23.455,409.67,699.33,-0.26119
4746,8971.2,70424,22.717,437.58,582.29,-0.14189
4747,9226,69978,24.841,277.56,189.32,0.189
4748,6831.6,70427,30.46,640.97,446,0.17937
4748,8824.5,69840,20.245,1007,603.55,0.25049
4749,6811.5,70261,41.613,669.14,335.18,0.33252
4749,8853.7,69933,20.261,537.93,343.03,0.22124
4750,6512.5,70993,31.413,315.88,227.77,0.16207
4751,7638.4,70918,31.464,217.63,149.02,0.18715
4751,8672.9,70164,29.759,849.92,230.92,0.5727
4752,8392.5,70137,29.191,451,336.07,0.14603
4753,8306.4,69779,30.282,418.64,216.57,0.31811
4753,8475.3,70250,37.684,306.25,133.07,0.39421
4754,8614.5,70400,37.866,230.03,134.23,0.26301
4755,7975.9,71048,33.061,201.63,108.88,0.29871
4756,8051.8,70358,23.417,827.97,486.86,0.25943
4757,7989.3,70346,20.829,430.75,199.93,0.36598
4758,9381,71360,21.917,380.01,282.73,0.14679
4759,7669.4,70323,19.215,678.78,403.88,0.25391
4764,8419.5,70597,34.148,337.35,305.64,0.049305
4765,8132.6,71178,35.257,491.11,247.12,0.33051
4767,7936.9,70462,26.82,548.17,623.95,-0.06465
4767,8268.5,71166,40.247,496.2,427.28,0.074631
4767,8771.7,69772,29.155,415.97,275.57,0.20303
4768,8179.2,70517,30.287,564.62,242.68,0.39879
4768,8263.8,71402,34.592,469.78,272.98,0.26497
4770,8304,70537,33.588,644.52,335.8,0.31492
4770,9035.2,71895,28.589,942.07,646.95,0.18573
4771,8786.6,72080,20.803,647.06,384.82,0.25414
4772,6567.9,70050,21.321,233.41,200.89,0.074875
4772,7143.6,72669,34.136,266.53,198.68,0.14585
4772,8978.3,72039,25.531,871.39,416.61,0.35309
4773,6459,70190,27.857,418.41,259.5,0.23441
4773,7228.4,72713,26.98,454.83,397.35,0.067443
4774,8329.5,72367,30.903,485.57,269.3,0.2865
4775,7177.3,72685,22.95,633.02,318,0.33125
4775,8069.7,70873,36.413,574.57,496.2,0.07319
4775,8224.9,72228,30.635,377.43,237.33,0.22789
4779,6884.3,70138,27.471,500.51,392.61,0.12081
4780,6455,72576,30.389,323.22,220.63,0.18864
4780,6928.7,70336,31.831,480.14,174.4,0.46711
4781,6830,70251,24.666,492.26,340.71,0.18194
4782,6822.8,70438,33.465,756.13,725.6,0.020601
4782,9174.5,70290,26.714,474.76,251.01,0.3083
4783,6990.7,70129,35.299,895.01,736.68,0.097035
4783,7471.8,71508,34.89,273.99,263.94,0.018672
4784,6754.2,70138,24.453,484.66,504.99,-0.020545
4787,7005.8,70915,33.272,261.15,187.79,0.16342
4788,8110.2,71303,26.988,499.74,358.91,0.164
4789,8036.8,71379,22.375,591.3,501.75,0.08192
4791,6663,69906,24.493,273.39,183.7,0.19621
4791,7371.9,71796,38.298,467.24,462.76,0.0048133
4792,9052,71792,26.785,602.48,470.75,0.12274
4794,7608.5,70580,31.416,925.23,458.05,0.33774
4795,7586.9,71947,23.363,1014.6,610.84,0.24841
4795,7677.9,71722,25.313,722.99,284.2,0.43566
4795,8700.6,71730,36.499,531.9,365.52,0.18539
4796,8726.8,71924,21.233,1120.8,395.97,0.47789
4797,7486.7,72240,36.465,489.04,210.61,0.39796
4797,8114.5,71624,34.314,343.92,271.27,0.1181
4797,9114.3,71882,39.442,451.28,572.76,-0.11862
4798,8135,70718,32.688,513.83,232.78,0.37643
4798,9242.7,72447,28.036,653.67,408.31,0.23104
4799,8081.5,70902,33.168,418.98,248.93,0.25459
4799,8625.1,69798,32.399,502.06,415.43,0.094421
4799,9189.4,70311,31.392,865.26,564.61,0.21027
4800,8472.4,71907,25.475,415.4,157.71,0.44963
4800,9163.8,70359,31.418,431.84,380.8,0.062809
4800,9171.6,71912,34.117,311.57,352.62,-0.061804
4804,6670.7,70071,33.764,355.5,244.15,0.1857
4804,8957.7,69973,26.794,241.18,125.52,0.31541
4805,6756.1,72478,24.476,285,124.94,0.39043
4806,6833.8,72513,27.242,684.44,530.56,0.12665
4807,8093.3,71063,24.107,391.26,257.27,0.20661
4808,6455.7,72687,30.905,246.44,206.25,0.088769
4808,7618.7,72031,36.184,407.16,165.23,0.42267
4809,7580.9,72020,34.934,273.52,127.67,0.36353
4812,6779.8,72399,27.129,370.26,236.49,0.22046
4813,7033.6,71537,29.784,232.41,177.86,0.13296
4813,8335.2,70729,24.552,473.11,422,0.057106
4814,6878.6,71643,30.571,218.57,116.62,0.30414
4814,7319,70570,30.809,198.32,117.68,0.2552
4816,7007.6,72048,45.695,697.23,524.01,0.14184
4818,8564.2,70753,32.552,483.19,274.96,0.27466
4818,9309.1,72138,34.934,255.63,215.34,0.085551
4820,8326.2,70959,35.166,516.29,316.33,0.24016
4821,6488,70686,39.498,682.76,332.11,0.34551
4821,7572.4,71861,31.922,203.2,201.33,0.004613
4822,8562.4,70546,33.867,999.22,576.92,0.26793
4823,6634.3,70070,24.581,669.65,617.4,0.040594
4823,6670.8,71393,26.781,161.87,109.4,0.19344
4823,8040.4,70948,35.074,292.13,255.17,0.067519
4825,6628.7,72272,37.546,339.16,118.11,0.48341
4825,9124.7,70257,24.329,708.12,427.56,0.24704
4825,9180.9,71238,34.152,1059.5,413.32,0.43874
4826,6790.6,71039,34.422,469.89,328.74,0.17674
4826,7619.2,71875,31.817,332.49,161.87,0.34514
4826,9167.1,70270,34.475,983.44,482.66,0.34158
4827,8702.5,71021,17.65,974.65,581.9,0.25232
4828,7561.4,72225,28.272,277.48,142.36,0.32183
4829,7752.3,70341,24.638,477.35,446.09,0.033848
4830,7640.9,70308,11.301,1081.4,968.29,0.055168
4830,9108.5,71060,28.245,938.45,495.87,0.30856
4832,8727.1,72317,35.643,685.73,311.73,0.37496
4837,8841.1,71446,28.033,520.43,134.8,0.58854
4838,9056.3,71847,24.566,449.35,323.37,0.16304
4839,6661.8,69868,30.602,436.32,486.35,-0.054221
4839,9099.3,71950,33.011,690.05,509.76,0.15027
4840,9204.7,72391,29.621,333.99,309.37,0.038263
4841,7198.6,69834,12.564,566.78,175.33,0.52748
4842,7165.6,69821,11.559,826.2,201.39,0.60804
4844,6989.3,69848,9.2347,819.23,179.18,0.64106
4845,7672.9,72171,23.238,805.76,451.42,0.28185
4845,9362.5,70454,31.881,659.58,258.65,0.43663
4846,6934.3,69729,13.639,570.27,186,0.50812
4846,7160,71419,28.105,705.86,590.27,0.089179
4846,9334.1,70254,24.742,282.26,151.19,0.30239
4847,6768.1,69751,12.688,655.4,120.25,0.68995
4848,7450.9,71620,29.953,763.72,253.25,0.50196
4848,8586.4,72386,36.551,267.03,268.13,-0.0020543
4848,9397.8,70325,30.342,356.49,181.74,0.32468
4849,7901.5,71715,34.206,485.87,382.91,0.11852
4851,9061.8,70607,38.592,615.49,552.01,0.05437
4853,9167.2,70973,36.892,245.73,131.47,0.30292
4856,7147.4,71669,33.923,259.88,170.23,0.20843
4857,7262.4,70024,37.063,239.97,248.89,-0.018249
4857,9314.8,71017,32.718,496.96,378.39,0.13546
4858,7059.5,71273,37.563,601.65,425.45,0.17154
4860,7191.7,71759,32.748,320.44,124.81,0.43937
4861,7193.2,71695,23.087,638.64,134.5,0.65207
4862,7064.8,71582,28.288,918.74,332.24,0.46883
4864,8791.9,70798,35.639,484.08,298.79,0.23668
4865,7468.6,70172,38,167.52,201.99,-0.093266
4866,7397.6,72130,24.132,992.65,699.08,0.17353
4868,6587.5,72265,31.262,291.8,135.29,0.36647
4868,7791.3,70751,34.9,462.6,283.74,0.23964
4868,8813.8,69798,33.919,387.16,169.36,0.39135
4868,8879.9,71509,31.354,436.86,163.2,0.45606
4870,7539.5,71447,23.404,422.18,155.49,0.46166
4871,7035.7,70512,31.195,371.53,257.49,0.1813
4872,6957.9,70490,31.825,275.42,318.07,-0.071859
4873,6669.5,71256,27.626,867,555.36,0.2191
4873,7191.5,71383,30.843,878.67,573.75,0.20994
4874,6974.6,71536,27.356,563.85,396.07,0.17478
4875,8051.7,69793,33.203,567.28,170.24,0.53835
4875,8779.8,70516,39.753,558.18,309.49,0.28662
4876,8219.3,69882,38.111,184.59,143.37,0.12566
4877,8857.9,69841,27.37,1525.6,865.07,0.2763
4877,8976.6,69833,20.861,1377.2,811.73,0.25831
4878,6555.7,71603,30.832,286.79,206.44,0.16289
4879,7447.9,71675,30.039,381.64,219.1,0.27055
4880,6450.6,69852,27.546,811.91,737.83,0.047799
4880,6615,72171,29.343,395.39,223.11,0.27856
4880,7437.8,72228,32.654,417.44,392.44,0.030867
4881,6522.7,70036,23.862,622.12,917.72,-0.19197
4882,7471.3,71757,33.77,224.95,107.86,0.35181
4882,8529.7,71099,26.626,516.66,286.19,0.28707
4883,6663.2,69977,10.572,1171.1,683.92,0.26264
4883,7538.5,70648,23.631,604.63,382.9,0.22453
4884,6565.7,70004,29.714,608.57,466.41,0.13224
4884,8374.1,70406,30.435,206.83,137.26,0.20221
4885,6656.1,69943,12.412,1371.8,896.15,0.20974
4885,7479.9,70347,40.115,920.58,701.22,0.13526
4886,6543.3,69923,18.593,1055.7,601.17,0.27431
4887,6669.4,69951,8.4145,1559.2,951.3,0.24213
4887,7659.5,70507,29.792,370.4,309.66,0.089313
4887,8815.3,71926,31.233,627.61,417.68,0.20083
4888,6524.6,69880,23.832,619.61,543.38,0.065549
4888,8421.6,72625,28.299,257.79,169.91,0.20545
4889,8150.7,71280,25.13,302.79,216.3,0.16661
4890,7909.4,71361,28.989,641.12,459.64,0.16486
4890,8064.9,70821,30.38,505.22,314.91,0.23205
4890,8687.1,70616,31.079,497.98,335.34,0.19517
4892,7571.9,70772,21.705,399.08,124.97,0.52305
4895,8200.4,70940,25.901,571.06,360.35,0.22623
4897,6515.6,70621,23.835,444,595.04,-0.14537
4897,8979.1,69872,18.614,766.61,350.54,0.37244
4898,8990.3,69819,23.861,562.18,365.95,0.21143
4899,8690.2,69890,24.839,1247.8,864.23,0.1816
4900,6575.2,71867,32.976,243.64,147.11,0.24704
4900,7352.8,71747,28.456,551.58,461.13,0.089306
4901,6494.5,71957,32.302,337,189.05,0.28126
4901,8867.9,69935,33.649,403.73,171.23,0.40437
4902,6527,72070,28.023,514.72,315.12,0.24053
4902,7894.5,72584,28.725,250.43,137.49,0.29114
4902,8183.4,71100,32.507,160.19,104.82,0.20892
4905,6846.8,72553,29.606,544.01,398.74,0.15409
4905,7811.4,71341,24.44,473.25,236.36,0.33384
4905,8960.4,72570,31,510.57,173.38,0.493
4906,6697,71177,23.509,711.89,619.45,0.069428
4907,8302.6,72716,36.787,384.12,219.27,0.2732
4908,8289.2,72663,25.608,638.89,285.11,0.38288
4909,7305,71317,26.681,787.47,390.91,0.33653
4910,7191.7,71756,31.799,382.58,318.73,0.091037
4910,8194.8,71712,22.003,531.88,261.81,0.34028
4910,9386.4,69971,38.739,534.72,361.37,0.19345
4911,6961.4,70573,33.242,475.83,290.15,0.2424
4911,8695.1,69986,33.543,351.52,238.87,0.19081
4912,7019.9,70434,26.602,938.25,612.44,0.21011
4913,7189.3,70488,31.843,712.11,215.58,0.53523
4913,8815.2,72539,29.498,190.89,102.07,0.30318
4918,8737.3,69856,27.405,254.77,124.89,0.3421
4920,6648.3,70055,22.558,418.22,242.12,0.26668
4920,6737.8,71462,37.662,505.57,673.69,-0.14256
4921,8510.6,71312,22.083,370.11,157.42,0.40318
4922,8612.4,71224,30.083,559.52,457.87,0.099917
4925,7853.5,70962,27.755,495.5,194.48,0.43628
4926,7807.9,70962,31.492,452.58,296.55,0.20828
4928,7520.6,72587,23.191,335.74,137.71,0.41828
4930,6592.7,70970,29.572,416.33,217.46,0.31377
4930,7906.3,71315,26.105,434.56,288.55,0.20191
4932,8366.4,70998,28.564,895.82,398.23,0.38452
4933,8565.5,71011,30.619,437.71,315.57,0.16216
4934,7244.2,71883,32.919,654.64,404,0.23676
4934,8613.3,70528,35.319,1005.7,829.18,0.096194
4934,8668.9,70260,26.682,882.27,585.2,0.20244
4935,8298.7,71146,30.831,1208.4,738.48,0.24137
4935,8936.4,70055,28.697,842.36,598.92,0.16891
4936,8414.7,71094,29.744,430.82,113.33,0.58344
4936,8804.9,70052,19.165,1089.9,682.33,0.22996
4937,8935.1,71106,27.121,698.23,418.62,0.25035
4938,8145.4,72672,33.717,447.89,381.83,0.079615
4938,9090.1,70932,27.986,573.73,243.65,0.40382
4939,9287.5,71227,32.425,687.46,488.83,0.16886
4941,9072.6,70776,30.639,353.13,131.41,0.45758
4943,6569.2,70034,27.644,461.5,129.88,0.56077
4944,8628.3,71114,19.253,582.84,389.97,0.19826
4945,8161.8,72219,35.457,309.95,302.36,0.012394
4946,6593.3,69936,12.408,950.27,558,0.26008
4948,7651.5,70626,34.924,139.31,133.16,0.022557
4948,8471.5,71180,27.056,323.24,222.13,0.18538
4949,7221.6,70033,39.961,603.85,314.34,0.3153
4949,7714.8,70462,29.764,691.14,529.65,0.13228
4949,8241.4,71133,19.359,545.82,416.4,0.13451
4950,7591.1,70304,17.692,530.79,525.05,0.0054358
4950,8176.3,71122,30.333,706.56,645.41,0.045227
4951,9364.5,70275,37.097,280.74,203.45,0.15963
4952,6942.5,70213,24.63,782.76,287.04,0.46337
4952,7894.2,70791,29.88,337.29,255.44,0.13809
4953,7129.2,70749,34.451,853.08,469.57,0.28996
4953,7690.5,70677,23.809,1050.7,642.2,0.24133
4954,7856,70615,21.817,868.67,558.93,0.21696
4955,7893.9,70534,31.356,319.11,199.66,0.23025
4955,8086.8,69986,29.087,530.75,449.28,0.083121
4957,6677.2,71098,24.888,229.74,134.88,0.26016
4957,7917.5,70600,29.707,574.33,160.27,0.56366
4958,8097.3,71330,29.406,202.88,189.35,0.034482
4959,9324.2,71311,24.632,504.28,204.59,0.42277
4959,9404.7,70635,27.545,676.34,340.45,0.33034
4960,8688,70242,34.542,157.34,106.63,0.19209
4960,8907.9,71106,39.953,865.06,376.51,0.3935
4962,7872.7,70469,31.147,471.64,206.69,0.39059
4963,7755.1,70473,35.25,510.93,315.27,0.23681
4964,7028.4,72124,24.305,396.5,272.69,0.18502
4964,8113.8,71456,33.247,492.49,399.69,0.10402
4965,7637.7,70417,20.512,987.31,538.23,0.29438
4966,7701.4,70405,25.37,1129.7,733.61,0.21256
4967,8160.5,72641,27.345,583.51,162.62,0.56409
4967,9229.1,72021,26.806,517.9,366.95,0.17059
4968,6890.8,69800,25.22,857.34,721.83,0.085809
4968,7058.7,71359,30.162,479.06,382.46,0.11212
4968,9418.9,69993,23.906,416.13,312.83,0.14171
4969,8425.4,70564,24.618,805.82,282.55,0.48078
4970,6580.3,70612,29.184,616,382.06,0.2344
4970,7078.4,70164,32.467,446.33,281.08,0.22718
4970,9043.2,71894,28.58,219.56,122.22,0.2848
4970,9170.4,70415,24.625,395.47,186.02,0.3602
4971,8570.2,70926,38.219,172.38,110.18,0.22013
4971,9100.7,70349,34.68,243.72,182.33,0.14409
4972,6664.3,71886,20.525,814.61,331.8,0.42115
4973,6443.8,71788,34.925,415.91,225.43,0.29699
4973,7383.1,71547,31.518,386.99,285.88,0.15027
4974,6797.2,71421,24.344,685.2,664.82,0.015099
4974,7512.8,70494,28.427,253,299.39,-0.083993
4975,6904.3,71482,21.502,887.65,972.95,-0.045846
4976,6927.9,71440,31.064,629.78,542.18,0.07475
4977,7161.1,71577,29.427,275.92,180.99,0.20776
4977,7363.4,72100,33.929,416.7,328.77,0.11794
4977,9408.7,70346,29.92,285.88,181.17,0.22419
4978,6610.2,69818,24.963,425.94,218.8,0.32128
4978,7334.6,71683,34.605,211.5,171.41,0.1047
4978,7387.3,72262,36.555,302.28,218.86,0.16007
4978,9204.2,72656,34.029,361.15,238.23,0.20506
4979,6808.5,72186,34.428,241.9,231.93,0.021046
4979,7157.6,70047,32.429,680.43,381.87,0.28105
4980,7109.4,70518,28.465,221.73,150.52,0.19131
4980,7322.8,71093,29.179,928.24,496.42,0.3031
4980,7177.3,72062,31.41,407.44,268.49,0.20556
4981,7390.9,71474,39.671,359.88,374.46,-0.019849
4982,7799.2,71984,31.557,580.68,430.43,0.1486
4982,9086.6,69810,34.576,626.36,374.4,0.25177
4983,9046.6,70054,26.748,637.43,523.43,0.0982
4984,9077.2,72381,22.531,1046.8,519.68,0.33652
4985,9052.2,69928,34.129,534.27,416.76,0.12356
4985,9214,72373,18.506,1216,818.69,0.19527
4985,9326.7,70785,34.667,325.44,137.73,0.40526
4986,8911,69869,26.8,361.06,189.84,0.3108
4986,9334.5,70902,30.684,428.15,156.47,0.46472
4987,8186,71237,29.067,413.53,239.83,0.26585
4987,9294.2,72672,37.381,347.24,356.17,-0.012689
4988,6493.3,69914,12.085,769.04,408.34,0.30635
4988,8684.2,70350,32.337,243.52,110.47,0.37588
4989,6487.6,69908,17.8,544.8,207.59,0.44819
4989,8825.1,70576,32.965,571.63,252.78,0.38677
4990,8947.6,70276,25.39,358.17,255.98,0.16639
4992,7605.7,70717,18.433,429.91,581.78,-0.15011
4992,8562.3,71034,18.751,810.74,656.39,0.1052
4992,9395.6,71797,31.735,948.57,637.93,0.1958
4994,7727.5,71228,36.894,680.95,259.02,0.44887
4995,7774,71223,27.287,1170.8,685.53,0.26142
4995,8599.9,71001,24.505,597.56,455.15,0.13528
4995,9360.2,70806,27.18,685.87,367.07,0.30278
4996,8658.9,71035,25.033,413.95,271.52,0.20778
4997,8778.5,70927,33.495,765.02,557.36,0.15703
4998,7665.9,70731,30.543,460.21,100.37,0.64191
4998,8067.1,72648,33.183,685.44,453.75,0.20338
4998,8589.6,71072,23.439,1333.3,1704.4,-0.12218
5000,8444.8,72615,27.209,467.39,217.11,0.36564
5000,8931.2,70962,16.403,634.52,614.41,0.0161
5001,8120.7,70783,37.009,286.04,153.61,0.3012
5001,8926.5,71048,17.04,546.76,122.41,0.63414
5001,9328.7,70382,31.36,423.62,132.4,0.52376
5002,9019.4,71022,28.875,333.15,267.42,0.10945
5003,6782.8,71378,35.386,385.56,122.33,0.51828
5003,8994.9,70988,31.908,397.3,236.29,0.25412
5004,9116.9,70999,20.844,443.48,222.86,0.33111
5005,6917.9,71638,29.023,329.67,148.27,0.37955
5005,9175.5,71127,26.888,460.29,503.07,-0.0444
5006,8264.6,70367,24.875,400.17,152.86,0.44719
5006,9289.2,71834,40.897,442.47,551.92,-0.11007
5007,9120.5,72418,31.485,226.18,181.26,0.11025
5007,9354.9,71147,28.275,202.41,222.79,-0.047931
5008,9000.8,70508,33.145,355.61,266.61,0.14303
5009,8414,71201,30.193,422.65,382.69,0.04961
5009,8898.9,71994,27.244,530.35,395.92,0.14513
5009,9020.8,70333,24.763,511.58,406.27,0.11474
5011,8177.1,70740,28.124,779.59,387.43,0.33604
5011,8586.4,72684,33.318,296.62,145.01,0.34331
5011,9061.1,71975,22.557,712.54,550.99,0.12785
5012,7379.5,70469,36.139,1150.2,832.45,0.16029
5012,8018.2,70629,24.305,1071.8,1041.1,0.014491
5012,9003.2,71921,31.197,435.47,214.66,0.33965
5013,8116.4,70597,27.487,1278.5,1125.5,0.063647
5013,9092.5,71916,31.863,223.7,132.03,0.2577
5014,8956.3,69972,24.469,585.02,249.39,0.40223
5015,7878.1,70843,30.741,351.81,270.17,0.13126
5015,8978.5,70240,30.178,380.82,383.87,-0.0039904
5015,9162,72459,23.012,251.11,153.6,0.24094
5016,7910.8,70888,33.961,210.12,185.72,0.061631
5016,8937.6,70278,35.231,400.64,328.42,0.099057
5017,7989.9,71154,38.447,294.8,391.6,-0.14102
5017,9036.7,70627,34.296,628.02,407.55,0.21289
5018,8868.3,70499,26.946,612.79,348.82,0.2745
5019,6526.6,72541,30.217,345.96,177.33,0.32224
5019,8884.5,70988,37.081,778.08,735.77,0.027948
5019,9229,70488,39.176,658.81,280.62,0.40258
5020,6848.1,72320,27.263,409.72,171.88,0.40894
5020,7940.6,71322,29.333,361.01,259.9,0.16285
5020,8731.4,71072,34.571,905.13,640.03,0.17157
5021,6675.7,71085,32.991,321.93,237.23,0.15148
5021,7115.5,69732,24.131,353.25,169.22,0.35223
5021,7918.6,71169,32.153,417.44,365.35,0.066537
5028,6739.2,72482,27.95,892.93,443.75,0.33604
5029,6852.7,72546,32.445,404.59,123.23,0.53305
5029,7050.6,70513,31.123,438.03,206.1,0.36006
5029,9123.1,72011,35.458,480.12,323.21,0.19532
5030,7557.9,70304,18.365,481.94,305.66,0.22382
5031,8466.1,70329,21.559,692.26,323.81,0.36262
5032,6483.6,69891,32.322,558.91,175.12,0.52286
5033,6646.9,69869,26.784,488.57,200,0.41908
5033,7118,70110,26.24,759.5,412.95,0.29557
5035,6650.9,71358,26.197,265.83,156.91,0.25766
5036,8859,69827,33.871,497.93,218.3,0.39041
5036,8967.8,71497,35.839,499.4,303.45,0.24407
5039,6560.2,72324,31.27,360.66,290.74,0.10734
5039,7931,71008,28.001,508.91,251.89,0.33784
5040,7240.8,70939,37.362,179.17,175.58,0.010126
5040,7978.6,71001,38.557,302.17,158.64,0.31146
5041,7631.7,71892,33.816,274.25,164.52,0.25009
5043,9257.3,70419,32.442,385.34,198.99,0.31891
5045,6475.8,72324,34.736,462.72,116.36,0.59813
5046,6866.1,72075,29.327,444.51,268.9,0.24616
5047,7510.4,70499,25.793,242.57,251.25,-0.017584
5048,7529.7,70400,22.348,221,119.49,0.29812
5048,8624.7,70953,28.751,259.53,140.1,0.29884
5049,7590.5,70371,16.219,453.2,231.98,0.32286
5049,8618.1,70882,31.804,364.25,255.19,0.17606
5051,8808.9,71704,31.593,665.26,412.19,0.23489
5053,8515.8,71396,36.188,271.71,204.99,0.13996
5054,6896.7,70556,30.305,624.68,177.69,0.55708
5055,7922.1,70701,16.991,987.1,491.23,0.33543
5056,7797.3,70637,22.389,917.98,506.8,0.28859
5056,9366.8,70805,28.929,493.84,343.27,0.17987
5057,7677.7,70572,23.579,721.8,365.23,0.32803
5057,8545.5,72593,28.751,220.49,219.89,0.0013544
5057,9371.8,70574,32.946,505.4,308.39,0.24208
5058,7246.8,72467,33.522,603.4,328,0.29569
5058,7486.3,70478,23.971,313.42,182.74,0.26339
5061,7470.4,71155,25.834,507.1,327.2,0.21563
5061,7887.9,70209,34.433,316.25,197.05,0.23222
5061,8837.7,70232,28.678,761.66,469.03,0.23778
5062,7004.4,71501,36.634,356.64,334.32,0.032296
5062,8026.6,70012,18.236,305.37,224.17,0.15334
5063,8986.1,72157,18.798,922.61,601.15,0.21097
5069,7996.6,71615,32.285,207.91,160.47,0.12879
5071,8636.5,71955,32.499,309.97,200.13,0.21533
5071,9417.1,70735,24.764,534.19,359.4,0.1956
5075,8780.6,69795,29.813,351.16,105.79,0.53697
5075,8993.6,71898,30.834,441.2,139.57,0.51936
5076,7531.1,72005,31.386,487.63,390.17,0.11103
5076,8010.3,70555,25.954,424.68,426.16,-0.0017357
5077,8407.2,72638,33.723,511.62,433.23,0.082971
5078,7944.4,72286,32.534,596.81,442.62,0.14834
5080,8123,71030,32.874,358.3,180.99,0.32878
5080,8295.5,72634,37.254,422.77,271.57,0.21775
5081,7995.8,71070,38.429,482.67,418.96,0.070655
5083,7827.7,70849,31.217,674.1,318.01,0.35892
5084,8738.1,71600,27.231,421.86,355.97,0.084712
5084,8916.3,70775,42.242,764.83,606.93,0.1151
5085,7646.4,70212,41.374,530.63,344.9,0.21214
5085,7883.4,71403,31.467,682.35,384.53,0.27915
5085,8940.9,70649,34.975,523.09,344.59,0.20572
5086,7184.6,72323,28.082,332.46,144.09,0.39527
5086,9036.3,70068,30.372,461.29,223.96,0.34635
5087,6939.7,69803,26.713,656.53,530.14,0.10651
5087,7057.9,72398,34.995,558.45,330.02,0.25711
5088,8899.2,72209,37.235,381.66,161.33,0.40577
5088,8899.8,70862,27.983,1220,716.93,0.25971
5089,7862.8,72392,29.579,322.59,200.27,0.23393
5089,8725.7,70387,29.733,496.69,287.8,0.26628
5089,9006.5,72129,31.108,960.83,767.72,0.11172
5090,6576,72547,22.693,404.83,231.08,0.27322
5091,8706.9,72275,26.544,786.73,410.82,0.3139
5092,8803.5,72296,26.495,406.82,308.64,0.13722
5093,8053.7,71492,32.534,669.21,494.38,0.15025
5093,9238,71725,36.779,397.75,104.57,0.58365
5096,6659.6,72399,33.915,487.53,489.04,-0.0015484
5097,6589,69862,16.325,535.31,371.56,0.18057
5097,8372.3,70725,25.326,489.26,394.89,0.10674
5098,7994.5,72319,25.573,1018.2,681.9,0.1978
5099,8180.7,71157,21.516,746.47,533.68,0.16623
5099,8514.8,71373,32.097,644.55,561.51,0.06885
5100,7584.2,70823,29.724,190.69,100.7,0.30882
5101,7030.5,72410,39.074,371.18,251.2,0.19277
5101,9100,70993,29.345,502.14,137.27,0.57065
5101,9399.6,70063,34.981,426.22,188.44,0.38684
5102,9206.1,72509,29.513,245.43,258.67,-0.026271
5103,8692.1,71765,35.014,565.48,512.78,0.048874
5104,6456.8,72450,37.15,480.3,388.88,0.10518
5104,8428.6,71974,25.77,203.64,246.43,-0.09508
5105,9108.8,71986,25.895,522.62,429.91,0.097331
5105,9202.9,71424,26.364,412.49,253.72,0.23832
5106,6636.3,69919,20.272,451.65,302.74,0.19739
5106,7987.6,71441,29.248,381.98,128.91,0.49535
5106,8758.8,70451,31.526,312.08,281.03,0.052361
5106,8865.2,71796,25.611,713.46,386.14,0.29768
5107,9000,70673,25.47,534,382.73,0.16502
5108,8644.7,71883,30.423,558.28,411.87,0.15092
5108,9185.2,70802,32.282,264.95,196.45,0.14846
5110,6449.5,70145,33.956,482.71,395.63,0.09914
5110,6473.9,70212,32.949,810.5,682.97,0.085395
5110,8123.7,70491,31.866,580.24,412.62,0.16883
5110,9046.5,69845,34.865,392.76,251.83,0.21864
5111,8119.2,71162,37.999,387.27,134.93,0.48321
5114,6933.3,71601,22.557,422.01,319.07,0.1389
5114,7751.6,70858,33.865,204.84,194.68,0.025429
5114,9258.9,72451,37.455,528.67,238.42,0.37838
5117,7235.8,71758,26.003,498.58,428.77,0.075285
5117,8935.5,72373,30.974,260.74,204,0.12211
5118,7443.6,70363,31.67,264.51,191.18,0.16092
5119,8923.7,72268,35.468,309.67,246.17,0.11425
5120,6727.2,71114,37.75,494.85,109.09,0.63873
5122,8706.5,71652,31.02,604.33,237.94,0.435
5123,7295.8,71136,36.125,212.36,186.86,0.063872
5124,6748.1,72361,24.952,658.67,396.98,0.2479
5124,9282.4,69964,24.821,761.09,399.82,0.3112
5125,9418.2,69969,26.31,860.48,558.96,0.21242
5126,8877.1,70596,32.089,650.08,501.42,0.1291
5129,6986.1,71291,28.287,832.04,472.94,0.27517
5129,8560,71226,38.499,383.58,358.4,0.033936
5130,9023.5,72341,22.638,523.12,285.42,0.29398
5131,7139,69796,33.634,408.71,416.53,-0.0094758
5131,7193.5,71338,41.305,925.06,682.96,0.15055
5131,7822.7,72121,28.861,475.75,163.88,0.48757
5131,8987.7,72212,29.025,359.12,350.01,0.012847
5132,7354.9,71425,27.582,634.73,343.59,0.2976
5132,8109.3,72481,30.772,444.12,300.91,0.19222
5135,7008,70431,35.106,546.99,352.58,0.21612
5135,7329.6,69991,25.86,313.04,168.34,0.30059
5137,8979.1,70946,30.219,847.41,630.95,0.14642
5138,9093.7,70806,24.3,724.56,307.73,0.40379
5141,6476.3,71709,34.513,557.8,228.22,0.41931
5143,8085.8,72617,29.254,595.05,250.93,0.40677
5145,6601.8,69950,15.569,476.66,173.26,0.46682
5146,7690.8,70490,17.419,803.57,491.08,0.24136
5146,8026.5,71331,33.665,435.48,229.72,0.30932
5147,7605.3,70228,29.317,477.88,315.1,0.20527
5147,9358.3,71420,26.897,474.29,440.89,0.036497
5149,7329.4,70891,37.541,662.25,408.14,0.23741
5149,7577.8,70528,27.204,653.77,428.94,0.20765
5150,7516.2,70790,23.146,874.76,725.9,0.093001
5150,7511.4,70665,18.815,976.65,718.94,0.15199
5150,8968.4,71185,37.041,184.4,219.15,-0.086116
5151,7250.6,70815,35.346,434.97,333.3,0.13234
5151,7885.5,71372,30.178,302.99,152.17,0.33137
5152,6914,70334,35.067,394.96,209.62,0.30657
5152,9064.7,71844,25.017,531.45,240.09,0.37763
5153,8747.9,70302,32.762,603.4,459.99,0.13486
5154,8959.6,70261,33.695,520.04,360.88,0.18068
5155,6714.3,69807,24.687,744.63,539.36,0.15987
5155,7138.9,69766,32.769,600.92,455.49,0.13767
5156,6674.6,69932,12.433,1257.4,683.5,0.2957
5157,6729,69988,25.502,780.22,178.5,0.62763
5157,7669,70516,19.04,575.56,164.22,0.55603
5157,8990.8,72314,31.645,138.75,102.11,0.15211
5160,7378.6,70899,36.584,240.16,241.85,-0.003508
5160,8086.2,71247,35.233,185.38,113.95,0.23864
5160,8532,70104,24.698,638.75,502.7,0.1192
5161,7499.3,70904,19.721,265.72,288.02,-0.04026
5161,8533.4,70138,36.211,338.33,493.52,-0.18656
5163,8166.7,71164,37.862,405.08,428.77,-0.0284
5163,8646.4,71114,25.421,399.59,233.43,0.2625
5164,6987.7,71422,31.91,491.32,311.34,0.22423
5164,7264.5,70150,24.762,245.72,169.49,0.1836
5164,7589.9,70376,24.39,379.89,175.37,0.36832
5164,8108,71074,30.11,430.71,328.03,0.13532
5165,8130.9,71082,26.555,824.31,375.3,0.37429
5166,7042.1,71046,32.857,153.14,101.35,0.2035
5166,8000.3,70680,44.892,615.15,288.82,0.361
5166,9086.3,72468,12.088,731.82,138.5,0.68173
5168,9154.7,72623,15.366,566.41,167.67,0.54319
5169,9191.4,72562,20.192,318.03,169.72,0.30408
5170,8097.4,71998,30.087,224.51,101.37,0.37788
5170,9221,72486,31.185,328.54,298.8,0.047405
5171,8169.2,72354,26.638,1096.9,731.43,0.19988
5172,7267.3,71765,35.004,729.08,400.55,0.29083
5173,6785.6,71576,25.688,460.92,157.84,0.48983
5173,7731.9,72585,36.924,269.18,151.36,0.28017
5174,6718.1,71542,22.675,512.46,288.53,0.27957
5176,6662.2,69809,28.202,666.04,452.58,0.19082
5176,6951,71103,29.536,366.22,412.83,-0.059823
5177,6454.6,72435,30.673,805,645.4,0.11004
5179,8897.5,70652,33.826,441.73,181.85,0.41675
5180,8505.6,70516,33.431,344.11,223.03,0.21349
5183,8159.9,71382,26.056,322.75,276.42,0.077325
5187,8956.4,71473,33.75,236.52,190.72,0.10719
5188,6529.3,70956,20.502,1518.8,1120,0.15111
5188,8266.5,70490,30.676,366.66,193.71,0.30863
5188,8390,72542,29.26,292.66,186.79,0.22082
5189,9126.1,72351,30.502,162.69,125.31,0.12978
5190,9028,72203,34.758,485.43,235.55,0.34658
5191,6457,72460,37.792,237.22,303.34,-0.12232
5191,8913.2,72035,31.081,558.67,446.41,0.1117
5192,8325.1,71249,31.441,680.55,401.46,0.25794
5192,8632.2,71196,35.331,643.31,351.16,0.29377
5193,8423.6,71381,19.168,526.82,356.51,0.19281
5194,8298.3,71137,32.872,959.42,885.08,0.040303
5195,9368.3,71309,36.434,421.57,146.95,0.48304
5196,6717.7,69908,35.469,186.23,399.18,-0.36376
5196,7461.9,70926,26.681,444.51,525.74,-0.083723
5196,8040.2,71068,35.433,424.8,317.98,0.1438
5197,6649.2,71419,41.563,560.06,351.6,0.22866
5197,7550.2,70968,23.604,583.33,562.23,0.018422
5198,7481.4,70952,18.82,544.58,387.73,0.16824
5199,9406.4,72625,30.979,263.39,127.95,0.34608
5200,7397.3,70020,30.325,281.67,275.32,0.0114
5201,7256.1,69966,30.409,875.79,529.86,0.2461
5201,9279.5,70300,28.543,425.87,334.18,0.12063
5202,6565,71658,29.011,527.41,342.69,0.2123
5202,7249.2,72510,38.118,490.63,190.9,0.43979
5202,9370.3,70298,30.947,300.19,386.27,-0.1254
5203,7612.9,70772,24.77,487.54,185.51,0.44875
5203,8069,71316,24.502,214.42,111.01,0.31777
5204,7800,70519,19.053,538.27,312.55,0.2653
5204,7850.6,71234,29.062,894.1,871.29,0.012921
5205,7462.2,70316,30.958,738.4,425.63,0.2687
5205,8183.2,71118,34.015,387.17,271.47,0.17566
5206,7547.2,70366,24.942,395.98,171.13,0.39649
5206,7832.9,72660,38.055,1084.4,652.29,0.24881
5210,7424.6,70334,33.115,265.02,152.32,0.27004
5211,9082.3,69927,38.841,323.82,177.44,0.29203
5212,7258.5,70177,29.182,327.94,289.96,0.061467
5215,7328.2,69767,27.67,985.99,672.59,0.18896
5215,7315.4,69813,32.568,851.32,459.45,0.29896
5216,7662.7,71970,34.146,495.36,353.86,0.16662
5218,7693.7,71922,28.629,291.77,137.07,0.36073
5218,8092,72556,32.587,347.28,130.17,0.45473
5224,6722.1,70714,20.98,273.53,296.32,-0.03999
5224,9008.2,72156,34.436,282.06,145.81,0.31843
5225,6723.6,70765,16.351,622.59,654.28,-0.024821
5225,9040.3,69911,26.481,459.92,266.56,0.26616
5226,6677.8,70738,19.621,595.89,618.54,-0.018645
5227,7207.4,71721,34.84,397.31,285.14,0.16437
5227,9076.4,72257,29.357,778.93,494.89,0.22298
5228,6628.6,70751,28.509,446.43,452.49,-0.0067346
5228,9080.1,72044,32.049,814.21,407.98,0.33239
5229,6623.9,70692,39.82,336.02,364.11,-0.04012
5229,8856.2,69778,31.234,234.4,161.16,0.18513
5229,9002.4,71687,29.33,319.06,159.05,0.33467
5230,7560,70848,34.164,607.02,368.06,0.24507
5233,8910.9,71509,29.49,643.34,404.34,0.22812
5234,8238.8,71079,32.978,213.59,183.14,0.076751
5234,9020.2,71901,31.576,311.21,313.09,-0.0030024
5235,6851.2,71385,31.925,226.04,348.9,-0.21369
5235,8623,70511,26.371,702.2,427.33,0.24335
5235,8765.1,69838,36.132,571.23,274.59,0.35071
5236,8555.2,70618,33.735,191.11,124.59,0.21071
5238,7930.2,71110,32.352,346.44,265.44,0.13237
5239,6626.5,69966,18.627,450.34,135.77,0.53671
5240,6603.9,70182,37.878,1235,554.82,0.38004
5242,6688.4,70388,32.156,442.51,335.22,0.13795
5242,7221.4,71664,39.108,374.45,420.83,-0.058314
5243,6833.8,70195,28.737,751.7,275.4,0.46373
5244,6929.3,71552,26.678,309.45,152.4,0.34006
5245,6874.7,71520,33.25,332.54,260.02,0.12238
5250,8734.3,72665,35.374,297.06,349.05,-0.080458
5251,7537.2,72276,39.271,678.3,598.7,0.062333
5251,8976.1,71882,24.966,788.11,432.96,0.29085
5255,8791.8,72444,36.95,171.19,139.45,0.10215
5256,6747.1,70414,36.048,468.44,689.45,-0.19087
5256,9026.8,72318,27.651,743.77,381.9,0.32147
5257,6809.7,70185,23.66,610.76,434.82,0.16827
5257,8213.7,69755,23.439,462.46,275.6,0.25318
5257,8961,70555,33.489,544.38,293.39,0.29958
5258,6513.7,72498,42.024,288.93,140.76,0.34482
5258,6719.8,70254,20.96,628.35,721.86,-0.06926
5258,8066.8,69810,30.396,938.66,647.31,0.18371
5258,8615.3,69952,23.895,685.56,513.81,0.14321
5259,6716.6,70246,28.139,1305.2,1461.3,-0.056428
5260,8593.9,72640,26.231,815.35,386.63,0.35668
5260,9139,70700,28.727,485.01,176.26,0.46691
5261,6430.8,69934,26.686,233.81,162.31,0.18051
5261,7878.5,70533,35.617,410.61,189.12,0.36931
5261,9250.5,70540,37.569,306.4,173.21,0.2777
5262,8856,71934,26.87,681.16,238.44,0.48142
5263,7499.7,69970,37.252,363.84,189.64,0.31474
5263,7702.4,70909,35.237,262.68,157.88,0.24921
5264,7193.9,71261,34.026,488.31,211.72,0.39512
5264,8126.2,72093,34.396,474.21,616.18,-0.1302
5265,7023.8,71550,36.191,508.86,350.32,0.18452
5265,8825,71456,28.412,1118.1,686.86,0.23891
5266,6612.1,69890,26.234,527.01,326.3,0.23522
5266,8751.4,71516,25.546,521.61,400.78,0.13099
5267,7077.8,71814,18.009,1499.9,1034.3,0.1837
5267,8653.1,72014,35.715,357.91,256.55,0.16496
5268,7103.8,71857,24.616,299.47,161.57,0.29909
5270,7338.1,70084,37.648,376.65,390.75,-0.018377
5271,6468.7,70802,29.239,428.34,162.79,0.44923
5272,8093.8,71401,21.811,262.56,106.65,0.42229
5276,6684.3,69824,30.737,578.65,538.51,0.035932
5277,6740.1,70358,26.333,703.08,501.39,0.16745
5278,6828.8,70359,24.985,563.38,498.95,0.060653
5279,6988.4,71580,24.84,544.86,194.52,0.47384
5279,8926.2,71419,30.987,206.83,122.45,0.25625
5279,9193.2,72304,21.411,935.58,587.25,0.22874
5280,9078.2,71839,20.969,356.5,199.93,0.28137
5280,9137.8,70847,28.806,596.44,332.25,0.28448
5281,7211.4,71778,33.368,212.24,112.38,0.30761
5281,7530.5,70653,22.438,267.03,148.11,0.28644
5281,8978.6,71679,30.653,540.11,568.6,-0.025697
5282,8894.1,71628,20.4,1060.7,931.25,0.065005
5283,8804.9,71585,24.548,921.61,952.96,-0.016727
5285,7106.7,71798,31.099,271.02,186.72,0.18416
5285,8394,70250,30.355,409.07,180.69,0.38725
5287,7346.3,72481,27.01,568.41,212.4,0.45594
5288,7110.9,72560,26.028,409.2,163.4,0.42927
5288,8334.6,71023,25.451,483.31,371.77,0.13045
5289,6752.4,71432,33.461,231.8,123.06,0.30645
5289,8221.3,71086,22.541,840.9,674.12,0.11009
5290,8305.2,71177,15.949,1032.8,1032.5,0.00015025
5291,7209.1,71861,29.15,155.98,120.27,0.12925
5293,6833.4,70336,27.583,696.48,339.74,0.34427
5293,8061.2,69846,32.512,322.83,224.34,0.18
5294,8364.2,69812,39.043,603.95,199.21,0.50394
5295,8489.9,69872,26.08,552.31,296.67,0.30112
5296,7859.3,71341,32.006,586.03,199.12,0.49278
5296,8573.4,69936,30.761,439.52,235.29,0.30264
5296,8877.2,70651,31.134,302.64,255.97,0.083549
5297,7800.2,71263,29.423,681.47,423.94,0.23297
5297,8704.7,71157,23.13,182.29,103.21,0.27697
5297,8888.7,70544,32.363,396.56,360.99,0.046946
5298,8751.8,71271,14.905,383.8,356.98,0.036215
5298,9133.1,70611,34.23,163.67,113.74,0.18001
5299,6488.6,69911,18.563,414.35,345.44,0.0907
5299,8779,71278,14.639,524.8,429.9,0.099403
5300,6887.5,70871,35.039,247.35,131.92,0.30434
5300,8702.9,71288,33.281,228,221.28,0.014945
5304,7333.5,70270,37.343,345.53,149.67,0.39551
5305,8985.3,70905,30.191,434.57,287.32,0.20398
5306,6773.3,72597,31.401,399.03,211.39,0.3074
5308,6424.3,72721,37.388,373.97,184.51,0.33923
5308,6837,71792,31.777,682.1,568.89,0.090495
5309,6458.3,71004,26.335,316.5,218.4,0.1834
5309,9074.6,70072,31.546,319.63,237.11,0.14823
5310,9056,70603,30.78,338.59,194.04,0.2714
5311,6982.7,70428,30.206,330.69,285.34,0.073616
5312,6906.2,70205,29.199,455.79,257.76,0.27753
5312,9056.9,70015,24.302,963.64,689.46,0.16586
5313,7018.3,69859,28.105,559.9,358.42,0.21941
5315,8904.4,71387,18.099,1148.5,471.15,0.41823
5316,8660,71583,27.511,403.26,260.57,0.21494
5316,9022.4,72424,35.158,594.98,365.53,0.23888
5317,8586.3,71801,21.496,966.29,334.27,0.48596
5317,9130.8,72602,42.366,628.86,340.95,0.29688
5318,8597.3,71735,28.844,316.96,204.24,0.21627
5319,6905.6,69766,25.31,1025.3,670.3,0.20937
5319,7657.2,70537,32.607,237.72,351.19,-0.19268
5319,8026.7,71241,35.642,291.18,232.45,0.11215
5320,9099.7,71950,34.371,499.01,262.99,0.30974
5321,6985.6,69835,21.519,1172.6,757.33,0.21519
5321,8906.1,72142,31.135,181.44,128.82,0.1696
5323,7224.6,72565,34.158,409.55,456.77,-0.054513
5323,7863.4,69936,37.894,292.54,199.02,0.19026
5324,7710,70171,32.035,876.77,465.18,0.30671
5324,9110.7,70679,20.625,286.27,391.33,-0.15504
5325,7705.8,70413,8.204,1219.7,684.66,0.28095
5327,6799.7,70562,30.68,408.23,184.45,0.37758
5328,6868.4,70774,31.39,287.76,172.28,0.25103
5331,9043.9,72237,36.351,384.39,337.99,0.064238
5332,6594.9,70394,31.154,573.16,568.46,0.0041117
5332,7839.4,70503,27.883,726.13,696.75,0.020655
5332,9130.3,72333,27.37,639.44,233.13,0.46565
5333,8935,72269,24.44,840.19,386.87,0.36944
5334,7335.9,71860,27.16,475.49,302.63,0.22216
5334,7892.6,71068,20.958,802.89,494.38,0.23781
5334,9044.7,72265,36.759,665.9,606.07,0.047038
5335,9007.3,72555,38.561,930.69,846.32,0.047478
5336,7221.2,71877,23.918,485.37,238.78,0.34051
5336,8926.6,72391,36.224,388.68,269.96,0.18024
5337,6626.8,69792,24.182,845.43,670.64,0.11529
5337,7580.5,72325,31.08,427.77,290.27,0.19148
5339,6575.9,70917,38.135,701.72,598.6,0.079301
5339,7712.5,70511,15.476,718.91,392.15,0.2941
5340,6549.9,70687,28.246,841.4,548.02,0.21115
5340,8248.2,72534,27.863,446.16,186.78,0.4098
5341,6514.1,71062,21.418,783.47,528.72,0.19414
5341,6650.4,70165,30.476,432.04,358.8,0.092612
5341,8071.5,71340,35.447,453.71,275.21,0.24488
5342,6792.9,70044,32.821,317.58,165.67,0.31435
5342,8237.7,72457,35.755,352.68,228.6,0.21347
5343,7846.7,70553,31.938,430.95,116.79,0.57355
5344,7796.8,71319,32.005,309.2,129.95,0.40817
5344,8096.3,72546,18.487,410.78,174.58,0.40352
5346,6992.6,70278,29.55,471.05,220.53,0.36225
5347,6986.3,70019,31.702,448.82,338.51,0.1401
5347,8152.5,70894,36.899,422.92,201.01,0.35567
5348,9212.5,70620,24.358,650.84,575.46,0.061473
5349,7917.9,70700,34.059,1010.3,427.95,0.4049
5349,8332.8,72490,34.191,165.7,189.4,-0.066739
5349,9118.3,70595,30.579,630.22,634.12,-0.0030913
5352,7845,71101,27.959,409.28,217.11,0.30679
5352,8985.1,71406,23.402,326.08,145.5,0.38293
5355,7015.9,72125,35.991,228.02,121.16,0.30602
5356,6842.5,72080,37.279,329.67,127.21,0.44313
5357,8053.9,70539,32.637,332.55,423.07,-0.1198
5358,9062.8,70237,18.995,673.93,292.75,0.39432
5359,7694.5,72467,31.295,374.66,284.91,0.13607
5360,7834.8,71353,37.158,261.47,235.2,0.052895
5361,7141,70099,31.525,671.74,388.06,0.26767
5362,8015.1,71437,31.363,829.72,658.7,0.1149
5363,7827.4,70833,27.503,579.36,576.53,0.0024471
5364,8972.2,71894,33.089,831.02,646.1,0.12519
5365,6856.3,70184,29.976,307.63,114.62,0.45711
5365,8863.1,71914,27.499,688.01,496.06,0.1621
5366,6698.6,70246,35.491,274.68,248.36,0.050324
5367,6511.8,72448,27.574,383.6,111.16,0.55063
5368,8113.4,71047,27.378,313.96,398.84,-0.11908
5368,8986.7,70640,29.775,433,232.53,0.30122
5370,8057.7,72189,34.21,275.9,233.22,0.083836
5372,7281.6,71973,20.221,562.9,361.55,0.2178
5372,8283.1,70116,36.488,251.45,313.54,-0.10989
5374,8853.7,70437,23.384,330.39,119.74,0.46798
5375,7809.2,70687,25.108,514.53,186.48,0.46798
5376,7844.8,70498,22.257,434.95,176.81,0.42195
5377,7640.3,70402,12.893,682.42,373.95,0.29202
5377,8864.4,71884,27.29,377.24,305.2,0.10556
5380,6664.9,69994,33.054,255.66,276.71,-0.039539
5380,7752.6,72119,35.002,365.16,132.86,0.46646
5381,6689.1,69987,24.597,324.74,281.6,0.071151
5381,7110.8,71795,32.848,218.15,139.86,0.21866
5381,7895.7,71493,30.732,525.36,370,0.17352
5382,7988.3,71189,28.622,766.95,492,0.2184
5383,6635.8,69951,27.695,251.97,356.76,-0.17215
5383,7374.1,72356,36.759,275.11,124.55,0.37671
5383,9360.3,70679,36.984,256.86,232.18,0.050478
5384,6624.1,69942,38.986,505.48,402.4,0.11354
5384,7479.1,72345,29.618,418.48,209.8,0.33214
5384,8449.1,71380,25.792,930.21,269.04,0.55132
5385,7139.9,71619,25.036,1108.4,1330.8,-0.091172
5385,9374.2,71327,23.454,697.87,263.29,0.45214
5386,6708.5,70058,22.383,265.73,318.46,-0.090259
5386,8860.6,71335,20.16,1285.3,1039.7,0.10565
5386,9348.7,71466,27.044,571.79,407.68,0.16755
5387,6750.8,71544,26.736,237.92,416.35,-0.27271
5387,7368.7,71894,27.228,427.92,275.12,0.21735
5387,9041.5,71745,39.817,647.76,581.83,0.053617
5388,6697.7,71552,24.855,297.93,335.67,-0.059573
5388,7467.7,71972,19.319,673.72,360.56,0.30278
5389,7498.8,71828,29.428,434.3,271.77,0.23019
5389,9065.4,70525,30.413,436.46,441.49,-0.0057344
5390,7623,70741,33.871,335.1,257.2,0.13153
5391,7578.5,70472,29.629,229.31,161.52,0.17347
5392,9196.9,71841,30.322,433.6,305.08,0.17398
5393,9421.2,70785,36.743,423.56,675.18,-0.22901
5394,6870.2,71501,28.959,630.26,603.42,0.021753
5395,7287.8,71627,42.693,365.7,321.32,0.064601
5395,7283.3,71577,33.368,408.11,328.38,0.10825
5395,8729.2,71285,26.544,535.86,323.41,0.24725
5398,8378.7,70691,38.263,829.43,754.4,0.047373
5400,9276.5,70307,36.112,386.99,379.34,0.0099801
5402,7813.6,70378,22.508,370.21,258.38,0.1779
5403,7474.7,71865,33.264,339.82,169.52,0.33435
5403,8919.1,71506,22.266,1168.3,675.22,0.26745
5404,6566.1,69833,35.535,399.23,316.84,0.11506
5404,7994.9,71216,29.604,304.36,138.95,0.37312
5405,7927.9,71197,20.911,682.49,471.48,0.18286
5406,7942.2,71133,20.457,1076.5,611.75,0.27528
5406,8664.2,70810,28.575,280.7,140,0.33444
5407,7606.3,70759,29.411,407.39,244.66,0.24956
5408,7807,70543,23.507,590.44,322.86,0.29298
5410,7434,72178,28.98,380.55,118.36,0.52551
5411,6839.6,71481,20.232,685.36,551.48,0.10824
5411,9329.8,70229,33.133,340.14,224.22,0.2054
5412,6788.3,71335,23.217,452.51,226.51,0.33283
5412,7752.4,70420,13.921,2292.8,1938.1,0.083845
5412,7972.8,71041,25.064,1311.9,734.29,0.2823
5412,9067.6,72123,40.448,555.33,336.45,0.24544
5413,6755,71077,22.939,812.62,509.63,0.22915
5413,6789.1,69879,32.254,411.14,291.2,0.17076
5413,7474.4,71416,34.195,417.35,318.7,0.13403
5413,7686.9,70647,28.45,649.6,599.1,0.040439
5413,8242.9,71122,37.664,777.67,568.18,0.15566
5413,9227.1,70651,31.436,690.98,696.3,-0.0038371
5414,6656,71419,24.444,866.43,648.65,0.14374
5414,6903.4,71403,40.773,902.56,590.8,0.20876
5414,7501.2,70632,23.352,663.73,379.2,0.27282
5414,9009.4,70629,25.945,804.08,374.88,0.36404
5415,6728.1,69950,12.178,1048.9,490.27,0.36296
5415,7521.6,70761,23.579,475.47,280.24,0.25835
5416,6752,69941,14.662,644.07,306.55,0.35505
5416,7653.4,70870,32.487,262.63,104.37,0.43125
5416,7857.3,72594,31.687,236.53,190.52,0.10774
5417,6933.4,69837,29.475,329.33,168.87,0.32209
5417,7941.7,71073,25.922,369.57,265.84,0.16325
5419,8100.2,71431,31.597,503.26,128.73,0.59262
5421,7001.9,70200,33.289,859.34,307.22,0.47329
5422,6472.1,71746,31.048,203.19,119.2,0.26051
5422,6809.3,70215,36.8,583.49,358.08,0.23939
5422,6919.6,70481,27.925,715.43,282.65,0.43361
5423,6706.3,70137,28.673,637.24,273.92,0.39875
5423,7605.5,70431,25.111,811.73,708.02,0.068246
5423,8366.2,70847,31.192,258.11,288.7,-0.055947
5424,6547.3,69932,12.421,1054.1,466.32,0.38659
5424,7598.3,70437,14.599,548.34,370.85,0.19309
5427,9016.1,71431,27.232,799.11,617.26,0.12839
5428,8923.1,71514,27.681,680.8,361.64,0.30616
5429,9146,72371,34.631,815.87,354.11,0.39467
5430,7512.5,71431,37.405,300.96,182.54,0.24493
5435,6803.2,70602,27.569,555.52,281.77,0.32695
5436,8890.6,71649,31.48,496.23,354.04,0.16723
5436,9052.4,70564,29.081,259.86,173.91,0.19813
5438,8505.2,70164,28.248,353.02,214.96,0.24308
5439,7851.1,70146,20.885,430.23,282.5,0.20727
5439,8576.9,71079,30.218,278.94,473.22,-0.25831
5441,7788.7,70128,36.71,765.06,876.64,-0.067966
5441,8109.2,71702,34.081,450.02,338.25,0.14179
5441,9151.5,72015,29.138,632.51,852.11,-0.14791
5442,8697.2,70607,24.857,482.53,156.4,0.51044
5442,9199.3,71947,11.989,790.22,565.15,0.16606
5443,9080,72040,22.79,723.99,564.25,0.12399
5444,6680.8,70243,31.466,466.45,345.7,0.14868
5444,6686.2,70214,27.649,622.13,498.05,0.11076
5445,8471,70554,33.549,475.23,312.24,0.20699
5447,8693.6,71805,34.067,695.52,692.01,0.0025293
5448,8701.2,71272,22.7,658.76,391.98,0.25389
5449,6872.8,71429,20.348,901.72,477.09,0.30797
5449,8625.5,71588,35.86,299.95,451.81,-0.20201
5450,6753.3,70976,24.987,596.38,350.55,0.2596
5450,6864.1,72451,23.335,601.7,427.72,0.16901
5450,7894.9,71157,44.897,400.78,542.18,-0.14996
5451,6448.8,70699,31.236,353.2,284.26,0.10815
5451,6981.8,71980,25.557,246.76,250.83,-0.0081753
5452,6790.1,69727,26.323,404.86,116.69,0.55251
5453,6794.3,72625,25.324,547.9,293.4,0.3025
5454,6626.5,72723,25.668,808.3,507.73,0.22839
5456,8055.6,70980,30.141,188.91,144.47,0.1333
5457,8174.9,71114,34.024,303.94,205.76,0.19262
5457,9370.9,71330,25.862,1194.7,652.72,0.29338
5458,9041,71257,24.269,328.53,115.61,0.47939
5461,8947.6,72365,32.39,217.32,116.19,0.30324
5462,9137.4,72414,27.317,294.98,130.55,0.38642
5463,6702.5,70778,24.543,344.88,112.65,0.50757
5466,6501.7,70227,31.436,233.2,201.43,0.0731
5466,8732.6,70583,37.441,532.12,584.15,-0.04661
5467,6737.6,70010,23.386,799.56,648.63,0.10422
5467,7904.3,71308,29.225,605.61,796.71,-0.13627
5467,8771.8,71831,33.967,318.51,236.5,0.14777
5468,7038.8,69760,25.285,1219.7,1067.1,0.066739
5468,8729.3,71836,29.759,666.45,205.68,0.52833
5469,6932.5,69909,20.108,355.06,257.91,0.15849
5469,7614.2,70738,26.221,885.77,504.28,0.27445
5471,7238,72563,35.828,405.49,321.34,0.11577
5471,7621.6,70108,37.589,360.96,310.01,0.075937
5472,7451.5,70084,31.143,564.42,192.09,0.49216
5473,6432.2,69899,28.313,440.98,150.04,0.49227
5473,6854.4,71613,30.358,448.34,254.76,0.27533
5473,7545.5,70076,20.077,427.54,205.96,0.34976
5474,6865.8,71652,23.21,479.7,338.1,0.17314
5475,6529.2,69948,30.445,560.81,266.16,0.3563
5475,8741.1,71552,38.891,348.19,270.7,0.12522
5475,8977.5,70929,44.128,677.27,292.14,0.39729
5476,7712.3,70422,35.899,388.82,342.38,0.063508
5476,8145.9,71059,34.51,726.78,276.96,0.44814
5476,8898.3,70828,31.208,647.81,440.83,0.19013
5476,9337.5,70557,37.406,472.63,330.82,0.1765
5480,8956.1,71127,35.185,178.04,111.65,0.22915
5481,8949.1,69800,25.518,288.07,181.35,0.22734
5482,7172,70713,34.854,239.08,132.38,0.28724
5482,8151.5,71004,25.169,756.05,417.29,0.28872
5482,8781,70578,35.183,786.81,559,0.16927
5482,8796.9,72278,35.359,214.48,122.12,0.27438
5483,8013.5,71923,34.259,631.3,445.55,0.17249
5483,8117,71100,29.251,788.66,380.57,0.34902
5483,8901,71193,35.141,391.29,187.51,0.35207
5484,8611.7,71267,26.749,787.92,443.63,0.27956
5485,7324.8,70032,27.416,425.73,200.82,0.35897
5485,8229.6,72251,37.352,541.94,363.49,0.19709
5485,8855.5,69787,36.668,800.24,692.22,0.072378
5486,7417.9,69794,32.819,237.68,301.39,-0.11819
5486,8382.4,70852,36.275,332.62,265.54,0.11213
5486,8590.4,71995,24.78,628.95,588.21,0.033475
5487,8518.5,71184,39.967,662.51,428.56,0.21443
5487,8648.9,72057,35.977,573.44,352.44,0.23869
5488,8537.3,72396,46.951,602.35,230.94,0.44572
5489,8542.6,71884,34.59,384.33,328.4,0.078461
5491,8581,72020,23.529,326.57,253.74,0.12551
5492,8636.5,72067,31.753,348.39,309.76,0.058694
5493,7204.2,72566,35.995,478.42,280.79,0.26031
5493,8644.7,72025,26.15,553.27,432.84,0.12213
5494,8706.9,71332,25.914,205.04,176.9,0.073663
5497,7993.4,71028,29.617,268.31,147.14,0.29165
5500,9420.4,69803,26.812,327.87,271.07,0.094837
5501,8945.7,72449,32.528,213.55,220.05,-0.014995
5503,9054.6,72607,25.835,671.02,222.03,0.50277
5505,7730.4,70391,21.872,585.74,316.59,0.29828
5507,7003,71567,26.407,281.22,233.59,0.092505
5507,8062.5,71036,27.683,314.54,192.55,0.24058
5508,7064.7,71672,20.192,333.21,159.47,0.35264
5508,8147.9,71167,30.438,465.6,354.64,0.13528
5509,6472.8,71881,31.544,365.86,286.01,0.1225
5510,9138.5,70980,26.783,497.55,200.35,0.42585
5511,8896.1,71970,31.367,251.33,107.43,0.4011
5513,6688.2,71746,32.669,471.58,212.44,0.37884
5515,6632.6,72336,29.205,218.62,119.81,0.29197
5517,8300.8,70121,20.077,275.05,221.26,0.10839
5518,8144.3,72499,26.736,607.34,273.88,0.37841
5519,6642.7,70967,27.324,739.9,528.93,0.16627
5522,7374.9,69947,36.949,570.93,278.66,0.34402
5523,7668.8,70378,16.051,743.86,501.6,0.19451
5524,7300.5,70659,33.443,665.63,341.65,0.32163
5525,7278.5,71705,34.019,319.09,347.19,-0.042176
5525,8013.3,70583,20.483,677.96,396.41,0.26206
5525,8625.6,70044,21.842,888.02,741.32,0.090037
5526,6979.1,71589,33.115,717.62,624.26,0.06957
5527,6841.8,71490,32.146,324.74,258.09,0.11436
5529,8169,72052,38.756,403.01,406.09,-0.0038143
5530,8237.4,72029,29.72,299.64,156.39,0.31414
5530,9184.7,69963,28.417,627.26,206,0.50555
5533,9277.9,70192,44.499,535.55,525.92,0.0090719
5534,6684.9,70795,33.655,595.73,464.09,0.12421
5534,6787.3,70522,32.389,507.78,613.64,-0.0944
5535,6709.1,71133,29.946,425.84,195.93,0.36976
5535,6952.2,70175,37.577,744.75,629.98,0.083484
5535,8974.6,70386,38.08,366.67,379.78,-0.017565
5536,7014.1,69955,32.403,453.77,427.46,0.029859
5536,8953.3,70357,30.359,312.27,235.49,0.14018
5539,6969.7,71791,29.689,1022.2,440.98,0.39724
5539,7064.5,71795,29.563,1177.7,566.97,0.35004
5539,8230.3,70712,31.838,226.63,414.92,-0.29349
5540,7153.8,70365,37.543,348.03,154.81,0.38425
5540,9136,70074,24.872,512.72,430.67,0.086971
5541,6709.5,72647,38.115,323.6,229.09,0.17101
5541,6901.5,71116,28.264,377.25,307.05,0.10259
5541,7887.2,69763,38.005,183.7,118.27,0.21668
5541,9181.4,70218,19.391,410.97,154.3,0.45406
5543,8418.8,69961,30.181,183.73,133.17,0.15954
5546,8628.6,71112,31.983,381.82,144.04,0.45216
5549,8353.7,70572,32.897,389.3,190.35,0.34323
5550,8409.4,70773,31.057,549.15,480.88,0.066287
5551,6818,71586,33.792,419.09,310.85,0.14828
5551,7382.2,72227,30.837,204.57,124.55,0.24315
5551,9293.4,71533,35.666,332.37,268.47,0.10635
5551,9309.7,72616,34.757,587.37,432.11,0.15229
5552,7629.1,70329,19.799,597.74,120.07,0.66546
5554,8548.7,70628,32.221,666.56,376.84,0.27767
5555,9360.5,71284,27.444,1062.4,563.74,0.30665
5556,8725.2,70812,35.093,179.37,170.34,0.025827
5558,8468.6,70242,11.526,614.69,155.54,0.59611
5559,7706.1,70422,17.929,548.8,128.46,0.62064
5559,8515.2,70066,11.732,648.04,126.79,0.67273
5560,7277.3,72610,17.447,696.05,227.15,0.5079
5561,8664.6,69980,12.344,825.83,296.06,0.47221
5562,6486.9,69933,15.366,588.97,324.9,0.28896
5566,7583.4,72131,31.722,345.41,189.19,0.29222
5567,7912.4,71265,22.052,393.15,252.39,0.21805
5572,8631.5,70642,31.721,436.39,692.43,-0.22683
5573,7955.9,71043,37.57,267.56,296.76,-0.051746
5577,7554.9,70989,30.304,539.58,499.39,0.038683
5577,9063.6,69981,23.155,552.45,332.23,0.24892
5578,7578.8,70396,32.127,745.38,358.49,0.35049
5579,7656.6,70376,28.164,278.39,220.07,0.11699
5579,9126.4,71753,30.337,1110.1,435.89,0.43611
5580,6926.5,69992,27.998,909.39,646.63,0.16886
5580,8115.1,70897,35.912,321.03,219.68,0.18744
5580,8851.9,70192,29.978,225.98,206.56,0.044902
5580,9180.7,72108,20.112,773.06,332.62,0.39834
5581,7141.3,70203,36.855,311.98,229.99,0.15127
5582,6798.9,70297,25.874,474.57,257.47,0.29657
5582,7987,71066,32.897,587.35,545.8,0.036668
5583,6455.4,70869,34.581,497.53,313.73,0.22657
5584,6678.4,70841,34.867,543.44,154.53,0.55721
5586,8951.4,69876,23.581,534.78,123.79,0.62406
5587,9383.5,71385,29.065,710.12,497.38,0.17619
5588,6714.3,70410,32.211,523.69,377.03,0.16282
5589,6656,70492,26.544,395.25,105.12,0.57984
5589,8720.2,70015,32.766,401.37,196.13,0.3435
5593,6434.5,70356,28.964,596.24,429.82,0.16219
5593,7693.1,70391,29.016,830.61,540.04,0.21199
5594,7655.1,70162,35.544,640.05,470.97,0.15219
5594,9249.1,71003,29.056,760.89,947.03,-0.10899
5595,6640.4,70238,24.337,572.47,310.89,0.29612
5595,8456,70684,25.369,779.05,584.18,0.14295
5595,9410.3,71025,34.622,455.73,487.67,-0.033862
5596,8210.9,70627,27.202,446.02,193.26,0.39539
5596,8922.4,70425,35.492,827.89,567.33,0.18675
5597,6724.3,69987,35.449,397.83,195.64,0.3407
5597,8952.6,72425,34.986,495.46,290.06,0.26149
5597,9134.4,70273,31.494,513.57,317.89,0.23534
5598,7326.4,70154,30.904,452.93,194.4,0.39939
5598,8483.3,69909,30.573,399.66,282.09,0.17245
5598,8979.8,72237,31.007,930,641.65,0.18347
5602,8788.6,70418,24.337,419.4,254.51,0.24468
5603,8302.9,71033,26.544,869.13,442.12,0.32565
5604,8420.1,71123,21.979,899.14,845.25,0.030897
5605,6946.6,71611,22.927,803.8,533.82,0.20184
5605,8608.1,71011,19.082,619.99,428.06,0.18313
5606,8609.2,70960,30.487,389.52,191.36,0.34114
5607,8579.2,71008,27.371,410.68,187.12,0.37396
5608,6540.5,70619,20.53,744.57,344.46,0.36741
5608,8634.9,70894,19.369,590.76,160.87,0.57195
5610,7440.5,72081,29.523,274.84,303.99,-0.050346
5611,6748,70255,27.674,306.5,250.29,0.10096
5612,6711.6,70232,33.473,561.53,545.91,0.014102
5612,8336,71210,36.873,138.43,117.34,0.082453
5614,8222.1,71167,26.577,834.04,459.45,0.2896
5614,8609,69844,36.686,558.26,318.53,0.27343
5614,9062.3,70426,36.678,263.72,237.91,0.051441
5614,9191.3,72251,25.001,576.23,787.05,-0.15464
5615,8502,71017,26.119,588.25,408.86,0.17992
5615,9212.9,70347,26.149,635.59,363.18,0.27274
5617,7366,70898,28.157,341.35,295.2,0.072505
5617,8459.3,70914,32.545,259.61,163.04,0.2285
5617,9112.3,70372,37.525,373.4,237.74,0.22197
5618,8497.7,70861,26.146,377.52,373.12,0.0058611
5620,8489.4,71025,31.442,169.81,125.92,0.14841
5621,7113.2,72636,35.389,233.4,166.62,0.16695
5621,8438.6,70990,26.046,302.55,123.31,0.4209
5622,6930.6,72695,27.532,392.37,290.71,0.14882
5622,8559.7,70054,19.854,701.8,258.53,0.46158
5624,6766.4,70342,35.479,675.46,408.24,0.24658
5624,7116.3,71829,26.014,848.98,332.22,0.43749
5626,7170.2,69945,23.544,581.71,551.61,0.026556
5627,8980.8,70129,10.147,1147.2,124.8,0.80377
5628,8962.3,70194,8.0233,1361.6,218.68,0.72324
5629,6464,72203,26.438,271.89,217.38,0.11142
5629,6532.6,71142,38.09,216.21,114.83,0.30625
5629,9039.9,70296,22.93,757.44,726.73,0.020692
5630,6445.6,72188,26.894,179.3,140,0.12309
5630,7104.7,72660,23.608,1073.6,532.6,0.3368
5630,8426.3,69835,37.864,264.62,271.26,-0.012387
5631,8109.6,71079,29.288,508.52,286.24,0.27969
5632,8999.4,71663,27.208,368.99,275.26,0.14547
5633,7036.3,71629,36.122,489.52,319.26,0.21053
5633,8388.4,69878,27.951,873.72,617.87,0.17153
5633,8538.3,70926,34.835,301.64,198.1,0.20718
5633,9349.8,69945,33.808,424.81,231.85,0.29386
5634,6635.9,69950,14.866,494.87,234.54,0.35691
5634,7159.9,71806,24.201,296.31,145.38,0.3417
5634,8426.3,69901,26.904,368.55,246.76,0.19793
5635,6422.7,72149,25.014,255.43,175.55,0.18536
5635,6606.7,69982,16.46,735.47,507.91,0.18301
5635,7708.9,70599,30.391,218.81,184.88,0.084044
5635,7775.7,72371,28.701,723.11,588.93,0.10227
5636,8520.7,72456,12.101,577.33,377.01,0.2099
5638,8785.2,69825,26.679,412.51,305.82,0.14852
5638,8932.9,71766,23.908,602.3,560.92,0.035569
5639,6746.5,70428,25.412,569,259.96,0.37281
5639,6719,71564,29.613,341.75,305.56,0.055909
5640,8519.2,70396,39.765,272.29,305.87,-0.058081
5641,6751.8,70156,35.514,245.61,164.66,0.1973
5644,9015.2,70150,21.104,904.41,798.71,0.062064
5646,6650.3,70483,31.612,536.47,436.8,0.10241
5646,6648.7,70105,36.051,531.84,273.06,0.32149
5647,6698.9,70155,33.275,348.1,223.56,0.21785
5647,7979.2,71663,33.119,361.99,161.8,0.38219
5649,8146.7,71055,37.798,211.11,189.25,0.054606
5650,6719,71148,25.465,454.8,245.49,0.29889
5652,6637.8,70518,29.073,453.63,248.5,0.29215
5652,7827.6,70662,30.554,442.75,342.51,0.12766
5653,7425.2,70174,28.266,512.56,371.74,0.15925
5653,7967,71242,26.981,919.25,406.75,0.3865
5654,6749.5,70545,28.865,402.04,370.48,0.040862
5654,7817.2,71139,27.957,774.28,644.22,0.091685
5654,8485.8,71632,21.93,555.8,386.05,0.18023
5654,8608.2,69938,30.19,300.34,276.27,0.041744
5655,7144.1,70055,36.793,443.52,144.49,0.50854
5656,8102.2,71081,30.813,212.72,151.76,0.16727
5657,6886.3,70546,34.365,330.2,332.26,-0.0031115
5658,7710.8,70299,27.783,398.12,397.55,0.00071842
5658,8184.2,72478,36.439,541.18,278.2,0.32095
5659,7305.2,70084,28.247,840.33,492.75,0.26074
5659,9134.5,70548,34.916,444.71,370.3,0.091301
5659,9129,70658,31.643,405.37,294.87,0.1578
5660,7107.4,72464,32.123,292.22,127.02,0.39403
5660,9213,70520,35.349,354.25,251.02,0.17055
5661,7338.1,71246,35.64,147.77,121.85,0.096125
5661,7522.9,70362,29.752,335.61,172.8,0.32023
5661,9029.5,70088,17.699,491.55,283.8,0.26794
5661,9238.8,71540,31.312,380.9,193.29,0.32675
5662,6840.8,70547,27.088,325.72,179.73,0.28884
5662,9017.2,70596,32.861,649.37,415.48,0.21965
5663,9397.6,70619,21.548,581.55,245.36,0.40656
5665,6990,72002,32.685,250.83,122.53,0.34365
5666,6575.2,72664,30.06,448.33,322.18,0.16372
5667,6998.5,71730,25.507,264.27,254.46,0.018911
5668,8901.3,71262,31.037,378.29,132.34,0.48166
5669,7033,70059,25.859,625.82,475.57,0.13641
5669,9003.7,69877,35.016,282.13,112.81,0.42875
5670,7192.7,70028,31.839,335.15,126.64,0.45152
5671,8285.7,71159,33.19,266.01,262.72,0.0062081
5671,8661.6,71361,37.977,445.18,277.78,0.23155
5671,9088.3,72026,29.194,319.79,217.5,0.19038
5672,6482.3,71122,32.262,439.9,260.71,0.25576
5672,7356.9,71249,27.054,1066,391.61,0.46268
5672,7293.7,71962,33.335,389.91,343.89,0.062713
5672,8742.2,71190,30.253,649.57,511.64,0.11878
5672,9366.4,71319,20.496,1073.4,876.16,0.10116
5673,7475,71196,30.812,507.86,372.91,0.15322
5675,8748,70795,33.655,754.98,612.27,0.10438
5676,6869.7,72236,27.659,962.01,755.44,0.12028
5676,8447.6,70619,26.751,718.42,500.36,0.17891
5677,6864,72387,31.922,650.02,630.11,0.015547
5677,9107.3,72126,34.182,303.58,402.9,-0.14059
5678,6807.8,71207,25.309,1064.3,752.04,0.17194
5679,7786.8,72407,22.144,1072.9,736.17,0.18613
5679,8059.1,70726,25.82,344.2,154.94,0.37916
5680,7751.8,72609,31.688,900.28,571.56,0.22334
5680,7978,72614,24.452,915.68,623.14,0.1901
5680,8799.6,71241,15.636,2020.9,1384.5,0.18688
5683,6690.9,70986,28.939,609.93,256,0.40873
5684,7380.4,70437,29.635,472.02,283.33,0.24981
5685,7525.2,70349,18.669,931.98,458.22,0.34079
5685,8890.6,72301,30.528,446.05,325.17,0.15673
5686,7506.9,70332,17.21,518.23,454.55,0.065458
5687,9096.6,71650,32.748,413.46,317.15,0.13183
5689,8091.9,72348,34.065,298.76,129.2,0.39621
5690,7691.7,70815,32.774,185.58,273.99,-0.19239
5690,7967.3,69895,38.557,325.4,287.64,0.061589
5690,8453.4,72443,35.88,274.33,311.16,-0.062893
5691,7148.7,71889,22.019,565.01,339.92,0.24873
5691,8083.9,72428,35.068,441.88,281.35,0.22197
5692,7096.3,72118,28.878,384.38,319.32,0.092452
5693,9079.8,72685,33.215,398.65,399.27,-0.00076845
5694,8273.4,70503,33.207,417.64,328.11,0.12006
5694,9263.8,70876,32.255,284.58,158.34,0.28502
5695,7392,72028,33.653,294.68,325.39,-0.049533
5696,7610.2,70427,35.13,377.74,461.47,-0.099772
5700,7312.3,70225,21.936,615.41,499.83,0.10364
5701,6425.9,70015,12.747,490.72,221.18,0.37862
5701,7549.5,70342,15.315,886.41,461.43,0.31531
5703,6927.8,70282,45.578,427.1,117.47,0.56859
5708,6886.4,69786,34.208,455.52,164.59,0.46916
5709,9197.6,72059,33.922,387.98,284.52,0.15383
5711,7445.2,71781,29.678,270.41,135.62,0.33197
5711,8261.8,72581,31.006,360.86,345.04,0.02242
5714,7705.4,72711,26.91,638.61,462.96,0.15946
5714,9391.2,71234,22.03,593.11,274.94,0.36654
5715,7726.1,72266,28.809,347.25,210.26,0.24572
5717,7373.9,72180,37.052,230.02,182.82,0.11433
5717,9220.1,71479,38.837,445.96,247.81,0.28562
5721,7905.9,71723,37.362,266.4,158.09,0.25515
5722,6486.4,69832,31.114,871.09,485,0.28471
5725,6809.2,71236,27.8,319.11,243.33,0.13473
5725,8859.5,71403,28.786,398.91,162.11,0.42208
5726,7201.1,72486,25.617,457.78,153.44,0.49792
5726,8774.9,71637,31.497,650.72,312.6,0.351
5728,8147.6,70701,33.99,316.12,295.52,0.033674
5729,8148.4,70952,28.625,351.77,379.97,-0.038538
5731,8370.3,71235,23.519,269.95,260.08,0.018617
5732,7888.5,70590,34.485,423.58,294.1,0.18042
5732,8695.3,71953,28.626,266.99,279.59,-0.023062
5733,8043.1,71358,26.273,371.41,211.31,0.27475
5734,8068.1,71173,24.963,724.66,487.74,0.19541
5738,6754.7,72576,34.908,197.23,162.77,0.095729
5738,8736.7,71267,30.022,445.57,334.66,0.14216
5739,6696.3,71771,24.186,534.41,220.83,0.4152
5739,7496.8,70551,33.801,303.87,177.29,0.26308
5740,6666.5,71794,34.477,339.34,151.49,0.38273
5740,8404.1,70654,31.815,341.21,306.55,0.053514
5741,7553,70497,30.031,241.68,144.12,0.25287
5741,8506.9,71873,40.507,408.21,297.77,0.15644
5742,6690.3,70370,26.017,406.13,296.27,0.15641
5742,8152.6,70656,31.162,310.63,275.99,0.059051
5746,8871.2,69962,30.962,425.18,155.4,0.46466
5747,9153.4,72404,33.366,427.88,386.62,0.050651
5748,7203.9,70029,26.388,745.5,370.41,0.33613
5750,7864.7,72519,30.819,390.71,146.81,0.45375
5753,7600,70333,15.5,436.89,217.29,0.33569
5754,7054.6,71488,16.651,347.57,126.25,0.46711
5754,7731.5,70371,21.627,457.32,182.22,0.43016
5755,7708,70293,27.664,461.22,437.2,0.026735
5755,8855.1,72104,34.156,403.3,201.58,0.33349
5755,9194.8,70851,35.401,240.25,636.14,-0.45172
5756,8711.3,71064,23.473,297.77,257.21,0.073072
5759,6652.3,70367,35.492,1168.8,697.67,0.25243
5761,7653.1,70374,29.238,282.37,255.7,0.04957
5762,9397,71343,21.211,714.4,375.66,0.31075
5763,6464,70053,16.439,530.88,663.36,-0.11093
5763,8601.1,72716,33.043,427.69,246.4,0.26894
5763,9398.1,70073,24.122,667.5,621.69,0.035533
5767,9216.5,72281,36.797,399.27,334.88,0.087702
5769,8015.2,71139,17.032,416.74,447.62,-0.035731
5770,8045.9,71163,22.945,486.3,476.33,0.010352
5773,8800.5,71321,32.625,302.37,247.84,0.099099
5774,6738.6,70160,31.146,377.78,326.91,0.072186
5774,8842.3,71599,38.559,344.96,213.73,0.23489
5776,6520.7,69763,28.533,261,460.96,-0.27696
5777,6916.1,70177,24.526,670.57,295.33,0.38848
5778,6926.1,70195,33.805,1014.3,472.79,0.36413
5778,9242.4,72403,29.873,357.28,278.3,0.12427
5779,9135,72393,32.285,281.53,305.3,-0.040514
5781,9256.8,70507,20.639,1264.6,853.46,0.19411
5782,9065.4,70736,37.533,1317.8,771.56,0.26143
5783,6790.1,72611,29.633,289.26,208.83,0.16146
5783,6859.3,71998,30.416,199.69,126.91,0.22286
5785,8913.2,71278,36.73,291.92,192.84,0.20438
5786,7838.9,71092,30.114,588.04,488.07,0.092903
5787,7599.1,70339,15.55,428.96,181.39,0.40562
5787,7813.9,71101,23.423,1046.8,520.03,0.3362
5788,7680,70390,10.925,762.96,240.27,0.521
5789,7642,70361,16.958,427.96,172.15,0.42627
5789,7862.8,72582,38.978,712.82,578.38,0.10412
5789,8641.8,71217,31.756,302.51,182.13,0.24838
5790,8018.9,72258,27.827,418.52,239.53,0.272
5791,7728.2,70787,31.436,255.3,137.61,0.29953
5792,7714.9,70948,23.073,382.51,302.83,0.11627
5795,7635.3,70728,30.206,416.41,343.25,0.096302
5798,7681,70723,29.33,552.97,466.7,0.084603
5800,8806.3,72610,36.991,248.02,294.95,-0.086429
5801,6851,71651,32.186,289.29,396.46,-0.15627
5804,8939.9,69822,32.501,239.57,123.24,0.32064
5806,8812.5,71306,16.717,724.81,400.75,0.28792
5807,9393.1,71916,31.292,362.6,223.1,0.23817
5811,7674,70569,21.789,958.17,672.28,0.17535
5812,7639.4,70526,35.274,460.21,531.53,-0.071914
5813,6551,70733,33.225,184.98,104.29,0.27896
5813,7611,70655,19.25,534.33,165.17,0.52774
5814,7135.3,71741,26.226,298.48,133.44,0.3821
5814,7570.6,70580,19.641,536.55,259.86,0.34742
5815,7633.1,70590,32.039,521.03,295.19,0.27668
5815,8323.7,69915,26.818,315.33,321.4,-0.0095327
5816,7699.5,70443,22.244,720.55,664.83,0.040224
5817,7718.3,70387,30.629,299.39,119.02,0.43107
5819,8296.3,71189,35.638,447,205.69,0.36972
5821,6477.4,70923,30.065,294.64,214.33,0.1578
5821,8852.5,71621,29.714,224.25,119.74,0.3038
5821,8952.9,69783,23.419,957.01,481.15,0.33088
5822,7744.4,72056,42.05,413.09,261.06,0.22551
5822,9039.2,70335,33.201,454.39,202.36,0.38376
5824,7583.8,71987,38.337,266.52,231.27,0.070806
5826,6674,70488,36.808,127.26,128.09,-0.0032466
5826,7219.5,72169,30.723,307.46,100.83,0.5061
5827,9397.3,72055,32.713,238.38,180.87,0.13717
5828,7095.4,70299,31.1,301.39,215.62,0.1659
5830,7792.6,71286,34.065,327.6,146.46,0.3821
5832,6439.2,70732,33.009,388.6,117.88,0.5345
5832,6615.8,72483,34.576,587.72,351.92,0.25095
5834,8391.5,72546,31.238,415.91,377.64,0.048226
5836,9036,69753,33.981,770.65,453.45,0.25913
5837,7746.5,70431,19.333,669.97,314.38,0.36125
5838,7728.6,70434,28.666,647.22,599.3,0.038441
5839,7630,70423,20.212,508.1,330.59,0.21165
5841,8093.2,71154,35.913,510.74,434.5,0.080653
5841,8424.4,70501,31.889,590.22,241.19,0.4198
5844,6937,71423,27.186,434.26,133.43,0.52994
5845,8846.8,69926,32.359,557.47,297.87,0.3035
5846,6602.7,70481,38.782,591.65,406.06,0.18602
5846,8040.1,72344,31.135,405.64,304.1,0.14307
5846,8912.6,70032,31.726,673.91,466.39,0.18198
5847,6431.8,70554,36.348,487.45,475.32,0.012605
5848,9018.9,69956,26.303,296.63,153.23,0.31877
5849,9303.8,71473,35.96,305.85,141.91,0.36615
5850,8233.7,72562,39.388,355.74,165.69,0.36449
5850,8788.6,71243,20.763,642.31,360.64,0.28084
5851,7791.7,70328,24.801,411.91,219.04,0.30569
5852,8076.8,70425,32.97,257.18,198.12,0.12971
5856,8179.5,70836,27.614,271,167.39,0.23634
5857,6510,71797,38.53,307.42,264.95,0.074211
5859,6502.8,70021,17.83,381.42,321.16,0.085758
5860,7897.9,71071,24.328,461.31,233.86,0.32719
5860,8784.1,71866,27.14,177.92,104.89,0.25824
5861,8048.3,71218,28.1,676.32,184.9,0.57061
5862,7662.7,72220,33.536,222.94,122.86,0.2894
5863,8968.6,69845,28.773,597.48,318.76,0.3042
5864,8816.8,70571,29.887,602.5,279.68,0.36593
5864,8904.5,69901,13.579,936.84,337.14,0.47073
5865,8617.3,70410,26.413,468.25,297,0.22378
5865,8912.3,69886,16.292,741.62,205.61,0.56587
5866,7279.4,72515,30.811,533.85,287.68,0.29964
5866,8760.9,71136,32.863,570.99,301.83,0.30839
5866,8883.2,69893,27.931,588.3,247.11,0.40842
5867,9164.5,70784,32.395,874.05,319.65,0.46444
5868,6853.8,71561,29.669,656.26,470.68,0.16468
5868,7630.1,70292,23.819,368.2,182.39,0.33747
5868,9198.6,70735,32.505,402.84,282.61,0.17541
5869,7623,70362,16.561,1108.9,626.13,0.27824
5870,7617,70669,22.573,822.68,563.17,0.18725
5871,6626.8,70050,29.684,374.71,407.4,-0.041804
5871,8958.4,70501,28.688,875.29,383.35,0.39084
5872,6865,69784,32.064,472.37,500.82,-0.029231
5873,6691.2,69945,25.293,412.27,140.4,0.49193
5873,6845.7,71851,28.976,219.81,115.86,0.30971
5873,8255,70818,28.808,726.73,407.1,0.28191
5873,9362.4,71513,33.143,294.5,331.63,-0.059298
5874,6921.3,71748,37.434,546.44,345.14,0.22577
5874,9404.5,71536,21.479,308.66,359.17,-0.075625
5875,7818.7,71018,28.187,704.32,522.03,0.14864
5876,8618.5,70382,39.045,430.91,242.43,0.27992
5877,7842,71002,26.976,931.18,709.72,0.13496
5878,7036,70721,28.764,536.93,347.72,0.21388
5878,7569.9,70420,11.601,938.94,555.17,0.25686
5878,8580.6,70908,29,200.09,107.85,0.29954
5879,7605,70406,13.958,890.99,640.78,0.16335
5884,6533.8,70896,31.59,591.96,345.11,0.26343
5885,6556.2,71014,25.909,538.87,190.07,0.47851
5886,7549.7,70606,30.462,218.43,159.49,0.15597
5887,7599.9,70508,20.882,421.34,260.89,0.2352
5889,7550,70507,19.153,585.46,212.79,0.46685
5890,7605.1,70556,15.647,377.3,341.49,0.049814
5890,7877.4,72668,36.382,374.52,245.47,0.20816
5891,7673.4,70586,29.857,327.68,147.42,0.3794
5891,8968.2,69736,40.159,1242.6,588.22,0.35742
5891,9138.3,70663,28.84,852.55,612.75,0.16365
5892,7613.9,70421,21.049,534.81,398.98,0.14546
5893,7553.2,70468,18.548,473.21,230.34,0.3452
5893,9284.8,70497,23.943,1161.5,681.44,0.26047
5894,6555.6,69879,22.786,562.91,290.96,0.31849
5894,7349.9,72263,31.117,188.74,137.41,0.15737
5894,7725.4,70323,30.456,373.94,279.15,0.14514
5894,9197.1,70557,30,813.03,514.18,0.22518
5895,7093.3,72569,34.233,178.14,114.26,0.21844
5895,8056,72606,28.651,217,106.38,0.34208
5896,7047.8,72544,33.598,237.19,105.92,0.38259
5897,9273.7,71310,30.492,233.13,141.85,0.24341
5898,8955.8,69801,22.456,312.54,198.88,0.22226
5898,8909.4,70474,26.546,743.33,327.97,0.38772
5899,8290.1,71021,39.188,707.8,755.64,-0.032688
5899,8691.8,70472,28.447,344.94,204.73,0.25507
5900,6933.8,71663,24.356,213.08,146,0.1868
5900,8342.6,70970,36.988,282.53,175.09,0.23479
5902,7028.1,71766,37.815,205.5,140.6,0.18752
5905,8300.2,71181,26.81,327.14,109.04,0.50002
5905,9280.7,69925,32.184,643.88,203.21,0.52022
5906,7007,70637,34.986,198.45,207.13,-0.021389
5906,8098,71254,31.623,178.98,202.96,-0.062765
5906,9192.4,70833,30.92,148.04,117.5,0.11501
5907,6493,70535,25.956,391.84,252.19,0.21684
5908,8196.5,71060,36.624,583.11,511.01,0.065896
5909,7487.6,70494,33.919,414.15,379.56,0.043582
5909,8213.9,71087,25.057,461.58,276.19,0.25128
5909,9180.5,70820,38.025,712.77,441.21,0.23532
5910,8893.4,71792,35.318,619.3,300.43,0.3467
5911,8684.7,71067,31.174,966.75,512.91,0.30672
5912,7587.2,70750,34.741,144.22,140.71,0.012294
5912,7569.1,71642,36.806,150.88,179.95,-0.087864
5912,8851.1,70643,28.073,566.33,348.01,0.23877
5913,6468.5,71711,30.863,583.11,387.52,0.20151
5913,7122.8,69833,30.507,390.61,298.21,0.13414
5916,8066.7,71214,36.261,369.66,340.14,0.041587
5917,8061.5,72478,35.466,998.17,398.69,0.42916
5917,9329.2,71297,31.292,244.76,224.23,0.043783
5918,8199.4,70533,26.164,309.77,291.63,0.030166
5920,8959.9,69896,25.117,758.63,431.73,0.27462
5922,6501,70565,27.425,519.43,267.22,0.32061
5922,7744,70417,12.485,526.75,349.21,0.20269
5922,8603.4,69875,37.609,478.55,374.66,0.12176
5923,6851.8,70583,29.51,397.01,240.35,0.24579
5923,8840.7,69735,35.289,444.22,425.38,0.021662
5923,8903.9,71436,25.67,391.65,203.87,0.31532
5925,8999.4,70514,27.312,333.04,230.81,0.18131
5933,8983.9,71216,35.304,437.9,440.15,-0.0025592
5936,7016.1,71951,34.088,346.57,426.86,-0.10381
5936,7572.4,72562,21.05,437.52,140.52,0.5138
5937,6833.5,70824,31.589,255.51,205.09,0.10947
5937,8837.3,70929,26.726,571.16,304.08,0.30514
5938,7135.6,71628,30.547,425.53,211.06,0.3369
5939,8521.8,70883,33.747,360.8,253.45,0.17477
5939,8901.5,72123,24.96,511.1,282.94,0.28735
5941,6641.7,70483,23.279,473.82,576.3,-0.097588
5941,7645.4,70398,16.129,638.71,238.67,0.45594
5942,6709.4,70485,28.457,254.41,203.34,0.11156
5942,8312.1,70554,35.079,351.57,295.08,0.087359
5942,8284.5,70859,36.587,221.08,198.47,0.053881
5943,7694.4,70384,16.14,412.75,257.83,0.23102
5943,8307.5,72230,35.238,274.75,142.75,0.31615
5944,7581.4,70563,20.683,424.31,378.15,0.057518
5944,8349,72167,37.571,438.6,542.21,-0.10563
5946,6571.7,69944,20.949,717.75,382,0.3053
5946,8290.5,72617,34.85,418.73,241.67,0.26812
5946,8836.3,70808,21.171,555.71,264.58,0.35492
5947,8728.7,71040,23.034,899.25,529.39,0.25889
5948,8912,70452,34.37,628.77,489.69,0.12435
5948,8865.9,71835,32.299,388.84,188.14,0.34784
5948,9157.1,69937,32.742,370.45,278.76,0.14124
5950,8140.4,71551,37.012,291.76,299.69,-0.013417
5950,8984,69882,28.691,335.86,335.87,-1.3039e-05
5953,9089.2,71004,30.554,263.71,258.62,0.0097448
5953,9224.3,72311,38.326,284.62,153.2,0.30017
5954,9193.2,72146,28.325,372.49,432.62,-0.074681
5956,8217.9,71122,32.761,464.48,523.09,-0.059344
5960,6507.5,71916,30.726,339.47,271.41,0.11142
5960,6717,70576,27.532,337.08,104.72,0.52592
5961,7962.5,71105,29.463,294.85,250.57,0.081177
5961,9083.3,70740,24.2,721.83,724.08,-0.0015572
5962,6515.6,70780,34.118,894.88,281.43,0.52151
5962,7226.2,71781,30.822,491.76,403.56,0.098514
5962,7889.7,71103,30.876,479.49,151.53,0.51974
5963,7644.5,71062,23.123,741.42,605.97,0.10053
5963,7765.3,69806,31.575,345.9,295.29,0.078921
5964,6759.8,72601,32.8,311.66,163.77,0.31108
5965,6603.9,70752,23.525,647.17,276.42,0.40142
5965,7604.9,70769,21.322,405.55,228,0.28025
5966,7646.3,70840,31.305,612.86,532.53,0.070132
5966,8015,72452,29.772,298.7,224.25,0.14235
5967,7677.2,70822,22.24,648.28,520.97,0.10888
5968,7710.3,70770,25.489,474.96,276.3,0.26444
5968,7876.3,72216,13.27,950.28,537.57,0.27738
5969,6970.9,70105,19.979,900.19,518.23,0.26929
5969,7846.6,72305,33.819,917.95,934.33,-0.0088434
5970,9372.5,70260,33.757,273.41,248.55,0.047637
5976,6946.2,70157,38.513,320.61,284.5,0.059675
5976,7893,72002,23.922,531.58,325.78,0.24004
5977,9335.9,70400,35.271,591.69,395.78,0.19839
5978,7986,71849,34.547,278.03,215.46,0.1268
5979,6988.7,71405,35.251,358.31,252.51,0.1732
5982,6867.4,71115,31.856,209.95,177.62,0.083418
5984,7155.1,71031,27.645,310.92,152.24,0.3426
5985,8101.8,72037,35.765,331.05,235.13,0.16942
5986,7612.2,70383,14.515,457.41,298.47,0.21027
5986,8065.5,72346,29.432,445.18,216.87,0.34486
5987,8542.6,71041,26.544,491.19,309.61,0.22674
5988,6983.5,71925,25.179,296.43,117.69,0.43161
5988,9045.2,70707,9.0203,1319.5,239.46,0.69279
5989,8559.2,70122,38.546,864.65,485.05,0.28125
5989,9014.5,70721,7.1495,1314.4,119.42,0.83342
5991,9045.2,71020,7.3788,1362,168.38,0.77995
5991,9070,72470,36.517,335.64,414.38,-0.10498
5992,9132.6,70939,13.565,1189.9,750.3,0.22658
5994,8950.2,72655,35.646,421.35,273.93,0.21202
5995,9280.2,70387,32.425,624.18,370.93,0.25449
5997,6536.3,70841,32.794,518.06,167.05,0.51234
5999,9242,70106,22.633,1174.7,817.21,0.17948
6000,6594.9,69899,19.378,575.99,424.85,0.15101
6001,7271.9,72254,35.325,306.4,348.51,-0.064308
6001,7554.8,70325,29.886,444.2,396.73,0.056448
6003,9268.1,69860,35.018,159.7,159.23,0.0014873
6006,7817.5,72286,35.177,181.22,107.26,0.25637
6007,7387,71755,24.548,518.67,166.91,0.51309
6008,7350.6,71827,20.782,668.25,278.57,0.41156
6008,9117.1,71543,39.243,252.03,232.16,0.041043
6011,8952.6,70152,22.718,605.03,202.67,0.49815
6012,8834.7,70171,31.988,440.28,320.47,0.15749
6013,6840.4,72496,32.974,256.98,159.92,0.2328
6014,8850.9,70728,24.843,320.29,889.13,-0.47035
6016,6451,70398,18.569,813.63,444.21,0.29369
6016,8811,70761,31.056,247.38,101.51,0.41809
6017,6469,70645,30.433,736.34,674.52,0.043817
6017,9289.5,71916,35.803,365.82,102.5,0.56226
6019,8159,71003,36.235,284.93,240.11,0.085371
6020,6454.3,71749,36.423,350.58,486.77,-0.16265
6020,7205.5,71179,25.702,630.56,397.56,0.22662
6020,9236.2,70594,30.302,399.12,213.21,0.30361
6021,7073.9,72667,40.092,457,336.83,0.15139
6021,7735.1,70995,35.217,971.43,666.36,0.18627
6022,7063.1,72721,31.586,224.35,183.34,0.10058
6022,8456.9,71831,34.713,353.94,399.9,-0.060963
6024,7537.8,70490,22.808,393.01,297.04,0.13908
6025,7573.6,70460,11.671,515.47,411.24,0.11247
6026,7121.8,71878,30.843,304.33,132.45,0.39351
6027,7524.4,69792,27.985,528.55,362.47,0.18639
6029,6667.5,69910,26.727,491.25,415.1,0.084022
6030,6978.3,70498,37.329,713.42,360.49,0.32864
6032,8917.9,71497,27.953,340.92,282.51,0.093694
6033,7463.7,72441,30.549,407.09,168.35,0.41488
6034,8242,70563,30.048,314.24,243.14,0.12758
6034,9234.9,70721,32.199,729.46,524.18,0.16374
6038,7083.5,69934,26.306,511.46,260.24,0.32555
6039,7113.2,69942,29.628,536.46,417.14,0.12512
6043,7990.7,71016,27.684,471.84,240.9,0.32402
6043,7978.1,72397,36.26,699.72,556.63,0.11389
6044,6443.8,71523,20.751,330.04,134.24,0.42171
6044,8180.6,72437,31.473,401.58,160.64,0.42853
6049,8784.8,72352,27.054,402.64,359.62,0.056437
6051,6796.4,72476,34.292,445.71,496.31,-0.053708
6053,9131.9,69956,27.419,201.78,122.71,0.24366
6055,7835.1,72487,35.709,294.57,316.54,-0.035945
6056,9020.1,70199,35.473,211.42,136.09,0.21676
6060,6602.4,70445,21.431,471.32,295.48,0.22931
6060,8740.4,71867,31.541,538.24,363.45,0.19386
6061,7259.6,72038,34.546,340.16,336.6,0.0052598
6062,7211.2,71983,27.984,416.19,321.16,0.12888
6063,6427.7,69957,28.256,426.33,338.68,0.11457
6063,7259.6,71882,19.662,374.01,304.63,0.10223
6063,8048.4,70934,39.514,552.75,338.62,0.24023
6064,6467.2,69930,31.948,385.31,258.14,0.19763
6064,7978.6,70435,29.946,257.61,101.98,0.43279
6065,7546,71691,20.655,1019.6,846.28,0.092886
6065,7558.6,72666,28.047,631.89,348.77,0.2887
6066,7815.2,71120,39.108,1094.6,1029.2,0.030767
6066,7689.9,71830,22.511,704,595.45,0.083534
6067,7449.2,72072,25.729,613.82,782.24,-0.12064
6067,7911,71110,26.96,746.49,654.94,0.065327
6068,7393.7,71869,24.774,395.02,388.38,0.0084789
6069,7383.2,71816,27.436,381.88,400.38,-0.023639
6071,7790.6,70390,23.279,784,406.81,0.31675
6071,8050.9,71039,27.62,314.13,145.79,0.36601
6071,8986.8,72464,41.526,368.42,291.15,0.11715
6072,9223.5,70813,31.833,284.28,238.7,0.087154
6075,7301.6,71873,37.363,195.34,103.03,0.30938
6077,6864.7,69801,31.724,385.24,168.82,0.3906
6077,8848.7,71758,43.109,684.64,360.03,0.31073
6079,6558.4,70014,20.634,1594.7,985.07,0.2363
6080,7641.3,70852,23.04,825.31,376.85,0.37305
6080,9317.3,72435,28.582,284.34,175.07,0.23786
6081,7538,70738,35.464,243.47,406.95,-0.25135
6081,8489.4,71838,31.527,293.24,102.98,0.4802
6082,6630.3,71704,33.817,300.04,207.51,0.1823
6085,6570.7,69981,23.27,400.69,370.95,0.038553
6086,6553.2,70095,38.376,360.46,256.32,0.16884
6087,6825.4,69969,11.777,1009.2,389.06,0.44351
6088,7012.3,69853,31.916,315.4,221.71,0.17445
6088,7485.3,70657,35.199,347.62,303.15,0.068331
6090,6957.9,69917,21.944,629.44,370.08,0.25948
6090,7240.7,71288,35.459,431.16,104.07,0.61111
6091,6909.3,69898,22.746,501.54,329.65,0.2068
6092,6829.9,69752,32.002,627.34,665.38,-0.029425
6092,7409.6,71463,30.124,649.23,490.43,0.13934
6092,8937.5,71505,24.851,396.81,130.63,0.50466
6094,6780.6,71605,34.644,668.7,529.45,0.11622
6094,8711,70999,28.597,689.14,376.47,0.29341
6095,8309.6,72630,41.309,388.05,285.83,0.15169
6096,7385.4,72476,31.537,438.31,190.64,0.39379
6097,8678.1,71805,35.897,470.24,187.73,0.42937
6098,8202,72547,31.889,692.69,356.73,0.32013
6100,8311.1,71558,24.869,615.28,371.3,0.2473
6101,8173.7,71784,31.338,447.7,128.67,0.55352
6102,8109.4,72522,25.459,564.93,147.34,0.58629
6103,8765.8,71145,24.949,408.84,218.4,0.30361
6104,8679.5,70931,36.674,215.29,157.96,0.15359
6105,6748.3,69787,33.038,232.21,169.38,0.15647
6105,7305.7,72311,34.425,158.33,117.13,0.14957
6105,9131.9,70204,32.602,264.44,162.75,0.23806
6107,7757.5,70928,27.52,603.59,317.4,0.31075
6107,8670.9,69736,23.917,278.32,195.73,0.17422
6109,8361.5,72360,28.783,1194.2,748.09,0.22967
6110,8263.7,72552,36.921,949.31,555.1,0.26204
6110,8814.4,71653,27.209,1043.1,502.32,0.34994
6113,9186,72293,35.805,233.28,315.78,-0.15026
6113,9394.4,71013,16.554,554.87,430.26,0.12649
6114,6712.9,70565,28.638,241.09,234.92,0.012973
6114,9410.9,71069,15.784,1218,789.64,0.21336
6115,6524.2,70936,30.295,869.99,461.09,0.3072
6115,8141.1,71066,30.937,309.23,215.42,0.17881
6116,7069.3,71648,34.814,285.67,197.39,0.18277
6117,7007.6,71500,23.319,425.05,198.58,0.36315
6117,9167.9,72044,30.97,185.48,104.34,0.27997
6117,9303.8,71210,29.76,544.66,320.75,0.25873
6118,9020.9,71218,24.908,647.74,317.68,0.34188
6119,8870.8,70531,32.632,734.98,529.23,0.16275
6119,9176.9,71130,40.159,1011.8,665.37,0.20657
6120,7822.4,72124,35.695,662.47,480.97,0.15874
6121,7961.9,72170,29.305,281.45,199.99,0.16918
6123,6798.6,72618,29.765,527.84,397.18,0.14125
6124,6907.6,70744,35.537,895.45,312.87,0.48215
6125,6715.4,71194,35.884,1000.3,776.38,0.12605
6125,7590.4,72180,28.284,515.21,346.12,0.19631
6125,8446.5,70450,32.447,779.33,579.76,0.14684
6126,7533.1,72111,27.049,753.18,449.48,0.25253
6126,9268,71264,25.471,531.57,430.61,0.10493
6127,7731,72200,30.962,923.07,489.5,0.30693
6128,7100.8,71605,21.998,556.33,249.41,0.38093
6129,6499.4,70305,23.983,1247.3,749.62,0.24923
6129,7450.2,72611,26.411,874.83,431.27,0.33961
6129,9146,72182,27.947,376.85,193.78,0.32083
6130,7541.4,72720,30.701,756.72,269.39,0.47493
6130,9265.9,72218,37.917,433.14,110.76,0.59273
6131,7203.7,71465,24.089,342.73,371.63,-0.040448
6132,6758.1,70341,30.504,554.88,281.3,0.32718
6133,6724.8,69910,33.306,437.6,250.39,0.27211
6133,8312.5,70486,35.377,403.2,471.42,-0.078004
6135,7988.3,71923,35.466,237.69,178.89,0.14116
6141,8156.9,72616,28.741,438.98,186.32,0.40407
6142,7134,71847,30.459,362.48,238.85,0.2056
6143,9075.5,70615,31.562,325.22,341.68,-0.024675
6146,7275.9,71619,23.613,466.71,281.22,0.24801
6148,6587.1,71559,28.69,331.46,193.17,0.26358
6148,7282.8,71718,22.095,552.84,368.64,0.1999
6149,7345.6,71873,23.431,1116.4,960.62,0.075003
6150,6537.3,69900,18.263,305.93,204.83,0.19795
6150,8993,71519,21.507,721.19,342.4,0.35615
6151,8890.8,71664,24.81,1361.1,634.83,0.36388
6152,8963.8,71321,19.678,1401.4,1044.5,0.1459
6152,9370.1,72339,33.36,763.49,823.39,-0.037748
6153,6728.5,70390,31.566,365.23,201.95,0.28789
6153,7018.5,69820,18.283,877.83,361.12,0.41706
6153,7142.9,72063,40.509,584.02,487.21,0.090377
6153,8906.8,71264,17.87,751.17,355.9,0.35704
6153,9228.8,71240,35.517,1205.8,758.35,0.2278
6154,6603.3,70634,24.466,425.46,109.79,0.58978
6154,7527.2,72349,28.12,345.91,301.67,0.068312
6154,9217.2,69873,31.467,274.24,191.71,0.17712
6155,6683.4,71301,38.511,190.95,132.02,0.18246
6155,6822.7,70402,34.4,459.03,180.5,0.43553
6155,7165,72519,25.319,906.16,642.07,0.17058
6155,9338.7,71211,35.078,403.24,285.04,0.17173
6156,6653,72662,31.868,587.91,423.31,0.16277
6160,7308.7,70055,29.051,468.65,478.95,-0.010864
6160,9229.3,71176,24.73,416.73,300.64,0.16183
6162,8172.4,70496,32.299,551.15,315.4,0.27205
6163,7081.5,70550,34.136,321.01,248.76,0.12681
6164,6808.8,72691,38.035,234.59,131.42,0.28187
6165,6677.9,70205,34.729,637.14,521.61,0.099696
6166,7067.1,70784,27.494,324.03,156.36,0.34903
6167,6822.2,70733,33.864,273.16,209.54,0.1318
6168,8455.9,70827,28.49,301.13,145.12,0.3496
6169,8922.3,71027,35.856,365.5,111.04,0.53399
6170,9026.3,70862,26.815,291.22,281.58,0.016821
6171,6625.7,72536,27.541,460.88,383.72,0.091363
6171,7665.7,70412,23.606,943.58,747.01,0.11627
6172,7711.2,70396,14.936,708.23,229.92,0.50985
6173,7402.9,71339,20.728,823,432.48,0.31105
6173,8690.7,72334,29.329,450.51,390.44,0.071432
6174,7483.8,70603,38.485,149.48,135.63,0.048583
6175,7411.1,70500,24.43,311.23,307.44,0.0061232
6175,8969.3,72237,36.135,333.71,230.85,0.1822
6175,9084.6,70478,35.094,361.08,373.73,-0.017216
6176,7381.7,70554,23.82,481.64,430.34,0.056259
6176,8820,70453,30.219,426.96,249.33,0.26264
6177,8459,69764,30.584,269.98,185.51,0.18544
6177,8804.1,72447,26.998,422.75,317.54,0.14213
6179,8476.2,71671,34.699,675.83,435.53,0.21622
6181,8863,72158,32.934,573.39,165.5,0.55204
6182,7591.6,70229,34.501,295.77,237.4,0.10949
6182,7897.1,71034,28.955,328.39,190.04,0.26685
6184,8137.4,70721,33.946,345.06,153.44,0.38439
6184,8377.3,70009,35.699,327.39,247.83,0.13832
6187,6681.9,70161,22.907,292.69,120.65,0.41621
6187,7413,71398,33.347,514.48,271.11,0.30979
6188,7423,71227,25.383,388.07,163.98,0.40592
6189,7405.7,71111,38.21,798.75,387.18,0.34704
6190,6442.4,71606,32.196,477.7,522.73,-0.045012
6190,9355.9,70505,27.122,547.64,317.14,0.26654
6191,9348.1,70575,38.89,457.65,188.32,0.41694
6192,6523.7,69911,31.771,557.43,544.81,0.011449
6192,7433,70504,28.321,695.52,511.22,0.15273
6192,7810.1,71087,26.241,425.43,718.44,-0.25615
6194,6884.5,70955,28.343,568.97,269.01,0.35796
6194,7893.3,71200,26.241,341.99,376.93,-0.04859
6194,9151.1,69973,30.179,700.22,506.23,0.16079
6194,9286.4,71600,32.87,355.82,247.22,0.1801
6195,6502.4,71738,36.35,381.65,139,0.46605
6195,7898.2,71154,29.439,385.02,318.14,0.095114
6195,9288.9,72680,33.141,185.32,206.76,-0.054682
6196,9367.5,70919,28.635,309.75,218.53,0.17268
6197,8410,71342,33.106,170.05,134.17,0.11792
6201,7458.1,70334,26.11,369.91,247.16,0.19894
6202,6915.7,72039,33.489,759.82,463.68,0.24204
6202,9131.2,70241,23.908,608.28,641.69,-0.026726
6204,6597,71800,29.318,609.18,513.21,0.085499
6204,8856.5,71231,31.906,350.55,231.81,0.20389
6205,6577.4,71922,27.154,765.23,519.88,0.19092
6206,7840.6,71648,48.711,779.42,631.89,0.10454
6206,8132.3,71006,30.05,756.78,291.82,0.44341
6206,9046,70788,37.171,254.5,192.93,0.13761
6207,6547.3,71141,33.178,315.59,152.95,0.34711
6207,9226,71653,35.36,318.33,163.31,0.32187
6208,6790.2,71149,33.631,496.26,379.54,0.13327
6208,6754.6,70215,23.937,548.83,403.23,0.15293
6208,7780.4,71882,20.16,434.97,236.98,0.29465
6210,6790.8,71835,35.661,436.51,336.56,0.12929
6210,7544.2,71799,26.588,201.78,162.73,0.10713
6210,8449.2,69960,36.235,1117.6,377.53,0.49498
6211,8375.2,70093,34.36,593.73,515.62,0.070411
6212,8587.1,70025,26.845,460.76,385.83,0.088507
6213,9340.9,70960,32.512,708.63,267.84,0.45141
6216,8265.6,71001,27.671,550.8,489.1,0.059326
6217,9300,70778,30.482,434.36,168.1,0.44196
6218,6432.9,71457,27.674,320.68,191.56,0.25205
6218,6828.6,70452,24.361,258.19,123.51,0.35284
6218,9138.4,72280,27.164,258.12,345.9,-0.14532
6219,9224.4,72125,32.684,367.44,614.22,-0.2514
6220,6736,69884,23.996,413.33,489.78,-0.084656
6220,8281.4,71126,32.611,252.77,109.85,0.39414
6221,7146.1,71245,30.844,213.39,234.18,-0.046448
6221,8657.6,70009,32.052,174.73,159.69,0.044968
6221,8940.9,71566,37.784,411.23,238.8,0.26526
6222,8725,71326,35.532,666.27,297.13,0.38316
6223,6486.1,70009,28.647,248.75,282.19,-0.062985
6223,8030.7,70656,28.153,761.54,334.5,0.38963
6223,8801.7,71295,24.535,483.78,322.02,0.20075
6225,6764.5,72652,29.276,347.33,168.86,0.34575
6225,7940.4,70403,33.568,188.66,145.15,0.13034
6225,8548.1,71389,29.307,739.52,586.65,0.11527
6226,7639.5,70322,13.421,936.82,577.31,0.23744
6226,9328.6,71471,19.565,343.48,264.69,0.12956
6227,7566.7,70426,20.327,897.2,972.62,-0.040332
6227,8942.9,72503,20.332,431.99,415.79,0.019111
6227,9310.8,71546,31.009,630.22,718.15,-0.065213
6228,7657.8,70416,28.707,749.17,1179.6,-0.22315
6229,6639.9,69938,29.874,426.34,303.44,0.16841
6230,6506.6,69930,35.476,560.57,588.41,-0.024229
6230,9088.6,70829,38.103,494.03,445.25,0.051934
6233,6845.7,71942,32.659,277.91,241.01,0.071118
6233,8817.3,71084,32.636,323.04,227.15,0.1743
6236,7283,69861,34.723,613.1,555.65,0.049151
6236,7485.7,70583,32.621,272.06,149.99,0.28922
6236,7611.4,72236,36.832,394.25,274.3,0.17941
6239,9147.9,70547,32.836,430.1,258.38,0.24942
6240,8298.6,72419,28.844,489.73,221.21,0.37769
6240,9122,70238,34.305,409.28,111.02,0.57326
6241,6519.6,70238,34.183,704.06,468.28,0.20112
6241,8879.8,70345,29.473,790.23,598.2,0.13831
6242,6620.4,70228,28.96,582.71,280.42,0.35023
6242,9169.5,71688,31.467,677.64,554.97,0.099517
6244,6423,70016,22.644,290.52,184.98,0.22194
6244,9183,71167,38.664,797.61,374.91,0.36051
6247,8725.1,70085,30.214,590.57,451.09,0.1339
6247,9027.7,69891,37.296,752.42,610.03,0.10451
6248,7956.9,70366,27.115,208.89,150.69,0.16185
6248,8725.1,70289,33.295,702.48,235.12,0.49846
6248,8905.3,72077,35.513,408.5,188.13,0.36935
6251,7425.4,71836,24.568,445.64,219.12,0.34075
6252,6432.4,70124,31.603,324.19,566.14,-0.27175
6254,7151.1,72578,27.248,349.94,115.75,0.50288
6255,9257.6,70391,27.059,653.79,244.72,0.45528
6257,8933.3,71528,35.44,526.45,199,0.45138
6258,9199.7,72205,31.006,1093.3,876.28,0.11021
6259,9226.4,72635,31.702,640.44,457.16,0.16699
6260,6688.5,72004,20.694,814.29,438.61,0.29985
6260,9059.8,72134,22.093,542.88,311.04,0.27151
6261,6736.2,69936,22.706,654.25,596.03,0.046561
6261,6635.7,71819,17.624,920.15,499.85,0.29599
6262,6577.2,71861,28.887,1182.1,542.57,0.37081
6262,8970.6,70431,27.641,191.55,130.02,0.19132
6262,9272.1,72144,32.488,356.57,130.92,0.46287
6265,9415.4,70474,36.92,386.43,281.51,0.15708
6266,7270.9,69934,25.328,657.96,373.22,0.27613
6267,6965.1,70188,33.459,569.76,167.57,0.54547
6268,6920.2,70169,37.901,591.26,373.72,0.22544
6268,7698.6,70628,39.241,633.48,394.93,0.23196
6269,7231.9,71669,33.878,417.23,173.73,0.41204
6269,7662.9,70735,35.913,788.98,423.22,0.30173
6270,6746.1,72699,30.274,572.97,232.46,0.42278
6270,7569.1,70632,34.496,410.65,166.96,0.42188
6271,7648.1,70839,26.099,610.59,404.7,0.20279
6272,8685.7,71121,26.064,1077.3,618.81,0.27032
6273,7013.3,69731,22.636,297.12,168.98,0.27492
6273,8668.5,71229,26.51,583.15,479.55,0.097494
6274,6984.1,69807,26.51,509.55,178.05,0.48211
6274,8773.5,71149,34.446,459.34,161.47,0.47981
6275,8224.2,71130,24.253,690.11,262.71,0.44857
6276,6513.7,71004,28.564,279.65,259.14,0.038078
6279,7206.9,69770,24.876,709.58,549.79,0.12688
6280,6958.7,69797,33.8,601.53,321.51,0.30336
6282,9065.5,72225,33.056,445.37,357.23,0.10982
6284,6562.7,70488,35.52,244.63,233.98,0.022253
6285,7447.8,71165,34.283,249.39,140.35,0.27979
6285,7654.1,70296,26.493,316.17,192.45,0.24325
6288,8483,70545,36.132,396.39,182.93,0.36847
6289,8614.7,70899,32.064,361.92,145.19,0.42738
6291,7094,69975,36.365,477.18,110.48,0.624
6291,8235.6,72383,27.006,623.19,498.27,0.11139
6292,6986.7,70137,22.761,401.9,322.73,0.10925
6292,9090.3,71867,33.929,482.05,301.88,0.22982
6293,7021.6,70040,30.558,514.19,413.96,0.10799
6293,8251.5,70793,30.522,180.94,119.88,0.20298
6293,9202,71887,31.744,557.36,391.28,0.17508
6294,7081.7,71597,26.272,1031.1,836.96,0.10391
6295,8224.6,71248,33.579,173.63,179.74,-0.017293
6296,6524.4,69880,30.086,468.63,583.3,-0.109
6296,6717.1,71566,35.556,402.63,270.28,0.19669
6297,8933.3,71218,33.497,178.74,116.32,0.21153
6299,7838.1,72189,26.953,964.3,516.93,0.30202
6299,8689,71808,29.181,897.43,571.22,0.22211
6300,7917.7,70319,32.543,334.31,109.43,0.50678
6301,8921.4,71607,27.267,344.73,327.19,0.026102
6302,8723.5,69733,33.219,243.88,200.12,0.098554
6304,9069,71908,25.834,319.58,194.15,0.24416
6305,9069.3,71831,31.267,480.95,394.91,0.098244
6306,7257.2,72571,36.749,398.9,246.5,0.23613
6306,9177.7,70364,28.136,643.09,449.51,0.17718
6307,8713,70351,32.484,313.92,429.44,-0.15541
6307,9241.1,71598,32.932,867.94,462.02,0.30521
6307,9314.8,70090,28.89,410.8,186.62,0.37524
6310,7514,71413,26.211,649.66,159.82,0.60513
6310,8853.2,71222,24.665,388.49,137.37,0.47753
6310,9301.8,70336,30.672,685.99,314.93,0.37072
6310,9272.2,70703,34.077,552.38,267.69,0.34716
6311,6678.2,72044,32.952,522.75,343.32,0.20717
6311,8885.1,71069,21.609,457.28,179.87,0.4354
6313,7202.4,72351,29.212,230.58,175.9,0.13453
6313,8474.6,70232,32.727,359.48,133.95,0.45708
6314,7011.9,70372,34.029,927.11,238.13,0.59128
6315,7950.4,70271,23.761,564.16,403.97,0.16546
6315,9225,69851,32.303,406.34,253.98,0.23074
6316,8241.5,70194,27.909,214.65,181.57,0.083512
6317,7868.7,70397,34.224,522.69,389.66,0.14581
6317,8275,71926,30.345,281.98,265.79,0.029546
6318,8093.3,71851,26.623,268.99,254.22,0.028225
6318,8557.1,70248,23.178,168.53,121.08,0.16383
6319,7906.3,70420,26.869,352.32,204.85,0.26467
6320,8004.4,70632,37.718,305.57,194.83,0.2213
6321,7807.3,71878,35.914,497.96,327.98,0.20581
6321,8296.7,70403,37.492,219.06,166.59,0.13604
6322,6923.3,72506,34.551,216.64,170.42,0.1194
6322,7354.3,70182,33.297,513.65,380.62,0.14876
6322,9408.9,70586,30.092,410.39,250.8,0.24137
6323,6429.1,72389,28.847,376.2,385.73,-0.012506
6323,6899,71765,32.924,373.26,375.83,-0.0034356
6323,7019.8,72483,27.538,533.84,402.16,0.14068
6323,9116.6,72652,27.989,577.05,254.79,0.3874
6323,9305.9,70857,32.776,403.17,219.43,0.29511
6324,6463,69914,16.851,428.19,149.93,0.48132
6324,7304.7,70469,32.868,432.51,370.06,0.077809
6324,8122.1,71515,36.209,357.42,273.64,0.13276
6324,8160.3,72488,34.339,191.72,148.29,0.12774
6325,7395.1,72640,35.042,537.88,346.12,0.21692
6326,8198.8,71021,26.443,713.51,550.23,0.1292
6327,7338.9,71489,37.53,338.53,208.71,0.23723
6327,8620.2,71096,28.353,421.22,187.2,0.38463
6329,7497.5,71433,37.095,478.43,465.79,0.01338
6330,8135.9,70842,33.037,559.3,602.32,-0.037036
6331,7747.7,70885,35.752,314.76,314.71,7.4807e-05
6331,8952.3,69797,21.096,609.77,403.49,0.20358
6332,9335,71190,25.816,649.74,495.68,0.1345
6333,7761.9,72357,30.48,862.54,529.17,0.23954
6333,9266.9,70179,23.671,701.27,395.23,0.2791
6334,7701.2,70931,37.205,913.09,532.54,0.26324
6334,8078.5,72424,32.706,553.69,406.51,0.15328
6335,7310.2,71492,35.679,1119.4,589.17,0.31032
6335,7459.4,72566,31.181,918.73,318.99,0.48455
6335,7565.4,70244,19.2,1121.7,1023.9,0.045552
6336,7703.9,70296,28.478,349.16,103.91,0.54132
6336,8502.3,72339,25.331,618.97,495,0.11128
6337,7695.2,70241,30.916,345.58,319.61,0.039051
6337,7943.5,70940,27.94,360.13,152.36,0.40541
6337,8454.1,72411,32.449,337.94,373.32,-0.049753
6337,9258.7,69834,33.989,271.22,217.64,0.10961
6338,6811.1,70852,24.789,318.17,236.73,0.14676
6341,8079.6,72107,35.195,253.29,161.07,0.22255
6341,9397.2,70839,35.984,776.41,468.52,0.24732
6342,7712.2,70356,15.35,913.54,478.79,0.31225
6342,7976.6,71048,26.072,497.51,379.33,0.13478
6342,8114.9,72385,29.064,821.66,195.82,0.61509
6342,9185.9,72163,29.472,1132.3,679.94,0.24963
6343,7734.6,70336,17.747,466.49,192.8,0.41513
6343,8057.3,71037,25.687,608.96,241.1,0.43275
6343,8234.6,72276,22.627,808.58,620.96,0.13125
6346,8367.8,72703,30.248,143.44,166.78,-0.075223
6347,8089.6,70976,29.913,270.65,257.33,0.025222
6347,8398.8,72400,38.207,324.88,202.61,0.23178
6348,7317.8,71573,30.839,358.72,171.55,0.35298
6349,6541.8,69906,30.585,1128.9,883.57,0.12192
6349,7611.3,72514,27.254,430.37,232.57,0.29836
6349,9289.3,70234,32.484,446.8,281.9,0.2263
6350,6553.5,69908,19.879,604.18,352,0.26373
6350,8072.6,72340,26.392,571.03,443.69,0.12549
6350,9088.1,70189,35.449,455.41,147.64,0.51035
6351,6633.5,70014,25.394,386.4,149.25,0.44275
6351,9162.9,70293,27.026,728.8,460.53,0.22557
6352,6663.3,70206,31.794,297.45,125.27,0.40732
6353,8127.4,72006,40.827,351.08,195.92,0.28365
6355,9220.8,70229,32.56,553.62,369.22,0.19981
6356,9061.2,69888,35.171,626.08,401.3,0.21879
6357,8835.2,69937,27.868,839.04,453.43,0.29836
6357,8950,72565,38.125,281.13,223.96,0.11319
6358,9123.3,69941,25.09,596.74,175.55,0.54537
6360,9256.2,70217,29.901,787.63,348.01,0.38712
6361,6688.9,72627,30.678,230.46,173.23,0.14177
6361,9414.2,70201,27.828,651.35,314.26,0.3491
6362,9209,70050,32.056,861.22,451.54,0.31208
6362,9262.3,70830,27.52,204.28,136.15,0.20014
6363,9175.2,70130,15.71,1222.4,614.57,0.33087
6364,7430.7,70586,27.931,374.07,312.55,0.089599
6364,8270.9,72462,30.019,237.08,130.3,0.29065
6364,9109.3,70546,29.197,543.81,370.15,0.19001
6365,9107.6,70809,21.409,665.11,288.41,0.39507
6366,7423.8,70628,41.761,544.18,484.44,0.058074
6367,8833.8,70945,27.519,685.17,255.51,0.45676
6369,8843.5,71040,37.01,465.46,180.18,0.44186
6370,8095.9,70559,25.42,355.79,147.49,0.41388
6372,6783.8,71696,26.32,397.37,280.68,0.17209
6372,7865.3,70735,31.995,392,173.3,0.38688
6372,9303,70339,20.699,602.63,151.46,0.5983
6373,7837,72551,36.38,241.89,228.53,0.028409
6374,9008.1,69730,22.596,376.02,358.97,0.023196
6375,8966.1,72306,31.447,231.7,192.01,0.093672
6378,6878.7,70019,33.756,352.98,255.45,0.16029
6378,9378.1,71222,22.005,870.86,453.13,0.31551
6379,7361.1,71207,27.821,325.27,173.55,0.30416
6380,7524,71143,35.686,427.14,367.8,0.074651
6380,8969.1,72231,36.857,353.96,285.22,0.10755
6381,8122.9,72218,33.961,399.09,110.58,0.56606
6382,6661.8,70084,13.605,714,537.09,0.14141
6382,7416.9,71805,27.068,963.8,431.11,0.38188
6382,9385.7,72055,32.117,790.93,469.04,0.25548
6384,6511.2,69958,18.526,551.03,477.93,0.071045
6385,6503.7,69728,33.15,470.13,186.58,0.43177
6385,8421.7,71485,28.842,1085.3,819.52,0.13952
6385,9159.5,71282,28.901,902.68,433.01,0.35163
6387,7777.2,71958,30.021,896.75,443.78,0.3379
6387,8853.8,71631,20.06,891.84,494.56,0.28656
6388,8787.9,71613,29.094,668,383.83,0.27016
6389,7694.5,70753,31.794,278.86,174.19,0.23102
6389,8783.6,71180,30.114,295.01,170.55,0.26734
6390,6635.7,69920,27.766,280.14,201.02,0.16444
6390,9024.1,71778,21.286,509.3,283.09,0.28547
6391,9221.9,72112,24.779,425.68,312.62,0.15314
6392,9154.5,72019,28.436,373.74,272.32,0.15699
6393,6542.3,70941,32.067,378.08,259.36,0.18624
6393,7679.9,72547,35.419,294.17,182.43,0.23447
6393,9175.7,71876,38.692,243.85,145.73,0.25185
6394,7618.2,72445,23.295,868.24,321.91,0.45904
6394,8270.3,72467,35.265,892.05,424.66,0.35497
6395,8086.7,72409,21.924,1176.8,745.53,0.22435
6396,8011.4,70768,31.078,210.53,188.22,0.055949
6396,8848.3,71528,27.251,308.64,104.92,0.49258
6397,7901.4,72616,28.826,1520.4,595.02,0.43746
6399,8131.9,70921,33.329,361.74,166.87,0.36865
6400,7119,72117,30.769,544.87,407,0.14485
6403,9036.5,69734,13.742,687.55,209.49,0.53292
6405,7328.5,71136,30.237,276.38,103.01,0.45697
6409,8439.1,72372,28.456,458.84,147.25,0.51411
6409,9329.9,72427,33.022,172.6,165.27,0.021704
6410,6649.9,70325,28.598,530.75,502.27,0.027568
6410,8531.8,72286,31.493,365.16,314.29,0.07487
6411,7568.8,71853,31.068,205.51,151.57,0.15106
6412,6733.4,70149,22.477,1433,926.88,0.21446
6413,8540.5,72564,31.529,380.23,300.73,0.11674
6414,6628.2,70156,21.319,710.82,270.94,0.44805
6414,7138.3,72365,31.284,734.96,329.02,0.38153
6414,9361.1,71332,34.784,202.01,269.62,-0.14336
6415,7273.7,72102,33.992,455.42,286.39,0.22787
6416,8206.6,72688,36.714,384.33,238.27,0.2346
6418,7787.2,72470,29.324,515.7,524.96,-0.0088951
6418,8662.5,72266,22.034,1190.6,661.13,0.28595
6419,8445.3,72381,27.336,763.58,508.27,0.20074
6419,9066.4,72136,28.551,620.7,402.42,0.21335
6420,7529.7,70075,38.282,235.67,136.08,0.26789
6420,8455.6,72419,31.889,781.49,660.43,0.083959
6420,9105.1,72104,22.393,732.25,437,0.25251
6421,7718.8,71988,31.45,498.48,498.16,0.00032063
6423,6462.4,69766,27.856,794.01,756.71,0.024048
6426,8812.1,70977,23.713,430.2,164.52,0.44672
6427,6864.9,69740,19.638,599.38,119.62,0.66725
6429,8493.9,70917,30.945,298.49,363.69,-0.098454
6430,6769.5,71257,33.171,211.62,141.43,0.19883
6433,8921,70724,34.027,488.29,425.38,0.068852
6434,9076.2,71634,33.338,698.91,641.87,0.042548
6434,9060.8,70760,33.985,452.75,341.28,0.14039
6435,9019.5,71670,26.802,386.77,243,0.22829
6436,7038.5,72055,30.939,557.27,214.01,0.44505
6436,7178.8,70562,31.96,383.43,255.41,0.20038
6437,7110.6,70457,37.857,767.47,853.27,-0.052941
6438,6949.8,70416,32.977,747.27,590.13,0.1175
6438,8499,70272,36.779,375.14,322.59,0.075305
6439,8929.1,70855,28.977,405.06,481.57,-0.086296
6440,7683.1,69801,23.944,257.64,100.43,0.43906
6442,9357.9,71223,35.637,627.07,472.65,0.14041
6442,9336.2,72010,24.789,353.22,245.5,0.17992
6443,6661.1,70519,22.989,338.92,254.47,0.14232
6444,7736.5,70567,30.339,310.49,141.76,0.3731
6450,7205.3,70670,31.118,395.98,457.6,-0.07219
6451,6984.8,70647,34.34,295.62,214.59,0.15882
6451,7271.3,71956,26.624,854.05,455.77,0.30407
6451,8854,69754,30.935,551.43,267.75,0.34629
6452,7296,72063,20.111,606.09,415,0.18715
6454,6611,70351,36.169,523.55,428.8,0.099497
6455,6673.1,70315,26.727,427.79,246.91,0.26809
6455,7992.6,72475,34.661,362.64,141.3,0.43921
6457,8201,72275,36.888,431.82,167.26,0.44161
6458,8737.8,71190,25.78,997.8,565.12,0.27684
6459,8124.4,70555,36.274,822.65,716.25,0.06914
6461,8312.4,70581,28.04,1041.6,794.53,0.13458
6461,8828.1,70289,27.849,532.12,216.36,0.42188
6462,8118.7,70525,26.77,807.12,668.04,0.09428
6463,6485.1,69871,23.609,461.01,375.81,0.10181
6464,8865,69816,31.972,210.78,159.2,0.13941
6465,8848.2,70138,33.322,548.07,240.53,0.38997
6465,9089.4,72482,38.005,473.39,292.64,0.23596
6466,9071,72236,30.41,314.44,117.96,0.4544
6467,9024,70596,21.874,1030.6,446.54,0.39539
6468,9049.3,70425,23.19,482.25,238.73,0.33776
6469,7535.1,70437,23.177,290.46,254.16,0.06664
6469,7790,71008,32.236,387.73,197.54,0.32497
6469,7835.9,72601,29.111,467.25,168.51,0.4699
6469,8551.1,70443,27.406,275.42,109.48,0.43111
6470,6545.2,71398,33.09,556.14,318.71,0.27139
6470,7701.2,70303,19.466,508.42,528.34,-0.019216
6470,8504.8,70324,23.551,533.85,267.27,0.33275
6471,7907,72520,31.094,197.05,140.04,0.16911
6471,8522.9,70481,33.015,459.18,332.95,0.15935
6473,8076.8,69987,19.586,359.11,210.12,0.26173
6474,6646.1,71172,21.769,346.91,136.88,0.43413
6474,8204.6,69966,24.129,988.6,456.82,0.36791
6475,8065.4,70002,27.51,973.24,440.46,0.37687
6476,7673.7,72349,33.915,306.04,209.34,0.18761
6477,7498.1,72595,32.919,182.33,240.04,-0.13665
6478,8996.3,70368,32.854,520.87,350.12,0.19604
6479,8991.4,70505,27.814,247.75,152.74,0.23723
6479,9007.6,71398,27.439,214.78,384.18,-0.28283
6480,9017.9,71524,25.46,455.43,340.99,0.14369
6481,8208,70007,30.671,668.31,470.13,0.17408
6481,9062,71366,25.347,390.78,338.87,0.071152
6482,9029.2,71136,23.813,786.94,450.75,0.27162
6483,9098.1,69816,34.686,696.68,513.18,0.15167
6484,6690.7,71196,35.858,199.61,238.11,-0.087966
6484,9072,69739,20.294,733.53,451.11,0.2384
6485,9227.8,69813,29.518,332.38,264.87,0.11304
6487,7172.9,71178,38.589,214.5,117.48,0.29223
6487,8274.7,70824,30.226,727.43,505.95,0.17957
6491,8284.5,71471,31.116,355.18,146.23,0.41673
6494,8111,71298,34.541,356.03,296.27,0.091621
6497,8917.5,72151,37.894,268.8,177.25,0.20525
6500,7177,70631,25.041,519.07,280.35,0.29862
6500,8219.7,72429,29.553,338.89,229.67,0.19211
6501,8639.2,70557,45.231,714.34,575.67,0.1075
6504,6738.3,72682,26.306,551.45,141.66,0.59123
6505,8353.6,70002,29.689,365.15,258.05,0.17186
6507,8253.5,70032,35.178,399.16,146.81,0.46219
6509,8605.7,72462,39.588,535.86,224.05,0.41032
6510,7906.6,70264,32.827,368.31,151.4,0.41736
6510,8771.7,72465,36.502,305.32,115.59,0.45077
6511,6668.3,70157,35.631,301.08,235.6,0.12201
6511,8365.6,72421,32.12,255.79,167.29,0.20917
6511,9418.8,71293,21.847,986.14,618.68,0.22897
6512,9383.9,71444,38.286,383.28,210.77,0.29041
6513,6838.5,69734,26.407,533,294.64,0.288
6513,7984.4,72061,20.107,335.03,126.44,0.45202
6514,7070.5,72614,29.738,426.21,107.04,0.59852
6515,6520.6,69929,15.456,695.27,479.2,0.18398
6516,8162.2,70442,23.479,401.8,195.75,0.34483
6516,8772.9,71269,28.376,297.32,161.92,0.29483
6517,6518.7,70374,37.698,362.59,231.96,0.21972
6517,8186.3,70584,25.405,596.4,674.02,-0.061093
6517,8870.4,71131,31.739,620.93,435.5,0.17552
6518,7262.4,72300,42.782,482.88,327.25,0.19211
6518,9222.4,71012,28.32,494.54,396.86,0.10957
6519,7383.9,70659,31.281,209.91,154.89,0.15082
6520,7562.6,72309,35.959,568.48,263.66,0.36632
6521,6489.8,72189,24.295,986.2,416.87,0.40578
6521,7610.6,70419,28.636,544.77,246.17,0.37752
6521,7588.9,72389,28.612,1066,424.24,0.43066
6522,6471.6,72277,28.666,628.03,358.97,0.27261
6522,7058.3,72176,28.2,600.41,208.43,0.48462
6522,7369.7,70684,32.441,732.24,482.5,0.20559
6522,9038.4,72265,27.241,274.8,486.38,-0.27795
6523,8382.6,71520,38.597,256.74,170.13,0.2029
6524,7500.5,70599,23.345,578.08,409.69,0.17048
6525,6767.5,72011,38.885,340.02,185.33,0.29445
6525,7124.9,70645,29.514,975.67,891.54,0.045056
6525,7537.9,70577,21.048,704.94,560.79,0.11388
6525,8110.7,72610,36.581,318.42,204.34,0.21823
6525,9126.3,72726,32.681,328.72,319.72,0.013889
6525,9356.9,71197,31.694,775.12,650.62,0.087324
6526,6962.6,70383,27.652,419.33,185.04,0.38767
6526,7868.6,72584,36.585,294.12,213.44,0.15897
6526,9104.1,71149,47.059,1076,512,0.35517
6528,7122.9,71924,36.986,766.36,716.95,0.033306
6529,7140.5,72026,33.159,352.85,389.2,-0.048985
6529,8987.8,72697,29.15,626.71,433.49,0.18226
6530,8992.6,72679,35.445,329.44,669.51,-0.34043
6531,9271.2,70496,30.364,983.53,436.54,0.38519
6533,6801.6,70621,30.508,536.31,444.33,0.09379
6533,9224,70359,25.299,376.15,154.33,0.41814
6534,7889.4,72130,39.132,230.94,247.39,-0.034397
6534,9097.9,70353,32.615,452.6,226.55,0.33285
6535,9075.7,70516,25.369,566.23,422.96,0.14483
6537,8594.5,72316,29.433,306.68,145.01,0.35793
6537,9069.9,70594,27.31,889.57,532.65,0.25096
6537,9240.9,71243,21.746,602.66,275.03,0.37328
6538,6556.8,70344,22.447,740.01,529.32,0.16599
6538,9116,71190,32.192,289.77,157.33,0.29622
6540,7614.8,71631,38.247,272.9,112.59,0.41585
6540,9154.1,70190,33.348,378.46,253.06,0.19856
6541,8309.4,70678,31.365,413.53,320.01,0.12749
6541,9076.9,69826,31.494,476.45,324.47,0.18975
6542,9341.1,71989,33.896,171.65,119.02,0.18105
6544,8401.1,71842,29.079,252.79,143.69,0.27517
6544,8660.2,71212,35.303,333.59,117.53,0.47893
6544,8954.9,70077,30.1,617.28,370.56,0.24975
6545,8419.6,71030,36.211,387.28,116.14,0.53858
6546,8317.3,72328,33.173,589.96,379.95,0.21652
6547,8440.9,72541,24.733,437.61,407.75,0.035319
6547,9168.9,69730,17.982,982.78,727.36,0.14936
6548,8887.6,71048,32.171,308.5,192.2,0.23228
6551,8058,71144,33.536,329.18,222.59,0.19316
6552,7749.4,72299,23.7,761.81,300.35,0.43445
6552,9159.9,69985,32.313,623.34,515.86,0.094343
6553,7692.2,71907,30.693,107.26,202.28,-0.30699
6554,8291.4,70599,33.729,303.42,199.87,0.20574
6556,7913.1,69976,34.688,191.6,108.37,0.27747
6556,9049.9,70720,28.498,479.63,231.65,0.34863
6559,7220,70600,18.092,593.29,384.94,0.21299
6559,9324.7,71020,23.304,260.87,274.39,-0.025255
6560,9344.9,70979,28.236,296.5,293.35,0.0053404
6562,7492.4,71300,26.155,467.18,432.66,0.038359
6562,9232.1,70289,21.652,884.76,399.14,0.37824
6563,6830.7,69757,33.07,523.26,430.45,0.097316
6563,7216.1,71207,24.574,621.35,306.54,0.33927
6563,8007.7,72324,27.723,308.6,100.05,0.51034
6563,9241.6,70027,32.039,428.8,107.84,0.59808
6564,6837.1,70196,27.114,290.27,108.95,0.45416
6565,6595.3,69911,30.35,612.78,347.66,0.27604
6567,6423.1,69827,27.669,187.45,162.58,0.071041
6569,8705.4,69866,33.496,232.04,136.95,0.25771
6570,9003.2,70990,26.243,502.67,202.93,0.42479
6572,6813.6,72546,27.037,336.62,320.74,0.024171
6572,9323,70229,35.808,135.4,115.59,0.078913
6573,9389.9,70392,33.876,199.09,280.8,-0.17026
6574,6883.7,71733,37.459,232.73,140.99,0.24548
6576,7017.6,69779,34.155,414.02,335.93,0.10414
6576,9208.7,72076,25.767,346.77,192.85,0.28523
6576,9292.8,69861,36.735,382.75,307.96,0.10828
6577,7198.8,72327,28.094,601.48,282.44,0.36093
6577,9298.7,71271,30.791,405.31,431.15,-0.030898
6578,7247.2,72314,28.393,326.97,219.81,0.19599
6578,7916.3,70960,27.317,719.31,580.07,0.10716
6578,9287.1,70960,31.729,493.81,415.3,0.086362
6579,7887.8,71012,29.589,343.85,161.67,0.36039
6579,9236.3,71070,31.183,253.56,108.86,0.39928
6580,7178.8,71048,34.15,259.52,103.32,0.4305
6580,7394,72556,27.671,281.49,156,0.28686
6580,8236.4,70590,31.421,207.01,145.29,0.17518
6580,8843.1,71279,26.297,594.75,394.87,0.20198
6581,6517.1,70584,25.959,274.32,146.99,0.30224
6581,7751.3,70449,24.669,573.09,173.64,0.53493
6581,9102,72595,31.102,218.02,164.81,0.13898
6585,7567.1,70412,29.851,325.64,122.88,0.45205
6585,8708.7,71844,34.722,401.18,119.12,0.54211
6590,8932.7,71498,32.025,206.57,111.95,0.29706
6590,9144.7,72035,31.326,248.44,265.36,-0.032925
6596,7225.4,71911,35.378,561.87,444.65,0.11647
6597,7041.9,71848,33.709,444.71,481.21,-0.039419
6598,7287.1,72034,36.408,637.38,688.65,-0.038665
6598,9165.5,72284,33.038,230.48,177.87,0.12883
6598,9203.6,70663,37.755,509.88,552.6,-0.040215
6601,9402.5,70733,33.943,269.91,200.81,0.14679
6602,6902.1,72573,35.554,200.07,147.76,0.15038
6602,9108,69798,23.409,312.39,190.2,0.24311
6603,8658.7,72358,33.079,575.91,405.43,0.17372
6604,7969.5,71536,25.432,588.01,179.7,0.53186
6604,8687.8,72360,39.228,845.88,473.2,0.28253
6605,6583.2,70650,26.008,438.85,239.18,0.29449
6605,9200.4,70190,23.133,1012.5,404.48,0.42911
6606,6744.4,71062,23.236,731.44,354.65,0.34693
6607,7511.5,70436,20.141,485.71,212.61,0.39109
6611,8292.2,72499,38.845,558.79,462.66,0.094111
6611,9203.7,71145,23.248,548.65,221.45,0.42488
6612,8447.8,70838,36.597,551.42,422.66,0.13219
6612,9316.6,71221,26.715,334.03,519.45,-0.21726
6613,7496,71344,31.532,415.48,291.63,0.17515
6614,6561.9,71001,24.516,576.3,293.98,0.3244
6614,7738.4,70225,22.961,576.06,305.49,0.30692
6615,6747.2,70999,26.873,1265.8,770.19,0.24345
6615,7013.1,70990,27.621,927.23,701.1,0.13887
6618,6823.9,71511,27.429,336.21,458.25,-0.15362
6618,7570.5,70337,13.927,735.51,417.18,0.27617
6619,7535.6,70273,20.144,1290.8,890.2,0.18368
6620,7043,70514,31.291,852.28,722.99,0.082077
6621,7017.7,70535,32.046,499.28,292.05,0.26188
6621,7489.9,71457,32.112,211.91,141.74,0.19842
6621,8579,72481,36.384,431.73,228.23,0.30835
6623,6668.9,70030,30.583,355.97,112.16,0.5208
6623,8295.1,72387,35,226.46,164.11,0.15965
6623,9261.1,72211,28.69,207.72,154.19,0.14793
6625,7246.4,71096,35.214,291.22,322.06,-0.05028
6626,7068.2,71117,33.083,448.03,563.36,-0.11403
6627,7126.1,70255,31.553,346.26,268.67,0.12618
6628,7250.7,71268,33.924,457.43,329.8,0.16211
6628,7807.1,72061,35.998,307.14,252.45,0.097736
6630,7559.2,71577,35.607,202.42,124.31,0.23907
6630,8873.8,71158,29.255,763.88,165.76,0.6434
6630,9267.8,70271,27.183,374.19,195.83,0.3129
6631,8942.5,71079,25.077,1094.8,772.54,0.17257
6632,7223,72395,35.563,260.98,176.32,0.19362
6633,7337.2,72260,28.752,419.92,368.02,0.065874
6633,8830.7,70433,36.971,561.22,202.15,0.47038
6634,7297.3,72273,29.965,363.45,304.1,0.088903
6634,8543.2,70281,37.593,267.05,175.97,0.20559
6635,6730.7,71419,30.597,311.58,151.57,0.34548
6636,6722.9,69844,22.973,663.71,354.79,0.3033
6638,8617.6,70386,27.599,1343.8,661.96,0.33995
6639,8675.6,70245,19.769,804.07,448.17,0.28421
6646,6464.6,69909,30.04,331.72,189.05,0.27394
6647,6486.2,69905,14.272,670.52,535.93,0.11156
6648,8117.2,70884,31.416,767.97,590.12,0.13095
6648,8323.2,71669,34.413,604.72,445.43,0.15169
6649,7021.8,71532,37.531,819.48,498.32,0.24371
6649,8300.5,71507,31.648,447.46,296.75,0.20252
6649,8598.4,70726,37.649,281.4,193.59,0.18486
6650,7542,70231,21.46,490.45,430.75,0.064804
6650,8974.5,71009,31.126,724.45,256.74,0.47668
6651,8936.9,71152,28.524,720.31,458.35,0.22225
6653,8637.1,71166,29.429,714.89,194.66,0.57197
6654,7836.7,70402,27.377,504.54,324.04,0.21785
6654,7814.8,70978,37.884,533.95,437.76,0.098986
6654,8980.1,72459,35.884,237.98,140.23,0.25847
6654,9062.3,70986,29.473,255.7,180.01,0.17372
6655,7920.9,70244,32.989,212.88,176.07,0.094636
6656,6512.8,70551,35.337,292.92,165.41,0.27821
6656,8480.7,71870,34.76,205.22,134.01,0.20992
6657,7752.8,70157,27.703,358.64,366.28,-0.010534
6657,8606.6,72425,32.587,152.43,119.24,0.12215
6658,7435.4,70073,29.444,339.94,203.32,0.25149
6659,7648.5,70339,33.832,877.08,312.85,0.47417
6659,7636.9,70353,36.419,867.21,301.92,0.48351
6660,7678.8,70452,36.256,943.71,463.2,0.34154
6660,7733.1,70463,33.979,1050.2,521.23,0.33662
6660,8110.3,72282,34.398,586.05,388.51,0.2027
6661,7857.1,72430,32.749,523.54,202.39,0.4424
6661,8940.2,72160,25.487,378.9,193.89,0.32299
6662,8558.9,70684,28.044,630.96,341.38,0.29782
6662,9060.6,72139,23.963,273.1,121,0.38595
6662,9103.9,70737,26.572,656.66,591.62,0.052105
6663,6777.5,72658,24.552,835.89,535.61,0.21894
6664,7472.4,71572,26.775,473.62,130.43,0.56815
6664,7619.4,70319,22.378,471.43,340.19,0.1617
6664,8695.1,70708,34.087,456.43,286.1,0.2294
6665,7492.9,70249,31.201,347.59,207.06,0.25336
6666,7451,70547,21.023,691.81,561.8,0.10371
6666,9259.5,72235,30.091,487.97,201.06,0.4164
6668,9154.9,72312,23.937,658.31,468.44,0.16851
6670,9197.1,72247,28.693,789.69,737.91,0.033897
6671,7769.3,72217,30.582,372.56,206.85,0.286
6671,9291.1,70851,26.632,714.98,587.02,0.098286
6672,7015,72206,34.775,232.22,272.66,-0.080099
6673,8018.7,72290,30.648,242.87,157.24,0.21404
6673,9009.4,70261,33.259,558.09,305.09,0.29309
6674,8091.9,71018,33.389,223.63,106.17,0.35614
6675,8576.1,70259,31.883,639.47,417.86,0.20959
6676,8539.1,70052,27.52,1003.7,890.14,0.059955
6677,8597.4,69910,25.241,344.07,324.87,0.028698
6678,8602.1,69924,20.522,628.69,571.79,0.047399
6678,8861.6,71090,31.829,367.2,182.78,0.33531
6679,7980.2,70667,22.024,656.62,303.68,0.36753
6679,8360.7,69926,26.789,328.46,292.18,0.058451
6681,7946,70637,22.646,755.54,537.7,0.16844
6681,8512.9,69973,29.272,291.87,314.14,-0.036739
6682,8613.1,70059,24.924,406.15,564.07,-0.16278
6688,7583.4,70398,14.922,697.09,718.62,-0.015202
6689,7643.3,70345,11.13,827.21,650.76,0.11939
6690,7609.9,70319,12.293,640.16,400.7,0.23006
6691,8727.4,71379,30.463,253.88,195.69,0.12945
6692,8667,71440,36.517,134.67,107.23,0.11347
6692,9173.1,70407,33.042,425.65,547.6,-0.1253
6693,8955.5,70503,33.434,498.89,394.47,0.11689
6695,8917.7,69813,40.248,286.12,202.23,0.17179
6696,7538.8,70442,29.889,284.09,199.63,0.17461
6700,8092.9,72422,28.402,209.59,137.66,0.20713
6701,7335.2,72460,32.644,296.01,360.87,-0.098745
6704,7621,70241,23.302,406.96,135.68,0.49994
6706,8392.4,72510,30.498,316.75,110.53,0.48262
6707,8331.7,72559,28.824,315.73,107.6,0.49167
6709,7568.1,70447,18.098,776.17,221.96,0.55524
6711,8851.8,70458,33.959,314.92,229.48,0.15695
6714,6804.3,70378,41.45,537.1,201.76,0.45385
6714,7779.4,70357,23.347,401.65,249.52,0.23363
6714,8926.7,70979,29.334,566.33,286.65,0.32788
6715,7609.2,72725,26.625,1036.2,645.98,0.23196
6718,7166.8,71517,33.579,296.16,242.69,0.099235
6718,8495.2,72390,38.07,366.81,115.61,0.52069
6719,7007,71804,36.416,367.71,182.64,0.33629
6719,8788.6,72326,30.498,274.01,179.68,0.20791
6720,6831.7,72613,30.19,555.85,252.83,0.37471
6720,9285,69854,35.061,622.4,483.96,0.12513
6721,9302.7,69888,22.556,595.92,343.67,0.26848
6722,8265.8,71884,35.237,212.74,286.04,-0.14694
6723,8492.3,71779,36.778,377.44,331.17,0.065307
6723,8601.9,70278,25.545,421.88,348.67,0.09502
6724,7349.2,72550,27.584,531.82,368.99,0.18076
6724,8536.1,71685,22.573,884.56,570.86,0.21554
6725,7715.2,70302,34.189,234.31,388.03,-0.24701
6726,6693.7,72608,22.541,248.14,148.41,0.25147
6726,7721.4,70325,37.091,256.65,438.85,-0.26197
6727,7664.1,70348,21.248,384,414.83,-0.038595
6727,8578.9,70880,28.731,615.35,555.19,0.051395
6729,8905.6,71862,34.392,333.92,301.33,0.051302
6730,7515.3,70368,35.375,477.51,303.93,0.22213
6731,7703.1,70340,19.373,497.03,287.28,0.26743
6732,7626.3,70304,17.881,442.75,191.41,0.39633
6733,7683,70273,13.614,575.23,432.94,0.14114
6734,7647.5,70299,24.749,360.57,283.29,0.12003
6735,6518.9,72564,30.755,326.81,264.52,0.10534
6737,7852.6,69837,37.106,210.58,181.25,0.074847
6738,6619.6,69810,35.335,1103.8,829.99,0.14159
6738,9349.1,70252,25.366,479.38,365.94,0.13419
6739,9259.5,70231,27.273,548.72,436.84,0.11352
6743,7105.5,71924,31.773,643.5,385.05,0.25127
6743,9168.9,72119,23.994,382.44,238.9,0.23101
6745,8372.4,71250,36.345,643.73,323.42,0.33119
6746,8234.9,71044,27.022,721.79,365.33,0.32789
6748,8885.8,71122,30.495,481.49,315.76,0.20787
6748,9000.8,69991,25.262,306.9,126.4,0.41658
6749,7771.3,70278,32.706,271.49,200.07,0.15145
6749,9161,72121,29.477,469.18,441.88,0.029964
6750,9131.3,71839,35.14,380.18,509.52,-0.14538
6751,6746.8,69781,24.368,702.3,285.49,0.42195
6751,8774.7,70027,37.612,528.49,406.53,0.13044
6752,9246.9,72156,26.133,610.68,361.73,0.25601
6753,9146,72082,18.436,932.18,532.48,0.2729
6754,9210.6,72204,26.062,946.83,690.92,0.15626
6755,7703.3,70282,12.225,704.64,495.19,0.17457
6755,9195.7,72149,25.556,1199.4,679.87,0.27644
6756,6681,71100,21.692,566.9,288.27,0.32583
6757,6960.7,72073,28.943,334.54,263.9,0.11805
6757,8479.7,72211,37.716,275.35,270.99,0.0079808
6757,8788.2,70855,29.65,562.95,210.88,0.45498
6760,7244.3,72585,27.031,747.49,663.56,0.059477
6764,7560.6,70379,23.384,305.55,138.68,0.37562
6765,6507.3,72465,26.022,606.84,325.69,0.30149
6766,7393.2,70541,26.163,733.53,552.15,0.14108
6766,7849.4,72623,28.994,336.44,305.68,0.047903
6767,6567.4,70518,26.389,741.44,356.47,0.35064
6767,7325.3,70821,27.778,723.17,512.87,0.17014
6768,6667.7,70562,28.056,777.39,386.2,0.33619
6768,8869.6,69822,33.375,446.66,282.89,0.22447
6769,7501.5,70546,25.307,803.28,408.41,0.32588
6769,8216.3,72444,17.629,1198.5,722.11,0.24805
6770,7016.4,70384,30.294,421.03,193.29,0.37072
6770,7619,70391,16.899,798.91,438.29,0.29148
6770,7771.4,71043,26.259,1095.7,787.79,0.16346
6770,8414.1,72440,33.768,1199.1,733.53,0.24091
6771,7631.3,70489,16.772,896.93,446.32,0.33546
6771,8523.4,72446,25.139,735.4,444.73,0.2463
6772,7537.5,70409,23.131,1054.7,829.38,0.1196
6772,8544.2,72293,22.639,777.18,530.95,0.18823
6772,9258.1,70438,23.612,266.29,166.64,0.23019
6773,7485.7,70401,31.473,479.33,351.99,0.15319
6773,8468.7,72442,22.213,840.55,570.88,0.19107
6775,6806,69831,29.456,221.04,185.34,0.087852
6777,9150.5,70343,33.778,950.38,427.25,0.37973
6780,7489.5,71504,22.054,334,119.09,0.47432
6780,8317.7,71202,33.244,367.81,406.49,-0.049954
6780,9342.1,70379,31.721,492.94,425.13,0.073871
6782,6718.5,70446,26.103,344.98,259.91,0.14064
6782,9420.1,70435,37.235,567.75,432.55,0.13516
6783,8919.4,70535,35.833,557.42,274.86,0.3395
6784,6485.3,72410,34.176,131.66,173,-0.13571
6785,6818.1,70926,33.07,431.26,298.14,0.18251
6785,9328,72120,29.737,601.77,198.21,0.50446
6786,6774.3,70893,32.593,580.15,254.42,0.39029
6786,9013.9,69743,21.717,376.73,154.48,0.41839
6787,6646.4,70953,29.584,193.7,135.55,0.17662
6787,7570.6,72525,23.935,536.11,391.68,0.15567
6789,7072.6,71950,34.564,177.92,134.51,0.13893
6792,7619.7,70670,36.081,264.4,204.74,0.12715
6796,9201.9,72477,37.254,332.83,215.11,0.21484
6799,8884.5,71960,30.461,383.19,172.09,0.38018
6799,9224.3,70382,25.644,797.3,801.06,-0.0023558
6800,9095.6,70220,24.34,518.92,238.38,0.37045
6801,6947.7,69745,26.762,645,423.03,0.20783
6801,8324.6,72543,33.496,140.9,110.21,0.1222
6801,8444.8,72026,25.833,491.77,308.72,0.22867
6801,8638.1,70639,22.689,840.32,284.04,0.49475
6802,7654.7,70515,21.534,493.21,186.58,0.45106
6802,9271.2,70591,33.488,298.95,133.57,0.38237
6803,7580.2,70558,25.969,478.44,202.82,0.40457
6804,6621,70700,39.825,343.64,114.17,0.50123
6805,8580.7,70992,31.96,273.35,321.71,-0.08126
6809,6501.3,69949,16.176,370.59,346.26,0.033932
6809,7514.3,69819,29.865,711.99,449.52,0.22598
6811,8454.5,71918,33.507,400.09,131.34,0.50572
6811,8770.4,70428,21.913,517.95,483.85,0.034034
6811,9380.3,71406,34.893,218.23,176.05,0.10698
6812,8676.5,70367,29.068,719.49,1223.1,-0.25924
6813,7848.2,70986,30.779,185.67,132.81,0.16599
6814,7789.7,70922,37.614,215.7,230.17,-0.032453
6814,8388.9,71546,37.15,208,182.12,0.066358
6814,8917.6,70278,29.665,510.84,396.2,0.12639
6817,8050.2,72332,22.062,269.41,125.62,0.364
6817,9029.3,70291,24.834,934.33,311.83,0.49953
6818,7813.5,70367,24.782,269.15,135.68,0.32969
6819,6699.7,70144,29.308,660.9,462.74,0.17635
6819,7719.7,70615,30.965,297.66,397.35,-0.14343
6819,8879.4,69766,25.8,460.49,264.73,0.26993
6819,9080.6,70282,34,476.36,316.18,0.20211
6820,6679.4,70158,13.235,565.74,405.45,0.16504
6820,7651.2,70586,33.516,292.07,365.21,-0.11128
6820,9186,70298,27.049,744.13,585.34,0.11944
6821,7570.2,70561,31.699,156.81,129.53,0.095276
6822,7702.5,70426,34.59,197.47,215.09,-0.042704
6822,9115,69739,39.59,146.12,241.62,-0.2463
6822,9172.6,70969,24.918,363.9,128.24,0.47884
6823,9296.7,71215,37.373,245.28,131.73,0.30118
6824,6811.7,71914,32.366,318.72,163.62,0.32156
6825,9058.1,71142,26.344,921.99,590.72,0.21899
6826,6506.6,69950,20.418,347.83,102.26,0.54561
6826,9240.8,72258,24.071,399.73,149.51,0.45556
6826,9197.6,71241,19.171,815.5,523.31,0.21825
6827,6445.7,72641,34.385,601,200.16,0.50033
6827,9350.4,71250,17.449,787.61,499.48,0.22387
6828,7743.9,70706,30.523,360.36,289.73,0.10864
6828,9240.8,71079,20.531,392.48,490.5,-0.11101
6829,6641.7,72677,34.573,217.48,106.86,0.34105
6829,6847.3,69803,35.375,458.36,152.52,0.50065
6829,8181.2,72347,35.651,249.57,121.74,0.34425
6829,9291.1,71162,20.262,339.01,295.83,0.068012
6830,6659.2,69943,21.944,631.41,220.4,0.48251
6830,9329,71195,26.871,340.05,563.37,-0.24719
6832,9374.7,71271,28.796,513.38,576.25,-0.057701
6833,6781.6,70334,31.539,332.02,326.92,0.007745
6833,6780.3,72545,34.268,190.66,142.93,0.14307
6833,9357.9,71188,28.577,250.57,306.03,-0.099642
6834,7651,70335,20.202,406.46,481.37,-0.084383
6835,6957.3,72046,33.835,308.32,283.64,0.041689
6835,7105.2,70627,34.426,345.92,200.48,0.26617
6835,7612.6,70353,18.289,520.59,618.16,-0.08568
6835,9041.1,71221,24.373,1239.9,890.01,0.16427
6836,8771.5,71175,31.596,341.87,322.64,0.028935
6836,9074,71965,26.06,462.56,339.24,0.1538
6837,7234.7,70095,32.696,620.92,385.1,0.2344
6837,8962.5,72401,30.212,313.41,240.04,0.13257
6838,7217.6,69794,32.333,423.58,181.8,0.39938
6838,7614.2,70561,32.728,428.19,561.35,-0.13456
6839,7621.9,70551,26.227,410.62,562.61,-0.15617
6840,6961.3,70372,31.028,847.94,508.22,0.25051
6840,7538.1,70461,31.887,256.51,196.2,0.13321
6841,7573.6,70467,25.382,336.22,104.19,0.52686
6841,8392.4,72346,29.141,168.38,118.41,0.17422
6842,7684.4,72309,35.587,303.64,152.81,0.33044
6842,8532.3,70863,39.32,252.7,372.85,-0.19206
6843,6598.8,72306,34.186,172.23,181.8,-0.027044
6844,7836.6,72440,35.312,207.21,103.27,0.33478
6846,8186.9,70938,30.688,406.7,358.54,0.062935
6850,7711.8,70498,35.736,217.69,217.7,-2.9404e-05
6850,7603.1,72601,34.891,348.19,262.35,0.14059
6851,8258.5,70570,19.243,397.53,280.36,0.17284
6851,9185.2,71303,29.619,551.82,424.55,0.13035
6852,7352.5,72469,32.464,495.54,169.95,0.48924
6852,8162.5,70545,28.751,294.81,312.26,-0.028747
6852,8267.4,71162,37.188,404.76,256.89,0.22348
6853,6842.4,70029,24.561,607.09,651.31,-0.035143
6853,8751.8,71221,29.127,715.47,484.81,0.19217
6854,7469.2,72317,29.707,387.1,158.42,0.41921
6854,7637.4,70296,18.467,425.92,361.73,0.08149
6856,6964.1,69880,24.745,447.37,267.56,0.25151
6857,6926.9,72673,28.431,559.36,184.48,0.50399
6858,6463.6,70579,27.185,281.89,231.37,0.098435
6858,6872.2,72685,27.531,717.99,245.92,0.48974
6858,7035.8,69777,26.419,266.26,156.1,0.26082
6858,7574.2,71769,29.754,940.88,575.32,0.2411
6858,8806.1,71172,25.264,626.68,467.35,0.14563
6859,7851.2,71955,31.283,609.19,215.88,0.47669
6861,6448.5,70594,24.038,1126.5,844.61,0.14303
6861,7474.4,71537,30.939,184.6,121.74,0.2052
6862,7615.3,70336,34.472,337.26,115.97,0.48823
6863,6618.1,70982,25.373,356.26,146.24,0.41796
6863,7140.4,71928,31.919,602.66,301.94,0.33244
6863,7700.1,70290,14.848,649.73,433.04,0.20012
6863,8152.3,70823,31.674,256.38,181.94,0.16982
6863,8546.5,71399,31.592,408.44,341.87,0.088721
6864,6831.2,71963,16.909,596.52,380.2,0.22148
6865,8175.8,70460,25.59,481.71,294.3,0.24151
6869,7674.1,70378,20.793,312.47,161.07,0.31971
6870,7631.2,70368,23.887,830.39,710.67,0.077687
6871,7666.4,70371,15.336,1404.6,744.1,0.3074
6873,7529.8,71373,33.281,275.86,148.67,0.29961
6873,8415.5,70634,23.505,544.71,343.55,0.22646
6874,6700.5,72255,29.664,551.75,375.82,0.18967
6874,7677.9,70296,41.943,565.14,351.85,0.2326
6875,8146.1,72303,33.531,738.81,593.09,0.1094
6876,7883.4,72322,24.368,657.44,378.08,0.26978
6876,8457.6,70841,23.279,588.61,427.22,0.15887
6877,7047.7,72103,23.04,473.32,369.54,0.12313
6877,7289.2,71348,34.087,370.02,229.98,0.23341
6877,8099.2,71195,32.968,708.63,326.66,0.36895
6879,8118.7,70963,31.647,1258,651.6,0.31754
6880,6768,72015,32.081,582.43,371.77,0.22077
6880,9409.5,70723,23.659,830.43,593.78,0.16616
6881,6809.8,72717,33.28,935.36,625.51,0.19851
6881,8512.9,70715,26.255,288.32,147.91,0.32186
6883,7080.4,69968,26.734,646.44,432.85,0.1979
6884,6878.6,69995,32.598,314.7,117.99,0.45461
6885,6763.8,69957,29.776,443.92,254.43,0.27134
6887,9319.2,72147,29.254,543.29,284.71,0.3123
6888,7750.4,70301,15.397,545.76,325.6,0.25266
6890,9337.5,71178,29.506,626.95,562.09,0.054547
6893,7697.7,71067,38.99,228.53,129.81,0.27547
6896,7804.9,70172,31.568,392.31,405.18,-0.016147
6899,7653.7,70350,17.912,809.77,326.62,0.42516
6899,8267.8,70796,34.451,591.48,322.34,0.29452
6900,6437.3,70665,29.963,356.85,321.25,0.052503
6901,6696.5,70524,39.135,247.06,339.8,-0.15801
6901,7070.3,71724,26.776,423.18,176.86,0.4105
6901,7678.9,70269,17.027,456.54,164.11,0.47118
6902,6468.5,70582,21.898,705.46,187.41,0.58021
6902,6788.5,71212,23.067,482.88,233.64,0.34785
6902,8845.6,71903,24.212,528.39,421.91,0.11206
6904,7589,70306,36.312,391.72,239.6,0.24095
6905,6910,69976,27.524,312.33,102.78,0.50481
6906,7996.8,71096,29.434,440.62,357.48,0.10417
6906,8970,69886,31.712,866.08,477.44,0.28927
6909,6904.6,69740,23.007,434,191.14,0.38849
6909,8916.8,69798,26.638,520.63,237.9,0.37273
6909,8976.9,71299,32.709,293.92,282.98,0.01897
6910,8125.6,71511,37.247,505.42,523.34,-0.017419
6911,8467.8,72528,22.788,651.14,308.04,0.3577
6912,7057.6,72096,35.921,512.31,496.22,0.015954
6912,8482.2,72583,34.32,643.83,327.01,0.32634
6913,7270.2,72372,23.813,784.47,436.39,0.28511
6914,7499.7,72483,24.615,440.29,380.65,0.07265
6915,7404.9,71635,37.493,434.59,317.43,0.15578
6917,7286,70098,30.017,407.95,423.35,-0.018531
6917,8611.2,71911,35.129,541.68,192.17,0.47627
6917,8894.4,70789,24.393,232.16,116.42,0.33204
6918,7117.5,70052,25.524,601.44,369.21,0.23925
6918,9162.5,71065,34.56,1098.1,301.43,0.56925
6919,6851.8,70074,35.248,569.95,301.77,0.30764
6919,7614,70778,22.539,193.07,117.96,0.24151
6919,9063.8,71139,29.568,904.03,524.16,0.26598
6920,6608.6,70021,33.683,555.55,422.76,0.13573
6921,6479.8,69868,28.387,1175.8,775.85,0.20491
6922,9193.6,70746,29.846,503.04,193.55,0.44429
6924,6648.1,70105,11.472,1129.8,125.71,0.79974
6924,8937.9,70124,31.819,335.58,465.39,-0.16206
6925,6555,70482,32.332,587.14,329.81,0.28064
6925,9271.6,70169,34.245,456.67,320.62,0.17503
6926,6560.8,70610,30.897,961.22,441.56,0.37044
6926,6979.7,71922,25.98,358.27,211.79,0.25696
6927,6513.1,70491,20.441,979.19,447.84,0.37235
6927,8360.5,70373,34.476,267.5,177.61,0.20196
6929,6514.8,69900,37.318,144.99,216,-0.19671
6929,8734.3,70057,33.598,543.23,254.99,0.36111
6930,9111.3,72231,28.781,284.59,240.86,0.08322
6933,7534.8,70353,20.706,499.62,380.93,0.13478
6934,7081.3,71860,22.905,464.93,452.42,0.01363
6934,8912.8,70297,32.597,330.29,112.5,0.49186
6935,6519.3,69891,17.857,442.16,152.45,0.48723
6936,7566,70271,25.137,264.55,124.55,0.35981
6937,7656,70756,29.544,1062.1,645.03,0.24431
6938,7529.5,72533,27.816,185.62,139.68,0.14125
6938,7661.4,70829,20.56,857.32,586.55,0.18753
6940,7612.8,70804,33.178,743.23,544.17,0.15462
6941,7863.2,70932,29.751,415.7,191.98,0.36816
6944,8228.4,71115,28.649,411.03,129.48,0.5209
6945,7648.2,70356,29.36,614.33,326.07,0.30653
6947,8701.3,70750,22.139,478.9,370.42,0.12773
6948,7652.1,70316,32.466,526.69,232.03,0.38837
6949,8375.7,70497,36.18,196.36,178.3,0.048211
6950,8905.7,72226,18.625,311.96,206.19,0.20413
6951,8892.9,72276,25.337,230.78,239.16,-0.017818
6952,8879.9,72223,34.735,209.19,303.49,-0.18394
6952,8901.8,71099,26.034,709.42,478.4,0.19449
6953,8144.9,70844,29.247,919.56,615.18,0.19832
6953,8819.1,70815,35.502,476.06,403.18,0.082895
6954,6683.5,71505,26.982,537.08,232.93,0.395
6954,8251.5,70941,30.782,939.57,666.29,0.17018
6956,6628.8,70098,11.6,988.05,115.16,0.79123
6956,8116.8,70544,17.136,767.03,480.22,0.22996
6957,7667.2,70398,18.878,795.01,540.58,0.1905
6958,7646.6,70422,17.515,464.83,211.49,0.37458
6959,6630.2,70087,17.084,610.74,156.05,0.59298
6959,7048,72082,29.143,503.54,128.43,0.59357
6960,8770.8,70569,34.254,314.75,435.47,-0.16091
6961,6919.6,69728,23.883,716.13,355.91,0.33601
6961,7554,70459,22.622,412.39,314.95,0.13397
6962,7578.3,70332,28.436,241.77,205.64,0.080766
6962,8120.6,70803,27.306,458.01,470.42,-0.013371
6964,8130.8,72350,25.356,411.9,166.16,0.42511
6965,7528.7,70294,21.295,246.7,230.7,0.033511
6966,6624.4,70163,11.055,1106.3,160.27,0.74692
6966,8987.7,71412,33.154,381.76,121.32,0.51768
6967,7014.4,72551,27.681,330.03,180.44,0.29304
6967,7648.2,70459,44.171,281.41,134.07,0.35464
6969,7495.2,71788,28.722,308.9,142.46,0.36874
6970,8557.2,70317,27.409,414.58,336.36,0.10416
6971,7880.3,70491,36.141,368.27,521.17,-0.17191
6972,7783.3,70376,23.124,385.1,297.23,0.12879
6973,6652,70096,11.501,1079.4,169.59,0.72844
6973,7609.9,70369,12.751,634.67,302.8,0.35401
6973,8047.1,71246,31.16,542.9,331.74,0.24142
6974,6631.6,70102,26.466,410.48,368.15,0.054372
6975,7615.3,70582,27.839,648.1,496.29,0.13265
6976,7664.9,70394,18.14,441.25,278.31,0.22644
6978,7328.7,71194,33.733,355.67,263.6,0.14868
6978,7545,70484,31.521,304.81,218.79,0.16429
6979,6597.1,70083,18.917,478.3,107.6,0.63269
6980,6647,70058,25.12,347.51,330.96,0.024393
6981,6453,70799,26.315,262.9,108.79,0.41463
6982,7677,71697,36.735,277.81,231.05,0.091887
6982,8675.4,70869,31.729,769.83,561.74,0.15628
6983,6546.1,71264,22.2,354.63,204.41,0.26872
6983,8431.8,70850,33.063,459.74,248.31,0.29861
6984,7479.7,71684,29.857,230.82,214.12,0.037549
6984,7810.5,70428,33.718,487.73,101.47,0.65557
6984,8457.9,71044,30.612,634.57,291.79,0.37003
6984,9130.4,69851,32.171,511.31,413.03,0.10633
6986,7440.9,70466,25.743,763.87,308.96,0.42403
6986,8822.2,69776,20.04,956.01,397.34,0.41281
6987,6500.2,69914,26.139,319.27,115.1,0.47003
6987,7386,70493,22.25,878.93,363.99,0.41429
6988,7459.7,70709,17.875,408.78,450.15,-0.048161
6989,6550.8,70433,24.878,738.86,470.08,0.22232
6990,6547.1,70292,26.097,992.5,532.27,0.30184
6991,6653.2,70165,30.596,589.02,644.37,-0.044877
6991,6720.7,70398,27.964,618.37,669.44,-0.039657
6991,7635.3,70687,34.946,618.41,116.55,0.68283
6993,6928.7,71466,36.102,351.03,312.65,0.057824
6994,7602.2,70308,14.916,402.77,278.22,0.1829
6994,7992.2,72491,21.781,430.36,163.07,0.45042
6995,7183.5,69825,31.148,668.14,397.03,0.25452
6995,8001.2,72515,34.415,303.1,173.31,0.27244
6996,9031.8,69953,26.658,520.32,316.73,0.24322
6998,7742.4,70972,29.097,358.91,179.6,0.33298
6998,7777.9,71612,33.427,688.02,430.4,0.23035
6999,7712.8,71680,26.077,767.18,305.11,0.43092
6999,9304.7,70579,23.46,850.74,534.69,0.22812
7001,7774.9,70889,34.316,552.78,373.42,0.19365
7002,7952.3,71987,32.879,280.97,218.76,0.12449
7003,7784.2,72047,36.853,187.74,174.97,0.03519
7003,8861.4,70267,29.176,563.38,544.85,0.016723
7004,6846.9,69848,23.37,388.09,224.95,0.26613
7005,6731.1,70150,24.629,462.27,348.73,0.14001
7006,7353.5,72455,33.369,532.64,335.05,0.22771
7008,7148,72696,25.57,513.73,211.59,0.41656
7009,8003.7,70841,30.183,800.43,504.12,0.22713
7009,8013.1,71101,27.002,532.81,340.49,0.22022
7010,8295.8,72368,28.38,569.23,353.45,0.23387
7010,9294.5,70252,27.477,1014,511.25,0.32961
7012,9308.9,69965,27.641,1318.6,797.12,0.24647
7013,6866.5,70886,32.264,276.34,219.79,0.11397
7015,6647.9,70138,19.151,377.38,192.46,0.32451
7015,7277.3,70756,23.379,265.55,163.44,0.23801
7016,7308,70938,23.542,255.79,285.45,-0.054809
7016,8431,71133,35.618,219.76,103.35,0.36027
7016,9226.6,71742,29.72,415.63,208.56,0.33173
7017,8531.8,71039,41.42,363.94,142.89,0.43615
7017,9161.4,70060,21.125,919.89,875.66,0.024631
7018,9140.2,69950,23.567,326.11,215.52,0.20418
7019,6587.3,70104,33.782,322.85,108.54,0.4968
7019,9144.4,70141,22.039,303.51,278.87,0.042301
7020,8683.5,71947,27.958,387.3,125.42,0.51076
7020,9176.7,70189,25.159,343.44,397.68,-0.073181
7021,9162.3,70317,21.803,652.81,566.64,0.070656
7023,7722,70751,26.617,653.84,420.03,0.21773
7024,7768.6,70450,23.619,399.32,337.01,0.084628
7026,9320.3,71056,24.937,487.14,191.75,0.43512
7027,9040.6,71259,31.271,260.59,264.05,-0.0065973
7028,8553.5,70034,32.264,542.72,498.17,0.0428
7037,8915.5,70119,38.339,612.54,284.03,0.36641
7038,8812.7,70148,29.603,395.23,192.75,0.34437
7039,6882.1,70228,31.81,887.07,576.73,0.212
7039,6907.7,70116,24.468,986.29,548.39,0.28533
7040,7948.3,72292,32.901,217.69,114.18,0.3119
7042,6775.7,72088,30.742,418.41,136.74,0.50737
7042,7651.7,70302,19.32,445.57,277.18,0.23299
7043,6813.6,70494,31.563,228.02,158.39,0.18019
7043,8590.8,70645,26.081,751.84,454.08,0.24691
7043,8845.1,71319,33.127,396.06,145.63,0.4623
7043,9296.1,70598,34.441,329.27,222.43,0.19364
7044,6833.9,70707,35.515,364,365.76,-0.0024127
7044,8700.8,70557,25.622,839.32,421.57,0.33132
7045,8707.7,70542,31.104,723.59,723.51,5.2174e-05
7046,9039.2,71391,33.377,570.76,341.32,0.25155
7048,7678.1,72349,29.269,721.1,388.69,0.29952
7048,8262.2,69765,34.202,271.12,148.19,0.29318
7048,9192,70717,28.442,239.76,132.9,0.28674
7049,9182.5,70565,28.946,339.1,225.65,0.2009
7050,8562.1,69990,34.056,272.45,167.51,0.23853
7051,8083.8,70920,37.79,105.75,239.81,-0.38796
7053,8692.4,71026,27.999,360.24,315.01,0.066975
7054,8302,70227,34.534,571.17,343.67,0.24868
7057,9198.8,71248,30.304,267.43,182.66,0.18833
7060,6631.3,69798,22.415,831.36,731.09,0.064173
7060,9332.2,71130,25.711,496.51,161.05,0.51016
7062,7901.8,71088,27.769,562.66,381.08,0.19241
7064,6534,70466,26.378,775.58,322.41,0.41273
7064,7866.7,70944,30.419,326.82,182.12,0.2843
7064,8681.1,70402,39.358,727.8,171.96,0.61777
7065,7664.2,71750,31.865,306.55,222.05,0.15985
7066,7322.1,70445,39.67,442.47,361.89,0.10018
7066,9129.4,72318,37.739,359.43,121.48,0.49478
7067,7445.7,70548,19.137,822.14,599.52,0.1566
7068,9260.8,70504,32.068,446.94,151.18,0.49449
7068,9252.2,71822,25.043,501.83,159.86,0.51681
7070,6633.1,70506,36.952,414.53,332.06,0.11046
7070,7684.5,70314,22.447,583.32,490.55,0.086387
7071,7526.6,70436,26.475,410.5,282.34,0.18498
7072,7980.2,70631,35.696,466.09,270.69,0.26522
7072,9414,72016,34.059,477.14,225.3,0.35851
7073,8285.6,72263,30.995,264.52,220.84,0.089988
7073,9404.9,70254,29.382,433.21,334.43,0.12868
7075,7821.3,70303,36.775,298.38,151.13,0.32758
7077,7961.3,70439,22.28,821.86,647.78,0.11845
7078,6826.4,69824,32.682,344.35,329.87,0.021464
7078,7271.9,71590,37.216,295.36,215.43,0.15648
7078,8880.4,72319,32.523,207.61,159.52,0.13097
7079,7533.2,70543,34.383,238.94,254.08,-0.030692
7079,8993,70946,29.031,337.12,217.31,0.2161
7080,8590.4,70844,34.761,509.35,449.52,0.062403
7081,9346.1,70921,28.741,741.77,255.12,0.48817
7085,7896.9,70932,32.733,374.12,149.62,0.42866
7088,7276.5,70490,31.358,191.07,199.13,-0.02065
7090,9090.9,70520,30.71,345.54,270.61,0.12161
7093,7218.3,72056,34.337,381.14,236.24,0.2347
7093,7493.7,71378,29.836,180.76,114.94,0.22258
7095,7419.7,71563,28.481,367.9,304.52,0.094257
7096,7472.5,71471,22.877,754.53,454.77,0.24788
7097,7341.8,71838,45.406,890.75,669.4,0.14188
7097,7543.9,71922,34.126,616.5,399.04,0.21413
7098,8743.2,70741,34.458,367.97,121.33,0.50407
7099,9011.8,70748,44.707,629.73,392.11,0.23254
7100,8791.5,70766,33.339,435.55,193.12,0.38562
7101,9401.1,70542,21.86,613.57,422.38,0.18455
7102,6588.5,70584,24.747,578.27,214.1,0.45959
7103,6817.5,70567,26.684,396.64,288.7,0.15751
7103,8659.2,70411,32.805,600.45,504.27,0.087067
7104,7623.3,72507,30.402,670.26,481.5,0.16389
7105,8487.1,69968,30.732,451.18,434.29,0.019073
7106,9357.5,70306,26.621,405.4,150.58,0.45832
7107,9015.6,70801,30.819,300.21,145.82,0.34614
7109,8294.7,71345,38.35,188.87,103.61,0.29153
7110,8051.1,71693,32.992,472.61,333.89,0.17199
7111,8719.7,71166,26.385,427.28,122.64,0.55396
7112,8633.3,71188,36.946,354.79,262.73,0.14909
7114,7701.6,71033,34.62,474.14,403.31,0.080723
7115,7692.4,70913,34.733,1043.8,541.42,0.31693
7116,7819.4,70954,34.512,603.28,345.45,0.27177
7117,7744.9,70870,27.182,242.32,189.09,0.12338
7118,6738.4,71163,34.536,378.88,138.56,0.46444
7119,9009.7,70981,28.284,378.87,151.48,0.42876
7120,6564,71073,32.417,652.76,274.25,0.40831
7121,6778.2,70633,33.438,351.24,146.01,0.41273
7121,6959.2,72671,23.597,904.61,485.44,0.30155
7122,6669.5,72718,33.027,307.54,130.68,0.4036
7122,7574.5,72438,24.822,700.8,516.74,0.15117
7124,7310.6,72682,22.792,857.55,472.86,0.28915
7124,7827.1,72399,34.214,723.91,491.71,0.19101
7124,8429.1,70838,33.521,504.92,372.45,0.15098
7125,7320.3,72483,30.384,483.54,413.37,0.07824
7125,8516.5,70424,35.064,953.55,598.89,0.22845
7126,6597.3,70563,25.156,1015.1,669.67,0.20503
7126,8523.8,70236,32.448,529.76,466.3,0.063711
7128,6620.8,69879,18.891,1561.8,659.81,0.406
7130,8176.4,72463,34.979,186.78,212.57,-0.064573
7130,8944.2,71898,35.308,571.24,135.94,0.61555
7130,9279.3,70853,17.66,735.84,353.68,0.35076
7131,9281.6,71175,23.814,1283.9,934.41,0.15756
7133,7302.8,72356,23.264,235.17,152,0.21483
7133,9392.4,71033,27.806,466.16,400.51,0.075746
7134,6573.3,72564,33.969,489.08,193.42,0.43321
7135,6684.2,70626,22.758,525.77,254.71,0.34729
7136,6757.3,70514,25.8,847.77,426.17,0.33094
7136,7556.6,72404,23.166,428.58,226.81,0.30787
7137,6992.2,70396,33.839,277.64,166.48,0.2503
7138,6475.1,69732,38.056,254.56,214.79,0.084721
7138,8210.8,72138,33.149,197.4,326.68,-0.24667
7138,9414.5,70084,35.97,1694.5,1235,0.15686
7138,9332.8,70491,30.22,1061.8,768.49,0.16024
7139,7750.7,70416,30.11,459.7,323.67,0.17365
7139,9346.8,70199,30.922,595.94,391.79,0.20669
7140,6540.5,72460,35.692,294.98,230.63,0.12242
7143,8853.3,71199,34.931,366.56,446.32,-0.098125
7143,9380.1,70498,34.141,228.15,126.95,0.28497
7145,9297.2,70588,24.517,1151.1,563.9,0.34239
7146,9309.2,70684,34.669,764.23,492.92,0.21581
7147,9348.2,70568,23.943,1186.2,873.43,0.15186
7149,8888,69741,28.933,363.1,278.96,0.13105
7150,7560.3,70124,22.959,877.45,666.28,0.13679
7151,6828.7,70628,27.961,618.5,307.55,0.33578
7151,7614,70207,17.646,591.27,317.73,0.30092
7151,8959.9,70148,39.993,566.68,451.69,0.11292
7152,6572.8,70750,25.198,231.85,108.01,0.36438
7152,9108,70366,24.308,471.92,406.96,0.073913
7152,9182,72262,31.807,336.92,328.24,0.013044
7153,7422.3,72105,28.609,381.83,316.09,0.094191
7153,9047.5,70358,31.44,644.63,110.91,0.7064
7153,9047.1,71988,36.494,189.66,160.51,0.083262
7154,6467.7,69903,32.144,343.62,243.15,0.17123
7154,7247.5,72674,38.112,252.12,201.06,0.11268
7155,6903.9,69821,27.182,588.75,269.05,0.3727
7155,7468.7,70558,31.794,253.05,293.57,-0.074124
7155,8415.1,70215,36.845,297.19,249.64,0.08695
7156,6970.7,69829,23.953,638.99,289.98,0.3757
7156,7540.2,72424,33.439,499.46,387.07,0.12678
7156,9414.6,71160,23.72,416.17,367.7,0.061829
7157,6886.9,69728,31.802,693.65,431.35,0.23315
7157,7688.2,70425,26.326,418.49,323.78,0.1276
7158,6539.2,69833,35.925,823.17,627.12,0.13518
7158,7531.4,71492,31.085,501.46,586.99,-0.07858
7158,7825.5,70843,29.689,351.56,196.29,0.2834
7159,7433.7,71663,27.939,303.77,367.81,-0.095356
7160,7335,71956,36.529,277.21,204.42,0.15112
7161,7576.5,70559,38.735,345.63,397.26,-0.069499
7161,9167.4,70330,36.581,245.93,233.88,0.025116
7162,6837.8,71148,33.636,372.68,259.42,0.17917
7162,9041.2,70277,32.547,261.86,180.5,0.18393
7163,6625.6,70799,30.476,384.16,224.94,0.2614
7163,7814.3,70804,39.158,390.02,274.8,0.17331
7163,9042.5,70131,37.926,341.12,289.27,0.082248
7164,7840.1,70893,26.415,563.06,382.96,0.19038
7165,8293.7,71341,32.835,788.37,405,0.32125
7166,7056.6,70006,21.868,483.9,540.06,-0.054845
7168,6665,69919,21.206,474.46,224.26,0.35809
7169,6581.3,72658,22.511,449.73,425.44,0.027757
7169,9010.7,70987,32.158,340.61,142.02,0.41148
7169,9133.7,70158,31.005,379.83,281.91,0.14797
7171,6648.5,70366,32.006,476.05,199.83,0.40869
7172,9175.9,70128,25.827,544.98,281.91,0.31814
7173,9209.9,70243,23.59,237.21,158.77,0.1981
7173,9173.6,72501,30.28,464.7,268.48,0.26763
7174,7528.7,70356,20.386,187.67,164.72,0.065128
7175,6875.2,70003,29.038,407.68,104.57,0.59171
7175,7680.2,70308,27.025,241.44,167.62,0.18045
7176,6569.4,71770,26.567,524.8,345.13,0.20654
7176,6795.8,69821,22.253,533.99,415.87,0.12436
7176,7311.2,72349,38.499,364.39,293.57,0.10763
7176,8952.8,71331,31.054,557.42,322.62,0.26681
7177,7837.3,70043,25.128,397.96,264.35,0.20173
7177,8546.7,71879,35.175,211.53,148.54,0.17494
7177,8926,71132,27.644,783.71,292.56,0.45634
7181,6813,70636,21.074,1151.6,740.94,0.21698
7181,8583.7,69996,38.576,271.39,225.07,0.093312
7181,9301.8,70563,27.296,276.69,104.23,0.45277
7182,6610.2,70448,22.799,533.74,262.98,0.33984
7182,7547.3,70079,22.669,573.21,389.03,0.19141
7182,8512.5,70150,31.237,460.73,338.67,0.15268
7182,9065.8,70974,37.279,341.55,213.57,0.23055
7183,6562.7,70468,17.443,797.81,435.79,0.29346
7183,7548.8,71583,34.611,271.08,119.43,0.38833
7184,9009,71372,36.604,457.03,225.72,0.33879
7185,6791.1,70015,30.006,974.62,897.2,0.041361
7185,8209,70506,36.86,350.32,143.97,0.41748
7185,9079.3,70031,36.959,445.23,332.12,0.14551
7185,9349.1,70614,39.077,481.59,619.73,-0.12544
7186,6688.1,70574,26.574,693.74,476.64,0.1855
7186,8168.8,70731,35.012,646.43,321.87,0.33518
7186,8751,70235,23.74,511.77,482.28,0.029666
7187,8565.6,70628,39.079,326.98,267.01,0.10096
7187,9052.7,69752,19.68,288.94,201.04,0.17939
7187,9396.3,71236,13.036,1107.5,534.76,0.34876
7188,6849.3,70365,32.417,767.06,589.25,0.1311
7188,8212.4,72358,34.883,989.78,659.79,0.20005
7189,9246.2,70265,33.982,808.89,381.76,0.35874
7189,9276,70306,32.332,899.57,462.38,0.32101
7190,8209.6,71352,30.896,471.89,307.63,0.21072
7190,8343.5,72654,29.316,599.62,455.51,0.13658
7190,8627.5,70091,29.005,499.25,266.8,0.30344
7191,6573.2,69976,19.05,624.43,511.81,0.099118
7191,7556.4,70272,21.88,262.07,234.58,0.055344
7191,8508.5,70116,29.28,1121.9,719.64,0.21843
7192,7918.3,70948,26.808,264.34,174.1,0.20582
7193,8418.1,70290,30.418,310.93,150.23,0.34846
7194,9057.5,70423,32.216,850.85,351.02,0.41588
7194,9322.6,70494,25.902,663.31,437.24,0.20542
7195,6470.7,69784,27.299,816.05,514.94,0.22623
7195,9321.2,70172,33.134,284.74,224.89,0.11743
7196,6707.3,70084,34.826,303.13,221.2,0.15625
7196,8702.1,72064,31.05,549.89,395.42,0.16341
7199,6650.3,72542,27.899,359.88,307.65,0.078248
7201,8710.3,71715,37.482,347.21,136.99,0.43417
7202,6931.9,72373,32.041,252.7,284.73,-0.059589
7205,7991.5,71047,24.223,337.69,104.79,0.52634
7205,9300.5,70487,32.13,373.95,175.89,0.36022
7206,6996.4,69943,22.737,268.17,131.33,0.34252
7208,8485.9,70846,27.196,376.36,488.31,-0.12946
7209,6834.6,71949,33.863,330.94,158.63,0.35195
7210,8037.2,72465,29.806,328.54,176.68,0.30058
7211,7410.2,72370,34.313,240.36,153.28,0.22122
7212,7653.5,72455,30.611,384.39,181.57,0.35836
7213,7566.5,70601,32.3,449.67,275.15,0.24078
7214,7152.6,69861,30.102,250.8,114.15,0.37444
7214,7970.9,72513,27.311,651.39,393.9,0.24633
7215,7625.4,70520,36.243,679.22,303.83,0.38186
7216,7440.2,70421,22.582,330.53,205.58,0.23308
7216,8480.4,70630,25.053,214.68,135.89,0.22475
7217,8117.8,72293,19.602,1605.7,926.03,0.26847
7217,8479.9,70732,33.584,218.43,303.97,-0.16374
7218,7989.6,72421,20.972,848.61,462.26,0.29473
7218,8302.5,70738,28.228,619.13,460.46,0.14697
7218,8858,71296,29.81,596.34,329.67,0.28798
7219,7876.1,72330,25.469,1490.3,998.59,0.19756
7220,8081.8,72304,32.196,627.94,375.09,0.25208
7220,9052.4,70326,31.521,423.29,349.86,0.094968
7221,6668.6,69940,44.57,1358.9,843.93,0.23378
7221,8378.1,70347,28.84,365.34,141.83,0.44072
7222,6753.9,69971,26.176,863.09,563.86,0.2097
7223,7706.3,70388,19.989,391.12,174.51,0.38296
7223,8440.5,72370,35.139,485.58,394.34,0.10369
7224,6834.8,70329,27.453,672.7,551.51,0.098994
7224,7722.2,70304,18.955,632.04,389.87,0.23697
7224,8369,70783,27.088,377.34,322.17,0.078871
7225,7122,69773,28.961,298.22,201.68,0.19312
7225,7612.3,72330,33.521,448.38,174.38,0.43999
7226,6609.7,70848,36.462,283.81,106.77,0.45328
7226,7648.5,72384,28.539,587.3,562.91,0.021206
7226,8184.1,72351,31.289,231.64,108.49,0.36207
7228,7419.5,69814,33.943,235.7,279.72,-0.085406
7232,7696.8,70327,18.087,479.5,353.32,0.1515
7232,7821.4,72412,26.046,724.86,894.65,-0.10484
7233,6583.1,70465,25.699,536.5,352.9,0.20643
7233,7633,70511,24.972,343.09,363.71,-0.029172
7234,7542.8,70660,34.968,294.99,520.48,-0.27652
7235,6608.1,70033,28.466,652.68,335.41,0.32109
7236,8363,69764,33.733,235.97,131.16,0.28549
7236,8274.4,71087,18.359,634.38,101.99,0.72299
7236,8296,72251,36.213,498.05,322.42,0.21406
7238,6998.4,72084,34.128,312.15,374.01,-0.090149
7238,9271.6,71330,26.922,294.45,238,0.10601
7239,8458.7,71231,28.398,263.04,167.41,0.22215
7240,6693.6,69885,33.361,373.38,173.75,0.36486
7240,8563,70900,37.417,401.99,279.45,0.17983
7241,7822.6,72232,33.609,369.35,161.82,0.3907
7241,8820.3,71879,26.519,436.59,237.7,0.29496
7242,6605,70586,26.176,193.17,131.56,0.18971
7242,8338.7,71011,31.068,309.1,358.61,-0.074151
7242,9208.9,70025,19.553,946.51,423.11,0.38216
7244,9075.6,70485,30.691,406.38,216.68,0.30446
7247,7611.5,70635,24.667,294.77,123.21,0.41045
7248,6700.7,70534,22.75,377.88,238.67,0.22579
7248,7764,70648,27.333,332.43,155.17,0.36353
7249,6765,71398,34.024,200.47,149.76,0.14478
7249,8918,71971,31.476,237.83,141.51,0.25392
7250,6896.8,70514,33.655,359.66,106.47,0.54319
7252,7072.3,72678,27.76,392.67,213.57,0.29543
7252,9307.2,72691,32.504,134.97,160.15,-0.085309
7253,6952.9,72671,36.018,442.96,131.9,0.5411
7254,9222.8,71670,30.095,491.92,144.67,0.54549
7256,7446.6,70524,27.059,212.1,135.01,0.22209
7257,7070.3,69751,19.011,391.56,191.02,0.34422
7257,7162.8,70391,37.796,341.09,155.4,0.37401
7258,6963.5,71466,27.624,258.05,108.86,0.40661
7258,9028.6,71664,25.938,478.44,272.01,0.27508
7259,6429.5,72710,20.906,843.85,275.57,0.50765
7259,7462.3,71909,41.088,419.35,127.68,0.53319
7260,7543.4,70267,34.997,513.72,383.33,0.14535
7261,7051.6,70376,25.812,645.28,560.02,0.070735
7261,9288.6,70029,26.748,646.23,263.78,0.42027
7262,7219.9,70291,24.322,464.07,151.1,0.50875
7262,8179.1,71247,39.493,671.03,400.59,0.25237
7262,9058.1,70060,23.858,470.4,236.13,0.33159
7262,9367.6,71986,34.022,734.29,538.47,0.15385
7263,7806.8,72664,34.076,465.61,134.21,0.5525
7263,8019.2,71447,37.73,371.95,246.04,0.20373
7263,8826.3,71193,28.714,462.35,577.71,-0.11092
7263,9049.6,69828,21.66,1035.1,591.58,0.27267
7264,9011.9,69827,30.105,804.58,565.5,0.1745
7265,7023.9,70694,33.502,322.95,244.07,0.13911
7265,8972,71275,32.846,440.79,318.52,0.16102
7267,9038.5,70471,32.223,315.06,261.8,0.092325
7269,7055.8,71053,34.682,591.15,300.56,0.32589
7270,6624,71844,37.977,506.62,210.04,0.41383
7270,6915.5,71336,37.394,752.18,645.21,0.076551
7270,7731,72480,28.906,738.78,373.58,0.32832
7271,9070.5,70160,24.281,653.81,355.43,0.29565
7272,6833.6,71164,37.832,668.87,167.72,0.59904
7272,9167.5,70271,19.425,846.92,515.05,0.24367
7273,7209.8,72405,35.817,360.39,174.59,0.34731
7273,8064.1,72513,35.058,534.36,563.36,-0.026418
7273,9030.8,70138,30.064,856.31,427.25,0.33427
7274,6648,70397,29.085,355.05,181.61,0.3232
7274,7084.2,72128,32.954,733.19,643,0.065531
7274,7332.3,71467,26.686,936.39,620.66,0.20278
7274,8823.5,70084,27.666,424.83,127.51,0.53829
7275,7374.9,71495,30.797,711.3,802.92,-0.060507
7275,8678.5,70117,22.198,1173.2,812.98,0.18136
7275,8985.7,70132,23.228,1392.9,900.53,0.21468
7276,6735.8,69963,29.916,228.2,351.84,-0.21316
7276,7604.8,70556,19.055,795.64,541.29,0.19025
7277,6656.3,72513,34.662,428.84,631.91,-0.19144
7277,7603.2,70554,24.821,324.74,192.63,0.25536
7279,6696.2,69794,33.195,492.6,423.3,0.075669
7279,7811.6,72508,35.635,319.03,308.94,0.016063
7279,7899.7,70378,27.827,626.35,489.79,0.12235
7281,8992.4,70846,31.782,477.13,294.41,0.23683
7281,9073.9,69836,30.67,412.56,410.48,0.002537
7282,8834.5,70999,29.076,532.71,297.12,0.28391
7283,8753.3,69805,32.173,500.97,358.61,0.16562
7284,7630.7,70676,31.721,346.5,483.72,-0.16528
7284,9066.2,69888,30.702,353.08,198.03,0.28134
7286,7589.8,71580,32.776,184.83,115.05,0.23272
7286,7813,72476,30.995,304.83,111.93,0.46285
7287,7567.5,71612,24.355,327.28,275.07,0.086672
7287,7616.7,70643,26.933,289.25,243.59,0.085686
7288,6694.9,70037,30.923,457.58,341.77,0.14489
7288,7398.3,71684,14.939,399.99,315.42,0.11821
7288,9135.8,69814,26.766,378.33,101.19,0.57796
7289,6867.1,71955,33.24,455.86,359.79,0.11777
7289,7086.3,70068,27.734,311.77,101.66,0.50822
7289,7353.8,71686,20.732,301.2,326.54,-0.040363
7290,7616.9,70804,25.333,602.81,316.29,0.31174
7292,7425.1,71640,36.714,137.7,150.52,-0.044502
7293,6624.7,70507,23.479,598.77,259.02,0.39608
7294,6536.2,70282,27.507,691.94,534.23,0.12862
7294,7651.8,70643,18.071,785.94,415.57,0.30826
7294,8316.4,70953,27.694,669.64,784.53,-0.079004
7295,6442.8,69987,28.837,571.68,392.57,0.18575
7295,7531.9,70507,28.579,993.65,594.92,0.251
7296,7421.5,71753,31.744,195.87,180.71,0.040248
7296,7670.5,70277,12.297,709.24,333.7,0.36008
7296,8606.3,71252,28.29,817.57,183.53,0.63334
7296,9121.9,72147,29.543,579.52,600.1,-0.017443
7298,9103.5,71519,25.963,816.08,572.93,0.17505
7300,7693.5,70306,25.094,320.67,179.97,0.28105
7301,7563.1,70331,31.885,705.61,664.15,0.030271
7302,6499.4,70014,27.97,234.94,248.65,-0.02836
7302,7749.4,70465,27.048,435.54,287.74,0.20433
7302,8033.4,72527,36.436,309.51,304.91,0.0074869
7302,9314.9,70564,33.818,244.65,249.9,-0.010616
7304,8350.3,70450,25.784,382.84,134.27,0.48069
7305,6778.8,69874,36.412,492.69,243.08,0.33925
7305,8122,70279,28.529,361.89,163.71,0.37706
7305,9086.1,72292,29.823,420.88,327.19,0.12525
7306,8444.2,70405,34.796,541.07,327.96,0.24523
7306,8907.3,71129,27.861,291.96,210.94,0.16112
7310,9352.6,72021,18.984,600.28,262.85,0.39093
7311,8997.8,69817,15.805,699.95,299.16,0.40115
7312,8754.8,70941,23.973,785.02,601.14,0.13266
7313,8620.5,70882,31.55,653.31,268.87,0.41688
7313,9233.5,72254,19.502,856.12,167.77,0.67228
7314,6972.3,69837,21.742,375,230.5,0.23865
7316,7263.5,70161,29.727,370.57,169.02,0.37353
7318,7633.5,70693,31.532,311.27,147.9,0.35579
7318,8888.9,71161,36.168,289.35,136.68,0.35835
7320,7431.6,71712,28.846,293.63,188.37,0.21839
7320,7835.7,70831,24.508,608.11,474.07,0.12386
7321,7761.7,70804,32.638,829.28,416.9,0.33091
7322,7864.3,70958,27.693,1236.9,662.95,0.30212
7324,9286.3,71176,24.558,289.61,154.54,0.3041
7327,6549.2,70296,28.508,614.5,237.28,0.44287
7328,7511.2,71588,21.441,716.57,479.83,0.19787
7332,7697.2,70618,33.614,273.45,135.91,0.33598
7333,9376.5,72058,36.892,192.81,142.59,0.14974
7334,7582.1,72524,28.946,530.29,396.07,0.14488
7335,7555.3,72477,25.068,231.23,147.03,0.22261
7335,9354,71221,20.401,1101,568.89,0.31863
7336,8167.7,71112,25.042,670.69,532.84,0.11454
7336,9343.4,71155,19.428,1588.5,777.7,0.34264
7338,7791.3,70742,34.823,302.15,110.76,0.46353
7338,9341.3,71002,22.932,450.55,189.04,0.40887
7340,7791.2,70893,39.48,230.83,129.18,0.28234
7340,7900.8,72456,29.617,389.68,250.31,0.21777
7343,9156.1,71353,17.48,772.71,432.07,0.28274
7344,8058,70521,28.243,239.39,136.58,0.27344
7344,8344.5,72285,29.612,219.02,122.32,0.28331
7346,9378.1,71232,21.449,581.56,222.06,0.44735
7347,8022.3,70032,32.327,190.56,109.57,0.26984
7348,9398,71889,28.469,236.89,140.84,0.25428
7349,9075.3,70367,27.759,699.54,534.57,0.13368
7349,9254.9,72047,28.562,580.27,258.16,0.38418
7351,8686.3,72453,33.091,415.73,266.34,0.21903
7352,8200,72374,26.728,527.32,418.47,0.11508
7352,9116.3,71161,23.444,351.77,176.61,0.3315
7355,7485.5,70298,28.251,199.09,151.46,0.13587
7356,7494.8,70412,27.566,279.82,296.24,-0.028505
7357,6640.8,69996,29.295,998.37,762.58,0.1339
7358,7454.1,70395,27.73,348.71,392.62,-0.059233
7358,9134.4,70302,33.863,302.03,247.45,0.099338
7361,7748,72565,32.51,550.3,401.51,0.15633
7361,9296.8,71851,21.561,464.21,264.64,0.27381
7362,9177.3,71351,33.18,554.81,466.94,0.085993
7363,8332.6,70313,44.587,370.61,415.36,-0.056932
7365,9137.6,71498,29.5,477.36,499.88,-0.023044
7367,6558.8,70450,24.518,291.23,242.31,0.091674
7367,9186.5,71315,23.432,830.83,548.41,0.20477
7368,7475.2,70294,27.22,407.7,301.95,0.14902
7368,9138.7,71332,25.056,475.7,414.33,0.068956
7372,7666.2,70185,29.486,417.96,331.17,0.11585
7373,8840.9,71052,26.584,763.81,554.36,0.15889
7374,8358.1,70047,27.707,276.56,316.04,-0.066619
7374,8945.3,71069,18.497,1309.7,894.02,0.18861
7374,9147.8,70346,36.468,263.67,200.01,0.1373
7375,8506.3,70303,32.54,278.04,217.26,0.12271
7375,8823.9,71121,18.791,1015.9,716.38,0.17291
7375,9205.3,70231,28.028,418.02,180.13,0.39772
7376,6621.9,71179,32.808,164.05,160.43,0.011152
7376,8859.2,71009,21.546,1254.4,926.54,0.15035
7376,9193.2,71095,15.883,969.87,621.4,0.21899
7377,7416.6,70561,33.516,247.23,155.74,0.22703
7377,9125.8,71146,21.453,891.31,657.45,0.151
7378,6885.5,70020,34.21,399.61,212.26,0.30619
7378,9107.7,71195,18.738,640.51,352.93,0.28948
7379,9160.2,71139,16.253,715.14,372.66,0.31484
7383,8227.2,70729,33.542,177.77,102.88,0.26684
7384,7382.3,71164,36.158,259.44,146.26,0.27896
7385,9163.5,70145,15.656,1177.3,677.91,0.26917
7386,9223.7,70058,30.759,1437.5,1010.4,0.17446
7386,9214.4,70175,29.224,1756.5,1320.6,0.14167
7388,6803.3,69948,25.838,385.71,236.55,0.23972
7388,9123.1,71208,26.613,243.37,130.78,0.30093
7389,6781.3,69995,22.015,539.52,329.15,0.24217
7389,7519.7,70289,19.373,467.26,230.35,0.33959
7389,7748.3,72392,24.961,1082.9,690.96,0.22095
7390,6599.8,70846,25.491,589.5,208.28,0.47786
7391,7951.7,70849,31.569,467.68,298.54,0.22075
7391,8467.2,70090,30.487,924.52,545,0.25826
7392,8491.8,70079,27.08,778.64,437.71,0.28028
7393,8716.9,69915,33.945,355.37,221.42,0.23223
7393,9066.4,69957,32.892,366.61,231.91,0.22505
7393,9283.5,71234,26.185,603.93,446.57,0.1498
7395,9377.4,70895,34.73,201.59,201.83,-0.0005992
7398,7385.8,70292,36.639,254.12,107.45,0.40564
7399,9278.4,70155,24.974,649.77,301.21,0.36654
7402,8484.1,70195,30.766,550.55,437.09,0.11487
7402,8816.2,71116,19.892,800.28,502.27,0.22879
7403,7631.4,72724,29.65,396.52,347.06,0.066508
7403,8676.2,71063,23.884,875.61,520.16,0.25466
7404,7722.1,72474,25.654,905.39,492.57,0.2953
7404,8211,71145,25.487,991.5,509.21,0.32138
7404,9183.7,71113,30.835,211.87,176.85,0.090099
7405,6492.9,71552,35.964,496.64,217.81,0.39028
7407,8037.8,71121,28.043,631.98,187.81,0.54181
7407,8778.4,71306,34.081,513.8,263.83,0.32145
7407,8764.4,71794,37.736,302.43,214.96,0.16906
7407,9369.8,70145,29.632,523.71,279.11,0.30468
7408,7487.5,71348,28.411,253.03,202.37,0.11125
7408,9371.4,70230,29.81,458.58,299.08,0.21053
7409,8695.2,70796,35.515,284.24,285.95,-0.002989
7409,8949.7,71426,29.363,660.46,379.32,0.27037
7410,8885.6,71380,23.199,615.73,230.3,0.45557
7412,6565.9,72364,26.166,790.69,666.24,0.08542
7412,9260.9,71063,33.747,409.38,192.27,0.36085
7415,7504,71718,31.869,308.57,146.21,0.35703
7416,7438.7,71514,26.578,824.45,363.15,0.38843
7416,7569.1,70278,16.853,615.45,560.85,0.046412
7416,8438.8,70196,34.211,330.05,248.44,0.14106
7418,6558.4,70585,32.434,444.45,385.88,0.070545
7420,6461.2,69849,29.645,287.17,151.31,0.30985
7423,7706.1,70657,22.594,224.78,195.08,0.07073
7423,9399.7,71141,20.709,899.43,563.66,0.22949
7424,9244.8,70166,25.483,484.15,307.75,0.22276
7424,9388.5,71091,19.482,808.34,762.93,0.028901
7425,6708,70838,32.466,203.06,206,-0.0071864
7426,6584.1,70714,32.615,238.38,119.81,0.33101
7426,7471.3,70408,34.633,218.94,144.22,0.20577
7427,7409.9,72617,29.806,502.37,275.1,0.29232
7428,8881.7,71261,27.644,779.34,500.34,0.21802
7429,8920.9,71340,21.934,476.6,395.78,0.092647
7430,7632.4,70509,23.056,360.87,121.99,0.49471
7430,8838.4,71325,28.609,306.7,168.41,0.29106
7431,6596,71945,31.906,151.33,125.35,0.093894
7431,7577.9,70470,35.667,297.51,595.41,-0.33362
7431,7900.2,72447,31.992,744,893.21,-0.09114
7431,9214.4,69927,34.098,913.48,555.51,0.24369
7433,8521.5,70916,28.805,943.73,611.68,0.21348
7435,6762.7,70355,26.855,263.14,312.51,-0.085756
7436,8405.2,70866,32.874,311.49,194.85,0.23036
7436,9085.8,70101,22.888,297.05,172.12,0.26629
7437,9248.1,70137,21.876,455.04,297.56,0.20924
7438,9205.9,70078,27.973,237.39,165.42,0.17868
7439,7024.9,72726,34.777,470.08,428.32,0.046475
7439,9323.6,70098,22.344,382.89,187.92,0.34158
7440,7344.7,71452,27.695,500.84,221.38,0.38695
7440,7697.3,70679,24.404,497.37,219.23,0.38815
7441,7358.5,71344,24.519,685.25,596.48,0.069257
7442,7415.1,71380,25.535,662.1,400.47,0.24623
7445,6490.5,69946,17.397,350.32,192.32,0.29118
7445,7761.2,72455,21.401,559.52,251.1,0.38047
7447,7581.7,70458,20.466,793.44,556.12,0.17585
7447,7522.4,72256,31.768,335.25,131.38,0.43691
7448,6745.3,70160,34.333,231.21,125.16,0.2976
7448,7596.6,70266,21.701,568.34,462.39,0.10278
7448,9135.6,71886,29.527,481.51,397.15,0.096007
7449,7524,70410,25.646,521.14,248.2,0.35478
7450,7523.2,70317,23.878,518.64,448.37,0.072673
7451,7121.4,71793,26.318,480.13,346.37,0.16184
7451,7622.3,70374,27.525,444.8,129.23,0.54976
7451,9040.8,70326,34.356,302.24,326.76,-0.038968
7452,7241.5,71785,32.9,372.45,194.9,0.31294
7452,9116.1,70089,23.668,430.77,251.21,0.26329
7455,7459.8,71601,37.353,374.68,233.42,0.23229
7460,7235,69819,35.352,742.96,652.33,0.064951
7460,7637.4,70714,20.77,535.65,290.18,0.29724
7461,7149.3,69858,28.759,413.72,281.8,0.18968
7462,8156.8,72608,26.265,578.59,233.58,0.42481
7463,6789.3,70871,33.441,578.36,378.06,0.20943
7465,7012.9,69762,25.089,475.25,114.56,0.61153
7465,9118,71541,38.117,196.59,156.69,0.11293
7470,6744.6,69888,23.407,569.99,286.12,0.33159
7476,8172.4,70707,33.959,271.95,183.46,0.19431
7478,7825.6,70480,29.181,485.82,336.93,0.18096
7478,8509.4,72452,32.033,150.92,354.32,-0.40258
7479,7455.9,71461,26.969,336.38,146.73,0.39256
7483,6945.5,69966,16.614,957.48,606.03,0.22479
7483,7117.9,72412,21.789,888.17,473.71,0.30434
7484,7151.9,72299,35.29,869.81,604.57,0.1799
7485,6981,70012,22.476,516.04,285.02,0.28838
7487,7485.3,70156,23.488,580.4,300.92,0.31712
7488,7499.2,70372,30.924,488.12,427.98,0.065649
7489,8169.1,70867,33.101,538.13,267.92,0.33523
7490,6802.3,72385,35.875,515.14,124.17,0.61155
7490,6759.4,70492,37.453,498.37,213.12,0.40093
7491,6499.5,70585,34.299,621.3,234.13,0.4526
7491,6805.8,72656,36.641,491.8,334.79,0.18994
7491,9183.7,70003,28.695,634.04,409.13,0.2156
7492,8111.9,70927,28.725,904.75,286.7,0.51873
7492,9301.8,69916,24.645,513.69,310.2,0.24699
7493,7989.7,70862,32.727,406.21,397.19,0.01122
7497,6718.5,69779,26.822,936.88,568.8,0.24446
7497,6757.6,69774,25.463,935.38,562.7,0.24877
7498,6539.9,69732,20.497,574.73,469.48,0.1008
7498,9003,69801,34.712,759.78,672.15,0.0612
7498,8980.5,71496,33.925,221.33,326.97,-0.19267
7499,7489.7,71631,27.529,981.03,534.12,0.29496
7500,7354.5,71662,29.659,566.95,324.43,0.27207
7500,9136.1,71051,32.451,267.72,267.26,0.00084665
7502,8537,71004,33.048,252.25,253.57,-0.0026121
7503,8602,70784,24.51,536.56,344.63,0.21781
7504,6450.7,69871,20.97,496.31,131.39,0.58137
7506,6978.5,72689,25.161,621.96,398.49,0.21899
7507,7624.4,70392,19.95,904.23,597.48,0.20426
7508,6558.4,72686,21.874,344.08,122.79,0.47399
7508,7610.3,71730,37.361,407.99,191.19,0.36182
7508,8566.3,71143,23.786,487.6,458.42,0.030848
7509,7692.2,70347,25.954,360.4,181.42,0.33033
7509,8108.3,70829,34.362,277.67,402.12,-0.18307
7510,7589.1,70654,22.378,526.36,205.88,0.43768
7510,8193.8,71008,27.609,336.86,199.51,0.25607
7511,6550.8,71985,26.971,566.75,274.05,0.34811
7511,7663.9,70696,21.321,756.58,402.13,0.3059
7511,8346.2,70997,31.492,754.58,511.89,0.19163
7512,7493.1,71458,27.95,231.47,172.42,0.14621
7514,8323.2,70464,27.34,391.84,270.1,0.18392
7514,9188.8,70135,17.318,1175.1,516.12,0.38966
7515,7180.3,70436,35.44,822.59,400.71,0.34487
7515,9121.2,70238,30.798,497.36,199.16,0.42813
7516,9262.2,70224,27.146,516.29,171.2,0.50196
7517,7752.9,71718,32.715,193.13,200.44,-0.018586
7518,9012.9,69730,20.797,442.63,219.24,0.33751
7518,8820,70973,44.515,765.98,346.29,0.37733
7522,7296.2,72246,28.931,270.49,149.73,0.28739
7522,9401.1,70223,34.103,425.38,368.67,0.071425
7524,6647.5,70235,36.68,278.55,174.68,0.22918
7524,7525.6,70514,27.462,230.5,176.91,0.13154
7524,8870,71716,26.271,325.09,157.52,0.34721
7525,8857.7,71822,27.78,510.37,392.83,0.13013
7526,8637.5,71803,25.058,401.06,184.09,0.3708
7528,9197.2,72175,28.347,384.29,172.51,0.38035
7529,9061.2,70099,33.947,475.29,294.25,0.23525
7530,8145,72367,25.552,567.89,397.15,0.17693
7530,9044.7,71164,23.335,473.74,451.93,0.023561
7531,8072.8,72494,35.498,519.54,279.21,0.30088
7532,7172.9,70312,30,156.51,110.76,0.17117
7532,7778.2,72366,27.735,737.5,528.43,0.16515
7534,9097.1,71809,39.434,561.28,472.07,0.086334
7537,8822.1,70770,31.236,427.41,298.87,0.17697
7538,7657.6,70196,19.142,743.92,440.2,0.25649
7538,9236.8,71933,23.114,404.74,217.03,0.30189
7539,8222.5,71334,35.348,548.43,465.92,0.081347
7541,8465.6,70506,40.119,643.3,508.15,0.11737
7543,6981.8,70352,36.013,303.12,230.23,0.13666
7544,6995.2,72402,36,464.46,266.47,0.27088
7544,8608.9,70344,36.93,605.79,377.29,0.23242
7544,8938.8,71827,26.929,530.13,224.55,0.40492
7544,9033.9,72658,36.071,501.97,174.18,0.4848
7545,7727.8,70188,30.337,314.24,269.02,0.077532
7546,7197.5,72625,31.073,1067.2,510.68,0.35271
7547,8877.8,72487,24.497,586.58,231.14,0.43468
7548,7997,72351,33.931,324.86,226.39,0.17863
7548,8896.1,72136,41.294,289.1,216.81,0.14289
7548,9255.7,71085,28.465,408.64,257.71,0.22649
7549,6826.3,71872,35.791,841.89,589.19,0.17658
7549,8833.8,70953,32.451,341.62,120.14,0.47963
7550,6987.4,71965,29.18,364.8,419.75,-0.070046
7552,6774,72364,36.916,366.05,455.58,-0.10897
7552,7036.4,71372,40.761,369.06,199.62,0.29796
7553,6898.8,72288,18.6,338.14,238.04,0.17373
7554,7324.6,71457,21.551,407.53,262.4,0.21664
7554,9359.4,70296,32.061,625.38,491.19,0.12018
7556,7059.7,70265,35.156,625.48,402.62,0.21677
7556,7355.6,72231,32.61,604.67,399.02,0.20489
7556,8645.6,70904,24.964,558.12,284.96,0.324
7557,7180.9,70122,28.232,559.76,343.9,0.23887
7557,7570.6,72304,23.91,342.94,210.01,0.24041
7559,7486.9,70278,30.055,274.3,117.04,0.40184
7560,6596.7,70642,19.999,482.11,344.54,0.16641
7562,6517.6,70553,22.881,700.27,420.47,0.24966
7564,8887.4,71335,26.32,286.16,120.09,0.40879
7565,7368.9,71633,38.126,133.02,112.08,0.085445
7565,9137,71251,33.529,471.18,346.21,0.15289
7565,9211.9,70549,32.082,317.09,133.71,0.40678
7566,6518.3,69811,19.341,612.47,490.04,0.11105
7566,8095.7,72572,32.284,326.16,226.52,0.18029
7566,9029.1,70620,36.12,298.28,352.77,-0.083696
7567,6799.8,72128,36.213,165.55,171.5,-0.017639
7568,9024.3,70587,29.944,677.4,929.24,-0.15674
7569,9041.6,70566,33.099,402.07,524.59,-0.13222
7570,9226.7,70336,36.729,971.75,1008.4,-0.018483
7571,7639.5,70622,36.069,373.42,324.92,0.06946
7571,9283.4,70010,27.8,383.93,240.61,0.22947
7575,9390.1,70742,30.12,436,578.21,-0.14021
7576,7197.7,70664,36.513,200.69,157.36,0.12101
7576,8967.7,69767,19.82,843.51,294.71,0.48216
7577,7658.7,70736,37.702,432.74,310.19,0.16496
7577,9215.1,69865,20.905,564.18,441.22,0.12231
7578,7673.9,70588,22.017,1006.2,201.24,0.66667
7579,7583.7,70572,32.725,356.49,287.3,0.10748
7580,7640.8,72362,33.431,202.77,112.42,0.28666
7582,7565.8,70218,21.351,574.38,465.36,0.10486
7582,7872.1,70952,22.232,241.33,111.58,0.36764
7583,7721.8,70163,18.068,500.62,146.83,0.54643
7586,7098.8,69840,33.365,459.49,301.23,0.20803
7589,6480,70467,33.523,697.82,507.9,0.15752
7589,7003.2,72631,26.852,464.79,674.62,-0.18416
7589,7874.9,72435,33.661,221.36,121.59,0.29092
7591,6711.6,69777,25.29,419.76,402.9,0.0205
7592,8428.9,72352,33.457,385.37,288.64,0.14352
7593,8399.6,72285,36.362,504.51,151.56,0.53799
7593,8785.1,70679,35.716,282.09,143.87,0.32449
7593,9229.2,72004,23.949,561.28,277.51,0.33831
7595,8271.3,72156,35.775,249.73,214.26,0.076426
7596,7223.6,71644,36.297,487.24,235.09,0.34907
7596,8742.6,70991,31.674,691.62,417.96,0.24663
7597,6713.3,70465,21.076,307.16,260.51,0.082182
7597,8786.2,71136,25.505,412.82,296.17,0.16452
7599,9020.5,70887,28.009,478.79,412.02,0.074965
7600,6428.2,69916,28.373,230.34,137.93,0.25092
7600,7335.7,71410,38.333,408.94,551.91,-0.1488
7601,8978,71763,35.253,612.92,418.74,0.18822
7602,7003.1,71891,25.019,326.17,142.02,0.39333
7604,7045,72150,24.044,422.21,233.77,0.28727
7605,7486.2,71352,31.813,627.45,402.14,0.21884
7607,7527,70590,27.31,288.54,173.3,0.24953
7608,7580.4,70280,19.448,456.61,378.04,0.094134
7609,8564.8,70520,34.823,253.39,100.35,0.43262
7610,7484.6,70554,34.661,508,479.14,0.029239
7611,6681.8,69774,26.969,384.41,232.4,0.24644
7612,6620.5,69871,22.784,860.11,569.95,0.2029
7612,6629.7,70277,29.294,1024.3,523.04,0.32397
7613,6620.6,69913,16.021,781.19,432.85,0.28692
7613,8794.8,70942,38.463,273.95,112.35,0.41834
7614,6726,69832,19.015,434.11,272.84,0.22812
7615,9131.3,71077,31.87,249.78,186.65,0.14466
7616,6462.4,70178,26.063,1063.8,736.48,0.18182
7617,6468.6,70091,22.871,344.11,222.61,0.21438
7617,9372.9,70574,36.643,303.48,135.89,0.38144
7622,7562.7,70663,35.013,307.63,239.28,0.12498
7626,8805.5,70987,29.064,159.6,169.71,-0.030696
7627,8864,72507,34.961,210.24,147.74,0.17459
7628,7442.4,71149,38.132,703.66,560.93,0.11287
7632,6791.4,69791,19.51,1098.2,736,0.19746
7633,9319.9,70131,21.807,980.55,506.41,0.31887
7634,9400.1,70116,23.1,1463.1,1020.7,0.17809
7636,8785.3,69850,40.907,651.31,371.62,0.27342
7637,8842.3,69925,25.915,508.54,358.47,0.17309
7638,8781.7,70138,30.201,395.04,378.27,0.021686
7639,7589.6,70207,34.181,268.63,152.67,0.27522
7640,7893.1,70934,31.149,635.03,242.74,0.44691
7640,9396.7,72050,32.82,673.85,301.98,0.38109
7641,7290.6,72243,31.32,279.38,139.29,0.33461
7641,7594.3,70671,29.964,391.12,341.95,0.067073
7643,7605.7,70594,33.33,561.86,637.67,-0.063198
7645,6917.7,70360,25.538,271.98,112.76,0.41385
7647,7000.5,72590,29.79,191.75,106.79,0.2846
7647,7987.8,70970,24.39,647.69,369.55,0.27343
7651,6555.3,69737,24.544,328.17,237.02,0.16128
7651,9080,69876,30.726,388.85,351.2,0.050876
7652,6668.8,69816,19.981,594.96,369.09,0.23429
7653,6525.6,69893,24.823,387.31,226.07,0.26288
7654,6535.5,69981,37.027,235.03,237.7,-0.0056424
7654,8044.1,71335,21.712,270.77,251.25,0.037402
7655,6492.8,69856,30.192,306.28,144.76,0.3581
7655,8261.1,72469,34.175,641.73,553.66,0.073671
7656,6487.1,70742,27.181,333.5,158.3,0.35625
7656,7148.4,70095,27.907,390.51,165.99,0.40346
7662,8219.3,72347,29.066,319.3,251.22,0.11933
7664,6438.7,70070,29.521,250.95,129.08,0.32069
7669,6690.9,70576,24.234,664.92,390.21,0.26036
7669,9018.4,69816,28.513,930.06,547.48,0.25893
7669,9399.7,71881,23.598,524.66,411.05,0.12142
7670,6680.8,70221,23.611,507.45,335.23,0.20437
7670,9376.5,71949,21.555,434.06,247.04,0.27458
7671,6643.6,70070,20.714,1136.3,471.76,0.41325
7671,9345.6,72035,25.95,508.74,271.36,0.30429
7672,7389.4,72620,25.99,535.64,228.93,0.40116
7672,8301.8,72389,24.85,978.69,668.65,0.1882
7674,6459.8,69895,27.526,705.22,313.3,0.3848
7674,7521.3,71564,32.673,275.36,158.35,0.26978
7674,8799.5,71865,29.7,860.17,617.29,0.16438
7674,9211.2,70987,30.757,605.79,559.17,0.040014
7675,6908.6,69762,34.046,613.54,333.1,0.29625
7675,9011.8,72070,29.982,415.11,296.92,0.16599
7676,8910.7,71334,25.675,437.05,286.8,0.20756
7676,8888,72042,29.144,397.02,387.67,0.01192
7676,9108.4,69805,33.845,499.16,355.96,0.16745
7677,8577.2,72150,32.355,227.79,214.37,0.030343
7678,6722.8,70472,29.373,474.57,419.33,0.061791
7679,6558.7,70630,22.819,577.9,235.03,0.42177
7679,8529.6,71769,38.863,330.22,349.77,-0.028763
7680,6730.1,70575,28.347,692.27,455.64,0.20614
7681,6476.7,70495,27.743,464.88,173.61,0.45617
7682,9114.7,72169,27.962,282.77,183.68,0.21245
7683,7130.4,72357,35.991,241.62,229.35,0.02606
7685,7246.6,72057,35.902,323.8,302.73,0.033632
7685,7752,70304,21.774,643.28,446.56,0.1805
7685,9105.5,69981,34.507,278.37,122.79,0.38783
7686,7621.7,70274,35.89,281.68,234.66,0.09106
7686,8003.3,72255,27.453,539,440.4,0.10067
7686,9072.3,72633,19.169,398.46,179.91,0.37787
7686,9297.7,70075,19.169,570.25,185.98,0.50814
7687,7986,72174,28.504,453.18,158.47,0.48183
7688,6709.1,70870,33.459,265.53,188.89,0.16865
7688,8094.9,72319,30.708,539.9,362.87,0.19609
7689,7412.8,70419,34.398,569.88,526.23,0.039822
7689,7903,72422,26.71,671.05,364.44,0.2961
7689,9068.1,69769,19.628,632.04,391.99,0.23442
7692,8302.6,71031,36.823,453.39,363.26,0.11037
7693,8942.2,70258,30.373,284.47,177.65,0.23116
7694,9234.9,70571,20.638,748.38,430.7,0.26944
7695,7424.4,70453,26.784,586.36,457.22,0.12375
7695,8492.4,71018,23.866,742.82,367.34,0.33822
7700,9279.7,70215,33.239,260.5,165.7,0.22244
7701,6950.2,71757,38.571,333.47,169.93,0.32486
7703,9317.9,70124,14.009,501.51,268.21,0.3031
7704,9257.3,70121,20.218,364.7,309.04,0.082611
7705,8978.8,72424,33.206,523.44,294.82,0.27939
7706,7559.1,70523,22.324,415.89,443.41,-0.03203
7707,7608.9,70673,36.894,657.58,248.76,0.45107
7707,7987.7,72621,25.939,344.41,242.58,0.17349
7708,7659.5,70525,28.117,852.22,689.06,0.10586
7708,7959.1,72560,21.568,376.41,347.64,0.039739
7709,7576.8,70440,23.002,430.64,181.54,0.40692
7709,8830.2,71118,29.099,832.77,525,0.22668
7709,8813.5,71151,37.161,691.04,409.99,0.25527
7710,6671.3,70443,26.616,323.73,113.95,0.47929
7710,8263.7,69746,26.156,367.87,265.74,0.1612
7710,9032.2,71253,36.26,586.71,128.29,0.64114
7711,7548.2,70522,20.266,324.11,221.18,0.18876
7711,9292,70346,29.378,770.92,702.16,0.046678
7712,6446.5,70586,33.388,302.9,145.21,0.35191
7712,7240.7,72239,30.637,509.91,857.53,-0.25421
7712,7646.1,70511,36.906,572.71,402.89,0.17407
7713,9110.9,71658,31.795,212.89,122.3,0.27027
7714,7517,70441,24.364,292.91,103.74,0.47693
7715,6942.2,69926,26.462,1043.1,769.29,0.15109
7716,6595.4,71208,33.339,285.96,187.44,0.20812
7716,6798.7,69834,23.378,585.76,221.56,0.45112
7716,8609,71489,28.773,703.64,296.01,0.40777
7716,9057.6,69755,27.559,353.25,258.24,0.15537
7717,8618.7,71222,29.072,820.25,497.28,0.24514
7717,8983.6,69746,35.407,243.85,112.89,0.36713
7718,7054.7,69811,29.361,448.95,385.77,0.07569
7718,9116,69848,34.91,341.46,154.59,0.37671
7719,7744.6,70403,33.801,458.85,504,-0.046885
7719,8456.7,71252,28.966,596.27,348.27,0.26256
7719,8871,71293,28.505,650.99,394.81,0.24496
7720,7615.4,70316,29.875,627.39,525.94,0.087962
7720,8954.7,71162,27.015,767.62,229.02,0.54042
7721,6576.8,70150,37.597,481.04,334.3,0.17997
7721,7652.5,70341,21.606,501.31,409.26,0.10108
7721,9096.8,71358,34.959,589.83,391.01,0.2027
7722,7506.3,70389,35.458,985.96,582.09,0.25756
7723,8630,71875,37.573,427.11,169.18,0.43255
7725,7163.8,71461,23.315,305.62,351.98,-0.0705
7726,7234.8,71479,21.954,242.27,316.27,-0.13248
7726,8325.5,71155,26.274,566.07,362.75,0.2189
7728,6806.4,70306,26.486,221.63,116.02,0.31276
7728,8985.8,70222,43.376,415.84,252.45,0.24449
7729,6801.4,70278,36.729,419.6,228.17,0.29551
7729,8115.8,70994,41.052,386.32,264.85,0.18653
7730,7647.9,70303,35.334,323.72,222.3,0.18575
7731,6671.2,70524,26.824,771.06,443.33,0.26987
7732,7904.2,70936,24.254,948.33,590.52,0.23252
7733,7895.9,70879,28.957,1232.4,813.14,0.20495
7733,7995.9,72209,21.665,674.04,471.74,0.17656
7733,8452.7,70305,30.596,735.97,578.04,0.12019
7734,8416.6,70265,25.423,733.17,693.64,0.027705
7736,7686.1,70753,20.166,774.14,435.71,0.27973
7736,8212.2,71195,29.823,539.71,132.62,0.6055
7737,7734.6,70646,27.305,375.56,135.6,0.46945
7737,8192.3,69945,37.21,592,258.02,0.39291
7738,8564.1,71758,26.436,296.46,277.43,0.033157
7739,8423.2,70236,31.792,250.36,227.93,0.046907
7739,8525.6,71721,28.087,551.31,454.06,0.096734
7740,8493.8,70149,26.985,194.6,233.75,-0.091406
7740,8680.9,72269,37.767,575.99,417.48,0.15955
7742,7897.8,71584,36.264,176.02,163.44,0.037054
7743,8581.4,70152,26.554,236.67,327.86,-0.16154
7744,8935.6,72523,24.476,374.61,232.63,0.23381
7749,8138.5,71135,39.932,267.05,101.08,0.45086
7750,6493.7,72117,32.186,464.99,129.47,0.56441
7750,8531.2,72523,37.83,339.81,209.43,0.23738
7752,8414.5,72490,34.727,475.47,197.6,0.41284
7752,9051.1,69787,20.226,456.67,383.83,0.086667
7753,6511.1,72287,32.523,161.46,111.44,0.1833
7753,9174,69896,20.285,917.87,329.81,0.47132
7754,6999.3,70325,35.42,260.41,149.46,0.2707
7755,7263.3,70110,35.24,384.39,209.9,0.29362
7756,6922.5,69863,20.596,313.79,140.84,0.38042
7757,7237.4,71771,29.818,329.83,115.03,0.48285
7757,8218.8,72638,32.334,241.36,157.33,0.21076
7757,8606.5,70103,24.165,413.49,360.98,0.067799
7758,7239.1,70163,24.754,447.49,432.03,0.017576
7759,7220.8,69774,33.218,590.98,393.02,0.20118
7760,8371.1,72530,33.865,817.38,597.49,0.15541
7760,8787.7,71138,28.493,308.42,182.44,0.25666
7761,8389.8,72456,33.582,237.31,122.28,0.31991
7762,6656.3,69741,19.414,419.05,315,0.14175
7762,8415.8,72508,27.354,304.55,145.08,0.35468
7763,6750.3,69798,24.4,638.62,454.17,0.16878
7763,7481.8,71392,29.387,808.54,547.68,0.19234
7763,8399.3,72494,18.146,531.33,424.79,0.11143
7764,7488.5,70479,28.91,347.66,260.89,0.14259
7764,7481.1,71457,30.577,986.01,341.11,0.48594
7764,8386.3,72506,14.585,361.93,124.31,0.4887
7765,7421.5,71507,27.378,599.19,301.64,0.3303
7765,8397.9,72594,21.911,370.64,366.56,0.0055402
7766,7573.6,70386,25.768,412.21,255.5,0.23469
7767,7130.1,72712,22.649,462.39,257.72,0.28423
7768,7115.4,72723,35.414,324.83,396.01,-0.098749
7768,8358.5,72407,34.914,410.42,440.06,-0.034857
7769,8294.7,72611,29.346,790.26,321.48,0.42167
7770,6966.1,71059,37.992,263.35,225.63,0.077131
7770,7670.8,72220,25.78,1329.8,628.13,0.35837
7771,7613.3,70270,17.769,557.63,302.44,0.29671
7771,7642.9,72195,36.223,512.27,480.14,0.032381
7772,7866.1,72140,30.455,579.08,135.66,0.62039
7773,8862.9,70185,29.814,367.85,212.77,0.2671
7775,7160.6,72043,34.68,405.12,378.04,0.034573
7775,9200,70186,23.823,298.06,135.11,0.37616
7776,6542.8,70565,19.533,796.82,521.51,0.20884
7776,7451.1,72245,25.801,370.2,357.39,0.017603
7776,7563.6,70382,42.536,444.76,256.72,0.26806
7776,8591,70933,35.891,347.05,230.98,0.20081
7778,7559.4,70227,16.891,648.08,322.01,0.33612
7778,8354.8,70379,37.565,314.54,253.95,0.10658
7779,6965.7,69901,22.545,783.14,323.55,0.41528
7779,7533.7,70298,36.284,278.33,264.24,0.025984
7779,8974.9,70466,33.075,588.81,508.43,0.073256
7779,9212.9,72077,35.056,434.24,222.07,0.32328
7780,7535.4,70574,33.745,430.4,299.59,0.1792
7781,7589.3,70555,20.756,276.65,162.41,0.26019
7782,9180.5,72030,29.295,535.8,324.57,0.2455
7783,7481.7,70580,26.506,416.91,443.27,-0.030651
7783,9407.5,70866,31.972,379.3,253.94,0.19797
7785,8915.5,71840,32.278,514.35,312.81,0.24366
7786,7076.5,70430,22.556,870.81,347.1,0.43001
7787,6879,70563,26.276,849.87,611.95,0.16276
7788,6630.8,70410,33.199,747.08,407.48,0.29414
7789,7138,70141,33.173,435.46,195.31,0.38071
7790,7705.4,70464,36.124,475.26,259.14,0.29427
7791,7554.4,70280,26.239,555.49,325.91,0.26048
7791,7993.2,70554,28.145,155.23,172.32,-0.052164
7792,7437.9,71347,30.395,249.86,195.75,0.12144
7792,7586.4,70433,33.878,430.65,377.08,0.066321
7794,7353.6,70331,31.976,622.27,246.57,0.43242
7794,7541,72390,27.918,293.26,211.68,0.16156
7796,6455.6,70006,32.992,698.64,600.49,0.07555
7796,9366.6,70219,26.301,312.76,242.73,0.12607
7798,6908.1,70228,25.272,528.69,343.5,0.21232
7799,8382.9,72476,26.39,848.32,439.72,0.31723
7800,6879,70370,32.25,262.06,149.88,0.27232
7801,7638.9,71897,31.791,398.51,242.34,0.24368
7801,8351.7,72573,29.897,337.63,190.73,0.27804
7802,8303,72510,16.46,547.26,192.84,0.47889
7802,9335.1,71186,24.795,366.7,136.97,0.45612
7803,9255.4,70051,14.628,1022.8,540.98,0.30812
7803,9276.2,71114,15.286,831.23,472.29,0.27536
7804,8357.4,71778,34.097,285.38,187.09,0.20804
7804,8389.3,72582,22.411,310.05,128.49,0.41401
7804,8577.6,69962,23.494,600.71,511.09,0.080607
7805,8454.6,72435,30.217,659.55,524.61,0.11396
7807,8265.3,72460,30.607,506.12,148.36,0.54664
7809,8333.8,72546,16.766,322.26,110.87,0.48806
7809,9052.8,69741,18.081,435.22,205.99,0.3575
7810,7583.4,70334,32.635,390.61,315.26,0.10674
7810,8328.2,72604,27.699,415.18,115.68,0.56418
7811,6488.8,71046,36.539,217.64,170.21,0.12229
7811,9413.1,70474,22.036,1260.7,1052.3,0.0901
7813,7618.4,70240,38.088,280.81,149.53,0.30505
7813,8197.9,72286,25.25,536.1,154.42,0.55275
7814,6842.7,71360,30.513,285.47,243.27,0.079808
7814,8208.9,72289,27.326,802.35,418.53,0.31438
7815,8428.3,72303,25.883,268.21,205.56,0.13223
7817,7055.8,72362,33.433,503.86,398.03,0.11734
7818,7560.2,71892,34.577,346.5,151.55,0.39143
7821,6773.1,71082,20.946,668.1,402.63,0.24793
7821,7627.1,70276,15.384,510.18,397.57,0.12405
7821,9068.8,72488,34.547,183.78,176.19,0.021065
7822,6731.4,71055,32.915,974.12,627.19,0.21666
7823,6614.4,70923,28.233,792.99,882.41,-0.053371
7823,6794.6,69816,33.323,507.85,357.98,0.17309
7823,8105,72585,31.564,438.49,333.8,0.13555
7823,9125.1,69738,26.855,249.31,156.21,0.22959
7824,6634.8,70670,38.443,436.07,426.36,0.011263
7824,7665.7,70310,13.191,456.57,176.09,0.44334
7824,8069.3,72507,34.226,240.53,251.99,-0.023265
7825,6712.3,70563,29.416,619.98,403.13,0.21195
7825,7753.6,70747,33.555,217.1,153.8,0.17066
7827,7594,70819,33.772,244.29,243.34,0.001934
7828,6526.4,69798,33.449,528.94,257.32,0.34545
7828,7274.3,71846,34.234,253.15,296.82,-0.079399
7829,6747.2,69786,14.933,1058.9,634.17,0.25085
7829,8133.8,72522,31.159,235.05,128.74,0.29224
7830,6681.1,69980,27.605,556.71,377.96,0.19125
7830,7872.8,70803,30.812,272.4,206.83,0.13682
7833,7577.3,70228,27.75,273.12,131.9,0.34868
7836,8705.7,71499,26.837,617.05,298.01,0.34865
7840,7480.2,70643,29.791,181.6,222.67,-0.10159
7840,9025.9,71584,34.297,566.09,465.3,0.097719
7841,9104.2,71687,39.369,354.44,251.64,0.16961
7842,6839.9,69854,26.234,360.53,130.8,0.46758
7842,7327.8,70308,40.515,295,316.83,-0.035679
7844,6912.8,72709,27.73,422.53,364.32,0.073978
7846,7607.5,70347,19.714,357.77,340,0.025478
7846,8247.4,71085,31.611,244.21,128.37,0.31093
7846,8251.9,72332,28.618,487.95,333.71,0.18772
7847,7551,70326,16.88,304.04,280.73,0.039859
7848,8410.2,70000,26.388,288.03,195.22,0.19206
7849,7651.4,70204,31.448,292.26,199.68,0.1882
7849,8406.6,69843,34.603,363.93,497.45,-0.15501
7850,6840.1,69826,35.576,317.96,147.04,0.36758
7850,8382,69899,26.3,351.29,334.8,0.024023
7851,8540.6,69971,27.408,511.15,273.1,0.30354
7852,7839.7,70893,26.773,755.34,603.52,0.11173
7852,8648.2,69807,34.924,482.93,254.87,0.30911
7853,8776.9,69863,28.16,979.08,356.47,0.46618
7854,7443.5,71450,33.77,393.09,350.09,0.057863
7854,8751.3,69922,29.689,841.68,328.75,0.43824
7855,7944.6,72435,29.501,894.53,792.95,0.060199
7855,8713.7,69944,27.642,836.37,406.18,0.34621
7855,8777.2,70916,33.9,492.04,506.11,-0.0141
7856,7628.9,71489,33.893,178.35,156.84,0.064175
7856,8820.8,70008,26.533,847.33,349.26,0.41624
7858,7785.6,70479,30.699,227.11,168.66,0.14766
7858,8996.7,72687,31.698,265.54,261.98,0.0067511
7858,9178.8,69858,25.755,1237.5,522.89,0.40594
7859,6616.8,72716,35.912,231.91,115.46,0.33524
7860,9060.2,69791,15.133,814.56,567.52,0.17874
7861,9021.5,70000,30.498,770.78,260.09,0.4954
7862,7866,72350,33.326,231.08,127.21,0.28989
7863,8882.6,72526,31.071,518.68,426.32,0.09774
7864,7823.5,70794,44.651,716.7,336.42,0.3611
7865,7627.7,70766,26.751,733.58,349.98,0.35402
7866,7788.1,70759,32.591,610.93,332.08,0.2957
7866,8847.1,72130,22.702,301.41,232.8,0.12843
7866,8995.5,70242,22.192,607.14,299.97,0.33862
7867,7345.7,69812,40.434,387.15,182.4,0.3595
7869,6726.7,70266,28.247,417.52,175.18,0.40888
7869,9150.3,71695,34.224,242.21,247.31,-0.010428
7870,6746.6,69903,23.893,579.97,127.19,0.64028
7872,7002.4,70241,32.744,963.86,545.58,0.27711
7875,8716.8,72388,35.316,492.89,629.77,-0.12192
7876,6556.9,71045,28.104,574.46,284.53,0.33753
7876,9270.7,69878,28.55,370.35,146.82,0.43223
7877,6558,70564,22.628,261.35,175.64,0.19615
7877,7001.3,72042,33.922,159.68,196.3,-0.10287
7877,8890,71196,35.777,262.23,203.17,0.12691
7879,7824.4,70760,35.235,292.95,224.51,0.13225
7881,8494.3,71474,35.437,352.48,191.67,0.29551
7882,6447.5,69938,18.576,515.03,402.54,0.12259
7883,8461.9,71361,32.642,288.31,108.87,0.4518
7883,9162.3,70373,28.785,818.43,526.44,0.21711
7884,6650.6,69857,21.232,514.8,196.68,0.44713
7887,6777.1,70118,34.319,348.55,377.3,-0.039614
7887,7857.2,70855,24.368,261.74,109.13,0.4115
7888,6866.1,69868,23.416,248.85,106.93,0.39888
7888,9229.2,70076,24.232,538.35,223.84,0.41264
7889,7571.6,70271,17.014,332.12,212.16,0.2204
7890,7629.7,70236,26.011,217.44,200.53,0.04046
7891,7646.4,70288,12.695,679.53,465.51,0.18691
7892,6772.1,69822,23.435,1632.1,1118.7,0.18665
7892,7612.8,70339,12.917,945.99,612.59,0.21392
7895,9284.1,71760,37.576,290.75,136.84,0.35993
7897,8152.8,70965,32.001,221.89,119.82,0.29872
7898,7447.5,70514,36.398,446.2,195.62,0.39043
7900,6932.8,70055,30.087,358.32,395.58,-0.049416
7900,7135.4,71960,30.329,330.51,213.07,0.21604
7900,9322.1,71244,26.109,258.09,241.11,0.034023
7901,6951.2,69919,34.946,343.27,299.01,0.068898
7902,6855.5,69796,25.254,397.44,188.17,0.35736
7902,8035.9,72351,31.256,501.19,488.64,0.012683
7902,9395.6,70202,34.188,273.21,129.11,0.35817
7903,6655.6,69806,19.896,659.13,439.2,0.20023
7903,6989.2,72077,21.995,877.06,571.79,0.2107
7904,6538.3,69950,25.018,187.41,214.92,-0.068356
7904,7713.5,72061,30.249,537.64,449.59,0.089187
7904,8243.7,70923,31.526,240.12,249.97,-0.020107
7904,9368.7,71824,29.319,824.44,776.89,0.029695
7906,7052.7,70224,31.108,660.4,176.24,0.57869
7906,8047.3,70949,20.772,642.55,368.73,0.27077
7906,9413.1,72056,36.802,229.59,228.94,0.0014218
7907,7758,70815,28.655,827.91,487.19,0.25909
7907,9156.6,71046,25.086,763.05,355.66,0.36416
7908,8440.9,70055,39.295,446.86,342.22,0.13261
7908,9000.8,71287,32.795,802.6,632.82,0.11828
7908,9391.9,70145,34.289,416.25,257.22,0.23614
7909,6897.7,70998,36,282.93,163.38,0.26787
7909,8867.2,70036,26.202,201.89,128.95,0.22049
7910,7606.2,70617,35.712,308.98,339.22,-0.046656
7911,7690,70392,17.844,807.06,601.54,0.1459
7911,7643.2,70707,27.092,634.85,481.28,0.13759
7912,7431,70389,30.083,247.8,279.67,-0.060418
7913,9173.4,72157,34.579,270.22,202.72,0.14273
7914,6525.3,69976,33.992,622.41,378.85,0.24325
7914,7007.9,70081,22.206,648.33,390.46,0.24824
7914,8533.7,70728,25.017,754.39,587.89,0.12404
7915,6512.4,72288,36.227,129.31,104.06,0.10823
7915,7622.5,70688,25.036,272.63,474.86,-0.27054
7916,6436.8,69908,28.962,259.56,243.72,0.031488
7916,7557.3,70465,24.6,315.4,308.32,0.011348
7917,8873.1,70340,24.024,535.54,282.66,0.30908
7918,6516.9,69919,34.512,224.7,127.37,0.27645
7918,7453.8,70487,33.426,282.15,264.95,0.031448
7918,8784.2,70330,34.999,530.09,340.48,0.21779
7919,7514.4,70666,36.785,304.06,204.44,0.19592
7919,8118.2,72563,33.727,136.96,127.49,0.035821
7920,8923.8,72491,36.805,243.94,312.83,-0.12373
7922,7524.8,71680,27.913,240.38,107.22,0.38308
7923,8021.8,70857,33.621,318.59,249.97,0.1207
7924,8112.9,70902,35.345,390.43,342.48,0.065418
7925,6999.9,71086,28.596,215.88,115.54,0.30278
7925,7088.6,69959,34.641,155.27,109.88,0.17115
7925,7861.5,72029,33.971,840.47,501.15,0.25292
7926,6604.8,69843,35.219,813.76,601.22,0.15021
7926,9035.9,72098,25.894,304.46,149.16,0.34236
7928,6487.3,70017,23.689,451.78,264.53,0.2614
7928,8249.7,71085,28.406,387.67,254.87,0.20667
7928,8966.6,71030,24.339,907.06,659.69,0.15789
7928,9137.8,72252,29.803,384.14,281.84,0.15361
7929,6608.7,70088,25.948,529.23,121.64,0.62622
7929,9027.7,70797,24.646,553.61,375.12,0.19218
7929,9161,72107,29.514,597,542.09,0.048203
7929,9359.5,70119,25.308,378.63,239.07,0.22592
7930,6457.1,69778,29.936,448.91,119.73,0.57888
7930,7661.4,70333,14.608,712.64,521.52,0.15486
7930,9135.6,69819,31.291,310.54,114.57,0.46097
7930,9194.9,72076,26.223,462.07,190.05,0.41714
7931,7530.2,70485,35.637,320.12,359.54,-0.057996
7932,6496.7,69950,14.651,666.94,407.08,0.24195
7932,9361.7,70319,26.325,441.04,274.1,0.23343
7934,9311.1,70730,36.94,233.78,364.91,-0.21903
7935,7648.3,70264,29.797,513.34,318.31,0.23451
7935,7651.5,70631,22.919,500.54,268.2,0.30224
7936,8535.8,70684,33.62,353.85,319.06,0.051707
7936,8583.1,70702,34.561,312.58,323.53,-0.017211
7937,6830.1,69928,28.315,673.86,446.54,0.20289
7937,7659.6,70567,24.349,673.21,747.77,-0.052468
7937,8701.7,70786,20.569,452.06,200.02,0.38651
7938,7494.7,70387,25.381,195.21,174.69,0.05548
7938,7812.7,72444,28.681,261.71,147.45,0.27926
7938,8710.6,70714,29.776,366.96,249.33,0.19088
7939,7567.5,70350,23.054,328.08,228.81,0.17826
7942,6881.2,69776,27.035,452.55,167.3,0.4602
7942,8982.6,70642,41.349,440.51,247.97,0.27966
7946,9374.6,70460,32.081,325.21,238.33,0.15417
7947,6454.8,69968,29.191,189.48,108.72,0.27082
7948,9151.8,70087,22.943,771.28,323.97,0.4084
7949,9213.3,69955,28.966,915.13,467.9,0.32337
7950,7650.4,70319,14.886,518.35,254.31,0.34173
7951,6776.3,69861,33.569,606.71,314.76,0.31684
7952,6962.5,69784,27.09,1069,680.77,0.22186
7953,6996.7,69821,30.504,541.8,425.96,0.11969
7953,9110.6,69815,26.022,368.22,188.17,0.32361
7955,7588.7,71553,35.214,524.28,211.1,0.42587
7955,8063.4,70983,38.038,267.26,232.88,0.068742
7955,9175.9,71383,43.991,829.58,346.89,0.41029
7956,7586,71526,36.598,404.77,208.33,0.3204
7956,8026.1,71005,28.551,704.56,326.18,0.3671
7956,9162,71256,23.276,896.14,528.74,0.25785
7958,6940.4,71881,33.83,748.08,603.55,0.10693
7958,7638.8,70724,13.419,1392.2,897.72,0.21593
7959,6561,71713,20.164,471.25,356.07,0.13922
7959,7618,70675,17.09,858.7,485.23,0.2779
7960,8770.8,70860,37.433,504.06,344.6,0.1879
7961,6998.4,69809,31.615,785.49,490.37,0.23132
7961,7875,70756,36.428,224.2,121.27,0.29795
7961,9077.8,72122,25.421,315.57,205,0.21242
7962,6589.2,69739,23.853,733.03,358.72,0.34286
7964,6917.5,69997,31.136,404.29,301.25,0.14604
7965,9097.6,69981,36.001,557.97,409.56,0.15339
7966,7770.6,70797,28.811,329.7,266.11,0.10673
7967,7489,70703,20.132,431.62,354.84,0.097628
7970,6634.7,69741,35.308,344.81,129.8,0.45302
7970,7630.4,70709,32.73,199.82,102.96,0.31989
7971,7682.6,70762,23.043,339.72,123.34,0.4673
7971,8011.1,72452,28.381,277.97,154.17,0.28649
7972,7893.6,72390,32.622,354.11,222.37,0.22853
7973,6827.3,70490,23.122,451.62,371.67,0.097116
7973,8834,72092,31.483,478.86,157.94,0.50395
7975,8631.9,69968,33.343,309.81,294.88,0.02469
7976,6666.2,70443,29.583,1104.6,793.95,0.1636
7976,9048.4,70483,31.411,469.47,299.52,0.221
7977,9342.2,70376,28.813,719.17,381.44,0.30686
7980,9106.7,69814,17.161,494.38,419.48,0.081961
7981,9077.4,70098,28.823,543.1,295.63,0.29506
7982,8563.2,71572,32.385,480.58,376.21,0.12182
7983,8872.6,71190,30.759,230.25,119.35,0.31721
7985,7618.5,70658,32.4,168.56,186.06,-0.049336
7986,9243.2,71160,31.753,672.82,423.8,0.22709
7987,6787.2,70033,23.166,351.87,327.46,0.035941
7987,8067.6,72510,35.111,769.1,431.21,0.28151
7988,6566.2,70003,24.016,1018.7,566.54,0.28521
7988,8068.7,72401,27.059,557.18,248.23,0.3836
7988,9324.7,71175,26.434,707,305.13,0.39705
7989,6424.1,69915,25.654,839.85,454.6,0.29762
7989,9330.2,71141,34.819,574.53,262.79,0.37231
7994,9267.2,71284,27.839,717.03,659.88,0.041501
7995,7929.2,72093,34.723,564.32,306.08,0.29669
7997,7702.4,70354,15.794,811.65,496.24,0.24116
7998,9222.2,69994,25.149,583.15,470.16,0.10727
7999,7665.4,70334,22.587,714.61,418.85,0.26094
8000,7573.2,70357,27.973,745.6,651.26,0.067539
8000,8075.7,72464,34.084,185.98,270.22,-0.18466
8004,7066.3,70540,31.703,761.69,378.09,0.33656
8005,7380.1,70475,38.207,183.52,172.8,0.030091
8007,6571.7,70697,23.747,578.83,364.72,0.22692
8010,7508.3,70412,40.265,579.68,379.27,0.20899
8010,9223.2,72037,31.988,271.41,148.27,0.29341
8011,9390.1,71879,29.245,884.03,296.72,0.4974
8012,7635.5,70627,29.679,430.03,217.86,0.32747
8012,8936.7,69806,26.15,328.25,115.38,0.47983
8013,7542.2,70748,25.829,415.92,253.43,0.24276
8013,8850.9,70102,33.308,234.64,273.23,-0.075971
8013,9336.8,70947,27.595,321.45,289.75,0.051866
8014,7111.8,69787,31.306,240.81,101.42,0.40731
8015,7605.3,70690,23.243,1000,780.04,0.12357
8017,7691.2,70646,28.672,481.07,357.34,0.14759
8018,7548.6,70572,24.561,536.59,390.83,0.15717
8019,6583.2,70881,33.56,457.83,245.92,0.30111
8019,7609.1,70731,22.076,683.38,477.98,0.17686
8019,9187.7,69881,18.067,656.51,333.38,0.32643
8019,9200.6,70833,36.38,414.66,245.56,0.25613
8020,6603,70768,22.458,512.99,130.11,0.59537
8021,6646.6,70753,33.657,715.76,457.33,0.2203
8021,7552.4,70339,19.001,800.01,448.86,0.28118
8022,8140,72666,39.357,486.82,271.35,0.28419
8023,7464.7,70561,27.603,507.56,308.05,0.24461
8024,7566.8,70470,17.813,692.76,470.5,0.19107
8025,7344.5,70419,30.977,668.59,353.95,0.3077
8026,6447.2,69893,26.503,660.75,528.58,0.11112
8026,7503.1,70292,27.385,481.23,189.19,0.43561
8027,8672.9,70554,38.266,361,108.85,0.53666
8030,8463.4,71325,32.244,365.82,232.46,0.2229
8030,8751.8,70237,35.398,239.44,194.12,0.10454
8031,8023.5,70954,27.65,681.56,558.65,0.099103
8031,8563,70023,29.295,388.62,225.8,0.26499
8032,6838.3,70325,28.779,291.94,255.38,0.066793
8032,8456.7,70211,30.599,508.58,161.81,0.51726
8033,8504.9,71790,32.793,272.86,309.1,-0.06227
8034,6974.6,70011,24.685,389.32,150.82,0.44157
8034,7950.3,71003,37.298,351.23,249.21,0.16991
8034,8600.1,70911,33.981,576.64,334.06,0.26637
8035,7650.8,70733,31.554,180.46,182.54,-0.0057416
8035,8536.2,71996,14.872,380.2,306.68,0.10704
8036,6929,70121,21.08,546.44,280.59,0.32146
8036,8557.6,72057,25.146,319.36,417.51,-0.1332
8037,6751.4,70534,36.332,489.88,179.1,0.46456
8037,6957.4,70100,32.369,709.4,575.04,0.1046
8037,7483.8,70678,35.95,307,300.96,0.0099338
8039,7797.4,70734,32.637,176.1,283.25,-0.23326
8040,7656.7,70508,26.178,587.24,594.78,-0.0063823
8041,7644.6,70641,23.47,522.92,459.82,0.064206
8042,7630.4,70622,26.475,434.82,336.95,0.12682
8042,7668.9,70745,32.108,360.27,281.43,0.12286
8043,7650.1,70636,21.001,384.52,320.64,0.090599
8044,7631,70661,23.072,470.49,249.02,0.3078
8045,7689.6,70683,20.225,795.09,629.86,0.11595
8045,8161.8,71514,34.288,228.62,159.4,0.17838
8045,9265.8,70515,36.746,139.51,125.67,0.052182
8046,6852.6,70405,20.513,707.31,428.6,0.24537
8046,7626.2,70499,27.134,845.95,569.82,0.19504
8047,7611,70550,23.598,462.35,247.98,0.30179
8048,7696.2,70456,30.319,793.46,307.86,0.44092
8048,8398.5,71684,32.578,448.64,279.5,0.23229
8048,9242.8,69951,33.97,276.89,146.74,0.30722
8049,6808.9,69834,35.034,407.36,230.99,0.27629
8049,9339.8,69858,33.783,301.51,237.31,0.11915
8050,6961.6,70066,26.794,274.46,175.47,0.22002
8050,8721.9,71361,28.113,170.93,171.31,-0.0010984
8050,9150,69795,24.745,516.56,377.04,0.15613
8051,8913.1,71137,33.383,388.67,183.9,0.35763
8053,7943,70805,28.78,705.32,248.92,0.47829
8056,6795.9,70051,25.506,764,282.02,0.46077
8058,6549.6,70666,29.096,303.2,274.95,0.048851
8063,6925.1,71894,33.282,431.42,302.2,0.17613
8065,7825.4,70301,33.734,229.95,155.42,0.19341
8068,8182.8,70864,33.795,456.04,177.7,0.4392
8068,9400.2,71242,33.658,448.03,372.99,0.091397
8069,9058.9,72468,34.579,669.57,620.19,0.038283
8070,8110.6,70941,38.757,203.16,149.99,0.15056
8071,8702.1,69747,22.926,426.25,279.79,0.20743
8073,8106.7,70956,26.285,453.14,311.36,0.18546
8073,8983.8,70294,31.405,382.19,186.22,0.34476
8074,6541.8,70585,23.308,313.68,105.04,0.49827
8075,6441.6,70460,30.343,616.15,467.05,0.13766
8077,6896.2,69959,34.073,355.81,306.42,0.074585
8078,8504.7,70529,30.316,536.71,291.62,0.29589
8078,8933.9,70287,34.327,587.72,560.48,0.023725
8080,8189.3,71077,33.706,601.97,480.31,0.11241
8081,8268.7,71045,31.166,527.11,402.95,0.13349
8082,6635.2,69877,14.467,762.84,473.44,0.23409
8082,9185.2,71118,31.98,431.29,124,0.55339
8083,6653.6,69837,12.82,653.51,283.96,0.39419
8083,6801.3,72066,38.136,199.45,216.01,-0.039867
8084,6539.2,69822,15.912,607.83,326.98,0.30044
8084,7739.5,70271,36.168,411.97,442.11,-0.035283
8084,8694.2,70648,23.882,635.21,509.28,0.11003
8085,7070.9,72661,37.399,377.72,433.13,-0.068326
8085,7670.6,70264,25.393,261.33,167.72,0.21816
8085,7950.4,70957,32.31,304.22,296.87,0.012225
8085,8325.2,72383,30.217,380.33,197.71,0.31594
8085,8594.3,70655,22.469,318.95,162.4,0.32523
8087,6998.4,72531,39.273,233.82,261.25,-0.055422
8087,8125,72243,33.868,992.13,482.7,0.34542
8090,7556.1,70231,21.565,345.87,237.99,0.18477
8092,8811.7,71006,27.222,374.99,164.04,0.39135
8093,6905.4,70350,36.161,367.71,206.24,0.28134
8093,9055.6,71760,33.1,220.65,203.26,0.041006
8093,9283.5,70285,28.66,653.5,372.7,0.27364
8094,7724.2,72253,28.294,415.63,233.46,0.28066
8094,9065,72131,34.722,500.18,480.4,0.020175
8095,8257.8,69949,35.019,314.86,235.43,0.14434
8096,7084.2,72718,30.618,299.82,211.2,0.17343
8096,9311.5,69879,24.7,348.33,145.31,0.41127
8097,6510,69872,24.723,320.18,295.88,0.039455
8097,7649.5,71589,33.584,460.71,273.09,0.25568
8098,6470.9,69939,28.086,400.05,365.59,0.045004
8098,7673.5,71641,32.023,713.47,620.35,0.069808
8099,6610.7,69914,21.771,587.79,428.93,0.15624
8100,9318.4,71050,32.481,317.54,182.87,0.26914
8101,9213.5,71859,28.671,389.39,176.85,0.37536
8104,6990.3,71910,26.739,220.48,147.18,0.19937
8106,9103.4,71942,33.06,394.73,458.01,-0.074214
8107,6437.6,69916,27.757,564.56,427.53,0.13813
8107,8013.4,72245,22.16,598.95,223.29,0.45686
8109,9362.2,69887,24.714,246.28,198.77,0.10675
8110,6679.9,69958,25.812,323.96,149.25,0.3692
8110,8003.4,72304,33.418,284.59,123.97,0.39313
8114,6544,70596,30.79,491.51,296.55,0.24739
8114,6967.2,71724,38.369,250.53,141.15,0.27926
8114,8911.7,70940,36.771,347.26,219.7,0.225
8116,6988.3,71321,38.979,199.38,141.16,0.17099
8120,9292.2,69927,35.161,555,272.62,0.34119
8122,9398.1,70075,37.103,270.03,174.89,0.21383
8123,8049.1,70910,30.32,331.74,108.2,0.50812
8124,9104.5,71971,29.083,348.41,253.86,0.15699
8124,9308.1,70320,24.219,431.64,191.41,0.38556
8125,9231.9,69771,20.376,712.75,205.67,0.55213
8128,7068.3,71981,29.219,399.33,232.63,0.2638
8128,7360.1,71520,33.968,208.69,124.39,0.25309
8129,7672.9,70740,25.152,759.08,414.66,0.29343
8131,7057.3,69841,33.435,334.09,147.18,0.38838
8131,8867.7,70742,28.12,564.22,162.19,0.55344
8132,6922.7,69962,25.164,409.11,276.9,0.19273
8134,8599.8,70501,37.268,287.73,250.5,0.069166
8139,8666.8,70043,34.355,157.46,257,-0.24017
8140,7945.1,72169,32.954,444.75,457.75,-0.014415
8140,8602.6,70041,34.965,232.55,454.34,-0.32289
8141,8587.4,70108,25.387,293.83,206.29,0.17503
8145,9087.9,69828,24.391,351.04,184.67,0.31056
8145,9270.4,70888,36.656,525.13,485.97,0.038729
8146,9156.2,69787,21.843,432.1,227.62,0.30995
8149,7107.9,70599,35.121,301.58,316.35,-0.0239
8149,7958.7,72190,33.752,223.78,205.58,0.042401
8149,9201.1,70714,33.223,519.34,446.31,0.075623
8152,8943.9,71361,31.554,379.21,265.21,0.17691
8153,6883,70624,32.735,844.51,554.6,0.20721
8154,6702.7,70482,23.585,705.91,562.93,0.11268
8159,6996.3,70275,34.905,399.12,122.17,0.53127
8161,7565.1,70364,35.169,364.76,228.82,0.229
8162,6747.6,70002,26.709,347.57,197.43,0.2755
8162,9126.3,69853,20.782,1037,772.93,0.14591
8163,6840.9,69971,19.987,294.37,113.39,0.44385
8163,7702.2,70757,22.871,473.38,238.17,0.33055
8163,9176.3,69733,24.029,1074.8,542.94,0.32876
8164,6892.8,70005,36.264,282.41,176.14,0.23175
8164,7687.7,70821,32.646,247.5,116.54,0.35973
8164,9245.7,69729,20.872,574.64,413.27,0.16335
8165,6817.4,69872,19.346,577.06,241.35,0.4102
8165,9250.8,69729,15.937,444.61,386.56,0.069848
8166,7584.2,70632,30.036,366.87,298.67,0.10248
8166,8675.6,70690,33.52,176.15,132.83,0.14021
8170,7739.7,70365,41.386,430.21,294.49,0.18728
8171,7845.4,72373,35.605,346.55,305.92,0.062268
8172,6933.3,69951,31.932,395.99,248.32,0.2292
8172,9210.7,69957,29.49,348,288.7,0.093149
8173,6488.6,71703,29.402,370.97,343.24,0.038823
8174,7709.5,70806,26.566,334.01,226.94,0.19088
8174,9058.8,72127,34.103,384.03,339.16,0.062042
8175,7070.7,69945,29.898,665.79,309.62,0.36515
8177,8679.7,70444,36.657,392.46,347.26,0.061107
8178,6520.2,69953,35.332,529.73,574.3,-0.040369
8179,6974.7,71541,30.383,315.37,136.66,0.39536
8179,8091,72466,24.77,943.76,496.33,0.3107
8180,8079.5,72255,30.97,556.94,338.97,0.24329
8181,6469.4,71909,33.216,403.44,224.31,0.28535
8181,6502.9,69854,23.883,883.39,436.25,0.33883
8181,6949.9,69837,30.83,514.52,393.04,0.13385
8181,7130,71328,32.695,331.6,449.81,-0.15128
8182,6496.4,71046,35.179,168.03,128.77,0.1323
8182,7893,72342,36.225,335.27,218.73,0.21035
8183,6472.2,70827,20.772,234.93,165.52,0.17334
8183,7835.5,70345,23.862,897.53,661.24,0.15159
8183,7923.5,72345,23.095,714.21,489.95,0.18624
8185,6539,69756,27.191,896.04,417.47,0.36434
8187,8094.3,72191,31.216,235.37,126.86,0.29958
8188,6498.6,69874,19.643,764.81,269.62,0.4787
8189,6904.9,69803,33.633,307.41,238.11,0.12704
8191,6657.9,69912,19.411,420.06,220.54,0.31145
8191,8068.1,72493,22.778,984.35,644.57,0.20859
8191,8986.9,72620,37.845,301.67,147.63,0.34283
8191,9170.1,70119,33.861,559.76,156.86,0.56222
8192,7736.6,70785,24.99,407.75,133.84,0.50575
8193,7716.2,70794,20.733,1085.3,369.12,0.4924
8194,8052.8,72047,33.842,309.42,342.57,-0.050842
8194,8039.1,72601,38.096,350.41,350.88,-0.00067472
8194,8512.7,70313,30.276,730.29,246.55,0.49521
8195,9111.7,71967,26.53,583.54,219.3,0.45369
8196,8887.1,71830,42.621,486.81,228.73,0.36068
8198,6577,70299,28.925,724.2,416.37,0.26989
8198,8030.5,72137,36.227,244.68,277.54,-0.062914
8201,8956.3,71114,23.403,677.98,155.55,0.62676
8203,7582.8,70261,16.904,342.84,198.33,0.26704
8205,6717.9,70107,34.826,734.83,409.72,0.28405
8206,6663.6,69842,18.045,388.25,206.28,0.30608
8207,7168,70516,31.926,463.34,334.67,0.16123
8207,8819.3,71731,29.431,557.59,389.93,0.17694
8208,7477.6,70615,46.546,410.95,246.27,0.25056
8210,7635.8,70361,25.29,316.77,204.68,0.21495
8210,8520.6,69822,30.544,257.88,159.2,0.23658
8211,6589.1,69928,29.625,384.89,129.65,0.49604
8212,6560.5,70155,30.246,458.83,388.83,0.082582
8213,6551.6,69958,23.624,290.62,260.26,0.05511
8214,6691.3,70037,15.922,916.38,775.75,0.083113
8215,6651,70068,27.467,718.22,541.68,0.14013
8215,7398.6,70545,32.184,306.66,216.74,0.17179
8216,6552.9,70001,21.983,523.16,407.59,0.12417
8216,8249.1,69759,32.901,632.21,645.57,-0.010458
8217,6686.8,70072,23.344,986.73,807.09,0.10014
8217,7435.6,70528,32.939,218.82,146.8,0.19696
8217,9091.9,69732,31.719,247.81,113.83,0.37047
8219,7664.7,70400,14.633,1207,964.82,0.11151
8220,7813.1,70392,26.695,520.35,452.93,0.069279
8221,6642.4,70242,40.371,219.37,133.87,0.24204
8221,7008.3,69742,30.282,212.87,111.12,0.31403
8222,6756.8,69832,24.22,863.4,326.45,0.45128
8222,9262.6,70233,28.407,514.85,269.49,0.31282
8223,6661.1,69951,19.052,958.04,464.02,0.3474
8224,6667.8,70001,25.002,425.49,164.87,0.44145
8228,7600.2,72421,34.477,385.59,299.9,0.125
8230,6780.6,70502,36.542,188.62,161.75,0.076689
8230,8194.6,70865,34.074,346.67,396.24,-0.066729
8231,6779,70635,30.675,412.42,455.68,-0.049842
8231,6862,70334,31.189,268.25,269.16,-0.0016943
8231,7573.7,71388,38.635,356.46,300.98,0.084377
8234,8817.1,71098,33.727,523.39,319.11,0.24248
8235,7589.9,70301,16.708,492.33,434.7,0.062169
8235,8106.3,72630,35.839,177.68,159.59,0.053649
8236,7579.1,70291,17.34,1110,853.65,0.13056
8236,8989,70715,34.126,791.64,556.94,0.17404
8237,6734.7,69937,21.399,531.95,243.87,0.37132
8237,8738.5,71044,29.24,443.67,541.99,-0.099748
8237,8857.8,70521,30.926,215.37,206.26,0.021613
8238,6532.2,69813,20.255,403.89,251.55,0.23242
8238,8723.2,70977,39.283,368.52,424.14,-0.070159
8241,7553.4,70649,41.932,303.01,254,0.087987
8242,8913.2,69759,23.577,741.08,250.65,0.49452
8242,8964.1,71099,37.74,284.59,132.73,0.36389
8243,8166.6,71401,33.751,325.2,134.51,0.4148
8247,7683.6,70361,22.515,615.14,423.69,0.1843
8249,7773.3,70328,40.109,260.12,528.46,-0.34028
8252,6450.8,70864,28.144,520.76,303.96,0.26288
8252,9342.8,70120,36.34,276.19,137.71,0.33458
8254,6591.9,70800,31.255,703.23,215.35,0.53113
8254,8316.9,72592,36.564,350.33,168.9,0.34941
8255,6619.9,71601,31.886,340.87,204.52,0.25
8255,8085.4,72644,37.768,848.79,839.24,0.005654
8256,8985,72318,29,457.24,284.5,0.23289
8257,9111.9,72020,22.764,637.29,429.12,0.1952
8258,9040.6,71881,38.456,362.32,184.94,0.32413
8261,6540.1,69788,20.32,628.65,184.65,0.54591
8267,7641.6,71915,37.625,167.23,189.43,-0.062239
8267,8871.6,70052,30.834,648.34,429.01,0.20358
8268,7109.7,69886,31.513,271.38,143.11,0.30945
8274,8161.3,70989,24.002,960.95,675.91,0.17414
8275,6874.2,70230,31.867,334.03,153.67,0.36982
8277,8064.6,69753,31.316,209.35,203.66,0.013766
8277,9126.5,71064,40.784,681.5,300.87,0.38746
8279,6904.4,70022,23.388,448.42,399.9,0.057189
8280,6941.2,70085,25.695,409.34,407.62,0.0021088
8280,8910.4,72165,33.965,494.83,225.87,0.37319
8281,9292.5,70536,34.951,228.64,160.13,0.17624
8282,9235.2,70103,29.474,332.68,239.77,0.1623
8283,6581.7,69988,29.826,175.06,497.81,-0.47966
8283,8829.1,70996,35.217,265.27,161.64,0.24273
8284,7670.7,70735,18.794,459.3,346.46,0.14004
8285,7705.3,70748,12.439,1042.6,451.01,0.39609
8286,7709.3,70735,14.527,887.91,524.53,0.25727
8290,9339.1,69788,30.492,438.78,151.74,0.48609
8293,6522.5,70358,29.099,227.21,251.11,-0.049976
8293,7620.9,70347,17.422,447.96,253.56,0.27712
8293,9159,70061,32.941,665.8,422.39,0.22369
8294,9104.6,69959,20.379,642.98,544.68,0.082766
8295,7803.6,70812,38.9,412.37,289.75,0.17464
8295,9228,69960,32.828,787.56,503.09,0.22041
8297,7854.7,70535,35.968,573.2,606.68,-0.028373
8298,8097.8,71025,27.584,522.08,314.3,0.24843
8298,7949.3,72129,33.568,411.63,393.3,0.022769
8299,6862.9,72699,30.058,108.09,468.88,-0.62533
8299,7923.3,71023,28.738,504.17,295.35,0.26119
8299,9091.8,69975,36.872,238.21,222.4,0.034316
8300,7926.8,72408,29.258,279.6,135.7,0.34649
8304,7397.1,72649,38.917,182.61,221.91,-0.097149
8305,6768.5,70909,36.937,201.93,246.76,-0.099918
8305,7617,70697,33.759,514.45,371.5,0.16136
8308,6635.3,70706,37.171,294.24,112.13,0.44813
8308,9164.6,70908,25.47,346.5,178.44,0.32014
8309,7607.2,70267,28.698,566.19,240.14,0.40436
8311,7651.8,70243,28.32,588.59,379.47,0.21602
8311,8223.5,72472,18.873,911.3,906.94,0.0024014
8312,7721.9,70298,30.322,854.42,759.62,0.058733
8313,7708.7,70689,33.145,222.83,101.02,0.37612
8313,9283.7,70158,22.273,597.56,389.43,0.21088
8314,6600.6,69869,31.801,327.01,335.31,-0.012528
8314,9290,70952,36.756,601.73,420.1,0.17775
8314,9354.4,70129,19.412,680.92,429.87,0.22601
8315,6854,69978,23.506,425.88,266.94,0.22941
8315,7521.5,70376,31.625,510.36,351.98,0.18366
8316,7747.7,70386,28.767,540.07,291.43,0.29902
8317,9237.3,70051,25.268,865.81,454.39,0.31163
8319,9113.7,69763,24.813,412.71,178.64,0.39581
8320,9180.2,69796,25.709,605.77,235.3,0.44047
8321,7785.8,72467,35.505,158.96,202.07,-0.11941
8322,8849.1,71056,36.947,236.81,211.45,0.056571
8322,9140.9,72658,28.473,615.04,330.47,0.30097
8325,8950.9,70142,23.649,677.25,356.43,0.31036
8326,9155.5,69947,28.118,776.94,262.9,0.49435
8326,9158.2,69946,28.422,782.13,265.15,0.49364
8329,7247.8,72238,33.712,180.02,134.19,0.14587
8330,7629.4,70621,28.252,278.56,138.83,0.33478
8332,7677,70621,31.27,493.86,348.22,0.17295
8335,7780.6,70281,37.562,194.05,136.68,0.17345
8341,7420.9,70534,29.867,268.58,126.56,0.3594
8343,8667.1,70189,28.82,196.07,150.52,0.13142
8345,7439.9,70616,35.726,283.77,269.14,0.026459
8345,7504.5,71316,32.99,138.36,107.72,0.12452
8345,9190,71849,30.66,319.15,159.9,0.33243
8346,8900.5,72704,36.017,344.77,184.74,0.30224
8346,9349.9,71867,35.479,562.65,314.78,0.28249
8347,8128.8,72452,28.525,466.75,111.17,0.61526
8349,6670.7,70854,28.607,512.69,190.15,0.45891
8350,8618.8,70499,34.64,198.73,256.68,-0.12725
8350,8974.4,71745,31.893,238.48,140.37,0.25897
8354,8273.2,70859,25.538,869.07,701.89,0.10642
8354,9240,70045,28.547,568.61,496.88,0.067325
8355,9000.9,70299,37.408,269.53,331.43,-0.10299
8357,9336.2,71064,27.642,465.48,464.67,0.00086915
8362,9283.1,70126,31.138,644.61,406.17,0.22691
8363,9206,69888,21.79,305,141.71,0.36554
8364,9297.9,70582,25.633,297.52,205.89,0.18202
8368,6512.9,69890,14.543,531.67,252.04,0.35679
8369,7690.5,70920,31.601,758.66,712.5,0.031377
8369,8470.2,70492,37.035,301.18,305.81,-0.007632
8371,7398.2,70657,32.187,299.07,142.07,0.35591
8371,7913.1,70899,29.925,459.64,406.62,0.0612
8373,9318.1,71074,34.643,452.09,252.26,0.28371
8375,7712.3,70332,26.463,658.18,702.15,-0.03232
8375,9189.1,70543,28.504,371.39,239.86,0.21517
8376,6746.8,69818,16.323,1305.6,680.19,0.31494
8376,9296.8,70536,28.644,456.41,261.52,0.27146
8377,6608.4,69974,11.745,1130.5,513.94,0.37494
8378,6507.7,70595,30.108,419.7,116.46,0.56559
8378,8831.8,71018,37.499,343.2,265.69,0.12729
8379,8524,70943,35.341,233.97,182.49,0.12362
8382,7457.5,71459,33.065,190.55,189.71,0.002189
8384,6804.4,69795,25.646,463.99,331.27,0.16688
8386,7268,72359,35.568,323.27,211.48,0.20904
8387,7406.4,72515,29.888,211.31,143.37,0.19155
8388,8618.7,72208,35.754,208.13,185.77,0.056769
8389,8591.3,69837,36.614,228.97,268.8,-0.080014
8390,6627.1,70596,35.249,206.47,125.14,0.24527
8391,8480.9,69776,34.543,429.68,254.01,0.25695
8395,8639.8,69874,38.241,558.47,394.75,0.17175
8397,8804.9,70030,29.786,662.97,390.14,0.25907
8399,6508.4,70044,32.8,455.51,330.34,0.15929
8399,9048.8,70070,29.936,739.61,398.46,0.29976
8401,9334.5,70998,33.621,414.61,300.43,0.15968
8402,8351.6,71059,37.389,129.11,247.34,-0.31406
8402,8953.7,69994,34.053,570.18,184.47,0.5111
8408,9205.2,70006,32.278,682.73,336.89,0.33919
8409,9213,70044,34.808,321.79,252.79,0.12009
8410,7728.6,70354,29.227,366.12,327.82,0.055192
8412,9211.1,69762,27.685,503.11,468.87,0.035225
8413,7721,70258,21.439,466.67,282.14,0.24643
8413,8140.1,70944,34.474,648.95,535.62,0.095666
8414,8316.6,70947,22.135,506.08,277.45,0.2918
8414,8949.9,72192,35.981,856.26,472.75,0.28857
8414,8945,72375,33.564,797,628.78,0.11799
8415,6706.2,72127,36.608,417.39,282.73,0.19234
8421,7798.5,70709,36.061,629.61,310.14,0.33995
8421,8420.3,70473,37.077,287.64,109.15,0.44983
8422,7697.5,70681,33.626,266.42,447.28,-0.25341
8422,8472.6,71536,37.018,218.03,204.36,0.032367
8422,9100.2,71826,27.738,265.96,132.2,0.33596
8424,7669.1,70650,29.002,303.48,385.37,-0.11888
8426,9350.7,71842,32.414,572.73,344.2,0.24923
8427,9168,70144,25.085,272.91,117.73,0.39725
8428,6844.6,69794,30.346,660.19,273.68,0.41388
8428,7697.7,70520,38.958,580.14,313.74,0.29803
8429,6939,69795,31.371,300.95,181,0.24889
8429,6886.7,72138,36.743,314.08,147.05,0.36224
8429,9175.1,70660,32.386,329.43,206.87,0.22854
8429,9285.8,69961,35.706,261.37,337.05,-0.12647
8430,6830.4,70031,32.638,425.99,192.7,0.37707
8430,7580.1,70648,19.414,398.55,440.54,-0.050041
8430,9255.6,70615,30.868,427.12,253.54,0.25501
8433,6427.5,70069,32.101,182.19,114.61,0.22772
8433,9334.1,71828,28.442,507.39,281.69,0.28603
8434,7760.6,70718,36.988,350.82,212.14,0.24633
8435,6600.4,69988,32.89,620.71,430.43,0.18103
8436,7608.3,70709,27.467,266.71,111.55,0.41021
8439,8101.8,72524,32.442,422.35,108.03,0.59262
8439,8511.6,71705,32.263,167.54,150.44,0.053763
8441,6441.3,70782,33.076,383.21,129.5,0.49484
8442,9332,70020,27.438,267.9,132.62,0.33777
8444,6496.7,70519,30.544,501.1,187.63,0.45515
8444,8105.2,70930,26.555,185.53,197.73,-0.031831
8445,6755.4,72142,36.871,667.51,418.28,0.22954
8446,6435.3,72037,26.146,489.42,250.11,0.3236
8446,9010.6,72114,29.171,223.13,176.08,0.11787
8449,6588.8,69976,28.683,289.2,225.38,0.12402
8449,9080,72697,30.02,301.35,242.93,0.10733
8451,7764.1,72407,20.001,423.92,316.44,0.14517
8452,7862.5,72351,36.881,758.96,383.44,0.32871
8457,6481.1,71895,36.024,242.99,107.54,0.38641
8457,7635.4,70373,33.071,321.67,217.75,0.19266
8461,8155.4,72379,31.567,388.64,337.54,0.070369
8462,7679.7,70693,34.728,308.74,103,0.49967
8462,8112.7,72366,27.112,442.9,399.67,0.051313
8463,9264.9,70844,25.978,619.46,503.06,0.10369
8464,6604.8,70451,39.278,449.24,401.45,0.056173
8467,7612.2,70294,19.987,408.5,200.75,0.341
8469,8231.1,71005,30.523,345.82,194.1,0.281
8470,6631.9,69984,29.301,327.01,290.97,0.058317
8470,8526.9,70569,35.451,276.63,151.03,0.2937
8471,6511.5,69956,16.44,430.36,350.87,0.10175
8471,7713.6,70303,18.65,318.13,219.57,0.18332
8472,7721.7,70270,36.409,520.75,426.84,0.099113
8475,6838.5,70068,26.874,1376.9,987.52,0.16469
8476,8604.8,70370,35.481,211.26,411.84,-0.3219
8477,6689.5,69940,34.998,599.79,253.47,0.40588
8477,7481.6,70420,24.152,591.44,473.18,0.11108
8478,7105.3,72715,34.116,591.18,666.26,-0.059708
8478,9036.9,71842,35.424,154.29,126.02,0.10086
8481,7680.8,70754,37.33,459.76,516.22,-0.057844
8482,6512.7,69907,30.499,181.35,204.73,-0.060557
8484,6491.1,72642,27.664,447.76,235.53,0.3106
8484,7586.3,70542,23.773,454.12,354.03,0.12385
8485,7692.4,70514,24.518,338.61,192.25,0.27572
8486,8826,70665,33.732,357.54,231.71,0.21355
8487,6829.7,70205,30.974,577.81,270.15,0.36283
8487,7500.7,70454,24.447,701.28,354.05,0.32902
8487,9273,70205,27.115,383.66,339.71,0.060758
8488,7495.6,70451,30.751,401.07,375.51,0.032916
8488,8721.9,71183,33.682,400.04,159.96,0.4287
8489,7637.3,70439,30.774,640.6,181.75,0.55798
8490,7722.1,70293,30.696,320.87,349.56,-0.042785
8490,8851.5,71013,31.084,810.69,412.15,0.32591
8491,6523.2,69834,10.519,883.87,372.31,0.40723
8491,9399.6,71994,30.313,405.86,188.95,0.36466
8493,6675.1,69735,27.891,445.78,271.22,0.24346
8493,7541,70669,38.956,170.09,148.5,0.067765
8494,9418.1,70584,22.627,564.15,550.08,0.012627
8495,6734,69899,30.224,222.25,104.14,0.36189
8496,6813.1,70913,30.036,299.23,219.3,0.15415
8496,7045.3,72041,30.939,262.54,363.33,-0.16103
8497,6986,72132,28.523,305.69,295.82,0.016422
8497,7689.5,70220,27.709,280.21,122.82,0.39051
8498,7509.7,70297,35.381,270.01,228.74,0.082735
8498,9184.1,72571,29.472,474.33,260.94,0.29022
8504,6578.2,69784,11.575,928.16,356.16,0.44537
8504,6854.3,72665,26.397,189.46,149.93,0.11648
8505,6600.5,70346,30.989,867.91,184.75,0.64899
8505,6961.4,72567,32,317.37,358.94,-0.06147
8507,6688.8,70243,28.028,487.71,296.88,0.24322
8507,7552,70058,28.583,214.35,263,-0.10193
8507,8921.5,71021,27.765,377.4,234.55,0.23343
8509,6737.5,70297,23.378,667.35,365.62,0.2921
8510,6490,70409,35.912,474.51,274.08,0.26774
8510,6772.1,69807,34.765,439.75,306.56,0.17847
8510,6670.9,70318,35.492,810.06,308.43,0.44849
8510,6759.2,70850,42.592,466.12,273.55,0.26035
8510,7646.1,70256,19.873,356,357.91,-0.0026712
8511,6500,69811,15.052,608.89,318.89,0.31258
8511,7635.4,70297,25.814,255.39,203.23,0.11373
8511,8632.3,70003,28.927,428.25,125.27,0.54737
8512,6703.1,69889,26.186,736.3,516.72,0.17524
8512,7672.4,70267,15.337,458.5,388.38,0.082793
8513,6810.2,70035,20.389,495.08,320.44,0.21415
8514,7696.7,70162,37.035,244.2,240.53,0.0075774
8515,7465.2,70266,31.609,563.85,450.01,0.11229
8517,6624.1,70391,33.291,121.58,171.65,-0.17075
8519,9261.4,69837,20.586,821.96,317.66,0.44252
8520,6571.5,70365,29.393,657.61,565.87,0.074985
8521,6485.8,70523,22.323,634.67,348.25,0.2914
8523,8572.2,71001,27.245,496.73,372.3,0.14319
8524,7546.8,70780,26.907,237.69,113.07,0.35527
8525,7660.8,70734,21.044,518.25,555.04,-0.034284
8526,7146.9,70712,26.781,426.84,380.13,0.057882
8527,9229.4,71861,35.933,175.66,123.37,0.17484
8536,8378.9,72392,33.402,578.89,431.31,0.14609
8537,8965,71597,29.076,190.51,162.04,0.080752
8537,9187,69857,39.414,608.32,265.15,0.39288
8539,9214.4,69993,34.359,208.78,176.65,0.083377
8543,8755,71033,34.865,417.74,251.18,0.249
8544,9333.2,70990,36.011,183.29,198.13,-0.038912
8545,8266.3,70629,30.986,465.36,155.17,0.49989
8547,7442.8,71302,26.652,668.89,316.39,0.35777
8547,7659.2,70331,29.298,449.82,402.73,0.055242
8547,8412.7,70863,33.9,537.68,114.43,0.64904
8548,7761.5,70351,25.505,324.87,293.89,0.050058
8549,6799.2,70372,28.957,404.24,237.06,0.26068
8549,7699.9,70238,26.54,306.11,213.12,0.17909
8549,7865.9,71218,32.862,424.29,238.83,0.27968
8551,8358.6,70950,30.461,538.31,189.84,0.47856
8552,8435.4,70966,21.43,371.31,131.23,0.47772
8555,7848.7,70496,28.379,221.61,204.55,0.040026
8556,6885.4,69878,25.368,350.79,100.44,0.55482
8557,6708.2,69742,25.404,398.91,291.25,0.15599
8557,7859.3,70786,31.89,488.8,319.38,0.20964
8561,9158.7,69790,27.027,174.38,148.69,0.079527
8566,7503.7,70465,32.375,231.83,207.78,0.054706
8569,8657.8,70715,37.744,145.89,130.75,0.054716
8572,6917.8,70168,35.607,261.05,133.11,0.32459
8575,6740.4,70203,38.68,370.58,311.37,0.086817
8578,6751.5,69841,32.314,237.96,152.11,0.22009
8578,7610.3,70682,36.101,394.47,163.53,0.41388
8580,6568.7,69779,30.855,368.15,375.08,-0.0093154
8583,7413.2,71495,33.972,315.77,177,0.28162
8585,9301.1,72424,11.267,923.1,158.33,0.70719
8589,8212.9,72557,38.271,178.5,235.66,-0.13802
8589,8782,71109,30.47,172.02,112.03,0.21123
8590,6941.4,71854,35.916,261.25,172.64,0.20421
8591,6551.4,69777,23.269,536.98,326.19,0.24421
8592,7667.7,72234,34.827,321.96,129.7,0.42566
8593,8514.5,70373,34.887,177.28,104.24,0.25943
8597,8106.4,70674,35.232,334.28,426.74,-0.1215
8605,6450.9,72007,25.896,295.56,188.39,0.22145
8607,9317.3,70023,37.236,312.79,198.55,0.22341
8612,9079.2,72448,32.572,382.21,281.28,0.15212
8613,6441.6,71870,26.302,346.21,307.48,0.059256
8617,7645.3,70722,19.451,544.54,465.43,0.07833
8618,6591.9,72455,32.028,286.1,302.17,-0.027314
8618,7659.8,70758,25.248,462.48,281.57,0.24314
8619,8135.1,71666,28.326,199.98,194.89,0.012884
8619,8709.8,70942,31.299,165.55,159.19,0.01959
8620,7559.3,70326,25.287,373.02,293.85,0.11871
8624,6449.7,69736,34.188,265.6,232.43,0.066606
8624,8145.4,71854,39.667,221.86,199.87,0.05215
8634,8155.3,70985,34.737,626.39,731.59,-0.077468
8634,9320.3,70089,22.121,477.32,381.1,0.11209
8638,6464.4,69799,15.793,1365.5,637.05,0.36375
8639,8192.7,72376,28.276,951,545.75,0.27075
8639,8420.4,70162,35.602,590.91,455.77,0.12912
8641,9224,69920,35.437,185.79,224.29,-0.093874
8642,7953.2,72435,23.844,460.1,276.55,0.24917
8642,8662.1,70164,30.101,487.81,479.2,0.008904
8642,8794.8,70940,31.58,674.26,816.38,-0.095344
8647,7967.5,72604,30.182,311.39,107.4,0.48711
8649,6668.2,71926,36.783,324.12,250.02,0.12906
8649,6883.1,69794,31.998,586.74,438.75,0.14431
8650,9021.5,72349,34.132,298.09,374.4,-0.11348
8651,6705.3,69815,33.468,796.97,303.88,0.44792
8651,6813.7,69807,33.344,529.16,208.59,0.43451
8652,7916.4,72512,21.076,829.89,444.28,0.30263
8653,7899.2,70648,37.666,163.59,136.78,0.089242
8653,8008.4,72508,25.215,429.53,197.21,0.37068
8654,7609.7,72452,32.078,577.87,375.61,0.21212
8655,6967.9,72344,28.75,508.73,329.19,0.21427
8655,7921.9,72386,25.868,830.12,379.52,0.3725
8656,6953.9,72392,32.967,411.27,171.86,0.41056
8656,7748.2,72302,36.961,936.69,754.95,0.10743
8656,8095.8,72342,34.935,580.33,293.1,0.32886
8661,7238,71325,36.5,256.85,199.4,0.12593
8666,6439,71889,32.182,653.51,552.34,0.083899
8666,7730.2,72394,35.162,237.51,378.75,-0.2292
8666,8612.4,70941,34.106,284.35,230.39,0.10484
8667,7606.5,70302,19.769,640.66,582.31,0.04771
8668,7634.2,72311,30.983,710.81,482.57,0.19126
8668,7657.7,70281,17.972,404.65,212.4,0.31158
8670,6468.2,69765,23.926,570.03,370.93,0.2116
8670,7591.6,70398,28.496,698.25,707.61,-0.0066527
8672,7636.3,70243,27.552,319.62,186.6,0.26277
8674,6523.6,69875,24.847,573.91,608.63,-0.029359
8674,7799.9,70220,31.037,533.21,346.4,0.21238
8676,6469.1,69772,13.619,701.45,435.3,0.23414
8676,8034.8,70328,35.159,410.25,219.29,0.30333
8678,9034.4,69969,30.04,580.47,449.93,0.12669
8678,9200.6,72508,35.994,589.51,448.28,0.13609
8679,6582.8,72019,33.597,247.71,133.05,0.30112
8683,7472,71492,33.057,190.2,200.66,-0.026742
8685,6623,70519,31.847,279.11,301.68,-0.038849
8690,7303.9,71445,34.286,317.27,112.42,0.47674
8690,8826.2,71019,38.921,663.42,460.83,0.18021
8691,6500.1,72057,34.661,191.27,171.05,0.055803
8691,6681.3,72032,31.241,448.08,489.08,-0.043751
8692,7404.3,72274,35.217,309.55,105.73,0.4908
8692,8056.9,70943,33.873,795.23,433.45,0.29444
8692,8834.1,69789,34.571,224.12,116.6,0.31556
8693,8160.9,70895,35.331,389.85,199.02,0.32407
8694,7755.1,70697,32.776,690.23,290.78,0.40718
8696,7709.7,70538,32.834,403.28,392.88,0.013069
8696,9383.8,70430,38.222,372.24,215.8,0.26603
8697,9316.7,70515,21.589,425.12,128.77,0.53504
8701,7380.1,70620,25.703,324.33,122.3,0.45233
8703,9401,71153,24.951,637.48,350.32,0.2907
8704,6884.5,70247,29.708,475.45,238.28,0.3323
8705,6426.4,71819,34.208,385.66,228.23,0.25645
8706,6848.1,70989,27.109,334.64,169.37,0.32792
8707,6672.2,70696,32.208,385.12,128.93,0.49836
8707,7021.2,70791,36.524,317.68,103.04,0.51016
8708,6554.2,71961,33.671,570.13,392.54,0.18447
8709,9340.3,71142,35.808,381.79,129.48,0.4935
8711,6669.9,71925,36.595,418.16,322.44,0.12924
8712,7983.9,69953,34.12,152.27,113.41,0.14627
8716,7619,70688,29.069,237.8,203.72,0.077181
8717,8009.3,72497,33.677,615.42,818.5,-0.14163
8720,7591.3,70306,35.487,386.71,207.53,0.30153
8720,8494.8,70489,37.197,314.51,206.45,0.20741
8720,9312.9,69813,23.923,341.09,179.02,0.31162
8729,6779.3,69814,30.635,898.65,510.27,0.27566
8730,6746.8,69784,16.113,927.65,423.22,0.37341
8732,7245.3,71529,36.926,433.06,149.81,0.48596
8736,7811.9,70316,28.781,504.33,663.31,-0.13615
8736,7921.6,72695,35.995,540.47,398.21,0.15155
8738,6443.3,72001,29.504,451.41,190.48,0.4065
8739,7798,70476,34.586,613.3,397.6,0.21338
8739,7799.8,70601,30.875,419.81,216.57,0.31937
8739,9413,70079,38.065,280.45,259.08,0.039604
8740,7647.9,70595,31.93,276.75,259,0.033133
8740,9306.4,70163,38.635,350.72,263.75,0.14153
8744,9013.8,72133,29.111,411.73,456.96,-0.052069
8745,6498.3,71958,31.695,441.03,427.36,0.015744
8747,6737.5,70465,27.922,373.18,190.2,0.32478
8748,9269.3,71704,30.847,154.84,106.31,0.18583
8749,6537,69789,19.904,348.69,243.59,0.17746
8751,7651.9,70766,27.372,166.97,137.95,0.095194
8752,6761.1,72012,28.394,452.53,200.12,0.38673
8754,7673.4,70673,32.838,130.21,129.06,0.0044324
8759,7708.7,70661,28.334,253.08,170.09,0.19611
8760,7696.4,70735,37.974,297.34,180.22,0.24523
8760,8033.1,72486,27.047,311.55,201.11,0.21542
8762,7004,70106,39.411,447.04,464.15,-0.018781
8765,7601.4,70531,35.635,422.65,162.45,0.44472
8767,7671.9,70290,24.525,345.91,234.3,0.19237
8769,7067.3,70046,32.456,526.38,480.23,0.045845
8772,7507.6,70553,39.718,214.28,406.93,-0.31012
8774,9138.2,70160,36.217,193.43,139.8,0.16093
8779,7765.3,70614,35.249,329.27,206.7,0.2287
8782,7764.6,70487,38.925,701.12,177.28,0.59635
8782,7759.1,70541,30.754,548.05,170.2,0.52607
8787,7632.3,70351,35.737,341.44,277.11,0.104
8788,6973.8,70960,38.719,235.9,123.27,0.31358
8794,6551.7,72008,36.932,198.54,320.42,-0.23485
8798,6782.9,70174,23.996,665.61,313.15,0.3601
8799,8943.5,71535,33.048,147.04,164.04,-0.054633
8801,9351.4,72254,35.441,183.13,185.94,-0.0076162
8805,6496.8,70238,23.082,601.19,289.08,0.35058
8807,6467.3,69874,15.672,592.52,113.72,0.67795
8810,7839.1,71378,38.782,247.3,150.13,0.2445
8816,6578.3,72105,29.679,347.93,146.75,0.40668
8819,9293.8,69898,21.525,674.35,498.28,0.15015
8820,9045,69824,30.831,248.61,146.5,0.25844
8822,6620,69825,25.4,356.91,171.43,0.35105
8823,6705.6,69920,20.657,919.52,588.08,0.21984
8823,8348.3,72717,37.151,430.38,263.15,0.24113
8824,6579.1,70098,20.89,1228.1,622.02,0.32759
8824,6674.8,69923,26.59,1283.3,771.01,0.24936
8825,6591.5,70068,31.555,1176.6,525.52,0.38252
8825,6636.8,70046,28.264,968.05,413.4,0.4015
8826,6549.8,70186,18.663,765.97,344.73,0.37925
8827,6527.4,70208,20.077,1898.6,854.74,0.37912
8828,6491,70240,21.407,930.19,266.01,0.55525
8828,7693.2,70302,29.825,307.42,226.55,0.15144
8831,8827.9,69776,33.07,586.41,268.89,0.37123
8834,9089.3,70083,31.056,360.59,181.35,0.33074
8835,6667.1,69735,28.043,476.51,104.56,0.64012
8835,8473.1,72467,37.323,160.3,330.24,-0.34642
8840,7134.5,70757,32.738,147.08,117.76,0.11068
8844,7706.9,70327,32.546,451.99,369.72,0.10011
8846,7850.6,70586,32.716,682.98,464.76,0.19013
8846,8259.9,72407,31.336,314.58,113.37,0.47019
8847,8178.8,70869,35.173,615.38,445.2,0.16046
8852,9014.2,71769,36.596,644.96,448.76,0.17939
8855,9330.8,70989,27.338,464.21,252.13,0.29606
8859,9203.9,69840,33.204,277.81,106.99,0.44393
8860,6434.3,70356,29.427,270.32,143.25,0.30725
8861,7637.3,70538,29.966,366.92,106.33,0.55065
8862,6955.4,71875,40.833,251.4,321.69,-0.12265
8865,7590.6,70364,30.879,199.94,209.82,-0.024106
8866,7664,70446,22.598,933.11,480.57,0.32012
8867,7634.5,70326,24.803,234.24,118.69,0.32739
8871,7695.1,70733,23.438,299.41,212.86,0.16894
8871,9041.8,71988,37.31,314.61,425.1,-0.14937
8872,6550.3,69811,20.933,576.4,424.67,0.15156
8873,6496.1,69830,23.179,324.69,322.4,0.0035489
8873,7741.5,70791,28.026,478.31,343.08,0.16464
8873,9263.6,69962,37.421,786.9,623.75,0.11566
8874,7750.8,70803,28.365,230.42,130.91,0.27541
8876,7311,71411,34.661,176.09,127.02,0.16188
8876,9219.6,72212,29.638,691.09,342.5,0.33726
8877,6515.6,69727,23.88,428.4,285.17,0.20072
8881,7863.7,70210,30.268,327.54,173.99,0.30616
8887,6882.8,70058,36.888,344.41,174.39,0.32772
8890,6681.9,69772,19.838,478.61,229.39,0.352
8894,8396.8,72371,29.842,486.91,231.1,0.35627
8895,8667.6,70132,32.782,478.19,112.07,0.62028
8896,6836.9,70682,42.336,627.08,412.53,0.20637
8896,8763.7,70084,36.116,485.03,250.72,0.31847
8899,8564.7,70308,35.839,281.57,135.08,0.35157
8900,6461.5,70738,32.226,183.67,138.91,0.13878
8901,8624.8,71893,36.797,356.01,277.8,0.1234
8902,9232.5,69789,25.786,355.97,198.75,0.28341
8903,6426.5,70580,29.082,528.46,410.03,0.1262
8903,8561.1,71152,32.77,811.98,401.53,0.33823
8904,6758.2,70273,31.093,662.41,512.36,0.12773
8906,9068.2,72408,31.905,265.49,115.93,0.39213
8907,8682.8,71166,24.229,458.49,186.96,0.42067
8908,8624.7,71109,31.845,604.35,349.79,0.2668
8913,7703,70448,34.233,617.97,481.65,0.12397
8913,9397.1,70579,33.004,488.54,135.93,0.56466
8914,7901.6,70576,33.394,216.44,127.4,0.25898
8914,9299.7,70794,34.132,264.35,212.68,0.10833
8916,9186.1,69800,25.978,543.74,337.42,0.23415
8919,6452.2,69772,16.906,491.88,305.07,0.23441
8919,7735,70693,29.212,237.57,146.25,0.23794
8920,6925.9,72070,37.027,288.23,313.02,-0.04124
8920,7709,70717,27.29,671.55,534.76,0.11339
8921,6679.9,69925,31.075,339.81,170.19,0.33258
8921,7761.6,70472,30.061,652.36,524.71,0.10844
8921,7707.1,70707,22.993,983.73,721.56,0.15374
8921,9319.7,70376,28.241,631.25,407.46,0.21545
8923,6896.8,72070,28.402,335.46,189.81,0.27729
8924,6867.5,71986,28.3,350.71,181.69,0.31748
8929,6673,69778,21.467,407.53,159.72,0.43687
8932,7053.2,70528,29.515,298.59,136.01,0.3741
8932,7188,69846,30.346,388.67,241.25,0.23403
8932,9283.2,70189,38.213,240.12,159.06,0.20306
8933,6819.9,70509,32.475,601.62,311.47,0.31776
8935,9320.7,70006,29.042,267.55,157.55,0.25875
8936,6862.3,70366,34.238,362.43,269.59,0.1469
8941,6464.7,70519,30.053,857.67,411.03,0.35205
8942,6437.4,70435,33.866,300.84,186.38,0.23491
8942,7874.2,72389,21.193,375.3,141.74,0.45172
8949,7778.1,70665,34.461,237.25,278.86,-0.080612
8951,8747.7,70985,39.524,223.14,103.2,0.36752
8956,7818,70751,24.759,186.15,152.61,0.099006
8962,6422.7,71639,33.49,451.72,153.99,0.49154
8967,6720.7,69912,34.96,370.46,155,0.41004
8969,6659.1,69991,25.32,505.1,310.5,0.2386
8972,7640.4,70401,23.951,275.29,221.98,0.10721
8973,7631.8,70420,20.773,757.25,387.13,0.32342
8973,8701.1,70517,27.215,255.31,123.94,0.34641
8975,7614.2,70413,31.243,533.29,263.49,0.33861
8976,8800.5,71342,36.191,409.13,475.17,-0.074683
8979,8813.2,70868,31.605,488,492.03,-0.0041152
8982,7771.1,70611,37.79,681.91,485.15,0.16859
8982,9228.8,70816,39.764,610,364.27,0.25222
8985,7679.8,70472,22.612,778.42,631.74,0.10402
8987,9154.3,70335,38.715,282.41,423.04,-0.19934
8993,7364.3,72615,26.494,707.97,206.25,0.5488
8993,7941,70342,32.957,412.22,255.8,0.23416
8995,9357.2,70229,37.452,304.92,276.68,0.048558
8996,8470.8,72357,36.132,217.59,141.36,0.21236
8997,9343.3,70329,34.884,413.97,372.76,0.05237
8998,9403.4,70279,32.897,806.59,480.96,0.25291
9001,9338.7,69848,23.438,1069,584.93,0.29269
9002,7007.1,71933,38.386,218.82,200.6,0.043449
9007,8377.1,70474,36.513,285.53,212.32,0.14705
9007,9055.3,71805,27.831,164.5,104.24,0.22425
9008,8460.8,70271,34.911,311.58,227.79,0.15534
9008,9211.8,69827,34.756,173.98,219.84,-0.11644
9009,6679.8,69789,30.03,228.37,167.76,0.15299
9012,9097.8,71939,35.956,332.13,136.31,0.41804
9012,9234.7,71494,34.117,236.52,182.3,0.12945
9015,9348.6,71054,25.128,530.83,368.51,0.18048
9016,9183.9,70931,23.951,528.84,349.46,0.20423
9018,7693,70356,35.818,305.24,345.59,-0.061993
9018,9288.6,69984,24.42,629.78,462.97,0.15265
9020,7888.3,72501,33.571,134.23,168.64,-0.11361
9022,7750.1,70293,22.151,396.16,273.25,0.18361
9023,7908.4,70485,31.517,519.27,406.3,0.12206
9023,9357.6,70661,31.297,390.4,230.87,0.25677
9024,9369.6,70786,35.719,376.61,256.35,0.18999
9025,9375.5,70802,30.444,504.2,427.44,0.082393
9026,9286,70870,19.287,1046,537.43,0.32119
9027,7531.9,70438,27.355,225.49,191.8,0.08075
9027,9169.9,71035,28.675,314.55,144.57,0.37023
9028,9299,70888,34.294,329.05,197.73,0.24929
9029,9391,70827,31.244,460.16,248.74,0.29824
9030,7747.7,70791,24.841,533.06,290.31,0.29483
9031,7588.9,70638,34.364,481.96,288.27,0.25147
9033,9340.2,70859,25.853,367.54,145.86,0.43179
9034,9277.7,70986,28.197,861.9,585.49,0.19098
9035,9285.6,70197,31.652,468.76,346.41,0.15008
9036,7039.8,69928,40.73,391.55,562.75,-0.1794
9038,6740.1,69790,31.579,363.23,246.85,0.19077
9038,7401.5,71865,37.408,232.6,141.91,0.24216
9039,7507.1,71750,37.603,303.68,232.29,0.1332
9049,6816.7,70226,39.439,483.75,409.88,0.082662
9052,8794.8,69936,37.254,217.78,101.44,0.36445
9055,6872.5,70382,23.717,456.74,214.19,0.36153
9059,8929.5,71251,37.303,241.55,132.26,0.29238
9065,6823.8,70300,35.862,508.95,250.77,0.33983
9068,6828.4,70120,32.538,443.13,291.03,0.20717
9071,8047.3,72429,31.268,304.39,241.76,0.11467
9072,6640.6,69921,31.072,542.51,373.53,0.18446
9073,6443.8,69861,25.366,358,372.03,-0.01922
9073,7757.6,70301,28.964,345.24,234.88,0.19024
9075,6437.7,69882,27.454,440.42,494.72,-0.058064
9077,7810.6,70226,36.35,485.17,329.98,0.19039
9080,7772.6,70224,21.821,692.85,368.86,0.30516
9086,6492.2,69902,24.262,667.88,465.88,0.17817
9087,6915.1,70351,26.915,601.74,521.41,0.071518
9088,7623.9,70285,30.7,609.24,466.5,0.13269
9089,7607.3,70397,27.163,420.23,273.34,0.2118
9091,6738.8,70380,39.42,451.9,176.16,0.43903
9092,9372.4,70944,27.614,216.12,162.81,0.14069
9093,7724.6,70418,36.611,656.78,500.62,0.13492
9094,7652.5,70540,32.753,866.76,788.2,0.047469
9095,7769.3,70344,28.561,533.36,240.87,0.37779
9096,6472.5,70190,40.357,618.25,476.19,0.1298
9096,7664.8,70336,28.347,306.9,257.71,0.087126
9097,6565.9,69979,36.167,283.79,244.78,0.073812
9098,6602.8,69794,20.52,1262.7,1135.7,0.052953
9100,8147.5,70459,35.735,298.91,224.68,0.14177
9100,8127.1,71112,34.054,174.42,136.48,0.12202
9102,8453.2,70355,32.603,482.67,191.86,0.43112
9103,8522.7,70417,28.845,367.48,147.93,0.42597
9107,6856.9,72521,35.395,142.13,121.24,0.079315
9107,9360.1,69990,20.783,242.68,251.03,-0.016928
9107,9289.1,70969,37.067,302.13,353.7,-0.078641
9112,9016.3,69835,38.168,414.36,318.21,0.13126
9113,8989.6,70774,31.023,227.21,100.56,0.38641
9113,9275.7,69822,22.565,480.37,287.35,0.25142
9114,7901.6,70338,31.412,392.6,177.76,0.37668
9114,9126,70640,37.411,183.06,124.49,0.19044
9118,7604.7,70575,27.527,577.68,457.61,0.11597
9119,6432.9,69785,18.165,760.86,332.37,0.39194
9119,7641.9,70455,36.834,484.49,493.48,-0.0091945
9121,8715.7,70562,32.074,365.21,127.96,0.48106
9127,6426.9,69846,22.781,556.33,495.07,0.05826
9131,7710.9,70327,26.255,421.11,266.77,0.22437
9132,7678.6,70345,23.96,402.81,265.11,0.20616
9134,7742.5,70318,18.107,457.09,243.23,0.30537
9136,6454.8,69801,17.707,500.09,256.05,0.32275
9136,9174.8,70934,33.297,256.5,198.9,0.12649
9137,6472,69807,22.154,422.05,227.89,0.29872
9138,8157,70023,37.153,201.75,116.31,0.26864
9138,9046.5,70757,24.988,267.15,191.23,0.16562
9143,6473.9,70411,28.614,328.57,143.56,0.39186
9152,7983.6,70414,34.594,194.94,111.87,0.27074
9156,6567,71002,35.449,313.86,180.68,0.2693
9156,7784.3,70426,28.421,392.59,183.94,0.36191
9160,8140,72303,32.089,183.9,132.98,0.16072
9166,8536.5,70433,30.624,218.97,136.32,0.23263
9167,8522.4,70367,33.318,325.38,298.79,0.042595
9169,6495.6,69838,25.691,364.98,123.89,0.49317
9171,6465.2,69749,27.659,193.49,186.94,0.017214
9177,6529.2,70132,32.729,160.16,105.18,0.20722
9178,8435.2,70409,31.343,353.74,241.75,0.18806
9179,7707.7,70414,29.335,388.96,298.32,0.13187
9180,7643.7,70344,28.173,291.84,146.24,0.33237
9180,8619.7,70543,36.381,208.32,272.37,-0.13325
9186,6470,69825,31.575,263.97,208,0.11858
9187,6450.1,69763,22.992,571.76,309.53,0.29755
9187,7315.6,71368,35.272,379.02,244.03,0.21666
9187,9036.8,70617,31.031,438.65,304.76,0.18011
9189,8982.6,70919,30.962,622.25,412.63,0.20256
9189,9264.6,69862,35.143,483.97,280.09,0.26683
9190,7661.9,70362,36.233,223.1,133.76,0.25034
9191,7688.9,70482,24.028,425.2,204.16,0.35121
9193,6526.7,69791,21.871,263.36,185.1,0.17451
9201,7751.5,70317,33.585,277.62,157.04,0.2774
9202,7702.2,70343,23.04,323.75,195.35,0.24736
9203,7750.3,70393,28.095,233.75,219.79,0.030776
9204,6587.1,69913,28.881,355.3,126.23,0.47573
9204,7448.9,71329,35.899,355.1,372.16,-0.023453
9204,7745.1,70405,31.258,495.03,589.81,-0.087368
9205,7794.7,70407,25.998,704.73,602.04,0.078582
9206,7874.4,70430,23.977,516.76,496.52,0.019977
9207,7766.5,70394,19.949,418.78,299.77,0.16563
9208,7711.2,70327,24.393,379.08,135.67,0.47288
9211,7752.4,70380,26.31,545.71,325.87,0.25224
9211,9297.9,69818,33.191,669.5,421.98,0.22677
9214,9109.9,69732,29.2,476.73,269,0.27856
9216,6871.4,70204,29.099,578.23,197.69,0.49044
9216,7764.8,70574,28.525,221.76,114.62,0.31849
9221,7664.4,70553,34.936,236.23,194.14,0.097784
9222,9251.7,69774,29.19,307.36,175.22,0.27383
9225,6440.3,69961,37.622,453.33,302.47,0.1996
9226,8157.7,72534,36.587,168.89,151,0.05595
9227,7593.1,70370,35.726,269.13,246.79,0.043305
9233,8707.6,71140,31.246,582.28,252.06,0.39579
9237,7686.8,70625,32.725,220.68,107.6,0.34445
9239,6532.7,69850,19.694,390.26,154.08,0.43389
9239,9388.6,71653,33.438,457.16,258.63,0.27736
9240,6449,69793,18.121,494.81,268.88,0.29583
9241,6547.1,70010,31.248,386.47,108.58,0.56133
9244,7073.3,71026,38.124,217.31,207.26,0.023677
9248,8208.2,70941,33.353,382.11,318.64,0.090576
9251,7713.6,70243,32.294,190.57,257.7,-0.14976
9253,7305.1,71030,36.576,237.06,310.67,-0.1344
9253,9335.1,70879,34.748,650.45,469.36,0.16172
9254,9303.9,70894,20.1,542.08,205.07,0.45107
9260,8068.1,70541,36.048,252.81,262.15,-0.018144
9264,9338.3,69743,31.963,382.26,300.85,0.11918
9266,6644.3,70339,30.645,327.22,244.98,0.14371
9266,6750.5,69892,37.865,367.32,179.65,0.34311
9266,8165.4,70564,31.896,452.72,251.83,0.28513
9269,9210.2,69743,28.806,1107.6,532.13,0.35095
9271,9139.1,69869,35.616,405.66,425.45,-0.023809
9272,8100.4,70953,36.483,588.46,383.58,0.21077
9273,7904.1,70854,35.158,389.93,192.05,0.34001
9274,8068.3,70993,31.54,349.18,148.38,0.40358
9275,9385.6,71596,28.565,676.31,704.04,-0.020087
9279,6438.5,69807,30.767,446.73,251.4,0.27979
9283,7977.6,70938,28.373,517.85,248.93,0.35071
9284,6568.2,71868,29.007,355.06,265.91,0.14356
9284,8030,70950,28.941,317.04,172.64,0.29487
9288,6752.6,69802,21.265,697.73,260.49,0.4563
9289,7659.2,70334,32.568,327.73,227.29,0.18096
9290,7677,70504,37.338,386.94,178.54,0.36853
9291,6813.4,69787,23.818,418.9,258.33,0.23709
9291,9190.6,69824,27.044,763.25,579.07,0.13721
9294,7781.1,70418,39.36,1078.7,734.99,0.1895
9294,9393,71758,35.99,462.75,471.91,-0.0097992
9295,7746.2,70385,18.48,367.48,225.71,0.23899
9296,7689.1,70319,23.271,489.53,431.66,0.062821
9297,7730.8,70309,23.598,647.32,1345,-0.35017
9297,9306.1,69744,32.573,506.41,363.41,0.1644
9299,6667,69934,33.516,393.38,203.19,0.31881
9300,7758.3,70327,22.237,419.93,384.35,0.044236
9301,7703.7,70308,21.58,287.88,185.79,0.21553
9305,8745,70968,36.865,176.77,170.84,0.017041
9306,8288,72341,28.975,263.28,252.87,0.020175
9313,7672.2,70394,24.142,642.26,565.94,0.063173
9314,7745.5,70359,18.095,595.56,425.83,0.16618
9317,9080.9,70018,26.283,626.49,455.25,0.1583
9322,9370.5,71658,32.58,438.78,252.85,0.26882
9323,6476.1,69781,24.343,890.88,718.9,0.10683
9327,6621.3,71924,36.501,328.59,298.81,0.047461
9328,8125.7,72378,31.996,503.3,124.98,0.60216
9335,8124.7,72350,21.684,840.18,713.97,0.08121
9336,8131.5,70594,32.418,362.12,289.43,0.11156
9337,9205.5,69951,36.96,225.26,211.48,0.031571
9338,7812.9,70309,23.664,776.56,547.7,0.17282
9339,7747.3,70352,33.931,294.24,337.94,-0.069133
9343,8118.7,72452,33.756,350.17,147.46,0.40734
9351,7638.5,70215,24.352,309.82,214.96,0.18077
9360,6880.4,69829,38.061,191.47,109.65,0.27173
9360,9179.8,69873,26.41,558.35,620.22,-0.052494
9365,7927.3,70670,38.085,572.36,202.04,0.4782
9370,7818.6,70324,15.252,709.44,348.46,0.34122
9370,8763.8,71493,33.434,185.84,114.9,0.23587
9371,7793.2,70466,31.919,439.55,272.94,0.23385
9372,9262.1,71514,28.918,672.05,449.47,0.19847
9375,7715.4,70400,44.899,616.98,340,0.28944
9377,7768.1,70697,32.689,394.73,326.83,0.094098
9378,6775.3,70528,35.931,231.8,158.34,0.18831
9381,7482.8,71462,37.319,444.66,283.12,0.22196
9382,6624.8,69796,19.453,954.14,550.72,0.26808
9385,6616.3,70373,33.286,688.17,400.1,0.26471
9385,7482.7,71454,35.266,500.44,465.99,0.035649
9385,9341.9,69760,26.01,860.22,372.94,0.39515
9387,8284.5,72219,33.152,209.93,115.84,0.28883
9391,9169.3,70746,31.892,170.1,124.83,0.15348
9394,8193,70645,30.038,274.04,181.5,0.20316
9396,8757.7,70663,26.408,287.88,174.74,0.24455
9397,7678.9,70311,33.283,173.4,142.23,0.098743
9401,7672.5,70398,32.881,484.9,370.69,0.13349
9405,7682,70659,27.568,269.97,192.84,0.16667
9406,7899.5,70780,34.786,458.96,369.34,0.1082
9407,7665.2,70284,29.714,594.48,365.91,0.23799
9409,7779.7,70338,28.357,575.03,362.44,0.22677
9409,9202.5,70860,36.095,155.89,124.09,0.11359
9416,8720.2,70909,38.908,299.05,226.18,0.13875
9417,8545.9,70294,35.212,382.02,169.54,0.38523
9417,8853.4,70982,24.722,522.42,241.84,0.36712
9418,7698.3,70367,36.645,376.36,183.2,0.34521
9419,7706.4,70355,32.67,407.34,258.25,0.22399
9420,7669.5,70348,29.239,265.27,150.09,0.27729
9422,9374.6,70862,29.57,636.97,262.69,0.41602
9423,6977,69990,26.244,572.57,371.84,0.21255
9426,7865.7,70481,22.558,549.3,424.26,0.12844
9426,9334.1,71758,38.507,371.09,139.65,0.45314
9436,6695.7,70190,28.422,508.59,355.66,0.17695
9439,6511.7,69852,17.594,509.76,286.71,0.28005
9440,9241.2,70741,26.608,218.61,122.38,0.28222
9442,8335.5,70654,30.873,423.58,298.77,0.17278
9446,9132.3,72483,24.65,290.44,129.89,0.38195
9447,9282.8,70862,27.11,433.65,302.19,0.17864
9448,7708.4,70571,29.463,157,100.59,0.21898
9449,7762.7,70609,38.613,238.25,144.56,0.24475
9449,9258.8,70722,39.247,457.3,630.63,-0.15933
9451,9236.8,70897,31.397,384.8,412.78,-0.035081
9454,9078,70588,23.56,392.05,148.82,0.44969
9455,7765.6,70267,31.283,329.31,162.97,0.33789
9455,9417.6,70124,29.782,464.53,413.1,0.058603
9456,7992.8,70339,27.58,357.05,281.57,0.11819
9456,8570.6,70387,32.209,564.34,612.19,-0.040668
9460,8375.5,70253,27.198,650.43,543.54,0.089524
9461,8481.2,70329,24.85,405.39,124.64,0.52967
9463,8069.2,70523,36.606,367.71,268.14,0.15659
9466,7755.1,70381,32.294,215.19,139.85,0.21221
9467,7820.6,70350,31.676,254.45,155.3,0.242
9468,8006.3,72575,26.694,213.85,123.21,0.26891
9474,6469.3,69744,16.548,637.1,312.82,0.34137
9475,6676.2,69819,21.786,467.89,213.79,0.37275
9475,9340.9,71520,34.007,884.1,510.36,0.26801
9478,7801,70676,37.131,257.39,240.44,0.034046
9485,9277.2,70693,37.461,382.63,178.16,0.36461
9490,8611.3,70433,37.436,447.38,169.14,0.45131
9490,9289.7,70783,27.579,393.47,336.4,0.078187
9491,7075.2,69953,33.295,380.49,231.11,0.24424
9493,6757.4,69903,37.745,346.35,241.39,0.17858
9495,9013.1,69745,31.416,306.49,122.57,0.42865
9505,9359.8,69896,34.464,254.56,128.48,0.32916
9508,7919.6,70738,40.515,685.1,295.71,0.39701
9509,7574.9,70409,32.472,266.99,151,0.2775
9514,8450.5,70427,34.426,348.06,245.63,0.17254
9515,6452.4,69894,29.55,607.37,256.19,0.40667
9516,6656.6,69989,34.415,540.16,171.86,0.51727
9516,8240.3,71084,33.972,206.63,181.01,0.066109
9518,6908.1,70238,32.704,495.78,373.38,0.14082
9521,7667.7,70439,38.219,279.49,193.46,0.18189
9522,6766.3,70383,36.084,239.15,154.36,0.21549
9523,6754.8,70216,38.581,379.84,328.54,0.072411
9524,6452.1,69816,21.715,740.06,427.18,0.26805
9525,9239.6,69847,34.705,452.02,320.03,0.17095
9526,6481.8,69806,13.939,974.04,445.3,0.37253
9527,6500,69869,13.151,858,375.97,0.39064
9528,6514.2,69875,17.616,875.67,400.14,0.37273
9531,8297.9,71048,31.073,452.42,133.67,0.54385
9533,7752.3,70531,28.212,366.12,232.56,0.2231
9535,6456.4,69927,24.737,589.63,403.91,0.18692
9541,7745.9,70348,33.709,468.42,310.72,0.20241
9548,7241.1,71757,34.525,222.77,196.85,0.061763
9552,9274.7,69764,26.203,289.8,238,0.098146
9553,9198.7,69781,18.959,601.07,399.63,0.2013
9554,7717.6,70373,25.499,962.57,567.25,0.25841
9558,9079.3,72189,37.274,888.94,491.1,0.28828
9559,6739.7,69977,27.526,325.78,222.75,0.18783
9559,7854.4,70394,38.804,617.08,137.42,0.63573
9559,8184.7,72200,37.248,212.84,133.93,0.22754
9564,7610.3,70840,25.585,568.92,475.34,0.089612
9564,9326.2,69827,31.443,385.67,156.48,0.42276
9565,7603.2,70857,32.569,428.39,529.41,-0.10547
9565,9362.5,69761,23.965,514.6,197.49,0.44533
9567,7644.8,70541,39.757,442.98,235.34,0.30611
9568,6638.1,69862,22.178,295.97,199,0.19591
9568,7662.5,70463,35.338,368.42,381.91,-0.017987
9569,6825.3,69868,23.223,352.8,298.93,0.082658
9570,8497.2,70295,36.278,438.47,152.49,0.48393
9573,8137.5,70622,31.675,250.14,201.68,0.10726
9596,7702.4,70403,31.31,339.03,125.58,0.45943
9598,8122.8,72288,32.78,186.7,148.39,0.11434
9599,9376.3,71441,39.201,309.85,268.18,0.072093
9601,6525.4,69969,27.589,215.23,201.95,0.031838
9602,6455.1,69868,30.162,354.37,272.68,0.13028
9602,8624.1,70933,32.604,320.94,162.92,0.32658
9604,7809.3,70326,27.499,451.21,520.86,-0.071648
9608,7746.3,70627,37.286,222.49,291.13,-0.13363
9609,7725.2,70640,19.053,428.07,256.54,0.25055
9610,7685,70668,36.145,367.27,373.78,-0.0087846
9611,7754.5,70680,28.015,395.41,324.56,0.098413
9613,7819,70520,33.184,592.63,264.64,0.38259
9614,6463.4,69852,34.834,234.57,220.16,0.031688
9617,6479.1,71974,31.261,482.56,218.26,0.37713
9621,7899.2,70369,31.552,414.45,322.14,0.12532
9625,7836.3,70324,21.943,282.84,217.49,0.1306
9626,6440.6,69885,35.411,595.57,155.71,0.58548
9626,7707.5,70319,23.727,629.04,353.42,0.28054
9628,6685.5,69898,20.314,1133.1,379.52,0.49819
9628,9180.6,70693,33.083,422.07,280.34,0.20177
9630,6503.3,69822,23.015,561.59,388.93,0.18165
9631,6499.8,69823,21.779,288.13,208.66,0.15997
9634,9402.4,70882,42.87,370.27,286.46,0.12762
9637,6460.9,69984,36.661,473.16,161.72,0.49055
9640,7729.5,70379,22.568,639.28,493.54,0.12866
9642,6991.6,69947,28.35,448.37,107.08,0.61444
9643,6894,70029,37.246,321.96,136.77,0.40371
9648,6676.9,70327,25.515,375.84,186.06,0.33776
9649,6694.2,70264,24.816,555.42,215.8,0.44037
9658,7715.8,70286,23.103,443.18,443.8,-0.00069973
9659,7716.5,70292,21.722,312.93,315.53,-0.0041245
9660,7796.4,70564,33.927,708.74,420.78,0.25494
9661,6822,70043,35.21,445.87,395.03,0.060463
9664,7790.6,70571,25.194,309.64,183.07,0.25689
9668,7815.9,70488,32.895,668.12,519.23,0.12539
9669,6446.7,69830,29.878,728.34,353.89,0.346
9669,8693,70543,33.751,181.84,126.97,0.17766
9670,6608.8,69798,25.286,297.36,259.4,0.068177
9670,7856.9,70300,26.687,604.98,326.6,0.29883
9671,6527.1,69838,15.665,482.44,188.55,0.43799
9671,7887.8,70300,34.71,758.41,541.13,0.1672
9672,7107.2,69884,30.9,319.04,178.09,0.28354
9673,7762.3,70275,30.987,210.55,221.55,-0.025461
9676,7651.8,70349,30.952,297.24,273.75,0.041141
9678,7821.6,70378,37.438,333.65,419.9,-0.11445
9679,7646.4,70237,22.939,372.17,399.7,-0.03567
9680,7744.7,70297,33.872,356.22,379.53,-0.031681
9682,7806.6,70290,25.88,485.54,244.37,0.33041
9683,7740.1,70308,25.957,478.84,292.21,0.24205
9684,7787.6,70259,16.98,364.01,223.35,0.23948
9686,6631.2,69899,24.451,313.7,196.92,0.22871
9686,8331.2,70689,29.505,608.41,444.61,0.15555
9688,7743,70319,34.18,234.37,138.86,0.25592
9688,8344.8,70572,32.874,812.47,478.89,0.25832
9689,6466.6,69936,26.14,709.84,561.29,0.11686
9689,8295.2,70501,34.88,894.6,984.67,-0.047932
9692,7431.3,71363,38.643,275.48,236.91,0.075274
9694,8484.7,70294,31.342,584.54,520.08,0.058361
9695,8375.3,70366,26.805,175.84,141.02,0.10986
9697,6848,70191,26.589,369.26,289.03,0.12187
9698,6765.3,69853,36.783,369.58,254.51,0.18438
9699,7878.5,70211,37.631,368.19,330.47,0.053995
9700,6783.9,69791,24.885,296.97,204.04,0.18548
9700,8156.3,72363,34.602,209.39,297.7,-0.17414
9700,9104.3,70632,30.52,174.72,198.98,-0.064918
9701,9240.4,70814,28.723,431.36,406.35,0.029851
9702,9357.9,70753,30.637,273.33,210.36,0.13018
9708,9394.2,70862,24.597,415.14,162.12,0.43832
9709,7781.5,70246,38.195,209.18,194.07,0.037453
9710,6539.3,69908,28.932,525.68,309.72,0.25851
9710,8619,70645,28.236,855.04,651.34,0.13522
9711,9269.8,69851,33.245,218.93,153.61,0.17535
9713,8704.6,70641,32.365,357.49,228.24,0.22066
9720,7813.7,70385,36.575,248.94,193.91,0.12426
9721,7810,70304,23.064,407.82,308.15,0.13921
9723,7665.5,70481,35.837,142.22,146.63,-0.015251
9725,7871,70323,25.419,502.94,363.52,0.16091
9725,9314.3,70815,34.309,378.46,314.16,0.092837
9726,7834.6,70265,29.143,297.64,241.14,0.10486
9726,9259.8,70780,27.978,292.13,171.49,0.26021
9729,7815.4,70621,36.911,132.35,136.61,-0.015829
9733,6678.8,69827,34.018,163.63,100.82,0.23752
9739,7805.6,70509,34.782,338.64,378.54,-0.05564
9742,7819.1,70581,32.551,351.11,130.77,0.45727
9745,8538,70385,33.727,617.04,401.02,0.21218
9746,6812,70152,32.532,269.01,234.12,0.069338
9749,9233.8,70752,28.065,705.39,621.75,0.063019
9750,8092.1,70580,38.1,795.06,289.42,0.46625
9750,8920.5,72193,29.729,185.1,117.67,0.22272
9757,8663.4,70223,33.821,193.67,137.12,0.17093
9761,6536.2,69911,19.887,930.95,700.39,0.14133
9762,6531,69885,24.699,410.04,434.79,-0.029296
9763,6536.4,69879,25.09,370.12,235.13,0.22304
9764,6683.3,70109,35.509,653.85,468.96,0.16467
9765,6807.4,70339,34.239,252.62,140.34,0.28572
9765,7819.3,70293,33.199,224.52,155.44,0.18181
9766,6745.6,70265,30.03,199.27,168.54,0.083554
9783,8172.8,70679,29.43,276.62,206.46,0.14522
9785,6494.1,69892,18.93,868.9,493.43,0.2756
9785,7173.3,69753,28.333,152.71,126.6,0.093481
9787,7812,70266,35.026,344.38,229.67,0.19982
9788,6595,71261,36.448,444.45,306.68,0.18342
9796,7763.8,70422,26.713,353.29,324.69,0.042189
9799,9316.2,69786,29.551,618.71,493.63,0.11244
9800,7708.5,70461,29.083,341.36,327.55,0.020642
9805,6583.8,69936,32.617,362.49,209.27,0.26798
9807,7641.1,70312,36.027,329.3,419.57,-0.12054
9815,7678.5,70423,36.783,469.99,510.34,-0.041156
9816,7505.7,70500,35.246,327.69,308.57,0.030056
9824,6435.9,69909,19.797,283.06,158.44,0.28228
9824,9308.5,70818,29.925,416.8,212.02,0.32565
9825,6525.5,69870,28.555,419.01,470.49,-0.057875
9826,7782.3,70321,22.496,509.04,488.8,0.020284
9827,9253.2,69834,22.783,662.59,345.58,0.31444
9829,9213.6,70657,37.563,820.96,486.85,0.25548
9833,9338.3,70888,30.832,749.16,331.21,0.38685
9834,9251.9,70739,30.586,529.67,329.94,0.23235
9840,8458.9,70530,36.935,281.53,464.47,-0.24523
9844,9192.3,70751,32.26,453.46,271.6,0.25082
9844,9261.5,69760,23.405,526.75,269.72,0.32272
9849,7869.9,70405,33.557,272.32,190.59,0.17655
9853,6522.8,69870,22.999,671.73,297.53,0.38606
9854,6556.2,69862,24.951,426.42,288.57,0.1928
9857,6504.5,69900,38.336,481.47,530.02,-0.047992
9859,8597.4,70429,29.673,233.91,130.45,0.28394
9861,6968,70015,39.507,309.21,269.74,0.068187
9865,6660.2,72294,31.776,298.77,247.58,0.0937
9865,6874.5,69785,32.698,538.37,326.3,0.24526
9868,9269.8,69787,26.686,425.18,230.64,0.29663
9870,9257.2,69759,29.045,525.66,297.88,0.27659
9877,6498.5,69878,34.946,335.84,181.11,0.29932
9881,6514.3,69963,26.348,232.88,167.54,0.16318
9881,9294.8,70805,33.019,369.32,200.77,0.29566
9887,7130.2,69883,28.897,888.95,644.72,0.15924
9887,9336.4,70907,33.13,354.18,241.67,0.18881
9889,6994.5,69909,28.084,752.69,394.48,0.31225
9890,9348,70786,26.679,594.97,384.96,0.21431
9891,7801,70362,23.36,693.55,370.31,0.30384
9891,9328.7,70768,36.663,245.38,145.31,0.25613
9892,7828.5,70353,24.715,534.86,365.68,0.18787
9893,6496.8,69864,31.679,201.05,133.06,0.20349
9896,6545.6,69865,24.91,903.86,716.56,0.11559
9898,6783.1,69852,36.486,655.35,418.8,0.22022
9904,6424.8,69847,19.625,289.07,148.32,0.32178
9905,8247,70985,29.828,194.12,118.07,0.24362
9907,7800.6,70644,37.113,365.69,203.78,0.28432
9915,7064.8,69954,34.624,462.68,386.35,0.089902
9915,9189.3,70668,27.55,740.78,478.43,0.21518
9916,6973.9,69936,33.424,421,353.22,0.087545
9916,9188.7,70805,34.851,247.96,142.05,0.27155
9920,6853.9,70210,34.781,255.38,187.6,0.15302
9925,9287.6,70813,26.242,433.97,332.36,0.1326
9926,9270.4,70836,24.259,953.15,704.78,0.14981
9927,9291.8,70935,29.712,962.12,597.53,0.23376
9928,9322.8,70966,25.029,262.55,116.18,0.38646
9930,7735.8,70325,36.693,359.4,410.33,-0.066167
9934,8389,70824,33.488,245.82,156.7,0.22141
9935,7794.8,70823,19.757,399.11,213.99,0.30194
9937,7190.2,70075,35.782,203.65,113.31,0.28499
9937,7847.9,70408,36.05,253.59,266.12,-0.024117
9941,6476.4,69893,18.374,532.76,342.5,0.21737
9943,7833.8,70343,28.367,300.38,245.77,0.099993
9947,9212.3,70714,30.754,332.35,202.24,0.24339
9948,9182,70778,33.611,299.93,220.11,0.15349
9952,6447.5,69862,24.579,296.49,163.71,0.28851
9952,8229,70346,36.404,170.3,152.42,0.055401
9961,7785,70762,32.427,296.79,118.48,0.42938
9963,8427.7,70550,29.645,419.14,259.35,0.23551
9967,6454.1,69927,29.882,281.04,179.4,0.22075
9971,9279.8,69769,35.302,761.2,372.14,0.34328
9977,7722.1,70352,26.49,254.52,143.07,0.28033
9977,7799.3,70771,37.931,768.95,559.96,0.15726
9978,6596,69873,29.418,336.52,231.39,0.18512
9992,7917.9,70380,33.164,869.13,651.14,0.14339
9993,7809.7,70392,25.46,618.41,475.56,0.13058
9994,9307.3,70814,27.677,440.21,239.35,0.29558
9995,9325.1,70809,27.814,437.47,253.24,0.26673
10000,6569.3,69800,35.265,264.06,288.21,-0.043741
