"frame","x [nm]","y [nm]","precision [nm]","green photons","red photons","GP"
400,15340,59120,25.762,291.94,115.81,0.43197
401,12827,58139,33.204,767.07,373,0.34565
403,12430,58300,31.808,416.12,262.66,0.22608
403,13203,58339,25.627,781.45,232.45,0.54147
404,13296,58325,17.841,1231.3,638.84,0.31682
404,14810,57982,31.15,250.08,106.29,0.4035
405,14755,59056,36.306,439.71,295.33,0.19643
406,13331,59617,32.877,698.11,507.21,0.15838
406,14548,59041,21.72,518.63,169.14,0.50814
408,14458,59065,25.948,737.58,440.74,0.25192
409,14562,59080,22.52,868.96,446.63,0.32102
410,13263,58455,19.151,808.13,449.61,0.28505
411,13324,58206,32.28,474.31,231.14,0.34471
411,14732,59155,20.924,502.24,206.92,0.41643
411,15378,59685,24.489,719.69,459.3,0.22086
415,15022,57945,38.492,440.81,538.38,-0.099641
418,13142,58252,31.459,382.98,287.05,0.14317
419,14312,59651,39.596,629.57,345.55,0.29127
420,14254,60138,28.717,548.37,369.75,0.19455
421,15005,57771,36.605,277.72,260.9,0.031232
423,13443,57763,24.75,210.27,526.81,-0.42945
424,13526,57932,26.311,256.65,311.84,-0.097079
425,13133,59348,22.148,537.68,278.28,0.31791
430,14280,59123,40.071,151.09,238.46,-0.2243
435,14363,58765,27.406,470.96,101.45,0.64554
435,14663,60720,17.371,1453.1,765.47,0.30995
438,13328,58427,15.127,1514.1,357.45,0.61802
439,12616,58531,38.496,349.34,143.36,0.41805
439,14294,58760,34.618,735.85,598.14,0.10323
440,13432,58301,10.218,1948,181.05,0.82992
440,13895,59844,24.939,593.59,249.42,0.40827
441,13626,58532,8.1127,2298.5,130.99,0.89217
441,13838,59911,19.441,726.05,363.46,0.3328
442,13527,60010,30.988,597.69,171.63,0.55381
443,13977,59829,36.679,557.7,540.94,0.015256
447,12863,59207,34.449,378.75,239.06,0.2261
448,14066,58840,26.128,437.33,239.37,0.29253
448,15054,59214,17.961,993.22,376.6,0.45015
449,13601,60409,35.471,762.42,473.11,0.23416
454,14595,60479,28.981,556.2,164.32,0.54389
455,14383,58457,36.271,236.24,226.05,0.022046
456,13232,59547,29.477,383.53,235.38,0.23937
457,13216,59530,27.414,345.82,318.02,0.04188
457,13641,59682,39.332,851.16,847.38,0.0022238
458,13628,59659,25.371,610.57,236.67,0.44131
458,15008,59942,28.798,439.64,336.29,0.1332
459,13408,59601,24.673,606.47,371.05,0.24084
461,15119,59163,30.584,515.73,144.73,0.56173
463,14662,60359,27.426,503.12,188.01,0.45593
464,12879,60614,30.577,259.87,151.71,0.26279
464,14299,60087,36.758,321.34,170.79,0.30591
464,14996,59434,24.744,793.51,501.62,0.22538
465,13377,58051,26.821,589.66,300.12,0.3254
465,15117,59182,18.926,982.44,351.71,0.47276
465,15334,60211,34.511,278.07,209.72,0.14012
466,14828,59040,24.999,819.95,340.45,0.41322
471,15098,60247,34.733,280.39,155.47,0.28659
472,13364,59360,20.002,524.6,409.89,0.12275
474,14119,60012,24.689,564.76,443.25,0.12054
475,14222,60073,22.91,567.63,298.46,0.31079
480,13558,58617,30.416,669.78,506.74,0.13858
481,13569,58248,31.67,620.23,275.91,0.38423
483,14797,60529,31.62,903.14,509.92,0.27828
484,13241,58486,29.821,196.06,106.82,0.29466
485,12669,60331,22.966,833.68,629.63,0.13945
486,12819,60275,23.941,429.15,393.5,0.043341
491,13143,58483,24.085,637.23,196.35,0.52889
494,13142,57949,41.738,1074.9,664.47,0.23598
495,13024,57871,37.838,380.68,316.81,0.091568
496,13253,60491,34.401,524.16,430.15,0.098504
497,12744,58284,37.222,546.43,462.15,0.083564
502,14539,59269,33.641,547.19,606.79,-0.051644
503,14160,58865,27.523,753.97,516.85,0.18659
506,13787,58105,27.759,938.91,702.29,0.14418
506,13954,60656,30.349,849.78,299.93,0.47825
506,15098,59899,35.609,356.19,230.06,0.21514
507,13967,58073,26.933,645.49,553.69,0.076551
507,15081,59918,29.795,574.6,398.31,0.1812
507,15221,58618,30.488,1180.5,641.17,0.29606
508,14286,57981,19.811,348.79,125.45,0.47094
509,13624,59737,35.271,622.31,327.11,0.31093
509,14304,59064,30.014,709.74,558.59,0.11917
509,15133,60228,25.772,266.5,122.31,0.37084
509,15395,58087,28.395,684.58,345.48,0.32921
510,15365,58207,29.538,468.22,291.98,0.23183
510,15260,59840,33.085,344.78,240.04,0.1791
511,14996,60019,32.44,544.93,490.33,0.052743
513,14395,58940,26.491,373.43,150.03,0.42678
515,12577,58330,28.205,461.25,162.36,0.47928
515,12948,58363,30.113,468.15,127.14,0.57284
515,14459,59225,32.18,487.2,376.26,0.12848
516,12749,58165,33.331,424.33,154.94,0.46504
518,12430,59828,30.185,808.47,374.08,0.36734
518,14677,60114,27.24,603.44,539.93,0.055547
518,15274,58444,31.294,685.12,694.84,-0.0070479
519,14794,59354,22.007,714.07,590.32,0.094873
519,14911,60099,31.226,332.82,265.49,0.11253
520,13164,58436,28.248,542.3,188.45,0.48423
520,13779,59718,25.179,296.8,190.72,0.21758
520,14946,59145,33.203,511.55,311.02,0.24377
520,15154,60040,30.816,503.4,270.06,0.30169
520,15245,58111,29.733,173.04,129.05,0.14561
521,13699,59935,33.388,567.04,192.91,0.49231
523,12593,59595,35.938,211.99,151.27,0.16716
523,13798,58396,26.842,348.05,168.89,0.34658
529,14705,59091,32.876,380.04,278.5,0.15419
534,13000,57881,22.446,1005.6,251.49,0.59988
534,13389,59743,34.856,287.65,122.47,0.40278
534,13673,60558,16.353,1421.3,638.19,0.38024
535,13167,58320,32.546,337.54,206.92,0.23991
535,13840,59034,28.635,482.52,235.39,0.34423
536,14111,58214,34.755,447.47,254.69,0.27455
537,14362,57951,36.807,261.52,221.87,0.082031
538,13344,60289,39.547,705.83,633.86,0.05372
538,13630,58532,29.989,201.17,116.14,0.26798
538,14359,58012,35.255,417.54,501.35,-0.091208
539,14282,57927,34.311,667.52,503.53,0.14003
540,14310,58016,25.039,363.44,163.28,0.38003
540,14662,58756,27.398,450.54,407.2,0.050531
542,14112,58634,30.015,534.08,368.63,0.18327
544,13108,58858,29.46,440.49,366.41,0.091804
545,13355,59156,26.202,618.4,516.25,0.090026
548,15081,58850,31.504,338,206.99,0.24038
549,14025,59432,25.362,927.36,311.14,0.49755
550,14765,59568,20.421,713.57,392.71,0.29003
552,14010,60080,18.399,1250.3,482.76,0.44288
552,15415,58126,25.167,439.17,242.06,0.28935
555,12464,58168,27.887,485.19,288.98,0.25345
557,13845,59646,27.857,506.45,337.9,0.19962
564,15007,60487,24.297,1045.9,798.84,0.13391
564,15135,59887,36.139,496.08,290.41,0.2615
565,14780,59262,31.959,417.18,273.48,0.20806
565,15049,60555,30.223,645.37,261.75,0.42289
565,15160,60222,40.487,885.99,475.01,0.30197
566,14805,60208,27.724,706.99,367.1,0.31644
569,15417,60576,33.396,307.65,133.55,0.39462
570,13773,58165,28.47,368.08,280.67,0.13474
570,14416,59179,20.457,966.68,460.78,0.3544
572,14254,60444,33.618,395.23,189.89,0.35093
572,15201,59538,22.742,629.01,316.05,0.33115
573,14350,60566,29.201,525.83,388.73,0.14991
573,15127,59421,23.667,954.69,604.42,0.22466
574,15360,59567,28.768,686.39,536.68,0.1224
575,12887,57893,27.85,584.83,505.6,0.072665
576,15148,59783,20.245,479.09,334.43,0.17782
577,12974,58617,38.643,264.06,258.26,0.011105
580,12925,60665,31.382,355.16,133.05,0.45494
582,13909,60110,21.679,520.59,347.16,0.19986
582,14262,58045,30.258,180.23,154.87,0.075674
583,14022,60107,21.42,742.8,248.99,0.4979
584,13977,59841,26.248,395.18,261.96,0.20274
584,15082,60693,33.946,442.09,240.92,0.29453
585,14742,59836,31.293,219.91,147.85,0.19595
586,14201,57841,27.095,854.35,470.99,0.28925
591,13024,57815,27.754,337.74,322.99,0.022327
591,14477,60092,22.343,526.81,428.59,0.1028
592,12945,57803,32.013,888.75,303.78,0.49052
593,12915,57811,32.492,700.07,377.25,0.29966
593,13310,60476,24.742,399.83,116.12,0.54989
593,15403,58021,35.945,178.48,224.44,-0.11407
594,12909,57888,30.635,514.78,191.86,0.45698
594,13503,60495,26.428,993.25,459.78,0.36714
594,15366,59394,30.36,355.81,121.26,0.49164
595,14521,59044,16.008,857.34,232.46,0.57339
597,13595,59710,23.918,890.35,462.23,0.31652
597,14569,60347,33.097,721.69,231.64,0.51403
598,14134,60410,26.448,737.58,407.14,0.28867
602,12816,59731,36.867,405.56,330.6,0.10183
602,13503,59911,28.874,573.96,324.95,0.27702
603,12432,58771,35.487,717.54,464.73,0.21384
606,13098,60668,33.983,283.8,113.34,0.42922
607,12853,59420,24.966,970.23,636.77,0.20751
608,13230,59272,27.082,570.33,291.78,0.3231
609,14267,60433,24.508,653.44,321.83,0.34002
614,15057,59879,32.115,488.36,324.67,0.20132
615,13693,59621,30.381,365.33,213.68,0.26192
615,14824,60027,33.589,458.45,243.54,0.30614
616,14079,59845,34.338,413.83,133.29,0.51277
616,15154,57873,27.485,654.61,449.62,0.18564
616,15130,57962,32.054,894.64,573.54,0.2187
617,13855,59450,32.56,603.71,379.82,0.22763
617,14858,58430,38.426,392.27,235.2,0.25033
618,14120,60220,24.246,875.65,185.98,0.64963
619,14246,59988,23.695,398.25,170.2,0.40117
623,14492,60366,25.411,549.42,321.18,0.26216
626,15182,60672,29.928,451.23,178.41,0.4333
627,14412,59130,23.691,309.06,284.99,0.040516
628,13316,58318,21.918,700.91,292.22,0.41151
629,13363,58979,29.085,691.64,294.94,0.4021
630,12537,59320,38.834,347.48,267.04,0.13091
631,12706,58232,34.503,350.98,332.32,0.027307
632,12766,58314,32.059,970.9,306.52,0.5201
632,13300,58908,28.434,477.8,242.29,0.32705
634,13805,59562,37.004,192.84,126.99,0.2059
639,13130,59545,31.828,765.33,313.36,0.419
640,13381,60053,34.964,455.57,160.67,0.47854
642,14425,60684,25.509,681.21,488.96,0.1643
643,14277,60601,26.843,389.84,193.35,0.33692
646,13036,59540,28.065,738.36,283.99,0.44444
649,14727,59678,36.065,502.23,420.72,0.088314
650,14754,60028,28.195,693.99,341.3,0.34067
650,15170,59496,20.774,1365.5,557.64,0.42008
651,13411,58444,26.857,1069.8,661.23,0.23601
652,13331,58588,25.322,1401,547.86,0.43775
653,13800,58688,26.712,656.97,320.91,0.34366
657,13516,60111,36.598,499.21,538.6,-0.03796
657,14467,59150,19.238,806.34,448.38,0.28529
658,14254,59835,31.445,708.33,585.41,0.095012
659,13871,57747,34.168,660.98,529.79,0.11017
660,14064,60573,34.118,227.36,178.91,0.11924
664,14429,58461,31.31,407.17,162.73,0.42893
665,14960,59679,24.803,598.48,260.17,0.39401
666,13746,58045,22.648,316.24,257.33,0.10272
666,14924,59881,29.962,494.91,562.45,-0.063871
667,13493,59739,26.51,539.94,508.35,0.030134
668,13456,59798,24.116,920.68,762.65,0.093883
668,14521,58322,30.478,354.62,161.39,0.37448
669,13443,59949,30.646,926.9,974.42,-0.024993
670,12822,58144,32.287,518.34,363.26,0.17591
671,12686,60142,23.244,401.57,263.79,0.20708
673,13615,58442,28.81,549.52,560.11,-0.0095477
677,14113,57904,29.246,335.15,196.1,0.26174
678,15190,58804,28.557,474.79,698.11,-0.1904
679,13695,59206,29.199,431.6,344.72,0.1119
686,13107,59938,39.164,619.13,244.34,0.43406
687,14195,60491,32.668,354.02,277.9,0.12047
688,14193,59211,33.617,939.52,654.33,0.17893
691,13458,58002,28.172,419.23,203.92,0.34552
691,13781,59105,26.728,619.72,250.3,0.4246
691,13799,59200,29.09,571.52,124.08,0.64325
693,13692,60138,24.786,388.12,103.37,0.57937
694,13920,58215,22.715,457.43,133.83,0.54732
695,13154,59379,21.67,721.56,427.79,0.2556
697,15130,57760,34.233,376.51,224.95,0.25198
700,15384,58196,30.644,314.96,153.56,0.34449
702,15189,57955,15.411,516.32,323.72,0.22927
703,12687,60363,32.501,576.77,510.48,0.060967
703,14427,60322,27.654,848.85,195.7,0.62529
704,12615,59809,32.536,547.37,377.89,0.18318
704,14513,60600,26.575,280.28,106.04,0.45101
705,13750,57829,39.616,497.01,263.3,0.30738
707,13288,58783,26.621,861.28,417.92,0.34659
709,12692,59343,30.366,935.2,316.16,0.4947
712,13787,59026,24.302,624.85,270.17,0.39627
712,13930,60636,32.111,705.6,347.75,0.33973
713,13558,58859,22.582,735.43,387.99,0.30927
714,13723,59148,27.665,558.06,241.11,0.39659
718,14103,60333,33.436,610.67,374.11,0.24022
721,13266,58641,30.388,600.86,310.21,0.31903
722,13540,58703,26.757,899.39,729.42,0.10435
725,14906,58702,26.49,647.84,397.77,0.23916
725,15250,60560,25.015,422.99,264.15,0.23117
726,14978,58683,31.259,486.23,241.76,0.33582
728,12457,60553,28.537,524.19,474.35,0.049912
729,14826,58598,22.401,894.76,577.56,0.21545
733,14798,59652,36.469,718.69,464.74,0.21459
737,13362,59841,34.515,238.01,129.51,0.29523
737,14359,59035,36.592,304.57,112.1,0.46192
740,13226,60134,38.631,274.87,140.49,0.32354
741,14009,60631,37.201,1162.8,828,0.16817
742,14732,60475,26.431,400.93,134.7,0.49705
743,13375,58980,26.237,460.57,238.36,0.31793
744,12896,59218,31.094,434.06,190.26,0.39049
744,15239,60631,24.983,555.05,342.9,0.23626
745,13862,58261,31.293,1037.8,659.43,0.22293
745,13989,60705,24.073,772.3,498.89,0.21509
746,14434,59619,31.148,434.69,293.34,0.19415
750,12765,59397,27.057,311.03,194.71,0.23
751,12781,59471,33.784,368.64,286.1,0.12606
752,12985,59051,31.112,357.08,211.45,0.25614
752,14035,60559,24.282,700.53,472.67,0.19422
754,14361,57925,15.287,511.01,241.81,0.35759
754,15100,58396,32.492,290.82,168.75,0.26562
758,13067,59384,29.966,609.25,194.66,0.51572
758,14232,59804,35.382,391.98,244.93,0.23089
759,14476,58632,31.418,513.22,443.57,0.072799
762,14272,57969,15.148,758.47,768.84,-0.0067945
767,12432,59807,34.223,396.81,388.14,0.011049
767,14409,57785,34.797,588.87,214.08,0.46676
768,14093,59827,20.392,1012.9,624.57,0.23713
769,14705,57987,27.574,826.68,487.1,0.25847
770,13223,59267,25.456,500.34,336.6,0.19564
771,13048,59388,22.09,330.39,200.95,0.24361
773,13564,59646,25.684,717.81,317.85,0.38619
773,14798,58001,32.472,271.59,236.86,0.068313
776,14270,58045,36.288,250.69,229.17,0.044844
777,14264,58031,30.431,293.73,144.63,0.34014
777,14963,58866,36.361,344.71,178.79,0.31694
778,14700,59443,30.887,381.65,582.77,-0.20854
779,14774,58604,26.999,274.29,391.01,-0.17545
783,13613,58350,24.253,520.59,156.72,0.53723
784,12889,58855,25.789,637.69,511.43,0.10988
786,14161,59733,33.013,233.62,156.22,0.19852
786,14883,57946,30.116,426.24,699.04,-0.24243
789,13991,58674,29.875,500.14,248.05,0.33694
790,13260,58669,16.735,363.99,111.06,0.53242
792,13363,60013,28.283,425.14,309,0.1582
801,15071,60603,30.537,765.38,531.48,0.18036
801,15222,59402,36.86,241.11,203,0.085807
802,12780,59805,32.271,309.16,170.32,0.28956
803,12911,59725,30.323,289.66,133.6,0.36871
803,14328,59923,29.249,550.22,339.63,0.23666
804,15421,58095,25.617,365.87,579.24,-0.22576
805,15384,58056,18.792,352.41,275.54,0.12241
808,13282,58267,22.613,1229.8,661.48,0.30049
810,12709,59701,32.501,882.55,585.54,0.20231
812,13255,60193,34.868,250.85,231.89,0.039289
817,13443,59938,24.198,711.57,478.03,0.19632
824,13152,59310,35.115,274.02,239.98,0.066232
825,13615,59984,37.32,455.29,273.98,0.24862
826,12464,58798,36.21,724.35,439.32,0.24494
826,12593,58068,30.21,637.32,456.45,0.16536
826,14952,57973,33.265,576.31,540.98,0.031617
827,12590,58756,23.827,840.93,449.84,0.30299
828,12430,57924,35.077,381.8,349.05,0.044813
828,13191,58899,33.862,852.21,764.42,0.0543
830,12631,59114,35.519,807.51,364.12,0.37844
830,15156,59269,27.757,896.27,558.25,0.23239
833,13485,58475,30.622,652.08,529.07,0.10415
834,13526,58994,16.888,805.63,346.65,0.39832
834,14047,59472,18.365,601.04,392.06,0.21043
836,13728,59920,28.766,304.19,179.41,0.25803
837,13922,59884,24.371,491.52,240.98,0.34203
841,13815,59971,25.137,552.49,273.2,0.33826
846,14341,60451,26.032,692.41,538.11,0.1254
847,13209,58721,19.121,857.93,472.39,0.28981
848,13136,58582,16.893,2123.2,1536.4,0.16034
849,14406,59592,22.364,1031.6,534.02,0.31781
850,14464,59273,36.338,778.15,490.04,0.22718
851,13080,59856,35.436,232.3,132.39,0.27398
853,14304,60718,27.733,858.47,587.22,0.18763
854,13266,58450,24.784,690.63,474.39,0.1856
854,15272,60304,31.966,363.83,108.05,0.54206
855,15023,59260,30.237,188.1,121.93,0.21343
855,14985,60431,30.002,402.96,226.51,0.2803
856,13085,58299,31.493,482.58,283.45,0.25994
857,13016,58816,33.12,156,146.05,0.032946
859,13408,60272,25.983,516.46,400.71,0.12621
859,15362,58713,30.783,564.25,298.52,0.308
860,13381,58155,24.059,456.52,316.24,0.18154
860,13372,60221,32.582,411.76,161.79,0.43582
861,13553,59963,23.058,1094.3,642.1,0.26041
862,12914,60401,33.351,770.61,709.54,0.04126
862,13477,59428,29.288,925.42,378.1,0.41987
863,14625,60500,34.675,442.83,156.2,0.47849
864,13240,58588,26.907,740.44,442.01,0.25238
864,14897,57837,31.706,353.16,162.16,0.37065
865,13205,58315,24.206,513.64,337.1,0.20751
866,14444,57898,28.234,628.7,308.52,0.34162
870,14400,58359,32.404,249.02,116.15,0.36386
871,13289,59230,34.479,615.52,581.02,0.028831
871,13209,58042,23.849,632.49,399.56,0.2257
871,13705,60272,26.392,772.47,505.92,0.20851
871,15073,58154,33.64,487.48,101.37,0.65571
873,12553,58077,33.072,262.22,140.57,0.30203
873,15002,58106,31.228,639.28,300.94,0.35985
874,15121,59413,35.756,210.48,133.71,0.22305
876,12726,59489,29.598,352.12,293.15,0.091389
877,14632,58580,32.032,375.36,168.61,0.38007
878,14417,58915,36.835,328.56,144.11,0.39023
879,14353,57860,22.496,545.45,456.1,0.089218
879,14504,59130,31.884,326.53,288.21,0.062337
882,14273,60616,21.403,1483.4,813.45,0.29169
889,14522,58062,35.477,264.41,172,0.21175
890,12810,58983,36.354,384.09,153.05,0.43012
891,14406,57755,28.17,975.07,147.77,0.73679
893,13144,58346,28.67,561.83,217.92,0.44105
893,14490,58808,29.467,249.4,161.18,0.21486
894,13016,57993,23.035,1003.8,849.4,0.083288
895,13073,57955,27.425,558.76,260.56,0.36396
895,14205,58574,28.862,405.19,311.44,0.13082
896,14359,58756,29.995,478.25,368.79,0.12924
897,14577,59276,33.102,189.46,180.53,0.024151
899,14419,59745,25.997,662.47,300.16,0.37637
903,12603,60475,35.778,326.97,109.16,0.49941
903,14390,57811,30.063,268.47,180.74,0.19532
903,15216,59370,32.631,530.03,193.77,0.46457
908,13262,59482,29.142,473.95,253.28,0.30343
908,13950,60248,27.857,410.8,274.46,0.19896
909,13727,59050,33.442,460.55,293.26,0.22193
911,15247,60382,23.062,399.33,267.38,0.19792
912,15390,60271,23.129,407.5,279.36,0.18656
923,14932,59271,32.602,347.55,243.35,0.17635
929,12788,60269,30.731,695.99,362.41,0.31518
931,14031,59723,33.245,462.18,251.08,0.29596
932,12991,59263,35.702,340.16,176.62,0.31645
932,14019,59731,28.319,329.01,158.37,0.3501
933,14761,59093,35.085,708.85,388.39,0.29206
938,14346,60255,18.783,1160.4,576.09,0.3365
939,12911,57898,29.767,298.76,175.33,0.26033
944,14615,60190,19.882,380.93,144.44,0.45015
945,12664,60449,39.096,576.84,296.18,0.32148
946,14245,59172,18.629,699.2,334.71,0.35253
947,12711,60343,31.136,581.48,386.45,0.2015
948,12934,60694,26.424,571.4,406.83,0.16824
948,15168,59504,20.647,738.12,634.67,0.075357
950,15349,59354,27.467,478.42,220.62,0.36878
951,14348,59198,32.201,1054.3,677.58,0.21751
952,14175,58953,35.546,1231.1,803.61,0.2101
952,15113,60206,33.612,211.95,209.77,0.0051648
953,13054,58370,28.469,925.36,673.86,0.15726
962,14158,59590,33.896,313.51,209.85,0.19805
964,14368,58420,27.535,413.92,291.36,0.17377
965,13242,58250,25.4,812.96,608.57,0.14378
966,13344,58339,21.562,741.39,417.28,0.27973
968,13741,60634,29.975,573.4,239.09,0.41146
969,13972,60299,20.664,641.15,585.25,0.045581
971,15397,58283,30.782,248.97,168.37,0.19314
972,13732,58855,24.009,693.75,405.77,0.26191
973,13714,58797,22.135,861.72,535.65,0.23334
978,14998,60614,27.403,736.23,404.27,0.29107
982,12423,57776,31.42,860.9,402.83,0.36248
983,14160,58486,34.497,517.44,296.98,0.2707
986,14117,59622,29.16,208.28,181.18,0.0696
987,15333,58064,36.79,220.44,317.43,-0.18033
989,14295,60397,27.13,691.07,395.31,0.27224
990,14030,60294,20.852,641.64,294.51,0.37081
996,13727,60543,29.071,201.89,105.37,0.31413
997,13700,60388,39.365,943.69,1046,-0.051401
997,13692,60435,36.617,856.05,938.35,-0.045866
998,13204,59073,37.333,562.16,331.89,0.25756
998,13957,60031,31.747,422.73,218.93,0.31762
1000,14699,59895,35.391,281.24,117.21,0.41169
1001,13504,58691,29.81,547.67,249.87,0.3734
1003,15344,59818,27.709,557.25,512.45,0.041874
1012,14066,60241,36.898,341.34,156.36,0.37167
1015,13348,60375,22.444,418.92,130.24,0.52567
1015,13637,58382,24.486,703.16,272.12,0.44196
1020,13347,58180,31.074,983.93,564.14,0.27117
1020,14824,59981,35.161,523.94,303.44,0.26651
1023,12759,58209,25.193,662.53,393.1,0.25523
1024,12698,59148,32.961,968.74,636.74,0.20679
1024,15225,57796,30.613,360.07,168.46,0.36253
1025,14209,60502,24.681,687.85,375.48,0.29377
1026,13370,58945,28.42,800.01,552.05,0.1834
1026,14432,60411,30.592,733.7,403.08,0.29084
1027,12562,58064,28.268,787.56,472.96,0.24958
1027,13629,59924,20.368,644.36,349.44,0.29676
1029,14588,59412,37.052,186.4,155.96,0.088932
1029,15329,60224,27.416,702.58,396.1,0.27895
1031,14643,59829,35.535,295.72,169.02,0.27262
1032,13014,59883,24.403,767.77,532.14,0.18127
1033,15011,59917,31.287,409.95,242.89,0.2559
1037,14652,60378,23.787,566.09,404.91,0.166
1039,14492,60074,25.414,699.11,421.5,0.24773
1043,13651,58894,31.241,613.55,417.83,0.18977
1044,14220,57959,17.293,414.6,314.62,0.13711
1047,14960,57758,30.62,216.43,252.35,-0.076611
1049,12626,59302,33.463,223.57,135.8,0.24424
1052,13879,60556,32.864,558.4,303.4,0.29589
1053,14441,57939,31.38,795.83,474.61,0.25284
1053,14573,57933,27.728,835.69,461.24,0.28872
1054,13357,57761,28.441,1740.9,1092.5,0.22886
1057,15133,59395,30.524,865.58,424.44,0.34197
1058,15092,59222,27.522,553.38,339.12,0.24006
1060,13067,59393,28.739,567.25,243.29,0.39969
1061,12564,60485,34.392,262.8,230.76,0.064918
1062,13358,57818,25.892,604.99,224.09,0.45942
1062,13503,58866,27.594,594.08,358.56,0.24722
1062,14399,59533,38.509,667.06,417,0.23068
1067,14298,58105,18.996,426.68,427.06,-0.00044378
1069,13361,58880,36.976,265.17,106.04,0.42867
1072,14978,58302,34.868,350.86,324.49,0.039047
1076,14736,58630,34.629,451.31,270.97,0.24968
1077,13547,59465,28.32,648.92,340.44,0.3118
1078,14820,60647,28.551,684.99,164.47,0.61277
1080,13594,59856,38.519,1206.3,1097.2,0.047381
1081,13697,58205,32.234,256.4,146.97,0.27128
1082,12517,58902,29.031,412.49,237.47,0.26928
1082,12624,60394,32.392,357.47,309.51,0.071908
1083,13213,58208,27.945,671.98,272.55,0.42288
1084,13224,58386,26.862,718.21,431.59,0.24928
1084,13381,59672,26.912,611.17,303.31,0.33666
1088,14730,60008,30.652,494.32,376.49,0.13531
1089,13565,58336,25.356,815.18,443.52,0.29528
1090,12671,60666,27.134,597.73,377,0.22646
1091,14117,58298,38.5,445.91,286.4,0.21781
1093,14702,60291,32.061,279.53,141.01,0.32938
1094,14087,59507,26.388,467.98,204.88,0.39101
1095,15013,59676,30.178,472.14,312.64,0.20324
1096,14699,59812,37.219,1023.6,254.93,0.6012
1096,14802,60309,22.69,1305.3,465.07,0.47461
1103,14003,58857,28.897,570.85,528.49,0.038532
1104,15134,59742,29.814,954.01,597.2,0.23002
1107,13648,59458,23.488,1059.2,428.71,0.42375
1107,14448,60532,35.67,533.51,294.97,0.28792
1111,14365,60590,26.194,638.93,330.6,0.31802
1114,14574,60294,27.25,902.98,560.1,0.23435
1118,14075,60407,31.172,287.89,193.21,0.19679
1120,15283,58084,34.779,158.27,143.54,0.048798
1124,15146,59931,31.931,791.4,789.92,0.00093514
1125,13287,58225,31.912,505.94,460.95,0.046529
1125,15228,59951,25.233,561.86,258.66,0.36953
1126,14012,59813,32.194,966.27,472.24,0.34343
1128,13038,58478,33.22,740.51,462.21,0.23139
1128,13476,59581,30.31,1160.1,719.34,0.2345
1129,13160,58697,27.364,619.29,483.42,0.12321
1131,13393,57817,25.761,336.3,145.61,0.3957
1131,14247,60242,32.305,562.54,319.9,0.27497
1132,13071,60685,28.034,591.12,408.34,0.18288
1132,14159,60410,28.587,777.05,631.25,0.10354
1133,13764,58823,30.276,679.01,378.74,0.28388
1133,13931,60685,31.628,742.57,502.73,0.19259
1134,14727,59726,45.999,637.01,300.02,0.35963
1136,14385,59095,33.036,208,127.11,0.2414
1137,13274,59737,29.345,580.13,391.02,0.19473
1139,14301,57938,11.983,705.8,434.24,0.23821
1140,13461,58951,22.893,372.77,144.18,0.44219
1140,15127,59781,35.729,294.42,164.41,0.28336
1141,14190,57823,35.392,648.98,601.08,0.038316
1141,14951,60581,22.493,529.05,233.98,0.3867
1143,15401,60458,36.629,270.52,357.41,-0.13837
1145,13908,60620,25.414,591.56,338.6,0.27196
1146,14525,59224,32.658,542.56,390.9,0.16247
1147,14553,59218,26.999,731.2,388.64,0.3059
1151,12783,58046,23.491,391.19,430.78,-0.04816
1151,14929,59173,25.457,729.24,321.1,0.38859
1152,14963,59416,27.465,555.06,421.65,0.13659
1153,12787,57857,31.382,349.76,106.86,0.53195
1153,15068,59601,36.589,384.16,164.39,0.40063
1154,13109,57890,29.972,561.96,154.64,0.5684
1154,13853,58739,24.969,855.47,467.28,0.29348
1155,14012,58759,33.397,532.72,320.83,0.24824
1156,13300,58005,22.887,1424.1,924.02,0.21297
1156,13899,59620,33.754,1315.2,784,0.25305
1156,15330,60423,28.677,512.7,192.25,0.45458
1157,13537,60136,27.254,592.37,386.35,0.21049
1157,14488,59390,22.38,571.49,273.98,0.35189
1158,13354,57833,29.16,379.33,175.82,0.36658
1158,13457,60004,34.589,657.73,434.11,0.20481
1159,13289,59488,26.309,518.93,145.49,0.56205
1159,14318,59888,36.687,442.7,316.56,0.16613
1161,13329,57804,33.056,295.89,120.55,0.42105
1163,12926,59472,29.399,614.63,457.52,0.14655
1164,14775,59130,32.828,483.64,351.9,0.15768
1165,13328,58538,17.187,956.48,378.63,0.43281
1166,13458,58620,27.472,899.11,421.12,0.36205
1166,14341,58341,33.048,331.61,265.39,0.11092
1169,14620,60521,26.972,677.95,580.33,0.077584
1170,12842,58064,33.834,505.6,301.4,0.25304
1170,15107,60411,37.386,776.56,704.41,0.048712
1174,14104,58053,26.409,752.27,579,0.13015
1177,13858,58778,26.437,744.7,430.04,0.26786
1183,14976,59578,27.782,369.39,274.76,0.1469
1185,14192,57915,28.813,340.27,193.43,0.27513
1185,15157,58247,36.402,443.36,391.35,0.062303
1188,14178,57851,31.479,415.47,204.16,0.34102
1191,15254,58624,33.616,191.21,242.92,-0.11911
1194,13800,60611,33.671,712.82,474.65,0.20057
1198,13218,58118,33.336,447.3,541.11,-0.094909
1199,13393,58343,24.329,519.26,303.32,0.26251
1200,15199,59312,28.2,296.32,178.55,0.248
1201,15410,60453,32.562,465.02,227.39,0.34319
1202,13474,60309,28.006,589,369.15,0.22946
1202,14973,59540,24.631,702.4,666.8,0.025998
1203,13769,60022,31.36,671.97,492.88,0.15375
1204,13814,59834,32.555,611.92,315.88,0.31908
1204,14232,58977,26.355,469.87,245.69,0.31329
1205,13029,59267,36.667,585.55,244.91,0.41019
1205,13657,59620,24.693,669.28,389.56,0.26418
1207,15196,59458,26.279,995.93,445.42,0.38194
1208,15104,58969,25.29,1107.9,620.41,0.28206
1209,13461,59568,33.937,640.38,216.83,0.4941
1210,13609,59724,35.644,1021.1,388,0.4493
1210,14385,59115,28.832,760.57,547.56,0.16284
1211,13295,58389,37.059,822.49,587.73,0.16647
1212,13348,58249,25.749,532.49,318.02,0.25217
1215,14814,59863,28.222,451.23,370.92,0.097679
1216,12633,59358,33.414,847.4,145.6,0.70675
1216,13155,59606,31.124,430.47,119.63,0.56507
1218,14527,58771,36.113,365.69,297.36,0.10306
1219,13884,59447,30.071,778.52,412.57,0.30724
1219,15125,57729,27.303,240.55,165.1,0.18601
1221,13032,58537,29.78,810.92,611.32,0.14034
1222,13453,58035,20.315,1277.3,297.08,0.6226
1223,12551,60250,35.326,556,480.49,0.072857
1223,13407,57961,24.621,622,282.2,0.37581
1224,12528,60299,25.885,882.26,426.2,0.34855
1224,13463,57776,29.243,728.61,189.4,0.58736
1224,14878,58092,29.804,1416.7,563.95,0.43054
1225,12456,60354,36.492,261.53,166.97,0.22068
1227,12650,60184,29.737,405.95,237.21,0.26237
1228,12589,60218,37.865,245.49,130.27,0.30662
1228,13496,60249,29.177,659.67,472.52,0.16529
1228,13636,57755,17.988,1239.2,729.11,0.25914
1229,12464,60248,33.627,250.5,133.27,0.30547
1230,13109,58017,20.975,407.08,137.36,0.4954
1233,13787,58957,27.885,482.43,395.31,0.099255
1233,15326,59804,30.522,1114.1,432.03,0.44114
1234,12961,59658,32.247,584.74,382.91,0.20858
1236,14178,58409,33.567,606.62,377.5,0.23282
1239,13661,60502,45.074,522.12,224.45,0.39872
1240,15270,59451,30.307,454.76,278.33,0.24067
1241,15377,59580,21.931,983.82,663.92,0.19415
1242,13725,59202,26.903,512.9,198.48,0.44198
1242,15285,58627,31.664,523.9,292,0.28423
1242,15284,60255,32.769,240.85,279.55,-0.074377
1243,12435,59970,33.472,616.8,336.25,0.29437
1243,13185,59775,30.456,593.51,224.71,0.45073
1243,14933,58193,32.628,172.69,135.06,0.12228
1243,14968,59830,24.505,283.17,177.55,0.22925
1243,14987,58646,37.456,375.26,294.52,0.12054
1244,15219,59853,31.826,392.73,212.11,0.29863
1247,13233,58356,19.179,737.47,326.49,0.38627
1248,13155,58407,21.892,563.35,282.33,0.33229
1248,14901,58034,32.4,628.87,343.77,0.29312
1250,14157,58079,30.473,215.85,144.84,0.19687
1250,15273,59949,25.455,644.25,520.25,0.10648
1254,15232,59734,23.12,741.2,476.2,0.21768
1255,13516,60626,30.604,554.85,151.07,0.57199
1256,14126,59469,31.358,482.76,149.14,0.52796
1257,14783,59181,35.155,533.27,348.13,0.21005
1258,13129,59430,33.031,484.24,209.15,0.39672
1258,13665,58415,31.946,332.52,206.76,0.23321
1262,14490,59740,33.887,511.2,311.23,0.24316
1263,13250,58736,16.817,1505.5,893.74,0.25497
1263,13430,57857,16.846,730.35,305.18,0.41058
1264,12790,60520,31.114,518.87,190.58,0.46275
1264,13314,58043,16.318,1144.8,786.76,0.18537
1269,14683,59296,35.482,533.99,278.09,0.31512
1270,14955,59443,31.254,684.41,500.2,0.1555
1271,15026,59506,29.74,578.66,464.64,0.10929
1272,14037,60256,32.958,656.61,486.56,0.14876
1273,14228,60452,33.853,294.02,204.21,0.18025
1273,14771,59515,33.268,527.72,352.18,0.1995
1274,13444,59340,31.934,249.59,126.74,0.32644
1275,12430,58430,34.487,602.06,298.22,0.3375
1275,13737,60296,24.364,1042.9,631.98,0.24536
1278,14563,58168,31.511,453.18,221.76,0.34289
1280,14261,57997,11.407,632.75,205.5,0.5097
1282,15169,59342,27.121,568.44,202,0.47563
1284,13924,58983,30.244,745.41,468.18,0.22844
1284,14393,58989,33.675,513.27,532.66,-0.018537
1284,14935,58086,32.493,350.27,325.93,0.035988
1285,12883,58093,27.217,359.62,167.74,0.36385
1287,13198,58788,34.037,827.74,346.43,0.40991
1288,13954,59602,26.394,468.76,294.06,0.22903
1288,14818,60095,30.31,388.02,107.6,0.56578
1289,13177,60550,31.608,269.76,111.24,0.41607
1290,12791,60633,29.178,574.59,293.05,0.32449
1290,13357,59006,29.107,408.8,325.45,0.11352
1290,14756,57751,31.408,277.44,146.68,0.30833
1291,12932,57909,31.091,507,319.89,0.22627
1292,15365,59862,26.043,474.7,255.24,0.30065
1295,12963,59310,34.154,261.75,308.2,-0.081515
1295,14358,57892,26.276,628.94,266.68,0.40448
1296,13292,58388,24.121,695.93,397.48,0.27295
1299,12838,58196,29.295,502.25,352.09,0.17577
1301,14669,60495,28.132,693.16,289.23,0.41117
1303,13768,59677,19.017,1492.9,872.79,0.26212
1304,15256,58895,29.488,352.78,163.25,0.36729
1306,12908,60243,29.757,417.46,341.51,0.10007
1308,13751,58448,22.174,602.66,280.84,0.36426
1309,13679,58519,23.574,472.15,226.96,0.35072
1312,14493,59298,28.617,345.71,253.8,0.1533
1313,14568,59469,12.62,1030.1,236.91,0.62603
1316,13968,57976,26.752,632.61,305.23,0.34908
1319,15348,58299,37.857,440.89,394.18,0.055936
1323,12661,58202,33.882,529.25,243.63,0.36956
1323,13101,59434,28.08,542,344.71,0.22249
1325,13313,60481,29.985,889.69,690.78,0.12586
1328,12456,59210,29.686,1251.3,880.72,0.1738
1328,14063,60712,20.62,603.04,410.22,0.1903
1328,15150,59529,36.469,539.74,365.15,0.19293
1329,12572,58381,27.008,1048.9,831.84,0.11543
1329,14967,57805,21.608,580.92,471.15,0.10433
1329,15332,59599,27.395,664.87,450.34,0.19237
1330,14988,57883,21.349,370.71,186.24,0.33121
1330,15170,58718,27.652,631.29,395.02,0.23021
1332,13259,58386,26.542,503.2,188.42,0.45513
1332,15321,59103,26.234,808.73,715.66,0.061054
1334,12457,58930,29.915,708.17,1126,-0.22781
1336,14760,59421,26.801,599.28,346.31,0.26752
1339,13429,59356,25.532,593.71,354.46,0.25232
1339,13745,60358,20.992,731.51,445.99,0.24247
1340,13719,60216,21.592,483.22,370.88,0.13153
1341,13433,57932,23.891,636.84,456.58,0.16486
1342,13889,58521,34.662,923.98,385.57,0.41113
1345,13901,60462,30.529,423.31,294.7,0.17912
1348,13882,58542,36.639,135.29,116.55,0.074392
1349,14518,59506,18.966,825.42,331.01,0.42753
1350,14556,58886,32.404,410.17,302.06,0.15178
1350,14467,59359,22.496,802.19,725.43,0.050245
1351,14224,57945,21.44,379.94,263.56,0.18086
1353,13789,57914,30.097,333.6,274.5,0.097187
1354,15086,59354,22.631,968.4,265.71,0.5694
1355,13482,58150,22.684,525.27,286.69,0.29383
1356,14617,58726,21.391,1066.6,678.22,0.22259
1357,14181,58067,27.001,524.08,410.7,0.12129
1358,12712,60616,37.558,583.62,698.7,-0.089748
1360,13480,59360,36.339,322.44,250.68,0.12522
1360,13968,58460,24.618,610.11,371.44,0.24316
1361,13897,57950,26.824,917.65,810.51,0.061997
1364,15418,59881,15.912,860.35,577.71,0.19654
1365,13152,59912,27.519,619.45,642.56,-0.018313
1367,13775,58402,30.589,363.78,131.78,0.46816
1367,15410,59999,23.245,1003.9,389.36,0.44108
1368,15401,59824,24.271,1042.8,692.71,0.20172
1369,14938,58396,36.405,308.74,120.3,0.43923
1370,12892,59881,36.718,344.78,361.85,-0.024159
1370,13016,57915,31.033,595.04,241.54,0.42254
1370,15027,58460,28.035,324.62,285.41,0.064271
1370,15269,57847,27.955,944.07,676.53,0.16509
1370,15259,59810,29.688,679.66,502.24,0.15011
1371,15202,59628,31.487,522.08,383.99,0.1524
1372,14054,59395,29.523,755.92,476.72,0.2265
1372,14091,60637,22.578,841.59,341.09,0.42319
1372,14206,57984,24.661,346.33,202.9,0.26115
1372,14176,58916,35.799,1102.1,853.96,0.12684
1373,13979,59212,27.028,1276.3,626.31,0.34162
1376,14009,60714,26.218,544.5,431,0.11636
1377,14048,60274,34.848,275.14,213.24,0.12675
1378,13539,59952,22.745,473.14,296.45,0.22959
1379,13680,60123,33.696,605.69,138.01,0.62885
1380,13204,59561,31.129,811.16,208.24,0.59144
1381,13338,59950,20.111,965.09,669.66,0.18072
1381,15015,59297,22.901,357.08,154.13,0.39701
1386,14066,60608,28.495,791.57,734.19,0.037608
1387,13767,60614,28.615,1325.9,1051.7,0.11535
1387,13887,60619,30.245,1343.3,1101,0.099156
1389,13499,58321,23.425,880.51,568.73,0.21514
1390,13654,58024,36.272,402.54,406.57,-0.004973
1390,14252,59361,35.621,786.2,555.85,0.17164
1390,14257,59546,31.434,791.76,568.93,0.16376
1390,14850,60105,28.222,445.14,325.79,0.15482
1394,13487,59527,25.858,1064.6,727.97,0.18777
1395,13505,59360,20.195,582.69,260.84,0.38156
1399,13474,59028,23.851,768.32,546.41,0.16878
1402,13257,60165,30.471,367.34,250.08,0.18993
1402,15415,59944,19.403,1446.3,592.05,0.41909
1403,15203,60658,34.098,662.77,364.8,0.28997
1406,14191,60714,34.489,282.74,191.01,0.19364
1407,14266,58095,23.643,493.21,205.34,0.4121
1408,13272,60193,26.633,402.16,290.57,0.16108
1409,13114,60229,29.423,872.13,723.11,0.093418
1410,12532,57892,33.369,576.86,327.34,0.27595
1410,14274,60148,33.204,344.79,261.85,0.13672
1411,14244,60022,21.788,760.32,297.15,0.43799
1412,12527,60689,31.925,444.05,491.68,-0.050909
1412,14340,60140,27.374,435.98,380.76,0.067606
1413,12593,59786,30.447,382.21,146.56,0.44564
1413,12522,60464,25.28,599.98,307.83,0.32182
1414,12687,59867,27.72,1284.2,1046.3,0.10206
1415,12559,60700,28.017,384.93,251.39,0.20986
1416,12465,60633,26.381,649.2,665.99,-0.012772
1416,15203,60479,30.986,662.39,431.55,0.21101
1417,13167,58580,28.88,754.84,348.52,0.36826
1419,13629,60662,37.25,350.95,126.14,0.4712
1419,15337,58167,27.473,456.36,331.83,0.15799
1420,13460,60463,33.595,535.87,464.07,0.071805
1422,13577,59733,20.71,734.24,426.45,0.26517
1424,14009,60264,36.79,193.01,117.25,0.24421
1426,12470,60697,32.032,225.8,280.76,-0.10849
1427,13039,58621,35.322,284.68,182.81,0.21789
1429,12512,60708,27.654,519.47,388.31,0.14448
1429,12906,59385,30.045,321.54,388.01,-0.093677
1430,15180,60426,35.873,461.33,158.25,0.48917
1435,14256,59670,34.417,424.68,177.31,0.41092
1436,12979,58953,12.875,1881.6,323.17,0.70685
1436,13723,58274,30.692,320.18,144.23,0.37888
1438,13357,59758,38.441,229.71,101.85,0.38563
1440,15112,60622,32.659,355.88,132.75,0.45664
1441,12637,60151,29.429,810.5,678.46,0.088675
1441,14744,60507,24.055,495.02,165.75,0.49831
1443,13147,58430,27.296,668.52,440.97,0.20509
1444,13014,60117,32.948,397.23,203.72,0.322
1454,14228,58055,34.366,386.98,231.58,0.25123
1455,15011,58993,24.656,459.94,407.44,0.060534
1458,13903,60700,37.003,300.25,284.4,0.027105
1460,13137,58030,19.611,876.48,319.45,0.46577
1460,15127,59295,26.808,1039,460.64,0.38568
1461,13224,57770,23.855,540.13,244.6,0.3766
1461,15164,59275,23.264,1208.4,604.01,0.33347
1462,12647,58635,23.393,542.53,262.51,0.34784
1463,12714,60493,27.24,538.27,229.01,0.40306
1463,13327,58270,31.241,774.67,515.32,0.20105
1465,13483,59823,28.113,428.05,296.58,0.18143
1465,14931,57947,31.293,202.02,292.11,-0.18232
1466,13509,59802,31.633,472.85,145.8,0.52866
1466,15241,60298,31.196,276.2,111.94,0.4232
1468,13270,58974,28.958,559.46,388.03,0.18092
1468,15414,57796,32.325,418.75,205.05,0.34258
1469,13978,57881,27.058,523.32,218.14,0.41159
1469,15277,58932,35.316,377.36,300.77,0.11295
1470,13370,58887,30.267,364.26,267.75,0.1527
1473,13304,59903,31.061,569.46,359.01,0.22667
1473,14334,59217,31.587,285.21,122.3,0.39976
1474,14239,59205,23.505,439.51,274.11,0.23177
1477,14150,59117,34.366,475.49,194.21,0.42
1478,14044,59078,24.606,332.16,181.79,0.29256
1479,14294,58901,32.668,743.81,481.56,0.21402
1480,14288,57931,21.647,662.88,475.17,0.16495
1481,13157,57994,25.747,344.2,113.91,0.50269
1482,13107,58260,24.829,765.37,502.8,0.20705
1482,13930,60564,32.099,601.61,292.33,0.34597
1483,14961,60306,26.98,386.39,240.61,0.2325
1484,12923,58878,33.356,649.08,397.15,0.24079
1488,14132,57960,25.534,419,273.96,0.20931
1492,13077,58383,30.46,391.08,353.67,0.050231
1492,13405,59251,27.779,602.72,540.17,0.05473
1494,13442,57999,29.837,661.81,264.52,0.42888
1498,12465,59261,23.656,265.49,109.79,0.41488
1499,13347,58411,22.283,726.34,387.64,0.30405
1501,13098,58328,21.358,216.65,123.96,0.27213
1501,14999,60290,29.666,238.07,161.73,0.19094
1503,14203,58305,36.665,413.52,247.99,0.25023
1504,13679,60399,34.82,200.9,146.62,0.1562
1504,14123,58112,22.658,231.45,217.61,0.030805
1506,15096,59524,28.145,509.16,354.81,0.17864
1508,14846,59219,29.19,785.27,505.43,0.21681
1509,13609,59270,24.085,271.99,177.79,0.20944
1509,13641,58023,19.086,1030.8,823.15,0.112
1509,14919,59289,22.066,1461.2,989.73,0.19237
1509,14989,59617,34.644,930.39,599.54,0.21626
1510,14053,59759,34.213,619.45,315.95,0.32446
1511,13828,59611,23.509,268.2,159.57,0.25395
1511,15301,59769,23.081,1105.8,484.59,0.39061
1515,14064,60448,30.084,781.48,427.08,0.29325
1516,14356,58679,30.523,530.74,378.23,0.16778
1520,14112,58897,22.677,839.2,446.07,0.30588
1521,12951,60146,30.252,310.9,217.85,0.17597
1521,14089,58872,28.866,717.34,330.62,0.36902
1526,13179,59267,26.82,543.66,446.81,0.097776
1526,13629,58691,27.296,227.72,116.58,0.3228
1527,13309,59194,27.347,1277.8,454.5,0.47528
1527,13663,60701,34.211,611.73,348.78,0.27377
1527,14759,57885,34.286,340.12,527.12,-0.21562
1529,13779,58263,27.443,421.21,210.62,0.3333
1530,13089,57907,28.854,462.65,354.24,0.13271
1530,13872,57794,35.458,457.02,227.6,0.33511
1531,15109,60548,29.964,495.94,306.86,0.23552
1532,13869,59722,29.56,372.34,107.97,0.55042
1533,15073,59674,26.526,626.36,529.94,0.08339
1536,15258,58493,25.473,352.72,189.02,0.30216
1537,12950,58350,29.089,729.28,235.83,0.5113
1538,13211,58241,28.531,616.4,233.16,0.4511
1538,15303,58576,32.824,302.59,251.3,0.092616
1539,15398,58486,27.158,860.55,255.49,0.54214
1540,13251,58827,25.38,386.42,221.46,0.27136
1540,15414,58434,33.011,895.75,783.67,0.066734
1542,15248,58365,33.386,364.72,166.44,0.3733
1543,12809,60641,32.372,674.04,517.07,0.13179
1545,14020,58715,19.871,722.47,221.59,0.53056
1545,15017,59381,34.161,333.64,127.46,0.44716
1547,12911,57737,35.489,333.65,212.55,0.22172
1548,12730,58263,30.234,996.35,539.99,0.29704
1551,13909,60355,30.847,380.25,349.7,0.041849
1551,14878,59055,34.786,425.78,211.25,0.33677
1552,13966,60321,27.741,807.74,658.62,0.10169
1553,14017,60315,21.783,1099.7,747.09,0.19091
1559,13246,58917,24.222,774.68,477.8,0.23703
1560,15069,59652,35.309,562.5,208.22,0.45967
1561,12824,58316,35.922,337.27,284.88,0.084215
1561,13191,59220,32.383,465.21,380.26,0.10048
1564,12825,60180,29.466,393.54,209.17,0.3059
1570,14129,58455,30.616,201.6,137.45,0.1892
1571,14247,58950,26.504,450.4,321.35,0.16722
1571,14339,60583,29.485,183.42,107.6,0.2605
1572,14094,59047,33.489,445.92,298.35,0.19827
1572,15403,60185,39.32,281,242.64,0.073245
1573,14296,59915,30.503,917,651.51,0.16926
1574,13350,60125,39.732,622.41,424.52,0.18903
1575,13337,58869,30.937,542.51,530.19,0.011487
1578,15142,58077,30.725,385.74,556.07,-0.18085
1581,14965,59597,30.556,624.59,622.61,0.0015874
1583,15400,57895,27.322,796.9,465.2,0.26282
1585,15326,58448,33.144,322.83,312.69,0.015958
1586,14150,60486,31.055,454.92,157.7,0.48515
1586,15042,58777,29.707,658.45,463.32,0.17395
1588,13201,59391,30.814,799.4,490.68,0.23931
1588,14313,57927,29.33,551.84,164.99,0.53967
1591,13972,59476,21.275,735.49,210.57,0.55484
1594,13269,58948,20.532,615.73,167.16,0.57297
1596,12788,60476,36.064,652.83,305.11,0.36299
1597,12708,60523,36.621,407.59,211.59,0.31655
1601,13240,58917,18.07,461.58,131.65,0.55617
1602,13254,58937,13.232,543.92,117.2,0.64546
1604,13189,58973,16.928,1183.1,278.76,0.61861
1604,14059,58843,29.618,572.37,332.68,0.26483
1605,13229,58892,13.57,1212.2,465.22,0.4453
1605,14086,58615,32.521,848.5,620.76,0.15501
1606,14004,58734,32.402,373.8,224.66,0.24921
1606,14747,57738,32.918,673.32,568.25,0.084623
1607,13819,60597,30.293,277.03,185.11,0.19891
1608,13507,59362,32.736,417.16,189.66,0.3749
1608,14504,60325,23.032,590.18,395.95,0.19696
1609,15296,58245,32.883,535.67,323.36,0.24714
1610,13107,58495,19.159,823.07,384.06,0.36368
1610,14675,59573,34.516,421.14,210.92,0.33259
1610,15414,57924,31.39,562.94,397.87,0.17181
1611,14459,59861,27.168,660.58,442.1,0.19814
1612,13037,60216,30.353,355.73,269.92,0.13716
1612,15330,60461,31.08,228.13,157.65,0.18268
1614,13349,59712,33.2,922.38,642.62,0.17876
1614,13545,57934,23.553,448.66,238.16,0.30648
1614,14326,59193,32.736,759.51,486.67,0.21894
1615,13624,57974,29.284,327.75,164.99,0.33031
1615,14243,59185,26.892,516.45,310.05,0.24973
1615,15146,60088,29.17,386.98,162.69,0.40803
1616,14382,59714,30.141,366.8,407.53,-0.052598
1617,14894,59934,36.901,842.63,554.73,0.20603
1623,15385,58631,28.287,485.13,234.27,0.34871
1624,15181,58655,29.334,682.41,547.1,0.11005
1625,13680,58902,20.971,642.99,536.67,0.090129
1626,14283,59745,34.134,411.08,268.11,0.21049
1627,14272,58125,35.337,335.1,525.6,-0.22133
1628,14214,57976,22.593,717.94,558.5,0.12491
1628,14755,58443,33.972,400.04,276.63,0.18238
1630,14817,58743,31.989,360.75,190.27,0.3094
1633,15341,57867,30.762,666.19,459.39,0.18372
1634,13178,57849,30.874,607.64,406.67,0.19814
1634,13816,60325,21.597,1013.9,404.25,0.42988
1634,14290,59353,29.584,622.23,389.34,0.23023
1635,13212,58149,26.376,529.96,369.26,0.17871
1635,13881,58970,34.259,337.56,236,0.17707
1635,14204,60568,32.618,615.93,379.32,0.23773
1636,13905,59818,32.344,472.6,523.46,-0.051067
1637,12631,58347,29.98,499.11,393.24,0.11864
1638,12517,58263,28.703,790.58,412.38,0.3144
1639,14237,60322,22.711,662.47,203.3,0.53035
1642,14865,58627,37.706,485.19,477.98,0.0074847
1643,14706,58387,35.708,312.26,265.74,0.080487
1646,13273,59887,19.462,849.07,334.93,0.43424
1647,13418,60127,29.206,507.58,240.18,0.35761
1650,13175,57786,28.406,430.71,179.19,0.41239
1650,14445,59020,27.882,845.04,607.74,0.16334
1651,13087,57728,31.443,728.02,656.93,0.051329
1651,14279,59197,10.99,789.42,427.07,0.29786
1651,14962,60229,21.129,914.39,548.01,0.25053
1652,14267,59226,15.582,711.36,262.13,0.46146
1653,13220,58757,29.368,227.58,250.76,-0.048454
1653,13698,60409,22.643,863.01,274.51,0.51736
1655,13514,59825,34.432,572.42,449.94,0.1198
1656,15156,57748,19.011,512.15,349.53,0.18873
1657,14266,58601,32.079,314.53,231.74,0.15155
1661,13506,59757,31.55,615.14,369.1,0.24998
1671,13447,59149,23.21,649.22,325.66,0.33189
1673,13752,59720,27.627,528.47,215.78,0.42014
1675,13732,59758,35.742,314.42,268.48,0.078806
1675,15227,58432,27.325,332.36,267.81,0.10755
1676,13803,59586,30.631,504.7,509.39,-0.0046221
1677,13734,59424,29.803,969.05,573.81,0.25618
1678,12656,59219,32.481,413.08,227.9,0.2889
1678,14038,59481,33.353,495.91,308.89,0.23237
1678,14046,59791,32.554,568.59,374.36,0.20598
1679,13848,59896,28.351,301.56,146.51,0.34603
1680,13614,60334,29.492,365.11,260.12,0.16791
1681,13451,57975,35.806,961.11,499.96,0.31562
1682,13409,58161,22.98,880.07,471.78,0.30202
1683,14452,59107,31.908,287.79,144.31,0.33204
1685,13106,59457,32.607,550.61,390.71,0.16987
1686,12971,59400,25.305,526.89,171.46,0.50896
1687,14224,59210,21.498,486.35,140.82,0.55094
1688,14486,59623,30.841,456.36,254.4,0.28416
1689,12713,58445,28.416,774.83,741.11,0.022242
1690,13066,58366,17.387,985.48,593.66,0.24812
1691,13078,58256,27.421,528.47,461.68,0.067454
1692,13182,58333,24.144,672.95,357.36,0.3063
1692,13794,60618,31.306,646.66,529.75,0.099376
1693,13331,57921,26.071,825.93,562.87,0.18942
1693,13416,58807,34.831,781.4,263.92,0.49505
1697,15263,59123,28.39,637.8,166.27,0.58642
1700,14570,59828,31.035,979,411.48,0.40815
1701,13628,60676,32.274,487.35,261.83,0.30103
1702,14898,58256,35.329,441.67,325.08,0.15206
1703,14860,58123,30.608,368.02,132.59,0.47029
1704,14858,58938,34.239,157.51,108.17,0.18573
1707,13335,60191,32.256,249.3,177.94,0.16704
1707,14965,59079,30.445,179.3,175.98,0.0093407
1708,14383,60556,29.009,431.43,235.04,0.29467
1709,13449,59951,24.257,503.38,274.49,0.29426
1709,14303,60632,30.398,374.01,154.43,0.41553
1710,13541,59684,27.304,502.7,287.05,0.27305
1710,15281,59333,22.567,472.49,283.59,0.24984
1712,15264,58846,33.662,658.92,507.84,0.12949
1714,14173,57939,24.224,445.84,239.64,0.30081
1716,13288,59640,37.896,465.52,292.98,0.22748
1717,12828,58688,30.565,815.2,628.14,0.1296
1717,14202,57985,16.265,437.46,153.18,0.4813
1718,12706,59560,37.425,355.22,247.89,0.17797
1718,14408,58750,34.846,237.75,142.97,0.24894
1721,14828,59557,31.518,356.02,284.13,0.1123
1721,14787,60635,24.993,536.72,314.18,0.26153
1723,14176,60371,28.397,775.57,600.08,0.12757
1724,15230,60175,34.22,367.58,223.13,0.24454
1726,12910,57974,24.81,565.45,246.88,0.39217
1726,13313,59857,28.739,640.32,457.98,0.16601
1727,14828,59483,27.563,509.09,195.62,0.44483
1729,14259,59174,13.786,429.15,385.33,0.053798
1732,14642,59390,30.16,805.43,322.94,0.4276
1733,13678,60022,21.527,432.28,240.78,0.28452
1733,15204,58838,26.807,318.63,271.21,0.080383
1733,15390,57873,34.044,412.18,262.32,0.22219
1734,14912,59334,26.267,622.73,198,0.51751
1736,13515,58484,26.565,504.54,397.06,0.1192
1739,12696,60479,24.435,1183.2,985.9,0.09094
1739,13565,58392,31.532,303.54,234.9,0.12747
1740,13117,58496,18.394,1108.6,689.57,0.23302
1740,14352,60688,33.08,666.15,365.46,0.29147
1745,15419,59708,28.566,690.68,226.79,0.50561
1748,13263,58657,34.113,573.01,238.39,0.4124
1752,14629,58794,35.03,330.3,203.95,0.2365
1755,13372,58782,21.012,403.85,182.34,0.37789
1756,12700,58030,22.435,371,294.15,0.11554
1758,13425,57850,32.018,396.44,250.83,0.22496
1759,13368,57878,26.439,431.84,152.67,0.47761
1759,13948,60404,24.884,378.57,216.33,0.27271
1760,14044,60430,29.705,446.24,344.06,0.12929
1761,14118,60531,28.7,438.7,323.11,0.15173
1773,13150,58347,13.62,696.02,287.42,0.41547
1774,13258,58474,14.447,902.25,417.26,0.36755
1775,12961,60535,38.297,546.68,547.87,-0.0010841
1775,13340,58575,15.469,928.36,454.42,0.34275
1775,15328,59406,24.035,863.35,653.89,0.13805
1776,13098,58443,16.934,1452,601.39,0.41426
1776,14493,60137,22.159,783.16,168.5,0.64588
1777,13151,58313,11.824,1271.6,361.29,0.55747
1777,14991,60115,29.272,446.12,177.38,0.43103
1777,15117,59332,26.369,535.14,317.68,0.25499
1778,12864,58425,23.307,630.17,183.11,0.5497
1778,13616,60479,17.841,775.41,400.17,0.3192
1778,15157,59211,26.896,465.57,217.06,0.36405
1779,12686,58498,24.225,1104.6,498.22,0.37833
1780,12871,58567,19.497,1219.8,506.35,0.41331
1781,12870,58489,16.491,1859.2,848.56,0.37323
1781,13527,57836,23.188,834.94,211.79,0.59534
1781,13891,59409,24.236,581.39,292.43,0.33068
1781,14941,59059,26.107,289.31,160.69,0.28581
1782,13002,57903,24.104,915,541.45,0.25648
1782,12986,58491,15.001,1629.5,901.98,0.2874
1782,13139,60668,32.235,485.59,227.49,0.36195
1783,12977,58219,20.543,1118.1,493.61,0.38747
1783,14715,59527,27.398,475.97,416.18,0.06702
1784,12802,58202,20.985,1666.1,640.36,0.44474
1784,14570,60221,24.068,991.6,370.69,0.45578
1786,14771,60453,23.764,409.15,206.96,0.32817
1789,12464,58552,27.552,369.92,146.17,0.43354
1791,12742,60437,23.232,543.9,204.05,0.45438
1792,12599,60568,26.3,666.07,284.9,0.40082
1792,15323,59228,35.872,400.1,214.4,0.30221
1793,13651,59962,25.353,626.15,342.23,0.29319
1793,14301,59150,16.381,626.16,486.12,0.1259
1794,14245,59149,18.704,453.64,251.94,0.28586
1796,12581,59087,35.207,316.2,139.97,0.38633
1796,13531,60396,31.61,391.1,238.36,0.24265
1799,13025,58159,23.99,623.12,384.38,0.23696
1801,14166,57962,18.836,547.79,435.13,0.11462
1802,12768,59096,33.398,656.1,524.08,0.11187
1802,14075,57932,40.343,228.41,355.3,-0.21739
1803,12696,59214,33.152,509.9,213.25,0.41021
1803,14103,58128,28.201,926.61,581.15,0.22912
1804,13551,59960,39.116,366.22,364.35,0.0025679
1804,14132,57911,15.201,1045.2,693.64,0.2022
1806,12766,59318,27.34,724.86,180.6,0.60109
1806,13400,60437,37.165,692.67,261.04,0.45258
1808,13037,59250,23.369,418.03,259.57,0.23385
1808,13203,60309,27.246,748.4,548.78,0.15389
1809,13197,59339,19.782,400.41,110.78,0.56658
1809,13946,59573,25.546,350.46,239.21,0.18867
1810,13229,57793,29.079,541.7,188.81,0.48308
1810,13233,59544,22.757,513.6,122.21,0.61558
1811,13092,59497,29.272,565.41,244.23,0.39669
1812,13274,58715,30.928,823.56,227.33,0.56736
1813,13033,59456,26.921,509.46,121.22,0.61559
1813,14723,59878,37.19,604.06,165.63,0.56962
1814,13467,58009,35.974,716.55,490.46,0.18731
1815,13411,59505,18.739,1229.8,547.79,0.38366
1816,13492,59480,26.937,481.51,293.99,0.24181
1816,13847,58365,23.811,435.99,442.28,-0.0071571
1816,14482,60590,25.415,538.53,226.78,0.40736
1817,13575,59374,25.623,581.94,225.89,0.44075
1817,14525,60716,22.427,919.43,678.86,0.15052
1818,13758,60059,23.606,700.79,216.3,0.52829
1819,14927,58263,30.972,1016.9,287.52,0.55917
1820,12871,58242,22.603,849.16,430.27,0.32741
1820,13608,59358,16.269,982.68,529.3,0.29986
1821,13646,59392,18.644,681.5,230.01,0.49532
1821,14105,60088,25.482,892.78,494.33,0.28725
1822,13627,59289,25.635,690.91,218.88,0.51883
1822,14458,59213,35.798,537.81,241.87,0.37956
1823,14370,58951,26.685,704.72,364.7,0.31795
1825,12658,60610,20.317,978.18,857.44,0.065778
1825,13438,58916,16.882,527.95,270.83,0.3219
1826,13464,59141,27.531,431.65,257.22,0.25321
1826,15264,60407,27.363,285.56,167.57,0.26041
1827,13816,58948,23.523,443.24,114.06,0.59068
1828,14821,60123,33.943,474,438.12,0.039334
1829,13633,59013,37.7,363.46,354.4,0.012612
1829,14669,60210,23.476,743.07,552.34,0.14724
1830,14835,60000,24.119,275.07,106.81,0.44062
1833,12667,60617,27.832,573.89,386.58,0.19502
1833,13168,58406,37.512,273.45,108.23,0.43286
1834,14865,60534,35.518,375.55,591.4,-0.22323
1836,15309,59151,24.808,455.02,105.75,0.62284
1841,13896,59148,24.94,428.46,335.62,0.12151
1843,14725,59318,34.309,368.46,463.83,-0.11459
1844,14785,59421,23.662,499.67,264.47,0.30779
1845,13679,58433,30.644,383.34,154.9,0.42442
1845,14709,59526,30.885,317.27,153.32,0.34838
1846,13481,58370,25.457,644.86,332.38,0.31976
1846,13722,59616,28.217,533.12,366.76,0.18486
1847,13435,58144,19.323,715.36,360.39,0.32997
1847,13577,58646,36.855,752.79,765.46,-0.0083459
1847,15110,58976,32.732,364.3,185.22,0.32588
1848,13734,60067,25.373,375.08,255.96,0.18876
1848,14165,57947,28.433,700.02,521.39,0.14625
1849,14640,60251,26.059,428.6,385.41,0.053054
1851,13739,59494,29.342,444.69,370.24,0.09136
1851,15128,59475,28.582,356.14,275.67,0.12737
1853,14268,57995,13.969,563.19,155.27,0.56778
1855,12963,59140,36.299,429.54,279.56,0.21151
1855,13409,58049,25.938,558.81,978.13,-0.27283
1856,13038,60356,38.556,227.2,274.39,-0.094074
1856,15337,59253,38.014,371.9,165.95,0.3829
1858,13076,59080,34.366,508.9,157.04,0.52837
1859,13430,58418,33.001,391.78,160.04,0.41995
1859,14250,58125,30.204,443.87,272.19,0.23976
1861,13216,58569,32.208,314.29,214.33,0.18909
1862,12571,60656,31.909,704.86,455.97,0.21441
1862,13213,58505,29.286,382.7,229.15,0.25096
1863,12830,60511,31.599,850.95,433.76,0.32474
1864,12859,60595,36.78,581.48,308.03,0.30742
1867,12453,59872,37.237,331.2,120.64,0.466
1867,13372,60435,33.327,584.4,345.32,0.25716
1868,14927,59630,25.912,298.36,139.41,0.36308
1869,12977,58261,32.714,603.48,499.04,0.09472
1869,14527,59104,34.275,492.16,307.84,0.2304
1869,15019,58696,32.696,427.1,274.3,0.21785
1870,15359,58030,32.009,538.06,364.36,0.19248
1871,14766,58900,35.68,601.22,630.94,-0.024118
1872,14067,60008,36.067,838.89,430.38,0.32185
1876,12646,60485,21.518,559.64,211.46,0.45154
1880,12544,58556,30.889,724.35,287.14,0.43224
1882,12854,60665,30.868,452.53,635.45,-0.16812
1885,14290,60039,26.494,867.15,788.78,0.047327
1886,13789,60694,31.899,347.24,382.98,-0.048951
1891,14042,60481,23.268,849.43,140.94,0.71538
1892,15385,60085,33.917,370.55,208.2,0.28052
1894,13346,59339,34.783,345.26,339.66,0.0081777
1896,14289,58104,22.998,718.39,505.89,0.17357
1897,12671,59092,22.916,1021.5,807.27,0.11717
1897,13519,60632,17.895,1154.1,982.32,0.080423
1898,13628,60483,17.136,1456.7,1019.1,0.17675
1899,13063,60391,25.401,337.88,168.67,0.33404
1900,14886,59435,33.939,289.45,132.22,0.37287
1901,13001,58796,22.17,544.77,129.65,0.61552
1904,12950,58460,20.236,834.55,401.34,0.35052
1905,12889,58270,30.895,887.15,353.75,0.42985
1905,14192,59794,26.955,633.8,502.82,0.11523
1905,15326,59781,29.188,515.13,262.11,0.32553
1907,13144,60354,39.124,526.58,393.24,0.14496
1907,14916,58295,37.011,306.02,111.02,0.46757
1911,13038,59448,30.485,343.21,258.82,0.14018
1911,13536,57993,27.404,399.33,307.12,0.13053
1912,12439,60159,35.931,251.24,152.69,0.24397
1912,13121,58095,28.374,1328.9,596.53,0.38038
1915,12740,60656,30.722,369.9,203.89,0.28931
1916,12563,60632,24.596,525.46,281.32,0.30261
1917,14455,60588,27.183,862.21,623.58,0.16061
1919,12665,57860,29.833,417.9,316.59,0.13792
1921,12543,58045,31.012,204.45,134.28,0.20717
1925,13310,59582,31.307,730.37,641.64,0.064667
1930,12660,59229,36.771,476.68,267.06,0.28185
1931,12787,59386,35.015,882.04,435.33,0.33909
1933,13306,59021,25.337,519.85,212.5,0.41968
1934,13239,59031,28.112,440.42,461.82,-0.023713
1934,14083,59698,22.524,464.84,402.92,0.071355
1935,12876,59081,41.474,401.58,264.8,0.20526
1936,14473,59401,26.665,747.15,588.31,0.11894
1937,12847,60236,30.71,342.63,209.16,0.2419
1937,13532,59458,33.337,297.29,181.04,0.24302
1937,15109,60619,25.689,827.88,328.6,0.43173
1938,13670,59358,33.747,699.85,338.53,0.34797
1945,14434,60057,34.766,271.36,153.49,0.27744
1946,14074,59569,28.052,502.62,413.53,0.097238
1949,13671,58623,25.735,537.75,430.24,0.11106
1950,14349,60380,24.379,653.19,296.6,0.37543
1951,13367,58999,23.855,617.92,121.52,0.67131
1952,15100,59843,33.026,615.53,462.24,0.14223
1954,14179,60432,34.634,413.46,299.14,0.16043
1955,13290,58319,25.209,541.84,410.96,0.13737
1956,13775,59114,34.639,423.77,277.99,0.20774
1957,13307,58671,23.348,1064.1,749.98,0.17314
1957,13618,59231,24.923,784.43,411.64,0.31167
1958,12793,59846,32.31,468.5,246.33,0.3108
1958,13114,58932,21.981,885.07,317.72,0.4717
1958,14729,59421,31.213,582.27,336.08,0.26808
1959,14306,59004,32.05,811.66,299.05,0.46152
1959,15063,59860,28.622,995.67,466.74,0.36168
1960,13538,59587,28.843,335.36,234.41,0.17718
1960,14128,59412,32.461,905.45,498.51,0.28985
1960,15162,58777,33.018,445.49,107.53,0.61112
1960,15261,59734,24.732,576.79,349.1,0.24591
1961,14388,59433,34.653,335.13,491.37,-0.18904
1963,12835,58668,24.862,474.55,232.02,0.34324
1965,12618,58740,31.447,383.56,178.92,0.36382
1965,14830,58697,33.598,536.06,424.81,0.11578
1966,12967,58486,32.719,757.28,689,0.047212
1967,13453,58427,26.667,860.39,373.97,0.39406
1970,13714,59184,28.872,475.11,477.85,-0.0028765
1970,15318,59872,36.075,651.91,198.51,0.53315
1972,13254,58985,26.022,806.98,241.4,0.53949
1974,15181,60006,30.24,509.79,351.36,0.18398
1982,12973,59546,27.808,377.67,248.79,0.20572
1986,15393,58097,30.945,419.68,252.06,0.24953
1987,15298,59289,35.943,593.33,377.35,0.2225
1989,12953,58405,32.328,615.42,521.36,0.082737
1993,14278,60088,31.876,677.39,540.25,0.11263
1994,13028,59295,29.121,741.38,602.53,0.10332
1994,14791,60491,26.855,408.11,156.26,0.44625
1996,12735,58540,32.214,648.77,551.44,0.081101
1996,13764,60284,33.779,285.99,161.65,0.27776
1998,12716,58000,29.264,647.05,833.04,-0.12566
1999,12857,57975,32.51,277.1,203.77,0.15249
2000,12874,57872,26.483,449.99,171.62,0.44782
2004,14496,59143,29.037,562.91,132.06,0.61995
2005,15311,59234,23.029,567.8,325.94,0.27061
2007,14363,59229,34.78,870.07,493.56,0.27611
2010,12832,58800,34.718,472.4,220.3,0.36394
2010,15160,58659,36.931,462.66,293.45,0.22378
2011,14205,58507,32.175,297.88,236.57,0.11473
2011,14112,60202,20.267,778.42,545.39,0.17603
2012,13294,60627,34.088,381.01,106.88,0.56186
2012,15099,59535,29.643,762.73,622.89,0.10092
2012,15105,59552,36.191,563.73,465.49,0.095444
2013,13118,58847,26.924,579.39,388.94,0.19668
2013,13158,59418,34.214,462.19,561.97,-0.097423
2013,13459,60473,27.552,603.08,279.91,0.366
2014,13749,58760,24.165,810.1,323.87,0.42879
2015,14415,60329,30.87,219.27,101.36,0.36775
2016,15364,58111,24.307,1238.4,818.75,0.204
2018,13402,58274,15.45,1070.1,136.49,0.77377
2018,14041,59733,35.333,565.77,441.99,0.12283
2019,14204,59744,32.068,430.65,155.68,0.46896
2019,14374,58706,23.717,419.77,205.09,0.34356
2020,12968,58198,25.358,889.93,680.55,0.13332
2020,15255,58168,33.382,394.63,191.1,0.34748
2021,14250,59169,15.383,766.77,377.51,0.34018
2025,14158,59837,26.184,417.75,337.98,0.10555
2026,12987,58699,31.936,454.89,151.85,0.49946
2026,14083,59889,25.386,694.14,472.55,0.18993
2027,14143,59850,31.207,564.31,344.23,0.24224
2028,14578,58640,28.295,426.23,126.08,0.54345
2028,15416,59202,28.78,310.16,116.99,0.45222
2029,14973,60611,32.933,242.93,136.31,0.28115
2030,13244,57962,31.124,282.29,203.39,0.16245
2031,15261,59166,28.757,582.23,277.23,0.35488
2032,13204,58064,25.584,638.53,325.23,0.32508
2032,15037,59105,24.998,527.47,207.8,0.43477
2033,13520,57993,30.489,596.38,299.82,0.33092
2033,13757,59635,31.967,383.32,332.41,0.071134
2034,15109,60380,30.395,719.23,596.08,0.093626
2035,14297,60320,36.543,537.46,352.98,0.20718
2036,12763,60600,39.062,225.45,142.96,0.22392
2037,13674,60149,20.077,1226.3,667.36,0.29516
2038,14208,57997,12.26,672.26,340.4,0.32771
2039,14282,58060,36.898,535.51,275.23,0.32104
2040,15341,59807,33.736,564.63,464.96,0.096802
2041,15390,59939,28.684,437.97,237.55,0.29668
2043,14079,59971,30.324,448.33,265.01,0.25699
2043,15029,58947,34.667,516.15,249.39,0.34846
2045,14483,59659,26.431,569.77,210.07,0.46125
2046,13872,60684,19.333,1317.1,402.54,0.53184
2046,14320,59375,24.179,563.14,416.98,0.14912
2047,12491,58417,37.11,919.33,729.13,0.11538
2047,14587,60374,35.257,225.18,121.67,0.29843
2050,14417,58666,38.434,395.26,305.49,0.1281
2054,13665,59918,34.028,277.19,136.15,0.34121
2054,15272,58540,30.777,440.72,296.94,0.19491
2055,12963,59726,30.307,909.12,792.89,0.068286
2057,12884,60296,27.728,406.48,165.97,0.42015
2061,13594,59892,21.057,603.45,234.74,0.43989
2062,13112,59380,28.028,801.58,362.95,0.37666
2063,14621,60687,30.022,352.13,262.55,0.14574
2067,13278,58707,36.021,361.18,344.27,0.023982
2069,12638,58810,34.573,700.37,462.23,0.20483
2071,13560,58959,18.959,883.46,646.99,0.15451
2072,13397,59093,22.714,656.76,377.36,0.27018
2073,13190,57793,28.534,639.19,409.47,0.21906
2073,13191,60120,30.949,514.54,329,0.21996
2073,14927,58584,40.352,406.13,249.65,0.23862
2075,12654,57985,33.072,1290.4,797.64,0.23597
2075,12784,58498,34.344,742.67,502.36,0.19302
2075,13220,60499,31.24,552.36,120.24,0.64246
2075,15120,60715,29.069,303.13,172.85,0.2737
2076,14764,57882,29.786,238.19,219.07,0.041809
2077,12753,58021,34.351,453.62,319.12,0.17406
2077,15175,59469,28.373,606.58,277.22,0.37266
2078,12623,60185,32.693,432.31,297.19,0.18522
2079,12818,60336,34.139,563.94,278.52,0.3388
2080,13162,58548,28.829,255.58,177.43,0.18047
2080,13532,59537,33.171,496.07,355.4,0.16521
2081,13236,58632,22.305,704.4,430.18,0.24169
2082,12590,60596,23.01,800.37,422.82,0.30866
2082,13852,59059,34.786,553.68,387.63,0.17639
2090,14742,58131,29.125,605.59,393.91,0.21179
2091,13781,60551,34.417,243.16,226.91,0.034577
2093,13080,59325,28.547,476.44,328.26,0.18414
2094,13780,59413,33.298,268.23,211.86,0.11741
2095,14896,60709,27.926,544.71,258.96,0.35556
2096,14810,59378,30.253,679.64,327.29,0.34992
2097,14231,57999,19.715,436.21,349.1,0.11092
2097,14738,59072,36.445,742.96,461.22,0.23396
2098,15005,59747,27.751,749.75,537.79,0.16463
2103,14485,59086,28.543,944.75,569.66,0.24768
2105,15355,59686,30.551,532.44,290.11,0.29461
2106,15001,58877,28.034,430.23,284.62,0.20368
2106,15408,59031,14.665,717.15,634.83,0.060888
2107,12685,59944,30.67,694.45,443.18,0.22087
2108,12755,58357,22.557,422.05,161.91,0.44547
2109,12533,60457,27.519,914.57,591.88,0.2142
2110,12896,58956,33.126,855.8,530.07,0.23504
2112,13553,60278,25.027,421.33,298.94,0.16992
2112,13989,57948,37.423,420.57,371.69,0.061697
2114,14281,60007,28.795,408.09,354.98,0.069603
2117,14633,57748,29.65,627.65,408.92,0.21101
2119,12939,57770,24.809,613.27,309.38,0.32937
2121,13373,59807,25.947,462.99,245.21,0.3075
2122,12739,60556,25.114,715.31,448.58,0.22917
2122,14268,59769,32.071,250.86,166.37,0.20251
2122,15267,57815,21.883,891.32,461.89,0.31734
2123,12504,60577,25.597,450.91,443.64,0.0081295
2123,12921,57863,29.926,597.13,293.76,0.34052
2126,13714,59074,41.218,358.7,176.95,0.33929
2129,13137,58767,19.836,1704.4,1300.9,0.13427
2129,14940,58941,26.641,561.69,346.28,0.23724
2130,13206,58618,23.654,805.82,514.89,0.22028
2130,15371,59846,35.971,231.85,229.31,0.0054976
2132,14723,60672,33.031,694.29,292.54,0.40711
2133,15281,59155,27.109,473.51,314.88,0.2012
2133,15327,60721,23.703,625.48,423.19,0.1929
2135,14683,60321,35.867,630.61,543.67,0.074038
2135,14691,60459,25.116,978.45,931.21,0.02474
2139,13654,59379,38.705,355.37,121.55,0.49027
2139,14882,59791,26.342,436.01,267.12,0.24019
2141,14420,58966,36.809,398.61,259.81,0.21081
2141,15062,58131,32.205,544.82,309.69,0.27517
2143,14907,59135,33.225,437.11,163.71,0.45504
2144,14510,59768,29.601,444.53,251.62,0.27711
2144,15069,59292,24.936,324.62,114.79,0.47752
2145,12945,60166,33.403,490.3,260.86,0.30546
2146,12956,60101,27.565,439.24,245.28,0.28336
2148,13790,59413,25.9,414.3,121.46,0.5466
2151,13692,60359,27.811,742.17,395.57,0.30464
2152,12678,59495,37.009,369.09,360.54,0.011721
2152,14034,59386,33.45,736.16,468.45,0.22223
2155,14968,57847,36.324,216.77,255.11,-0.081233
2156,14978,57848,23.112,248.1,365.59,-0.19144
2157,14977,57863,30.687,494.27,555.08,-0.057945
2160,12929,58040,29.212,579.06,314.95,0.29542
2161,14261,58004,20.926,591.54,330.54,0.28305
2165,13585,58738,35.767,230.77,107.22,0.36555
2167,12992,60125,25.395,1148.6,661.16,0.26934
2167,15083,58334,36.634,587.79,538.74,0.043541
2168,12889,59998,30.286,520.31,544.94,-0.02312
2169,15419,60097,38.541,224.78,305.07,-0.15154
2172,15406,59357,23.41,300.58,235.76,0.12086
2176,12561,57758,27.232,594.21,214.52,0.46949
2177,13225,60042,24.963,434.55,275.76,0.22355
2178,13220,59919,16.741,437.79,290.07,0.20295
2181,14697,57972,22.171,393.12,123.3,0.52249
2183,12804,59641,23.32,517.85,301.82,0.26356
2184,12815,59612,27.797,531.76,168.09,0.51964
2185,12760,59850,34.775,587.02,313.61,0.30357
2185,14191,57982,11.882,746.49,500.43,0.19733
2186,13113,58233,31.052,128.95,105.08,0.102
2187,14812,60084,27.217,495.26,322.82,0.21078
2187,15413,58407,31.425,529.1,302.68,0.27221
2188,13105,60429,33.554,188.59,107.24,0.27497
2188,15361,59046,27.303,663.92,432.85,0.21068
2189,13602,58758,31.332,567.19,264.53,0.3639
2189,14810,59697,21.424,1277.6,536.38,0.40862
2190,14184,58083,31.267,274.55,194.24,0.17131
2190,14900,59531,29.136,312.71,162.33,0.31657
2191,13068,57747,29.466,394.7,314.69,0.11279
2192,14219,58119,25.43,325.37,141.3,0.39442
2193,14588,60563,22.525,715.99,467.17,0.2103
2194,13669,59836,25.538,354.7,198.4,0.28261
2194,15224,60553,25.813,770.18,434.2,0.27896
2195,12931,58551,22.119,1085.5,294.83,0.57282
2195,13882,59917,34.682,815.77,540.3,0.20314
2195,14609,60334,26.364,1118,840.34,0.1418
2197,13224,58371,29.043,367.47,172.22,0.36178
2197,14662,59380,27.187,527.2,393.34,0.14542
2200,13463,58747,28.671,442.75,469.36,-0.029165
2200,15009,60493,33.386,351.79,239.04,0.19082
2202,14379,59364,30.721,563.03,312.26,0.28651
2202,14932,57882,12.582,422.91,319.31,0.13958
2203,14190,59324,29.387,806.22,516.68,0.21887
2203,14536,60404,19.942,502.29,239.07,0.35505
2204,14169,57816,30.572,395.38,198.71,0.33105
2205,13868,59198,30.692,259.69,118.65,0.37279
2206,13904,59701,32.9,363.41,204.14,0.28063
2206,15033,59816,31.447,341.24,163.9,0.35107
2207,13493,60672,23.055,658.18,442.16,0.19632
2207,14033,59226,32.757,506.25,237.78,0.36082
2207,15366,59884,31.996,386.04,279.39,0.16026
2215,13182,59439,29.643,514.28,374.43,0.15736
2216,13877,60054,31.808,699.23,521.74,0.14537
2217,15211,59664,26.828,535.9,204.69,0.44722
2218,14226,59429,37.598,471.29,304.01,0.21576
2219,13886,59408,25.136,626.44,411.69,0.20686
2220,12694,58020,31.764,819.64,357.47,0.39263
2220,13835,59335,26.799,482.91,253.73,0.31111
2222,14706,58233,38.525,298.72,122.06,0.41985
2223,15106,58052,31.483,531.95,281.13,0.30848
2224,13075,58300,29.979,671.1,427.31,0.22195
2224,14959,57907,38.239,461.57,327.21,0.17035
2225,13206,57880,25.812,873.8,485.66,0.28551
2226,13063,57851,21.006,461.82,232.72,0.32985
2227,12944,57928,27.04,758.31,537.07,0.17079
2228,12537,58111,33.178,522.62,196.34,0.45381
2235,13651,58732,23.512,791.17,437.65,0.28769
2235,14946,58963,26.934,738.94,327.82,0.38539
2236,13320,58336,23.693,1851.3,874.41,0.3584
2237,14311,60339,25.636,570.44,238.82,0.40978
2238,13325,59364,23.317,662.66,436.66,0.20558
2239,13465,60130,28.822,813.59,496.48,0.24206
2239,13722,59156,27.73,1004.5,379.13,0.45198
2239,14721,58971,35.279,571.84,324.54,0.27588
2241,13497,59319,29.578,381.09,335.32,0.063879
2241,14763,59027,37.541,335.06,130.86,0.43828
2242,13190,59378,34.055,430.47,278.65,0.2141
2242,14665,58967,24.534,505.96,511.27,-0.0052126
2243,14639,59572,35.165,442.23,347.25,0.12031
2244,13972,59798,31.233,703.46,306.82,0.39261
2245,14476,59150,27.304,667.27,297.89,0.38272
2245,14918,57966,29.322,517.33,410.2,0.11549
2257,13779,58048,22.704,682.45,313.45,0.37052
2257,15400,58972,21.113,661.41,280.48,0.40444
2258,15414,59072,17.196,395.35,317.82,0.10872
2259,13805,58355,23.401,674.18,313.5,0.36518
2259,15348,60491,29.291,635.14,353.35,0.28508
2260,15206,59724,24.486,706.3,170.74,0.61064
2260,15206,60583,30.135,394.34,234.76,0.25366
2261,14053,59041,30.761,443.97,261.05,0.25945
2263,12792,58460,23.161,685.16,356.59,0.3154
2263,13581,59843,23.746,934.72,586.16,0.22918
2265,13245,59552,25.837,1045.1,914.26,0.066791
2266,13637,60588,26.001,599.18,411.47,0.18573
2267,13155,59476,21.344,943.33,758.78,0.10842
2269,12919,59791,24.636,703.74,330.16,0.36133
2269,13492,59208,31.38,1135.2,1185.1,-0.021487
2270,13016,59723,32.053,532.53,376.14,0.1721
2270,13405,58945,21.18,796.67,678.45,0.080142
2270,13797,60588,25.335,420.28,166.36,0.43284
2271,13141,58752,23.516,705.14,501.91,0.16837
2271,13702,60557,27.12,600.78,351.64,0.26158
2273,12938,59008,35.621,584.28,447.49,0.13258
2275,13575,58232,33.564,841.08,582.49,0.18165
2276,13549,58328,30.531,449.98,115.91,0.59034
2276,14262,59777,33.345,459.45,383.21,0.090471
2276,14636,60419,25.865,372.5,160.95,0.39656
2277,14167,59964,32.1,455.91,485.52,-0.03146
2277,14671,60355,30.333,453.15,170.39,0.45348
2278,13934,60011,21.811,904.45,539.51,0.25274
2278,14615,60200,32.745,507.51,217.39,0.40022
2278,14848,58519,31.948,504.98,294,0.26406
2278,15383,58570,31.562,698.2,462.13,0.20346
2285,13910,60307,28.337,852.51,415.87,0.34425
2286,14178,60031,22.651,995.5,501.32,0.33015
2287,14043,60169,21.958,377.37,169.56,0.37996
2288,12761,58128,27.46,325.73,137.44,0.40654
2288,14057,60191,32.847,329.07,263.52,0.11063
2289,13014,58652,26.411,811.96,503.05,0.23492
2290,13315,59083,25.048,392.83,487.66,-0.10771
2291,13796,58210,31.231,654.02,279.16,0.40171
2292,13934,60129,30.769,436.1,359.46,0.096336
2292,14839,59024,32.115,669.01,505.21,0.1395
2293,14035,60187,28.644,363.33,248.86,0.18698
2294,14090,60191,35.648,1078.7,405.26,0.45381
2295,14116,60126,25.951,417.53,257.06,0.23787
2296,14129,60043,37.285,380.39,324.05,0.079986
2298,14071,59011,27.457,887.44,519.67,0.26136
2298,15059,59706,37.607,285.67,203.07,0.16901
2299,13327,59074,30.617,819.24,191.4,0.62122
2300,13519,59094,32.608,338.1,123.75,0.46412
2300,13564,60057,25.727,594.59,446.82,0.14189
2301,15355,59123,24.635,702.61,455.4,0.21348
2302,13037,58967,32.279,382.98,217.01,0.27662
2303,12599,58274,36.593,417.09,175.57,0.40752
2303,14231,59025,30.725,818.04,121.91,0.74061
2304,13783,58729,19.687,612.65,304.69,0.33571
2306,13573,59093,19.812,873.34,351.06,0.42655
2306,13957,59354,34.858,800.84,379.37,0.35711
2306,15277,59126,29.437,601.51,425.4,0.1715
2307,13562,59021,20.162,483.41,152.76,0.51975
2307,14148,59324,32.905,605.09,256.06,0.40531
2308,14191,59369,29.031,300.88,136.58,0.37556
2309,13061,59325,35.76,502.55,203.75,0.42305
2309,13340,57792,27.227,541.22,454.6,0.086978
2310,13617,59091,33.171,400.19,127.1,0.51789
2311,13518,57807,27.176,500.81,265.79,0.30657
2312,12999,59327,30.525,420.82,319.02,0.1376
2313,13217,58007,26.14,1020,427.28,0.40955
2313,15421,59708,34.628,383.4,313.73,0.099949
2314,12579,59014,27.228,1140.4,972.48,0.079465
2314,12893,58261,21.585,654.45,377.05,0.26892
2315,12744,59018,24.046,751.18,385.6,0.3216
2315,14308,59050,22.114,622.86,291.13,0.36295
2317,15335,58482,33.178,352.41,235.17,0.19953
2318,12820,59398,33.903,755.69,546.12,0.16098
2318,14643,60230,25.767,500.73,320.9,0.21887
2319,12601,59420,30.344,907.44,742.74,0.099807
2319,13533,59605,13.154,773.84,510.49,0.20505
2319,14602,60242,36.545,224.62,110.44,0.34075
2320,13402,58270,28.779,827.61,374.93,0.37644
2320,13519,59583,21.574,423.56,274.92,0.21281
2321,13287,58357,23.42,554.18,318.49,0.27007
2321,13412,59660,25.13,1715.9,755.85,0.38841
2321,14353,59720,35.741,241.26,148.85,0.23686
2321,15266,59388,30.268,809.54,541.28,0.19859
2323,12496,58189,35.559,1124.7,695,0.23615
2323,12972,59949,31.38,644.51,288.36,0.38179
2323,14705,59492,30.639,821.13,371.32,0.37722
2324,12618,58068,28.926,662.93,182.22,0.56878
2324,14481,59638,35.646,587.88,392.41,0.1994
2328,14811,59564,21.621,1019.5,535.36,0.31138
2330,13474,58931,36.949,894.39,554.37,0.2347
2330,15394,58903,33.798,431.95,303.91,0.174
2331,13395,59136,27.52,547.06,310.01,0.27658
2332,14148,60207,25.126,932.54,588.98,0.2258
2332,15289,58324,30.808,282.36,113.29,0.42732
2333,14335,60314,29.787,1203.1,381.27,0.51871
2333,14373,60636,25.384,1396.6,351.43,0.59792
2335,13078,58608,29.962,765.12,402.46,0.31061
2338,13698,60604,26.092,425.67,221.33,0.31582
2339,14904,58056,33.806,326.34,245,0.14237
2339,15002,60078,23.106,387.91,142.64,0.46229
2341,12895,57971,17.634,344.01,197.05,0.27161
2344,15091,59420,29.671,279.85,159.32,0.27446
2345,15338,58560,33.764,752.74,457.57,0.24388
2346,13947,60023,19.548,791.91,475.18,0.24997
2346,15255,58470,36.102,449.38,553.58,-0.1039
2348,15000,59533,28.751,264.42,141.06,0.30425
2348,15393,58581,26.4,479.06,220.61,0.36938
2349,12875,60553,30.498,261.13,103.19,0.43351
2350,13332,59697,35.85,325.54,320.48,0.0078227
2350,14616,59432,31.108,539.35,349.22,0.21398
2351,14432,59357,29.723,560.42,370.04,0.20461
2353,13700,59121,26.875,661.64,572.94,0.071842
2355,12456,60371,33.089,285.36,119.38,0.41008
2355,15229,59027,34.008,319.65,172.54,0.29887
2356,13619,58745,28.962,581.82,338.05,0.26501
2361,12781,57903,28.077,522.22,388,0.14746
2361,15277,57819,32.797,272.67,132.08,0.34734
2362,12580,59856,32.607,345.55,237.73,0.18485
2363,12761,58453,23.671,1392.2,1009.5,0.15936
2364,15251,57941,32.301,323.19,118.49,0.46346
2365,12925,58923,41.392,506.73,317.63,0.22939
2365,13185,60524,27.659,919.71,653.47,0.16924
2368,12569,60181,30.603,662.84,347.33,0.31233
2370,14523,60119,34.724,932.02,568.38,0.24236
2372,13165,59282,32.92,501.72,141.35,0.56038
2372,15377,58248,32.93,517.05,444.9,0.075004
2373,13164,59522,31.454,578.06,371.26,0.21784
2374,12559,58431,31.314,276.65,264.54,0.022366
2374,13217,58120,27.766,378.67,304.1,0.10921
2374,15052,58517,28.21,667.73,286.8,0.39908
2375,13019,59390,25.948,701.64,578.07,0.096557
2375,13503,57821,26.563,991.13,374.89,0.45112
2375,14704,58707,34.397,382.61,241.6,0.22591
2376,12839,57799,31.905,576.32,365.35,0.22404
2377,12699,59643,18.581,1123.9,821.92,0.1552
2377,13810,58984,25.348,481.67,316.96,0.20624
2377,14931,59878,33.899,298.59,209.17,0.1761
2378,12612,59893,17.885,955.04,602.96,0.22598
2378,15076,59745,32.691,406.72,236.8,0.26404
2379,13748,59556,32.045,602.95,527.5,0.066739
2379,13838,60243,23.456,703.19,469.92,0.19885
2381,13688,59990,21.741,583.81,206.34,0.47771
2382,14181,58067,31.815,884.89,479.08,0.29753
2387,13478,58139,30.831,387.36,260.38,0.19604
2391,14222,57984,24.158,426.59,221.96,0.31552
2394,13523,59231,25.027,353.84,203.71,0.26927
2396,13438,58385,37.734,277.4,173.78,0.22967
2396,15335,58430,31.655,455.9,322.23,0.17178
2397,13249,58650,28.699,560.04,347.55,0.23413
2398,12901,58645,32.557,741.68,252.94,0.49139
2399,12534,60633,36.868,575.49,300.51,0.31391
2399,13981,59941,31.353,419.59,422.85,-0.0038636
2400,13769,60137,31.64,462.67,554.01,-0.08985
2400,14566,60718,37.452,254.53,331.78,-0.13176
2401,13484,58182,31.978,560.97,361.45,0.2163
2402,13367,57985,26.506,628.37,371.58,0.2568
2404,13532,58010,25.211,725.23,376.07,0.31705
2407,13083,58651,27.472,751,365.11,0.34575
2407,14496,60689,36.976,394.39,262.98,0.19991
2408,13039,58450,19.278,771.31,397.23,0.32012
2411,13070,58980,31.406,722.65,350.3,0.34703
2412,14858,59534,31.552,294.15,192.74,0.20829
2413,13327,60338,18.726,348.88,238.45,0.18802
2417,14136,59137,28.054,385.45,128.78,0.49914
2419,12710,59207,25.385,1232.9,704.52,0.27272
2420,13096,59484,28.045,650.66,592.19,0.047049
2423,14764,59188,32.599,330.44,101.18,0.53115
2426,13530,58939,37.037,885.65,455.99,0.32024
2427,13247,59326,23.528,725.57,435.3,0.25005
2427,13934,58973,30.475,670.97,189.89,0.55884
2432,15142,60426,28.141,412.84,154.95,0.45421
2433,13012,58662,29.319,654.69,262.15,0.42814
2436,13645,57748,29.146,851.26,309.85,0.46628
2437,13679,59167,30.457,673.21,401.85,0.25241
2437,13783,57921,26.423,715.63,304.16,0.40348
2438,12591,57742,36.881,667.15,1072.2,-0.23288
2438,14121,58886,34.604,608.73,199.43,0.50645
2438,14267,60138,35.49,495.13,349.77,0.17204
2439,14088,58850,17.642,775.64,461.52,0.25391
2439,14478,60009,33.917,733.21,501.53,0.18763
2440,13863,58760,34.87,670.19,493.78,0.15156
2440,14691,59456,24.244,980.38,628.55,0.21867
2441,12643,60084,30.02,589.09,366.63,0.23277
2441,14603,59475,21.862,1234.9,428.01,0.48524
2442,14010,58654,32.001,569.31,298.28,0.31239
2442,14392,59221,26.119,712.82,455.57,0.22018
2442,15116,60633,35.021,537.09,179,0.50007
2443,14418,58906,34.081,688.53,429.28,0.23193
2443,15020,60481,31.8,696.22,617.01,0.06032
2444,12708,58742,25.92,750.33,857.21,-0.066484
2449,12894,60350,37.313,376.75,203.99,0.29748
2449,14448,58818,30.064,403.11,245.86,0.2423
2450,13189,59368,36.273,165.92,186.36,-0.058003
2450,14010,60479,35.898,428.43,339.38,0.11599
2450,14203,58809,29.322,292.55,263.59,0.052074
2451,13265,58096,29.803,325.08,219.52,0.19381
2452,15330,60322,28.581,273.11,105.36,0.44324
2456,13222,58181,30.058,643.75,395.98,0.2383
2456,14143,57956,32.746,504.54,566.78,-0.058094
2459,14799,59968,39.318,450.99,590.55,-0.13399
2460,13409,58650,32.783,1090.8,480.89,0.38806
2460,14181,57985,19.61,433.73,270.69,0.23145
2461,13394,58374,30.26,256.51,141.3,0.2896
2461,14211,58084,15.563,334.68,209.52,0.23
2462,13137,59909,25.302,396,343.66,0.070766
2462,14222,57995,28.649,225.55,177.82,0.11831
2462,14939,60431,34.174,472,291.72,0.23605
2462,14974,58436,24.257,478.21,391.87,0.099227
2463,14858,60620,31.008,333.7,193.8,0.26522
2464,13254,58469,19.213,508.43,174.65,0.48863
2464,15162,58730,32.52,579.05,461.36,0.11312
2465,14573,60223,17.156,894.7,646.95,0.16071
2466,13367,58526,25.858,541.88,916.14,-0.25669
2467,14524,59551,29.322,878.26,364.06,0.4139
2468,12989,59943,33.36,558.83,164.69,0.54476
2469,14716,60335,32.995,235.22,186.01,0.11681
2471,15231,59667,30.429,470.04,148.36,0.52019
2471,15254,60640,25.912,480.6,114.91,0.61408
2472,14297,60696,27.723,441.56,138.4,0.52272
2473,13176,59443,35.561,507.02,486.44,0.020716
2474,13357,59634,35.804,512.4,348.33,0.19061
2475,13636,58722,40.135,243.75,212.32,0.068912
2476,13664,58627,36.32,239.1,215.4,0.052148
2476,14000,59787,27.549,1037.9,583.18,0.28049
2477,13803,60024,30.625,921.98,473.8,0.32109
2478,12908,59919,27.914,281.35,253.57,0.051922
2480,12745,59869,27.231,531.91,309.1,0.26492
2480,13574,58614,36.982,344.29,378.62,-0.047482
2481,13642,58532,26.888,215.49,198.41,0.041272
2481,15076,59453,33.367,530.44,307.53,0.26601
2482,13402,59343,24.555,346.56,167.38,0.34864
2482,14893,59557,31.732,529.69,102.79,0.67495
2483,12837,60025,34.805,346.96,154.22,0.38458
2485,14109,60058,33.218,460.64,450.03,0.011648
2487,12683,57819,24.045,637.43,375.43,0.25868
2487,13995,60650,27.339,534.82,617.63,-0.071857
2489,12673,57793,33.443,370.18,221.65,0.25098
2490,13189,59492,22.546,365.02,244.51,0.19772
2491,14759,58518,32.083,372.17,111.95,0.53751
2492,13653,60138,23.442,331.75,223.61,0.19472
2496,15334,60565,25.136,557.51,290.29,0.3152
2500,14048,58151,14.956,325.38,168.5,0.31764
2500,15119,58302,30.926,544.96,294.46,0.29843
2501,13686,59773,30.395,519,447.66,0.073803
2502,13855,59835,36.536,658.61,420.61,0.22053
2506,12567,57785,19.64,501.89,167.31,0.49996
2509,12509,57898,32.009,353.26,191.2,0.29765
2509,13633,58349,25.94,556.17,182.77,0.50532
2509,14197,57988,15.024,1348.3,669.05,0.33669
2510,13502,58705,23.441,1059.9,482.02,0.37478
2511,12485,57814,29.289,901.91,288.78,0.51494
2511,12430,58227,19.452,1014.9,350.63,0.48644
2511,14320,58169,39.735,488.27,270.32,0.2873
2512,12491,57957,27.111,586.88,311.84,0.30603
2512,13800,60236,14.339,441.13,336.65,0.13434
2513,13782,60240,24.829,670.45,422.04,0.22738
2516,13513,58723,16.762,745.5,315.38,0.40544
2517,12882,57939,39.465,384.52,103.12,0.57706
2520,13282,57735,29.299,759.79,213.92,0.56061
2522,13292,60401,30.375,403.36,159.86,0.43234
2524,14282,57954,16.786,652.3,318.01,0.34453
2527,14962,58093,36.449,367.19,326.21,0.059105
2530,13433,60715,42.121,367.44,201.86,0.29085
2531,13277,58430,18.284,1267,769.53,0.24429
2532,13322,58089,29.141,451.52,204.17,0.37724
2533,13393,57806,22.036,659.36,317.84,0.3495
2536,12717,59428,29.879,358.49,225.31,0.22813
2536,14254,60392,22.532,529.59,274.48,0.31727
2536,15377,58973,33.632,331.57,177.34,0.30307
2537,12627,59461,27.71,845.65,521.32,0.23726
2537,14259,60249,39.363,639.92,423.73,0.20325
2537,14786,58759,34.144,633.05,500.1,0.11733
2538,12508,59664,32.61,280.64,383.63,-0.15504
2538,14159,59023,35.644,516.42,292.85,0.27625
2538,14333,60312,21.618,626.9,635.47,-0.0067864
2538,14847,58176,41.339,436.34,141.36,0.51062
2539,13936,59117,25.602,1046.5,871.52,0.091236
2539,14542,59027,36.253,736.41,423.84,0.2694
2541,13715,60475,28.126,1070.6,542.54,0.32734
2542,13669,60358,30.481,270.62,155.26,0.27088
2547,12670,58279,37.223,475.05,398.18,0.088029
2547,12952,60557,30.85,467.57,116.5,0.60108
2547,13112,58827,29.335,1055.3,737.24,0.17745
2549,13115,60149,26.732,937.68,564.13,0.24873
2549,14687,60724,30.777,234.85,147.5,0.22845
2550,13246,60074,17.322,1326,787.64,0.25472
2553,15367,60575,30.784,347.99,224.65,0.21538
2554,12937,57742,16.108,729.6,135.94,0.68588
2554,14213,59123,15.806,448.88,203.49,0.37615
2555,12422,60125,16.294,1090.9,301.98,0.56639
2555,14308,59197,30.276,440.06,293.93,0.19909
2557,13361,58140,38.695,711.08,151.94,0.64788
2557,15312,58766,30.99,261.42,146.49,0.28176
2558,13283,57925,36.488,721.42,498.11,0.18312
2559,13375,58154,24.044,740.06,442.15,0.25199
2560,14935,58925,41.652,370.17,221.79,0.25066
2561,14489,60199,35.533,720.02,589.84,0.099384
2566,12761,57867,31.016,372.17,333.17,0.055296
2566,14854,59954,32.535,585.53,181.68,0.5264
2567,14877,59773,32.11,579.15,221.54,0.44662
2568,12559,57817,23.606,266.15,168.24,0.22539
2568,15000,59599,25.58,532.77,549.46,-0.015426
2569,15052,59416,25.624,757.91,477.22,0.22726
2570,12435,58345,35.668,598.25,110.31,0.68864
2571,12747,58142,28.958,611.48,446.52,0.15591
2572,12750,58122,41.343,710.82,739.99,-0.020104
2572,13319,59923,36.716,272.34,201.84,0.14867
2572,13549,59000,32.343,527.77,354.49,0.19641
2573,14087,60390,27.858,335.16,273.22,0.10182
2574,12771,59820,37.537,268.36,213.7,0.11339
2577,14287,59233,15.261,835.83,382.39,0.37221
2581,13132,59142,33.63,516.82,198.8,0.4444
2584,13857,57971,29.545,341.05,121.55,0.47449
2586,14097,60564,31.943,364.28,214.88,0.25797
2587,13750,60719,35.676,450.89,263.87,0.26166
2590,13283,58468,35.342,201.27,151.97,0.13956
2591,13146,58427,24.744,867.12,554.67,0.21976
2591,14898,58843,29.403,542.33,175.38,0.51128
2592,12900,57986,20.432,619,247.41,0.42888
2592,15224,60580,28.42,750.76,430.34,0.27129
2592,15315,58914,34.944,458.91,248.85,0.2968
2593,12948,57970,28.14,715.24,308.11,0.39785
2593,13316,58945,32.926,823.58,483.07,0.2606
2594,13133,58879,23.574,586.34,285.75,0.34468
2595,13602,58482,17.9,644.73,333.82,0.31773
2601,12646,60590,26.436,407.13,197.66,0.34634
2603,14744,60338,19.803,353.77,146.05,0.4156
2604,13692,58930,19.715,681.39,364.04,0.30356
2604,14436,60534,30.949,240.26,130.1,0.29744
2605,13076,58365,20.878,337.38,170.98,0.32734
2607,12976,58498,22.339,361.17,193.53,0.30221
2607,13342,59683,31.737,601.71,517.79,0.074958
2608,14131,59983,23.901,565.13,308.44,0.29385
2609,14413,60359,30.887,515.41,261.66,0.32655
2610,12924,58677,35.031,375.73,155.93,0.41341
2612,13582,59945,30.685,470.82,450.05,0.022553
2615,12612,58739,31.92,249.93,139.92,0.28219
2621,13497,58173,31.728,694.24,613.96,0.061362
2622,13015,58944,29.889,748.1,324.81,0.39453
2622,13677,58067,27.98,329.09,115.05,0.4819
2623,13076,58520,25.107,993.51,751.88,0.13844
2624,13056,58438,19.317,931.92,578.57,0.23393
2624,14856,57972,31.782,578.51,466.8,0.10687
2625,13200,58654,24.629,478.71,254.37,0.30602
2626,13220,58274,25.958,280.08,251.21,0.054329
2626,13694,58895,25.813,295.39,166.13,0.28008
2627,12856,58708,34.853,993.73,837.25,0.085463
2627,13400,58106,35.022,420.98,383.32,0.046816
2632,12542,59760,35.333,323.18,255.4,0.11715
2634,13429,60318,21.892,570.79,397.86,0.17853
2634,15258,60338,36.496,447.96,241.02,0.30037
2634,15293,59684,35.255,861.94,485.87,0.27902
2635,13460,59110,31.843,514.31,233.5,0.37551
2636,15226,58045,35.695,500.92,354.32,0.17142
2637,15335,60070,32.558,331.26,280.79,0.082463
2638,12881,58872,16.241,1522.2,759.02,0.33456
2639,12726,58776,25.386,617.97,344.58,0.28403
2640,12608,58668,36.053,331.33,329.08,0.0034138
2641,12644,59902,28.317,539.1,321.7,0.25256
2641,15238,60623,28.376,612.47,299.29,0.3435
2642,14846,60343,30.568,596.63,478.76,0.1096
2644,13400,59936,20.98,918.78,299.16,0.50874
2645,13712,59998,31.576,576.98,427.32,0.14902
2646,14282,58015,14.346,744.76,484.45,0.21177
2648,14293,58020,28.277,649.43,379.72,0.26207
2649,12531,59809,25.744,496.21,357.75,0.16213
2650,13482,60347,30.623,718.38,364.88,0.32633
2651,13536,60164,30.679,358.18,155.43,0.39474
2651,14958,59659,27.64,527.03,371.79,0.17271
2654,13047,58401,19.274,1028,536.05,0.31453
2655,12953,58747,32.336,507.44,426.44,0.086733
2655,14648,60585,34.089,684.97,461.28,0.19515
2656,14136,58947,32.811,274.71,145.12,0.30867
2656,14579,60318,21.919,1503.1,1013.9,0.19436
2657,13964,60714,27.508,890.89,498.69,0.28224
2658,13952,59181,34.895,380.61,296.44,0.12432
2659,13818,59417,22.492,650.31,468.03,0.163
2661,15035,59758,28.144,397.82,252.12,0.22417
2664,13923,60164,27.809,1071.4,784.46,0.15462
2664,13959,60193,36.912,1272.7,932.22,0.15444
2666,13520,57773,25.753,386.07,331.86,0.075509
2666,14167,59947,17.41,498.34,302.1,0.24517
2672,15321,59149,24.879,811.15,464.02,0.27222
2673,14930,58221,24.331,425.76,577.48,-0.15123
2678,14902,59586,27.438,448.88,618.64,-0.15902
2679,14314,59074,32.799,266.77,195.71,0.15366
2680,14700,60655,22.75,574.96,269.17,0.36225
2681,12659,60590,21.943,596.36,468.16,0.12043
2683,13532,59184,24.641,998.9,434.47,0.39377
2685,15043,60703,34.769,472.54,115.28,0.60777
2686,13591,58341,24.16,727.98,414.77,0.27408
2686,14679,59031,27.712,521.53,267.39,0.32213
2687,12480,58180,26.859,630.5,135.28,0.6467
2687,12944,59600,34.213,840.63,477.95,0.27505
2687,14763,60406,36.356,586.13,282.97,0.34882
2689,12999,57978,32.993,451.09,277.13,0.23889
2690,12604,58901,28.51,930.59,616.74,0.20283
2692,12593,58711,24.859,568.08,450.22,0.11574
2692,14147,58634,34.65,274.99,185.83,0.19348
2694,12548,58772,33.288,416.26,344.35,0.094551
2694,12824,60007,32.463,456.6,250.02,0.29236
2694,14149,60048,33.948,458.78,334.42,0.15678
2696,13514,59662,19.968,760.49,341.72,0.37994
2697,13430,60470,27.247,572.18,304.88,0.30476
2697,15274,58984,36.99,546.03,247.91,0.37548
2698,13655,60412,29.999,998.09,698.08,0.17688
2699,13088,58718,19.567,572.81,250.27,0.39187
2699,13733,60444,17.781,1839.2,937.21,0.32489
2700,14367,58341,26.937,246.45,176.84,0.16446
2702,12879,58602,26.568,356.41,235.4,0.20449
2702,13084,59401,23.272,422.31,416.39,0.0070663
2702,14226,57962,18.562,582.94,503.82,0.072799
2703,12530,60615,33.856,217.71,202.04,0.03735
2704,14020,60692,30.914,526.44,199.31,0.45076
2708,14866,59700,29.741,230.56,177.43,0.13021
2709,14172,60315,31.304,620.29,449.43,0.15973
2709,15269,58336,35.008,254.74,234.81,0.040702
2710,13173,59375,35.786,805.72,714.84,0.059769
2710,14068,60165,30.987,310.22,122.09,0.43516
2711,13360,59833,21.764,832.8,375.74,0.37819
2711,14615,58578,23.629,592.67,445.56,0.1417
2714,14074,60145,36.876,364.27,457.92,-0.11391
2714,14803,60621,37.291,278.19,307.78,-0.050501
2715,12885,59777,32.329,414.71,223.94,0.29872
2715,14496,60645,20.313,473.12,265.18,0.28165
2716,12896,59767,24.431,643.89,485.64,0.14011
2716,14940,58753,25.36,737.29,541.56,0.15305
2717,14994,58899,18.445,1152.6,525.29,0.37386
2718,15049,58786,24.587,837.25,622.74,0.14693
2720,12664,60495,29.523,462.94,311.99,0.1948
2721,12598,60431,23.888,519.53,315.85,0.24382
2721,14824,60204,31.424,481.94,260.26,0.29867
2727,12890,59141,21.886,587.23,421.21,0.16464
2728,12829,59590,21.999,1563.6,1036.4,0.20276
2728,13878,58626,36.636,440.57,101.77,0.62471
2733,12455,59535,35.247,399.98,217.85,0.29479
2734,13757,58180,25.591,627.37,351.77,0.28147
2736,14306,58506,17.216,1680.6,728.84,0.39501
2737,13964,60248,29.865,754.15,677.81,0.053311
2737,14533,58976,24.794,962.23,232.63,0.61061
2739,13846,60151,20.422,1118.8,751.02,0.19668
2746,13091,60386,39.495,166.97,125.18,0.14304
2748,13101,59080,25.71,672.4,351.43,0.3135
2748,13263,60219,29.203,377.67,128.32,0.4928
2749,12960,59078,33.279,327.54,199.73,0.24241
2752,15043,59751,36.257,367.49,378.09,-0.014214
2757,15406,59682,24.875,784.19,421.84,0.30045
2758,12976,59636,30.562,518.51,356.94,0.18456
2758,15406,59502,34.005,486.38,292.77,0.24849
2761,12824,58041,33.054,514.37,405.04,0.11892
2761,13589,60556,24.791,803.82,422.24,0.31122
2762,14243,57970,32.267,280.78,138.06,0.34074
2764,12549,60210,31.423,359.65,139.22,0.44186
2765,14972,60557,31.444,667.6,492.32,0.15111
2767,15208,59372,32.145,285.81,168.4,0.2585
2772,14021,60383,25.836,1063.6,744.52,0.17648
2773,14040,60143,30.699,675.46,542.5,0.10916
2779,13744,58072,38.675,612.14,138,0.63207
2779,14313,59448,33.783,514.56,388.35,0.13978
2780,12487,59894,37.349,387.22,301.43,0.12457
2780,14740,60320,33.569,598.65,504.46,0.085387
2781,13291,58105,29.379,475,249.42,0.3114
2783,12541,59193,25.757,590.37,309.48,0.31215
2783,14353,59209,26.366,703.89,544.42,0.12774
2784,12672,59204,31.232,550.77,416.23,0.13914
2784,13566,58688,17.16,1240.3,570.37,0.36997
2785,14263,60597,28.743,930.14,699.29,0.14168
2786,13473,58881,27.787,657.05,393.72,0.25061
2786,14313,60615,19.616,363.69,108.83,0.53935
2788,14334,59009,35.258,160.4,186.8,-0.076036
2790,12962,58589,26.838,772.09,511.52,0.203
2791,15369,59571,26.346,242.32,162.65,0.19673
2792,14492,59378,31.769,466.85,115.19,0.60418
2792,15299,59942,26.233,801.09,555.62,0.18093
2793,15356,60583,36.057,372.62,256.37,0.18482
2795,14479,60303,34.045,338.75,174.14,0.32094
2797,14195,57929,21.79,419.35,181.28,0.39636
2798,14212,58034,26.162,288.25,188.39,0.20952
2798,14586,60538,32.569,255.06,185.2,0.15869
2800,13677,60483,40.715,772.16,484.41,0.22899
2801,13754,60445,29.833,355.59,272.68,0.13198
2801,15150,57979,33.352,242.63,235.48,0.014943
2807,13761,59473,32.616,199.37,152.21,0.13413
2808,15345,59763,27.245,478.07,371.68,0.12521
2809,12533,58831,31.949,449.46,437.41,0.013591
2809,15193,59676,23.803,847.11,548.65,0.21383
2817,13053,58430,33.407,706.39,433.28,0.23963
2817,13203,57961,36.853,375.29,202.21,0.29969
2818,13107,57740,17.418,1015.5,541.76,0.3042
2823,14700,59476,24.131,683.37,353.86,0.31768
2824,13204,60270,29.199,442.24,250.98,0.2759
2824,14462,60587,23.248,1025.4,740.93,0.16104
2825,13158,59897,29.717,528.03,360.35,0.18874
2827,13610,59422,38.909,539.88,302.45,0.28188
2828,12885,58042,28.937,340.86,162.71,0.35378
2828,13694,59788,22.693,606.36,306.94,0.32785
2832,13435,59315,35.542,309.4,311.96,-0.0041144
2836,13219,58848,27.986,711.15,304.16,0.40086
2844,12607,60516,32.126,820.48,696.01,0.082078
2844,14605,60024,24.809,861.46,446.7,0.31705
2845,12889,58005,22.943,965.07,619.19,0.21832
2847,12793,58762,33.267,366.78,244.23,0.20057
2849,12589,59585,32.587,457.32,305.53,0.19898
2849,13352,58753,24.365,803.83,366.55,0.37363
2850,12680,59661,29.146,294.9,284.03,0.018776
2853,14098,60570,23.939,213.5,118.05,0.28788
2855,14040,60043,31.09,514.47,402.5,0.12211
2856,15416,58377,34.493,412.6,341.24,0.094672
2857,13144,59259,35.724,568.5,211.95,0.45684
2857,14184,59755,31.204,407.24,281.26,0.18298
2857,15111,59619,38.618,788.53,668.27,0.082551
2859,13424,59322,40.461,649.85,330.92,0.32519
2859,15392,59163,21.747,818.12,561.7,0.18584
2863,14163,59921,23.393,687.16,422.06,0.239
2864,13735,59113,26.201,372.19,144.43,0.44086
2865,12638,59045,35.934,663.86,313.19,0.35891
2865,12661,57888,26.294,463.44,271.39,0.26135
2867,14028,59147,31.69,729.79,348.31,0.35385
2868,14190,58606,20.32,622.43,297.58,0.35309
2870,14125,59689,32.601,922.71,391.75,0.40394
2870,14833,59391,28.615,494.14,316.74,0.21877
2872,13161,60032,29.536,293.03,159.05,0.29637
2872,14503,59721,35.989,424.27,279.92,0.20499
2873,13295,60158,31.861,246.78,119.37,0.34796
2873,14959,60695,39.522,862.16,600.5,0.1789
2874,14776,60585,24.597,616.87,211.44,0.48947
2874,15410,59025,31.568,947.98,379.24,0.42852
2875,15203,57732,25.937,283.53,140.51,0.33727
2876,14494,60102,29.99,1141.8,726.15,0.22253
2877,14634,59307,33.353,396.18,361.25,0.04612
2878,14785,59222,24.38,784.96,473.58,0.24741
2878,14854,59962,32.48,526.27,334.82,0.22234
2879,12657,58383,31.992,413.62,255.21,0.23684
2879,14825,59694,19.593,703.07,249.87,0.47557
2880,12727,58382,33.853,741.99,648.34,0.067361
2880,14752,59611,16.281,974.94,387.08,0.43161
2881,12920,58198,36.875,456.35,304.03,0.20033
2884,13400,58035,32.13,931.92,598.34,0.21798
2884,13879,60267,28.322,178.09,117.31,0.20575
2885,13377,58085,32.825,504.28,213.77,0.40458
2886,12913,58711,32.733,658.53,581.1,0.062462
2887,13431,58658,32.161,298.76,124.25,0.41254
2888,13241,58875,21.713,780.76,664.59,0.08037
2889,13287,58968,36.733,1413.1,791.9,0.28174
2889,13493,60691,19.876,733.48,238.08,0.50991
2894,12932,60246,35.03,1232.8,530.5,0.3983
2897,12937,59515,20.545,892.26,408.09,0.37234
2897,15283,59975,32.762,306.63,105.89,0.48662
2898,12836,58292,18.637,984.07,529.86,0.30002
2899,12994,60602,33.287,444.93,296.02,0.20097
2900,13483,60520,28.418,346.62,147.4,0.40325
2901,13623,58406,34.222,442.76,208.71,0.35927
2904,13312,58170,37.412,306.59,230.72,0.1412
2904,14898,59426,21.895,274.58,185.73,0.19302
2905,13526,60203,33.335,467.43,244.12,0.31384
2905,14659,59428,27.955,737.87,572.62,0.12609
2907,13361,59867,34.198,260.79,256.08,0.0091028
2908,12772,59169,30.208,181.11,122.83,0.19174
2909,13020,58276,31.357,649.1,259.48,0.42883
2910,12725,59749,30.13,427.47,120.51,0.56015
2912,13901,60106,21.561,1167,575.98,0.33907
2916,13789,59596,32.503,659.11,461.92,0.1759
2918,13362,59110,29.644,953.75,467.71,0.34193
2918,15145,60726,36.163,576.32,392.44,0.18981
2920,13737,59880,21.432,981.98,615.36,0.22951
2921,13488,59269,24.118,568.37,289.49,0.32509
2922,12766,60173,36.03,312.01,174.73,0.28203
2922,13535,59434,33.955,317.65,229.87,0.16033
2924,12459,59162,31.192,384.91,253.23,0.20636
2924,13023,59388,32.173,515.23,177.09,0.4884
2924,13306,58048,30.716,358.26,301.07,0.086742
2926,13334,60592,36.532,535.08,547.23,-0.01122
2928,13444,60028,33.057,459.48,307.28,0.1985
2929,12985,59252,40.071,645.07,628.46,0.013043
2929,13564,59972,27.611,1152,793.01,0.18455
2929,13944,58840,23.391,302.49,233.61,0.12847
2929,14690,60353,25.31,999.17,528.89,0.30777
2929,15379,60463,25.38,436.42,167.04,0.4464
2930,13701,59457,23.545,472.84,233.68,0.3385
2931,13124,58387,23.268,541.11,352.32,0.21131
2932,13156,58290,21.896,1438.5,1045.1,0.15842
2932,14150,60488,30.802,538.76,490.57,0.046812
2933,12829,58447,23.596,696.14,331.05,0.35543
2933,13965,60404,24.584,737.68,300.6,0.42097
2934,13092,60028,31.6,387.91,325.16,0.087987
2934,15202,57756,34.222,352.98,134.38,0.44855
2934,15367,60127,33.569,396.03,205.67,0.31636
2935,12509,59870,29.42,768.65,232.43,0.53564
2937,12534,59712,25.978,497.2,173.12,0.48346
2937,14167,60493,36.817,292.69,433.14,-0.19351
2938,12588,59791,27.195,508.59,246.01,0.34798
2938,14717,57840,22.108,269.79,413.41,-0.21021
2939,12863,59782,30.243,360.65,212.03,0.25952
2939,13062,58807,35.28,380.61,264.93,0.17921
2940,12786,59784,29.805,515.98,301.98,0.26163
2941,13553,60375,30.237,1093.9,755.7,0.18283
2944,12756,60699,29.212,361.86,158.41,0.39105
2945,12467,60651,33.553,540.42,187.22,0.48541
2947,13478,60426,28.021,362.71,184.41,0.32588
2950,14300,59126,23.455,656.2,377.21,0.26997
2951,13579,58705,28.051,553.13,324.39,0.26066
2951,14237,59139,20.171,635.2,429.62,0.19307
2952,14218,59063,17.186,864.98,368.99,0.40194
2953,13573,58053,31.268,600.24,154.47,0.59065
2953,14153,58948,25.808,548.89,359.27,0.20879
2954,13470,58589,28.579,921.45,561.18,0.24299
2954,14614,58761,31.885,472.88,175.34,0.45902
2958,14095,59532,19.261,1055.9,389.34,0.46122
2958,14780,60645,30.134,361.31,136.72,0.45096
2960,12896,57811,28.395,892.57,554.67,0.23348
2960,15363,58734,32.52,342.48,351.33,-0.012767
2961,14954,60183,39.453,408.14,346.43,0.081774
2961,15346,58689,27.361,816.94,899.56,-0.048134
2963,14415,60284,27.774,316.15,162.41,0.32126
2964,12774,59700,32.518,404.39,358.61,0.059998
2965,13900,58973,26.98,828.65,345.05,0.41203
2966,14132,58923,20.527,1126.4,632.07,0.2811
2967,15371,60420,27.756,544.71,445.09,0.10065
2968,14767,58114,33.513,211.84,141.92,0.19764
2969,13059,58097,25.191,598.45,210.84,0.47896
2971,13221,57820,34.884,218.77,112.96,0.31895
2974,12722,59769,22.85,352.19,173.14,0.34084
2974,14189,58061,21.506,467.91,232.71,0.3357
2975,14168,57997,28.794,254.11,117.72,0.36682
2976,14085,58062,28.998,1239.3,588.49,0.35608
2976,14261,60360,29.928,548.52,254.47,0.3662
2978,13945,59300,28.038,613.81,313.4,0.32399
2980,13105,58816,36.843,299.87,109.64,0.46451
2980,13449,59779,22.029,730.96,228.34,0.52393
2980,13937,58847,33.091,317.07,105.4,0.50105
2980,14554,58959,20.506,312.56,234.12,0.14348
2982,12994,58358,34.477,549.87,401.43,0.15605
2982,14160,58097,34.508,319.86,145.74,0.37396
2983,13845,58173,28.013,281.75,167.53,0.25424
2985,12827,58955,31.799,581.74,543.8,0.03371
2985,13882,60482,19.871,611.56,255.32,0.41095
2986,12875,59422,28.28,1044.7,875.85,0.087897
2987,14639,59462,27.349,362.02,156.09,0.39746
2988,12745,59860,29.356,740.47,500.91,0.19297
2989,13471,59776,31.678,422.92,262.95,0.23323
2990,13045,58255,25.356,1502.3,990.79,0.20516
2991,12955,58257,25.064,1707.4,1261,0.15039
2991,13531,59834,27.881,686.9,575.97,0.087835
2992,12662,58553,29.351,383.86,367.53,0.021723
2992,12894,60507,26.592,531.28,490.61,0.039799
2992,13331,58090,29.469,592.34,306.8,0.31757
2994,13134,58533,19.983,760.37,455.05,0.2512
2995,12909,58561,20.988,726.08,378.39,0.31481
2995,13490,58577,27.168,473.01,351.63,0.14719
2995,14500,59901,26.577,507.76,466.6,0.042236
2996,14263,59777,24.398,316.24,178.78,0.27769
2998,13170,60062,20.604,999.92,838.57,0.087762
2998,14201,60703,39.138,808.25,486.25,0.24874
2999,13003,59959,31.303,549.06,345.52,0.22753
2999,13589,58551,35.078,389.46,174.15,0.38202
3003,14217,59053,29.078,459.56,397.31,0.072656
3003,14702,60233,32.786,212.3,186.59,0.064462
3004,12980,58381,29.863,649.8,395.2,0.24363
3005,13105,58537,17.445,1027,472.19,0.37009
3007,13023,60200,25.173,1077.6,871.62,0.10568
3009,12534,59440,31.897,702.27,254.45,0.46807
3009,12695,60117,39.383,442.19,290.19,0.20753
3012,14077,58642,35.453,448.89,419.44,0.033919
3014,12548,60248,34.863,475.06,402.34,0.082877
3014,14779,59578,26.909,620.97,151,0.6088
3016,13219,60551,31.16,752.62,352.84,0.36164
3020,13783,58778,30.99,506.32,370.16,0.15535
3022,13638,58654,26.05,475.33,257.12,0.29792
3023,12642,58326,17.632,890.3,218.71,0.60558
3024,12565,58298,16.845,751.73,198.89,0.58157
3025,12610,60177,17.067,711.61,605.44,0.080615
3025,13495,59441,32.83,366.24,179.44,0.34232
3027,12803,58249,20.337,704.03,111.47,0.72662
3028,12826,58155,14.148,738.87,159.95,0.64409
3029,12853,58094,20.613,637.97,288.68,0.37694
3032,12492,57918,22.912,540.82,110.77,0.66
3033,13365,60301,35.096,247.09,366.91,-0.19515
3033,14152,57887,37.976,200.34,167.82,0.088323
3034,13804,58723,34.884,792.46,699.3,0.062453
3034,15349,59286,32.067,1296.8,470.51,0.46753
3035,13698,59541,35.934,482.88,290.35,0.249
3035,15078,59258,23.379,644.2,276.43,0.39947
3039,13408,58477,29.119,202.89,152.95,0.14034
3039,14056,60113,35.323,609.44,657.83,-0.03818
3041,13038,57938,23.503,450.14,362.19,0.10827
3041,15237,59163,30.188,373.29,257.99,0.18264
3042,15090,59967,32.01,352.44,310.96,0.062531
3049,12841,58410,23.579,796.35,638.32,0.11015
3050,12777,58393,29.542,659.68,540.55,0.099258
3050,14025,58794,25.32,644.41,519.54,0.10728
3051,12777,60388,35.767,463.12,384.08,0.093291
3051,14114,58638,32.893,272.69,308.69,-0.061913
3052,13116,60264,20.5,700.61,356.22,0.32587
3052,13190,58827,28.951,580.65,336.01,0.26689
3054,14287,57942,31.082,363.9,139.99,0.44436
3056,13018,58339,19.116,894.64,472.25,0.30902
3056,13993,58614,27.275,604.13,346.57,0.27092
3059,14820,59851,27.029,314.03,241.73,0.13009
3061,12582,60587,36.598,418.78,208.53,0.33517
3064,12960,58318,15.16,1069.5,625.35,0.26207
3064,13851,60458,32.318,560.62,337.95,0.24781
3066,13465,60550,24.535,1016.2,502.77,0.33802
3067,12622,60411,31.651,491.99,496.79,-0.0048554
3067,13313,58889,26.084,940.77,657.05,0.17757
3067,13457,60355,17.324,768.01,345.53,0.3794
3070,12656,60554,29.077,693.47,578.83,0.090107
3070,13414,59935,26.232,506.36,413.18,0.10133
3071,13517,59827,22.639,494.41,261.48,0.30816
3074,14129,60508,29.132,872.49,293.15,0.49701
3074,15225,59261,26.237,764.85,422.68,0.28814
3075,12479,58212,30.561,532.4,411.29,0.12834
3075,14201,60393,25.193,351.21,283.1,0.10737
3075,14979,58962,26.66,729.76,135.12,0.68753
3078,13260,59654,32.554,589.13,294.86,0.33289
3078,13212,60184,24.99,570.44,316.13,0.28685
3078,14341,59618,30.76,453.73,341.83,0.14065
3079,13508,59545,20.463,482.06,217.92,0.37736
3079,14228,59537,25.295,456.88,120.3,0.58314
3080,12811,60056,33.22,679.77,599.75,0.062539
3080,14074,60359,25.295,1003.4,765.02,0.13481
3081,13107,59712,32.013,451.99,233.1,0.31951
3083,13853,59675,36.448,459.64,322.07,0.17599
3084,13777,59477,23.538,838.75,314.14,0.45504
3085,15136,57832,36.987,400.24,159.38,0.43039
3086,13747,58728,34.345,739.17,210.93,0.55599
3087,14513,58717,29.977,460.17,524.4,-0.065242
3087,15237,59799,28.095,615.55,238.44,0.44159
3089,12586,58729,32.313,604.27,236.34,0.43769
3091,13057,59020,19.804,679.6,320.91,0.35851
3091,14826,59996,24.694,639.5,160.43,0.5989
3095,13165,58690,37.047,313.23,451.7,-0.18101
3098,15359,59661,27.291,451.33,361.03,0.11116
3099,12572,58833,38.818,998.96,652.09,0.21009
3099,15145,59745,22.275,773.77,431.19,0.28431
3100,12606,58814,36,783.07,220.05,0.56127
3100,14811,59717,32.749,422.6,296.72,0.17499
3101,14827,59768,25.651,484.79,434.43,0.054787
3102,15019,59738,22.581,511.17,132.65,0.58794
3103,15078,59624,25,340.46,246.27,0.16052
3104,15186,59900,29.37,616.51,409.47,0.2018
3105,12750,57744,33.152,249.94,276.13,-0.049787
3107,13019,59954,27.884,280.07,139.31,0.33563
3108,14762,59714,34.205,418.13,282.52,0.19355
3114,15185,60275,28.629,282.66,273.65,0.016203
3115,13213,59746,31.061,597.1,304.91,0.32393
3118,13268,58658,24.292,515.39,278.42,0.29853
3119,13147,60074,35.661,620,632.22,-0.0097647
3120,14312,59150,18.995,463.95,309.68,0.19942
3121,14142,60629,40.374,354.45,151.59,0.40087
3121,14253,59122,8.5507,802.72,314.36,0.43717
3122,12751,58873,24.256,1185.9,296.94,0.59949
3122,14167,59162,29.911,331.7,221.2,0.19985
3122,14590,59716,27.402,515.67,254.71,0.33874
3123,13761,59332,30.269,496.79,239.13,0.35011
3125,12465,60395,23.59,462.03,726.41,-0.22245
3125,13916,60624,23.83,801.72,381.73,0.35489
3126,14169,60323,31.909,663.58,317.81,0.35232
3128,13952,60672,18.669,964.18,637.92,0.20364
3130,12535,60564,36.245,497.34,698.67,-0.16833
3130,14168,59656,33.261,377.62,288.52,0.13375
3131,12648,60437,26.932,323.88,244.46,0.13974
3132,14793,59167,24.022,778.07,362.32,0.36456
3133,13189,58578,24.533,1037.8,958.61,0.039652
3134,14263,58836,6.9109,1520.8,114.83,0.8596
3136,13396,58758,26.448,459.93,110.61,0.61225
3136,14241,58987,15.616,901.86,169.71,0.68325
3137,13519,60272,35.045,661.62,231.96,0.48083
3137,14179,58965,16.489,1047.2,277.95,0.5805
3139,12548,59741,23.995,406.78,399.9,0.0085304
3139,13989,58773,23.074,603.19,274.62,0.37431
3141,13891,59579,35.58,322.33,181.33,0.27996
3142,13009,57820,28.959,1459.4,974.99,0.19898
3142,13594,58589,19.196,971.8,504.34,0.31668
3142,13991,59597,37.261,803.72,490.93,0.2416
3142,14267,57942,28.351,547.61,327.17,0.25199
3143,13010,57955,17.103,1184.4,824.55,0.17911
3143,15124,58507,35.654,243.07,221.8,0.045755
3144,13382,57800,30.363,1217.1,790.35,0.21257
3144,13507,58368,19.959,1449.8,785.19,0.29735
3145,13073,58243,18.543,689.61,314.47,0.37361
3147,14015,58828,35.403,1117.3,875.99,0.12105
3147,14267,57994,17.25,344.51,314.15,0.046083
3147,14030,58861,39.62,887.34,695.8,0.12099
3148,14052,60704,36.629,675.72,461.1,0.1888
3148,14135,60471,32.27,627.06,430.87,0.18545
3149,13710,60345,34.221,366.31,185.97,0.32653
3149,14249,58148,29.422,126.68,100.09,0.11725
3150,13711,59790,34.637,457.78,232.01,0.3273
3152,12720,58572,28.403,738.85,543.5,0.15234
3152,13296,58237,32.795,328.23,294.11,0.05483
3152,14591,58605,21.348,328.13,295.61,0.052123
3155,13075,57982,25.771,696.03,330.45,0.35615
3156,12559,57928,36.789,258.29,111.18,0.39815
3156,13252,59516,30.655,249.6,171.52,0.18542
3156,13519,58820,25.94,554.15,551.65,0.0022681
3158,13113,59163,36.84,443.09,273.77,0.2362
3160,12567,59086,30.037,998.34,743.85,0.14608
3160,14061,59519,32.191,510.67,301.01,0.25831
3160,15209,59739,22.457,535.08,292.86,0.29255
3164,12479,59083,21.132,879.49,418.27,0.3554
3165,13677,60406,31.123,956.55,880.77,0.041245
3165,14820,58026,26.061,773.04,717.18,0.037489
3166,13307,60114,22.965,293.43,210.18,0.16531
3169,14844,60370,29.562,973.55,879.96,0.050496
3170,14558,60461,17.068,1366.4,857.76,0.2287
3171,14374,60405,21.228,1426.9,466.99,0.50684
3173,14193,59844,38.794,394.37,350.83,0.058429
3176,13774,59041,38.609,261.75,175.69,0.19674
3176,14052,60206,28.352,892.04,697.79,0.12218
3181,13085,58443,29.583,471.47,256.61,0.2951
3182,14229,59123,35.115,652.86,250.72,0.44506
3183,14368,59519,24.126,598.4,425.7,0.16864
3184,12856,58927,34.234,649.71,475.4,0.15493
3185,13421,58779,32.345,1449.5,680.89,0.36078
3186,13064,58968,24.063,639.61,413.23,0.21502
3186,13952,60353,29.973,981.15,539.82,0.29017
3187,13929,60481,27.476,445.48,277.9,0.23166
3188,14087,60123,23.283,423.77,292.09,0.18395
3188,15140,59355,30.205,374.97,295.22,0.11899
3190,13942,60343,21.474,678.13,761.72,-0.058058
3191,13366,60120,30.802,621.61,1067.7,-0.26408
3193,14496,60444,28.075,549.85,381.67,0.18054
3194,14286,60363,29.235,565.82,234.81,0.41344
3195,14024,60549,14.933,1038.6,393.74,0.45023
3196,13038,59759,18.95,1690.3,1088.2,0.2167
3196,13983,60414,19.026,2191.6,1022.2,0.36387
3197,13185,59640,28.726,1655.2,1268.4,0.13229
3197,13493,59589,17.848,2076.6,1212.2,0.26284
3197,13920,60434,33.763,1824.8,1042.8,0.27272
3199,13003,58235,15.47,640.45,350.5,0.2926
3200,13039,57950,20.671,494.74,216.12,0.39194
3208,12719,60446,29.653,667.93,491.97,0.15171
3208,13061,57728,19.01,548.67,173.6,0.5193
3209,14707,60444,34.488,458.77,282.91,0.23711
3212,13073,58272,22.325,547.27,335.64,0.23969
3213,12448,58145,36.386,214.63,237.61,-0.0508
3213,13679,57948,37.34,506.16,301.23,0.25381
3213,14924,59351,37.989,515.85,291.86,0.27731
3214,14564,59582,27.831,201.22,179.35,0.05748
3215,14806,60336,26.371,525.08,298.27,0.27547
3216,13158,58965,24.294,1454.4,820.8,0.27847
3217,12981,57945,20.966,952.55,510.05,0.30254
3217,14307,58751,30.691,331.33,199.05,0.24941
3218,14285,58958,35.712,560.7,298.57,0.30506
3218,14214,60618,25.101,1267.4,458.66,0.46854
3219,13836,60719,41.633,1079,290.08,0.57625
3223,14336,60625,25.381,918.06,514.14,0.28203
3224,14369,60584,35.887,699.58,370.63,0.30737
3227,15257,58594,32.299,426.13,196.78,0.36819
3228,12510,59258,29.954,451.46,232.29,0.32053
3229,14959,60351,28.549,540.3,271.67,0.33084
3233,14819,60655,27.056,639.11,370.34,0.26625
3234,14342,59233,21.803,877.33,520.86,0.25495
3236,13614,60688,24.541,1321.7,513.05,0.44073
3237,14006,60530,32.458,697.52,524.01,0.14204
3238,13933,60580,25.997,570.73,343.71,0.24826
3240,14968,59373,35.554,301.76,145.61,0.34905
3241,12547,60702,34.708,552.86,459.8,0.09189
3241,13726,60575,28.532,841.1,558.14,0.20223
3242,12480,60469,28.971,798.62,450.49,0.2787
3242,14873,59430,26.5,436.6,412.78,0.028044
3242,15048,58325,37.498,428.93,254.97,0.25436
3243,12523,59790,29.924,700.19,238.97,0.4911
3243,15358,59331,43.985,1373.4,902.73,0.20677
3244,12440,59732,30.485,683,569.14,0.090929
3244,13005,57772,25.112,624.63,431.35,0.18304
3246,12892,60192,32.604,716.51,491.82,0.18595
3247,14540,59270,31.998,255.63,160.78,0.22778
3248,13514,59003,26.259,740.68,379.26,0.32272
3249,13489,59067,21.174,565.94,306.24,0.29775
3252,12558,59388,15.931,1079.6,464.51,0.39835
3252,12760,60495,31.586,1045.6,413.51,0.43321
3254,14983,58327,30.338,383.5,270.25,0.17322
3254,15221,60084,27.286,377.3,261.01,0.18218
3255,12723,59142,32.882,268.17,141.79,0.30828
3255,13529,57877,37.332,634.73,181.07,0.55609
3256,12827,58494,35.104,914.4,768.73,0.086548
3256,13488,57808,19.827,687.48,218.81,0.51712
3259,13337,58374,18.999,1016.3,625.55,0.23798
3259,14911,59103,23.84,779.13,336.44,0.39683
3260,12938,59489,23.904,633.7,268.8,0.40433
3261,14707,59735,30.813,481.17,269.28,0.28235
3262,13150,57956,26.851,348.77,212.37,0.24306
3264,12479,58333,23.224,624.15,437.7,0.17558
3264,13430,58390,27.649,375.98,324.32,0.073757
3266,12476,60462,27.872,983.78,784.27,0.11284
3270,14077,57906,33.52,406.04,368.5,0.048465
3271,13139,58213,21.952,827.1,383.46,0.36647
3272,12966,58038,16.861,695.7,416.87,0.25062
3274,15339,60404,27.219,367.39,266.39,0.15936
3275,13177,58396,36.738,345.69,116.53,0.49578
3276,15285,59052,24.174,365.47,209.78,0.27065
3278,13326,58800,33.132,217.33,154.61,0.16862
3278,13938,60491,20.7,791.08,539.37,0.18919
3279,15235,60532,33.695,598.76,399.45,0.19967
3285,13075,59919,30.599,573.78,797.69,-0.16326
3287,13390,60099,22.816,665.14,413.63,0.23315
3288,12673,60302,28.65,592.74,338.03,0.27365
3288,13540,60189,17.757,602.77,660.49,-0.04569
3289,12528,59962,30.522,490.78,345.55,0.17365
3290,13873,60342,25.244,808.45,505.92,0.23017
3291,14161,60101,31.981,298.07,159.91,0.30168
3291,14905,57890,37.946,215.29,163.89,0.13554
3292,14717,59169,33.172,550.91,359.41,0.21037
3292,15064,58014,36.467,616.87,401.57,0.2114
3293,14425,59061,34.118,866.74,398.39,0.3702
3298,13612,58809,38.621,884.68,636.15,0.16341
3299,15411,58971,24.353,880.38,369.41,0.40884
3302,14662,60509,28.761,374.36,214.37,0.27177
3302,14944,58155,32.658,238.58,189.09,0.11573
3303,12846,59937,36.807,287.97,257.29,0.056266
3304,14085,60626,27.879,1383.5,850.04,0.23883
3305,13011,58085,19.412,813.65,276.53,0.49269
3305,14145,60497,28.929,1008,681.1,0.19352
3306,14032,60651,16.063,2131,1428.9,0.19721
3307,14059,60634,26.273,543.23,196.72,0.46829
3307,14270,59382,32.475,666.54,331.39,0.33584
3308,14214,59151,22.797,495.65,223.32,0.37878
3311,13202,60113,29.264,450.03,197.55,0.38989
3313,14928,60474,27.383,664.38,522.44,0.11959
3314,12486,60306,30.337,342.58,256.69,0.14331
3315,15054,59742,26.947,676.7,429.88,0.22305
3316,14378,58839,28.447,346.22,195.83,0.27745
3319,13244,60143,24.224,549.23,153.42,0.56331
3319,14651,59446,25.077,578.6,285.17,0.33972
3320,13182,60041,22.573,745.24,494.09,0.20265
3320,14731,59496,28.499,750.21,613.59,0.10017
3321,13927,59762,29.089,564.38,194.03,0.48832
3322,13938,59878,24.481,270.61,248.1,0.043388
3323,14097,59895,27.66,580.72,190.07,0.50681
3324,13872,59089,30.51,241.64,222.73,0.040721
3324,14865,58967,26.766,242.26,133.57,0.28922
3326,15223,58862,35.411,280.15,182.05,0.21223
3330,13635,60658,25.032,1724.3,1010.6,0.26096
3332,13871,59376,29.675,904.95,548.07,0.24561
3332,14210,60018,25.88,477.66,235.18,0.34016
3335,13621,59667,33.092,1279.8,804.31,0.22813
3335,14106,59885,35.08,1327.3,875.97,0.20486
3336,13534,59545,20.736,372.13,215.67,0.26617
3336,14159,58044,26.905,463.88,241.78,0.31475
3336,14433,60013,25.968,510.11,394.48,0.12783
3337,13327,58043,30.513,887.47,368.16,0.41358
3337,14193,58007,20.304,454.27,191.81,0.40624
3337,15061,60532,22.919,436.78,226.27,0.3175
3338,13653,59215,37.329,357.7,410.89,-0.069212
3338,13966,57974,28.806,707.05,458.2,0.21356
3339,13879,59035,32.924,303.4,197.71,0.21091
3339,14075,60540,23.428,514.49,260.18,0.32829
3340,12713,57766,24.092,1075.5,733.82,0.18883
3340,14088,60588,31.116,893,659.04,0.15074
3340,14400,59772,30.921,497.2,418.47,0.085985
3342,12429,59652,31.601,899.27,904.78,-0.0030567
3342,13767,58029,21.462,400.84,182.39,0.37455
3343,12551,59472,36.828,447.14,374.5,0.088406
3343,12674,58809,37.49,821.52,495.66,0.24739
3343,14989,60714,27.49,986.98,650.31,0.20563
3344,14975,59965,25.644,1266.9,633.93,0.33299
3345,14905,60701,26.357,970.19,718.35,0.14915
3349,13357,59274,23.677,575.52,251.13,0.39242
3350,13695,58951,35.005,706,347.87,0.33982
3351,13653,58664,34.898,417.19,186.75,0.38157
3353,12680,58059,26.821,840.31,834.17,0.0036621
3355,14210,58406,34.905,487.08,105.89,0.64286
3357,14992,59239,22.04,469.64,157.24,0.49834
3358,13126,58237,31.951,295.66,177.66,0.2493
3358,14867,59422,16.582,876.3,564.13,0.21672
3359,13657,58923,49.312,818.28,457.02,0.28327
3359,14949,59861,32.121,534.83,374,0.17696
3360,15363,57836,30.414,312.52,350.68,-0.05753
3361,13864,57858,38.567,240.94,120.82,0.33205
3362,13994,58782,21.667,392.84,282.26,0.16379
3363,13927,58688,35.257,369.43,223.11,0.24694
3364,15223,58317,37.244,138.77,112.75,0.10345
3365,13818,58868,25.677,384.16,339.2,0.062164
3368,14696,60458,33.042,345.68,266.34,0.12963
3369,15330,58411,39.6,306.56,436.88,-0.1753
3370,12811,58292,19.49,1085.6,392.98,0.46845
3371,13373,59612,32.295,520.5,221.17,0.40359
3371,14074,60152,20.31,598,252.32,0.40653
3372,12646,58752,30.038,487.24,511.97,-0.024754
3372,13044,59799,20.465,872.92,768.83,0.063401
3373,12904,59845,17.768,478.9,738.27,-0.21309
3373,15143,59861,35.298,677.34,304.25,0.38008
3374,12913,60036,20.638,271.4,160.24,0.25754
3377,14252,58024,27.371,239.04,182.46,0.13425
3378,14278,57967,15.625,572.76,306.75,0.30246
3381,13069,58774,33.095,487.29,322.87,0.20294
3381,13510,58747,26.235,764.28,416.73,0.29428
3381,13962,58744,30.936,557.1,312.5,0.28128
3382,13215,58751,19.298,1073.6,675.09,0.22789
3383,13338,58716,25.806,654.87,405.72,0.23491
3383,14722,59227,28.057,721.24,654.63,0.04841
3384,12988,59910,29.434,1225.3,1384.7,-0.061087
3385,12796,60507,23.638,1101.6,705,0.21952
3385,12984,59832,32.361,1013.9,422.34,0.41188
3386,12455,60105,25.955,1479.4,941.31,0.22229
3386,13905,60379,26.759,539.21,335.36,0.23309
3386,14053,59118,26.413,239.75,215.98,0.052162
3387,12499,60384,24.069,971.36,818.47,0.085419
3387,13959,59117,35.723,510.22,355.73,0.1784
3388,12473,60456,36.378,953.45,334.69,0.48036
3388,15144,59446,26.594,631.21,279.94,0.38552
3391,14785,59550,30.181,447.4,191.85,0.39975
3393,12768,59570,25.129,708.14,748.8,-0.027911
3393,14928,60662,26.58,444.39,227.81,0.3222
3394,12887,60054,38.194,551.37,429.46,0.12429
3395,15389,60663,36.891,583.56,546.68,0.03263
3396,15177,60481,29.25,413.37,259.53,0.22862
3397,13675,60025,31.125,645,450.1,0.17798
3398,14879,58688,24.705,253.91,188.59,0.14763
3398,14992,60228,25.114,663.1,429.63,0.21365
3399,14154,60619,26.039,581.81,170.06,0.54764
3402,13339,58378,24.209,554.28,285.92,0.31941
3408,13188,59908,33.354,821.73,467.62,0.27464
3408,13787,60374,32.298,378.49,251.55,0.20149
3409,12692,57993,27.189,456.37,456.79,-0.00046229
3410,14031,59139,33.245,421.03,315.96,0.14257
3410,13983,59720,25.937,584.65,422.42,0.16109
3411,13313,60215,34.006,930.88,660.83,0.16967
3414,15200,58025,27.237,376.09,188.75,0.33168
3416,12452,58539,32.31,607.67,269.32,0.38581
3416,13258,58529,28.05,430.21,308.17,0.16528
3419,13877,59379,25.196,461.45,294.82,0.22033
3420,15011,57896,27.984,536.21,311.18,0.26555
3420,15215,57900,30.524,396.74,229.46,0.26712
3422,14916,60661,27.193,258.15,132.5,0.32163
3422,14972,58538,36.907,425.37,358.19,0.08574
3423,14899,58465,29.209,458.08,283.42,0.23556
3425,13823,60341,23.649,398.09,259.68,0.21043
3427,14203,60590,37.307,799.56,565.88,0.17114
3427,15358,58892,27.507,892.69,532.64,0.25261
3428,13182,58231,25.066,465.5,223.99,0.35028
3429,13099,60167,27.101,850.36,503.33,0.25636
3429,13218,60642,36.573,489.23,309.15,0.22556
3429,15035,59182,30.32,272.4,133.97,0.34064
3429,15291,60579,32.738,906.24,459.27,0.32733
3429,15297,60613,34.111,1008.1,514.1,0.32455
3430,13040,58958,21.731,627.78,488.48,0.12479
3430,12944,59967,30.746,631.46,390.55,0.23573
3430,14529,59916,22.793,838.69,472.14,0.27963
3431,12781,59582,31.381,663.95,370.98,0.28308
3431,13362,58829,32.476,636.95,405.77,0.22171
3432,14021,60412,28.807,418.14,337.74,0.10636
3433,12664,59732,31.632,503.59,308.64,0.24002
3433,13864,60725,25.041,370.67,189.77,0.32279
3433,14897,58961,28.524,487.67,258.05,0.30792
3436,15029,58585,35.155,334.69,223.19,0.19987
3437,12468,59904,26.175,469.42,290.82,0.23492
3439,13251,59440,31.806,513.69,112.32,0.64115
3440,13782,58575,25.441,542.74,395.78,0.15659
3440,15320,59114,27.698,723.66,221.98,0.53053
3442,15204,59023,33.547,402.32,118.38,0.54531
3442,15213,60592,39.6,138.08,106.08,0.13104
3443,15236,58995,26.935,335.56,164.98,0.3408
3445,14825,59617,31.794,721.98,657.14,0.047014
3446,12678,58886,32.329,804.34,626.94,0.12394
3446,13138,60395,21.403,788.06,372.14,0.35849
3450,14243,60208,34.798,390.08,142.52,0.46482
3451,12431,57901,23.55,494.17,272.78,0.28867
3451,12589,59023,34.609,370.47,146.32,0.43374
3451,13154,57995,30.564,581.56,417.76,0.16392
3451,14229,60098,30.765,470.36,204.69,0.39356
3452,12838,59332,28.588,309.03,118.65,0.44514
3452,13168,57843,26.423,981.72,514.58,0.3122
3452,13575,58862,23.493,835.35,318.58,0.44784
3453,12504,60345,31.594,375.54,233.54,0.23314
3457,12468,58238,23.388,1039.8,491.62,0.35794
3457,13342,58155,24.313,749.84,394.65,0.31035
3457,15404,57763,33.049,562.05,372.12,0.20331
3458,12851,58124,18.058,699.66,319.99,0.37235
3458,15210,60268,34.464,375.09,137.78,0.4627
3462,14744,59783,34.529,430.76,226.73,0.31032
3463,13857,60486,33.905,519.33,230.9,0.38445
3465,13545,58267,16.875,417.78,218.46,0.31327
3465,14344,60148,33.233,1481.8,838.98,0.27699
3466,13910,60342,20.378,656.28,415.8,0.22432
3466,14733,59647,24.861,629.56,260.18,0.41516
3467,15015,59920,32.406,351.02,106.38,0.53484
3468,12776,57965,32.312,420.94,228.44,0.29643
3468,14400,60410,21.991,702.6,403.53,0.27037
3469,13783,59233,18.326,1012.6,573.06,0.27719
3471,13283,57943,21.851,619.08,290.79,0.36081
3472,13045,58109,21.392,575.86,331.99,0.26863
3473,12987,58612,27.904,735.25,756.18,-0.014035
3473,13118,58031,22.067,617.85,391.03,0.22482
3474,12876,58601,30.069,356.46,243.61,0.18807
3477,12794,57738,20.022,1251.2,664.32,0.30638
3478,12905,57905,8.7201,2728.3,1039.2,0.44834
3479,13071,58366,28.403,1158.4,715.62,0.23627
3479,13126,57849,28.654,909.93,474.13,0.31487
3479,15240,59673,28.43,600.09,406.21,0.19267
3480,14136,60644,27.757,408.59,347.68,0.080545
3483,12544,60689,30.336,285.2,266.94,0.033077
3483,13339,58754,31.334,228.76,255.57,-0.055366
3483,14466,58934,23.907,870.24,317.07,0.46591
3483,14863,58094,32.413,368.67,150.77,0.4195
3484,13250,58961,38.394,369.91,347.35,0.031445
3484,14490,59018,28.445,594.67,180.25,0.5348
3485,14416,59254,37.785,784,367.4,0.36181
3486,13720,59536,30.505,496.2,354.26,0.16691
3486,14214,57796,33.747,114.94,165.33,-0.17981
3486,14359,58814,33.252,221.65,159.2,0.16396
3488,13796,58523,29.006,489.16,288.47,0.25808
3489,13080,60015,32.488,465.88,351.05,0.14057
3491,12946,60195,33.308,268.79,189.09,0.17407
3492,12964,57817,37.255,377.61,268.17,0.16947
3492,13661,58453,39.898,329.9,320.78,0.014019
3495,12522,60294,34.237,626.02,271.35,0.39523
3495,13165,58755,21.609,2258.2,1273.5,0.27884
3495,13607,59996,26.111,721,701.17,0.013948
3497,12945,57770,21.119,563.44,185.64,0.50435
3497,14392,60679,29.009,602.71,353.42,0.26073
3498,14421,60713,25.297,603.86,341.72,0.27723
3499,12436,58094,35.991,273.26,222.25,0.10294
3500,14772,59374,43.368,338.95,295.34,0.068749
3501,13818,60031,29.489,508.26,415.67,0.10022
3502,13755,59960,31.603,730.62,457.47,0.22991
3503,15304,58420,30.59,458.78,193.7,0.40626
3504,14356,59069,41.731,385.93,128.03,0.50179
3504,15304,58008,30.977,396.26,255.99,0.21506
3505,12480,59608,29.963,1038.4,721.72,0.1799
3506,12893,59608,34.01,1101,458.1,0.41237
3507,12505,59729,30.885,1353.7,835.82,0.23652
3507,13280,59391,30.782,891.06,576.88,0.21403
3508,14107,60069,21.365,1201.9,789.04,0.20738
3515,13184,59150,28.048,533.72,341.71,0.21934
3515,15137,60659,31.895,519.44,340.44,0.20817
3522,13661,59607,33.191,469.74,376.66,0.10997
3522,14158,59162,33.036,889.87,393.52,0.38675
3525,14176,58030,26.272,271,179.51,0.20307
3526,12627,59472,35.251,378.04,395.02,-0.021956
3528,12563,59719,32.106,1227.2,835.15,0.19009
3528,13103,59007,17.47,731.84,240.57,0.50521
3528,13280,58206,20.555,876.23,1020.1,-0.075859
3529,13147,59049,27.12,701.9,288.23,0.4178
3531,13774,59989,34.568,376.26,263.11,0.17697
3531,14478,58871,26.97,329.61,198.92,0.24728
3531,15259,59100,22.575,662.63,420.21,0.22388
3532,12720,60707,33.758,1178.9,513.4,0.39324
3534,13004,59919,26.949,324.05,218.12,0.19538
3535,13773,60567,27.59,380.76,209.74,0.28962
3537,13158,59097,21.904,826.61,604.11,0.15552
3538,14247,59373,36.073,495.68,370.03,0.14514
3540,15401,59848,34.288,437.47,186.94,0.40122
3541,12537,58026,36.589,569.88,322.7,0.27693
3541,13412,58611,37.195,254.99,139.3,0.29343
3543,13504,60177,29.522,677.88,712.25,-0.024725
3544,13553,60144,25.563,372.12,183.86,0.33861
3545,13611,60200,22.259,573.11,402.66,0.17468
3547,13403,60120,26.511,613.84,245.28,0.42901
3549,14706,59886,29.03,485.37,496.73,-0.011573
3550,13250,59855,23.247,833.03,539.29,0.21405
3551,12900,57885,30.786,522.2,298.28,0.27291
3551,13788,57929,36.234,456.51,567.02,-0.10796
3553,13925,57823,18.76,479.17,130.41,0.57214
3554,13427,58114,39.074,241.47,123.23,0.3242
3554,14324,60620,27.848,689.44,796.12,-0.071812
3554,15015,59473,29.456,550.99,319.14,0.26645
3555,13317,57760,29.323,325.3,141.4,0.39404
3555,14471,60505,24.74,435.34,708.08,-0.23854
3556,14457,60454,30.161,517.03,482.59,0.03445
3557,12472,60614,37.829,383.96,370.61,0.017693
3557,15099,58586,35.186,217.51,141.25,0.21254
3557,15136,59807,24.214,798.64,277.29,0.48457
3558,15364,59912,27.084,949.66,572.47,0.24781
3559,14873,59040,20.663,353.48,216.57,0.24018
3560,14503,58993,33.31,310.1,187.74,0.24577
3560,14615,59616,37.931,662.15,427.96,0.21483
3561,13026,60613,24.037,479.91,365.66,0.13511
3561,14703,59813,27.169,390.88,316.28,0.1055
3562,13032,60456,28.562,317.78,200.78,0.22562
3562,14695,57747,30.808,320.45,125.78,0.43625
3565,13853,59429,22.371,647.37,362.52,0.28206
3566,15140,60292,33.803,271.71,106.47,0.43694
3567,12828,60128,27.625,709.57,388.58,0.2923
3567,13588,58548,32.093,719.1,411.49,0.27208
3568,14173,60648,32.208,445.25,275.17,0.23609
3568,14205,60603,35.028,268.4,141.15,0.3107
3571,13679,60605,29.807,724.1,364.08,0.33085
3572,12458,59398,33.499,430.14,307.24,0.16666
3573,13242,59545,25.464,948.02,690.05,0.15749
3573,14117,59378,31.274,240.3,270.2,-0.058574
3575,13235,58647,13.511,733.89,256.31,0.48231
3575,13323,60009,29.536,817,407.92,0.33396
3576,13166,58719,10.202,1181,273.22,0.62423
3577,13282,58647,11.591,1027.9,536.1,0.31445
3577,14340,60452,25.751,698.36,488.07,0.17725
3578,13271,58738,13.187,928.58,457.05,0.3403
3579,13263,58592,12.353,936.6,344.35,0.46235
3580,13284,58477,15.903,1173.7,554.66,0.35817
3580,13460,60186,37.209,551.91,421.74,0.13369
3580,14625,60454,32.389,534.02,352.42,0.20486
3581,12627,60570,38.319,249.11,167.72,0.19526
3581,13231,58426,21.216,382.15,238.49,0.23147
3582,12997,59007,27.238,471,311.72,0.20349
3582,15291,59006,30.232,327.26,187.99,0.27028
3583,12847,59072,28.804,432.56,134.63,0.52528
3583,13074,60186,23.769,995.07,672.19,0.19366
3583,13820,60603,22.802,594.25,387.36,0.21077
3583,14273,59412,27.816,416.6,401.85,0.018032
3583,15342,58971,26.284,552.89,380.75,0.18438
3584,13239,60245,18.863,690.48,399.46,0.267
3585,13433,60257,16.062,1339.4,611.6,0.37303
3586,13630,60639,28.879,468.77,223.46,0.35437
3586,14220,59199,31.534,789.89,563.78,0.16703
3586,14936,60509,30.098,819.22,687.17,0.087663
3587,12627,58094,24.832,435.76,257.85,0.25649
3587,13786,60659,32.312,415.31,172.58,0.41288
3587,14858,60485,29.521,492.67,301.49,0.24074
3587,15386,59398,31.536,603.9,418.67,0.18114
3588,12783,60071,36.448,282.47,359.72,-0.1203
3588,13590,60451,27.205,438.14,370.46,0.083707
3588,15196,59242,36.895,501.54,233.05,0.36549
3589,14929,60542,29.148,589.01,450.61,0.13312
3593,13201,60071,34.31,640.48,553.55,0.072803
3593,13840,60302,24.314,282.63,221.61,0.12101
3594,12718,57838,30.197,456.54,291.3,0.22095
3595,13161,58964,31.108,467.6,302.52,0.21436
3596,14920,58936,33.061,338.5,221.52,0.20889
3597,13317,60206,22.08,803.59,913.41,-0.063961
3599,14345,59212,32.857,716.05,583.79,0.10176
3599,15127,60511,29.855,893.49,722.48,0.10583
3602,13316,58119,35.099,393.39,221.95,0.27861
3605,12635,57917,36.244,668.78,648.35,0.015516
3605,14361,58275,34.574,320.02,222.46,0.17986
3606,13169,58530,26.601,390.31,194.32,0.33525
3607,13152,58432,16.925,1133.9,479.15,0.40591
3610,13471,59482,19.616,699.14,270.93,0.44142
3611,14702,60655,37.546,550.27,732.08,-0.14178
3614,13858,58927,29.592,452.29,347.76,0.13065
3615,13467,58744,35.405,377.11,152.12,0.42513
3616,12506,60691,31.068,168.8,100.44,0.25393
3617,12599,60519,22.518,420.29,250.39,0.25333
3617,13539,59526,24.321,601.38,241.16,0.42755
3618,13431,59521,19.337,530.84,275.56,0.31656
3618,14373,60210,35.099,824.01,498.59,0.24604
3619,14428,60084,22.816,455.21,518.32,-0.064826
3620,13471,59453,17.6,571.96,313.4,0.29204
3621,13613,60310,16.397,899.91,281.6,0.52333
3622,13548,60508,31.849,300.82,323.56,-0.03642
3624,13188,60021,16.464,510.04,279.1,0.29265
3624,13339,60385,34.542,898.43,387.16,0.39769
3624,15263,59851,28.463,714.04,516.12,0.16089
3625,12809,59360,30.637,737.99,566.5,0.13146
3625,13226,60261,30.604,443.18,320.6,0.16049
3625,15267,60049,28.878,657.6,611.95,0.035961
3626,12947,59384,32.598,831.86,497.68,0.25136
3626,15291,59778,26.148,482.76,258.93,0.30178
3629,12613,60301,37.216,277.38,126.95,0.37205
3630,12963,58259,32.1,460.19,329.05,0.16616
3631,13448,58571,35.681,360.87,156.81,0.39419
3631,14035,59922,35.207,565.32,297.24,0.31079
3633,13029,59587,24.29,587.02,398.78,0.19095
3633,14337,60216,19.017,1190.8,613.58,0.31991
3634,14339,60340,22.558,714.72,272.06,0.44859
3635,13210,59081,19.78,790.18,574.73,0.15785
3636,13025,60246,32.355,379.92,216.22,0.27461
3636,13420,58919,32.184,497.6,195.06,0.43679
3636,14363,59015,37.118,496.9,150.46,0.53516
3637,13031,60282,36.922,261.57,190.09,0.15826
3639,14266,60354,27.544,556.41,199.42,0.47231
3640,13100,59284,28.189,271.88,155.05,0.27365
3640,14140,60300,34.164,671.76,270.77,0.42544
3641,13376,59906,25.636,546.9,360.73,0.20511
3641,15270,60484,33.218,755.92,278.57,0.46144
3642,13199,59830,28.25,413.78,272.82,0.2053
3642,13835,58963,36.392,211.37,221.57,-0.02354
3642,15132,60404,30.649,695.49,341.48,0.34139
3643,15147,59656,18.261,728.9,618.85,0.081651
3644,12569,57790,32.435,984.69,739.34,0.14231
3644,15227,59611,22.505,1029,1051.4,-0.010752
3645,13863,60557,36.106,838.53,558.39,0.20054
3645,15088,59761,42.263,536.27,842.28,-0.22198
3646,15008,58132,15.149,411.78,495.46,-0.092242
3647,12652,60630,19.962,1379.6,979.94,0.1694
3647,15032,58212,28.431,364.46,815.65,-0.38232
3648,12996,60286,12.541,2316.7,1785.1,0.12962
3648,14374,59901,20.021,927.2,230.14,0.6023
3648,14889,58365,21.413,434.51,786.06,-0.28802
3648,14952,60219,34.753,551.96,256.44,0.36555
3649,12826,58751,24.291,660.53,325.6,0.33964
3649,12930,59779,33.373,844.3,445.65,0.30905
3649,12929,60347,17.611,1740.7,1558.1,0.055352
3650,13045,60464,23.428,359.5,348.56,0.015453
3650,13518,59208,32.052,364.95,291.66,0.11162
3650,14729,58529,28.073,616.16,1243.9,-0.33748
3651,12668,60206,14.888,982.33,826.12,0.086378
3651,14666,58631,17.265,541.1,895.87,-0.24689
3652,14679,58741,14.57,391.84,625.77,-0.22988
3653,12575,60592,17.915,643.08,443.03,0.18419
3654,12644,59682,32.833,435.91,446.16,-0.01162
3654,14682,58856,19.842,411.78,662.56,-0.23342
3655,14704,58839,17.407,380.59,616.56,-0.23664
3656,12871,60074,29.836,532.77,211.48,0.43169
3656,13831,58544,26.479,402.1,255.48,0.22297
3656,14834,58791,20.67,429.52,787.75,-0.29428
3657,12647,60582,30.51,600.32,332.16,0.28757
3657,14969,58842,13.796,391.64,518.21,-0.13911
3658,14984,58897,16.263,513.3,830.73,-0.23618
3659,14825,58947,16.152,368.92,709.4,-0.31575
3660,13242,58992,27.444,691.6,270.43,0.4378
3660,14862,58954,18.571,417.67,623.45,-0.19766
3661,14964,58948,15.529,530.65,701.3,-0.13852
3662,13228,58116,19.389,763.32,202.86,0.58008
3662,13228,60078,22.372,428.12,255.24,0.25299
3662,14893,58969,12.389,598.57,720.51,-0.092437
3663,14944,58868,16.241,386.89,581.9,-0.20129
3665,15373,57955,34.637,590.69,468.08,0.1158
3666,15164,60234,32.654,476.36,361.08,0.13766
3667,13345,58963,30.084,651.86,481.94,0.14986
3668,13471,58976,37.492,492.16,258.75,0.31084
3670,12575,60170,33.425,314.43,197.69,0.22795
3670,14550,58978,32.514,572.64,247.91,0.39574
3671,13410,58317,25.31,496.04,253.41,0.32374
3671,14058,60617,20.228,1263.6,526.98,0.4114
3671,14169,59972,28.258,964.94,602.21,0.23146
3671,14884,59116,27.526,577.69,245.98,0.40271
3672,13114,58266,29.921,378.36,199.07,0.3105
3673,12786,59201,36.261,224.37,245.55,-0.045074
3674,14403,60001,35.495,196.57,103.04,0.31216
3674,15236,59311,32.932,463.98,141.25,0.53324
3675,13888,60724,22.021,512.37,131.58,0.59134
3677,13082,59432,17.451,972.23,461.52,0.35621
3677,13119,57927,25.823,398.5,215.66,0.29771
3679,12563,59848,28.675,512.84,422.36,0.09674
3679,13256,59640,28.679,407.32,183.41,0.37904
3681,14078,59436,33.801,593.44,401.51,0.19291
3682,13346,59741,20.914,777.05,391.45,0.32999
3682,14215,60565,30.131,864.89,834.18,0.018074
3683,12727,58993,31.212,573.89,396.6,0.18268
3683,13208,58290,33.53,795.86,453.9,0.27363
3684,12818,59142,33.254,450.34,346.75,0.12996
3684,13089,58459,32.794,306.37,160.8,0.31159
3685,12959,58992,36.772,644.83,317.03,0.3408
3685,15295,59176,33.085,865.35,423.55,0.34277
3686,13015,57750,33.6,601.09,592.9,0.0068621
3686,13323,58812,24.718,617.23,257.3,0.41157
3687,13426,58810,30.271,449.4,322.3,0.1647
3690,14766,59143,35.861,235,172.51,0.15334
3696,13973,59890,32.205,370.64,304.47,0.098001
3697,15101,60103,26.209,197.68,105.13,0.30563
3698,13664,58984,33.713,455.65,364.13,0.11165
3699,13261,60353,28.39,496.94,254.84,0.32203
3699,13752,58935,23.702,275.01,181.96,0.20363
3701,13173,58045,33.644,199.9,178.98,0.055235
3701,15262,57888,21.533,298.65,169.21,0.27666
3702,13118,60437,26.097,319.15,193.12,0.24602
3702,14709,60698,27.514,312.77,120.06,0.44522
3703,13218,60368,23.392,987.73,613.26,0.2339
3703,14496,60299,32.55,318.32,169.67,0.30461
3704,13157,60331,17.1,870.4,340.36,0.43778
3704,14128,60175,26.677,552.48,256.47,0.36593
3705,12672,60171,33.006,577.41,242.28,0.40885
3705,13181,58601,19.072,863.88,558.35,0.21482
3706,13072,58534,17.717,791.92,161.56,0.66111
3706,14724,60371,31.335,255.16,142.02,0.28484
3707,13262,58029,28.624,715,487.51,0.18918
3707,14696,60593,24.161,348.66,210.48,0.24713
3708,13959,58155,36.108,418.76,352.04,0.086558
3708,14744,60569,24.854,417.2,165.56,0.43181
3709,14034,57985,33.666,702.37,545.17,0.12601
3709,15062,59021,27.416,818.38,455.2,0.28516
3710,13525,58328,33.597,666.48,406.62,0.24216
3710,13979,58044,39.283,692.01,941.31,-0.15264
3710,14903,59106,28.686,522.07,255.32,0.34314
3713,15333,59134,36.578,719.06,248.89,0.48574
3714,13284,58345,24.314,467.38,330.79,0.17112
3714,14253,59109,10.597,1057.1,434.22,0.41769
3715,13208,58513,24.28,865.03,727.81,0.086151
3715,14243,59136,11.552,674.17,347.84,0.3193
3716,14265,59129,15.098,636.21,227.99,0.47237
3717,13504,58772,31.537,349.8,239.55,0.18707
3717,13904,58741,35.803,643.17,400.07,0.23303
3718,13393,58809,38.831,639.2,390.41,0.24163
3719,13972,59008,29.095,624.5,401.35,0.21753
3720,13706,58734,29.724,1135,1038.8,0.044271
3720,13706,58923,22.668,880.91,748.8,0.08106
3721,13490,58589,31.318,389.3,144.12,0.45965
3721,14350,59804,35.044,433.33,300.61,0.18083
3723,12959,57920,26.085,815.26,642.85,0.11824
3724,12800,60026,36.952,297.65,216.92,0.15689
3727,13610,59266,26.448,633.4,279.54,0.38761
3728,13966,57897,36.631,202.37,195.94,0.01614
3730,14372,59573,31.448,891.74,509.64,0.27266
3731,14778,59671,22.985,608.69,637.56,-0.023165
3732,13178,58407,23.445,746.8,529.88,0.16991
3732,13325,59560,25.931,897.82,417.63,0.36504
3733,13066,58415,27.088,902.57,664.02,0.15228
3734,13162,57998,29.106,336.11,316.4,0.030212
3734,15063,59166,26.429,383.82,246.32,0.21821
3735,12848,58701,28.901,848.72,123.72,0.74554
3736,12743,58596,28.574,505.37,454.34,0.053167
3738,15331,58422,35.071,408.25,179.75,0.38861
3744,14145,60221,27.879,1412.3,735.02,0.31541
3745,13209,59809,26.729,721.85,297.06,0.41691
3745,13477,58432,18.753,749.98,112.97,0.73817
3745,13856,60158,32.97,822.07,471.65,0.27087
3746,13440,58347,19.325,762.72,484.66,0.22292
3749,12913,59621,34.277,804.58,468.05,0.26444
3750,14087,60064,29.543,542.39,410.48,0.13844
3751,13528,59204,33.15,263.49,207.72,0.11835
3751,14125,59997,27.539,486.1,422.64,0.069839
3752,12909,60593,27.475,278.44,431.1,-0.21516
3753,14103,59429,32.277,179.56,109.29,0.24327
3753,15405,59045,38.203,327.9,239.81,0.15517
3754,15357,60719,34.732,326.12,250.71,0.13073
3757,14373,59686,26.31,283.78,215.21,0.13742
3759,13090,58997,26.045,226.2,106.74,0.35882
3764,15192,58044,30.832,150.07,167.98,-0.056303
3768,12485,57842,32.277,280.92,119.03,0.40479
3768,12445,60223,24.411,554.62,344.38,0.23386
3768,13936,60640,36.185,468.45,605.67,-0.12775
3768,15117,59793,23.343,891.72,546.67,0.23988
3769,14827,59701,35.034,953.7,584.3,0.24018
3771,13525,60229,25.602,356.77,167,0.36232
3773,12854,58304,18.214,552.04,287.39,0.31527
3774,12898,58412,17.767,852.3,546.71,0.21843
3775,13346,58753,24.016,824.82,436.66,0.3077
3775,13419,60181,31.455,272.79,128.25,0.36041
3776,13402,60028,26.523,597.58,393.9,0.20543
3776,14392,59440,31.86,467.67,454.5,0.014285
3777,13584,60076,21.164,878.46,389.85,0.38524
3777,14359,59274,28.58,363.5,144.1,0.43223
3777,15349,59592,30.791,531.15,118.87,0.63427
3779,14664,58907,36.305,246.28,168.95,0.18622
3780,14456,59155,24.15,924.13,493.55,0.30372
3781,15245,59120,29.563,386.06,193.29,0.33272
3784,13682,60195,32.191,480.91,196.13,0.42063
3784,15051,59086,28.306,455.62,198.62,0.39281
3786,15305,59692,21.253,388.46,113.47,0.54788
3787,15300,59662,22.286,762.78,372.63,0.34362
3788,12705,59344,30.188,605.91,304.54,0.33101
3788,14952,60042,25.337,494.88,246.01,0.3359
3790,13173,59366,9.2644,965.41,649.7,0.19548
3791,13151,59921,32.126,735.05,448.57,0.24203
3791,15417,58575,42.177,551.78,248.06,0.37972
3792,13145,59669,18.299,451.01,167.7,0.45791
3792,13621,60448,36.05,309.46,314.33,-0.0078082
3793,12512,59506,34.803,722.17,648.76,0.053547
3793,13591,58122,33.566,443.91,109.78,0.60345
3797,14456,60409,29.814,661.63,418.91,0.22463
3801,15404,59387,30.977,581.49,648.27,-0.054302
3809,12702,59443,26.803,844.94,598.09,0.17106
3810,13036,58822,28.307,619.65,297.46,0.35132
3811,12995,58439,27.009,532.35,408.96,0.13108
3811,13160,58943,21.297,719.27,636.91,0.060729
3812,13386,58042,36.245,998.3,521.22,0.31396
3813,14172,58033,13.134,539.27,132.97,0.6044
3813,15048,60156,20.241,755.12,362.38,0.35144
3813,15214,59522,30.353,860.59,475.17,0.28854
3814,14940,60270,22.522,273.77,149.71,0.29295
3814,15187,59341,32.78,468.48,458.87,0.01037
3815,14754,58169,32.832,240.67,114.14,0.35664
3816,13414,58824,26.949,725.37,325.08,0.38106
3816,14518,58325,35.739,198.54,132.51,0.19944
3816,14726,59203,33.954,652.34,239.67,0.46263
3816,14863,59619,20.906,389.77,136.87,0.48022
3817,13703,60389,38.504,406.29,370.87,0.045582
3817,13739,60171,31.266,243.91,128.02,0.31159
3817,14556,59041,21.95,646.29,653.84,-0.0058086
3818,14649,58948,22.713,349.74,498,-0.17489
3819,14110,60725,21.701,455.06,242.16,0.30536
3820,13994,58856,29.369,232.28,165.48,0.16794
3822,13577,60299,23.707,606.43,387.25,0.22058
3822,14553,59392,32.311,413.13,269.9,0.20969
3826,13093,59396,24.025,421.14,269.1,0.22026
3830,12970,58765,24.155,334.4,185.9,0.28542
3831,12559,59989,31.298,686.64,369.29,0.30054
3831,13360,58118,26.218,1100.1,770.05,0.17649
3831,14290,60467,25.743,816.15,934.48,-0.067594
3832,14230,60489,16.376,651.73,716.26,-0.04717
3833,12482,60207,38.682,738.12,777.95,-0.026268
3833,14193,60394,13.61,696.14,780.46,-0.057104
3834,14113,60353,31.268,219.36,195.41,0.057739
3834,14701,60225,37.177,197,201.53,-0.011371
3835,14592,60699,20.138,1392.7,491.7,0.47813
3836,12688,58943,37.179,556.35,272.19,0.34297
3836,15379,59082,24.713,498.54,228.49,0.37145
3837,12868,58936,36.948,282.46,147.38,0.31425
3841,13456,58972,27.392,399.05,245.52,0.2382
3841,14112,59493,21.379,626.67,350.74,0.28231
3842,14163,59363,29.693,505.26,330.41,0.20923
3843,12660,59040,29.349,1484.9,760.61,0.32254
3843,14365,59302,26.045,313.33,238.37,0.13586
3843,15151,60096,30.674,1103.4,593.07,0.3008
3844,12688,58019,18.368,1069.1,524.07,0.34212
3844,15168,60093,25.408,390.48,235.39,0.2478
3845,12548,57925,18.513,951.44,528.28,0.28597
3845,14968,60237,27.063,474.18,364.48,0.1308
3847,12600,59315,31.911,1149.8,758.49,0.20504
3847,14350,60331,20.081,680.48,428.3,0.22743
3849,12429,60666,29.97,375.76,162.62,0.39589
3849,13092,60558,30.91,1098,796.34,0.15922
3850,12697,59746,37.559,1218.4,705.17,0.26681
3850,13088,60473,37.27,2242,948.67,0.40535
3851,14289,59228,17.037,1406.9,790.95,0.28025
3851,15130,58444,28.176,402,387.21,0.018744
3851,15315,59001,31.711,244.26,144.04,0.25812
3852,14245,59051,23.346,380.67,202.68,0.3051
3852,14440,60230,26.772,283.52,296.78,-0.02285
3853,14091,59151,33.818,579.74,421.36,0.1582
3854,14035,60626,23.91,778.82,337.53,0.39529
3856,14431,60179,37.102,445.37,120.58,0.57388
3858,14031,60484,34.349,555.93,339.12,0.24223
3859,13827,57815,35.669,423.51,350.37,0.094508
3861,12601,59360,34.442,329.26,296.22,0.052823
3862,12550,59264,35.843,516.53,531.67,-0.014443
3862,13143,58193,33.04,482.89,358.33,0.14806
3862,13648,59226,22.386,592.64,403.97,0.18931
3863,12976,58193,22.599,1020.4,802.62,0.11946
3863,13618,59080,21.593,539.43,339.01,0.22816
3864,12891,58071,21.749,630.16,301.91,0.35217
3865,13624,58738,19.045,310.24,229.25,0.15011
3866,12844,60192,26.997,348.28,222,0.22144
3867,12534,60312,20.766,462.12,231.91,0.33169
3867,14624,57800,32.15,233.32,111.66,0.35266
3870,12597,59109,27.312,396.61,163.19,0.41697
3870,14881,59360,22.027,995.23,512.3,0.32034
3871,13006,59158,19.056,760.63,447.45,0.25924
3871,15129,59671,36.918,384.89,433.96,-0.059922
3872,12761,59147,27.921,553.69,351.14,0.22386
3875,14126,59969,37.689,745.95,439.21,0.25881
3877,14211,58000,19.51,553,108.76,0.6713
3878,13520,59198,34.539,645.09,296.2,0.37065
3878,14318,60518,33.357,514.68,202.91,0.43448
3879,14072,57980,23.31,214.66,198.96,0.03797
3880,14180,58009,22.127,409.71,248.57,0.2448
3881,13068,59501,18.957,653.3,422.01,0.21509
3881,13465,60328,35.311,222.46,196.43,0.062134
3886,13089,58945,22.127,659.73,346.86,0.31082
3887,12818,59275,24.686,581.32,346.77,0.25272
3888,13506,58594,26.584,485.65,227.88,0.36125
3890,12436,58639,19.613,923.75,387.72,0.40873
3891,13759,58976,37.045,523.14,492.99,0.029675
3891,13627,60309,36.668,641.79,663.75,-0.016819
3891,15228,59979,28.558,241.67,142.5,0.25814
3892,13792,60196,23.55,1214.1,1304.4,-0.035851
3892,15169,60342,31.775,337.82,166.42,0.33992
3893,12988,58338,21.027,684.25,234.11,0.49015
3893,13567,60521,30.772,835.04,596.23,0.16685
3893,13732,59625,29.095,992.85,626.93,0.22591
3893,14491,59625,32.422,911.36,423.57,0.3654
3894,12636,59947,31.793,170.54,111.03,0.21138
3894,12915,58276,21.366,712.32,324.14,0.37452
3896,12935,58199,17.262,756.63,505.69,0.19879
3896,14340,59772,28.76,620.31,280.29,0.37754
3897,13700,59251,27.031,583.47,421.96,0.16064
3897,14382,59836,42.108,783.25,733.61,0.032724
3897,14874,59624,25.947,651.53,575,0.062394
3898,13963,59244,20.16,919.97,506.59,0.28977
3901,13423,59611,33.745,291.25,133.74,0.37062
3901,13416,58610,35.215,907.27,547.84,0.24701
3903,14167,57999,25.042,291.35,120.27,0.41563
3905,13475,60154,26.658,766.26,284.6,0.45836
3905,13765,58507,35.321,402.37,142.77,0.47622
3906,12633,60473,40.332,714.56,409.72,0.27114
3907,12677,60441,25.261,884.52,509,0.26948
3912,13188,60016,28.186,587.17,210.47,0.47226
3915,13732,60701,21.277,730.82,336.99,0.36882
3916,14605,58963,43.048,573.9,617.87,-0.036901
3917,13195,58260,15.367,1239.8,652.24,0.31055
3918,12931,57766,24.757,713.18,413.35,0.26615
3918,12958,58288,30.675,415.9,102.76,0.60373
3918,14062,59486,27.551,1188.6,899.87,0.13825
3920,13320,60302,25.683,517.57,381.58,0.15124
3920,14845,59274,32.73,465.22,290.78,0.23074
3921,13385,60309,36.953,200.37,133.77,0.19934
3922,14512,59134,24.737,532.07,270.46,0.32598
3922,15244,57954,29.09,373.84,460.64,-0.10401
3923,13357,59119,31.45,531.09,369.61,0.17929
3926,14130,58013,24.405,355.37,256.24,0.16207
3928,13124,59958,34.805,252.08,330.25,-0.13422
3929,15145,59373,32.328,784.81,290.76,0.45934
3930,12744,58070,31.962,306.91,176.41,0.27001
3931,14168,58019,17.331,585.59,444.36,0.13712
3932,14474,60247,24.939,733.89,257.84,0.48002
3933,13681,59428,25.272,670.86,519.33,0.12732
3933,14599,60407,31.917,369.88,242.51,0.20799
3934,13630,59126,26.778,422.07,173.61,0.4171
3934,14889,60462,31.127,436.91,233.14,0.3041
3935,14902,60512,31.058,451.3,343.15,0.13613
3937,13025,58299,30.379,647.8,337.91,0.31439
3937,13017,58827,34.914,641.74,508.63,0.11571
3940,13060,57883,18.621,954.67,631.46,0.20377
3941,13043,57758,17.685,800.26,423.26,0.30813
3942,13304,57822,28.746,430.68,265.26,0.2377
3942,13734,60662,28.503,706.01,437.78,0.23451
3943,13627,60598,26.371,682.34,397.08,0.26427
3945,15330,59767,22.157,617.32,403.4,0.20958
3948,14676,59134,36.669,235.21,212.08,0.051714
3949,12606,57967,22.931,1147.5,509.89,0.3847
3950,12590,58035,33.988,1161.2,923.51,0.114
3951,15143,59381,28.268,435.07,379.41,0.068333
3952,13614,60180,32.413,628.16,105.88,0.71152
3952,15133,59238,30.497,458.13,181.46,0.43257
3953,13098,60221,28.214,653.12,288.51,0.38722
3953,13655,60679,28.782,443.56,286.33,0.21541
3954,13080,60100,31.063,438.1,393.75,0.053313
3954,13378,57895,27.849,383.41,181.82,0.35666
3954,15064,59086,24.316,531.6,379.7,0.16668
3955,13275,58144,29.586,624.74,513.38,0.097846
3957,12436,59140,32.036,296.62,132.05,0.3839
3957,12767,58054,35.519,485.79,238.45,0.34152
3957,14165,60624,32.513,354.72,229.99,0.21333
3960,14055,60327,27.686,570.83,182.76,0.51497
3960,14175,58009,18.208,447.77,277.98,0.23394
3962,12832,58153,17.5,973.83,522.06,0.30201
3962,13053,59418,25.949,709.32,458.92,0.21433
3963,13221,59488,23.668,515.04,305.53,0.25532
3963,13191,58229,40.487,511.77,325.65,0.22225
3964,13659,60319,23.774,405.72,292.09,0.16284
3973,13035,60184,25.467,1067.2,724.74,0.19109
3974,13219,60241,26.762,428.39,246.33,0.26983
3975,12885,58718,24.798,587.85,252.31,0.39937
3978,12989,59112,22.541,719.46,434.66,0.24677
3978,14650,60045,30.517,285.56,194.58,0.18948
3979,13087,59261,40.071,319.35,198.07,0.23438
3980,12929,59006,36.357,517.02,415.59,0.10876
3981,13141,59025,18.281,723.26,464.18,0.21818
3983,13513,58757,32.724,339.86,118.99,0.48134
3984,13443,60202,18.931,1072.6,691.47,0.21607
3985,13608,60116,19.936,666.5,322.43,0.34792
3985,14594,59755,37.59,201.39,173.39,0.074731
3986,14046,60460,30.844,908.59,474.44,0.31391
3986,14918,59566,40.135,650.95,275.95,0.40458
3990,13771,59679,32.258,645.72,427.33,0.20352
3991,13098,58513,38.273,389.92,267.64,0.18595
3992,12841,58533,23.647,1492.8,900.98,0.24723
3992,13667,60491,17.692,674.43,318.11,0.359
3992,15114,59444,33.228,582.63,224.59,0.44355
3993,12825,58617,24.623,450.3,183.27,0.42147
3993,13712,60369,28.757,479.81,428.62,0.056351
3993,15139,59389,30.659,457.75,289.75,0.22474
3994,13651,60223,17.108,615.6,200.11,0.50936
3994,14807,59355,29.503,535.35,516.69,0.01774
3996,13256,58231,27.697,705.77,495.79,0.17476
3997,12432,58809,38.962,488.98,102.66,0.65296
3998,13088,58410,34.398,421.71,462.55,-0.046183
3998,13265,60092,24.975,858.06,552.55,0.21657
3998,13925,60457,24.496,691.05,345.71,0.3331
3998,15367,60508,30.056,1156.4,794.2,0.18567
3999,12887,60589,27.23,358.81,107.96,0.53743
3999,13174,58416,24.821,331.45,271.74,0.098988
3999,13322,60129,29.693,393.09,297.49,0.13844
3999,14070,59078,33.704,757.3,254,0.49767
3999,14812,59457,35.799,443.42,211.68,0.35375
4000,13047,58438,28.845,339.27,425.84,-0.11315
4000,13171,60283,26.016,602.45,479.97,0.11316
4000,13883,59060,25.077,575.8,254.9,0.38631
4003,13677,59389,38.744,216.62,108.74,0.33156
4006,12877,59768,35.319,305.55,237.84,0.1246
4006,15304,59414,26.325,580.34,362.18,0.23146
4008,12952,58662,27.922,574.86,301.41,0.31206
4009,12629,58757,25.551,632.47,191.77,0.53468
4010,14180,59088,23.742,497.29,207.61,0.41096
4011,12975,58277,19.928,1248.1,865.84,0.18081
4013,13251,59706,16.893,790.85,112.04,0.75182
4021,12442,58505,23.247,707.66,402.27,0.27515
4022,12741,57748,19.319,402.24,182.46,0.37588
4024,15340,60213,32.239,745.55,536.49,0.16307
4027,14790,60523,35.514,553.49,266.71,0.34965
4029,14631,58816,33.281,493.28,474.73,0.019158
4031,12856,60516,25.953,494.66,219.77,0.38477
4031,14732,58704,28.709,429.97,423.96,0.0070367
4033,13004,58915,23.871,633.61,425.11,0.19693
4033,13552,60566,29.751,1050.7,798.67,0.13627
4034,13498,60347,18.571,965.75,457.55,0.35705
4035,13380,60442,22.429,511.12,354.33,0.18116
4036,15155,58310,35.541,217.51,110.56,0.32598
4037,12877,58736,26.005,671.21,685.37,-0.010438
4037,13836,59912,35.386,292.63,252.6,0.073416
4040,14391,59463,26.079,638.23,365.41,0.27183
4043,14160,58714,33.762,390.77,300.25,0.13099
4043,14463,59362,36.972,439.77,342.24,0.12471
4044,14261,60521,31.743,475.08,303.67,0.22011
4045,14481,59449,36.895,463.15,359.3,0.12627
4045,14646,60417,28.318,203.64,161.36,0.11583
4046,13357,60093,34.195,628.02,656.06,-0.021836
4047,15340,59794,34.381,593.26,129.94,0.64064
4048,13693,60148,34.944,633.82,458.25,0.16076
4049,12632,59594,29.434,539.6,163.8,0.53425
4049,14817,59412,24.047,1072.4,680.68,0.22343
4050,12556,60149,30.307,634.65,514.64,0.10442
4051,12653,60022,37.147,409.75,313.98,0.13232
4054,13029,60661,31.07,261.23,251.78,0.018414
4054,15364,59186,34.438,952.85,458.35,0.35041
4055,12901,59144,26.672,572.66,286.83,0.33256
4055,13752,59806,27.08,914.03,632.83,0.18179
4055,15066,59472,31.276,565.58,358.32,0.22433
4056,14782,59574,27.103,623.54,331.79,0.30539
4057,13015,59051,25.132,506.84,399.85,0.118
4058,14780,60467,33.848,269.89,177.95,0.20531
4061,14930,60155,26.862,377.88,271.92,0.16307
4063,13393,60547,33.886,823.62,685.63,0.091428
4063,13666,59943,37.899,416.13,145.84,0.48097
4064,12844,60436,35.355,422.04,130.79,0.52683
4064,14171,58005,13.99,558.32,399.33,0.16603
4066,13425,58909,26.326,328.85,196.08,0.25293
4067,13432,58449,23.056,453.24,162.16,0.473
4068,13253,58486,21.86,938.91,427.01,0.37476
4069,13231,58155,26.147,359.03,163.87,0.37323
4072,13913,59202,24.225,373.22,275.73,0.15024
4072,15089,59707,31.018,266.52,128.91,0.34799
4073,14518,58943,33.118,570.68,355.77,0.23197
4074,13469,58455,27.136,724.39,515.53,0.16845
4074,15378,59602,23.398,693.9,476.31,0.18594
4075,13131,58430,39.566,952.02,454.1,0.35411
4075,13712,59617,26.362,1177.7,774.79,0.20636
4075,13803,59615,28.699,1413.6,942.65,0.19986
4076,13226,60566,31.462,906.95,536.92,0.25628
4076,13274,58339,26.366,629.99,172.37,0.57034
4076,13563,60578,27.527,1310.7,838.53,0.2197
4077,13190,58511,18.25,1938.7,750.23,0.442
4077,13330,58962,28.67,1380.3,668.23,0.3476
4077,13201,60557,22.878,699.42,309.39,0.38662
4077,13601,59463,24.568,968.08,610.05,0.22687
4078,12911,58751,34.087,974.67,626.85,0.21718
4078,13266,58838,26.727,941.89,444.1,0.35915
4078,13577,59490,21.879,712.52,430.9,0.24629
4079,12863,58725,24.82,690.46,307.01,0.38443
4079,13574,59551,25.034,874.98,577.91,0.20447
4080,13032,59833,19.69,838.45,246.66,0.54537
4081,13084,59083,23.26,787.73,291.53,0.45975
4081,14842,58121,17.597,566.08,159.69,0.55994
4082,12646,58373,22.201,1490.3,719.1,0.34905
4082,14875,58138,15.286,468.22,103.68,0.63741
4083,14987,58113,12.26,669.66,133.9,0.66674
4084,12782,58299,23.453,407.27,149.23,0.46368
4084,14158,58031,16.083,495.95,344.81,0.17976
4085,12602,60606,25.949,613.44,236.54,0.44343
4085,13094,60581,34.943,454.46,241.03,0.30688
4085,14127,58045,26.381,230.06,113.61,0.33883
4085,15221,59471,24.554,891.89,421.5,0.35815
4086,13171,60512,31.323,150.82,105.55,0.17657
4087,14990,58012,11.113,685.19,122.44,0.6968
4088,13226,57878,31.638,365.38,313.14,0.076993
4088,14971,58027,14.598,505.7,181.9,0.47091
4089,12935,58054,20.296,604.07,323.48,0.30251
4090,12871,58062,20.586,723.21,481.86,0.20028
4090,13199,58020,35.145,795.68,530.56,0.19991
4091,12719,58068,24.385,892.38,427.68,0.35203
4091,13675,59174,29.688,480.29,309.37,0.21644
4092,13421,59484,15.601,514.16,240.58,0.36248
4092,14588,59082,33.514,523.55,475.45,0.048148
4092,15201,58080,27.538,717.12,580.8,0.10502
4094,15048,58511,37.526,342.79,326.18,0.024824
4095,14165,58017,16.063,578.43,252.65,0.392
4096,12530,60026,32.68,608.69,389.22,0.21992
4096,12780,57838,33.646,259.86,413.7,-0.22839
4097,15120,58188,30.427,365.67,427.88,-0.078395
4099,12841,59670,36.23,325.56,139.93,0.39878
4099,13305,58194,37.945,231.35,143.51,0.23434
4100,13414,58281,24.799,570.34,302.28,0.30719
4101,13228,59039,14.688,1301.9,686.49,0.30949
4102,15205,57875,22.438,323.63,290.85,0.05336
4103,15150,57899,23.357,360.48,411.18,-0.065706
4105,13009,58406,23.778,1091,766.85,0.17448
4105,13558,59482,29.303,392.38,305.4,0.12465
4105,14648,60522,32.63,320.26,114.04,0.47484
4106,12818,59473,37.997,386.85,399.88,-0.016556
4106,13143,58623,32.954,239.15,179.64,0.1421
4106,14757,60107,24.457,596.28,311.55,0.31363
4107,12857,59968,30.773,733.96,364.99,0.33576
4107,13301,58827,21.839,572.76,334.65,0.26241
4107,14470,60234,31.636,313.89,215.2,0.18653
4108,12642,59011,29.795,731.24,396.25,0.29711
4108,12927,60136,26.732,413.94,174.97,0.40578
4109,12979,57735,26.066,454.41,114.76,0.59674
4109,13468,59092,30.378,662.1,235.38,0.47547
4109,14276,60353,28.162,332.48,257.18,0.12769
4110,12667,58743,32.428,1026.1,827.28,0.10729
4110,12871,57868,20.088,888.37,321.5,0.46854
4111,12984,58733,24.626,656,456.7,0.17911
4111,14887,59760,24.438,440.81,255.24,0.26661
4112,14908,59818,36.21,501.44,294.9,0.25936
4115,13703,58515,38.437,281.43,102.47,0.46616
4117,12458,60474,32.429,353.3,117.6,0.50053
4117,13005,57797,26.61,772.82,471.32,0.24233
4117,15349,58242,38.151,326.06,178.34,0.29286
4118,12442,60421,31.116,320.89,252.01,0.12023
4118,12601,58297,38.809,639.64,203.71,0.51691
4119,13289,59079,25.999,649.77,219.13,0.49561
4120,13019,58229,25.058,436.06,196.57,0.37856
4120,13895,59562,19.517,944.88,563.29,0.25302
4120,14664,60517,26.77,762.72,393.08,0.31981
4125,15151,59201,26.265,606.75,337.6,0.28501
4127,12838,59829,33.444,633.37,331.48,0.31288
4127,13187,58298,32.236,265.83,236.84,0.057664
4128,13266,58197,34.634,511.01,156.24,0.53169
4130,13593,59464,24.567,820.28,363.14,0.38629
4131,13341,60052,27.745,738.21,384.93,0.31454
4131,14168,57966,28.051,245.04,116.4,0.35591
4132,13443,59927,21.188,534.35,303.98,0.2748
4132,15234,59767,39.627,478.99,318.14,0.20178
4133,12426,58291,17.615,805.01,762.97,0.026811
4133,15130,59648,27.027,343.39,195.42,0.27463
4134,12504,58192,32.155,885.5,670.64,0.13808
4135,13374,59384,30.374,484.15,278.36,0.26989
4135,14942,60427,23.584,429.69,184.95,0.3982
4136,13381,60396,31.291,799.17,396.27,0.33703
4138,14276,59146,24.223,383.82,375.4,0.011091
4140,12697,57793,26.355,382.12,263.01,0.18464
4140,14530,60350,27.396,457.15,414.1,0.049405
4141,14272,59181,35.092,445.05,270.01,0.24479
4141,14387,60226,32.739,904.75,329.47,0.46611
4142,12605,59633,28.695,403.11,251.65,0.23131
4142,13037,59965,26.762,437.94,506.36,-0.072459
4142,15064,58921,23.996,524.74,212.42,0.42369
4143,12742,59408,22.363,400.26,254.62,0.22238
4144,12921,57979,26.223,1004.7,743.85,0.1492
4145,13293,59143,31.78,618.15,333.58,0.29901
4145,14933,58991,21.572,483.51,246.62,0.32445
4146,12912,58020,32.837,256.96,193.13,0.14182
4146,12912,59194,33.212,365.11,139.72,0.44647
4147,12631,59784,36.057,250.35,144.44,0.26825
4148,12774,59678,24.262,223.31,112.37,0.33049
4148,15378,59558,19.386,518.89,375.64,0.16015
4150,14097,60567,27.391,496.01,311.4,0.22864
4153,12586,59755,35.506,232.62,309.98,-0.14257
4155,12918,59242,14.047,593.36,122.47,0.65782
4156,13950,58566,37.627,378.39,318.92,0.085291
4157,13292,60168,28.393,789.45,272.08,0.48737
4158,15353,59044,22.149,523.53,322.19,0.23808
4159,12793,60648,23.621,312.71,217.37,0.17986
4159,14079,60426,22.814,796.72,741.29,0.036042
4162,13751,60583,29.885,921.92,842.56,0.04498
4163,13661,60721,31.242,689.05,832.28,-0.094153
4163,13770,59619,22.029,658.9,300.44,0.37365
4163,13845,58519,30.985,641.84,467.96,0.15668
4164,13520,58600,29.65,713.83,476.3,0.19958
4164,15326,57957,30.743,411.35,333.61,0.10434
4165,12598,59351,32.867,506.35,182.78,0.46953
4165,12860,57948,28.437,365.43,220.54,0.24726
4165,13399,58784,36.399,424.22,278.13,0.20799
4165,14792,59852,30.946,304.99,216.41,0.1699
4167,13461,59368,34.844,554.14,743.12,-0.14568
4167,15355,58179,34.095,207.08,184.55,0.057527
4169,13464,58746,25.704,834.32,481.42,0.26822
4169,13793,59565,28.406,512.83,332.47,0.21337
4169,15359,58861,25.634,422.33,124.05,0.54592
4170,13634,59385,37.334,670.35,392.01,0.26201
4171,14624,59761,33.211,213.98,252.86,-0.083279
4171,15033,57815,25.238,218.81,269.28,-0.1034
4174,13039,57794,21.347,827.64,436.28,0.30964
4175,13380,59381,18.418,599.37,324.4,0.29765
4176,13343,59971,23.824,295.12,152.29,0.31924
4177,13408,60000,21.939,629.42,299.58,0.35504
4178,13516,59957,27.748,550.15,438.18,0.11329
4179,14591,59603,31.927,704.58,395.83,0.28057
4180,13256,57789,32.658,802.49,280.44,0.48207
4180,13888,60081,30.737,579.22,386.22,0.19991
4181,12838,58172,34.668,939.24,642.57,0.18755
4181,13631,59289,24.439,246.93,112.68,0.37331
4181,13845,60344,22.303,870.06,503.04,0.26729
4181,14679,59142,33.001,249.44,145.63,0.26276
4182,12735,58319,40.397,948.3,548.06,0.26748
4182,13167,60288,20.928,844.27,527.73,0.23071
4182,14675,59163,32.872,493.17,279.14,0.27713
4184,15352,59297,24.377,638.32,329.08,0.31965
4185,13177,59460,30.421,526.25,515.39,0.010419
4186,13383,58745,22.883,335.79,260.21,0.12681
4187,13180,57730,21.694,400.08,242.54,0.24516
4187,14985,58020,29.764,316.97,212.43,0.19746
4187,15124,59822,15.404,679.29,161.53,0.61578
4188,12884,58075,14.914,555.49,163.87,0.54439
4188,15059,59936,31.309,455.39,361.84,0.11448
4189,12998,57992,21.471,650.63,509.07,0.12207
4189,14190,58007,21.43,352.71,179.48,0.32551
4189,15062,59772,23.933,237.37,155.51,0.20835
4189,15296,58188,30.851,575.8,277.81,0.34909
4190,13219,58009,23.005,875.64,429.09,0.34225
4191,12852,58663,28.421,319.25,128.86,0.42489
4191,13325,57968,29.758,500.84,345.08,0.18413
4194,13144,57775,22.935,418.35,158.42,0.45068
4194,13394,60456,26.965,735.99,407.44,0.28733
4195,13153,60275,25.446,275.23,116.74,0.40433
4196,13551,58982,31.825,400.51,338.79,0.083482
4196,14642,59734,19.607,300.87,401.34,-0.14307
4197,14647,58012,36.956,557.94,470.89,0.084618
4197,14748,59781,35.77,448.73,413.14,0.04129
4198,12799,59046,22.922,334.04,178.03,0.30465
4199,12955,58740,15.963,1562.7,813.74,0.31516
4202,13711,58101,33.706,360.54,108.02,0.53893
4203,13779,59658,28.656,622.23,407.5,0.20853
4205,13510,60651,18.633,1011.1,511.73,0.32793
4206,13956,60702,20.068,731.12,453.06,0.23482
4207,12758,60591,20.155,1023.7,418.18,0.41995
4207,13008,58411,25.674,732.99,533.2,0.15779
4207,13992,60599,34.255,640.74,342.17,0.30376
4208,12886,60417,33.014,840.87,409.07,0.34546
4208,14148,59135,25.443,390.48,219.7,0.27989
4209,14586,60706,23.856,476.44,284.24,0.25266
4210,13001,60009,35.822,313.44,279.38,0.057438
4211,12644,58712,26.305,903.08,663.66,0.15281
4211,13760,58963,23.65,895.3,497.72,0.28541
4212,12735,58507,21.057,509.75,512.49,-0.0026879
4212,13646,58922,34.343,660.05,504.13,0.13393
4213,14351,59409,33.904,728.21,547.26,0.14186
4214,14259,59751,29.812,532.8,363.55,0.18882
4217,13754,59835,31.781,675,354.26,0.31162
4218,13298,60321,21.881,711.03,413.51,0.26457
4218,13915,59539,28.622,609.79,449.32,0.15151
4218,14908,59617,31.944,608.65,410.24,0.19473
4219,13068,60722,25.868,345.87,105.54,0.53241
4219,13488,60129,21.515,831.76,284.65,0.49006
4221,12952,58775,37.083,535.95,305.74,0.2735
4221,15195,59609,23.281,397.56,172.48,0.39485
4224,12713,58209,35.601,757.98,369.59,0.34445
4224,13567,58745,10.663,870.94,215.26,0.60364
4225,13513,58835,14.564,634.36,213.41,0.49653
4226,13307,59000,32.697,454.4,197.04,0.39505
4226,14009,59891,29.367,398.99,216.12,0.29729
4227,12610,60668,32.001,744.51,226.62,0.53328
4229,12499,60523,36.779,373.64,286.54,0.13192
4229,15347,59220,28.728,305.53,228.48,0.14429
4230,12918,58327,23.345,1276.4,954.64,0.14424
4230,15128,59248,39.974,625.76,334.31,0.30357
4232,13830,58566,31.992,352.91,327.29,0.037675
4232,14659,59754,29.713,335.31,299.91,0.055726
4233,13984,58544,36.277,345.94,288.77,0.090069
4234,13694,58528,34.545,505.77,157.03,0.52615
4234,13789,59553,32.149,753.86,280.85,0.45714
4235,12476,58410,32.858,677.04,497.02,0.15334
4235,13935,58237,20.975,855.63,469.89,0.29101
4237,13691,58804,24.875,524.05,140.42,0.57734
4240,12712,59806,28.33,436.66,179.86,0.41653
4244,15346,58613,29.359,507.62,307.16,0.24604
4250,14756,60367,14.777,958.77,354.28,0.46037
4252,14240,59902,25.875,387.29,126.11,0.50873
4253,13476,58416,25.493,852.72,587.18,0.18442
4253,13588,60569,32.203,446.07,177.22,0.43135
4254,12854,58517,36.557,718.22,394.81,0.29056
4255,12691,58400,22.342,651.48,284.57,0.39198
4255,14678,59558,30.729,863.13,707.33,0.099206
4256,12439,58328,32.96,785.65,372.16,0.35713
4256,12469,59159,27.324,312.87,197.5,0.22604
4256,13786,58296,36.14,345.95,253.26,0.15469
4258,13585,58637,24.658,934.31,626.56,0.19717
4259,13683,59004,21.486,639.77,360.75,0.27888
4260,12548,60231,28.173,804.5,498.42,0.23492
4260,14398,58736,34.498,381.67,314.24,0.096891
4261,13635,58897,31.291,320.75,425.69,-0.14059
4262,12988,59743,28.415,588.63,260.94,0.38571
4264,12928,58054,28.88,350.41,130.4,0.45757
4264,13072,58955,32.261,885.54,790.46,0.056733
4265,12986,58404,21.818,665.32,380.68,0.27212
4265,13305,58959,26.677,230.03,124.8,0.29658
4267,12779,58393,27.161,421.49,165.81,0.43534
4270,13355,59673,35.284,309.23,217.85,0.17337
4271,13915,59044,32.124,255.31,124.22,0.34539
4272,12585,60465,15.042,545.49,220.1,0.42501
4273,14039,59064,27.18,381.43,191.02,0.33263
4275,12792,60282,22.233,915.11,307.03,0.49755
4276,12757,58345,14.15,1587.3,157.2,0.81978
4276,12906,60269,20.854,708.69,274.47,0.44166
4277,12611,60505,29.186,432.84,237.18,0.29202
4277,12723,58074,29.151,581.55,235.67,0.42325
4277,13273,58026,32.607,647.68,376.94,0.26424
4278,14515,60391,30.744,129.81,148.54,-0.067288
4279,12712,57861,15.205,1445.7,389.68,0.57537
4281,12835,59290,24.6,1007,693.68,0.18422
4281,12985,58327,25.284,949.41,882.19,0.036703
4281,13216,60057,21.119,637.16,333.9,0.3123
4282,12930,58717,24.056,773.42,486.27,0.22795
4282,14313,60382,21.546,675.23,575.34,0.079872
4283,13940,60180,16.515,1288,526.84,0.41941
4283,14214,59530,37.811,497.29,244.24,0.34125
4283,14215,60195,22.556,1755.6,988.22,0.27967
4284,12851,60252,28.096,675.58,346.51,0.32196
4284,13209,58843,23.558,769.59,199.35,0.58852
4284,13281,59562,20.073,1258.3,805.74,0.21926
4285,13645,59387,33.922,720.79,846.54,-0.080228
4286,13838,60344,33.335,651.03,369.81,0.27548
4286,13822,60652,33.296,743.37,340.58,0.3716
4286,14696,60694,39.63,426.01,399.79,0.031748
4287,14205,59586,28.549,533.9,503.25,0.029551
4287,14731,60649,28.722,362.75,201.02,0.28687
4288,14572,59454,46.245,1409.9,727.46,0.3193
4288,14779,59382,29.697,927.15,515.68,0.28518
4289,12967,58843,35.835,434.65,200.84,0.36793
4290,14613,59556,35.725,551.3,513.88,0.035134
4291,12544,57950,37.245,281.16,175.88,0.23035
4291,15412,59450,20.689,1093.3,151.45,0.75665
4295,13016,58396,32.192,268.02,320.58,-0.089302
4299,12495,59772,35.285,361.86,293.19,0.10483
4300,12551,59992,29.727,574.82,270.48,0.36004
4300,13187,60663,23.269,282.25,149.12,0.30861
4301,13259,60623,33.428,482.02,531.21,-0.048548
4302,15405,59173,37.391,418.58,565.37,-0.14919
4305,15087,60441,33.401,442.23,207.94,0.36036
4309,13280,58048,28.96,858.49,621.81,0.15989
4309,15177,60340,29.194,597.11,471.06,0.11801
4310,12444,59616,19.419,791.55,469.76,0.25512
4310,12981,59878,37.894,271.27,179.48,0.20365
4311,12456,59533,36.009,364.6,440.71,-0.094505
4312,12610,59595,28.175,404.36,309.73,0.13251
4312,13064,58608,28.197,481.15,269.32,0.28227
4312,15070,59904,36.253,447.83,235.21,0.3113
4313,12565,59606,25.061,1135.4,549.13,0.34802
4313,13117,58934,28.144,563.13,301.42,0.30272
4314,12495,59703,15.544,958.77,471.13,0.34103
4315,12606,59786,19.834,645.78,407.66,0.22604
4315,13279,59742,25.991,516.51,345.75,0.19804
4316,12882,58679,29.772,233.54,177.66,0.13588
4317,12753,60164,30.07,478.43,224.6,0.36105
4317,13108,57801,20.896,419.8,154.64,0.46159
4318,12868,60008,28.303,535.9,519.79,0.015262
4320,12467,60385,25.458,671.99,541.82,0.10724
4321,12569,59275,36.153,716.6,399.15,0.28452
4322,14660,59178,28.155,710.6,157.89,0.6364
4323,14112,59526,34.845,337.84,225.85,0.19867
4324,14896,58997,33.126,616.36,278.33,0.37782
4326,13259,57873,28.314,667.27,333.2,0.33391
4327,13166,58458,19.456,1261.1,764.67,0.24506
4327,13476,60285,25.121,620.27,273.83,0.38747
4327,14044,59642,22.761,777.19,127.76,0.71764
4328,13291,58658,22.744,1101.9,612.92,0.28516
4328,14516,59519,38.287,847.19,267.5,0.52004
4329,14181,57930,25.456,422.2,250.32,0.25557
4333,12673,58196,30.619,382.22,148.69,0.43987
4335,14624,60547,42.79,612.93,441.03,0.16309
4335,14948,60230,35.474,685.46,642.33,0.032486
4336,12535,60691,29.144,295.34,140.84,0.3542
4336,14432,60386,37.262,625.54,625.54,2.2929e-06
4336,14871,60073,24.951,913.38,613.8,0.19617
4337,12717,58386,24.408,796.34,629.45,0.11705
4337,13862,60092,35.868,281.15,250.4,0.057852
4338,12708,58380,26.376,770.19,652.94,0.08239
4339,14190,59148,24.149,243.99,194.41,0.1131
4341,12643,58516,18.483,928.19,540.05,0.26436
4342,12943,58280,19.035,908.63,559.35,0.23793
4343,12928,58200,29.819,757.15,727.72,0.019821
4343,14996,58928,26.686,264.24,443.75,-0.25355
4344,14837,59084,13.215,516.36,479.61,0.036897
4348,13352,59782,25.089,641.34,519.26,0.10519
4349,13553,58535,25.145,530.74,176.25,0.5014
4355,13311,59379,15.445,647.09,268.68,0.41321
4357,13348,59433,18.263,936.8,378.63,0.42433
4357,13603,59620,17.597,1180.3,365.65,0.52697
4358,12568,58809,34.481,860.09,393.87,0.3718
4358,13294,59556,23.448,467.53,153.64,0.50531
4358,14287,60392,27.578,335.86,263.4,0.12092
4359,12812,58488,41.048,1026.1,622.47,0.24485
4359,13804,58294,32.926,262.33,136.13,0.31674
4359,14345,60451,23.21,703.36,526.61,0.1437
4360,12803,58806,21.895,659,577.41,0.065994
4360,13295,59496,27.824,400.01,195.79,0.34277
4361,13442,60006,27.303,659.46,464.88,0.17306
4361,14198,58009,21.427,593.27,281.79,0.35596
4364,13180,59540,33.033,382.91,249.37,0.21121
4364,14923,60614,22.513,607.94,296.57,0.34424
4365,12748,58645,32.923,567.58,275.88,0.34583
4365,14391,60580,26.806,480.29,268.54,0.28277
4366,12801,58726,18.582,670.33,353.38,0.30961
4367,12614,58657,23.782,280.34,132.11,0.35939
4367,13234,58432,20.482,1188.2,623.72,0.31152
4368,12773,58719,34.594,425.69,222.51,0.31346
4368,13736,60467,20.73,734.81,250.64,0.49132
4370,13477,59455,24.063,402.63,172.6,0.39989
4371,13351,59569,31.563,203.75,213.12,-0.022484
4371,13630,60308,24.144,812.29,434.29,0.30323
4372,13094,58816,24.83,520.83,236.41,0.37559
4373,13827,59949,23.063,1094.5,680.94,0.23292
4374,13658,59595,30.792,540.1,497.56,0.040993
4375,13664,59620,25.402,616.1,448.9,0.157
4376,12906,59876,25.955,390.03,179.61,0.36939
4376,13482,58516,28.114,197.22,158.4,0.10917
4379,12451,58098,34.54,438.88,558.65,-0.12007
4379,13138,60103,18.574,931.41,413.28,0.38531
4379,14423,59621,37.853,325.71,314.41,0.017658
4380,13232,57959,19.509,404.08,224.99,0.28468
4380,13209,60196,33.643,714.95,238.56,0.49961
4380,14319,60169,33.546,511.37,189.35,0.45955
4380,14466,59703,29.74,463.49,216.17,0.36388
4381,15329,59672,38.467,314.53,297.18,0.028376
4382,12922,57805,29.578,745.2,503.22,0.19384
4382,13057,58529,23.553,367.87,254.12,0.18288
4383,12798,58501,41.394,1288.2,1029.4,0.11168
4383,14024,60211,20.898,710.83,314.2,0.38694
4383,14898,59257,28.591,696.04,339.5,0.34431
4384,12696,58459,33.246,464.59,575.69,-0.1068
4384,13318,58479,37.618,569.9,618.17,-0.040636
4385,12548,60627,31.849,514.12,334.67,0.21141
4385,12713,58390,25.112,467.77,222.28,0.35576
4385,13606,60019,27.939,809.54,386.5,0.3537
4386,12754,58509,35.651,483.04,106.65,0.63828
4386,13850,60299,19.006,706,541.2,0.13213
4387,13832,60447,31.452,501.19,294.55,0.25969
4388,13911,59366,30.349,548.86,227.14,0.41458
4389,14083,59516,26.576,358.2,231.49,0.21487
4391,12516,59093,30.455,375.8,211.08,0.28066
4391,12945,60666,20.34,479.73,319.25,0.20085
4391,13508,60181,28.152,338.83,139.72,0.41607
4391,13868,58093,28.278,641.4,329.3,0.32151
4391,14190,59653,23.547,593.6,478.82,0.10703
4392,12944,60492,29.751,391.72,172.12,0.38947
4393,13205,59252,34.441,471.61,138.7,0.54548
4394,12608,60264,38.443,536.94,363.93,0.19204
4395,12851,60707,23.817,506.91,169.74,0.49829
4395,14494,60633,25.753,574.39,301.14,0.3121
4396,14131,57986,33.928,296.52,214.32,0.16091
4397,13312,59478,9.9837,690.02,403.35,0.26219
4398,12960,60348,31.131,701.24,360.75,0.32062
4399,12877,60339,25.911,434.21,108.99,0.5987
4399,13235,57911,29.44,250.61,109,0.3938
4400,12780,60570,31.827,374.26,235.65,0.22726
4404,14728,59508,17.575,532.08,424.73,0.1122
4405,13909,59218,34.826,602.39,149.72,0.60186
4405,14253,60519,21.46,1061.2,698.82,0.20591
4406,12984,59988,36.782,358.93,205.71,0.27136
4406,13757,59001,29.522,282.02,140.94,0.33356
4406,13783,59828,38.091,299.51,185.52,0.23502
4407,13387,60069,34.339,452.38,284.55,0.22774
4408,12569,60538,25.397,799.17,416.37,0.31492
4409,12818,60363,22.515,1085.5,607.08,0.28267
4410,12593,57890,30.837,914.4,450.47,0.33991
4410,13134,60498,31.358,1216.9,686.95,0.27836
4411,12623,57922,31.837,811.82,544.05,0.19749
4411,12855,59827,35.796,259.68,208.18,0.11008
4412,12778,57863,17.837,806.75,903.76,-0.056716
4413,13058,59994,33.982,249.8,110.46,0.3868
4415,13546,59766,25.563,733.64,178.7,0.60826
4416,12979,58004,29.849,571.27,188.47,0.50387
4417,12428,58356,21.141,584.1,310.5,0.30584
4419,12694,58100,26.244,634.4,463.73,0.15542
4420,13314,58529,28.819,290.95,299.65,-0.014731
4421,13443,58621,21.629,799.43,569.52,0.16794
4421,15268,60472,28.823,727.04,487.83,0.1969
4422,14209,58737,31.42,386.18,271.1,0.17509
4422,15359,60162,34.071,525.61,512.29,0.012839
4423,13218,57780,16.723,637.41,411.43,0.21546
4424,14039,60042,26.085,273.95,119.02,0.39426
4428,13361,60693,33.876,555.36,378.47,0.18942
4431,13042,58708,22.007,459.11,136.27,0.54224
4433,13434,58418,25.236,707.71,406.33,0.27053
4433,14018,59206,29.967,640.7,439.26,0.18652
4433,15394,58735,33.383,105.47,102.05,0.01649
4435,12944,59670,35.282,214.27,200.22,0.033906
4435,14074,60094,27.77,524.96,327.67,0.23139
4436,12749,59490,32.715,541.77,229.6,0.40469
4436,13903,59987,33.659,516.4,181.18,0.48055
4437,12562,58449,35.35,977.87,802.1,0.098747
4437,12904,58680,32.501,966.92,671.55,0.18027
4438,12439,58488,28.027,613.12,479.7,0.12209
4439,13335,60268,23.123,258.04,109.81,0.40297
4439,13853,59401,31.345,930.2,358.12,0.44405
4439,13847,59381,37.952,782.17,279.12,0.474
4441,14613,60613,38.151,753.88,252.91,0.49759
4441,14656,60636,21.699,950.41,327.66,0.48725
4446,13899,60111,25.049,1085.2,516.32,0.35522
4447,13273,59419,20.879,584.54,236.63,0.42367
4447,13811,59853,22.832,943.57,316.8,0.49729
4448,14720,59536,34.422,811.4,441.3,0.29544
4449,12684,57932,28.218,709.59,429.01,0.24643
4450,12960,60441,21.893,591.52,252,0.4025
4451,14277,59218,36.285,819.79,289.28,0.47834
4452,14251,59202,24.912,328.33,147.41,0.38027
4453,13783,58779,36.756,254.31,100.65,0.43291
4454,13240,59196,35.57,937.47,353.81,0.452
4454,13575,58967,37.129,878.95,611.98,0.17906
4458,13000,60691,27.607,403.28,253.9,0.22731
4458,14712,60139,30.845,339.85,181.5,0.30372
4460,14138,60363,25.608,482.97,379.02,0.12059
4460,15239,60215,32.171,567.77,564.13,0.0032135
4461,13009,58677,32.767,647.62,389.41,0.24899
4461,14361,60283,25.584,767.3,535.04,0.17834
4461,15107,58985,33.685,390.23,281.65,0.16161
4462,12818,59289,39.087,222.5,147.54,0.20257
4462,14297,60409,27.174,398.29,232.35,0.26313
4463,12925,59121,31.745,707.91,535.53,0.13863
4464,14493,59076,39.987,426.18,506.12,-0.08574
4464,15122,58934,31.68,338.95,141.57,0.41077
4467,14096,57977,22.818,670.74,312.53,0.36431
4470,13357,58355,31.127,547.28,264.79,0.34786
4471,15109,58950,24.123,204.53,101.35,0.33731
4472,13304,58481,30.285,466.8,315.51,0.19339
4472,13582,59351,25.888,581.84,332.02,0.27336
4472,14165,60255,30.031,426.94,194.43,0.37419
4473,14106,60301,31.69,216.33,101.66,0.3606
4476,13211,59839,19.357,505.51,359.69,0.16854
4478,13146,60356,25.75,1121.5,781.64,0.17859
4478,13688,59711,37.301,872.26,643.33,0.15105
4480,13174,57895,28.291,364.44,207,0.27552
4480,13074,59955,27.358,689.28,883.27,-0.12336
4481,13147,57965,27.345,582.38,370.86,0.2219
4481,14232,59193,19.835,423.66,268.21,0.22468
4482,14233,59437,25.218,395.77,141.36,0.47364
4486,12607,60480,29.844,939.63,618.81,0.20586
4486,14665,60700,36.043,436.61,566.03,-0.12908
4487,13067,59744,30.31,617.47,369.01,0.25186
4487,15090,58118,37.562,271.7,189.56,0.17807
4487,15361,60380,34.762,304.15,218.09,0.16478
4488,13799,60567,21.399,903.8,605.8,0.19741
4489,13299,58430,27.669,919.53,449.51,0.34332
4490,13100,58158,33.261,197.46,163.58,0.093849
4491,14081,58887,29.288,382.32,204.95,0.30203
4492,12654,59047,27.663,220.26,206.21,0.032949
4492,13515,58877,34.319,278.86,133.99,0.35089
4493,15248,59584,21.818,1015.1,751.61,0.14916
4494,12994,60269,34.382,928.42,401.5,0.3962
4494,13252,60430,21.248,1173.3,888.51,0.13811
4495,12919,60097,45.577,723.13,522.77,0.16081
4495,14173,58076,38.302,428.91,581.72,-0.1512
4495,14939,59928,30.781,475.39,378.98,0.11284
4496,13483,60718,21.597,1182,660.55,0.28299
4497,13081,58423,22.846,734.79,386.09,0.3111
4497,15054,60124,31.476,239.17,189.95,0.11469
4499,13802,59189,33.89,289.1,175.31,0.24504
4499,14072,57863,38.08,297.72,398.88,-0.14522
4501,13003,59368,29.27,267.3,273.86,-0.012121
4502,12987,59368,30.711,343.04,733.29,-0.36258
4503,13064,59259,14.994,624.18,1105.8,-0.2784
4504,13156,59227,26.612,346.97,860.13,-0.42512
4504,13367,58307,19.088,543.2,352.9,0.21237
4505,13092,59076,31.401,660.13,861.98,-0.13261
4505,13419,58284,26.19,333.24,234.79,0.17332
4505,14547,60210,24.125,339.04,141.2,0.41196
4506,13379,59030,24.179,384.73,265.16,0.18399
4506,14689,60020,39.025,656.3,353.03,0.30046
4507,14612,59868,25.598,1170.1,586.56,0.33221
4508,14365,58626,33.739,493.51,159.54,0.51141
4508,14572,59907,38.293,788.2,352.67,0.38175
4512,15209,60588,38.323,415.64,391.99,0.029291
4515,14311,57887,34.222,220.3,307.94,-0.16591
4516,12710,59775,24.521,516.24,249.18,0.34891
4516,13035,59097,26.957,838.04,506.94,0.24617
4516,13359,58041,29.492,276.78,143.14,0.31825
4517,13201,58176,25.221,516.77,166.87,0.51182
4517,14164,59064,26.342,521.45,378.71,0.15857
4518,13193,60137,19.499,1144.2,637.06,0.28471
4519,13207,58227,25.018,736.32,669.67,0.047405
4519,13132,59421,30.777,521.97,235.31,0.37854
4519,13811,59010,26.942,463,446.17,0.01852
4520,15280,58075,33.216,344.7,149.3,0.39554
4525,13194,58445,27.448,526.25,158.48,0.53711
4529,13300,59271,19.682,437.44,251.37,0.27013
4529,15173,59739,30.267,332.73,268.7,0.10647
4531,13298,59738,23.74,452.88,181.93,0.42682
4531,15373,59548,39.15,240.72,107.08,0.38423
4533,13286,59160,37.095,421.37,156.71,0.45783
4534,14519,60629,29.951,599.31,216.81,0.46868
4536,12541,58617,29.509,298.46,182.95,0.23994
4537,12493,58897,32.109,356.44,181.03,0.32636
4537,15282,58153,34.098,374.77,255.23,0.18974
4538,15359,60541,21.433,1000.9,566.57,0.2771
4539,15250,60433,25.741,1406.9,997.19,0.17042
4540,14223,60429,27.28,563.08,198.13,0.47943
4540,15065,60323,28.467,544.87,255.92,0.36083
4541,15176,60317,34.461,906.33,525.4,0.26607
4542,13432,57898,28.683,609.03,338.07,0.2861
4542,14298,60524,37.701,267.33,122.59,0.37119
4543,12855,60675,35.771,477.98,179.59,0.45379
4543,13469,60607,28.283,397.15,120.49,0.53447
4546,15044,60636,22.768,554.88,263.7,0.35571
4547,12553,59821,32.348,291.77,131.48,0.3787
4547,14005,60675,31.226,543.88,223.03,0.41838
4548,13731,60150,31.072,406.92,189.33,0.36494
4548,15290,59905,31.151,170.7,130.29,0.13426
4549,12768,59210,28.963,803.37,484.27,0.24781
4549,14040,57936,36.725,426.01,570.61,-0.1451
4549,15351,59788,29.691,411.53,303.89,0.15044
4550,13470,60115,26.395,598.05,306.38,0.32249
4550,14151,57991,17.524,341.24,387.16,-0.063047
4552,14056,58421,32.265,375.55,268.31,0.16657
4553,13274,60373,41.974,1007.7,513.5,0.32487
4553,13578,59136,32.644,621.57,416.63,0.1974
4555,12715,57774,39,391.53,297.76,0.13603
4555,14402,59337,36.985,291.56,202.23,0.18092
4559,12686,59886,37.429,269.89,156.58,0.26571
4561,14411,60018,32.051,372.72,423.57,-0.063857
4562,13334,59192,27.063,558.16,458.52,0.097997
4562,13482,60303,32.465,429.02,331.03,0.12892
4563,13401,59157,32.725,826.8,355.17,0.39902
4563,14991,58591,33.869,354.69,306.33,0.073166
4564,13431,58843,18.471,557.97,283.73,0.32582
4565,13286,58342,34.163,504.22,401.58,0.11332
4566,14549,59293,31.166,254.96,298.97,-0.079452
4568,14258,60226,21.251,652.34,166.54,0.59325
4569,13069,58085,37.615,520.83,235.13,0.37793
4569,14041,58924,28.703,560.95,287.09,0.32294
4570,12725,58360,29.536,1411.5,670.2,0.35611
4570,13836,60676,38.279,198.08,154.73,0.12285
4570,15071,60419,28.199,466.14,383.89,0.096751
4571,15262,60513,33.47,311.68,235.17,0.1399
4575,12476,60406,30.269,585.4,193.28,0.50357
4575,14480,59653,33.919,757.28,424.76,0.28131
4575,14608,60459,28.422,616.8,184.83,0.53886
4576,12539,60380,26.703,771.17,644.11,0.089778
4576,15039,60351,23.399,397.18,140.78,0.47662
4577,12477,60288,30.177,454.09,289.83,0.22081
4577,13408,60530,21.296,772.9,487.77,0.22618
4578,12531,58928,29.72,579.8,155.37,0.57733
4578,14481,60177,29.101,522.14,239.98,0.37023
4579,14438,60072,35.155,455.72,337.07,0.14967
4580,13279,58694,29.182,440.68,159.44,0.46864
4580,14063,59414,30.735,333.5,270.32,0.10464
4580,14336,60094,24.2,377.21,623.06,-0.24578
4581,14462,59986,17.729,431.47,446.97,-0.017652
4583,14342,57932,28.532,312.31,270.96,0.0709
4583,14398,59924,17.713,557.08,593.23,-0.031425
4584,12757,60574,23.437,396.41,387.15,0.01182
4584,14022,60690,24.369,512.72,112.55,0.63999
4584,14311,57896,30.736,343.45,423.07,-0.10387
4584,14432,59899,19.877,478.57,402.83,0.085931
4586,13997,59989,22.739,1634.5,1047.6,0.21884
4587,12576,60186,37.167,416.92,359.37,0.074131
4588,12902,58791,21.36,1464.3,823.36,0.28018
4590,12495,60603,22.301,625.71,486.01,0.12566
4590,12867,57939,35.566,1657.9,952.88,0.27005
4590,13385,58673,17.526,809.13,377.44,0.36381
4591,12714,60500,17.128,952.59,513.91,0.29914
4591,13796,59950,31.175,616.79,540.7,0.065743
4591,15160,60386,33.18,340.47,120.23,0.47805
4593,12705,58148,20.992,960.65,589.11,0.23974
4595,13639,60102,30.563,253.82,205.21,0.10591
4598,13024,60225,34.313,323.51,268.29,0.0933
4598,13961,59111,26.248,512.36,307.59,0.24973
4600,12962,59181,24.809,575.33,396.91,0.18352
4600,14108,59051,26.97,686.99,234.93,0.49034
4601,14276,58891,36.502,136.54,196.85,-0.18088
4602,13039,60119,24.517,1019.7,309.73,0.53404
4603,13141,59929,30.592,190.51,186.58,0.010429
4604,12791,60396,19.51,694.91,415.16,0.25201
4605,12862,58736,21.803,737.24,540.49,0.15398
4605,13178,59530,32.16,210.98,274.41,-0.13069
4605,14105,58992,23.096,386.18,204.66,0.30723
4608,14123,58985,17.619,886.56,558.69,0.22686
4609,13044,60293,35.853,707.38,241.85,0.49042
4610,13412,58669,36.731,507.23,719.66,-0.17315
4611,13121,58670,24.787,505.48,337.91,0.19868
4612,12747,58614,38.623,239.44,281.71,-0.081109
4612,15027,60442,25.313,427.05,237.95,0.28436
4613,13043,57782,32.462,568.76,153.69,0.57454
4613,13350,59370,19.27,502.5,143.69,0.55528
4614,13413,58698,26.393,404.5,124.96,0.52797
4614,13366,59335,16.897,361.77,131.54,0.4667
4617,12642,59346,34.814,353.16,239.39,0.19199
4617,13509,59878,23.393,439.4,226.19,0.32033
4618,14388,59920,33.677,463.31,295.35,0.22139
4619,12957,58718,18.937,945.04,620.71,0.20714
4620,12687,58739,22.104,874.64,627.17,0.16478
4621,12816,58839,22.664,523.48,479.32,0.044042
4621,15029,59199,30.196,923.63,592.85,0.21813
4621,15321,59861,31.515,395.3,166.46,0.40737
4622,12927,58757,20.886,1112.3,993.79,0.056274
4622,14606,59305,34.987,960.98,325.53,0.49394
4623,13141,60698,24.736,755.36,483.91,0.21904
4623,14465,59359,33.365,479.36,297.36,0.23432
4624,13030,60504,31.046,1062.1,616.64,0.26537
4625,13273,58961,20.622,631.46,369.37,0.26187
4625,14662,60713,23.116,442.71,338.33,0.13364
4626,12451,60633,22.962,488.04,317.42,0.21182
4626,15014,58497,35.835,217.05,117.64,0.297
4627,14267,58440,27.648,481.8,275.09,0.2731
4628,13794,59298,27.22,326.7,144,0.38815
4630,13062,58417,34.267,366.54,307.69,0.087287
4631,13609,57977,38.298,195.2,164.19,0.086288
4631,14791,60256,34.323,285.64,215.09,0.14089
4632,12929,57780,29.011,782.85,409.25,0.3134
4636,12891,60591,31.974,525.18,461.03,0.06505
4636,15392,60348,31.437,1009,747.8,0.14867
4637,15208,60565,27.199,734.91,467.58,0.22231
4638,13304,58279,22.214,700.85,262.07,0.45567
4638,13882,58368,35.729,272.29,133.25,0.34285
4638,14981,60070,35.861,427.08,256.84,0.24892
4638,15139,59182,31.461,796.85,650.26,0.1013
4642,12877,57989,20.741,820.56,718.15,0.066555
4644,13105,58430,24.258,607.91,304.64,0.33234
4645,13576,59575,35.362,169.16,168.76,0.0011801
4648,13660,60313,18.614,1138.4,740.92,0.21151
4650,14243,60670,30.69,387.31,281.01,0.15906
4653,12991,57892,19.422,905.12,418.23,0.36792
4653,13300,59201,19.666,1078.7,604.6,0.28167
4653,13709,60259,36.574,286.43,232.84,0.10321
4654,13307,59278,19.798,523.48,344.99,0.20553
4655,12540,58642,22.894,268.03,137.35,0.32238
4655,13031,57849,23.49,657.54,433.39,0.20546
4655,14908,60437,24.413,380.48,125.43,0.50413
4656,12469,58376,36.006,520.43,204.8,0.43522
4656,13237,57946,20.791,581.91,353.71,0.2439
4657,13667,59585,30.186,233.42,177.03,0.1374
4658,12568,58252,33.342,731.82,253.62,0.48527
4659,12885,58591,19.031,822.85,379.3,0.36896
4659,15191,60525,31.351,927.5,742.41,0.11084
4660,13603,58856,24.988,400.35,270.01,0.19444
4661,12649,57927,19.14,713.12,457.08,0.2188
4661,13676,58741,29.336,694.39,486.79,0.17576
4662,12617,57855,24.377,474.63,252.16,0.30611
4662,13899,58514,39.896,770.67,344.09,0.38266
4663,13291,60443,37.688,611.97,242.18,0.43292
4664,12857,58385,24.336,651.19,664.46,-0.010093
4665,13796,60187,23.05,350.91,200.72,0.27227
4665,14776,59261,22.742,552.14,206.39,0.45582
4666,12657,58180,34.955,967.42,944.97,0.011742
4666,13971,60272,23.498,546.95,365.1,0.19938
4667,13821,60544,30.766,490.63,276.48,0.27917
4668,12639,58918,29.737,499.69,226.72,0.37578
4668,13896,60247,34.662,611.81,339.13,0.28675
4669,13363,60246,31.84,644,417.81,0.21302
4669,13818,57887,34.135,181.84,196.55,-0.038873
4673,12997,57997,27.153,871.51,603.29,0.18187
4674,13211,59128,28.229,341.08,113.07,0.50207
4675,12722,59738,37.029,278.61,198,0.16913
4675,12818,58423,24.936,759.08,475.62,0.22957
4676,13325,59357,12.648,784.21,325.35,0.41355
4677,13059,60279,29.675,640.69,356.5,0.28499
4677,13329,59283,31.833,385.41,344.49,0.056069
4678,12852,59314,25.605,542.29,512.39,0.028349
4678,13182,57844,35.459,910.7,662.58,0.1577
4678,13171,57929,35.082,825.25,638.03,0.12795
4678,15286,58671,26.546,785.91,412.62,0.31146
4679,12828,59337,25.756,390.99,435.1,-0.053396
4680,12798,59251,25.786,396.78,153.31,0.44261
4681,12739,58425,18.009,465.7,308.58,0.20292
4681,14065,58896,31.891,538.49,270.9,0.33061
4681,15011,60440,26.064,384.57,233.18,0.24507
4682,12680,58404,27.756,1047.2,639.43,0.24178
4682,14912,60514,38.518,778.28,464.58,0.2524
4685,15213,59897,33.578,329.11,148.5,0.37814
4686,12694,58632,26.764,1229.2,500.63,0.42119
4686,13706,59861,26.145,604.5,377.75,0.23084
4688,12602,59293,38.447,611.1,133.1,0.64231
4688,15247,60211,32.288,682.88,494.24,0.16026
4690,12516,60369,23.543,593.98,272.49,0.37103
4690,13195,57985,25.917,472.24,167.08,0.47732
4690,13672,59095,26.713,486.96,246.63,0.32761
4690,14050,60275,17.421,644.69,204.62,0.51816
4691,12570,59714,27.706,681.26,480.14,0.17318
4692,14045,60242,24.398,558.28,149.35,0.57788
4692,14021,58952,24.248,604.44,242.1,0.42803
4693,13436,58804,23.737,589.74,286.83,0.34556
4694,12989,60447,34.979,403.54,185.55,0.37003
4695,12432,58578,31.409,491.63,666.25,-0.15081
4695,13012,60515,25.526,347.67,108.97,0.52274
4695,13224,58554,28.132,353.61,248.38,0.17481
4695,13910,59521,32.485,828.41,618.64,0.14496
4697,12967,58717,18.768,950.99,346.77,0.46558
4698,13304,58166,33.242,624.85,362.42,0.26582
4698,13833,59189,38.427,455.97,369.61,0.1046
4702,13432,60672,28.282,310.76,132.59,0.40188
4702,15347,59831,31.053,394.91,179.62,0.37473
4703,15086,59861,32.719,505.84,418.38,0.094626
4705,13880,59546,35.698,274.55,139.42,0.32643
4706,12641,59202,29.673,917.53,902.23,0.0084058
4706,15041,60035,31.165,316.07,124.83,0.43374
4708,14627,60573,34.472,285.88,126.54,0.38634
4709,12501,60412,35.992,417.04,292.18,0.17605
4709,13429,60128,22.067,582.12,290.14,0.33475
4709,14159,59054,30.498,922.1,400.36,0.39452
4709,14753,59193,23.537,1119.2,695.43,0.23353
4709,15409,60576,31.797,473.49,332.78,0.17453
4710,12717,59204,30.131,400.5,428.52,-0.033795
4710,15010,59336,23.774,1062.8,513.22,0.34873
4711,13932,60130,24.887,276.29,130.87,0.35715
4711,14960,59393,29.738,809.59,551.84,0.18933
4714,13161,58710,26.996,596.63,475.86,0.11261
4715,13131,58877,29.663,384.34,147.05,0.44656
4717,13018,58058,30.738,587.87,434.99,0.14946
4718,13025,57928,32.467,960.82,688.63,0.16502
4718,13325,60675,29.7,521.7,530.63,-0.0084896
4721,14306,60138,31.887,413.58,316.48,0.133
4722,14255,60115,23.138,779.04,381.02,0.3431
4723,12612,60003,40.676,800.66,610.22,0.13498
4723,12686,60033,33.101,869.23,586.65,0.1941
4723,13213,58680,35.695,307.28,335.81,-0.044361
4723,15012,60408,29.303,1131.9,425.11,0.45393
4724,12863,59834,21.691,522.82,213.22,0.42063
4725,13154,59735,36.613,268.75,172.42,0.21836
4725,13318,57936,27.336,309.25,160.73,0.31601
4727,15339,58320,36.392,512.13,224.45,0.39057
4728,14308,60470,35.884,398.33,344.36,0.072668
4729,13225,58855,22.729,830.11,320.42,0.44301
4729,13707,59423,32.683,510.67,682.5,-0.14402
4730,13671,59702,25.199,1348.6,619.74,0.37029
4731,13465,59709,30,1356.9,865.61,0.22105
4732,13559,59987,33.528,464.54,351.32,0.13878
4732,15101,60622,25.489,230.52,142.66,0.23543
4737,12577,58705,35.933,481.65,321.98,0.19869
4737,12863,57991,24.23,590.3,271.94,0.36923
4738,13192,60419,32.117,462.04,191.37,0.41424
4739,13135,60580,33.142,601.19,209.82,0.48257
4741,12636,60180,24.897,615.02,687.4,-0.055574
4742,13920,59865,35.763,280.21,112.93,0.4255
4743,13347,59974,37.244,359.54,209.21,0.26431
4743,14690,59310,31.346,798.46,429.62,0.30034
4743,15278,60465,27.249,679.73,400.56,0.25842
4744,14295,60542,24.25,831.09,533.54,0.21804
4745,12598,57961,21,485.46,273.93,0.27856
4745,13278,59336,15.983,573.1,104.83,0.69074
4745,13562,59713,49.641,526.05,523.43,0.0024979
4746,12548,58108,25.699,1043.9,643.64,0.2372
4747,13598,59854,18.097,320.87,132.22,0.41635
4747,15031,60528,35.719,496.98,127.55,0.59154
4749,13111,58004,32.255,787.96,402.86,0.32339
4749,14078,59921,26.017,596.29,340.84,0.27259
4750,15400,60159,31.023,594.19,370.47,0.23192
4751,14067,57927,35.104,301.94,333.82,-0.050144
4753,12973,58201,19.215,874.34,430.64,0.34
4754,12967,57897,29.179,1309.5,666.31,0.32552
4756,13055,58230,27.523,360.47,301.88,0.088448
4757,12518,58719,19.849,532.96,313.71,0.25896
4759,13159,58565,28.331,666.41,556.4,0.089971
4759,14001,58825,33.323,426.26,309.28,0.15904
4760,14033,58615,35.998,445.94,245.81,0.28931
4765,12980,60089,30.416,415.42,369.83,0.058057
4765,14027,60597,29.062,248.12,140.26,0.27772
4766,13843,59455,35.324,436.59,401.87,0.041408
4767,12885,60025,40.014,1985.3,834.4,0.40817
4771,13296,59348,12.435,864.46,427.75,0.33795
4772,14565,59808,25.511,228.82,191.41,0.089028
4772,15398,59569,23.868,746.78,657.46,0.063612
4773,15203,60621,32.371,626.73,364.52,0.26453
4774,15253,60554,29.025,197.44,113.29,0.27083
4777,12953,60713,27.298,260.9,183.06,0.17532
4777,14326,60366,16.444,1193,565.97,0.35648
4778,14268,60198,17.738,535.1,207.53,0.44111
4780,13660,58457,26.253,708.62,454.99,0.21797
4781,12430,59517,16.989,1377.9,821.8,0.25282
4781,13503,58659,20.943,638.45,352.31,0.28881
4782,12462,59577,32.554,862.78,426.13,0.33877
4782,12574,60058,37.615,885.48,606.48,0.187
4782,13383,58792,32.787,843.32,446.17,0.30799
4783,12686,59547,22.607,806.93,528.19,0.20878
4783,13309,59243,22.709,521.4,170.29,0.50761
4783,13768,60331,27.044,598.28,156.21,0.58593
4784,12558,59657,20.872,833.11,428.59,0.32062
4784,12696,60549,20.679,763.34,485.14,0.22284
4784,13516,60309,22.717,247.04,159,0.21683
4785,12712,60507,28.424,651.64,261.02,0.428
4785,13499,60453,24.401,585.99,257.5,0.38944
4787,12836,60327,27.874,420.5,128.8,0.53104
4788,12735,60568,35.821,345.21,125.78,0.46588
4789,12749,58800,31.03,522.23,469.83,0.052821
4789,13406,60609,24.578,632.8,207.65,0.50586
4791,12838,59534,38.364,764.38,431.81,0.27803
4791,13598,58886,24.923,675.64,349.74,0.31783
4791,14111,60453,31.984,561.81,260.15,0.367
4792,12840,59288,28.831,495.4,187.79,0.45026
4792,14022,59185,25.756,332.3,259.22,0.12354
4792,14081,60482,25.011,438.16,250.85,0.27185
4792,15384,59490,34.13,725.54,425.12,0.26108
4793,14142,59119,17.279,826.55,619.47,0.14321
4794,12866,59617,30.144,464.16,407.95,0.064452
4796,12652,57914,30.462,311.78,516.63,-0.24728
4796,14026,60667,26.797,546.81,353.8,0.21431
4796,14931,59302,28.629,415.95,232.26,0.28338
4797,13561,59835,28.985,555.39,365.9,0.20568
4798,12452,60381,29.161,444.1,241.71,0.29512
4798,13764,60112,24.351,683.44,527.95,0.12835
4800,12566,60335,22.016,386.7,220.69,0.27331
4802,12715,60568,16.714,1084.7,633.96,0.26226
4803,12519,58183,39.827,1037.3,680.23,0.20789
4803,12649,60537,15.472,1130.3,559.16,0.33805
4804,12656,59453,25.292,600.03,417.26,0.17967
4804,12809,60502,24.294,502.94,321.68,0.2198
4805,12912,59009,27.664,563.1,267.65,0.35564
4805,13813,60364,30.896,212.28,106.58,0.33148
4806,12506,58205,30.167,561.23,303.46,0.29811
4806,13952,59814,26.071,467.18,403.06,0.073674
4806,14306,59044,22.504,351.19,111.1,0.51935
4810,13188,58110,32.873,542.64,195.69,0.46992
4812,14250,59416,36.537,455.13,281.85,0.23513
4813,13586,60454,21.216,388.91,251.3,0.21494
4814,12805,57978,24.87,388.84,209.49,0.29976
4815,12534,57885,31.829,810.19,569.23,0.17468
4815,12590,58353,24.769,389.7,204.31,0.3121
4817,12826,58389,18.342,899.76,499.2,0.28633
4818,12839,58270,18.534,676.91,460.18,0.1906
4819,12505,60598,26.877,1008.7,701.37,0.17971
4819,13622,59875,26.491,697.94,281.04,0.42584
4821,12437,58563,25.809,609.86,384.64,0.22647
4822,12495,58659,32.547,223.09,101.94,0.37275
4822,13073,60646,27.963,439.33,363.56,0.094371
4823,12474,59214,34.022,485.53,496.2,-0.010871
4823,13159,60401,23.332,281.31,140.58,0.33358
4823,14377,59662,36.537,317.47,219.04,0.18346
4824,12423,59243,31.623,391.99,211.94,0.29812
4824,14088,59628,18.832,838.22,682.08,0.1027
4825,14014,59573,28.565,513.17,218.08,0.40354
4829,13086,60409,31.015,662.37,379.28,0.27177
4831,12465,60540,24.184,465.37,425.71,0.044513
4831,13748,59877,32.029,270.57,198.48,0.15368
4832,15386,60440,34.74,967.45,293.93,0.53395
4834,12719,59783,26.725,522.1,363.95,0.1785
4834,15329,59797,28.135,458.33,171.08,0.45638
4835,12849,59603,25.109,377.16,388.01,-0.014177
4835,15145,59888,24.49,666.58,378.88,0.27519
4836,13226,59282,23.439,723.34,570.67,0.11798
4837,13460,58456,29.627,326.11,128.69,0.43408
4837,13572,60320,20.803,1590.8,970.2,0.24232
4839,13037,59446,27.049,735.99,396.86,0.29936
4839,14553,59435,38.81,326.51,112.37,0.48792
4839,14477,60224,24.682,1075,602.51,0.28165
4840,12821,59295,36.781,200.63,161.22,0.1089
4841,14527,60328,22.572,764.47,453.12,0.25571
4842,14433,60320,22.736,598.69,309.94,0.31779
4843,15384,59729,31.098,548.86,337.63,0.23828
4845,12678,57940,23.214,926.9,705.27,0.13579
4847,14112,57957,23.61,450.92,305.65,0.19202
4848,12606,60409,35.622,399.53,346.35,0.07129
4848,14993,60473,30.633,440.14,218.62,0.33627
4849,12561,60137,22.358,729.65,450.02,0.23704
4849,12725,59426,25.531,286.85,179.1,0.23125
4852,12945,58188,19.749,627.35,259.6,0.41463
4853,15223,59471,35.564,627.75,472.18,0.14144
4854,15290,59279,39.585,397.13,156.23,0.43534
4855,15393,59199,30.18,836.03,399.05,0.35381
4856,14641,60055,31.314,368.89,302.34,0.099153
4858,12891,59728,25.066,776.69,452.25,0.264
4858,14416,58997,35.309,666.07,416.45,0.2306
4858,14277,60619,23.432,742.82,420.67,0.27689
4858,14771,59515,25.92,281.54,243.05,0.073366
4859,14559,60690,37.191,810.1,757.27,0.033705
4860,13003,58036,29.413,507.39,335.46,0.20399
4861,12442,59573,33.668,437.81,272.35,0.23298
4861,12702,60019,36.984,691.96,431.17,0.2322
4862,12943,59979,27.188,732.01,482.48,0.20546
4862,14186,60644,35.45,813.48,715.71,0.063936
4863,12486,58647,28.594,821.54,550.84,0.19724
4863,13872,60635,21.278,649.64,524.44,0.10664
4864,12514,59667,22.04,618.96,489.57,0.11672
4865,12643,59694,29.202,1182.7,534.46,0.37749
4865,15118,60319,29.281,271.05,268.54,0.0046401
4868,12823,59890,32.148,449.27,340.4,0.13786
4869,12910,60446,27.213,975.22,496.41,0.32536
4870,12519,60230,32.307,238.82,130.76,0.2924
4870,13952,58978,36.186,424.93,246.11,0.26648
4870,15054,59204,27.45,272.86,178.46,0.20916
4871,12887,58063,35.886,216.47,115.09,0.30577
4871,14171,59985,32.094,509.13,462.35,0.048151
4872,13204,58851,33.224,235.27,114.63,0.34477
4873,12992,58805,17.579,786.36,263.86,0.49751
4874,12940,58392,22.833,1046.9,541.19,0.31845
4874,13005,58822,25.87,608.42,294.78,0.34725
4874,13049,58370,29.135,1149.8,593.65,0.31898
4875,12514,60704,32.898,482.11,532.51,-0.049681
4876,13568,60259,33.036,392.04,301.89,0.12992
4877,13797,60409,24.385,1161.1,853.62,0.15261
4878,13727,60244,35.441,1252.7,972.46,0.12593
4878,15073,60435,33.003,786.24,349.01,0.38514
4879,13958,60044,23.325,1039.8,583.68,0.28094
4880,12454,59084,28.526,607.6,213.27,0.48039
4880,13729,59756,34.401,290,186.03,0.2184
4880,14109,57971,27.05,312.16,275.23,0.06287
4881,12497,60043,28.903,423.62,220.55,0.31525
4883,13664,59518,30.374,264.94,124.49,0.36066
4887,12853,59178,25.541,251.13,313.54,-0.11052
4888,13902,60208,27.544,310.45,320.65,-0.016161
4889,13761,60404,30.481,506.57,217.88,0.39849
4890,13991,59275,33.785,337.48,254.55,0.14008
4892,15368,59799,38.242,505.89,254.09,0.33132
4895,15053,59888,32.776,276.63,229.21,0.093761
4899,14179,58582,34.38,406.1,269.25,0.20263
4900,13451,59363,20.527,610.13,352.31,0.26789
4901,13347,59338,24.248,424.41,229.94,0.2972
4901,14428,58991,31.088,847.26,688.06,0.10369
4902,14396,58827,32.032,620.63,463.32,0.14512
4903,12762,58833,30.604,843.8,337.81,0.42823
4904,13660,60411,14.154,889.46,205.05,0.62532
4905,13344,60322,7.4778,2170.7,159.71,0.86293
4906,13308,60174,6.1171,1340.8,154.13,0.7938
4906,15274,60397,36.51,358.29,138.4,0.4427
4907,12911,58097,26.782,604.61,343.38,0.27556
4908,12831,58245,19.376,1434.6,701.51,0.34318
4908,12970,59189,37.169,439.12,190.41,0.39509
4911,14777,60225,30.875,234.53,172.41,0.15266
4916,13878,60297,25.282,1400.5,493.24,0.47908
4916,14598,59731,34.377,386.07,139.27,0.4698
4917,13641,60567,20.065,799.39,696.86,0.06853
4918,13767,60582,32.933,401.16,585.55,-0.18687
4918,15243,59656,30.298,189.46,170.79,0.051825
4919,12842,60255,28.46,946.51,790.62,0.089739
4919,13328,59332,15.334,484.75,224.43,0.36707
4919,15138,59680,30.105,361.57,258.72,0.16581
4920,12706,60389,25.733,1209.1,646.04,0.30353
4920,14676,59662,32.129,662.32,553.64,0.089381
4921,12823,58575,25.4,601.35,341.59,0.27547
4921,12840,59980,19.297,1484.2,699.14,0.35956
4922,12724,59191,25.348,814.66,318.76,0.43752
4922,13127,58152,24.718,296.62,164.78,0.28575
4923,13219,58267,24.332,701.46,485.25,0.18219
4924,13032,58086,23.601,811,382.93,0.35854
4925,12823,58171,22.641,727.06,419.58,0.26815
4925,15413,59728,35.408,343.95,197.85,0.26965
4926,13283,60556,22.624,659.66,181.02,0.56936
4926,13661,59401,33.283,588.78,443.96,0.14023
4927,13310,60561,26.301,619.35,288.76,0.36404
4929,14952,59430,32.406,617.15,279.4,0.37673
4932,12486,57751,26.868,802.22,260.99,0.50905
4932,14293,59765,31.87,464.42,222.31,0.35256
4933,12531,57921,27.161,390.56,326.17,0.08984
4933,14154,60413,26.989,206.14,159.95,0.12618
4934,13944,60566,24.196,490.26,246.18,0.33143
4935,13979,58989,31.658,539.18,617.38,-0.067608
4935,15349,59770,29.127,476.78,585.68,-0.1025
4936,14946,60589,26.795,563.09,454.8,0.10639
4937,12502,57996,18.767,985.2,354.95,0.47028
4937,13536,59239,30.577,904.68,1152.2,-0.12033
4939,12976,60131,31.875,403.12,145.85,0.46863
4939,13918,58358,32.922,471.89,339.4,0.16331
4940,12622,59980,27.668,488.07,458.93,0.030766
4940,14027,58345,30.043,614.76,294.63,0.35203
4940,14719,59445,27.547,433.23,168.61,0.43968
4941,12613,60135,24.248,818.72,658.79,0.10824
4941,14536,59300,36.014,386.41,187.37,0.34689
4945,13089,59441,34.054,488.77,246.28,0.32989
4946,14187,60253,32.73,299.02,238.41,0.11278
4949,13036,59448,27.68,369.49,327.98,0.059511
4952,12795,58066,27.195,1686.8,1145.7,0.19101
4952,13049,58167,26.678,1460.6,934.27,0.21978
4953,12605,57931,18.212,745.62,356.81,0.35269
4953,13403,59720,21.566,625.46,345.28,0.28863
4954,13848,60371,31.976,263.72,224.31,0.080766
4954,14051,59204,31.427,198.9,101.75,0.32313
4955,14726,59811,36.427,487.37,248.81,0.32406
4955,14827,60568,33.608,958.84,190.07,0.66913
4957,13746,60014,20.716,709.58,395.92,0.28373
4958,13935,59503,29.674,559.96,242,0.39648
4959,13145,59737,30.362,414.83,469.29,-0.061591
4960,13011,59817,22.982,902.06,519.85,0.2688
4960,14168,60315,30.204,419.72,170.32,0.42269
4960,15017,60594,32.779,453.03,296.01,0.20963
4962,13765,60058,23.989,984.9,511.11,0.3167
4963,12438,60415,30.336,683.51,229.16,0.49783
4963,13873,59998,27.191,361.46,176.01,0.34504
4963,14855,59720,34.698,358.9,235.96,0.20667
4964,12689,60175,25.099,882.21,422.26,0.35259
4964,15136,60399,26.46,891.21,434.22,0.34479
4965,15044,60370,27.802,1310.9,914.36,0.17819
4966,13933,60238,21.373,668.88,417.62,0.23126
4967,14497,59473,25.717,885.68,608.12,0.1858
4968,14404,59691,29.872,773.3,467.64,0.24631
4969,13780,58808,39.991,214.86,137.13,0.22082
4970,12746,58735,23.686,759.56,503.25,0.20297
4970,13705,60177,33.708,791.74,817.54,-0.016028
4970,14380,59763,31.891,337.42,494.67,-0.18899
4971,13760,60078,21.686,867.07,680.1,0.12085
4972,12482,59429,27.837,311.36,144.28,0.36669
4972,13276,60337,36.253,519,431.33,0.092253
4974,14090,58027,25.069,365.5,409,-0.056167
4978,13123,59293,34.761,704.92,401.14,0.27466
4979,13122,59272,20.63,564.86,343.81,0.24327
4979,13246,58123,34.411,565.43,484.36,0.077225
4980,13104,59231,34.901,529.83,560.34,-0.027987
4982,12731,59445,34.455,371.76,342.63,0.040776
4983,13969,60051,22.729,534.71,359.92,0.19538
4983,14471,59542,32.197,621.48,363.85,0.26146
4984,12928,60618,34.249,521.93,270.78,0.31683
4987,13240,57750,21.536,772.46,638.79,0.094715
4988,13532,59036,39.015,228.3,204.48,0.055022
4989,12900,59977,23.949,363.82,182.64,0.33155
4990,14666,60666,36.285,246.33,114.83,0.36412
4992,13320,57812,27.491,636.48,234.78,0.46106
4992,14210,60296,34.964,355.36,152.38,0.39977
4994,13571,58794,24.965,1262.3,988.17,0.12181
4998,15315,59891,29.141,354.36,187.85,0.30709
4999,13829,59766,31.872,544.2,233.11,0.40021
4999,15250,58645,29.961,778.95,669.73,0.075394
5002,14122,59122,29,532.38,424.85,0.11234
5005,15412,58207,26.69,733.4,459.21,0.22991
5006,12687,59602,35.454,342.9,205.89,0.24966
5007,12883,59108,25.323,613.54,382.9,0.23146
5008,13313,60302,24.484,789.14,352.96,0.3819
5009,12593,58087,29.637,921.67,620.05,0.19563
5009,13504,60265,30.777,535,301.73,0.27879
5018,13385,60117,36.718,397.29,456.7,-0.069572
5018,13384,60139,41.235,465.16,542.91,-0.077124
5021,13624,60315,21.591,658.13,355.9,0.29805
5021,15417,59875,32.172,446.59,341.93,0.13273
5022,13734,60384,24.363,1056.9,576.41,0.29419
5022,14309,59405,31.959,654.03,481.05,0.15239
5023,13664,60342,29.334,705.48,446.12,0.22522
5024,13419,58914,33.388,721.99,472.93,0.20843
5024,13652,60285,36.621,188.96,106.79,0.27781
5026,12539,58520,29.61,412.67,197.18,0.35334
5027,12535,58518,19.004,591.95,345.43,0.26299
5027,13576,60351,19.802,879.09,437.89,0.33501
5028,13526,60260,14.621,867.19,332.36,0.44586
5029,15408,59670,34.868,626.35,268.9,0.39927
5031,13531,60306,40.232,173.4,174.5,-0.0031626
5032,13448,60261,23.246,589.03,254.64,0.39635
5033,13787,57771,32.752,265.66,204.39,0.13033
5033,14988,59345,25.007,583.78,529.56,0.0487
5035,13514,60556,33.334,189.67,126.3,0.20054
5036,13454,60635,26.392,248.79,241.97,0.013892
5037,12995,59915,37.323,324.24,228.58,0.17304
5037,13426,60645,28.369,435.58,245.68,0.27874
5037,13731,59400,36.669,1118,890.87,0.11305
5038,13797,59509,36.954,658.8,276.98,0.40803
5038,15372,59786,39.616,713.09,841.81,-0.082789
5039,12726,60152,26.79,715.65,325.18,0.37516
5039,13627,59220,29.223,444.44,176.11,0.4324
5040,12827,59963,27.917,669.29,517.4,0.128
5040,13671,58957,25.465,396.31,302.63,0.13404
5040,14205,59985,32.617,466.52,189.26,0.4228
5041,13580,59162,29.529,567.24,299.11,0.3095
5042,12779,60048,23.384,631.91,305.89,0.34764
5042,15183,59909,30.697,598.46,172.13,0.55326
5043,13900,59428,23.197,1053.9,120.76,0.79439
5043,14812,59731,31.712,433.33,123.71,0.55583
5044,12810,58105,13.332,936.64,310.82,0.50167
5044,12723,58662,34.151,1273.7,455.61,0.47307
5045,14190,59538,37.09,696.84,489.97,0.1743
5052,12509,58840,28.277,381.5,156.24,0.4189
5052,14701,60461,24.885,573.74,274.4,0.35293
5053,13797,59202,36.288,345.88,226.18,0.20924
5053,14674,60354,35.049,251.44,175.68,0.17738
5054,13010,58789,32.237,433.55,285.56,0.20579
5057,12460,58089,28.556,327.11,278.64,0.080007
5057,12974,59812,27.969,545.52,250.59,0.37047
5057,13480,58852,22.101,440.15,459.66,-0.021686
5058,13369,58934,20.173,682.42,609.58,0.056379
5059,13280,59011,21.59,648.45,325.39,0.33173
5061,14243,57988,23.176,551.31,307.64,0.28369
5061,14371,59203,28.764,289.37,102.46,0.477
5062,14476,59583,32.689,692.3,432.12,0.23139
5063,13719,58586,24.108,463.05,349.67,0.13951
5064,13533,60256,23.792,783.44,541.17,0.1829
5064,13661,59127,28.835,337.31,288.74,0.077576
5065,13578,59243,31.564,343.83,198.63,0.26768
5065,13661,58113,32.572,568.28,208.77,0.46265
5066,13101,59244,26.211,669.42,385.2,0.2695
5066,14536,59132,27.084,535.9,342.15,0.22065
5067,13617,58786,20.596,1002.3,638.32,0.22187
5068,13534,58669,23.355,671.52,270.19,0.42618
5070,12446,58160,27.223,653.48,388.29,0.25455
5071,12482,57986,25.982,513.73,412.04,0.10984
5071,12749,60520,27.507,268.11,182.55,0.18984
5072,12769,60594,32.347,518.97,499.17,0.019446
5072,13708,59327,26.466,809.74,833.24,-0.014305
5074,13410,59688,26.764,404.08,264.25,0.20923
5075,13086,58614,35.322,749.12,224.33,0.5391
5075,14308,60249,27.885,355.05,173.32,0.34394
5079,15371,58831,28.054,338.35,239.58,0.1709
5081,13836,59961,28.933,448.48,204.97,0.37267
5082,12495,58960,30.714,421.83,176.47,0.4101
5082,13680,60226,32.883,1026.4,777.83,0.13775
5082,15394,58630,31.993,1107.9,517.53,0.36322
5088,14232,59690,33.645,636.8,291.45,0.37205
5089,13845,59787,20.411,478.08,197.88,0.41453
5089,15178,60396,26.895,483.06,150.33,0.5253
5090,12743,60618,37.656,671.92,373.52,0.28543
5090,13874,59694,21.462,496.12,207.58,0.41004
5092,13620,60675,34.414,500.39,489.46,0.011038
5093,13593,59753,23,451.26,271.14,0.24934
5099,14120,59386,19.933,1092.3,636.24,0.26384
5106,12725,59690,27.76,1218.6,902.99,0.14876
5107,13110,59284,36.698,200.22,107.43,0.3016
5108,12443,57796,26.45,768.97,377.74,0.34117
5108,13511,60379,34.708,546.6,311.78,0.27356
5109,13154,59649,32.698,408.13,306.61,0.14204
5112,14862,59875,37.032,497.32,302.7,0.24327
5114,13473,58729,29.56,442.76,494.45,-0.055152
5114,13541,59561,32.417,297.97,281.26,0.028833
5115,13594,58280,31.478,541.25,505.82,0.033835
5116,13570,58090,28.825,558.05,346.27,0.23418
5117,13533,57984,32.515,623.22,216.89,0.48365
5118,14179,59053,18.711,420.47,213.32,0.32685
5120,12925,60723,18.465,1329.4,597.47,0.37985
5120,13887,59608,43.345,421.68,496.09,-0.081074
5120,14070,57914,34.337,211.14,174.07,0.096235
5121,12606,59124,29.226,726.61,523.71,0.16228
5121,13007,57824,24.484,564.36,306.09,0.29671
5121,12935,60625,23.999,728.02,341.83,0.36097
5121,13930,59704,27.29,456.49,230.69,0.32859
5122,12594,59016,27.545,764.93,686.56,0.053994
5122,12904,60147,33.47,541.95,269.02,0.33655
5122,13342,59816,30.536,618.88,336.63,0.29539
5123,12429,58991,29.241,1165,648.64,0.2847
5123,14097,58974,25.428,523.4,429.53,0.098507
5123,14232,60431,31.517,392.51,243.49,0.23431
5124,12424,58806,21.752,902.82,573.48,0.22309
5124,12599,60594,23.321,935.93,591.38,0.22559
5124,14215,59375,23.176,877.91,523.67,0.25274
5126,12710,57840,24.276,529.52,408.28,0.12928
5129,15296,60451,31.14,308.46,166.75,0.2982
5130,12658,60419,36.83,355.17,189.18,0.30493
5131,14666,57763,28.747,513.65,378.04,0.15209
5131,14614,60249,30.857,499.62,423.49,0.08247
5132,12748,58766,28.359,732.5,187.91,0.59168
5134,14718,60184,28.115,714.14,462.44,0.21392
5135,14140,57937,14.017,484.87,288.41,0.25406
5136,14104,57880,30.973,159.45,177.22,-0.05279
5137,15030,59580,29.256,194.37,108.19,0.28483
5139,14053,58842,29.208,462.99,276.97,0.25138
5140,12809,58756,27.075,638.65,482.34,0.13944
5140,15373,59091,36.843,398.54,437.84,-0.046989
5141,14218,60223,24.423,903.45,413.76,0.37176
5142,12653,58820,19.711,857.03,524.77,0.24046
5142,14302,60203,22.483,583.59,293.72,0.33041
5143,14216,59989,27.33,625.37,319.35,0.32393
5145,13512,59346,29.427,843.27,612.26,0.15871
5146,13346,59236,14.321,827.04,397.68,0.35058
5146,14159,57872,21.475,479.09,265.88,0.2862
5148,15414,59658,34.403,645.34,633.55,0.0092255
5150,13285,60567,28.327,498.72,327.82,0.20677
5152,12534,58908,26.297,664.18,611.75,0.041094
5160,12897,59749,30.523,310.41,166.71,0.30118
5160,13629,59324,25.043,516.4,352.05,0.18924
5161,13850,59204,25.309,596.49,356.71,0.25156
5162,12494,59307,28.639,233.85,173.15,0.14913
5166,14288,60316,29.288,288.64,133.84,0.3664
5167,13872,60054,26.085,847.08,528.78,0.23135
5172,13595,58864,37.487,1077.5,749.21,0.17972
5173,13944,60185,32.353,315.46,146.89,0.36461
5174,12999,58458,24.68,433.57,181.67,0.40944
5175,12695,58804,27.036,911.88,404.43,0.38551
5176,12693,58825,24.385,901.21,502.73,0.28383
5176,12854,60536,24.557,720.83,254.81,0.47766
5177,12599,58756,28.678,422.83,165.53,0.43731
5179,14793,59842,35.618,448.71,259.03,0.268
5181,15330,60491,39.07,1038.7,842.82,0.10409
5182,14181,60708,18.808,544.25,195.19,0.47207
5183,13734,58483,21.162,725.12,529.47,0.15594
5184,13924,58482,35.5,294.17,166.42,0.27736
5185,13293,59252,23.864,599.53,367,0.24058
5191,14525,59330,26.632,441.2,109.2,0.60319
5194,14588,59094,24.12,374.79,224.75,0.25027
5196,14411,58941,34.203,331.14,333.18,-0.0030593
5197,12494,60187,38.357,238.62,226.35,0.026396
5197,14368,58986,25.11,484.28,272.66,0.27958
5198,14303,58940,25.704,405.97,364.36,0.054018
5199,14893,59774,34.736,507.21,105.24,0.65634
5200,13124,57732,28.582,590.54,205.62,0.48347
5200,13800,60096,29.556,382.06,211.8,0.28671
5202,13098,58502,28.924,645.44,385.94,0.2516
5204,12788,57881,29.291,194.74,284.34,-0.18702
5209,13255,60034,32.502,469.53,182.75,0.43967
5210,12616,60525,36.99,469.8,219.66,0.3628
5211,12586,60424,26.428,695.26,392.99,0.27776
5211,14945,59097,27.813,472.74,221.31,0.36227
5212,12835,58605,33.122,658.49,697.5,-0.028774
5212,13895,59696,35.911,525.2,510.8,0.0139
5212,13887,60570,29.505,642.86,642.26,0.0004699
5213,12838,58629,16.341,1061,736.76,0.18038
5214,14323,59346,31.629,642.07,352.15,0.29161
5215,14134,60513,19.864,668.01,321.25,0.35053
5215,14238,59221,29.48,1341,714.26,0.30496
5215,14285,59406,34.031,1506.2,520.29,0.48652
5216,13446,59948,31.17,268.57,123.82,0.36889
5217,14371,59295,22.646,582.12,315.39,0.29718
5218,14519,59158,36.563,611.43,474.46,0.12614
5220,13641,59794,28.014,729.93,409.86,0.28082
5221,13328,58342,30.68,304.09,251.97,0.093739
5221,13465,59774,21.137,596.36,489.39,0.098523
5222,15386,59631,40.257,212.74,167.2,0.11988
5223,12434,58477,30.855,494.77,265.93,0.30083
5223,12671,59717,35.291,256.9,141.38,0.29006
5224,13258,59693,28.944,609.07,114.56,0.68337
5226,13426,59263,36.99,502.32,303.19,0.24721
5227,13003,59474,34.151,529.3,450.9,0.079983
5227,14895,60633,24.048,338.12,263.68,0.1237
5228,14180,57944,29.967,251.26,105.06,0.41033
5229,12954,60694,23.199,891.15,590.2,0.20316
5229,14995,59787,36.346,425.03,165.55,0.43937
5230,12818,57837,20.958,664.85,312.98,0.35985
5230,12989,60413,23.461,805.78,609.54,0.13865
5230,14485,60183,32.456,368.19,261.74,0.16899
5231,12670,59814,36.715,436.06,118.94,0.57139
5231,13107,59267,17.602,453.63,250.36,0.28873
5231,13152,60237,24.844,292.18,168.61,0.26817
5232,13238,60206,23.94,512.29,285.76,0.28385
5232,14100,59065,24.848,586.5,253.2,0.39693
5232,14167,57904,22.914,767.44,305.87,0.43005
5232,15351,59700,30.819,390.35,269.09,0.18389
5233,15298,59781,20.027,812.79,250.37,0.52901
5234,15180,59848,25.618,654.09,386.35,0.25733
5236,13203,59001,35.271,563.96,273.93,0.34614
5237,13430,60258,19.433,628.05,311.05,0.33756
5238,14106,60322,24.003,956.16,735.94,0.13015
5238,14385,57930,36.364,319.19,177.03,0.28649
5239,12782,60611,29.996,531.51,562.35,-0.028198
5244,13010,58896,25.547,500.23,193.58,0.44198
5244,14843,60376,35.237,351.99,129.73,0.46139
5246,13959,60343,34.511,706.14,396.38,0.28096
5248,13521,59514,30.241,561.93,210.1,0.45572
5250,12941,59036,21.351,1033.7,842.53,0.10188
5250,14644,59577,32.039,704.26,512.39,0.1577
5250,14858,60312,30.53,404.97,254.84,0.22755
5251,12789,59159,16.446,1045.2,713.09,0.1889
5260,13430,58564,33.498,545.64,409.78,0.1422
5261,15121,60319,29.68,714.73,487.46,0.18905
5262,12610,59291,22.178,698.41,483.55,0.18178
5262,15280,60023,31.717,1075.4,453.1,0.40712
5263,12842,59295,23.944,635.19,473.81,0.14552
5263,14208,59163,15.573,471.74,135.62,0.5534
5270,13439,60481,34.17,384.27,240.54,0.23004
5276,12509,58210,23.193,767.61,480.59,0.22995
5281,14126,57915,13.583,916,665.2,0.15861
5282,14088,60610,32.228,488.49,373.14,0.13388
5282,14179,57845,27.988,811.55,950.44,-0.078824
5283,14165,60343,23.552,603.76,340.69,0.27854
5284,12875,57760,25.443,614.53,216.58,0.47881
5286,12602,59977,21.496,587.62,282.56,0.35057
5291,14221,57908,23.701,685.8,665.52,0.015002
5292,13842,58833,25.843,348.26,112.34,0.51219
5293,13970,59757,21.67,557.76,224.87,0.42534
5294,13911,59852,28.274,529.85,359.2,0.19194
5295,13824,59919,30.034,855.91,391.9,0.37186
5296,14493,60165,38.278,267.72,119.06,0.38437
5296,14956,57867,35.19,238.95,200.73,0.086928
5297,12680,59815,27.611,468.97,378.39,0.10689
5297,13841,59576,35.997,297.08,363.3,-0.10028
5297,14381,60264,23.023,511.84,309.14,0.2469
5298,13560,60451,29.961,725.77,361.98,0.33444
5299,13634,60442,17.228,667.67,307.16,0.36982
5300,12877,57736,26.982,520.02,341.04,0.20786
5300,13748,60284,39.41,378.8,420.36,-0.052002
5301,13622,60052,11.377,519.24,423.78,0.10122
5304,12465,60178,36.911,386.54,282.61,0.15532
5305,14919,58067,35.565,389.3,225.58,0.26627
5307,12552,58263,24.452,326.64,142.68,0.39199
5307,13851,59469,39.141,177.43,107.83,0.24398
5307,14748,59764,39.237,207.76,225.65,-0.041262
5307,15353,58002,28.005,487.15,117.36,0.61171
5308,12741,58228,25.061,428.34,212.18,0.33747
5308,15352,59326,34.176,232.18,184.33,0.11488
5309,12748,58105,19.749,485.51,203.99,0.4083
5309,14206,57996,26.388,647.68,532.1,0.097965
5309,14994,59815,34.159,601.37,294.55,0.34246
5311,13958,59156,31.051,613.19,245.52,0.42817
5312,13513,59093,31.432,600.69,328.69,0.29267
5313,12718,58904,21.092,892.03,691.49,0.12664
5313,14229,59239,30.501,693.9,380.9,0.29121
5314,12832,60639,20.074,613.06,315.75,0.32009
5315,13868,60463,32.543,577.49,299.6,0.31684
5316,13613,60420,25.764,508.08,238.48,0.36113
5317,13811,60193,34.47,534.03,506.45,0.026511
5318,12657,57894,30.571,734.94,557.65,0.13716
5319,12659,58024,22.638,523.6,388.15,0.14857
5320,12425,60111,27.324,464.63,333.81,0.16385
5321,12541,60053,31.622,398.35,306.32,0.13059
5323,12554,60339,30.509,480.74,265.74,0.28802
5325,12534,60273,24.272,994.21,744.23,0.14379
5326,15401,58193,21.405,499.41,416.54,0.090476
5327,13030,57877,22.204,702.61,495.48,0.17288
5328,13069,57913,17.334,1278.9,685.46,0.30211
5328,13985,59393,26.447,486.83,245.43,0.32967
5329,14707,60595,32.948,492.91,422.34,0.0771
5330,13554,60147,27.329,370.45,210.99,0.27425
5331,13321,59934,34.88,465.41,270.68,0.26455
5331,13895,59353,37.169,288.54,119.42,0.41454
5332,13200,60081,31.357,739.96,459.88,0.23344
5333,13921,59040,31.699,229.55,163.39,0.16838
5336,15271,59189,28.48,420.47,701.74,-0.25064
5338,13259,59164,15.896,499.07,262.97,0.30983
5342,12824,58580,19.293,642.19,268.98,0.40959
5343,13306,60484,36.441,337.29,181.26,0.3009
5344,13375,60583,29.279,532.62,388.06,0.15702
5346,12663,58798,25.12,657.58,400.83,0.24258
5346,12853,59893,29.493,363.42,110.83,0.53263
5346,14457,59535,24.075,867.04,564.32,0.21149
5347,12782,58436,28.241,482.14,208.91,0.39539
5348,14171,57841,27.815,445.73,248.91,0.28334
5348,14273,59440,30.24,377.39,334.28,0.060578
5348,14934,59306,34.785,576.96,541.02,0.032143
5349,13854,59505,27.017,447.4,219.46,0.34181
5350,13473,60641,20.614,930.07,516.42,0.28596
5350,13832,59484,32.652,250.65,130.98,0.31356
5352,12639,59935,23.767,406.53,245.28,0.24738
5353,12761,59796,31.057,309.35,307.29,0.0033328
5354,13876,60425,28.634,437.54,253.86,0.26566
5357,12458,58323,28.025,426.85,340.58,0.11242
5357,12499,60050,32.552,483.68,216.72,0.38116
5358,12513,58470,27.863,346.68,362.46,-0.022246
5360,12574,58625,26.378,985.66,623.58,0.225
5361,12456,59899,30.896,459.77,397.41,0.072741
5361,12770,58289,27.579,680.69,554.53,0.10213
5362,12796,58123,16.475,1093.8,587.8,0.30089
5362,14871,58006,31.126,418.21,124.16,0.54216
5363,12737,57887,33.91,553.61,569.51,-0.01416
5367,12754,60197,29.099,250.78,111.08,0.38605
5367,13710,59700,31.09,194.85,106.57,0.2929
5368,13090,60496,33.879,330.72,163.53,0.33826
5369,13262,58550,28.882,393.47,104.32,0.58088
5370,12988,58812,25.641,1077.7,559.82,0.31627
5371,12651,58970,35.295,309.51,149.81,0.34768
5376,12625,59421,33.298,1101.9,619.41,0.28032
5376,13209,59636,24.428,515.6,211.83,0.41759
5380,13647,58694,31.083,573.19,300.23,0.31252
5381,14199,60174,30.209,1077.4,535.27,0.33616
5381,14262,59056,34.899,343.69,205.36,0.25195
5382,13953,59887,37.059,439.72,226.37,0.32031
5382,14084,60572,30.051,614.2,356.12,0.26598
5383,13791,59897,31.617,183,101.7,0.28557
5383,14063,60450,25.218,684.67,430.99,0.22739
5384,12589,60408,23.542,854.69,424.92,0.33586
5384,14063,60363,29.305,349.45,106.13,0.5341
5385,12519,57759,23.446,500.01,357.73,0.16589
5385,13391,60637,21.782,597.12,361.18,0.24621
5386,14078,60488,20.245,419.31,149.88,0.47336
5387,12874,58660,30.891,372.86,241,0.21481
5388,12891,58763,22.491,852.91,676.76,0.11516
5388,13034,60131,24.657,413.71,314.65,0.13601
5391,13123,59793,21.464,424.7,194.58,0.37159
5392,13012,59705,34.29,518.24,324.94,0.22925
5392,14392,59167,27.953,540.25,303.48,0.28062
5393,12635,59934,31.984,245.28,143.45,0.26196
5393,14225,59134,28.189,279.52,196.01,0.17562
5394,12548,60339,29.87,676.09,501.01,0.14874
5401,14844,58739,31.585,291.28,163.62,0.28063
5402,12929,60608,34.889,428.58,303.9,0.17022
5402,14900,58941,28.2,685.79,127.29,0.68689
5403,12985,60622,38.365,412.02,378.53,0.042353
5403,14571,60314,29.709,726.31,537.92,0.14901
5403,14973,58959,29.58,762.69,487.89,0.21974
5405,12905,59587,18.054,713.56,290.07,0.42196
5405,14641,58515,20.87,453.39,111.4,0.60551
5406,12682,59562,18.926,713.58,574.39,0.10807
5407,12638,59491,13.975,542.24,296.8,0.29252
5407,13680,59877,31.604,179.75,223.31,-0.10807
5408,12639,59550,19.081,667.52,446.19,0.19874
5408,13183,58010,31.315,834.21,380.73,0.37326
5408,13680,59908,23.615,782.79,470.92,0.24876
5409,12727,59486,16.02,413.37,238.17,0.2689
5409,13466,58925,36.757,732.99,343.35,0.362
5409,13430,59820,24.456,380.5,416.51,-0.045185
5410,12632,59495,21.752,625.22,490.06,0.12119
5410,13721,58877,31.074,451.86,368.09,0.10217
5410,15226,59342,30.028,461.94,391.89,0.082038
5411,12722,59389,14.079,1051,520.87,0.33726
5411,14324,58225,25.641,273.57,132.08,0.34879
5412,12690,59149,21.285,607.24,304.94,0.3314
5413,12778,59396,17.698,989.41,484.03,0.34299
5414,12783,59572,34.277,557.92,408.19,0.15499
5415,12658,59699,31.994,306.11,358.84,-0.079307
5417,12691,59678,22.926,604.44,307.43,0.32572
5417,12804,58480,26.917,765.59,374.29,0.34328
5418,12685,59747,24.417,577.99,260.93,0.37794
5420,12605,59623,26.417,522.98,573.07,-0.045699
5420,12643,60068,28.505,577.92,315.07,0.29434
5421,12559,60291,32.104,522.28,179.14,0.4892
5421,13293,58363,31.138,875.19,470.44,0.30079
5422,12653,59280,28.645,445.33,417.57,0.032166
5422,13323,58055,33.112,944.64,616.47,0.21022
5422,13305,58154,27.905,816.66,520.84,0.22118
5422,14479,59740,32.891,463.03,456.62,0.0069698
5423,12677,59272,20.522,578.33,340.46,0.25889
5424,12425,57793,24.415,819.15,488.25,0.2531
5425,12816,58191,34.126,326.92,330.05,-0.0047593
5425,13740,58597,30.402,347.52,253.45,0.15653
5426,12624,58854,36.052,668.04,529,0.11616
5426,13658,58809,29.041,403.68,181.74,0.37912
5427,12562,59171,30.93,614.75,360.82,0.26029
5427,13339,59018,24.314,577.5,223.44,0.44207
5428,13415,59021,26.396,834.28,483.2,0.26648
5428,13383,59590,19.589,369.89,153.33,0.41391
5429,13747,59744,21.896,628.81,361.86,0.26946
5430,14064,57845,18.173,446.51,270.55,0.2454
5431,13690,59594,34.882,430.3,556.22,-0.12765
5432,12727,60435,29.774,314.4,201.42,0.21904
5432,12982,59712,22.839,391.11,519.21,-0.14072
5432,13503,59683,25.253,385.96,213.19,0.28836
5433,14463,60355,25.596,900.56,510,0.27688
5434,13443,59848,34.927,533.95,384.59,0.16261
5435,12464,60371,28.88,333.81,212.12,0.22289
5435,12779,59776,33.256,369.1,281.99,0.13379
5435,13373,60086,24.742,285.36,149.15,0.31347
5435,14707,60361,34.315,288.97,151.66,0.31161
5436,15339,58970,22.823,774.99,235.49,0.53391
5437,15245,59240,40.4,826.61,608.74,0.15178
5439,14176,60548,31.701,727.03,372.89,0.32196
5439,14544,60536,26.854,920.84,412.53,0.38122
5440,13922,60560,32.985,633.57,438.15,0.18234
5441,12586,60226,27.092,440.4,227.49,0.31879
5442,13201,58198,25.705,433.86,202.38,0.36382
5443,12678,58035,36.519,625,523.98,0.087923
5444,12995,60469,31.381,694.52,504.03,0.15893
5446,12631,60115,29.552,448.61,177.49,0.43303
5447,12679,60412,27.584,432.08,201.63,0.36365
5449,13326,59430,32.17,573.2,349.99,0.24178
5450,12677,59056,32.168,527.84,201.92,0.44661
5450,14737,60201,32.313,338.62,237.09,0.17635
5451,12531,58995,28.419,396.6,266.5,0.19619
5451,13867,59369,30.046,839.88,553.59,0.20545
5451,14784,59953,35.405,407.19,313.42,0.13014
5452,14110,59288,30.953,1158.6,608.52,0.3113
5453,15249,58458,43.414,821.19,747.69,0.046852
5454,13675,59337,30.476,528.16,117.65,0.63566
5455,13317,60320,30.871,182.05,104.55,0.27039
5457,12885,59623,34.238,454.07,405.18,0.056897
5458,12837,60052,33.083,303.61,559.9,-0.2968
5459,15013,59633,32.752,461.73,346.55,0.14249
5461,14444,58827,35.304,262.89,112.93,0.39903
5463,12763,60015,22.635,698.62,356.8,0.32388
5464,13316,60142,24.573,315.72,215.1,0.18956
5465,13997,59180,27.418,463.93,286.51,0.23643
5466,14064,58943,19.33,353.07,210,0.25408
5467,13842,58575,34.533,270.05,173.89,0.21662
5468,13514,58379,36.951,345.87,320.66,0.037813
5469,14443,59383,27.213,849.14,692.54,0.10158
5469,14339,59897,35.122,589.96,373.92,0.22414
5470,13003,60549,33.41,313.02,116.5,0.45753
5471,13290,58873,33.354,229.93,103.43,0.37947
5472,13340,59180,13.172,873.33,563.63,0.21553
5472,13530,60651,30.15,217.35,191.7,0.062698
5478,13863,60649,30.153,236.82,133.59,0.2787
5478,14198,59254,25.974,917.13,396.35,0.3965
5479,14763,60168,28.485,641.38,289.19,0.37847
5485,14021,60364,35.049,508.51,288.77,0.27562
5485,14993,59540,34.046,288.98,220.93,0.13345
5487,14974,59546,24.651,611.33,511.46,0.088953
5488,14745,59499,20.446,737.85,332.52,0.37868
5489,13442,60205,27.17,450.51,219.88,0.34402
5489,14604,59480,28.054,541.42,307.06,0.27621
5490,14216,59266,40.312,670.85,444.32,0.20314
5491,12925,58844,19.148,961.33,594.69,0.23563
5491,15318,60529,32.524,528.51,333.46,0.22628
5492,12750,59022,19.207,587.6,225.26,0.44576
5493,12774,59071,25.511,691.14,325.83,0.35921
5493,13859,59430,30.284,525.68,399.99,0.13579
5494,13662,59214,33.816,472.54,327.61,0.18112
5495,14199,57895,23.724,578.35,529.53,0.044066
5496,13449,59021,36.216,394.29,472.15,-0.08987
5497,12847,59326,33.6,769.81,503.66,0.209
5497,13795,60617,33.186,678.05,431.33,0.22239
5497,14446,59369,28.462,1115.3,806.09,0.16092
5498,12733,59529,26.718,904.45,396.73,0.3902
5498,14541,59343,31.246,596.46,156.64,0.58401
5498,15116,59887,38.364,390.43,223.29,0.27234
5499,12593,59497,33.063,370.56,219.5,0.25601
5499,13026,60094,31.747,239.3,257.37,-0.036386
5500,15272,58980,28.034,417.68,152.74,0.46447
5501,12549,59580,30.631,384.63,289.58,0.14099
5501,12871,57904,27.065,527.36,213.67,0.42332
5501,14394,59375,16.77,377.64,340.03,0.052406
5502,14356,59512,36.247,389.53,123.53,0.51845
5507,15386,59087,22.233,268.13,149.84,0.28302
5509,13821,58961,30.412,522.22,411.28,0.11884
5510,13903,59270,28.922,398.08,210.06,0.30917
5511,13793,59318,35.686,405.8,358.05,0.062515
5512,13252,60141,19.948,718.78,482.05,0.19714
5513,12901,60341,31.66,586.22,414.24,0.1719
5514,13049,60249,27.078,807.62,663.95,0.097628
5514,13654,59964,31.892,952.2,323.14,0.49325
5515,14171,59263,16.731,1857.4,1040.6,0.28185
5516,14252,59342,31.83,501.36,266.48,0.30589
5517,12677,58003,33.841,278.78,114.06,0.41932
5518,13579,59397,32.697,724.68,377.65,0.31482
5518,14180,59069,33.138,1547.4,744.99,0.35004
5519,12649,59511,32.108,306.25,196.82,0.21753
5519,13604,59177,30.93,688.89,357.76,0.31637
5519,14353,58521,36.995,375.57,232.52,0.23524
5519,14560,59517,23.626,735.45,347.97,0.35764
5520,13084,58234,28.6,1053.2,903.14,0.076713
5521,12954,58146,31.656,296.87,272.4,0.042977
5521,12955,59909,28.173,605.61,461.62,0.13492
5521,12967,60633,27.433,408.56,259.28,0.22352
5521,13337,59141,16.621,608.57,358.29,0.25886
5522,15118,60559,21.95,561.47,180.76,0.51292
5523,12583,57873,20.859,439.18,253.36,0.26831
5523,12855,59713,24.702,538.56,392.05,0.15744
5524,13493,60140,23.409,428.52,232.99,0.29559
5525,13160,59922,32.055,417.55,310.49,0.14705
5526,12662,57885,29.9,487.2,210.03,0.39753
5528,13835,59578,34.194,296.44,284.16,0.021147
5530,13432,59551,26.426,338.3,200.28,0.25627
5531,13316,59399,24.533,386.92,223.31,0.26812
5532,13690,59926,27.822,445.05,138.33,0.52576
5533,12471,59950,31.011,749.51,679.03,0.049334
5534,14637,60501,23.33,672.38,200.76,0.54015
5535,13016,60166,30.01,451.96,374.65,0.093521
5536,13353,59110,21.644,751.23,861.67,-0.068472
5541,13551,59779,35.317,220.12,291.45,-0.13943
5542,14630,59736,36.402,650.02,401.78,0.23601
5543,12603,59691,19.256,293.55,146.18,0.33514
5545,13617,59449,30.491,729.02,464.82,0.2213
5545,14646,60354,38.389,376.19,170.29,0.37679
5547,13497,58841,29.098,432.03,203.97,0.35859
5548,12462,59307,20.911,903.21,444.44,0.34042
5550,12964,58317,24.74,530.42,231.03,0.39319
5551,13288,58622,26.209,1321.6,605.52,0.37157
5552,13303,59032,19.963,1239.7,855.38,0.18345
5553,12926,58457,34.565,609.01,500.63,0.09767
5555,13412,59346,26.169,508.9,328.74,0.21508
5557,14954,60219,23.491,279.82,138.39,0.33818
5558,12517,60013,29.469,952.15,543.47,0.27326
5558,13040,58821,23.934,352.19,343.41,0.012626
5559,13019,59026,28.377,760.31,656.39,0.073351
5559,13077,59675,17.462,1092.3,810.11,0.14834
5561,12879,58393,29.161,542.5,171.15,0.52035
5562,13652,58427,29.698,387.08,164.49,0.40357
5562,14062,59982,28.551,642.9,384.97,0.25093
5562,14512,59224,28.34,329.5,143.68,0.39269
5563,14448,59276,35.067,341.05,226.72,0.20137
5564,13459,59539,34.812,561.02,256.3,0.37282
5565,12446,57925,31.516,590.71,489.85,0.093339
5566,12623,58097,24.472,684.56,314.77,0.37004
5567,12738,58529,34.38,439.52,225.93,0.32098
5569,12846,58466,24.791,499.54,221.73,0.38517
5570,14022,57898,23.542,1194.1,658.87,0.28887
5570,14228,58915,37.956,356.31,170.03,0.35391
5571,14118,57872,12.732,873.08,419.43,0.35098
5572,12919,60658,27.708,1387.5,863.14,0.23299
5572,15206,59157,32.764,823.86,524.51,0.22201
5578,13719,59480,28.993,293.17,197.71,0.19447
5580,12960,60428,31.876,444.88,307.13,0.18317
5580,14055,59387,27.373,600.88,266.34,0.38575
5581,13216,60511,30.227,446.76,186.22,0.41161
5583,13317,60459,30.326,865.64,647.85,0.1439
5586,12738,58612,22.38,269,133.83,0.33556
5586,13138,60001,29.495,498.59,500.76,-0.0021736
5587,13153,60181,25.144,277.92,318.93,-0.068715
5588,13069,60204,34.383,278.35,271.24,0.012951
5590,12883,58018,26.379,774.92,403.79,0.31486
5591,13010,58450,29.249,583.7,444.5,0.13538
5591,13272,60196,31.527,347.29,383.53,-0.049593
5591,13514,60262,34.339,422.44,362.7,0.076092
5591,14440,59299,31.197,460.28,488.99,-0.030241
5592,12856,58054,21.73,542.5,446.26,0.09733
5592,15360,58932,35.869,1171.3,732.74,0.23035
5594,14049,58988,28.714,372.09,253.97,0.18866
5594,15362,59069,30.942,364.29,133.44,0.4638
5595,13869,60308,36.444,350.07,300.68,0.075902
5599,13642,60656,32.832,301.2,149.26,0.33729
5603,13983,59948,31.153,482.07,453.87,0.030127
5604,12664,59510,38.122,684.46,498.1,0.1576
5604,13072,58609,28.545,486.39,326.68,0.19643
5605,13136,58537,17.451,2051.4,997.44,0.34569
5608,13652,60026,31.986,830.57,530.07,0.22085
5612,12850,58823,31.731,570.22,317.39,0.28485
5612,12994,58817,35.171,580.95,346.27,0.2531
5614,12679,60191,32.045,414.64,287.22,0.18154
5614,14966,60674,34.32,497.07,288.54,0.26544
5616,12987,58773,27.655,458.49,295.77,0.21573
5616,13306,60032,26.841,674.25,546.22,0.1049
5618,12463,58739,26.687,789.5,355.56,0.37897
5618,12705,60485,37.633,617.54,182.4,0.54396
5619,14937,59053,33.311,427.47,210.55,0.33999
5620,13036,60612,25.523,408.44,284.55,0.17877
5620,15056,59014,33.909,526.36,225.86,0.39947
5622,12679,60610,32.18,541.43,143.48,0.58104
5625,14158,57863,14.393,512.9,279.96,0.29379
5626,12724,60298,13.293,937.79,555.27,0.2562
5626,13006,59214,21.688,658.38,316.38,0.35086
5627,12750,60342,18.498,408.05,372.82,0.045118
5628,12898,59456,29.265,323.49,181.73,0.28059
5629,12669,58135,23.672,1052.8,678.52,0.21616
5629,13138,59300,26.282,811.19,569.16,0.17534
5630,12822,58198,22.492,224.64,100.12,0.3834
5630,13109,59299,23.708,693.35,496.54,0.1654
5631,13205,59319,31.429,670.09,426.3,0.22236
5632,14424,59596,34.682,363.77,195.96,0.2998
5633,14400,59628,28.307,628,552.28,0.064153
5635,13432,58929,35.825,270.16,515.19,-0.312
5635,14226,59764,34.766,443.54,240.62,0.2966
5635,15256,59751,33.596,341.85,408,-0.088219
5636,12960,59761,27.25,864.06,729.87,0.084191
5636,13468,58953,15.488,489.26,682.24,-0.16473
5637,13452,58936,21.263,420.09,603.38,-0.17909
5647,12461,57822,18.075,673.98,388.93,0.26818
5649,13548,58854,27.483,572.21,191.21,0.49907
5650,13630,58667,29.377,655.61,337.37,0.32049
5651,12671,59012,36.047,385.6,304.25,0.11792
5657,13284,60184,35.385,422.28,285.15,0.19385
5661,14180,60223,29.794,323.85,155.8,0.35035
5662,14120,60198,25.813,363.1,164.48,0.37647
5666,14980,60545,21.197,868.47,344.8,0.43162
5667,12836,58263,26.865,993.98,815.89,0.098397
5667,14967,60530,18.83,1153.7,537.15,0.36465
5668,12744,58102,28.762,642.78,443.51,0.18345
5668,12775,58166,26.636,1056.4,814.16,0.1295
5668,13630,59482,31.874,322.26,194.12,0.24816
5668,14954,60456,28.401,529.31,270,0.32441
5669,14054,59009,35.868,1021.4,447.9,0.39032
5670,12972,58349,33.373,441.97,294.48,0.20028
5671,14845,59407,27.493,590.22,385.29,0.21007
5672,12655,57984,23.463,764.18,540.44,0.1715
5673,13072,60615,24.874,666.74,333.97,0.33253
5673,13135,57917,15.926,1629.5,1005.5,0.23683
5674,13265,58246,36.659,681.81,264.44,0.44107
5674,14290,58760,30.828,881.92,425.96,0.34862
5675,15093,60067,22.247,532.31,439.46,0.095549
5676,12741,58847,25.554,1126.6,763.44,0.19215
5676,12860,58263,28.65,650.76,274.69,0.40637
5676,13683,59852,34.338,593.35,505.74,0.079711
5676,14211,58961,14.771,726.06,434.03,0.25173
5676,15080,60044,7.187,1064.7,816.32,0.13204
5677,12562,58889,28.984,1014.8,588.51,0.2659
5677,14302,59072,23.785,448.56,292.92,0.20991
5677,15043,59908,15.036,757.51,623.08,0.097372
5678,14285,59102,26.218,357.58,324.35,0.048718
5679,14280,59006,22.425,362.89,344.76,0.025626
5680,13660,60295,33.515,430.79,448.9,-0.020581
5680,14356,58995,25.905,402.35,222.95,0.2869
5680,14440,60596,29.248,569.56,463.35,0.10282
5680,15273,59801,30.267,601.15,511.73,0.08035
5681,14341,60429,24.667,431.66,329.55,0.13415
5683,13377,58308,16.042,552.54,147.25,0.57915
5683,14759,60191,26.865,398.55,188.51,0.35778
5683,15290,59078,27.98,311.36,239.47,0.13051
5683,15418,59733,25.109,1242.5,812.64,0.20918
5685,14847,59438,18.558,637.6,305.92,0.35154
5686,12707,59810,29.624,912.46,576.67,0.22549
5686,13429,60245,28.615,491.89,241.02,0.3423
5687,13658,60355,32.911,468.19,363.1,0.12642
5688,13601,60224,39.152,314.34,258.67,0.097154
5689,13801,60084,32.445,280.91,151.88,0.29814
5691,12990,59837,32.02,769.48,486.85,0.22496
5699,14319,59436,22.529,577.54,413.01,0.1661
5703,14315,59320,19.047,811.23,438.54,0.2982
5704,13355,60320,29.805,299.56,221.21,0.15043
5704,14130,60144,23.29,415.77,204.72,0.34013
5708,13077,60223,29.443,1147.1,452.67,0.43408
5709,12933,60207,21.649,638.41,688.51,-0.037754
5709,13117,59614,27.967,690.11,453.16,0.20726
5710,14366,59440,26.114,738.36,442.63,0.25041
5711,12643,59594,22.229,703.11,446.61,0.22309
5712,13780,59876,31.685,771.2,533.05,0.1826
5713,13891,59824,28.355,675.39,579.67,0.076267
5715,12750,60390,21.637,789.75,482.71,0.2413
5715,13226,58446,23.119,838.23,613.97,0.15442
5716,12681,58699,15.267,1001.2,620.27,0.23495
5716,12934,60347,26.701,284.08,195.6,0.18446
5716,13717,59632,23.35,557.25,484.41,0.069935
5717,12499,58686,24.843,571.87,463.95,0.10419
5718,12451,58614,21.248,754.46,748.93,0.00368
5723,14275,58955,31.011,281.19,187.93,0.1988
5724,13900,57892,33.256,239.62,110.91,0.36716
5727,12527,60435,28.562,360.97,184.72,0.32299
5731,12860,60706,26.372,289.45,169.65,0.26093
5731,14757,59542,27.17,229.05,157.4,0.18541
5735,13584,60182,37.732,327.69,248.06,0.1383
5736,13234,59584,21.849,499.91,206.5,0.41536
5739,14472,59821,30.792,1011.3,832.07,0.097231
5740,13046,58166,29.012,1025.2,800.03,0.12336
5741,12950,59222,33.237,845.91,641.59,0.13736
5742,15060,59606,30.749,285.62,104.06,0.46592
5743,14447,58103,34.07,353.37,399.7,-0.061517
5743,15049,59649,31.368,401.66,269.53,0.19685
5747,13686,59333,31.997,383.5,248.23,0.21413
5748,14151,60245,35.825,283.36,132.41,0.36308
5749,12626,57926,19.44,402.42,217.13,0.29906
5750,14162,57988,34.613,403.43,271.96,0.19465
5754,14026,57917,35.557,181.32,140.09,0.12826
5756,13085,58798,22.646,441.84,291.86,0.20442
5756,14331,59010,25.73,611.68,277.91,0.3752
5756,15274,60412,29.631,360.84,158.37,0.38995
5757,13914,60448,36.373,269.09,167.09,0.23384
5759,12983,58907,29.208,688.48,531.51,0.12867
5760,13194,58870,28.878,863.43,514.3,0.25341
5765,13000,59259,24.386,444.5,310.34,0.17773
5765,13995,60270,31.179,529.21,427.77,0.10599
5771,12590,58867,26.448,685.39,614.95,0.054166
5772,13343,59147,27.84,531.07,246.8,0.36545
5772,13668,59190,31.582,766.39,485.22,0.22465
5772,13861,60114,24.959,937,421.93,0.37902
5773,12544,58827,28.353,1302.1,758.64,0.26374
5773,13841,59185,31.429,977.48,615.11,0.22753
5773,14006,60004,33.964,458.2,174.93,0.44741
5774,13032,60631,20.542,363.98,248.87,0.18783
5775,12663,60524,26.243,496.52,405.56,0.10083
5776,13774,60153,32.077,527.43,403.55,0.13306
5777,12766,60486,30.001,772.7,578.44,0.14377
5777,13608,60102,29.348,286.45,122.13,0.40216
5778,13429,60647,35.062,346.74,501.12,-0.18208
5780,14121,57895,15.78,620.55,367.17,0.25653
5781,14131,57900,28.586,248.9,162.11,0.21115
5782,13836,59721,33.817,221.42,110.4,0.33459
5783,13191,59183,33.662,359.42,408.4,-0.063786
5784,13211,59238,24.333,541.19,405.32,0.14355
5785,13345,60619,27.71,462.25,162.58,0.47961
5785,13471,60126,22.133,656.3,276.71,0.40685
5785,14605,59381,21.378,853.79,220.52,0.58946
5785,15098,58424,32.002,890.73,479.28,0.30033
5786,13240,60621,39.992,1264.7,953.88,0.14009
5786,14205,57955,36.014,529.42,346.34,0.20905
5786,14478,59360,20.128,1091.9,475.84,0.39298
5787,12964,60371,24.381,1056.3,471.22,0.38303
5787,13728,59876,32.028,319.25,212.23,0.20137
5787,14183,58680,38.491,240.42,356.07,-0.19389
5787,14427,59417,23.757,911.36,544.63,0.25187
5788,12914,60369,27.235,404.66,247.96,0.24011
5788,14042,58740,25.249,578.9,546.45,0.028836
5789,12537,58583,17.644,461.38,280.54,0.24375
5789,13495,60547,28.889,747.08,488.28,0.20949
5789,14810,59170,17.822,592.71,168.56,0.55716
5790,13898,60539,27.516,1102,802.63,0.15717
5790,15061,59205,34.051,765.39,492.12,0.21731
5790,15132,58283,16.626,380.61,322.79,0.082205
5791,12509,57957,25.619,1365.3,1003.5,0.15274
5791,13879,60414,30.617,363.43,227.6,0.22982
5791,14929,59393,14.866,1051.4,473.17,0.37926
5791,15105,58230,28.865,228.2,231.53,-0.0072287
5792,12670,58567,22.662,981.06,692.06,0.17273
5792,12887,60229,34.367,255.97,204.63,0.11147
5793,12523,58469,25.269,577.75,419.54,0.15864
5793,13271,58978,26.536,436.23,300.07,0.18492
5793,13961,58785,36.013,392.47,304.84,0.12568
5793,14932,60046,33.88,274.81,160.18,0.26353
5794,12582,58404,24.559,619.13,233.55,0.4522
5794,14975,60186,34.336,439.44,380.45,0.07194
5795,15356,60405,33.326,338.96,335.91,0.0045231
5797,13236,58995,32.735,566.6,144.36,0.59391
5803,13469,59355,33.882,364.29,233.33,0.21914
5805,13358,58498,33.574,284.92,200.34,0.17429
5808,12795,59802,33.537,481.72,179,0.45817
5809,13045,59567,26.241,473.33,137.7,0.54929
5809,14519,60250,24.321,552.35,429.04,0.12565
5810,13202,58582,25.126,379.77,238.74,0.228
5811,13028,58631,30.553,369.57,137.01,0.45908
5811,14373,59914,27.919,276.73,110.28,0.4301
5814,12587,58002,31.492,1402.6,668.05,0.35475
5814,12830,57942,30.066,1181.1,693.76,0.25994
5814,14362,59223,35.883,524.93,366.53,0.17769
5815,13385,59086,18.368,850.65,622.32,0.15502
5815,14540,59248,27.606,368.88,179.13,0.34626
5817,13151,60120,27.963,621.26,385.2,0.23455
5818,14630,60435,32.05,582.77,285.18,0.34286
5819,13133,59330,33.767,1416.3,699.78,0.33859
5819,14594,60458,30.697,267.14,167.14,0.23026
5820,14510,60528,26.743,425.84,118.73,0.56395
5821,13125,58904,27.482,322.67,242.95,0.14096
5823,13481,58456,29.138,439.63,257.65,0.26099
5824,12455,58649,39.826,420.23,345.4,0.097736
5824,15029,60376,32.889,162.12,201.06,-0.1072
5826,12718,58031,29.205,302.77,188.92,0.23155
5827,14994,60388,30.504,289.5,168.69,0.26366
5829,14354,60125,36.954,266.03,172.76,0.21257
5830,13901,59611,34.156,215.65,107.21,0.33589
5831,12604,59307,37.431,700.26,427.44,0.24192
5831,12945,58690,30.994,400.13,234.9,0.26018
5832,12756,59071,28.258,805.63,327.14,0.42241
5836,15214,59501,38.014,237.62,174.35,0.15357
5838,14116,57860,33.163,402.15,295,0.1537
5839,14518,60591,29.706,541.86,331.59,0.24075
5841,13281,59536,35.214,320.75,357.64,-0.054371
5842,13593,60259,22.207,623.87,305.91,0.34198
5846,14843,58888,38.702,571.07,306.8,0.30104
5847,12631,57812,36.376,424.84,385.3,0.048799
5848,12600,57858,15.228,1221.4,933.53,0.13358
5848,14268,60708,29.542,458.02,189.29,0.41514
5850,14176,58882,19.763,412.92,202.22,0.34253
5851,12947,58011,22.265,621.3,312.36,0.33089
5854,13847,58318,28.045,377.74,217.08,0.2701
5858,13244,60193,30.619,929.42,572.69,0.23749
5858,13265,60085,42.386,1032.9,585.1,0.27674
5858,15230,59911,31.718,380.6,326.54,0.076452
5859,13203,59856,22.983,307.75,132.59,0.39779
5864,13153,60114,35.72,304.6,117.2,0.44427
5865,13115,60383,26.787,894.36,766.58,0.076933
5866,12801,59315,22.021,378.58,185.07,0.34333
5866,14072,58984,33.894,422.11,160.53,0.44894
5870,14189,60114,34.837,611.69,292.65,0.35279
5871,13958,60022,22.957,388.66,199.99,0.32052
5875,13967,60677,33.988,702.18,499.86,0.16831
5876,13575,60597,32.445,682.75,637.1,0.034593
5879,12770,58018,22.986,498.1,251.09,0.3297
5879,13237,59648,30.032,586.82,331.12,0.27856
5882,14283,60361,23.838,246.31,106.46,0.39645
5883,13806,60006,22.829,595.47,367.54,0.23669
5885,14459,59416,34.32,589.43,484.28,0.097929
5888,13278,60300,23.749,375.17,193.98,0.31835
5889,12481,59068,28.164,637.47,253.23,0.4314
5889,12724,58550,20.658,357.52,160.3,0.38087
5889,13936,59206,20.861,441.16,453.22,-0.013485
5892,12731,57815,30.919,384.8,207.84,0.29861
5896,14326,60144,34.306,354.33,336.73,0.025475
5897,12555,60381,28.963,396.4,271.07,0.18778
5897,13538,59466,30.154,467.59,319.63,0.18795
5899,14369,60667,41.525,739.4,398.48,0.29962
5900,12957,60570,23.115,637.06,194.71,0.53182
5900,13331,58024,30.462,422.47,263.24,0.23221
5900,13629,59534,32.521,381.68,227.31,0.2535
5901,12843,58918,34.35,598.14,195.04,0.50821
5901,12927,60584,27.052,458.91,210.77,0.37053
5902,12851,58220,28.312,361.78,102.73,0.55767
5904,12844,59718,38.253,615.11,223.11,0.46765
5904,12954,60614,32.771,116.83,119.95,-0.013174
5907,13731,58743,23.734,455.83,285,0.23059
5908,13655,58916,27.049,319.12,159.52,0.33344
5908,13671,60241,31.773,587.72,316.43,0.30005
5908,14028,59434,39.911,448.24,324.58,0.16001
5908,14475,59682,36.916,247.97,136.93,0.28849
5908,15342,59868,36.861,390.66,291.03,0.14615
5909,12542,57837,23.698,859.91,532.46,0.23518
5910,12587,57936,22.338,1364.5,1166.7,0.078153
5911,12755,58057,22.408,698.76,562.93,0.10765
5912,13259,60205,29.575,315.32,109.28,0.48524
5913,13159,59776,38.397,411.8,362.72,0.063366
5915,15229,59691,30.233,630.95,498.37,0.1174
5916,13620,58826,29.653,341.66,233.73,0.18758
5917,12806,59471,34.536,178.23,132.88,0.14575
5919,13858,58832,31.354,337.33,233.23,0.18246
5920,12570,57891,23.148,622.81,406.51,0.21014
5921,12636,57931,20.996,896.92,535.63,0.2522
5922,12611,57904,20.53,731.32,406.77,0.28518
5924,14124,59389,34.3,402.6,282.82,0.17476
5926,13774,60574,25.286,395.77,296.96,0.14264
5929,14120,57844,21.564,462.5,221.34,0.35266
5933,15023,59391,37.111,287.99,143.94,0.3335
5934,12620,60231,35.93,1229.2,566.49,0.36905
5934,12878,60210,32.186,917.04,595.95,0.21222
5935,12809,59776,23.686,359.86,195.98,0.29484
5935,14605,60626,37.286,443.04,232.89,0.31091
5936,13352,59448,31.579,409.86,161.2,0.43544
5936,14137,57896,25.101,418,228.51,0.29309
5936,14740,60471,27.408,179.96,105.38,0.26136
5937,14126,57907,16.346,654.06,358.48,0.29191
5939,15036,59433,26.015,376.61,174.99,0.36551
5940,14397,58853,32.049,252.22,397.1,-0.22312
5941,13688,59753,39.288,361.81,333.2,0.041154
5942,14895,59346,33.872,448.52,271.99,0.24501
5944,13258,59103,25.006,366.99,179.34,0.34348
5944,14313,58877,36.625,615.69,346.47,0.27981
5946,12828,60688,22.261,482.96,340.15,0.17349
5946,14457,57740,25.493,205.9,190.26,0.039464
5947,12975,60522,26.018,756.45,620.41,0.098801
5947,13819,60101,28.794,427.69,207.64,0.34635
5949,13274,60585,28.364,553.17,381.2,0.18405
5950,13276,60660,24.98,1008.1,723.82,0.16413
5951,13454,60352,27.604,412.17,339.93,0.096046
5954,14005,60570,35.936,325.31,225.3,0.18164
5954,14826,59298,31.636,479.4,398.91,0.091643
5955,12578,58520,31.427,674.27,613.87,0.046888
5956,12742,58242,24.474,557.04,352.87,0.22439
5958,12770,57785,23.222,897.2,390.64,0.39334
5959,14705,60421,41.241,754.74,667.69,0.061197
5960,12555,58864,20.63,1014.3,591.78,0.26309
5960,13309,59188,26.175,553.85,274.21,0.33771
5960,14110,59676,33.193,461.87,185.74,0.42638
5961,13135,59110,31.319,625.71,442.55,0.17146
5961,13798,60046,22.321,527.43,306.44,0.26502
5961,14116,58979,30.206,495.98,457.3,0.040574
5963,12438,59835,23.255,600.92,251.24,0.41034
5964,12699,59808,23.28,573.04,216.96,0.45074
5964,12923,60725,26.054,660.15,476.01,0.16206
5964,13193,59170,34.474,1046.7,611.53,0.26242
5966,12490,59839,31.976,691.16,281.59,0.42105
5967,12612,60285,24.34,432.63,130.15,0.53746
5973,13761,59709,28.289,330.57,319.14,0.017589
5974,13933,59728,26.122,317.26,162.02,0.32389
5976,14437,59200,35.095,241.73,168.84,0.17752
5983,13766,58716,28.599,362.55,163.13,0.37935
5984,12710,59559,39.141,186.51,117.93,0.22528
5987,13732,59277,20.65,359.68,503.25,-0.16637
5988,12755,58828,25.487,507.46,325.44,0.21854
5988,13992,59423,32.279,836.79,319.84,0.44694
5991,12425,58216,42.187,1036.6,577.82,0.28419
5991,15109,59754,29.519,398.22,211.72,0.30576
5993,12685,58152,32.725,200.33,258.64,-0.12706
5994,12682,58264,36.489,215.5,585.86,-0.46217
5994,15207,60320,39.065,333.92,355.98,-0.031984
5996,12737,58204,25.684,346.01,444.26,-0.12433
5997,12693,58263,17.412,335.23,1203.9,-0.56438
5998,14535,58632,33.46,238.94,217.82,0.046245
6000,12652,60284,18.018,828.37,198.77,0.61296
6001,12829,60506,19.5,587.83,299.81,0.32447
6003,13119,60293,34.747,772.84,531.24,0.18526
6005,12679,60700,22.575,450.27,251.54,0.28317
6005,15373,58806,35.546,389.99,477.23,-0.10059
6006,12465,60582,35.937,633.55,839.54,-0.13984
6006,12849,58578,32.522,427.64,118.4,0.56632
6007,12703,59273,23.062,749.17,363.34,0.34681
6009,13040,58965,36.556,424.55,263.71,0.23369
6013,13064,59579,28.323,608.8,351.29,0.26821
6014,12578,59864,24.582,466.13,306.57,0.2065
6014,13318,59082,16.688,491.13,409.98,0.090054
6015,12531,57791,26.031,725.41,500.5,0.18346
6015,13194,59081,31.518,1046,1190,-0.064434
6017,12854,59059,37.299,272.58,212.72,0.12333
6020,13535,59328,21.934,690.31,664.67,0.018921
6025,12432,58561,23.558,350.12,500.38,-0.17667
6026,13388,58526,36.903,210.08,108.04,0.32077
6026,13949,59625,34.659,349.91,179.85,0.32101
6027,12542,58495,29.929,221.83,218.36,0.0078886
6030,13142,58767,38.466,447.26,194.5,0.39385
6031,14382,59221,30.599,287.42,247.32,0.074985
6032,13580,58684,33.493,181.36,420.81,-0.39764
6033,12431,59265,34.671,186.54,511.26,-0.46534
6035,12653,58468,27.554,450.57,168.09,0.45661
6036,14146,58039,33.828,257.89,224.62,0.068945
6037,12663,58126,25.838,505.53,385.15,0.13516
6037,12881,60583,19.604,987.93,883.01,0.056077
6041,12559,58177,25.675,1150.4,407.55,0.47681
6041,12846,59547,27.793,468.3,284.76,0.24373
6043,14096,57933,29.618,300.44,141.82,0.35865
6048,12587,59008,29.388,540.56,355.56,0.20644
6050,13099,59237,33.002,529.97,450.67,0.080865
6057,13464,60716,32.612,457.95,232.41,0.3267
6057,14452,60715,35.261,469.43,209.05,0.38378
6058,13661,58839,29.87,486.26,133.18,0.57001
6062,13741,58670,26.196,373.43,262.76,0.17395
6063,12458,57900,24.356,316.01,275.58,0.068337
6063,13731,58518,22.402,294.43,228.65,0.12577
6064,13032,59417,30.335,584.76,432.19,0.15003
6065,13114,59532,32.881,306.49,134.13,0.39116
6066,14038,59908,20.242,477.65,431.36,0.050915
6066,14288,58828,26.842,660.76,210.53,0.51673
6066,14901,60428,34.419,480.38,154.22,0.51396
6067,13184,58270,24.061,659.51,302.14,0.37163
6068,13167,58395,34.34,540.49,431.86,0.11173
6069,13238,58563,26.468,298.15,207.11,0.18018
6069,14677,60285,27.801,540.54,299.14,0.28749
6070,12634,59364,34.587,448.87,356.17,0.11515
6070,12692,59540,33.7,824.13,855.88,-0.018898
6071,14201,57786,35.179,375.7,278.94,0.14781
6072,14099,57862,17.478,521.16,429.71,0.096179
6073,12800,58704,20.803,814.87,232.5,0.55603
6074,14628,59260,33.615,960.92,1342.2,-0.16554
6075,15317,60157,32.786,206.52,109.24,0.30808
6077,13804,59299,32.864,282.82,168.4,0.25359
6077,14727,60693,37.061,884.49,336.77,0.44849
6078,13418,59011,30.314,388.82,228.02,0.26068
6078,14799,59331,28.937,428.68,421.48,0.0084641
6078,15057,60273,31.702,737.96,556.99,0.13975
6080,14025,59858,24.019,767.47,627.09,0.10066
6081,14796,60027,26.038,457.07,248.32,0.29594
6082,13266,58956,21.544,1257.8,700.5,0.28457
6082,15185,59979,29.144,369.9,153.53,0.41337
6083,12577,60654,27.079,219.56,125.57,0.27231
6083,12826,59013,26.116,846.81,486.58,0.27016
6084,12484,59139,29.248,1019.3,465.46,0.373
6084,14569,60251,20.556,724.4,501.05,0.18225
6085,14538,59792,32.453,168.62,195.45,-0.073707
6086,15336,58270,31.009,505.32,119.47,0.61757
6087,13164,60171,21.873,1321.7,732.6,0.28677
6088,12852,60003,31.412,308.61,255.17,0.09478
6094,13079,60361,26.083,620.8,367.68,0.25607
6094,13766,59282,32.589,689.96,415.54,0.24823
6095,13979,59061,26.173,881.49,406.23,0.36908
6096,13823,59662,23.301,378.37,114.7,0.53473
6097,14371,58348,38.134,110.33,129,-0.078026
6099,15111,60289,29.471,890.33,744.02,0.089522
6100,14706,60300,32.647,379.23,250.85,0.20375
6101,13856,59796,27.933,794.97,341.14,0.39946
6102,13895,59820,20.248,416.22,192.94,0.36654
6103,13767,59992,27.95,772.98,507.16,0.20765
6106,12452,58899,36.827,636.22,308.94,0.34626
6107,12622,58853,30.306,559.08,376.57,0.19506
6107,13378,60462,22.999,508.44,246.4,0.34714
6108,13455,60699,30.096,331.33,186.24,0.28034
6111,13076,60069,32.428,222.41,158.33,0.1683
6111,14546,60331,27.669,489.77,464.48,0.026506
6112,12794,59016,28.314,649.53,375.17,0.26775
6112,14482,60129,37.675,313.09,221.18,0.17204
6112,15158,59183,42.153,765.9,328.7,0.39941
6113,12749,58199,22.672,499.74,809.94,-0.23685
6115,14033,60319,31.587,447.24,303.76,0.19105
6118,13121,59348,29.79,1086.1,1037.8,0.022731
6122,12482,58479,34.607,462.75,378.56,0.10007
6122,13534,58593,34.693,306.75,280.71,0.04432
6123,12709,58884,21.419,691.15,438.68,0.22346
6123,13393,58651,27.479,586.24,346.26,0.25735
6124,12982,58494,21.97,1071.6,582.67,0.29556
6125,12425,57830,24.781,803.1,304.38,0.45032
6126,14018,60489,24.386,591.9,323.04,0.29386
6127,13412,60339,22.376,334.19,216.94,0.21273
6130,13029,59798,34.591,633.57,288.9,0.37364
6132,14087,59075,34.209,507.26,514.02,-0.0066212
6132,15060,60516,28.785,401.1,289.17,0.16215
6133,12871,57744,36.841,849.35,471.63,0.28594
6133,14019,59307,33.242,390.34,342.74,0.064927
6133,15167,60628,36.12,957,641.81,0.19714
6134,14483,58967,30.527,682.55,305.14,0.38211
6134,14893,60556,28.113,459.62,495.85,-0.037918
6135,14558,58915,34.349,576.3,408.19,0.17076
6136,13708,58915,21.759,464.14,304.17,0.2082
6137,12432,58633,23.394,1007.4,600.7,0.2529
6137,12462,58175,25.92,1072.1,578.23,0.29927
6137,14533,58885,30.188,215.33,132.75,0.23725
6139,13759,58822,30.547,326.4,302.62,0.0378
6140,13752,58993,30.489,389.68,124.5,0.51573
6143,13479,58323,34.051,463.59,415.24,0.055011
6143,13494,60143,27.103,587.7,465.45,0.11609
6144,13708,58320,24.706,894.52,653.4,0.15577
6145,13463,57879,28.682,414.55,133.82,0.51194
6146,13565,57988,24.89,1101.9,756.74,0.1857
6147,14325,60005,23.303,894.41,468.04,0.31294
6150,12538,58149,26.192,193.77,159.53,0.096929
6150,14909,60322,37.955,590.76,436.68,0.14997
6151,12620,58136,26.857,747.66,472.92,0.22509
6151,13483,60414,32.197,702.45,640.62,0.046036
6151,13976,60147,21.052,743.51,535.7,0.16245
6151,15032,59181,35.764,320.56,191.86,0.25116
6152,13806,60036,26.053,461.8,182.73,0.43299
6152,13883,58475,33.44,704.93,728.18,-0.016226
6153,13396,58834,19.946,880.49,412.15,0.36231
6153,13423,60000,30.158,619.74,332.89,0.30112
6153,14951,59338,22.533,257.43,102.43,0.4307
6154,14025,58768,30.788,397.25,246.77,0.23365
6155,13764,58760,23.73,758.05,499,0.20608
6157,13630,59204,36.311,326.49,380.68,-0.076627
6158,13519,60599,30.352,564.21,594.94,-0.026512
6162,13476,58337,27.869,393.23,305.7,0.12524
6163,13557,58274,21.027,797.72,438.33,0.29076
6163,14904,59272,21.639,300.95,204.74,0.19025
6164,13424,58249,24.254,582.67,225.87,0.44129
6164,14676,60105,34,469.32,362.32,0.12866
6164,15308,58448,23.664,561.77,528.38,0.03063
6165,13240,57808,28.972,757.33,580.46,0.13221
6166,13542,59251,30.847,1123.5,601.38,0.30272
6168,13390,57869,32.581,399.5,150.13,0.45371
6169,12700,58724,29.977,536.82,341.41,0.2225
6169,14257,57882,23.973,989.17,517.35,0.31318
6169,14248,59867,26.674,234.33,163.62,0.17768
6170,13865,58658,36.98,389.33,229.56,0.25815
6171,12519,58907,30.849,547.78,361.11,0.20539
6171,13758,59815,29.974,253.42,170.81,0.19473
6173,13754,59756,34.524,452.67,450.1,0.0028508
6174,12559,58897,21.957,482.02,354.39,0.1526
6174,13637,57780,25.878,436.45,328.59,0.14099
6174,13686,59715,26.635,653.58,325.24,0.33544
6175,12773,59012,32.385,754.67,502.33,0.20075
6176,13019,57910,27.989,550.32,347.27,0.22621
6176,13005,60582,27.062,534.38,275.99,0.31885
6178,13605,58640,27.405,437.32,268.78,0.23868
6178,15062,60171,13.975,827.06,438.51,0.30701
6181,12436,57899,23.254,428.1,328.97,0.13094
6181,12554,60187,25.627,578.1,282.47,0.34353
6181,15107,60644,31.937,689.96,369.52,0.30244
6183,12886,59972,27.806,980.72,713.97,0.1574
6183,13815,59681,28.842,542.16,404.62,0.14526
6183,14489,59504,38.71,461.23,319.71,0.18121
6184,12901,59490,32.409,502,395.81,0.11828
6184,13191,60613,17.94,1021.9,316.93,0.52656
6184,13738,59810,27.827,474.57,143.92,0.53462
6185,13029,60703,9.8697,1067,140.91,0.76669
6186,13821,58281,34.747,208.09,115.5,0.28613
6186,14763,60300,29.023,1208.3,839.06,0.18033
6187,13839,58355,25.294,493.42,414.7,0.086681
6188,12582,60100,27.635,292.94,105.01,0.47222
6190,12505,58886,26.57,367.35,110.54,0.53739
6191,15143,58706,37.221,390.79,141.84,0.46739
6192,13812,60640,42.969,374.18,534.34,-0.17629
6193,15072,58804,31.134,635.82,542.03,0.079634
6193,15300,60078,34.556,324.55,178.22,0.29104
6194,14854,60670,20.428,565.96,234.11,0.41477
6194,15029,58934,32.041,887.78,276.18,0.52545
6194,15350,59925,33.156,365.85,459.32,-0.11328
6200,13529,58803,16.072,823.77,307.4,0.45649
6201,13339,58721,31.325,396.49,197.71,0.33453
6201,13729,58734,37.582,634,199.67,0.52098
6202,13133,60196,26.028,504.52,377.35,0.14421
6202,13807,58916,22.478,515.9,274.81,0.3049
6202,15370,58840,35.272,421.55,232.21,0.28961
6203,13166,60115,27.121,779.7,394.33,0.32824
6203,14849,60467,26.969,307.7,109.67,0.47449
6204,14739,60220,29.173,521.1,344.38,0.20419
6206,12941,58518,36.15,647.83,232.58,0.47166
6207,13108,60522,34.339,578.57,433.06,0.14384
6208,13506,60612,39.163,550.47,435.27,0.11686
6208,15348,59108,36.859,402.21,498.19,-0.10659
6209,13889,59804,30.29,313.2,321.17,-0.012568
6209,14791,60005,23.222,963.29,524.34,0.29507
6210,13927,58734,21.745,721.27,364.76,0.32827
6210,14985,60336,23.596,527.09,408.03,0.12732
6211,14152,57827,23.415,535.36,408.71,0.13415
6212,13914,58800,25.413,266.41,113.59,0.40216
6212,14932,59217,38.543,310.43,132.07,0.40309
6213,14523,60622,32.663,411.06,288.63,0.17498
6216,13460,59568,25.337,416.18,311.66,0.14361
6218,13421,59298,24.657,430.45,156.88,0.46578
6219,13238,59717,28.325,428.87,233.6,0.29477
6219,15070,59341,35.642,337.04,120.31,0.47388
6221,13269,60010,19.919,602.67,616.3,-0.01118
6222,13238,59994,23.795,1021.3,530.57,0.31623
6225,13197,59669,21.444,376.91,140.96,0.45563
6226,12485,59638,20.733,437.07,231.51,0.30747
6226,13340,59691,27.288,748.03,489.15,0.20925
6227,13307,59567,29.612,410.61,518.12,-0.11577
6227,14801,59143,35.892,385.1,377.71,0.0096894
6228,14810,59434,31.559,577.92,362.81,0.22867
6228,15214,60185,27.609,475.24,274.02,0.26855
6228,15341,59755,29.17,430.16,352.47,0.099273
6229,13949,60151,35.908,380.12,274.44,0.16144
6230,13878,58952,26.277,392.3,299.78,0.13369
6231,13846,58974,28.48,269.19,131.75,0.3428
6231,14912,59356,31.189,639.89,210.99,0.50407
6231,15092,60344,34.552,519.39,123.63,0.61548
6232,15019,60284,30.19,330.65,159.87,0.34816
6233,13086,58601,29.479,589.61,420.97,0.16687
6234,12901,58579,27.117,555.33,416.48,0.14288
6234,14145,60124,30.661,353.14,166.49,0.3592
6235,13383,59986,37.899,341.7,156.2,0.37256
6235,14438,59091,29.869,449.03,268.89,0.25092
6235,14709,60664,27.618,372.55,144.97,0.43975
6236,14791,60657,30.449,455.83,167.89,0.46164
6237,14045,59676,33.288,919.8,471.66,0.32207
6238,12739,58455,25.528,281.56,115.96,0.41659
6238,13588,59550,29.402,543.15,381.26,0.17513
6240,13705,59208,31.506,206.3,239.32,-0.074094
6240,14185,60123,34.285,241.07,199.26,0.094946
6240,15088,59938,22.503,609.01,378.3,0.23367
6241,13310,59696,32.654,126.81,125.52,0.0050841
6241,15069,60204,25.743,563.35,561.31,0.0018133
6242,12915,59514,32.165,435.21,278.67,0.21928
6243,13041,59096,26.527,633.49,351.66,0.28607
6243,15147,60057,35.275,310.13,163.04,0.31087
6245,13557,60592,33.305,393.6,403.73,-0.012711
6246,12710,58461,20.666,390.98,205.01,0.31202
6246,13809,59562,32.538,520.59,556.71,-0.033533
6247,12980,60423,28.152,597.91,351.4,0.25968
6247,13767,60417,35.26,372.76,431.85,-0.073438
6247,14512,58931,20.482,467.34,301.54,0.21563
6248,12771,58235,30.669,743.02,202.39,0.57185
6248,13596,59010,27.058,392.64,131.33,0.49872
6250,13714,59207,26.662,410.09,312.36,0.13528
6251,13780,59038,27.576,378.85,107.67,0.55737
6251,14095,59955,29.073,1140.5,521.21,0.37268
6253,13379,58671,28.537,846.78,544.34,0.21741
6253,13937,60079,30.552,436.05,301.99,0.18164
6254,12658,58160,22.355,749.27,440.89,0.25911
6254,14070,60519,31.935,727.59,365.52,0.33123
6255,15051,60365,32.086,573.18,224,0.43802
6256,13563,60670,31.693,677.41,376.76,0.2852
6256,15177,60406,17.952,1022,634.17,0.23417
6257,14753,59525,32.712,362.1,340.99,0.030027
6259,13077,59976,37.705,310.06,106.56,0.48846
6259,15033,59495,33.587,283.76,310.96,-0.045734
6260,12839,58776,21.49,367.31,307.82,0.088124
6260,12946,59828,30.755,391.29,160.73,0.41765
6261,12889,58919,27.916,419.13,239.66,0.27242
6261,14575,60234,27.961,343.35,138.29,0.42576
6264,12565,58578,34.782,195.34,104.75,0.30188
6265,12812,59427,22.611,1108.6,800.89,0.16115
6265,13507,59840,30.794,562.1,382.18,0.19053
6265,13630,60247,34.993,646.78,439.54,0.19077
6266,13710,59974,22.249,790.4,407.99,0.31911
6267,12503,58093,28.17,488.11,331.36,0.19127
6267,12903,59250,32.668,659.66,312.52,0.35707
6270,13399,58535,18.62,932.99,517.9,0.2861
6271,13203,59666,30.559,398.42,329.65,0.094453
6271,13646,60661,33.012,586.31,509.06,0.070519
6272,13161,58666,25.811,397.88,252.17,0.22415
6273,14445,59882,23.924,683.6,385.53,0.27879
6276,12438,57732,34.772,510,201.02,0.43456
6278,14141,59691,28.373,206.68,200.61,0.014904
6278,14975,60694,31.888,576.96,338.95,0.25987
6279,12972,59931,32.324,491.56,481.06,0.010801
6279,13975,60138,32.808,505.54,256.82,0.32624
6279,14730,59232,27.434,421.62,287.84,0.18857
6280,13462,59820,29.21,556.39,341.88,0.23881
6281,12730,57823,19.08,849.39,239.19,0.56054
6281,13477,58510,26.329,671.22,527.11,0.12026
6281,13458,60424,37.553,296.14,308.93,-0.021147
6281,14926,60068,26.404,680.44,220.57,0.51039
6282,13551,58564,31.236,609.26,279.8,0.37058
6282,14877,60140,32.038,480.7,303.16,0.2265
6283,15119,59378,32.246,488.45,354.82,0.15847
6284,13999,58761,25.508,629.64,313.72,0.33488
6284,15374,59832,28.42,268.78,193.6,0.16261
6285,14531,59545,31.139,300.12,122.65,0.41979
6289,13274,58461,33.45,1082,682.2,0.22663
6290,12817,60419,29.321,570.32,386.48,0.19214
6290,13841,58957,24.793,207.97,102.35,0.34034
6290,14122,57952,18.617,342.25,206.07,0.24835
6291,12541,59832,35.559,197.22,115.62,0.26081
6291,12787,58890,23.483,521.1,104.45,0.66605
6291,14087,57879,24.329,444.12,234.95,0.30802
6293,12601,58448,33.463,733.44,472.04,0.21685
6294,14301,60194,31.003,183.69,143.45,0.12299
6295,14418,60053,37.046,464.77,316.34,0.19002
6296,14448,59955,32.214,287.59,137.95,0.35164
6300,15162,59294,34.757,510.13,591.42,-0.073793
6301,14030,59467,26.57,386.02,109.63,0.55765
6302,13631,59683,33.265,385.47,370.48,0.019835
6306,12984,59802,32.575,510.92,250.18,0.34258
6306,13344,58750,27.183,424.56,298.32,0.17464
6307,13504,59003,17.901,1421.3,1049.5,0.15048
6308,13394,59073,14.529,1006.5,685.39,0.18981
6309,13534,59180,23.829,667.53,592.15,0.059841
6310,13783,59816,26.188,1441.1,873.71,0.24513
6310,13837,59840,27.646,1265.6,680.38,0.30072
6311,12454,59928,30.595,724.54,624.77,0.073938
6311,13487,59849,26.123,510.13,384.78,0.14007
6312,13188,59580,27.182,1226.7,685.51,0.283
6313,13396,59842,15.577,1159.3,744.52,0.21785
6314,12590,60658,22.352,912.31,640.56,0.175
6315,13505,59331,20.746,1101.3,569.87,0.31799
6315,13626,60484,29.585,550.23,353.95,0.21708
6316,12936,59490,34.704,504.98,295.29,0.26202
6316,15402,59825,31.18,471.75,288.59,0.2409
6318,12692,60394,27.145,584.35,103.47,0.69913
6320,12449,57979,26.1,647.64,451.73,0.1782
6321,12637,57932,21.262,804.05,635.08,0.11741
6322,14010,59797,29.523,417.99,197.57,0.35809
6323,12848,59289,27.219,465.45,355.48,0.13397
6323,14318,59642,43.976,800.83,635.71,0.11494
6324,12852,59523,33.468,1059.6,768.68,0.15914
6324,13928,59869,37.111,729.98,409.06,0.28175
6325,12817,58909,18.726,1364.1,685.59,0.33102
6325,12893,59260,35.361,1229.2,580.85,0.35819
6325,14150,60120,28.767,925.89,600.44,0.21322
6326,12668,58844,26.209,1688.5,662.87,0.43619
6326,12833,58840,21.492,1090.4,495.3,0.37529
6327,12769,60251,28.708,319.14,160.75,0.33004
6327,13180,58668,22.102,825.72,349.64,0.40505
6328,13522,60701,25.179,614,311.26,0.32719
6330,14038,59940,33.589,239.69,112.48,0.36121
6331,14216,60495,30.141,824.22,445.46,0.29831
6332,12932,59577,32.061,358.53,271.09,0.13887
6332,14654,59579,27.79,442.69,308.29,0.17897
6334,13309,59827,28.654,385.99,283.76,0.15264
6334,14256,59925,21.395,1152.6,689.26,0.25157
6335,14243,59640,26.699,640.14,276.08,0.39735
6335,14909,59707,35.376,466.73,180.59,0.44205
6336,14130,59073,24.015,707.38,165.83,0.62019
6337,13214,60198,20.595,960.85,371.73,0.44209
6337,14286,60605,32.533,329.28,386.56,-0.080025
6337,14479,59842,25.829,488.58,297.22,0.24353
6338,13023,59086,39.346,361.65,206.48,0.27312
6339,12648,58776,22.536,829.71,523.45,0.22634
6341,14161,58741,33.261,266.71,115.04,0.39728
6342,12446,58773,31.138,308.73,118.8,0.44426
6342,12429,59015,32.575,531.88,403.61,0.13712
6342,12842,57844,12.742,1655.5,981.95,0.25538
6342,14313,59164,27.259,713.69,631.37,0.061204
6343,12769,57853,18.771,1667,971.53,0.26358
6344,13531,60289,29.464,369.57,223.3,0.24672
6345,12587,57924,17.175,1393.3,933.83,0.19743
6346,12630,57862,21.105,846.48,201,0.61622
6346,12846,58594,26.978,283.28,151.91,0.30187
6346,13811,58631,32,243.58,128.87,0.30801
6347,12636,58326,31.565,419.24,112.98,0.57544
6347,13913,58684,27.814,550.76,404.57,0.15303
6347,14544,59289,29.183,435.95,251.88,0.26762
6350,13648,59038,24.877,853.92,741.48,0.070474
6353,12736,57819,23.542,462.3,210.63,0.37399
6353,12859,60062,31.112,473.98,410.95,0.071226
6353,14391,60111,29.094,365.27,346.18,0.026838
6354,14365,59872,36.93,752.61,467.67,0.2335
6355,13212,59962,34.84,531.71,306.11,0.26928
6355,14315,59996,24.95,773.84,437.53,0.27763
6356,12490,59936,27.484,489.9,379.48,0.12702
6356,12978,58297,26.08,445.84,144.22,0.51116
6356,13282,59521,26.619,1029.8,813.44,0.11738
6357,13064,58280,19.823,1265.3,559.12,0.38708
6357,14847,60065,31.923,757.23,301.92,0.42989
6358,12840,58259,25.125,426.9,290.39,0.19031
6358,13957,58681,22.781,615.77,375.56,0.2423
6358,14941,60137,20.092,889.6,624.43,0.17514
6359,12616,58473,18.912,503.37,332.61,0.20426
6360,14418,60376,25.837,579.32,138.2,0.61477
6361,12524,59796,26.098,591.11,500.7,0.082804
6361,14382,60305,25.696,432.09,274.86,0.2224
6362,12429,59780,25.544,635.88,249.53,0.43636
6364,13482,59872,23.792,365.92,187.2,0.32311
6367,13369,59137,35.435,232.18,171.43,0.1505
6368,13523,60442,16.225,1584.7,1527.2,0.018474
6368,14209,59689,37.801,334.09,134.42,0.4262
6369,14437,59625,32.008,349.12,190.51,0.29392
6370,13683,59675,29.23,205.61,155.88,0.13757
6370,14048,58699,30.657,540.76,224.06,0.41408
6371,12682,59983,21.322,621.72,383.54,0.23694
6372,12537,59957,24.714,809.42,440.33,0.29533
6372,13986,59503,32.443,502.11,401.21,0.11169
6372,14004,59438,28.055,229.72,127.48,0.28623
6373,12499,59882,19.986,826.3,442.23,0.30277
6373,12693,58052,22.524,882.03,566.96,0.21744
6375,15034,60476,27.24,306.98,112.35,0.46416
6376,13117,60483,23.729,604.62,139.38,0.62533
6376,15084,60396,35.568,696.29,433.54,0.23255
6377,12532,58455,22.522,735.44,414.42,0.27919
6379,12634,60710,26.322,363.65,110.57,0.53368
6380,12934,60706,36.003,397.66,163.31,0.41777
6380,14880,60494,29.086,459.61,192.75,0.40907
6380,15072,59338,33.369,399.65,328.09,0.098331
6381,13194,59141,35.483,400.27,289.39,0.16078
6382,13069,58922,19.97,784.21,383.01,0.34372
6383,13170,59420,16.656,648.71,399.67,0.23755
6383,13436,60066,28.962,455.61,378.31,0.09269
6384,15008,59454,38.347,338.37,254.19,0.14207
6385,13382,60150,34.683,306.37,184.06,0.24939
6385,14961,60240,23.599,563.3,296.52,0.31027
6385,15075,59237,35.665,347.84,259.85,0.14479
6386,13304,58583,31.701,457.26,455.44,0.0019946
6386,13754,60184,31.72,490.6,236.57,0.34935
6387,13352,58630,25.34,554.34,447.48,0.10667
6388,12639,59217,31.465,174.06,107.33,0.23714
6389,14106,60294,27.017,554.77,221.23,0.42983
6390,13835,59809,19.43,981.15,771.04,0.11991
6390,15380,59441,35.385,923.67,672.55,0.15732
6391,13223,59085,30.233,357.93,165.61,0.36736
6391,13824,59937,21.32,901.88,384.63,0.40206
6392,12959,59615,34.626,550.31,527.3,0.021352
6394,15407,58613,33.535,418.94,121.64,0.54995
6399,13563,60400,25.454,440.33,245.33,0.2844
6400,13262,60245,22.098,1203.6,501.43,0.41182
6400,13305,60457,21.265,1221.8,723.8,0.25597
6401,13270,60501,15.716,877.39,306.43,0.4823
6403,13151,59598,25.705,513.17,255.33,0.33552
6404,13120,59600,30.538,362.84,235.66,0.21249
6404,14163,59297,36.967,262.19,268.19,-0.011324
6406,12973,58640,19.043,1491.4,858.61,0.26928
6406,13196,60246,25.234,507.26,255.62,0.32986
6406,13949,59674,33.645,713.38,516.38,0.16019
6407,12863,57738,26.541,493.85,324.65,0.20672
6407,13086,60476,30.017,815.5,556.85,0.18847
6407,14151,57984,33.01,531.36,456.83,0.075415
6407,14327,59334,33.665,890.97,1228.9,-0.15939
6408,13144,57892,33.629,564.32,235.03,0.41195
6409,14078,57992,22.775,239.1,144.83,0.24553
6410,15335,59534,27.489,770.01,689.03,0.055501
6411,13008,57755,23.784,886.36,390.44,0.38841
6411,14103,58009,24.535,322.39,269.19,0.089925
6411,14415,59387,20.938,308.05,261.91,0.080958
6411,14603,58393,36.21,266.5,117.71,0.38726
6412,14173,57973,36.962,610.69,584.95,0.021531
6412,14577,60502,28.427,316.82,151.37,0.35339
6413,13754,60257,29.237,429.13,197.28,0.37012
6413,14680,60413,33.488,286.79,366.21,-0.12162
6414,13175,59715,34.767,611.56,489.18,0.11118
6415,14239,58067,32.176,473.01,152.88,0.51148
6416,12565,58691,20.907,965.09,648.09,0.19651
6416,13063,59411,19.251,401.29,130.88,0.50813
6416,13379,58619,25.728,329.75,155.78,0.3583
6417,12544,58493,37.017,524.56,448.96,0.077661
6417,12968,59580,22.145,950.36,419.04,0.38799
6417,12959,57998,32.723,425.31,590.96,-0.163
6417,13832,60020,30.559,1006.7,698.46,0.18076
6417,13913,59690,25.586,775.72,296.82,0.44651
6418,12739,59483,30.832,683.2,377.11,0.28868
6419,12767,59524,25.13,815.58,540.29,0.20303
6419,12969,57808,35.446,345.33,361.02,-0.022213
6420,12495,59783,30.959,953.5,441.02,0.3675
6420,12630,59243,31.087,545.82,187.88,0.48785
6421,12457,59217,34.639,581.92,315.24,0.29726
6422,13291,58019,21.542,588.07,256.98,0.3918
6423,13209,60452,20.309,577.5,424.61,0.15257
6424,12921,58347,23.183,574.03,297.76,0.3169
6424,14815,59430,35.715,236.21,195.07,0.095392
6425,13448,60568,26.227,1037.6,513.72,0.33768
6426,13489,60248,26.471,536.9,414.43,0.12874
6428,13320,59878,33.82,934.97,884.06,0.027987
6429,13005,59400,26.38,736.03,343.86,0.36316
6429,15189,60095,33.364,464.69,216.55,0.36426
6430,12962,58784,25.247,1107.5,532.95,0.35025
6431,14315,58922,36.722,453.9,217.68,0.35174
6432,13017,59743,26.64,449.61,238.83,0.30618
6433,13123,58053,18.524,1141.8,589.95,0.31865
6433,13331,59416,29.304,376.73,276,0.15432
6434,12755,59287,17.058,1022.5,654.03,0.2198
6434,13060,58007,18.927,1025.8,600.82,0.26128
6434,14526,60008,30.881,470.8,242.89,0.31933
6435,12686,60205,24.569,556.77,311.66,0.28224
6435,13105,58578,24.259,887.4,407.74,0.37035
6435,13022,59456,29.026,470.66,508.48,-0.038635
6435,14074,58707,18.939,848.75,387.84,0.37273
6435,14319,60273,34.882,454.98,509.44,-0.056468
6435,15311,60289,33.373,272.18,300.75,-0.049865
6436,13252,58742,22.181,664.92,360.28,0.29715
6436,13393,60045,27.169,476.98,285.98,0.25034
6436,14158,58911,17.528,1222,615.18,0.33029
6437,12516,58970,29.769,1260.8,835.18,0.20306
6437,13281,60369,25.508,441.03,345.19,0.1219
6438,13245,60659,21.841,439.62,210.31,0.35282
6438,14464,58757,32.929,400.51,116.9,0.54813
6438,14876,60342,25.234,471.41,336.55,0.16692
6440,13833,59696,31.307,444.49,517.65,-0.076042
6441,12843,58317,29.066,572.32,586.04,-0.01184
6441,14640,60013,28.975,383.59,352.46,0.04229
6442,14586,59824,26.469,543.95,448.74,0.095919
6443,13056,59461,25.842,420.63,260.94,0.23429
6443,14787,59806,35.74,656.26,544.55,0.09303
6445,14205,59822,35.892,574.03,450.94,0.12008
6446,13316,60232,24.39,429.58,240.09,0.28296
6447,13107,59576,29.784,550.07,148.47,0.57492
6447,14634,60304,30.034,503.37,183.63,0.46542
6447,15311,60358,32.746,328.83,132.42,0.42583
6448,14160,58793,19.523,423.27,258.2,0.24223
6448,14214,60426,32.986,349.06,121.53,0.4835
6449,14127,58996,16.914,593.59,249.65,0.40787
6451,13822,58733,27.051,392.96,211.72,0.29973
6451,14806,59213,31.615,140.84,198.58,-0.17009
6451,14841,60470,25.571,746.89,520.72,0.17843
6452,15266,60307,34.413,626.08,278.82,0.38376
6453,12780,58015,37.631,352,318.04,0.050695
6453,12921,59419,33.483,207.91,175.79,0.08373
6454,12699,58002,23.442,530.08,326.93,0.23704
6454,14336,58733,22.974,615.2,228.92,0.45762
6454,14313,59806,39.633,635.95,310.04,0.34452
6454,14958,60225,27.874,298.25,194.3,0.21104
6455,12622,60192,23.654,622.79,481.2,0.12825
6456,14451,58818,27.403,451.54,109.73,0.60899
6456,15401,60037,37.475,466.44,281.76,0.24683
6459,13361,59383,33.414,729.68,400.44,0.29133
6459,14837,59242,24.243,464.87,266.14,0.27186
6460,12708,59133,22.612,750.1,296.97,0.43276
6460,13769,58869,22.88,413.97,164.03,0.43242
6460,14624,59137,21.015,1294.1,775.92,0.25033
6460,15320,60688,31.174,912.09,613.69,0.19557
6461,12685,59153,27.672,719.62,615.37,0.078093
6461,13684,58767,22.159,644.15,422.26,0.20807
6461,14585,59215,29.846,427.2,288.22,0.19427
6463,12926,58179,23.243,1065.6,859.09,0.1073
6463,14777,60249,24.69,423.91,204.88,0.34833
6464,12861,58446,27.051,975.62,720.71,0.15027
6464,14440,59711,26.101,303.36,173.42,0.27254
6464,14776,60184,22.481,789.18,623.97,0.11691
6465,14416,59557,28.037,499.3,411.12,0.096857
6465,14699,58816,38.785,327.88,147.65,0.379
6466,14322,59788,22.475,1215.1,772.85,0.22248
6467,13380,58756,27.233,359.98,158.25,0.38928
6467,14301,59602,19.336,1391,1084.2,0.12395
6468,13202,58716,14.776,532.41,492.07,0.039379
6468,13197,60066,26.454,743.4,351.55,0.35787
6468,14192,59909,21.616,1269.8,2026.3,-0.22953
6468,14228,59543,14.816,454.23,454.16,6.756e-05
6469,13009,58507,37.066,392.99,272.6,0.18087
6469,14222,59506,18.968,574.84,706.86,-0.103
6470,12432,59909,26.79,1091.5,651.95,0.25212
6470,14226,59492,31.886,435.73,193.38,0.38523
6470,14891,60639,26.774,833.88,678.37,0.10283
6473,13006,58252,27.814,498.93,196.51,0.43486
6474,15201,59650,39.495,306.43,242.8,0.11584
6475,12604,59710,20.143,733.85,473.4,0.21574
6476,15224,59627,25.998,453.4,294.94,0.21175
6478,13299,58533,29.981,229.2,114.42,0.33403
6480,12684,58709,18.496,532.48,239.02,0.38038
6480,14081,58729,32.778,709.03,298.44,0.40755
6481,13349,59311,34.077,689.79,513.84,0.14619
6483,12683,58237,21.249,484.34,395.08,0.10149
6483,14980,58084,17.08,1594.7,470.07,0.54468
6484,12642,58072,22.954,471.73,134.2,0.55705
6486,12923,57843,28.291,379.69,161.84,0.40229
6486,15416,58596,29.095,430.12,258.28,0.24962
6487,13146,60114,27.989,347.73,203.4,0.26187
6487,14488,59269,30.337,821.32,518.24,0.22626
6488,14861,59087,31.105,351.86,130.82,0.45796
6489,15341,60601,28.76,564.45,404.37,0.16523
6491,13619,59518,17.886,643.23,369.59,0.27017
6491,14087,57785,35.724,186.04,144.05,0.12719
6491,14528,59606,35.897,348.76,189.5,0.29588
6492,13828,59427,33.311,895.01,663.7,0.1484
6493,12741,58278,37.202,442.88,348.8,0.11883
6493,13710,59724,35.056,264.38,194.18,0.15308
6493,13808,58755,29.825,454.86,250.02,0.29061
6494,12806,60693,32.872,761.79,300.43,0.43434
6494,13504,58615,26.476,248.78,212.84,0.077848
6494,14127,59075,20.495,1036.9,705.81,0.18999
6495,14528,58964,33.524,325.26,212.6,0.20947
6497,14241,59278,23.341,1002,731.72,0.1559
6497,15372,57794,36.179,265.39,156.85,0.25707
6499,13833,59489,22.162,436.94,282.39,0.21485
6501,14337,59707,32.215,289.5,205.74,0.16913
6504,12451,58100,37.075,525.1,305.74,0.26402
6505,13445,58837,17.246,774.27,510.02,0.20575
6506,13313,59022,23.878,653.82,222.27,0.49258
6506,13656,59835,23.153,550.03,429.64,0.12289
6507,13213,58828,26.418,434.36,321.55,0.14924
6507,14375,59228,24.261,414.49,130.57,0.5209
6508,13047,58962,31.879,338.15,142.6,0.40677
6508,13965,60205,24.556,282.59,251.22,0.058761
6508,14369,59161,24.243,556.81,410.91,0.15076
6509,14402,59252,32.583,336.33,182.07,0.29758
6511,14855,60699,33.639,567.84,319.76,0.27949
6513,12967,60027,35.696,241.85,142.2,0.25947
6515,12943,58090,16.534,674.31,348.85,0.3181
6516,14460,58633,38.38,297.11,250.57,0.084987
6518,13185,60479,19.175,555.96,401.16,0.16174
6518,14766,60004,31.847,954.45,599.22,0.22864
6519,13568,59972,29.798,236.13,172.14,0.15673
6520,14975,60442,32.543,620.49,438.34,0.17203
6520,15211,58741,32.008,411.49,325.59,0.11655
6521,12818,60344,25.894,526.75,223.92,0.40342
6521,14037,60404,25.201,435.42,264.06,0.24498
6521,15158,60669,26.75,1071.9,628.97,0.26041
6522,12973,60580,30.833,410.17,366.31,0.056487
6523,13283,60145,17.833,1741.7,1043.6,0.25064
6524,13169,60006,20.303,1172.1,796.83,0.1906
6525,15253,60278,29.704,521.23,365.31,0.17587
6525,15421,59039,32.137,413,224.2,0.29631
6526,13045,57879,25.209,297.34,114.27,0.44476
6526,12983,60686,21.902,751.57,192.89,0.59153
6526,13789,59410,31.034,228.73,194.11,0.081867
6527,12797,60577,21.911,423.91,402.68,0.025679
6527,13195,57929,27.423,964.4,639.38,0.20266
6528,13213,57946,18.064,1777.2,688.13,0.44176
6529,12980,58127,27.402,537.44,386.56,0.1633
6529,12898,58699,27.005,548.01,363.64,0.20223
6531,13010,60239,31.438,371.77,296.31,0.11295
6531,14608,60153,26.163,1296.2,1226.1,0.027787
6531,14784,60178,25.004,862.39,845.6,0.0098288
6532,12552,58875,31.083,605.66,300.48,0.33679
6532,12617,60674,31.714,565.7,376.07,0.20135
6534,12425,58770,32.402,1153.3,446.58,0.44174
6535,12555,58793,28.015,1003.5,787.86,0.12039
6536,13322,59204,26.287,351.89,238.55,0.19195
6538,13723,60333,33.583,849.92,635.47,0.14437
6538,14359,60537,32.11,337.08,207.48,0.23799
6539,13539,60143,19.993,982.38,834.56,0.081354
6539,13984,59252,35.55,276.85,261.86,0.027816
6540,12699,58769,36.774,551.39,485.24,0.063811
6540,13357,60287,34.539,625.08,367.23,0.25984
6540,15038,59196,28.099,1026,448.88,0.39129
6542,12932,60382,24.948,445.86,285.28,0.21963
6542,13606,59490,33.643,744.49,683.41,0.04278
6543,13552,59562,27.117,669.41,675.71,-0.0046859
6544,13376,59478,31.804,311.21,136.92,0.38895
6545,12615,58681,27.688,483.51,195.67,0.4238
6546,12931,58095,26.991,539.34,196.41,0.4661
6547,12467,58212,28.176,895.5,835.38,0.034733
6548,12536,58383,28.736,632.83,149.48,0.61785
6548,14247,59139,21.678,547.55,438.96,0.11007
6549,14897,60434,26.979,381.25,195.9,0.32115
6549,15007,59478,26.185,429.78,318.28,0.14905
6550,12850,59337,29.919,171.77,152.02,0.061011
6551,14509,59656,32.617,464.38,351.22,0.13874
6552,14416,59293,35.287,245.95,192.3,0.12243
6553,14294,57880,31.105,205.96,104.67,0.32607
6554,14073,59556,28.888,565.6,487.53,0.074131
6555,14047,59660,30.197,340.94,147.26,0.39673
6555,14413,58574,24.391,700.44,665.73,0.02541
6556,14390,58542,25.306,655.61,375.2,0.27202
6557,14329,58537,33.962,467.54,179.56,0.44503
6558,12832,58854,30.396,513.37,507.95,0.0053134
6564,15295,59938,25.827,218.72,113.74,0.31575
6565,12788,59136,23.127,784.61,625.95,0.11248
6566,13282,59224,29.961,358.52,249.59,0.17913
6566,15098,60553,29.812,264.14,170.79,0.21462
6567,12511,59009,22.428,763.64,500.96,0.20772
6567,13059,60294,31.405,324.7,529.99,-0.24019
6567,13502,58919,19.664,2009.5,1006.6,0.33251
6567,14201,58893,22.37,756.36,410.92,0.29593
6568,13058,60285,37.346,348.21,795.12,-0.39088
6568,13480,58842,23.209,641.92,176.47,0.56873
6569,13230,60328,31.459,297.25,726.7,-0.4194
6569,14357,58784,46.026,685.94,528.22,0.1299
6570,13012,60169,23.19,1151.3,1574.4,-0.15521
6572,12589,60095,26.59,931.67,640.59,0.18514
6574,13246,60419,19.535,925.24,687.41,0.14748
6574,14725,59881,30.64,302.27,202.82,0.19689
6575,12771,57880,18.828,940.53,695.36,0.14987
6575,13849,59759,34.201,910.26,520.38,0.27252
6576,12502,58299,29.909,479.03,348.16,0.15821
6576,13596,58702,28.045,787.38,559.88,0.16886
6576,13821,59827,25.021,522.3,821.12,-0.22243
6577,12667,58240,33.257,582.77,489.95,0.086524
6578,12507,59613,22.334,1224.7,658.4,0.30073
6578,15114,60030,35.853,414.39,111.95,0.57461
6579,14642,58802,35.635,410.2,222.1,0.29749
6580,13113,59582,20.999,390.35,174.72,0.3816
6580,13860,59713,35.863,512.18,268.46,0.31221
6581,13231,59756,34.351,539.88,311.44,0.26833
6581,13980,59661,30.018,573.73,266.59,0.3655
6581,15369,60109,31.993,313.02,182.37,0.26372
6582,13224,60070,29.019,651.87,451.33,0.18178
6582,14402,59581,16.795,669.02,255.12,0.44788
6583,13014,58963,27.71,538.92,110.47,0.65978
6584,12885,60518,32.963,462.47,210.58,0.37425
6584,15396,59753,33.642,207.41,160.55,0.12734
6585,12632,60325,22.465,864.03,718.71,0.091815
6586,12833,60337,16.888,702.28,358.59,0.32397
6586,13406,58438,28.35,582.88,477.6,0.099283
6586,14497,58372,30.161,218.47,294.07,-0.1475
6586,14901,60355,21.123,482.45,190.13,0.43462
6587,12974,60115,22.307,687.45,370.43,0.29968
6587,14216,60059,32.06,485.83,250.26,0.32002
6587,14430,58464,34.246,225.55,385.11,-0.26129
6589,13754,60387,24.169,579.74,109.46,0.68235
6590,12723,58801,21.595,399.48,161.03,0.42543
6591,14929,59912,33.745,401.4,196.57,0.34253
6593,12437,58184,21.555,340.19,150.67,0.3861
6594,13765,58808,33.65,528.09,669.91,-0.11839
6597,12578,60425,26.878,205.5,274.22,-0.14324
6597,13521,60443,20.224,1092.8,531.87,0.34527
6597,13915,60422,31.653,1140.6,544.73,0.35356
6598,14313,58578,31.409,239.31,151.85,0.22361
6598,15001,60529,26.726,429.72,229.92,0.3029
6599,12750,58232,17.741,390.85,239.48,0.24013
6599,14062,58668,18.446,1123.4,566.46,0.32957
6600,12867,58178,23.006,555.15,606.71,-0.044376
6600,13954,58800,33.112,531.12,342.19,0.21633
6601,12920,58124,17.203,566.45,517.31,0.04534
6601,13361,58763,32.12,332.47,485.96,-0.18755
6601,13417,58786,38.939,308.87,453.98,-0.19023
6601,14517,59312,34.511,189.58,113.76,0.24995
6602,15093,59192,31.923,239.42,107.02,0.38215
6605,13497,58620,27.918,532.42,335.31,0.22716
6606,13474,58724,20.086,759.03,517.95,0.18879
6607,13539,58466,21.334,486.86,353.17,0.15915
6607,13425,59935,25.08,682.53,444.24,0.21148
6607,14321,59067,41.694,366.11,317.75,0.070719
6609,13454,58427,29.243,253.46,157.46,0.23362
6609,13461,60055,30.633,763.47,586.83,0.13081
6610,14492,59210,25.868,598.81,301.79,0.32981
6612,13600,60692,23.99,531.5,466.5,0.065123
6612,15379,60234,31.011,1134,549.6,0.34712
6613,13611,60631,34.482,394.5,356.91,0.050032
6613,14799,60559,21.4,713.99,434.96,0.24286
6616,15291,59750,27.705,533.01,367.83,0.18336
6618,13030,59588,25.675,743.91,417.74,0.28078
6619,12754,59164,25.967,429.72,171.11,0.43042
6619,13705,60646,23.973,417.6,111.33,0.57904
6621,12430,59757,20.089,836.84,338.45,0.42406
6621,15207,58667,25.196,1037.4,935.45,0.051688
6623,12970,59122,21.018,541.85,233.11,0.3984
6624,14120,60309,37.85,258.89,104.95,0.4231
6625,14318,60361,30.229,396.59,221.94,0.28237
6627,12744,57964,20.139,527.83,260.78,0.33864
6636,12446,60533,28.825,837.77,279.35,0.49987
6636,13364,58662,24.93,442.58,129.16,0.54818
6636,14761,59113,24.258,873.57,563.38,0.21587
6637,12675,60310,35.522,436.49,111.82,0.59212
6637,14402,59356,27.654,794.46,356.59,0.3804
6637,15125,59895,27.626,281.31,167.13,0.25464
6638,13404,58840,30.339,346.06,132.33,0.44677
6639,12885,60664,34.356,391.09,233.85,0.2516
6639,13504,58630,17.722,439.34,130.02,0.54327
6640,14978,60334,31.837,300.32,304.45,-0.0068266
6641,14874,60202,28.041,1006.4,641.46,0.22145
6642,13809,59218,30.541,701.22,631.6,0.052234
6644,12768,60478,38.722,478.99,179.16,0.45556
6645,13202,60695,36.019,750.93,418.54,0.28422
6645,14402,58608,22.034,453.07,117.04,0.58942
6646,13204,60721,24.428,331.58,309.32,0.034741
6647,14001,58702,31.563,316.96,255.43,0.10749
6648,13908,59879,21.404,598.85,300.84,0.33123
6648,14008,58737,18.947,646.93,485.59,0.14246
6648,15131,58905,36.027,381.29,250.19,0.20761
6650,13119,59715,22.051,502.78,286.32,0.2743
6650,13871,59326,37.921,666.71,464.5,0.17875
6650,15217,60351,24.944,347.52,250.11,0.163
6651,13893,59863,34.204,301.76,237.68,0.1188
6652,12451,58890,29.816,500.62,151.82,0.53461
6652,12810,58094,30.77,485.75,416.89,0.076284
6652,13907,59761,23.649,539.35,471.75,0.066856
6653,12589,58402,27.404,712.79,568.92,0.11225
6653,13750,59868,18.08,617.98,354.52,0.27091
6653,14095,57944,33.397,169.53,236.71,-0.16537
6654,13684,60277,26.693,250.08,223.35,0.056462
6657,13235,59034,27.837,406.65,199.53,0.34168
6658,13192,58482,33.63,569.68,162,0.55719
6658,14054,57950,31.266,224.07,184.01,0.098186
6659,13360,58342,19.81,984.24,388.79,0.43368
6659,14312,58615,27.242,525.19,383.51,0.15592
6660,12603,58346,35.659,814.58,328.59,0.42512
6661,12969,58986,32.501,318.34,103.45,0.50948
6661,14166,60375,34.654,267.14,110.6,0.41441
6662,12581,58533,26.469,1041.4,530.25,0.32523
6662,13072,58784,35.669,931.79,707.36,0.13692
6662,14758,60568,26.959,467.57,340.24,0.15763
6663,12489,59020,36.217,395.78,123.31,0.52491
6663,12862,58354,26.896,1165.1,685.65,0.25905
6664,12578,59119,24.981,888.08,682.73,0.13073
6664,12770,58068,31.127,436.41,308.69,0.17141
6667,12476,59813,33.155,536.11,241.11,0.37956
6667,14467,60278,30.272,209.83,261.3,-0.10925
6669,15000,60657,25.676,634.08,310.16,0.34304
6673,14147,57852,21.694,323.8,222.22,0.18604
6675,14568,59747,23,524.77,373.26,0.16872
6676,14102,59754,24.805,431.18,270.15,0.22959
6676,15333,59479,28.43,562.15,334.82,0.25344
6677,15300,59548,34.943,414.24,288.47,0.17898
6678,13968,59653,41.6,412.91,408.87,0.0049095
6679,12659,60705,20.523,870.11,417.03,0.352
6679,13850,59023,31.649,493.34,297.54,0.24756
6680,12862,60468,28.523,270.29,197.11,0.15657
6681,12944,60531,29.821,501.48,383.08,0.13384
6681,13204,57729,24.497,1356.7,627.15,0.36774
6681,15003,60628,29.066,402.62,192.83,0.35232
6682,15285,59519,39.708,1008.2,581.61,0.26834
6683,13873,58507,29.897,687.42,349.8,0.3255
6686,12742,57885,18.67,463.99,208.96,0.37896
6686,13381,58616,22.121,395.34,238.81,0.24684
6688,13534,58211,28.848,309.55,127.48,0.4166
6690,12899,60578,30.974,357.94,375.29,-0.023662
6691,14485,59414,30.606,479.62,382.82,0.11224
6691,15019,60366,28.489,249.61,299.73,-0.09125
6692,14448,58981,21.873,686.66,548.12,0.1122
6697,15000,59326,29.057,294.54,170.22,0.26749
6699,15056,59445,34.661,475.18,382.76,0.10772
6700,12422,60276,30.3,324,234.36,0.16055
6701,14168,60296,30.162,753.62,670.42,0.058428
6702,14059,60312,22.615,1052.6,506.84,0.34997
6703,13179,60653,26.745,475.32,199.58,0.40857
6703,15382,58240,32.048,503.92,450.96,0.055462
6704,14146,59734,24.763,546.13,515.95,0.028413
6705,12659,60109,20.183,544.09,302.41,0.28551
6706,13715,59947,24.172,455.16,367.6,0.10641
6708,13408,60372,26.211,400.21,153.92,0.44447
6708,13942,59742,30.995,905.29,660.56,0.15629
6709,13891,59946,24.546,762.62,472.47,0.23493
6710,12810,58610,33.113,435.63,276.24,0.2239
6710,13938,60398,28.942,601.87,471.26,0.12172
6711,14261,59309,23.809,949.83,514.59,0.29721
6712,13820,59708,27.254,704.61,572.11,0.10378
6712,14053,59366,31.725,611.67,317.08,0.31719
6712,14421,60456,31.539,253.1,157.09,0.23406
6714,14239,59382,19.904,890.75,169.36,0.68048
6715,13225,58025,23.632,654.09,227.32,0.48419
6715,13603,60565,21.034,1296.4,1708.7,-0.13721
6715,15342,59600,33.701,809.69,672.47,0.092583
6716,13134,58126,24.636,529.68,311.12,0.25994
6716,14253,57790,37.182,324.31,202.61,0.23097
6720,15282,59431,27.849,365.96,227.15,0.23404
6725,13096,60491,22.815,640.48,171.82,0.57695
6726,13104,58042,26.547,700.48,555.61,0.11533
6727,13208,58121,15.576,1075.6,793.63,0.15086
6727,14997,59589,26.039,544.51,451.99,0.092854
6728,13176,58212,21.226,525.94,270.74,0.32033
6728,14617,59931,34.983,881.98,1004.5,-0.064944
6728,15073,60429,39.477,647.69,475.44,0.15336
6729,13217,57967,39.461,341.88,267.77,0.12156
6730,14591,59338,31.112,1647.8,1029.1,0.23113
6730,14886,59335,31.944,904.48,465.3,0.32062
6731,14822,59088,25.779,653.51,509.31,0.12401
6732,12628,57787,16.373,443.55,365.47,0.096512
6732,14744,59789,34.694,223.97,239.19,-0.032862
6734,12846,57837,29.104,421.23,193.42,0.37063
6737,12784,59964,31.466,540.8,504.23,0.034995
6738,12845,60019,36.926,704.09,583.79,0.093413
6738,13725,59650,26.602,348.85,121.88,0.48217
6739,13440,59017,18.119,769.53,330.31,0.39935
6740,14104,60523,35.563,319.28,164.09,0.32106
6740,14983,60267,26.905,589.63,388.65,0.20544
6741,12947,58433,30.039,607.56,472.56,0.12499
6741,13744,60654,27.353,272.56,226.58,0.09212
6743,12635,59374,30.249,511.33,395.72,0.12745
6743,13740,59420,14.22,504.58,121.54,0.61177
6744,14263,58891,28.052,651.94,456.83,0.17597
6747,12590,59409,35.951,560.16,429.07,0.13252
6747,13177,60538,38.293,779.6,607.53,0.12405
6748,14542,60360,27.258,272.54,146.75,0.3
6749,12742,57978,23.991,934.79,680.39,0.15751
6750,12892,59945,31.21,414.88,283.21,0.18861
6750,13496,60092,22.638,302,175.62,0.2646
6751,12430,59235,23.057,1082.8,1136.2,-0.024088
6751,13552,59944,29.279,382.94,376.15,0.0089386
6754,13400,58951,33.85,577.86,418.86,0.15953
6754,13494,58267,21.146,488.91,289.94,0.25546
6754,14619,59121,31.545,738.35,676.03,0.044061
6755,12959,59740,25.577,662.11,279.19,0.4068
6757,12522,57909,32.568,630.86,513.18,0.10287
6762,14090,59043,23.617,308.41,188.85,0.24043
6764,12914,59485,25.533,251.92,153.8,0.24185
6764,14589,60396,31.319,162.17,161.47,0.0021805
6766,12870,59499,29.438,277.09,157.45,0.27533
6767,12508,57919,42.962,174.95,220.92,-0.11612
6768,12607,57860,15.074,1309.2,655.63,0.33262
6769,12652,59952,31.084,707.57,575.28,0.10312
6769,12803,57918,16.86,553.69,101.37,0.69051
6770,13416,59313,34.298,638.66,271.59,0.40326
6771,14452,59371,31.052,547.25,343.26,0.22908
6772,14571,59133,25.947,531.49,184.22,0.48521
6773,14958,58287,19.121,453.34,303.3,0.19829
6774,14753,59187,29.606,300.66,215.15,0.16578
6774,15131,60685,29.602,677.2,449.94,0.20162
6775,13672,59693,27.612,494.6,227.37,0.37014
6776,15322,60486,28.864,680.82,335.74,0.33946
6780,12996,60704,25.343,519.15,385.41,0.14785
6781,12763,60451,26.876,1006.4,338.7,0.49641
6782,13025,59981,36.854,995.82,600.42,0.24771
6783,14295,59187,17.516,498.17,289.18,0.26544
6784,12649,60321,27.572,337.29,348.46,-0.016293
6784,13081,57829,27.012,421.03,160.83,0.44719
6785,13168,59889,30.086,386.09,205.87,0.30445
6785,13278,57764,26.217,945.01,542.03,0.271
6785,14861,60355,27.897,844.51,692.48,0.098914
6786,12867,60662,29.174,260.15,180.5,0.18077
6786,13488,58264,34.738,843.65,362.03,0.39946
6786,14037,60158,34.73,350.61,130.35,0.45796
6787,13152,60691,29.642,541.55,431.44,0.11317
6787,13442,58961,27.877,389.23,291.87,0.14295
6787,13861,59677,33.093,588.51,333.86,0.27608
6787,14275,59346,25.964,675.92,194.08,0.55384
6788,13277,58807,35.127,626.51,342.22,0.29346
6788,14182,59362,27.869,594.45,424.21,0.16713
6789,13010,60583,22.709,554.82,229.78,0.41427
6789,14193,58781,32.078,516.97,405.17,0.12124
6789,14527,59315,19.685,1120.4,717.12,0.21948
6790,14368,58589,23.851,812.79,514.87,0.22439
6791,14441,58706,23.218,393.33,248.47,0.22572
6791,14708,59142,33.042,420.22,263.03,0.23006
6791,15160,60418,34.264,387.19,247.64,0.21983
6792,13723,59808,37.016,401.26,311,0.12672
6793,12612,60639,24.228,477.36,396.08,0.093054
6793,13617,59831,25.703,461.25,239.61,0.31625
6793,15114,60273,31.753,442.67,146.94,0.50158
6794,13724,59598,28.432,368.32,380.53,-0.016305
6795,12611,60309,29.485,413.54,125.42,0.53458
6795,13237,58741,21.585,688.74,430.31,0.23094
6797,15064,60470,24.434,633.49,278.32,0.38952
6798,12953,59813,35.009,354.74,150.69,0.40372
6799,14371,59051,33.755,646.62,219.13,0.49379
6801,13101,60383,34.635,489.89,463.68,0.027484
6801,13370,60304,37.48,1083,676.98,0.23072
6801,13869,59389,36.185,437.96,315.15,0.16306
6801,14327,60271,24.182,795.55,618.03,0.12558
6801,14952,60391,30.925,357.44,298.37,0.090072
6802,13206,60291,19.509,703.89,397.54,0.27814
6802,14210,60439,34.263,386.17,210.97,0.2934
6802,14836,60263,20.491,378.84,214.11,0.27782
6802,15319,58427,30.594,555.63,511.07,0.041772
6803,13615,60109,22.939,487.17,353.97,0.15836
6803,14766,60463,30.813,172.92,114.72,0.20232
6804,13893,59948,34.022,355.27,220.45,0.23417
6805,12813,60642,33.664,507.61,198.3,0.43818
6805,14363,58631,32.063,532.64,366.71,0.18449
6805,15036,59456,36.449,383.04,308.51,0.10777
6806,12864,59371,34.482,468.72,243.53,0.31617
6807,13479,59491,27.888,395.45,269.08,0.19016
6809,14208,60314,26.741,863.22,503.6,0.26311
6810,12682,59723,33.335,346.22,112.26,0.51029
6810,15191,59647,36.267,234.11,187.87,0.10958
6811,12715,59889,27.758,368.92,340.79,0.039625
6812,13398,60424,30.142,443.82,219.06,0.33906
6812,13990,59889,36.795,305.77,444.59,-0.185
6813,13411,60362,31.597,424.32,278.99,0.20662
6813,14150,59978,24.947,281.54,405.39,-0.18029
6815,13231,59705,29.117,519.43,137.98,0.58022
6816,13451,60483,27.637,679.62,426.87,0.22843
6816,15264,60713,27.366,238.5,105.43,0.38691
6817,13247,60464,24.036,687.36,576.15,0.088014
6819,13298,58187,29.678,402.17,108.73,0.57436
6819,13257,60569,36.269,198.32,361.16,-0.29107
6819,13705,58677,27.004,787.96,557.32,0.17145
6820,13399,59007,20.268,795.33,412.38,0.31708
6821,13297,59141,25.301,633.34,569.27,0.05328
6822,12886,59972,35.423,281.47,179.41,0.22145
6822,13391,58971,25.416,950.14,592.12,0.23214
6822,13429,59082,28.597,1000.2,609.06,0.24304
6824,12756,58928,35.263,1228.9,792.85,0.21567
6824,13792,59725,24.977,696.39,545.49,0.12151
6825,12854,58837,18.906,610.25,331.92,0.29542
6825,15128,60373,33.45,498.55,215.85,0.39571
6826,12464,57890,31.878,517.91,308.1,0.25401
6826,15070,60233,35.258,846.37,852.33,-0.0035126
6826,15130,59259,24.009,307.59,123.15,0.42819
6827,12834,58672,27.936,690.67,521.63,0.13943
6828,12656,58741,31.657,558.11,382.98,0.1861
6829,12591,59768,34.671,198.38,102.09,0.32047
6829,14166,57822,34.773,275.14,262.31,0.023872
6830,12446,59513,33.092,270.8,177.16,0.20904
6830,15411,59408,35.988,451.67,294.95,0.2099
6831,12521,59588,34.079,615.63,417.92,0.19129
6834,14994,60213,25.476,462.27,352.94,0.1341
6837,13563,60461,27.315,506.96,234.39,0.36767
6838,13119,59700,24.814,671.92,424.56,0.2256
6839,13046,59743,32.739,389.57,228.09,0.26144
6840,13058,58447,37.985,239.55,210.47,0.06461
6840,14437,58582,23.788,346.66,224.84,0.21316
6842,14974,59417,26.088,543.42,418.36,0.13003
6844,12689,57971,17.772,1436.8,526.78,0.46346
6844,12965,58622,28.36,767.44,457,0.25354
6846,12795,58481,25.254,493.09,191.94,0.43961
6846,14672,58971,23.667,370.05,263.99,0.16727
6847,12859,58507,24.535,440.98,433.39,0.0086782
6847,15249,59634,29.33,508.98,441.64,0.070841
6848,12780,58447,20.35,1562.1,1137.2,0.15743
6849,12498,58724,37.365,327.99,253.63,0.12784
6849,12767,58054,27.577,320.18,184.62,0.26855
6849,13343,58853,16.296,915.89,481.69,0.31068
6849,14555,58825,25.597,415.31,263.07,0.22441
6849,15185,59221,35.34,283.84,202.68,0.16681
6850,12492,58585,32.987,927.74,641.15,0.18267
6851,13284,60696,32.503,755.72,746.23,0.0063242
6851,14604,58917,30.911,454.29,555.87,-0.10056
6852,14351,59333,24.223,451.02,443.87,0.0079906
6853,14433,58692,34.411,381.53,294.53,0.12868
6854,14478,58678,23.393,399.34,126.97,0.51751
6855,14653,59020,20.076,297.77,205,0.18451
6857,13117,60241,27.904,258.6,367.79,-0.17431
6857,14486,60450,33.555,311.96,358.64,-0.069611
6858,12928,58980,37.491,120.94,145.23,-0.091274
6859,13496,60413,30.117,229.85,244.29,-0.030444
6860,12517,58561,22.981,651.86,420.23,0.21605
6860,13820,60601,32.58,785.46,718.98,0.044187
6860,14903,60276,28.722,803.86,573.11,0.16758
6861,12532,58223,25.41,702.52,599.39,0.079212
6861,15030,60293,25.363,464.44,409.87,0.062419
6862,12470,60378,26.935,732.57,304.87,0.41226
6862,15024,60606,22.025,211.32,131.57,0.23257
6863,14468,59239,28.916,624.51,255.03,0.42008
6863,14591,59937,31.187,844.03,580.64,0.18487
6864,12519,60168,17.006,1375,682.23,0.33674
6864,12603,58781,32.992,363.55,267.19,0.15277
6864,12997,57955,34.251,734.5,513.73,0.17687
6864,14713,59363,37.262,401.68,140.15,0.48269
6864,14826,60197,15.581,1246.8,528.64,0.40451
6865,14968,60240,28.403,589.6,270.42,0.37113
6866,12463,60679,34.944,434.6,392.21,0.051264
6867,15373,60393,31.221,363.47,224.23,0.23693
6868,12650,60384,29.945,626.47,499.15,0.11312
6870,12842,59962,26.123,326.87,476.02,-0.18577
6876,13474,58416,35.128,391.91,332.01,0.082744
6876,14138,58632,29.585,438.06,212.42,0.34688
6876,15392,60170,31.077,900.88,436.43,0.34731
6878,14984,60049,28.755,1056.6,853.84,0.10614
6881,15154,60436,26.499,357.03,103.67,0.54995
6882,13075,57757,22.132,355.34,154.41,0.39419
6882,14418,58641,33.567,155.37,436.99,-0.47541
6882,15065,60182,21.995,557.78,332.6,0.2529
6883,12972,57898,18.82,1030.3,633.6,0.2384
6883,14460,58574,18.746,301.84,498.87,-0.24608
6883,14929,60242,28.659,464.51,443.86,0.022734
6884,13405,59997,28.873,606.4,343.06,0.27736
6884,14690,60179,32.453,404.74,361.34,0.056662
6885,13252,60025,35.835,319.81,209.67,0.20801
6885,15052,60318,26.353,1076.9,594.32,0.28875
6886,12620,58559,26.23,763.49,561.7,0.15227
6886,12569,60496,36.451,306.21,145.51,0.35576
6886,13451,60037,26.631,670.03,429.31,0.21897
6886,14156,58631,25.735,1133.7,1338.8,-0.08293
6886,14165,58623,25.817,1041.1,1235.4,-0.085334
6888,12497,58123,24.563,491.76,420.52,0.078091
6889,12707,58519,26.524,751.57,675.68,0.053177
6889,13660,59515,30.428,424.91,309.87,0.15656
6889,14376,58506,34.797,361.43,505,-0.1657
6890,13169,60598,28.551,268.63,180.11,0.19726
6893,12963,57760,23.582,490.68,284.55,0.2659
6893,15132,59548,33.575,292.68,296.02,-0.0056691
6894,13155,57827,22.329,834.82,349.45,0.40984
6894,13773,59459,31.787,277.49,160.51,0.26709
6899,15151,59370,36.774,468.69,136.33,0.54934
6900,13835,59376,30.903,277.33,216.46,0.12326
6901,14109,57912,18.385,789.04,471.09,0.25231
6901,14078,58762,19.903,1199,754.17,0.22773
6903,13252,58828,21.247,800.21,427.57,0.30351
6904,13795,60398,33.318,382.25,304.73,0.11283
6905,14601,59693,33.757,473.83,341.68,0.16205
6906,12652,60664,37.139,329.56,271.59,0.096434
6906,14532,60577,30.201,710.81,394.58,0.28608
6907,14679,60631,23.462,245.6,149.61,0.24289
6910,12438,60714,35.257,382.33,308.13,0.10746
6910,13001,59326,26.19,357.83,199.93,0.28309
6910,14489,60249,36.791,272.29,119.42,0.39027
6911,12928,59607,31.866,405.67,198.78,0.34228
6911,13921,59363,21.486,347.32,391.69,-0.060052
6911,15385,60422,35.187,422.78,312.93,0.14932
6912,12686,60619,23.183,647.95,280.76,0.39537
6914,13472,59455,37.249,211.76,125.45,0.25595
6914,13691,58430,27.234,470.67,508.25,-0.038395
6917,13422,60698,21.121,820.86,494.14,0.24846
6917,13838,58481,31.298,389.72,206.52,0.30725
6917,13947,59280,32.484,340.48,487.93,-0.17798
6917,15018,60128,31.884,273.47,267.5,0.011042
6918,13902,59271,11.551,556.68,468.65,0.085857
6918,14923,60222,26.351,369.03,258.94,0.1753
6919,12841,59435,29.09,441.33,410.34,0.036382
6919,13913,59135,12.471,716.38,668.15,0.034832
6920,12686,59552,32.954,601.62,569.7,0.02725
6920,13919,59147,13.018,851.47,736.16,0.072632
6920,14344,58694,36.243,372.01,200.37,0.29988
6920,15018,60393,31.808,182.35,157.31,0.073722
6921,12497,58591,30.211,317.97,194.2,0.24166
6921,14218,58691,26.199,752.93,449.17,0.25269
6924,14190,59014,29.824,975.71,497.6,0.32452
6925,12682,58603,21.836,1166.3,712.6,0.24146
6925,14176,59127,20.933,729.31,558.71,0.13245
6925,14373,59833,30.195,615.67,426.12,0.18195
6926,12784,58717,20.017,934.04,767.56,0.097835
6926,14366,59110,28.263,451.68,353.15,0.12243
6927,12578,58509,26.377,526.64,175.57,0.49994
6927,13519,58950,28.121,409.35,401.81,0.0092934
6927,14232,59054,25.137,364.01,216.13,0.2549
6928,12461,58538,26.528,594.57,346.29,0.26388
6931,13164,58496,24.633,306.52,334.58,-0.043757
6932,12506,60181,23.338,459.92,370.13,0.10817
6932,13157,58312,18.754,734.27,374.71,0.32422
6932,13856,58515,23.672,444.63,171.47,0.44337
6933,13110,58092,26.708,462.14,154.2,0.49963
6934,13588,60364,32.085,438.88,203.44,0.36655
6934,14918,59454,23.799,1072.3,724.7,0.19345
6936,15397,59122,28.808,869.05,822.52,0.027507
6937,14423,59102,34.751,265.61,253.99,0.022378
6938,12589,57803,37.943,1002.6,698.27,0.1789
6938,13105,57869,21.856,995.02,495.58,0.33506
6938,14103,58700,30.755,213.84,190.97,0.056481
6938,14561,59574,32.125,242.49,122.53,0.32866
6939,12806,57910,30.844,844.69,191.98,0.62963
6939,14586,58964,25.21,343.89,247.76,0.16249
6940,15322,59584,31.926,442.16,322.66,0.15625
6942,14091,58778,33.94,285.49,218.12,0.13377
6943,14884,60188,29.024,257.65,122.08,0.35702
6945,12679,57839,21.998,1118.8,420.46,0.45368
6945,15365,59363,19.744,570.98,151.63,0.58033
6946,12499,59715,18.86,512.38,211.54,0.41556
6947,12458,58840,22.976,804.84,552.71,0.18572
6947,13236,59251,26.129,290.71,153.15,0.30992
6947,13936,59882,39.671,472.01,183.44,0.44025
6948,12576,58794,20.536,921.67,280.44,0.53341
6948,15012,59359,30.071,459.91,286.29,0.23268
6949,12521,58574,23.696,534.13,273.55,0.32262
6949,14104,59672,31.312,543.03,440.16,0.10463
6949,15347,59368,39.582,568.74,438.89,0.12887
6950,13509,58837,19.73,656.68,398.68,0.24446
6951,14461,58583,16.936,698.28,295.24,0.40567
6952,14475,58629,24.321,858.01,489.41,0.27356
6953,12495,58656,36.052,816.95,679.01,0.092209
6954,12908,60621,31.661,445.23,276.77,0.23332
6954,13266,58836,37.462,442.12,326.81,0.14996
6955,12894,60079,24.294,481.78,135.87,0.56003
6955,14590,58728,23.785,471.7,171.54,0.46663
6956,12855,60291,34.909,444.36,402.46,0.049479
6960,14432,58765,34.74,453.35,286.27,0.22589
6961,12467,60134,26.773,758.41,180.14,0.61613
6962,12656,60176,31.069,598.36,418.11,0.17733
6962,13152,58059,22.762,600.9,211.38,0.47955
6963,13100,60607,30.978,284.22,117.82,0.41389
6963,13754,58564,28.56,443.39,272.63,0.23848
6964,13789,58591,25.877,967.71,638.04,0.20531
6965,13747,58660,24.535,440.88,213.47,0.34752
6967,13616,58576,32.904,608.89,608.56,0.00027072
6967,14912,59351,34.322,661.81,604.57,0.045194
6967,15144,59311,35.192,363.13,320.71,0.062031
6968,14918,59273,21.328,542.36,267.41,0.33954
6969,13127,59320,33.159,457.36,238.34,0.31483
6969,14892,59254,28.744,372.39,281.84,0.1384
6971,12630,59920,28.462,809.52,436.97,0.29888
6971,13073,59951,29.61,840.94,371.64,0.38702
6972,13267,60223,23.364,741.22,473.27,0.22063
6973,12955,58319,16.872,584.97,244.84,0.40989
6974,13314,58481,20.215,531.65,115,0.64432
6975,12966,58743,22.693,841.57,513.97,0.24168
6975,14175,59545,37.447,180.73,158.36,0.065979
6979,12923,59572,38.93,257.65,228.57,0.059805
6980,14427,59585,31.133,281.05,128.12,0.37377
6983,12669,58593,32.809,478.38,436.95,0.045268
6984,12781,58996,22.85,747.54,228.73,0.53142
6984,12824,59295,35.53,1145.7,643.44,0.28073
6984,15211,60352,32.67,318.01,294.41,0.03854
6985,13061,58926,31.207,911.62,524.62,0.26945
6985,12966,59454,36.054,593.58,239.33,0.42531
6985,13149,58068,24.769,844.11,390.02,0.36795
6986,13065,59506,30.779,388.93,301.65,0.12639
6986,13109,58087,21.148,957,557.15,0.26408
6987,13018,59280,37.198,413.09,151.34,0.46374
6987,13381,58239,22.511,829.3,581.91,0.1753
6987,14119,60346,32.753,323.35,153.91,0.35502
6988,13210,58293,24.684,532.62,257.05,0.34897
6989,12539,58547,27.178,675.02,478.06,0.17081
6990,12424,57897,28.436,682.22,420.26,0.23761
6990,13912,59790,26.284,782.04,726.71,0.036674
6991,13455,59158,33.831,203.47,186.37,0.043864
6992,13239,60061,27.568,513.43,310.56,0.24621
6993,13536,60704,35.154,329.4,282.4,0.076813
6994,12602,59021,20.802,719.45,273.61,0.44895
6994,13650,60404,38.349,249.75,224.15,0.054017
6995,12540,58971,31.817,303.32,107.15,0.47793
6996,12793,58936,22.681,616.27,353.75,0.27064
6996,13828,60099,38.268,695.93,287.31,0.41559
6997,12706,58814,29.166,393.42,155.54,0.43333
7000,14628,59680,31.715,210.27,116.01,0.28889
7001,14650,59703,33.314,226.74,219.08,0.017182
7001,14872,60411,31.234,205.41,106.64,0.31651
7002,13105,59001,32.993,353.47,133.51,0.45169
7002,15325,58773,38.296,386.94,265.64,0.18587
7003,13216,58965,26.264,520.95,237.95,0.3729
7006,12484,60579,38.242,363.78,359.86,0.0054188
7009,12535,57942,24.916,971.86,734.17,0.13932
7009,13596,60115,33.327,412.53,126.46,0.53074
7010,15028,60384,25.421,617.2,421.25,0.1887
7012,12855,59320,28.55,289.6,109.93,0.44972
7013,12764,59619,26.407,418.15,315.78,0.13948
7014,12821,59840,26.964,469.59,277.86,0.25651
7015,12664,58340,14.052,631.41,586.66,0.036744
7015,13929,59909,34.367,445.28,379.37,0.079924
7016,12701,58300,31.242,368.44,212.69,0.26801
7016,13217,59855,29.272,344.45,127.92,0.45838
7017,12855,58409,34.427,789.84,410.08,0.31649
7017,14129,59393,21.687,341.81,324.19,0.026464
7021,12849,58187,26.507,546.81,173.32,0.51864
7021,13826,58734,29.3,678.33,654.22,0.018094
7022,13044,58636,29.596,581.76,509.95,0.065775
7022,14283,60562,26.834,569.72,214.6,0.45278
7023,12852,60258,30.741,503.47,471.87,0.032397
7023,14348,60602,25.878,642.69,288.26,0.38072
7024,14274,60527,32.344,938.34,770.57,0.098177
7027,12978,60373,26.515,836.95,649.7,0.12595
7027,14186,59360,16.962,796.44,434.65,0.29388
7028,12552,58761,22.176,1013.5,507.13,0.33299
7028,14157,59383,27.202,776.34,462.42,0.25341
7029,14119,59244,32.844,1050.1,385.05,0.46338
7030,12931,59338,30.162,497.94,335.21,0.19532
7030,14314,59220,24.44,582.2,309.94,0.30517
7031,13300,60322,22.936,555.72,289.89,0.31436
7031,13745,58624,21.819,404.94,318.4,0.11965
7033,14521,58473,21.841,677.66,334.35,0.33924
7033,14937,60344,31.482,231.58,136.57,0.25806
7034,14436,58589,14.332,1136.7,691.8,0.24331
7035,14200,57863,26.408,284.83,209.88,0.1515
7035,14585,58679,30.742,340.15,235.57,0.18165
7035,14825,60121,36.677,472.03,354.46,0.14226
7036,14447,60181,28.61,462.89,282.55,0.24193
7036,14812,59359,37.098,674.31,278.54,0.41536
7036,15283,58908,38.031,241.59,213.88,0.060849
7037,13732,60702,30.296,321.6,166.27,0.31837
7037,15232,58598,24.74,763.29,441.08,0.26753
7039,12663,60192,27.649,325.53,208.3,0.21959
7039,14138,60143,28.346,546.5,160.83,0.54526
7039,14969,58530,14.894,706.35,108.6,0.73348
7040,12523,60061,18.131,734.9,497.64,0.19249
7040,13042,58730,25.968,875.73,467.92,0.30351
7041,12753,58629,26.022,533.21,404.1,0.13775
7042,12863,58125,26.184,747.88,434.83,0.26469
7044,12588,59767,23.857,460.91,273.9,0.2545
7044,12661,58544,28.816,355.23,289.17,0.10251
7044,13179,58116,26.728,457.38,216.29,0.35788
7046,12931,59866,22.52,749.55,347.29,0.36674
7046,14219,57835,26.92,545.57,829.8,-0.20666
7047,12994,59974,16.198,706.46,377.11,0.30395
7048,12544,57880,22.251,729.47,332.64,0.37363
7048,12859,60015,21.16,785.04,479.78,0.24135
7048,15082,60164,35.631,302.77,144.89,0.35269
7049,12731,59989,14.067,1043.8,630.97,0.2465
7050,14317,60651,27.303,577.91,228.45,0.43338
7051,14474,58368,36.144,352.69,396.9,-0.058984
7052,14455,58481,31.483,179.98,106.5,0.25647
7053,14507,58529,23.342,449.94,366.79,0.10181
7055,14543,58521,30.485,345.54,175.71,0.3258
7056,13999,59875,28.495,251.56,294.21,-0.078149
7057,12801,58070,17.948,723.29,283.44,0.43691
7058,12751,58222,28.755,325.32,242.03,0.14682
7058,13521,60273,30.926,483.22,369.04,0.13397
7060,12675,58298,40.967,613.39,312.09,0.32557
7060,13716,58593,24.811,489.25,289.41,0.25664
7060,14984,60224,27.862,388.57,158.32,0.42101
7061,14084,58993,19.25,665,341.87,0.32092
7062,13903,58789,33.867,458.44,563.78,-0.10306
7063,14384,58562,34.151,336.81,195.3,0.26594
7064,13103,58075,21.444,551.6,192.17,0.48325
7065,12691,60411,30.812,606.2,403.07,0.20127
7065,13697,59046,36.007,487.45,522.89,-0.035073
7066,14562,59641,31.842,290,109.29,0.45256
7067,13385,58490,22.006,1555.6,602.14,0.44188
7068,14954,60427,22.147,506.38,306.75,0.24551
7069,12948,57847,31.977,304.43,103.64,0.49206
7069,13774,60089,26.84,447.72,281.17,0.2285
7069,15012,60301,27.171,402.7,291.66,0.15993
7070,14139,58668,26.622,326.44,393.89,-0.09363
7073,12879,59363,32.066,348.68,328.8,0.029346
7074,15250,59629,36.732,478.04,509.67,-0.032022
7076,15199,60431,29.455,526.79,406.84,0.12848
7077,14568,59718,23.047,407.62,373.78,0.043308
7078,14568,59766,19.488,546.76,225.83,0.41539
7078,15011,60391,24.36,327.06,256.47,0.12097
7079,13084,59680,24.445,973.7,757.85,0.12466
7081,13338,59699,25.585,496.74,273.97,0.28903
7082,13598,60589,38.244,419.9,212.19,0.32862
7082,14351,58889,29.149,718.45,461.78,0.21747
7082,14642,59698,19.69,458.08,281.17,0.2393
7082,15276,60333,22.359,436.57,339.12,0.12563
7083,14603,59709,15.096,510.81,228.28,0.38228
7084,14583,59726,34.172,260.93,103.18,0.43324
7085,14439,59072,35.862,651.43,414.63,0.22213
7087,13217,60420,22.248,793.09,424.58,0.30263
7087,14602,59664,17.84,505.87,175.15,0.48563
7088,13008,60188,27.221,892.3,530.2,0.25455
7088,14577,59668,19.269,636.93,386.3,0.24494
7089,15311,59424,31.963,607.68,316.57,0.31496
7090,12842,60066,34.043,929.54,714.02,0.13113
7090,14614,59782,22.205,299.68,104.34,0.48351
7090,15261,60521,33.244,474.98,324.38,0.18839
7091,12713,58116,20.66,383.33,270.12,0.17324
7092,12525,57954,17.467,1435.2,818.86,0.27343
7092,12886,59450,27.087,435.72,249.57,0.27164
7092,12996,60334,21.216,696.95,230.83,0.50241
7092,13758,58381,21.664,704.06,415.23,0.25805
7092,14159,57888,33.041,197.59,167.75,0.081685
7092,14381,60380,33.165,548.11,273.63,0.33402
7092,15250,60450,27.068,337.33,231.39,0.18627
7093,12443,58009,25.884,1248.2,1014.7,0.10316
7093,12722,59152,19.103,849.94,475.8,0.28221
7093,13192,60505,27.325,744,331.99,0.38291
7093,14334,59482,35.035,413.15,406.94,0.0075744
7094,12900,59104,18.42,779.48,427.21,0.29193
7095,13428,60422,30.671,583.71,490.4,0.086871
7096,13454,60624,28.256,523.44,474.04,0.049524
7097,12893,58194,12.833,514.69,139.6,0.57328
7098,13554,60153,18.389,971.19,651.99,0.19665
7098,14253,58312,32.948,230.38,157.04,0.1893
7100,13067,57908,23.61,383.29,217.38,0.27621
7100,13790,58505,24.098,505.78,303.93,0.24928
7100,15014,59389,29.353,262.6,212.38,0.10571
7101,14239,58990,34.671,649.76,379,0.26319
7101,14218,59084,31.043,875.85,652.17,0.14638
7101,14832,59383,39.694,654.58,261.38,0.42928
7101,15337,59616,30.708,598.42,223.33,0.45645
7102,14245,58761,24.848,467.94,236.28,0.32896
7102,15377,59605,30.061,299.8,273.35,0.046142
7104,12915,58948,35.127,395.54,362.67,0.04334
7105,12593,60074,32.622,756.84,506.1,0.19854
7105,13993,59103,32.429,265.47,108.23,0.42078
7106,15202,59693,37.978,182.54,114.16,0.23048
7107,12438,59776,32.281,482.07,386.52,0.11001
7107,13549,58987,25.536,571.71,320.99,0.28086
7108,13285,59086,25.696,482.48,365.38,0.13811
7109,14636,59583,23.238,408.04,207.93,0.32486
7110,13453,58459,34.761,669,527.96,0.11784
7110,14916,59555,30.912,346.74,218.52,0.22683
7111,15230,60486,31.113,845.07,800.01,0.027389
7112,14246,59170,30.077,986.09,604.34,0.24003
7113,14330,59077,29.763,1020.3,724.11,0.1698
7113,14426,59515,31.707,532.24,370.37,0.17933
7113,15201,59650,27.36,289.98,153.65,0.30731
7114,13899,58410,29.318,1172.8,662.58,0.27797
7115,12587,59803,24.268,530.38,345.49,0.21109
7115,15285,59511,27.168,342.97,143.91,0.40883
7118,12563,60613,21.316,676.98,440,0.21217
7118,14124,59672,33.112,432.41,150.48,0.48367
7119,12471,59982,27.575,365.58,120.54,0.50408
7120,14206,60095,35.383,821.79,457.7,0.28456
7121,14703,59631,26.004,529.35,259.51,0.34206
7122,15011,59942,33.339,228.95,164.67,0.1633
7123,12749,58122,32.051,161.04,158.74,0.0071992
7124,13490,58783,24.639,523.92,207.03,0.43353
7125,13409,58380,23.158,829.67,436.09,0.31094
7126,13095,58439,19.029,832.05,422.86,0.32607
7126,13516,58977,34.233,301.95,145.59,0.34937
7126,14420,59600,34.678,451.23,305.97,0.19183
7129,12827,58099,27.314,1257.6,851.18,0.19274
7129,13206,58400,26.863,365.82,205.34,0.28097
7129,14775,57929,37.09,119.84,128.26,-0.033934
7130,12651,58874,30.931,571.25,423.93,0.14803
7132,13051,60612,31.535,564.61,288.18,0.32416
7133,13145,59336,31.647,400.21,279.04,0.1784
7134,13192,59441,27.26,667.5,553.81,0.093086
7134,14032,59139,32.082,997.14,1065.6,-0.033177
7134,14677,59579,24.177,463.15,242.87,0.31199
7135,14163,59218,26.357,721.59,693.28,0.02001
7136,13888,59359,25.971,459.61,534.87,-0.075678
7138,14093,59740,22.918,495.43,250.22,0.32885
7140,13600,59605,25.881,648.99,609.16,0.031658
7141,12721,59251,27.483,604.49,411.07,0.19045
7142,13358,58829,30.363,821.48,284.61,0.48537
7143,12482,58835,22.006,357.34,116.33,0.50881
7143,14167,59237,26.176,436.52,142.84,0.5069
7144,14090,59231,23.26,412.19,141.24,0.48957
7144,14963,60029,28.43,382.87,232.25,0.24487
7146,14496,59081,37.106,471.9,245.38,0.3158
7147,13015,58240,21.505,390.55,310.11,0.1148
7147,13025,60584,32.153,525.84,331.99,0.22598
7147,14071,58055,35.058,232.58,136.04,0.26189
7148,13106,58632,31.231,561.96,224.61,0.42888
7148,13552,58847,34.507,701.03,460.24,0.20736
7148,14132,60333,35.827,323.38,101.78,0.52123
7148,14357,59437,20.744,695.04,155.48,0.6344
7150,12431,60695,36.403,268.86,251.49,0.033386
7152,14550,59105,25.254,720.26,419.48,0.2639
7155,12547,60114,28.321,349.9,181.33,0.31734
7155,14806,59448,31.599,310.65,106.35,0.48994
7156,12509,59867,31.926,556.4,314.54,0.2777
7156,14123,57844,26.826,242.83,153.15,0.22646
7156,15077,59665,36.62,357.31,326.9,0.044451
7157,12449,59894,23.941,487.93,160.03,0.50604
7158,12435,60048,20.083,622.34,226.43,0.46644
7159,13627,58972,36.005,336.76,239.54,0.1687
7161,14407,58563,34.343,167.77,161.4,0.019366
7161,15250,59741,25.94,563.36,996.88,-0.27785
7169,13561,58625,34.128,1318.7,919.47,0.17839
7171,13626,58619,21.177,1086.2,1209.3,-0.05364
7175,13181,59345,34.761,352.53,412.6,-0.078503
7176,12999,59300,27.159,882.75,572.25,0.21341
7177,12743,58235,26.699,570.76,460.4,0.10703
7177,14608,59111,37.397,268.17,269.09,-0.0017041
7178,12667,58489,29.55,447.68,299.24,0.19874
7178,13405,58433,17.252,1039.9,597.81,0.26996
7178,14116,58614,32.297,511.98,178.09,0.48384
7179,13365,58475,17.739,604.06,457.96,0.13757
7180,13412,58854,19.487,726.26,399.31,0.29047
7181,13395,59812,29.585,730.27,487.68,0.19918
7182,12905,58915,37.767,560.46,279.27,0.33486
7182,14457,60206,29.06,236.92,147.18,0.23365
7184,12834,60454,27.451,262.78,185.85,0.17147
7184,12925,58723,22.699,237.33,132.4,0.28382
7184,13248,58008,37.234,189.81,158.66,0.089373
7185,12944,58631,14.573,799.52,532.04,0.20088
7185,15104,58470,28.585,545.81,444.42,0.10239
7186,12674,57811,18.846,758.59,425.5,0.2813
7187,12691,60334,31.7,314.11,312.74,0.0021885
7191,13804,57729,31.158,888.93,530.18,0.2528
7192,12649,59645,37.287,352.74,274.65,0.12446
7192,12705,59625,37.064,399.69,380.36,0.024778
7192,14033,58497,26.628,302.62,359.55,-0.085974
7193,13550,59294,30.642,322.8,540.16,-0.25188
7193,14243,58647,28.903,593.26,673.89,-0.063632
7194,14276,58493,28.779,304.91,289.77,0.025461
7196,13115,57950,29.66,653.73,279.73,0.40066
7197,13523,59879,29.3,297.5,259.12,0.068951
7197,14501,58694,25.089,318.88,357.98,-0.057755
7198,13729,58532,27.651,314.98,115.97,0.46179
7198,14532,58893,25.176,424.87,292.33,0.18481
7199,13840,58438,37.26,291.39,188.17,0.21525
7199,14788,58998,23.931,262.83,200.84,0.13371
7203,14425,58934,34.618,447.62,248.11,0.28677
7204,13525,60246,37.808,349.04,241.87,0.18136
7205,12456,58402,30.236,500.36,696.65,-0.16398
7205,13379,57985,25.003,217.3,187.9,0.072558
7205,15162,60448,31.737,333.11,250.3,0.14194
7206,12764,60696,27.807,693.71,644.34,0.036903
7206,13797,59153,34.059,496.23,248.19,0.33321
7208,12674,58130,20.148,1205.3,752.88,0.23102
7208,15151,59319,34.256,576.23,387.52,0.19581
7209,12459,59274,33.587,498.26,418.32,0.087213
7209,13741,60468,34.856,686.59,374.44,0.2942
7210,12719,59008,19.788,1286.5,835.13,0.21275
7210,13211,59979,27.186,385.23,394.95,-0.012448
7210,13209,58096,20.115,577.66,322.47,0.2835
7211,12912,59199,23.724,976.45,506.61,0.31681
7211,14719,58829,27.569,340.89,245.8,0.16207
7212,13121,59644,27.014,383.88,192.15,0.33286
7212,13169,60191,28.852,367.28,220.42,0.24988
7212,13481,57998,32.286,234.87,305,-0.12991
7213,13100,60264,16.983,468.04,143.41,0.53091
7213,13569,58716,15.948,563.18,195.41,0.48481
7213,14969,58794,29.127,581.55,537.53,0.039338
7214,13143,60144,25.088,586.55,279.71,0.35421
7215,13196,60133,17.909,524.96,256.91,0.34283
7215,14172,58702,31.162,451.38,349.01,0.1279
7216,12674,57797,20.13,517.56,194.87,0.45293
7216,13158,60141,23.478,709.8,409.62,0.26815
7217,14020,59990,23.156,605.68,352.65,0.26404
7218,13044,60372,22.407,1004.9,661.5,0.20607
7218,13726,58182,28.314,520.05,353.48,0.19069
7218,13775,60134,25.253,540.19,297.47,0.28977
7219,12715,58063,11.02,1460.1,897.45,0.23866
7219,13151,60369,22.452,1989.5,1781.1,0.055277
7219,13274,60514,26.353,2057.9,1962.8,0.023649
7220,12766,58228,30.122,921.42,843.84,0.04395
7220,13145,60190,20.91,656.5,579.93,0.061933
7220,13292,60631,30.773,282.08,386.09,-0.15565
7220,15144,60240,34.87,248.66,180.25,0.15949
7221,13088,60218,26.796,535.72,327.1,0.2418
7221,15029,59354,35.045,383.85,397.37,-0.017307
7222,12925,60239,24.362,818.6,825.82,-0.0043932
7222,15182,59488,30.53,254.87,172.32,0.19323
7224,13103,60179,17.291,728.56,461.78,0.22412
7224,15239,60385,34.896,285.95,179.63,0.22837
7225,13150,60212,26.119,483.22,368.32,0.13493
7225,15140,60177,30.286,660.31,480.56,0.15756
7226,13175,60121,28.188,832.58,291.89,0.48084
7226,14535,60515,36.327,258.87,120.08,0.36624
7227,13257,60125,21.839,548.35,314.42,0.27113
7228,13446,60610,30.807,539.38,450.63,0.089644
7229,14918,58834,34.322,364.36,128.78,0.47773
7229,15259,60355,32.165,813.41,480.03,0.25774
7231,13104,59996,20.616,560.62,191.22,0.49132
7231,14265,58388,30.343,235.52,138.56,0.25919
7233,12898,60408,27.148,469.32,313.56,0.19896
7234,13428,60656,27.45,413.68,270.42,0.20941
7235,12892,58866,29.906,327.38,263.61,0.10791
7235,12791,60048,27.025,423.46,245.46,0.2661
7236,12768,59949,23.576,491.54,342.7,0.17841
7236,15259,59668,32.753,662.84,259.19,0.43778
7237,12905,59821,24.941,305.78,250.26,0.099843
7237,13327,60519,21.116,427.03,293.56,0.18522
7237,15017,60651,37.252,474.14,205.53,0.39521
7237,15270,59640,27.443,449.93,132.82,0.54416
7238,12934,59863,25.46,282.81,118.13,0.41075
7238,13950,59231,38.44,631.77,275.74,0.39232
7239,12669,59116,22.456,564.26,499.79,0.060586
7239,13050,59645,25.373,570.94,289,0.32787
7239,15145,59631,32.057,565.64,427.21,0.13942
7240,12677,59058,26.837,1020.5,807.94,0.11624
7240,13390,60325,24.078,1268.7,958.53,0.13927
7240,15414,60349,34.117,271.33,134.38,0.33755
7241,12907,58967,38.632,1000.6,664.65,0.20175
7241,13950,60463,28.777,1144.9,478.25,0.41071
7242,14411,58646,25.678,744.98,349.8,0.36097
7243,13548,59879,32.52,213.84,346.13,-0.23626
7243,14357,59759,32.796,617.39,490.69,0.11434
7245,13099,58029,25.45,877.57,489.49,0.28387
7245,14323,58468,28.837,411.02,283.34,0.18388
7246,13776,58835,28.538,227.49,154.37,0.19147
7248,13982,58740,18.565,1973.7,988.83,0.33244
7248,14595,60160,33.689,273.88,174.96,0.2204
7250,12952,60294,16.591,961.14,781.74,0.10294
7251,13005,60353,21.596,672.66,475.08,0.17215
7251,13744,58843,25.825,638.95,118.58,0.68692
7252,13197,60385,26.74,397.79,153.88,0.44215
7252,13747,58785,29.383,394.98,173.31,0.39007
7253,13232,60401,32.42,959.75,511.59,0.3046
7254,12650,60001,20.405,428.18,181.27,0.40514
7259,13418,59469,20.467,475.68,252.91,0.30575
7260,12544,59316,29.238,869.96,605.87,0.17895
7261,13544,59915,22.733,1043.9,906.92,0.070195
7262,13234,59919,33.153,208.83,149.84,0.16448
7263,14316,59139,23.03,773.53,640.13,0.094364
7264,14147,59147,24.415,428.53,204.06,0.35485
7265,14049,58836,25.531,1023.6,575.61,0.28014
7266,12626,59818,24.599,287.56,180.34,0.22915
7266,13411,58455,33.088,180.28,193.67,-0.035823
7268,13054,59524,28.98,498.33,383.5,0.13023
7268,13453,60481,29.856,525.48,226.33,0.39792
7273,12465,58632,25.862,533.15,408.55,0.13231
7273,13627,60233,28.836,391.73,771.92,-0.32673
7275,12461,60089,24.716,621.3,391.32,0.22711
7275,15051,60408,31.95,369.33,233.63,0.22507
7276,12558,59895,27.791,681.73,291.42,0.40109
7276,12954,58203,26.459,425.27,345.75,0.10314
7278,12660,57740,23.301,1046.3,416.66,0.43039
7279,12604,58070,22.303,988.54,769.11,0.12484
7280,13041,60680,24.676,521.52,317.04,0.24385
7280,15020,58936,35.871,383.19,288.25,0.14139
7281,13117,60686,16.096,1020,673.01,0.20494
7282,13088,60577,18.758,922.55,829.85,0.052899
7282,14928,59502,30.28,353.62,125.92,0.47483
7283,13024,60514,24.996,459.91,261.95,0.27423
7284,14617,59685,32.244,474.41,482.39,-0.008341
7286,14207,57759,22.843,893.43,168.51,0.68264
7287,13453,59721,44.109,537.14,180.53,0.4969
7288,12852,59048,35.695,372.98,304.04,0.10182
7288,14033,57840,33.441,329.44,303.35,0.041232
7288,14635,59669,33.664,515.41,352.48,0.18773
7289,12796,58938,27.35,470.37,279.77,0.25409
7291,13616,60203,28.582,931.46,679.3,0.15654
7292,12838,58076,27.176,426.49,211.92,0.33611
7292,14201,58427,36.241,472.03,331.28,0.17521
7294,12518,60371,32.985,313.93,235.15,0.14348
7294,13531,60717,30.205,307.59,134.55,0.39138
7295,12432,58576,25.471,488.2,374.58,0.13169
7296,12675,58563,24.048,943.54,631.43,0.19817
7296,14351,59752,28.223,564.5,286.88,0.32608
7297,12867,60726,36.611,322.59,367.18,-0.064633
7298,12960,58110,19.281,657.8,265.69,0.4246
7299,13109,58088,21.721,907.7,774.64,0.079095
7299,15110,59973,33.751,271.48,180.65,0.20089
7300,13066,58142,19.858,602.67,260.01,0.39721
7302,14155,58086,36.932,436.02,377.02,0.072567
7302,14916,60227,28.518,874.65,500.39,0.27218
7304,13111,59388,28.553,302.8,217.54,0.16385
7309,14830,59957,31.721,1311,627.94,0.35227
7310,14971,60036,32.484,511.98,251.78,0.34069
7311,14449,58394,29.511,114.03,156.99,-0.15851
7313,12730,59433,35.707,726.8,445.28,0.24019
7313,12874,58869,31.132,686.36,400.86,0.26259
7314,13011,59172,24.509,656.84,540.8,0.096891
7314,13407,58765,26.814,234.18,115.73,0.33853
7316,13319,58812,33.744,175.95,124.88,0.16976
7317,12903,59506,21.214,1066.7,713.87,0.19818
7317,12986,60451,30.006,266.9,129.95,0.34509
7318,12550,58945,32.922,482.96,200.92,0.41242
7319,14308,59663,37.359,638.71,432.22,0.19281
7320,14183,58946,26.159,970.89,317.78,0.50681
7320,14518,59766,17.11,647.36,493.96,0.1344
7321,14065,58970,27.007,515.46,358.69,0.17934
7323,12635,57762,23.035,1317.4,852.43,0.21428
7324,13139,60161,24.857,746.16,482.59,0.2145
7324,13210,59604,18.329,986.61,485.35,0.34054
7325,12980,59815,29.595,349.95,214.43,0.24012
7325,14977,59461,35.964,1366.6,553.5,0.42347
7326,12461,58355,28.406,437.27,166.36,0.4488
7326,14690,59667,28.195,841.08,380.66,0.37686
7328,15151,60580,34.622,615.83,571.57,0.037271
7329,12690,59924,25.491,601.71,344.53,0.27178
7329,14910,59814,25.804,364.47,211.09,0.26649
7332,12825,58869,25.724,298.19,103.19,0.48581
7333,12717,59770,25.792,327.27,284.66,0.069634
7333,12804,58886,32.355,501.23,261.58,0.31416
7333,14582,57834,36.703,314.16,336.2,-0.033888
7334,12796,58881,28.686,371.72,416.74,-0.057095
7335,12629,57754,33.869,246.12,174.97,0.16897
7335,12887,58961,23.028,261.69,117.67,0.37963
7336,12620,58844,27.886,356.65,334.75,0.031667
7339,12501,59174,33.122,265.79,371.69,-0.16611
7339,13522,57779,31.568,224.24,254.4,-0.063004
7341,14159,59082,26.886,623.07,440.22,0.17197
7341,14769,59239,33.517,422.79,251.97,0.25315
7343,15053,60320,27.29,661.08,650.69,0.0079211
7344,13795,59499,39.31,316.03,194.66,0.23765
7345,13712,59108,32.638,689.05,547.7,0.11429
7346,12657,58498,32.143,432.57,143.74,0.50117
7346,13416,58418,26.102,1246,918.59,0.15125
7347,12643,58288,29.835,535.03,332.43,0.23357
7347,13436,59594,33.34,353.85,236.14,0.19952
7348,12784,58299,22.54,763.19,604.72,0.11585
7348,13095,59487,28.036,244.31,122.82,0.3309
7348,13707,58729,24.586,744.87,324.3,0.39336
7349,12446,60184,35.763,304.78,178.78,0.26056
7349,12641,58391,24.449,955.07,736.07,0.1295
7349,13105,60301,33.967,416.32,217.47,0.31375
7350,12821,58408,23.625,384.33,223.44,0.26472
7353,13848,58641,31.092,318.15,217.48,0.18794
7354,13168,59991,22.198,669.78,607.11,0.049076
7354,13853,58521,36.047,272.54,141.55,0.31635
7356,12696,58021,20.974,456.36,295.97,0.21319
7359,12517,58273,25.581,226.6,136.12,0.24946
7360,12807,58389,18.853,640.82,151.03,0.61855
7361,12746,58041,24.552,541.66,485.18,0.054998
7361,14140,59060,28.021,339.43,171.91,0.32762
7363,12908,59220,31.795,1036.1,603.59,0.26376
7363,12917,60327,23.814,935.29,376.58,0.42589
7364,12791,59294,37.911,431.09,129.12,0.53902
7364,14739,59373,34.803,587.79,470.04,0.11131
7364,14944,60220,41.301,594.53,428.65,0.16211
7365,12767,59011,22.76,659.76,293.11,0.38478
7366,12912,60340,24.775,1217,542.09,0.38366
7366,13828,59598,32.138,985.5,459.71,0.36381
7367,12460,59286,31.194,760.43,392.28,0.31938
7367,12847,60309,17.674,614.8,479.87,0.12326
7367,14755,59425,35.434,204.08,155.3,0.13575
7368,12639,59870,29.62,613.79,320.93,0.31331
7368,13178,60092,33.48,333.45,140.16,0.40813
7369,13381,59301,31.635,683.12,430.68,0.22665
7371,13610,60464,36.715,338.85,192.56,0.27529
7372,15056,59197,37.574,508.28,200.31,0.43463
7373,12772,59746,15.431,623.97,411.56,0.20512
7373,13931,59958,32.399,154.47,115.56,0.14411
7373,14389,60455,31.387,180.32,138.03,0.13286
7375,12887,59972,27.158,434.49,590.29,-0.15203
7375,12969,59401,32.398,339.2,235.7,0.18002
7375,13656,59284,32.669,459.44,137.51,0.5393
7376,12774,59999,26.612,669.39,565.95,0.083734
7376,14121,60085,40.274,541.29,363.04,0.19711
7376,14276,58674,32.22,415.46,354.98,0.078505
7377,13091,59940,26.958,686.39,385.5,0.28071
7377,14313,59069,29.897,675.43,494.05,0.1551
7377,15324,59557,36.305,231.6,100.82,0.39341
7377,15341,60252,34.069,257.66,109.06,0.40521
7378,12986,59022,30.495,390.76,245.25,0.22879
7378,14202,57873,30.436,224.43,179.48,0.11129
7378,14468,59023,28.913,357.56,138.66,0.44114
7382,12523,57777,29.467,369.12,224.79,0.24301
7382,15179,60531,37.622,816.14,817.15,-0.00061978
7383,14300,59016,26.336,335.03,142.85,0.40215
7386,12519,59646,30.532,782.88,594.14,0.13706
7388,14334,59850,18.404,857.48,335.9,0.43706
7388,14362,58699,28.457,1108.4,788.78,0.16848
7390,12909,59152,27.61,863.5,558.66,0.21435
7391,12931,59114,31.069,465.78,138.04,0.54278
7391,14139,58707,27.181,437.1,374.51,0.077119
7392,14132,58596,24.666,996.91,997.55,-0.0003224
7392,14784,60287,33.433,314.01,112.85,0.47125
7393,14115,58604,27.357,406.73,373.52,0.042567
7395,14333,58403,34.169,304.31,172.56,0.27628
7396,12947,59539,38.847,238.52,172.46,0.16073
7398,12422,58887,34.641,259.44,252.31,0.013921
7398,14124,60221,38.071,290.54,109.85,0.45128
7398,15257,60628,35.092,283.32,173.63,0.24006
7399,12948,59573,32.857,470.14,276.04,0.26011
7402,14213,59203,31.044,207.2,129.44,0.231
7402,15005,60363,17.193,338.55,371.86,-0.046897
7403,15042,60394,27.3,482.43,399.02,0.094627
7404,12932,59943,21.916,861.62,511.4,0.25507
7405,12623,60655,33.6,190.91,168.54,0.062226
7407,12753,59690,14.518,608.9,285.59,0.36145
7407,14218,58773,35.368,348.27,211.99,0.24325
7408,14449,58449,27.636,521.76,283.24,0.2963
7409,14318,58839,35.973,627.07,369.03,0.25905
7410,12715,59796,27.866,194.2,159.67,0.097589
7411,12829,59801,31.894,314.61,121.28,0.44352
7412,12693,59572,28.291,744.27,431.58,0.26592
7412,13383,58200,27.59,627.83,281.06,0.38154
7413,14088,59737,25.101,485.94,438.58,0.051221
7415,14960,59222,21.421,767.7,348.54,0.37551
7418,14047,59962,34.775,283.76,237.55,0.088648
7421,15012,59964,26.3,293.99,153.24,0.31471
7423,12426,60394,29.854,210.61,502.07,-0.40896
7424,14135,59458,33.856,380.63,371.23,0.012493
7425,13160,60590,34.186,362.63,137.94,0.44887
7425,13887,58922,15.799,782.17,303.15,0.44136
7426,12945,60295,23.751,411.47,217.27,0.30887
7426,14988,59118,35.679,367.2,123.04,0.49803
7427,13128,60483,31.25,319.31,267.92,0.087516
7427,14961,59137,32.889,497.16,419.89,0.084267
7428,14890,59035,31.328,320.37,283.6,0.060879
7429,13149,58051,27.716,388.73,207.11,0.30481
7429,13799,60301,27.856,440.76,469.31,-0.031371
7430,12849,58015,35.208,759.29,377.65,0.33568
7430,14036,59944,26.508,642.96,357.35,0.28552
7431,12957,58748,34.177,445.74,360.14,0.10622
7431,14151,59183,27.823,385.16,289.66,0.14153
7432,13631,58687,28.249,675.57,657.95,0.013209
7433,13096,59953,31.658,216.2,113.31,0.31227
7434,13064,59943,31.369,590.09,418.56,0.17006
7434,13166,58366,12.952,1172.7,546.03,0.36461
7434,13853,60553,37.662,420.62,371.68,0.061766
7435,13735,60307,37.226,258.72,185.52,0.16478
7435,14429,59503,25.804,719.68,257.9,0.47237
7436,14032,59650,20.344,681.75,367.93,0.29897
7436,15302,59251,38.188,542.6,481.38,0.059784
7437,14024,59642,16.838,876.43,658.56,0.14193
7438,14008,57947,31.297,435.34,275.05,0.22563
7439,13274,59253,23.184,669.68,570.22,0.080211
7440,13028,58923,29.03,659.19,432.43,0.20773
7440,13373,58758,29.485,575.53,110.49,0.67787
7441,13523,58388,30.082,590,355.18,0.24844
7441,13934,59629,32.818,209.77,199.06,0.026181
7442,13153,60638,25.798,425.66,356.61,0.08827
7442,14172,59915,36.507,336.35,428.67,-0.12068
7444,14042,59882,24.063,409.02,125.15,0.53143
7445,12684,57801,18.677,783.13,376.45,0.35072
7446,12428,57786,33.953,818.54,576.03,0.1739
7448,13709,60279,28.15,273.56,212.15,0.12643
7449,14905,59995,31.077,290.83,235.42,0.10529
7449,15115,59414,36.528,385.15,554.88,-0.18056
7452,14391,59560,31.766,343.32,294.96,0.075776
7453,12757,58570,34.262,636.91,544.37,0.078335
7453,12836,59529,33.736,270.4,274.03,-0.0066685
7454,13938,58629,24.868,362.64,345.36,0.024411
7456,14559,58775,32.424,820.41,497.83,0.24471
7457,14290,58579,27.95,383.63,341.84,0.057609
7457,14273,59458,31.966,334.02,180.73,0.29779
7458,15298,59654,36.824,177.97,107.33,0.24759
7462,12543,59992,28.027,639.29,491.82,0.13038
7462,14079,57955,34.797,215.67,103.2,0.3527
7463,14311,58393,36.154,351.46,397.25,-0.061161
7464,13131,57826,36.738,519.96,450.34,0.07175
7464,15032,59693,33.45,217.15,143.21,0.20517
7466,15004,60446,23.868,717.12,296.7,0.41468
7467,13563,60093,23.654,796.5,489.65,0.23858
7468,13435,60063,26.836,300.91,381.37,-0.11794
7468,14119,57929,26.515,299.94,155.92,0.31592
7469,13803,59499,35.705,514.26,360.05,0.17637
7469,14123,57799,24.055,327.63,250.16,0.13408
7469,14321,58807,23.8,258.52,123.47,0.35353
7470,13331,58347,17.647,1604,784.34,0.34319
7471,13290,58520,17.334,1393,879.5,0.22596
7472,12881,58536,25.86,1183.2,660.07,0.28382
7474,12694,57984,22.478,658.63,338.24,0.32139
7475,12626,59152,32.168,326.8,253.93,0.12548
7475,14454,58465,25.681,564.79,177.44,0.52187
7476,13018,58499,26.282,799.29,575.1,0.16312
7476,13264,59807,37.349,577.67,493.01,0.079067
7477,12605,57822,25.231,641.98,199.06,0.52663
7477,12917,58673,27.394,312.65,174.49,0.28362
7477,13927,58511,31.936,408.97,221.63,0.29708
7478,14815,59269,30.941,434.13,317.59,0.15504
7481,13213,58338,20.409,523.67,173.96,0.50128
7482,13336,58260,32.195,362.36,161.98,0.38215
7482,14101,57976,37.817,264.71,261.06,0.0069415
7483,14491,59149,30.225,239.81,115.91,0.34831
7484,13426,60331,27.083,538.48,118.92,0.63822
7485,13346,60257,37.891,600.68,374.75,0.23162
7485,15130,60645,27.034,592.08,290.95,0.34102
7488,12734,58432,39.191,231.41,228.7,0.005891
7488,13497,60491,29.125,268.36,151.69,0.27776
7488,15183,59850,41.388,403.64,302.11,0.14386
7489,13519,58839,30.849,437.4,294.68,0.19496
7489,15277,59832,28.082,571.02,408.66,0.16573
7490,15333,60143,32.223,605.76,267.96,0.38663
7491,15203,60145,30.416,531.1,463.15,0.068338
7494,14085,57839,27.56,337.88,376.45,-0.053991
7495,14133,57853,29.63,241.37,159.17,0.20522
7496,14872,60271,37.397,476.51,276.02,0.26642
7497,12714,58926,33.602,314.72,242.17,0.13027
7497,13664,59687,32,410.29,329.86,0.10867
7499,14601,58504,35.426,314.32,523.95,-0.25007
7499,14913,59318,31.768,589.23,376.77,0.21993
7499,15067,60720,27.234,1075.3,910.77,0.08284
7500,15147,60725,11.029,925.89,750.78,0.10444
7501,13016,58067,23.051,536.24,403.48,0.14128
7502,12944,58008,24.406,569.62,204.44,0.47177
7502,13610,59118,23.127,832.66,418.5,0.33102
7503,13020,57958,20.304,350.38,145.49,0.41321
7503,13975,59004,32.403,1001,711.91,0.16875
7503,14417,59477,39.753,257.79,173.38,0.19577
7504,14612,59502,24.342,507.67,612.69,-0.093742
7505,13348,58814,26.871,327.68,284.28,0.070933
7506,13335,58795,16.792,531.92,360.61,0.19193
7507,14195,59375,32.775,214.6,146.07,0.19
7507,14213,57872,30.005,321.51,327.39,-0.0090651
7508,14502,59329,38.053,261.78,117.38,0.38082
7509,12876,58699,28.789,209.37,220.71,-0.02637
7509,13147,59254,35.524,360.38,266.84,0.14914
7509,14149,57801,13.599,451.85,213.95,0.35731
7510,14126,57860,28.355,344.17,261.74,0.13605
7511,13266,60559,34.013,401.24,171.64,0.4008
7512,13289,59943,30.947,223.44,168.02,0.14156
7512,14164,57863,34.869,196.61,110.77,0.27925
7512,15365,59121,22.866,295.41,317.92,-0.036698
7514,14573,60351,31.692,248.4,177.43,0.16666
7514,15243,60087,36.684,337.32,221.52,0.20722
7515,12624,57906,23.617,891.46,746.48,0.08851
7515,13457,59687,37.603,195.57,256.38,-0.13455
7516,12486,57801,24.596,732.38,541.41,0.14992
7516,13108,58861,36.735,507.67,366.8,0.16109
7516,14495,60232,32.199,629.72,291.44,0.36723
7517,12545,57816,26.073,465.58,518.22,-0.053508
7517,15122,59993,23.344,1569,899.51,0.27122
7518,14155,59765,30.746,263.92,228.76,0.071358
7519,14035,59722,23.472,426.45,212.14,0.33559
7520,14585,59660,33.962,862.02,634.89,0.15173
7520,14739,59317,27.208,1022.1,785.87,0.13068
7521,12727,60143,28.717,920.23,655.12,0.16829
7524,14626,59725,18.825,396.4,222.21,0.28157
7524,15306,60279,26.9,250.99,156.68,0.23133
7525,14885,59589,30.102,682.44,331.21,0.3465
7526,12560,57774,31.747,418.73,416.42,0.0027623
7526,14806,59607,29.544,405.51,275.08,0.19164
7527,13957,59743,32.16,446.3,337.34,0.13905
7528,13328,58184,37.113,395.44,177.61,0.38011
7529,13171,58177,21.246,376.29,192.82,0.32236
7531,12545,59700,29.619,438.46,320.73,0.15507
7531,12972,57863,36.328,479.73,335.55,0.17684
7532,12432,59910,26.267,642.78,420.41,0.20915
7534,12488,60182,33.212,485.98,464.66,0.022421
7534,12940,58014,34.609,208.54,211.96,-0.0081457
7534,13640,58909,39.369,212.16,102.53,0.34838
7535,12882,58138,28.124,376.7,274.73,0.15654
7536,12760,59769,35.789,266.98,153.85,0.26884
7541,12952,59151,32.321,360.95,138.13,0.44646
7541,13954,58573,29.657,452.55,306.95,0.1917
7541,15139,60593,24.315,1200.9,731.69,0.24277
7542,15202,60719,24.26,539.05,302.98,0.28036
7544,12764,59172,33.251,334.94,212.89,0.22279
7544,14061,58631,29.844,206.74,121.45,0.25989
7546,13212,58116,23.984,564.58,297.39,0.30997
7546,14496,59054,36.474,624.6,282.18,0.37762
7547,13263,60030,31.122,859.22,411.42,0.35242
7548,12458,59967,21.162,698.82,495.71,0.17003
7548,13364,59169,26.712,648.71,191.89,0.54344
7550,13051,59982,27.851,739.11,313.13,0.40483
7551,15212,60444,31.543,707.13,661.43,0.033392
7554,14481,59754,34.437,791.44,505.77,0.22022
7556,14824,59321,30.523,340.57,219.57,0.21603
7562,14369,58314,30.355,525.31,236.55,0.37902
7563,14387,58487,16.564,930,623.99,0.19691
7566,14154,59008,33.463,853.09,467.61,0.29188
7567,12789,59695,23.182,401.83,175.62,0.39175
7567,13014,58221,23.124,682.07,335,0.34124
7568,13145,58390,21.508,600.78,221.93,0.46048
7569,12733,58180,37.072,411.11,307.27,0.14455
7570,12540,58514,29.56,523.55,551.31,-0.025828
7570,14086,57881,25.195,419.32,262.08,0.23076
7570,14101,58879,21.792,883.31,387.21,0.39047
7571,13235,60347,21.419,382.08,403.22,-0.026922
7571,14121,57838,16.699,586.63,292.09,0.3352
7571,14409,58969,34.097,542.13,244.53,0.37831
7573,15082,60457,35.318,484.04,394.97,0.10133
7577,15073,60575,33.866,364.65,273.42,0.14297
7579,12457,58035,25.714,647.82,211.22,0.50824
7580,12861,59531,32.768,281.42,165.5,0.25939
7582,13190,59950,21.746,330.33,317.6,0.019648
7583,13210,59994,24.049,658.27,339.77,0.31912
7584,14358,58400,28.269,391.8,287.35,0.15379
7585,14135,57931,35.015,250.47,198.36,0.1161
7587,13739,60410,34.508,475.51,566.13,-0.086995
7587,15016,60725,32.783,225.75,172.96,0.13241
7590,13945,60305,29.174,793.36,645.21,0.10299
7591,14125,60524,28.1,728.12,518.13,0.1685
7592,12541,58605,30.08,455.05,349.76,0.13083
7592,13310,59650,28.191,494.84,243.6,0.34023
7593,13220,59634,29.531,521.41,324.12,0.23333
7594,13317,60116,37.507,314.99,201.97,0.21863
7594,13454,60665,32.967,675.92,442.24,0.20899
7594,14081,60091,33.7,481.11,479.39,0.0017917
7598,13027,60150,31.076,649.38,254.48,0.4369
7598,13830,58738,26.177,633.02,374.8,0.25621
7599,14700,59598,17.927,568,275.65,0.34652
7601,15401,59873,33.945,187.44,123.39,0.20607
7602,13254,60647,34.354,672.07,344.97,0.32162
7603,12543,59767,29.161,826.7,451.76,0.29328
7604,13452,60370,38.423,695.32,532.59,0.13253
7604,13461,60448,28.582,526.6,441.17,0.088271
7605,14193,57762,31.13,161.82,156.82,0.015682
7606,12478,59926,29.945,400.81,226.33,0.27822
7607,12843,58167,29.67,542.91,296.21,0.29399
7607,13516,58858,22.77,524.83,216.81,0.41532
7607,14308,59662,34.585,680.13,466.93,0.18586
7608,14465,59486,23.719,896.13,584.94,0.21011
7610,12471,60081,30.167,396.82,297.86,0.14246
7610,14102,60420,28.5,270.86,197.27,0.15721
7610,14799,59069,29.344,415.11,229.79,0.28737
7611,14934,59244,31.082,768.09,289.04,0.45315
7611,14892,60120,43.851,1321.3,1132.3,0.077013
7612,13092,60595,28.335,479.41,344.18,0.1642
7613,14772,60247,25.023,895.66,582.87,0.21156
7614,13352,57876,26.873,509.68,190.51,0.45584
7615,13294,57895,34.401,582.6,274.52,0.35944
7615,14481,60043,33.063,344.66,158.72,0.36938
7617,14531,59499,34.21,267.5,263.17,0.0081594
7618,13334,59717,20.262,845.02,572.89,0.19193
7619,12698,60101,30.681,749.92,610.57,0.10243
7620,13209,59093,31.769,288.61,100.61,0.48302
7621,13206,59831,33.074,473.93,598.84,-0.11644
7623,12667,59021,33.024,203.19,114.69,0.27842
7625,15368,60555,38.028,353.52,247.43,0.17654
7626,12853,59064,25.407,662.08,461.86,0.17815
7627,12856,57913,35.843,204.78,161.11,0.11933
7627,13625,60644,34.376,446.63,156.03,0.4822
7627,14171,57841,30.932,362.22,301.88,0.090859
7628,13430,60605,19.298,889.48,462.56,0.31576
7628,14076,57810,35.818,396.01,219.44,0.28689
7630,15336,59495,32.939,308.54,268.42,0.069538
7633,13075,58124,22.251,239.48,146.45,0.24107
7636,12531,57832,29.232,857.22,333.7,0.4396
7636,14934,60026,30.214,536.08,126.91,0.61716
7637,12579,57967,26.699,657.51,326.09,0.33694
7637,12816,59682,27.6,678,652.58,0.019101
7638,12663,58073,34.484,711.34,548.71,0.12907
7638,12831,59540,22.627,507.42,322.62,0.22264
7638,13118,60350,21.244,502.62,361.61,0.16316
7639,15008,60159,29.938,424.66,310.48,0.15532
7640,12779,57875,13.241,1055.7,569.75,0.29898
7640,15042,60209,28.91,324.23,149.93,0.36759
7642,12798,58363,17.94,705.12,457.24,0.21326
7643,12741,58441,20.121,941.51,717.08,0.13531
7644,13074,58641,29.19,326.65,188.5,0.26818
7644,15244,59494,34.292,345.61,145.86,0.40642
7645,13153,60587,28.205,689.51,477.62,0.18156
7646,13177,60531,31.61,941.73,943.4,-0.00088639
7647,12568,57841,21.53,403.8,273.81,0.19185
7647,14568,59676,33.658,636.42,579.66,0.046677
7648,14565,59811,23.495,1111.2,936.17,0.085473
7651,12734,57805,14.823,740.23,219.15,0.54315
7651,13825,59849,33.106,528.99,392.3,0.14837
7652,13761,58638,26.043,530.37,220.87,0.41198
7652,13733,59877,36.389,428.94,402.67,0.031592
7653,13368,60139,27.152,622.68,304.08,0.34377
7653,13809,58510,33.636,221.54,125.36,0.27725
7654,13046,60204,21.911,606.72,296.51,0.34345
7654,14633,59666,32.792,344.64,181.08,0.31111
7655,12905,60480,35.673,709.48,372.89,0.31097
7656,13252,58297,31.677,227.13,228.58,-0.0031715
7656,15022,60150,32.525,494.94,345.09,0.17838
7658,12870,60192,21.712,876.03,537.44,0.23954
7658,13699,60278,31.16,135.09,204.19,-0.20368
7659,12576,60667,33.837,434.73,344.43,0.11589
7661,13194,60557,22.426,568.68,308.25,0.29698
7662,12497,59680,36.834,285.45,101.77,0.47437
7663,12473,59591,25.364,362.9,193.1,0.3054
7663,13269,60437,28.831,586.71,285.14,0.3459
7664,12960,59999,26.966,425.34,290.51,0.18835
7664,13398,60577,19.626,353.1,294.71,0.090139
7665,12763,58274,21.382,823.3,621.18,0.13993
7665,12854,59841,28.656,443.34,233.14,0.31073
7666,13748,59618,30.412,200.19,101.48,0.3272
7667,14657,58486,35.008,413.53,273.6,0.20365
7668,13528,60174,20.444,279.9,209.73,0.14332
7668,15016,58360,28.823,195.05,111.44,0.2728
7671,12798,57835,21.169,1304.1,836.83,0.21824
7673,15408,58728,35.858,200.89,220.01,-0.045434
7679,12508,59617,13.864,1568.3,661.36,0.40676
7679,13547,60548,26.57,214.31,216.68,-0.0054983
7679,14879,59653,38.495,494.17,354.9,0.16402
7682,12859,59214,34.8,151.03,123.71,0.099459
7684,12586,59593,27.591,1218.7,997.87,0.099617
7684,12897,58632,24.238,612.45,367.75,0.24965
7685,12960,59902,23.615,636.86,540.07,0.082237
7685,13134,58831,23.95,1066.1,534.39,0.3322
7687,14871,59091,32.044,553.21,288.66,0.31423
7688,13178,60146,35.446,482.05,280.82,0.26378
7689,14010,58847,21.417,471.61,351.07,0.14652
7690,13995,58831,26.263,521.58,225.88,0.39561
7690,14152,60222,31.591,169.55,157.96,0.03538
7691,12579,59428,30.531,352.84,370.79,-0.024807
7693,12689,59757,34.111,534.43,307.98,0.26881
7693,14016,59003,37.5,481.89,346.56,0.16335
7694,14170,59049,24.767,1034.8,711.44,0.18518
7695,12671,59784,20.376,1189.2,370.63,0.52479
7695,14159,58701,24.558,953.87,391.97,0.41751
7696,12570,57940,29.268,445,198.07,0.38399
7696,13826,58782,27.102,326.2,145.98,0.38166
7696,14054,59760,32.128,325.47,148.83,0.37244
7697,12471,59663,30.997,456.63,410.78,0.052861
7697,14441,58426,33.696,377.18,215.83,0.27209
7698,13654,60292,32.935,1042,832.43,0.11179
7698,14440,58414,36.558,179.54,127.93,0.16785
7700,12716,57865,26.742,361.75,127.53,0.4787
7700,13464,60640,18.026,885.63,832.04,0.031203
7701,13260,58851,31.846,696.78,546.77,0.12063
7701,13535,60657,27.387,593.3,505.25,0.080155
7705,13890,60341,25.624,535.81,302.09,0.27893
7706,13770,60243,33.196,383.25,224.2,0.26184
7706,14953,60598,26.709,196.31,144.67,0.15145
7708,12459,58477,26.493,587.96,228.14,0.4409
7708,13071,59975,39.166,331.44,180.56,0.2947
7709,12929,57767,27.825,1106.4,901.61,0.102
7709,14617,59976,34.789,244.87,192.77,0.11906
7711,15322,60286,26.568,496.76,236.13,0.35561
7712,14244,59567,30.652,879.39,182.88,0.65567
7713,14330,58978,30.248,573.64,241.69,0.40714
7714,14136,58939,30.508,314.22,101.75,0.51079
7714,14649,59749,26.741,329.26,290.6,0.062364
7715,13120,58045,32,202.33,240.4,-0.085996
7716,13960,58735,36.956,362.27,267.03,0.15135
7716,14934,59458,18.031,423.07,209.82,0.33694
7717,14726,59202,36.096,307.79,306,0.0029001
7718,14712,59104,30.828,374.57,911.7,-0.41758
7719,14687,58980,35.465,147.62,231.69,-0.22166
7722,13316,58481,35.438,225.24,114.88,0.32448
7722,14304,59868,39.886,283.78,149.84,0.3089
7723,13147,58607,23.692,679.75,466.24,0.18632
7724,13349,59806,25.739,402,230.86,0.27042
7725,13270,59797,32.433,234.82,180.82,0.12993
7725,14323,59377,30.576,344.5,261.68,0.13662
7726,12550,58993,38.059,364.37,132.12,0.4678
7727,14162,57959,39.045,311.97,402.14,-0.12628
7728,13310,59844,21.046,567.68,314.36,0.2872
7729,13320,59841,22.98,424.76,281.46,0.20291
7730,14213,57830,26.997,406,220.84,0.2954
7731,13350,59909,29.659,474.04,330.65,0.17819
7732,13220,59982,34.394,477.43,353.73,0.14883
7734,13029,60451,23.685,889.74,532.34,0.25132
7734,14259,58943,32.7,369.86,131.4,0.47572
7735,13119,60620,20.317,384.72,247.74,0.21657
7735,13096,59903,35.8,782.67,572.52,0.15508
7735,14399,58828,32.885,384.95,108.85,0.55913
7736,12897,59871,28.825,485.98,286.74,0.25784
7739,12576,60561,32.191,401.67,141.14,0.47996
7740,12775,59683,17.092,389.29,163.49,0.40849
7741,12782,59628,15.327,359.57,205.23,0.27326
7742,12747,59643,22.213,287.49,228.55,0.11421
7742,12957,60650,28.878,582.77,479.25,0.097477
7743,14578,59830,34.119,572.76,523.73,0.044712
7745,14657,59769,20.142,382.09,147.96,0.4417
7746,14765,59972,21.833,565.54,386.85,0.18763
7747,15059,59690,39.148,569.35,509.04,0.055931
7749,14497,59120,31.19,330.85,316.24,0.022575
7749,14639,59810,21.638,461.75,312.19,0.19325
7751,13565,58993,35.052,347.05,273.24,0.119
7752,13449,58925,30.752,543.29,347.2,0.22021
7759,12607,60668,36.81,357.37,245.05,0.18645
7759,13162,58260,27.41,760.5,423.2,0.28496
7761,15072,60115,37.079,280.87,199.56,0.16923
7763,13407,59971,30.229,486.88,261.5,0.30115
7764,13323,59892,22.787,409.67,249.8,0.24242
7768,12437,58683,25.109,503.62,452.58,0.053382
7769,14957,60146,26.276,298.84,244.76,0.099493
7771,13825,60685,32.081,199.09,109.31,0.29111
7772,12699,59853,31.012,480.03,338.8,0.17248
7773,12675,59743,32.888,233.34,258.61,-0.05137
7774,13942,59094,27.661,472.43,319.53,0.19306
7774,14101,59883,26.904,954.16,468.73,0.34116
7775,14135,59922,25.376,915.76,506.8,0.28748
7775,15043,60231,24.869,472.38,219.28,0.36594
7776,14129,59934,19.482,1070,602.97,0.27916
7777,14152,59919,14.361,1275.1,760.49,0.25282
7778,13358,58642,29.052,776.64,474.89,0.2411
7778,13795,58494,32.737,592.46,453.21,0.13317
7778,14231,60006,31.799,743.66,558.61,0.1421
7778,15017,60430,24.552,491.77,201.44,0.41881
7779,13186,60099,40.858,312.23,193.03,0.2359
7779,13462,58834,32.068,1060.2,806.98,0.13562
7780,12480,58377,29.606,439.35,501.92,-0.06647
7780,13360,58948,33.623,643.48,497.46,0.12799
7780,13926,60000,37.388,287.2,177.43,0.23626
7781,12530,58539,27.377,623.97,443.98,0.16854
7781,13636,58823,23.339,410.9,182.42,0.3851
7782,14626,58479,33.987,466.5,243.82,0.31349
7784,14143,57883,22.27,377.68,156.18,0.41491
7785,14354,58890,42.746,1631,876.94,0.30067
7786,14003,58834,22.865,1031.4,609.73,0.25694
7787,12631,58428,33.231,718.13,568.56,0.11625
7789,13038,59224,21.052,392.5,202.43,0.31947
7789,14117,59427,36.504,327.46,475.26,-0.18412
7792,13043,58681,29.568,469.41,391.79,0.090122
7793,12946,60616,31.315,521.4,481.57,0.039718
7793,13657,59238,36.43,364.41,283.29,0.12524
7795,13928,58712,28.2,493.61,228.18,0.36775
7799,12747,59825,16.451,819.91,646.1,0.11856
7800,12801,57727,28.833,395.12,277.35,0.17512
7800,12820,59787,17.383,602.63,566.28,0.031098
7801,12752,59749,17.309,690.22,458.45,0.20177
7802,12616,59644,37.12,183.96,154.47,0.087132
7802,15061,60199,26.451,1066.2,580.18,0.29521
7804,13580,59171,26.661,430.85,396.48,0.041541
7805,12634,58273,34.431,657.28,426.78,0.21263
7807,14441,58967,32.862,232.91,289.81,-0.10884
7808,12718,59830,20.975,799.1,476.12,0.25327
7809,12927,58077,33.218,273.24,182.5,0.19911
7809,13364,59927,33.487,341.35,161.43,0.35784
7810,13544,59792,36.097,594.77,543.96,0.044622
7810,14987,60488,28.113,642.4,465.3,0.15988
7811,13504,59852,34.15,360.4,196.78,0.29365
7811,14934,60590,36.231,540.49,267.05,0.33861
7812,12890,59277,33.281,425.36,273.48,0.21733
7812,13674,59828,35.635,709.09,278.87,0.43547
7814,12878,60024,31.291,238.1,147.43,0.23517
7814,13640,60579,27.55,190.83,130.67,0.18714
7814,14044,59943,22.855,445.63,285.86,0.21842
7815,12836,58120,22.17,762.36,413.81,0.29634
7818,12490,60011,28.046,310.9,145.91,0.36117
7820,12426,58415,34.108,203.18,204.67,-0.0036598
7820,12655,59720,19.207,519.61,322.45,0.23413
7820,13559,59949,23.886,250.04,155.91,0.23187
7822,13130,60723,25.554,805.19,575.09,0.1667
7822,15120,60537,27.901,458.46,203.12,0.38596
7823,13304,59812,23.305,775.66,483.04,0.23247
7823,14191,58750,36.717,1344.5,929.98,0.18225
7825,14342,58941,32.901,417.67,312.41,0.14418
7825,15063,59176,33.255,683.95,302.49,0.3867
7826,12761,57859,24.247,844.67,578.56,0.18698
7829,13024,60518,28.077,234.19,203.21,0.070845
7831,12949,58418,39.404,436.11,362.88,0.09165
7832,12906,57878,20.377,753.67,450.47,0.25179
7832,13339,59162,28.747,427.74,702.12,-0.24285
7833,13783,59172,28.835,668.01,1063,-0.22817
7835,14645,59748,25.982,260.89,154.94,0.25478
7836,13206,59096,33.973,381.81,654.63,-0.26323
7837,13236,57807,34.802,537.82,357.01,0.20206
7837,13227,59098,25.989,357.13,625.75,-0.27329
7838,13110,59140,37.053,525.46,980.42,-0.30212
7839,12995,58824,31.635,383.88,174.4,0.37523
7841,13110,59058,36.568,340.25,380.53,-0.055882
7841,15015,60302,27.091,616.15,271.26,0.38865
7843,12445,58688,32.692,768.7,316.82,0.41628
7844,14640,59787,29.062,295.84,134.12,0.37612
7846,13127,58687,25.385,614.37,378.17,0.23798
7846,14611,59634,30.106,473.34,394.69,0.090615
7849,12555,58657,27.779,1229.8,937.29,0.13498
7849,13383,60254,38.296,402.26,239.24,0.25412
7849,13444,60249,37.546,455.73,320.43,0.17431
7850,14113,59928,25.907,568.27,212.86,0.45499
7851,12478,59786,38.374,442.9,161.23,0.46624
7851,15009,60266,34.889,509.84,399.19,0.12172
7852,15127,60402,29.82,1121.8,698.74,0.23237
7853,12703,57873,16.825,784.84,362.68,0.36789
7855,12486,58071,20.127,312.39,162.82,0.31475
7855,15163,60195,28.068,287.2,381.97,-0.14162
7856,12912,60094,31.614,427.6,432.83,-0.0060806
7858,12765,60575,31.815,637.31,331.6,0.31552
7863,13457,58694,21.737,695.97,393.28,0.27789
7863,14656,60061,28.306,385.32,380.83,0.0058555
7864,13419,58790,27.712,342.62,307.33,0.054298
7866,12641,58464,28.173,460.71,219.73,0.35416
7868,12783,58735,28.062,264.54,134.7,0.32522
7868,13484,60195,31.217,377.76,235.93,0.23111
7869,12646,58595,29.642,421.23,312.54,0.14813
7871,12731,57792,28.044,651.98,633.6,0.014293
7871,14634,59722,33.343,440.46,190.39,0.39639
7872,12489,60582,29.185,322.75,201.96,0.2302
7872,12810,57822,24.34,765.85,564.15,0.15165
7872,14437,58314,16.46,680.22,258.08,0.4499
7874,12725,59779,32.205,174.18,168.24,0.017338
7876,14279,58868,12.395,1111.8,276.57,0.60159
7877,12796,58431,24.961,237.34,120.91,0.32499
7877,14340,58819,13.03,1094.8,335.83,0.53051
7878,12583,58812,28.508,479.81,273.45,0.27396
7878,14370,58729,24.969,597.33,209.89,0.47997
7878,15319,59797,32.381,158.89,165.3,-0.019759
7879,12516,58709,26.991,1263,672.68,0.30497
7879,14339,58461,13.079,599.29,156.42,0.58603
7880,12786,58226,21.738,562.17,674.88,-0.091112
7880,14211,58617,17.498,757.11,123.54,0.71943
7881,14304,58831,14.642,683.61,156.55,0.62733
7882,12584,57880,25.547,702.07,435.15,0.23471
7882,14335,58853,13.652,622.88,119.13,0.67889
7883,12728,57766,40.787,426.19,109.1,0.59237
7883,14328,58867,15.514,524.5,164.93,0.52156
7884,13254,59952,36.756,297.81,260.7,0.066451
7884,14656,59084,32.493,446.71,423.44,0.026742
7885,12926,60205,37.728,397.99,301.85,0.13736
7885,14196,57802,28.874,355.74,398.62,-0.056836
7886,12663,59191,33.814,411.59,474.74,-0.071252
7886,13319,58935,27.235,423.94,557.22,-0.13584
7886,15337,59236,28.184,408.19,194.75,0.35399
7887,12933,60225,27.292,555.08,494.1,0.058118
7887,15298,59109,29.036,466.65,329.29,0.17257
7888,14184,60005,38.126,1026.3,578.26,0.27924
7889,15137,60554,34.034,331.1,254.23,0.13132
7890,14163,57813,26.664,440.24,406.03,0.040423
7890,14333,59630,28.083,306.84,258.46,0.085583
7890,15158,60346,33.073,353.88,209.09,0.2572
7891,14124,57828,34.817,258.24,257.14,0.002136
7895,13271,58530,30.083,440.17,143.39,0.50857
7896,13245,58670,32.449,510.8,297.58,0.26376
7897,12440,58584,33.388,398.28,264.58,0.2017
7898,12453,58604,28.961,618.97,438.88,0.17024
7898,13922,59219,30.835,671.92,486.34,0.16022
7899,12530,59270,34.817,265.33,240.74,0.048603
7899,13161,60148,36.075,291.7,178.93,0.2396
7899,13802,59302,37.474,455.44,417.85,0.043046
7900,12462,60694,24.248,264.02,169.92,0.21685
7902,12530,59846,29.823,526.63,397.12,0.1402
7902,14125,57784,27.095,352.86,317.85,0.052197
7903,13356,58974,26.217,267.76,690.27,-0.44102
7904,12770,58895,24.555,703.55,355.7,0.32839
7904,13275,58901,37.49,617.12,604.99,0.0099304
7911,14641,58481,31.936,276.89,190.46,0.18493
7914,13498,58975,35.406,201.01,165.39,0.097217
7914,14092,59832,31.14,504.82,339.4,0.19595
7914,14324,58811,34.855,670.46,286.55,0.40115
7915,15332,59413,33.361,465.41,438.64,0.029602
7916,14343,59041,37.542,532.16,373.96,0.17459
7918,12456,59775,28.328,557.06,446.7,0.10995
7919,13360,59725,18.537,743.2,230.66,0.5263
7919,13377,58158,33.881,389.4,444.09,-0.065619
7919,14389,58844,30.915,537.61,478.24,0.058443
7920,12844,59755,29.633,486.89,181.75,0.45636
7920,13657,59764,29.223,765.26,498.94,0.21066
7920,14351,58865,29.943,371.88,159.41,0.39991
7921,14968,59191,37.985,158.38,130.91,0.094958
7922,13348,59767,26.321,283.06,311.74,-0.048212
7924,14963,59557,43.898,475.22,350.8,0.15063
7926,14008,59783,30.402,767.23,642.69,0.08833
7927,12852,59647,24.45,252.1,185.38,0.15252
7927,13935,59732,39.6,265.84,103.77,0.43847
7928,13167,60071,33.972,471.35,332.27,0.17306
7928,14903,60000,39.338,378.92,231.67,0.24117
7929,13105,58003,26.036,727.41,665.66,0.044328
7931,12894,57846,20.523,361.7,256.34,0.17049
7936,12576,58954,34.366,253.85,183.52,0.1608
7937,12603,58835,37.77,341.22,174.36,0.32364
7940,13428,60099,31.881,407.95,158.34,0.44078
7940,14255,58693,29.466,526.84,258.38,0.3419
7943,13127,60012,25.339,403.27,428.89,-0.030781
7943,13925,58750,31.06,734.74,461.83,0.22808
7944,12528,60711,30.89,253.13,135.45,0.30284
7944,13652,59629,32.985,358.72,275.27,0.13163
7947,13745,58670,33.163,210.35,294.78,-0.16715
7948,13286,60144,26.693,490.46,407.76,0.092073
7950,14633,59682,34.204,254.89,158.94,0.23186
7952,14360,60263,25.842,734.94,715.34,0.013512
7953,14309,60294,26.629,422.28,412.32,0.011933
7953,14543,58458,16.463,320.22,277.89,0.070774
7954,14345,58668,35.494,285.12,143.87,0.32927
7958,12700,60016,30.358,234.34,136.08,0.26527
7960,13054,59780,32.013,286.63,185.31,0.21468
7960,15179,60619,33.62,387.84,197.83,0.32443
7961,12745,60297,36.816,302.59,131.69,0.39352
7962,15053,59930,26.358,201.67,134.7,0.19911
7963,12861,60410,39.284,332.67,100.21,0.53703
7964,15056,59105,20.707,205.16,142.05,0.18175
7965,12839,58230,27.984,759.33,293.74,0.44213
7965,13751,59936,29.737,364.89,112.54,0.52857
7965,13978,58597,32.215,477.77,315.51,0.20455
7965,15066,59161,29.166,372.85,286.76,0.13052
7966,14071,58524,37.858,281.23,211.72,0.141
7967,12474,59988,25.958,523.37,238.26,0.37434
7967,14195,58761,33.477,488.49,346.04,0.1707
7968,12520,60054,31.057,809.78,488.14,0.24781
7968,13614,59884,19.683,1043.6,306.58,0.54586
7969,12685,60129,25.343,896.84,725.14,0.10586
7969,13687,59953,21.895,354.38,111.88,0.5201
7970,13584,59961,25.121,493.82,287.4,0.26423
7971,13753,59961,22.82,458.97,226.47,0.3392
7972,13204,59821,29.872,512.63,122.68,0.61381
7973,14636,59727,23.963,878.57,732.62,0.090585
7974,13837,59929,30.994,719.28,248.66,0.48621
7974,14049,59945,25.715,855.53,499.78,0.26248
7976,13782,59973,29.264,338.4,234.96,0.18042
7977,13989,60250,39.243,468.26,336.4,0.16388
7978,15259,59757,24.256,418.19,572.27,-0.15556
7979,13440,60102,26.839,538.35,446.41,0.093361
7979,15112,60422,36.812,359.91,226.19,0.22814
7980,13180,60346,32.004,320.41,194.13,0.24541
7981,13309,60435,31.134,271.6,198.01,0.15672
7982,13476,59757,37.141,233.02,194.98,0.088865
7982,13348,60608,39.112,463.74,386.97,0.090251
7982,15090,60404,19.412,771.77,369.59,0.35237
7983,12506,58499,22.801,649.5,134.27,0.65737
7983,13308,60563,25.228,621.49,316.01,0.32585
7984,12570,58547,22.674,645.49,385.62,0.25203
7984,13183,60423,31.815,835.38,472.28,0.27767
7984,14114,57832,22.847,572.89,226.31,0.43366
7985,13215,60486,23.998,1053.7,1000.4,0.025918
7986,12661,58829,36.84,513.59,402.85,0.12084
7986,12746,57806,17.693,1089.8,519.59,0.35431
7986,13224,60500,27.783,329.03,362.67,-0.048632
7986,14163,57844,24.488,453.52,354.03,0.12319
7986,14720,59587,36.118,371.61,162.71,0.39095
7987,12610,58897,21.843,913.71,532.34,0.26374
7987,14784,59594,37.325,494.03,448.97,0.04779
7990,12442,59124,30.059,578.41,422.91,0.15529
7992,13771,59837,21.536,358.86,151.34,0.40675
7993,13355,60015,19.433,1716.5,839.21,0.34326
7994,13804,59840,27.075,402.73,209.08,0.31652
7995,14860,60339,24.146,291.64,167.95,0.26913
7996,14899,60345,36.503,235.12,232.66,0.0052596
8000,12763,59197,26.993,170.6,160.82,0.02952
8005,13545,58722,31.468,277.99,160.32,0.26847
8007,12454,59475,31.658,455.76,331.55,0.15776
8010,12606,59231,36.884,379.81,311.48,0.098835
8011,14309,59004,30.934,1297.3,622.89,0.35121
8012,12651,58875,26.878,275.63,176.53,0.21916
8013,12471,58932,27.946,393.85,166.97,0.40455
8013,13335,60363,34.508,347.69,179.77,0.31836
8013,14251,59008,31.127,1089.7,676.3,0.23409
8014,12830,58528,37.389,427.85,171.15,0.42855
8014,14087,58952,39.503,1058.2,918.24,0.070822
8015,12876,58398,26.267,513.19,236.1,0.3698
8015,13643,58838,19.66,999.21,698.19,0.17735
8015,15255,59518,36.607,435.99,328.69,0.14033
8016,13766,59936,31.721,462.48,187.86,0.42227
8017,12636,59966,29.999,385.6,305.14,0.11648
8017,13267,58745,29.843,247.5,264.95,-0.03405
8017,14656,58537,33.305,513.1,391.58,0.13433
8018,12788,59949,23.347,986.8,653.66,0.20308
8018,13216,58752,17.59,609.54,313.87,0.32019
8018,13222,58022,32.209,353.93,121.2,0.48983
8018,14807,60257,32.369,696.83,240.29,0.48717
8019,13874,60007,23.191,493.55,226.28,0.3713
8020,13952,59962,18.503,629.12,233.16,0.4592
8020,14579,59539,31.31,648.78,421.65,0.21219
8021,13953,59925,23.371,363.83,149.58,0.41732
8022,12871,57938,26.696,667.78,244.56,0.46388
8022,13896,59995,27.639,543.6,465.74,0.077139
8022,14406,58959,38.295,357.81,175.39,0.34212
8022,14642,59622,29.283,388.76,184.6,0.35609
8023,14552,59639,29.268,423.31,169.39,0.42841
8024,14141,58811,26.827,595.8,483.91,0.10363
8025,14382,59423,28.58,678.24,414.39,0.24148
8026,14077,58892,28.255,295.67,212.63,0.16335
8027,12664,58781,26.275,332.13,321.27,0.016627
8029,13552,59665,34.004,215.12,111.78,0.31614
8032,15201,59611,32.123,549.49,167.27,0.53326
8033,12984,58330,30.649,353.42,437.74,-0.10658
8033,14063,57843,18.916,494,275.3,0.28429
8034,12700,58417,29.539,526.58,659.24,-0.11188
8034,14089,57818,27.521,369.57,234.2,0.22421
8036,12796,58051,32.887,267.7,255.4,0.023498
8037,14716,59676,37.282,351.76,220.31,0.22978
8040,12605,59094,28.299,263.2,152.2,0.26721
8041,14036,58825,31.963,598.55,804.38,-0.14671
8042,14047,58757,24.84,724.12,600.12,0.093639
8043,12606,59968,22.912,423.79,295.57,0.17825
8045,13234,58633,22.108,465.27,259.5,0.2839
8046,13377,59868,29.309,602.9,375.29,0.23268
8047,13258,57948,23.673,660.91,323.24,0.3431
8047,14518,59466,28.366,636.83,236.5,0.45839
8052,15014,57808,33.164,159.49,175.97,-0.04913
8058,13370,59687,17.405,462.24,108.04,0.6211
8059,13442,59744,19.767,362.12,343.3,0.026672
8060,13235,57815,27.126,442.49,316.39,0.16616
8060,13408,59767,32.316,533.27,305.13,0.27212
8062,13398,59795,29.282,229.99,171.98,0.1443
8064,15245,60444,35.18,358.66,314.96,0.064881
8066,15176,60471,24.026,967.39,593.94,0.23919
8067,12795,59859,32.157,463.23,413.45,0.056774
8068,13315,59781,18.411,530.12,311.15,0.26028
8068,14132,57775,35.689,302.84,232.36,0.13168
8069,13389,59797,24.875,477.68,196.64,0.41677
8069,13948,59793,25.288,788.8,592.39,0.14221
8069,15236,60072,33.618,432.94,363.96,0.086554
8070,13274,59819,24.908,403.11,249.25,0.23585
8070,14060,59677,35.894,1198.7,826.07,0.18404
8071,13993,59798,28.603,666.69,215.7,0.5111
8072,14052,59902,36.351,289.28,180.2,0.23235
8073,13392,59743,27.755,347.16,209.38,0.24757
8073,14319,58578,33.426,694.61,201.42,0.55042
8077,14128,59730,30.992,307.07,317.69,-0.016989
8077,14720,59634,23.499,338.47,288.9,0.079002
8078,15410,59769,30.268,418.5,434.06,-0.018252
8079,14687,59815,31.376,548.59,655.12,-0.088495
8082,13465,58640,21.83,828.98,394.28,0.35536
8082,14076,57874,34.141,312.64,324.62,-0.01881
8082,14216,58715,40.155,670.46,625.11,0.035004
8083,13327,58748,30.854,452.47,227.14,0.33154
8083,13912,59280,33.925,317.35,236.07,0.14686
8084,12461,59136,31.346,504.83,488.59,0.016353
8084,13355,58931,29.381,882.58,660.83,0.14368
8084,14447,58439,39.601,245.34,127.97,0.31441
8086,12774,58679,30.125,804.11,317.86,0.43339
8086,12776,58758,31.359,646.88,249.76,0.44289
8091,13304,58700,28.898,482.17,327.07,0.19165
8093,13288,59847,32.478,401.74,367.58,0.044398
8094,12424,59293,27.854,427.47,131.79,0.52869
8094,15388,59711,36.191,504.87,364.3,0.16173
8096,13910,60089,40.346,226.74,142.86,0.22695
8096,14191,59049,35.319,274.36,233.95,0.079502
8100,13785,58652,32.079,476.22,265.28,0.28448
8101,12882,58530,33.703,269.73,123.61,0.37149
8103,12704,60329,32.72,390.52,183.89,0.35972
8104,12741,59232,37.402,215.55,190.13,0.062659
8105,12632,59883,38.027,404.77,260.32,0.21719
8106,12619,59962,23.253,471.45,409.24,0.070637
8106,13972,59140,31.148,591.97,473.84,0.11083
8107,13033,57802,31.404,564.47,205.49,0.46623
8107,13101,58303,25.546,520.49,214.85,0.41564
8107,13064,60604,23.584,478.47,501.3,-0.023308
8114,12589,57901,28.237,504.85,288.11,0.27334
8115,12679,57905,24.099,982.43,410.72,0.41038
8116,12605,58074,31.923,697.08,411.41,0.25772
8118,12486,59670,20.713,885.62,348.54,0.43518
8125,12699,58008,23.179,416.22,169.84,0.42041
8125,15131,60466,39.139,412.33,262.39,0.22222
8126,13230,59878,31.247,631.3,455.05,0.16224
8127,13250,59840,26.949,323.12,200.25,0.23477
8128,13254,59766,18.176,668.47,397.67,0.254
8129,12987,58642,34.909,579.82,475.43,0.098922
8129,13241,59850,24.161,516.17,303.36,0.25966
8131,13714,57922,35.108,125.31,440.17,-0.55681
8132,12433,58289,19.548,1213.3,751.06,0.2353
8132,12671,59423,36.858,514.29,551.36,-0.034788
8135,12535,58590,21.711,464.45,282.85,0.243
8135,12679,59748,17.721,987.06,560.1,0.27596
8136,12567,59775,18.319,891.18,463.16,0.31604
8136,15194,60309,22.13,720.24,489.9,0.19033
8137,12592,59912,19.698,744.93,510.75,0.1865
8138,12610,59906,23.858,1199.3,717.8,0.25117
8139,14957,60361,23.788,516.17,263.42,0.32421
8140,13522,57899,26.642,683.12,366.32,0.30188
8140,15063,60386,21.439,592.32,361.71,0.24172
8141,15051,60099,27.229,302.88,176.97,0.2624
8147,13147,58745,26.891,669.12,347.17,0.31678
8149,12907,60281,18.035,303.67,379.72,-0.11129
8151,12546,57836,25.306,376.76,325.25,0.073385
8151,15181,60447,26.821,401.77,110.63,0.56819
8156,12568,60030,30.654,241.57,118.98,0.34003
8157,12498,59820,28.392,628.23,372.72,0.25527
8157,13203,59938,31.104,1040.7,702.85,0.19377
8157,14312,60162,38.452,261.64,260.18,0.0028028
8157,14839,59022,25.202,488.09,100.61,0.6582
8158,13180,59811,16.638,1073.1,583,0.29595
8158,13171,60714,28.415,400.61,303.99,0.13712
8158,13763,59121,30.455,337.58,148.73,0.38834
8161,12664,59528,28.875,196.16,117.07,0.25249
8162,12479,59782,30.737,542.98,281.04,0.31788
8163,12619,59534,18.266,907.2,694.98,0.13245
8163,13992,59408,32.329,538.32,356.79,0.2028
8169,13590,60011,32.532,815.39,404.2,0.33715
8170,14262,58482,32.86,417.58,227.25,0.29516
8171,13596,58203,24.396,572.78,256.04,0.38216
8172,13358,59910,21.425,634.39,455.83,0.16379
8172,14089,59157,35.448,560.17,413.46,0.15068
8174,12886,60657,25.729,1075.7,782.39,0.15786
8174,13001,60689,31.395,1006.5,748.94,0.1467
8175,12566,58004,37.663,824.6,694.8,0.085433
8177,12519,59447,32.879,620.4,301.5,0.34592
8179,12727,60679,31.281,448.03,391.18,0.067739
8181,12994,60575,40.713,561.02,236.66,0.40663
8187,12866,58433,35.513,310.15,245.86,0.11562
8187,12963,60432,35.028,164.32,164.58,-0.0008041
8188,13064,60299,28.922,309.99,489.05,-0.2241
8189,12876,59972,23.285,405.68,254.27,0.22944
8190,12496,58448,28.397,668.46,297.93,0.38342
8190,14474,59760,31.43,416.09,421.98,-0.0070304
8192,13379,59288,31.885,159.95,160.91,-0.0029874
8193,12602,59099,33.125,163.59,107.58,0.20654
8194,13425,58770,17.351,650.37,359.4,0.28816
8194,14654,60388,29.151,157.52,104.32,0.20316
8196,13735,58917,30.571,259.99,124.08,0.35388
8198,12481,59606,25.778,1228.7,923,0.14209
8198,12740,59967,34.685,474.17,425.9,0.053628
8198,14481,60200,33.787,371.34,339.04,0.045463
8200,13586,60584,30.105,185.55,128.08,0.18324
8204,13110,59714,32.79,308.31,272.53,0.061616
8205,13945,58895,29.266,463.76,424.9,0.043734
8206,13050,57990,31.69,422.96,244.68,0.26704
8208,13042,57852,30.86,426.51,759.61,-0.28083
8209,14218,58833,37.325,651.75,399.86,0.23953
8212,12918,57741,23.127,507.25,331.41,0.20967
8212,13609,60203,34.275,358.64,309.71,0.07321
8215,13938,60233,35.382,408.17,307.13,0.14126
8218,15200,59008,29.954,391.64,203.13,0.31693
8219,14443,58507,26.864,261.42,170.5,0.2105
8220,12443,59918,41.162,503.38,417.02,0.093822
8220,12905,60591,31.043,451.43,362.13,0.10978
8220,12883,60094,31.11,619.68,416.7,0.19586
8223,13614,60047,38.531,437.77,141.15,0.51236
8223,13866,59626,36.902,408.8,197.91,0.34759
8225,13465,60145,32.815,219.56,130.81,0.2533
8227,14154,57817,38.075,239.72,277.1,-0.072335
8229,13972,59698,28.804,270.37,155.49,0.26976
8230,12593,59873,25.537,733.82,223.52,0.53304
8232,14614,58952,29.762,255.88,137.99,0.29931
8233,15122,58997,46.161,679.83,253.33,0.45706
8236,12445,60486,38.017,185.93,132.06,0.16942
8236,12996,58271,36.744,533.12,198.34,0.45768
8236,13690,58693,36.516,339.95,239.9,0.17255
8237,13797,58272,35.408,262.8,119.75,0.37394
8237,15280,59612,30.92,484.14,204.45,0.40618
8242,15401,60316,34.863,414.71,304.46,0.1533
8243,15127,60368,35.489,365.5,350.58,0.020833
8244,12522,59712,23.358,416.51,152.51,0.46394
8249,12850,59911,31.103,720.47,702.79,0.01242
8249,14365,57793,30.341,179.41,103.04,0.27038
8250,13131,59874,40.189,281.35,148.95,0.3077
8250,14049,58936,31.952,417.64,305.3,0.15539
8253,13194,60151,26.068,520.32,223.55,0.39896
8254,14512,58870,29.819,277.23,169.39,0.24146
8260,14113,59036,28.736,666.47,484.69,0.15791
8261,12520,57904,28.159,253.93,108.87,0.39981
8262,15239,59697,33.714,678.39,343.64,0.32753
8263,12811,59739,36.059,435.89,659.12,-0.20386
8263,13588,58740,31.107,464.04,284.1,0.2405
8264,12592,59615,27.757,607.08,723.91,-0.087777
8265,12666,59511,26.635,457.04,847.88,-0.29951
8266,14736,59587,34.075,132.17,163.69,-0.10653
8268,12961,58509,26.313,972.62,736.29,0.13829
8269,13165,58364,38.509,1307.1,998.36,0.13392
8270,14951,60305,21.701,341.47,223.92,0.2079
8271,12782,58264,22.497,737.57,357.46,0.34712
8271,14976,60463,34.251,323.49,134.7,0.41203
8276,12625,58662,24.13,318.42,495.42,-0.21749
8278,13854,59080,38.227,277.7,186.33,0.1969
8280,12507,58828,26.505,575.61,321.08,0.28386
8281,12567,58875,27.028,614.89,383.95,0.2312
8283,14952,59131,26.18,356.76,158.79,0.38401
8284,15083,59176,25.654,328.53,222.53,0.19235
8285,12448,58182,28.744,297.11,284.18,0.02225
8287,12546,59847,26.142,674.66,429.42,0.22212
8295,12835,60600,33.878,312.54,147.05,0.36007
8296,12436,60485,34.347,321.98,241.54,0.14274
8297,12587,57846,33.377,409.14,235.43,0.2695
8301,15113,59129,37.742,293.23,247.44,0.084685
8302,12746,57876,17.742,388.81,111.1,0.55551
8303,12459,58639,19.676,308.08,142.8,0.36657
8304,13253,60581,23.234,747.13,114.7,0.73383
8305,13118,60436,36.831,428.33,348.83,0.10229
8308,12649,59432,27.649,332.25,186.9,0.27997
8308,13146,60442,20.712,1440.8,925.76,0.21763
8314,12867,60133,34.93,267.18,168.8,0.22566
8321,13239,59747,25.737,706.85,304.22,0.39822
8322,12685,57869,31.052,603.66,245.13,0.4224
8322,13111,59898,16.717,955.63,362.67,0.44979
8323,13064,58039,40,977.04,600.45,0.23873
8323,13109,59859,21.277,724.74,528.85,0.15626
8325,12428,58295,27.106,745.07,623.88,0.088524
8325,13244,58476,35.807,305.49,185.49,0.2444
8325,13359,60122,22.703,390.81,389.33,0.001893
8327,13312,58710,33.182,823.36,658.27,0.11142
8328,12715,57780,33.305,539.42,447.01,0.093687
8328,12689,59940,35.145,331.34,135.43,0.41971
8332,13226,58206,31.719,483.09,504.52,-0.021695
8333,13206,58321,21.014,435.07,132.21,0.53386
8334,13132,58364,24.49,398.98,292.22,0.15446
8336,13052,58711,34.974,372.74,592.1,-0.22735
8337,13155,58565,40.242,395.73,467.09,-0.082701
8338,14321,60424,35.719,309.5,273.49,0.061769
8342,12842,60005,28.083,441.53,382.49,0.071649
8344,12674,58286,26.968,243.99,109.09,0.38204
8344,13206,59835,24.468,487.85,292.99,0.24956
8345,12503,58276,38.509,425.03,276,0.21258
8345,13241,59844,36.7,388.2,230.68,0.25451
8346,13511,60092,33.386,396.57,210.36,0.30679
8347,13185,59851,27.539,502.98,279.85,0.28503
8350,13272,60015,31.475,737.91,326.74,0.3862
8351,14750,60051,33.104,735.34,749.63,-0.0096258
8352,15157,60228,33.125,576.43,379.29,0.20628
8358,12648,58536,34.939,314.82,168.95,0.30153
8360,12429,59530,35.035,617.11,373.73,0.24563
8360,13196,58332,35.164,396.76,203.79,0.32132
8362,12613,59418,31.739,841.68,941.91,-0.056195
8362,15083,59498,37.221,889.07,548.97,0.2365
8363,12585,59620,21.965,577.16,318.86,0.28828
8363,13080,60551,27.566,245.6,252.15,-0.013157
8363,13750,60300,34.724,195.7,104.39,0.30427
8364,13173,59786,34.166,525.13,389.88,0.14781
8365,12515,59236,25.681,323.2,165.9,0.32161
8365,12661,57766,25.173,262.64,268.52,-0.011075
8365,13216,59743,36.824,286.84,144.97,0.32854
8365,14752,59664,35.392,110.38,101.99,0.03952
8368,12601,57950,24.414,488,235.98,0.34809
8370,13340,59711,30.049,346.23,235.33,0.19069
8371,12872,59976,31.792,574.76,524.38,0.045829
8375,13008,58265,38.002,253,149.3,0.25779
8375,13008,60099,27.571,370.82,241.37,0.21145
8376,13575,58704,32.654,330.46,104.6,0.51914
8378,12976,60012,36.371,297.73,391.07,-0.13551
8379,13541,59375,39.596,307.09,164.33,0.30283
8380,12663,60283,37.294,244.7,155.35,0.22334
8387,14532,60020,36.715,238.57,100.33,0.4079
8389,12940,60633,38.573,340.21,248.23,0.15632
8390,13079,60525,26.271,231.1,115.82,0.33229
8392,12774,60011,26.353,437.94,182.11,0.41259
8395,12763,58941,30.849,737.66,334.41,0.37614
8395,13293,60008,28.831,528.3,394.61,0.14485
8395,13596,58665,30.63,291.82,173.2,0.25509
8396,12558,58887,28.994,1005.7,468.62,0.36428
8400,12587,57777,22.895,517.03,137.11,0.58078
8401,15011,59138,30.037,254.43,136.76,0.30081
8411,12461,59785,42.05,551.65,435.04,0.11818
8415,12894,58411,29.16,745.56,519.15,0.17902
8416,13212,58366,31.056,675.67,630.03,0.034957
8421,13095,58293,33.351,294.84,126.04,0.40108
8421,14757,59732,25.775,651.79,442.99,0.19073
8422,14827,59715,26.334,749.65,547.2,0.15611
8423,14768,59840,29.591,815.45,910.87,-0.055276
8426,15091,58282,35.26,561.29,253.55,0.37767
8428,13021,59850,25.9,489.95,108.89,0.63633
8431,13269,59978,35.956,561.14,244.83,0.39246
8432,13441,60124,28.22,729.52,528.96,0.15937
8434,13201,59895,29.583,540.17,228.9,0.40474
8434,14212,58859,38.098,138.66,121.79,0.06479
8435,15061,60448,32.891,533.44,202.22,0.45023
8437,13198,60048,28.828,485.53,239.36,0.3396
8438,12630,59387,29.197,279.54,138.65,0.3369
8439,13219,58600,32.195,764.92,630.18,0.096576
8440,13220,60545,32.213,528.72,591.07,-0.055684
8440,13435,58750,28.406,604.84,251.51,0.41261
8444,13096,58636,25.431,433.44,178.36,0.41692
8445,13298,58674,25.906,321.89,223.73,0.17991
8446,13393,58728,16.361,1015.2,584.72,0.26906
8449,14907,59272,33.478,323.06,284.7,0.063116
8450,14819,59272,35.349,558.88,297.38,0.3054
8452,12848,59957,35.818,271.42,128.89,0.35605
8454,14795,60000,39.002,269.47,265.66,0.0071114
8456,13023,60716,36.807,228.7,297.57,-0.13087
8457,14089,59739,20.824,886.43,566.48,0.22021
8458,12501,57825,36.297,283.85,443.99,-0.22002
8458,13204,60163,35.103,285.15,224.64,0.1187
8459,12603,57852,24.938,367.8,395.72,-0.036577
8460,14661,59101,38.731,273.59,133.17,0.34523
8463,13201,60718,26.343,489.62,231.45,0.35804
8465,13396,58066,30.718,329.29,159.77,0.34663
8466,12799,58086,38.013,200.01,144.82,0.16005
8473,12872,59896,24.194,531.64,373.79,0.17434
8473,13277,58670,28.197,471.22,469.75,0.0015658
8474,13105,59986,31.785,442.86,249.51,0.27926
8478,12693,59003,38.784,313.05,401.16,-0.12336
8480,15092,60321,31.799,405.3,252.76,0.23181
8481,13530,59082,33.243,623.1,383.34,0.23822
8482,12519,58354,31.674,305.7,175.68,0.27011
8483,12594,58123,25.896,743.03,577.73,0.12516
8483,14438,59606,31.66,308.39,107.53,0.48294
8484,13910,58564,33.694,619.44,564.01,0.046836
8489,14543,59709,32.738,181.08,119.37,0.2054
8490,13213,59959,28.561,318.85,101.35,0.51759
8492,14523,60470,32.951,153.29,139.33,0.04771
8501,14987,60346,22.796,562.23,386.27,0.18551
8508,13223,59848,35.776,507.2,274.98,0.29689
8509,13169,59721,28.123,323.57,237.46,0.15348
8511,12834,60638,29.969,313.95,192.72,0.23927
8512,13035,60640,21.342,415.56,225.26,0.29697
8513,13072,60640,22.664,421.16,106.41,0.59661
8514,13075,60682,25.498,428.68,158.01,0.46136
8516,12504,59782,26.603,867.8,464.72,0.3025
8516,13067,60630,33.673,539.33,232.09,0.39828
8518,13521,58642,31.48,371.59,116.74,0.52186
8520,13187,59921,29.916,621.77,278.91,0.38067
8522,12492,59721,37.919,988.16,551.66,0.28347
8522,13337,60167,31.625,815.64,509.15,0.23134
8523,13594,57963,35.086,466.07,147.19,0.51998
8526,13241,60150,34.173,408.63,298.54,0.15568
8529,12671,58907,31.961,339.41,118.85,0.48129
8529,12891,59889,23.795,765.61,598.27,0.12269
8531,13225,58437,32.558,735.13,301.82,0.41786
8538,12556,59510,24.111,405.59,102.54,0.59641
8539,12702,59415,31.828,260.91,284.81,-0.043788
8539,13336,58696,16.163,883.33,688.14,0.12421
8540,13347,58679,23.294,329.43,140.18,0.40299
8550,13080,59779,25.882,640.81,417.7,0.21078
8551,12476,59447,30.985,585.33,336.69,0.26967
8551,13128,59649,30.314,780.36,314.1,0.42602
8555,14212,58656,26.964,302.67,177.69,0.26016
8556,14208,58707,33.384,467.81,107.75,0.62558
8557,13408,58728,30.613,379.32,334.56,0.062706
8562,14473,58730,34.29,314.45,130.45,0.41357
8563,12438,59025,32.324,337.22,282.25,0.088752
8564,12754,59845,37.179,761.92,387.42,0.32584
8567,12502,58764,29.949,301.47,281.7,0.033889
8568,13309,60544,30.59,682.51,315.69,0.36749
8576,12541,59295,37.415,200.62,108.58,0.29766
8576,13673,60307,35.126,465.38,170.37,0.46404
8582,13116,59897,24.984,229.54,110.79,0.3489
8587,12806,59025,28.685,820.9,422.89,0.32
8587,14411,58414,36.749,452.68,199.99,0.38718
8588,12688,59705,17.981,847.45,574.99,0.19155
8589,12639,59729,28.468,1146.6,949.07,0.094278
8590,12763,59587,34.548,789.63,796.24,-0.0041664
8590,14870,60223,30.456,453.57,347.55,0.13235
8591,13156,60156,30.958,675.41,273.83,0.42305
8597,13087,60186,33.057,272.17,221.54,0.10255
8597,13977,58619,26.244,283.39,204.24,0.16234
8598,13036,60170,30.309,303.18,460.62,-0.20613
8599,12881,59574,26.688,609.32,508.66,0.090039
8599,14145,57749,25.098,297.1,205.6,0.18202
8600,12830,59619,32.58,253.59,210.74,0.092292
8600,13837,60291,35.218,536.78,288.34,0.3011
8600,14627,59608,30.607,462.25,236.49,0.3231
8601,13093,59890,20.477,385.7,353.14,0.044071
8602,13254,59907,20.579,385.62,320.12,0.092809
8602,13784,58668,24.861,538.69,327.59,0.24369
8603,13189,59944,27.025,222.16,230,-0.017336
8607,13885,60337,34.763,333.7,212.47,0.22197
8609,12462,59832,30.528,367.58,191.09,0.31592
8619,13025,58470,35.029,290.11,295.95,-0.0099652
8620,13220,60382,30.444,1009.4,1032.6,-0.011392
8622,15024,59186,37.434,379.45,437.58,-0.071151
8623,13574,60337,28.366,209.47,157.4,0.14194
8627,12766,57900,31.682,743.08,511.96,0.18415
8628,13229,58165,32.798,750.71,343.26,0.37245
8629,12692,57755,17.397,987.51,493.18,0.33385
8630,12808,57743,26.897,289.37,172.19,0.25388
8630,14560,59860,34.172,105.32,392.51,-0.5769
8631,12891,59503,25.948,260.01,109.57,0.40705
8631,13338,58242,34.017,608.64,480.66,0.11748
8633,14431,59020,32.807,438.92,237.93,0.29696
8635,12574,57755,28.762,1059.9,812.82,0.13192
8635,13086,60019,31.21,357.86,419.32,-0.079081
8637,12866,59667,36.104,179.35,133.37,0.14703
8637,13610,60340,27.927,466.29,204.29,0.3907
8638,13664,60402,35.515,301,126.02,0.40975
8639,13320,60596,33.075,448.67,152.71,0.49215
8641,13030,58283,33.959,528.08,425.5,0.10757
8642,13121,58176,32.598,223.17,151.11,0.19252
8644,14797,59151,25.605,572.34,144.16,0.5976
8645,13152,58245,23.708,597.11,280.42,0.36088
8650,14977,60247,36.915,277.94,235.23,0.083227
8651,13166,59778,23.729,856.77,295.36,0.48729
8652,12979,59968,18.955,421.57,231.57,0.29091
8653,12810,59941,30.064,432.26,267.43,0.23558
8653,13328,58669,29.14,171.61,158.25,0.040525
8656,12527,59894,38.52,232.72,141.97,0.24219
8658,14947,60297,28.589,553.78,155.1,0.56241
8659,14198,58365,35.465,219.41,113.34,0.31878
8659,14269,59322,24.397,285.92,224.47,0.1204
8663,12786,57807,19.845,758.68,554.93,0.15511
8664,14584,59674,32.528,249.63,254.79,-0.010222
8666,13186,60529,24.348,909.43,677.62,0.14606
8667,12964,60512,32.945,344.71,224.92,0.21029
8668,13147,60156,25.833,805.82,532.03,0.20465
8670,13066,60037,23.053,990.5,931.19,0.030862
8673,12824,59858,33.633,1016,632.64,0.23255
8674,14770,58941,30.403,335.58,243.79,0.15842
8676,12788,59715,22.724,281.28,105.25,0.45541
8684,14365,59032,37.936,517.43,346.26,0.19819
8685,14222,58882,34.633,560.75,597.49,-0.031725
8689,13234,60527,22.561,629.49,312.66,0.33627
8698,12589,59763,31.19,295.9,225.25,0.13556
8699,14418,58489,35.945,139.11,157.21,-0.061082
8702,13528,58711,36.813,297.39,233.96,0.11937
8706,13054,58035,26.232,760.58,548.75,0.16179
8711,13149,60670,28.96,730.56,371.85,0.32539
8711,15242,60280,35.791,222.51,259.42,-0.076602
8712,13280,60622,23.754,439.37,166.86,0.44953
8714,12759,59505,25.995,467.08,192.74,0.41577
8715,12773,59906,31.623,599.06,458.96,0.13242
8719,13422,59562,37.345,527.38,271.17,0.32085
8721,13270,59549,24.026,545.09,431.7,0.11608
8722,13519,58743,29.667,653.53,382.94,0.26107
8722,15180,60367,23.033,224.96,113.31,0.33008
8723,13091,58286,21.626,419.83,222.58,0.30705
8723,13504,58686,34.154,883.19,647.86,0.1537
8723,13851,59843,35.848,570.49,381.93,0.19798
8724,15042,60301,30.846,304.3,202.68,0.20045
8725,12511,57876,36.032,221.15,255.38,-0.07183
8725,13010,60507,30.363,186.68,149.25,0.11141
8725,14989,60299,23.756,234.9,245.09,-0.021224
8727,12651,59887,32.29,314.96,165.7,0.31053
8728,13138,60575,34.53,572.59,303.63,0.30695
8728,14905,59112,34.931,146.65,105.56,0.16291
8731,12893,60224,21.911,494.56,349.48,0.17189
8732,13354,58566,32.071,300.31,227.67,0.13758
8733,13038,60353,29.375,711.29,736.87,-0.01766
8733,13186,60393,37.963,615.6,595.39,0.016693
8734,13599,58780,26.663,220.77,163.55,0.14889
8735,13402,58682,23.111,254.31,133.91,0.31011
8739,12886,59869,33.516,570.56,310.93,0.29454
8741,15169,60513,33.361,400.16,346.46,0.071923
8742,13408,60167,32.061,646.25,329.24,0.32498
8742,14506,58585,35.71,457.42,140.04,0.53121
8745,12483,59482,22,780.15,529.98,0.19096
8745,13525,60194,40.162,120.16,114.61,0.023643
8746,12558,59531,23.74,676.12,334.06,0.33861
8747,13281,60448,32.776,428.7,330.99,0.12862
8750,12594,57803,26.495,651.8,420.93,0.21522
8750,13725,58771,34.178,366.25,199.03,0.29583
8751,12593,57827,23.43,426.28,187.16,0.38979
8752,12703,57971,38.77,346.59,165.26,0.35427
8756,13262,59843,28.211,799.99,550.04,0.18515
8757,13500,60142,26.137,274.53,305.6,-0.053559
8757,14316,58563,28.798,656.28,418.82,0.22088
8758,13331,59721,31.213,289.83,330.89,-0.066148
8762,14199,58684,31.074,633.84,293.84,0.36651
8763,12532,58852,28.101,422.09,261.85,0.23429
8764,12441,58822,26.847,311.25,135.87,0.39224
8764,15158,60700,32.785,631.89,320.74,0.32662
8766,13132,58605,31.096,193.15,145.78,0.13976
8766,15129,60600,40.339,267.73,349.04,-0.13184
8775,13375,58621,29.825,401.95,383.15,0.02394
8777,13004,60586,30.838,462.22,477.78,-0.016559
8779,12744,59438,24.559,717.52,223.48,0.52501
8780,12685,59466,15.108,381.72,155.01,0.42238
8781,12580,59260,28.983,548.52,456.69,0.091359
8783,12473,59401,22.742,1040.9,502.64,0.34872
8785,13084,60255,28.943,185.68,127.56,0.18554
8786,15039,60552,33.019,399.88,255.27,0.22074
8788,15310,60661,36.527,300.02,242.33,0.10637
8789,15058,60498,17.982,601.3,411.67,0.1872
8790,15146,60565,23.308,476.69,332.83,0.17771
8791,13011,59884,34.861,275.64,314.88,-0.066449
8791,15211,60587,25.164,486.58,368.72,0.13781
8797,15041,60090,22.738,482.93,309.71,0.21854
8798,15019,60094,34.106,265.08,294.14,-0.051956
8799,12457,59206,32.368,523.66,242.7,0.36661
8800,14987,60282,29.388,388.05,180.93,0.36402
8805,13197,58508,30.047,822.05,360.26,0.39058
8805,14921,59974,32.26,475.86,614.73,-0.12733
8807,13298,60658,32.149,170.83,144.97,0.081888
8808,15037,60011,29.039,349.47,342.27,0.010409
8814,13339,59872,35.427,538,460.77,0.077319
8822,12684,60041,33.394,362.49,304.55,0.086861
8830,13605,58288,36.867,324.73,250.22,0.12959
8835,12430,59276,40.977,443.85,256.96,0.26668
8838,12427,59666,29.374,498.71,477.95,0.021253
8838,13848,58992,39.501,830.81,670.48,0.10679
8839,12674,59503,28.122,325.79,201.7,0.23525
8839,15073,60188,33.884,338.56,210.89,0.23235
8840,13288,58595,22.957,500.45,328.01,0.20814
8841,13403,58595,40.31,635.97,131.1,0.65818
8843,15207,60348,36.361,165.45,183.58,-0.051932
8848,14146,59870,33.77,284.32,197.86,0.17931
8849,13672,58696,34.443,338.93,128.71,0.44953
8850,13754,58732,32.957,268.83,141.18,0.31134
8850,15224,60294,35.715,229.81,122.68,0.30392
8851,12950,59985,31.875,231.21,256.13,-0.051131
8851,14012,59986,28.952,459.77,436.44,0.026022
8853,12888,59903,32.226,428.53,192.29,0.38054
8854,12825,57875,32.73,194.01,113.31,0.26259
8856,12966,60048,24.873,353.84,304.71,0.074605
8857,12961,59998,22.5,667.17,387.76,0.26485
8858,13035,59939,16.268,860.34,815.78,0.026585
8858,13722,59965,31.358,390.3,362.5,0.036927
8858,15043,60397,36.461,302.36,120.53,0.42997
8859,13039,59947,24.344,542,545.01,-0.0027677
8860,12945,59980,20.5,277.26,283.53,-0.011193
8860,13798,59989,34.289,468.16,334.3,0.16681
8861,12576,57734,34.497,297.41,156.87,0.30937
8861,14561,58522,33.585,369.02,208.72,0.27746
8862,12912,59888,27.644,397.68,526.24,-0.13915
8862,13586,58710,35.681,430.56,255.44,0.25528
8863,12896,59909,22.429,325.44,250.33,0.13045
8863,13043,58107,33.565,233.88,134.85,0.26857
8864,12889,59913,24.214,293.18,321.57,-0.046179
8865,13400,58668,26.3,306.91,262.7,0.077613
8866,13313,58587,20.431,358.52,218.06,0.2436
8867,12916,59987,12.553,454.14,419.55,0.039593
8867,15002,59163,24.954,681.86,480.68,0.17305
8868,12850,60052,33.722,185.31,115.67,0.23137
8868,13559,60158,29.62,402.1,106.35,0.58167
8868,14864,60053,35.489,551.53,316.68,0.2705
8869,15049,60259,31.846,550.87,362.07,0.2068
8870,12828,59482,25.558,563.35,275.6,0.34299
8872,13115,59965,27.713,275.02,323.18,-0.080509
8873,14936,58965,39.312,211.75,155.75,0.15237
8874,13374,58669,37.097,304.87,155.34,0.32491
8876,13320,59863,26.997,315.45,135.65,0.39858
8879,12889,59948,14.144,460.3,171.92,0.45615
8879,14695,60257,37.034,166.1,192.1,-0.072563
8881,12898,59986,10.932,495.91,286.56,0.26755
8883,12808,59831,38.732,268.78,100.82,0.45443
8887,14122,60015,32.683,150.69,129.44,0.075864
8888,13384,58502,34.035,328.47,421.17,-0.12366
8889,13348,58579,29.532,355.05,324.88,0.04437
8890,13354,58678,22.678,346.57,249.63,0.1626
8893,13278,60629,28.841,267.27,170.21,0.22186
8893,15128,60612,37.526,327.69,216.13,0.20514
8894,12570,59791,30.188,240.55,226.66,0.029741
8895,13126,60520,32.465,207.65,195.32,0.030585
8896,13198,60304,26.468,421.73,309.87,0.1529
8896,15092,58055,29.952,587.45,235.79,0.42716
8897,15176,57872,22.798,800.35,510.46,0.22115
8901,13464,60151,34.506,224.11,265.25,-0.084062
8903,13169,58455,32.99,438.15,161.78,0.46067
8915,14211,58770,27.375,397.69,204.74,0.32028
8917,13299,58599,26.141,587.74,348.13,0.25604
8919,14237,58932,37.567,648.24,410.64,0.22438
8921,14077,58747,31.358,537.42,396.45,0.15096
8922,15222,59079,34.698,377.28,291.67,0.12797
8923,14200,58832,32.193,211.63,189.56,0.055011
8925,14989,60254,34.268,339.41,231.68,0.18864
8926,13299,58676,20.529,347.97,127.08,0.46499
8927,14033,58743,27.186,791.96,681.96,0.074626
8927,14025,58777,25.99,976.02,900.21,0.040405
8930,12920,59875,29.159,988.08,661.23,0.19818
8934,12484,59585,39.553,613.15,367.47,0.25053
8934,12617,59430,40.383,598.39,306.77,0.32217
8934,13176,59909,34.094,312.42,241.88,0.12726
8935,12582,59662,25.991,434.24,323.61,0.14599
8941,13150,60587,28.044,363.55,271.01,0.14583
8942,12557,59548,22.95,887.51,201.95,0.62926
8942,13482,60370,27.02,350.67,145.26,0.4142
8943,12682,59634,26.431,580.04,385.54,0.20143
8943,13542,60387,36.99,211.01,100.62,0.35424
8945,14710,60343,32.615,142.2,207.04,-0.18565
8960,14870,59960,36.059,263.23,351.32,-0.14335
8963,14859,60232,37.883,260.14,240.76,0.038691
8964,14241,59715,34.54,160.48,113.49,0.17153
8968,12524,59352,29.212,204.02,207.62,-0.0087467
8972,12966,60431,29.48,394.02,270.81,0.18532
8975,12993,60540,16.916,404.55,155.95,0.44353
8980,14839,59567,35.186,243.74,140.01,0.27032
8982,13338,58627,36.921,214.45,119.83,0.28306
8983,13045,60572,36.448,273.81,110.99,0.42312
8984,13562,60144,32.416,147.73,161.97,-0.046004
8988,13177,60558,36.004,303.08,464.27,-0.21005
8989,12829,59722,27.874,446.43,176.97,0.43224
8990,13085,59813,22.131,868.76,394.52,0.3754
8994,12704,58821,42.831,427.6,262.14,0.23989
8994,12937,58135,39.629,547.52,246.8,0.37858
9001,14470,58637,29.025,463.19,232.1,0.33237
9005,12916,57826,29.257,311.29,226.55,0.15754
9006,12745,57805,33.358,552.73,391.16,0.17117
9006,14069,58737,33.212,359.14,326.77,0.047193
9011,15099,59153,26.58,210.26,171.02,0.10292
9012,15048,59203,29.567,714.48,525.51,0.15239
9018,13304,58546,20.059,524.6,335.16,0.22033
9018,13851,58706,30.376,1179.4,1081.4,0.043359
9018,14971,59098,37.452,241.24,467.65,-0.31938
9019,13721,58599,28.047,1136.7,638.27,0.28079
9028,12538,59902,27.054,432.06,351.57,0.10271
9029,12664,59845,33.032,669.39,1037.9,-0.21584
9030,12761,59749,33.564,289.27,337.7,-0.077251
9031,12626,59560,28.339,715.61,549.35,0.13143
9035,12580,59732,18.59,1380.4,763.33,0.28785
9036,13357,60535,36.124,239.18,139.99,0.26161
9037,12559,59617,30.741,556.39,234.4,0.40717
9038,13308,60125,36.79,820.59,873.85,-0.031436
9039,13217,60323,24.189,264.09,209.35,0.11563
9046,13856,58720,34.524,726.61,473.74,0.21066
9052,12866,59391,33.682,200.16,134.67,0.19558
9053,13094,59739,26.838,325.85,129.86,0.43008
9054,13037,59915,37.111,430.61,362.87,0.085377
9056,13221,58609,23.032,904.14,356.11,0.43486
9062,14274,58538,40.212,335.88,318.88,0.025956
9063,13903,59692,42.981,286.53,168.54,0.25929
9069,12612,60142,32.26,214.35,314.22,-0.18894
9070,15188,59293,35.011,372.34,175.67,0.35889
9073,13122,60015,31.946,249.86,165.17,0.20405
9084,12662,59537,22.473,1040.2,430.92,0.41416
9085,12625,59617,28.568,1029.5,754.35,0.15425
9085,12835,57742,33.758,248.6,158.58,0.22107
9091,15011,59302,33.026,334.77,193.99,0.26625
9093,12588,59679,31.713,1541.8,846.96,0.29087
9099,12612,58021,31.852,191.98,162.06,0.084497
9099,14312,58745,36.156,231.3,136.43,0.25801
9104,12662,59611,32.079,595.23,354.69,0.25323
9104,13348,58625,31.507,382.08,349.65,0.04432
9106,12502,57772,39.192,414.38,459.65,-0.051804
9109,14248,58902,31.758,574.86,349.77,0.24344
9115,13492,58732,25.27,367.69,206.94,0.27975
9116,14452,59303,35.876,166.65,184.73,-0.051427
9121,12509,59760,33.383,262.6,156.13,0.25426
9139,12545,58809,33.677,378.93,192.37,0.32655
9140,12479,58877,36.767,236.91,103.43,0.3922
9144,12726,58029,29.606,628.79,328.43,0.31378
9150,14270,58395,26.913,419.18,230.47,0.29047
9152,13169,60012,35.398,413.37,291.79,0.17242
9153,13276,60461,34.222,621.92,417.72,0.19642
9156,13460,60135,35.143,219.51,251.07,-0.067051
9162,13310,58602,22.717,429.3,237.65,0.28735
9166,14138,58437,37.209,421.71,219.12,0.31614
9169,13353,60529,35.889,401.39,596.42,-0.19547
9174,12617,59703,36.492,384.75,349.04,0.048656
9174,15115,60153,32.193,235.51,122.62,0.31521
9183,12495,59964,36.242,328.71,210.65,0.21889
9185,15003,60069,33.484,316.05,173.04,0.29238
9188,12997,59908,30.775,383.09,193.6,0.32857
9189,12956,59922,34.181,313.52,202.82,0.21438
9190,13240,58429,38.501,717.35,336.57,0.3613
9191,12551,59801,35.499,482.72,237.55,0.34039
9192,12629,58168,39.374,559.72,371.39,0.20227
9193,12890,57935,33.127,367.1,165.15,0.37942
9194,12455,59552,35.586,417.93,372.96,0.056863
9199,13584,59883,34.232,479.16,381,0.11411
9201,13483,60042,33.551,222.7,328.78,-0.19235
9202,12740,59748,39.203,264.67,101.06,0.44736
9203,13270,60155,30.745,222.08,140.45,0.22516
9204,12774,59750,23.172,440.89,330.45,0.14318
9209,12483,59453,24.134,270.2,179.73,0.20108
9210,12631,59596,27.55,189.74,131.08,0.18285
9220,12532,59531,36.659,396.7,431.56,-0.04209
9223,13424,58589,27.614,255.67,142.97,0.28272
9234,13774,58586,44.47,687.05,711.99,-0.017823
9238,14144,59894,30.197,261.07,239.6,0.04289
9240,13035,59784,33.676,344.12,307.65,0.055948
9240,13565,58685,40.269,298.48,237.89,0.11295
9242,13994,58535,31.647,368.75,251.73,0.1886
9243,13896,58639,35.504,498.83,305.66,0.24012
9245,13275,60299,31.865,432.74,267.24,0.23644
9245,14641,59040,37.263,459.02,270.84,0.25784
9247,12836,59724,26.515,488.83,275.64,0.27888
9247,13084,59755,32.548,489.03,327.69,0.19755
9248,13027,59733,27.25,509.71,306.16,0.24949
9250,12650,59624,32.358,302.85,164.65,0.29562
9251,12686,59493,36.206,227.57,205.97,0.049819
9257,13108,59795,31.384,206.2,202.6,0.0087865
9267,15133,59992,28.125,297.89,113.43,0.44847
9268,12657,57913,40.712,497.92,770.85,-0.21511
9271,15099,60206,32.309,354.61,252.78,0.16766
9275,13205,59878,27.386,534.5,222.83,0.41154
9281,13028,59871,34.194,293.4,139.07,0.35686
9285,12869,59564,28.92,356.67,278.73,0.12266
9286,12517,59550,29.275,500.58,273.22,0.29382
9287,13006,59773,34.804,590.37,444.67,0.14077
9288,12454,59139,38.239,427.58,253.15,0.25624
9289,12769,59739,34.913,312.56,326.24,-0.021425
9298,13219,60668,33.027,525.86,500.88,0.024335
9319,12586,59522,25.999,330.13,225.24,0.18887
9320,12474,59427,18.544,577.54,412.31,0.16692
9325,13229,59895,32.416,373.64,243.49,0.21091
9332,12640,59564,36.922,435.27,447.87,-0.014267
9333,12605,59599,31.494,399.31,205.56,0.32032
9334,12671,59662,25.074,398.22,176.78,0.38511
9335,12719,57727,31.644,361.28,158.95,0.38891
9342,13577,58698,41.036,412.8,228.22,0.28794
9345,13309,60421,36.633,392.14,302.16,0.1296
9346,13708,58067,35.534,135.18,124.91,0.039509
9348,13000,60438,20.787,398.93,186.26,0.36342
9349,12978,60514,29.794,264.56,110.53,0.41066
9353,15072,60334,35.422,380.27,401.94,-0.027706
9360,13302,58588,21.605,409.73,116.34,0.55768
9361,13378,58608,23.466,359.27,266.77,0.14774
9371,13031,59864,38.074,269.12,113,0.40855
9374,13388,58674,31.166,305.98,176.3,0.2689
9383,14031,58668,34.413,401.49,368.31,0.0431
9391,13046,57992,39.816,314.92,183.86,0.26277
9395,15419,60595,21.418,1081.7,428.29,0.43272
9398,14431,58970,35.978,241.9,221.35,0.044361
9404,13081,59846,33.639,413.75,382.5,0.039239
9405,13038,59945,25.434,798.74,609.36,0.13449
9406,12589,59696,35.581,295.91,201.7,0.18932
9406,13229,58687,21.235,423.38,124.53,0.54543
9406,13156,60112,31.954,501.48,517.32,-0.015546
9407,13251,58629,18.19,531.94,240.54,0.37722
9418,14401,58734,32.729,482.11,241.56,0.33241
9421,12866,59652,37.621,341.07,210.94,0.23574
9422,14414,57842,33.669,176.79,113.83,0.21666
9424,13324,58786,37.859,485.3,299.96,0.23602
9427,13454,58634,30.958,520.71,317.2,0.24289
9435,12544,59331,31.769,263.73,270.31,-0.012326
9441,12474,59397,34.017,660.02,356.2,0.29897
9442,12540,59502,28.702,482.34,301.84,0.23017
9445,13115,59760,28.548,392.05,214.49,0.29274
9453,12440,59186,25.165,642.3,258.35,0.4263
9454,12557,59434,37.248,762.32,362.95,0.35491
9454,13168,57816,30.718,363.44,145.73,0.42758
9455,15268,60347,35.297,566.9,204.56,0.46969
9461,13273,60664,34.085,242.61,199.86,0.096604
9472,13027,59855,22.328,966.68,662.5,0.1867
9473,13099,59851,31.139,903.44,614.11,0.19065
9475,12991,57764,36.215,302.05,217.44,0.16288
9476,12891,59646,26.399,401.7,221.26,0.28966
9478,12671,59715,33.557,233.28,115.99,0.33583
9480,12593,59469,28.286,529.01,227.16,0.39918
9490,15071,60366,24.363,720.44,373.3,0.31739
9491,13404,60154,36.807,275.71,179.98,0.21008
9499,12715,59678,23.352,351.08,197.72,0.27945
9500,15003,60647,37.728,136.68,128.75,0.029875
9502,12566,59548,37.198,229.19,129.66,0.27736
9505,12855,59595,35.932,342.6,337.55,0.0074273
9506,12769,57732,32.527,589.06,395.81,0.19622
9511,13470,58479,38.797,272.86,191.2,0.17596
9516,12632,59578,38.359,470.66,324.51,0.18379
9526,13165,60114,31.05,433.38,155.21,0.4726
9526,15138,60248,38.798,258.6,225.02,0.069424
9527,13527,59315,32.213,389.34,132.64,0.49177
9528,13164,60516,28.064,185.4,113.93,0.23877
9528,13480,59345,32.983,255.69,236.32,0.039382
9528,13953,58883,37.685,202.2,113.56,0.28071
9531,15212,60161,36.212,670.74,475.81,0.17002
9539,15188,60193,29.517,465.2,154.19,0.50212
9541,14230,58731,35.269,261.34,202.53,0.12677
9542,14242,58761,32.558,621.07,392.94,0.22497
9546,12755,58117,34.819,515.75,380.18,0.15131
9547,15282,60301,35.257,356.31,133.46,0.45501
9548,12739,57842,37.786,400.13,363.03,0.048616
9549,12716,57739,33.219,463.55,317.19,0.18746
9550,12750,57826,30.459,430.87,406.93,0.028572
9550,13428,58514,25.548,563.29,263.17,0.36314
9552,12793,57733,35.983,370.06,296.86,0.10976
9558,12800,57815,24.54,412.19,207.68,0.32992
9559,13180,60093,35.763,370.23,251.51,0.19095
9568,13749,58599,35.196,472.35,314.77,0.2002
9573,12538,59353,37.091,286.24,195.99,0.18716
9574,14363,58589,33.86,477.55,116.02,0.60907
9576,12496,59597,33.331,182.5,101.94,0.2832
9577,15175,60475,30.354,465.61,554.54,-0.087176
9582,15042,60440,33.45,366.65,316.57,0.073302
9590,12687,59715,33.746,422.7,185.23,0.39061
9592,12840,59725,25.508,233.84,152.99,0.20902
9593,12978,59859,34.971,297.12,241.59,0.10309
9593,14359,58814,38.756,250.32,238.49,0.024203
9594,12932,59806,40.806,545.82,718.51,-0.13658
9595,12687,59633,34.521,277.91,214.98,0.12768
9598,12803,58090,38.307,262.37,200.59,0.13345
9601,12715,57767,34.367,478.87,415.6,0.070736
9604,13162,59933,37.363,533.62,357.66,0.19742
9606,14165,58217,35.651,316.92,153.68,0.34688
9608,14299,58741,34.925,559.92,413.53,0.15038
9612,13077,60711,28.524,240.11,178.15,0.14814
9619,12706,59638,30.932,747.19,567.78,0.13644
9621,12889,59628,25.588,314.55,132.65,0.40676
9622,12624,58644,38.251,443.23,343.3,0.12706
9623,14055,58711,36.861,216.8,205.62,0.026461
9629,13190,60509,32.558,259.49,108.04,0.41209
9638,12426,59456,34.011,181.83,149.17,0.098664
9644,13312,58699,30.06,177.97,237.52,-0.14331
9647,12680,59589,28.564,316.97,186.64,0.25879
9655,13428,58697,34.168,197.97,202.01,-0.010091
9659,13742,58444,30.53,261.38,151.04,0.26755
9667,13949,58602,33.154,326.93,169.03,0.31839
9668,13143,59953,36.064,659.26,455.26,0.18304
9669,13346,59955,36.043,391.29,321.69,0.097607
9669,15144,60589,29.991,383.8,304.79,0.11475
9670,15108,60547,26.224,612.68,565.31,0.040211
9671,15015,60526,29.641,145.77,186.72,-0.12317
9672,13356,59852,25.071,726.63,453.24,0.23171
9673,15054,60640,36.035,153.84,245.72,-0.22994
9676,13204,59962,27.517,532.75,245.36,0.36934
9679,12424,59323,26.6,1022.6,772.13,0.13957
9683,13066,59662,38.375,300.59,310.17,-0.015688
9684,12784,59709,34.041,548.67,557.85,-0.0082992
9686,13321,58592,33.45,208.85,169.7,0.10343
9691,12448,59222,25.621,361.32,319.28,0.061774
9695,12945,57785,31.507,802.97,545.05,0.19133
9695,13279,58618,31.639,283.91,184.11,0.21323
9696,12798,57844,25.474,463.75,312.06,0.19552
9696,12734,59729,35.097,508.93,237.64,0.36338
9696,13333,58549,23.316,309.87,226.62,0.15517
9697,12774,59699,23.517,551.39,228.85,0.41338
9697,13182,58574,39.027,565.69,404.38,0.16629
9698,12504,59569,22.362,850.32,446.65,0.31124
9698,12872,58151,28.749,629.99,352.58,0.28233
9699,13030,59779,37.686,551.74,223.27,0.42383
9699,15041,60353,30.071,406.47,148.04,0.46604
9700,12532,59538,33.934,337.89,454.61,-0.14729
9700,12878,58086,28.412,819.91,409.55,0.33378
9700,14007,59921,31.401,477.79,119.06,0.60104
9701,13053,58164,24.137,607.43,189.01,0.52536
9702,13227,60279,27.507,244.86,107.56,0.38957
9702,13234,58343,39.137,372.07,285.47,0.1317
9704,13074,59847,27.844,841.85,568.75,0.19361
9704,13280,58580,19.914,433.55,260.5,0.24934
9705,12964,57891,32.879,222.21,170.31,0.13223
9705,12967,59654,24.151,429.43,379.76,0.061384
9705,13273,58498,20.48,464.77,304.56,0.20824
9706,13336,58557,15.99,484,228.94,0.35776
9707,13007,59818,27.503,245.77,144.26,0.26027
9707,13309,58570,19.06,407.79,128.34,0.52123
9708,13300,58521,17.976,358.31,168.74,0.35967
9715,13764,59811,27.815,688.99,283.12,0.41751
9719,15059,60352,35.241,489.74,433.46,0.06097
9720,13269,58574,24.938,545.63,538.42,0.0066517
9721,12878,59443,35.868,200.13,142,0.16991
9721,13326,58527,28.628,364,223.96,0.23819
9725,12918,58009,31.331,284.92,120.35,0.40606
9728,13404,58554,32.53,299.43,214.79,0.16459
9730,13170,60194,36.453,446.96,331.36,0.14853
9738,12472,59281,32.996,275.36,170.57,0.23499
9738,13185,60118,34.204,259,171.95,0.20201
9738,13333,58486,30.006,218.46,148.58,0.19038
9739,12621,57785,39.94,329.77,427.4,-0.12894
9739,13005,59823,23.685,494.22,295.45,0.25171
9739,13130,58473,33.704,475.78,245.07,0.32006
9744,14070,58618,30.399,286.81,192.81,0.19599
9746,14248,58996,40.283,335.49,109.67,0.5073
9749,12844,57809,36.895,456.73,363.95,0.11306
9749,13414,60237,35.607,604.01,479.92,0.11448
9749,14244,58492,34.924,189.42,110.79,0.26193
9752,15015,60168,32.114,198.88,177.74,0.056133
9761,13061,60001,30.571,244.08,116.92,0.35224
9762,15263,60342,31.847,228.73,112.05,0.34238
9763,15244,60247,31.806,185.14,124.57,0.19555
9770,13122,60066,38.925,353.67,330.56,0.033779
9771,13217,60101,36.53,497.47,535.11,-0.036448
9783,12641,59725,35.418,466.87,335.73,0.1634
9794,15074,60151,30.973,187.83,160.58,0.078207
9799,13546,58615,38.627,160.31,181.44,-0.061835
9813,13507,60065,33.386,276.11,165.23,0.25124
9819,12847,57988,30.408,705.7,297.43,0.407
9825,14947,60331,31.911,150.32,123.58,0.097655
9839,12920,59845,33.767,518.2,180.39,0.48355
9843,12881,59815,34.981,343.71,474.56,-0.15991
9860,13283,58451,29.409,209.02,121.87,0.2634
9868,14648,59113,36.182,225.74,159.11,0.17311
9871,13187,60070,33.017,460.85,222.03,0.34971
9880,12778,59741,30.753,271.03,208.79,0.12972
9881,12827,59705,24.896,917.31,549.42,0.25082
9885,13126,59874,33.109,500.93,665.74,-0.14127
9885,15049,60250,28.846,210.95,126.84,0.249
9886,13075,59890,32.141,193.72,195.74,-0.0051696
9891,13040,59835,24.845,694.4,482.49,0.18005
9896,14921,60135,35.54,244.94,204.41,0.090194
9899,12821,59760,32.785,170.8,128,0.14325
9915,12432,59628,30.166,354.81,192.55,0.29644
9920,14929,60291,30.01,642.65,276.45,0.39843
9925,13463,58634,27.465,231.66,225.22,0.014085
9935,13290,58596,29.482,401.6,323.46,0.10777
9941,13336,58514,33.598,203.54,145.71,0.16558
9953,12685,57825,40.061,693.29,561.29,0.10521
9954,13309,58493,26.441,250.72,148.45,0.2562
9956,13330,58540,21.186,665.78,448.87,0.1946
9957,13399,58567,29.089,425.57,419.35,0.0073599
9983,12524,59431,37.177,474.14,359.76,0.13716
9997,13303,58511,29.12,484.44,400.35,0.095043
9998,13213,58562,34.295,679.53,354.73,0.31404
