"frame","x [nm]","y [nm]","precision [nm]","green photons","red photons","GP"
401,6022,83211,31.112,535.85,141.07,0.58321
403,5992.4,83864,25.941,652.4,354.1,0.29638
404,3519.9,81922,35.304,614.87,406.99,0.20343
404,4375.1,84704,29.853,364.35,407.93,-0.056442
404,5005.6,82333,35.472,373.77,160.2,0.39996
406,4081.4,83959,31.758,865.31,519.3,0.24989
406,4280.3,82582,32.184,455.38,230.78,0.32733
407,4985.6,82240,37.19,481.83,164.02,0.49208
411,3714.9,83330,33.582,585.45,170.84,0.54821
411,3894,81876,29.694,575.85,267.6,0.36546
411,4349.8,82133,26.003,409.64,293.51,0.16514
411,5172,82685,20.177,1200.2,623.59,0.31616
412,5202.2,82472,18.013,2051.3,1420.4,0.18175
413,5041.7,82581,33.918,1078.4,530.82,0.34029
413,5353.4,82149,27.881,335.03,169.89,0.32706
414,4980.8,82560,32.972,376.62,121.8,0.51127
415,4902.1,82325,38.307,678.46,254.22,0.45486
416,4849.3,82407,38.636,279.08,264.66,0.026517
417,5647.1,84074,33.875,201.82,119.89,0.25469
423,5749.1,82259,29.277,615.08,347.51,0.27797
424,3901.9,83044,31.523,493.98,215.82,0.39189
429,5136.2,84310,36.403,275.39,120.55,0.39107
432,4578,82911,37.978,821.21,397.53,0.34764
433,4346.2,82804,30.826,695,381.9,0.29074
435,6022.1,82963,32.437,605.15,357.6,0.25712
436,5281.6,82550,27.285,855.67,425.98,0.33526
438,3515.6,82229,29.547,783.5,456.77,0.26344
439,4600.3,84047,33,388.68,277.55,0.16681
441,6087,83919,29.381,443.74,321.32,0.16001
446,5497.9,82406,29.115,435.35,143.76,0.50351
447,5975.1,84650,35.722,244.18,125.12,0.32239
451,4841,82209,33.198,237.23,105.09,0.38599
452,4552.7,83396,35.862,437.11,293.71,0.19623
453,5403.4,83760,26.526,519.34,275.95,0.30604
456,3581.6,83687,26.407,657.22,546.68,0.091815
458,4358.4,83988,29.832,564.64,580.08,-0.013489
461,5702.2,82129,33.424,775.73,278.92,0.47107
461,5770.3,83366,26.664,459.68,397.23,0.072875
462,5907.9,83502,24.835,541.81,647.93,-0.089199
463,3946.3,82836,16.552,2709.8,1302.2,0.35086
463,5360.9,82376,28.159,976.19,614.19,0.22762
463,5549.3,84105,32.913,637.55,458.07,0.16381
463,6019.6,83183,30.153,615.45,477.65,0.12606
464,5162.4,83609,33.894,581.42,332.07,0.27297
464,5633.3,82932,35.919,768.56,478.31,0.23279
465,5152.4,82226,32.946,642.61,400.26,0.23239
465,5643.8,82804,18.826,1409.9,1092.9,0.12668
466,5997.3,82800,27.771,336.37,210.29,0.23063
467,3940.6,82738,35.189,401.69,563.31,-0.16748
467,5616,84103,34.527,500.26,464.32,0.037256
467,5935.7,82786,32.036,395.75,539.71,-0.15389
468,4170.9,82023,36.688,353.22,321.3,0.047323
469,5966.4,84505,24.44,650.74,306.44,0.3597
471,6007.7,83526,24.926,370.46,102.46,0.56668
472,4830.9,83056,28.242,548.11,234.86,0.40008
473,5283.8,82027,37.775,355.84,259.23,0.15708
475,4134.7,84013,23.793,681.56,362.15,0.30603
476,3969.3,84070,17.903,964.45,842.25,0.067638
478,4747.4,81860,34.28,388.1,283.37,0.15597
479,5953.4,83861,26.538,255.48,126.7,0.33697
482,4140.5,81912,35.462,281.76,159.47,0.27714
484,3464.1,84473,24.852,489.26,259.74,0.30644
486,4222,81885,30.762,293.09,123.51,0.40705
487,5952.3,82609,34.475,456.51,289.16,0.22443
490,5103.2,82267,32.783,346.38,223.78,0.21503
491,3669.3,82170,33.072,768.12,376.27,0.34241
491,5208.5,83534,33.65,488.83,415.72,0.080819
495,6138,82745,35.598,390.84,442.68,-0.062189
496,4073.6,84501,28.765,404.85,315.32,0.12432
496,6341.2,83984,31.962,456.83,354.22,0.12651
497,4186.4,84268,24.636,765.28,406.94,0.30569
497,4516.4,83334,28.928,889.06,727.28,0.10009
498,4379,82029,31.758,371.81,188.13,0.32804
498,4501.3,83294,27.655,544.93,324.98,0.25284
499,3845.3,83827,26.057,881.92,757.56,0.075851
500,3477.3,83802,35.639,249.95,149.49,0.25151
501,3477.7,83609,24.506,808.92,589.43,0.15697
501,3505.3,83919,29.65,559.73,294.92,0.30985
502,3621.4,82061,30.767,281.81,213.41,0.13813
503,3538.8,82216,27.058,1038,734.93,0.17096
504,4095.4,83509,27.765,226.77,199.46,0.064089
505,4026,83532,21.287,338.26,365.66,-0.03892
506,4071.9,83538,18.345,292.37,267.76,0.04394
506,4328.2,81970,34.968,286.7,153.86,0.30153
506,6322.5,83822,28.268,435.93,131.55,0.53638
507,4186.6,81881,29.725,621.39,107.3,0.7055
508,3814,83748,38.538,285.45,100.14,0.48058
510,4999.1,83820,38.952,667.9,570.26,0.078853
511,5177,83831,29.126,410.88,248.45,0.24636
513,5966.7,83553,36.501,326.92,220.77,0.19381
515,6009.1,83979,37.465,226.21,287.72,-0.11967
518,4816.5,82172,37.032,933.85,531.64,0.27446
519,4760.9,84133,36.06,319.74,285.28,0.056952
519,5518.8,83732,37.834,174.47,180.12,-0.015959
520,4759.7,84210,30.811,453.42,508.77,-0.057524
520,5007.1,82550,28.73,334.75,235.52,0.17401
522,3572.2,82522,44.928,724.18,324.54,0.38107
523,5126.2,82323,35.401,239.18,103.9,0.39433
525,5939.6,83355,26.494,952.41,416.68,0.39131
529,5775.2,82401,28.013,620.87,264.88,0.40191
534,4911.2,84268,32.879,349.81,215.22,0.23819
534,5903.2,82119,34.568,489.92,257.78,0.31047
536,4210,81927,39.104,383.23,198.38,0.31782
536,4899,82985,33.214,475.97,526.14,-0.050059
537,4191,82443,29.115,310.29,115.93,0.45599
538,4937.9,83104,25.409,698.05,339.28,0.34586
539,4938.8,83337,35.978,243.42,187.54,0.12968
540,4195.6,81940,32.603,587.64,373.14,0.22326
540,4710.2,83515,23.993,676.39,372.6,0.2896
541,4325.2,81869,36.009,343.41,287.42,0.088766
541,6315.3,83969,27.57,740.24,487.38,0.20597
542,5022.1,82140,31.021,420.33,343.26,0.10093
542,6106.8,83698,21.46,426.92,249.88,0.26159
544,5817.2,81838,26.11,384.27,198.34,0.31914
549,4751.4,82981,34.212,712.82,439.13,0.23759
549,5746.9,82380,36.542,321.08,188.51,0.26016
553,5674.6,82869,25.731,393,249.25,0.22382
554,5130.4,82374,31.999,639.52,551.49,0.073912
555,5178.7,82525,27.255,414.51,341.75,0.096211
556,3754.9,82746,33.678,607.87,244.04,0.42708
560,4708.6,82551,33.289,783.72,596.54,0.13562
561,5320.9,82585,26.748,611.55,372.56,0.24285
561,5828.7,82204,37.427,296.79,144.72,0.34443
568,4068.9,83345,25.707,341.45,145.05,0.40369
568,4377.4,84066,27.553,611.01,450.82,0.15086
569,4113.1,83551,33.278,444,156.37,0.47909
569,4521.7,84108,20.728,792.63,461.07,0.26447
570,4509.9,84004,19.766,240.84,234.77,0.012761
571,4572.9,84075,28.98,667.36,498.98,0.14437
572,3644.7,81889,29.399,454.13,245.68,0.29787
573,4001,83091,32.66,460.03,289.18,0.22804
573,5029.9,82451,24.567,668.64,468.63,0.17587
574,4682.5,82307,35.47,806.7,584.26,0.15992
574,5958.3,83499,37.183,816.97,418.99,0.322
579,3857.7,82417,37.107,323.37,185.14,0.27182
580,5041.1,82702,21.649,1002,640.08,0.22038
581,5106.7,83469,28.36,522.93,332.98,0.22193
581,5228.3,82595,26.455,788.22,607.11,0.1298
584,5633,84659,36.176,355.15,147.87,0.41206
585,4389.3,84288,33.487,753.75,463.2,0.23875
585,5677.9,83825,34.854,546.4,305.54,0.28272
586,5136.5,82387,31.014,349.99,196.28,0.28138
587,5135.4,83788,22.631,682.25,627.36,0.041913
588,5808.1,83412,28.441,596.12,354.54,0.25412
589,4808.6,83718,29.967,350.95,227.12,0.21422
591,5238.6,83509,21.437,612.47,285.92,0.36348
593,6165.5,82916,34.551,433.8,346.07,0.1125
594,6333.2,83330,35.426,526.58,186.99,0.47591
594,6236.3,84320,23.797,1290.2,1005.5,0.12401
595,3984.6,83009,19.431,586.61,272.11,0.36625
598,3988.7,82576,33.594,877.72,680.57,0.12652
601,3990.5,82938,21.915,859.97,496.95,0.26754
601,5953.8,82660,20.622,569.75,226.55,0.43098
605,4209.3,82423,35.559,473.21,382.34,0.10622
607,3866.9,82165,32.489,1117.2,477.2,0.40142
608,4049.9,82222,26.854,771.78,416.79,0.29867
609,3874.6,82176,47.404,730.96,244.78,0.49827
617,4580.4,83308,32.281,761.41,530.26,0.17896
617,5338.8,82775,31.75,696.43,258.94,0.45793
618,5065,83094,36.229,646.63,543.89,0.086298
619,4896.3,83372,30.429,717.33,421.34,0.25994
622,4075.9,82887,35.819,311.69,220.36,0.17165
623,4039.8,82823,27.09,304.39,240.77,0.11669
623,6405,82421,28.126,408.14,209.35,0.32193
624,4722,84308,31.227,718.9,606.53,0.084784
626,4188,83997,21.389,744.8,516.71,0.1808
630,5329.6,82158,27.539,509.97,276.84,0.29629
631,5976.1,83554,30.464,695.39,475.65,0.18764
632,6022.9,83770,24.701,836.43,780.09,0.034853
634,5876.4,83805,34.308,385.79,485.8,-0.11475
635,4895.8,84166,28.018,426.73,279.38,0.20868
635,5621.9,83784,29.983,536.91,395.79,0.15131
636,4934.2,84169,25.014,318.52,208.41,0.20896
637,4797.5,84314,27.87,272.79,165.53,0.2447
638,4747.9,84257,33.957,334.47,137.94,0.41602
639,4826,84190,33.488,314.26,204.15,0.21241
639,5575.8,82945,23.141,952.03,1031,-0.039823
640,4960.5,84199,24.855,373.13,207.91,0.28435
640,5720.5,82796,30.09,696.08,292.33,0.40848
641,4258.2,83189,33.116,101.4,100.99,0.0020346
641,5028.6,84237,33.729,578.13,334.41,0.26708
642,5015.6,84270,30.624,895.1,320.21,0.47304
644,4819.4,84217,30.212,728.41,283.33,0.43992
644,6242.2,84112,31.293,811.52,714.3,0.063719
645,4841.8,84337,27.116,607.39,385.01,0.22408
645,5807.3,83996,32.416,242.58,158.22,0.21048
645,6302.2,84130,30.858,394.23,427.91,-0.040969
646,4827.5,84424,21.278,393.95,225.07,0.27282
648,4177.8,84314,33.558,261.99,171.86,0.20776
649,4383.2,83039,33.989,553.78,357.47,0.21543
649,6142.9,83929,23.075,432.63,359.8,0.091905
652,6264,84148,22.843,553.98,485.15,0.066234
653,6169.8,84128,25.794,344.68,245.75,0.16757
655,5099,82097,28.747,1050.3,705.43,0.19643
655,6107.7,84123,24.772,804.52,893.89,-0.052622
656,6026.8,82761,28.023,472.69,170.69,0.4694
657,6409.3,83147,31.531,565.19,171.44,0.53454
658,4366.8,84629,36.037,273.93,260.93,0.024311
658,4752.1,83328,33.357,563.26,215.83,0.44594
662,5383.2,82818,29.117,347.57,183.76,0.30831
664,4229.4,83222,24.067,914.82,551.16,0.24807
667,5300.9,82740,28.432,1163.4,588.52,0.32813
668,6281.1,82737,19.404,1472.5,1676.9,-0.064899
669,6306.1,82463,22.677,253.22,249.9,0.0066054
670,5056.4,83608,33.343,363.63,108.27,0.54113
670,6257.9,83887,33.127,274.79,115.07,0.4097
671,3990.2,82169,37.214,335.08,188.44,0.28011
671,5052.2,82434,21.532,498.3,437.6,0.064859
671,5111.8,83732,27.911,537.32,269.74,0.33154
672,3946.4,82065,28.789,527.82,294.21,0.28419
673,4991.9,82576,29.429,263.61,133.99,0.32599
674,3759,81792,32.679,622.9,396.01,0.22268
675,4005.1,83031,16.136,1487.3,1091.9,0.15329
675,4788.2,84234,34.125,499.3,351.19,0.17415
675,6066.1,83489,29.448,446.05,230.69,0.31822
676,3938.7,82685,23.015,1057.6,573,0.29717
677,3895.6,82992,18.488,1492.5,860.09,0.26882
677,4441.6,84105,32.171,636.53,450.71,0.17091
681,3534.2,84092,30.724,298.93,126.32,0.4059
687,3783.4,82032,29.54,606.74,552.25,0.047018
688,4228,82570,35.191,379.3,364.66,0.01968
689,4578.5,81790,35.652,451.36,125.67,0.56443
691,3697.5,83812,31.847,588.81,397.62,0.19382
694,5836.4,83810,36.704,246.24,480.45,-0.32229
695,6077.4,83891,20.536,1365.4,818.97,0.25016
697,4800,82256,28.285,441.13,306.3,0.1804
699,4290.4,83750,28.825,385.64,381.87,0.0049014
700,4488.6,81840,34.021,314.04,243.95,0.12562
700,5252.4,82422,38.749,184.68,107.71,0.26323
700,5476.7,83913,25.323,340.94,216.18,0.22393
704,4315.1,83782,30.034,595.43,415.87,0.17756
706,6081,83861,30.521,534.97,989.24,-0.29804
707,6033.4,83971,22.003,939.24,1066.6,-0.063493
708,6121.2,83885,21.717,422.84,899.08,-0.36027
713,5227.7,82465,25.38,670.94,598.17,0.057346
714,5034.3,82272,33.432,632.63,519.33,0.098352
715,4959.9,82819,20.792,1005.1,566.23,0.27929
716,5730,84283,24.127,410.56,316.25,0.12975
717,5215.6,82780,34.374,1440.3,1135.9,0.11813
718,5506.2,82765,29.683,1688.1,1218.3,0.16164
719,5533.6,84325,34.091,305.01,235.78,0.12803
721,6392.5,84192,30.193,701.09,408.44,0.26376
723,4715.8,82683,30.225,287.6,141.43,0.3407
725,4412.2,83324,27.945,285.58,179.61,0.2278
727,4320.5,82970,31.382,205.88,143.67,0.17799
729,6063.8,82719,31.498,468.62,401.7,0.076895
730,5213.5,83722,34.252,933.61,796.87,0.079015
733,5250,81898,33.128,471.23,241.15,0.32298
734,4999,83517,33.21,377.95,184.64,0.3436
737,4370,83451,39.952,670.1,735.85,-0.046769
739,5660.6,84675,22.018,548.61,203.66,0.45855
741,3662.1,84092,24.78,659.18,364.22,0.28822
742,3671.7,83967,23.84,804.59,410.74,0.32407
742,6011.7,84249,27.706,476.4,314.72,0.20438
743,3801.5,83914,22.807,798.82,386.36,0.34801
744,4349.1,83837,25.223,318.48,181.6,0.27372
744,5562.5,83824,42.214,1223,847.79,0.18119
749,5995.7,83613,13.187,461.62,210.25,0.37413
751,4430.2,83044,20.18,716.91,313.62,0.39134
751,5837.9,83516,34.531,363.09,311.21,0.076934
752,4550,83382,17.65,976.31,516.72,0.30782
753,3863.7,84054,29.614,240.1,114.77,0.35319
753,4731,84372,33.112,383.1,159.02,0.41335
755,3674.7,83920,24.179,228.56,109.61,0.35176
755,4226.7,82617,29.363,225.45,196.44,0.068763
755,5200.1,83939,36.044,988.01,492.3,0.33487
755,5238.8,84252,31.127,419.21,187.88,0.38105
755,6229,84293,41.956,770.97,417.94,0.29694
756,5740.6,84471,28.503,649.12,275.22,0.40451
758,4981,82096,33.941,547.57,247.65,0.37716
759,4636.4,83981,33.055,349.8,386.2,-0.049447
759,5637.4,82680,31.909,922.26,1083.7,-0.080463
761,6033.9,84285,29.658,930.19,280.52,0.5366
762,5668.6,84074,27.023,755.91,347.4,0.37026
764,5031.1,84434,35.691,449.4,181.37,0.42492
764,5929.1,83594,18.19,742.28,448.49,0.24673
765,5129.3,84400,35.366,294.14,153.84,0.31318
767,4071.5,82644,27.458,829.52,657.31,0.11583
767,6163,84052,26.717,658.37,362.74,0.28953
768,4166.9,83014,25.649,716.22,429.16,0.25063
768,6210.1,83726,27.876,765.42,478.25,0.2309
769,4135.1,83147,21.064,988.82,654.26,0.20362
769,6337.2,83860,31.018,991.7,744.3,0.14251
770,4770.8,83469,28.063,754.13,285.24,0.45113
770,6019,83788,21.528,387.36,121.63,0.52206
771,5701.7,82877,34.558,805.91,278.33,0.48659
771,6233.3,82006,30.755,784.99,752.76,0.020959
772,3628.9,84398,35.278,845.3,1182,-0.16609
772,5703.9,83335,24.501,558.36,270.35,0.34754
776,4088.7,84690,27.777,463.38,167.12,0.46989
776,5486,84202,23.158,970.7,509.01,0.31202
777,3531.3,84075,29.709,272.37,161.41,0.2558
777,5562.2,84147,29.085,416.56,472.83,-0.063265
778,5688.9,83243,36.1,644.3,516.98,0.10963
779,3904.4,81929,34.56,409.23,265.27,0.21344
780,4606.4,84697,31.724,460.1,141.73,0.52901
781,4478.9,84668,30.161,620.28,506.43,0.10104
781,4642.2,83051,22.837,449.91,265.47,0.25782
782,4457.4,83118,30.529,416,280.62,0.19434
782,4629.6,82511,31.541,916.8,576.7,0.22772
783,3545.7,84230,32.731,395.88,369.09,0.035025
783,4552.1,83072,37.74,731.93,640.38,0.066713
784,3570.1,82637,34.028,462.4,322.07,0.17889
785,3841.5,82500,37.958,213.01,187.24,0.064388
785,4922.7,81959,31.072,633.73,274.74,0.39515
787,5990.2,83830,23.587,352.53,277.06,0.11988
788,6035.5,83831,15.96,690.45,346.67,0.33148
789,6190,83991,37.849,337.17,138.59,0.4174
791,3780.6,84236,24.983,799.33,292.77,0.46385
791,5241.5,82122,26.543,537.57,418.51,0.12453
792,4521.3,83305,37.624,743.08,399.09,0.30117
792,5203.9,81884,28.111,334.48,182.16,0.29484
792,5950.5,82810,39.002,463.49,376.49,0.10357
793,4271,82758,32.974,391.88,159.03,0.42266
794,5120,81742,28.79,539.96,279.85,0.31728
795,4850.7,82382,32.017,327.83,446.76,-0.15354
796,3611.1,82611,25.185,923.84,700.28,0.13765
796,4091.8,83228,35.48,629.05,420,0.19928
799,4343.1,82737,36.053,470.44,201.26,0.40074
801,5803.3,84623,23.917,489.63,229.21,0.36227
802,3692,82382,36.42,403.72,321.62,0.11319
805,5954.8,83848,28.507,219.01,102.92,0.36061
806,6073,83898,15.667,592.15,339.27,0.2715
810,3666.5,84507,30.294,279.07,324.25,-0.074895
812,3640.4,83236,36.249,570.09,494.91,0.070587
813,3564.9,83024,30.306,446.72,229.29,0.32164
815,3616.8,83060,27.598,835.83,468.17,0.28195
815,4844.6,83988,26.342,781.92,619.67,0.11576
816,6079,82813,28.694,888.08,486.69,0.29197
820,5708.3,82655,27.822,566.31,337.18,0.25361
821,5850,83145,31.969,295.21,170.87,0.26677
823,4548.4,83559,36.341,334.22,326.24,0.012077
825,4119,82997,25.842,961.78,460.61,0.35235
826,5673.1,83721,36.667,449.7,183.61,0.42016
827,6365.2,83074,25.244,909.62,754.2,0.093415
828,6164.1,83249,26.497,483.52,370.61,0.1322
829,6352.4,82300,30.543,748.76,391.53,0.31328
830,3558.3,82225,31.938,450.83,335.77,0.14627
830,5141.6,82209,24.728,577.68,437.81,0.13774
830,5317.3,84307,29.326,546.67,440.1,0.108
832,5626.6,84385,33.716,316.47,224.2,0.17065
833,5419.5,83812,35.799,605.01,624.63,-0.015955
835,5073,81990,24.701,321.52,193.57,0.24839
835,5278.7,83495,34.832,859.12,812.23,0.028058
836,5058.8,81989,25.389,599.72,350.43,0.26238
836,5674.1,83642,24.448,843.16,418.02,0.33709
837,5047.2,82212,30.587,454.12,182.09,0.42758
837,5770.6,83482,16.729,683.99,438.17,0.21906
838,5801.3,83394,25.114,823.98,462.11,0.28137
840,5853.3,83862,25.658,581.22,368.12,0.22447
842,5121.3,81942,27.102,604.83,664.85,-0.047278
843,3813.5,82739,23.06,1078.5,333.66,0.52745
843,4077.1,83942,24.762,741.1,447.3,0.24723
844,3801.9,82725,27.283,655.13,293.79,0.38079
844,4003.6,83763,24.225,343.35,201.32,0.26077
844,5438.9,83666,29.145,294.37,198.44,0.19467
845,3883.2,82668,24.302,674.36,215.5,0.51566
846,3483.5,84666,30.108,570.38,442.42,0.12635
846,3847.8,82861,31.877,992.3,330.95,0.4998
847,3986.5,82789,28.735,714.75,230.96,0.51156
847,4348.3,84671,31.639,294.88,221.37,0.14239
849,3831.7,82623,31.877,533.4,211.64,0.43186
849,3786.3,84494,32.958,213.76,179.62,0.086789
850,3736.9,82054,39.415,1045.6,423.36,0.4236
850,3819.3,84585,27.305,363.66,300.57,0.094984
850,5039.5,81974,29.037,646.17,479.58,0.14798
851,5900.4,83746,29.705,945.76,536.81,0.27584
852,4131.4,82657,37.674,555.24,508.43,0.044009
853,3899.5,82310,20.729,1343.4,695.99,0.31745
853,4041.3,84184,35.214,397.51,398.65,-0.0014381
854,3979.3,82242,29.894,1558.5,558.3,0.47252
854,4056.8,83375,34.68,534.34,331.25,0.23463
854,4212.2,84222,26.478,917.4,588.68,0.21826
854,4846.9,82204,28.774,528.48,228.87,0.3956
854,6324.4,83036,27.893,651.39,403.96,0.23445
855,3896.2,83180,28.852,466.9,230.25,0.33945
855,5184.8,81831,26.934,438.59,298.51,0.19004
859,5141.4,82056,30.553,667.14,440.69,0.2044
859,6359,82910,33.707,635.99,457.7,0.16301
861,3821.6,81839,21.908,776.29,527.6,0.19073
861,5077.1,82057,30.202,584.06,467.63,0.11071
861,5265.7,83792,31.7,325.43,198.35,0.24261
862,6119.7,84008,30.939,293.14,139.33,0.35565
864,3483.6,82638,31.743,253.4,125.24,0.33849
865,5939.7,84627,33.875,358.98,188.68,0.31095
866,4780.4,84393,33.378,318.58,184.96,0.26537
866,5789.4,84029,28.063,1211.1,600.13,0.33733
867,4954.1,81814,37.04,485.33,294.12,0.24531
867,6231.2,83146,32.222,586.19,335.08,0.27256
867,6111.6,83964,15.052,762.36,348.37,0.37272
868,6074,83960,25.291,403.19,290.43,0.16258
871,5570.7,84555,23.376,466.34,221.25,0.35646
872,3693.8,82008,34.062,499.34,346.35,0.18092
872,6050.9,84081,31.749,664.69,585.99,0.062919
873,6045,84039,20.901,748.31,795.85,-0.030788
874,3737.2,83288,30.278,1102.8,796.11,0.16152
874,6126.9,83926,18.732,1223.4,1075,0.064595
875,6080.1,83988,28.899,389.97,401.05,-0.014001
877,3481.7,83816,30.386,842.65,323.92,0.44466
877,6186.8,84020,21.113,581.09,526.74,0.049054
878,6093.4,83968,16.949,797,807.19,-0.0063482
879,5022.4,83587,33.94,520.85,442.54,0.081286
879,6071.5,83947,14.437,992.24,422.99,0.40223
882,4712.6,83543,39.966,340.59,193.03,0.27654
882,5288.6,81995,27.318,250.5,157.18,0.22892
883,4840.3,83321,25.661,747.56,431.72,0.26782
888,4655.3,82207,25.165,366.93,158.39,0.39697
890,5877,83698,38.963,478.64,524.59,-0.045812
892,5205.5,81840,36.009,460.46,392.96,0.079091
893,5173.1,83674,20.951,396.25,163.01,0.41704
893,6056.4,83966,34.023,448.48,316.53,0.17249
895,3464.6,82458,35.91,596.63,931.15,-0.21896
895,5852,82544,34.769,753.64,658.31,0.067514
896,6222.9,82986,32.423,624.41,643.48,-0.015042
898,5172.8,82351,38.129,452.29,357.44,0.11713
899,5763.3,83474,25.937,553.51,363.28,0.2075
903,4197.3,82155,34.845,450.26,219.95,0.34364
903,4924.9,82627,31.475,952.8,687.63,0.16165
905,6128.4,84200,27.168,567.75,239.42,0.40677
905,6180.6,83807,21.688,710.7,412.07,0.26597
906,6085.8,84411,22.289,623.96,360.82,0.26721
908,5054.2,82116,32.653,333.81,281.19,0.085556
909,4071.6,82870,16.814,598.09,230.04,0.44445
910,4087.4,83054,20.76,337.35,172.37,0.32366
913,5114.5,82736,18.802,899.21,600.39,0.19927
915,4844,82783,24.892,947.83,516.46,0.29459
925,6396.4,81736,39.44,398.35,246.38,0.23571
927,5416.4,82354,26.451,651.19,167.89,0.59005
928,3723.2,81978,30.966,502.74,299.15,0.25389
928,5645.9,82587,41.335,944.96,527.63,0.2834
930,4837,83493,33.55,283.38,164.08,0.26662
932,3685.2,83752,31.277,544.55,327,0.24961
932,4697.1,84266,36.977,236.66,152.01,0.2178
932,5684.7,83424,35.347,387.44,322.72,0.091128
933,5940.2,83177,32.153,632.16,378.84,0.25057
935,3793.6,84425,26.448,273.6,188.73,0.18355
935,4694.1,81805,27.959,451.52,252.51,0.28268
941,3897.9,82820,37.598,401.08,294.39,0.15342
941,4988.4,83531,27.934,548.2,388.74,0.17019
942,4587.7,84226,33.862,445.68,290.11,0.21143
943,4956.6,83860,36.366,703.96,551.08,0.12181
950,4410.3,82690,27.571,556.82,359.98,0.2147
951,4217.5,82813,33.469,605.06,402.3,0.20128
951,6230.4,82836,29.199,904.54,800.84,0.060803
952,4736.9,83135,33.459,322.65,201.98,0.23
952,5905.7,82388,28.333,828.83,654.13,0.1178
953,5903.6,82855,24.86,410.16,263.72,0.2173
953,6097.3,84521,30.666,775.51,389.01,0.33189
954,4396.6,84166,27.173,521.9,252.01,0.34873
955,5997,83944,19.798,908.35,846.2,0.035417
959,5359,83150,34.556,153.29,117.5,0.13215
965,4524,83140,35.202,553.76,365.52,0.20477
966,4642,82791,35.569,433.81,353.67,0.10177
966,4604.3,84427,38.69,251.63,118.74,0.35881
966,5974.6,83598,17.132,669.84,354.92,0.30731
971,3946.7,81960,39.207,419.44,294.04,0.17575
973,5181.2,84126,31.148,688.86,648.24,0.030379
975,5805.5,84132,28.836,485.55,279.1,0.26999
975,6351.1,83096,26.598,565.39,369.67,0.20932
976,5221.6,82522,35.322,325.73,203.14,0.23179
976,5776.1,84351,24.549,332.32,131.16,0.43401
977,4383,82116,22.446,317.23,204.79,0.21538
977,6315.1,83550,32.721,269.6,312.64,-0.073927
978,5242.9,82170,37.146,437.36,443.39,-0.0068513
978,6117.4,83659,34.638,363.09,216.01,0.25399
979,3859.4,83586,32.151,422.89,118.88,0.56115
979,5109.2,82074,29.647,745.16,560.38,0.14153
979,6085.2,83755,37.796,659.45,528.06,0.11064
980,4952,82069,28.802,1183.3,1047.5,0.0609
980,5796,84025,23.553,604.79,358.57,0.25559
981,5442.5,84028,35.518,342.28,199.1,0.26447
983,5076.7,83258,28.466,566.7,476.29,0.086689
984,6351.7,84356,35.287,1353.6,1163.9,0.075371
987,4123.4,83533,30.58,571.07,679.32,-0.086576
987,6022.2,83923,30.106,920.87,841.87,0.044814
988,5514.2,83435,32.743,744.78,355.64,0.35364
990,5092.9,83864,39.843,670.74,673.89,-0.0023406
990,6355.7,81893,34.641,326.58,219.59,0.19589
994,5499.8,84326,26.671,712.14,431.13,0.24579
995,3633.2,82668,25.536,285.4,291.68,-0.010885
995,5426.2,84028,29.505,1469.3,1041.9,0.17018
996,3663.9,82661,20.371,409.83,566.7,-0.16063
996,5319,84232,28.212,926.79,291.77,0.52113
997,3676.4,82677,22.653,431.77,403.97,0.033268
997,5094.4,83496,31.89,308.93,130.2,0.40701
997,6361.3,82259,33.893,229.55,133.08,0.26604
999,5067.7,82208,28.426,718.57,399.63,0.28523
1000,5043.6,81819,37.496,298.58,114.78,0.44466
1002,4987.4,82785,27.046,336.42,211.96,0.22696
1003,3507.5,84523,35.549,146.98,198.44,-0.149
1003,3660.4,82739,32.87,380.05,196.84,0.31758
1003,4986.7,82228,34.531,273.39,349.25,-0.12184
1004,4876.2,82085,39.026,603.8,491.44,0.10258
1005,4574.8,81966,27.851,983.46,523.44,0.30527
1005,5474.2,83755,31.43,965.29,650.58,0.19476
1006,5049.5,81905,39.569,243.68,125.6,0.31975
1007,4468.8,83177,31.738,659.89,211.98,0.51373
1008,5191.2,82728,40.377,476.22,404.41,0.081541
1010,5602.5,82679,31.895,450.65,202.42,0.38009
1011,6071.1,83918,31.129,424.04,148.54,0.48116
1012,3444.5,83715,22.131,677.82,386.09,0.27421
1016,3464.1,83744,31.407,437.96,335.06,0.13312
1018,4056.4,83659,39.235,457.21,341.02,0.14556
1022,5809.8,82789,31.515,648.56,383.56,0.25675
1023,6089.7,84481,19.336,855.86,544.61,0.22224
1025,3813.3,83980,32.951,544.53,292.47,0.30115
1026,3939.9,82985,29.841,709.79,502.28,0.1712
1027,4077.6,82392,32.538,447.09,227.12,0.32627
1028,4993.3,82667,33.564,307.46,189.33,0.23779
1028,5858.5,84107,31.431,2407.9,1367.2,0.27569
1028,5970.9,83943,19.469,1821.7,851.65,0.36287
1030,4095.5,83238,23.639,742.14,530.52,0.16629
1030,4936.2,84271,28.159,661.56,284.97,0.39787
1031,3435,84108,24.449,994.57,786.7,0.1167
1031,4157.7,83242,29.859,1323,958.01,0.16003
1031,4714.6,82941,38.249,694.98,666.04,0.021263
1032,3429.6,84167,29.124,356.53,144.37,0.42356
1034,4031.2,82847,38.574,275.4,234.75,0.079672
1035,5433.2,82764,32.843,991.58,490.15,0.33841
1035,5287.9,83805,40.274,593.54,189.55,0.51588
1037,6368.6,82793,30.775,1424,548.78,0.44365
1038,6285.4,84254,22.108,870.52,505.16,0.26558
1040,3791.9,83585,28.532,862.31,356.64,0.41484
1040,5957.7,82205,28.209,550.83,506.87,0.041566
1043,4628.1,84272,40.279,346.99,262.41,0.1388
1044,4673.6,81959,31.332,409.67,452.4,-0.049572
1045,5914.7,82093,29.577,404.21,250.5,0.23477
1046,5625.2,84500,33.154,561.59,320.31,0.2736
1046,5809.5,83537,25.137,253.28,211.34,0.090276
1047,6153.1,83808,27.564,725.51,592.78,0.10069
1049,3901.6,83753,33.751,414.42,170.29,0.41753
1049,6385.7,83364,30.418,580.55,423.59,0.15631
1050,4374,82809,32.874,251.73,152.77,0.24465
1050,5229.2,84508,32.455,273.85,162.2,0.25604
1052,5618.8,84555,30.246,348.54,278.38,0.11191
1053,6362.5,81987,34.111,229.93,155.41,0.1934
1056,3573.3,82418,22.402,1035.1,457.58,0.38692
1056,4635.4,83037,21.064,374.67,162.77,0.39426
1056,5234.6,82561,38.856,309.92,307.21,0.0043987
1056,6120.7,83993,22.6,725.73,453.5,0.23085
1059,3700.7,82101,35.026,246.98,173.9,0.17364
1059,3838.2,83988,34.366,433.84,431.32,0.0029161
1059,4843.1,83188,41.495,592.58,505.16,0.079642
1060,4598.8,83038,21.445,694.43,176.26,0.59512
1060,6029.7,82942,21.447,582.59,368.09,0.22563
1061,4466.2,82949,22.397,824.7,530.79,0.21683
1061,5775,82530,36.815,763.86,565.26,0.14942
1061,6088.8,83001,24.912,595.47,298.49,0.3322
1062,6305.5,81874,34.272,367.21,259.78,0.17135
1063,5902.7,83852,34.896,1219.3,744.22,0.24197
1064,5784.2,83527,26.688,803.91,593.98,0.15017
1064,6097.1,84304,25.471,969.82,520.53,0.30147
1064,6255.3,82640,27.988,337.75,375.58,-0.053034
1065,4330.2,82582,35.561,412.59,118.53,0.55366
1066,4274.4,82791,19.405,747.09,736.44,0.0071786
1066,4909.9,82325,28.286,664.78,593.76,0.056433
1067,3924.4,83855,34.859,330.64,346.51,-0.023439
1067,4293.3,82598,31.611,975.12,828.93,0.081037
1067,5023.1,82066,30.426,393.8,211.65,0.30085
1068,3839.9,82138,32.371,572.92,358.32,0.23044
1068,4153.3,82463,31.453,627.79,602.27,0.020745
1069,3813,82094,38.293,507.99,410.16,0.10656
1069,5143.7,82565,26.895,492.49,149.19,0.535
1070,5339,82558,36.533,797.7,713.15,0.055961
1072,3750,82601,30.901,847.02,483.59,0.27313
1072,4243.3,83154,35.507,455.38,343.01,0.14075
1074,6096.4,83884,30.082,252.95,164.93,0.21065
1075,6063.9,83939,18.445,696.96,306.62,0.38895
1077,3442,82024,28.276,666.47,246.6,0.45985
1077,5924.1,84253,37.438,331.46,160.29,0.3481
1077,6320.2,82913,32.579,1007.3,1052.3,-0.021846
1078,5897.8,83292,31.845,266.88,193.03,0.16058
1079,5068,82897,40.36,542.48,422.53,0.12431
1080,5106.8,82134,32.57,528.71,667.03,-0.11568
1081,6193.6,81865,33.139,393.11,290.12,0.15073
1082,6201.1,81870,33.651,279.98,250.63,0.055321
1083,4259.4,82611,25.451,300.01,162.15,0.29828
1083,5645,83971,32.043,629.44,294.34,0.36275
1085,5743.6,82768,22.126,985.99,496.67,0.33002
1086,3834.9,83108,31.133,373.45,185.87,0.33537
1086,4783.9,82342,23.906,693.85,393.13,0.27665
1086,5898.1,82823,14.263,1780.4,941.74,0.30809
1088,6012.2,84449,31.355,425.64,341.65,0.10946
1089,3788.1,82806,33.675,368.57,132.25,0.47188
1090,5106.9,83724,35.075,387.66,369.25,0.024325
1093,3966.2,83050,19.195,744.2,786.68,-0.027748
1093,5339.8,82410,34.437,187.78,237.38,-0.11668
1095,5852.3,82694,32.98,213.94,197.11,0.040952
1096,4123.2,83498,25.547,301.12,372.87,-0.10647
1096,5216,82702,21.53,1441.4,949.23,0.20587
1097,4070.2,83521,24.455,288.2,504.99,-0.27332
1097,5348.7,82894,41.448,1229.1,949.76,0.1282
1098,4090,83355,26.188,845.59,933.98,-0.049665
1103,5210.8,82455,30.866,137.14,107.61,0.12066
1105,3632.2,83693,25.622,548.11,368.16,0.19638
1105,5001,82339,27.498,485.75,257.12,0.30777
1106,3539.8,82377,23.25,413.93,197.32,0.35436
1107,3426.2,82205,26.265,261.97,233.58,0.057292
1107,4609.3,83679,27.689,346.11,263.9,0.13477
1107,5933.4,84641,27.29,551.53,153.46,0.56466
1108,5582.5,84415,30.037,984.71,146.12,0.74157
1109,5986.9,83574,30.062,1144.2,631.13,0.28901
1110,4535.6,84125,31.097,374.86,372.2,0.0035572
1110,6148.2,84102,35.4,313.37,232.43,0.14828
1111,3994.6,82688,30.647,1276,733.96,0.26966
1111,5593,82893,25.659,587.54,396.59,0.19404
1112,4818.2,83488,36.819,1022.6,597.25,0.26259
1113,3555.7,83831,29.994,489.38,413.18,0.084426
1115,6332.3,82785,35.72,536.59,468.54,0.0677
1116,5318.9,82638,23.086,912.21,599.55,0.20681
1117,4189.1,82653,30.135,666.34,179.75,0.5751
1117,4404.3,84651,22.126,561.83,497.34,0.060886
1117,6000.9,84591,18.815,898.22,593.85,0.20399
1118,6018.3,84498,22.696,300.4,181.45,0.24686
1119,4591.6,82382,30.576,713.82,588.53,0.096204
1119,6025.1,82351,32.214,574.06,374.17,0.21081
1120,5251.9,83200,26.854,302.31,202.71,0.19722
1120,5979.5,82175,29.773,869.06,554.93,0.2206
1121,5095.4,82278,25.089,735.72,472.06,0.2183
1124,4275.3,82229,32.281,340.3,155.1,0.37384
1126,4902.1,83627,24.881,276.3,175.89,0.22203
1127,5958.1,84017,30.628,498.69,442.01,0.060259
1129,5895.2,84292,35.563,646.19,485.38,0.14212
1131,3972,83002,38.702,513.78,355.77,0.18171
1131,3929.9,84247,31.004,404.03,177.3,0.39002
1131,5618.2,84684,22.784,1150.3,645.15,0.28135
1131,5916.6,82724,35.776,468.36,231.06,0.33928
1132,5746.5,83387,35.85,209.86,141.3,0.19523
1132,5772.7,84708,36.598,261.66,134.83,0.31988
1134,4232.6,84702,37.552,790.59,472.47,0.25186
1134,5116.2,82372,37.539,351.56,378.67,-0.037133
1136,4048.9,82572,27.961,1568.7,828.15,0.30896
1137,3800.2,82091,28.887,388.81,107.77,0.56596
1137,3934,84583,37.991,349.52,130.94,0.45493
1138,6150.4,84253,25.589,473.15,362.28,0.13271
1141,4955.9,83762,34.47,385.88,182.41,0.35804
1142,4596.4,84455,31.036,580.37,307.24,0.30771
1145,4068.2,83905,20.884,688.92,349.1,0.32738
1145,4713.4,83029,39.049,282.15,193.93,0.1853
1146,4089.5,83931,22.978,429.41,200.38,0.36367
1146,5887.4,83835,31.212,985.36,706.43,0.16487
1147,5812,83991,23.363,403.85,105.98,0.58425
1148,3703.3,83271,32.312,265.59,140.85,0.3069
1148,6316.3,82917,27.552,711.41,573.33,0.10748
1149,4154.1,84373,33.101,289.11,501.86,-0.26897
1149,6324.5,82924,35.129,245.91,256.36,-0.020795
1150,4115.3,84232,24.14,484.3,700.75,-0.18265
1151,4239.3,84066,29.562,566.63,415.94,0.15336
1152,4521.1,83002,31.995,627.32,829.02,-0.13849
1153,4282,84252,33.291,549,423.04,0.12959
1153,5691.3,84290,35.864,351.25,360.58,-0.013106
1155,3644.6,82313,32.836,677.72,455.39,0.19621
1155,4906.8,82603,36.6,427.45,539.84,-0.11619
1156,6216.8,84152,31.095,274.93,249.95,0.047587
1159,5512.3,83804,30.001,532.24,267.61,0.33085
1160,5447.7,84128,32.366,382.75,216.07,0.27835
1161,5739.6,84347,26.487,514.3,210.03,0.42008
1162,5388.8,83588,27.513,583.06,419.13,0.16357
1166,5747.2,84024,34.923,533.78,384.13,0.16304
1167,3609.4,84091,24.316,352,190.6,0.29745
1167,5694.8,84001,24.855,502.29,219.77,0.39126
1168,3614,84078,26.613,402.38,287.71,0.16617
1169,3431.4,84139,27.327,421.32,285.63,0.19193
1169,4376.7,84615,30.855,266.14,109.56,0.41676
1173,6205,83045,35.874,554.05,209.6,0.45106
1174,6257.1,82928,19.399,948.38,542.46,0.27228
1175,5316.4,84586,25.443,629.26,318.86,0.32738
1176,6290.3,82983,26.941,428.76,413.82,0.017734
1177,6407.4,83084,17.722,898.89,457.44,0.32547
1178,3849.4,84363,30.691,256.86,231.34,0.052274
1178,5186.1,84419,24.665,845.79,418.45,0.33802
1178,6051.7,83814,27.13,603.68,304.45,0.3295
1180,5576,84707,33.247,523.92,360.31,0.18504
1181,3893.5,81774,35.059,572.14,429.12,0.14283
1181,4374.7,82767,31.674,320.48,295.26,0.040964
1182,4876.7,83459,32.442,266.65,135.79,0.32515
1185,5743.3,82298,34.739,538.77,378.96,0.17414
1187,3695.7,84335,32.8,724.92,380.41,0.31168
1188,3834.7,84300,31.279,418.75,196.84,0.36049
1190,4865.1,84114,31.131,273.85,164.96,0.24815
1190,5322.3,84029,39.403,621,248.35,0.42866
1190,6360.4,83771,23.441,570.46,355.79,0.23176
1192,3560.4,82753,31.614,559.34,344.21,0.23809
1192,3859.9,84233,30.824,294.09,136.77,0.36514
1193,4978.6,83686,28.298,884.94,803.05,0.048515
1198,5638.1,84555,32.113,433.56,456.65,-0.02594
1199,5076.4,82402,28.871,905.26,1149.7,-0.11894
1200,5254.1,82203,26.987,718.32,447.38,0.23242
1201,6232.9,82922,29.157,470.64,224.18,0.35471
1202,5007.2,82085,26.478,1186.3,590.43,0.33539
1203,5072.1,81933,21.312,857.21,453.73,0.30778
1205,3645,82972,28.667,1123.6,640.89,0.27359
1206,5229.1,82005,19.203,543.81,575.2,-0.028049
1206,6195.8,82928,33.969,783.64,300.02,0.44629
1207,3929.7,83067,33.08,621.29,451.3,0.15849
1207,3938.6,83189,28.188,585.28,442.56,0.13886
1207,5208.2,82177,26.638,718.37,428.55,0.25269
1207,6121.6,82805,33.938,401.25,227.55,0.27624
1210,4210.1,82653,35.227,946.75,958.76,-0.0063045
1210,4456.7,82578,34.997,558.28,592.71,-0.029917
1211,4228.9,82675,23.438,1205.6,788.63,0.2091
1214,3756.5,82940,36.688,394.9,146.54,0.45869
1215,3995.9,82856,30.687,492.01,501.94,-0.0099875
1217,5844.3,83488,22.997,361.43,209.31,0.26653
1219,3586.1,83949,27.556,343.88,140.61,0.41954
1219,5527.7,82516,35.743,483.66,144.79,0.53921
1220,5220.1,82540,30.241,372.64,159.96,0.39931
1220,6042.9,83953,33.517,506.45,433.42,0.077704
1223,3956.1,82662,22.105,707.27,533.06,0.14045
1224,4172.7,82819,31.665,295.19,263.95,0.05587
1225,4280.6,82884,34.293,281,174.57,0.23362
1227,5341.5,84050,35.741,405,256.68,0.22415
1227,5488.4,82628,37.411,274.9,295.5,-0.036112
1227,5876.9,84547,26.016,779.73,480.34,0.2376
1229,6158.9,84068,28.568,380.91,356.09,0.033683
1232,3795.8,81837,31.986,263.06,194.1,0.15083
1233,4551.9,84686,28.627,227.16,146.74,0.21507
1234,5113.8,83011,36.847,791.44,650.32,0.097881
1236,6226.5,82596,38.119,468.2,400.6,0.077812
1238,4317.3,81766,27.228,808.15,505.17,0.2307
1239,5966,83437,20.245,583.02,789.4,-0.15037
1240,6035.2,83446,29.434,370.72,344.04,0.037325
1240,5893.7,84170,34.637,828.69,647.94,0.12241
1243,5963.1,82328,32.281,1167.5,645.56,0.28786
1243,5980.5,82309,30.226,912.76,485.28,0.30577
1244,5619.7,82532,28.41,328.57,113.87,0.48528
1246,4890.8,83259,33.383,727.42,275.91,0.45002
1246,5228.7,82607,33.366,1032.7,586.33,0.27572
1248,4779.3,81885,29.175,357.39,227.51,0.22205
1255,4483,82670,37.83,556.68,508.13,0.045588
1256,3856.6,83048,31.913,366.73,167.32,0.37339
1257,4611.4,83768,32.368,447.82,252.92,0.27813
1257,5751.8,81916,30.274,947.69,552.49,0.26343
1257,6337.9,84127,30.958,559.94,334.58,0.25193
1258,3886.8,83915,32.033,770.16,591.63,0.1311
1258,4079.6,83054,20.991,615.45,494.92,0.10854
1258,5137.5,82211,25.976,370.88,287.01,0.12748
1259,6138.6,81787,35.473,542.12,564.44,-0.020164
1259,6270.1,83856,32.517,235.21,154.04,0.20855
1261,4249.2,81989,38.211,395.52,167.47,0.40506
1263,4059.3,82047,25.204,635.8,208.72,0.50571
1264,6086.1,82732,30.519,721.35,539.76,0.14399
1265,4590.9,84628,33.386,262.76,179.56,0.1881
1266,4120.1,82404,37.69,276.81,184.23,0.20081
1266,6167.4,82895,26.672,591.24,264.38,0.38201
1267,6391.2,82785,36.555,995.35,796.87,0.11075
1270,4951,83737,31.733,581.4,348.95,0.24986
1270,6011.5,83689,31.602,742.57,537.97,0.15978
1273,4846.8,84456,37.841,776.73,564,0.15866
1275,4987.3,82264,30.5,641.65,400.47,0.23144
1276,4650.3,82538,27.599,693.66,794.92,-0.068026
1276,4947.7,82042,26.009,377.56,289.25,0.13243
1278,4873.4,82571,38.853,351.79,512.52,-0.18597
1278,5503.3,82815,29.817,716.97,482.47,0.19551
1279,5635.4,82776,26.973,570.72,378.4,0.20263
1281,4210,83065,39.834,855.25,568.9,0.20107
1282,5457.7,83842,31.324,889.15,565.41,0.22257
1282,5661.3,83712,32.842,824.38,640.33,0.12566
1283,4904.8,82779,30.719,359.66,155.49,0.39632
1284,5196.9,82528,30.551,647.42,243.5,0.45338
1287,4211.5,83041,26.003,450.71,211.88,0.36045
1287,5200.6,82410,25.179,578.26,264.87,0.37169
1288,4493.3,83119,36.24,607.86,192.2,0.51954
1290,3460.6,84244,30.84,619.14,346.01,0.28299
1291,3461,84056,32.922,769.9,292.67,0.44912
1292,5371.2,82669,28.668,638.8,617.99,0.016555
1293,5213.6,82907,40.06,321.41,583.48,-0.28961
1294,4533.3,84706,25.429,666.39,426.78,0.21918
1296,4375.3,82786,30.678,623.07,464.22,0.1461
1296,6220,82723,31.05,739.88,413.32,0.28318
1298,5532.2,83688,37.297,591.78,461.45,0.12375
1299,5524.4,84077,35.451,374.36,307.47,0.098099
1300,4666.2,81974,36.399,304.72,186.31,0.24113
1302,5758,83820,23.274,606.11,315.74,0.31498
1303,3458,82980,28.434,851.37,492.11,0.26741
1303,4720,83014,27.533,523.72,538.05,-0.013502
1306,6074.8,81972,28.077,785.86,442.93,0.27907
1307,3997.4,82992,24.84,1351.6,798.14,0.25744
1307,6127.4,82232,29.948,614.1,491.35,0.11104
1308,3993.9,83100,21.636,543.28,471.62,0.070607
1309,5340.9,83897,22.481,674.21,393.9,0.26243
1310,4150,84655,27.192,688.89,387.93,0.2795
1310,5746.1,83916,21.565,1490.2,1037.3,0.17921
1312,3549.1,82417,36.141,483.55,284.11,0.25981
1312,4817.2,83005,30.471,578.72,385.63,0.20023
1312,4831.3,83119,38.338,477.79,280.73,0.2598
1315,4211.3,83082,27.603,1136.2,895.19,0.11863
1315,5079.6,82125,26.449,831.37,546.12,0.20708
1316,4753.9,81835,25.078,255.68,239.46,0.032755
1316,5051.3,82459,28.243,571.81,396.09,0.18156
1316,6382.1,82395,37.002,388.86,201.27,0.31787
1317,4900.5,82040,31.205,944.31,766.24,0.1041
1318,5174.8,83657,28.275,437.85,160.79,0.46282
1319,3884.5,83213,32.5,477.18,514.15,-0.037301
1319,5849.1,84560,25.986,828.51,420.63,0.32653
1320,4323.8,82622,32.702,728.77,506.87,0.17958
1320,5746,84613,25.129,592.96,346.09,0.2629
1321,4216.6,83004,32.533,435.82,292.98,0.19599
1322,3906.1,82967,28.921,428.35,344.94,0.10787
1322,5532.5,83484,19.57,462.38,195.4,0.40588
1325,5184.6,82051,34.864,235.63,146.79,0.23232
1326,5809.3,83497,32.233,319.49,105.87,0.50222
1327,6187.8,84288,28.955,682.8,402.14,0.25869
1330,4041.6,83198,29.527,529.27,553.26,-0.022157
1330,4580.1,82496,34.344,398.51,134.56,0.49514
1331,4649.4,82649,34.025,427.4,562.73,-0.13668
1332,3788.6,83214,29.307,818.63,418.58,0.32335
1332,4261.6,82722,31.206,506.15,287.12,0.27611
1332,5240.7,83617,34.098,471.71,127.9,0.57339
1333,4699,84722,27.232,460.74,359.17,0.12388
1333,5019,83765,37.469,205.62,206.24,-0.0015072
1333,6121.2,83902,27.538,278.25,105.32,0.45085
1334,4521.3,82094,38.906,723.15,117.4,0.72066
1334,5843.2,84310,36.626,786.56,479.87,0.24217
1335,4302.1,82117,34.367,420.44,244.31,0.26495
1335,6167.7,84427,35.379,269.95,112.77,0.41069
1336,4331.8,82131,31.436,555.42,321.54,0.26669
1337,5886.4,84627,31.166,417.88,425.52,-0.009067
1337,6168,83910,19.889,592.85,324.41,0.29265
1338,4355.4,84664,37.982,315.95,252.09,0.11241
1338,6397.1,83647,26.137,947.17,715.11,0.13961
1340,4017.3,82320,28.586,191.43,147.29,0.13029
1340,6359.5,82760,34.02,749.19,514.13,0.18607
1342,4169.9,82480,32.651,351.61,148.12,0.40719
1342,6153.4,84019,26.583,539.35,240.83,0.38264
1343,4156.4,82170,31.758,260.89,105.72,0.42324
1344,4815,81941,35.124,222.17,120.84,0.29543
1347,4876.6,82326,32.942,648.98,441.65,0.1901
1347,5938.8,83504,30.62,497,352.8,0.1697
1349,5456.2,82252,34.239,491.07,446.06,0.048026
1349,6212.7,83829,28.323,906.45,364.77,0.42611
1352,3638.2,82696,27.967,421.72,269.14,0.22086
1352,5105.5,82630,23.171,824.43,371.9,0.37827
1352,6193,83955,17.084,655.25,350.05,0.30358
1353,5059,82354,33.322,487.17,387.23,0.11429
1353,6164.7,84011,24.379,372.18,350,0.030709
1354,5403.5,83719,25.051,528.44,346.84,0.20748
1355,5523.1,83810,30.962,914.1,531.97,0.26426
1357,6323.2,83450,27.967,287.24,307.31,-0.033764
1359,3788.9,83512,36.71,560.71,411.27,0.15374
1359,6297.2,83284,28.153,546.8,137.22,0.59877
1367,3464.8,82537,33.584,216.74,162.36,0.14343
1370,4687.4,83811,32.792,454.25,219.63,0.34817
1371,4466.4,82085,29.391,657.34,506.68,0.12943
1371,4697.2,83763,31.603,509.27,245.78,0.34897
1371,5942.5,84395,26.61,459,403.79,0.063986
1375,3628.4,83824,33.517,392.68,264.37,0.19528
1376,3447.6,84124,36.882,849.54,572.18,0.19509
1376,6080.5,82273,39.639,478.79,453.42,0.027219
1377,3435.6,84211,26.088,475,371.74,0.12195
1378,5099.9,84052,34.971,403.18,274.25,0.19032
1381,5515.2,83587,28.544,363.08,385.24,-0.029601
1381,5982.3,84265,25.482,1080,748.12,0.18152
1382,4478.9,84509,25.634,625.99,469.62,0.14273
1383,6068.2,83937,17.041,835.73,500.15,0.2512
1384,5546.2,84036,31.606,794.12,322.39,0.4225
1385,6350.3,84229,31.857,796.08,304.21,0.44704
1389,3766.1,81969,26.895,866.78,846.84,0.011636
1389,4663.4,82248,33.402,409.09,238.79,0.26286
1389,5683.9,83055,24.594,335.72,207.22,0.23668
1391,5768.3,84647,29.632,525.87,223.49,0.40352
1392,6383.6,82827,25.804,353.54,135.26,0.44656
1393,4740.4,84251,37.632,389.44,256.26,0.20627
1393,5341.1,82982,29.149,1230.3,821.99,0.19894
1393,5549.6,84512,26.281,755.53,277.96,0.46209
1393,5659.5,84532,27.046,970.05,441.26,0.37468
1394,4687.7,82347,32.672,558.91,295.4,0.30845
1395,4859.7,82076,29.547,518.38,115.22,0.63631
1399,4831.4,84129,24.498,313.45,136.42,0.39352
1400,3464.1,83821,22.345,560.86,388.58,0.18146
1401,3441.5,83874,34.906,387.09,369.5,0.023241
1401,4496.5,84299,31.654,194.74,210.44,-0.038748
1402,5854.5,84695,25.387,375.68,290.7,0.12752
1403,3582.1,84017,29.13,390.4,145.19,0.45784
1403,5415.6,83777,29.054,515.11,283.69,0.2897
1403,6215.9,83379,31.512,349.34,205.87,0.25841
1404,5346.4,82520,30.609,224.38,291.7,-0.13044
1406,4176.5,82985,28.536,648.32,375.15,0.26691
1407,4050.2,83075,20.718,906.35,549.71,0.24493
1409,6027.4,84484,23.535,311.96,125.49,0.42626
1410,5998.4,84458,28.257,557.86,385.82,0.1823
1412,4803.3,84291,27.383,389.55,294.8,0.13845
1412,5337.1,82411,28.224,480.95,410.41,0.07914
1413,5969.9,83912,21.251,707.46,838.32,-0.084658
1414,3783.8,82490,28.97,311.77,271.73,0.068631
1418,3673.4,83162,32.736,287.83,203.65,0.17128
1420,5390.6,82081,30.544,742.62,617.12,0.092296
1425,3669.6,83660,30.563,385.89,133.09,0.48712
1425,4785.8,83955,31.748,595.19,468.11,0.11952
1426,3662.1,84352,38.867,378.14,170.32,0.37892
1426,4904.7,84193,38.974,368.78,163.78,0.38494
1426,5748.1,84349,32.176,635.92,378.65,0.25358
1427,5648.5,83362,28.444,550.54,529.89,0.019112
1427,5740.2,84369,32.257,645.74,563.19,0.06828
1428,3726.7,83996,35.656,330.95,200.42,0.24566
1428,4839.4,83698,31.542,218.75,184.06,0.086124
1429,4204.5,83212,38.354,307.01,276.89,0.051599
1430,3653.7,83772,29.692,630.7,299.21,0.35648
1431,6186.3,82781,37.123,490.01,291.9,0.25337
1432,5222.9,84406,35.636,419.77,226.36,0.29934
1432,5518.3,83233,41.099,459.76,238.73,0.31644
1433,5406,83133,32.225,586.22,526.09,0.054053
1433,6383.9,83719,30.635,656.13,452.26,0.18393
1434,5375.4,83469,33.132,1011.2,741.11,0.15411
1434,5667.3,84685,24.936,492.09,198.02,0.42612
1434,6296.2,82302,35.215,391.48,330.91,0.083846
1435,6205.2,82305,32.148,598.01,283.64,0.35657
1436,6187,84251,28.255,689.51,403.71,0.26143
1437,6043.1,84380,24.589,421.09,162.63,0.44279
1438,4127.9,83144,31.177,544.68,360.8,0.20307
1438,5756.3,83373,30.142,597.56,432.7,0.16001
1438,6068.7,84526,36.552,308.68,244.56,0.11589
1439,5936.6,82269,30.376,336.38,220.94,0.20713
1439,5911.1,84366,26.975,1063.1,835.37,0.11996
1440,5929.5,84008,32.25,399.27,339.29,0.081211
1444,4273.5,84224,33.715,240.09,249.53,-0.019278
1445,4513.6,81815,27.183,424.49,399.62,0.03018
1450,6314.5,82849,22.612,378.07,209.82,0.28618
1451,4462.3,81869,38.716,732.89,434.94,0.25513
1457,4428.2,83227,35.545,357.54,156.01,0.39243
1458,4986,83028,31.059,699.65,351.63,0.33104
1460,3618.4,81854,33.609,663.26,431.07,0.21218
1461,3656.2,83973,24.42,398.52,233.63,0.26084
1461,5932.2,84469,19.616,341.02,206.59,0.24547
1466,3480.4,83507,27.592,652.42,312.7,0.35199
1466,4578.2,82588,25.497,577.95,451.79,0.12252
1467,3531.1,83522,14.574,1328.6,767.65,0.2676
1467,5960.6,83561,33.427,461.12,257.35,0.28361
1468,3486.9,83405,21.716,1670.1,1059,0.22392
1469,3462.2,83261,33.663,486.49,319.28,0.20752
1469,3605.6,82290,22.896,480.01,317.47,0.20382
1469,6338.2,82245,32.425,408.29,379.79,0.036165
1470,4524.7,83201,25.476,710.15,547.2,0.1296
1471,4939.1,84453,40.376,893.35,629.05,0.17361
1472,3539.9,84186,23.159,453.57,190.2,0.40911
1472,5333.5,83691,27.354,415.04,243.93,0.25967
1472,5651.8,82679,34.992,479.22,195.66,0.42016
1472,5959.4,83783,31.939,569.71,331.86,0.26381
1473,4512.3,83059,28.234,525.8,213.92,0.42162
1474,5329.7,82888,33.481,279.14,148.72,0.30482
1475,4360.7,82701,25.521,349.6,179.66,0.32108
1475,5286.1,82955,37.353,197.08,239.33,-0.096813
1478,4163.8,83138,24.721,372.92,167.79,0.37938
1478,4981.2,83393,36.35,230.06,142.63,0.23461
1482,5140.4,82447,37.389,286.84,331.56,-0.072325
1483,5543.6,83677,28.838,838.98,306.41,0.46496
1484,5201.5,82009,30.786,947.25,955.08,-0.0041154
1484,5756.9,83671,34.213,559.13,373.55,0.19897
1485,5989.5,83658,24.346,1108,647.49,0.26234
1486,4578.6,82090,35.085,740.98,535,0.16142
1486,5803.4,83538,29.356,758.83,369.96,0.34451
1487,4023.5,83454,33.206,529.34,315.78,0.2527
1487,5796.2,83492,30.358,290.12,180.12,0.23391
1488,4331.1,82730,27.837,483.07,184.7,0.44681
1488,5768.2,82835,32.914,516.52,342.57,0.20248
1488,6108.9,83774,22.401,1150.6,565.65,0.34084
1491,4208.5,84697,16.295,580.34,117.87,0.66238
1491,4611.3,83251,44.66,745.37,838.22,-0.058636
1491,5092.2,82803,34.154,883.29,589.83,0.19921
1491,5369.3,83550,25.765,790.9,583.78,0.15067
1491,5900.1,84539,28.273,793.22,535.19,0.19424
1492,5071.6,83646,38.99,502.19,329.74,0.20729
1492,5173.4,83020,30.615,621.43,293.74,0.35806
1493,5043.8,81844,31.707,531.02,526.62,0.0041577
1494,5819.8,84152,19.377,334.39,251.26,0.14194
1495,6239.8,82616,35.857,386.64,218.14,0.27861
1496,4038,84587,23.658,406.61,115.58,0.55733
1498,5882.1,84082,30.076,774.63,416.25,0.30094
1501,5097.6,82546,34.501,393.46,290.49,0.15055
1502,5628.8,82778,31.32,412.92,468.88,-0.063454
1503,3776.3,84313,36.639,266.93,127.16,0.35466
1504,5065.8,82258,31.106,274.55,190.29,0.18128
1504,6308.3,83962,31.578,575.02,280.37,0.34446
1509,5407.7,83550,28.066,256.32,121.05,0.35846
1510,3524.2,84395,25.154,536.66,320.86,0.25166
1510,5548.6,84165,40.899,618.15,391.92,0.22398
1512,3883.8,81740,36.852,702.86,546.26,0.12536
1514,4740.1,82116,32.173,421.34,239.54,0.27508
1514,5338.5,82559,34.293,714.44,398.3,0.28411
1514,6049.9,83020,26.938,297.84,244.68,0.09799
1515,4103.7,84355,28.994,369.32,203.12,0.29032
1518,6194.5,83764,16.646,526.01,227.37,0.39641
1519,4516.8,83314,22.389,1282.3,894.18,0.17833
1520,4138.8,82381,29.798,822.98,696.45,0.083276
1520,5673.2,84043,29.648,400.9,267.3,0.19993
1521,4997,83945,32.837,347.94,192.08,0.28862
1521,5171.8,82479,34.259,547.12,487.62,0.057508
1522,4212.7,82313,35.032,468.16,321.3,0.18603
1525,3490.6,84724,36.839,273.85,185.47,0.1924
1525,4445.2,82231,24.765,833.82,555.5,0.20032
1527,5065.6,83152,33.562,887.34,372.19,0.409
1528,4454.1,83555,37.852,426.99,278.35,0.21073
1529,5172.9,82671,21.727,484.33,229.19,0.35759
1530,3525.4,82270,30.651,687.59,594.55,0.072563
1530,4897.6,83087,31.074,264.51,119.98,0.37591
1532,3907.4,83069,30.2,1018,463.03,0.37471
1533,4991,82098,31.069,608.31,352.21,0.26662
1538,3530.6,81882,27.211,405.62,186.91,0.36911
1538,4856,83919,34.57,357.17,239.05,0.19811
1538,5008.4,82946,31.699,561.22,118.87,0.65044
1541,5425,83460,33.218,637.19,620.96,0.012896
1542,4483,83314,27.034,272.6,119.53,0.39034
1545,5090.9,83236,29.388,898.83,703.6,0.12183
1546,3982.3,83003,29.767,585.31,311.68,0.30506
1546,4150.1,84166,35.668,273.13,1023.6,-0.57874
1546,4620.4,82954,36.357,563.71,230.47,0.4196
1546,6390.5,84702,21.354,279.47,360.43,-0.12653
1547,3718.3,82796,32.014,721.24,187.8,0.58682
1547,5358,83344,31.852,835.62,386.57,0.36741
1547,5644.2,82450,26.26,737.32,590.99,0.11016
1548,4216.2,84551,29.578,223.1,837,-0.5791
1548,5925.3,83563,23.702,1619.9,1464.1,0.050498
1549,3746,82481,33.5,280.53,118.26,0.40691
1549,5952.8,83584,17.136,526.29,353.24,0.19675
1552,3960.2,82908,32.922,865.03,536.02,0.23483
1552,5985.3,83436,28.514,851.95,460.76,0.298
1554,3948.2,84366,21.796,527.61,485.46,0.041607
1555,3957.5,84366,16.835,707.88,899.79,-0.11937
1556,3968.3,84333,15.401,534.05,920.53,-0.2657
1557,3549.5,82134,33.992,155.78,616.3,-0.59646
1557,3908.9,84347,33.607,305.35,770.18,-0.43219
1557,4102.5,83048,28.817,269.95,140.34,0.3159
1557,5342.2,82346,31.005,497.67,519.28,-0.021252
1558,3584,83265,28.417,482.84,171.71,0.47533
1559,5036,82446,25.274,518.6,198.41,0.44657
1560,3743.9,83671,26.751,763.8,421.4,0.2889
1561,3547.3,83749,23.233,1220,810.59,0.20161
1561,5959.5,83333,34.991,164.63,224.93,-0.15479
1562,3701.3,83315,33.347,750.98,342,0.37419
1563,3744.4,83022,27.906,205.69,157.89,0.13148
1564,5408.1,82434,36.443,557.59,403.4,0.16045
1566,4520.2,83275,27.232,255.51,164.27,0.21736
1567,4203.4,82875,36.423,426.05,311.99,0.15456
1567,5824.4,84193,39.936,651.16,393.38,0.24679
1568,3430.7,82123,29.292,1113.8,631.75,0.27616
1568,4002,83058,16.572,1010.6,650.3,0.21692
1569,3906.8,82716,30.203,452.79,231.39,0.3236
1570,5597,83344,32.162,334.05,312.73,0.032966
1571,3514.1,82671,31.173,299.55,113.83,0.44928
1571,5252,83340,28.632,761.03,466.08,0.24036
1571,5476.4,81964,39.371,468.43,705.6,-0.20201
1571,6195.2,83144,35.701,355.59,168.19,0.35777
1572,4216.3,82533,28.849,295.47,234.12,0.11584
1574,4513,84524,35.147,363.07,485.18,-0.14395
1576,5833.7,82434,37.912,304,243.81,0.10987
1579,3573.6,83124,35.638,322.4,191.87,0.2538
1579,5708.2,83354,38.41,426.38,226.56,0.30603
1580,3503.5,83063,9.3706,1843.4,571.68,0.52657
1581,3579.1,83065,9.575,898.04,338.19,0.45287
1582,3708.8,83173,8.9506,1263.1,528.25,0.41021
1583,3778.8,83160,9.3984,1170.8,488.33,0.41134
1583,4720,84353,36.811,415.95,305.37,0.15331
1584,3578.6,83568,29.458,635.28,273.1,0.39871
1584,3742.5,83018,8.5482,1265.3,426.22,0.49605
1584,4803.7,81802,37.227,602.17,368.34,0.24093
1584,5545.7,84571,32.545,756.9,584.49,0.12853
1585,3598.6,83598,25.652,1660.6,949.56,0.27243
1585,3736.5,82965,8.1308,1336.5,580.8,0.39416
1585,4110.1,82203,35.093,846.55,503.56,0.25404
1586,3727.9,82865,7.5971,1456.5,501.98,0.48737
1587,3754.6,82765,8.0127,1405.1,527.65,0.454
1587,5941.1,84390,23.14,566.79,280.27,0.33826
1588,3723,82305,30.27,973.55,489.07,0.33125
1588,3724.4,82196,27.238,1443.6,733.15,0.32638
1588,6374.3,84260,33.289,510.78,347.63,0.19007
1589,3976.9,83375,19.669,439.39,351.65,0.11091
1589,4790.8,84372,35.665,443.82,209.85,0.35793
1589,5780.4,84076,29.798,671.06,307.56,0.37143
1590,3932.8,83304,22.742,324.94,363.65,-0.056223
1590,4574,82399,34.491,368.23,134.9,0.46376
1590,4715,84017,19.891,928.49,557.36,0.24977
1592,3948.4,83358,24.258,365.46,358.61,0.0094522
1592,4781.6,83590,33.399,412.21,247.01,0.2506
1593,4500,84159,33.402,356.16,321.53,0.051111
1594,3956.9,83341,15.945,366.39,245.58,0.19742
1594,6087.9,84268,36.532,251.92,177.14,0.17428
1595,3836.9,83295,35.933,345.23,325.12,0.03
1595,6176.8,84382,20.866,673.13,353.78,0.31098
1596,5047.8,82439,33.174,415.99,214.94,0.31865
1598,3569.9,82675,35.829,308.69,400.31,-0.12922
1602,5076.9,82024,32.637,521.34,567.26,-0.042182
1607,4073.2,83070,33.246,345.52,277.13,0.10983
1607,6021.5,83030,17.347,1350.2,630.48,0.36335
1608,5983.1,83259,24.865,727.21,457.43,0.22773
1609,6056.4,83173,27.261,933.69,419.9,0.37958
1610,6133,83004,18.176,2052.5,1135.9,0.28748
1611,5180.7,83549,29.773,550.36,284.55,0.31837
1613,5275.3,83810,28.771,552.21,145.92,0.58196
1613,5757.6,82774,17.518,853.14,490.64,0.26976
1614,4599,83623,32.74,519.49,203.74,0.43657
1614,5710.6,83397,31.602,617.55,159.27,0.58995
1615,5832.6,83523,18.141,405.28,212.65,0.31172
1617,5857.4,81764,25.226,321.13,276.83,0.074082
1618,5241.3,83949,31.982,545.21,422.71,0.12655
1619,4123.2,84178,31.849,217.52,139.73,0.21776
1620,3623.1,83908,24.205,587.67,288.32,0.34172
1621,5080.5,82488,24.273,354.72,302.4,0.079619
1623,5058.1,82582,36.497,529.57,261.96,0.33808
1624,5257.4,83911,35.43,217.34,178.93,0.096928
1625,5746.7,81968,32.652,530.28,499.5,0.029893
1626,4000.9,83365,35.93,309.42,370.02,-0.089191
1626,4639.1,83033,24.325,736.44,703.91,0.022583
1626,5806.5,81766,29.938,677.06,412.62,0.24267
1627,3903.6,83436,18.153,338.3,284.62,0.086179
1628,3579.6,83881,17.344,642.44,329.44,0.32205
1628,5632.4,83854,32.444,1534.7,1170.5,0.13464
1628,5784.7,82199,36.695,282.82,101.38,0.47225
1629,5899.1,84421,26.652,781.55,575.06,0.15221
1631,4510.1,83331,29.352,660.71,338.54,0.3224
1631,5767.8,83598,26.096,351.02,176.77,0.33014
1632,5877.4,82723,35.211,315.58,125.12,0.43217
1636,4872.3,83462,31.581,521.59,436.3,0.089044
1637,6153.4,83308,33.002,782.01,373.15,0.35395
1638,5361.8,83360,27.268,334.95,111.46,0.50065
1639,4522,82269,35.072,618.9,147.8,0.61446
1641,5323.5,82411,25.263,336.65,126.42,0.45401
1642,5019.8,82501,25.78,670.75,657.66,0.0098511
1642,6106.5,83854,19.651,876.04,418.14,0.35381
1643,4445.5,82482,31.079,778.12,473.17,0.24371
1643,5995.3,83863,23.07,853.06,366.37,0.39911
1645,5977.4,83874,30.909,517.5,298.15,0.26892
1645,5993.2,83971,26.734,682.78,307.37,0.37915
1647,5032.6,83083,31.516,245.16,122.87,0.33228
1647,6031.3,83345,15.993,800.15,337.2,0.40705
1648,3874.4,82058,27.767,486.95,278.59,0.27217
1648,5898.3,84481,32.863,357.59,281.72,0.11867
1649,4092.1,84170,32.935,254.3,157.98,0.23362
1650,5874.3,84692,26.529,316.1,208.06,0.20613
1653,5419.6,82175,33.642,264.73,215.11,0.10341
1653,6140.2,82966,23.825,413.12,204.27,0.33828
1654,5945.2,82908,29.546,547.32,269.74,0.33973
1656,4484.4,83059,28.798,483.73,198.29,0.41852
1658,4260.2,83189,27.215,309.94,266.35,0.075652
1658,4633.8,82506,28.137,593.72,513.22,0.072727
1659,4521.3,83334,28.679,852.14,680.91,0.1117
1660,4217.8,83099,24.11,440.18,311.65,0.17096
1660,5233.4,81774,34.557,456.66,476.93,-0.021711
1664,3528.6,84045,33.006,482.19,371.4,0.12979
1664,3770.1,82898,32.864,649.79,381.95,0.25959
1666,4451.5,82638,28.357,418.65,281.04,0.19666
1672,3464.9,82326,30.759,284.78,148.16,0.31557
1673,5055,82880,33.88,802.95,595.22,0.14857
1673,5610.4,83476,38.53,262.41,174.82,0.20032
1673,6014.9,84526,26.697,895.61,854.56,0.023454
1677,5152.5,82216,35.623,240.59,339.8,-0.17093
1678,4757,82410,36.222,587.04,230.86,0.43549
1678,6383.7,83750,26.784,348.4,165.89,0.35488
1679,6386.7,83431,35.192,283.57,132.7,0.36242
1680,5897.9,84332,27.218,306.67,116.66,0.44885
1680,6105.1,83097,34.231,539.63,321.31,0.25358
1681,6158.1,83995,18.052,853.08,506.25,0.25514
1681,6206.4,83286,32.164,412.76,390.39,0.02786
1682,4450.9,84012,35.812,1035.7,490.5,0.35724
1683,4666,84035,29.359,343.39,121.54,0.47717
1684,3905,83860,28.638,374.54,136.74,0.4651
1685,4381.4,84353,26.164,354.75,134.99,0.44874
1685,4660.4,83372,33.003,388.93,336.27,0.072628
1685,6197.5,82767,25.452,444.66,257.78,0.26605
1686,4558.6,83276,29.681,267.57,120.27,0.37979
1686,6353.5,82872,22.383,515.51,214.2,0.41293
1687,4922.9,82673,21.508,851.36,528.4,0.23407
1687,5920.8,84720,32.215,501.93,475.75,0.026773
1687,6317.2,82782,36.76,529.81,177.91,0.49724
1691,4687.4,84097,27.393,998.76,420.52,0.40742
1691,6308.6,82767,25.497,292.67,142.63,0.34467
1692,4675.4,83034,32.197,516.7,225.55,0.39226
1692,5317.3,83527,34.526,581.56,597.11,-0.013194
1694,6099.8,84077,24.989,391.86,137.41,0.48077
1695,3511.2,82383,31.327,665.84,227.09,0.49137
1695,4884.3,83676,30.576,691.27,422.85,0.24092
1696,4044.4,83158,24.551,461.62,335.82,0.15776
1696,5401.7,81957,35.029,465.17,346.36,0.1464
1697,4012.1,83130,19.249,973.96,744.42,0.13358
1697,6059.3,83912,20.773,592.06,225.38,0.44857
1699,4071.7,83109,22.137,782.39,366.02,0.36256
1699,5060,81842,32.886,500.66,346.86,0.18147
1701,4494.6,84376,20.069,305.11,334.33,-0.045703
1702,4466.6,83005,29.023,394.99,101.28,0.59183
1702,5114.9,82950,33.294,298.29,218.6,0.15418
1704,5023.3,82397,37.302,186.14,108.25,0.26459
1704,5680.3,83265,26.966,881.75,561.07,0.22226
1706,5665.7,83089,35.902,475.47,237.71,0.33338
1707,3640.7,83552,28.61,786.09,504.54,0.21815
1707,5626.1,82992,38.043,403.37,329.8,0.10034
1707,5736.4,82190,35.126,287.64,131.05,0.37399
1708,4063.8,83460,27.11,345.47,217.95,0.22633
1709,4003,83514,22.205,199.78,266.3,-0.14273
1710,4051.2,83464,22.972,286.25,310.62,-0.040838
1711,6011.3,84626,22.313,783.72,423.36,0.29854
1711,6165.9,82290,24.313,293.9,123.34,0.40878
1715,5951.5,84047,30.575,227.71,196.19,0.074375
1716,4810.7,84138,38.449,592.35,570.95,0.018389
1717,5392.7,81787,28.713,439.11,282.94,0.21629
1718,5110.6,81861,26.807,461.03,354.65,0.13041
1719,3634.9,81991,26.538,1078.9,697.05,0.215
1719,4864.9,82773,28.273,231.65,133.82,0.2677
1720,3437.6,83917,25.753,285.52,206.08,0.16161
1720,4642.3,83609,28.177,473.45,110.22,0.62232
1721,4037.2,82285,33.161,541.47,325.56,0.24902
1721,5032.9,82039,36.037,296.74,743.82,-0.42966
1721,5776,83570,27.99,673.99,425.93,0.22552
1723,4241.2,84672,39.384,325.22,179.74,0.2881
1723,4508.5,84175,28.25,427.05,372.31,0.068479
1723,5127.1,84238,28.196,474.58,449.71,0.026901
1725,3999.8,84002,36.642,458.51,214.12,0.36333
1725,5864.3,83578,26.255,814.48,598.19,0.15311
1727,3690.1,83447,21.856,1079,570.06,0.30861
1727,5850.9,83521,23.947,649.62,298.78,0.36993
1732,4364.9,84174,34.82,428.11,313.19,0.15502
1733,4659.1,82962,27.073,286.97,133.45,0.36515
1734,5665.7,81731,28.404,864.21,496.77,0.26998
1734,6041.4,83901,20.579,673.26,1396.4,-0.34939
1735,4351.6,82090,24.535,900.33,692.34,0.13059
1736,4397.2,82348,31.196,352.81,132.49,0.45399
1736,6074.3,83913,28.259,1215.9,908.76,0.14456
1737,5254,83297,28.977,1027.7,994.3,0.016532
1737,6023.2,84045,28.824,1302.6,607.94,0.3636
1738,5450.7,83506,30.356,446.52,314.54,0.17342
1739,5453.9,83748,30.194,566.16,251.44,0.38494
1740,5088.7,81815,30.838,269.77,181.03,0.19686
1741,5430.7,83883,32.999,1020.1,459.12,0.37924
1743,4428.6,83318,21.958,675.19,200.43,0.5422
1749,5433.3,84720,36.366,303.08,179.71,0.25555
1751,5367.9,82529,33.22,302.2,176.24,0.26328
1751,5709.8,84280,32.717,268.42,199.83,0.14648
1756,4468,83353,24.754,716.77,367.47,0.32217
1756,5063.6,84447,35.596,159.78,145.26,0.047606
1757,3556,83448,30.471,579.97,461.37,0.1139
1758,5109.7,82599,32.527,731.76,679.14,0.037292
1758,6009.4,82299,28.659,382.51,325.22,0.080946
1762,4403.3,84609,32.441,441.09,528.62,-0.090263
1763,4327.2,83155,34.085,524.67,327.52,0.23135
1766,4388.6,84438,28.616,512.33,172.3,0.49666
1766,5700.2,82428,27.169,379.55,269.64,0.1693
1766,5653.1,83359,27.999,441.47,358.2,0.10413
1767,4581.4,84314,27.604,737.01,327.98,0.38407
1767,5568.8,82486,29.93,664.11,350.89,0.30859
1767,5796.3,84074,30.502,380.8,198.44,0.31484
1770,4496.3,84428,31.625,192.75,115.22,0.25175
1776,5454.9,83830,17.187,950.33,467.51,0.34053
1776,6100.7,83079,30.345,550.77,216.41,0.43583
1777,3746.4,82968,23.667,828.22,296.68,0.47252
1778,3877.5,83152,35.385,493.85,407.55,0.095737
1778,5072.9,82531,28.135,828.7,585.88,0.17166
1778,5719.6,83496,16.214,1158.2,487.07,0.40791
1779,4438.5,83896,17.141,1140,711.74,0.23127
1779,4906.2,82755,33.499,495.14,216.8,0.39096
1779,5744.1,83605,19.133,770.04,512.6,0.20071
1780,4064.3,83144,20.235,709.56,416.58,0.26016
1780,4594.4,83817,18.675,1307.3,983.19,0.14151
1780,4919.6,82654,37.113,772.49,530.15,0.18603
1780,4969.9,82393,30.228,542.18,282,0.31568
1780,5682.3,83792,21.664,624.98,106.99,0.70766
1781,4884.6,82398,20.536,941.59,468.13,0.33585
1782,5011.7,82524,31.585,1366.7,652.68,0.35357
1783,4911,82606,17.078,1565.1,874.65,0.283
1783,5596.7,84413,30.214,460.55,186.23,0.42412
1784,5113,82673,27.267,709.86,408.66,0.26928
1785,5017,81913,23.754,702,297.8,0.40428
1786,5210.6,82661,21.206,1080.2,737.05,0.18885
1786,5824.9,84287,41.294,269.2,111.41,0.41456
1787,5171,82390,28.005,1331.3,846.27,0.22274
1788,4718,84107,38.832,216.87,135.44,0.23113
1788,5116.3,82668,19.445,1058,676.91,0.21966
1789,5294,82371,23.86,1000.1,519.6,0.31618
1790,5309.4,82239,29.701,863.81,647.99,0.14276
1791,4215.5,83171,32.466,287.01,148.15,0.31911
1791,5260.8,82382,25.565,736.02,212.16,0.55249
1792,5262.8,82286,25.265,556.14,375.06,0.19447
1793,4384.6,83252,28.656,714.87,409.37,0.27174
1793,5397.8,82177,34.53,873.8,578.74,0.20313
1794,5291.7,82222,25.017,1365.9,1016.1,0.14688
1795,5593.2,82085,30.85,400.77,342.73,0.078061
1796,6369.4,84029,26.868,567.24,217.39,0.44587
1797,5037.1,82369,37.142,135.88,160.31,-0.082484
1798,5043,82927,31.04,468.85,109.25,0.62205
1798,6171.2,82665,30.321,439.14,295.9,0.19487
1799,3997.3,83588,34.719,389.86,264.02,0.19244
1800,3854.7,81990,32.412,659.77,370.7,0.28052
1800,4428.4,83972,30.986,294.99,256.67,0.069465
1801,5067.9,82544,25.16,859.58,528.05,0.23892
1801,6163.1,84334,21.217,655.65,857.11,-0.13317
1802,5053.9,82431,25.383,594.35,383.36,0.2158
1803,6050.3,83342,32.669,483.27,283.67,0.26026
1804,4513.7,84333,31.262,591.81,319.08,0.29941
1804,6349.3,84227,25.755,371.14,367.77,0.0045652
1805,5780.9,84520,17.725,892.04,354.99,0.43067
1805,6420.7,82655,26.857,564.97,305.87,0.29752
1806,6400.1,82947,27.612,332.21,190.9,0.27013
1807,3579.4,83757,36.15,291.51,111.85,0.44541
1807,5060.5,82403,28.026,524.09,301.48,0.26964
1807,6382.9,82989,28.825,658.67,102.35,0.73101
1808,3485.4,84712,33.985,310.27,112.67,0.4672
1808,4992.3,82379,27.792,585.43,343.51,0.26043
1808,5982.5,84372,22.034,1056.4,775.37,0.15341
1809,5849.9,84337,29.414,394.71,309.45,0.12109
1810,3935.3,83663,33.721,279.21,204.25,0.15504
1810,5175.3,82685,29.434,413.27,391.6,0.026928
1811,3759.3,83806,30.135,183.31,150.02,0.099877
1811,5082.1,82528,30.225,492.33,584.52,-0.085607
1812,4553.3,84656,28.386,579.82,393.81,0.19105
1812,5853.3,83763,29.414,439.62,257.28,0.26165
1813,5911.7,83840,23.701,205.93,197.32,0.021351
1818,3600,83650,45.23,318.69,173.5,0.29499
1819,4861.4,82542,16.737,1319.5,545.86,0.41474
1820,5506.3,83611,35.821,632.2,372.62,0.25833
1821,3994.1,82873,35.393,216.13,182.81,0.083528
1822,4307.1,82822,41.925,634.9,601.42,0.027075
1823,6077.7,83840,29.475,229.43,193.28,0.085512
1824,3996.9,84509,24.88,620.35,300.66,0.34711
1825,3717.9,83067,32.773,355.9,565.33,-0.22734
1825,6307.5,82001,37.871,187.1,148.32,0.11559
1826,3959.3,83416,22.022,788.32,830.77,-0.026221
1827,3966.2,83469,20.36,471.05,848.54,-0.28607
1827,5903.5,83564,24.841,764.77,728.84,0.024058
1828,3976.6,83494,31.373,142.76,288.95,-0.33862
1829,3983.9,83479,17.168,263.49,300.46,-0.065542
1829,4526.5,82084,35.488,405.71,252.09,0.23354
1829,5657,82669,25.658,313.86,161.98,0.31918
1830,3515.2,81859,39.902,709.72,410.42,0.2672
1830,4086.7,83476,21.873,570.05,743.93,-0.13233
1831,4098,83346,28.371,1242.6,1046.4,0.085727
1832,3464.2,84046,29.867,643.76,502.86,0.12288
1834,3829.7,83115,28.265,202.49,122.33,0.24679
1835,5220.2,82283,38.307,468.63,273.38,0.26314
1837,5529.7,84663,23.074,730.81,826.54,-0.061474
1837,6298.5,83058,25.604,298.8,205.8,0.18431
1844,4720.7,84045,35.614,536.82,335.09,0.23136
1844,4867.1,81945,25.959,1117.1,457.22,0.41915
1846,4990.4,82386,27.276,605.35,367.5,0.24449
1848,4894.6,81949,27.656,443.95,240.17,0.29787
1849,6298.2,83922,31.557,388.79,365.74,0.030541
1851,5321.8,82487,35.54,284.07,183.17,0.21595
1851,6323.1,81963,29.038,446.68,352.73,0.11752
1854,3555.4,84205,24.37,922.17,385.39,0.41052
1855,3906.6,82963,27.07,331.6,180.63,0.29473
1855,5611.3,83255,33.846,282.74,150.1,0.30646
1856,3840.9,82879,33.346,594.07,347.08,0.26244
1856,4331.7,84630,24.173,783.31,586.9,0.14334
1856,5185.5,82534,30.505,731.03,261,0.4738
1857,3697.6,84496,24.909,763.96,413.15,0.29803
1857,5061.9,82368,37.014,585.44,183.43,0.52287
1858,3613.6,84437,16.733,708.21,396.46,0.28221
1858,4850.6,83763,35.728,966.92,497.64,0.32042
1858,6205.3,84095,31.719,836.02,234.27,0.56223
1864,5168.9,82563,22.471,886.23,232.59,0.58422
1864,6285.9,83302,33.908,884.01,410.49,0.3658
1865,6297.6,83036,17.475,637.68,420.83,0.20486
1866,5089.1,82326,23.289,758.29,332.16,0.39079
1867,5753.8,84507,18.923,682.92,387.91,0.27549
1868,3509.3,82352,31.315,708.21,601.62,0.081376
1868,5027.7,82457,27.785,319.82,195.66,0.24087
1868,4993.6,84316,35.511,140.42,107.44,0.13308
1869,3455.8,82071,33.971,391.81,230.62,0.25898
1869,3684.2,84065,34.83,231.43,185.1,0.11125
1870,5863.9,84303,26.817,593.68,313.23,0.30924
1871,3772,82813,22.176,1031,322.15,0.52385
1871,5400.4,83762,30.533,706.38,538.54,0.13482
1871,5900.5,83260,28.946,390.12,199.59,0.3231
1871,6055.2,84049,29.245,777.08,411.1,0.30802
1872,4018.9,83213,14.257,1062.1,385.82,0.46706
1872,5127.6,82480,29.437,653.17,416.29,0.22149
1872,5990.1,83857,17.633,1026.4,766.47,0.145
1874,3568.5,83639,24.63,1202.7,260.67,0.64375
1874,4793.5,83715,29.877,804.01,511.97,0.22192
1874,5165.6,82527,21.468,905.04,473.08,0.31345
1874,5476,84504,36.706,318.85,252.48,0.11617
1874,6229.6,82511,29.26,310.91,205.09,0.20507
1875,3562.6,82661,10.384,1192.7,647.97,0.29593
1875,3963.6,83708,22.306,660.54,224.45,0.49275
1875,4694.5,83678,19.555,1091.8,483.98,0.38572
1876,4111.5,83068,25.261,529.79,245.63,0.36646
1876,4812.7,84334,34.478,761.83,364.41,0.35287
1876,6088.3,83995,15.767,742.38,426.55,0.27019
1877,4848.4,83224,16.288,1356.3,288.05,0.64966
1877,5393.7,82131,35.365,379.58,209.83,0.28801
1878,5075.6,84258,29.108,1014.9,869.96,0.076904
1879,4260.7,82339,31.429,494.33,424.48,0.076024
1879,5066.4,83870,28.56,431.48,332.78,0.12915
1879,5753.3,84374,22.184,951.35,516.68,0.29609
1880,4414.1,82303,29.65,481.53,277.28,0.26917
1880,5107.6,83625,32.849,255.64,169.27,0.20329
1880,5606.2,84559,36.041,937.45,286.46,0.5319
1882,4909.5,82359,32.978,787.35,403.7,0.32211
1883,4847.2,82446,28.124,554.12,142.09,0.59182
1884,5114.7,82428,30.479,627.02,284,0.37653
1884,6304.5,84521,30.667,234.45,160.4,0.18755
1885,5040.1,82317,28.288,405.53,208.03,0.32189
1885,5900.1,83702,31.521,1421.3,734.62,0.3185
1887,5268.5,83012,14.741,702.11,119.36,0.7094
1888,5225.6,82465,31.109,1035.6,357.98,0.48625
1888,5341.2,83052,22.584,408.93,121.88,0.54077
1889,5021.2,82332,38.302,883.77,463.06,0.31237
1890,5053.5,82483,23.682,945.03,633.02,0.19772
1891,5123,82545,14.25,1105.6,378.5,0.48993
1892,5034.7,82139,35.062,1252.2,582.21,0.36524
1892,5169.7,82497,20.375,1791.9,534.43,0.54054
1894,5144.2,82570,25.277,1578.7,755.46,0.3527
1895,4006,82628,31.924,329.52,199.9,0.24482
1895,5998.1,84640,21.371,437.84,325.6,0.14702
1896,4004.6,83092,29.691,524.15,427.46,0.1016
1896,5009.1,82354,33.903,1008.9,662.99,0.2069
1896,5254.5,82525,37.865,408.08,189.39,0.36603
1897,5108.8,82444,32.789,663.72,386.75,0.26366
1897,6405.7,83792,20.897,830.65,353.66,0.40275
1898,5118.5,82537,19.528,999.74,378.51,0.45074
1899,4515.1,83673,38.408,228.92,167.3,0.15551
1900,5150.4,82316,18.306,1002.9,354.92,0.47723
1901,5089.8,82255,25.544,974.89,202.89,0.65548
1902,3513.6,82660,29.512,432.76,346.33,0.11094
1904,3474.2,81806,34.579,302.9,244.5,0.10668
1904,4914.6,83037,19.214,403.3,316.55,0.12052
1904,5885.9,83685,14.544,963.54,531.56,0.28893
1905,4920.6,83136,28.154,390.67,247.4,0.22454
1905,6003.2,81750,35.953,334.44,169.65,0.3269
1906,5003.2,83208,10.94,833.07,722.38,0.071165
1907,4993.9,83204,8.0192,944.86,1006.6,-0.03162
1909,5289.2,82435,20.132,1479.8,476.96,0.5125
1909,5953.1,83814,22.184,352.45,237.7,0.19444
1911,5239.5,82382,17.772,1260.6,554.95,0.38867
1912,4644.8,84695,32.792,363.9,271.81,0.14486
1917,5065.6,82572,18.971,685.28,288.34,0.40769
1918,5210.5,82495,18.961,678.72,510.49,0.14147
1919,4438.5,81765,30.747,927.68,689.64,0.14718
1920,5373.6,83900,26.919,948.62,736.01,0.12621
1921,4071.6,84289,26.442,518.84,344.3,0.20222
1921,5773.3,83490,35.34,357.47,171.89,0.35057
1921,6297.6,82834,23.223,381.65,200.99,0.31007
1923,5155,82477,32.38,322.6,110.23,0.49065
1923,5770.1,82905,40,641.46,457.38,0.16752
1925,4983.8,82370,30.384,381.73,136.32,0.47371
1926,6052.6,83895,19.513,653.84,517.54,0.11636
1927,3806.5,82499,37.333,338.86,433.22,-0.12222
1927,5685.3,82833,32.501,508.56,411.34,0.10569
1927,6197.5,82046,32.07,378.83,314.62,0.0926
1928,3720.1,82033,22.513,1760.5,754.8,0.39984
1928,5841.9,84299,33.166,444.54,168.62,0.44999
1928,6188.9,82337,30.761,356.31,159.63,0.3812
1929,3797.9,81841,30.855,1465.1,691.69,0.35859
1929,6261.3,82931,28.594,244.97,169.05,0.18337
1930,3874.4,82116,25.717,826.45,267.62,0.51079
1931,4846.2,83458,25.581,636.25,107.17,0.71168
1931,5635.3,82766,22.262,439.93,195.14,0.38545
1931,5824.2,84514,16.352,1285.8,665.88,0.31762
1932,5511.8,82585,20.704,711.39,605.7,0.080238
1932,5896.5,84502,30.629,513.65,482.07,0.03172
1933,4907.3,83424,22.51,893.05,698.78,0.12204
1934,4626.7,82155,25.936,423.33,203.43,0.35086
1934,4878.1,83478,32.871,752.63,557.12,0.14927
1940,5855.8,82226,29.108,365.27,376.77,-0.015494
1941,3806.9,83606,27.985,299.08,210.81,0.17312
1943,5315.1,83558,27.1,704.47,442.9,0.22797
1944,4983.2,82527,31.224,629.51,532.03,0.083923
1946,4954.9,83627,33.216,303.66,211.44,0.17904
1948,3957,83087,18.703,682.75,518.07,0.13714
1949,4043.9,83078,21.803,814.74,661.08,0.10412
1949,6152.5,82729,26.282,450.9,191.22,0.40441
1950,4054.9,83088,23.343,699.23,305.98,0.39121
1951,3681,82635,31.777,417.88,209.61,0.33191
1954,4972.4,82743,32.885,323.08,296.19,0.04342
1955,3504.4,82719,31.952,328.31,125,0.44852
1955,4667.5,82743,34.687,630.96,297.64,0.35895
1956,5125.8,82117,32.925,576.69,372.25,0.21544
1956,6400,82824,25.511,689.03,169.88,0.60443
1957,5889.5,81752,36.601,345.84,243.57,0.17352
1958,5964.9,83895,16.356,437.87,871.23,-0.33104
1959,5979.7,83899,15.765,1007.2,1354.4,-0.14704
1960,5914.1,83951,17.319,314.13,484.43,-0.21325
1962,5039,82714,33.119,397.74,198.51,0.33413
1965,5746.3,83226,30.944,648.51,221.42,0.49094
1965,6089.2,84339,21.302,671.9,409.9,0.24219
1966,5245.8,82371,29.417,471.09,221.52,0.36034
1966,5819.2,84562,22.379,249.56,114.35,0.37154
1967,5094.3,82411,31.905,527.24,228.88,0.39459
1967,5966.4,84645,32.766,671.13,317.21,0.35809
1968,5918.1,84211,20.954,811.24,348.61,0.39887
1969,6106.9,83980,21.486,400.3,268.13,0.19773
1970,6123.2,83997,25.762,226.02,133.77,0.25642
1973,5530.5,82283,26.365,432.07,301.26,0.17837
1974,3932.6,83003,37.174,539.38,383.21,0.16927
1975,5443.8,82619,31.103,540,450.95,0.089855
1976,3748.7,83846,20.885,1306.6,801.48,0.2396
1977,3752.9,83925,30.755,317.25,147.9,0.36408
1977,4998.8,82864,27.161,408.93,425.73,-0.020129
1985,5082.4,82441,19.237,362.7,125.01,0.48736
1985,5885.9,83813,27.954,690.61,402.91,0.26309
1986,6017,83869,18.056,878.4,701.47,0.11199
1987,6070.5,83751,21.995,946.97,595.18,0.22811
1988,4502.8,84433,22.69,625,154.34,0.60391
1988,5749.5,81729,24.691,309.86,134.49,0.39468
1988,6149.5,83851,25.018,444.32,212.88,0.35215
1990,6042.1,82806,33.849,291.82,153.27,0.31129
1992,4275.2,82168,32.91,342.47,120.62,0.47907
1992,5567.1,83811,22.459,1156.3,1108.9,0.020906
1994,4257.2,84072,35.002,821.3,382.8,0.36418
1995,3936.4,83917,27.881,439.32,196.66,0.38156
1995,4342.8,82747,28.471,958.76,433.11,0.37765
1995,5063.2,83376,34.878,401.45,221.06,0.28977
1996,4636.2,83360,29.593,1022.8,767.91,0.14235
1996,6080.6,82364,29.666,547.76,412.8,0.1405
1998,3457.3,84229,34.232,771.5,509.17,0.20484
1998,3483.7,84293,30.696,669.11,461.97,0.18313
2000,5665.1,83549,28.989,540.29,254.14,0.3602
2001,3980.2,82297,36.561,330.64,443.62,-0.14592
2001,5089,81973,27.776,522.25,277.33,0.30631
2002,5271.1,84406,26.466,450.75,315.33,0.17678
2002,5522.4,83816,24.356,334.78,327.5,0.011004
2006,5116.5,84158,37.331,610.45,460.11,0.14043
2007,5032.1,84233,36.454,324.93,140.47,0.39635
2007,5985.3,83881,22.589,1158.6,799.02,0.18367
2008,6102.3,82830,30.424,565.39,304.87,0.29937
2009,3468.5,83767,36.464,477.01,387.75,0.10322
2009,5047.7,82492,33.071,662.98,458.31,0.18254
2010,3626.7,83809,34.307,464.66,416.55,0.054604
2011,3552.9,84050,25.363,688.58,405.79,0.2584
2011,3855.3,83363,30.913,352.71,147.98,0.40891
2013,4384.9,81936,25.005,516.41,699.13,-0.15032
2014,5338.3,83595,27.499,358.56,167.39,0.36347
2015,4737,84002,33.646,459.35,197.14,0.39942
2015,4790.2,84160,38.435,881.52,450.92,0.32317
2017,3976.2,82120,31.202,564.11,130.42,0.62445
2017,4227,84084,37.06,490.99,273.03,0.28528
2018,3812.3,82112,25.392,1170.1,479.23,0.41888
2018,5304.3,82527,34.14,755.31,359.58,0.35495
2020,5355.8,82666,39.653,305.64,302.27,0.0055332
2021,4355.6,83936,27.863,621.75,196.81,0.51913
2022,4242.6,83987,18.95,978.55,1033.5,-0.027323
2022,6369.7,82778,25.807,1273.3,786.54,0.2363
2024,6315.8,83046,19.888,767.78,494.62,0.21638
2024,6418.6,84377,26.749,367.22,377.57,-0.013903
2025,4894.5,84048,28.721,650.5,420.73,0.21449
2025,6220.5,83033,36.391,404.5,337.51,0.090291
2026,4991.2,83998,33.267,638.27,314.09,0.3404
2028,5189.9,82520,26.975,961.48,583.09,0.24498
2028,6160.8,83872,25.173,781.69,477.32,0.24175
2030,6055.3,83917,19.872,353.64,485.83,-0.15747
2030,6314.1,82754,38.444,785.32,175.49,0.63471
2031,5878.8,83526,25.415,921.44,636.72,0.18273
2032,4985.5,82860,33.665,384.38,297.09,0.12809
2033,6296.1,83703,28.009,318.64,303.73,0.023964
2037,6241.8,83281,33.328,532.54,546.64,-0.013063
2039,4066.9,83069,24.809,755.17,567.63,0.14178
2040,5147.1,83632,24.273,536.75,282.52,0.31032
2044,4093.4,83271,35.375,422.63,263.99,0.23105
2044,4721,83175,28.629,513.2,176.25,0.48871
2044,5266.7,82562,30.834,635.41,632.03,0.0026626
2046,4136.9,82899,27.669,1430.5,969.34,0.19217
2047,3927.3,82696,30.087,254.64,101.03,0.43189
2048,5733.1,83009,37.473,340.57,149.71,0.3893
2049,5206.7,83599,29.848,438.34,267.97,0.24121
2050,5582.9,83611,38.417,313.13,207.74,0.20233
2056,5977.2,83901,15.973,517.52,310.61,0.24985
2057,5529.9,84037,34.493,752.47,473.13,0.22792
2058,5184.4,84018,31.382,598.87,765.62,-0.1222
2059,4037.9,81850,35.177,259.17,155.71,0.24936
2059,5546.5,83187,35.674,508.73,453.15,0.057776
2060,4975.6,82406,21.928,1064.8,335.3,0.52102
2060,5601.9,83806,32.836,1336.9,666.95,0.33433
2061,4649.1,84420,26.427,674.52,118.73,0.70065
2061,5785.6,83821,16.852,1319.4,700.28,0.30654
2062,3693.6,81809,26.123,349.97,173.92,0.33605
2062,5680.1,83217,34.696,584.14,370.61,0.22365
2063,5199,84130,26.343,923.9,509.97,0.28868
2065,6042.5,84424,30.001,625.16,145.17,0.62309
2067,5863,83290,31.732,425.23,396.35,0.035154
2068,5249.8,82476,12.378,839.06,170.2,0.66272
2069,4996.8,83216,31.31,206.38,111.03,0.30039
2069,5620.8,83954,33.401,261.08,233.8,0.055131
2070,5689.4,83933,20.716,915.98,646.92,0.17215
2071,5156.7,82898,27.096,712.6,239.65,0.49666
2074,5871.8,84640,21.391,445.29,310.43,0.17846
2077,3513,83174,37.149,653.46,380.78,0.26366
2078,3452.1,83410,30.367,225.39,109.78,0.34493
2080,5821.5,82605,34.371,340.55,139.42,0.41906
2081,5131.8,82738,36.236,317.35,282.15,0.058703
2082,5070.2,82317,24.042,669.61,599.3,0.055411
2084,4942.4,82459,27.566,918.38,573.92,0.23082
2085,4461.7,82737,31.971,434.55,309.17,0.1686
2085,5079.4,82427,24.409,313.77,195.9,0.23126
2087,4844.4,84308,33.658,206.73,174.33,0.08503
2087,6405.8,83969,31.616,275.64,123.96,0.37958
2088,3495.1,84221,37.305,444.88,281.38,0.22513
2089,4765.4,84386,32.517,476.24,389,0.10083
2090,3490.4,83393,36.018,231.69,158.41,0.18783
2090,4397,82929,36.168,535.79,292.64,0.29351
2090,6293.6,82707,21.22,757.11,297.61,0.43566
2090,6323.3,83037,25.206,847.43,404.44,0.35387
2091,3734.3,83705,32.085,378.15,151.4,0.42819
2091,5180.8,82589,26.065,752.33,601.59,0.11133
2091,5697.8,83461,29.399,503.32,263.51,0.31273
2092,5978.8,84500,31.53,831.08,150.75,0.69292
2093,5182.9,83168,29.644,544.05,387.08,0.16858
2093,5984.7,84312,18.812,690.15,306.16,0.38541
2094,5464.5,82660,28.015,841.31,322.59,0.44568
2098,4049.5,83046,33.9,663.35,825.45,-0.10888
2098,6132.2,84004,24.992,548.92,150.94,0.56866
2100,3550.4,84181,22.467,576.42,252.7,0.39044
2100,6096.8,82500,37.025,281.36,221.39,0.11928
2102,5916.1,83967,24.775,945.05,516.87,0.29289
2104,3792.3,83421,23.435,548.85,327.87,0.25206
2104,5132.5,82198,24.181,638.82,438.96,0.18544
2105,3709.2,83542,28.111,648.16,548.87,0.08295
2105,5183.2,82041,25.953,588.69,504.99,0.076531
2105,5197.4,84021,35.972,339.81,237.44,0.17734
2108,3695,84040,28.729,521.52,428.04,0.098445
2109,3506.7,83768,25.971,640.49,303.17,0.35746
2112,4920.7,83515,32.109,199.84,102,0.32415
2114,5174.6,81910,24.675,901.64,466.41,0.31814
2117,4308.1,82959,41.91,333.47,247.86,0.14727
2117,6050.2,84196,23.162,398.79,225.01,0.27858
2119,3534.4,84162,28.62,357.23,214.57,0.2495
2119,4213.2,82388,28.107,1497.3,875.42,0.26209
2119,4958,82912,34.057,793.81,385.54,0.34618
2120,3648.1,82107,25.491,1229.7,596.1,0.34704
2120,6320.1,83460,32.38,417.14,125.91,0.53628
2121,5831.7,83383,27.198,1274.2,908.38,0.16761
2121,5969.8,84542,20.401,633,313,0.33827
2121,6394,82366,34.203,378.88,293.76,0.12655
2122,3999.1,81831,30.859,533.91,391.01,0.15449
2123,5777.8,83063,20.495,1129.4,460.63,0.42061
2124,5154.6,82496,29.337,734.04,657.81,0.054765
2124,6034.3,82865,23.318,1118,772.36,0.18283
2125,5830.9,84689,28.467,217.19,113.46,0.3137
2127,5646.6,84108,23.178,912.5,447.27,0.34214
2128,4429.4,82225,29.341,543.14,380.51,0.17608
2128,4969.9,82498,24.863,823.54,437.05,0.3066
2129,5583.6,83858,22.413,831.04,519.88,0.23034
2131,5201.4,83651,31.885,258.85,119.05,0.36994
2133,5789.1,83332,37.258,468.66,166.07,0.47673
2134,3957.1,83208,23.65,561.5,486.52,0.07154
2135,4293.3,82956,30.882,275.57,168.09,0.24226
2135,4418.7,83452,33.646,610.36,440.84,0.16127
2138,4222.2,81808,27.578,559,170.01,0.53359
2139,4230.7,82025,24.789,650.48,215.35,0.50256
2141,3895.1,82814,24.985,320.39,155.93,0.34527
2141,5204.6,82275,36.193,1122.2,1145.1,-0.01007
2142,5487,82512,32.291,319.85,297.21,0.036683
2144,5004.5,82184,30.717,503.32,561.76,-0.054866
2147,4114.5,82969,32.678,501.15,328.26,0.20845
2148,4046.4,82982,32.674,603.26,802.5,-0.14174
2148,4798.4,83454,25.42,522.81,238.06,0.37424
2148,4897.4,83949,29.347,394.48,190.28,0.3492
2148,6367.1,83069,27.127,800.01,499.32,0.23142
2149,4000.9,83195,27.48,228.02,201.63,0.061432
2151,3819.6,83494,20.09,637.19,421.68,0.20352
2151,5753.3,83799,27.106,344.05,290.2,0.084896
2152,3979.7,83058,18.801,581.13,372.89,0.21828
2152,5845.1,83988,23.5,683.53,667.54,0.011839
2153,4412.8,84059,37.87,252.73,188.83,0.14471
2153,5805.1,84399,34.789,351.52,158.35,0.37886
2154,4534.9,82555,35.612,403.29,419.57,-0.019787
2155,4987.3,82421,19.351,879.7,722.78,0.097923
2156,4624.3,82379,33.353,699.46,648.04,0.038163
2156,5101.3,82447,34.979,665.14,509.38,0.13262
2157,4626.7,83849,36.348,362.68,117.49,0.51062
2157,5655.8,84268,31.42,296.9,162.73,0.29191
2158,5971.1,82191,36.298,553.26,432.42,0.12259
2161,5425.6,82475,32.203,495.39,342.72,0.18217
2161,6272.4,82049,31.55,265.41,234.68,0.061447
2162,6355.6,82223,27.228,1249.4,1067.2,0.078651
2164,4502.4,84675,35.969,668.96,473.09,0.17151
2164,6089.7,83005,29.459,880.33,715.22,0.10348
2165,5268.6,84542,28.7,388.09,229.03,0.25775
2166,4238.5,84188,31.129,440.45,194.39,0.38759
2166,6140.6,83962,28.089,423.39,272.13,0.21747
2166,6306,82355,36.357,306.57,480.28,-0.22078
2168,4360.5,83486,35.91,500.65,275.27,0.29046
2168,5501.8,83477,35.542,287.38,267.67,0.035516
2169,4146.1,83502,36.97,857.89,814.95,0.025672
2169,4609.7,83119,36.577,421.91,164.18,0.43974
2169,6218.3,84350,27.988,371.91,125.84,0.49436
2170,3940.5,83416,28.558,560.47,618.16,-0.048955
2171,3922.5,83398,31.343,523.16,447.04,0.078452
2171,5194.7,84473,21.806,784.32,524.23,0.19876
2173,5179.8,84373,23.269,1139.9,1098.3,0.018582
2174,3725.7,81890,23.798,761.37,364.98,0.35192
2174,4950,81976,32.573,569.49,291.38,0.32306
2175,5088.1,82385,29.251,659.35,511.36,0.12641
2176,6013.8,84423,27.993,336.4,258.17,0.13158
2177,4091.2,84449,37.562,281.01,174.24,0.23452
2178,5188.3,83891,31.267,736.73,750.05,-0.0089606
2181,4238.2,83446,34.191,330.96,194.54,0.25961
2181,6294.3,81860,37.137,385.49,216.42,0.28089
2182,6396.3,82055,35.126,236.31,251.06,-0.030257
2185,5045.7,82414,23.998,341.04,231.23,0.1919
2185,5231.1,84468,27.417,228.95,144.17,0.22723
2186,6146,84001,32.891,380.74,321.97,0.083639
2186,6410.5,83277,33.984,325.6,197.35,0.24524
2187,4691.9,82014,23.386,934.5,452.95,0.34708
2189,3873.9,83403,39.402,685.27,682.28,0.0021897
2189,5055.3,82985,24.544,429.27,163.65,0.448
2190,3443.5,83524,30.408,325.97,225.16,0.1829
2191,5765.9,83012,34.558,903.44,579.46,0.21848
2193,6107.9,82917,36.792,1122.2,455.12,0.4229
2196,4620.7,81937,39.326,256.66,117.86,0.3706
2199,3462.1,82572,31.195,389.09,320.26,0.097024
2199,5075.3,82174,36.563,282.51,142.91,0.32815
2199,6166.3,82822,30.014,752.48,419.24,0.2844
2200,5788.3,82511,32.593,242.21,113.47,0.36196
2200,6061.8,83699,27.822,551.66,331.78,0.24889
2203,4990.5,82398,34.714,103.19,166.71,-0.23538
2203,6356.8,83193,32.172,348.97,203.43,0.26347
2206,3969.2,83058,27.12,458.65,411.9,0.05371
2213,4359.4,82276,23.626,732.4,534.47,0.15624
2214,6257,83014,24.141,752.85,684.2,0.047773
2221,5638.8,84673,25.69,250.48,158.44,0.22509
2222,4624,84605,30.656,441.69,139.33,0.52038
2222,5831.1,82689,33.456,428.17,238.54,0.28443
2222,5909.2,83836,34.346,421.42,181.29,0.39841
2223,5947,84022,24.123,276.48,247.76,0.054781
2224,5724.8,82735,30.964,865.9,575.49,0.20147
2224,6033.7,83947,30.61,534.54,501.79,0.031599
2225,3514.5,82148,28.523,382.16,214.34,0.28135
2225,4579,83823,38.096,480.76,353.75,0.1522
2225,5856.3,82904,36.854,745.72,297.56,0.42956
2225,6058.1,83941,14.394,522.85,650.68,-0.10892
2226,5276.8,84441,39.563,240.19,128.16,0.30412
2226,5993.7,83950,19.573,320.01,457.69,-0.17704
2227,5166.5,84370,33.675,402.52,195.93,0.3452
2228,5377.3,83554,31.932,342.37,211.03,0.23733
2228,6131.1,83019,32.38,773.95,556.55,0.1634
2229,3534.5,81833,23.701,1113.4,661.89,0.25434
2229,6339.2,83029,39.099,702.19,438.02,0.23169
2232,4188.1,82892,35.756,223.17,153.57,0.18476
2234,4044.9,82962,13.579,1613.4,877.46,0.29544
2234,4778.9,83238,30.325,521.71,154.28,0.54353
2234,5201.3,81810,35.688,311.46,218.4,0.17564
2235,4052.9,82830,22.459,295.31,125.39,0.40391
2235,6219.3,84278,35.731,408.43,209.73,0.32145
2237,4515.2,82803,40.193,579.42,281.51,0.34604
2238,3963.5,82894,31.979,295.29,204.43,0.18181
2239,5108.3,82132,25.054,421.16,419.32,0.0021902
2239,6405.6,83099,34.63,239.17,406.04,-0.25863
2240,4860.4,82816,35.642,1261.9,1047.7,0.092715
2240,5273.6,82190,29.668,1052.9,760.04,0.16155
2242,3554.4,82592,33.104,311.9,116.97,0.45452
2244,4513.5,84354,30.187,466.55,342.48,0.15335
2245,5721.1,83193,35.009,317.04,311.54,0.0087537
2247,4810.4,83748,25.777,585.62,206.31,0.47897
2247,5987.4,81790,32.446,680.98,573.88,0.085351
2247,5998.9,83800,21.196,475.48,220.23,0.36688
2248,6041.8,83850,19.415,563.01,456.81,0.10414
2250,4729.5,82378,35.617,672.13,659.05,0.0098224
2252,4069.2,83083,29.029,473.43,223,0.35959
2252,6034.5,84411,28.165,557.62,160.89,0.55215
2253,3422.3,82853,35.739,297.2,126.4,0.40321
2253,4011.1,83004,33.012,571.84,592.22,-0.017505
2253,5464.4,82488,34.309,267.49,175.06,0.20886
2254,5122,81731,28.898,796.16,563.52,0.1711
2255,6132.8,82693,23.611,566.37,472.08,0.0908
2258,4545.4,83105,30.549,775.32,495.41,0.22028
2261,3965.3,82202,27.951,499.45,320.23,0.21866
2261,4105.3,83030,39.01,171.7,136.1,0.11565
2262,3991.1,82230,26.464,789.7,412.36,0.31391
2262,5376.3,82254,33.769,548.09,416.22,0.13675
2262,5799.5,84450,24.498,382.79,144.84,0.45099
2263,5815.8,84563,26.125,993.97,425.82,0.40017
2265,5983.5,82886,36.637,402.16,331.14,0.096856
2265,6357.9,83244,32.807,811.07,807.76,0.0020453
2267,5750.9,82839,28.577,566.94,332.49,0.26067
2267,5972.6,84557,21.252,658.01,268.41,0.42054
2268,5571.6,82745,30.39,516.82,270.94,0.31214
2269,5095.2,83216,32.995,387.1,226.71,0.2613
2270,4315.2,82105,28.382,361.11,229.21,0.22345
2270,5394.2,83684,26.293,588,280.01,0.35482
2272,3722.1,83738,33.66,276.45,177.23,0.2187
2274,4227.8,82991,31.358,584.1,268.64,0.36993
2274,4266.2,82313,33.823,630.43,325.91,0.31842
2276,6052.2,84449,36.181,844.67,485.39,0.27013
2277,4372.9,82695,35.926,442.74,177.32,0.42805
2280,3722.3,83493,31.888,323.32,266.97,0.095468
2282,3674.3,83563,26.649,604.19,201.7,0.49943
2284,3916.1,83218,31.072,740.2,522.35,0.17255
2286,3917.8,83168,25.995,823.19,390.3,0.35674
2288,5226.9,82223,36.449,1111.6,640.57,0.26883
2288,5801.7,83411,31.614,320.87,145.48,0.37609
2289,4165.2,83378,35.874,280.34,230.58,0.097403
2290,5602.7,83251,30.737,1520.6,828.86,0.29443
2291,5484,83416,21.889,1664.1,875.51,0.31051
2291,5675,84643,26.259,568.25,300.33,0.30846
2292,4027.7,83310,31.967,467.55,155.28,0.50138
2293,5073.4,83668,27.578,266.07,194.19,0.15618
2295,4479.1,84035,29.515,320.76,137.49,0.39993
2295,4611.6,83303,34.686,393.15,259.93,0.20398
2296,3596.6,83941,33.819,816.54,585.14,0.16509
2297,4017.1,82609,30.616,781.37,700.07,0.054879
2297,5787.7,84155,28.774,766.05,488.58,0.22115
2298,3422.3,83977,29.732,1008.8,653.85,0.2135
2298,3822.1,82365,35.27,388.4,185.51,0.35353
2298,4787.4,83672,22.373,447.46,280.7,0.22902
2298,5665.4,83705,27.006,258.6,185.31,0.1651
2298,5939,84330,23.728,889.99,576.39,0.21386
2299,5740.4,83426,27.517,706.93,778.59,-0.048241
2299,6048.4,83945,32.509,302.2,423.82,-0.16751
2300,5440,84437,33.239,242.85,102.47,0.40652
2300,5730.1,83939,31.374,349.07,124.05,0.4756
2301,6162,83727,30.559,278.19,187.69,0.19427
2302,6324.5,84226,34.84,303.01,264.87,0.067178
2303,5613.4,84511,28.966,522.36,186.14,0.47454
2309,3654.3,83463,27.671,349.16,276.62,0.11591
2311,5133.4,84095,34.731,302.81,199.74,0.20509
2314,5882.5,83437,27.793,472.49,289.69,0.23985
2315,5505.3,84004,28.9,604.71,376.39,0.23273
2316,3678.8,82163,29.126,722.3,387.98,0.30111
2318,3457.9,82229,18.24,1280.5,406.62,0.51798
2318,5015.6,82868,38.577,292.36,231.98,0.11515
2320,3664.7,84572,28.093,474.17,210.44,0.38523
2321,3559,84568,24.32,787.73,325.7,0.41496
2321,3875.9,82576,27.209,430.68,265.43,0.23739
2321,4060,83001,29.679,1060.9,802.11,0.13892
2322,3555.8,84576,23.195,893.87,499.42,0.28311
2322,3868.8,82554,30.987,502.01,356.99,0.16882
2323,4011,82931,15.67,1278.3,622.83,0.34477
2324,3856.5,82838,27.392,1236.9,609.5,0.3398
2324,5384,83024,37.519,787.65,441.61,0.2815
2325,3434.6,83689,24.159,718.44,410.59,0.27267
2325,5009,83909,23.378,810.28,557.82,0.18453
2328,4131.3,83003,20.448,778.04,288.35,0.4592
2328,5202,82443,26.788,581.17,229.35,0.43407
2329,4078.6,82960,19.786,914.1,585.9,0.2188
2331,4134.2,82832,36.573,124.24,200.2,-0.23413
2332,4181.9,84571,19.279,1458.3,248.18,0.70913
2332,5644.2,84069,20.325,1400.8,621.33,0.38547
2333,3702.9,84044,17.242,1000.9,277.46,0.5659
2336,5278.8,83084,31.56,394.16,242,0.23918
2340,3926.7,82746,33.847,170.13,103.12,0.24522
2340,4733.4,84470,36.668,792.16,540.57,0.18878
2342,5109.3,84090,33.463,533.74,519.38,0.013643
2342,5444.4,82490,33.824,851.54,723.69,0.081161
2343,4918.1,84020,26.836,458.97,435.94,0.025736
2344,4839.3,83993,34.997,705.11,344.13,0.34404
2349,5556.2,82892,31.147,651.26,382.79,0.25963
2351,4278.2,81750,37.481,593.79,134.41,0.63084
2352,4046.9,84115,20.718,430.21,561.56,-0.13244
2353,4022.2,84122,20.328,355.74,458.34,-0.12603
2355,4844.7,82674,28.313,580.53,263.51,0.3756
2355,5925.9,84090,31.34,726.86,416.59,0.27134
2356,3550.1,81859,34.656,435.03,354.31,0.10227
2356,4116.6,83271,29.34,615.55,405.59,0.20561
2357,4002.7,83079,18.079,626,424.71,0.19158
2357,5126.9,82536,23.417,652.23,645.6,0.0051078
2358,5083.6,82197,31.04,535.57,393.5,0.15292
2359,4908.1,82764,32.521,843.14,486.18,0.26852
2359,5712.4,83928,37.528,194.27,154.66,0.1135
2360,3556.9,82590,34.005,578.35,368.27,0.22192
2360,3978.3,83049,22.457,511.37,538.65,-0.025981
2360,5466.8,83989,35.001,165.42,115.27,0.17867
2361,3979.1,83087,19.532,419.71,323.69,0.12916
2362,4544.1,83412,33.162,691.8,411.65,0.25389
2362,5505.9,82233,27.745,615.61,287.54,0.36326
2362,5630.7,83974,27.304,724.79,367.64,0.32693
2363,5103.4,83578,26.88,962.28,569.26,0.25662
2364,5154.9,83672,24.536,1094,550.31,0.33065
2364,6288,83401,32.695,334.72,259.33,0.12691
2365,6068.4,82726,34.527,178.71,106.66,0.25246
2368,6078.7,82211,24.718,489.84,203.82,0.41233
2369,3565,83878,27.652,372.17,146.48,0.43514
2370,3499.4,83884,15.579,964.88,505.37,0.31254
2371,4400.3,83578,39.005,287.42,266.51,0.037748
2373,5353.4,83618,34.161,693.98,305.71,0.3884
2377,5126.7,81802,22.462,686.34,461.59,0.19579
2377,6114.2,83630,35.852,244.69,102.13,0.41104
2378,5975.7,84269,38.948,333.27,112.71,0.49456
2379,4476.4,83450,15.51,737.74,189.56,0.59116
2379,6015.1,83970,29.242,567.82,417.63,0.15241
2380,5730.3,84117,32.55,813.89,506.21,0.23308
2381,3811.1,83853,34.244,284.77,273.29,0.020558
2381,6359.5,84469,20.699,246.97,164.11,0.20157
2382,3733.1,83943,31.227,532.69,289.79,0.29534
2382,5305,83634,31.095,428.63,132.46,0.52786
2382,5782.2,84224,24.467,650.54,299.72,0.36919
2383,5111.2,82521,27.004,522.08,308.34,0.25739
2384,5172,82719,23.11,718.97,469.61,0.20979
2385,4783.7,83783,34.501,796.72,961.29,-0.093608
2385,5763.1,83261,9.19,1032.9,692.12,0.19755
2385,6004.6,82243,32.966,753,637.41,0.083137
2386,4633.5,83752,27.55,536.75,641.65,-0.089019
2386,5864.2,84227,18.67,1185.9,600.38,0.32778
2387,5677.4,84122,22.248,941.04,517.77,0.29015
2388,4766.6,82348,25.112,1624,770.26,0.35657
2388,5678,82918,24.799,900.3,831.49,0.039734
2388,5751.9,83871,22.987,391.56,280.89,0.16458
2389,4861.9,82305,22.691,1248.2,967.2,0.12685
2390,4838.9,82267,30.311,604.6,438.6,0.15913
2391,5467.5,83460,33.202,482.65,316.85,0.20738
2393,3978.9,83085,18.035,372.88,435.22,-0.077141
2393,5830.7,83544,23.522,336.01,165.94,0.33882
2395,4112.9,83311,35.352,519.6,346.34,0.20008
2397,5201.6,82817,26.486,201.71,165.31,0.099179
2397,5767.9,83524,21.903,699.89,470.43,0.19607
2399,3634.2,82050,32.149,579.23,438.75,0.138
2399,5146.9,83554,21.796,590.44,302.19,0.32292
2399,6005.7,83823,26.991,272.65,203.01,0.1464
2400,5844.1,84587,20.948,476.42,311.06,0.20998
2400,5992.4,83924,16.827,403.99,572.98,-0.17297
2402,5137.9,83695,37.587,776.68,507.32,0.20978
2403,4734.7,83226,31.547,589.54,297.02,0.32996
2403,5243.3,83680,27.896,317.97,158.23,0.33544
2404,5237.1,83656,27.465,1026.2,552.97,0.29965
2404,5812.7,84508,25.28,452.43,296.97,0.20744
2405,5794.4,84576,23.725,467.99,237.57,0.32658
2406,5833.9,84320,30.538,416.95,363.22,0.068862
2409,6098.6,82346,37.442,351.34,188.54,0.30155
2410,4538.2,83610,36.786,163.25,156.29,0.021778
2411,3522.6,82840,36.253,406.19,110.54,0.57215
2412,3613.2,82774,36.666,445.44,272.36,0.24113
2412,6244.6,82821,29.045,464.84,498.73,-0.035168
2413,5238.1,84437,32.011,286.22,186.81,0.21014
2413,6136.4,82641,32.09,535.91,270.81,0.32861
2414,4702,82266,26.209,813.84,584.1,0.16434
2414,5898.5,83906,15.376,690.07,829.14,-0.091542
2414,6030.3,82389,22.025,460.22,389.09,0.083748
2415,5876.5,83902,15.549,434.16,612.22,-0.17017
2415,6049.1,82457,29.893,245.17,176.15,0.16381
2417,3881.6,83007,29.906,787.78,444.05,0.27904
2417,5930.9,82331,32.37,358.23,247.5,0.1828
2418,6019.7,83914,22.873,591.92,870.92,-0.19072
2418,6318,82537,30.995,568.94,358.63,0.22673
2419,5230.6,82791,33.565,253.75,141.48,0.28406
2419,6058.8,83969,23.228,608.1,978.47,-0.23344
2420,6387.3,84141,31.345,344.92,464.92,-0.14819
2424,5686,83595,34.963,429.27,136.63,0.51712
2425,5808.9,84316,17.964,632.66,195.25,0.52834
2426,5394.8,84205,27.699,772.96,385.34,0.33465
2429,5577.5,83134,31.815,324.78,493.32,-0.20601
2430,4132.9,83430,32.148,576.51,186.32,0.51149
2431,3660.2,84013,20.345,393.99,132.57,0.49647
2432,5933.4,84032,25.357,335.76,219.88,0.20854
2433,3751,82377,34.881,1004.8,567.89,0.27783
2433,4333.8,82051,38.541,868.53,782.75,0.051946
2433,4985.3,83477,37.209,532.4,345.51,0.21289
2433,5286.1,82526,23.414,1920.4,783.05,0.4207
2433,6373.9,83494,39.999,446.52,511.45,-0.067783
2434,3436.3,82484,27.151,1245.2,734.07,0.25825
2434,4924.3,82400,33.253,600.79,454.65,0.13847
2434,5846.7,83888,29.809,444.28,476.16,-0.034638
2434,6398.7,83503,33.304,350.27,214.1,0.24127
2435,4865,82554,27.072,420.39,320.6,0.13466
2435,5983.4,83790,17.673,502.66,445.65,0.060117
2437,5276.9,82392,27.541,624.82,303.61,0.34596
2438,3565.7,83622,35.303,377.5,185.96,0.33993
2438,5147.1,82982,37.315,1351.4,902.57,0.19913
2438,5238.8,82576,17.824,943.97,432.36,0.37172
2439,3641.8,83038,25.447,840.14,953.41,-0.063155
2439,4989.3,82543,26.849,913.19,679.19,0.14695
2439,6030.3,83905,17.111,587.74,823.17,-0.16687
2440,3838.4,82097,31.612,625.27,264.64,0.40524
2440,3901.9,82812,35.959,363.3,246.84,0.19087
2440,6109.3,82225,29.768,802.23,612.08,0.13445
2440,6378.3,83505,32.714,1608.9,1198.5,0.1462
2441,5398.1,82447,26.64,495.15,259.09,0.31297
2441,6031.8,83890,22.33,412.81,552.76,-0.14493
2442,6052,83900,17.775,473.5,636.84,-0.14711
2443,3695.9,82345,38.355,501.24,386.05,0.12982
2443,6282.8,83162,25.212,763,534.65,0.17597
2446,3670.3,82198,30.731,378.07,204.91,0.29702
2446,3985.9,84127,30.683,203.49,154.99,0.13529
2446,5778.2,84350,32.668,520.51,393.24,0.13928
2447,5461,83723,19.812,362.19,193.05,0.30462
2452,3512.2,82969,29.793,361.44,275.81,0.13438
2452,6083.5,83886,11.994,614.72,378.51,0.23782
2454,5324.7,84395,28.252,659.06,252.58,0.44589
2455,5391.9,83724,34.469,447.11,276.81,0.23524
2456,5457.5,83673,27.19,536.86,264.23,0.34033
2456,5942.1,83786,34.789,815.02,310.96,0.44767
2457,5000,82250,30.039,382.72,504.87,-0.13762
2458,5820.4,84574,25.933,466.39,129.13,0.56633
2459,3979.3,83073,29.907,343.71,126.88,0.46076
2459,5583.4,83254,34.802,664.75,338.82,0.32477
2460,3970.6,83046,18.792,1049.5,627.15,0.25192
2460,5445.2,82902,29.781,687.04,404.09,0.25932
2461,3849.2,82808,29.832,429.72,193.41,0.37923
2461,6044.3,84227,49.104,738.26,362.49,0.34138
2462,5726.7,81935,25.194,962.23,662.75,0.1843
2463,3785.3,81859,31.925,571.1,168.43,0.5445
2463,4217.8,82724,32.818,401.38,130.9,0.50815
2463,5765.5,82036,29.565,790.9,486.17,0.23862
2463,6181.4,83853,30.186,507.39,338.53,0.19962
2464,4391.8,82655,30.41,346.39,173.61,0.33228
2464,5992.1,82932,25.792,1088.4,691.18,0.22321
2464,6062.9,83775,26.855,709.93,886.35,-0.11052
2465,4650.6,83130,31.019,262.71,162.84,0.23467
2465,6101.4,83094,38.596,391.48,327.56,0.08889
2466,3445.4,82585,27.17,325.81,187.58,0.26926
2466,4446.7,84062,37.787,190.43,150.41,0.11743
2467,6036.9,82929,24.194,1409.5,1180.9,0.088271
2468,3512.7,83994,31.348,290.76,182.66,0.22833
2469,3536.3,84159,31.356,294.87,167.31,0.27599
2469,3983.6,82910,28.658,258.03,155.22,0.24878
2470,3534.3,81950,30.411,938.98,271.21,0.55178
2472,5066.2,84232,35.223,720.25,259.36,0.47047
2474,6011.2,83105,28.542,248.69,159.46,0.21862
2475,5117.7,82407,36.466,206.55,132.14,0.21969
2475,5635.1,84627,19.078,1422.7,847.25,0.25351
2476,5083.4,82602,39.533,517.55,396.03,0.13301
2478,5929.3,84150,22.167,813.75,627.56,0.12918
2479,5965.6,83983,27.779,623.41,525.92,0.084828
2480,4762.3,82589,38.561,811.53,492.66,0.2445
2480,5268.7,82765,33.582,554.76,402.68,0.15884
2481,4323.2,82437,29.153,503.38,387.78,0.12972
2481,5404.4,82661,30.937,459.63,309.83,0.19469
2481,6296.3,83656,28.135,471.84,407.71,0.07291
2483,4169,83119,30.01,800.24,380.36,0.35565
2488,5099.7,82471,20.673,807.03,499.75,0.23514
2491,5344.6,83369,37.899,367.76,135.77,0.46072
2491,5784,84193,24.364,502.32,248.22,0.33856
2492,4518.4,82438,18.927,916.01,354.21,0.44229
2493,5065.3,81759,33.068,299.91,202,0.19506
2495,4278.3,81796,33.7,223.02,182.43,0.10011
2495,6255.1,83959,29.684,578.43,251.24,0.39436
2496,5998.1,83834,18.792,734.48,546.89,0.1464
2497,5671.5,82704,32.439,912.88,683.69,0.14355
2497,6205.6,83323,34.769,305.33,233.03,0.1343
2498,6013.9,83246,32.865,529.3,366.85,0.18128
2499,6268.4,83004,34.65,592,279.87,0.358
2500,4918.4,84127,37.478,202.07,116.08,0.2703
2504,4407.8,83201,31.545,391.47,212.76,0.29576
2504,6208.2,83278,24.73,1201.8,524.3,0.3925
2505,3955.3,84284,34.276,201.79,157.86,0.12215
2505,6183.9,83260,34.483,983.14,454.46,0.36775
2505,6298.1,84074,27.585,428.3,273.19,0.22112
2506,4422,81810,28.858,763.83,728.68,0.023553
2506,4906.4,82335,31.386,1253.1,818.22,0.20996
2507,3734.6,83893,29.302,634.14,317.71,0.33243
2508,3929.9,82808,20.625,1657,730.42,0.38812
2508,6067.6,83139,29.796,440.94,265.53,0.24829
2509,5882.1,83646,19.268,475.5,235.12,0.33827
2510,5237.1,82332,34.213,586.35,333.21,0.27528
2510,5463,83804,32.519,896.26,485.3,0.29746
2510,5894.7,83736,29.706,493.29,213.06,0.39673
2511,5151.5,83797,37.892,288.47,212.76,0.15105
2511,5951.8,83861,29.225,561.31,724.95,-0.12723
2514,6349.3,83650,34.704,563.43,432.28,0.13171
2515,4538.4,83177,22.674,559.87,115.2,0.65871
2515,6267,83868,29.004,1210,732.34,0.24591
2516,6242,83890,21.323,672.91,197.67,0.54588
2517,3458.7,82383,17.807,2073.3,1069,0.31958
2518,3807.4,82719,28.952,446.88,296.07,0.20299
2518,5293.5,83223,33.943,635.09,608.27,0.021575
2518,6087.3,83182,30.759,223.33,219.72,0.0081562
2519,4107.9,83455,39.232,318.51,355.69,-0.055153
2520,5574.1,82960,33.207,738.54,221.7,0.53824
2522,3541,81896,19.998,1026.5,723.22,0.17333
2522,6286.5,84465,18.265,372.49,226.77,0.24317
2524,6327.4,81912,26.715,221.25,139.07,0.22809
2525,3935.9,82786,30.883,458.46,687.04,-0.19955
2526,4304,84182,36.388,417.02,537.05,-0.12581
2527,4046.6,84035,27.365,447.44,301.16,0.19541
2528,4578.5,83468,26.405,561.5,128.64,0.62721
2530,4441.8,82002,38.202,265.07,229.07,0.072861
2530,5115.9,83675,24.999,279.68,241.06,0.074158
2531,4436.4,81740,28.045,812.66,576.24,0.17022
2531,6287.8,83403,34.979,257.21,140,0.29507
2532,4833.7,83207,26.674,641.98,781.45,-0.097981
2533,5975.3,84599,30.814,337.1,255.54,0.13764
2534,4269.6,84205,34.051,311.6,177.48,0.27423
2534,5901.4,84645,30.564,559.19,222.42,0.43086
2537,5540,83988,31.046,631,228.3,0.46863
2539,5924.5,84320,31.175,842.64,373.09,0.38623
2540,6045.5,84314,32.968,810.99,454.07,0.28213
2541,5804.5,84462,20.632,581.48,430,0.14976
2542,5730.9,84213,28.758,248.17,193.05,0.12494
2542,6234,82887,27.804,911.8,752.42,0.095773
2543,4214.5,82594,28.572,415.09,217.24,0.31288
2544,4414,82526,33.853,926.37,733.89,0.11593
2545,5672.5,82261,29.876,983.67,639.3,0.21218
2545,6321.5,83808,37.383,247.58,155.56,0.22825
2548,4488.2,83893,27.408,626.49,342.55,0.29301
2549,4358.9,83032,30.591,180.3,143.59,0.11332
2550,4266.5,83148,24.619,467.52,435.47,0.035488
2551,5975,84622,34.559,219.57,195.72,0.05742
2552,4637.5,82076,19.676,1479.5,555.89,0.45378
2552,5705.3,84670,29.298,240.41,167.87,0.17767
2554,3503.8,83287,33.735,387.18,138.13,0.4741
2554,4620.3,83741,33.629,514.46,333.59,0.21328
2555,5532.4,82814,22.527,1002.6,532.21,0.30648
2558,4128.6,83048,36.538,568.92,296.95,0.3141
2559,4199.4,82841,25.686,390.89,352.85,0.051147
2565,5355.1,84324,36.622,785.36,485.56,0.23589
2565,6358.4,83198,25.189,348.05,265.07,0.13534
2566,4282.9,82187,36.615,375.07,337.7,0.052431
2566,6299.3,83034,26.922,699.66,358.54,0.32236
2567,4115.1,82470,33.356,509.43,509.52,-8.6676e-05
2567,5509.6,83088,34.824,1699.6,1086.6,0.22002
2567,5432.9,83862,25.822,549.44,362.33,0.20522
2568,5123.8,82741,21.01,1713.5,864.57,0.32929
2570,3482.6,82667,25.393,216.69,159.98,0.15054
2570,5187.9,81908,21.583,851.45,490.6,0.26889
2570,5933.1,82685,36.083,360.58,692.19,-0.31499
2571,5062.8,82330,25.904,529.25,425.81,0.10832
2571,5660.8,83452,32.304,387.53,333.05,0.075597
2571,6025.3,82881,35.417,287.17,745.69,-0.44392
2572,3895.1,82944,25.614,664.09,375.35,0.27779
2572,6158.6,82823,32.797,221.68,753.71,-0.54545
2573,4068.7,83106,29.479,693.75,670.44,0.017083
2573,5662.4,83270,32.583,1090.2,1860.8,-0.26114
2574,4940.8,82230,21.677,401.36,124.21,0.52733
2574,5536.4,83475,28.228,323.22,274.58,0.081377
2576,4022.1,83078,19.514,762.73,448.01,0.25994
2577,4052.4,83502,33.827,806.06,443.24,0.29042
2579,4103.4,83970,37.133,233.16,115.24,0.33846
2581,6144.3,82453,17.81,635.77,193.47,0.53339
2582,5458.5,83175,29.944,423.78,208.83,0.33978
2582,6181,82440,32.817,680.36,335.94,0.33889
2583,3520,82455,28.24,432.7,103.51,0.61391
2583,4119.8,83044,38.599,293.16,142.98,0.34436
2586,4576.4,84035,16.153,364.57,381.19,-0.022277
2587,4270.3,83265,24.492,1058.1,631.08,0.25278
2588,4057.2,83164,23.653,633.61,631,0.0020673
2588,4213.5,84077,37.346,425.07,272.04,0.21952
2588,4669,84421,20.348,283.28,134.05,0.35758
2589,5191.4,82520,30.041,377.82,163.35,0.3963
2591,5975,84505,38.935,406.24,118.7,0.54774
2592,3966.8,83180,15.105,810.18,556.26,0.18583
2592,4721.9,84175,28.983,934.41,504.14,0.2991
2592,5664.9,84286,32.477,930.32,800.25,0.075164
2593,3629.1,81800,38.207,386.94,305.49,0.11763
2593,3949.1,82959,31.235,453.46,412.86,0.04687
2593,5550.7,83907,33.541,1218.1,860,0.17233
2593,5657.2,82453,33.069,187.08,109.78,0.26041
2594,4377.1,84332,31.279,609.77,406.11,0.20048
2595,3997.4,83161,19.374,588.72,371.97,0.22563
2595,5139.9,82654,24.474,268.02,115.72,0.39688
2597,3972.3,82270,37.273,293.12,186.86,0.2214
2597,5514.2,82886,25.162,449.35,330.15,0.15292
2598,3958.9,82667,28.391,333.79,189.27,0.2763
2598,5345.4,82708,27.547,509.36,350.23,0.18512
2600,6283.9,84060,18.532,352.74,467.96,-0.14038
2601,6296.6,83941,26.447,155.06,677.04,-0.6273
2602,6376.9,83991,17.659,280.17,679.57,-0.41615
2605,4098.7,82934,27.184,463.33,120.11,0.58827
2605,6386,84127,23.255,318.76,607.99,-0.31209
2606,5304.6,82188,34.563,764.28,477.33,0.23111
2606,6395.1,83956,15.892,890.37,1377.2,-0.2147
2607,5458.6,82300,28.017,1308.2,856.24,0.20881
2607,6401.6,83943,26.898,243.95,731.99,-0.50007
2609,4418.1,84492,32.784,432.12,658.14,-0.20731
2609,5321.7,82341,32.327,276.05,150.59,0.29406
2612,3969.6,83215,33.013,292.9,222.01,0.13768
2612,5177.8,83663,32.975,298.43,186.32,0.23127
2613,4221,84591,41.861,269.53,389.49,-0.18203
2613,6045.6,83331,30.732,545.59,372.12,0.18903
2614,4883.8,83789,37.352,681.08,457.9,0.19594
2614,5227.5,82572,26.452,284.6,123.57,0.39451
2615,4890.4,83820,28.88,469.37,398.48,0.081684
2616,4891,83701,28.726,294.57,172.29,0.26191
2617,5751.3,84578,34.937,540.5,304.63,0.2791
2618,4190.6,82687,38.519,744.51,307.28,0.4157
2619,4068.6,82447,34.475,721.92,548.16,0.13681
2619,4947.2,83797,27.004,231.37,214.38,0.038113
2620,4872.1,83828,38.093,195.57,207.53,-0.029672
2621,4990.2,83919,34.032,474.74,431.77,0.047407
2622,5020.3,83902,31.989,372.74,168.59,0.37712
2625,4956.4,82305,20.254,895.13,548.11,0.24044
2627,3564.6,83741,21.54,563.61,214.6,0.44847
2627,3521.1,84619,30.803,271.45,295,-0.041574
2628,5250.5,83580,27.708,440.65,459.3,-0.020721
2630,3491.1,82540,28.086,471.93,387.07,0.098789
2630,5276.9,83619,33.411,574.83,320.95,0.28343
2631,4344.8,81728,24.879,596.54,481.07,0.10716
2631,5698.8,84371,28.757,367.05,195.43,0.3051
2632,3998.4,84093,34.991,382.19,288.26,0.1401
2632,4664.1,82539,36.692,691.09,571.88,0.094386
2632,5338.2,83460,36.879,221.83,145.22,0.20872
2632,6042.5,82218,29.556,426.71,208.84,0.3428
2633,3935.7,82838,34.742,341.93,227.57,0.2008
2634,4040,82794,30.923,1174.9,1104.2,0.031019
2634,6011.6,82169,24.007,781.79,400.51,0.32249
2635,4317.1,83266,31.058,986.25,613.01,0.23339
2635,5451.9,83167,28.959,414.83,403.31,0.014081
2636,4175.1,83082,27.128,841.56,653.42,0.12585
2636,5801.8,84591,23.963,258.13,114.98,0.38365
2638,4391.4,83101,24.581,707.97,371.35,0.31189
2638,6360.8,83284,32.908,289.27,223.87,0.12745
2639,4142.4,83038,27.674,363.1,133.1,0.46353
2639,5336.8,82885,21.934,309.54,216.33,0.17725
2641,6156.1,84413,32.861,312.22,196.97,0.22633
2642,3742.3,82841,30.38,229.64,135.72,0.25707
2645,3567.9,81905,23.858,1115.4,605.81,0.29607
2646,5371.9,83061,29.34,270.74,159.23,0.25934
2647,5201.1,83070,31.626,269.69,224.19,0.092131
2648,5313,82047,35.765,225.94,228.5,-0.0056481
2649,5211.8,83370,34.827,1134.8,1093.4,0.018579
2653,4524.1,84077,33.944,222.98,183.85,0.096175
2653,5401.7,83606,26.882,691.5,722.89,-0.022191
2653,6303.2,84067,34.664,322.66,113.29,0.48027
2654,5473.4,83470,24.369,813.69,462.08,0.2756
2655,5580.2,83417,35.081,360.24,174.56,0.34719
2656,6189.6,83870,27.767,227.33,152.54,0.19688
2657,6103.8,83974,25.701,449.19,737.78,-0.24313
2659,5865.5,84374,25.54,621.4,352.77,0.27575
2660,4999.5,82329,27.231,268.79,161.2,0.25021
2660,5826.7,84622,29.15,763.28,736.52,0.017843
2661,6285.7,82859,29.581,734.49,602.81,0.098469
2662,3940.3,81861,25.575,564.69,229.41,0.42222
2662,5053.9,83023,34.34,271,160.85,0.25508
2662,5248.8,83955,35.038,262.76,170.1,0.21406
2663,4674.8,83667,24.397,534.48,287.8,0.29999
2663,6053.1,84224,26.527,382.52,226.07,0.25707
2664,3999.6,81761,31.285,182.36,168.32,0.040039
2664,4772.5,83287,29.502,253.23,217.98,0.074794
2664,5862.8,84213,23.372,677.48,293.47,0.3955
2665,6093.8,83672,29.515,377.82,345.67,0.044435
2666,6159.2,83608,33.596,356.13,184.9,0.3165
2667,5445.5,82640,29.91,210.93,165.94,0.11938
2668,3511.7,82421,30.369,914.2,541.88,0.2557
2668,4073.4,83803,34.001,547.49,375.05,0.18693
2669,5784.7,82858,36.276,659.82,252.76,0.44605
2670,4762.5,83880,30.601,579.68,308.09,0.30592
2670,5610.5,82818,30.114,391.64,188.16,0.35095
2670,5510.4,84386,22.316,756.29,517.68,0.18729
2671,5572.6,82701,26.182,418.56,224.79,0.30119
2671,5573.5,84212,28.208,1013.5,412.65,0.42132
2672,5639.1,84406,26.82,561.54,444.36,0.11649
2673,3668.8,84142,38.536,770.92,533.6,0.18192
2674,5003.5,82229,29.91,775.66,571.14,0.15186
2675,3523,81936,29.381,875.44,471.63,0.29977
2675,4968.2,81728,37.629,228.78,140.48,0.23912
2675,4985.7,82344,35.657,484.46,397.22,0.098948
2676,3551.5,81818,31.276,967.05,711.71,0.1521
2677,4786.9,84375,30.349,246.81,180.2,0.15598
2679,4179.4,83652,37.401,270.98,166.04,0.24012
2680,4393.4,81741,33.5,561.11,473.87,0.084295
2680,4848.8,82306,25.526,439.68,270.46,0.2383
2681,6062.2,83999,26.297,342.81,142.33,0.41323
2689,3527,83779,29.921,214.78,256.82,-0.089151
2690,4820.4,82203,20.27,907.33,506.1,0.28387
2690,6306.3,83655,32.36,297,237.66,0.11099
2691,3428.8,83745,42.142,668.84,460.81,0.18415
2691,6287.7,83605,36.749,380.23,115.42,0.53427
2692,4568,81767,24.591,795.15,503.52,0.22456
2692,6256.5,84134,23.226,263.75,150.72,0.27272
2694,6028.4,82473,36.954,833.98,567.08,0.1905
2695,5899.1,84583,29.141,602.39,374.25,0.2336
2697,5566,84204,28.697,653.36,361.5,0.28758
2698,3737.5,83574,36.402,290.67,218.47,0.1418
2698,5787.3,84083,25.173,755.3,318.21,0.40717
2700,4279.5,82277,29.107,683.11,230.67,0.49514
2700,6402.5,83017,39.848,476.36,398.16,0.089422
2701,4377.8,82233,24.214,452.73,376.32,0.09217
2701,5958,83642,34.283,278.17,176.83,0.22273
2702,4103.3,82123,32.352,462.94,328.27,0.17021
2703,4951.9,82737,32.433,400.2,284.72,0.16861
2704,4062.5,82199,26.762,683.07,372.06,0.29476
2704,5276.4,83241,34.428,211.57,183.39,0.071347
2705,3703.6,83386,16.91,329.87,249.1,0.13951
2705,5240.8,83790,29.876,174.15,269.85,-0.21555
2705,6419.2,82671,35.519,514.63,446.46,0.070935
2706,3696.8,83377,35.176,516.7,379.16,0.15354
2706,6402.7,82592,24.644,423.59,445.1,-0.024764
2707,5275,83793,23.553,989.85,481.92,0.34511
2710,3476.6,84032,22.865,377.41,143.11,0.45012
2710,4640.9,84506,30.449,548.39,342.62,0.23094
2711,3535.8,83804,31.47,257.1,205.33,0.11195
2712,4561.6,82017,24.271,545.01,422.64,0.12647
2712,4943.8,82171,28.988,370.46,238.3,0.21709
2712,5961.7,83861,17.439,713.62,255.67,0.47245
2713,3892.7,82766,30.026,698.46,553.5,0.11578
2714,3840.9,82980,37.804,377.7,184.3,0.34414
2714,5350,82583,24.395,544.47,554.46,-0.0090885
2715,5210.6,82350,29.089,549.07,337.36,0.23884
2715,5944.5,84206,25.871,459.08,233.6,0.32552
2716,3555.8,82681,26.019,1502.5,484.78,0.51211
2716,4042.7,82748,35.594,730.98,338.09,0.36751
2716,6031.5,84226,34.717,669.04,509.35,0.13552
2717,3658.6,82616,25.35,633.35,393.03,0.23414
2717,6380.8,83654,32.36,671.19,443.87,0.20386
2719,6059.8,83184,36.739,733.57,358.96,0.34288
2720,5176.7,81972,23.297,771.52,656.73,0.080371
2720,5488.2,82861,38.184,554.75,402.34,0.15924
2720,5804,84165,16.959,977.12,518.46,0.30668
2722,3514.9,83699,15.816,760.69,217.88,0.5547
2722,4696.1,84239,39.14,383.31,147.67,0.44378
2722,5924.5,83846,19.576,283.37,408.05,-0.18032
2723,6026.5,83960,29.602,338.08,244.13,0.16137
2725,4606.3,83177,28.103,789.49,724.42,0.042977
2725,5236.1,81955,32.716,408.05,675.41,-0.24676
2728,4251.4,83422,26.726,462.07,188.28,0.42098
2729,4265.9,82799,21.351,1372.4,569.65,0.41336
2729,5100.2,82004,25.367,917.7,622.12,0.19195
2731,4655.4,82812,30.024,873.02,214.2,0.60597
2731,4906,82266,35.087,1087.1,540.77,0.33562
2732,4839.4,82751,27.853,627.41,168.83,0.57593
2732,5111,82156,29.065,1234.9,952.36,0.12916
2734,6066.1,82292,35.592,472.27,419.64,0.05901
2735,4673.9,84402,25.551,513.2,409.52,0.11237
2736,5109.4,82690,27.189,1017.8,768.98,0.13923
2736,5064.5,83607,30.277,368.75,371.93,-0.0043024
2739,3735.4,83661,26.857,328.82,193.28,0.25962
2739,4184.8,82507,27.187,898.05,496.31,0.28812
2739,4605.7,84358,32.537,402.4,242,0.24892
2739,4981.1,82314,23.643,1066.3,321.91,0.53624
2740,4306.9,82755,32.364,340.42,204.24,0.25002
2740,5873.3,84678,27.652,328.37,111.96,0.49146
2741,5920.9,83217,35.266,321.91,227.64,0.17155
2742,5748.7,83266,30.492,461.66,386.98,0.087998
2743,4539.4,83471,27.527,156.86,111.02,0.17114
2743,6060.2,83872,15.792,545.73,729.37,-0.14402
2744,6070.4,83882,24.452,470.63,698.98,-0.19523
2745,3992.8,82324,35.669,696.82,556.85,0.11165
2745,6201,82345,32.846,523.88,325.82,0.23309
2746,5230.3,84008,33.056,522.71,260.44,0.3349
2749,4462.1,84290,27.525,312.47,210,0.19613
2749,5112.2,81798,22.399,363.9,183.09,0.33054
2750,5117.4,82402,34.278,160.56,179.79,-0.056507
2751,4211.2,82177,24.479,723.14,412.69,0.27332
2751,5011.5,82436,27.049,202.55,146.71,0.15987
2751,5725.5,83252,34.036,477.22,450.26,0.029071
2752,3514,81970,34.622,310.59,238.46,0.13137
2752,4109.1,82809,29.939,283.76,207.05,0.15628
2753,6202.3,84057,34.348,368.79,259.36,0.17421
2755,3722,82006,32.573,267.27,213.04,0.11291
2755,4534.4,81743,26.201,472.08,159.79,0.49423
2755,6107,83456,26.514,300.56,177.94,0.25626
2756,5246.8,82191,35.913,418.22,417.51,0.00085039
2756,6126.3,83313,35.57,782.16,468.72,0.25058
2757,5047.3,82392,26.59,743.42,756.29,-0.0085802
2757,5190.2,82410,36.836,645.25,591.39,0.043555
2758,5503.9,84551,20.071,522.7,226.67,0.39504
2762,3473.8,83940,37.853,605.21,245.06,0.42358
2762,5497,81811,35.491,429.85,356.71,0.092993
2763,5130.7,82514,26.255,284.95,146.45,0.32106
2764,5172.6,82500,34.926,560.99,718.48,-0.12309
2765,6102.4,83930,20.568,689.26,372.45,0.2984
2766,4556.8,82967,38.429,451.27,163.42,0.46828
2766,5793.4,84257,26.507,565.4,357.11,0.22578
2767,3670.4,83687,38.739,139.06,132.57,0.023912
2767,5122.3,82377,30.984,686.5,343.95,0.33242
2768,3544,83399,33.201,202.17,141.33,0.17713
2768,5221,82450,33.233,468.73,231.28,0.33921
2771,6411.6,83861,33.805,334.01,229.71,0.18502
2772,4740.7,83033,24.55,600.15,104.6,0.70316
2773,5122.4,82679,23.934,606.35,449.65,0.1484
2773,5980.6,83803,28.717,594.12,665.02,-0.05631
2774,3596,83837,25.958,510.01,199.04,0.43857
2774,5328.3,82501,32.061,451.79,261.91,0.26605
2775,5488.9,82592,28.824,639.17,166.89,0.58591
2776,4696.2,83148,34.594,324,233.45,0.16244
2776,5633.2,82504,36.879,412.04,255.07,0.2353
2778,5700.2,82040,22.741,391.71,147.4,0.45317
2778,6364.1,83364,39.445,417.98,273.54,0.20887
2779,3633.9,83894,33.185,228.08,220.24,0.017495
2779,5022,82419,35.027,179.95,200.19,-0.053265
2782,5224.4,83250,22.772,407.68,180.94,0.3852
2782,5463.3,82593,35.418,241.22,143.24,0.25483
2786,5931.9,84279,26.837,577.32,220.52,0.4472
2787,4883.4,82312,32.867,658.68,490.58,0.14627
2788,4896.6,82366,36.03,229.26,172.45,0.14143
2788,6380.3,84039,25.804,246.92,114.41,0.36673
2790,6327.1,83311,19.029,731.47,441.02,0.24772
2793,4574.4,82992,26.019,483.48,122.3,0.59624
2794,4392.9,82647,32.976,419.75,179.49,0.40094
2794,5077.5,82337,31.986,419.93,231.72,0.28882
2796,5157.2,82380,34.273,271.04,274.94,-0.0071361
2797,5063.9,84352,18.29,883.98,325.59,0.46164
2798,4937.9,84407,27.14,763.61,250.09,0.50658
2800,3931.1,82707,36.72,171.73,197.23,-0.069125
2801,5944.8,83685,14.085,1094.5,660.77,0.2471
2802,6134.6,84166,22.937,531.27,318.7,0.25009
2803,5206.5,82442,27.869,748.73,381.8,0.32456
2803,6349.5,84268,31.597,647.73,529.13,0.10077
2804,5118.3,82270,31.616,432.24,532.02,-0.10348
2805,5153.2,83645,34.023,421.98,319.98,0.13748
2806,4662.1,82280,32.42,477.4,157.74,0.50328
2806,4772.1,82929,37.46,385.1,204.53,0.30624
2806,5226.1,83975,30.621,623.07,204.33,0.50608
2809,4574.2,82630,33.377,382.08,386.48,-0.005731
2809,5607.3,83645,32.284,458.11,144.47,0.52048
2809,5799.4,84356,28.291,222.5,104.32,0.36162
2809,6318.5,84128,26.696,762.17,670.8,0.063768
2810,5603.2,83820,22.794,553.98,149.92,0.57403
2810,6375.9,84046,18.931,843.88,285.73,0.4941
2811,6359.6,84158,21.86,365.04,287.19,0.11936
2812,6277.7,84085,17.837,382.95,297,0.12641
2813,4751.7,82851,29.245,644.33,575.25,0.056641
2813,5414.9,83874,25.599,515.61,353.9,0.18598
2813,6305.2,83988,26.361,449.37,507.39,-0.060639
2814,4069,83169,32.774,679.7,310.78,0.37246
2814,4924.6,82896,37.274,425.31,301.53,0.17031
2814,6239.6,84012,18.448,262.39,415.73,-0.22612
2815,5719.5,84278,25.842,368.21,224.72,0.242
2815,6224.8,83999,26.135,234.17,344.52,-0.19068
2816,5824.5,83589,31.728,231.15,196.19,0.081822
2816,6169.3,83916,39.686,388.1,788.01,-0.34003
2819,6105.6,83845,27.732,242.35,218.74,0.051203
2820,5747.6,83484,28.563,1175.2,414.25,0.47875
2820,5985.5,83866,17.115,907.74,400.87,0.38733
2821,5981.9,83746,22.451,1163.3,519.17,0.38285
2824,3899.1,82572,33.712,249.69,240.37,0.019007
2825,4657.4,82721,49.876,720.25,487.28,0.19293
2825,5105.7,82029,36.52,361.6,227.75,0.22713
2827,3848.9,82659,28.589,530.37,344.9,0.2119
2829,5582.6,82238,21.299,1278.3,844.17,0.20453
2829,5959.6,83558,24.33,276.63,254.22,0.042218
2830,4006.1,82439,38.117,476.71,269.4,0.27786
2830,6337.6,83775,33.639,234.87,115.79,0.3396
2831,6080,83353,24.428,791.54,592.28,0.14399
2833,5483.8,83689,40.051,550,424.83,0.1284
2836,4590.9,83691,30.133,455.47,142.84,0.52253
2836,5885.1,84012,33.506,826.48,320.73,0.44086
2837,5629.7,83798,30.154,336.56,197.01,0.26155
2837,6287.7,82936,22.158,330.19,120.83,0.4642
2837,6247.1,83884,22.452,573.79,401.09,0.17715
2838,6312,83861,32.93,631.07,541.59,0.076307
2839,6127.2,83515,25.31,656.93,396.53,0.24718
2839,6266.1,82941,28.899,271,198.76,0.15377
2840,5197.8,82412,29.643,773.62,788.08,-0.0092648
2840,6235.9,83443,24.539,291.61,211.66,0.15885
2840,6420.8,84497,35.815,367.6,382.07,-0.019306
2841,5591.2,83563,38.307,429.95,298.98,0.17968
2842,4814.2,82281,21.75,1070.6,721.01,0.19514
2842,5727.3,83631,32.383,268.94,264.95,0.0074585
2843,4989.6,81807,31.337,889.98,173.08,0.67437
2845,4957.4,83148,29.159,367.04,174.9,0.35455
2845,5427.5,81894,27.834,787.42,606.69,0.12964
2845,5875.1,83545,34.682,239,185.92,0.12492
2846,4875.7,83258,30.007,776.35,502.03,0.21458
2846,5044.5,82179,34.321,304.19,150.89,0.33685
2846,6091.4,83327,31.212,515.63,266.35,0.31879
2847,5014.4,82194,34.384,217.06,239.4,-0.048942
2848,4771.1,83248,18.937,1093.8,431.12,0.43458
2848,6340.6,83092,35.935,328.56,232.72,0.17076
2849,5125.6,82389,35.931,108.29,149.63,-0.16029
2851,5180,82395,17.783,488.99,223.75,0.37215
2851,5163.1,84080,35.238,339.92,250.4,0.15164
2853,5125.5,82352,20.23,804.12,175.75,0.64127
2853,6089.5,83567,23.718,994.11,539.15,0.29672
2854,6387.3,83312,32.556,428.37,571.96,-0.14354
2857,3603.9,83659,32.746,346.98,211.51,0.24257
2857,3735.5,82823,30.856,272.09,137.44,0.3288
2860,3924.4,82658,28.152,439,266.96,0.2437
2863,5878.6,81905,32.599,227.5,100.4,0.3876
2865,4729.9,82382,22.709,547.36,231.96,0.40471
2866,3582.3,81814,31.716,404.6,131.85,0.50843
2866,3618.2,83854,27.072,888.92,682.63,0.13126
2866,5889.8,84676,21.373,536.11,384.75,0.16436
2867,4770.9,84525,26.986,519.31,166.54,0.51435
2869,4996.9,83763,34.757,352.18,139.9,0.4314
2872,5968.7,83796,28.022,366.09,220.18,0.24889
2874,3866.1,82175,31.707,647.13,143.63,0.63672
2874,4109.5,82771,22.446,749.63,306.72,0.41928
2875,4103,82799,22.596,432.08,162.07,0.45444
2875,5135.2,82417,23.958,1645.2,811.71,0.33923
2876,5069.9,82214,8.3974,1536.2,386.26,0.59817
2877,5154.4,82268,8.0247,1486,306.17,0.65832
2878,3577.1,83514,37.559,127.33,155.14,-0.098457
2878,5170.6,82513,7.8456,1267.3,318.34,0.59847
2879,5199.3,82423,11.299,1129.2,287.45,0.59419
2879,6343.8,83789,31.669,418.02,260.98,0.23127
2881,6140.3,84337,38.336,530.33,334.69,0.22617
2882,3758.4,84343,36.485,216.07,176.35,0.10122
2882,4786.4,81759,29.547,396.8,215.4,0.29631
2883,3661.4,84350,25.727,468.33,280.47,0.25087
2883,6189.2,82292,20.877,993.02,366.9,0.46041
2884,3934.8,81730,20.744,738.73,359.47,0.34535
2884,6061.1,82133,20.238,1262.4,778.81,0.2369
2885,4875,83742,28.405,986.47,433.58,0.38935
2886,4890.2,83386,29.301,630.25,408.26,0.21375
2886,5710.6,82362,42.327,1176.2,440.24,0.4553
2887,5210.8,82185,42.582,646.56,1137.7,-0.27525
2888,3755,84546,35.575,232.67,277.35,-0.087599
2888,5060.7,82385,35.497,552.1,633.06,-0.068303
2889,5087.5,82311,33.593,323.51,555.07,-0.26356
2890,4123.2,82388,35.331,172.48,152.98,0.059922
2890,4978.5,82324,22.56,430.81,194.73,0.3774
2891,4139.6,82487,35.392,395.94,182.57,0.36883
2892,3837.6,82873,32.089,270.9,144.92,0.30298
2894,4871.3,83045,29.644,730.02,418.83,0.27086
2895,4676.7,82819,19.167,886.38,432.35,0.3443
2896,4710.4,82890,19.304,964.79,565.12,0.26124
2897,3796.8,82580,35.079,532.57,280.93,0.30934
2897,4690.1,82751,15.447,553.44,175.69,0.51807
2898,4488.8,81832,29.29,247.24,276.25,-0.055415
2898,4749.4,82755,15.213,668.53,229.44,0.48899
2900,3432.2,83511,34.232,334.28,122.84,0.46253
2900,4814.3,82565,30.055,555.16,235.49,0.40431
2900,5194.6,81904,27.498,358.73,135.27,0.45236
2900,5721.4,83885,22.592,697.83,396.39,0.27548
2900,6258,83229,36.854,308.42,296.33,0.019996
2902,4913.8,82379,30.71,445.09,264.65,0.25422
2902,5179.9,83765,23.617,692.06,208.08,0.53768
2902,6048.6,84424,34.314,331.85,192.42,0.26595
2903,3904.1,83159,23.64,416.34,250.25,0.24915
2903,5114,82339,32.531,556.15,132.3,0.61566
2904,4100.5,82708,33.865,186.54,165.58,0.059527
2904,5299.1,82787,29.398,578.17,443.06,0.13231
2904,5293.7,82184,19.794,583.94,570.82,0.011365
2906,4875.1,82340,34.265,1127.6,714.3,0.22438
2907,4335,82476,34.646,361.78,277.93,0.13107
2908,4550.9,82319,29.869,306.36,195.33,0.22131
2908,4866.5,84618,28.624,176.23,146.86,0.090898
2908,5843.6,84707,23.395,263.5,386.93,-0.18977
2908,6023.8,83817,33.301,322.59,206.24,0.22002
2909,3631.2,81863,33.29,545.1,295.59,0.29679
2909,4617.8,83126,31.732,501.19,295.55,0.2581
2909,5423.4,83170,28.981,690.3,489.27,0.17043
2909,6013.8,83873,15.206,525.98,543.47,-0.016353
2910,5252.1,83136,35.198,495.32,344.09,0.18016
2910,6010.6,83890,10.629,779.23,804.85,-0.016169
2911,5304.7,82632,34.141,1022.3,629.37,0.2379
2911,5414.9,83140,25.448,1009,776.67,0.1301
2911,5995.2,83902,17.522,650.08,738.17,-0.063452
2912,3609.9,84097,20.812,1183.8,310.99,0.58389
2912,4361,82297,30.545,290.57,131.25,0.3777
2912,5984.3,83851,14.56,696.47,603.53,0.071489
2913,5917.5,83814,24.642,1197.8,804.99,0.19615
2914,3753.5,84356,27.383,1399.6,623.32,0.38374
2914,4970.9,82445,32.123,927.24,592.97,0.21988
2914,5677.1,83202,36.12,644.64,437.19,0.19176
2914,5772.6,84228,27.883,820.53,481.86,0.26004
2915,3464.5,84350,23.86,547.5,480.22,0.065465
2915,5451,82730,26.282,591.3,355.12,0.24956
2916,4351.5,84421,19.131,390.21,292.26,0.14353
2916,5497.2,84621,26.79,430.85,276.68,0.2179
2916,5653.8,82889,34.054,374.46,375.94,-0.0019708
2918,3664,83745,37.397,441.09,376.36,0.079182
2918,3857.7,82367,27.528,1060.4,659.67,0.23297
2918,4984.2,82444,31.304,668.29,746.96,-0.055592
2919,3710.5,82560,29.343,1029.4,432.03,0.40877
2919,3719.3,82455,27.751,987.73,375.96,0.44861
2920,3653.7,83669,39.102,237.83,202.03,0.081382
2920,3925.6,82251,31.211,534.41,198.47,0.45838
2920,5092.4,82495,32.284,767.63,398.59,0.31644
2920,6324.3,83272,24.884,470.22,167.34,0.47506
2921,5214.2,82285,34.017,708.64,519.6,0.15391
2921,5684.5,81817,31.527,343.76,279.28,0.1035
2921,5996,84207,21.275,694.45,328.15,0.35821
2922,5020.5,82307,27.195,662.61,321.96,0.34599
2922,5885.5,84194,26.194,742.47,403.42,0.29589
2924,5094,82449,34.79,198.72,137.86,0.18082
2924,5595.5,84158,38.673,225.34,196.34,0.068769
2925,4039.5,84100,36.389,251.66,147.33,0.26148
2926,4981,82427,26.126,127.49,108.7,0.079585
2927,5094.1,84410,36.576,394.29,231.21,0.26072
2928,4946.4,84522,30.951,449.07,269.18,0.25046
2928,5146.2,82298,33.846,715.21,624.13,0.067999
2929,4224.6,82032,32.334,1054.2,915.09,0.070646
2929,5942.8,84079,28.848,330.44,241.51,0.15549
2929,6387.1,83077,34.155,577.6,717.03,-0.10769
2930,3525.4,84514,29.539,416.07,146.4,0.47944
2930,4939.3,83210,36.857,382.48,489.68,-0.12291
2930,5000.5,82414,25.436,672.41,372.71,0.28677
2930,6108.8,82713,36.56,1038.4,768.97,0.14906
2930,6129.5,84028,29.435,265.95,158.89,0.25202
2930,6153.5,82755,33.252,1238.5,1039.2,0.087502
2931,6332.2,82771,28.569,1315.2,807.44,0.23919
2932,3949.5,82209,29.977,163.03,209.98,-0.12588
2932,5567,84497,27.367,784.82,430.51,0.29153
2934,4965.1,82365,35.98,158.83,158.22,0.0019276
2938,5073.5,82458,29.669,429.62,366.49,0.0793
2940,5778.3,82594,32.102,368.26,251.25,0.18887
2941,4234.9,83365,30.819,284.78,234.36,0.097129
2942,4243.3,83285,27.69,474.39,370.29,0.12324
2944,3964.1,82779,29.817,536.54,338.73,0.226
2944,4824.4,82887,25.328,410.99,351.67,0.07778
2945,3834.4,82822,27.517,308.66,174.04,0.2789
2945,4893,82452,31.426,1174.9,964.01,0.098608
2946,5010.6,82280,23.418,837.15,570.92,0.18908
2947,4180.3,82660,34.721,255.48,300.28,-0.080621
2947,4903.6,82344,32.356,436.9,291.77,0.19917
2947,6052.3,83632,21.931,804.23,389.02,0.34797
2948,3438.8,83343,34.765,310.15,194.59,0.22896
2948,4938.1,82283,23.981,882.73,388.15,0.38917
2948,5894.6,84564,34.266,446.01,479.93,-0.03663
2948,6090.6,83798,15.166,1003.8,577.75,0.26938
2949,3568.9,84078,30.576,433.3,234.43,0.29783
2949,3950,81889,22.026,690.22,358.57,0.31623
2949,4904,82302,24.271,983.3,544.62,0.28711
2949,5844.5,84395,33.901,803.76,289.98,0.46975
2950,4927.8,82233,35.839,455.69,349.69,0.13162
2952,3676.3,81867,31.566,253.37,173.94,0.18588
2952,5782.8,84225,34.168,638.46,629.16,0.0073339
2952,5824.6,84410,23.75,1127.3,1387.3,-0.10342
2954,6333.4,84263,39.03,385.67,235.81,0.24113
2955,4922.9,84087,30.194,735.76,471.81,0.21858
2956,5655.5,82178,35.019,236.16,144.09,0.24215
2957,5404,83700,24.157,579.7,350.07,0.24698
2959,3989.2,82664,26.245,657.13,337.82,0.32093
2959,4634.7,83407,25.22,783.31,696.96,0.05833
2960,4190.1,82684,29.78,516.23,294.37,0.2737
2960,5421.5,83831,26.325,479.48,141.77,0.54361
2960,6130.6,82756,18.061,1318.3,706.74,0.30199
2961,3961.5,82258,29.652,860.9,376.57,0.39139
2961,4880.4,82947,26.802,479.98,316.43,0.20535
2962,5110,83749,26.628,962.1,566.02,0.25919
2962,5627.7,83467,30.961,842.82,199.25,0.61759
2963,5921.9,82983,37.531,622.29,637.36,-0.011969
2965,6286,82926,19.864,562.2,371.5,0.20424
2966,4052.4,82180,26.764,510.87,287.34,0.28004
2966,5373.9,83802,33.25,1035.2,674.8,0.21078
2968,5716.2,83451,30.345,375.92,242.71,0.21533
2968,5772.5,83320,31.594,597.57,316.14,0.30801
2969,5826.9,84217,23.449,979.77,609.98,0.23261
2970,5292.2,83779,29.611,1104.9,621.98,0.27966
2973,4280.3,83297,24.607,516.6,532.33,-0.014999
2973,5493.2,83824,37.353,357.62,270.1,0.13943
2973,5691.5,82744,26.316,362.23,233.45,0.21619
2974,4819.5,82859,25.543,1193.9,724.58,0.24462
2975,4057.3,83020,23.288,625.35,1367,-0.37224
2975,4064.3,82055,37.408,444.75,348.69,0.12107
2975,4960.5,82544,26.07,958.55,710.57,0.14857
2975,5744.1,83434,32.445,190.53,138.14,0.15939
2976,3986.2,83087,18.662,636.98,681.66,-0.033881
2976,5025.2,82637,32.841,204.37,124.21,0.24398
2979,3551.8,83330,31.148,781.16,488.67,0.23034
2980,3557.6,83622,28.669,379.25,251.08,0.20334
2980,4999.1,84572,36.499,265.62,212.54,0.11101
2981,3565.7,82563,30.346,644.78,562.76,0.067922
2981,3621.4,84432,33.234,650.17,367.58,0.27766
2982,3427.9,82626,29.058,288.73,154.08,0.30408
2982,3535.1,84409,48.65,602.64,444.04,0.15153
2984,5077.8,82506,32.301,688.04,513.7,0.14508
2985,3979.2,84205,29.801,286.36,236.96,0.094397
2985,4256.7,82607,23.752,291.4,129.25,0.38548
2987,3558.6,82037,34.191,216.69,142.94,0.20508
2987,5164.2,82641,29.587,480.96,386.05,0.10946
2988,3516.1,84153,38.905,1128,658.01,0.26315
2989,4148.8,82431,36.124,211.56,117.11,0.28739
2990,5845,83760,34.625,403.38,374.89,0.036604
2992,5222.4,83678,31.546,380.91,112.56,0.5438
2992,6026.7,84381,40.964,447.64,417.02,0.035419
2994,4377.5,82583,33.029,434.34,402.53,0.038014
2994,5526.3,82630,32.451,446.65,178.25,0.4295
2995,4546.7,82497,29.116,646.03,359.99,0.28432
2996,4119.6,83073,33.527,304.31,226,0.14766
2997,4057.3,82896,42.362,774.52,590.61,0.13472
2997,5281.3,83029,31.523,387.4,288.35,0.14658
2999,5096.2,84454,28.531,700.25,398.13,0.27506
2999,5055.5,83218,34.295,491.52,519.3,-0.027484
3005,4745.8,84512,29.396,233.35,130.36,0.28317
3006,3610,82160,35.139,580.56,260.52,0.38051
3007,4532.7,81825,25.944,359.38,151.62,0.40658
3008,4893.3,83187,23.535,526.36,306.49,0.26401
3011,4129.4,81993,38.35,261.21,135.61,0.31653
3013,4981.7,82360,28.034,413.11,208.62,0.32891
3016,5058,82230,33.813,482.24,327.93,0.19046
3017,5277.7,82610,31.603,652.29,305.52,0.36204
3017,5984.7,82864,37.781,525.67,377.96,0.16345
3018,5128.6,83692,33.782,403.06,113.25,0.56133
3019,5143.1,83736,27.052,634.37,563.07,0.059546
3019,5552.4,84476,27.768,355.08,450.14,-0.11805
3020,4665,82249,37.354,624.13,227.14,0.46635
3021,4777.1,82317,34.567,316.15,163.8,0.31743
3022,4512.5,82154,26.036,653.68,312.64,0.35292
3022,4937.7,82482,29.341,557.14,510.59,0.043604
3022,5089.8,81744,33.914,329.2,309.77,0.030418
3026,3791.5,82710,21.918,411.24,283.43,0.18399
3026,5947.2,84470,33.854,236.79,101.52,0.39986
3027,3724.8,82971,36.464,244.89,138.96,0.27597
3027,5551.2,84398,33.498,614.64,290.84,0.3576
3029,3784.2,82750,33.946,309.76,425.92,-0.1579
3029,4950.5,81879,18.365,429.18,131.44,0.53111
3031,4747.7,82914,31.478,549.66,387.15,0.17347
3033,4870.8,81913,27.171,319.9,115.41,0.46976
3034,6046.9,83743,23.738,882.79,438.76,0.33599
3037,3520.3,83937,30.207,461.19,382.14,0.093738
3037,4598.5,82000,20.36,949.46,665.84,0.17558
3039,6406.7,83180,29.677,385.36,317.07,0.097223
3040,3990.2,82846,33.665,676.05,369.03,0.29377
3042,5862.8,83183,27.259,187.04,266.11,-0.17448
3043,4302.7,82086,33.821,1014.8,425.88,0.40879
3044,5863.6,84183,24.833,580.12,257.19,0.38567
3044,6340.1,82783,29.496,339.2,149.23,0.38893
3045,4857.3,82069,22.195,634.64,371.14,0.26199
3045,5808.7,82195,19.306,815.7,242.11,0.54224
3045,6362.8,83821,33.536,316.99,421.09,-0.14104
3046,4958.6,82272,28.682,661.3,259.38,0.43655
3047,4090.3,82925,28.228,310.1,235.97,0.13574
3047,5484.9,82294,24.962,759.05,596.36,0.12003
3048,5125.9,81891,37.551,381.02,165.17,0.39518
3048,5824.9,81766,33.715,247.31,127.85,0.31841
3051,3646.8,83771,37.569,375.58,253.34,0.19437
3053,6141.7,83263,27.173,595.7,440.85,0.14938
3054,4521,82162,26.638,496.98,274.96,0.28761
3054,6162.5,83238,30.786,674.88,336.37,0.33474
3055,5738.2,84263,29.174,731.89,564.41,0.12919
3055,6187,82699,34.456,594.33,221.5,0.45699
3056,6285.9,82630,39.045,747.42,248.49,0.50098
3057,4314.1,82707,31.63,428.43,511.62,-0.088498
3058,5502,84063,34.791,270.61,115.75,0.40082
3059,3851.3,82503,27.467,437.27,384.82,0.063798
3060,3719.1,82813,29.538,637.15,457.27,0.16435
3060,5834.9,84232,24.877,555.21,282.61,0.32537
3061,3807.7,82851,35.413,931.4,303.83,0.50806
3062,5705.4,83436,34.668,216.31,151.32,0.17677
3063,6259.1,82919,32.368,265.52,190.28,0.16507
3064,4283.5,83922,32.026,157.19,193.55,-0.10365
3064,6384.3,84186,30.548,193.99,357.32,-0.29625
3065,6289.9,82973,33.451,516.25,378.74,0.15364
3066,4848.5,84138,31.245,376.23,355.64,0.028137
3067,4397.3,84512,25.149,692.66,666.09,0.01956
3067,5023.5,82362,31.689,188.41,114.03,0.24593
3068,5673.3,82663,35.605,584.58,437.16,0.14429
3068,6404.7,81911,35.373,289.97,247.14,0.079741
3070,5508,83641,25.902,459.4,237.89,0.31767
3071,4204.6,83007,37.842,368.41,323.85,0.064381
3071,5762.4,83828,22.063,661.51,795.05,-0.091678
3073,4855.4,82517,22.678,677.78,317.77,0.36162
3074,4956.3,82493,17.928,790.81,388.48,0.34116
3075,4890.5,82425,19.549,1145.6,689.28,0.24871
3076,4939.7,82460,22.207,584.66,315.61,0.29885
3078,4582.8,82794,31.161,365.83,258.38,0.17214
3078,6235.1,84250,32.195,389.05,388.24,0.0010382
3079,4603.7,82872,34.864,248.74,184.82,0.14743
3080,5159.8,83566,34.847,232.13,239.83,-0.016311
3081,5263.1,83775,34.538,715.29,535.62,0.14363
3082,4467.2,83021,35.589,297.8,131.45,0.38754
3082,5983.7,83761,20.358,306.54,160.95,0.31142
3084,5584.3,82678,36.366,310.43,146.43,0.35896
3084,5759.2,84321,25.64,393.06,356.29,0.049074
3085,3443,84226,16.616,2579.8,900.55,0.48249
3085,5838.8,84187,32.938,355.14,115.86,0.50804
3086,3449.2,84109,14.642,849.26,165.79,0.67334
3086,3618.9,81968,35.711,435.33,267.92,0.23805
3086,5932.9,82863,26.603,583.26,390.44,0.19802
3087,4429.2,82561,31.423,264.69,165.84,0.22961
3087,6019.1,82860,28.537,662.08,495.02,0.14438
3088,3951.4,82741,17.983,954.15,596.24,0.23085
3089,4039.3,82457,32.681,386.46,213.82,0.2876
3089,4737,84417,25.773,503.9,432.15,0.076656
3090,3952.6,82702,30.709,300.11,140.38,0.36261
3090,4658.1,84182,36.987,354.1,366.45,-0.017141
3091,4730.2,84559,29.621,846.43,607.01,0.16473
3091,6212.6,83398,35.049,519.17,242.14,0.36389
3092,3664,83946,31.429,487.3,623.02,-0.12223
3092,5090.3,82518,35.451,208.62,281.28,-0.14832
3096,3770.1,82717,30.869,460.59,226.78,0.34016
3096,4687.7,83144,21.989,453.99,556.25,-0.10122
3096,5615.4,83232,34.51,361.78,166.62,0.36935
3099,5498.3,82837,29.786,527.52,309.91,0.25986
3101,3745.6,81975,32.313,258.8,162.42,0.2288
3102,4783.6,83366,24.687,974.02,551.31,0.27712
3103,4883,83277,28.89,779.59,178,0.62823
3103,5763.7,84129,26.396,426.74,385.7,0.050511
3103,6043.6,83581,32.574,364.63,308.26,0.083771
3105,4351.4,82851,31.195,688.29,314.63,0.37258
3105,5900.9,84361,26.195,491.5,212.71,0.39589
3106,3554.6,82085,21.176,453.13,448.93,0.0046549
3106,5182.4,81828,31.831,279.4,201.82,0.16121
3107,3485.4,82174,30.961,458.92,549.27,-0.089618
3107,6225.9,82864,27.016,336.57,171.53,0.32483
3108,5959.2,83112,34.842,257.33,105.97,0.41663
3109,6056.1,83275,25.966,450.9,133.04,0.54433
3111,4386.4,84136,36.022,365.34,129.75,0.47585
3111,6160.1,82523,30.948,550.81,276.27,0.33193
3112,5420.3,83546,33.009,1134.9,849.24,0.14398
3112,5586.2,83531,26.64,853.21,440.71,0.3188
3112,6132,82591,22.878,625.35,334.18,0.30344
3113,3650.2,83056,30.063,596.69,504.51,0.083708
3113,5618.7,83944,25.144,983.44,648.94,0.20492
3114,5151,82691,33.029,554.39,368.16,0.20185
3115,5188.6,82481,32.169,532.93,392.95,0.15119
3116,5260.5,82315,19.789,332.98,203.68,0.24093
3117,5415.6,82394,19.73,1108.8,828.35,0.14479
3118,5097.6,82523,25.04,1468.8,1078.8,0.15309
3119,4933,82353,24.195,386.74,237.66,0.23876
3119,5670.2,82103,30.474,562.85,244.04,0.39511
3120,6226,84415,30.492,167.2,117.9,0.17291
3121,5164.6,82273,33.062,346.4,126.26,0.46575
3122,5216.4,82450,32.228,308.07,216.73,0.17405
3123,4142.3,82424,33.917,191.7,128.14,0.19874
3123,5516.6,82476,31.825,452.15,301.99,0.19912
3124,4455.8,84193,35.575,178.05,297.21,-0.25073
3124,5642.8,82608,21.385,617.42,225.9,0.46426
3126,6163.4,82682,34.803,413.27,398.96,0.017615
3127,5235.4,84245,26.738,323.58,298.73,0.039941
3127,6064.4,82812,26.165,598.14,745.57,-0.10971
3129,5941.2,84381,31.749,352.13,269.49,0.13294
3130,6050,84249,23.653,593.45,366.83,0.23599
3132,4373.2,82712,24.155,482.06,475.4,0.0069519
3132,5671.2,83338,24.977,412.63,106.38,0.59008
3133,5589.7,83273,27.943,460.62,108.86,0.61768
3134,3451.9,84068,33.62,410.92,339.36,0.095376
3134,3903.7,83319,28.527,254.13,175.61,0.18271
3134,5836.7,83736,28.066,1215.2,779.76,0.21826
3135,3607.9,84018,18.053,482.49,177.21,0.46276
3138,3716,81898,32.502,241.78,115.95,0.35175
3140,4886,82161,34.332,552.73,646.25,-0.077998
3141,4515.2,84706,36.312,504.17,263.55,0.31342
3141,4896.1,82464,24.406,586.72,388.4,0.20338
3142,4747.7,82370,23.676,800.22,318.16,0.43103
3142,5195.3,83812,26.591,1237.6,1057,0.078726
3143,4779.7,82867,35.798,823.5,606.17,0.15202
3143,5096.7,83902,27.269,620.22,414.29,0.19906
3144,4004.5,83321,32.296,266.2,305.93,-0.069447
3144,5047.2,83622,24.457,829.09,367.67,0.38555
3144,5801.1,83915,34.518,404.38,104.39,0.58962
3145,5336.9,84456,24.951,263.68,181.75,0.18395
3147,5453.8,82796,31.811,856.68,637.09,0.147
3148,5629.3,82338,30.243,561.33,403.49,0.16359
3149,3819.7,81871,27.347,666.64,520.28,0.12331
3151,6023.6,82923,23.204,1247.5,905.75,0.15869
3153,5439,83137,33.171,453.94,316.14,0.17895
3154,4751.4,82246,37.456,410.26,251.67,0.23959
3156,4464.4,82652,23.202,370.26,285.04,0.13005
3157,3448,84012,36.018,233.45,215.18,0.040745
3157,4751.4,82515,35.255,557.56,421.51,0.13896
3157,6060.3,84065,31.305,594.46,326.02,0.29163
3159,4836.4,81768,34.127,438.42,339.29,0.12747
3159,6133.9,83774,30.578,1086.1,561.25,0.31859
3160,5714.8,83259,34.706,666.51,397.24,0.25313
3163,4981.3,82378,33.509,205.46,123.98,0.24733
3164,4547.2,83518,26.365,412.24,235.54,0.27278
3166,4771.7,82204,37.486,533.55,183.02,0.48918
3167,6043.5,82783,31.36,221.3,129.3,0.2624
3167,6163.5,83883,29.626,511.04,305.27,0.25207
3168,6295,83753,27.627,583.75,235.85,0.42447
3169,6042.1,84038,23.68,504.63,344.58,0.18847
3170,6049.9,83846,20.169,492.62,503.98,-0.01139
3171,6146.5,84455,37.491,417.3,252.9,0.2453
3172,5908,84269,23.437,405.39,184.91,0.37352
3172,6165.8,82388,26.146,480.31,267.96,0.28378
3173,5580.7,83395,31.916,800.25,531.53,0.20177
3173,6312.5,82400,23.853,339.06,239.24,0.17262
3175,5875.2,83478,24.362,663.8,342.58,0.31918
3176,4754.9,83846,30.271,337.9,409.66,-0.095991
3179,5372.3,83545,25.47,318.73,238.98,0.143
3179,6301.7,84040,31.441,529.42,321.91,0.24375
3180,5082.5,82395,29.903,411.16,215.05,0.31317
3180,5680.2,84558,36.035,203.97,146.73,0.16321
3181,3714,84175,28.874,830.37,699,0.0859
3181,4979.5,82191,29.799,383.04,162.71,0.40371
3182,4701,81753,33.215,569.39,339.41,0.25306
3182,5095.9,82375,24.554,387.99,105.15,0.57354
3182,5570.4,84135,35.227,366.65,119.03,0.50983
3183,5878,84323,32.991,332.57,209.12,0.2279
3184,5029.7,84221,35.068,429.04,320.98,0.14407
3184,5703.6,83406,36.897,432.25,438.13,-0.0067519
3184,5828.5,82333,32.42,492.3,192.82,0.43712
3185,3598.8,83990,32.547,314.21,122.95,0.4375
3187,3526.7,81855,27.965,390.81,330.68,0.083341
3187,5402.4,84047,29.713,540.05,120.96,0.63402
3187,5420.3,82424,25.937,751.46,539.25,0.16442
3188,3571.5,81862,24.666,523.9,374.79,0.16592
3188,5437.5,82540,25.2,552.51,153.65,0.56484
3190,5559.5,83966,31.559,733.71,437.86,0.25253
3190,5624.6,82316,25.056,513.22,173.31,0.49512
3191,5280.2,83976,35.725,410.6,137.26,0.49893
3191,6384.5,83385,34.363,339.73,360.19,-0.029219
3194,3714.5,81736,26.509,484.79,318.34,0.20726
3194,4867.9,84323,36.753,333.25,225.63,0.19256
3194,5481.8,82656,29.626,755.48,564.9,0.14434
3195,5094,82653,29.91,366.49,210.05,0.27135
3196,5715.4,82358,39.462,395.61,180.52,0.37334
3199,3968.1,83130,14.9,1110.6,710.49,0.2197
3199,5704.1,82154,38.618,476.35,417.14,0.066263
3201,5484.2,82753,31.874,698.4,629.93,0.051547
3205,5609.7,81867,29.65,448.64,421.01,0.031769
3206,6281.4,82994,28.021,502.65,373.1,0.14793
3207,4703.3,82238,30.91,779.34,481.68,0.23604
3207,5455.7,84563,28.661,1363.9,876.18,0.21771
3208,4841.5,82305,17.731,987.17,583.72,0.25683
3208,5373,82887,26.241,842.51,314.96,0.45578
3210,5018.7,82329,19.303,1183,692.23,0.2617
3210,5880.4,84118,31.407,405.93,210.64,0.31674
3211,4105.2,83530,25.506,247.92,127.03,0.32242
3211,5824.9,84217,18.803,787.47,295.91,0.45373
3212,3681.7,83494,32.171,323.19,378.76,-0.079174
3212,4646.7,83475,27.347,381.4,259.58,0.19006
3213,4956.3,84107,31.681,212.57,102.65,0.34872
3214,6337.8,83989,23.101,487.17,449.53,0.040185
3215,5052.4,84578,26.725,491.03,270.99,0.28875
3215,6176.4,84087,28.191,472.92,123.07,0.58702
3216,6174.7,83640,23.843,901.55,384.6,0.40194
3217,4825.7,84586,20.99,297.23,159.92,0.30036
3218,3593.6,84319,24.607,534.5,209.75,0.43634
3219,5146.7,83927,34.226,292.23,247.37,0.083135
3220,4983.8,82466,26.727,255.42,209.82,0.098015
3222,4649.8,84321,34.477,859.57,761.2,0.060693
3224,4920.1,82330,27.543,478.71,558.48,-0.07691
3225,4435.3,83446,26.696,511.87,264.73,0.31822
3225,4881.1,82255,24.367,672.59,258.63,0.44454
3226,6057.5,83261,30.84,316.82,364.97,-0.070616
3227,4581.1,83090,27.677,614.65,357.3,0.26478
3227,6313.1,82317,19.762,875.88,264.35,0.53633
3228,3954.5,83055,17.458,705.62,494.85,0.17558
3228,4850.6,82246,29.487,395.3,257.37,0.21133
3228,4696.8,83089,33.779,458.28,313.66,0.18734
3231,6148.9,83902,22.025,382.05,270.22,0.17145
3232,6082.7,83895,14.668,357.59,383.52,-0.034986
3233,6068.7,83862,17.422,779.01,1074.9,-0.15962
3233,6406.7,82711,23.432,559.22,417.16,0.1455
3235,4603.5,81855,31.646,477.78,230.16,0.34976
3236,6121.8,82245,29.266,463.88,258.08,0.28505
3237,5329.5,82395,31.203,714.66,253.75,0.47594
3239,5438.8,82596,28.596,244.52,125.3,0.32239
3240,3918.3,83199,36.865,464.44,349.1,0.14176
3240,5156.8,82392,31.777,495.61,270.29,0.29419
3241,3836.6,83148,22.897,1283.7,1023.6,0.11274
3242,3927.6,83208,22.046,389.36,234,0.24923
3246,5106.3,82641,29.622,401.08,288.02,0.16406
3247,5709.3,83871,19.674,734.13,518.33,0.1723
3249,3671.2,82598,30.107,685.96,318.38,0.36599
3250,4822.7,83051,37,456.09,157.34,0.48702
3251,4860.3,82990,31.308,942.58,573.68,0.2433
3251,5504.8,84635,26.582,473.23,414.55,0.066098
3252,3654,84225,29.145,286.15,201.25,0.17418
3253,3967.1,82903,18.556,551.34,362.98,0.20601
3253,6111.2,84300,26.947,351.64,200.65,0.2734
3254,5882.2,81835,21.123,301.96,149.32,0.33823
3254,6374.7,82954,32.266,421.76,470.27,-0.054385
3256,4036.6,82574,33.493,433.12,315.2,0.15757
3257,4191.8,82343,37.567,527.63,350.22,0.2021
3258,4139.7,84217,33.165,260.87,160.58,0.23795
3258,4673.4,82930,30.436,264.93,169.55,0.21953
3258,6404.4,82475,36.321,410.67,219.36,0.30365
3259,3589.1,82830,30.167,604.98,424.87,0.17489
3259,5356.8,84488,35.687,461.44,286.11,0.23454
3259,5626.9,82165,40.665,624.07,285.48,0.37227
3259,6251.8,81783,26.957,562.24,382.25,0.19057
3260,4446.3,81777,36.382,306.2,217.56,0.16925
3261,4816.9,82442,34.928,597.55,601.89,-0.0036228
3261,6329.5,83998,23.116,419.42,206.5,0.34016
3262,6064.6,83697,19.779,933.3,739.29,0.11599
3263,3736.8,84429,24.341,401.42,325.64,0.10422
3263,5528,82842,24.569,897.57,684.09,0.13497
3263,6012.4,83780,15.095,988.53,780.5,0.1176
3264,5439.7,82718,28.962,209.21,121.09,0.26677
3265,5974.2,84075,32.978,827.77,502.79,0.24424
3267,3700,84483,30.682,541.55,507.15,0.032809
3268,3634.5,81980,32.349,268.27,260.82,0.014078
3268,4688.5,84658,35.66,504.75,246.46,0.34383
3268,5769.5,84712,37.685,354.75,302,0.080314
3269,3619.9,84311,21.435,218.39,191.77,0.064902
3269,3780.2,82046,30.21,624.58,447.29,0.16541
3270,3508.7,84208,28.402,327.43,327.14,0.00045312
3273,3893.8,82953,18.863,929.35,407.06,0.39081
3273,5904.1,83707,23.975,482.5,243.49,0.32923
3274,5490.6,83973,29.778,263.09,156.39,0.25437
3274,6061.3,84124,36.66,803.7,417.22,0.31655
3274,6341.9,82926,27.194,210.83,150.7,0.16631
3277,5712.7,84349,35.508,263.22,107.07,0.42168
3278,5353.3,83842,27.047,552.99,123.3,0.63536
3283,5898.6,84413,33.957,332.93,212.64,0.2205
3285,5099.1,82486,34.454,273.27,280.3,-0.012689
3286,5100.9,82610,30.195,560.76,396.84,0.17117
3287,5116,82650,32.563,393.94,199.41,0.32785
3288,5746.7,84260,26.968,494.38,194.55,0.43522
3293,5828,82346,24.723,255.98,120.3,0.36059
3293,6053.9,84201,24.33,644.78,204.46,0.51849
3299,5119.1,81893,26.143,803.92,413.35,0.32086
3300,3845.4,83267,26.132,215.71,210.51,0.012192
3300,4845,84426,23.676,556.87,438.54,0.11888
3300,5013.8,82201,28.81,430.4,222.34,0.31876
3301,6163.1,82738,36.562,675.56,286.12,0.40496
3302,4645.5,81843,25.463,929.44,180.97,0.67406
3302,5018.3,84048,29.812,175.08,177.24,-0.0061326
3303,4705.2,82239,25.491,859.82,522.68,0.24387
3305,5252.5,82088,38.364,576.23,519.05,0.052203
3308,6321.6,82136,38.384,348.92,493.04,-0.17118
3313,5154.3,82407,33.397,515.7,354.33,0.18547
3313,5875.9,84152,32.222,319.16,101.82,0.51629
3313,6013.6,81818,38.491,524.29,782.05,-0.19731
3314,5033.2,82175,32.132,368.22,181.91,0.33867
3315,4899.5,81972,22.409,1033.6,608.55,0.25884
3318,4697.1,83190,36.789,500.38,405.39,0.10487
3319,3479.1,83506,28.639,348.04,111.2,0.51573
3319,4265.1,81897,26.638,333.12,106.18,0.51661
3320,4818.4,82762,24.141,662.11,483.85,0.15556
3321,4619.6,82924,34.3,615.27,226.95,0.46107
3321,5124.6,82282,33.71,293.44,148.68,0.32742
3322,3825.8,83314,21.215,403.84,331.63,0.098174
3322,5043.6,82645,33.164,699.26,729.22,-0.020969
3323,5503.7,84678,24.902,619.67,438.69,0.17099
3323,5880.9,83750,36.918,292.1,156.36,0.30269
3324,4065.5,82961,38.735,327.21,163.76,0.3329
3324,5810.1,82171,37.728,527.72,394.03,0.14503
3325,4075,83008,28.947,350.9,218.46,0.23262
3325,5937,82039,29.253,518.7,324.23,0.23072
3327,3906.7,83072,24.387,673.73,298.69,0.38568
3327,5378,84416,29.78,915.73,712.21,0.12502
3327,6027.6,83682,35.752,272.48,228.94,0.086836
3328,6078,82541,34.96,247.95,137.04,0.28808
3328,6403.1,83420,25.537,972.25,500.33,0.32047
3329,6224.1,83294,33.238,499.87,326.64,0.20959
3330,6048,83807,19.374,485.44,453.8,0.033688
3332,4040.3,82773,30.443,350.54,262.25,0.14408
3333,4438,83279,20.211,419.91,210.55,0.33208
3333,4719,84725,31.947,304.76,389.62,-0.12221
3334,5089.7,81953,37.084,492.7,331.88,0.19504
3336,4968.8,82393,30.972,1042.7,790.26,0.1377
3337,5335.6,82366,38.879,271.37,389.63,-0.1789
3337,6036,83678,37.982,306.35,105.29,0.48844
3338,4627.5,84305,23.881,249.33,125.09,0.33183
3339,4464.1,82993,33.599,737.12,674.77,0.044161
3339,5831.4,83463,22.97,469.48,210.25,0.38136
3340,3456.6,82596,29.577,705.96,364.26,0.31928
3340,5408.1,82425,32.196,441.27,270.01,0.24078
3340,6149.8,83418,30.835,585.25,117.29,0.66611
3341,5948.6,83167,36.346,328.06,213.32,0.21193
3342,3563.5,82663,33.426,241.42,171.34,0.16979
3342,4446.3,81757,21.887,614.39,322.86,0.31105
3342,4890.7,82642,35.225,583.62,788.47,-0.1493
3343,4260.4,82334,32.532,310.41,121.33,0.43796
3343,5948.3,82306,30.9,1020.9,525.33,0.32051
3345,4388.2,83494,29.435,295.9,233.01,0.1189
3345,5160.4,83142,25.751,388.54,253.82,0.20972
3346,5117.6,82368,23.574,740.39,530.17,0.16545
3346,5978.1,82719,25.005,769.56,506.22,0.20642
3347,5587.9,84044,34.82,588.6,317,0.29991
3348,4874.9,81955,27.23,575.97,247.11,0.39954
3350,5402.5,84652,27.427,598.97,447.75,0.14447
3351,3650.2,83897,26.416,453.45,183.65,0.42347
3352,5541.5,83628,31.336,382.92,250.67,0.20873
3353,3724.2,84140,24.98,693.45,366.03,0.30904
3354,3814,82690,38.473,513.88,609.49,-0.085117
3354,5006.9,83662,35.29,304.39,302.67,0.0028331
3354,5873.6,81791,25.082,515.2,425.7,0.095123
3354,6005.5,84044,23.571,447.23,280.1,0.22978
3355,4045.8,83135,26.701,604.33,523.79,0.071398
3356,4482.9,83276,25.715,446.35,105.33,0.61816
3356,5035.8,81810,35.074,300.21,266.19,0.060066
3357,4866.4,84039,33.627,230.99,135.67,0.25998
3358,4979.1,84094,33.994,850.82,422.99,0.33587
3358,6034.3,82173,30.929,177.88,213.36,-0.090681
3358,6111.9,84171,22.96,792.9,470,0.25568
3359,4611.6,81840,28.775,332.24,151.68,0.37311
3359,5374.4,84313,29.534,692.8,347.79,0.33155
3359,6207.4,82095,32.364,469.12,520.34,-0.051767
3361,3608.1,82662,21.7,595.81,279.68,0.36109
3361,4896.8,83112,33.183,652.21,473.27,0.15899
3362,3780.5,82761,22.2,988.77,559.15,0.27755
3362,5134.2,83147,27.759,354.87,252.76,0.16805
3363,5003.6,83143,32.382,418.09,291.04,0.17917
3363,5665.8,83054,36.1,538.19,225.19,0.41002
3364,3801.1,82510,33.734,1557.1,790.35,0.32662
3364,4419.5,83708,36.047,563.34,475.86,0.084178
3364,5189.6,83041,35.955,721.34,435.56,0.24702
3366,3430.3,84152,30.622,702.65,481.88,0.18638
3366,6042.7,83604,31.237,425.12,132.89,0.52371
3369,3903.6,83996,29.441,339.1,136.03,0.42741
3369,4628,83304,37.559,685.45,681.92,0.0025823
3369,5143.4,82490,28.999,478.81,265.8,0.28606
3370,3551.1,82620,34.523,349.03,313.96,0.052897
3370,5046.9,82358,26.671,696.39,217.15,0.52459
3371,5110.7,82400,19.251,437.15,324.19,0.14837
3372,4378.5,83411,38.748,405.06,287.78,0.16927
3373,4020,82787,40.175,689.05,369.47,0.30191
3379,6329.9,82809,35.256,586.71,385.07,0.20749
3380,4258.1,82759,31.156,378.47,213.53,0.27863
3381,4358,83014,33.685,580.21,237.27,0.41951
3382,4611.4,82952,29.335,273.1,151.55,0.28624
3382,6017,84649,38.491,658.6,256.44,0.4395
3383,3982.5,82704,34.048,940.02,468.92,0.33436
3384,3914,82618,24.617,1198.1,738.06,0.23761
3385,3934.1,82566,29.959,1269.8,349.35,0.56848
3385,6207.5,84520,36.311,429.77,199.07,0.36687
3386,4345.7,82210,28.252,374.04,139.92,0.45552
3386,5844.1,83435,26.743,425.76,368.39,0.072244
3386,5955.6,84553,26.593,807.01,535.61,0.20214
3387,4921.1,82527,29.385,534.29,235.42,0.38829
3388,6267.1,82079,31.099,369.64,555.88,-0.20123
3390,5479.5,83615,30.883,293.74,197.79,0.19521
3390,6012.7,84486,29.696,610.35,221.78,0.46696
3391,4526.2,83133,32.958,470.38,391.58,0.091412
3392,4987.6,84140,24.449,202.94,120.43,0.25517
3393,6116.3,84207,21.715,457.86,134.93,0.54477
3394,4689.4,83129,36.853,440.32,208.47,0.35735
3395,4634.4,82647,25.502,750.25,957.8,-0.12151
3395,5321.5,83727,32.308,877.73,696.19,0.11534
3395,5846,84355,30.906,390.22,211.09,0.2979
3397,5591.9,83460,26.448,944.75,542.64,0.27034
3397,5676.2,83521,26.948,1362.4,775.91,0.27428
3397,5984.4,84286,30.598,319.54,100.68,0.52082
3398,5831,83523,14.318,849.14,923.46,-0.041927
3399,5750.8,83663,31.42,933.85,425.01,0.37446
3403,5758.4,84600,29.817,669.9,640.66,0.022314
3403,6235,82973,27.857,1109.1,432.9,0.43851
3404,5358.4,83077,33.375,870.5,617.62,0.16993
3404,5427.8,83031,34.941,474.88,308.78,0.21195
3404,6280,82641,26.271,462.63,484.01,-0.022577
3405,4158.4,84220,37.099,243.61,206.66,0.082051
3405,5154.7,82950,33.485,657.52,342.25,0.31534
3406,5024.6,82057,26.402,245.03,105.67,0.39736
3408,5647.1,82481,27.692,340.21,111.12,0.50758
3410,5284.1,84363,36.454,339.19,199.88,0.25841
3412,5951.6,81868,22.844,726.15,305.69,0.40749
3413,5926,83817,34.838,212.5,202.51,0.02409
3413,6056.6,81771,25.043,421.36,530.03,-0.11423
3414,5013,82500,30.217,276.36,285.55,-0.016357
3415,5216.1,84181,41.469,389.49,342.07,0.064822
3415,5468.8,83408,26.902,835.25,705.31,0.084347
3416,3423.4,84068,34.766,476.46,325.38,0.18841
3416,5542.7,83577,25.449,1099.7,811.02,0.15109
3416,5819.4,82574,34.017,287.65,242.41,0.085355
3417,3482,83966,29.247,343.52,315.39,0.042694
3418,4343.3,82994,30.446,666.87,319.52,0.35215
3418,5905.8,84115,25.081,726.51,569.8,0.12088
3419,3574.7,83940,36.475,740.18,245.56,0.50178
3419,5850.3,84271,25.158,395.07,271.66,0.18509
3420,5257,84039,37.903,226.09,132.98,0.25931
3421,4841.4,83251,35.023,320.76,148.09,0.36827
3423,4978.4,82354,34.979,462.22,309.88,0.1973
3424,3836.6,81943,24.825,773.4,550.18,0.16865
3424,5671.6,83439,23.086,546.71,300.1,0.29123
3424,5742.1,84548,37.052,646.06,334.47,0.31778
3426,5747.3,82689,34.589,504.54,221.08,0.39064
3426,5854.6,83599,37.531,1194.7,843.56,0.17228
3427,3629.5,84247,37.148,266.18,156.04,0.26087
3427,5894.8,83691,19.926,488.38,181.11,0.45897
3427,5969.7,84392,29.482,596.91,187.13,0.52266
3428,3512,84313,21.744,483.81,252,0.31504
3428,4769.9,83382,35.893,627.36,363.3,0.26654
3428,6249,83375,25.08,634.91,287.38,0.37682
3429,4570.4,83463,17.831,1307.2,748.38,0.27184
3429,6046,84118,24.927,341.9,155.22,0.37552
3429,6313.7,83427,25.727,483.61,184.54,0.44761
3430,4137.6,83179,27.241,1080.9,657.2,0.24379
3430,5002.2,84168,30.752,262.91,101.69,0.4422
3430,6108.7,84040,19.521,538.64,186.55,0.48551
3431,3925.1,83033,21.845,304.43,172.66,0.27618
3431,6082.6,83815,35.195,571.34,263.77,0.3683
3432,4383.4,82755,34.635,252.02,228.6,0.048732
3436,3649.1,83714,20.16,605.1,250.09,0.41512
3437,4152.1,82699,35.645,465.8,127.73,0.5696
3439,6195.4,84114,24.072,571.42,201.19,0.4792
3440,6230.1,84121,24.183,645.5,151.2,0.62044
3441,3549.2,83986,31.57,758.89,426.78,0.2801
3442,3820.4,83048,36.28,339.17,176.8,0.31469
3442,5759.8,84716,16.924,714.06,429.63,0.24869
3444,4428.8,82061,28.929,588.25,274.23,0.36409
3444,4643.6,84647,31.362,272.6,279.3,-0.012157
3444,6346.3,82326,36.1,458.17,531.38,-0.073979
3445,4672.2,82381,28.67,320.46,206.51,0.21623
3446,6061.4,82432,34.459,379.26,291.06,0.13157
3447,3623.2,82910,19.709,666.09,551.71,0.093926
3447,5067,84201,36.286,432.2,301.07,0.17884
3447,5040.4,84221,36.223,432.41,310.94,0.16342
3447,5091.5,82990,28.166,986.41,872.86,0.061075
3447,6102.7,84169,25.115,507,367.76,0.15918
3448,3595.2,82901,25.233,459.57,404.4,0.063863
3448,4737.2,82585,30.208,1082.8,874.71,0.10632
3449,4634.4,82528,20.156,778.44,747.48,0.020288
3449,5601.9,81921,25.483,805.5,468.3,0.26472
3450,5515.1,83146,34.038,511.18,483.81,0.027505
3451,4905.2,83135,19.677,826.17,606.52,0.15331
3451,5284.9,82349,36.442,440.69,468.2,-0.030274
3451,5505.1,83140,30.86,483.89,411.14,0.081282
3453,3988.5,82842,29.904,403.53,149.78,0.45859
3454,5091,81872,27.865,302.58,187.89,0.23383
3455,3952.4,82965,29.453,741.24,498.91,0.1954
3456,3883,82515,31.611,198.2,125.38,0.22504
3456,3937.1,83121,19.53,663.61,474.7,0.16595
3456,5987.9,83062,28.785,794.11,502.64,0.22477
3457,5720.4,83788,36.18,499.95,340.52,0.1897
3458,5143.7,84219,34.524,569.56,539.09,0.027481
3459,3778.8,81968,27.9,684.13,572.84,0.088541
3459,5736.7,83531,33.207,480.73,254.67,0.3074
3460,5690.4,83535,31.335,950.82,324.53,0.49107
3462,3564.3,84231,29.948,241.53,132.3,0.29218
3463,4597.8,82840,33.245,1138.2,619.98,0.29474
3463,6236.2,83748,34.051,478.49,285.95,0.25188
3463,6253.7,82919,24.733,678.76,535.36,0.11811
3464,4897.2,84099,32.507,336.05,236.59,0.17368
3464,6069.2,82903,33.448,530.68,209.91,0.43312
3465,4584.8,82766,31.724,582.87,392.65,0.19499
3465,5759.4,84422,22.521,1084,396.7,0.46417
3466,3969.8,82959,36.183,845.02,559.12,0.20361
3466,6212.2,83779,24.877,976.88,673.07,0.18413
3466,6330.2,82811,21.195,765.54,508.22,0.20202
3468,5704.2,84724,18.166,1309.2,730.96,0.28344
3469,4594.9,84266,32.313,902.13,901.48,0.00035665
3469,5941.4,83582,25.197,396.87,320.91,0.10583
3470,5076.5,82699,21.661,432.77,136.87,0.51946
3470,5995.1,83768,29.431,360.66,216.6,0.24955
3471,5774.2,83919,30.264,395.66,234.38,0.25598
3471,6225.4,82078,23.852,1362.1,670.3,0.3404
3472,4470.3,84174,38.695,648.51,567.73,0.066422
3472,6076.7,82016,32.125,526.95,271.01,0.32074
3473,5839.6,83980,36.818,538.84,473.37,0.064687
3473,5987.4,82333,20.303,742.47,346.08,0.36415
3474,5863.5,83824,22.174,534.63,605.08,-0.061818
3475,4162.7,82946,17.376,966.27,323.89,0.4979
3475,5353.5,84106,36.132,440.54,327.83,0.14668
3475,5428.6,82561,22.154,539.67,274.2,0.32619
3476,4431.6,83001,29.072,1101,614.91,0.2833
3476,5396.6,82629,27.95,1057.9,872.51,0.096038
3476,5987.3,83551,26.555,619.75,628.06,-0.0066544
3477,4772.1,82998,30.161,326.07,135.86,0.41177
3479,5008.6,82764,28.899,257.26,165.95,0.21575
3480,4964.3,81849,27.689,444.97,273.11,0.23933
3482,5989.2,83521,28.848,670.2,244.37,0.46561
3483,4662.8,82468,29.01,437.28,287.65,0.2064
3484,5554.1,83174,33.69,329.35,110.94,0.49605
3486,5986.7,84035,26.919,460.96,308.25,0.19854
3487,5194.9,82538,33.905,110.12,133.53,-0.096077
3488,3467.4,82185,33.858,301.3,360.04,-0.08881
3489,3647.2,81977,32.034,839.9,598.51,0.16782
3489,5620.2,82215,37.826,264.42,207.95,0.11956
3490,5752.2,81839,28.96,315.49,347.23,-0.047901
3491,5736,81820,24.571,220.68,260.56,-0.082875
3492,4059.5,83130,28.814,714.77,484.84,0.19167
3492,5587.4,82817,36.169,317.38,174.45,0.29062
3492,5533.2,84521,36.928,336.4,451.05,-0.1456
3492,5626.2,81866,31.35,249.79,301.07,-0.093101
3495,5464,82547,34.476,854.03,469.66,0.29038
3496,6194.6,82695,21.905,1953.3,660.4,0.49466
3497,5180.6,84566,29.33,252.31,121.21,0.35099
3497,5837.5,82672,30.826,527.39,532.5,-0.0048208
3498,4718.1,84234,35.865,369.89,200.83,0.29622
3499,4117.8,83078,30.514,630.01,284.48,0.37783
3499,5447.7,82337,27.44,965.73,544.85,0.27862
3499,6392.9,83565,26.693,592.15,260.46,0.38903
3500,3646.5,82302,32.982,438.17,260.11,0.255
3500,4650.6,84034,33.147,287.98,303.46,-0.026173
3501,3571,83897,21.518,474.04,285.23,0.24867
3501,4733.5,82534,29.672,482.9,252.96,0.31248
3502,4528,82036,26.665,338.01,239,0.1716
3502,6397.4,81779,33.999,302.82,126.32,0.4113
3505,3521.7,82192,35.106,414.44,314.76,0.13669
3505,5145.3,82078,33.265,208.93,193.67,0.037888
3505,6019.5,84377,36.29,516.55,464.12,0.053465
3509,4150.2,83972,28.315,350.86,140.53,0.42803
3509,5352.3,84400,31.463,462.96,165.22,0.47396
3510,3985.9,83053,30.081,956.61,786.55,0.09756
3510,5849.1,83501,30.198,768.01,659.15,0.076281
3511,4007.2,83098,10.602,1843.1,1272,0.18332
3512,3608.9,83960,23.036,712.5,624.25,0.066019
3512,4761.5,83822,37.471,513.91,528.69,-0.014179
3513,3587.3,83945,21.954,323.45,160.5,0.33672
3513,3921.9,83099,26.845,409.86,385.23,0.030984
3513,5642.1,81816,34.554,694.07,602.73,0.070432
3513,6375.8,82780,20.764,880.06,559.12,0.223
3514,3556.8,83696,25.319,328.87,160.17,0.34497
3515,5922,82789,37.662,876.97,439,0.33281
3516,4333.9,83390,33.591,562.1,240,0.40157
3516,4510.9,82967,37.37,559.74,339.43,0.24501
3516,5094.8,82409,26.048,553.42,398.65,0.16256
3518,4124.9,82335,24.794,622.14,214.01,0.4881
3518,4329.1,83296,34.326,207.58,179.36,0.072937
3518,5182.2,82846,36.899,781.11,587.39,0.14156
3518,5903.9,83494,22.708,959.72,538.58,0.28108
3519,3865.4,82238,30.839,208.61,135.35,0.21297
3519,5888.4,83615,27.617,481.41,270.22,0.28097
3520,3637.5,83443,34.213,158.76,104.86,0.20445
3524,3650,82041,29.541,432.41,292.25,0.19341
3524,5030.6,82544,35.25,381.5,269.1,0.17276
3525,5498.3,84570,34.889,278.18,254.93,0.043628
3526,6278.7,83005,32.93,633.27,348.55,0.28999
3527,5607.1,83683,32.139,843.43,612.2,0.15885
3528,5660.5,83606,24.406,584.7,291.96,0.33393
3529,4039.1,82803,26.049,197.95,108.35,0.29253
3529,5678.6,83033,34.658,237.28,219,0.040069
3530,5618,83142,19.176,1240.6,708.97,0.2727
3532,3604.5,82983,27.531,448.51,233.71,0.31486
3532,4518.1,83278,30.593,175.24,180.35,-0.01437
3532,4546.9,84462,39.09,339.59,198.86,0.26136
3532,5055.4,82748,32.374,426.18,375.24,0.063565
3532,5935,83253,34.352,409.3,189.29,0.36755
3533,3475.7,82021,34.883,400.72,424.08,-0.02832
3533,5005.2,82999,31.012,247.66,189.26,0.13367
3534,3860.9,83007,31.798,456.65,340.24,0.14608
3535,5016.1,82351,33.157,410.57,286.44,0.17809
3537,4007.9,82807,30.559,624.03,468.41,0.14245
3537,4201.2,83686,22.686,329.01,320.67,0.012837
3538,4256.3,83685,25.367,637.35,496.32,0.1244
3538,5725.8,83459,21.108,565.27,173.36,0.53058
3539,3842.9,82979,24.175,1062.3,812.32,0.13336
3539,4968.1,82401,29.624,820.9,319.1,0.44018
3540,5019.9,82400,35.191,445.48,311.77,0.17657
3542,6348,84013,36.912,477.71,168.48,0.47853
3544,4006.7,82920,25.04,496.74,275.09,0.28717
3545,5557.2,83544,23.751,374.31,251.64,0.19596
3551,4160.6,83077,40.801,389.65,271.44,0.17882
3551,6069.8,84345,35.97,653.04,147.8,0.63088
3552,5146,83207,31.301,494.98,246.48,0.33516
3553,6066.8,82400,35.205,325.33,285.27,0.065608
3555,3757.9,82207,25.902,527.91,286.75,0.29603
3555,5926.8,83677,19.225,810.97,502.93,0.23445
3556,3540.9,82658,31.034,742.33,357.81,0.34952
3557,5162,82675,31.271,251.9,192.45,0.13378
3558,4136.4,83198,35.983,713.66,420.87,0.25807
3558,4826.6,84632,37.939,578.77,243.4,0.40791
3559,5557.4,82611,25.276,404.8,169.96,0.4086
3561,6230,82782,30.084,342.05,186.92,0.29326
3562,3992.5,84123,34.614,290.4,152.55,0.31122
3562,6230.3,82881,25.489,673.68,366.8,0.29494
3566,5371.1,82668,33.384,643.13,257.77,0.42775
3566,6285.7,83292,25.262,592.4,214.2,0.46889
3567,5234.2,82562,35.069,501.78,353.83,0.17291
3568,6236,83297,32.069,348.5,289.33,0.092762
3569,5808.9,83308,32.84,483.45,155.62,0.51298
3571,4248.6,82879,33.596,939.26,758.33,0.10658
3571,6351.1,82767,21.897,474.41,332.33,0.17612
3572,4029.1,82980,20.116,945.04,510.56,0.29848
3572,6139,84050,27.37,602.89,560.45,0.036484
3573,6068.5,84188,31.52,440.14,243.9,0.28688
3575,5782.8,84348,31.104,270.73,173.72,0.21828
3576,4010.6,82996,26.882,1003.3,574.3,0.27192
3577,3503.2,84106,21.451,260.43,101.62,0.43864
3577,5398.9,84048,32.612,205.07,101.25,0.33893
3578,3482.9,83856,29.816,708.65,357.31,0.32961
3578,5522.7,83750,31.61,773.15,451.88,0.26226
3581,3909.9,83372,25.858,478.47,442.67,0.038858
3582,3922.3,83512,34.879,275.08,226.58,0.096694
3583,4426.8,83052,36.534,402.62,212.44,0.3092
3583,4661.1,82281,30.012,295.45,141.22,0.35318
3584,4863.8,82840,31.707,864.92,536.04,0.23476
3584,6405.5,82665,33.04,575.35,482.93,0.087333
3585,4847.5,83052,28.551,485.23,206.42,0.40311
3587,5174.2,83221,28.929,215.48,107.63,0.33378
3587,5710.4,82211,21.973,855.98,466.03,0.29497
3587,6161.8,83932,24.77,474.82,246.73,0.31611
3589,6030.3,82082,33.69,462.55,219.12,0.35711
3590,4241,83465,24.285,500.22,193.62,0.44188
3590,6200.8,84157,25.113,538.29,252.39,0.36158
3592,4436.4,83364,26.081,849.96,231.89,0.57131
3593,4201.4,82142,34.224,293.15,112.29,0.44607
3593,4539.2,82882,39.532,488.63,194.46,0.43064
3594,4533,82946,33.664,658.77,321.35,0.34427
3597,4562.3,82796,23.683,491.89,315.29,0.2188
3598,4129.3,84679,33.327,313.89,277.55,0.061451
3598,6240,82384,37.862,266.11,150.55,0.27735
3602,6028.3,83645,25.181,663.23,357.98,0.29891
3604,4452.4,82152,29.932,741.69,364.34,0.34118
3606,4317.1,82287,21.293,354.73,163.61,0.36871
3607,4589.3,84614,36.857,256.11,114.21,0.38318
3608,3474.2,81921,29.347,487.16,238.61,0.34248
3610,4611.3,82480,33.231,421.57,378.21,0.054216
3610,5609.2,84581,31.802,142.73,191.53,-0.14599
3613,3444.1,81958,30.869,579.78,290.3,0.3327
3616,4833.4,83443,44.777,578.85,312.81,0.29837
3616,5820.8,83322,27.308,424.12,219.44,0.31804
3617,4625.5,83370,26.372,596.98,153.62,0.59068
3618,6010,82964,33.084,137.01,122.69,0.055151
3619,3952.5,82721,32.709,154.32,100.91,0.20925
3624,4778.2,84095,40.595,879.15,356.28,0.42323
3624,5513.1,84308,25.985,679.86,461.91,0.19089
3629,5264.5,83779,30.046,302.68,265.93,0.064619
3630,5046.2,82642,28.283,165.01,129.64,0.12004
3631,3969.7,82290,35.68,214.99,139.96,0.21139
3631,5455,82541,26.764,524.06,289.88,0.2877
3632,4759.9,82822,33.22,482.72,608.62,-0.11536
3635,6297.1,82461,27.29,848.76,528.59,0.23246
3636,4115.1,82626,30.683,961.52,639.1,0.20144
3636,6008.1,82501,35.933,380.23,179.03,0.35977
3638,6209.5,82899,19.275,1753.3,841.66,0.3513
3639,5787.8,82008,33.954,541.1,331.82,0.23975
3639,6191.6,82841,19.404,1734.4,1190.6,0.1859
3640,6328.7,82490,26.182,763.92,230.77,0.53599
3641,5676.4,83538,33.74,402.12,172.22,0.40029
3642,5974.3,84598,25.323,951.43,374.09,0.43556
3643,4744.9,83666,37.313,429.57,260.38,0.24522
3643,5237.2,83795,33.309,549.29,114.92,0.65395
3643,5861.4,84685,31.502,337.13,148.82,0.38753
3644,5676.8,84421,29.385,539.94,233.96,0.39537
3645,5696.5,84347,29.492,299.42,212.58,0.16961
3646,3984.9,83110,20.314,439.8,185.24,0.40726
3646,5826.2,82611,38.47,355.59,185.7,0.31387
3647,3617.7,82203,28.465,492.73,398.86,0.10528
3647,4421.1,82062,36.365,271.85,223.65,0.097267
3649,3500.4,83410,33.273,283.57,229.03,0.10639
3650,3832.6,82633,31.671,440.83,349.74,0.11522
3650,5024.4,81812,34.54,371.99,575.47,-0.21476
3652,6328.1,82802,31.287,232.45,122.7,0.30902
3653,5006.6,82264,30.645,365.46,386.24,-0.027647
3653,6101.5,82755,32.971,408.28,144.42,0.4774
3657,4014.8,83069,35.089,883.93,789.58,0.056376
3658,3901.5,83496,20.791,424.14,489.91,-0.071958
3658,6288.3,83087,22.965,420.84,308.52,0.15399
3659,3568.4,83840,33.276,270.52,147.18,0.29528
3660,3943.2,82192,19.677,856.48,426.22,0.33544
3660,5977.9,83752,12.759,802.87,612.66,0.13438
3661,4895.3,83536,35.466,246.16,155.94,0.22438
3661,5936.6,83629,19.516,759.82,341.93,0.37929
3662,5754.6,81833,24.587,463.07,258.71,0.28314
3664,4897.9,83521,29.117,688.83,298.34,0.39557
3664,6293.5,84069,30.202,1305.8,877.65,0.19609
3665,6115.6,83653,30.148,982.53,828.11,0.085287
3665,6338.3,82762,41.18,744.79,693.29,0.035805
3666,3904.8,82766,32.109,352.99,238.85,0.19287
3668,3560.2,83672,32.904,361.52,264.06,0.15579
3669,6261.4,83429,26.773,687.64,423.14,0.23812
3670,3503.1,83779,28.437,390.13,275.82,0.17165
3670,4266.6,81849,27.968,408.21,494.5,-0.09558
3671,3586.5,83558,25.071,647.72,453.06,0.17684
3671,4256.6,81822,14.354,759.62,807.49,-0.030548
3671,4729.6,83461,31.664,689.72,586.3,0.081047
3672,4220,81767,14.961,1034,764.17,0.15005
3672,6300.1,83539,25.443,373.05,138.72,0.45789
3673,4157.6,81786,13.326,1578.7,1243.4,0.11881
3673,5970.6,83646,33.935,476.7,285.12,0.25148
3674,4041.2,81962,18.872,2042.7,1324.7,0.21322
3675,4028.6,81940,23.876,1260.8,607.38,0.34976
3675,4947.3,83502,36.152,288.52,133.78,0.36642
3676,4104.4,82003,33.642,1336.9,1070.1,0.11084
3676,4692.5,83109,31.011,242.15,132.07,0.29417
3676,6115.7,82951,29.491,641.87,634.13,0.0060669
3677,4034.2,81881,30.034,843.5,499.63,0.25602
3677,5436.2,83625,29.743,695.5,483.39,0.17993
3678,5245.9,83655,30.838,450.18,140.16,0.52514
3679,3787.2,82955,27.408,1459.6,784,0.30113
3682,6220,82651,28.181,688.38,370.7,0.29996
3684,4589,83499,28.275,418.1,220.11,0.31024
3687,3983.3,82837,30.772,339.42,210.37,0.23474
3687,4047.9,83451,33.834,261.73,141.39,0.29851
3687,5662.1,83909,25.21,388.56,247.39,0.22198
3687,6335.1,84089,31.048,460.62,324.11,0.17396
3688,6045.2,84060,36.233,490.79,238.64,0.34568
3689,5812.5,84589,24.12,496.49,279.89,0.27898
3689,6419.9,82681,27.826,647.68,516.68,0.11251
3690,4899,84518,31.964,426.32,219.82,0.31959
3690,5563.4,83471,28.601,375.88,242.64,0.21541
3691,5860.9,81914,33.026,615.74,379.37,0.23753
3692,3842.1,81812,25.97,566.21,147.7,0.58623
3693,3989,83264,30.522,343.58,260.84,0.1369
3693,5642.2,83491,32.06,425.15,302.19,0.16906
3693,5864.7,82516,26.983,810.42,452.21,0.2837
3694,5679.6,84385,25.293,777.27,876.67,-0.060099
3695,3769.2,82180,37.036,566.58,516.54,0.046197
3697,6039.6,83486,29.016,536.3,170.85,0.51679
3698,5753.7,83898,25.667,894.18,1012.9,-0.062236
3699,5789.6,84480,22.443,647.07,384.02,0.25512
3701,5986.1,82295,26.936,692.6,652.66,0.029683
3702,6183.5,83901,36.269,292.76,164.36,0.28087
3704,6207.5,83004,31.939,340.28,251.92,0.14921
3704,6139.4,83873,25.532,734.41,821.25,-0.055825
3705,4059.8,82862,22.858,808.91,394.44,0.34444
3705,6290.5,83789,32.146,667.92,652.87,0.011397
3709,3564.5,83370,21.458,518.9,499.65,0.018892
3710,3530.1,83442,20.757,455.64,467.59,-0.012948
3710,5867.4,83607,32.156,257.5,284.23,-0.049348
3711,5721.5,84601,29.489,303.7,204.92,0.19422
3712,6228.9,82878,23.193,610.76,259.66,0.40337
3713,5877.6,82640,28.151,210.17,117.68,0.2821
3714,3902.7,81737,35.541,408.7,147.3,0.47016
3715,4862.5,82283,27.677,427.54,409.71,0.021299
3716,3668.5,82159,34.773,349.74,193.32,0.28803
3716,5026.2,82874,32.757,527.17,222.19,0.40699
3716,5295,83850,37.146,264.51,180.04,0.19001
3717,5534.6,83917,35.084,470.98,172.7,0.4634
3717,6345.9,82160,31.727,376.81,194.76,0.31852
3719,5736.4,83378,24.041,819.22,417.6,0.32472
3719,6392.1,82976,22.411,1645.9,768.94,0.36315
3720,4313.8,82606,31.559,406.76,259.06,0.22184
3720,5090.5,82459,31.408,643.72,644.45,-0.00056801
3721,5941.9,83542,23.377,557.97,314.46,0.27912
3722,5911.9,83687,18.212,1089.2,520.5,0.3533
3723,3483.4,83231,34.52,465.44,406.96,0.06703
3725,4099.7,82408,30.456,1081.3,479.89,0.38523
3725,4977.9,83157,25.42,525.41,315.68,0.24936
3726,6409.6,84243,20.892,301.2,254.42,0.084188
3728,5968.4,84283,22.658,942.94,824.99,0.066712
3730,5525.6,82989,30.894,254.19,145.9,0.27065
3731,3687.7,82600,29.923,426.7,242.5,0.27525
3732,3994,83079,21.612,479.21,144.88,0.5357
3733,4661.9,82612,31.876,254.37,200.43,0.1186
3733,6244.8,83165,26.03,660.47,348.18,0.30961
3735,4061,82465,32.112,662.66,470.6,0.16948
3735,5616.5,83150,34.248,1006.9,660.83,0.20753
3736,5739.9,83383,15.805,701.26,247.67,0.478
3738,5005.7,82318,19.62,486.77,186.45,0.44611
3739,3683.8,84359,35.889,690.52,148.38,0.64626
3741,6214.3,81958,35.113,369.73,215.77,0.26295
3742,5183.7,83989,34.652,497.78,302.59,0.24387
3742,6212.3,81953,34.037,452.82,278.8,0.23785
3743,5198.9,83872,31.685,741.01,195.18,0.58303
3746,5700.2,81923,30.486,459.75,338.56,0.15181
3747,5350.9,81884,33.226,314.05,259.75,0.094642
3752,4634.9,81727,32.887,672.94,424.29,0.22662
3754,4431.1,81774,20.062,871.64,458.37,0.31073
3754,5945.6,82690,28.192,781.35,475.62,0.24323
3755,6229.5,82126,32.059,398.35,253.99,0.2213
3757,3637.1,82296,22.559,499.89,216.81,0.39498
3757,4744.7,82663,34.943,790.11,285.64,0.46894
3757,6185.8,83524,32.205,284.4,164.42,0.26731
3757,6354,82115,25.13,556.47,388.55,0.17769
3758,6144.6,83474,31.458,631.61,374.02,0.25614
3758,6226.6,82127,28.805,519.17,263.78,0.32619
3759,4204.2,82415,24.808,736.67,367.47,0.33438
3759,5767.8,83976,22.697,1146.9,939.56,0.099393
3760,6324.4,82638,22.953,718.19,421.86,0.25993
3761,3435.1,83933,34.96,501.12,401.62,0.11022
3762,5082.2,83141,33.089,430.74,246.25,0.27251
3763,4880.7,83156,35.957,533.69,417.87,0.12171
3764,4041.3,83102,33.574,478.51,198.68,0.41322
3764,4128.8,83979,36.644,295.92,289.63,0.010735
3765,5829.1,82883,30.124,842.83,957.89,-0.063898
3766,5967.5,82576,35.006,1342,950.87,0.17059
3767,5697.5,82466,27.974,386.86,267.48,0.18244
3768,5481.3,82322,15.981,959.2,647.07,0.19432
3768,5544.4,84410,32.649,894.67,1148.4,-0.12418
3769,5376.4,82182,32.8,598.72,364.58,0.24305
3770,5188,83463,27.267,236.4,230.16,0.013371
3770,5233.1,84703,31.535,549.17,357.43,0.21149
3772,5472.3,82710,23.307,388.54,171.66,0.38715
3772,5616,83200,28.816,474.42,346.27,0.15614
3773,5832,83241,29.203,340.76,261.88,0.1309
3774,5801.4,84282,25.45,550.19,222.54,0.42402
3774,5887.3,83283,27.741,310.03,253.59,0.10014
3775,5686.7,83974,19.23,1255,602.27,0.35145
3776,5561.6,83799,34.449,636.63,489.82,0.13033
3777,5672.4,84016,18.746,940.11,513.26,0.2937
3778,3550,83341,25.058,584.28,309.98,0.30674
3778,4357.9,82598,35.978,181.87,373.23,-0.34473
3778,4683.6,84097,27.527,408.57,280.91,0.18515
3779,4643.7,84002,29.626,399.17,405.12,-0.0073877
3779,5836,84247,27.895,351,145.48,0.41395
3781,4216.7,83106,28.864,357.61,179.32,0.33204
3782,3536.5,83102,30.248,250.67,119.53,0.35425
3782,4462.7,83117,24.326,390.88,246.1,0.2273
3783,4721.4,83260,26.33,850.29,565.56,0.2011
3784,4759.3,83164,31.625,580.42,615.05,-0.028971
3784,4947.8,84303,32.614,260.78,283.54,-0.041801
3785,4586.1,83030,27.326,380.34,178.53,0.36111
3785,5360.2,82747,26.577,676.94,315.34,0.36441
3786,4640.9,83081,33.161,324.2,190.27,0.26033
3786,5881,84333,31.736,412.45,249.29,0.24657
3787,4418.6,81929,38.6,306.49,227.73,0.14744
3787,4701.5,82899,27.847,332.85,106.55,0.51501
3787,6087,82994,25.329,615.1,388.62,0.22564
3788,5636.7,82219,28.982,426.46,289.94,0.19056
3789,5508.7,82355,21.255,331.46,102.48,0.52768
3790,4588.9,83614,23.796,249.1,199.61,0.1103
3791,5340.3,82861,27.76,622.39,320.06,0.32079
3791,5544.5,83402,23.521,277.87,209.11,0.1412
3792,5260.6,83629,34.784,444.03,379.19,0.078765
3794,3862.1,83014,23.898,244.56,128.65,0.31059
3794,5688,84006,27.36,797.94,412.68,0.31824
3795,4714.2,82932,24.881,348.4,146.18,0.40887
3796,4688,83008,17.559,837.78,393.67,0.36064
3796,6157.4,83406,26.22,601.46,392.69,0.21
3797,4767.4,82880,25.635,1108.2,793.61,0.16541
3797,5725.6,82310,34.736,527.71,300.63,0.27415
3798,4036.3,83112,25.243,769.67,529.29,0.18506
3798,5203,82856,36.311,414.92,232.06,0.28263
3799,3987.4,83127,35.966,277.14,137.92,0.33543
3799,4178.2,84015,30.854,332.58,170.22,0.32292
3800,6307.3,83109,20.012,916.11,487.46,0.30539
3804,4302.7,83299,35.647,403.78,244.89,0.24495
3805,4917.5,82395,29.539,228.51,123.13,0.29968
3806,4804,82450,32.925,156.26,120.13,0.13071
3809,5059.3,84113,23.788,634.4,236.91,0.4562
3810,4419.3,82434,41.248,409.54,378.08,0.039946
3810,4680.3,84211,31.822,216.6,343.65,-0.22677
3811,4685.1,82267,33.44,506.94,169.14,0.49965
3811,4769.3,84287,31.911,396.03,217.22,0.29157
3812,4545.5,81965,34.726,229.53,241.59,-0.025601
3812,6332.4,84121,26.888,332.38,334.73,-0.0035319
3817,5798.2,84531,28.852,758.76,739.2,0.013053
3818,5172.5,83754,26.241,729.98,271.64,0.45759
3819,3540.6,82125,18.121,1081.7,540.63,0.3335
3823,5807.6,83079,35.776,483.83,187.86,0.44063
3826,5899.1,83723,23.089,572.55,1117.4,-0.32242
3827,6156.5,82954,25.983,376.14,353.53,0.030988
3828,5990.2,83971,26.66,750.04,656.45,0.066547
3828,6112.2,82989,29.644,1356.5,921.23,0.1911
3829,5065.9,83591,38.664,1027.1,534.61,0.31537
3829,5827,83690,25.655,301.58,277.16,0.042202
3830,4544.3,83593,33.923,450.2,243.43,0.2981
3831,5702.1,83802,25.093,429.46,274.6,0.21995
3831,6319.7,84241,18.571,494.01,167.38,0.49385
3832,4868.5,82996,38.762,285.78,183.46,0.21804
3833,4385.6,82449,27.521,237.67,125.94,0.30729
3833,6243.8,83046,15.696,630.12,341.23,0.29741
3834,6187.4,82966,26.925,471.7,160.98,0.49113
3835,5818.4,82054,34.648,1291.9,438.36,0.49329
3835,5761.9,84573,31.34,267.96,127.57,0.35494
3835,6263.3,82895,17.77,1267.6,476.66,0.45346
3836,5960.8,82228,26.067,419.84,285.89,0.1898
3836,6037.1,83083,29.652,619.2,459.73,0.14781
3837,6080.1,83082,29.738,632.51,243.42,0.44419
3838,5649.2,83450,22.504,952.46,462.53,0.34625
3839,6127.9,83088,22.516,561.22,299.53,0.30403
3840,3956.4,83054,22.908,293.6,121.94,0.4131
3840,5456.6,82860,31.753,769.9,181.04,0.61923
3840,6223.6,83030,17.523,915.77,282.48,0.52851
3841,5540.2,82642,29.499,426,147.91,0.48454
3841,6288.6,83030,20.808,526.39,188.1,0.47348
3843,5480.3,82963,14.309,1106.7,334.88,0.53539
3843,6385,83022,17.75,360.72,237.93,0.20511
3844,4292.5,82772,45.516,685.76,129.28,0.68277
3844,5563.2,83035,17.41,736.47,119.66,0.72047
3844,6070.9,82893,22.287,466.42,110.72,0.61631
3845,4685.8,84635,32.923,252.17,174.51,0.18199
3847,5950,83403,24.216,1080,418.45,0.44148
3848,4290.4,82763,22.423,1057.6,598.25,0.27741
3848,5724.3,83967,28.801,662.81,444.13,0.19755
3848,6360.4,84159,19.997,598.17,433.17,0.15999
3849,4136.1,82652,21.334,1241.6,860.3,0.1814
3850,5604,83070,29.319,404.61,239.63,0.25609
3851,4856.1,82153,30.729,385.14,267.47,0.1803
3852,5220.7,82227,26.915,805.3,301.76,0.45484
3852,5296.4,83574,28.514,292.96,165.87,0.27698
3857,5827.9,84132,27.523,527.19,353.82,0.19679
3857,6215.5,83306,25.641,631.38,682.67,-0.039031
3858,5608.9,83495,27.39,361.77,462.22,-0.12192
3858,5962.4,84282,25.467,1103,678.96,0.23796
3858,6357.8,83293,35.504,162.77,224.38,-0.15913
3859,4608.8,83099,25.276,317.26,155.15,0.34316
3859,5967.4,84184,31.075,596.5,245.11,0.41752
3860,4513.8,82876,30.665,244.91,337.59,-0.1591
3860,5364.2,83810,27.982,746.62,951.35,-0.12057
3860,6322.1,82450,37.552,366.12,269.31,0.15235
3861,4880.8,82151,40.996,504.68,194.6,0.44342
3861,5225,84050,27.198,514.5,478.21,0.036554
3862,4727.1,82011,26.36,323.01,202.87,0.22845
3862,5719.5,84095,35.128,442.08,244.01,0.2887
3863,3446,83342,27.683,412.32,446.5,-0.039804
3863,5858.8,84071,22.163,490.81,192.5,0.43656
3866,3952.1,83023,15.423,377.31,191.49,0.32668
3867,5083.1,82692,33.583,150.74,175.23,-0.07513
3867,6044.7,83423,31.462,488.81,241.78,0.33812
3868,6036.1,83105,25.725,606.88,597.35,0.0079154
3869,3841.2,82142,33.097,648.34,292.16,0.37871
3872,6295.9,83247,30.567,364.29,201.7,0.28725
3873,3934.3,82299,29.38,928.7,586.19,0.2261
3873,4585.5,84685,26.852,730.2,538.52,0.15108
3873,6025.9,83705,24.076,427.93,183.94,0.39877
3874,3715.7,82608,28.258,546.32,546.01,0.00028335
3874,6184.4,82374,27.891,903.83,604.84,0.19818
3875,5625.2,83832,25.891,391.88,170.25,0.39428
3875,6218.8,82329,24.678,757,234.43,0.52709
3876,4495.5,82359,30.754,337.82,255.71,0.13835
3876,5757.3,83917,34.388,291.2,180.45,0.23483
3877,3652.6,81763,24.192,623.49,239.45,0.44504
3877,5401.9,84115,32.215,513.38,353.87,0.18393
3878,4081.7,82488,23.031,677.68,231.42,0.49088
3878,5310.8,82511,29.132,911.7,499.56,0.29204
3879,4257.5,82326,34.761,487.43,276.66,0.27584
3880,3607.2,83841,26.193,564.15,133.58,0.6171
3880,4514.6,82302,28.057,228.32,113.71,0.3351
3880,5384.1,82702,18.171,1062,755.92,0.16839
3881,6344.9,84303,28.783,593.36,271.06,0.37285
3882,4004.3,81862,26.351,800.79,355.67,0.3849
3882,6127.3,82818,28.088,358.49,223.89,0.23112
3884,3495.1,83035,25.151,382.12,103.82,0.57269
3884,4722.8,82218,28.139,528.95,452.44,0.077959
3887,3938.1,82555,31.848,810.23,464.28,0.27144
3887,4536.5,82423,29.432,1053,710.81,0.194
3888,5500.3,82409,24.667,865.73,610.62,0.1728
3888,5725.6,83387,35.016,586.22,340.05,0.26576
3889,3854,82573,33.868,559.52,512.05,0.044306
3889,5447.4,83523,26.037,521.81,509.6,0.01184
3889,6099.1,82657,23.232,533.7,257.98,0.34828
3890,3702.3,82329,34.314,273.43,150.7,0.28937
3890,5308.9,82180,35.436,384.29,257.11,0.19827
3891,6048.1,82601,35.369,493.23,385.15,0.12304
3893,4908.9,83338,30.166,433.64,358.03,0.095506
3893,5913.1,83685,30.127,722.26,422.21,0.26218
3894,4004.3,82742,40.447,469.62,422.04,0.05336
3894,6367.6,82575,33.14,341.05,304.26,0.057008
3895,4493.5,83683,34.202,207.98,222.06,-0.032753
3895,4856.4,82570,33.262,663.19,586.23,0.061594
3895,5670.9,83256,24.876,870.21,499.32,0.27081
3895,5719.2,84495,32.262,369.56,269.57,0.15645
3895,6197.5,82512,19.951,323.08,121.71,0.45271
3896,4928,82157,28.995,928.28,613.87,0.20388
3896,5737.3,83303,25.711,883.48,569.4,0.21618
3896,5976.2,82626,31.862,585.12,434.06,0.14822
3897,6413.1,82457,27.395,546.31,199.42,0.46516
3898,6140.9,82970,28.03,1091.3,526.36,0.34923
3899,6405.3,84107,25.657,819.92,482.97,0.25862
3900,4303,82382,25.249,672.73,294.51,0.39104
3901,6263.8,84160,36.203,300.21,139.06,0.36687
3902,4628.1,82576,33.117,459.74,276.74,0.24848
3902,5187.6,83327,28.659,266.51,108.38,0.42181
3903,4704.9,82381,26.633,582.87,509.28,0.067382
3903,6109.9,82899,25.666,439.08,190.61,0.39458
3903,6399.9,84157,22.062,376.66,126.31,0.49774
3904,4681,82230,31.235,1056.6,542.08,0.32184
3904,6149,83175,25.832,688.63,520.34,0.1392
3905,6035.4,83194,30.278,326.05,406.98,-0.1104
3906,4033.7,82289,42.504,644.07,198.71,0.52843
3908,5501.5,82596,21.247,1200.8,922.04,0.13132
3909,5247.5,82550,30.479,485.93,517.73,-0.031689
3909,5537.5,83361,37.857,302.12,285.08,0.029005
3911,4569.8,82950,35.003,507.23,201.55,0.43127
3913,6376.2,83068,29.44,332.2,171.96,0.31782
3914,4274.5,83028,30.271,402.82,278.65,0.18221
3915,3613.1,83163,25.9,657.05,426.12,0.2132
3915,4874.8,83840,33.845,953.69,624.29,0.20874
3916,3817.5,83228,31.911,536.81,282.03,0.31115
3916,4751.9,82673,21.446,773.64,544.22,0.17409
3916,6277.8,81953,40.539,502.89,515.63,-0.012505
3917,3499.2,83534,35.792,1033.8,695.04,0.19593
3917,5189.6,84047,17.988,1485.8,826.41,0.28518
3918,5318.6,82465,23.848,1134.4,736.21,0.21288
3919,3900.2,84120,26.548,419.13,190,0.37617
3919,4319.5,82064,31.596,700.07,499.7,0.16701
3920,3777.3,84129,23.207,853.08,605.17,0.17
3921,5176.7,82503,27.414,305.06,197.7,0.21355
3922,5471.1,82416,19.969,623.23,322.09,0.31856
3923,4816.9,82456,23.59,604.08,447.98,0.14838
3924,4460.4,83265,31.244,524.62,273.04,0.3154
3925,4490.4,83170,27.177,951.74,421.53,0.38609
3926,4336.2,83988,34.871,416.04,232.33,0.28334
3926,4645.3,83028,34.732,338.04,811.54,-0.41189
3927,5149.7,82670,26.079,677.36,533.27,0.11902
3929,6413.1,82567,30.371,742.14,760.23,-0.012041
3930,4710.1,84591,31.863,643.53,208.06,0.51137
3930,6183.2,82866,17.34,916.28,1062.1,-0.073722
3931,4741.7,84659,28.223,368.99,103.36,0.56237
3931,6211.1,82973,24.518,887.37,801.86,0.050624
3933,4550.8,82885,36.147,686.01,315.43,0.37004
3933,5693.8,84120,24.704,391.64,111.88,0.55563
3933,6354.5,82937,34.114,386.54,277.08,0.16494
3934,5008.1,81976,37.805,231.24,108.63,0.36075
3934,5012.4,83169,30.207,748.13,233.29,0.52459
3935,4052.6,82951,19.835,753.41,313.7,0.41206
3935,4875.8,81789,37.689,211.32,114.52,0.29709
3935,5014.4,83206,31.435,830.18,473.76,0.27334
3936,5808,81765,22.352,495.44,312.22,0.22686
3938,4276.8,82788,27.512,757.84,697.23,0.041658
3939,5734.7,84153,27.884,431.6,195.43,0.37665
3939,6113.3,81787,33.581,523.35,451.98,0.073169
3940,5855.8,81859,35.472,264.02,293.41,-0.052713
3940,5824.7,84318,25.633,564.23,266.99,0.35759
3941,5790.1,84278,23.348,468.38,255.79,0.29356
3941,6245.3,82890,30.725,432.74,317.19,0.15408
3942,5617.9,83994,22.806,717.08,398.86,0.28516
3946,6007.7,84075,25.62,360.33,294.44,0.10063
3947,3582.6,83657,23.655,684.33,338.78,0.33775
3947,4992.4,83451,35.425,270.91,178.86,0.20467
3948,4287.7,82058,32.512,317.4,212.51,0.19795
3950,3448.5,83082,21.7,766.83,532.81,0.18006
3950,5786.8,84105,27.405,266.2,123.69,0.36552
3951,4693.1,82364,35.024,313.51,424.65,-0.15055
3951,5730.1,84168,15.933,1170.3,703.83,0.24892
3952,4579.5,82031,28.441,227.61,261.56,-0.069409
3952,5726.1,84107,38.054,301.96,178.96,0.25575
3953,4961.6,82342,27.847,662.43,830.54,-0.1126
3954,3847.1,82254,34.207,971.33,460.57,0.3567
3954,4556,83628,26.026,654.05,476.53,0.15701
3954,5463.4,82501,20.687,771.41,499.83,0.21363
3955,4640.7,82236,37.249,1059.1,960.26,0.048969
3955,6348.5,83156,28.344,1009.8,748.77,0.14844
3956,4089.9,82752,31.671,418.81,229.15,0.2927
3956,4660.1,82297,21.93,586.46,403.45,0.18487
3957,5013.3,83640,36.091,353.04,319.57,0.049765
3957,6134.8,83548,28.019,507.36,267.67,0.30927
3958,3981.6,82672,27.542,602.59,444.26,0.15124
3958,5400.9,82565,27.023,374.61,274.58,0.15408
3959,3944.8,82643,35.45,622.86,351.78,0.27813
3959,5175.4,83856,33.054,410.66,184.47,0.38006
3959,5461.3,82476,30.731,886.26,558.97,0.22647
3960,6243.7,82914,22.201,707.58,564.6,0.11239
3962,4724.5,81790,36.553,331.47,199.78,0.2479
3962,5491.3,82883,34.725,489.82,365.49,0.14536
3963,4494.1,83599,37.744,346.17,232,0.19746
3963,5305,83797,36.355,387.07,157.03,0.4228
3964,5215.5,83853,37.855,454.44,450.71,0.0041177
3966,5429.9,84133,38.327,1178.2,1259.1,-0.033178
3967,5434.2,83750,18.428,1264.4,832.85,0.20578
3967,5618.3,83028,28.186,695.79,455.86,0.20834
3968,5654.5,84705,22.683,600.44,301.95,0.33078
3969,5550.3,83880,26.475,358.17,245.42,0.18679
3969,6000.1,82892,25.046,572.25,342.71,0.25087
3970,5298.4,83587,23.5,1048,587.78,0.28135
3970,5370.1,82439,38.106,441.02,196.16,0.38428
3970,5605.3,84626,36.386,656.42,573.36,0.067545
3970,5815,81791,34.493,482.82,183.72,0.44873
3971,4024.3,82740,31.24,190.79,125.2,0.20757
3972,5785.5,84668,31.873,167.24,122.04,0.15625
3972,5984,83419,30.161,464.89,226.96,0.34391
3973,5706.9,84444,33.061,294.69,396.56,-0.14737
3974,4919.1,82006,28.569,1073,741.27,0.18285
3975,6012.2,83601,26.164,615.08,292.27,0.35577
3976,5116.6,83189,20.64,1275.1,837.44,0.20717
3976,6348.2,82877,28.472,510.41,458.06,0.05405
3977,3428.3,84013,36.17,724.12,387.05,0.30335
3977,4836.3,82027,33.82,844.31,257.96,0.53194
3978,6273.7,83266,29.243,728.96,514.64,0.17234
3979,6127.3,83175,28.533,673.41,651.53,0.016513
3981,3931,82654,29.723,474.97,340.25,0.16526
3981,5077.1,83363,29.484,525.53,295.08,0.28084
3981,6370.1,83888,22.766,606.22,358.64,0.25659
3982,3424.3,83561,24.613,1157.7,712.81,0.23786
3984,4357.2,81905,23.99,551.27,350.36,0.22282
3984,5195.8,83865,30.871,524.61,579.12,-0.049393
3985,4253.5,81935,31.851,444.18,283.18,0.22134
3985,5014.3,83233,36.806,259.38,100.42,0.44181
3986,4568,82161,35.529,415.38,214.51,0.31889
3986,4876.1,83133,27.597,328.01,193.37,0.25823
3986,5832,82356,35.845,267.95,164.64,0.23883
3987,3942.3,82431,26.738,425.66,109.45,0.59092
3988,4195.7,82556,28.643,595.61,168.96,0.55802
3988,4750.9,82558,34.797,1091.7,428.94,0.43582
3988,5778.9,82257,36.76,358.34,175.56,0.34235
3989,5598,82318,34.147,314.8,219.67,0.17799
3990,4496.2,84698,31.552,521.89,285.57,0.29267
3990,5915.1,82035,28.718,247.52,173.17,0.17674
3991,3980.4,82402,24.728,366.82,199.96,0.2944
3995,3790.5,82237,35.83,366.34,225.99,0.23695
3995,5808.8,84617,31.928,316.96,220.2,0.18013
3995,6132.3,83856,38.285,319.46,372.96,-0.077264
3996,3597.6,82151,25.346,1114.9,651.6,0.26229
3996,5640,84672,29.069,558.16,458.55,0.097979
3997,3627,82346,33.301,928.99,726.35,0.12242
3998,5374,83490,30.268,344.28,194.69,0.27754
4001,3762,83115,31.021,232.03,124.3,0.30234
4002,4714.3,84481,33.838,281.41,164.3,0.26275
4002,5633.5,82782,21.102,1107,589.94,0.30472
4003,5559.9,82683,23.745,1080.4,617.44,0.27269
4005,3826.9,82988,29.509,528.07,272.56,0.31914
4005,4543.2,83561,29.649,757.9,500.46,0.20458
4005,5377,84621,31.614,276.52,140.11,0.3274
4005,5882.1,84269,21.785,370.08,294.05,0.11448
4006,3867.1,83034,36.553,1030.5,977.13,0.026578
4006,5062.2,82620,36.863,804.8,598.13,0.14732
4006,5715.8,84359,27.16,1272.2,680.17,0.30324
4007,5067.8,82581,33.103,400.94,295.83,0.15086
4007,5639.2,84273,35.821,1538.8,856.32,0.28494
4007,5863.5,84087,46.724,1437.4,742.89,0.31854
4008,5315.1,84246,32.827,558.78,383.31,0.18625
4009,3868.6,82697,36.898,666.06,204.31,0.53053
4010,3796.2,81814,37.32,461.78,279.58,0.24577
4010,3801.5,82939,18.336,558.89,335.33,0.25001
4010,4990.5,82547,34.19,312.7,362.4,-0.073626
4010,5264.4,83900,34.203,445.74,172.91,0.44102
4011,3775.7,81904,25.616,442.18,386.75,0.066862
4012,3699.2,81914,26.602,512.03,237.59,0.3661
4012,5586.3,82010,27.784,426.18,343.9,0.10686
4013,4070.8,83050,35.987,505.65,402.28,0.11386
4014,4891,82421,36.793,622.55,456.64,0.15374
4014,5951,81852,21.068,355.67,316.35,0.058512
4015,4818.8,82346,24.243,578.1,273.41,0.35782
4015,5738.5,81831,18.826,573.44,369.84,0.21584
4016,5641,81728,27.513,709.23,663.62,0.033226
4017,4952.4,82391,30.695,206.85,278.48,-0.14757
4019,5563.4,82001,24.883,359.05,434.5,-0.095073
4020,5901.3,82469,35.174,442.55,254.93,0.26899
4021,4135.6,82814,27.604,580.86,817.5,-0.16923
4021,4566.3,82029,30.298,317.64,140.07,0.38795
4021,5653.8,84534,24.52,721.27,351.22,0.34504
4022,3977,82779,27.322,421.4,258.17,0.2402
4022,5836.8,84407,29.556,353.21,192.59,0.29427
4023,5157.9,84647,29.674,436.57,120.66,0.56694
4025,5563.2,84340,21.212,912.75,420.73,0.36897
4026,5756.4,84263,20.8,754.98,573.77,0.13637
4027,5671.8,84062,28.83,528.13,224.71,0.40303
4028,3981.6,81858,32.572,512.33,784.04,-0.20959
4028,5797,83708,26.629,416.79,270.54,0.21278
4029,4705.4,82971,29.768,383.79,252.86,0.20566
4029,5778.4,84193,30.443,900.92,891.72,0.0051314
4030,4507.2,82589,31.869,263.99,189.42,0.16446
4030,5431.8,83972,35.008,374.98,106.84,0.5565
4031,5659.9,83868,25.051,731.14,398.37,0.29462
4032,5523.4,83822,30.576,587.31,264.12,0.37959
4035,4759.8,82934,28.825,270.91,359.37,-0.14035
4035,5764.9,84323,34.62,413.08,126.92,0.52994
4036,5061.3,84566,32.819,647.98,693.43,-0.033878
4036,6303.8,82935,30.683,992.56,687.92,0.18128
4037,3856.7,82502,39,669.03,453.63,0.19187
4037,6211.3,82873,22.288,892.32,720.23,0.10672
4038,3772,82680,28.837,670.38,217.8,0.50956
4038,4668,81792,23.015,1393.6,899.62,0.21541
4038,4624.5,82914,33.157,337.83,305.33,0.05053
4038,5067.1,82379,35.353,422.01,160.77,0.44826
4039,4629,83084,28.679,714.48,463.24,0.21333
4039,4738.2,82369,26.724,1329.7,857.73,0.21577
4040,5806.2,84683,19.371,477.89,263.04,0.28997
4041,3884.3,82978,21.569,496.62,368.36,0.14828
4041,5629.2,84611,32.686,218.94,181.45,0.09364
4042,3537.9,82382,34.237,637.48,436.83,0.18677
4042,3787.9,82753,24.498,507.28,317.46,0.23016
4042,5749.5,84675,16.417,779.85,461.4,0.25656
4043,3776.5,82153,29.693,578.14,326.66,0.27793
4043,3835.4,82426,30.986,625.31,217.82,0.48331
4043,5687.4,84657,23.023,387.57,168.72,0.39342
4043,6058.9,83893,33.438,474.94,248.62,0.31279
4045,4171.6,82767,32.798,187.45,105.33,0.28046
4049,4080.3,83143,34.265,367.44,322.87,0.064577
4049,4608.5,81793,31.037,272.46,132.31,0.34625
4050,3606.9,82042,28.316,460.71,341.87,0.14807
4050,4790.3,82059,28.069,410.94,241.14,0.2604
4050,5185.8,83831,27.832,376.23,357.77,0.025154
4051,3685.6,81969,23.66,774.89,420.05,0.29695
4051,3726.1,81796,27.144,1243.2,818.47,0.20601
4052,3450.4,82827,33.502,190.43,126.75,0.20075
4052,3642.1,81822,15.21,829.04,408.71,0.33959
4053,3601.8,81797,16.694,579.79,266.53,0.37015
4054,4750.1,83798,36.379,368.36,469.88,-0.12111
4054,5359.2,83254,19.61,432.08,280.48,0.21276
4055,5933.6,82505,28.327,1690.4,768.77,0.37478
4056,5206.1,84109,32.891,405.71,155.05,0.447
4057,3737.8,82595,36.914,315.41,180.92,0.27097
4057,4850.1,81894,34.962,1278.6,846.06,0.20358
4058,4965.5,82008,32.665,492.18,329.06,0.19863
4058,4945.5,81931,31.201,942.99,704.35,0.14486
4059,5038.5,81856,30.883,657.24,406.86,0.2353
4059,6273.9,82607,25.92,890.12,453.4,0.32505
4060,4792.8,82013,33.496,405.23,214.17,0.30847
4060,5704.9,83243,36.68,586.62,240.15,0.41906
4060,6171.2,82816,26.851,935.4,581.61,0.23321
4061,5088.9,83497,34.91,297.43,233.13,0.1212
4061,5501.6,81957,20.245,844.14,443.47,0.31117
4063,3969.2,82865,26.658,287.07,178.65,0.23279
4063,4812.7,83096,19.032,541.72,212.95,0.43564
4063,5193.4,81859,36.269,468.64,554.98,-0.08435
4064,4816.9,83162,31.006,539.28,440.94,0.10032
4064,5350.1,82208,26.288,799.62,864.17,-0.038795
4065,5274.5,82171,28.329,914.52,640.41,0.17628
4067,4637.6,82057,35.751,1018.2,703.59,0.18271
4067,5643,82212,28.962,236.41,161.65,0.18783
4068,4420.9,82142,28.204,1137.1,557.12,0.34232
4068,5741.3,84350,19.11,1213.2,646.34,0.30486
4069,4040.9,81891,18.318,704.13,428.48,0.24337
4069,5028,82435,29.633,401.98,182.15,0.37634
4069,5648,83461,20.541,726.27,387.35,0.30434
4070,4127.3,81756,29.275,782.76,407.11,0.31571
4070,5734,83492,25.576,864.97,567.47,0.20768
4071,6404.3,82252,25.932,314.94,295.32,0.032146
4072,5819,84153,25.852,467.25,381.56,0.10095
4073,6199.3,82083,36.865,456.3,184.55,0.42403
4074,4546.3,83171,27.118,294.78,187.32,0.2229
4074,6360.6,83540,36.875,1267.2,347.13,0.56994
4075,4648.2,83272,27.441,385.24,217.1,0.27915
4075,6320.5,83522,20.675,1181.3,616.16,0.31441
4075,6407.5,82708,26.407,522.61,334.07,0.22008
4079,5013.1,83836,31.698,191.67,123.37,0.21681
4079,6110.4,82929,28.293,352.59,169.31,0.35118
4080,3989.8,83142,33.087,697.48,395.5,0.27629
4081,3711.3,82821,30.813,745.19,321.45,0.39726
4082,5237.5,83432,24.741,606.15,290.28,0.35236
4083,6128.7,83022,20.587,344.93,347.8,-0.004143
4084,6001.6,83003,39.888,544.96,368.24,0.19351
4085,4940.1,83180,29.281,684.53,708.49,-0.0172
4086,5627.8,82872,27.8,773.63,477.75,0.23644
4088,5479.4,82751,44.573,300.53,131.26,0.392
4089,5653.3,82843,26.645,564.07,428.37,0.13673
4089,6076,83256,30.665,660.7,325.25,0.34023
4090,5771.8,82859,30.304,682.08,404.89,0.25502
4091,5567.5,83382,23.413,414.4,133.62,0.51236
4091,6278.6,82634,32.335,585.18,425.26,0.15827
4092,5800.7,84634,33.797,422.3,209.87,0.33604
4093,5430.2,82134,26.486,450.68,298.97,0.20238
4093,6210.2,83502,37.364,669.78,793.9,-0.084796
4095,5544.3,82292,31.003,520.96,191.74,0.46193
4097,3824.4,82112,26.739,429.76,401.87,0.033533
4097,4209.5,82860,27.674,891.98,679.84,0.13496
4097,5436.6,84615,33.542,281.79,350.8,-0.1091
4099,4578.6,84016,30.969,443.8,260.3,0.26061
4099,5494.5,82625,25.155,581.98,330.89,0.27505
4099,6309.2,83526,21.096,688.22,171.69,0.60068
4100,4933.7,83196,29.382,409.2,418.81,-0.011609
4101,4896.9,83565,39.693,540.24,407.13,0.1405
4101,5879,83417,29.344,363.12,189.51,0.31414
4102,4185.8,82234,30.435,323.86,141.92,0.39062
4102,5070.1,82018,32.819,453.28,412.39,0.047232
4102,5118.9,83789,33.85,345.58,250.74,0.15905
4102,5955.7,83661,25.368,778.91,514.96,0.204
4107,6409.6,83138,35.358,401.14,128.11,0.51588
4108,6321.6,84309,22.522,248.7,160.64,0.21512
4109,4135.2,82161,31.331,218.29,127.41,0.26289
4110,6119.2,83004,32.75,538.16,226.41,0.40775
4111,4586.9,82123,27.078,826.97,541.99,0.20817
4111,5135.8,84261,32.767,525.5,529.11,-0.0034298
4111,6351.2,84318,36.968,205.93,102.28,0.33631
4114,5782.2,84146,30.736,441.87,251.4,0.27475
4114,5945,82489,35.354,798.77,332.3,0.41241
4116,5830.6,84118,26.603,481.73,187.32,0.44005
4117,4381.8,84137,34.675,514.37,303.99,0.25707
4117,4711.2,82434,24.06,464.12,226.57,0.34394
4118,5513,84281,26.683,431.71,393.66,0.046109
4119,5465.8,82607,19.032,993.92,747.68,0.14138
4119,6318.8,84116,26.862,734.66,562.42,0.13279
4120,5476.2,84338,19.292,997.77,1068.4,-0.034169
4121,5050.5,81921,28.183,731.04,479.94,0.20735
4121,6391,83244,22.378,853.39,338.48,0.43202
4122,5504.8,84193,31.047,831.51,710.29,0.078619
4122,6289.8,83150,26.212,631.3,381.5,0.24665
4123,5741.8,82400,26.524,331.25,105.08,0.51833
4123,6147,83448,26.694,357.01,304.19,0.079876
4124,6331.2,82959,34.455,600.42,425.67,0.17031
4125,5543,82521,29.975,425.23,169.89,0.42906
4127,4522.4,81875,23.411,763.27,397.57,0.31503
4127,6074.2,83972,20.987,387.31,285.51,0.15131
4128,3860.5,83030,22.628,625.63,356.35,0.27422
4128,4395,81836,27.124,774.39,425.62,0.29064
4128,4566.4,84296,31.449,404.16,259.18,0.21856
4128,5919.8,84215,22.482,845.4,306.22,0.4682
4129,3988.6,82888,24.813,663.8,553.71,0.090419
4129,5754.4,84021,34.205,344.17,223.6,0.21236
4130,4002.5,83104,33.879,461.13,249.03,0.29866
4130,5905.5,84129,36.734,252.69,158.59,0.2288
4131,4069.3,83256,34.566,623.77,415.68,0.2002
4131,4349.1,82253,27.488,1201.8,631.28,0.31125
4133,4588.6,84058,29.645,531.58,269.2,0.32765
4133,5057.7,82727,26.421,690.64,499.79,0.16032
4134,3784.2,82219,26.292,586.43,484.35,0.095325
4136,3437.3,82987,36.03,215.6,332.22,-0.21288
4137,4015.4,83592,32.539,189.13,229.65,-0.096754
4138,5300.2,83727,33.88,311.73,324.74,-0.020444
4138,5872.2,81769,22.141,1073.4,467.05,0.39361
4139,6267.5,82832,19.238,1235.2,701.95,0.27527
4142,3434.7,83463,30.071,689.42,658,0.023317
4142,4254.7,83421,32.066,335.52,215.04,0.21884
4143,3807.8,83045,29.646,459.62,208.3,0.37628
4150,6241.5,83509,22.448,671.38,169.3,0.59724
4151,5069.9,84090,35.408,252.34,230.49,0.045237
4152,6360.5,84279,21.177,419.15,331.7,0.11646
4153,4845.4,82484,30.824,587.38,410.8,0.1769
4154,3641.8,82577,23.314,603.87,390.59,0.21447
4154,4850.8,82462,20.53,589.87,306.84,0.31562
4154,5862.2,82106,30.268,672.79,461.19,0.18661
4154,6354.3,83947,33.599,317.98,181.1,0.27427
4155,5063.6,83789,35.144,278.37,226.15,0.1035
4156,6363.3,84336,29.091,274.8,199.99,0.15756
4159,5210.3,82381,33.633,298.46,290.24,0.013967
4160,5522.1,81962,36.51,195.21,178.77,0.043972
4161,4135.6,83034,21.775,891.36,478.45,0.30144
4161,6269.2,84289,27.241,397.41,277.47,0.17771
4162,3984.2,83056,24.234,1507.2,1094.5,0.15861
4162,5530,84550,32.944,564.49,407.43,0.1616
4163,3883.7,83124,35.129,1233.6,1199.3,0.014093
4163,4149.2,83086,29.638,1092.4,620.26,0.27567
4163,5364.1,84651,37.2,547.34,249.63,0.37356
4164,4203.1,82678,34.581,729.4,411.77,0.27834
4164,4840.1,84350,34.232,243.81,130.38,0.30313
4165,4323.7,83416,22.763,360.58,226.25,0.2289
4165,6382.5,84285,36.6,212.87,174.47,0.099144
4166,4227.5,83319,30.539,689.68,462.95,0.19671
4166,5548,83862,32.328,548.51,330.57,0.24792
4166,6323.4,84221,17.898,868.62,626.09,0.16226
4167,5530.7,83940,19.245,945.71,401.52,0.40393
4168,4468.9,83209,40.225,810.18,398.25,0.34088
4168,5562.4,82769,28.983,615.83,239.24,0.44042
4168,5763.1,84086,30.982,654.44,368.7,0.27928
4168,6311.3,81793,37.996,348.6,303.72,0.068802
4169,3811.5,83069,26.209,352.21,142.2,0.42477
4170,4101.2,83549,26.704,516.19,192.37,0.45702
4170,5699.9,84556,31.183,287.56,164.08,0.2734
4170,5919.8,82995,20.112,759.62,357.18,0.36035
4171,3970.3,82996,29.914,280.6,128.3,0.37247
4171,3911.8,83699,38.185,375.08,352.66,0.030816
4171,6003.4,82622,27.403,956.97,543.31,0.27572
4173,5014.1,82320,30.8,245.38,225.29,0.042676
4175,4684.9,82195,29.305,424.17,461.82,-0.042494
4175,5569,84035,32.713,419.37,197.9,0.3588
4176,6286.7,84252,17.455,768.04,538.88,0.17534
4177,5904.1,84147,28.305,526.22,421.36,0.11066
4178,6283.4,83608,33.886,446.14,190.28,0.40204
4179,4915.2,82336,23.044,284.36,111.53,0.43655
4180,3608.8,82148,33.984,377.32,100.89,0.57804
4180,4816.7,82533,15.857,751.8,459.96,0.24084
4180,6227.3,83603,23.087,870.61,500.34,0.27008
4181,4764.9,82476,22.683,1664.7,1056.8,0.22336
4181,6320.1,84227,21.322,846.16,494.71,0.2621
4182,4376.6,82566,26.03,597.38,396.01,0.20271
4182,5740.2,84092,26.717,594.99,385.17,0.21407
4183,4677.2,82968,24.989,1093.1,519.46,0.35574
4183,5448.2,84085,36.679,350.79,420.06,-0.089856
4183,5414.8,82783,34.202,388.8,157.54,0.42327
4183,5985.1,81853,33.361,119.35,145.21,-0.097775
4184,4539.8,83353,29.291,315.65,173.28,0.29118
4184,5230,82680,28.117,621.76,449.2,0.16113
4185,5260.9,82778,22.056,723.4,388.05,0.30172
4186,5311.5,83050,34.282,301.89,287.16,0.025016
4187,4618.3,83628,33.531,387.93,408.55,-0.025892
4187,5362.3,82543,42.271,460.71,251.93,0.29297
4187,5397,83014,27.579,576.24,516.17,0.054991
4188,3821.2,82224,29.799,585.52,307.8,0.31088
4189,4297.6,83460,30.978,485.93,492.53,-0.0067415
4191,3854,82161,37.989,326.04,152.87,0.36158
4192,3812.4,82088,29.892,183.16,164.7,0.053072
4192,4345.9,81868,37.522,251.99,262.52,-0.020475
4192,5150.8,82406,23.673,439.7,573.47,-0.13204
4194,5288.2,83786,23.963,668.1,702.66,-0.025217
4196,5858.2,81790,34.78,547.2,329.39,0.24848
4197,4167,83911,38.331,498.96,360.96,0.16048
4197,5101.9,81938,28.529,860.62,457.73,0.3056
4198,4823,81986,32.943,859.84,551.65,0.21834
4199,5774.4,83541,20.461,408.24,190.7,0.36321
4201,4543,82981,30.262,471.48,231.14,0.34207
4203,6198.1,82860,21.123,569.63,264.5,0.36581
4205,4117.5,83844,31.222,415.22,285.61,0.18494
4209,3655.5,81990,25.561,389.36,190.03,0.34404
4209,4064.9,82908,37.33,517.03,153.44,0.5423
4209,6018.3,82902,32.084,879.53,678.35,0.12913
4210,3505.2,81938,29.241,273.34,366.59,-0.14572
4210,5511.4,84249,35.015,448.85,171.75,0.44651
4210,5823.1,83309,32.468,470.95,157.96,0.49768
4211,4819.4,81824,23.379,847.19,752.17,0.059413
4211,5168.9,83842,38.047,457.17,314.1,0.1855
4213,5068.9,84408,29.828,690.18,210.59,0.53242
4214,3557.2,82249,31.764,200.86,140.96,0.17525
4214,3911.9,82970,32.316,179.27,102.6,0.272
4215,3964.6,83004,25.1,489.32,183.21,0.45516
4218,4144.3,83844,33.271,263.06,160.23,0.24292
4220,3646.1,83396,39.625,157.27,169.19,-0.0365
4220,5633.1,83174,27.956,344.13,227.29,0.20448
4222,5611.9,82736,26.21,349.92,304.7,0.069072
4223,5040,84458,30.581,698.92,403.71,0.26773
4224,4713.7,83107,28.976,224.45,214.1,0.023606
4225,5040.9,83294,33.757,464.48,214.76,0.36764
4226,3670.9,82741,31.686,680.8,240.78,0.47747
4226,5274.3,83470,28.324,455.23,298.65,0.20771
4227,5521.8,84503,39.032,686.51,372.46,0.29656
4228,5519.2,84255,23.399,299.26,194.85,0.2113
4230,5521.7,84069,35.62,577.56,337.32,0.26259
4230,5734.8,81832,20.097,462.8,251.93,0.29503
4231,4725.8,81986,36.569,347.05,229.33,0.20425
4231,5493.6,83956,33.52,771.42,456.49,0.25647
4231,5571.8,84185,31.16,461.38,394.3,0.078391
4233,3982.6,82580,24.607,273.56,114.04,0.41157
4233,5459.8,84038,33.948,170.37,148.07,0.070012
4234,3559.4,83544,29.375,522.96,352.24,0.19506
4234,5560.2,84457,37.349,600.89,415.33,0.1826
4234,6069.4,83607,32.926,486.7,338.44,0.17968
4235,5644.9,84585,31.015,476.01,329.92,0.18127
4235,5930.9,81857,36.895,367.02,272.99,0.14691
4235,6153.7,82741,37.425,393.73,448.19,-0.064687
4236,4538.2,82013,29.796,284.43,455.41,-0.2311
4238,4251,82738,41.634,659.71,234.18,0.47605
4239,5907.8,83623,31.301,230.9,180.26,0.12317
4240,6012.8,83788,28.259,272.17,137.02,0.33031
4240,6225.4,83219,22.357,475.84,211.15,0.38529
4240,6350.5,84285,15.892,691.54,375.66,0.29599
4241,4901.7,81862,36.445,168.14,298.8,-0.27982
4241,6134.8,84103,34.372,908.18,461.23,0.32638
4241,6269.5,83054,26.738,923.14,758.77,0.097728
4242,4134.1,83986,27.77,410.7,364.79,0.059214
4242,4762,81757,29.861,543.41,487.83,0.053893
4242,5812.9,84153,33.378,562.85,418.18,0.14747
4243,4508.2,83374,36.045,416.31,333.39,0.11061
4243,5706.7,83707,24.838,971.39,649.79,0.19838
4244,4405.5,83339,26.585,374.85,149.91,0.42865
4244,5751,84118,28.765,195.19,157.94,0.10549
4245,3588.8,82620,26.694,721.43,366.92,0.32574
4245,5032.3,83524,34.675,572.86,268.65,0.36151
4245,5538.6,83859,26.971,928.39,914.4,0.0075868
4246,4503.3,81762,24.053,369.19,367.65,0.002086
4247,4990.3,82612,32.943,512.28,244.28,0.35422
4247,5698.9,84273,18.079,1376.8,897.17,0.21091
4248,4661.5,82479,30.289,340.24,208.3,0.24054
4248,5737.3,84380,15.843,1009.1,847.96,0.08676
4249,4665.3,83381,31.471,539.81,239.21,0.38587
4249,5275.3,82317,34.208,848.15,456.09,0.30061
4250,5020.6,84654,34.286,446.49,347.12,0.12521
4250,6311.9,83457,24.725,454.56,278.3,0.2405
4252,5845.2,84523,27.307,521.28,183.3,0.4797
4254,5132.7,81997,32.974,380.86,300.46,0.11802
4254,5508.8,82948,29.793,601.56,237.8,0.43338
4254,6134.2,83381,33.714,491.69,256.88,0.31368
4255,3899.3,83074,29.356,220.82,174.31,0.11769
4255,5900.4,82895,34.592,750.17,614.5,0.099419
4257,3868,83732,29.909,610.99,318.92,0.31408
4257,6151.9,83237,27.735,916.06,685.13,0.14423
4258,3831.6,83033,34.983,1155,658.33,0.27391
4258,3956.5,83849,33.082,656.47,506,0.12944
4258,4221.1,83885,36.738,431.71,257.57,0.25264
4258,4432,82088,22.243,278.66,137.09,0.34053
4258,6403.7,83293,26.702,527.92,246.16,0.364
4259,4505.2,82190,18.995,694.94,224.38,0.51186
4260,4831.8,81808,23.55,1217.3,508.33,0.41086
4261,4417.8,82045,25.58,655.92,408.75,0.23216
4262,5827.4,83697,19.405,543.17,256.15,0.35909
4262,5898,84558,29.127,181.14,127.63,0.17331
4263,4400.9,82003,27.964,466.07,228.92,0.34122
4265,3496.3,81854,27.478,553.32,542.49,0.0098822
4265,5932.3,83685,28.516,293.89,244.62,0.091479
4268,6256.3,84117,30.483,250.87,193.61,0.12883
4270,5295.2,82791,26.04,1277.7,1010.2,0.1169
4270,5617.6,82119,32.516,531.98,389.79,0.15426
4271,4308.1,82766,33.41,272.84,295.49,-0.039859
4271,5361.2,82645,31.86,1054.3,883.37,0.088215
4271,5544.7,81830,23.555,788.64,468.17,0.25499
4271,5757.1,83510,28.545,902.29,491.83,0.29442
4272,5165.2,82994,27.613,520.27,162.87,0.52317
4272,5718.4,83761,28.588,485.48,328.61,0.19269
4273,5824.7,81752,38.657,234.48,184.12,0.12031
4274,3487.5,81733,30.334,287.73,141.28,0.34136
4274,4633.5,82438,29.121,397.14,176.4,0.38488
4274,6108.9,82005,35.858,611.62,437.54,0.16591
4277,5036.6,84008,31.232,345.95,191.61,0.28711
4277,5731.9,83069,31.19,895.97,545.39,0.24322
4278,5886.3,82941,20.063,890.12,502.43,0.2784
4279,4419.8,82450,33.589,775.01,535.04,0.18317
4279,5559.4,82667,20.249,1777.5,1087.5,0.24083
4280,6015.6,82673,26.631,903.01,636.69,0.17297
4280,6173.2,83511,34.033,576.51,410.7,0.16796
4281,4730,82655,32.063,263.84,180.87,0.18655
4281,6382.2,83130,17.59,643.23,240.94,0.45499
4283,6046.1,83443,24.107,386.99,119.6,0.52782
4283,6294.9,81745,33.976,793.01,368.99,0.36491
4284,3854,83174,27.642,434.32,278.83,0.21803
4284,4492.5,82668,26.552,448.48,182.96,0.4205
4285,3459.7,82720,35.34,367.68,260.44,0.17074
4286,5397.2,81816,32.679,434.11,193.42,0.38354
4287,4068.5,82701,31.731,371,379.55,-0.011395
4288,6298.3,83833,15.47,1040.5,217.76,0.65389
4290,5722.1,84639,26.638,318.88,221.18,0.1809
4291,5042,83679,30.754,268.22,290.9,-0.040571
4292,5612.2,83131,27.325,367.68,564.63,-0.21125
4292,5444.7,84121,34.269,660.63,434.14,0.20688
4293,4591.6,82237,41.257,544.65,500.42,0.042323
4294,4503.2,82426,29.627,763.49,337.23,0.38726
4295,5742,84157,22.727,316.07,116.92,0.45994
4296,3432.2,81972,21.488,828.59,433.28,0.31327
4300,4458.6,82145,35.297,627.58,400.51,0.22086
4300,5797.2,84484,29.389,577.51,493.6,0.078334
4301,4603.5,82193,29.848,375.95,407.01,-0.039666
4301,6191.6,83190,32.508,349.48,332.63,0.024703
4302,4524.2,82551,19.474,689.68,389.27,0.27843
4303,3782.7,82003,32.571,472.99,259.61,0.29127
4303,6148,84264,32.1,614.87,461.96,0.142
4304,4510.3,82508,25.285,834.68,424.4,0.32585
4304,5164.8,83664,29.891,193.29,224.94,-0.07566
4304,5611.6,82290,27.331,367.35,230.05,0.22983
4305,4797,82439,18.479,762.27,315.53,0.41449
4305,6223.1,83681,19.689,1288.9,700.35,0.29586
4306,5095.6,83476,26.892,504.09,567.36,-0.059058
4307,3928.3,82727,32.225,233.91,175.63,0.14231
4307,5189.6,82639,22.868,332.14,199.67,0.24909
4307,6286.8,83749,27.332,529.3,257.74,0.34504
4308,6115,83583,15.872,1221.9,626.46,0.32216
4309,5962.3,83729,17.165,1349.7,805.49,0.25251
4310,4654.1,83073,39.298,309.63,208.67,0.19479
4310,5722,83653,18.593,806.92,463.02,0.2708
4311,4610.1,83044,28.097,526.35,134.79,0.59226
4311,5660.1,83734,33.715,781.63,501.45,0.21836
4311,6113,83112,21.641,277.68,120.02,0.39642
4312,5815.3,83734,28.172,276.13,190.65,0.18312
4312,6190.3,82962,16.529,432.72,232.42,0.30114
4313,6149.4,83717,31.91,631.43,582.22,0.040542
4317,5721.3,84169,30.106,368.55,289.62,0.11993
4318,6325.9,82681,25.863,452.5,195.19,0.39727
4319,4079.9,82480,23.982,1422.7,753.57,0.30745
4320,4234.8,82535,26.094,939.82,307.19,0.50732
4320,4298,82646,39.167,1282.3,444.32,0.48532
4321,4124.2,82561,27.557,842.09,426.38,0.32773
4322,4072.7,82379,31.09,578.05,172.45,0.54044
4324,3611.7,82174,28.203,852.28,411.54,0.34874
4324,3448.5,83894,34.05,417.67,345.49,0.094571
4324,4093.4,82654,32.264,253.72,116.54,0.37048
4325,4983.8,82435,30.623,332.28,565.52,-0.25979
4325,6179.3,81945,37.157,193.63,293.58,-0.20514
4327,4627.6,82478,32.962,496.31,336.46,0.19196
4327,5139,84039,36.995,359.48,198.27,0.28903
4328,4614.3,82667,35.538,755.02,201.37,0.5789
4328,4820.5,84154,31.342,644.83,391.55,0.24439
4330,5820.4,81945,31.197,367.75,329.97,0.05416
4331,6271.2,84251,18.736,1019.5,551.82,0.29762
4332,5731.6,82032,35.628,398.3,393.44,0.0061365
4333,5830.1,84391,21.87,1398,872.75,0.23131
4334,5169.6,82548,33.082,348.46,199.58,0.27165
4336,5781.5,83754,29.153,591.67,694.62,-0.080038
4337,6409.4,83067,35.497,878.99,618.6,0.17387
4338,3859.2,82098,37.765,272.08,296.02,-0.042144
4338,6395.9,83140,22.465,711.53,342.73,0.34982
4339,5057.1,83299,38.399,229.31,212.74,0.037476
4341,5011.8,82429,34.568,367.96,188.65,0.32215
4342,4876.5,82563,28.02,321.72,217.91,0.19238
4343,4321.8,82997,32.735,294.38,206.12,0.17635
4344,5423.8,83119,26.545,288.42,150.99,0.31274
4344,5993,82797,36.389,236.41,143.94,0.24311
4344,6382.7,83660,34.643,366.96,148.89,0.42273
4345,3847.1,83155,23.364,211.08,180.15,0.079043
4345,4990.1,83755,30.388,401.16,263.33,0.20742
4345,5891.2,84175,25.132,542.33,224.97,0.4136
4346,5439.1,83150,30.475,510.65,188.87,0.46
4348,5701.2,83440,30.096,1238.5,625.38,0.32894
4348,5957.2,83439,37.732,1190,552.77,0.36564
4349,5573,83506,27.577,792.33,487.17,0.2385
4349,6111.5,83475,27.497,678.13,280.07,0.41543
4350,5714,83519,28.245,681.8,536.79,0.119
4351,5891.7,83456,29.657,775.79,235.27,0.53461
4353,6118.2,83428,25.863,459.9,316.89,0.1841
4355,6156.8,82776,19.881,452.49,204.33,0.37782
4355,6139.4,83304,23.882,420.77,174.85,0.41287
4356,4917.4,82504,32.707,360.24,310.37,0.074363
4356,6373.6,82378,25.673,1017.2,586.99,0.26817
4357,4928.2,84151,37.622,234.42,417.55,-0.28089
4361,4472.3,81818,33.396,570.98,231.06,0.42381
4361,5546.8,82630,22.217,222.02,119.87,0.29879
4362,5723.8,82646,17.89,1275.8,694.02,0.29533
4363,3934.5,82998,25.148,428.59,178.42,0.41214
4363,5607.3,82666,17.107,1070,597.87,0.28308
4364,5422.1,82781,25.814,1094.2,751.46,0.18572
4364,5606.5,82776,27.887,1398.7,886.03,0.22439
4364,6368.8,83596,29.457,422.36,230.45,0.29397
4365,5645.4,82826,31.644,604.53,610.66,-0.0050413
4366,5724.8,83808,29.908,303.79,296.2,0.012647
4367,3852.7,83028,32.122,722.63,590.44,0.10067
4367,3907.1,82893,37.073,899.38,681.79,0.13761
4367,6118.7,84275,31.235,356.82,179.38,0.33093
4368,5329.4,82375,23.518,668.41,333.13,0.33476
4368,6159.5,83313,22.533,647.8,280.37,0.39587
4369,4803.1,84404,31.144,347.43,262.47,0.13929
4370,5593,83295,27.665,345.49,302.72,0.065975
4372,4697.9,84044,27.382,942.7,611.69,0.21295
4372,6227.8,83354,33.642,228.28,271.32,-0.086148
4373,3823.2,81813,17.873,914.17,256.8,0.56138
4374,4994.3,83048,34.101,360.14,302.12,0.08761
4374,6361.8,84159,24.559,642.12,410.31,0.22027
4375,3482.6,83620,34.24,346.18,146.43,0.4055
4375,4706.8,83789,32.966,391.76,244.99,0.23051
4375,5423,82233,28.31,876.99,405.9,0.36721
4376,4998.7,82914,32.048,444.51,220.07,0.3377
4376,6326,84248,23.489,300.34,161.77,0.29987
4377,4872.9,83160,36.785,554.34,354.17,0.22033
4378,4902.8,83850,26.322,186.77,125.31,0.19691
4379,3935.6,83928,33.635,362.47,227.91,0.22793
4382,5619.4,81782,29.878,169.57,100.53,0.25562
4382,5938.3,83816,27.726,315.26,326.31,-0.017223
4383,5835.2,83766,11.845,958.42,664.99,0.18075
4384,3781.3,82726,28.365,620.03,457.38,0.15096
4384,5866.6,83992,29.729,970.11,722.68,0.14616
4385,3803.1,83147,32.288,218.84,144.65,0.20411
4385,5132.1,84149,24.961,802.95,539.09,0.19661
4386,3882.4,81847,29.208,400.74,226.78,0.27722
4386,5686.8,82866,37.789,424.35,303.41,0.16618
4387,4163.4,81831,37.49,334.28,392.06,-0.079548
4387,5612.1,83832,22.511,526.35,406.02,0.12906
4387,5954,82898,34.176,485.22,436.31,0.053075
4388,6286.1,83546,36.426,560.21,583.03,-0.019969
4391,4957.3,83856,35.214,419.58,350.63,0.089515
4392,3924.8,81854,33.598,649.46,539.47,0.092508
4392,3920.8,81944,30.398,534.12,448.07,0.087613
4392,4466,83788,30.813,531.85,403.5,0.13722
4393,3821.9,81867,36.679,371.24,346.36,0.034666
4395,6354.2,83429,31.063,218.46,181.52,0.092353
4396,3546.4,82560,26.276,523.44,159.8,0.53222
4397,4613.8,82327,32.854,348.99,294.95,0.083924
4397,6356.2,81924,30.695,452.19,423.56,0.032696
4397,6380.2,83485,22.068,600.96,370,0.23788
4398,4904.3,82380,34.817,763.26,605.27,0.11545
4399,6159.7,83586,36.193,325.82,411.83,-0.1166
4399,6401.6,81804,21.91,478.27,432.62,0.050117
4400,4361.5,82244,28.472,691.42,333.53,0.34917
4400,6123.8,83030,19.939,605.83,472.68,0.12346
4401,5123,82502,44.165,411.47,480.59,-0.077488
4401,5104.8,84438,36.013,334.14,155.53,0.36477
4401,6109.8,83058,31.469,257.01,248.05,0.017742
4402,4888.1,82520,34.639,383.53,107.41,0.56244
4403,5077.7,83681,36.091,581.55,288.28,0.33717
4403,6335.6,82767,19.402,617.74,280.39,0.37562
4404,4959,83887,22.978,745.73,685.27,0.042252
4405,4209,81759,32.406,307.36,179.64,0.26226
4406,5361.7,83674,24.885,1320,731.91,0.28659
4407,5249.8,83684,21.425,720.69,271.82,0.45226
4408,6229.9,83572,24.319,441.44,201.66,0.37284
4410,4209.3,82490,31.858,726.55,564.83,0.12523
4410,5079.5,83954,34.208,472.73,260.17,0.29003
4411,4018.4,82910,28.574,447.17,428.67,0.021123
4411,6320.3,83477,35.706,292.56,161.75,0.28793
4414,4275,81930,27.534,324.19,228.22,0.17373
4414,5693.4,82401,27.819,926.35,539.71,0.26372
4414,5933.2,84182,35.177,551.91,349.28,0.22484
4415,5718.5,82480,30.384,726.18,260.09,0.47257
4415,5848.2,84222,22.616,721.07,524.99,0.15736
4415,6190.7,83287,25.815,474.47,179.62,0.45078
4416,4896.8,83165,31.722,282.02,208.01,0.15103
4416,5804.2,84102,20.11,1333,1044.7,0.12124
4416,6308.1,83400,35.281,389.66,164.07,0.4074
4417,5715,84030,32.988,1014.4,777.24,0.13236
4418,4018.4,82582,26.727,495.7,373.24,0.14093
4419,5837.4,82528,38.521,561.5,395.02,0.17405
4420,3774.3,84662,17.504,941.2,130.73,0.75609
4420,6264.3,82235,26.733,705.86,789.47,-0.055917
4421,4819.5,83953,22.035,376.1,262.11,0.17862
4422,4757.5,82355,31.277,295.25,305.57,-0.017186
4422,4750.6,83973,19.143,436.35,357.4,0.099456
4424,4441.1,82028,29.071,351.87,216.04,0.23918
4424,4792.9,84649,33.587,571.77,441.91,0.1281
4425,3832.2,83002,22.682,302.02,144.04,0.35415
4425,6056.4,83317,33.802,595.05,300.03,0.32961
4426,5971.4,82943,26.379,868.94,232.44,0.57792
4427,6089.7,82974,25.906,600.85,640.84,-0.032202
4430,4648.7,83179,29.769,401,153.2,0.44712
4431,3719.5,83452,30.92,534,297.56,0.28434
4431,5550.7,82651,22.679,1071.5,636.68,0.25455
4432,4368.9,83135,37.056,316.56,367.27,-0.074158
4432,4517.6,82748,28.71,388.23,266,0.18684
4433,4913.6,81844,29.805,247.1,199.9,0.1056
4435,3693.3,82999,18.337,636.54,319.59,0.33149
4435,6207.7,83689,23.179,628.22,299.07,0.35495
4436,3544,82982,35.439,386.86,251.4,0.21224
4436,3902.3,83010,24.146,539.28,391.1,0.15927
4436,5912.5,83783,38.02,1041.3,490.75,0.35937
4437,5826.4,83760,22.954,602.18,415.46,0.18349
4439,5490.8,82383,33.806,476.75,245.44,0.3203
4440,3539.6,82443,25.224,232.86,141.71,0.24335
4440,5365.3,82463,31.26,528.53,284.65,0.29991
4440,5638.2,83937,36.147,489.65,281.27,0.2703
4440,5587.6,84573,28.903,1001.6,802.18,0.11057
4441,3727.1,83191,23.219,302.52,184.15,0.24322
4441,5851.6,83704,24.473,416.51,409.97,0.0079109
4442,5712,83737,32.188,422.29,236.1,0.28279
4442,6382.7,82648,36.931,419.32,345.06,0.097147
4443,4172.2,81809,26.766,536.86,305.48,0.27469
4445,5392.1,82663,23.308,526.45,252.78,0.3512
4446,5251.1,84609,39.217,357.29,411.42,-0.070421
4446,6082.8,83015,22.831,960.68,753.25,0.12103
4447,6141.2,82907,17.423,691.21,242.03,0.48131
4447,6202.4,84355,33.507,183.91,254.55,-0.16112
4448,4775.9,83744,35.361,389.48,176.69,0.37586
4449,4710.2,82461,22.331,370.1,250.32,0.19306
4449,5737.6,83538,22.286,650.02,321.24,0.3385
4450,5564.3,83470,25.517,590.54,354.17,0.25021
4452,5253.7,83573,29.424,759.87,633.59,0.09063
4452,6090,82678,35.823,429.41,280.69,0.20942
4453,4052.5,82896,30.587,280.41,510.26,-0.2907
4453,5278.4,82906,26.243,232.28,146.85,0.22534
4453,6303.8,83543,31.453,747.2,336.76,0.37865
4454,5338.1,82899,25.408,650.44,448.49,0.18377
4454,6259.1,83489,22.507,1244.1,611.09,0.34121
4455,5424.8,82869,19.541,860.08,542.74,0.22622
4456,5895.2,84266,24.41,448.24,315.89,0.1732
4457,6203.3,83357,24.211,765.03,282.9,0.46008
4458,3775.1,83290,31.007,279.53,161.11,0.26874
4458,6237.3,83444,21.099,1242.2,682.45,0.29082
4459,3774.4,83219,26.337,276.47,246.37,0.057571
4460,5762.8,83605,25.83,630.11,213.04,0.49466
4460,6356.6,83795,32.343,592.27,224.66,0.44998
4460,6418.6,84179,27.386,434.38,224.67,0.3182
4461,3880.2,83075,31.789,353.62,238.25,0.19492
4461,5747.6,83584,33.178,406.56,199.73,0.34115
4462,3909,82312,37.682,535.8,380.28,0.16976
4462,5842.2,83829,15.249,595.02,526,0.06157
4463,4162.4,83146,31.199,398.69,329.8,0.094567
4463,6143.8,82995,26.35,314.15,257.11,0.099857
4463,6384.2,84172,32.924,201.75,332.8,-0.24515
4464,6198,82970,37.156,280.81,230.31,0.098802
4468,5837.8,83781,20.129,448.69,175.91,0.43672
4468,6369.9,83022,35.876,461.52,223.6,0.34727
4469,5406.6,82672,31.745,447.89,225.19,0.33086
4469,5652.5,84406,24.308,450.65,469.22,-0.020182
4469,6224.3,82913,25.386,679.07,248.32,0.46448
4470,5778.9,84217,33.082,414.76,225.96,0.29467
4471,5183.2,82621,29.955,614.99,421.65,0.18651
4472,6110.6,82154,36.221,376.01,268.24,0.16727
4473,4408,83566,32.906,169.68,137.15,0.106
4474,4506.1,83456,27.115,1007.7,1022.9,-0.0074938
4474,5335.9,83011,31.146,869.37,660.26,0.1367
4475,5421.8,82648,21.144,1084.7,502.96,0.36643
4476,5287,82698,21.457,1175.6,705.43,0.24994
4476,5558.3,84462,30.695,667.81,393.41,0.25856
4476,6005.3,83645,28.703,259.01,108.35,0.4101
4477,5180.9,82827,26.688,883.74,630.58,0.16718
4477,5344.8,83529,32.838,544.59,339.79,0.23158
4477,5311,84388,32.946,471.04,353.51,0.14254
4477,5364.5,82704,38.562,1122.6,709.22,0.22566
4477,5924.4,84255,17.002,667.73,233.42,0.48195
4478,3874,82042,33.446,482.6,272.26,0.27864
4478,5373.8,82808,17.897,2348.5,1511.7,0.21676
4478,5421.3,83370,24.91,653.52,429.72,0.20661
4479,3474,83735,29.961,328.54,178.7,0.29541
4479,5136.8,84358,23.467,638.23,489.39,0.13199
4480,4010.3,83061,27.457,493.8,300.98,0.24261
4481,5978.6,84127,33.625,240.1,137.03,0.27331
4482,3909.6,82349,33.821,596.99,101.15,0.71022
4482,5038.4,82669,31.34,562.43,383.98,0.18856
4482,6020.4,83739,20.543,753.29,417.35,0.28698
4483,4899.2,83257,31.324,632.67,281.4,0.3843
4483,4993.2,82560,30.12,219.92,121.83,0.28703
4484,3942.5,82627,35.317,696.15,435.53,0.2303
4484,4984.3,82558,30.665,687.73,342.56,0.33503
4484,6290.7,84142,26.27,395.25,153.82,0.43972
4485,4264.6,82517,25.783,972.59,561.97,0.26758
4485,4745.3,83276,30.256,689.87,319.2,0.36734
4485,5662.1,84543,34.755,349.51,418.15,-0.089409
4486,4528.7,82512,31.296,844.62,819.48,0.015109
4486,6123.5,83496,28.125,803.19,273.7,0.49168
4487,4515.6,82379,23.273,984.53,492.91,0.33275
4487,5622.7,84293,29.64,634.75,501.34,0.11743
4487,5834.4,83394,24.224,944.95,523.89,0.28666
4488,4741,82486,25.308,1078.9,371.76,0.48746
4488,6008.6,83556,19.031,702.49,279.06,0.43138
4490,4171.8,82816,33.823,505.53,155.68,0.5291
4490,5985.5,82322,32.224,190.08,114.53,0.24803
4495,4923.6,83308,35.512,247.5,281.14,-0.063623
4495,5827.8,84462,27.453,275.8,114.89,0.41186
4497,5417.9,82650,25.035,444.08,271.51,0.24116
4497,6004.1,83673,28.612,534.92,311.91,0.26334
4497,6220,82973,30.247,278.44,130.75,0.36094
4498,4329.2,83278,33.913,842.94,595.7,0.17186
4498,5363.9,82707,20.467,523.47,300.48,0.27064
4499,4409.6,83497,32.63,503.72,193.93,0.44405
4500,3478.8,82852,28.757,480.48,278.34,0.26639
4500,3750.9,82296,26.832,382.85,245.5,0.21859
4501,3511,82760,26.25,460.06,307.12,0.19936
4501,5705.3,82731,26.723,894.03,519.63,0.26484
4502,3605.4,82735,33.359,346.09,319.32,0.04022
4502,5398.3,83716,27.99,710.52,533.18,0.14259
4502,5432.8,83716,33.323,580.06,423.78,0.15568
4502,5707.6,82602,30.267,422.8,328.14,0.12606
4503,6196.4,84064,30.233,574.82,311.3,0.29738
4506,5206,82685,29.492,387.85,232.77,0.24988
4506,6223.4,82662,21.721,439.01,265.09,0.24701
4507,5089.5,82376,33.551,538.77,503.97,0.033374
4509,6304.5,84387,32.575,257.67,218.19,0.082968
4510,4862.8,82209,37.02,242.23,130.72,0.29899
4510,6223.2,84377,30.784,339.94,172.19,0.32755
4511,6147.2,84118,28.418,567.21,416.48,0.15324
4511,6316.6,82603,27.704,684.84,305.15,0.38353
4514,6133.8,82955,19.61,842.88,665.41,0.11767
4515,6122,83208,23.683,492.93,355.22,0.16236
4516,4747.8,83076,35.418,260.86,181.74,0.17875
4516,5223.6,84584,34.705,474.24,417.32,0.063836
4517,3644,82173,31.198,291.96,238.12,0.10157
4517,4400.2,83738,36.747,277.43,218.3,0.11928
4517,6027.5,83650,22.002,444.35,232.12,0.31373
4518,6054.2,83416,28.552,479.67,379.48,0.11661
4520,4441.8,82214,29.892,228.26,125.96,0.2888
4522,3797.1,83406,30.698,393.31,263.02,0.19851
4523,4372.1,82468,29.98,595.67,813.34,-0.15449
4523,4690.1,82495,33.05,593.25,768.42,-0.12865
4523,4895.7,84447,35.065,282.23,248.02,0.064517
4523,5098.3,82170,29.36,499.75,386.18,0.12819
4524,4655.9,82446,22.728,1313.5,948.75,0.16122
4525,4599.9,82332,22.772,377.49,334.09,0.061003
4526,4448.3,84390,33.68,223.55,184.99,0.094388
4527,5003.4,84173,27.755,1462.1,1239,0.082596
4529,3771.2,81749,24.133,326.53,201.76,0.23617
4529,5539.6,84034,25.831,928.26,561.44,0.24624
4530,3736.9,81809,19.055,316.43,155.85,0.34002
4530,5207.9,84125,26.504,1000,836.81,0.088868
4534,5713.9,82474,30.116,503.73,219.69,0.39264
4535,6136.7,82935,13.101,1099.1,600.08,0.29368
4536,4418.3,84184,26.326,553.67,427.43,0.12867
4536,6343.3,82936,29.552,634.09,432.67,0.18882
4537,5831.3,83485,18.515,905.84,558.64,0.23708
4538,5602.1,83766,24.603,543.75,221.07,0.42191
4538,6376.5,84274,35.787,341.18,246.57,0.16098
4539,3861.8,82748,28.971,236.51,127.92,0.29797
4539,5671.3,83767,35.773,514.5,681.85,-0.13988
4539,6290.8,84318,20.542,347.06,224.87,0.21365
4540,6159.1,84182,32.089,252.45,224.78,0.057963
4542,3740.9,81759,19.553,1153.8,438,0.44968
4542,5701.7,82251,33.819,539.42,251.27,0.36443
4545,4541.7,82710,27.57,653.1,477.99,0.15481
4546,3584.9,82206,24.023,377.46,177.64,0.35997
4547,5783.9,84589,24.349,373.49,171.03,0.37183
4548,4742.6,84097,22.53,428.69,174.49,0.42144
4548,5052,82051,41.062,528.12,439.1,0.092037
4548,5040,82429,35.982,676.1,495.89,0.15377
4549,4394.6,83347,32.245,409.79,339.54,0.093744
4549,6154.1,84059,35.038,758.13,273.97,0.4691
4551,5819.1,83534,24.563,702.32,342.81,0.34399
4553,6012,82555,27.912,469.46,302.86,0.2157
4554,6380.6,83349,26.701,407.43,307.6,0.13961
4555,3676.7,81944,27.314,202.03,195.46,0.016524
4555,4289.8,84386,27.535,768.29,370.41,0.34942
4555,4399.9,83502,30.322,267.45,181.43,0.19164
4556,3862,81980,26.736,1096.2,961.43,0.06548
4556,4410.2,83594,26.602,822,694.99,0.083728
4557,3663.7,81996,32.25,812.41,535.47,0.20546
4557,3643,82066,32.055,730.79,515.85,0.17241
4560,4472.4,84210,28.195,641.41,328.06,0.32322
4560,4680.5,84396,35.362,842.05,472.79,0.28084
4561,6413.6,83187,19.713,586.09,377.53,0.21644
4562,6363.6,83349,25.173,540.58,189.77,0.48034
4564,3959.3,81773,26.889,1197.6,850.75,0.16933
4564,4105.5,81802,29.799,813.81,517.59,0.22249
4564,5809.5,83780,34.513,428.32,286.27,0.19878
4564,6337.4,83705,27.542,466.7,381.68,0.10022
4565,6112.3,82871,17.964,552.24,311.1,0.27931
4566,6306.1,84224,21.216,674.15,369.14,0.29235
4567,5233.7,84388,30.232,368.05,341.63,0.037241
4567,6132.8,83942,30.721,320.36,289.98,0.049765
4569,3783.9,83065,21.006,340.62,343.36,-0.0040074
4569,6216.3,83607,30.386,600.8,557.98,0.03695
4570,3801.1,83079,19.771,476.87,462.81,0.014959
4570,6161.2,83734,17.488,968.66,565.03,0.26317
4571,6147.4,83686,24.807,1003.1,692.31,0.18332
4572,4482.3,82174,32.378,409.51,495.86,-0.095367
4572,4813.9,83030,30.51,682.16,542.73,0.11383
4572,4809.6,83350,26.587,421.01,206.6,0.34163
4573,4785.2,83355,42.587,866.16,594.3,0.18615
4573,5285.5,84651,18.328,571.73,485.68,0.081382
4573,6280.2,82767,25.308,348.59,369.68,-0.029366
4574,6199.6,82715,27.537,643.82,485,0.1407
4575,3899.3,82966,22.372,467.67,299.94,0.21851
4575,6346.8,83578,37.824,442.74,262.04,0.25639
4576,3718.9,82999,22.974,534.81,390.23,0.1563
4577,4926.7,82534,28.916,439.12,323.19,0.15207
4578,4959.7,82505,24.49,673.82,499.79,0.14829
4578,5539.8,84624,29.846,455.16,429.35,0.029177
4579,5194.7,82935,21.271,282.41,265.83,0.030242
4579,5481.8,84357,33.063,957.9,659.31,0.18463
4581,5328,83029,27.442,812.56,654.65,0.10762
4582,4826.5,82340,33.943,480.09,224.32,0.36309
4582,5141.2,83410,32.133,649.91,492.64,0.13764
4583,5001.4,82857,35.7,1521.9,1008.5,0.2029
4584,3639.7,82221,22.395,779.35,418.16,0.30162
4584,5288.3,82868,30.281,1715.3,884.34,0.31964
4584,5696.8,83633,34.067,857.98,544.12,0.22385
4585,5075.6,82523,33.178,442.48,305.32,0.18341
4586,3766.8,83008,23.393,522.65,618.34,-0.083866
4586,4683.3,83956,36.15,365.97,263.8,0.16224
4586,5616.1,82556,24.104,775.68,575.91,0.1478
4586,5655.3,83844,34.992,435.24,356.76,0.09908
4587,3771.2,82383,35.028,369.22,213.14,0.26802
4587,3816.2,83093,19.771,319.7,307.33,0.01973
4588,5579.4,83694,28.647,226.61,194.85,0.075363
4590,6049.2,82678,28.432,399.31,207.16,0.31682
4591,5859.9,82880,32.399,408.08,381.56,0.033589
4593,5479.8,84621,35.437,333.35,262.53,0.11885
4594,5379,83447,32.256,501.35,345.73,0.18371
4595,5334.6,83512,40.76,484.02,457.12,0.028589
4595,6247.9,84419,31.263,209.68,330.17,-0.2232
4598,6310.6,82825,32.192,815.56,660.21,0.10526
4599,3773.3,82945,22.688,394.7,325.55,0.096018
4599,6299.3,82562,27.105,870.08,593.61,0.18889
4600,3890.6,82990,31.658,438.24,341.27,0.12441
4601,6185.3,82827,29.826,693.81,376.49,0.29647
4602,4185.6,82120,33.587,489.19,454.71,0.036522
4602,6004.1,83480,34.578,469.96,342.4,0.15703
4603,4310.2,82055,21.202,971.84,530.78,0.29353
4603,5026,82585,25.434,213.44,203.82,0.02307
4603,6261.8,84287,19.378,426.62,253.69,0.2542
4608,5614.7,82728,23.805,358.52,343.43,0.021503
4609,5294.5,82325,25.26,362.59,108.11,0.54065
4609,6242.3,83643,23.595,522.5,345.05,0.20454
4610,3998.2,82148,29.451,210.17,185.24,0.06304
4610,5234.2,82532,33.012,300.53,207.4,0.18337
4611,5023.9,82664,33.238,245.07,134.38,0.29172
4612,4391.1,81779,19.385,558.32,314.1,0.27993
4614,6143.1,83031,29.379,260.75,124.73,0.35287
4615,3935.1,82075,25.357,610.44,377.96,0.2352
4616,6210.4,83214,23.513,253.1,106.16,0.40901
4617,3764.4,81876,28.111,848.48,410.49,0.3479
4617,4838.1,81984,20.614,672.53,263.88,0.43641
4617,6155.9,83169,30.733,502.06,248.6,0.33765
4618,3597.3,81769,23.114,528.09,168.69,0.5158
4618,5871.9,83776,22.922,511.12,336.65,0.20581
4619,4842.4,82392,27.59,478.62,228.56,0.35361
4619,5686.5,83782,33.426,468.25,364.24,0.12494
4620,4834.1,82575,28.814,828.4,459.44,0.28649
4620,5136.1,83649,35.189,654.43,631.11,0.018141
4620,5754.4,83609,31.519,555.47,342.49,0.23718
4621,3490,82176,31.495,719.05,446.62,0.23371
4621,3583.9,82080,30.464,721.51,457.79,0.22363
4622,3795.2,82141,35.631,393.25,162.69,0.41473
4622,4868.9,84150,19.387,446.12,481.39,-0.038024
4623,4859.4,84174,17.255,361.6,258.75,0.1658
4624,3522.3,83367,36.463,257.08,260.89,-0.0073548
4624,5373.2,83880,24.879,488.7,130.71,0.57796
4625,3692.3,82122,30.087,513.12,228.9,0.38303
4627,3700.1,82983,12.193,1046.4,513.26,0.34182
4627,6248.2,83668,27.454,232.01,156.26,0.19511
4628,3710,82940,16.856,620.81,257.08,0.41433
4629,6160.9,83583,28.24,566.99,271.79,0.35194
4630,6198,83223,33.272,348.71,185.63,0.30519
4631,3622.6,82616,31.88,370.12,110.72,0.53948
4631,6308.1,83128,33.162,761.58,512.85,0.19517
4632,4859.1,82526,28.13,710.35,732.35,-0.015244
4632,6184.8,82951,23.61,688,591.52,0.075408
4633,6289,84268,19.541,584.22,253.63,0.39457
4633,6361.2,83049,20.649,507.78,263.98,0.3159
4634,4819.6,82247,29.847,325.16,269.93,0.092818
4635,4590,82225,34.905,612.03,448.8,0.15387
4635,6005.2,83304,28.283,836.37,601.19,0.1636
4638,5343.2,83715,33.455,555.3,225.58,0.42224
4642,4375.8,81841,28.699,608.56,245.15,0.42568
4642,4844.6,82732,27.377,986.04,586.97,0.2537
4644,5429.3,83000,36.336,432.25,342.5,0.11583
4645,5860.1,83152,26.23,886.51,598.76,0.19374
4645,6306.9,83162,23.443,658.4,364.32,0.28755
4646,3908.1,83836,31.126,260.54,183.99,0.17222
4646,6064.4,83208,24.646,568.2,449.61,0.11651
4648,3979.6,82844,31.001,349.04,180.93,0.3172
4649,3740.1,82695,27.693,307.4,269.32,0.066032
4650,6306.1,84171,42.294,585.57,546.02,0.034952
4651,5140.3,84141,35.709,312.09,138.13,0.38639
4652,5616.9,84161,27.911,1182.6,599.83,0.32694
4653,6091.1,81966,37.4,370.6,144.2,0.43977
4653,6355.4,84303,33.502,293.18,206.2,0.17416
4654,3948.1,82250,25.213,351.62,253.38,0.16239
4654,5160.6,82447,29.685,386.14,279.5,0.16021
4654,6206.4,83510,25.663,201.67,132.36,0.20748
4655,5038.8,82428,24.419,238.82,157.44,0.20539
4656,4927.4,82560,29.229,419.85,227.21,0.29771
4657,3637,81948,31.827,491.36,322.25,0.20786
4658,5880.8,82557,33.588,484.54,431.25,0.058187
4660,4370.9,84185,36.006,482.89,437.17,0.049694
4664,3822.5,83108,33.447,425.6,309.61,0.15776
4665,3462,82149,24.485,404.83,222.31,0.29103
4665,3731.3,83145,33.627,413.87,327.94,0.11584
4665,5127.4,82492,34.047,266.83,102.84,0.44363
4666,5276.2,82948,22.732,275.51,183.47,0.20052
4666,5753.3,82036,37.996,360.88,389.2,-0.03776
4668,4718,82341,26.534,611.93,523.41,0.07797
4669,4892.9,82287,23.548,413.97,202.98,0.34199
4670,3930.7,82609,26.343,1183.1,903.94,0.13375
4670,4078.7,82908,38.338,673.91,574.01,0.08005
4670,4864.4,82406,33.245,245.77,196.44,0.11156
4672,3711.4,82357,42.93,409.6,441.72,-0.037733
4672,5766.5,83975,33.788,553.6,470.35,0.081302
4675,3622.6,83220,27.754,182.98,148.35,0.1045
4675,5630.9,83231,33.905,407.22,249.25,0.24063
4676,5634.7,83332,27.158,750.52,446.42,0.25406
4678,5503,83321,31.893,512.94,370.66,0.16103
4678,5708.7,84412,27.867,205.99,242.25,-0.080898
4679,5630.4,83619,28.175,553.16,367.85,0.2012
4679,5718.5,84462,21.049,528.91,516.13,0.012224
4680,3769.6,83040,28.957,463.54,307.54,0.20231
4680,6368.6,82349,34.697,423.78,152.6,0.4705
4681,3648.5,82174,38.18,306.43,169.09,0.28883
4681,5676.2,83427,27.156,314.5,334.49,-0.030794
4681,5705.9,82610,27.996,343.13,155.32,0.37678
4682,3660.8,82178,24.549,390.92,143.99,0.46163
4682,4021.1,83195,32.556,151.36,318.67,-0.35595
4682,5514.1,82654,33.04,515.08,359.47,0.17794
4683,3725.5,82167,26.283,439.31,397.41,0.050077
4684,5948.1,83139,37.895,280.13,150.38,0.3014
4685,5458.1,81871,32.515,244.61,193.53,0.11659
4685,5718.8,83908,31.847,356.4,563.64,-0.22525
4686,3570.5,82334,23.604,782.02,442.29,0.27749
4686,5840.2,83412,34.131,530.56,371.69,0.17608
4687,3876.4,82416,33.915,391.99,194.8,0.33605
4687,5481.7,84295,38.314,263.47,127.22,0.34874
4688,4949.9,84012,34.468,390.57,225.67,0.2676
4690,5579.9,84694,28.948,474.34,364.92,0.13037
4692,4467.3,82905,36.07,235.26,232.56,0.0057808
4695,3783.8,82906,28.377,330.82,224.82,0.19077
4697,4743.9,84489,30.292,188.94,116.63,0.23666
4697,6331.3,84286,17.369,502.56,371.71,0.14966
4697,6355.6,82788,34.138,422.39,305.46,0.16064
4698,3766.4,82976,24.593,625.42,453.17,0.15971
4698,4639.9,82682,28.063,839.77,795.78,0.026896
4699,3918.2,83010,33.666,337.25,177.5,0.31035
4699,5503,83159,28.782,573.91,681.49,-0.085689
4700,3754,83043,20.772,377.41,256.62,0.19052
4701,3678.9,82995,13.373,441.09,106.89,0.60988
4702,6399.7,83026,20.333,788.87,376.28,0.3541
4703,5501.6,82001,18.933,656.15,419.91,0.21954
4704,5276.5,83907,39.426,391.44,175.95,0.37979
4704,5523.3,82292,33.917,249.34,116.89,0.36164
4706,6370,82521,20.612,282.66,370.56,-0.13456
4707,3757,82770,36.895,391.47,334.59,0.07835
4709,5706.5,84226,26.852,823.55,450,0.29331
4710,5683,83087,23.415,805,344.75,0.40031
4710,5730.4,84255,27.52,363.31,106.14,0.54782
4711,3633.8,82495,23.667,988.52,519.01,0.31145
4711,4099.9,82178,17.406,864.99,346.44,0.42805
4712,5731.3,83600,21.062,503.47,221.66,0.38863
4713,5412.4,83961,29.445,595.62,296.91,0.33468
4713,5839.8,83512,38.053,859.74,927.03,-0.037661
4715,5558.6,83540,33.92,387.91,288.47,0.14702
4716,4382.8,82527,21.914,761.2,206.47,0.57327
4716,5546.7,84009,28.937,423.45,128.73,0.53375
4717,4208.9,82625,30.81,622.9,235.09,0.452
4718,4321.4,82497,23.5,584.24,325.4,0.28455
4718,5094.7,83674,35.936,414.98,216.24,0.31486
4719,4124.4,82040,31.827,257.01,102.53,0.42967
4719,4088.9,82666,33.951,384.02,251.76,0.20801
4719,5582,83479,37.449,350.52,226.91,0.21408
4720,3724.6,82112,31.168,201.44,102.04,0.32753
4720,4145.4,82541,37.388,638.2,294.5,0.3685
4720,4859.1,82329,36.671,431.43,302.46,0.17574
4721,4924.4,82676,31.633,385.2,192.69,0.33313
4721,6418.3,83351,26.084,363.74,128.71,0.47728
4722,3923.5,82737,29.54,301.85,122.28,0.4234
4722,5468.6,84615,17.399,1184.9,717.59,0.24563
4722,6166.6,83531,33.964,634.69,395.82,0.23179
4723,3959.5,82831,28.703,523.86,139.59,0.57919
4723,5994.3,83695,36.191,770.68,469.4,0.24295
4724,4008.7,82671,29.903,305.44,227.26,0.14677
4724,5247.6,82651,29.01,812.36,405.65,0.33391
4724,5777.2,84241,32.936,965.33,480.98,0.33489
4724,5994.2,81923,31.856,644.4,484.45,0.14169
4725,4011.9,82641,19.799,457.78,154.97,0.49419
4726,4038.2,82827,27.449,514.05,371.02,0.1616
4726,5160.9,83916,28.609,832.11,792.76,0.024218
4726,5025.1,82314,30.163,1051.2,544.89,0.3172
4726,6080.4,83830,31.384,951.18,494.75,0.31566
4727,3911.5,82806,26.654,444.02,255.41,0.26966
4727,4734.9,83579,22.488,723.72,440.17,0.24363
4727,6277,83530,35.164,568.45,260.09,0.37218
4728,3661.4,84044,36.306,287.6,264.5,0.041836
4728,4536.3,83434,29.445,582.65,423.64,0.15802
4728,4876.5,82139,28.536,973.58,747.93,0.13108
4729,4721.3,82095,30.919,373.58,309.95,0.093088
4729,5465.5,82711,28.974,481.35,297.22,0.23649
4730,4727.5,82218,26.041,515.98,158.47,0.53007
4730,5584.5,84600,30.585,781.34,549.59,0.17413
4730,6357.6,81884,30.648,469.76,240.2,0.32334
4733,5499.5,83373,30.832,390.58,231.3,0.25612
4734,5544.5,83276,24.344,494.34,436.31,0.062356
4736,4590.4,82229,26.469,198.75,245.57,-0.10536
4737,4872.9,81925,29.012,931.44,510.73,0.29172
4737,5893.3,82470,30.757,310.51,216.51,0.17835
4738,4938.6,83998,34.099,249.57,103.65,0.41309
4738,5403.4,82474,31.721,366.01,347.84,0.025452
4738,5818.3,82641,38.54,432.21,101.23,0.62047
4739,3678.7,82051,31.012,616.12,707.44,-0.068998
4742,3733.6,83967,32.775,294.47,234.34,0.1137
4742,5412.3,82825,28.359,718.03,339.26,0.35824
4743,4412.2,83660,33.851,179.31,273.41,-0.20785
4743,6378.8,83058,30.88,722.33,560.76,0.12592
4747,5984.4,83509,19.108,768.02,326.54,0.40334
4748,4743.9,82628,25.688,254.66,106.58,0.40992
4748,4825.1,82413,40.482,582.9,157.73,0.57407
4748,5683.3,84530,32.175,601.16,534.99,0.058243
4749,4151.2,81769,17.764,1160.4,844.01,0.15784
4749,4089.4,82959,30.974,508.6,137.46,0.57447
4749,4864.8,82553,17.628,1265.5,439.36,0.48457
4749,5652.8,83498,25.752,564.04,232.42,0.41636
4749,5983.4,82783,23.038,775.4,384.25,0.3373
4750,5811.2,84376,27.177,316.94,301.42,0.02511
4751,5545.2,83405,31.38,524.43,223.78,0.40182
4752,4038.2,83149,31.199,501.82,201.16,0.42769
4752,4973,84034,32.12,334.71,186.8,0.28361
4752,5763.4,83107,32.152,339.48,149.51,0.38848
4753,6408.5,83555,26.782,605.72,505.03,0.090646
4755,4896.9,82219,30.09,430.76,302.18,0.17543
4756,4888.6,82243,34.859,256.52,230.56,0.053299
4759,5671.1,83430,32.789,737.96,260.14,0.47873
4761,4007.9,82681,25.446,552.05,610.18,-0.050017
4761,5958.8,84079,29.612,670.33,117.41,0.70191
4762,4036.5,82761,39.545,592.33,404.02,0.189
4762,6168.1,83868,25.63,467.57,234.25,0.33246
4763,5204,82724,25.447,344.07,434.4,-0.11604
4763,5580.1,82123,32.4,634.52,375.89,0.25597
4763,6103.8,82774,27.842,814.39,723.88,0.058838
4763,6286.2,83824,23.72,348.25,146.1,0.40893
4764,3426,82310,35.422,292.38,351.56,-0.091899
4764,5321.9,82936,33.622,704.05,454.71,0.21518
4765,4502.7,82454,24.685,288.74,193.85,0.19662
4765,5396.4,82718,24.263,369.49,193.75,0.31203
4765,5793.4,82094,35.839,402.01,166.03,0.41543
4766,4498.4,82436,31.146,240.19,130.93,0.29439
4766,5582.1,81903,25.058,575.24,392.42,0.18892
4767,4291.9,82132,36.075,753.48,670.24,0.058466
4767,6064.1,83307,22.226,423.83,201.86,0.35475
4768,4829.8,82232,22.885,706.79,387.11,0.29224
4769,5342.4,82229,28.289,554.26,202.88,0.46409
4770,4132.9,82840,38.484,231.28,117.7,0.32545
4770,4689.6,82821,32.947,407.59,277.88,0.18923
4772,4794.5,82256,31.047,452.13,352,0.12452
4772,5469.6,82127,35.425,413.46,399.13,0.017637
4773,5024.6,82408,34.68,689.58,544.43,0.11762
4773,5545,83304,35.527,375.77,290.87,0.12736
4776,3752.6,81756,25.214,398.29,176.59,0.38565
4776,3922.2,83290,32.31,308.26,200.93,0.21078
4776,4810.6,82165,22.244,543.98,300.96,0.28762
4776,5901.7,82864,19.54,360.62,168.32,0.36356
4777,3892.3,81793,27.208,445.48,200.94,0.37829
4777,4799,82231,36.501,455.53,126.04,0.56656
4778,3777.7,83098,22.035,563.06,413.89,0.15269
4778,3995.5,81750,22.995,648.52,363.38,0.28178
4779,3805.3,83172,24.329,694.36,515.16,0.14816
4779,4993.9,83233,40.866,1182.8,690.46,0.26283
4780,3722.8,83009,20.111,895.17,584.82,0.20969
4780,5408.3,82456,20.08,596.41,134.67,0.63158
4781,3731.5,82960,32.707,1212.7,982.26,0.10497
4781,4251.8,81821,30.281,617.07,365.81,0.25564
4781,4794.7,83371,23.599,692.14,263.28,0.44887
4781,6191.6,83000,32.212,500.35,208.88,0.41098
4782,3744.8,83021,28.095,974.39,626.47,0.21734
4782,4734.6,83404,21.401,419.04,140.99,0.49649
4782,6049.4,82950,36.446,409.08,306.27,0.14372
4783,4434.3,82638,41.003,753.24,663.55,0.063302
4783,4713.6,83394,21.5,674.75,267.76,0.43181
4783,5827.4,84382,30.909,154.34,142.21,0.040892
4784,3794.5,82845,34.583,178.66,169.38,0.026671
4784,5300.3,82185,34.4,177.15,255.48,-0.18106
4784,5701.2,84304,33.394,339.22,236.8,0.1778
4785,3675.2,81880,35.301,286.5,244.76,0.078573
4785,4829,83293,27.95,253.97,111.52,0.38975
4785,5589.1,84300,22.994,449.62,271.38,0.24722
4786,4842.2,83394,26.822,622.43,332.47,0.30365
4786,5597.2,84320,34.663,315.02,252.16,0.11084
4787,4915.8,83290,25.225,863.61,364.3,0.40663
4787,5633.8,84676,28.508,516.55,463.3,0.054342
4790,5811.5,82741,31.575,202.55,163.91,0.10546
4791,4780.6,83331,23.79,533.63,287.96,0.29901
4792,6035.8,82699,27.48,384.16,218.69,0.27447
4792,6404.4,83331,35.571,290.83,169.58,0.26336
4794,4707.4,81960,29.583,573.34,334.49,0.2631
4795,6323.6,82200,34.419,578.19,303.52,0.31152
4796,4107.6,82010,27.446,1255.3,789.34,0.22789
4796,4220.4,82034,23.003,1130.1,703.67,0.23255
4796,6067,83392,25.697,636.73,566.48,0.058392
4797,4311.4,82056,23.304,1018.1,478.05,0.36094
4798,4242.6,81954,25.988,521.9,151.97,0.54896
4798,5066.1,82644,32.656,227.47,111.36,0.34267
4800,4064.8,82907,38.059,216.49,171.86,0.11492
4800,4735.5,81819,33.498,345.44,215.11,0.23251
4800,5561.7,83003,36.793,217.51,267.14,-0.1024
4801,4201.6,83003,35.404,279.97,150.65,0.30032
4802,6246.2,83319,33.774,569.79,258.8,0.37533
4803,5753.4,81962,24.957,1238.8,1016.4,0.098599
4804,5760.5,84168,26.12,482.24,403.75,0.088581
4804,6032.3,82974,22.678,408.74,155.93,0.44772
4805,5827.1,82271,22.278,746.14,458.16,0.23912
4806,4682.3,83207,26.923,1097.3,727.9,0.20239
4806,5448,84425,36.854,1252,809.21,0.21483
4806,5969.4,84205,25.18,774.41,646.57,0.089965
4807,3635.2,83054,28.461,343.99,220.69,0.21835
4807,4087.7,81942,33.215,412.94,323.37,0.12165
4807,4738.4,83137,28.182,537.03,229.84,0.40058
4807,5750.2,82551,32.288,357.05,137.54,0.44382
4808,3785.5,81829,28.866,615.88,404.17,0.20754
4808,5747.1,81748,18.826,898.97,493.98,0.29074
4808,5843.7,84059,26.601,262.13,161.69,0.23699
4809,5555.7,83496,18.862,536.67,236.97,0.38739
4809,5779.3,84172,33.887,438.46,236.08,0.30003
4810,5486,83395,23.175,430.13,290.48,0.19379
4810,5871.1,84124,29.625,198.19,135.97,0.18621
4811,5270,81759,35.083,228.86,169.87,0.14793
4812,6343.6,84276,21.398,409.99,306.46,0.1445
4813,5151.4,81908,27.109,226.1,223.86,0.0049754
4815,5511.6,82592,25.076,633.08,361.04,0.27364
4815,6219,84166,30.587,221.36,102.69,0.36621
4816,4675.1,81734,22.366,676.03,230.26,0.49185
4816,6336.3,84187,32.421,325.53,166.07,0.32437
4816,6395.1,82178,29.414,594.9,322.01,0.29762
4817,4695.9,81780,17.126,443.49,102.23,0.62533
4818,4093.4,82429,26.442,466.64,143.83,0.52879
4818,4705,81754,22.024,548.1,150.51,0.56911
4818,5449.9,83421,24.331,420.28,303.72,0.16099
4819,5274.7,83224,26.129,567.61,228.09,0.42669
4819,6377.9,83816,35.527,212.18,136.07,0.21854
4822,3951.4,82458,30.689,392.63,232.21,0.25672
4823,4833.9,83105,25.315,660.17,308.1,0.36361
4824,5589.1,81986,30.018,480.96,250.27,0.31548
4825,5358.4,83622,20.66,502.93,169.75,0.4953
4826,5503.3,83882,32.182,366.77,336.32,0.043307
4828,3649.6,83621,37.435,345.1,404.46,-0.079192
4829,3786.2,83389,26.444,456.53,195.7,0.39989
4830,5095.6,84483,33.174,369.29,176.91,0.35221
4831,4950.3,83545,36.109,613.44,549.38,0.055086
4832,4945,83521,42.984,721.5,471.47,0.20958
4832,5056,83854,38.94,524.59,265.53,0.32787
4833,5041.7,83278,31.239,1313.8,839.58,0.22021
4834,4989.5,83395,29.17,560.66,361.66,0.21576
4834,5018.9,83755,29.221,1200.1,743.56,0.23488
4835,3933.1,82801,38.881,738.82,346.22,0.36183
4835,5565.8,83730,32.482,497.93,470.44,0.028379
4836,5351.1,83587,31.269,1275.1,560.39,0.3894
4836,5645.3,84608,32.416,314.16,199.84,0.22241
4836,5661.4,83714,25.501,1227.3,810.23,0.20469
4837,3469.7,82606,30.486,330.55,265.22,0.10965
4838,5185.1,83883,30.16,314.82,192.38,0.2414
4839,3611.1,81770,18.199,1236.5,634.97,0.32141
4839,5160.6,83905,37.58,284.99,224.39,0.11896
4840,5484.1,82135,30.033,485.17,203.21,0.40959
4841,3809.5,81871,27.904,372.42,374.63,-0.0029664
4842,3621,82069,36.003,335.49,198.77,0.25591
4842,3861.4,83865,33.121,218.54,154.28,0.17236
4845,4996.8,83074,30.386,419.03,116.63,0.56455
4845,5354,83767,39.673,421.03,313.88,0.1458
4845,6163.5,81776,28.903,567.3,591.99,-0.021297
4846,6061.4,83609,36.272,206.25,118.5,0.27021
4848,3556.8,82945,40.361,682.28,591.04,0.071655
4848,3576.3,82016,28.467,485.77,457.46,0.030011
4848,5186.1,83664,32.9,592.58,369.04,0.23247
4848,5979.1,83759,30.215,439.44,272.41,0.23465
4849,4430.6,83364,32.325,351.18,237.06,0.19399
4850,4751.8,82066,30.386,372.32,210.02,0.27871
4852,4400.7,84279,27.888,298.65,221.35,0.14865
4853,3835.3,82380,29.107,435.79,242.14,0.28565
4853,4459.7,84055,22.18,306.56,117.8,0.44481
4853,5891.5,83337,26.412,639.68,453.42,0.17039
4855,3561.7,82300,35.209,708.58,345.1,0.34496
4855,4916.7,84624,38.757,495.35,105.13,0.64985
4856,3518.3,82255,22.458,357.27,137.38,0.44453
4858,3770,82824,33.792,288.03,378.71,-0.136
4858,4939.6,84384,27.762,330.04,145.71,0.38746
4860,3992,82480,34.354,491.57,260.15,0.30785
4860,4138.8,82076,38.347,630.49,416.29,0.20463
4861,5745.7,83668,23.238,613.27,427.15,0.1789
4863,5462.9,82629,22.765,276.48,116.31,0.40779
4863,5816.5,84291,23.017,642.96,369.39,0.27023
4865,3626.3,82817,34.454,1073.5,838.13,0.12313
4865,4432,81842,31.277,521.42,538.77,-0.01637
4866,3444.8,82801,32.836,434.72,198.62,0.37278
4866,5451.7,84537,28.365,250.17,206.1,0.096582
4868,4106.4,81887,33.303,645.52,303.15,0.36089
4869,5292.2,82401,25.257,773.6,302.67,0.43755
4869,5836.5,82436,32.994,607.51,197.17,0.50994
4870,4231.8,81851,32.963,462.82,662.33,-0.17732
4870,6042.5,83076,27.482,806.82,202.83,0.59821
4871,4253.5,81942,16.406,612.62,311.13,0.32638
4872,4172.6,81988,22.471,911.25,437.19,0.35156
4872,5328.7,82076,36.948,322.24,271.73,0.085033
4872,6380.3,81953,33.238,219.76,261.23,-0.086209
4873,3658.5,83014,21.933,336.85,146.26,0.39452
4873,3987.7,81886,31.413,831.91,365.96,0.38899
4873,4290,84492,36.207,193.06,132.57,0.18578
4874,3795.4,82996,20.316,479.06,161.2,0.49645
4875,4888.5,82526,23.006,836.21,408.46,0.34367
4876,3743.2,83090,19.472,296.99,114.72,0.44272
4876,4988.5,82583,20.665,883.12,559.52,0.22431
4877,5227.2,82803,24.794,492.06,373.9,0.13645
4879,4055.6,82441,24.503,1168.2,535.44,0.37141
4879,5504,84464,24.911,340.69,243.73,0.16591
4879,5596,82393,35.92,300.19,137.38,0.37207
4879,5539.4,83207,25.737,591.16,388.3,0.20712
4880,4636.8,84400,37.117,481.16,376.08,0.12259
4880,5303.6,82453,32.263,1258.2,606.19,0.34971
4880,5427.5,83159,25.742,1612.9,859.32,0.30482
4881,5177.9,84067,18.858,1538,857.05,0.28433
4882,5991,81976,27.878,215.45,212.6,0.0066733
4883,5011.9,82569,29.476,263.51,195.22,0.14886
4884,4867.4,84162,29.7,1259.9,891.35,0.17132
4884,5230.2,82543,33.312,534.66,276.24,0.31868
4884,5035.5,83797,42.209,1336.7,1150.8,0.07475
4885,6164.7,82718,27.834,1056.4,551.13,0.31432
4885,6163.6,83643,30.3,831.94,487.63,0.26092
4886,4616.7,84044,37.469,256.76,113.92,0.38537
4886,6236,82169,32.393,1000.1,837.69,0.088347
4887,5088.1,84506,33.896,947.39,402.85,0.40329
4887,5938.7,82900,29.381,833.63,908.86,-0.043173
4890,3745.2,83408,27.98,195.79,117.16,0.25128
4890,5469.8,82508,35.008,1207,621.28,0.32037
4891,4306.6,84210,37.894,210.42,115.06,0.29301
4891,5946.2,82459,37.126,1260.4,580.33,0.36947
4893,4513.3,82270,32.494,617.61,171.21,0.56592
4893,6016.2,82667,29.271,770.43,466.72,0.24549
4893,6057,82138,32.041,739.42,469.63,0.22314
4893,6219.7,84220,24.685,716.85,296.5,0.41481
4894,4654.8,82392,31.679,587.78,222.73,0.45039
4894,6139.4,82316,28.302,1103.4,853.41,0.12777
4895,6062.6,82741,20.788,615.06,319.84,0.31577
4895,6254.3,84292,19.312,365.15,172.06,0.35942
4897,4405.4,83598,31.796,554.91,301.46,0.29596
4898,5557.7,84258,34.803,518.12,314.09,0.24517
4899,4975.1,83893,37.129,553.48,315.29,0.27417
4899,5795.8,83635,22.572,648.16,355.85,0.29114
4900,5227.6,82654,17.133,605.56,358.17,0.25671
4901,3439.2,82921,34.646,254.73,199.96,0.12046
4902,3932.4,82129,32.764,324.14,176.26,0.29553
4902,6221.1,84333,20.054,346.73,169.25,0.34396
4904,3457.4,83784,25.339,467.61,151.69,0.51013
4904,4375,83352,35.947,147.51,121.46,0.096848
4904,5870.4,82945,16.611,718.36,148.71,0.65698
4905,5291.3,82516,29.334,227.24,122.15,0.30078
4905,5827.5,82934,29.21,993.88,422.28,0.40363
4908,4420.8,82313,26.088,255.14,158.95,0.23229
4908,6350.9,82980,14.1,473.38,142.21,0.53797
4909,5698.8,83311,16.87,944.84,450.94,0.35385
4911,5923.2,82980,21.853,943.02,608.92,0.21528
4912,5296.2,82783,26.874,707.42,595.15,0.086192
4913,5595.1,84441,19.275,933.59,441.75,0.35761
4914,5618.5,84389,28.44,349.31,249.95,0.1658
4914,5902.4,82770,21.413,505.34,240.18,0.35567
4915,5414.2,83066,27.258,688,740.31,-0.036621
4915,5450.5,84562,20.582,627.27,300.06,0.35286
4917,5001.3,82734,27.215,298.28,237.17,0.11413
4918,4713.1,81806,37.076,594.87,253.69,0.40207
4918,5108.5,83013,22.791,726.97,431.16,0.25542
4918,5806,84067,32.594,1060.3,968.28,0.04536
4919,3747.4,82303,26.311,371.9,264.45,0.16887
4919,5307.1,83024,18.612,1164.9,913.79,0.12081
4919,5874.6,83646,22.831,325.85,179.34,0.29001
4921,5925.6,83720,37.24,463.81,289.6,0.23123
4922,6191.7,82350,25.341,604.78,427.02,0.17227
4923,4217.7,83996,29.993,296.79,251.85,0.081911
4923,5972.5,81779,29.116,785.47,628.57,0.11096
4923,6402.6,84245,33.371,392.1,332.05,0.082928
4924,6126.2,82905,28.586,386.85,274.17,0.17046
4924,6246.5,84287,17.665,471.17,233.31,0.33764
4925,4394.7,84121,26.346,393.38,257.62,0.20853
4926,5404.9,83592,34.95,509.33,357.13,0.17565
4926,5506.8,83319,31.823,262.35,228.97,0.067945
4927,3485.4,81828,25.031,737.91,414.57,0.28057
4927,4490.3,83971,27.266,752.74,511.23,0.19107
4927,5583.6,83540,22.925,957.08,741.79,0.12673
4928,6235.6,81766,40.134,597.89,533.9,0.056537
4929,5842,84059,35.47,170.01,111.94,0.20595
4930,3924.1,82870,31.828,690.24,577.55,0.088886
4930,4676.3,81932,37.829,395.17,281.25,0.16842
4930,5692.6,83038,29.615,291.53,136.13,0.36337
4932,5088.4,83930,40.174,493.73,241.04,0.34391
4933,5635.5,83208,28.439,243.25,172.68,0.16966
4934,5365.4,83363,29.832,465.98,498.76,-0.033983
4935,5226.5,82536,31.231,655.68,138.29,0.65165
4935,5390.2,83515,23.029,521.98,507.72,0.013853
4935,5421.3,83418,30.085,566.13,673.9,-0.086907
4937,5262.5,83815,36.712,341.25,327.25,0.020944
4937,5683.3,82816,36.137,213.81,242.28,-0.062427
4938,4348,81911,26.928,562.68,243.29,0.39628
4938,4791.7,84041,32.316,327.84,189.52,0.26736
4939,6305.6,83632,30.467,420.68,208.92,0.33634
4941,5862.6,83604,28.316,746.98,726.42,0.013954
4942,5420.7,82901,21.897,505.46,298.08,0.25808
4942,5552.8,84531,36.244,303.15,237.85,0.12071
4942,5947.4,83631,22.526,1178.2,788.15,0.19834
4943,5302.6,83058,35.972,496.69,138.43,0.56407
4945,5565.2,84576,18.35,623.67,299.77,0.35076
4948,5868.2,83791,37.271,340.23,300.99,0.061204
4949,3853.2,81748,27.87,462.23,196.15,0.40414
4949,5731.3,83821,17.969,345.86,193.21,0.28319
4949,6100.4,82954,28.274,747.13,148.52,0.66835
4950,6187.6,82768,24.881,688.38,370.38,0.30036
4951,5543.2,84696,28.893,334.02,166.81,0.33387
4955,3776.2,82848,29.27,227.84,219.81,0.017943
4955,6018.8,81914,31.692,738.24,636.66,0.073879
4956,3567.5,82683,30.301,346.3,159.98,0.36801
4956,4663,83748,22.37,639.43,281.04,0.38934
4957,5737.6,83778,23.548,290.05,308.71,-0.031149
4958,5141,83262,33.196,663.99,1008.8,-0.20612
4958,5742.4,83835,22.278,338.27,244.08,0.16174
4959,5089.5,82277,26.453,470.56,425.61,0.050151
4960,5349.6,82169,36.196,579.75,478.06,0.096128
4961,5039.2,84554,25.674,1321,765.28,0.26637
4961,6211,82096,37.673,114.46,147.78,-0.12706
4962,4836.3,82628,23.891,902.33,283.27,0.52214
4962,4961.5,84556,31.105,308.29,314.01,-0.0092014
4963,4388.8,83913,37.758,612.23,217.47,0.47578
4963,5226.4,82724,28.032,443.48,333.19,0.14201
4963,5995.4,84069,34.566,311.73,194.16,0.2324
4964,4327.8,82469,34.438,265,263.26,0.0032789
4964,4783.6,84149,28.118,344.04,274.77,0.11193
4964,5416.8,84706,31.088,456.34,451.25,0.0056097
4964,6324.1,82433,28.344,624.13,821.96,-0.1368
4965,4720.3,84197,34.483,448.19,205.65,0.37094
4965,6020.4,82517,30.812,530.74,330.46,0.23256
4966,5860.4,82553,30.145,895.95,452.57,0.32879
4967,4889.2,84037,37.403,446,157.06,0.47911
4969,4965.2,84441,37.186,413.29,330.07,0.11195
4969,5659.9,81774,31.504,311.93,148.55,0.35479
4970,4271.7,81806,22.356,1073.7,727.55,0.19217
4971,5307.3,84537,26.831,410,308.8,0.14079
4971,5818.1,83815,31.581,370.41,235.95,0.22176
4972,5757.7,83718,30.698,197.54,201.25,-0.0092944
4973,5398.4,82089,35.463,324.45,191.82,0.25692
4973,5623.7,83769,20.882,492.32,285.22,0.26635
4974,4442.8,83437,31.372,376.07,123.7,0.50498
4974,5676.3,83726,26.865,296.86,182.22,0.2393
4975,4277.3,83368,30.756,1073.8,788.65,0.1531
4975,6266.7,84379,31.845,180.34,115.74,0.21818
4977,3726.6,83006,19.247,1027.7,574.92,0.28252
4978,3502.4,83661,29.468,442,399.94,0.049956
4978,3684.1,83027,16.667,1046.7,563.82,0.29981
4979,3847.2,82983,18.896,1124.5,538.36,0.3525
4979,5255.1,83423,27.587,331.21,164.6,0.33603
4979,6297.4,84327,29.984,323.49,156.2,0.34875
4980,5226.6,83595,30.335,321.92,273.97,0.080478
4981,6285.7,83597,37.712,555.76,511.11,0.041852
4982,5179.1,83295,17.776,753.7,315.84,0.40939
4983,5105.2,83568,24.134,380.16,198.62,0.31365
4983,6291,82918,31.378,642.56,371.73,0.26702
4984,6417.5,82880,30.325,815.14,427.98,0.31144
4985,5516.8,83406,16.582,696.03,264.74,0.44889
4987,5114.2,83571,37.201,503.89,543.69,-0.037997
4987,5132.9,82345,23.546,558.81,382.37,0.18747
4987,6292.9,83543,33.328,657.75,353.69,0.30062
4988,5003.4,83495,27.663,270.29,124.72,0.36851
4988,5154.8,82440,29.248,629.35,343.77,0.29346
4988,5543.9,84608,30.413,712.12,374.95,0.31016
4989,5262.8,83671,29.72,419.21,421.86,-0.0031461
4989,5763.7,84260,31.212,602.54,686.25,-0.064951
4990,3428.4,82376,22.787,249.78,548.33,-0.37407
4990,5135.8,83708,26.372,586.91,302.41,0.3199
4990,5244.1,82637,33.723,530.49,270.4,0.32476
4990,6082.7,82327,23.791,782.33,426.74,0.2941
4991,6291.3,81955,38.584,461.08,143.08,0.52635
4993,5536.4,83481,23.776,506.11,473.63,0.033143
4993,5718.2,82156,29.627,398.35,118.08,0.54271
4994,6197.8,84306,31.441,354.38,180.21,0.32581
4995,5137.1,83122,21.129,718.67,467.9,0.21134
4996,5220.9,82832,22.626,518.98,392.41,0.13888
4997,4116.9,82009,33.481,273.24,227.16,0.092101
4997,5589.4,83960,37.931,347.56,266.6,0.13182
4997,6181.9,84309,18.266,816.15,397.72,0.3447
4998,5644.7,84437,28.971,520.32,313.92,0.24742
4999,5468.8,84442,27.649,368.64,228.26,0.23518
4999,5648.7,82874,25.893,978.08,334.61,0.49019
4999,6147.5,83056,29.877,778.95,520.92,0.19851
4999,6225,84389,22.524,198.05,172.26,0.069651
5000,5384.4,82837,34.872,275.25,184.77,0.19669
5000,6178.5,82420,32.873,605.69,435.65,0.16329
5001,5295.3,82874,25.76,603.89,257.45,0.40221
5001,5383.2,84252,21.646,400.1,310.37,0.12629
5001,5856.9,81750,29.757,381.2,354.52,0.036275
5002,5463.8,84088,27.336,935.44,717.59,0.13179
5003,5403.5,84295,20.327,687.91,336.27,0.34333
5003,5426.5,82072,32.264,553.44,496.2,0.054532
5003,6090.2,83765,25.527,392.49,158.22,0.42541
5004,5410.6,84539,22.975,654.57,514.33,0.11997
5004,6006.5,83550,25.132,372.44,218.66,0.26016
5005,6056.7,83529,27.05,529.49,109.94,0.65613
5005,6267.4,81823,35.097,710.22,424.35,0.25196
5006,5852.7,83604,25.998,598.86,390.75,0.21029
5007,3812.7,82119,25.66,516.87,391.56,0.13795
5007,4343.8,82532,28.244,212.14,123.72,0.26326
5007,5566.5,84573,34.043,244.14,144.82,0.25536
5008,3942.7,81973,29.746,1007.1,664.22,0.20516
5008,5426.5,82854,28.998,1442.9,1100.1,0.1348
5008,5479.6,84528,32.295,555.51,182.53,0.50537
5008,5690.2,81963,34.087,266.4,258.95,0.014183
5009,5398.6,83177,37.268,895.69,474.98,0.30693
5011,5307.1,82883,25.286,624.2,294.62,0.3587
5012,4267,82184,33.029,536.95,570.29,-0.030105
5012,4938.9,83061,30.659,931.55,790.47,0.081927
5013,4288.8,81969,31.509,335.67,175.07,0.31443
5013,5298.9,83339,41.236,1242,415.16,0.49896
5014,4808.5,82578,22.296,544.28,339.62,0.23155
5014,5733.6,84084,30.655,480.23,109.21,0.62945
5014,6355.9,83415,24.584,554.64,284.76,0.32151
5015,4820.4,82445,29.156,310.46,214.05,0.18381
5015,5858.6,83858,28.918,455.14,302.24,0.20189
5016,4847.3,83034,32.664,376,432.49,-0.069866
5016,6261.9,83645,35.48,615.79,489.18,0.11459
5017,5544.2,82582,35.912,246.61,163.95,0.20134
5017,5847,83856,21.106,339.36,253.15,0.14549
5018,5674,82296,26.509,291.64,194.34,0.20023
5020,4226.7,81742,34.875,485.27,205.29,0.40544
5020,5556.1,84573,33.564,735.75,399.63,0.29604
5020,6263.4,82242,31.513,309.59,251.6,0.10332
5021,4060.1,82537,31.972,491.37,434.01,0.061981
5021,4865.4,82384,23.928,325.84,129.98,0.42968
5021,5392.6,83485,24.431,580.12,235.05,0.42331
5021,5729.8,84003,26.337,282.82,158.05,0.283
5021,6096.9,81809,23.07,636.6,417.43,0.20794
5022,3984.4,82087,27.666,817.95,156.45,0.67888
5022,5082.9,82334,28.683,559.08,255.8,0.37218
5022,5186.9,83706,26.17,743,566.29,0.13496
5022,5657.7,84186,20.63,663.75,418.12,0.22704
5023,5171.9,83328,26.592,680.02,805.47,-0.084453
5023,5688.3,83962,31.651,282.51,275.17,0.013168
5024,3663.5,83292,35.248,305.15,174.8,0.27159
5024,5109.8,84533,27.214,168.32,119.62,0.16914
5026,5561.6,83576,22.53,373.44,266.22,0.16761
5026,6204,81728,24.394,552.02,409.09,0.14871
5027,4312.7,83427,28.9,204.07,118.68,0.26459
5027,6348.3,84279,28.84,591.29,365.13,0.23647
5029,5620.1,83998,32.589,560.25,549.25,0.0099177
5033,4865.6,83904,32.476,258.69,120.95,0.36282
5033,5896.9,82905,29.589,495.36,329.5,0.20107
5034,6150,83437,31.22,748.62,638.64,0.079278
5034,6182,83769,34.392,806.29,729.95,0.049692
5036,5383.8,84301,39.097,504.06,509.5,-0.0053682
5036,5556,83128,22.665,556.98,173.69,0.52457
5037,5509,82982,31.702,518.51,335.64,0.21409
5038,5436.7,82750,29.405,655.84,500.37,0.13447
5038,5777.4,83569,28.733,504.83,392.87,0.12472
5039,4669.6,83021,35.948,679.74,862.01,-0.11822
5039,5283.1,82709,35.577,691.34,632.29,0.044612
5040,5167.7,82663,20.344,1126.4,977.13,0.070982
5040,5436.8,84336,18.179,1172.9,858.8,0.15459
5041,4827.9,82339,35.841,202.15,161.79,0.1109
5041,5118.2,83733,29.997,297.29,156.07,0.3115
5041,5237.8,82905,16.966,989.5,678.11,0.18672
5041,5987.8,82929,22.949,941.86,703.47,0.14489
5042,5021.3,83605,35.172,408.56,263.43,0.21597
5042,6036.9,82915,15.81,776.5,428.4,0.2889
5043,5817.5,82961,37.036,402.29,198.89,0.33834
5044,3988.4,82571,31.959,313.85,492.06,-0.22113
5044,4867.7,84298,35.293,249.36,197.16,0.11691
5046,3821.4,82055,34.415,478.78,208.19,0.39389
5046,4734.6,84345,35.704,440.16,260.6,0.25623
5046,6038.5,82998,26.947,685.9,219.48,0.51516
5046,6333.7,84694,35.846,227.83,289.1,-0.11853
5047,3797,82703,31.203,623.77,522.31,0.088526
5047,4892.1,84057,28.778,616.16,458.77,0.14642
5047,5983.3,82950,16.898,981.58,599.33,0.24179
5047,6010.1,84449,31.589,554.17,429.67,0.12655
5048,4803.8,84158,36.399,472.29,238.03,0.32979
5050,5576.4,83493,21.383,338.46,154.53,0.37311
5051,6019.6,84083,29.37,933.87,535.8,0.27086
5052,6110.9,82825,18.343,716.59,535.35,0.14477
5053,5936.9,82632,29.919,499.9,539.49,-0.038092
5054,4134,82571,24.866,504.74,278.94,0.28813
5054,5855.1,83878,22.522,511.65,619.13,-0.095051
5055,4720.6,82404,28.696,886.93,588.58,0.2022
5056,3873.4,82850,29.789,494.77,361.43,0.15574
5056,5207.7,82619,23.483,1273.7,958.99,0.14096
5056,6049.5,81829,31.458,535.7,429.48,0.11006
5057,5204.3,82727,22.269,812.36,555.61,0.18769
5058,3762.7,83036,18.524,884.67,564.18,0.2212
5060,4689.8,82947,28.281,1012.9,603.12,0.25358
5060,5241.1,83920,19.08,365.1,241.41,0.20394
5062,4011.4,82361,31.157,683.08,438.26,0.21833
5062,4899.7,82347,29.569,566.21,382.09,0.19416
5063,4912.8,81948,32.047,532.34,197.05,0.45968
5064,5474.9,84381,26.568,261.53,155.88,0.25311
5064,6000.4,82443,28.587,801.75,373.93,0.36389
5065,3651.2,81890,23.289,370.12,351.73,0.025477
5065,4823,82512,26.623,428.88,244.8,0.27323
5065,5759.6,82207,27.722,392.5,262.1,0.1992
5066,4932.2,82431,35.861,274.71,172.74,0.22788
5066,5968.7,82041,31.015,692.81,591.01,0.079292
5066,5979.5,82909,23.607,508.41,172.99,0.49225
5067,5718.2,84368,32.942,455.99,619.72,-0.1522
5067,6349.4,83797,35.773,178.9,108.81,0.24362
5068,5618.2,84277,26.546,287.54,164.02,0.27356
5069,3917,82803,27.716,466.59,199.7,0.40057
5069,5026.5,83645,37.407,183.38,144.2,0.1196
5069,5429,82139,39.094,523.51,639.22,-0.099512
5070,3724.6,83059,9.8619,918.9,428.2,0.36426
5070,5427.1,83332,29.5,251.02,178.91,0.16771
5070,6292.1,84248,35.515,486.44,201.9,0.41337
5071,3742.3,83022,25.751,297.55,233.31,0.12102
5073,5783.8,82380,20.215,607.19,652.56,-0.036015
5074,4887.1,82227,36.564,198.87,101.14,0.32577
5075,3906.8,82988,28.144,268.7,237.96,0.060672
5075,5049.3,83737,26.749,394.44,331.69,0.086416
5075,5782.4,83835,13.023,863.16,433.66,0.33119
5076,3972.4,82905,19.549,376.5,261.14,0.18091
5076,4955.6,83629,29.126,401.72,276.26,0.18504
5076,5744.3,83866,25.465,428.02,307.46,0.16392
5077,3570.3,82062,22.069,448.96,260.79,0.26513
5077,3873.6,82873,27.708,243.01,214.55,0.062187
5077,5543.5,83733,37.055,740.54,307.34,0.41341
5078,3543.2,82249,28.096,541.39,287.28,0.30665
5079,3478.6,82062,25.56,244.2,137.17,0.28065
5080,4461.8,83576,32.884,414.06,221.09,0.30382
5080,5243.8,82268,18.355,390.81,115.05,0.54513
5084,6032,81855,25.502,334.36,303.34,0.04864
5085,3499.4,82122,21.893,519.19,166.59,0.51416
5087,6024.3,82917,37.671,924.86,412.98,0.38261
5088,6173.7,82804,24.503,547.51,152.49,0.56433
5089,5644.7,84376,33.061,553.18,162.58,0.54571
5089,5988.9,82058,36.254,376.89,207.86,0.28908
5090,6157.6,83071,29.312,444.73,115.75,0.58697
5090,6340.2,82006,35.878,935.02,539.05,0.26862
5091,6102.8,82962,20.308,653.78,423.19,0.21412
5091,6229.7,82200,25.103,664.32,412.47,0.23389
5093,3748.1,82459,31.396,489.59,374.75,0.13287
5093,4359.6,81870,37.539,303.82,107.35,0.47782
5094,4892.7,83865,36.349,343.14,358.56,-0.021967
5094,5964.8,81830,31.108,308.76,178.18,0.26815
5095,5366.8,82554,37.717,754.84,356.49,0.35845
5095,5602,83918,29.575,185.45,183.39,0.0055808
5097,4409.6,82291,27.534,539.27,111.5,0.65732
5097,5403.2,82341,28.624,453.93,131.7,0.55022
5099,4736.4,83589,36.224,635.25,453.12,0.16734
5100,4610.8,82376,26.519,350.87,173.79,0.33753
5101,4614.2,82459,19.767,1039.9,505.73,0.34562
5102,4698.1,82455,25.526,640.48,406.31,0.2237
5102,6382.1,83292,28.674,692.73,449.23,0.21323
5106,3780.7,82717,32.539,285.06,416.43,-0.18728
5109,6000.7,83178,30.168,916.77,889.74,0.014962
5113,3778.9,82604,33.715,506.73,480.53,0.026539
5115,4343.2,82012,34.891,1108.4,673.18,0.24431
5115,5222.7,83434,33.787,534.9,255.91,0.35279
5116,3616.9,82374,36.373,501.24,274.73,0.2919
5117,3846.4,82815,31.708,155.96,215.86,-0.1611
5117,4762.8,82809,29.259,540.99,290.76,0.30085
5117,5507.4,84316,23.918,682.74,474.33,0.18011
5118,4764.8,82589,34.265,212.55,131.81,0.23445
5118,5512,84239,22.935,1161.9,862.65,0.14781
5119,3914.9,83002,30.428,310.4,249.07,0.10962
5119,5438.2,84203,20.183,1139.8,777.82,0.18877
5119,6211.3,82645,31.269,999.74,840.43,0.086572
5120,4561.8,81934,26.776,629.59,830.48,-0.13759
5120,6042.5,82916,17.14,685.33,279.07,0.42125
5121,5243.5,84366,20.928,1471.9,643.83,0.39138
5121,5807.3,82712,37.762,631.45,461.54,0.15545
5122,5490.3,82923,29.407,426.44,227.87,0.30349
5122,6175.9,84229,26.685,494.23,340.93,0.18356
5123,5564.9,83114,33.827,283,120.5,0.40273
5124,5158.9,83274,38.877,759.36,524.73,0.18272
5124,6227.6,83011,22.355,576.01,409.75,0.16867
5124,6128.8,84398,27.509,293.09,233.82,0.11248
5125,5094.8,83491,33.354,194.82,168.73,0.071766
5125,5318.6,84012,36.672,182.09,174.36,0.021667
5126,3778.2,82729,30.423,682.95,412.44,0.24695
5126,5153.6,82824,23.434,524.81,262.77,0.33271
5127,3780.4,82668,38.441,226.22,284.22,-0.11362
5127,5213.5,82859,30.135,479.11,491.15,-0.012403
5127,6223.4,84361,18.141,389.26,413.75,-0.030497
5128,5299.7,83746,31.245,631.06,488.34,0.1275
5128,5700.7,83811,20.2,780.73,741,0.026112
5129,5655.1,83730,33.405,695.96,553.17,0.11432
5130,4967.9,82174,31.142,629.26,422.75,0.1963
5134,4293.3,82773,38.152,679.43,846.14,-0.10928
5134,5153.9,84564,30.108,316.08,303.67,0.02002
5134,5378.6,83655,35.782,495.18,380.34,0.13117
5135,3650.9,83041,24.211,740.68,410.98,0.28628
5135,5853,83140,32.601,423.44,378.72,0.05575
5136,5876.6,83089,17.9,887.96,716.2,0.10707
5136,6207.1,81825,36.909,392.67,313.62,0.11192
5137,3794.8,82591,33.003,459.91,280.79,0.24184
5139,5680.8,84370,28.444,357.58,463.11,-0.12859
5139,5983.6,82356,28.754,668.37,460.99,0.18362
5140,3772.2,82241,38.439,315.47,141.96,0.37933
5140,5829.6,82161,27.753,796.09,327.8,0.41667
5141,3717.1,82952,27.442,920.27,466.68,0.32704
5141,4926.5,82388,32.331,223.64,133.2,0.25345
5141,5389.1,83844,30.692,290.32,242.38,0.089988
5143,5365,82600,23.401,991.63,874.92,0.062527
5144,4670.3,84281,25.379,753.74,382.66,0.32653
5144,5180.6,82998,27.766,484.73,283.6,0.26177
5144,5540,83068,39.541,993.2,729.98,0.15275
5146,6102,82282,25.908,573.61,305.72,0.30465
5147,5162.3,83251,33.524,530.97,186.19,0.48076
5147,5293.6,83634,36.946,562.34,231.19,0.41732
5147,6124.5,82521,31.873,867.5,627.97,0.16017
5149,5596.8,82932,26.892,1046.4,845.19,0.10637
5150,5883.3,82535,35.284,552.95,356.46,0.21606
5151,6092.2,83038,29.85,706.82,343.1,0.34642
5156,5914.1,84050,29.42,271.5,128.69,0.35686
5157,5045.1,82281,20.682,725.34,681.98,0.030809
5159,4398.5,83140,26.514,919,550.6,0.25068
5160,3504.2,82706,22.767,579.73,352.59,0.24363
5160,3525.5,81825,27.411,461.81,130.94,0.55819
5161,3611.8,81804,29.584,448.27,331.39,0.1499
5161,4982.3,84404,36.958,268.21,134.98,0.33046
5162,3538.5,82472,33.803,437.76,381.48,0.0687
5163,4458.5,81878,30.946,322.88,345.89,-0.034412
5164,5570.9,82501,30.081,245.43,145.6,0.25529
5164,6418.7,81911,20.088,455.39,183.45,0.42567
5165,4260.3,83640,34.551,302.42,294.37,0.013487
5166,6252.6,83044,30.046,494.04,226.31,0.37166
5167,6220.1,82905,23.981,1154.8,647.99,0.28114
5168,5671.8,82664,29.445,265.42,186.39,0.17493
5168,6386,82981,31.948,404.8,140.56,0.48451
5169,3682.8,83574,34.755,539.18,361.65,0.19708
5169,3722.6,83119,37.097,404.39,603.39,-0.19747
5170,3539.1,83622,35.955,352.16,194.41,0.28862
5170,5829.6,82414,28.564,862.87,497.77,0.26833
5172,3941.5,82526,22.433,270.76,200.66,0.1487
5172,5776.6,83350,24.603,708.49,608.63,0.075822
5173,6014.4,83331,33.146,711.53,531.84,0.14452
5174,5111.7,81973,38.628,281.7,134.02,0.35524
5174,6184.1,83200,29.35,1091.6,777.21,0.16821
5175,3960.5,82074,34.333,491.68,129.46,0.58314
5175,5872.1,82178,34.61,445.1,318.79,0.16534
5176,5841.2,83903,28.568,507.07,294.74,0.26481
5176,6043.1,82664,20.884,970.79,792.78,0.10094
5177,4691.4,83540,27.057,530.94,287.01,0.29823
5177,5806.8,83779,21.066,836.4,522.13,0.23133
5178,3848.6,82741,30.19,603.91,871.2,-0.1812
5178,5727.9,83710,16.332,668.8,392.75,0.26004
5179,4759,83807,21.898,917.32,335.3,0.46464
5180,3741,82688,34.928,419.06,421.17,-0.0025035
5180,4521.2,83621,28.832,726.1,303.08,0.41102
5180,5340.1,84519,33.674,481.68,329.43,0.18771
5181,3911.3,82754,26.557,315.07,205.51,0.21046
5181,5421.8,82435,32.624,658.88,124.47,0.6822
5181,5574.1,83558,23.934,718.26,342.67,0.35402
5181,5566.3,84700,31.83,388.04,119.11,0.53029
5181,6364,83005,29.572,587.93,252.15,0.3997
5182,5734.7,82281,22.716,679.1,270.49,0.4303
5184,3749,83035,19.994,410.35,360.72,0.064368
5184,5754.3,83827,12.273,842.83,463.7,0.29018
5185,5709.9,83867,12.522,1283.5,928.6,0.16043
5186,5535.5,83975,28.141,1371.7,836.39,0.24244
5186,5674.6,83932,25.735,1222.5,687.92,0.27982
5186,5934.7,82664,26.879,362.67,254.75,0.17478
5187,4957.7,83391,30.492,263.82,172.38,0.20964
5188,4131.2,82229,28.411,398.61,111.13,0.56398
5189,3892.2,81776,27.587,414.82,336.26,0.1046
5189,4458.8,82985,25.5,1217,820.34,0.19469
5190,4533.1,82914,23.026,393.13,107.42,0.57079
5191,3486.6,81947,31.881,495.53,271.78,0.2916
5191,6291.6,83026,37.836,411.87,248.69,0.24704
5192,4996.8,82740,31.313,483.9,264.61,0.29297
5193,4946.3,82547,19.158,744.46,271.14,0.46605
5193,6198.8,81814,34.829,597.14,347.46,0.26432
5195,5009.7,82861,21.84,466.03,127.96,0.56914
5197,5316.6,83038,32.46,469.21,299.96,0.22004
5197,5843.8,83459,32.972,397.44,382.09,0.019686
5197,6079.6,82220,24.066,441.54,380.86,0.073775
5198,5752.2,82890,32.329,449.31,360.38,0.10983
5198,6008.8,82392,32.528,630.81,436.05,0.18256
5199,5844.2,83087,34.608,882.62,152.88,0.70473
5200,5773.4,83606,24.2,1310.7,876.52,0.19851
5201,5637.1,83546,24.91,1200.6,533.07,0.38504
5202,4962,82618,21.055,328.6,547.09,-0.24951
5202,5381.9,83537,22.169,546.68,226.71,0.41372
5203,3912.8,82022,32.298,560.2,345.72,0.23674
5203,5347.4,83582,18.398,492.6,153.9,0.5239
5204,5367.5,83345,21.561,1025.2,196.76,0.67796
5205,5475.9,84561,24.872,787.43,455.31,0.26725
5205,5527.3,83458,19.453,396.72,133.47,0.49652
5206,3690.1,83153,37.317,296.41,222.49,0.14245
5207,5646.6,83730,23.965,622.75,403.05,0.21417
5208,5443.9,84520,24.356,604.55,294.68,0.34459
5208,5681.9,83736,15.307,708.38,403.12,0.27464
5209,5022.2,83755,28.906,585.13,361.54,0.23619
5209,5549.1,84372,33.967,655.27,483.66,0.15067
5209,6310.7,82309,30.791,683.89,486.8,0.16835
5210,4998.3,83114,32.071,683.31,308.31,0.37817
5211,4330.8,81885,31.112,464.06,484.62,-0.02168
5211,4942.4,83386,12.142,887.34,140.31,0.72693
5211,5450.5,84285,28.822,638.07,361.9,0.27618
5212,5141.9,83400,11.461,1184.2,111.05,0.82852
5212,5522.6,84301,28.532,245.75,113.13,0.36951
5214,3421.9,82138,27.135,1281.8,702.35,0.29204
5214,5055,82717,19.348,813.51,573.25,0.17325
5214,5109.1,84024,26.454,314.51,136.95,0.3933
5215,5184.5,82727,22.488,809.77,516.31,0.2213
5218,5648.9,82307,27.113,538.96,153.02,0.55773
5221,4745.1,83615,32.898,255.5,222.77,0.068447
5222,3567.5,83729,34.596,219.36,122.48,0.28342
5223,4151.7,82633,31.729,222.99,130.02,0.26338
5225,5979.2,82999,26.722,635.47,350.56,0.28895
5226,6155.7,82981,25.537,486.95,395.14,0.10408
5228,4696,84251,32.351,187.7,201.75,-0.036088
5229,3722.4,82665,30.878,718.82,280.03,0.4393
5229,4118.9,83552,34.949,225.81,132.38,0.26081
5230,4451.5,83368,26.267,563.94,329.17,0.26286
5230,5699.1,83859,26.42,534.86,272.25,0.32537
5231,4682.4,82388,32.832,524.43,140.43,0.57757
5232,4557.6,81808,32.949,436.39,617.03,-0.17148
5232,4812.3,82285,30.456,359.67,240.18,0.1992
5232,4993.5,83954,36.197,530.99,483.98,0.046313
5233,4477.2,81756,29.287,414.23,348.69,0.085894
5233,4828.8,82424,21.93,468.61,259.86,0.28655
5235,4648,84358,35.917,670.02,324.69,0.34717
5235,5108.5,82432,27.026,834.77,288.03,0.48695
5236,4753.5,83677,30.987,182.95,115.05,0.22786
5236,4777.5,84372,30.755,420.95,223.51,0.30637
5237,4680,83734,27.01,747.46,365.74,0.34291
5238,4729.6,83786,18.922,700.02,583.25,0.090993
5238,5397.6,82832,25.575,859.98,486.51,0.27737
5239,5043,83681,23.467,300.42,136.58,0.37492
5239,5531.2,83279,23.328,307.31,114.47,0.4572
5240,5656.7,83310,36.622,281.69,285.37,-0.006481
5241,6100.2,82927,30.134,709.52,757.94,-0.032997
5242,6033.2,82121,37.404,208.5,169.17,0.10412
5243,4429.5,82595,24.147,309.14,480.02,-0.21654
5243,5823.9,82919,35.935,640.76,621.35,0.015382
5245,5125.6,84315,21.668,582.86,369.91,0.22351
5246,5394.5,84696,26.111,266.78,107.81,0.42438
5246,5898.9,82914,34.663,316.56,212.34,0.19705
5249,4913.6,84216,39.539,168.52,124.68,0.14953
5250,5662.1,84270,29.181,516.57,637.6,-0.10486
5251,4066.6,82794,35.307,370.99,167.27,0.37847
5251,4557.7,84196,45.161,605.54,205.1,0.49398
5251,5470.4,82816,26.15,862.2,315.15,0.46465
5251,5546.2,84062,30.943,235.23,131.02,0.28455
5252,5353.6,84374,34.895,161.78,135.93,0.086846
5252,6137.4,82950,32.907,386.64,594.62,-0.21195
5253,5253.4,83982,22.415,649.67,496.16,0.13398
5253,5364.5,82998,23.893,350.56,256.44,0.15505
5255,5015.4,83098,29.455,236.64,168.22,0.16898
5257,5384.9,82754,23.962,371.68,130.42,0.4805
5258,6028.1,82375,28.388,695.42,525.32,0.13934
5260,4368.8,81749,34.475,727.87,642.3,0.062455
5260,5590.7,84666,28.689,702.82,628.11,0.05613
5260,5851.6,82711,40.046,410.08,165.92,0.4239
5261,3819.7,82640,30.638,220.64,171.35,0.12574
5262,5303.5,83060,29.649,314.6,248.37,0.11763
5263,5333,83028,26.225,400.59,224.43,0.28184
5263,6287.4,82816,29.308,441.72,285.69,0.21449
5264,5284.8,81858,30.389,554.2,111.14,0.6659
5264,6362.2,83007,34.255,592.44,498.14,0.08647
5265,3434.2,82104,34.034,770.86,825.23,-0.034062
5265,3647,84315,34.735,625.8,318.33,0.32566
5266,3512.6,82029,27.294,1106.3,923.4,0.090104
5266,5918.5,83374,31.212,563.99,313.46,0.28553
5267,3487.5,82269,29.212,1245,1001.7,0.10827
5267,5867.3,83615,33.055,790.6,466.06,0.25825
5268,3926.5,82670,35.262,431.31,107.59,0.60072
5268,4202.8,82087,30.556,448.02,272.45,0.24368
5268,5390.6,82808,33.133,225.44,178.24,0.11694
5269,5544.7,83186,35.085,177.53,127.72,0.16319
5269,5800.1,82084,25.752,229.23,106.45,0.36578
5269,6067.8,82963,26.414,318.38,100.81,0.51903
5270,3626.8,82190,19.296,740.49,327.97,0.38609
5270,3750.4,83037,31.238,736.48,604.67,0.098282
5270,3713.3,84364,33.799,261.56,280.09,-0.034208
5271,3727.9,83064,16.955,946.83,534.65,0.27822
5271,6128,81798,38.729,261.69,173.61,0.20234
5271,6102.1,83147,33.015,257.32,310.09,-0.093001
5272,4752.4,84223,35.771,319.02,217.39,0.18945
5272,5961.4,83073,28.307,235.49,308.23,-0.13379
5272,6138.2,81954,37.766,309.27,124.57,0.42572
5273,5960.9,82922,19.707,865.26,396.35,0.37167
5274,5093,82735,21.252,382.83,119.09,0.52547
5275,4606.3,84587,31.801,225.08,113.42,0.32986
5278,5964,83046,23.426,456.79,303.44,0.2017
5281,4228.5,82030,28.311,215.84,103.57,0.35148
5282,5110.8,82743,20.359,960.64,586.22,0.24205
5283,4799,82373,26.134,747.04,328.16,0.38959
5283,5652.7,81804,27.941,503.44,227.07,0.37832
5284,5858.9,82597,25.251,533.73,495.97,0.03667
5285,5713.2,82580,23.352,488.04,375.66,0.13012
5286,5357.7,82586,37.143,374.05,319.11,0.079258
5287,5384.5,82414,31.853,224.82,108.18,0.35025
5289,4677.7,83482,32.431,391.09,127.35,0.50873
5289,4766.6,84238,29.785,653.63,312.11,0.35364
5289,5756.1,84164,29.611,438.41,277.99,0.22392
5290,5705.5,83762,13.683,611.11,264.79,0.39539
5291,4727.3,83822,36.849,269,189.8,0.17263
5294,5680,84257,26.03,416.78,235.64,0.27763
5295,3966.4,82924,36.915,164.82,104.26,0.22507
5295,5732,82742,36.756,396.58,417.42,-0.025612
5295,6377.9,83133,29.422,374.68,176.43,0.35972
5296,5184.6,83972,38.507,382.65,263.2,0.18495
5297,5252.5,81906,36.42,356.37,275.33,0.12828
5297,5326.2,83976,28.204,321.64,153.4,0.35416
5298,5392.3,82839,29.087,343.02,186.09,0.2966
5299,4469,83609,30.345,250.72,140.5,0.28174
5299,5151.8,83758,22.188,613.9,279.47,0.37434
5299,5976.9,82944,19.31,451.68,233.99,0.31749
5300,5512.8,82120,32.784,578.3,162.81,0.56064
5300,6067.5,83005,26.303,522.6,308.65,0.25738
5300,6155.1,83025,30.338,737.75,393.55,0.30425
5300,6407.7,81997,37.447,428.14,170.09,0.43136
5301,5516.7,84634,38.691,428.07,193.44,0.3775
5301,6294.9,82050,26.678,448.14,271.48,0.2455
5304,5838.6,82540,31.395,241.45,280.3,-0.074459
5305,3498.2,81784,30.907,800.96,514.58,0.21769
5305,5968.6,82143,25.188,668.04,417.11,0.23124
5306,4138.9,84149,35.01,288.53,221.21,0.13207
5306,5327.5,82541,32.596,248.32,158.66,0.2203
5306,5977.8,82155,25.038,576.56,353.1,0.24037
5306,5923,82871,17.135,1178.5,769.8,0.20977
5307,3642.5,83098,12.675,759.89,367.52,0.34802
5307,5924.2,83035,29.773,310.11,194.83,0.22829
5308,5537.5,82180,26.633,775.98,564.79,0.15751
5308,6262.5,82177,22.671,204.09,154.26,0.13904
5309,5145.8,82356,30.8,258.23,252.99,0.010263
5309,5878.1,82721,30.085,272.4,174.44,0.21922
5310,3995.1,81728,27.685,487.25,499.11,-0.012019
5310,5252.9,82286,25.492,841.53,327.81,0.43932
5311,4030.2,81812,28.341,363.58,294.69,0.10465
5312,4104,82082,21.175,518.32,208.99,0.42532
5312,5476.4,81899,24.09,447.03,432.15,0.016929
5315,3516.5,83898,35.37,224.61,112.77,0.33151
5315,5676.6,82676,23.158,494.19,269.1,0.2949
5317,3990.9,82454,30.727,465.21,416.05,0.055783
5317,4328.1,81744,29.731,310.52,121.47,0.43762
5318,5242.2,83737,28.845,575.22,154.35,0.57688
5320,4039.4,82459,34.486,199.93,107.81,0.29934
5320,5891.4,82852,29.007,192.22,135.61,0.1727
5321,4019.7,82578,27.195,371.9,207.4,0.28396
5321,6185.8,84334,21.501,474.39,278.31,0.2605
5322,5577.8,83200,29.716,377.23,210.29,0.28415
5322,6242.5,84368,22.721,315.12,215.34,0.1881
5323,6185.6,84348,17.8,600.66,337.95,0.2799
5324,5779.3,83748,30.973,445.71,308.49,0.18193
5327,5731.6,83742,15.419,795.25,342.9,0.39745
5328,5174.3,84450,28.845,486.61,366.67,0.14057
5329,3684.3,82138,27.898,789.84,582.16,0.15137
5329,4650.3,83757,36.216,513.08,277.96,0.29723
5329,5560.1,84266,26.069,363.1,185.74,0.32316
5331,5157.6,82610,18.96,826.37,501.98,0.24421
5332,5060.7,82603,27.944,640.11,475.69,0.14736
5333,4217,84184,29.25,204.4,141.67,0.18127
5333,5070.3,82638,31.935,818.99,601.29,0.15327
5334,5201.1,83407,22.202,353.4,145.96,0.41542
5335,5071.8,83220,37.832,359.27,319.16,0.059109
5335,5923.6,82809,24.227,570.32,473.6,0.092649
5336,5865.1,82815,29.624,400.33,244.5,0.24165
5337,4108.8,82845,28.56,409.2,227.81,0.28476
5337,5487.8,83298,25.92,819.25,457.84,0.28299
5337,6060.9,81844,26.503,368.68,244.81,0.20192
5337,6208.7,82768,28.996,206.21,505.79,-0.42076
5339,4781.8,84354,25.569,892.88,593.35,0.20154
5342,5385.4,84131,33.484,453.47,353.1,0.12444
5343,3790.1,81887,32.947,252.09,209.5,0.092273
5343,4919.7,82379,34.481,564.72,348.63,0.2366
5343,6091.2,84340,27.67,413.58,349.87,0.08345
5344,4580.7,82906,33.169,256.4,276.11,-0.03702
5345,5755.6,82377,28.292,443.33,110.78,0.60015
5345,6126.9,84522,31.484,266.49,105.4,0.43318
5346,3751,82967,39.834,368.01,217.09,0.25795
5346,4955.8,84232,34.599,348.98,242.9,0.17923
5346,5734.6,82381,27.595,362.55,106.88,0.54464
5347,5085.8,83060,32.657,248.16,164.23,0.20353
5347,5660.9,82370,24.37,514.01,176.93,0.48785
5348,5918.3,82955,23.181,349.61,194.91,0.28411
5349,3469.9,82700,25.114,726.98,694.56,0.022806
5349,5109.2,83588,30.815,305.34,208.49,0.18848
5349,6041.6,81817,31.504,150.8,216.24,-0.17829
5350,5494.6,82981,36.489,419.34,228.79,0.29401
5351,3523.9,83720,36.099,411.79,252.48,0.23983
5351,5352.9,83508,29.973,1003.9,938.53,0.033653
5353,5519.9,83754,21.588,988.89,717.91,0.15876
5354,5769,83745,25.553,1080.7,694.69,0.21744
5355,3607.3,82866,36.335,246.94,237.73,0.018995
5355,5978.7,84113,36.648,611.11,449.8,0.15206
5357,4675.4,83587,27.684,563.44,199.09,0.47781
5357,5726.3,83787,11.594,709.41,411.55,0.26571
5358,4512.1,83624,32.247,399.92,256.25,0.21895
5358,4730.7,84300,29.269,291.33,228.82,0.12018
5359,5017,84442,34.783,393.71,276.44,0.175
5361,3834.5,81785,30.26,329.35,141.77,0.39817
5361,4968.4,82653,34.289,499.9,485.92,0.014189
5362,4699.4,82387,26.252,362.78,252.8,0.17866
5363,4524.2,83847,31.178,366.8,248.54,0.19219
5365,6214.6,81801,36.857,297.46,236.74,0.11367
5368,4054.7,82776,35.837,531,513.62,0.016641
5369,4199.2,82570,38.418,438.73,357.28,0.10232
5369,5576,83817,31.587,208.26,157.75,0.138
5370,4128.7,82717,27.457,422.27,282.49,0.19833
5370,5660.4,83776,12.981,817.23,484.57,0.25554
5370,6223.3,84365,24.825,355.53,299.93,0.08483
5371,4031.7,82812,28.439,515.76,387.1,0.1425
5371,5545.7,83493,22.971,555.87,457.92,0.096625
5371,6136.7,84430,19.377,573.25,393.81,0.18555
5372,5984.1,82446,29.84,398.69,429.88,-0.037647
5373,4083.8,84313,29.113,164.87,272.44,-0.24596
5373,5876,82634,31.572,637.13,657.32,-0.015598
5374,5499.6,82519,28.074,300.51,200.37,0.19992
5374,5673.6,83852,23.985,403.88,274.24,0.19118
5375,5144.7,84338,25.261,588.62,273.38,0.36571
5375,5256.5,83548,32.231,715.41,580.39,0.1042
5376,3733.7,83127,14.717,590.11,246.44,0.41081
5376,4724.5,82542,33.604,755.78,205.69,0.57214
5376,5608.4,83670,19.378,640.65,287.1,0.38108
5377,3734.2,83046,30.583,302.42,311.84,-0.015338
5379,5521.5,82646,37.901,924.57,573.35,0.23447
5382,6233.8,83941,38.783,386.26,223.03,0.2679
5384,5853.5,83301,34.369,450.85,257.34,0.27325
5384,6215.7,84466,31.29,260.63,254.4,0.01209
5387,5505.9,84401,21.75,385.69,107.24,0.5649
5389,5509.4,84531,40.671,813.22,523.12,0.21709
5391,5857.6,82047,37.734,284.58,262.49,0.040384
5392,6086.2,82874,33.47,756.78,522.35,0.18327
5393,4012.4,82138,29.215,1012.4,450.25,0.38433
5394,3735.6,82029,32.959,511.61,303.34,0.25557
5394,4181.3,82844,19.422,963.8,723,0.14275
5394,4657.5,81991,30.277,253.31,193.76,0.13319
5396,4499.3,82276,29.901,488.26,316.48,0.21347
5396,5174.1,82183,40.949,249.01,187.53,0.14083
5396,5996.6,82257,30.929,224.37,207.43,0.039228
5397,3712.6,83108,18.11,514.59,332.82,0.21451
5397,5368.7,82433,35.036,348.02,313.65,0.051954
5397,5729.7,84242,22.472,773.69,605.94,0.12159
5398,3723.5,83114,16.738,415.91,409.25,0.0080768
5398,5441.8,84386,28.961,644.43,380.98,0.25692
5399,3698.6,83156,25.864,422.21,528.3,-0.11161
5399,6035.5,81827,25.383,269.4,173.87,0.21552
5400,5096.2,83251,27.403,369.54,107.71,0.54862
5403,3552.6,82370,19.57,448.31,546.45,-0.098659
5403,5166.6,83688,28.921,515.28,388.56,0.1402
5404,3641.5,82339,26.525,415.09,377.04,0.048034
5404,5333.5,83772,25.035,473.01,213.26,0.3785
5405,4890.7,82398,33.24,803.64,635.42,0.11689
5405,6154.9,82054,27.127,265.47,109.85,0.41465
5406,4555.9,84335,40.499,665.43,497.12,0.14477
5406,4899.4,84063,25.875,421.67,194.28,0.36917
5406,5679.7,81921,30.484,301.87,435.04,-0.18071
5407,3738.1,83216,38.894,737.68,657.06,0.057809
5407,5452,82569,34.558,541.98,360.29,0.20137
5408,4159.1,81956,32.542,544.24,870.35,-0.23053
5408,4882,84453,30.547,418.31,296.33,0.17069
5408,6380.8,82539,32.214,154.58,160.53,-0.018872
5412,5317,83888,16.295,1875.5,1093.6,0.26334
5413,5521.4,83871,33.068,483.11,388.46,0.1086
5414,5264.7,83856,22.929,588.96,409.41,0.17985
5414,5427.4,84411,32.394,915.7,492.19,0.30081
5415,5180.4,84680,33.066,645.15,472.42,0.15456
5416,3636.3,82405,38.305,576.71,288.62,0.33293
5416,5606.8,83040,32.377,580.3,427.25,0.1519
5416,5998.1,82321,38.945,184.75,103.55,0.28162
5417,5157.4,82296,30.219,254.89,158.57,0.23296
5417,6308.4,82835,25.744,705.04,469.52,0.20052
5418,6243.4,82813,28.354,553.64,392.83,0.16991
5419,4293.7,81814,33.159,337.95,278.42,0.096583
5420,3704.5,82060,29.825,410.71,283.18,0.18379
5420,4758,83126,24.08,646.13,211.88,0.50611
5420,5965,82563,25.29,521.24,286.83,0.29009
5421,3722,82184,30.89,192.84,477.49,-0.42465
5421,4789.4,82459,31.07,423.78,362.25,0.078277
5421,4746.9,84351,30.935,260.34,111.61,0.39987
5422,4810.3,82104,30.264,573.34,341.26,0.25375
5423,6330.8,82862,30.208,352.89,157.04,0.38407
5424,4614.7,83535,23.683,463.91,375.21,0.1057
5425,4705.7,84038,28.439,692.47,468.51,0.19291
5425,5461.5,83410,22.803,439.99,233.34,0.3069
5426,4458.6,83611,38.307,517.25,316.86,0.24025
5429,3851.5,81905,24.133,626.97,251.58,0.42729
5429,5323.2,84009,28.215,744.36,419.2,0.27945
5430,3911.2,83007,35.928,582.46,576.73,0.0049442
5432,5504.2,84274,21.994,859.46,408.38,0.35579
5433,3813.9,82822,27.863,323.15,124.28,0.44446
5433,5337.9,84346,35.949,550.34,362.21,0.20616
5434,3907.1,81738,29.374,673.65,344.98,0.32266
5434,5531,84485,25.996,449.74,360.36,0.11033
5435,3600.6,82229,31.537,492.84,367.47,0.14572
5435,4870.1,82432,27.336,738.77,353.32,0.35295
5435,5691,82640,34.856,236.81,189.62,0.11067
5436,3531.8,84185,38.397,156.6,169.41,-0.039277
5436,3695.2,82109,33.815,299.67,132.09,0.38813
5436,3720.8,82702,32.719,421.64,267.01,0.22454
5437,3508.8,83958,29.349,681.41,582.63,0.078148
5437,3478.9,84038,35.029,705.16,615.55,0.067852
5437,3665,81755,33.001,454.61,373.55,0.097885
5437,4540,82156,31.886,244.12,111.97,0.37111
5437,5331.8,81913,30.226,574.97,374.5,0.21114
5438,3600.5,84010,29.026,907.9,428.12,0.35911
5438,4542.7,83575,36.281,239.47,145.22,0.245
5438,5257,81806,35.398,736.5,482.62,0.20825
5439,3470.5,84094,18.812,351.95,138.91,0.434
5440,4652.8,82408,28.396,767.4,293.77,0.44633
5440,5443.1,83344,26.367,462.84,185.98,0.42672
5440,5514.6,84603,17.945,572.9,130.84,0.62816
5440,6400.1,81882,32.172,700.27,163.66,0.62112
5441,4143.4,82527,34.366,352.1,219.25,0.23252
5441,4818.1,82461,27.057,901.89,389.4,0.39688
5441,5437.5,83353,25.995,1131.7,828.77,0.15454
5442,5474.3,84130,29.826,669.7,355.25,0.30679
5442,6242.8,82263,27.693,690.1,306.13,0.38543
5443,3892.2,81841,22.603,555.62,391.43,0.17337
5443,3980.4,82942,33.93,423.65,264.35,0.23154
5444,5185.9,82558,17.174,675.7,203.3,0.53743
5445,3737.3,82637,33.896,318.01,260.25,0.099884
5445,4586.2,82654,37.574,460.94,335.35,0.15771
5445,4940.7,82613,32.089,1146.1,748.03,0.21015
5445,5231,82576,22.478,602.22,277.99,0.36836
5446,4914.8,84353,35.785,251.16,208.5,0.092807
5446,5045.8,82707,24.348,1113.3,569.4,0.32321
5447,3818.8,82866,29.368,581.04,452.55,0.12432
5447,4694.9,82597,21.263,522.26,206.71,0.43287
5448,4940.4,82545,36.008,434.88,377.99,0.069986
5449,4927.3,82409,33.72,335.42,260.77,0.12521
5449,5016.3,83726,28.048,533.73,354.59,0.20166
5449,6400.4,83224,36.376,289.92,187.24,0.21519
5450,4175.4,82897,36.33,392.87,181.43,0.36817
5450,5145.2,83797,38.827,701.1,555.63,0.11575
5451,5835.1,83865,37.943,542.46,267.66,0.3392
5452,3976.4,84713,17.961,339.99,181.64,0.30356
5452,4294.9,83433,36.147,329.15,245.95,0.14466
5452,4227.9,82561,30.251,489.72,299.42,0.24116
5452,5759.3,83592,29.333,1095.8,744.44,0.19095
5453,5776.3,83838,23.556,572.83,399.08,0.17877
5454,3979.3,82687,27.318,353.93,135.51,0.44627
5454,5750.6,83956,36.29,360.64,232.12,0.21682
5456,3956.9,82375,15.965,882.53,317.23,0.47118
5459,3823.7,82041,28.166,688.47,470.7,0.18787
5462,3474.8,81901,17.284,585.36,198.95,0.49268
5463,3426.6,81788,29.047,566.74,364.11,0.21768
5463,5141.8,83785,28.684,354.83,371.04,-0.022332
5464,5140.1,83797,21.789,860.02,398.5,0.36671
5464,6389.2,82468,24.768,461.88,253.23,0.29178
5467,5373.8,84290,24.593,627.48,347.75,0.28684
5470,5472.9,82295,38.446,450.16,336.73,0.14415
5471,5020.4,83679,25.41,324.13,122.99,0.44987
5474,4229.1,83302,31.976,333.35,196.27,0.25882
5474,5651.5,82508,36.603,329.46,209.5,0.22259
5475,5780.3,82466,34.842,322.46,237.05,0.15264
5477,5873.2,82911,18.084,480.78,257.31,0.30277
5479,6043.7,82893,26.973,544.96,509.86,0.033275
5480,4769.3,83778,37.611,290,243.4,0.087365
5481,3453.3,84391,35.869,198.36,171.03,0.073992
5481,5841.2,82327,26.608,555.11,417.34,0.14167
5482,5893.3,82511,23.662,1179,483.85,0.41803
5483,6028.9,82480,16.516,1437.6,778.43,0.29746
5484,5769.3,82595,22.481,731.41,349.49,0.35334
5485,5706.8,82473,21.944,813.3,490.75,0.24735
5485,6019.5,82429,31.076,1079.8,761.69,0.17274
5486,5080.3,82528,18.386,784.41,467.87,0.25277
5486,5332.8,83699,25.766,547.63,505.7,0.03981
5486,5677.1,81884,26.217,426.62,217.28,0.32511
5487,5072.6,82492,18.574,849.91,525.32,0.23602
5488,3710.7,83070,17.766,597.12,175.31,0.54609
5488,5250.9,82594,25.273,257.06,172.39,0.19717
5489,4086.7,82607,26.087,761.36,404.83,0.30573
5489,4190.3,83691,32.277,337.3,165.15,0.34262
5490,4980.7,84228,36.694,344.04,175.74,0.32379
5490,5123.2,83437,30.936,293.06,317.41,-0.039889
5492,4801.1,82300,31.256,257.87,127.16,0.33947
5492,6336.5,82146,33.06,141.14,127.24,0.051803
5493,4813.2,82400,23.211,549.15,361.82,0.20564
5494,4809.8,84224,34.505,332.4,152.07,0.37223
5495,4450.8,82440,32.522,484.57,189.92,0.43686
5495,5356,83497,26.714,876.12,735.3,0.087384
5496,4978.9,83758,26.379,1057.2,720.27,0.18955
5497,4815.1,83835,26.729,296.58,184.99,0.23174
5499,5991,81859,32.384,522.32,681.4,-0.13216
5500,4233.5,82365,31.058,507.06,442.56,0.067914
5504,5589.2,82892,24.437,228.47,117.7,0.31998
5505,3817.5,81947,29.107,751.57,651.21,0.071542
5505,4865.1,82468,25.068,509.96,612.34,-0.091225
5505,5559,83002,27.533,989.79,482.27,0.34477
5507,5930.6,83646,26.055,578.66,276.94,0.35264
5508,5731.7,83634,31.127,474.19,335.57,0.17118
5508,6214.9,82037,34.477,333.05,192.71,0.26692
5509,5323.1,83754,21.646,1098.4,812.38,0.14968
5510,5528.9,83616,14.937,1161.9,692.55,0.25308
5511,3764.6,83246,34.245,504.76,366.24,0.15904
5511,4624.2,83739,39.848,498.18,163.45,0.50591
5512,4641.9,84045,35.816,482.84,347.75,0.16264
5512,5408.1,83811,32.036,634.47,1069.3,-0.25521
5513,4225.3,83062,24.677,289.16,120.04,0.41329
5514,4788.7,84197,26.022,692.85,350.23,0.32847
5514,4787.3,84300,28.873,549.74,237.61,0.39644
5514,5555.3,84318,26.124,401.83,203.03,0.32868
5515,5714.5,83966,35.453,335.82,271.21,0.10644
5516,3864.1,82866,35.466,613.37,399.83,0.21076
5517,3667.2,81885,30.146,698.93,537.42,0.13064
5518,3462.2,81880,32.925,1161.6,857.58,0.15055
5518,5671.9,84063,35.459,147.48,262.27,-0.28015
5519,6167.4,84292,29.601,353.71,240.77,0.18998
5523,6266.1,82863,26.817,637.56,444.74,0.17816
5525,3480.1,82052,25.438,468.28,580.41,-0.10692
5526,3511.3,81970,19.352,308.83,216.95,0.17475
5526,6303.2,83175,33.313,316.59,315.37,0.0019269
5528,3642.3,83117,19.18,388.14,109.75,0.55914
5528,4349.3,83538,36.101,252.26,137.49,0.29447
5529,5472.4,82303,19.451,255.89,125.01,0.34361
5530,4016,82028,27.367,193.59,136.09,0.17442
5530,4299.8,83405,28.671,212.16,290.06,-0.15513
5530,5456.2,84395,24.666,540.74,479.76,0.059753
5531,5196.6,82477,33.568,464.56,196.72,0.40503
5531,5930.7,82740,26.241,615.36,342.3,0.28513
5532,3457.7,81798,18.349,1011.9,972.91,0.019661
5532,3624.9,83050,18.89,953.14,512.11,0.30099
5532,5205.4,82517,30.157,237.46,183.82,0.12732
5533,3458.7,81876,15.598,539.8,300.42,0.28491
5533,4894.6,82506,40.853,394.66,273.1,0.18205
5533,4879.2,83976,34.892,377.42,429.79,-0.064871
5534,3453,81880,12.245,570.6,431.65,0.13864
5534,4816.4,83836,35.655,245.58,280.11,-0.065673
5535,3474.9,81887,13.181,554.09,542.8,0.01029
5535,4758.8,83979,29.742,557.04,328.85,0.25758
5535,5617.2,82173,21.519,456.07,295.41,0.2138
5536,3464.9,81842,14.482,587.29,500.74,0.07955
5536,4017.8,82523,25.305,786.18,636.23,0.10542
5537,5634.5,82310,32.103,160.26,136.41,0.0804
5538,3421.9,81849,10.709,794.71,918.37,-0.072188
5538,5885.4,82321,22.058,224.85,140.59,0.23057
5539,4578.1,82512,34.272,465.98,348.81,0.1438
5540,4803.4,82497,35.696,368.49,123.63,0.49757
5540,5336.5,83707,25.553,758.09,765.35,-0.0047669
5540,5821.2,82737,25.617,903.79,630.28,0.17829
5543,5427.4,82635,28.642,364.96,236.6,0.21337
5543,5654.6,83759,15.852,471.89,225.77,0.35277
5545,3497.5,81889,21.141,213.14,494.09,-0.39726
5546,4842.2,82606,30.657,751.19,580.78,0.12794
5547,4705.1,82266,32.266,754.72,491.55,0.21117
5547,5524.4,84579,35.62,200.29,149.83,0.14414
5548,4795.3,82558,21.178,875.48,394.73,0.37848
5548,5121.9,83665,36.334,420.69,219.44,0.3144
5550,4725.8,82421,32.827,471.16,393.33,0.090032
5551,6042.5,83256,26.494,504.54,333.13,0.20464
5552,3531.5,81742,28.452,366.47,215.38,0.25968
5552,5749.2,82497,26.235,346.6,275.2,0.11483
5557,5120.2,83636,31.252,366.41,160.02,0.39206
5557,5275.1,82782,34.735,974.99,519.22,0.30503
5558,5265.8,83680,20.637,894.34,805.38,0.052337
5559,5225.9,82920,34.4,567.01,298.91,0.30961
5561,5301.6,83790,24.28,556.56,551.18,0.0048582
5563,5058.5,81929,36.345,189.33,129.02,0.18943
5563,5531.5,83409,27.472,532.84,182.93,0.48886
5563,5873.9,82930,25.736,371.4,161.76,0.39321
5564,5738.5,83105,38.555,220.95,141.42,0.21949
5565,4529.1,83549,23.67,530.3,320.63,0.2464
5566,4415.5,83753,30.651,756.47,472.14,0.23142
5566,5795.8,82907,23.323,670.36,429.8,0.21866
5567,5918.3,82885,20.069,1001.6,418.59,0.41054
5568,5202.4,83050,36.773,690.29,581.5,0.085546
5569,5124.4,83166,26.71,929.97,571.21,0.23898
5570,3927,82857,33.959,513.28,490.47,0.022722
5571,4833.4,82488,32.444,548.86,163.93,0.54004
5572,5216.6,82771,21.532,607.41,426.07,0.17547
5574,4985.3,84660,27.788,670.54,524.99,0.12174
5574,5073.4,82526,14.244,1149.9,664.96,0.26721
5574,6302,83126,27.233,539.66,367.5,0.18978
5575,5079.6,82443,15.415,1914.4,1213.8,0.22396
5575,5711.6,84215,27.964,887.48,746.58,0.08623
5576,5193.4,82366,18.516,676.87,360.37,0.30513
5576,5927.8,84422,38.739,218.47,273.49,-0.11184
5577,4073.2,83230,33.702,420.45,360.1,0.077315
5577,5602.5,83603,27.464,316.18,228.82,0.1603
5578,5342.6,83739,29.869,405.26,358.89,0.060679
5579,5730.4,82618,27.934,508.51,139.83,0.56865
5580,5113.8,83139,34.704,309.17,258.32,0.089601
5580,5970.9,83129,31.668,340.75,252.38,0.14899
5581,5845.6,83221,34.794,480.79,279.51,0.26475
5582,5066.7,82788,31.355,274.5,223.79,0.10176
5582,5883.7,81913,32.226,749.6,628.52,0.087857
5582,6221.2,83081,22.765,694.4,537.7,0.12719
5583,5182.2,82722,29.078,377.43,353.04,0.033381
5583,5401.9,83492,25.737,700.58,588.42,0.087018
5584,5454.9,82041,23.327,472.05,125.35,0.58036
5584,5448,84431,33.754,818.99,389.94,0.3549
5584,6161.9,84268,29.314,669.63,640.01,0.022624
5585,5906.2,82915,20.414,424.82,241.11,0.27587
5587,5344.8,84396,28.326,811.96,956.22,-0.081586
5588,5307.7,82392,31.219,310.54,319.03,-0.013492
5588,5454.8,84425,22.409,632.77,502.74,0.11452
5588,6028.4,81892,36.465,155.2,150.19,0.01639
5589,5435.5,84490,23.76,774.27,433.87,0.28176
5589,6142.4,84366,32.618,465.7,320.35,0.18491
5592,5850.4,84055,38.177,397.78,226.36,0.27464
5593,5374.4,83322,24.189,261.22,228.22,0.067425
5594,5459.6,84386,35.579,858.14,664.12,0.12746
5596,4295.9,82576,35.153,246.86,222.96,0.050862
5596,5066,82609,28.627,355.95,147.14,0.41505
5599,4050.8,82462,30.961,637.48,575.78,0.05085
5600,3988.3,82596,18.988,925.7,1054.8,-0.065191
5600,5348.3,84065,26.458,436.93,306.25,0.17585
5601,5272.5,83848,21.003,576.23,399.37,0.18128
5601,6020.3,82997,34.679,531.25,536.61,-0.0050198
5602,4154.9,82427,28.535,741.52,392.61,0.30765
5603,5489.9,84071,27.293,1103.8,1262.8,-0.067192
5603,5684.7,83711,14.051,657.5,557.61,0.082204
5604,4233.5,81813,36.754,484.24,291.78,0.24801
5605,3975.5,81728,34.452,534.07,331.3,0.23431
5605,5103.1,83497,32.941,514.54,241.82,0.36057
5605,5512.6,81790,26.815,548.43,243.16,0.38564
5607,4817.3,84301,28.002,624.65,281.59,0.37855
5608,4634,82873,35.62,561.22,342,0.24271
5609,4807,82788,39.433,779.7,365.34,0.36188
5610,4920.1,82940,29.901,678.56,340.58,0.33163
5612,5106.4,83641,28.701,437.43,204.41,0.36305
5613,3949.2,84605,35,266.47,162.71,0.24177
5613,4843.4,82967,32.376,444.4,138.99,0.52352
5613,5945.3,82913,18.355,619.94,458.07,0.15015
5614,5906.4,82852,20.174,603.55,351.14,0.2644
5615,5725.3,82785,29.359,336.44,324.83,0.01756
5616,4813.8,82764,28.157,332.41,111.82,0.49655
5616,5973.7,82195,34.736,302.02,212.22,0.17464
5617,5784.5,83899,20.761,523.52,171.7,0.50606
5619,5441.7,83805,25.795,741.36,361.3,0.34467
5620,5505.2,83621,29.936,416.42,105.82,0.59476
5620,5882.3,81837,32.17,275.65,415.36,-0.20217
5621,5300.5,84582,28.021,561.03,368.74,0.20682
5622,5828.5,82886,30.19,508.68,297.73,0.26159
5623,6041.8,82943,34.158,1219,651.41,0.30346
5624,4434.1,81862,30.851,345.6,149.32,0.39657
5625,4207.4,81919,36.334,494.81,296.67,0.25034
5625,6405.2,82342,35.245,337.94,298.01,0.06279
5626,5134.3,83683,23.245,908.59,655.5,0.16181
5627,5042.8,83876,31.365,640.55,364.29,0.27494
5627,6024.8,82902,28.502,588.65,521.23,0.060748
5628,5363.6,83759,24.352,704.29,202.62,0.55316
5628,5731.1,84228,33.403,805.49,236.72,0.54574
5629,5636.3,83761,18.875,922.32,552.75,0.25055
5629,5611.9,84243,38.975,686.38,295.22,0.39848
5629,5890.4,82959,22.055,632.05,314.19,0.33592
5630,5550.8,84175,25.593,836,548.65,0.20753
5631,5814.9,81788,33.453,364.2,456.07,-0.112
5633,4511.4,82495,33.467,371.04,428.36,-0.071701
5633,5593.5,83193,31.135,748.55,370.56,0.33775
5633,6127.3,81930,29.442,531.11,338.9,0.22093
5634,4436.6,81832,28.21,470.04,276.95,0.2585
5635,5608.2,83633,33.993,617.16,563.33,0.045599
5635,5628.1,84309,19.179,801.99,178.29,0.63625
5635,5955.2,82187,20.124,516.04,248.25,0.35038
5636,3501.8,82434,17.263,822.61,688.76,0.08856
5636,5722.3,83809,18.191,348.55,169.79,0.34485
5636,5987.5,82285,20.987,917.08,529.53,0.2679
5637,3901,82962,34.973,267.56,122.25,0.37276
5638,3723.1,81798,36.322,506.51,467.02,0.040565
5638,6094.7,82052,31.923,349.18,417.31,-0.088881
5641,3479.8,82412,35.256,890.76,412.96,0.36649
5641,4299.2,83470,34.319,638.4,435.07,0.18942
5641,4739.4,82096,40.27,1049.9,538.83,0.32167
5642,3687.1,82886,28.438,808.52,509.82,0.22657
5643,3522.9,83025,23.208,741.86,114.07,0.73347
5646,5046.2,83772,21.147,415.72,176.52,0.40388
5649,4276.7,84076,31.688,936.91,556.32,0.25488
5650,4865.1,83890,22.728,710.74,688.96,0.015563
5652,5418.8,84310,32.48,199.24,140.21,0.17391
5655,4913,81871,33.225,442.11,298.73,0.19353
5656,4351.1,83459,29.997,371.43,209.75,0.2782
5657,4560.6,82503,33.144,249.17,196.01,0.1194
5657,5303.8,82267,23.149,1221.6,1450.3,-0.085595
5659,3916.3,82893,28.668,285.34,150.86,0.30829
5659,4580.6,82104,29.573,700.43,539.69,0.12961
5660,3781.3,82398,24.131,337.93,186.65,0.28837
5660,4897.7,82494,31.846,570.73,339.41,0.25416
5660,5076.9,83757,29.65,502.35,573.72,-0.066326
5661,5027.9,83936,31.986,502.22,129.4,0.59027
5661,5870.5,82309,27.116,903.59,304.65,0.49571
5662,3647.6,81757,36.107,806.19,334.78,0.41317
5662,5460.6,83819,35.976,258.18,277.18,-0.035478
5663,3821.8,83020,32.596,419.61,263.64,0.22827
5663,5796,82201,24.803,519.43,250.74,0.34886
5664,3710.2,83180,19.913,346.19,187.17,0.29815
5664,6235.4,84363,25.242,319.86,269.51,0.085433
5665,4929.4,84333,29.572,318.9,170.43,0.30342
5666,5442.2,84194,20.965,654.43,271.92,0.41291
5666,6125.2,81959,32.415,456.06,523.83,-0.069161
5667,3458.7,82573,29.213,726.85,508.37,0.17687
5667,5379.8,84345,27.981,645.15,424.79,0.20595
5668,5322.7,84576,24.42,474.24,615.38,-0.12953
5669,3885.1,82344,27.68,225.71,139.91,0.23467
5669,4800.6,83690,32.65,445.89,525.77,-0.082212
5669,5445.5,84625,30.735,419.9,341.6,0.10282
5671,5044.7,82394,30.549,547.98,311.24,0.27552
5671,5597.5,83773,29.339,288.15,257.35,0.056459
5672,4499,82684,29.38,873.45,418.88,0.35175
5674,4635.7,82802,28.117,434.64,513.43,-0.083105
5675,5041,83494,29.91,335.85,234.56,0.17759
5676,4963.3,82615,30.432,288.75,134.81,0.36346
5676,5470.6,84483,29.795,575.14,515.85,0.054339
5676,5701.2,83630,19.553,748.43,501.78,0.19729
5676,6249.6,83053,37.193,206.96,188.44,0.04684
5677,3546.3,81943,27.144,750.31,452.31,0.24779
5677,4938.9,83752,28.91,185.53,187.07,-0.0041349
5677,5096.1,82742,20.516,1054.3,431.93,0.41877
5677,6204.9,83240,30.16,298.86,203.83,0.18905
5678,5226.1,82664,18.952,782.89,541.94,0.18187
5679,4861,84408,24.14,523.9,228.95,0.39178
5680,5113.9,82606,41.132,1028.9,956.53,0.036444
5683,4364.6,81736,28.822,440.12,322.05,0.15492
5685,5131.1,83122,27.774,750.84,259.9,0.48572
5687,5580.4,83753,32.673,544.01,319.93,0.25937
5688,3681.9,83178,33.227,285.7,331.01,-0.073465
5689,4047.3,83451,32.343,175.14,197.31,-0.059522
5690,3685.6,83136,17.527,648.5,332.48,0.32215
5690,5612.3,84427,30.662,515.33,268.28,0.31527
5691,5254.7,82714,37.391,262.83,278.52,-0.028979
5692,5287.3,82672,29.662,311.09,148.89,0.35263
5692,5442.9,84252,29.4,362.52,162.27,0.38158
5693,5338.5,82813,27.566,625.7,411.7,0.20629
5693,5510.6,84310,35.164,448.05,359.45,0.10972
5694,5460.3,84458,36.365,350.26,247.44,0.17202
5694,5889.2,82035,27.137,742.36,345.08,0.36534
5695,4715,84374,21.7,396.84,215.04,0.29711
5695,5001.6,82514,29.229,730.2,446.35,0.24126
5697,3449.4,82175,22.644,464.95,147.44,0.51847
5698,3512.1,82258,23.522,565.97,244.17,0.39721
5698,4533,84043,29.439,262.72,329.04,-0.11207
5698,4874,82605,31.775,427.39,192.95,0.37792
5699,3664.5,82375,23.466,912.15,818.06,0.054381
5699,4796.7,82375,30.65,846.8,304.27,0.47133
5700,4123.5,81820,29.096,240.61,157.43,0.20895
5701,3785.4,82054,27.971,530.82,388.08,0.15535
5703,4044,82594,22.872,595.17,250.79,0.40709
5703,5182.8,83706,31.371,361.27,303.22,0.087349
5703,6267.7,83135,25.523,530.27,210.54,0.4316
5704,5123.8,83741,32.089,829.54,540.21,0.21122
5705,5144.1,83736,29.197,919.14,629.22,0.18725
5707,5927.1,82912,20.051,447.14,281.84,0.22676
5708,5875.3,82956,32.695,207.5,146.64,0.17187
5710,4543.5,83403,29.469,204.37,138.19,0.19318
5711,5136,83604,23.662,454.41,390.84,0.07521
5713,3713.2,82211,29.2,358.47,230.64,0.21698
5713,4471.5,82027,41.265,410.93,402.83,0.0099593
5714,3674.3,82025,26.078,665.37,462.12,0.18027
5714,5122.8,82866,18.254,615.2,315.78,0.32162
5715,3485.6,83869,36.153,161.08,334.33,-0.34971
5715,3813.5,82839,25.095,230.25,154.65,0.19641
5715,5534.7,82781,38.395,290.29,262.15,0.05093
5716,3756.8,82880,20.677,1078.7,661.15,0.23997
5716,5487.4,83170,32.767,611.65,311.63,0.32495
5716,5749.7,83032,25.086,988.26,592.67,0.25023
5717,3962.3,82592,24.233,646.98,378.26,0.2621
5717,4783.6,82329,33.875,243.42,218.77,0.053349
5718,4812.3,82323,28.126,738.8,405.92,0.2908
5719,3529.5,83166,34.473,860.58,843.93,0.0097651
5719,5482.3,82615,32.901,323.76,214.31,0.2034
5719,5572.7,83929,16.177,815.55,767.47,0.030372
5721,4855.7,82480,33.503,324.41,198.76,0.24018
5721,5462.5,83213,31.904,237.47,155.12,0.20977
5721,5727.3,84123,21.021,800.61,452.24,0.27806
5722,4896.1,83030,32.883,627.68,244.49,0.43935
5723,5867.4,84364,30.992,483.87,321.91,0.201
5724,5229.8,82302,34.075,577.32,205.12,0.4757
5724,5936.6,81732,28.863,488.45,247.03,0.32826
5727,5371.9,82235,29.209,484.56,241.23,0.33525
5727,5266.3,84606,41.639,867.11,850.95,0.0094024
5727,6186.8,84299,30.08,556.01,350.2,0.22711
5728,5431.2,84617,28.629,465.08,292.84,0.22726
5732,4686.7,82632,32.484,445.25,190.71,0.40025
5732,4933.9,83675,29.808,515.14,393.04,0.13445
5732,5433.7,84648,16.611,623.14,437.55,0.17497
5734,4984.5,83309,33.543,427.38,293.21,0.18618
5734,5732.4,84195,21.772,603.84,612.62,-0.007218
5736,4259.7,81926,30.321,305.99,217.19,0.16973
5737,5615.7,81898,28.125,221.43,121.09,0.29296
5737,5796.1,83930,33.895,696.3,513.28,0.15131
5738,4985.1,82978,21.444,501.72,290.25,0.26702
5738,5297.5,82191,35.547,839.85,751.13,0.055765
5738,5791.8,83936,26.231,453.74,359.81,0.11545
5739,5109.7,82993,28.389,807.82,494.74,0.24036
5741,5652.8,82178,23.408,900.11,402.5,0.38201
5743,5743.9,82478,27.668,415.95,290.04,0.17835
5745,4755.8,83875,34.652,528.04,173.44,0.50551
5746,3750.4,82007,33.47,252.45,126.99,0.33065
5746,4952.3,82308,31.483,415.02,159.78,0.44404
5747,3541.5,81802,32.255,1345.8,828.12,0.23812
5747,5022,82323,29.878,559.83,359.5,0.2179
5748,4276.6,82911,23.315,436.14,126.47,0.55043
5748,5407.3,83992,27.07,793.27,355.03,0.38164
5749,5605.8,83698,16.127,851.63,495.42,0.26443
5750,5557.7,82891,25.756,459.67,220.14,0.35234
5750,5677.1,82060,36.337,293.51,126.18,0.3987
5751,4831.4,83811,30.1,751.53,404.33,0.30039
5751,5278.8,82832,24.489,771.3,467.15,0.24559
5751,5071.9,83859,29.394,974.35,487.27,0.33325
5752,4231.9,82873,19.966,543.59,106.4,0.6726
5753,4924.4,84139,22.675,769.83,505.43,0.20733
5753,5973.1,82323,26.764,333.84,295.14,0.061523
5754,4947.8,84213,34.608,732.46,563.69,0.13021
5754,6187.1,82166,26.312,310.91,143.42,0.36866
5755,5048.7,84378,24.073,966.05,487.52,0.32921
5756,5171.8,84076,31.176,577.54,457.21,0.11629
5757,3824.1,83079,31.959,459.67,128.38,0.56338
5760,4845.4,84720,38.756,647.37,528.37,0.10121
5761,4526.5,84357,34.005,446.52,388.4,0.069622
5761,4618.8,82225,26.127,541.83,202.44,0.45601
5761,6176.1,84299,21.714,334.86,195.1,0.26372
5762,5203.4,82933,32.159,296.49,122.12,0.41654
5764,6113.7,84267,30.139,186.31,101.79,0.29338
5765,4247.4,83870,27.468,200.67,170.79,0.080437
5765,6290.7,82731,33.994,335.94,127.08,0.45109
5766,4674.8,84200,34.509,259.43,219.77,0.082743
5766,5170.4,82832,36.871,544.58,649.39,-0.087782
5766,5412.1,84353,37.378,289.53,276.85,0.022397
5766,6073,84210,21.325,555.89,282.77,0.32567
5767,3912.6,82536,30.015,429.23,323.12,0.14104
5767,5804.2,82946,34.491,426.06,368.07,0.073026
5772,5181.1,83087,19.778,439.79,172.9,0.43559
5773,6142.8,82813,25.808,277.3,158.04,0.27394
5774,5653,83726,15.314,690.01,259.07,0.45406
5775,4745.4,82614,34.659,677.96,525.26,0.1269
5776,6394,82451,34.646,220.11,155.14,0.17313
5777,4886.2,84049,30.104,166.14,134.34,0.10581
5778,4873,83982,31.208,256.45,274.92,-0.034766
5778,5634,82402,22.446,855.29,397.16,0.36579
5779,5496.7,82447,23.827,1354.9,1069,0.11795
5780,4691.3,82867,32.356,292.31,223.36,0.13371
5781,3762.3,82875,26.532,410.77,108.05,0.58348
5781,4989.7,82517,27.89,728.02,658.81,0.04991
5782,4042.3,82771,35.707,337.94,218.74,0.21414
5782,5374.4,83900,36.573,458.89,457.81,0.0011807
5782,5753.4,83662,31.152,482.69,707.41,-0.18883
5783,5646.3,83774,20.746,484.67,493.78,-0.0093041
5785,3544.6,82626,32.076,409.68,240.37,0.26045
5785,5372.6,83870,29.785,477.37,329.18,0.18374
5785,5391.3,82704,41.659,908.41,934.95,-0.014398
5786,4155.9,83383,21.613,470.28,223.96,0.35481
5786,4193.7,83526,29.562,947.17,390.79,0.41584
5786,5466.3,84163,34.569,899.53,742.12,0.095886
5787,5747.4,84295,35.099,407.65,186.09,0.37317
5788,3682.6,81970,29.932,540.14,263.91,0.34355
5790,3931.7,82624,27.972,522.92,341.49,0.20988
5790,5027,83701,34.491,483.27,354.96,0.15307
5791,3829.3,82635,7.8583,1092.8,230.13,0.65208
5791,4418.9,81860,26.78,220.69,111.69,0.32797
5791,6050.3,82256,26.838,198.74,181.07,0.046504
5793,3807.8,82541,24.087,329.81,109.37,0.50195
5793,4208.9,82886,28.848,308.77,141.64,0.37105
5793,5060.8,83171,30.771,453.11,354.99,0.12142
5793,5654.6,83467,28.587,762.75,393.82,0.31898
5794,3810.5,83010,41.761,810.23,445.35,0.29061
5794,5698.7,83641,24.301,381.11,136.94,0.47132
5794,6169.2,82004,28.251,904.89,464.63,0.32147
5795,3659.2,82506,11.405,1216.1,399.12,0.50579
5795,4818.9,83841,23.994,668.13,561.76,0.08649
5795,5230.6,83801,26.593,386.89,118.53,0.53095
5795,5869.7,82364,22.974,279.9,133.89,0.35287
5796,5056.6,83773,20.345,802.27,698.87,0.068882
5796,5879.1,82385,35.01,495.78,149.23,0.53727
5797,4992.1,83902,35.11,693.03,426.18,0.23843
5798,6298.8,82345,22.717,332.56,155.12,0.36384
5803,4783.3,83851,31.071,414.89,256.07,0.2367
5803,5510.5,83067,36.382,257.84,177.55,0.18441
5804,3765,82697,38.75,378.81,236.52,0.23124
5804,5159.2,82395,33.965,503.04,313,0.23287
5805,3998.1,82115,39.004,326.21,227.73,0.17778
5805,5923.5,81832,34.369,529.95,353.53,0.19968
5806,3802.2,82902,35.274,293.17,136.87,0.36346
5806,5103.1,84260,21.125,781.44,468.05,0.25081
5807,5131.8,84310,24.871,625.42,274.45,0.39002
5808,3644.4,83135,31.236,492.39,233.56,0.35654
5809,3693.6,82704,24.115,719.96,407.02,0.27769
5809,5193.5,83696,19.007,372.5,267.41,0.16423
5809,5203.2,82288,33.559,592.16,423.3,0.16629
5810,5311.7,82424,27.354,224.16,201.99,0.052009
5811,5430.6,83202,28.878,755.25,471.77,0.23102
5812,5447.6,83027,22.805,259.67,250.26,0.018448
5813,5112.9,82434,26.057,1321.1,966.19,0.15518
5813,5573,83002,23.543,376.67,479.46,-0.12006
5814,4573.1,83814,18.858,572.85,295.3,0.3197
5814,5443.5,82321,30.163,427.92,189.33,0.38654
5816,5242,82859,34.369,513.47,805.79,-0.22158
5820,5532.7,81958,29.769,221.56,132.08,0.253
5822,4457.9,82321,25.111,590.39,398.43,0.19413
5822,6163,84242,31.245,370.48,161.02,0.39408
5823,4420.9,82236,35.142,454.67,255.68,0.28013
5823,6198.8,82065,39.693,442.59,601.96,-0.15258
5823,6163.3,84288,19.069,712.1,400.67,0.27988
5824,3692.2,83002,31.373,397.42,235.76,0.25531
5824,6135.8,84217,32.514,422.32,211.42,0.33279
5825,3621.2,83201,19.701,556.85,156.72,0.56075
5825,4242.4,82378,36.75,783.18,341.2,0.39309
5826,4382.9,82654,25.249,581.41,197.16,0.49353
5826,6016.4,81764,27.382,265.2,115.61,0.39283
5827,6034.7,81859,24.799,861.8,462.29,0.30173
5829,4355.5,82627,31.093,359.43,215.95,0.24937
5829,5735.5,82392,31.559,362.34,137.65,0.44938
5830,4367.1,84725,34.497,429.42,157.48,0.46335
5830,5438.6,84159,28.441,487.91,452.99,0.037114
5831,5268.9,84042,36.745,508.29,293.2,0.26836
5832,5328.7,82282,22.437,634.87,385.68,0.24417
5832,5444.6,83194,26.849,486.79,393.36,0.10615
5833,5355.1,81803,24.172,536.17,274.01,0.32358
5833,5394.2,83238,28.791,592.55,370.5,0.23057
5834,5069.6,82760,35.089,644.85,489.13,0.13733
5834,5490.9,83365,26.27,454.11,343.27,0.13901
5835,4408.3,81818,24.058,416.52,213.23,0.32281
5835,4947.2,82802,27.182,679.96,479.25,0.17314
5835,5498.3,82190,22.239,360.63,197.7,0.29182
5838,4908.5,82415,30.215,564.79,176.08,0.52466
5840,5095.4,82532,31.175,339.15,240.05,0.17111
5841,5126.9,82463,25.772,724.4,486.84,0.19613
5842,5028.1,82400,24.321,1120.2,457.23,0.42027
5842,6375,82036,29.891,802.2,407.63,0.32613
5843,5082.1,82626,30.097,486.17,253.14,0.31521
5845,3712.5,82103,23.292,602.47,214.92,0.47413
5845,5719.3,83842,27.894,249.61,125.23,0.33182
5845,6413.3,82180,32.442,316,145.51,0.36943
5846,3755,82140,29.102,374.69,254.06,0.19185
5846,6056.4,82813,20.639,530.32,291.6,0.29044
5848,3862.1,82331,22.129,594.4,355.04,0.25211
5849,5187.7,84183,19.488,630.27,219.15,0.484
5850,5238.6,83039,32.37,215.97,147.07,0.18977
5850,5258.8,84312,32.903,405.39,224.36,0.28746
5851,5069.2,84162,27.782,572.32,382.36,0.19897
5852,5144.1,82940,25.76,656.99,185.76,0.55916
5853,5387.9,83691,30.993,289.5,248.58,0.076053
5854,3442,83324,29.597,829.74,620.21,0.14451
5854,5995.5,83103,31.367,314.28,235.1,0.14414
5858,5534.9,83993,28.324,318.08,150.16,0.35862
5858,6145.9,84305,30.967,326.66,207.93,0.22209
5859,5569.6,82104,31.615,569.59,112.51,0.67011
5859,6116.9,84199,31.179,187.35,191.42,-0.010746
5860,4172,82222,29.557,176.96,136.3,0.12982
5863,3852.8,82703,33.965,296.95,136.23,0.37103
5865,3827.6,82946,27.956,364,209.68,0.26901
5866,4824.7,84460,25.274,975.63,567.56,0.26443
5866,5428,83395,25.894,504.67,294.15,0.26354
5867,5801.5,82691,34.287,358.67,277,0.12848
5869,5746,82578,32.947,345.57,113.53,0.50541
5872,5535.6,83828,24.798,908.66,635.77,0.1767
5873,4600.6,82797,33.335,703.87,324.24,0.36925
5873,5972.4,82356,32.055,1004.6,466.05,0.36619
5874,5035.7,82934,39.504,195.26,193.25,0.0051892
5876,5621.4,83347,23.318,232.63,284.29,-0.099923
5877,4789.7,82724,30.744,273.35,248.79,0.047034
5878,5618.2,83506,32.254,196.65,225.89,-0.069207
5878,5912.2,82908,19.28,531.26,400.56,0.14026
5879,5461.3,84266,34.206,296.35,255.81,0.073411
5879,5646.6,83487,29.41,221.28,264.65,-0.089237
5880,4197.8,81775,33.099,522.42,516.23,0.0059589
5880,5111.9,82775,26.894,293.37,131.52,0.38091
5880,5722.3,83655,19.215,579.61,746.35,-0.12575
5881,4023.4,83646,36.687,501.97,207.79,0.41448
5881,5569.7,83594,23.203,360.63,394.48,-0.044819
5882,5345,83578,37.662,496.44,791.45,-0.22906
5882,5623.3,84250,22.582,361.06,267.79,0.14831
5883,4282.6,83650,36.429,503.25,392.74,0.12333
5883,5363.1,84177,26.423,476.84,544.76,-0.066477
5884,5441.2,83641,29.05,613.06,568.65,0.037581
5884,5398.3,84447,32.488,370.84,276.6,0.14557
5884,5988.4,81836,27.399,512.86,328.21,0.21954
5885,5538.1,83675,16.667,1069.7,738.75,0.18299
5886,5409.6,83482,11.918,1090.1,706.13,0.21377
5886,6188.5,81883,35.187,325.98,272.55,0.089276
5887,5413.1,83416,17.484,475.2,233.1,0.34181
5888,5656.2,81946,30.565,656.31,370.59,0.27823
5889,5274.2,83789,38.632,257.24,182.69,0.16945
5894,5486.8,83779,32.039,870.33,478.53,0.29047
5895,3517.3,82330,31.435,583.26,296.59,0.32582
5895,5586,83526,24.687,335.33,151.01,0.37899
5896,3624.1,82384,23.667,367.13,117.79,0.5142
5897,5730.1,83784,17.366,714.4,161.3,0.63162
5898,5678.1,83820,27.401,453.01,148.87,0.50533
5899,5794.1,82008,32.855,327.92,143.19,0.39211
5900,3865.9,82257,34.041,305.33,148.76,0.34479
5900,5398.4,84287,19.622,293.99,194.59,0.20344
5900,5743.7,81863,16.881,753.05,407.32,0.29795
5901,5884,81811,28.593,400.76,377.7,0.029614
5902,3917.3,82932,29.215,327.97,217.44,0.20265
5904,5100.7,81821,36.717,324.5,247.91,0.13381
5905,4842.4,82217,19.486,529.08,125.04,0.61768
5905,5244,83152,34.923,630.86,455.91,0.16098
5906,5411,84539,33.498,375.02,231.1,0.23744
5907,5308.8,84585,22.532,480.77,253.42,0.30966
5908,5064.1,84508,32.251,559.41,489.14,0.06702
5910,5299.4,82833,26.146,541.59,384.73,0.16934
5911,4713.4,83842,31.43,595.47,832.09,-0.16575
5912,4028.9,83911,31.56,345.89,537.84,-0.2172
5912,5455.9,83238,31.662,326.72,216.68,0.20251
5913,5156.3,83162,25.699,716.69,654.58,0.045289
5914,3913.7,81837,29.28,685.93,546.69,0.11296
5916,3724.7,81929,21.795,1298,776.62,0.25129
5916,5484.7,84454,38.666,191.76,236.91,-0.10532
5917,3641.5,82339,19.352,1164.8,638.52,0.29186
5919,4755,84451,24.131,515.69,354.89,0.18471
5920,6263.3,83441,38.843,410.14,258.77,0.22631
5921,3436.8,83972,37.306,164.2,122.22,0.14655
5921,6321.7,82233,36.236,318.55,328.97,-0.016088
5922,5993.8,84259,25.449,725.49,422.61,0.2638
5923,5925.8,81797,27.302,279.76,305.36,-0.043754
5924,5968.4,83348,34.316,380.91,235.03,0.23685
5926,5209,84540,32.183,491.39,548.41,-0.054837
5927,4355.7,83202,38.386,655.97,319.89,0.3444
5928,3854.5,82324,34.566,192.95,154.57,0.11043
5928,5174.5,82897,25.528,580.28,482.59,0.09191
5929,3731.6,83202,37.187,201.86,108.31,0.30163
5929,5799.3,82488,29.122,328.51,167.1,0.32569
5930,5325.8,84541,29.138,357.94,565.06,-0.2244
5931,4662.1,82283,23.882,608.63,273.09,0.38055
5931,5680.9,83732,36.278,361.67,262.37,0.15913
5931,6135.5,82697,33.747,411.03,304.21,0.14936
5932,3709.6,82225,29.359,1056.5,904.36,0.077585
5932,5943.6,82925,34.098,367.29,280.96,0.13318
5933,4831.6,82217,24.915,322.35,248.27,0.12981
5934,5508.5,81822,30.307,715.35,374.37,0.3129
5935,3583.3,81785,15.908,862.21,424.04,0.34066
5935,5417.4,83025,35.6,262.39,230.45,0.064803
5937,5572.3,81846,26.952,567.52,225.18,0.43187
5941,4018.8,83741,36.599,277.35,243.46,0.065061
5942,5089.1,83681,32.762,183.36,458.03,-0.42824
5942,5952.3,82218,27.541,507.29,308.33,0.24395
5944,4737.4,82305,27.878,393.44,514.67,-0.13349
5944,6035.2,82433,26.247,602.13,371.19,0.23727
5945,6029.8,82230,17.83,604.91,299.03,0.33838
5946,5311.1,84439,42.792,575.77,367.56,0.22072
5946,5366,83611,27.078,515.12,1409.3,-0.46463
5946,6058.2,82134,21.652,653.32,305.06,0.36338
5947,5752.6,82322,32.396,398.55,303.05,0.13611
5948,5154.2,84286,27.322,666.84,313.29,0.36072
5948,5825.8,82301,31.744,909.68,590.58,0.2127
5950,5731,82201,26.57,1027.6,592.74,0.26836
5951,3774.7,81811,25.118,384.75,344.91,0.054602
5951,4353.1,81770,37.963,192.9,141.08,0.15517
5951,5678.7,83708,20.586,743.32,366.86,0.3391
5953,3788.7,82832,35.309,583.56,249.6,0.40083
5953,5854.2,82843,24.983,747.65,610.9,0.10065
5954,5482.2,83127,27.289,488.83,145.06,0.54231
5954,5937.8,81875,38.496,893.6,771.81,0.073133
5955,4606,82206,32.305,424.67,357.3,0.086154
5955,5950.1,81755,19.805,536.94,379.36,0.17197
5956,4536.1,82422,31.299,307.94,283.4,0.041501
5956,5177.1,83837,38.807,595.02,102.13,0.70701
5956,5817.7,82842,31.935,359,307.7,0.076947
5957,4472.1,82296,23.571,415.58,164.15,0.4337
5958,5436.3,83328,38.793,400.04,210.96,0.30946
5959,5345.8,82961,28.661,279.73,103.42,0.46014
5959,6418.1,82815,26.487,439.7,285.01,0.21346
5961,4990.7,84437,34.98,629.83,317.55,0.32962
5964,5288.1,83775,25.209,448.57,241.44,0.30019
5965,3665.1,83536,31.285,177.11,181.55,-0.012372
5967,5562,83440,19.983,466.32,176.38,0.45112
5969,6140.9,82884,36.77,504.77,542.04,-0.035604
5969,6102.5,83968,34.854,201.06,168.33,0.088597
5971,4903.8,82962,31.902,375.09,211.9,0.27801
5973,4201.4,83450,33.287,393.94,106.71,0.57372
5974,4838.8,82496,25.26,587.84,380.12,0.21459
5975,5298.1,83448,22.596,627.17,436.6,0.17914
5976,3544.2,84415,29.127,349.78,121.37,0.48479
5976,3861.5,82597,36.648,527.14,452.23,0.076484
5976,4990.7,83867,28.491,468.45,288.21,0.2382
5977,5221.5,83666,27.348,621.22,434.24,0.17715
5980,3686.3,83506,29.53,220.43,264.42,-0.090728
5980,5170.5,83584,32.955,325.3,226.04,0.18005
5981,5519,84086,28.762,334.86,160.33,0.35246
5982,3639,83457,23.243,227.11,183.21,0.10701
5983,3658.2,83555,27.153,431.78,399.32,0.039057
5983,4714.9,82401,24.492,755.8,456.32,0.24707
5983,5288.6,83272,39.082,360.8,370.11,-0.012739
5984,3857.8,82566,28.36,165.08,101.85,0.23685
5985,3697.3,83518,24.814,354.68,413.8,-0.07692
5987,3673.9,83368,33.04,882.82,901.39,-0.010408
5988,3754.4,83509,22.965,557.97,396.85,0.16874
5989,3677.5,83517,20.747,554.36,502.48,0.049091
5990,3748.9,83450,36.296,497.06,530.16,-0.032229
5990,5320.6,82541,24.337,376.61,286.8,0.13538
5991,5137.1,82502,22.081,830,562.78,0.19186
5991,5711.9,83738,17.863,692.89,246.88,0.47459
5992,3705.7,83138,18.493,602.5,386.22,0.21875
5992,4799.2,83090,18.891,616.91,120.9,0.67228
5992,5047.1,82457,24.979,675.65,393.16,0.2643
5993,3660.3,83144,19.913,800.87,474.87,0.25554
5993,5004.1,82953,12.037,1286.3,390.95,0.53382
5993,5737,82371,33.595,306.09,231.06,0.13968
5994,5037.1,82992,12.365,985.1,236.51,0.61279
5994,5862.4,82555,25.419,953.2,569.73,0.2518
5995,4970.2,83043,12.979,699.9,183.63,0.58432
5996,3756.9,83093,20.386,538.21,165.1,0.53051
5996,4931.2,82961,25.952,526.13,355.48,0.19357
5999,3840.7,83095,25.274,488.1,224.98,0.369
5999,3937.9,82402,34.505,626.94,508.72,0.1041
5999,5227.8,84015,32.678,459.59,441.26,0.02035
5999,5787.8,82888,35.959,231.71,176.29,0.13582
6000,3774.3,82385,24.245,488.5,138.42,0.55841
6001,3740.9,81870,16.617,954.76,824.98,0.072921
6001,4987,84228,25.575,333.88,256.27,0.13151
6002,3687.7,82994,19.988,867.91,678.39,0.12256
6002,5676.1,83705,31.148,440.73,326.25,0.14926
6002,5821.2,82888,24.749,320.83,206.98,0.2157
6005,4701.9,84007,31.272,342.87,270.64,0.11773
6005,5664.8,82317,29.889,412.47,232.16,0.27972
6006,5795.3,82360,20.104,424.59,348.05,0.099061
6007,3893.3,82908,32.284,298.05,154.97,0.31582
6007,5224.1,83885,20.067,589.14,474.39,0.1079
6007,5832.2,82190,17.39,769.59,629.18,0.10038
6008,4760.1,82403,38.809,951.47,601.1,0.22567
6008,5976.3,82105,39.02,430.36,404.91,0.030469
6009,4962.4,82981,25.043,681.36,457.79,0.19627
6010,5489.7,83770,35.424,291.15,265.36,0.046345
6010,6175.9,82325,25.765,265.44,184.64,0.17953
6011,4696.5,84496,33.49,957.58,552.14,0.26856
6011,5654.7,83709,18.824,845.44,380.89,0.37882
6011,5979.4,82164,33.841,476.69,414.48,0.069802
6012,4670.7,84500,30.387,247.9,133.39,0.30031
6012,5247.4,84448,33.479,211.61,213.84,-0.0052576
6012,6148.1,82354,28.12,451.74,373.51,0.094805
6013,5636.4,83693,23.444,396.81,107.43,0.57388
6013,6306.6,82100,19.651,586.42,408.3,0.17907
6014,5937.9,82639,27.929,557.54,302.74,0.29618
6015,5519,84277,31.725,183.71,115.88,0.22644
6015,6406.7,81925,30.556,617.49,368.94,0.25197
6017,5129.6,82891,27.873,505.87,267.26,0.30862
6019,5841.5,82928,26.075,293.02,206.25,0.17379
6020,5942.8,82884,33.294,291.83,185,0.22403
6022,5442.7,83112,33.26,269.89,186.1,0.18375
6023,5872.2,82909,26.362,316.1,113.25,0.47244
6023,5936.5,81898,37.153,407.62,340.58,0.089611
6026,5656.2,83819,32.847,263.49,117.04,0.38486
6029,3457.6,82015,31.554,764.01,925.92,-0.095808
6029,5507.9,84041,28.851,395.94,220.85,0.28388
6030,3464,81994,17.64,839.21,703.29,0.088113
6031,5952,82147,27.816,850.15,702.55,0.095056
6031,6277.9,82174,33.092,574.14,412.33,0.16403
6032,4045.8,82420,23.522,844.5,624.7,0.1496
6032,5818.2,83257,36.095,635.75,320.87,0.32915
6032,6391.9,81988,33.238,730.51,219.87,0.5373
6033,6204.4,81925,33.277,468.49,377.86,0.10708
6034,4625.7,84537,21.795,679.05,600.29,0.061562
6036,4299.1,83753,37.174,404.6,268.13,0.20285
6036,4748.6,82510,37.57,207.39,229.31,-0.050204
6037,5447.2,83522,20.988,729.62,469.64,0.21678
6037,5422.1,84273,31.97,571.46,559.29,0.010769
6039,3747.1,82442,33.167,445.45,227.28,0.3243
6039,4876.1,82721,36.799,461.92,250.22,0.29727
6041,3707.8,83193,18.715,316.17,304.32,0.019098
6041,5619.9,81785,35.167,522.14,508.96,0.012789
6041,5824.1,81772,28.868,527.27,665.53,-0.11592
6042,3646,83119,17.518,554.19,315.25,0.27482
6045,4791.1,82227,26.592,439.04,175.48,0.42888
6047,4112.5,82683,38.768,637.15,415.06,0.21107
6047,5583.4,83556,23.708,821.71,584.69,0.16853
6047,6335.9,82392,27,372.13,239.36,0.21712
6048,5299.3,83007,17.685,1033.3,631.97,0.24102
6048,5896.2,83860,30.997,430.98,312.29,0.15969
6048,6408.1,82415,32.562,173.17,188.47,-0.042293
6049,6330.9,82396,25.111,436.79,532.96,-0.099172
6052,4091.3,84188,32.525,376.24,278.45,0.14936
6052,5754.8,81950,41.88,267.36,442.67,-0.24691
6052,5592.1,83660,16.369,823.45,521.58,0.22443
6054,5014.7,83785,28.84,663.42,660.2,0.0024335
6055,5154,83837,27.294,1144.1,935.94,0.1001
6055,5381.7,84716,36.725,532.33,447.91,0.086123
6056,4244,82308,37.715,303.17,236.88,0.12275
6056,5077.2,83833,38.053,303.09,469.57,-0.21546
6056,5284.6,84590,35.662,210.69,219.1,-0.019576
6056,5579.8,83839,34.208,476.08,539.18,-0.062152
6058,3815.2,81944,31.746,264.92,137.64,0.31616
6058,5423.3,83950,25.365,524.71,293.34,0.28284
6059,4987.6,83933,29.783,604.34,310.45,0.32127
6059,5523.4,83813,22.681,737.8,589.25,0.11194
6059,6335.5,82342,35.802,214.56,229.93,-0.034565
6062,4958,82337,31.465,334.43,159.79,0.35338
6062,5226.6,83863,26.294,233.62,462.24,-0.32855
6063,4237.9,83803,33.486,197.58,146.54,0.14831
6063,5092.5,82321,36.94,148.75,134.25,0.05123
6063,5242,83826,31.007,241.13,710.76,-0.49337
6064,5609.4,81912,25.517,445.98,335.2,0.1418
6066,3694.7,82506,33.49,695.06,396.8,0.27317
6066,5471.4,82976,24.778,504.9,544.49,-0.037734
6068,3697.9,83721,31.857,166.12,152.09,0.044069
6068,4665.4,84141,37.543,149,200.73,-0.14793
6070,3917.3,82230,33.597,290.71,169.99,0.26206
6070,5456.9,83416,19.095,451.04,304.2,0.19443
6071,5457.4,83498,17.037,1089.5,559.16,0.32167
6072,5476.5,83427,21.547,612.49,365.01,0.25317
6073,3765.4,82575,24.189,526.53,282.93,0.30094
6073,4644.5,83629,33.955,528.86,278.18,0.31062
6073,5435.2,83412,16.665,720.75,625.21,0.070978
6074,4869.6,83862,30.7,444.25,228.89,0.31995
6078,5214.2,83608,23.195,323.14,210.26,0.21161
6078,6329.4,81818,33.555,837.47,734.32,0.065624
6079,4338.6,82754,39.802,375.52,248.49,0.20357
6080,5430,83379,34.676,376.37,422.97,-0.058296
6081,5477.7,83433,24.814,669.66,485.13,0.1598
6083,4763.8,83722,36.872,679.33,360.04,0.3072
6084,5003.8,82834,23.149,1284.5,895.94,0.1782
6085,3943.9,81902,35.601,466.49,299.31,0.21831
6085,5319.7,84339,33.583,244.09,115.78,0.35654
6086,4620.6,84088,23.934,538.3,203.3,0.45173
6086,5700.3,83281,36.869,364.47,341.03,0.033219
6087,4919.8,84498,36.891,421.97,255.21,0.24626
6089,5457.5,84492,27.102,470.29,122.12,0.58771
6091,3592.7,84007,31.112,521.76,395.62,0.1375
6091,3904.4,84020,32.068,268.89,170.57,0.22373
6092,3464.5,84340,31.312,218.71,214.67,0.0093216
6092,4047.5,82634,26.889,270.56,172.85,0.22035
6092,4245.8,83329,36.591,381.57,208.85,0.29254
6092,5209.3,81744,29.61,181.98,159.24,0.066662
6092,5457.3,83421,26.35,270.59,283.4,-0.023109
6093,5422.4,84659,35.3,810.83,337.42,0.41229
6094,5216.4,84480,22.894,666.77,387.98,0.26431
6096,3745.4,82942,32.738,383.03,165.04,0.39774
6099,3609.7,84186,26.757,449.97,276.36,0.23902
6099,4819.9,84271,22.932,730.37,620.53,0.081306
6101,3546.7,82503,26.449,610.93,138.13,0.6312
6101,5098,82941,24.463,699.62,484.25,0.18192
6101,5447.7,84525,26.887,135.99,135.47,0.0019097
6101,5507.8,81740,31.262,327.62,204.07,0.23237
6102,4953.3,82754,15.784,832.02,429.15,0.31944
6102,5681,83774,31.045,544.26,387.64,0.16807
6103,3759.9,82507,34.025,290.91,310,-0.031772
6103,4842.2,82588,24.6,533.35,233.72,0.39061
6105,4857.3,82701,24.428,532.39,405.09,0.13579
6105,4859.2,84226,32.794,487.42,455.1,0.034298
6106,3523.7,82967,26.744,412.97,185.95,0.37905
6107,4818.4,82637,28.873,441.03,150.79,0.49042
6108,3652.1,82934,22.518,802.08,226.44,0.55968
6108,4842.5,82635,19.8,454.3,166,0.46478
6108,5008.1,83654,23.724,423.06,161.39,0.44772
6109,3619.6,82997,23.716,327.78,146.42,0.38246
6110,3664.6,83031,29.644,335.53,282.15,0.086424
6110,5556.6,83580,27.14,228.2,206.27,0.050481
6111,5512.9,83532,28.701,235.76,171.37,0.15816
6112,5546.4,83689,30.316,558.59,359.07,0.21742
6112,6108.6,82345,37.276,636.09,633.23,0.002253
6113,4644.9,82587,25.217,320.17,103.61,0.51101
6113,5538.8,83090,27.386,424.39,283.27,0.19942
6115,5871,82647,37.313,262.78,112.09,0.40197
6120,4060.3,82916,25.531,516.57,371.27,0.16366
6124,4823.6,84352,32.365,303.76,202.34,0.2004
6125,5856.5,83588,33.173,788.7,492.67,0.23103
6126,4352.2,81802,27.939,603,469.82,0.12414
6126,5764,83483,32.173,895.85,521.24,0.26435
6126,5986.2,81884,33.524,617.14,304.61,0.33907
6127,5753.6,81735,24.717,431.45,858.61,-0.33112
6128,5674.3,83714,22.256,569.73,557.18,0.011135
6131,5554.3,83578,33.187,381.4,182.95,0.35165
6133,4596.4,82776,32.723,339.89,246.93,0.15841
6134,4511,82738,28.287,355.3,113.52,0.51571
6134,6165.2,81778,37.193,222.03,133.49,0.24905
6135,4623,82606,29.565,189.64,131.18,0.1822
6135,5771.1,83421,30.802,774.64,361.26,0.36393
6136,5542.4,83339,21.226,1558.2,786.76,0.32897
6137,4724.6,82180,28.197,574.26,449.8,0.12153
6137,5395.2,83547,36.028,921.26,950.38,-0.015557
6137,5838.6,82718,29.765,245.78,131.13,0.30419
6138,4558,81758,46.832,646.51,197.24,0.53246
6139,4551.5,84161,26.231,285.96,109.32,0.44687
6139,5608.9,82570,30.298,185.02,115.78,0.2302
6140,5043.4,83193,31.884,280.96,226.71,0.10687
6140,5150.3,84403,28.599,255.44,104.51,0.41929
6143,4216.9,84501,34.339,301.08,307.39,-0.010369
6143,5174,84148,30.942,771.8,552.48,0.16561
6146,4671,84590,17.796,765.87,624.06,0.10202
6146,4921.6,82288,32.637,451.75,333.3,0.15088
6147,4386.2,82820,29.754,354.84,153.71,0.3955
6147,4617.2,84581,23.798,813.49,800.27,0.0081914
6147,5002.5,82365,25.975,592.66,531.52,0.054387
6148,5358.5,84312,28.45,400,404.25,-0.0052882
6149,4312.6,84036,31.159,842.38,397.54,0.35877
6149,4453.8,81826,28.185,310.21,164.6,0.30667
6149,5349.9,84377,23.363,783.41,224.45,0.5546
6150,5156.8,82887,38.877,418.16,410.49,0.009252
6152,5607,83661,14.774,698.6,489.04,0.17645
6152,6241.9,84094,37.276,473.57,372.71,0.11918
6153,5687.5,82423,34.755,319.79,215.42,0.195
6153,6176.1,84177,36.404,547.18,399.95,0.15545
6154,5986.7,82523,36.681,331.47,247.59,0.14486
6155,5695.7,82085,26.577,1104,766.25,0.18061
6156,3641.4,83082,30.391,412.46,414.26,-0.002186
6157,5523.1,83594,35.759,182.04,270.89,-0.19618
6159,3555.3,82572,26.744,742.43,163.56,0.63894
6159,5402.2,82558,18.91,627.84,313.87,0.3334
6160,3691,84135,32.352,397.44,233.88,0.25908
6160,5477.3,83930,29.332,460.25,141.41,0.52994
6161,3608.9,82517,23.293,354.37,160.48,0.37661
6161,4827.7,83840,32.961,385.67,334.83,0.070562
6161,5082,83233,38.392,244.06,197.44,0.1056
6164,3615,82322,38.177,283.03,224.16,0.11607
6165,5402.7,83637,33.103,240.22,136.43,0.27556
6167,5138.7,83677,25.226,592.06,486.81,0.097563
6168,3429.8,82622,20.105,647.22,115.32,0.69754
6168,5474,84219,29.398,1054,829.68,0.11907
6168,6208.4,82991,33.746,491.08,236.05,0.35073
6169,3630.5,83002,27.225,513.22,395.76,0.12922
6171,6215.3,82778,27.838,601.57,398.01,0.20365
6173,5251.4,83676,28.216,561.53,353.36,0.22753
6175,5086.4,82674,29.607,1089.6,700.87,0.21713
6175,5809.2,83721,25.316,781.27,341.82,0.39129
6178,5725,83639,24.132,763.74,438.51,0.27051
6181,5479.5,84530,31.155,242.32,102.07,0.40725
6182,5598.8,84428,27.94,600.07,526.23,0.065559
6183,4060.6,81978,32.786,437.29,408.07,0.034562
6185,5731.4,84189,25.856,183.14,144.57,0.1177
6187,5365.1,84684,33.398,258.75,219.95,0.081044
6188,5511.4,83614,20.301,750.97,408.08,0.29584
6189,5386.2,83687,26.55,646.4,399.08,0.23656
6190,4992.9,82277,29.098,135.52,125.1,0.039987
6190,5170.9,83695,25.831,451.9,146.89,0.50938
6193,3445.8,82488,36.875,425.12,320.44,0.1404
6193,5951.6,82587,30.397,356.06,138.28,0.44053
6195,3751.5,83565,29.659,550.29,348.81,0.22409
6195,5805.2,82773,35.175,449.87,161.79,0.47098
6197,3900.5,84422,34.973,192.38,133.99,0.17891
6197,4989.5,84048,22.273,415.06,100.37,0.61053
6197,5804.3,82699,27.055,994.62,484.47,0.34491
6198,4255.3,83432,35.251,568.95,176.07,0.52734
6198,5635.8,84332,25.047,490.16,332.56,0.19155
6198,5915.3,82681,21.992,827.86,380.35,0.37039
6199,3634.3,81760,36.669,657.48,469.98,0.16631
6199,6102.6,82900,28.44,850.77,586.07,0.18422
6200,5461.5,83319,27.955,393.23,204.36,0.31606
6200,5475,84634,35.882,187.3,151.05,0.10716
6202,4698.9,82985,36.524,139.03,284.12,-0.34287
6202,5476.1,84177,20.987,1084.8,421.15,0.44068
6202,6221.7,83526,37.055,510.61,107.33,0.65261
6203,5531,84254,25.935,638.6,301.87,0.35804
6204,5071.2,82852,34.483,457.49,324.2,0.17051
6204,5100,83728,40.084,845.38,677.81,0.11001
6204,5502.1,84125,22.943,926.91,534.87,0.2682
6205,4596.4,82822,30.181,635.97,313.35,0.33984
6206,4410,82828,35.811,276.65,158.64,0.2711
6207,4193.3,83237,26.242,633.62,281.19,0.38524
6207,5791.7,82424,37.952,355.55,273.35,0.1307
6208,5596,83588,25.334,237.2,145.2,0.24058
6210,3679.3,82995,20.28,1242.9,984.05,0.11622
6210,5319.1,84019,30.277,624.1,163.23,0.58535
6211,3757.4,81929,27.643,259.78,188.46,0.15911
6213,3926.9,81755,37.96,362.03,326.55,0.051534
6213,4267.1,82473,27.914,660.94,203.05,0.52997
6214,5326.6,83826,28.348,709.31,586.88,0.094457
6217,5986.9,82679,30.915,373.51,437.06,-0.078398
6218,3704.3,81834,35.722,1218,1032.1,0.082618
6218,3782.6,81955,21.502,1097.4,836.29,0.13502
6219,3548.4,83046,29.372,574.32,243.63,0.40429
6219,3508.5,84016,35.506,248.15,133.69,0.29977
6222,5505.2,83317,25.811,791.96,441.84,0.28378
6223,5467.9,84597,23.196,391.17,270.52,0.18233
6224,4280.6,83774,32.606,160.73,156.34,0.013847
6225,5454.6,84087,31.292,563.86,382.05,0.19222
6226,6129.3,83108,31.962,328.83,205.97,0.22973
6227,5707.2,84472,33.897,233.7,130.27,0.28416
6228,5709.7,84273,35.805,244.65,157.97,0.21528
6229,5024.5,82383,33.6,225.35,160.57,0.16786
6229,6139.2,83517,36.209,249.52,106.22,0.40281
6233,3960.6,82664,28.472,251.69,335.94,-0.14337
6233,5594.3,84066,36.419,503.25,296.22,0.25896
6234,3966.6,82665,25.998,336.06,237.43,0.17199
6235,3943.5,82546,27.282,527.85,303.61,0.2697
6236,5670.7,83730,23.284,660.1,455.74,0.18314
6237,4962.9,81900,31.929,419.42,159.25,0.44959
6238,5131.7,82583,27.525,641.17,258.09,0.426
6239,5347.7,82420,38.116,327.88,147.28,0.38008
6239,5540.9,84699,34.55,261.36,106.84,0.41967
6240,6180.1,83600,29.415,606.81,300.78,0.33718
6241,6040.3,83339,30.002,381.75,127.42,0.49949
6242,3796.7,84509,31.895,657.59,546.93,0.091878
6245,4002.3,82169,40.756,793.98,811.62,-0.010988
6245,5864.7,82887,31.528,520.85,998.22,-0.31426
6246,5438.6,83472,25.604,695.54,450.67,0.21363
6246,5765.4,82912,30.118,208.38,304.88,-0.18801
6246,6363.7,83301,34.436,374.7,235.68,0.22777
6247,5602.4,83550,20.403,659.97,387.36,0.26029
6247,5890.3,83126,26.51,456.05,392.13,0.075351
6248,5504.8,83474,31.616,466.11,374.63,0.10882
6249,4785.7,82576,30.27,598.16,387.71,0.21347
6249,5538.3,83428,20.018,531.85,216.19,0.42197
6250,4974,82539,28.68,793.46,465.73,0.26027
6250,5421.9,84671,35.881,333.23,249.2,0.14427
6250,5621.4,83504,22.872,442.7,248.11,0.28169
6251,4973.9,83881,35.027,230.01,122.14,0.30631
6251,5029,81896,30.195,491.85,295.34,0.24962
6253,4416,84148,28.129,404.72,254.21,0.22842
6253,5113,81883,26.231,908.87,681.86,0.14271
6253,5884,84154,23.635,182.82,108.61,0.25463
6253,6338.2,81751,27.686,335.81,326.68,0.013793
6254,5323.8,81907,22.601,531.27,434.79,0.099876
6255,3904.2,82139,32.355,354.65,113.4,0.51542
6255,5259.7,82727,27.639,301.64,116.13,0.44403
6255,5322.6,81748,25.682,1009.2,813.72,0.10724
6256,4285.4,84503,34.791,147.87,147.68,0.00066223
6257,5832.4,84136,16.782,523.65,269.78,0.31997
6258,3803.2,83083,26.309,688.49,498.86,0.1597
6258,4236.9,83131,22.065,954.58,519.36,0.29527
6260,5429.3,82300,23.627,671.89,392.44,0.26256
6261,6022.7,82616,29.943,481.59,255.24,0.30719
6263,4978.1,82424,29.219,739.08,223.1,0.53626
6264,3793.2,82612,31.116,373.81,223.61,0.25141
6264,5801.3,82408,37.195,551.81,405.91,0.15234
6265,5983.8,82179,34.837,855.95,668.22,0.12317
6265,6327.1,83728,28.055,493.94,241.72,0.34285
6266,5978.1,82540,30.377,731.47,544.61,0.14643
6266,6163.9,82126,28.88,548.11,544.51,0.0032916
6267,3993.9,82341,20.472,455.96,192.67,0.40593
6267,5460.9,84231,29.217,282.6,210.19,0.14694
6268,3625.8,82544,33.797,297.72,261.64,0.064507
6268,5704.2,83409,28.098,583.51,396.78,0.19049
6269,5470.2,84716,30.979,476.55,514.18,-0.037987
6269,5471.3,84222,24.059,361.16,179.59,0.33578
6269,6374.2,82330,33.818,546.02,425.21,0.12439
6271,3441.7,82126,33.163,529.6,431.63,0.10192
6272,5125.8,84609,35.14,282.3,171.24,0.24488
6272,6056.8,82344,35.285,481.73,690.7,-0.17824
6273,5739.2,81776,40.435,630.42,302.1,0.35207
6274,3778.2,82558,35.096,706.04,446.14,0.22557
6274,5455.8,83703,21.021,901.28,719.73,0.112
6275,4668.6,84532,32.659,581.79,568.63,0.011436
6277,4152.1,83445,34.188,515.41,499.59,0.015592
6278,3829.9,83555,27.736,682.24,347.54,0.32502
6278,5457.6,84241,32.484,424.64,164.72,0.44103
6278,5596.7,82590,31.79,267.51,383.11,-0.17768
6279,3817.2,83655,32.39,442.43,290.01,0.20809
6280,4375.4,82065,32.734,448.34,263.33,0.25998
6282,5597.6,83668,23.73,665.52,318.41,0.35278
6283,5332.5,83620,29.324,1350.3,699.14,0.31771
6284,5136.6,83696,26.206,1143.5,948.09,0.093432
6286,5069.3,83874,32.55,462.16,542.79,-0.080228
6286,5806.9,83763,19.023,665.6,547.8,0.097082
6287,3920.3,82558,37.918,328.9,150.48,0.3722
6287,5050.5,82653,28.279,730.17,555.01,0.13629
6288,3777.3,82539,36.735,332.51,422.42,-0.1191
6288,3701,83024,21.418,636.99,1056.8,-0.24787
6288,5819.9,84179,40.424,411.97,240.39,0.26301
6289,5072.3,82618,34.673,431.21,236.11,0.29237
6289,5870.5,82934,22.462,491.15,334.88,0.18918
6290,5940.2,82971,19.569,859.64,468.29,0.29471
6291,5353.2,82002,25.149,557.81,423.1,0.13733
6291,5767.3,83113,33.127,583.79,414.73,0.16931
6292,5983.1,82954,26.352,510.22,263.54,0.31881
6293,4720.6,82049,32.002,476.8,208.96,0.39058
6293,6048.3,83062,28.159,284.1,150.67,0.30689
6295,4125,82319,18.953,672,231.8,0.48706
6297,3691.1,82673,25.001,1174.6,355.76,0.53507
6297,4034.7,83734,26.111,657.21,375.35,0.27298
6297,6391.6,84163,28.999,590.33,569.66,0.017824
6299,5183.9,82300,20.563,372.44,168.73,0.37643
6303,4616.8,83621,29.801,724.9,482.37,0.20089
6304,3558.1,82394,19.825,1200.1,872.39,0.15811
6304,5445.4,84206,29.37,681.4,414.11,0.24398
6306,4738.4,83402,32.101,495.94,244.09,0.34032
6308,5372.4,83196,32.012,912.36,507.68,0.28498
6309,3545.2,83763,20.038,330.72,246.44,0.14603
6310,3495.6,83701,25.185,262.97,386.24,-0.18988
6310,4588.9,81867,31.573,499.5,220.11,0.38825
6310,6057.9,82595,23.502,477.19,190.82,0.4287
6311,3616.2,83765,37.351,457.88,502.54,-0.04651
6311,5716.5,83625,29.784,577.86,441.88,0.13334
6312,4137.1,82441,21.151,799.17,548.88,0.18566
6312,6097.9,82924,22.246,1015.9,365.84,0.47045
6313,4127.4,82319,31.308,430.92,291.15,0.19357
6315,5023.3,82630,23.388,326.88,228.06,0.17808
6316,5153.7,82389,13.421,796,103.3,0.77027
6317,5258.2,84080,36.245,284.69,383.24,-0.14755
6317,6022.8,83067,23.889,318.01,233.33,0.15359
6318,6115.6,82739,35.921,1037.2,775.91,0.14411
6320,5866.2,83068,39.666,320.34,196.94,0.23856
6321,4711.9,81775,26.795,355.85,163.97,0.36913
6321,5770.5,83470,28.436,267.33,163.62,0.24066
6322,3840.5,83020,24.152,254.1,232.14,0.045165
6322,4028.6,81925,25.637,308.77,140.36,0.37495
6322,5571.8,83613,25.833,284.34,236.43,0.091991
6324,4604.9,82897,33.347,456.69,173.77,0.44876
6326,4745.4,82967,31.966,345.92,248.04,0.16479
6327,4978.1,83089,23.058,519.1,261.74,0.32959
6327,5253.1,84273,29.797,297.27,348.39,-0.07918
6328,6240.2,82431,31.376,275.49,123.27,0.38173
6333,5392.7,82303,37.596,386.9,293.45,0.13735
6334,3780.4,81868,29.174,616.76,400.59,0.21248
6336,5021.4,82429,30.261,811.06,344.24,0.40406
6342,3726.4,84189,28.279,481.24,240.04,0.33442
6346,6017.8,82352,40.219,195.44,156.57,0.11042
6348,3626.7,83556,33.316,201.62,105.64,0.31236
6348,4694.9,82970,25.256,741.43,343.99,0.36616
6349,4862.2,82430,29.957,470,222.43,0.35754
6350,4549.8,84126,29.128,607.57,545.49,0.053839
6351,3816.4,84557,35.372,271.73,402.52,-0.19398
6351,4352.9,83544,24.799,257.24,176.45,0.18629
6351,5660.1,83779,24.776,1170.4,668,0.27329
6352,5125,82737,23.107,769.27,640.06,0.091679
6352,5389.7,83938,26.226,1210.4,682.27,0.27906
6352,5566.5,83875,36.913,1384.3,718.57,0.31659
6353,3528.2,82970,25.75,285.13,135.9,0.35443
6353,5240.4,84110,28.13,1058.3,739.02,0.17765
6354,4020.9,83493,32.518,724.56,268.96,0.45858
6354,5419.8,82963,32.508,359.34,163.82,0.37372
6355,3795.4,84213,34.374,460.61,250.96,0.29462
6355,5383,83972,26.786,306.65,196.75,0.21832
6356,5671.5,84188,35.779,308.14,161.07,0.31344
6357,3617.1,83126,34.981,339.79,179.46,0.30876
6358,4312.2,83113,25.842,758.86,316.07,0.41193
6358,5238.9,84501,25.627,649.8,285.84,0.389
6359,4348.5,83057,22.202,752.29,561.87,0.1449
6360,4337.4,83154,28.436,579.4,352.47,0.24352
6360,5564.6,83667,27.526,633.9,574.27,0.049354
6361,4271.2,83214,34.822,766.6,391.81,0.32353
6361,5531.4,83668,19.565,677.91,564.26,0.091496
6363,3468.6,83931,27.979,642.7,427.03,0.20161
6364,5604.3,83534,29.172,287.51,133.87,0.36461
6365,5681.6,84319,32.071,486.91,248.58,0.32404
6366,5615.6,84248,26.886,733.57,598.29,0.10157
6366,5783,83058,29.827,248.42,187.86,0.13881
6367,3652.5,82487,32.77,539.68,376.63,0.17793
6367,4439.7,84069,32.29,300.21,252.39,0.086532
6367,5747.9,83745,20.193,816.34,465.31,0.27389
6368,3621.2,82350,41.513,638.58,426.91,0.19866
6368,4317.8,84073,29.938,676.65,406.04,0.24994
6368,4611,82221,33.319,198.81,109.48,0.28974
6368,5027.8,82760,26.55,343.83,195.65,0.27467
6368,5680.9,83813,19.395,1169.3,819.34,0.17599
6369,5711.7,83779,28.021,957.97,511.58,0.30376
6370,3764.7,82124,32.003,880.38,697.56,0.11586
6371,3815.3,82690,34.216,957.57,705.2,0.15178
6372,4124.9,83510,28.747,716.41,538.32,0.14193
6372,6212.1,83239,34.935,245.87,216.97,0.062457
6373,4352.4,81752,31.292,460.35,245.07,0.30517
6375,6079.4,81916,33.098,400.91,319.66,0.11276
6376,4134.5,82703,27.13,640.08,579.83,0.049393
6376,5041.9,82550,30.117,185.9,144.63,0.12486
6377,4072.6,82594,22.691,555.99,244.09,0.38983
6379,5811.3,84100,31.262,440.56,196.68,0.38271
6382,4396.4,81897,34.608,421.27,326.18,0.12723
6383,5061.7,83670,32.796,500.18,449.46,0.053417
6384,3677.1,84561,22.441,275.27,205.76,0.1445
6385,5155.6,83709,18.757,665.27,569.31,0.077719
6386,3611.7,84604,25.585,372.88,351,0.030217
6386,5121.7,83618,19.378,602.51,475.86,0.11745
6386,6201.6,84152,28.295,385.85,187.93,0.34494
6388,3684.5,84529,37.998,542.85,100.15,0.6885
6388,4154.5,82633,35.661,149.59,102.33,0.18759
6388,5040.7,84611,29.491,385.89,373.04,0.016937
6391,3705.8,83110,21.264,522.16,298.88,0.27194
6391,5716.4,83684,38.695,456,411.48,0.051317
6393,5773.1,83988,32.507,589.21,320.33,0.29561
6393,5868.6,83610,26.522,479.12,336.56,0.17477
6394,5325.8,84719,35.551,634.99,285.74,0.37933
6396,5475.5,84225,33.507,534.76,350.34,0.20836
6397,5540.8,84262,28.895,628.42,447.53,0.16813
6399,4104.3,82963,27.955,624.76,426.38,0.18873
6399,5196.4,84510,38.659,212.21,140.29,0.20403
6399,5643.5,83670,19.777,428.02,280.75,0.20777
6400,4259.3,83128,29.005,430.54,197.37,0.37136
6401,5644.6,83972,35.995,231.02,152.61,0.2044
6403,3680.7,83030,17.46,557.44,258.22,0.36684
6406,3905.8,82422,33.776,221.72,138.28,0.23176
6407,3894.8,82386,31.604,498.64,193.25,0.44138
6407,5445.8,83229,31.451,571.36,336.16,0.25918
6409,3948.2,81857,36.02,220.03,270.81,-0.10346
6409,5119.7,82589,32.966,251.02,168.62,0.19637
6410,4859,81938,32.654,559.48,397.62,0.16912
6410,5717.3,82840,28.399,313.4,147.6,0.35965
6411,5492.2,83570,29.881,1353.7,957.17,0.17158
6411,6347.9,81819,33.15,536.8,427.21,0.11368
6413,4168.3,82719,36.114,468.53,399.27,0.079805
6413,5404.7,83397,16.685,402.96,236.22,0.26086
6413,6103.3,82701,33.335,547.71,409.64,0.14422
6414,6093.9,84407,21.567,289.61,225.1,0.12534
6415,6114.4,84377,12.571,452.95,353.29,0.12362
6416,6103.6,84371,16.533,385.66,322.64,0.08897
6422,3749.8,83150,13.378,845.26,313,0.45953
6422,5702.1,83484,22.257,638.63,549.21,0.075276
6422,6105.9,84292,28.276,222.85,273.1,-0.10132
6423,5528.6,83607,18.122,1395.7,1097.4,0.11962
6424,5621.1,83618,18.659,1309.8,948.76,0.15986
6425,5637.9,83557,28.658,408.82,582.74,-0.17539
6426,5659.3,83694,27.386,357.6,258.7,0.16047
6427,4558.5,84241,30.802,413.72,208.7,0.32939
6427,5731.6,83891,23.951,660.4,399.69,0.24593
6428,4117.3,82798,38.848,343.1,244.23,0.16833
6428,5604.9,84006,28.343,903.12,374.32,0.41395
6429,5511.8,83600,30.664,919.42,677.36,0.1516
6430,5648.9,83590,24.583,515.33,488.64,0.026578
6431,3804,81824,30.944,406.67,360.26,0.060523
6431,5540.6,84428,27.979,178.22,111.06,0.23217
6432,5620.2,83648,18.847,419.97,211.79,0.32953
6434,3918.6,83952,35.465,374.24,294.22,0.11972
6434,5116,83170,37.24,296.47,441.6,-0.19663
6435,5169,83374,23.736,264.33,148.04,0.282
6435,6085.7,82336,37.622,234.88,151.04,0.21724
6437,4108.4,81789,31.886,795.78,279.93,0.47954
6437,5699.5,83709,27.156,396,412.58,-0.020504
6437,5972.8,82443,23.855,600.28,186.19,0.52651
6438,6048.5,82253,31.895,786.07,513.08,0.21013
6439,5533.6,82082,34.877,528.43,530.2,-0.0016764
6443,3461.4,82709,30.435,237.32,144.63,0.24267
6444,5017.9,84349,30.88,436.55,165.56,0.45006
6446,4982.5,82875,28.141,420.93,338.08,0.10915
6447,4137.3,82748,45.905,850.06,587.86,0.18234
6448,3486.1,84346,35.161,511.44,260.49,0.3251
6448,4005.8,82727,33.116,646.83,715.93,-0.050706
6448,4742.7,82206,36.646,374.46,271.39,0.15959
6451,5070.3,82370,38.946,884.59,455.34,0.32036
6452,4992.2,82494,25.422,926.79,420.55,0.37574
6453,5651.9,82337,35.987,743.22,279.7,0.45313
6454,3730.2,83181,27.353,361.48,291.41,0.10733
6455,6198.9,83598,38.096,398.7,322.49,0.10568
6456,3623.7,83489,34.953,606.13,307.39,0.32702
6457,4644.5,83743,32.523,305.51,190.16,0.23273
6458,3432.9,83669,31.921,406.35,344.93,0.081746
6458,5789.5,82670,27.506,398.89,257.22,0.21591
6459,6157.5,84355,38.243,303.11,145.37,0.35174
6460,6079.5,84368,35.881,495.58,416.37,0.086859
6461,4311,83016,34.761,155.17,128.74,0.093089
6463,5990.7,84233,29.443,624.03,336.54,0.29929
6464,5641.8,84207,30.022,296.96,161.42,0.29569
6464,5802,82938,24.891,367.67,295.31,0.10915
6465,3809.1,82438,31.326,228.98,270.13,-0.082438
6465,5740.4,84118,31.946,648.79,337.84,0.31516
6466,3768.4,82331,33.204,454.1,323.28,0.16828
6466,3760.4,82381,39.102,710.03,499.09,0.17446
6466,4851,81782,25.967,254.47,157.25,0.23613
6467,4963.1,84355,34.267,274.8,233.98,0.080231
6470,3805.9,83687,32.245,296.41,205.01,0.18228
6470,5145.7,83201,31.981,744.74,725.13,0.013339
6471,3689.6,83523,30.46,632.94,659.71,-0.020709
6471,5787.8,83754,42.161,395.86,106.45,0.57617
6473,6357.1,82710,26.779,390.69,297.37,0.13564
6474,3595.8,83349,30.686,420.21,484.91,-0.071474
6475,3506.4,81958,36.869,261.64,107.35,0.41813
6475,5114,82179,35.964,273.23,137.17,0.33154
6476,4943,82315,24.414,481.04,236.86,0.34013
6476,6217.7,82710,38.238,148.74,204.33,-0.15745
6477,5006.8,82276,31.22,181.36,214.08,-0.082755
6477,5771.6,83598,21.45,842.08,343.75,0.42023
6477,6031.2,82142,25.868,457.23,229.85,0.33095
6478,5656.2,83758,22.642,1255.3,936.91,0.14524
6479,5649.7,83953,20.013,864,586.91,0.19097
6480,4007.1,82593,25.419,642.4,352.67,0.29117
6480,5589.9,84081,18.404,1285.9,859.15,0.19896
6481,3993.8,82544,28.649,352.05,219.49,0.23194
6481,5524.1,83865,29.854,1499.9,1048,0.17736
6482,3608.5,83904,23.652,1427.4,900,0.22661
6482,4923.2,82793,36.323,445.09,335.4,0.14055
6482,5407.1,84263,25.936,1183.6,610.09,0.31974
6483,4694.5,82751,27.065,328.51,104.73,0.51653
6483,5347.2,84254,29.011,870.68,601.53,0.18282
6483,5565.1,81727,31.837,299.26,390.47,-0.13224
6484,3850.9,83601,30.493,111.26,134.37,-0.094095
6484,5345.8,84229,31.654,878.01,587.57,0.19818
6484,5487.7,81748,22.282,531.75,288.9,0.29592
6484,5855.8,82330,40.463,393.01,174,0.38625
6485,4960.6,84619,33.331,449.57,337.72,0.14207
6486,5136.7,84713,32.878,186.89,131.09,0.17549
6486,5445,83982,33.545,254.11,202.96,0.11192
6486,5876.6,82781,29.941,897.42,710.9,0.11597
6487,4164.9,84146,32.65,372.4,282.88,0.13662
6488,4829.6,82531,28.194,514.97,679.6,-0.13782
6489,5104.9,82579,33.771,711.6,444.26,0.23129
6490,5024.1,82622,31.642,841.25,354.56,0.40699
6490,5920.5,82698,22.765,804.96,663.64,0.096229
6491,5089.3,82697,33.719,1224.8,790.21,0.21568
6491,5920.8,82595,38.163,843.89,414.97,0.34072
6492,5268.9,82826,37.048,439.14,257.61,0.26055
6493,3972.6,81952,30.299,624.32,443.43,0.16941
6493,5341.8,84316,24.059,813.95,705.92,0.071082
6494,5275,84471,29.645,348.88,298.54,0.07775
6494,5688.9,83856,37.661,300.99,131.28,0.39261
6495,4937.2,82459,24.223,1074.5,658.03,0.2404
6496,3818.6,84373,37.451,566.7,369.47,0.21067
6496,5494.7,83954,34.011,826.92,539.67,0.21019
6497,4635.7,84350,32.274,304.77,248.93,0.10084
6497,5380.1,83645,19.978,762.36,388.98,0.3243
6497,5503.4,82149,37.872,144.61,141.17,0.012038
6498,4944.4,84165,30.27,610.06,456.76,0.1437
6498,5550.8,83684,17.039,737.3,485.37,0.20605
6500,4860.2,83327,36.313,503.26,372.11,0.14982
6502,4246.5,81880,30.412,711.43,543.69,0.13365
6502,4844.6,82702,31.153,340.38,207.24,0.24312
6502,5052.7,83672,36.077,352.5,234.97,0.20006
6503,5309.9,83351,36.198,227.03,216.45,0.023843
6504,4916.2,82465,25.787,320.75,178.15,0.28582
6504,6288.2,82104,35.122,288.66,166.37,0.26876
6505,5033.3,83637,27.05,319.09,225.5,0.17185
6505,6194.7,82081,32.208,502.77,471.74,0.03184
6506,4566.4,84067,36.986,170.15,178.07,-0.022746
6507,4302.3,83263,29.017,173.62,140.73,0.10465
6507,5200.1,84018,27.549,1110,794.11,0.16589
6507,5381.4,83743,31.842,621.84,310.5,0.33394
6508,4934.4,82311,33.672,268.77,179.01,0.20044
6508,5240.3,83799,22.253,790.9,467.14,0.25736
6509,5571.4,83643,27.183,440.53,232.59,0.30891
6510,5507.6,83661,23.988,351.02,194,0.28809
6512,5613.2,84125,28.127,207.94,261.05,-0.11325
6514,5310.8,84271,38.413,458.97,226.97,0.33821
6514,5405.6,83319,25.046,378.54,361.84,0.022554
6515,4487.3,83395,30.932,572.63,459.59,0.10952
6515,4520.6,82303,35.836,344.01,192.88,0.28149
6515,5234.5,84346,26.893,384.3,109,0.5581
6515,5388.6,83065,38.381,371.8,306.2,0.096743
6516,6348.1,82889,33.623,499.05,338.03,0.19236
6518,4101.2,82662,34.52,563.32,348.29,0.23588
6518,5069,82767,24.292,447.93,382.69,0.078554
6519,4016.4,82378,23.808,841.56,785.71,0.03432
6519,4264.9,84154,30.812,254.37,131.29,0.31914
6519,5558,84065,32.108,275.69,170.14,0.23674
6519,6390.1,81942,23.246,542.39,322.41,0.25437
6519,6419.5,82455,31.183,612.92,701.62,-0.067479
6521,3458.7,83795,25.79,507.66,360.48,0.16953
6521,4360.8,82706,32.294,589.5,283.88,0.34993
6521,5888.4,83611,30.282,261.22,186.89,0.16588
6522,3709.5,83675,32.288,941.61,692.26,0.15262
6522,5141.1,82884,38.183,226.77,138.4,0.24201
6524,3490.4,81776,38.477,254.65,175.77,0.18326
6524,4333.9,81838,33.566,761.96,521.73,0.18714
6526,5547.2,84527,23.265,441.12,461.93,-0.023042
6528,3440.2,83145,33.676,620.64,605.34,0.012481
6529,3489.2,83173,26.799,713.33,601.04,0.085436
6530,5159.5,82685,35.21,471.71,686.14,-0.1852
6531,3459,83077,23.959,380.04,393.52,-0.017432
6532,5846.2,82399,33.087,538.46,396.99,0.15123
6535,5292.3,83291,30.235,567.72,187.24,0.50398
6536,4247.7,82784,30.657,270.46,145.03,0.30188
6537,5187.6,82775,33.109,676.12,505.01,0.14487
6537,5407.7,84403,28.906,647.19,395.34,0.24158
6538,5290.2,82546,23.019,640.59,553.34,0.07307
6539,4032.8,82436,33.665,395.06,171.99,0.39338
6541,5171.6,82661,25.83,447.37,366.63,0.099191
6541,6352.2,82491,34.292,294.76,169.03,0.2711
6542,5088.4,82284,31.907,430.12,196.63,0.37253
6542,6042.8,84208,36.602,303.61,268.1,0.062115
6544,6183.1,84144,31.305,440.36,372.51,0.083468
6545,3978.7,82431,35.713,408.61,364.47,0.057095
6546,6372.1,82563,27.486,253.62,183.26,0.16106
6547,4757.5,83981,38.871,158.46,166.15,-0.02369
6547,6100.4,84248,29.218,307.2,356,-0.073593
6549,4751.4,82311,27.089,206.14,174.76,0.08238
6549,5562.9,82106,36.634,494.67,310.19,0.22921
6549,6049.4,84221,31.891,313.28,128.44,0.41845
6550,5498.4,84146,36.746,573.09,328.56,0.2712
6551,3789.9,83595,35.388,192.46,246.62,-0.12335
6551,5129.4,82178,23.756,346.78,109.12,0.5213
6551,5533.4,84129,23.705,259.12,153.58,0.25572
6551,6292.9,82379,34.919,326.83,579.45,-0.27873
6552,5087.1,82244,19.954,437.63,401.29,0.043323
6552,5536.6,83917,24.365,533.05,198.93,0.45646
6552,6266.4,83152,33.861,181.97,149.35,0.098453
6553,5048.1,82252,20.226,479.71,438.06,0.045378
6554,5017.4,82206,20.894,361.92,469.5,-0.12939
6555,5068.7,82237,16.577,353.57,419.46,-0.085244
6555,6303.7,82093,35.136,402.3,287.79,0.16594
6556,6258.1,82272,26.099,828.94,742.77,0.05483
6557,3865.3,82224,30.709,406.37,184.21,0.37616
6557,4254.3,83979,29.107,865.8,794.31,0.043065
6557,5088.4,84292,25.635,602.68,286.68,0.35532
6558,4379.3,82756,32.227,288.88,255.32,0.061659
6558,5352.2,82839,32.184,371.87,190.66,0.32214
6558,5374.4,84117,27.793,878.87,651.17,0.14882
6559,5379.6,82553,31.719,437.13,296.8,0.19121
6559,6053,82285,35.559,419.59,276.62,0.20535
6560,5449.4,84079,22.54,661.84,496.28,0.14296
6560,6242.5,82507,23.941,188.38,131.8,0.17671
6561,3699.8,82619,29.137,556.35,426.25,0.13241
6561,5031.1,82459,25.898,799.3,526.5,0.20577
6562,5195.3,82517,35.844,461.96,357.82,0.12703
6562,5580.7,83483,36.362,339.8,213.04,0.22929
6563,4962.3,82275,18.028,1018.1,619.11,0.2437
6563,5888.2,82553,30.522,431.78,461.83,-0.033635
6563,6296.4,81827,32.695,260.15,144.1,0.28708
6564,3819.3,82724,33.686,275.23,195.93,0.1683
6565,5629.2,82306,30.693,352.86,221.35,0.22902
6568,3830.9,82162,33.083,543.66,359.31,0.20416
6569,3714.9,82527,26.241,343.56,197.11,0.27087
6569,4348.5,84689,26.681,463.5,223.14,0.35006
6569,5772.7,84028,37.961,323.59,383.64,-0.084917
6570,3491,82736,33.206,364.26,405.16,-0.053161
6570,4885.6,82325,31.521,490.2,370.54,0.13902
6572,3767.8,82463,39.819,658.35,520.71,0.11674
6572,4257,81737,36.379,512.08,414.96,0.10477
6574,4141,82657,35.216,236.92,150,0.22466
6574,6026.3,84330,33.66,901.72,686.48,0.13553
6575,4919.6,82319,36.279,261.61,151.61,0.2662
6576,5094.4,82247,30.239,589.09,399.78,0.19145
6576,6335.5,82387,40.437,533.99,408.8,0.13279
6577,5251.9,82281,27.633,483.12,303.92,0.22769
6578,5735.9,84248,28.109,482.29,210.69,0.39192
6579,3676.7,83021,17.592,480.95,205.71,0.40084
6579,5648.4,84163,29.007,599.92,421.41,0.17478
6580,3684.7,82963,22.794,831.11,657.61,0.11654
6580,5578.8,84267,17.961,574.4,473.13,0.096672
6580,6410.5,82467,27.013,295.15,314.8,-0.032224
6582,5545.9,83616,26.209,839.42,461.86,0.29015
6583,5983,83445,30.069,575.71,332.58,0.26769
6584,5337.2,84505,27.967,828.57,579.96,0.1765
6586,4825,82314,38.536,209.63,255.82,-0.099232
6586,6414.8,82046,20.712,656.76,298.05,0.37568
6587,3535.8,84214,31.106,537.74,464.25,0.073345
6587,4706.1,82274,21.99,534.47,387.9,0.1589
6589,4936.6,82835,32.557,384.59,238.14,0.23517
6590,5201.5,82699,32.827,310.88,132.46,0.40245
6591,6091.1,82653,29.092,332.2,349.65,-0.025592
6592,4177,82624,22.057,879,542.33,0.23687
6592,6137.4,81742,25.036,829.32,649.24,0.12179
6592,5878.1,84121,30.971,1154.6,908.11,0.11948
6593,4047.4,82872,34.642,587.83,467.2,0.11434
6593,5194.7,84459,34.053,649.93,494.2,0.1361
6593,6150,81909,21.44,1176.7,601.05,0.3238
6594,3669.2,81750,27.737,1094.7,646.39,0.25749
6595,3546.2,81756,25.09,289.06,155.79,0.29958
6595,6078.7,81981,28.718,294.01,258.82,0.063663
6595,6050.7,82698,31.857,188.81,196.37,-0.019617
6596,3961.5,82702,31.607,689.72,435.28,0.22617
6596,5152.9,82942,27.686,584.16,437.52,0.14353
6597,5654.4,84054,34.569,223.73,149.19,0.19989
6598,3441.9,82090,35.895,468.05,317.46,0.19171
6598,3756.4,83593,28.043,706.02,471.13,0.19955
6599,4846.4,81850,35.731,545.37,241.43,0.3863
6599,5970.7,82638,37.227,344.84,383.49,-0.053064
6600,6405.5,82463,37.977,386.8,340.75,0.063304
6601,5865,82654,21.251,299,280.1,0.032629
6602,4134.7,83366,34.892,340.51,223.81,0.2068
6602,6063.2,82475,24.187,393.41,283.64,0.16214
6603,5256.4,84334,27.258,818.43,358.85,0.39037
6603,6188.1,82431,25.089,188.64,129.55,0.18571
6604,5182.5,83913,29.843,736.88,563.53,0.1333
6604,6133.6,82430,32.034,238.97,143.32,0.25021
6605,5201.1,84245,36.483,339.05,473.46,-0.16543
6605,6212.4,82469,31.882,1076.1,705.84,0.20778
6606,5560.9,83772,24.781,319.25,262.4,0.097744
6606,6370.1,82529,31.55,745.8,492.97,0.2041
6607,5409.8,83212,28.633,827.83,751.67,0.04822
6607,5671.1,82467,27.055,803.23,652.08,0.10386
6608,5115.6,83330,28.493,554.16,468.59,0.083673
6609,4962.4,83722,32.89,802.34,784.3,0.011372
6609,5309.1,82856,31.909,585,378.46,0.21437
6611,4088.3,82082,39.376,402.28,274.99,0.18795
6612,5844.8,82495,33.975,794.51,450.76,0.27605
6613,5385.1,82997,36.526,197.18,232.76,-0.082763
6613,5876.5,82366,30.204,260.21,149.25,0.271
6614,5281.6,84486,19.947,1155.7,648.28,0.28129
6615,4472.5,84068,23.971,199.11,137.6,0.18266
6615,5288.7,84484,25.788,671.08,592.16,0.062474
6615,5631.7,82513,28.457,353.33,101.72,0.55293
6616,5485.9,83670,31.452,181.63,176.97,0.013016
6617,3985.9,82497,33.597,408.18,181.77,0.38377
6617,6067,82558,25.843,821.42,447.91,0.29426
6618,5976.9,82696,29.807,440.34,127.87,0.54991
6620,4108.6,82698,32.917,639.35,516.63,0.10616
6620,4425.4,83911,26.444,305.32,140.36,0.37012
6620,5745.5,82551,30.386,261.68,117.29,0.38098
6621,3778.2,83813,35.543,309.26,133.97,0.39549
6622,3728.6,82691,32.437,306.79,123,0.42762
6622,5392.1,83328,33.689,298.61,206.74,0.1818
6622,6079.3,84308,31.394,373.87,410.66,-0.046902
6623,5322.2,83311,30.005,207.31,167.3,0.10679
6623,5584.9,84277,29.799,315.49,135.74,0.39834
6624,4318.8,83343,31.422,471,174.13,0.46017
6624,5341.6,83354,17.932,1015.6,622.82,0.23975
6626,4649.2,81888,35.389,319.68,234.84,0.153
6626,5875.9,82894,22.879,466.5,365.86,0.12091
6627,3668.2,83131,24.737,313.39,367.66,-0.079688
6627,4967.8,82375,26.671,660.63,802.4,-0.096904
6627,4974.3,83754,28.122,654.58,476.74,0.1572
6628,5236.4,83304,28.696,291.33,107.35,0.46147
6628,5385.5,84309,32.411,393.34,194.42,0.33844
6629,3850.6,82640,33.594,368.78,203.4,0.28903
6630,4844.7,83726,33.592,402.37,291.54,0.15971
6630,4820.3,84431,29.356,285.05,121.9,0.4009
6630,5567.7,81753,34.088,362.03,281.42,0.12527
6630,5576.8,84280,28.859,360.97,168.27,0.36411
6631,5869.8,82821,31.88,357.35,405.56,-0.063186
6631,6130.3,84160,34.727,435.21,192.07,0.38761
6633,5064,82889,26.726,916.86,723.92,0.11759
6633,5824.9,83676,36.875,368.02,265.71,0.16144
6634,5058.7,82839,41.474,1325.1,801.86,0.24601
6634,5323.6,83315,25.423,520.49,374.24,0.16346
6636,5578.5,83684,16.798,419.7,101.28,0.61119
6638,4919.1,83846,23.29,566.03,468.07,0.094729
6638,5658.2,83706,18.832,647.76,259.87,0.42737
6639,4829.7,83948,41.56,357.99,239.04,0.19924
6639,5626.4,83820,33.257,178.53,272.37,-0.20812
6639,6137.6,83335,30.671,379.27,176.83,0.36405
6640,3715.8,82934,28.051,360.91,244.22,0.19283
6642,5533,83559,37.59,329.92,189.6,0.27011
6643,5521.5,81887,31.345,344.85,291.77,0.083384
6644,5347.9,82569,28.173,614.5,488.06,0.11468
6645,3848.9,83982,16.514,396.89,110.86,0.56334
6646,4633.5,83681,35.089,147.42,115.27,0.1224
6647,6370.7,82873,29.94,533.56,423.95,0.11448
6648,3915.3,81856,29.364,262.5,120.99,0.369
6648,5603,83618,34.38,233.6,144.97,0.23413
6649,5598.2,83697,22.559,403.31,242.22,0.24954
6650,5618.5,83687,32.483,239.57,153.78,0.21809
6652,4478.7,82260,34.105,689.7,503.3,0.15624
6655,6411.9,82374,16.262,525.03,607.24,-0.072607
6656,6392,82302,30.211,596.1,404.13,0.19192
6657,4628.3,82797,37.849,349.28,317.68,0.047379
6659,4822.6,81885,33.321,608.62,567.16,0.035264
6660,4785.3,81881,34.221,470.36,159.14,0.4944
6660,4782.6,84370,28.633,392.48,230.42,0.26018
6663,4940.8,82203,31.757,262.57,279.15,-0.030602
6663,4976.2,83790,28.935,437.05,260.12,0.25379
6664,4494.7,83869,26.803,979.68,258.76,0.58212
6664,5312.9,83645,24.773,401.72,260.74,0.21282
6665,5459.9,83452,25.731,307.39,144.96,0.35907
6666,3820.8,82740,28.997,378.88,328.68,0.070942
6666,5581.2,82001,32.162,472.54,397.97,0.085654
6667,3906.8,82850,36.11,406.85,215.16,0.30818
6667,4948,83739,29.671,339.4,172.61,0.32574
6668,5156.8,82689,33.539,301.38,261.71,0.07045
6668,5172.8,83624,20.964,738.68,566.39,0.13201
6668,5499,84608,31.384,224.3,148.43,0.20356
6670,4218.8,84457,30.886,615.24,166.14,0.57474
6670,6119.1,84366,30.474,405.88,540.47,-0.14222
6670,6233.4,82954,34.565,391.13,334.63,0.077856
6671,3845.8,82440,38.676,476.62,647.61,-0.15209
6671,5229.8,83449,22.338,790.92,455.15,0.26946
6672,3639.5,82634,30.323,295.73,551.32,-0.30174
6672,5367.8,84246,38.375,302.38,306.53,-0.0068196
6674,5845.8,82863,24.078,369.23,172.52,0.3631
6680,4503.3,82257,22.991,860.11,622.46,0.1603
6680,5368.8,84190,26.084,438.31,241.24,0.29
6681,4074.1,84160,30.43,603.1,414.47,0.18538
6681,4689.2,82355,17.54,886.74,400.13,0.37814
6681,5441.3,84624,29.074,500.29,308.5,0.23713
6681,6183.9,83165,30.158,502.11,422.79,0.085756
6682,4688.2,82548,35.709,787.71,635.6,0.10687
6683,4544.8,82271,35.435,726.69,483.36,0.20108
6684,5305.9,84680,36.254,553.13,163.43,0.54386
6685,3538.5,83026,15.001,1249.8,1163.2,0.035888
6685,4631.4,82263,27.889,1034,888.45,0.075706
6685,4622.5,81744,20.839,1064,826.16,0.12583
6685,5079.3,82480,33.409,869.16,597.03,0.1856
6685,6407.9,82325,39.486,124.21,128.96,-0.018741
6686,4968.8,83874,25.678,230.02,147.83,0.21751
6686,6394.7,82360,29.787,260.99,287.86,-0.048945
6687,5057.8,83870,35.022,487.33,401.22,0.096907
6687,5272.7,84353,29.161,398,320.91,0.10724
6688,5083.3,82448,29.071,339.13,267.93,0.11729
6689,5342.3,84574,26.493,643,284.1,0.38713
6691,4942,82448,20.309,809.13,375.54,0.36601
6692,4796.1,82244,35.982,401.74,182.35,0.3756
6695,5567.5,81768,34.155,133.23,202.14,-0.20548
6700,5549.2,83651,23.705,287.38,252.47,0.064658
6700,5866.9,82153,39.962,341.43,207.07,0.24495
6701,3879.5,82501,32.856,344.14,295.75,0.075618
6701,5004.5,82720,28.937,492.53,456.41,0.038061
6702,5883,82862,27.821,615.13,467.14,0.13674
6703,5609.8,82296,23.637,884.34,468.35,0.30753
6704,6203.4,83486,36.848,189.45,120.89,0.22092
6705,6175.7,84279,30.459,317.99,318.08,-0.0001413
6706,4003.9,84700,42.491,418.49,214.21,0.32287
6706,4406,83533,30.991,645.24,370.06,0.27103
6706,5716.2,82860,28.297,413.32,232.74,0.27952
6707,4520,84452,29.831,332.31,208.8,0.22826
6707,5910.7,82900,27.817,488.02,283.2,0.26558
6707,6358.7,82034,34.329,569.88,576.68,-0.0059371
6708,6382.5,82050,23.727,509.66,198.69,0.439
6708,6384.3,83485,28.778,336.2,120.79,0.47136
6709,5604.1,84096,22.329,208.98,141.85,0.19133
6709,5877.8,82742,32.722,311.75,333.12,-0.033149
6710,4206.4,84239,28.391,260.83,166.26,0.22142
6711,4261.2,83406,32.299,258.35,105.86,0.41868
6711,4656.4,81856,33.062,401.15,328.79,0.099124
6711,5852.1,82771,15.263,502.83,325.28,0.21441
6711,6040.9,84319,39.263,268.58,219.75,0.099982
6712,5798.3,82731,36.641,368.51,199.74,0.29699
6713,4200,83431,37.041,330.41,123.26,0.4566
6713,5827.7,82761,24.996,263.55,185.34,0.17422
6714,3594.3,81817,35.273,368.12,351.45,0.023173
6714,5623.1,82883,37.102,251.08,250.98,0.00019658
6715,3546.7,82061,34.67,385,289.41,0.14173
6715,5796.1,82908,25.8,359.64,271.98,0.13878
6716,4812,82412,26.347,497.35,274.97,0.28794
6717,5787.8,82867,21.624,360.23,293.71,0.10173
6718,3638.2,82715,34.617,676.32,332.3,0.34108
6719,3604.4,82907,25.317,759.04,425.63,0.28144
6719,5700.8,82774,23.459,662.19,512.09,0.12782
6720,5372.8,83342,24.8,479.37,577.37,-0.092738
6720,5723.9,82725,25.558,446.39,241.44,0.29796
6721,4347.8,83811,29.876,353.35,258.89,0.15428
6721,5009.6,82259,38.024,393.58,129.21,0.50569
6721,5551.8,82788,31.477,502.28,333.81,0.20151
6722,4361.4,84057,32.094,541.44,484.88,0.055118
6722,4747.7,82212,19.163,978.3,1065,-0.042433
6722,5144.2,83758,13.218,1131,939.51,0.092469
6722,5661.6,82743,24.468,551.69,335.34,0.24391
6723,4805.6,81980,28.143,1059.2,745.12,0.17408
6723,5241.8,83734,20.28,1276.7,1160.3,0.047776
6726,4553.7,81918,23.241,1006.7,889.69,0.061689
6726,4659.3,83902,32.733,413.66,226.61,0.29214
6726,5732,82736,27.65,141.26,135.01,0.022612
6726,6035.4,84310,27.353,247.1,244.83,0.0046137
6727,3520.4,82805,26.203,830.43,511.38,0.23777
6727,4588.5,82016,31.788,588.9,486.15,0.095573
6728,4901.7,83864,31.137,663.35,645.82,0.013393
6728,4952.3,82959,33.944,600.4,408.78,0.18988
6728,5749.7,82680,23.803,214.08,113.11,0.30859
6729,3700.9,82730,37.194,663.97,651.99,0.009102
6730,3466.2,82832,28.004,1176.8,806.2,0.18689
6731,5600.1,83900,25.671,561.42,432.02,0.13026
6731,5797.3,82811,29.532,202.75,116.66,0.26954
6731,6320.3,81739,29.983,206.19,109.02,0.30828
6731,6358.8,82913,28.106,375.4,252.71,0.19534
6732,5399.2,83902,13.556,662.19,410.9,0.23418
6732,6334.5,81798,35.631,469.63,399.14,0.081126
6733,3525.3,82726,35.475,372.2,158.72,0.4021
6733,5294.8,83909,20.164,637.36,458.55,0.16316
6734,3677.9,81884,36.118,430.43,100.41,0.62169
6734,4809.2,83805,31.504,399.95,453.84,-0.063125
6734,5853.3,82920,18.544,503.1,233.11,0.36672
6735,5714,83674,33.343,512.95,203.03,0.43286
6736,3483.8,81967,26.856,389.3,295.94,0.13625
6736,5544.9,83985,38.318,659.77,622.07,0.029411
6738,5964.2,82653,25.76,279.72,154.68,0.28786
6739,5280,84664,33.524,921.33,529.08,0.27044
6740,5045.7,82749,30.931,401.9,206.02,0.32221
6741,6033.8,82736,33.802,423.37,246.08,0.26483
6743,5820.9,81728,30.999,392.84,321.05,0.10056
6744,4385.8,83886,34.256,471.62,366.4,0.12556
6745,5665.2,84296,31.322,155.78,120.21,0.12891
6745,6270.5,82900,22.742,657.75,330.86,0.33065
6746,4757.4,83865,26.602,349.85,237.49,0.1913
6746,5402.1,81990,33.04,262.36,149.2,0.27497
6747,3488.5,82949,30.537,402.57,269.82,0.19742
6747,4302.5,81823,33.568,292.94,166.16,0.27617
6748,5178.5,83705,18.95,364.34,224.38,0.23774
6750,4545,82373,37.655,531.5,260.6,0.342
6750,5195.6,83266,33.698,981.75,794.3,0.10554
6751,3440,83991,39.464,270.86,115.84,0.40089
6753,4975.5,83657,34.525,689.41,638.01,0.038723
6753,5076.7,82705,32.384,445.52,293.78,0.20526
6753,5425.6,83319,22.717,300.68,143.8,0.35295
6754,3765.2,81944,30.573,407.75,321.48,0.11829
6754,5074,82473,21.21,475.25,333.1,0.17586
6755,3771.4,82991,34.174,586.97,333.6,0.27523
6755,3916.6,82101,29.716,386.11,178.97,0.36657
6755,5177.1,83918,31.61,269.91,128.46,0.35506
6756,4711,82160,36.218,331.37,204.51,0.23673
6756,5179.6,83642,25.938,1515.5,1218.3,0.10873
6756,5828.1,83088,39.256,397.55,278.11,0.17678
6757,5192.9,83642,19.985,626.47,345.55,0.289
6757,5593.5,82038,32.939,407.01,223.29,0.29149
6757,5964,82969,24.015,665.65,508.96,0.1334
6758,3635.4,82977,35.667,288,130.78,0.37541
6759,5151.6,83452,37.094,805.6,771.55,0.021586
6760,5755.6,82808,36.167,1102.1,799.29,0.15926
6761,5671.9,83937,17.781,1732.7,1090.8,0.22732
6762,5576.1,83667,15.431,773.05,397.62,0.32069
6763,3776.5,83200,29.274,288.67,231.74,0.10939
6763,5071.3,82293,26.744,612.17,264.99,0.3958
6763,5723.4,83835,27.582,667.75,379.75,0.27493
6763,6067.6,84212,36.68,1039.2,1005.9,0.01627
6764,4530.8,83805,30.711,399.84,321.95,0.10792
6765,4767.9,83089,32.119,437.41,303.06,0.18143
6766,3849.9,83084,28.806,346.22,425.95,-0.10325
6766,5610.7,84105,28.992,315.65,293.72,0.035988
6767,3746.3,83087,15.66,782.15,545.72,0.17805
6767,4294.5,83648,19.696,237.21,366.73,-0.21447
6767,5342.4,82726,28.858,634.33,426.58,0.19582
6768,4253.8,83635,23.32,442.51,336.35,0.1363
6770,4562,84376,29.811,349.19,180.79,0.31775
6771,4400.2,84629,35.041,814,585.17,0.16355
6773,4995.4,83650,23.721,582.65,416.41,0.1664
6776,5052.5,82706,24.81,410.78,316.34,0.12989
6778,5604.7,81794,36.042,344.95,378.31,-0.04612
6779,3628.4,83032,20.832,631,350.45,0.28586
6779,6110.3,82977,34.881,234.4,112.22,0.35247
6781,4373.1,83801,37.895,258.26,221.89,0.07576
6781,6144.3,84378,32.018,289.71,330.59,-0.065906
6783,3604.9,83660,35.556,545.32,365.31,0.19768
6784,5317.2,82602,27.769,425.33,332.42,0.12262
6784,5630.5,83834,33.361,380.13,201.87,0.30628
6785,4146.8,84036,35.402,432.31,215.56,0.33456
6785,5210.1,83786,21.282,621.83,389.5,0.22973
6786,4276,81991,27.777,505.45,321.5,0.22244
6786,5068.6,83656,34.61,242.59,177.56,0.15477
6786,6300.5,83300,33.594,334.82,211.74,0.22519
6787,5484.4,83293,29.335,272.31,172.34,0.22483
6787,5480.9,84545,29.378,512.66,182.91,0.47407
6788,4983.9,83817,29.146,287.01,183.94,0.21886
6788,5386.9,82497,37.873,155.73,184.02,-0.083282
6789,4408,81852,19.362,1054.8,635.77,0.24787
6789,4931.1,82702,28.814,440.19,181.52,0.41605
6789,5831.3,84147,27.239,507.09,498.78,0.0082651
6790,5169.9,82825,25.23,650.16,320.26,0.33996
6790,5638.4,84337,30.935,314.98,227.38,0.16152
6790,5881.7,84270,36.951,566.03,495.89,0.066042
6791,3432.3,83750,27.999,419.29,320.43,0.13364
6791,6264.2,82522,36.995,354.99,277.48,0.12257
6792,3973.8,82573,33.45,416.72,353.37,0.082257
6793,3670.1,82891,30.035,804.6,218.98,0.57214
6793,4599.2,81827,20.855,291.99,165.58,0.27625
6793,5312.3,82700,28.061,918.48,818.5,0.05756
6793,6025.1,81806,30.233,825.5,668.65,0.10498
6794,3713,84320,35.493,359.08,256.34,0.16695
6795,3597.1,83760,31.071,514.82,350.95,0.18928
6795,5236.7,82634,28.073,819.51,637.49,0.12493
6795,5680.1,83905,20.965,338.31,343.9,-0.0081937
6796,5168.1,83708,30.546,230.31,147.31,0.21981
6797,3797.5,83818,28.044,425.4,203.36,0.35315
6797,5222.8,83892,26.994,752.08,409.41,0.29503
6798,5122.5,83764,20.881,595.58,241.37,0.42322
6798,6072.8,82472,30.45,958.71,440.63,0.37023
6799,5103.1,82806,24.001,847.88,581.04,0.18674
6799,6145,82388,18.573,1135.1,655.51,0.26785
6799,6128.6,83435,33.388,160.01,206.29,-0.12636
6800,3875.6,83988,33.56,454.33,338.93,0.14547
6800,5224.1,82874,30.021,518.69,330,0.22234
6801,5123.2,82554,28.369,269.27,124.2,0.36868
6802,5514.9,82257,29.321,555.58,154.17,0.56556
6804,4295.6,84367,39.507,417.55,205.83,0.33963
6805,4134.7,82453,34.099,588.95,452.81,0.13068
6805,6007.5,82381,33.48,279.9,214.02,0.13337
6806,4611.8,84397,26.676,281.09,169.21,0.24845
6806,4747.6,82416,33.843,240.89,161.25,0.19803
6806,5809.7,82667,33.737,229.98,245.45,-0.032533
6807,4117.6,81741,29.907,462.31,408.93,0.061267
6807,4804,84314,31.485,451.94,335.92,0.14726
6807,6398.7,81996,38.335,212.42,160.68,0.13866
6809,5139.9,82354,35.2,251.68,138.66,0.28955
6809,6265.9,82989,38.3,214.03,130.88,0.2411
6811,5355.4,84264,27.931,494.4,385.27,0.12406
6811,5529.1,83601,32.222,468.77,219.75,0.36167
6811,6078.9,84342,31.63,229.82,114.09,0.3365
6811,6224.7,81813,28.485,266.56,212.65,0.11249
6812,5149.9,84343,30.733,712.47,474.21,0.20077
6812,6128,81959,25.849,655.83,703.93,-0.035371
6813,4666.6,83987,28.065,509.09,320.74,0.22698
6813,6283.9,82818,39.96,490.33,263.24,0.30135
6815,3710.2,83188,33.756,143.45,144.86,-0.0048865
6815,4210.7,81936,26.081,417.24,402.38,0.018124
6815,5324.2,84434,38.49,291.49,128.64,0.38762
6815,6416.9,82052,18.861,421.34,186.1,0.38727
6816,5352.3,84479,20.021,570.23,213.09,0.45593
6817,4954.3,82775,23.699,557.11,105.98,0.68034
6818,4336.8,83344,23.961,591.39,376.76,0.22169
6819,5145.1,82332,28.68,720.42,188.85,0.58461
6822,3657.7,82947,25.199,430.99,468.85,-0.042073
6822,5057.5,83374,35.33,272.9,161.18,0.25737
6822,5812.3,82772,30.074,248.21,185.78,0.14385
6823,3837,82970,28.288,324.73,219.76,0.19278
6824,4209.5,84063,27.868,283.27,134.54,0.35598
6825,4293.2,83290,26.131,863.52,469.75,0.29534
6829,3824.1,82392,28.293,521.04,423.17,0.10365
6829,5551.9,84233,32.756,369.08,222.8,0.24714
6830,3599.4,82004,24.296,485.76,528.5,-0.042142
6830,5602,84306,21.031,944.38,644.31,0.18888
6831,3887,81882,35.645,1053.7,1092.3,-0.017967
6831,3856.1,82465,33.176,557.05,641.83,-0.07072
6832,3489.1,83869,26.602,417.31,258.92,0.23423
6833,5718.3,82288,31.829,285.34,248.77,0.068465
6834,6176.8,84308,36.538,453.69,521.66,-0.069684
6835,4317.7,81995,38.798,266.17,123.25,0.367
6835,4988,84328,25.029,690.15,472.26,0.18745
6835,6096.1,82503,41.041,733.81,316.87,0.39683
6836,4946.1,84409,36.23,451.67,377.48,0.089473
6837,3818.9,81895,29.034,669.74,540.81,0.1065
6837,6176.6,82983,36.954,227.99,203.65,0.056387
6838,5322.6,83304,37.013,424.95,272.34,0.21886
6840,5708.1,83334,35.702,855.72,795.52,0.036457
6840,6058.1,84207,31.108,389.61,210.98,0.29743
6841,5590.5,83246,21.869,818.28,607.94,0.14749
6841,6140.5,84241,30.822,564.56,376.59,0.19972
6842,4551.3,81758,25.865,519.81,263.98,0.32639
6842,5495,83285,17.33,1323.6,791.96,0.25131
6842,5888.1,84248,37.594,603.33,538.74,0.05656
6843,4413.2,81766,29.329,362.29,166.56,0.3701
6843,5357.6,83120,22.933,665.64,462.88,0.17967
6843,5987.7,84277,28.728,481.1,337.28,0.17573
6844,5302.7,82874,30.267,389.5,306.8,0.11876
6844,6102.5,84326,26.662,421.56,311.08,0.15079
6845,4406.2,82235,34.011,175.61,148.99,0.082023
6845,6018.9,84338,31.856,164.36,125.34,0.13471
6846,5893.1,82833,33.113,277.91,197.23,0.1698
6847,4106.3,81917,32.221,279.26,136.88,0.34215
6847,5898.7,82652,32.951,422.21,284.71,0.1945
6848,6015.3,82773,35.456,261.93,185.35,0.17122
6849,3655.8,82183,37.449,431.34,217.9,0.32875
6849,6104,82801,22.054,687.72,553.01,0.10857
6850,6089.2,82877,36.351,264.62,276.31,-0.021615
6851,4052.6,83280,38.562,222.68,197.32,0.060391
6852,4344.4,83284,30.231,262.96,132.77,0.32898
6852,4880.2,84701,29.833,182.04,100.69,0.28771
6854,4451.4,82594,31.715,702.7,328.63,0.36271
6854,6161.8,83142,38.47,264.76,177.16,0.19821
6855,4031.5,82723,32.01,299.16,219.02,0.15465
6858,4227.7,82706,30.908,356.1,204.6,0.27019
6858,4747.3,83717,24.436,1527.6,786.16,0.32043
6858,5471.4,82460,33.492,455.21,166.47,0.46445
6859,4616.8,81956,28.176,910.8,380.95,0.41018
6859,4894,83759,23.805,1476.9,898.41,0.24354
6859,5235.9,84675,22.29,589.56,255.93,0.39459
6860,5055,84441,38.028,419.33,223.99,0.30363
6861,3664.5,83112,31.619,640.13,556.59,0.069811
6861,4581.7,83969,35.217,741.06,542,0.15514
6861,5131.2,83687,32.881,1056.9,691.27,0.20916
6861,5313.5,82794,30.499,338.95,250.36,0.15033
6862,4278,81981,37.402,398.96,107.31,0.57607
6862,4744.8,83961,21.671,880.45,622.19,0.17187
6862,4911,82154,26.488,449.86,238.33,0.30737
6862,5223.9,84530,19.561,475.77,280.13,0.25882
6864,5466.4,82175,35.315,519.74,389.32,0.14347
6864,6284.8,82743,23.254,851.88,455.36,0.30333
6867,6085.1,83182,37.652,215.91,182.22,0.084628
6868,5351.2,83659,36.226,479.58,270.47,0.2788
6869,5336.3,83776,33.35,664.85,591.13,0.058697
6870,5349.7,82869,26.068,854.35,650.44,0.13551
6870,5400.4,83845,35.338,328.62,326.39,0.0034168
6871,5232.5,81960,32.328,123.89,112.39,0.048645
6871,6307.1,82508,25.871,212.21,201.19,0.026668
6873,5108.5,84378,36.38,272.04,368.75,-0.15091
6873,5221.5,82689,31.699,247.45,314.31,-0.11902
6876,3543.3,82995,23.762,520.22,384.56,0.14993
6876,3884.5,82244,31.604,837.46,608.83,0.15808
6877,5930.3,81905,27.734,543.88,537.54,0.0058642
6878,3765.9,82149,33.368,409.28,352.98,0.073858
6880,4178.5,84476,32.017,497.44,592.43,-0.087153
6882,6390,82388,29.547,200.55,170.27,0.081659
6884,5552.4,83450,37.531,245.45,160.56,0.20909
6884,6380.3,82434,37.982,316.39,114.83,0.46743
6885,6397.4,82429,25.187,334.61,301.79,0.051564
6886,3462.5,84016,27.738,257.19,106.11,0.41586
6887,3735.8,84164,32.332,545.54,689.93,-0.11687
6887,5218.7,82716,30.893,332.78,176.85,0.30595
6888,3607.5,84168,25.187,822.17,763.23,0.037177
6888,5210.6,82797,26.178,296.91,269.94,0.047563
6889,3775.9,82160,30.119,685.97,532.9,0.12558
6889,3777.6,82129,41.208,718.7,580.71,0.1062
6889,4645.2,81910,34.904,429.45,179.55,0.41034
6889,5277.7,82924,26.078,290.23,205.47,0.17099
6890,3552,81976,36.66,369.11,109.97,0.54091
6890,6377.1,83440,37.635,308.24,170.06,0.28889
6891,3631.8,84409,36.62,622.6,405.87,0.21074
6891,4796.7,82311,25.656,486.49,358.95,0.15085
6892,3481.2,84217,27.041,489.05,465.67,0.02449
6894,5925.1,83414,28.119,538.58,286.09,0.30618
6894,6217.8,84264,36.644,273.03,261.43,0.02171
6897,4922.7,84422,25.301,447.03,205.96,0.36918
6897,4919.7,82447,37.179,679.98,384.13,0.27803
6897,5141,83795,32.381,360.12,141.49,0.43584
6897,5751.8,83606,31.471,304.87,209.25,0.18599
6900,5840,82936,22.936,378.02,231.01,0.24138
6901,5964.9,81928,38.286,293.83,134.73,0.37123
6903,3819.7,84172,26.117,313.28,122.49,0.43783
6904,3814.9,84263,25.309,516.58,196.82,0.44822
6905,3668.6,84354,29.36,294.1,165.37,0.28016
6905,3980.1,81978,26.037,226.88,115.28,0.32616
6906,3445.4,81985,31.559,437.73,450.65,-0.014538
6906,5774.2,82877,35.348,525.52,226.68,0.39729
6907,3785,82374,34.724,515.76,213.95,0.41361
6907,5366.7,84511,25.892,521.42,280.28,0.3008
6911,5497.7,83719,21.39,1033.4,676.08,0.20904
6912,4671.5,82235,31.437,593.68,416.72,0.17514
6914,5992.1,82197,34.124,1048.4,916.37,0.067205
6915,5100.4,82886,35.486,301.44,355.75,-0.082638
6915,5947.1,82194,34.599,373.35,341.76,0.044166
6916,4061.9,81981,36.034,337.37,323.56,0.020901
6917,3992.5,82222,38.032,514.38,239.69,0.36429
6917,6023.9,82999,30.362,677.41,424.05,0.23002
6919,5937.4,81802,39.708,493.38,156.57,0.5182
6920,4696.3,81795,24.389,291.32,156.62,0.3007
6921,5495.8,82010,33.928,434.95,313.47,0.16232
6922,4264.8,82709,32.799,528.05,188.37,0.47415
6922,5436.3,81895,25.273,338.72,156.88,0.36691
6923,5509.9,83649,40.735,503.8,390.48,0.12672
6923,5948.9,82982,31.412,576.84,375.29,0.21169
6924,3901.6,84099,33.55,259.35,209.76,0.10572
6925,3436.7,81918,24.801,751.06,606.68,0.10634
6925,5382.3,82246,32.124,402.06,272.78,0.19157
6925,5654.3,83775,23.814,369.39,175.36,0.35618
6926,3566.7,82104,34.97,309.65,258.13,0.090735
6926,5903,84350,39.149,342.25,210.97,0.23729
6928,5629.7,83776,22.841,671.69,251.83,0.45464
6929,5509.8,83641,33.832,436.89,454.25,-0.019482
6930,4909.4,84226,31.476,553.38,461.42,0.09062
6930,5583,83580,25.467,683.77,522.79,0.13342
6933,5155,83659,41.582,810.18,488.86,0.24735
6936,3682.8,83198,38.175,277.12,203.41,0.15339
6937,3502.1,82658,33.747,1048.1,611.42,0.26311
6938,3500.2,82998,28.175,592.63,218.82,0.46066
6939,5908.9,82762,34.403,265.97,181.85,0.18784
6940,5144.2,82948,29.706,283.05,131.54,0.36543
6941,5199.5,82929,27.488,528.8,293.46,0.28621
6942,5742.1,82704,28.732,228.87,125.2,0.2928
6944,3754.8,83083,26.876,491.4,348.32,0.17039
6945,4811.4,83773,35.8,641,636.51,0.0035165
6945,5364.7,84256,35.148,301.89,278.78,0.039802
6946,3492.2,81844,27.025,691.27,549.24,0.11449
6946,5005.5,83503,23.671,288.32,164.46,0.27355
6947,5315.8,81824,35.947,258.49,173.02,0.19807
6947,5359.4,84265,24.491,226.6,135.55,0.25144
6948,5305.7,83492,16.072,1594.5,823.67,0.31878
6949,5324.7,83409,16.753,989,598.43,0.24604
6950,4607.9,84078,31.298,460.51,487.52,-0.028498
6950,5313.5,83369,26.824,1019.8,520.36,0.32427
6950,5288,84449,35.445,617.17,365.57,0.25602
6951,3700.1,83106,31.901,446.62,193.45,0.39554
6951,5025,82540,37.687,732.86,537.17,0.15408
6951,5135.9,84314,30.827,481.77,300.47,0.23177
6951,6000.1,84418,34.171,536.32,447.21,0.090601
6952,3748.9,83219,32.33,302,240.36,0.11365
6952,5385.7,83752,37.079,1116.3,641.58,0.27005
6952,5926.4,83108,32.064,666.75,473.01,0.16998
6953,4379.4,82584,26.684,779.17,337.21,0.39588
6953,5517,83715,26.621,1323.9,1033.4,0.12326
6953,5939.3,82975,26.741,515.32,239.33,0.36572
6954,5583.1,83725,25.96,331.17,282.74,0.078892
6955,3980.1,82738,28.108,631.56,518.92,0.097907
6955,6371.1,82043,23.361,629.17,508.1,0.10646
6956,5915.3,82716,22.959,840.19,645.95,0.1307
6957,4039.4,82424,31.97,277.52,254.23,0.043796
6957,5752.1,83436,34.177,232.88,166.19,0.16711
6958,5869.2,83387,31.226,342.91,337.25,0.0083261
6959,4165.9,83592,28.709,295.49,136.35,0.36851
6959,5399.9,82917,22.04,939.69,543.73,0.26692
6960,6352,82385,27.147,312.75,314.24,-0.0023651
6961,5358.6,83124,26.175,740.05,504.88,0.1889
6963,3626,83033,32.423,430.74,212.58,0.33911
6963,4537.3,83385,43.529,932.98,739.21,0.11588
6963,5118.5,82911,30.805,419.74,273.9,0.21026
6965,4459.6,82869,31.352,582.28,421.52,0.16016
6965,4883.6,83248,27.847,224.11,149.54,0.19959
6965,5467.9,83759,27.361,863.46,641.34,0.14761
6966,5423.4,84511,35.358,374.62,261.65,0.17756
6967,5887.1,82962,21.529,584.13,200.88,0.48821
6969,3852.4,81892,33.25,373.67,289.91,0.12622
6969,5286.1,82873,28.741,245.93,195.7,0.11375
6970,4006.6,81919,32.373,492.64,290.08,0.25879
6970,5074.4,84296,31.146,392.41,333.29,0.081461
6970,5431.8,84613,37.738,529.43,192.57,0.46656
6971,3859.3,81977,28.291,563.43,457.1,0.10419
6971,5446.7,83676,31.853,494.73,368.69,0.14597
6972,3996.6,82051,21.038,625.93,283.04,0.37724
6973,3910.1,82208,30.347,865.77,369.33,0.40195
6973,5182.2,83836,31.782,252.47,401.33,-0.22769
6975,5472.5,83810,30.623,249.16,434.86,-0.27149
6977,3479.8,82885,22.577,999.98,640.31,0.21927
6977,5827.5,82330,31.644,395.71,147.96,0.4557
6979,4379.4,82363,34.589,441.11,346.69,0.11985
6979,5050.3,82476,36.286,537.75,398.73,0.14846
6979,6399.5,82026,25.992,323.91,158.32,0.34338
6980,4306.2,83453,28.648,219.38,103.46,0.35908
6980,4986.1,83729,35.975,417.67,122.85,0.54543
6981,4851.6,82474,28.485,716.69,401.52,0.28185
6981,5361.4,84234,31.921,608.19,427.79,0.17414
6982,4046.7,82033,34.99,420.02,219.72,0.3131
6982,5483.6,83555,27.141,360.95,189.44,0.31161
6982,6197.8,84402,37.044,157.28,202.07,-0.12465
6983,3639.1,82338,37.95,588.28,329.2,0.28239
6984,3531.7,82404,28.063,292.87,282.03,0.018855
6984,5382.2,84310,34.319,521.19,257.07,0.33938
6984,6342.9,82274,32.018,258.19,349.62,-0.15043
6985,3531.9,82554,35.672,854.61,668.18,0.12242
6985,5478.8,83665,28.101,242.23,149.53,0.23664
6985,6360.2,82313,25.149,353.24,360.78,-0.010564
6986,3517.7,82513,30.091,1154.9,1008.3,0.067778
6986,3590.7,82492,31.184,1100.3,1023.1,0.036386
6986,4492.9,83569,34.319,567.72,210.94,0.4582
6986,5213.9,82755,27.586,454.87,417.36,0.043006
6987,5800.2,82189,32.173,411.04,182.76,0.38445
6987,6120.5,84453,31.6,195.47,172.53,0.062352
6988,3826.1,82559,31.969,221.37,209.53,0.02749
6988,4444.4,83159,30.335,285.87,247.51,0.071924
6988,6098,84412,23.487,485.47,351.04,0.16071
6989,4984.6,82340,31.521,489.93,353.44,0.16185
6989,5548.2,83890,29.52,499.35,306.54,0.23926
6990,3731.5,82747,36.271,212.95,144.56,0.1913
6991,3625.2,82701,37.507,344.49,128.49,0.45669
6993,3759.6,83112,28.275,414.06,478.71,-0.072408
6994,4866.5,82398,21.702,890.84,585.78,0.20659
6996,4809.5,83896,32.957,226.08,217.69,0.0189
6997,4769,82392,26.481,563.75,270.31,0.35182
6997,5572.1,83288,27.549,489.04,396.34,0.1047
6998,6254,82068,29.116,751.13,442.02,0.25907
6999,4623.2,82231,30.403,338.8,114.66,0.49429
6999,4871.9,83847,27.996,183.1,161.84,0.061629
7000,5014.4,83651,31.693,337.65,220,0.21098
7000,6232.9,82302,33.981,260.02,101.6,0.4381
7001,4684.2,83840,30.079,480.04,438.35,0.045389
7002,3839.9,82753,33.895,334.57,235.17,0.17445
7004,3659.7,82360,32.201,816.56,290.36,0.47538
7005,4672,81890,26.911,616.07,395.42,0.21814
7005,5096.8,82707,26.48,657.13,528.83,0.10818
7007,5564.5,83785,25.883,320.74,139.44,0.39396
7007,6043.8,81778,31.367,397.19,254.04,0.21982
7008,3709.9,83178,33.437,202.59,144.67,0.16678
7008,5841.9,83032,22.331,260.45,122.41,0.36055
7009,4604.7,83428,36.835,199.72,362.57,-0.28962
7011,3627.4,82991,22.235,515.35,352.09,0.18821
7011,5607.1,82218,28.902,750.64,450.42,0.24996
7011,5590.5,82875,44.951,886.23,290.17,0.50668
7012,3720.5,82919,24.546,592.97,441.52,0.1464
7013,3688.7,83040,24.691,419.3,310.28,0.14942
7013,4457.3,84226,33.755,295.53,152.77,0.31845
7014,5703.7,82219,34.839,268.11,192.01,0.16539
7015,3763.1,82349,35.529,262.49,158.16,0.24804
7016,5814.6,82649,33.101,545.14,480.33,0.063204
7016,6262.9,82176,31.512,469.21,366.93,0.12233
7017,6109.9,82146,31.233,502.68,311.86,0.23427
7018,3790.3,81834,23.399,895.25,873.43,0.012333
7018,6047.4,82008,29.485,428.04,109.79,0.59173
7019,3984.7,81787,19.539,716.29,460.56,0.2173
7019,5268.7,82436,23.524,719.47,959.03,-0.14272
7019,5477.5,83737,41.416,812,486.53,0.25064
7020,4024,81736,18.684,1290,954.16,0.14965
7020,5420.5,82775,28.731,726.74,607.01,0.089769
7021,4981.7,83779,31.884,470.81,325.14,0.18302
7021,5789.1,82812,32.184,842.08,612.78,0.15761
7023,5263.6,84511,22.505,569.59,333.28,0.26173
7024,5157.8,84372,30.299,752.25,422.66,0.28052
7025,5133.6,84468,35.953,248.36,106.32,0.40049
7026,5377.7,83225,36.856,263.41,299.16,-0.063562
7027,6377.9,82895,26.006,349.23,348.54,0.0009953
7029,5387.4,81889,31.004,251,215.92,0.075136
7030,5440.7,83614,30.148,595.97,604.84,-0.0073925
7030,5558.8,81863,29.364,356.57,220.16,0.23653
7031,5335.4,83825,28.062,833.65,435.89,0.31331
7032,3910.9,82553,30.658,275.94,144.24,0.31346
7032,5196,84616,20.755,756.15,462.19,0.24128
7032,5510,83683,29.059,314.3,221.61,0.17296
7034,5536.9,83742,28.902,1062.6,492.11,0.36693
7034,5647.5,84346,34.768,446.77,170.54,0.44748
7035,4329.9,83040,28.127,920.83,507.71,0.28918
7035,5290.4,83262,29.926,692.21,351.45,0.32651
7036,5001.2,84352,25.497,609.19,248.87,0.41993
7036,5160.9,82808,23.65,821.35,504.76,0.23873
7037,5019.5,82870,26.647,511.88,281.33,0.29065
7038,5532.8,82006,28.278,173.71,131.2,0.13941
7039,3576.9,82714,29.813,443.54,174.03,0.4364
7040,4893.8,84351,34.167,383.51,204.39,0.30467
7042,5478.8,84018,35.249,501.18,431.84,0.074315
7043,4545,82375,21.233,1319.6,882.79,0.19832
7043,5517.8,83830,19.481,357.69,168.74,0.35893
7044,5135,83419,27.833,431.62,220.15,0.32446
7045,4247.8,82553,31.164,207.05,153.85,0.14743
7045,4858.3,82597,28.252,392.71,190.51,0.34669
7046,3612.6,81932,36.195,256.07,132.1,0.31938
7046,4435.2,82670,34.073,333.53,378.19,-0.062743
7047,3527.6,81888,38.226,292.94,123.75,0.40603
7047,5348.7,82949,31.844,194.57,107.04,0.2902
7048,3771.6,82757,33.231,580.67,442.56,0.13497
7048,6115.4,81774,32.013,669.74,619.46,0.039007
7049,4145.7,82539,42.639,372.32,285.84,0.13139
7049,5339.3,82924,24.994,417.17,356.92,0.077841
7050,3882.2,82547,31.028,404.27,222.97,0.28904
7050,4328.3,84141,41.207,400.71,178.6,0.38341
7051,3566.6,82399,29.842,625.17,391.85,0.22942
7051,5312.4,83741,28.829,293.55,141.17,0.35053
7051,5705.8,82780,23.878,858.75,519.28,0.24634
7052,5814.9,82865,12.483,1060.1,1024.3,0.017166
7053,3735.2,83101,28.932,452.85,194.26,0.3996
7053,4128.5,84264,35.07,607.79,316.99,0.31446
7053,5733.6,82822,15.214,1744.9,1034.2,0.25571
7054,3680.6,84302,36.409,956.85,442.37,0.36769
7054,5779.9,82891,16.938,837,495.55,0.25624
7055,5807.8,82702,16.665,1154,612.32,0.30667
7056,5819.6,82657,19.14,822.11,439.89,0.30286
7058,4247.6,83759,19.673,578.87,440.38,0.13587
7058,6039.1,81974,34.542,502.26,317.48,0.22541
7059,5376.9,84585,23.497,257.11,131.45,0.32341
7059,5732.1,83846,34.925,349.15,151.73,0.39415
7060,4483,83715,25.691,588.25,448.1,0.13523
7061,4789.2,83770,22.299,530.55,342.07,0.216
7062,4748.8,81915,27.209,507.89,455.44,0.054447
7062,6256.1,82354,25.382,496.5,386.41,0.12469
7063,5531.9,84524,33.458,205.73,112.99,0.29099
7063,5789.8,82365,21.198,426.58,221.45,0.31655
7066,6341.6,82342,32.108,150.35,106,0.17301
7068,6048.2,82519,40.751,205.14,121.96,0.2543
7069,5800.9,82781,27.066,211.12,117.25,0.28586
7073,3682.8,82928,29.414,362.24,188.37,0.31577
7074,3704.4,82998,22.552,437.37,228.31,0.31405
7075,4973.6,83116,29.752,250.64,175.05,0.17757
7075,5975.9,84194,36.847,401.6,175.92,0.39077
7079,3813.5,83155,36.8,554.83,496.08,0.055898
7080,3678.5,82640,29.097,854.46,419.55,0.34137
7080,5279.5,82802,33.392,666.86,781.3,-0.079028
7081,3470.7,82461,35.276,752.86,345.32,0.37111
7081,3976.5,81861,36.612,354.64,331.47,0.033761
7082,3655.1,82584,27.834,1226.3,997.08,0.10309
7082,5253.2,83743,16.552,860.02,587.75,0.18806
7083,5971.2,83062,27.476,387.97,231.17,0.25326
7084,3761.4,82150,31.36,371.11,308.29,0.092463
7085,5859.9,82812,28.119,282.51,151.8,0.30097
7086,3768.3,83089,28.791,283.46,316.63,-0.055273
7086,5658.6,84702,36.479,228.99,115.22,0.33052
7087,5342.1,84322,34.489,315.66,221.09,0.17619
7088,4430,83639,37.812,264.19,143.52,0.29598
7088,5419.7,84474,28.16,459.76,371.71,0.1059
7088,5986.9,84348,29.843,396.77,209.77,0.3083
7089,4583.9,82291,37.278,297.54,186.2,0.23018
7089,6035.2,84248,31.487,1178.8,869.77,0.15084
7091,4547.1,82213,38.121,235.18,186.03,0.11668
7092,5969.1,83101,32.752,499.59,259.61,0.3161
7094,3495.8,84378,24.201,425.13,303.49,0.16695
7094,5360.2,84333,24.379,553.19,425.38,0.13061
7095,3577.6,84321,21.187,722.81,410.51,0.27556
7095,4175.9,82254,39.688,362.31,259.1,0.1661
7095,5609.8,84003,34.006,973.79,700.82,0.16301
7096,4090.5,82426,36.769,367.43,285.44,0.12559
7096,5327.5,83964,35.855,829.77,559.4,0.19463
7096,5440.7,82034,33.983,373.36,214.16,0.27098
7096,6381.5,82848,24.612,489.87,452.46,0.0397
7098,5594.1,82060,33.863,306.17,231.95,0.13793
7098,6335.6,82573,29.816,517.85,346.24,0.19861
7100,5258,84229,36.834,259.93,153.17,0.25843
7100,6065.5,82775,37.375,319.01,168.1,0.3098
7100,6042.7,84374,28.3,226.49,190.24,0.086989
7101,6065.3,82346,24.177,329.87,269.69,0.10037
7102,4788.6,84236,30.779,260.22,157.83,0.24494
7102,6349,82298,17.358,579.49,391.43,0.19369
7104,5979.3,84199,30.477,344.77,361.17,-0.023222
7105,5548.1,84245,27.248,428.9,188.6,0.38916
7105,6293.3,81953,32.982,226.33,156.62,0.18205
7107,6127.9,84297,32.237,392.03,323.32,0.096055
7109,5466.7,83623,23.888,296.28,199.26,0.19578
7110,5334.8,82840,24.648,518.59,323.43,0.23178
7111,3572.4,84215,30.43,226.72,135.78,0.25086
7111,4865.2,81735,33.507,253.24,107.43,0.40429
7118,5497.1,83823,24.473,579.58,176.58,0.53295
7118,5901.6,82623,27.007,205.19,113.69,0.28694
7119,5430.7,83666,23.314,833.04,467.01,0.28155
7120,4613.4,84119,28.452,449.06,244.65,0.29465
7121,5420.6,83469,24.671,451.86,243.04,0.30051
7122,5175.6,83764,21.67,383.59,120.46,0.52203
7123,5608.7,83224,42.464,201.27,273.66,-0.15242
7124,4649,81777,35.701,278.53,153.13,0.29051
7126,5420.7,84196,28.676,561.05,191.64,0.49079
7126,6019.1,82758,37.505,740.26,426.21,0.26924
7128,5246.9,83646,28.224,300.6,266.44,0.060254
7128,6206.1,84307,34.355,194.36,172.67,0.059085
7129,6132.2,81909,34.406,309.81,378.83,-0.10023
7131,3794.5,83491,33.383,443.17,591.43,-0.14329
7131,6136.9,84275,29.119,388.22,317.35,0.10045
7132,3510,83322,35.468,462.4,321.29,0.18006
7132,4202.7,83313,26.902,856.98,466.61,0.29493
7132,6280.3,82355,38.965,478.1,421,0.063502
7133,5324.3,83640,33.065,836.99,692.24,0.09466
7134,5240.1,83948,34.886,357.13,212.4,0.25413
7135,3450.2,84095,35.624,202.84,156.13,0.1301
7135,4002.9,82988,26.719,443.62,326.24,0.15247
7136,4070.6,82759,29.171,525.09,574.77,-0.045171
7137,4267.3,83209,23.769,433.42,294.95,0.19011
7138,4156.7,83219,31.234,438.33,185.39,0.40553
7139,3630.3,83054,34.357,743.4,528.85,0.16864
7139,4092.2,82238,31.747,327.66,167.72,0.32285
7140,4125.7,83085,30.345,520.51,381.61,0.15397
7140,5049.3,83643,29.669,636.29,603.87,0.026141
7140,5345.1,84540,28.522,750.99,572.48,0.13488
7141,4712.9,82300,33.4,606.72,264.24,0.39321
7141,4968.1,83642,19.366,573.98,239.64,0.41094
7141,5424.5,84342,31.34,629.07,496.93,0.11735
7142,3963.2,82589,33.325,1066.9,835.88,0.1214
7143,3954.1,82451,24.068,1149.9,577.83,0.33111
7143,4175.3,83022,32.671,561.43,411.94,0.15358
7143,4915.7,83901,18.134,596.7,347.1,0.26447
7144,4925.9,83872,17.628,760.78,366.4,0.34988
7145,3729.9,82410,34.914,795.47,537.33,0.19368
7145,4342.5,82842,35.611,1008.4,890.77,0.061919
7145,4936.7,83788,19.454,638.61,571.56,0.055402
7146,3720.3,83024,29.256,446.69,337.92,0.13864
7146,4488.6,82581,30.674,817.76,600.54,0.15315
7146,5476.1,84439,31.707,150.4,106.84,0.16937
7147,4949.5,83842,32.528,332.67,119.17,0.4725
7147,5408.3,84255,33.086,219.36,176.54,0.10815
7148,4966.4,83890,27.097,333.23,135.33,0.42236
7149,4994.6,83941,23.839,368.8,280.54,0.13592
7149,5430.2,82064,18.621,546.23,363.91,0.20032
7151,4975.7,83944,30.712,305.61,380.49,-0.10914
7152,3745.5,82502,32.397,267.88,252.65,0.029258
7152,4932.6,83921,27.402,387.2,332.14,0.076533
7154,5073.6,82955,40.149,296.5,118.36,0.42939
7155,5048.2,82828,25.273,263.57,252.8,0.020876
7155,5213.8,84540,35.589,325.27,139.92,0.39844
7156,5156.2,84439,34.917,387.75,157.19,0.42309
7157,5233.5,84264,27.156,737.88,383.96,0.31549
7157,5239.7,84370,25.315,758.19,467.31,0.23735
7158,6193.7,82401,36.866,240.32,171.94,0.16584
7159,5179.7,84214,22.646,669.99,371.9,0.28611
7160,5504.7,84468,31.977,383.65,454.34,-0.084361
7164,5242.1,82755,26.814,383.14,151.6,0.43299
7165,5268.3,82890,29.632,391.02,295.2,0.13963
7168,3841.2,82962,30.045,234.61,112.14,0.35321
7168,5336.3,83676,31.824,863.61,467.93,0.29716
7168,5633.1,82397,30.301,250.1,152.49,0.24246
7169,3762.5,83471,34.483,255.95,155.79,0.24328
7169,6414.2,82339,17.844,346.19,268.96,0.12554
7171,5605.3,83792,25.45,763.27,486.12,0.22183
7171,6349.9,82380,21.979,618.1,459.63,0.14704
7172,5439.5,81899,32.891,395.76,325.5,0.0974
7172,5525.5,83796,24.489,246.48,112.85,0.3719
7172,6218.6,82418,27.625,1111.8,518.88,0.36361
7173,5891.8,82405,33.246,383.69,238.03,0.23428
7173,6312.2,82408,40.309,784.5,797.88,-0.0084506
7174,3688.7,82769,35.955,377.99,394.37,-0.02121
7174,4783,82190,30.473,633.34,393.48,0.2336
7174,5936.6,82336,30.443,525.36,237.38,0.37755
7175,4944.7,82247,23.738,669.91,503.07,0.14223
7175,5045.1,83808,36.09,549.88,392.97,0.16642
7175,6092.2,82875,36.346,435.61,263.58,0.24603
7176,5002.1,83701,23.802,775.11,394.61,0.32529
7176,5399.5,84284,24.996,363.28,279.66,0.13006
7176,5563.9,83753,32.657,256.5,253.84,0.0052119
7176,5982.4,82751,26.57,688.51,615.54,0.055951
7177,3638.6,83034,18.94,1172.3,643.51,0.29123
7177,5585.3,83749,20.718,442.54,307.53,0.17999
7177,6276,82836,21.893,550.72,439.58,0.11223
7178,3604.7,83051,27.837,1177.9,1017.1,0.073258
7179,3709.2,82998,24.067,648.41,822.51,-0.11836
7179,5243,84486,28.253,902.52,472.89,0.31236
7179,6390.3,82394,22.238,713.31,543.41,0.13519
7181,5415.3,84260,32.327,672.85,390.14,0.26596
7181,6201.2,82966,32.546,782.6,746.42,0.023662
7181,6329.2,82443,37.755,332.11,423.28,-0.1207
7182,5517.3,83871,33.102,569.79,583.68,-0.012041
7182,6103.6,84301,37.152,323.03,313.82,0.014457
7183,5682.4,83806,29.656,454.55,248.38,0.29329
7184,4386.3,83200,33.967,652.02,339.78,0.31482
7184,5435.1,84153,31.592,366.6,227.2,0.23476
7187,3650.2,83109,25.891,169.94,106.55,0.22923
7187,5273.4,84030,33.835,382.73,217,0.27634
7187,6188.1,82429,27.814,141.27,152.53,-0.038306
7188,6079.6,82420,27.235,303.05,395.57,-0.13243
7189,5383.9,84324,26.006,266.43,103.93,0.43877
7189,6017.1,82435,27.463,510.91,241.35,0.35834
7190,4591.7,83025,28.302,561.77,387.46,0.18364
7191,5087.6,84390,37.5,970.47,558.26,0.26964
7192,4412.6,82384,32.485,607.07,365.13,0.24885
7194,4655,84601,30.435,1007.2,697.02,0.182
7195,3871.2,82641,33.758,270.5,104.25,0.44364
7197,4634.5,82203,26.192,380.96,185,0.34623
7198,5484,81795,34.9,686.87,695.61,-0.0063203
7199,4890.1,82433,28.626,586.82,434.82,0.14878
7200,5059.4,82479,27.912,474.77,152.5,0.51377
7201,5375.8,84438,32.421,128.27,159.03,-0.10709
7202,4504.6,84655,34.288,139.88,114.6,0.099335
7202,5461.6,83153,34.987,525.42,316.84,0.24765
7205,5455.5,82510,34.256,307.74,127.48,0.41419
7206,5302.6,83901,31.686,452.44,291.43,0.21646
7207,5979.3,81988,33.292,255.36,107.82,0.40624
7211,3699.2,82961,40.64,660.09,354.18,0.3016
7211,6232.7,82374,33.734,543.77,269.49,0.33726
7212,6384.8,82551,20.985,582.97,263.25,0.37782
7213,5842,82033,31.823,292.26,270.94,0.037857
7213,6378.8,82411,20.65,322.88,271.31,0.086787
7214,6411.6,82280,22.575,535.2,359.03,0.19701
7215,4000,82598,25.56,609.19,311.22,0.32374
7215,6400.2,82331,17.751,314.55,186.66,0.25517
7216,3737.1,83148,19.75,367.84,196.73,0.30308
7218,5590.8,82643,36.409,416.12,275.18,0.20388
7219,4746.7,82425,26.364,483.06,138.81,0.55356
7220,3815.7,82212,21.284,767.42,431.18,0.28052
7220,5030.4,82230,35.744,514.62,368.01,0.1661
7220,5518.2,83711,15.23,1077.9,661.93,0.23908
7221,3743.1,83604,28.699,435.92,167.99,0.44366
7221,3814.4,82368,23.493,881.32,569.76,0.21471
7221,5472.6,83497,25.209,445.89,296,0.20203
7222,3615.2,82966,27.246,484.85,306.51,0.22536
7222,5433.3,83339,29.356,416.55,369.13,0.060349
7223,3760.7,82150,33.435,424.26,262.73,0.23513
7223,3677.5,82953,25.462,771.89,317.32,0.41734
7223,5386.2,83514,27.945,989.19,754.61,0.13452
7224,3870.6,82889,28.788,501.99,309.34,0.23744
7224,4572.4,82318,35.658,383.57,272.24,0.16975
7225,4343,83948,27.127,322.68,211.26,0.20867
7225,5320.4,84501,32.297,835.47,674.2,0.10683
7226,4091,81948,39.881,601.48,519.98,0.072674
7230,3845.5,82612,33.923,180.76,126.94,0.17489
7230,6302.7,82382,21.111,795.8,508.62,0.22016
7231,6394.7,82400,16.583,470.26,452.74,0.018977
7232,3740.9,83143,24.992,248.24,185.18,0.14551
7232,6361,82356,19.673,641.01,600.86,0.032327
7233,3579.3,82174,27.734,511.38,424.26,0.093106
7233,5051.4,82919,30.029,287.72,252.82,0.064559
7234,5123.4,82890,18.953,699.73,536.01,0.13249
7234,6043.8,82834,37.594,403.27,265.57,0.20587
7235,5223.9,82949,27.506,557.67,757.22,-0.15176
7236,5175,84576,32.146,698.81,125.32,0.69588
7238,3704.2,82866,36.083,331.63,251.05,0.1383
7239,3564.8,81876,34.524,462.09,324.07,0.17556
7240,5352.7,83455,31.317,312.35,340.39,-0.042968
7241,4256.9,84548,31.834,328.72,238.07,0.15994
7242,4444.3,81746,20.144,752.31,360.51,0.35208
7242,6108.4,84345,36.225,146.05,151.31,-0.017687
7243,6240.2,84424,29.606,194.34,222.4,-0.067335
7244,4420.9,82267,27.669,227.55,195.61,0.075494
7246,4388.1,82357,33.599,299.02,202.71,0.19195
7246,4363.4,83470,36.685,408.33,488.48,-0.089373
7247,4797.6,84620,29.528,278.64,197,0.17165
7248,3454,84116,35.356,314.48,188.85,0.24959
7252,4484.6,84570,34.939,329.67,126.45,0.44553
7252,5908.1,81906,32.735,411.52,144.92,0.47911
7252,6414.9,82132,18.71,330.04,297.72,0.051487
7253,3786.7,83131,29.221,312.09,279.82,0.054521
7258,5746.1,82147,30.705,362.63,203.27,0.28162
7260,6119.8,82157,38.404,878.34,681.84,0.12595
7261,4112.7,83966,32.638,501.47,209.31,0.41104
7261,6260.5,82402,34.743,250.52,201.31,0.10893
7262,4352.9,84045,29.239,473.48,571.58,-0.093871
7263,4029.7,82143,32.772,336.12,221.3,0.20599
7265,4765.9,84155,32.658,679.67,385.22,0.2765
7266,5386,82235,33.416,316.58,127.02,0.42732
7266,6238,83132,27.514,194.51,204.91,-0.026026
7267,4024.2,83239,40.127,1040.1,496.69,0.35362
7267,4416.2,82556,36.159,290.53,284.77,0.010012
7270,4793.3,84496,32.694,675.1,243.19,0.47034
7271,3825.4,83248,26.715,666.53,381.39,0.2721
7271,4560.3,84215,28.067,711.89,496.66,0.17809
7272,3721.6,82225,25.024,446.11,133.31,0.53986
7272,4585.8,82662,34.794,592.27,534.49,0.051282
7272,4567.3,84247,31.646,511.36,343.87,0.19584
7273,3764.1,82513,30.158,588.07,410.74,0.17754
7273,4760.7,82373,34.997,803.15,669.9,0.090456
7273,6355.5,82206,27.435,430.29,513.58,-0.088251
7274,3806.1,82693,22.058,1226.9,875.18,0.16733
7274,5632.1,83481,30.055,409.58,343.75,0.087381
7274,6374.4,82336,31.312,240.39,319.49,-0.14128
7275,3920.4,82675,21.698,1092.6,536.27,0.34155
7275,4927.1,84287,32.258,382.58,263.25,0.18478
7275,5571.4,83637,26.398,244.86,136.35,0.28465
7276,3860.7,82624,16.545,1299.6,668.65,0.32057
7276,6329,82167,21.969,542.57,458.43,0.084057
7277,3873.3,82436,22.41,617.65,689.18,-0.054735
7277,5527.1,83739,18.605,614.74,463.95,0.13979
7277,5584.9,82030,28.281,589.67,566.28,0.020236
7279,4306.9,83404,25.962,540.35,255.09,0.35861
7282,4479.8,82405,33.86,296.87,318.99,-0.035922
7283,4947.8,82024,26.721,548.32,362.14,0.20449
7284,3622.9,82671,33.651,371.71,172.27,0.36663
7284,5828.2,82175,25.908,607.34,544.23,0.054804
7286,6001.6,82913,27.002,847.94,561.61,0.20314
7287,5326.5,83771,36.45,278.16,163.46,0.25972
7287,5889,82715,31.043,825.41,574.24,0.17945
7287,5898,82839,35.121,900.71,633.84,0.17391
7288,5563.6,83847,32.104,477.51,460.27,0.018384
7289,5647.7,83904,33.234,263.44,194.18,0.15135
7289,5800.8,82735,32.433,1032.9,788.14,0.13441
7290,4805,83860,35.797,505,337.3,0.1991
7290,5862.8,82896,20.292,644.93,472.57,0.15424
7291,5540.6,83774,17.51,984.58,546.03,0.28652
7292,5517.7,83675,26.615,592.17,473.05,0.11182
7293,5763.7,82891,32.364,951.53,462.04,0.34628
7294,5653.7,83165,29.786,700.91,607.53,0.071368
7295,3884.5,82997,28.341,801.51,519.78,0.21322
7295,5314.9,83046,29.859,683.56,505.55,0.1497
7295,5857.7,82440,27.371,556.16,224.66,0.42456
7296,5312,83333,30.597,1398.9,827.9,0.25643
7297,3737.5,81947,33.609,378.35,215.11,0.27507
7297,5308.4,83427,20.874,1355.8,658.59,0.34612
7298,5251.3,83490,22.329,1485.4,930.87,0.2295
7298,5267.6,83854,25.042,1337.3,936.64,0.1762
7300,3795.5,83373,33.23,468.29,520.9,-0.053183
7300,5250.2,82816,40.197,328.12,221.85,0.19324
7301,3695.7,83085,19.226,694.61,512.65,0.15072
7301,6332,82301,22.702,801.94,576.47,0.16357
7302,3698,82890,19.302,723.94,428.34,0.25654
7302,5359.8,83341,24.337,442.27,203.71,0.3693
7302,6320.3,82183,33.889,538.43,494.71,0.042323
7303,6372.3,82327,30.176,239.62,228.9,0.022882
7304,4214.6,82959,34.392,328.3,365.67,-0.053846
7305,4050.8,82946,30.171,488.75,293.76,0.24918
7305,5608.8,83774,15.984,1103.4,515.04,0.36352
7306,4463.7,82179,31.897,399.07,289.54,0.15905
7307,4664.6,82288,26.656,489.44,509.58,-0.020154
7307,4677.7,83924,31.596,294.59,138.71,0.35974
7309,3896,83157,30.9,694.26,501.52,0.16118
7309,5088.5,83798,35.1,552.61,631.81,-0.066874
7310,5569.2,83752,34.372,193.54,136.9,0.17142
7312,3503.4,81922,27.704,648.87,368.73,0.27529
7312,4552.7,81761,37.228,201.74,376.55,-0.30229
7314,6221.7,83159,33.985,147.28,177.84,-0.093975
7315,6202,83226,27.886,167.43,150.52,0.053197
7321,4960.4,82744,32.963,590.2,164.91,0.56322
7322,4842.2,83758,39.084,248.43,149.11,0.24984
7322,5806.3,83005,20.441,368.32,142.39,0.44238
7323,3421.8,82994,25.806,325.31,162,0.33511
7324,4899.1,82920,31.781,449.9,217.91,0.34738
7325,3847.3,82558,39.373,357.4,196.37,0.29079
7326,5492.5,82165,28.646,487.32,357.69,0.15341
7327,5382.8,83377,31.057,477.01,408.81,0.076993
7328,5361.2,82726,28.789,241.87,121.91,0.32975
7329,5049.8,83721,15.943,943.79,527.57,0.28288
7330,5138,83798,17.84,1136.9,683.36,0.24915
7331,5113.7,83783,12.592,1142,489.05,0.40033
7332,4909.2,83824,14.559,1205.7,683.11,0.27666
7333,5187.6,83714,34.16,454.79,291.28,0.21916
7335,4991.5,82655,21.386,391.27,156.03,0.42982
7335,5297,83818,32.323,297.32,215.23,0.16016
7336,4981.5,82611,36.02,291.33,244.82,0.086746
7336,5624.9,83601,32.261,321.17,321.74,-0.00089724
7337,5976.3,82962,35.909,247.15,233.45,0.028513
7337,6288.8,82333,31.322,427.36,257.33,0.24834
7338,3847.3,83704,34.968,634.97,369.65,0.2641
7338,5966.5,83014,28.03,616.77,326.36,0.30792
7339,3702.7,83636,27.699,628.14,472.64,0.14126
7339,4983,83386,32.07,504.88,444.18,0.063955
7340,3469,83648,23.119,585.13,435.02,0.14715
7340,6397.1,82332,24.63,542.46,384.2,0.17079
7341,3431.5,83796,34.083,416.29,302.09,0.15896
7342,4006.5,81769,32.21,1059,473.98,0.38163
7344,4039,82417,36.76,876.67,475.01,0.29716
7345,3525.8,82239,27.005,772.91,494.57,0.21961
7345,4291.9,83270,25.96,456.41,277.16,0.24435
7345,5433.1,83445,23.791,300.58,255.28,0.081484
7346,4311.9,81741,35.226,370.8,158.13,0.40207
7347,3560.6,82296,33.068,910.26,513.67,0.27852
7347,4235.4,83005,29.936,353.94,123.28,0.48334
7348,6202.6,82997,23.57,478,405.98,0.081476
7349,4855.4,83242,24.618,474.5,237.76,0.33237
7350,4465.3,82128,36.682,640.45,428.39,0.1984
7350,4797.9,83265,34.535,865.02,559.76,0.21425
7351,4561.6,82073,31.835,855.58,552.67,0.2151
7351,5543,83499,21.942,598.06,281.89,0.35931
7352,3791.1,82671,31.361,776.43,520.38,0.19744
7352,4938.5,83055,28.932,313.23,123.31,0.43506
7353,3676.7,82687,29.96,532.94,296.41,0.2852
7353,4907.4,83243,34.959,301.28,401.31,-0.14238
7354,4410.6,81881,23.242,418.55,179.41,0.39993
7354,5173.4,82909,25.013,662.92,199.5,0.53734
7356,5723.1,82544,39.405,545,359.75,0.20475
7358,3993.3,81969,27.819,481.14,477.44,0.0038599
7358,4669.4,84236,32.513,295.56,200.69,0.19117
7359,3836.7,81931,34.714,406.27,403.19,0.0038127
7359,4973.4,82632,32.037,396.05,235.92,0.25338
7359,5242,84356,24.15,762.28,441.72,0.26624
7360,3723.4,82169,31.018,367.46,375,-0.010162
7360,5094.8,84283,28.525,687.78,380.12,0.2881
7361,5050.2,84323,21.56,489.54,371.75,0.13677
7362,4245.6,83191,36.115,735.37,290.03,0.4343
7363,4754.9,82988,30.676,233.82,189.75,0.10404
7363,5685.3,82689,30.179,396.75,158.57,0.42889
7364,5189.6,81950,26.916,364.14,215.58,0.25627
7365,4863.4,84060,25.847,385.6,327.72,0.081143
7365,5439.7,81731,24.8,956.86,717.59,0.14289
7366,5376.1,83809,28.913,460.3,304.66,0.20347
7367,5220.1,82996,26.194,186.39,178.46,0.02174
7368,5248.6,83824,29.973,269.17,354.26,-0.13649
7369,3972.8,82508,28.757,201.73,118.07,0.26158
7369,5336.6,83817,25.455,809.07,573.1,0.17073
7371,4527.2,82965,39.688,138.32,100.31,0.15928
7371,5174.3,83778,34.873,404.12,311.47,0.12947
7371,5497.3,81728,28.617,497.17,264.85,0.30488
7372,5234.2,84056,38.432,401.91,303.47,0.13956
7372,5867.7,82355,33.071,562.3,249.66,0.38505
7372,6261.3,82391,26.708,384.85,301.88,0.12081
7373,5239.4,82779,36.443,573.48,424.33,0.14948
7373,5365.8,84287,31.683,393.98,265.62,0.19461
7373,6353.5,82291,35.59,163.96,143.02,0.06823
7374,3746.6,84605,37.022,604.88,399.38,0.20463
7375,3983.6,84403,28.886,671.81,374.28,0.28443
7375,5036.4,82984,15.004,757.25,260.98,0.48739
7375,5071.2,84371,28.104,418.42,336.67,0.10827
7375,5623.3,82144,28.569,419.92,271.51,0.21465
7375,5776,82907,35.227,371.01,322.23,0.070369
7376,5087.8,82925,24.007,634.14,253.46,0.42889
7376,5525.8,82149,32.074,481.23,210.31,0.39176
7376,5518.2,83803,23.51,545.18,492.1,0.051174
7377,5116.1,82991,35.078,528.61,357.56,0.19302
7377,5200,83669,31.893,661.94,576.03,0.069395
7378,5230.3,82924,29.01,1218.2,1020.3,0.088417
7378,5511.8,82852,33.283,995.22,675.99,0.19101
7379,4906.2,82216,37.898,520.56,436.92,0.087354
7379,5336.7,82803,23.431,636.72,319.14,0.33225
7382,5780.4,82760,34.895,196.08,125.37,0.21998
7382,6260.8,82267,35.5,665.8,346.92,0.31488
7383,4367.2,81778,24.41,402.76,189.65,0.35972
7384,3870.3,82963,31.507,408.04,164.83,0.42455
7386,4102.1,82353,25.44,729.61,274.25,0.4536
7386,4916.7,82875,33.079,326.46,348.21,-0.032244
7386,5562.4,83912,27.223,515.57,440.58,0.078432
7386,5723.5,82523,35.356,174.25,206.9,-0.085652
7387,4007.8,82645,35.885,718.26,612.81,0.079221
7387,5507.6,83838,25.316,190.99,155.37,0.10282
7388,3758.7,83136,22.301,433.51,241.37,0.28471
7389,4674.4,82218,38.208,163.06,169.85,-0.020389
7389,5695.7,82072,38.178,281.14,287.76,-0.011634
7391,3774.4,83742,37.087,318.59,237.04,0.14676
7391,5084.6,83703,34.959,225.91,161.21,0.16711
7392,3813,83965,30.838,379.37,395.03,-0.020221
7395,3822.8,81834,28.612,684.37,359.85,0.31078
7395,4581.6,83443,33.084,338.29,223.57,0.20418
7395,5603.4,81847,26.789,479.73,146.22,0.5328
7396,3920.1,82367,24.182,761.42,576.06,0.13859
7397,3906.7,82170,30.526,619.9,362.46,0.26206
7397,4902.8,84292,33.308,613.8,297.2,0.34754
7399,6348.4,83194,37.362,176.09,105.9,0.2489
7401,4828.6,82384,31.61,515.57,516.49,-0.00089578
7401,5556.6,83931,25.045,454.3,571.91,-0.11461
7403,3834.5,81814,34.332,534.73,425.25,0.11404
7403,4438.3,84013,32.051,156.81,116.03,0.14946
7404,4724.3,82136,34.363,355.99,225.82,0.22374
7404,5893,82945,34.153,235.02,234.58,0.00093748
7405,4767.5,82273,31.268,273.01,278.72,-0.010345
7408,3690.9,83590,26.899,920.97,580.83,0.22649
7408,5272.5,83807,23.486,876.52,626.74,0.16616
7409,3610.4,83015,18.597,643.98,525.79,0.10104
7409,5279.4,84106,30.743,760.47,574.02,0.13972
7409,5356.6,83837,33.281,822.11,778.6,0.027183
7410,3592,83655,38.917,324.32,205.77,0.22364
7412,5239.7,83025,25.726,524.44,355.69,0.19173
7413,5208.3,82863,28.861,672.23,558.97,0.091995
7414,5261,82857,21.317,256.06,149.87,0.26159
7414,5506.5,83772,32.057,151.19,219.66,-0.18462
7415,3471.7,82064,34.667,258.79,143.11,0.28785
7415,5390.3,82173,35.801,512.78,182,0.47609
7416,4863.5,83694,35.459,382.59,337.16,0.06312
7418,6220.8,82760,36,279.94,135.79,0.34674
7419,3740.2,83081,27.841,207.9,130.93,0.22714
7419,5459.3,83496,22.904,365.09,151.43,0.41366
7419,6275.5,82883,28.111,544.23,357.29,0.20736
7420,3791.1,81947,27.439,368.62,263.63,0.16606
7420,3708.2,83215,25.191,270.84,303.12,-0.056249
7422,3633.2,83142,24.315,408.09,348.93,0.078139
7422,3819.3,81814,20.54,1353.2,883.12,0.21022
7422,4723,83929,29.251,273.1,245.8,0.052616
7422,5487.7,83750,34.412,412.64,139.21,0.49547
7423,3586.1,84604,39.034,479.2,427.19,0.05738
7423,3826.1,82966,26.086,656.71,211.08,0.51352
7423,5006.8,83763,34.889,712.98,445.05,0.23137
7424,3536.6,84648,27.803,275.88,186.97,0.19208
7424,4460.1,83498,24.581,261.62,186.93,0.16653
7424,4967.4,83899,36.811,348.33,260.09,0.14503
7424,5358.8,84718,26.231,352.54,171.08,0.34656
7425,3711.4,84634,28.365,556.35,452.43,0.10301
7425,4895.4,83881,24.403,609.42,279.89,0.37055
7426,3703.5,84630,26.276,385.34,293.88,0.13466
7426,4837.2,82260,40.411,742.43,600.71,0.10552
7427,3727.4,84724,38.64,737.97,427.94,0.26591
7427,4930.9,82339,20.378,1269,868.58,0.18734
7427,5366.9,84400,18.17,678.37,371.43,0.29238
7428,5263.6,84254,21.567,1021.7,556.85,0.2945
7430,4958.5,82427,34.1,359.35,460.26,-0.12313
7431,5946.5,84192,38.41,362.25,252.15,0.1792
7433,5528.8,83741,37.182,426.88,248.47,0.26418
7434,3496.3,84459,24.205,436.85,357.72,0.099591
7434,5355.2,83460,25.871,327.45,659.67,-0.33656
7435,3500.2,84517,19.926,312.88,174.71,0.28338
7435,4040.1,82262,25.565,472.3,157.64,0.4995
7436,3430,84558,25.17,274.99,157.14,0.27272
7436,3993.2,82256,24.177,464.37,220.19,0.35669
7437,5672,83828,33.199,420.08,644.92,-0.21112
7438,3422.7,84557,26.854,380.29,265.98,0.17688
7438,4270.8,83537,31.921,1033.6,370.77,0.472
7439,4215.7,83641,13.659,519.43,136.46,0.5839
7439,5100.2,83998,29.988,237.14,244.95,-0.016196
7440,4144.3,83726,12.058,1068.9,514.5,0.35011
7442,4559.5,81887,34.263,545.22,430.81,0.11723
7443,6066.6,82845,35.835,367.53,295.51,0.10862
7446,5010.2,82813,35.068,402.19,314.99,0.12158
7448,5523.7,83783,30.206,433.39,379.73,0.065998
7449,5765.8,82387,30.207,734.04,363.89,0.33714
7450,3430.7,82349,37.302,168.45,159.82,0.026304
7450,4950.5,83981,33.278,286.71,251.98,0.064468
7454,4981,83219,29.842,236.84,152.67,0.21609
7456,4837.6,82531,32.881,896.31,970.64,-0.039812
7459,5148.2,82508,30.444,492.43,236.01,0.35202
7462,3921.8,82071,25.999,819.92,562.53,0.18619
7463,3896.7,81825,32.298,389.84,304.52,0.12288
7464,4927.7,84300,27.336,205.14,144.2,0.17443
7464,5128.7,82812,22.337,732.9,457.98,0.23086
7467,4744,83144,32.181,313.49,141.74,0.37728
7468,5620.4,84149,25.306,338.75,308.23,0.04717
7470,4293.2,81785,29.239,496.83,326.9,0.20629
7473,5310.4,81967,29.809,534.02,451.81,0.083389
7477,3776.5,82931,31.614,1318.8,710.54,0.29972
7478,4613.7,82959,24.534,204.77,127.81,0.23142
7478,6120.3,84437,31.42,335.84,300.04,0.056293
7479,6251.2,82473,26.431,483.06,225.13,0.36421
7480,4571.9,83720,34.778,270.85,210.73,0.12485
7480,4777.4,84217,32.457,309.01,149.18,0.34883
7481,3721.3,82776,23.013,200.67,384.29,-0.31389
7481,4356.9,81993,31.09,342.33,239.06,0.17762
7481,4460.3,83871,36.783,574.93,416.32,0.16
7481,5075.8,83078,30.446,602.79,460.47,0.13385
7481,6251,82535,35.502,580.56,540.87,0.03539
7483,4952.4,82792,28.856,1160.9,793.37,0.18804
7483,5399,83424,16.614,696.56,387.54,0.28504
7484,4240.6,83274,23.371,757.36,494.88,0.2096
7484,5730.7,81902,32.442,265.88,237.86,0.055628
7485,4081.7,83155,27.007,760.24,307.93,0.42345
7485,4929.2,82907,34.533,458.3,463.96,-0.0061405
7485,5695.5,82603,36.531,443.18,258.07,0.26398
7485,5763.9,82971,26.421,253.87,175.95,0.18129
7486,3959.9,83149,35.607,628.84,323.12,0.32115
7486,5686.2,82955,22.553,917.1,457.7,0.33416
7487,3696.8,83024,32.811,587.65,706.9,-0.092116
7487,5588.8,83055,30.601,568.87,332.56,0.26215
7488,6381.8,82119,36.919,263.16,430.72,-0.24148
7489,3639.5,81734,34.5,271.59,284.31,-0.022886
7489,3892.3,82621,28.366,542.18,401.97,0.14851
7489,4333.8,83483,27.993,854.68,513.09,0.24975
7490,4010.9,82722,34.127,668.02,484.99,0.15874
7490,5023.8,82426,32.794,197.01,165.32,0.087475
7491,4046.6,83161,33.766,1098.1,940.56,0.077292
7491,4168.7,82787,30.907,1144.9,774.42,0.19301
7491,5594.8,84127,33.247,606.24,362.82,0.25119
7491,6332.4,82410,34.516,387.19,403.04,-0.020049
7492,5221,83207,33.024,477.99,211.15,0.3872
7493,3932,82664,26.285,1026.5,926.26,0.051334
7493,5307.8,83073,30.432,314.39,104.08,0.50259
7493,5619.2,83827,37.016,321.6,196.99,0.24029
7493,5987.8,82118,31.886,898.89,315.95,0.47985
7494,3772.8,82623,35.398,663.31,536.43,0.10575
7494,5228.3,83052,32.484,252.21,114.38,0.37598
7494,5585.5,83838,22.111,345.96,195.73,0.27732
7495,3880.8,82148,33.96,359.02,239.1,0.20049
7495,5686.3,83950,27.334,315.81,123.06,0.43919
7496,3914.7,81953,28.725,463.59,458.48,0.0055458
7496,4606.8,84671,32.412,405.62,134.76,0.50125
7496,5096.7,83272,37.373,259.53,120.8,0.36478
7496,5561.3,83867,23.577,965.86,311.61,0.51215
7497,5416.4,83844,18.638,1622.2,906.25,0.28314
7499,5099.3,83844,19.285,1209.4,659.91,0.29397
7500,4919.5,83889,36.087,335.04,503.69,-0.20107
7501,5002.1,83968,26.547,292.64,195.26,0.19958
7502,5652.7,81732,23.097,337.62,200.16,0.2556
7504,3857.1,83845,43.955,357.08,237.12,0.20189
7505,5340,84354,33.669,221.66,136.16,0.23894
7505,5586.8,83808,36.426,380.19,361.55,0.025136
7506,5288.1,82272,34.539,853.86,419.41,0.34121
7508,3965.9,82106,30.917,487.09,377.39,0.1269
7509,5468.1,83729,33.763,200.66,179.56,0.05548
7510,5501.6,83832,26.97,609.78,305.99,0.33174
7513,5511.8,83759,31.683,616.81,456.65,0.1492
7514,5303.1,83823,32.75,233.34,296.5,-0.1192
7515,6305.5,82818,31.854,778.15,578.83,0.14689
7516,3490,84465,37.791,161.94,211.71,-0.1332
7516,4772.7,84377,23.829,724.74,366.67,0.32807
7516,5119.6,84716,39.582,537.62,372.84,0.18099
7516,5696.2,82289,27.265,496.16,186.66,0.45326
7516,6180.7,82679,34.548,395.51,322.47,0.10172
7517,5340.5,83821,29.307,451.32,383.95,0.080663
7517,5793.2,82239,25.927,758.55,353.49,0.36425
7518,5436.7,83735,41.054,402.56,331.15,0.097323
7519,4151.2,84587,37.853,617.84,476.96,0.12868
7520,4178.8,82177,29.071,906.64,469.98,0.31719
7520,4888.9,84374,23.171,279.79,188.16,0.19582
7520,5499.3,83595,26.614,437.27,201.5,0.36911
7520,6170.8,82259,22.298,561.89,177.91,0.51903
7521,3964.5,82018,25.355,388.47,266.58,0.18607
7521,4136,84161,35.742,247.14,139.42,0.27868
7521,5357,83572,29.858,265.08,100.94,0.44842
7521,6099.6,82168,27.777,635.81,258.03,0.42265
7522,3849.2,81870,31.769,1462.5,1251.1,0.077923
7522,4826.3,84156,31.223,373.57,322.28,0.073703
7523,3864.4,81874,23.641,921.74,597.43,0.21348
7523,3849.9,82289,22.673,1335.2,980.89,0.15298
7524,3853.3,82042,16.039,1579.5,578.08,0.46415
7524,5401,83527,22.653,548.79,394.57,0.16347
7524,6394.8,82046,29.332,245.76,152.83,0.23316
7525,3780.8,81925,26.626,1393.8,934.06,0.19749
7526,5064,83702,27.961,338.15,155.95,0.36875
7527,4576.2,81760,30.243,421.48,274.05,0.21197
7531,5410.5,83813,30.423,393.09,348.37,0.060317
7532,6271.8,82104,23.32,584.72,387.01,0.20346
7533,5665.7,83541,29.15,318.79,197.14,0.23578
7533,5984.3,81901,33.25,261.06,173.97,0.20018
7534,5975.1,81845,31.654,164.56,134.61,0.10009
7535,4891.6,82796,36.423,461.2,366.71,0.11412
7535,5080.4,82414,28.595,313.17,204.83,0.20915
7535,5728.4,81842,46.978,448,440.19,0.0087912
7541,5521.1,82659,38.025,245.91,121.71,0.33784
7541,6418.7,82302,29.201,225.23,237.37,-0.026232
7542,4649.3,81889,32.967,321.9,289.7,0.052642
7543,4893.8,81813,25.782,374.72,292.67,0.12294
7543,5606.5,83945,25.857,373.64,259.14,0.18095
7544,3794.1,83357,26.259,486.92,198.4,0.421
7544,4667.5,84549,30.325,459.32,446.25,0.014433
7544,4795.3,81977,33.095,292.92,111.28,0.44938
7544,5580.7,83964,16.416,849.62,350.47,0.41593
7545,5431,83856,17.682,1031,840.39,0.10185
7547,5797.9,82941,27.996,422.16,230.4,0.29386
7548,3783.7,82900,26.88,600.83,511.04,0.080752
7548,5695.2,82536,27.477,605.15,311.34,0.32059
7549,3937.4,82345,27.055,526.35,464,0.062963
7549,5758.4,82773,31.073,238.66,177.81,0.14612
7551,3550.7,84517,37.314,318.84,278.12,0.068215
7553,3616.9,82253,30.372,668.15,560.14,0.087935
7553,4576,83617,27.438,863.07,541.93,0.22857
7553,5645.3,82870,27.509,272.14,166.1,0.24196
7554,3609.9,82196,21.068,348.8,293.85,0.08551
7555,3452.7,82205,27.56,1010,601.87,0.25321
7555,4935.9,82796,30.681,871.1,550.34,0.22565
7556,5299.4,84226,29.285,386.82,282.66,0.15558
7557,4774.2,82685,37.076,431.85,212.84,0.3397
7557,4786.1,82670,30.326,539.6,245.26,0.37501
7558,5830.9,81800,38.032,215.48,237.8,-0.049232
7559,5543,81731,34.954,267.66,229.98,0.07572
7561,5802.5,81831,26.234,400.81,352.31,0.0644
7562,5638.3,83950,28.937,581.08,425.95,0.15405
7563,5647.7,83934,23.01,393.1,219.86,0.28263
7565,3638,83131,22.429,400.83,467.01,-0.076254
7565,5575.2,83854,33.42,181.18,124.39,0.18582
7566,3702.6,83205,20.961,459.66,347.31,0.13923
7567,3687.1,83199,34.027,122.28,179.49,-0.18959
7568,3698.2,82177,34.784,331.62,557.63,-0.25417
7569,3796.2,82184,33.385,271.71,274.49,-0.0050818
7569,5256.6,83092,35.381,183.62,204.72,-0.054339
7573,5518.5,83846,25.033,719.73,461.63,0.21848
7580,3591.1,83744,23.069,893.33,321.09,0.4712
7581,4329.8,83659,25.515,708.83,239.36,0.49513
7582,4290.4,83468,14.297,748.57,150.16,0.66584
7582,5992.2,82892,30.986,324.79,108.89,0.49785
7582,6108,83437,35.457,213.2,185.59,0.069237
7583,5842.8,82918,20.647,306.44,234.93,0.1321
7584,4675.1,82276,29.236,196.69,110.77,0.27948
7584,5590.8,83826,13.675,928.27,545.39,0.25982
7584,5799,82916,26.55,439.52,259.07,0.25831
7585,4850.4,83248,16.619,1145.4,456.49,0.43005
7585,5465.6,83897,23.818,500.81,332.53,0.20193
7586,3497.5,82103,33.106,553.49,148.93,0.57594
7586,5056.2,83091,15.595,963.08,366.44,0.44877
7587,5052.1,83592,20.71,2024.8,814.39,0.42632
7588,4712.3,83957,17.601,754.09,115.24,0.73487
7589,4252.8,83896,19.522,744.8,216.11,0.55019
7589,5419.6,83695,22.089,741.05,510.45,0.18426
7590,4266.5,83713,15.347,873.38,170.52,0.67331
7592,4118,84125,16.265,703.14,187.33,0.57926
7593,6131,82559,33.283,461.63,219.21,0.35606
7594,4561.3,84634,28.569,743.53,116.8,0.72849
7594,5352.1,83377,29.99,564.51,355.88,0.22668
7595,5340.3,83465,32.739,587.03,439.68,0.14351
7596,5255.3,83888,28.344,475.32,218.14,0.37087
7596,6025.3,82253,23.456,535.96,322.31,0.24893
7598,5480.5,83791,13.806,704.98,321.13,0.37409
7600,5281.3,83683,24.501,506.23,319.73,0.2258
7600,6324.8,82366,30.901,554.94,399.65,0.16267
7601,5402.7,83564,26.751,294.13,173.1,0.25904
7601,6246.5,82340,16.558,294.86,240.79,0.10096
7602,5271,83619,28.094,340.86,255.27,0.14357
7602,6262.5,82325,23.847,416.43,295.28,0.17022
7603,5191.4,84651,36.404,298.64,184.13,0.23719
7605,3645.3,83049,36.557,285.05,328.72,-0.071142
7605,6124.3,84137,24.178,311.24,165.28,0.3063
7606,5191.7,83833,25.923,477.08,413.69,0.071165
7606,6144.4,84171,22.192,232.08,179.57,0.12754
7615,5907.9,83045,35.823,309.53,330.06,-0.032093
7616,5483.6,83844,16.939,862.98,412.75,0.35292
7617,5334.8,83770,33.377,288.26,279.22,0.015913
7617,5843.8,83034,24.601,620.7,738.71,-0.086813
7618,3708.5,83023,40.868,352.88,259.92,0.15169
7618,5507.7,83622,23.703,1021.1,515.51,0.32905
7618,5711.2,82619,27.451,447.78,283.27,0.22503
7619,3727.2,83166,23.917,616.51,312.52,0.32721
7619,5223.9,83401,27.599,353.24,220.17,0.23207
7620,4134.3,83173,37.669,981.7,716.96,0.15585
7620,4794.6,82434,33.269,712.37,635.84,0.056765
7620,5717.9,82830,28.685,471.54,226.47,0.3511
7622,5020.1,83697,35.099,449.7,836.35,-0.30065
7623,3732.8,83200,20.28,459.91,228.42,0.3363
7623,4963.1,83892,26.181,397.52,434.8,-0.044785
7623,6106.7,83056,30.267,455.62,291.99,0.21886
7624,4198.4,81737,39.806,451.69,354.69,0.12029
7624,6292.7,83157,32.103,469.77,356.4,0.13722
7625,3781.5,82043,35.456,562.54,515.54,0.043599
7626,5596.9,83892,17.22,612.76,452.92,0.14998
7627,5392.5,82784,29.457,786.98,817.29,-0.018893
7627,5598.8,83939,19.966,457.63,453.38,0.0046691
7628,5235.4,82949,16.281,1024.1,858.52,0.087968
7628,5575.1,83935,35.25,299.45,463.97,-0.2155
7629,3664,83009,34.158,248.49,106.81,0.39876
7629,4208.1,82617,26.381,642.23,613.46,0.022911
7630,4391.1,83627,33.993,353.59,296.8,0.087313
7630,6339.1,82428,35.196,134.06,151.01,-0.059443
7631,4108.5,82636,31.696,444.64,312.96,0.17382
7631,4783.9,82424,19.301,928.79,722.96,0.12462
7631,4783.7,83067,32.738,189.89,150.26,0.1165
7632,4845.3,82399,20.805,790.79,592.16,0.14363
7632,4957,83041,22.194,367.33,455.67,-0.10734
7632,5062.7,83866,28.079,326.71,291.72,0.056567
7632,5795.4,82970,36.129,422.29,155.48,0.46179
7633,3972.4,81856,29.467,540.94,519.88,0.019861
7633,4823.8,82370,17.524,907.91,587.11,0.21458
7633,4900.5,83013,33.634,365.29,396.27,-0.040681
7633,5215.4,84452,28.317,337.54,197.56,0.26159
7634,4699.1,82324,21.034,1268.1,793.98,0.22993
7634,5086.6,84172,27.444,212.79,128.41,0.24731
7635,4168.4,84663,38.053,424.12,138.57,0.50746
7635,5523.2,82413,30.747,272.35,234.42,0.074841
7636,3676.1,83176,19.722,413.74,362.62,0.065849
7637,5457.4,83844,28.654,508.85,301.3,0.25619
7639,5539.4,84283,26.919,539.95,282.65,0.31278
7640,4902.3,82373,20.249,530.32,416.11,0.12068
7640,4807.5,84566,28.201,915.36,672.84,0.1527
7640,5448.6,84363,24.302,570.06,323.71,0.27563
7640,5659,82774,34.604,220.71,119.73,0.2966
7641,5081.2,82529,25.519,756.49,386.05,0.32423
7642,5075.4,84424,23.383,781.34,423.27,0.29725
7643,4269.1,83213,33.323,399.54,401.83,-0.0028577
7643,5185.1,84268,24.767,747.27,430.58,0.26887
7644,5756.5,82834,25.277,400,126.52,0.51941
7645,5924.7,82952,38.298,427.51,101.78,0.61539
7646,3602.9,83146,26.761,392.58,296.96,0.13867
7647,5128.7,83767,30.714,531.01,309.97,0.26284
7650,4296.2,84509,38.436,208.37,118.34,0.27556
7652,5411.7,84319,31.84,196.19,235.52,-0.091109
7653,4786.2,82907,34.688,337.46,232.25,0.18467
7653,5252.6,84224,29.195,426.52,360.87,0.083384
7654,4776,82430,23.487,669.27,377.76,0.27842
7654,4803.7,83840,20.246,239.9,198.41,0.094657
7654,6276.3,82358,34.419,388.15,513.53,-0.13905
7655,4682.7,82405,28.411,364.96,229.75,0.22735
7655,5554.1,82037,36.488,163.3,156.44,0.02146
7656,4586,82419,33.396,757.99,728.93,0.019539
7656,4870.2,82337,34.667,600.5,525.22,0.066877
7658,3721.3,81847,28.553,424.88,465.38,-0.045488
7658,4641.1,84513,32.523,219.54,185.19,0.084876
7658,5283.9,84454,30.947,182.36,121.01,0.20223
7659,6168.1,84333,35.658,217.81,122.17,0.28131
7661,4889,83500,29.638,299.55,234.13,0.12259
7663,4412.1,83125,38.672,218.66,181.61,0.092563
7663,5040.4,83721,29.492,466.98,420.75,0.052073
7663,5994.4,81897,27.15,217.62,121.06,0.2851
7665,5825.1,82654,25.598,415.68,182.22,0.39047
7666,5917.4,82080,41.212,577.59,232.53,0.42593
7667,6269.8,82440,26.127,962.65,599.81,0.23223
7668,3802.6,82758,36.76,370.99,324.14,0.067404
7668,5628.3,82314,32.214,742.29,414.71,0.28313
7668,5781.8,82943,30.003,583.14,362.36,0.23351
7670,5973.1,82384,25.091,814.88,443.89,0.29473
7671,3697.8,82398,37.201,778.94,505.23,0.21314
7671,6397.9,82372,25.881,664.86,616.94,0.037384
7672,5082.1,82894,27.565,820.28,685.82,0.089275
7673,3710.8,82960,29.015,691.38,614.99,0.058473
7673,4869.1,82728,23.56,461.92,242.52,0.31147
7673,6411.3,82410,29.618,621.84,598.9,0.018789
7674,6377.9,82283,37.351,751.29,456.11,0.24447
7675,4153.1,83077,34.237,296.38,226.97,0.13264
7675,5056.9,83703,18.345,657.78,353.8,0.3005
7675,6390.8,82383,23.18,948.94,688.27,0.15921
7676,4824.2,82326,34.839,489.23,368.12,0.14125
7676,6232.2,82366,20.713,801.22,612.5,0.13349
7677,4676.7,82299,31.844,391,221.16,0.27743
7677,6076.3,82235,26.319,1084.8,912.59,0.086225
7678,6166.7,82227,46.047,995.83,855.49,0.075803
7679,6287.7,82133,17.567,1355.7,957.95,0.17191
7680,3509.2,81952,34.116,637.53,352.59,0.28778
7680,5057.7,82926,32.426,333.36,216.68,0.21214
7680,6362.5,82089,23.316,851.78,561.19,0.20565
7681,5957.8,83471,30.448,191.51,166.51,0.069831
7682,3798.8,82452,32.729,675.57,448.78,0.20171
7682,5081.5,82277,34.499,150.96,125.14,0.093516
7682,6047.6,83087,30.741,501.02,240.91,0.35059
7683,3797.3,82703,34.912,730.95,820.02,-0.057431
7683,5080.6,82350,32.425,366.23,152.11,0.41309
7684,3694.1,82818,22.618,462.34,319.36,0.18291
7685,3677.4,82937,26.068,954.55,683.06,0.16579
7686,3691.6,83058,25.822,989.3,899.93,0.047305
7686,5417.5,83491,31.416,450.03,307.51,0.18815
7687,3692,83259,23.207,674.94,418.25,0.23481
7687,5244.5,82444,25.738,399.61,191.13,0.35292
7688,3741.7,83219,32.656,179.46,122.28,0.1895
7691,5826.8,83021,38.273,359.81,300.52,0.08979
7692,4303.3,82877,31.568,196.15,165.23,0.085561
7692,5030.4,82574,27.405,255.74,116.6,0.37371
7693,4986.6,82513,33.097,247.23,283.38,-0.068119
7694,4855.3,82444,24.084,310.94,307.08,0.0062375
7695,4824.2,82374,35.532,303.98,128.81,0.40476
7695,5365.6,84564,31.474,180.59,108.21,0.25064
7695,6369.5,82401,19.7,428.69,271.38,0.2247
7696,4380.7,82825,27.436,390.16,345.37,0.060896
7696,6312.5,82398,24.009,388.71,171.51,0.38769
7697,4309.6,82923,28.054,332.48,200.89,0.24673
7697,4527.7,82167,31.402,237.69,250.89,-0.02702
7698,4888.2,84059,29.495,274.91,101.77,0.45965
7698,6317.4,82422,31.497,322.9,180.97,0.2817
7699,3725.8,82683,33.623,582.25,734.62,-0.11571
7699,5024.1,82842,32.028,366.22,172.65,0.35922
7700,6274.7,82303,26.766,654.55,474.9,0.15906
7701,4871.3,82903,27.763,213.5,196.65,0.041084
7701,4996.1,83955,21.959,602.35,433.94,0.16251
7701,6043.7,81784,32.133,374.5,506.12,-0.14946
7702,3525.6,82695,30.799,502.15,814.1,-0.237
7702,5057.1,82979,27.364,431.78,358.28,0.093031
7703,4572.3,84370,34.564,500.56,504.14,-0.0035654
7703,5052.4,82892,32.864,615.1,387.83,0.22661
7703,5682.4,81995,25.794,530.14,127.48,0.61229
7704,4646.4,84352,32.357,432.86,108.1,0.60035
7704,5826.4,81877,19.547,380.82,308.13,0.10551
7705,3843.4,83167,19.532,848.63,382.4,0.37873
7706,5298.5,84703,32.21,528.32,457.58,0.071756
7707,4756.9,83874,26.231,337.02,229.99,0.18876
7708,3871.4,82035,24.169,727.75,407.73,0.28184
7708,4644.2,84232,29.313,462.29,340.04,0.15237
7708,4806.9,83650,38.833,496.88,512.32,-0.0153
7709,5551.5,83892,32.024,533.2,208.26,0.43823
7710,4032.3,81894,34.732,500.26,378.51,0.13854
7710,5625.1,83852,30.127,736.64,597.74,0.1041
7712,5062,83734,27.932,325.6,197.09,0.24585
7712,5730.6,82964,31.322,586.96,243.28,0.41395
7713,4804.9,82005,29.348,412.73,288.17,0.17772
7713,5279.6,83767,34.993,798.99,486.8,0.2428
7714,5266,82259,23.521,718.6,390.75,0.29553
7714,5306.4,83549,30.386,341.11,150.57,0.38752
7715,4718,82308,32.134,444.61,243.73,0.29182
7716,4942.1,83877,26.932,982.26,568.59,0.26674
7717,3634.4,83876,22.898,396.52,295.98,0.14519
7717,4868.7,82353,34.292,808.43,399.71,0.33831
7717,5511.9,82404,23.483,927.86,593.09,0.2201
7719,5283,82488,39.103,1602.7,945.86,0.25772
7719,5145,82822,23.745,1099.5,875.05,0.11369
7719,5568.5,83915,18.821,559.6,263.6,0.35957
7720,5913.8,83053,28.436,297.17,166.46,0.28192
7721,5499.7,83741,37.31,1152.2,594.32,0.31942
7722,4276,82897,34.41,517.5,427.07,0.095741
7722,5072.1,82364,38.003,277.48,266.09,0.020949
7722,5474.6,83607,13.835,1141.8,755.36,0.20367
7722,6046.6,82421,28.433,442.05,505.28,-0.066742
7723,4191.5,82812,33.864,482.41,231.43,0.35159
7723,5448.4,83606,31.6,555.42,426.38,0.13143
7724,3845.4,82732,22.063,1174.3,567.18,0.34861
7724,6285.2,82372,22.607,368.38,207.03,0.28042
7725,3913.9,82736,29.135,834.31,674.96,0.10558
7725,6302.2,82555,40.173,809.99,783.64,0.016535
7727,4920.7,84016,30.707,282.13,128.45,0.37428
7727,5224.1,82242,32.98,540.75,494.6,0.044572
7727,5226.5,82389,34.899,349.58,253.77,0.1588
7727,5914.9,82965,24.869,418.34,237.19,0.27634
7728,6388.6,82148,25.489,1162.1,577.39,0.33614
7729,5507.2,83819,23.559,720.06,461.14,0.2192
7731,5823.6,83724,20.538,481.08,344.06,0.16605
7731,6193.9,82278,39.208,751.31,594.11,0.11684
7733,4791.3,84376,38.256,377.36,117.62,0.52474
7733,5309.7,83328,33.819,262.98,112.82,0.39956
7734,6367.3,82364,25.388,838.38,787.6,0.031231
7735,5188.2,83858,32.358,660.49,371.65,0.27985
7735,5689.6,82746,25.674,495.88,376.25,0.13717
7735,6323,82447,29.536,313.68,387.94,-0.10585
7736,5881.8,83804,25.238,811.64,559.68,0.18374
7737,5860.8,83834,34.35,529.22,388.82,0.15293
7737,6390.2,82840,49.623,1036.5,502.85,0.34667
7738,4133.5,83096,33.076,252.13,211.42,0.087811
7740,6370.8,83216,33.813,567,341.05,0.24883
7741,6252.6,82518,35.054,525.07,258.35,0.34045
7746,4623.4,82290,30.539,175.3,120.6,0.18487
7746,5173.9,84539,27.442,512.25,278.23,0.29605
7747,3808.9,81996,21.28,674.4,373.43,0.28723
7748,5147.9,83885,29.484,689.05,708.22,-0.01372
7749,5184,83894,31.855,232.6,178.68,0.13108
7750,4000.1,81927,33.804,582.23,229.62,0.43434
7752,4141.9,83022,28.35,149.12,190.72,-0.12241
7752,4743.5,82293,23.326,1422.7,1019.7,0.16499
7758,3924.7,82180,31.109,462.61,262.21,0.27648
7759,3647.5,83070,33.185,191.83,118.22,0.23741
7759,5237.7,81776,29.536,303.72,215.42,0.17009
7760,4788.7,82236,35.015,488.45,371.07,0.13657
7760,6362.4,82407,29.101,199.36,115.8,0.26512
7763,5676.1,83750,24.271,391.89,322.98,0.096387
7767,3875.1,83161,32.758,221.4,126.8,0.27168
7767,5376.6,83570,15.76,807.11,530.08,0.20717
7768,3744.7,83245,31.949,315.41,157.88,0.33283
7768,5357.5,83510,31.742,1074.7,1266.4,-0.081884
7769,3696.7,83095,27.165,428.41,126.27,0.54472
7769,4864,82230,33.001,307.47,139.54,0.37567
7770,4930.8,82391,15.288,422.55,174.02,0.41659
7774,5559.5,83799,25.852,999.77,672.29,0.19586
7775,3770.1,82749,26.178,737.59,330.59,0.38102
7777,3870,82687,30.09,304.13,141.34,0.36542
7777,5198.9,82003,34.348,285.91,104.34,0.46528
7777,5500,83455,32.152,412.26,337.6,0.099562
7778,5418.2,82494,39.045,1347.9,624.31,0.36688
7779,5255.4,83760,23.817,723.22,766.36,-0.028961
7779,5941.5,82036,32.794,647.74,307.31,0.35645
7780,3892.2,82631,27.612,217.81,144.99,0.20069
7781,3954.9,82651,24.592,382.66,258.84,0.19302
7781,5918.4,82140,21.909,814.69,397.8,0.34383
7782,4801.3,83938,24.717,338.52,208.96,0.23665
7782,5104.2,82741,32.525,536.01,208.44,0.44001
7783,6232.6,82956,35.348,252.75,136.98,0.29706
7784,5068.8,83141,28.589,666.46,485.69,0.1569
7785,5044.5,83007,21.962,617.37,213.31,0.48642
7785,5273.8,83620,24.344,442.4,361.1,0.10118
7786,4588.7,81946,31.285,439.24,156.29,0.47513
7787,4994.4,83248,32.392,286.04,317.71,-0.052452
7787,5459.8,81980,31.033,215.92,124.49,0.26858
7788,4979.4,83656,35.709,628.11,400.03,0.22183
7788,5541.2,82197,35.757,314.6,239.89,0.13472
7790,5516.2,83697,31.851,318.54,230.47,0.16043
7791,5005.6,84200,29.59,402.4,206.02,0.32277
7792,5128.9,82977,34.584,258.42,144.67,0.2822
7792,5560.3,83642,29.87,314.32,110.72,0.47899
7793,4141.3,83627,38.824,724.42,444.97,0.23897
7793,5384.4,83548,23.269,834.19,322.09,0.44289
7794,3500.5,82675,34.492,106.16,133.9,-0.11555
7794,5231.9,84687,35.328,535.65,166.84,0.52501
7795,5465.4,82487,37.208,252.63,103.42,0.41906
7795,5935.8,81829,23.74,232.13,174.85,0.14074
7796,4212.6,83487,29.963,305.15,243.71,0.11195
7796,5156.9,82887,21.393,601.24,219.59,0.46497
7801,5831.4,82118,27.035,598.33,308.85,0.3191
7803,4842.1,82600,30.432,247.74,142.26,0.27047
7803,5802.8,82955,25.523,476.88,386.03,0.10528
7804,3795.8,82531,30.34,415.72,266.38,0.21894
7806,6315.8,82388,34.998,232.28,110.54,0.35511
7807,5349.4,81854,28.748,326.28,352.53,-0.038669
7808,3712.6,84072,36.49,738.26,706.63,0.021892
7808,4911.6,83596,40.383,614.64,486.73,0.11613
7809,3859.7,82058,33.281,341.6,283.61,0.092754
7809,4746,81837,29.344,480.46,364.71,0.13695
7810,4623.5,81858,24.43,350.15,226.49,0.21445
7811,5072.3,83842,18.419,704.65,425.31,0.2472
7811,5237.5,82865,20.41,614.61,463.34,0.14033
7812,5647.7,81886,31.397,447.56,295.22,0.2051
7814,5399.7,84187,29.537,742.4,538.88,0.15884
7814,5846.9,82736,33.523,251.28,207.08,0.096434
7815,5604.8,84006,34.468,717.75,563.17,0.12068
7816,3892.3,84335,27.119,699.45,556.49,0.11383
7820,3771.6,83707,31.634,305.8,211.48,0.18234
7820,5434.1,83552,34.557,131.15,100.63,0.13165
7821,4999.5,84386,31.933,372.92,232.13,0.23269
7821,5452.5,82247,36.016,536.82,292.74,0.29422
7823,5491.9,82564,26.038,478.12,286.72,0.25026
7823,6250.9,82237,29.545,405.62,363.93,0.054176
7824,5338.9,83575,27.39,357.63,224.24,0.22924
7825,5152.5,83766,23.503,523.92,286.39,0.29313
7826,4192.7,83404,34.377,223.34,137.77,0.23695
7826,5449.1,82275,30.24,278.1,120.37,0.39584
7826,5865,81838,26.599,347.12,303.2,0.067538
7827,4899.5,83955,32.215,369.29,277.58,0.14177
7827,6190.5,82889,31.05,916.82,306.09,0.49941
7828,4765.1,83916,28.586,513.06,311.7,0.24414
7829,6027,82887,36.605,907.21,568.6,0.22944
7831,3739.8,81989,32.613,499.29,322.51,0.2151
7831,5275.3,82490,35.081,275.17,234.45,0.07992
7832,5991.9,82024,17.117,316.44,145.48,0.37011
7833,4784.2,83742,26.102,462.41,289.03,0.23073
7833,5866.5,82843,35.742,216.34,142.96,0.20422
7833,5967.1,82051,35.312,304.59,291.67,0.021672
7834,5036.1,83238,34.439,1128.9,917.4,0.10334
7837,4747.1,83818,33.847,731.79,545.54,0.14581
7837,4899.1,82988,22.527,876.87,369.05,0.40758
7837,5650.5,82990,32.956,258.86,115.09,0.38446
7837,6391.9,82440,39.115,281.7,168.6,0.25115
7838,3867.1,82178,22.295,478.97,368.52,0.13034
7839,5513.1,83612,28.876,341.49,260.84,0.1339
7840,3931.9,82329,33.858,283.13,210.37,0.14742
7840,5186.1,82715,34.857,533.2,373.19,0.17654
7841,3953.6,82300,25.931,292.52,136.37,0.36409
7841,4979.8,82394,28.659,386.7,226.89,0.26044
7842,3649.9,81965,23.615,1089.9,763.87,0.17587
7843,5084.6,82865,24.001,768.77,465.81,0.2454
7844,5960.9,82957,29.644,461.02,252.89,0.29153
7845,6267.6,82362,34.373,129.68,159.61,-0.10348
7846,3898.4,81841,26.563,527.79,171.54,0.50943
7846,5058.2,84553,34.5,232.95,170.2,0.15566
7847,4160.6,84601,33.783,396.2,314.58,0.11483
7847,6277.5,82418,22.931,237.28,176.56,0.14671
7850,4167.4,84509,32.666,744.64,603.16,0.10497
7850,5258.3,83367,34.009,336.75,362,-0.036142
7851,4204.4,82820,26.654,286.63,140.43,0.34235
7853,6089.3,83073,30.307,519.13,398.03,0.13204
7854,5378.7,83533,30.979,512.44,435.36,0.081325
7855,3691.8,83621,40.577,650.54,511.09,0.12005
7856,3802.5,82763,26.65,786.52,552.5,0.17476
7859,3868.6,82110,22.493,823.16,557.56,0.19236
7859,4154.6,84165,36.079,227.06,138.08,0.24371
7859,5298.9,83695,28.061,722.77,500.11,0.18208
7860,4049.4,82266,25.163,986.78,803.95,0.1021
7860,5208.6,83770,15.793,742.84,515.53,0.18064
7861,5284.2,83769,19.899,455.7,367.19,0.10756
7862,3952,83568,38.929,385.83,199.29,0.31881
7862,5257.1,83715,18.253,713.14,489.39,0.18606
7862,6353.7,82524,38.484,259.09,160.39,0.23528
7863,5930,82094,32.589,472.1,171.36,0.46737
7864,4342.4,82012,33.595,401.15,206.6,0.32012
7865,6121.9,82548,32.355,547.37,407.34,0.14667
7867,5092,83019,26.013,253.85,201.27,0.11552
7867,6281.8,82137,34.236,283.75,202.72,0.16656
7868,5594.4,82497,33.37,324.01,112.53,0.48443
7869,4337.1,82754,31.276,228.35,233,-0.010086
7870,4903.1,84547,30.49,670.7,437.1,0.21087
7871,3807,81954,23.498,326.51,178.04,0.29428
7871,4432.4,82760,26.689,321.03,262.23,0.10081
7871,4952.3,84564,29.217,464.68,296.32,0.22123
7879,3780.4,82620,30.497,389.28,269.18,0.1824
7879,4907.1,82300,30.519,342.78,240.1,0.17615
7880,4115.2,84551,28.954,242.62,158.94,0.20841
7881,4948.6,84497,30.77,277.62,124.88,0.37948
7881,5152,82532,23.296,444.72,325.19,0.15526
7882,5941.6,81930,29.463,275.57,171.92,0.23161
7883,5162.4,82871,36.272,289.49,170.89,0.25761
7883,5900.7,81851,29.845,327.2,142.66,0.39274
7884,5006.9,83163,30.505,165.32,113.35,0.18651
7884,5498.9,84183,37.117,312.12,127.31,0.42058
7885,4797.8,82067,25.846,630.73,459.96,0.15658
7886,4908.4,84491,33.61,1002.3,757.9,0.13885
7887,5629.9,83871,23.338,389.19,178.34,0.37153
7888,4396,82767,31.526,218.38,156.06,0.16642
7890,5365.2,83732,35.826,357.58,336.35,0.030589
7891,5042.2,83023,34.174,464.32,341.37,0.1526
7892,3715.9,84696,35.435,229.37,120.69,0.31047
7893,3598.5,84161,30.54,149.96,125.61,0.088384
7894,5476.9,82012,30.563,945.57,784.52,0.093084
7895,5115.3,84249,32.521,405.61,569.07,-0.16771
7896,5011.1,82460,23.189,379.91,199.93,0.31038
7896,5291.5,84555,30.36,197.77,134.71,0.18965
7896,5911.9,82780,34.969,485.14,286.81,0.25692
7897,5053,82540,29.944,359.75,286.41,0.11352
7898,4460.1,82499,39.493,197.12,169.34,0.07579
7898,5147.7,82580,36.222,287.01,194.75,0.19151
7899,5654,82585,27.638,808.04,628.04,0.12534
7900,5634.8,82311,35.709,365.61,275.88,0.13988
7900,5845,82901,29.604,446.69,250,0.28231
7902,5633.9,82409,34.416,343.05,379,-0.049783
7904,4554.2,84597,37.216,368.95,367.41,0.0020901
7905,6326.8,82163,37.302,385.05,237.62,0.23676
7908,4947.1,82287,39.792,638.58,373.48,0.26194
7908,5369.8,83893,31.306,439.15,456.01,-0.018833
7909,4667.4,82324,36.575,553.78,319.05,0.26893
7909,5506.2,83761,32.528,177.34,101.88,0.27026
7911,4484.7,81833,35.119,595.89,631.82,-0.029262
7911,4951.4,83628,32.575,330.48,230.84,0.1775
7912,3663.1,83141,32.262,441.86,276.88,0.22954
7912,5994.8,81913,26.623,272.16,179.07,0.20632
7913,5219.7,83303,34.598,539.09,329.33,0.24154
7914,3773.4,83143,23.941,580.3,584.42,-0.0035346
7915,5320.4,83561,22.577,1083.4,899.1,0.092958
7915,5812.9,82086,32.44,764.07,696.49,0.046272
7916,5181.3,83700,20.391,816.43,360.78,0.38706
7916,5983.3,82148,24.385,883.14,555.86,0.22744
7917,3752.7,82040,40.493,405.9,358.4,0.062148
7920,4331.7,82796,32.787,194.02,121.32,0.23052
7920,4258.3,83415,28.549,426.31,291.67,0.18753
7921,4151.5,83406,34.764,405.7,312.71,0.12944
7922,5678.4,82824,33.009,320.52,167.23,0.31428
7922,5921.7,81987,23.154,288.88,119.01,0.41646
7923,4325.5,82822,34.297,398.25,563.48,-0.1718
7923,5414.4,83564,35.081,310.03,124.35,0.42748
7924,5900.5,82998,18.812,731.64,645.44,0.062599
7925,5887.7,83077,21.79,610.67,341.91,0.28213
7926,5375.9,83393,36.425,415.34,321.98,0.12661
7927,3767.7,83168,38.628,353.71,183.1,0.31782
7927,5848.3,83005,29.395,597.16,360.87,0.24664
7928,4750.2,82197,44.577,514.34,518.01,-0.0035525
7928,5794.1,83030,17.764,385.73,205.48,0.30487
7930,3628.3,83564,30.951,188.74,113.86,0.24744
7930,4437,83499,34.514,183.6,139.39,0.13686
7931,3593.5,83596,32.931,222.28,204.37,0.041964
7933,5127.2,83641,30.969,649.4,399.64,0.23808
7936,3769.6,82457,29.163,515.93,612.92,-0.085913
7936,4994.6,83741,33.217,410.5,376.69,0.042961
7937,3643.5,83607,33.324,739.32,395.37,0.30312
7939,3629.8,82824,36.769,272.33,208.47,0.13282
7940,3738.6,81967,21.936,644.79,481.43,0.14505
7942,3742.9,81867,31.389,570.85,450.17,0.1182
7943,3792.6,82155,28.692,947.94,640.53,0.19353
7945,5269.8,82856,34.183,336.26,130.94,0.43947
7945,6074.2,81930,33.62,237.06,180.75,0.13477
7946,6188.6,82187,23.076,862.63,1034.1,-0.09042
7947,6149.3,82115,24.308,866.68,832.1,0.020358
7948,6082.2,82259,24.644,1147.5,1011.7,0.062918
7950,4859.1,82268,33.913,307.96,357.21,-0.074053
7951,5085.5,83776,30.359,613.52,338.28,0.28918
7953,3743.1,82677,39.509,267.6,218.47,0.10107
7954,5151.3,83979,33.556,290.45,150.16,0.31841
7955,5236.3,83813,23.147,702.41,252.17,0.47166
7956,5204,83781,23.266,473.54,221.71,0.3622
7958,5140.9,82785,29.005,388.8,310.35,0.1122
7960,5382.1,82589,26.116,652.18,1340.2,-0.34533
7960,5827.9,81735,20.145,414.81,339.73,0.099507
7961,5807.3,81921,25.415,673.48,493.11,0.15461
7962,5841.1,81758,28.124,630.31,481.6,0.13375
7963,3748.2,82632,36.291,482.56,349.13,0.16044
7963,4731,84420,26.707,558.24,306.08,0.29175
7964,5469.6,82497,31.58,740.34,264.35,0.47377
7967,5293.8,84437,34.364,722.07,568.95,0.1186
7968,4837.9,81823,33.595,485.48,400.13,0.096375
7968,5276.6,84602,28.343,600.81,341.31,0.27544
7968,5786.3,81745,29.03,204.04,169.62,0.092122
7969,5520.3,84396,28.732,234.4,163.01,0.17964
7971,6240.2,82397,26.531,608.87,502,0.096199
7972,6371.3,82368,22.027,354.62,172.08,0.34657
7974,5282.7,83412,30.629,438.59,422.06,0.019209
7976,5197.9,84550,26.963,534.05,273.31,0.32296
7978,3980.1,82048,34.545,431.86,241.42,0.28286
7978,5040.4,82841,33.473,324.51,213.08,0.20726
7978,6252.1,82945,35.376,245.3,108.05,0.38842
7980,5144.5,82693,35.969,455.57,317.46,0.17867
7981,4610.3,82163,37.736,287.71,304.68,-0.028652
7982,3632.6,82006,29.051,184.88,129.51,0.1761
7982,5732,83020,36.672,362.56,334.11,0.040833
7984,3565.2,82657,23.413,712.8,183.33,0.59084
7986,3899.6,83143,37.695,284.99,136.66,0.35178
7987,3684.9,83064,22.223,560.66,172.62,0.52918
7988,3615,82928,32.612,691.69,144.7,0.65399
7989,4926.7,82857,26.744,884.32,451.72,0.32379
7989,5243.9,83897,28.649,417.85,426.1,-0.0097799
7989,6119.5,82102,35.489,378.78,314.25,0.093106
7990,4867.1,82925,24.047,473.84,246.72,0.31519
7992,5856,81876,38.828,569.28,531.38,0.034433
7992,6150.1,82213,31.123,536.77,361.69,0.19487
7994,6387.6,82441,32.27,297.82,156.64,0.31065
7995,4254.7,82863,36.132,435.42,306.58,0.17365
7997,5405.4,83855,26.083,314.53,118.61,0.45231
7998,4220.6,82931,33.891,335.84,140.27,0.41075
7999,4200,82875,24.244,576,360.95,0.22952
8000,6068.4,82544,38.779,359.61,179.57,0.33392
8001,5881.2,82351,27.837,707.07,440.75,0.23202
8002,5816,82225,37.477,402.5,337.26,0.088196
8002,5831.2,82830,31.804,251.57,132.2,0.31105
8003,4003.6,82082,23.267,710.72,457.51,0.21675
8003,5431.3,83862,33.841,352.56,280.26,0.11425
8004,4076.2,81884,32.242,746.36,354.26,0.35625
8004,5671.6,82489,28.118,617.11,347.02,0.28014
8006,4502.7,82035,36.234,392.8,392.48,0.00041058
8007,4513.7,81754,20.964,794.27,464.82,0.26165
8007,4781.2,84379,30.744,437.23,438.25,-0.0011679
8008,4515.5,81833,30.493,520.37,256.92,0.33894
8008,5761.3,82523,30.224,326.49,230.31,0.17272
8009,4556,81894,25.68,561.33,538.05,0.021177
8016,3541.8,84159,25.943,364.08,259.19,0.16829
8018,3708.2,83785,30.138,309.87,283.42,0.044578
8018,5004.1,82367,34.817,703.92,352.48,0.33268
8019,5913.5,83025,29.016,369.69,417.42,-0.06064
8020,4545.2,81745,29.904,404.41,178.61,0.38728
8023,3751.1,82414,35.115,289.31,226.62,0.12151
8027,6073.5,81764,35.322,706.45,653.48,0.03895
8028,3469.3,82536,31.327,765.67,432.4,0.27818
8028,6165.1,81967,33.937,249.04,216.16,0.07068
8029,6093.5,82123,33.853,389.22,386.87,0.0030252
8030,6174.6,82180,33.895,213.56,185.71,0.069765
8032,5447,82176,30.75,353.57,258.42,0.15547
8033,4904.3,82406,24.254,437.2,100.39,0.62653
8034,5061.4,82344,24.024,594.09,388.21,0.2096
8035,4915.8,82364,37.258,376.21,213.92,0.275
8036,4015.8,82372,34.013,426.12,210.22,0.33929
8036,4273,83996,23.458,488.92,341.91,0.17694
8036,6355.8,82488,27.064,384.63,179.64,0.36329
8038,3712.8,81863,28.534,527.65,257.43,0.34419
8038,4319.4,83933,40.448,919.56,593.45,0.21554
8041,3517.1,82018,32.038,768.48,648.98,0.084307
8043,3731.2,83652,32.725,165.74,170.63,-0.014545
8043,4642.4,84249,33.524,299.55,380.08,-0.1185
8043,5634,81889,31.744,141.16,246.77,-0.27223
8045,5487.3,82438,38.07,352.36,223.82,0.22309
8046,4841.4,82275,24.267,555.75,167.08,0.53771
8048,5238.9,84616,36.528,531.57,443.04,0.090841
8049,5126.5,84551,30.283,367.89,141.68,0.44391
8051,4157.3,82326,36.595,334.49,276.13,0.095574
8051,4930.5,82287,33.892,255.25,175.01,0.18648
8053,3811.5,83746,26.076,770.17,487.15,0.2251
8053,4506.4,81763,27.891,635.32,359.41,0.27737
8054,5960,81969,24.902,886.87,492.72,0.2857
8055,3920,81990,34.136,564,353.64,0.22924
8055,5883,81909,17.313,1022,735.02,0.16332
8056,5867.6,81922,33.694,713.55,718.01,-0.0031173
8057,4933.5,83721,35.862,395.35,323.71,0.099628
8057,5743.3,81932,36.744,697.58,535.1,0.13181
8058,4955.6,83750,32.699,729.83,339.78,0.36467
8058,5582.4,81820,30.401,269.62,121.39,0.3791
8059,4888.5,83480,21.533,263,160.26,0.24274
8060,3738,82117,35.056,755.99,453.88,0.24971
8063,3753.9,81813,35.142,382.22,420.21,-0.047338
8063,4783,82014,28.761,635.63,232.86,0.46376
8064,4841.9,82399,33.587,213.42,191.8,0.053341
8064,5835.1,82402,26.82,509.87,272.35,0.30365
8065,5524.2,82312,31.417,451.33,417.3,0.039175
8065,5514.9,84462,26.31,282.79,127.03,0.38007
8066,3726.1,82928,34.328,512.38,584.07,-0.06539
8066,5328.5,84528,30.408,321.09,222.74,0.18085
8068,4907.7,82601,35.011,425.03,186.61,0.38982
8068,5593.6,81747,38.232,877.39,1019.3,-0.074815
8069,5165.9,82530,27.637,293.01,195.09,0.20062
8069,5530.3,83853,15.038,768.29,402.61,0.31231
8070,5291.3,83710,28.858,665.97,463.52,0.17924
8071,5328.4,83588,20.012,481.5,243.86,0.32762
8075,4110.8,82209,34.154,215.82,103.63,0.35119
8075,5310.2,84535,37.308,223.59,108.66,0.34593
8075,5857.4,82223,32.915,234.78,148.08,0.22644
8077,4185.1,82357,36.954,286.84,191.05,0.20045
8079,5449.9,83869,24.949,289.21,210.1,0.15844
8080,3716.8,83580,36.451,368.38,270.49,0.15322
8081,3595.7,83726,33.109,381.82,231.28,0.24553
8081,5141.1,83802,23.523,482.09,333.88,0.18164
8084,4335.4,81771,36.245,568.66,398.03,0.1765
8087,5485.4,84505,24.55,369.4,196.73,0.30501
8088,5489.7,84634,35.286,460.53,386.66,0.087201
8088,5607.7,82251,32.205,212,146.31,0.18334
8092,3800.3,82591,26.822,719.5,425.09,0.25721
8093,5392.6,83374,34.599,134.65,123.31,0.043971
8095,4943.9,84339,33.209,635.35,605.52,0.024036
8096,4890.2,84489,29.086,449.88,422.38,0.031521
8097,3936,82578,37.983,330.96,306.44,0.038464
8097,5282.3,83427,33.31,703.69,492.25,0.1768
8097,5807.2,82424,34.207,379.54,336,0.060844
8098,6024.8,83116,31.272,633.86,539.49,0.080424
8099,4989.9,83726,32.266,442.98,207.11,0.36282
8100,4422.9,81772,28.719,445.36,238.44,0.30261
8101,5344.8,83649,42.384,526.3,328.18,0.23185
8101,5798.5,81830,33.628,408.36,440.98,-0.038405
8102,5811,81940,32.433,357.04,269.01,0.14061
8103,3461.5,81958,32.366,191.57,236.23,-0.1044
8105,5259.9,82945,38.976,286.02,420.64,-0.1905
8106,4151.3,82624,36.793,418.49,219.76,0.31136
8107,5017.4,83843,29.69,242.01,107.47,0.38498
8108,5394.5,81939,38.724,285.06,285.86,-0.001412
8108,5374.3,83600,19.662,462.99,280.01,0.24628
8110,5435.9,83786,34.502,196.75,108.25,0.29016
8111,3685.9,83056,34.654,177.3,141.55,0.11211
8111,5882.9,83079,33.387,118.32,123.98,-0.023376
8113,4256.2,84130,29.756,153.57,102.69,0.19854
8114,3710.7,83139,25.796,441.68,228.43,0.31823
8115,3706.8,83157,26.384,786.82,547.99,0.17892
8116,3594.3,83143,26.886,417.7,333.18,0.11256
8117,4546.7,84288,35.822,266.73,165.07,0.23541
8118,4027.2,84097,38.859,366.78,425.4,-0.07399
8119,5479.6,83838,20.024,234.72,108.67,0.36708
8120,5218.1,83691,21.465,404.12,398.52,0.0069664
8122,4912,84509,26.959,365.09,222,0.24372
8124,5068.1,83272,34.033,135.56,189.53,-0.166
8125,4979.5,84413,27.84,788.5,580.1,0.15228
8128,4597.2,83989,31.582,133.24,112.52,0.084292
8129,4722.7,81925,32.455,764.12,586.41,0.13159
8131,5192.5,83552,33.859,200.12,247.54,-0.10592
8133,4884,84057,26.858,259.81,190.68,0.15344
8135,4265.7,83738,34.803,387.61,347.5,0.054557
8135,4574.1,81905,22.743,702.52,566.08,0.10755
8135,6278.4,82382,36.754,313.92,156.34,0.3351
8136,5167.2,83933,35.745,424.49,383.02,0.051359
8136,5234,82579,36.339,386.08,196.36,0.32573
8137,6409.4,82476,22.771,268.45,239.21,0.057601
8138,5254.2,84016,32.454,374.17,489.97,-0.134
8140,5011.5,84266,31.465,909.21,308.58,0.49322
8141,5111.3,84519,26.811,529.6,325.94,0.23805
8141,5194.1,83908,36.286,245.79,334.32,-0.15261
8142,5026.7,84419,31.557,389.43,130.51,0.49799
8143,3961.3,82035,37.87,188.58,203.33,-0.037622
8147,5495.4,82520,34.172,725.98,341.69,0.35994
8148,4944.4,83795,35.839,282.66,174.78,0.23584
8148,6385.9,82439,28.233,181.18,160.35,0.061008
8152,6305.6,82485,31.904,786.86,371.76,0.35828
8153,3982.9,81785,25.239,318.22,187.1,0.25948
8153,5360.5,83676,20.659,470.81,222.42,0.35831
8159,5498.4,83913,29.064,179.71,141.48,0.11905
8160,5470.5,83800,31.995,439.52,357.43,0.103
8160,6303,83059,19.697,644.54,273.52,0.40414
8161,5472.1,83870,19.046,387.64,172.39,0.38436
8162,6381.7,82924,29.528,601.42,446.2,0.14816
8165,5607.5,82501,37.376,245.47,218.5,0.058139
8166,3718.5,83705,26.381,784.34,434.96,0.28654
8167,4774.8,84384,28.399,648.81,563.54,0.070333
8168,5493.9,83821,33.11,181.12,144.54,0.11234
8172,4667.2,84488,30.706,606.79,275.29,0.37581
8172,5822.3,82827,37.374,120.22,114.78,0.023167
8174,4630.9,82588,31.099,267.32,280.94,-0.024847
8175,3638.2,84086,32.07,127.31,119.84,0.030246
8175,4711.5,83867,29.253,578.05,361.25,0.2308
8177,5748.7,81772,36.001,462.24,409.41,0.060617
8178,5473,83795,22.114,602.13,487.9,0.10479
8179,3487,83647,28.269,273.78,191.67,0.17641
8180,6265.2,82633,34.817,472.46,267.84,0.2764
8181,6137.2,83320,30.069,313.39,154.15,0.3406
8182,3515.7,83515,37.381,239.63,321.39,-0.14572
8183,5632.9,81855,29.645,172.82,158.53,0.043138
8184,5848.7,81798,32.502,268.29,222.09,0.094218
8185,5772.8,82188,32.354,375.41,145.8,0.44052
8186,3571.9,83710,29.915,187.77,154.71,0.096534
8187,3540.9,83895,30.695,190.98,129.89,0.19038
8191,4930.5,82521,27.848,522.63,206.41,0.43375
8191,5665.9,82542,28.876,303.55,101.45,0.49901
8192,4514.8,84238,29.249,384.46,233.56,0.24416
8193,3593,82445,28.095,304.43,272.42,0.055494
8193,6300.9,82960,33.582,202,298.04,-0.19206
8195,5288.3,83745,22.216,348.71,226.17,0.21316
8195,6069.4,82947,35.683,335.41,238.58,0.16871
8196,3970.1,81887,27.252,905.87,734.39,0.10455
8196,6382.7,82296,25.035,616.85,446.93,0.15974
8197,3902.2,82046,28.218,446.98,263.77,0.25777
8198,4522.2,81858,28.876,920.78,461.64,0.33213
8199,4627.4,84497,28.682,601.52,643.47,-0.0337
8199,5404.5,83832,33.432,590.43,283.48,0.35124
8200,4785.2,84472,34.086,481.35,358.76,0.14592
8201,3576.4,82252,31.407,521.24,556.98,-0.033154
8202,4722.6,82364,32.463,396.09,350.9,0.060497
8203,5864.3,82408,34.891,155.51,132.35,0.08046
8204,4676.9,82092,28.683,496.49,222.28,0.38151
8206,5808.1,83012,24.85,519.84,257.45,0.33757
8207,4789.3,82080,29.475,339.12,207.97,0.23973
8207,4981.2,83891,35.898,367.24,264.18,0.16322
8207,5817.3,83034,28.133,736.59,375.41,0.3248
8208,4717.1,82044,28.556,480.31,406.01,0.083825
8209,5057.7,84589,36.054,588.82,279.79,0.35577
8210,5404.6,83930,31.096,586.15,518.11,0.061612
8212,3828.4,82697,26.813,552.95,307.16,0.28577
8213,3649.1,83096,32.875,286.46,214.39,0.1439
8213,5271.8,83386,35.78,291.79,132.73,0.37469
8214,5721.2,82732,30.402,566.4,215.29,0.44917
8215,3935.5,83590,32.518,440.75,332.08,0.14061
8215,5728.2,82914,19.892,796.06,485.33,0.2425
8216,5569.9,82860,25.725,728.9,179.38,0.60501
8217,5572.6,82739,27.598,523.5,337.16,0.2165
8218,5593.2,82780,26.873,874.83,557.46,0.22158
8220,4110.4,82114,31.729,402.93,240.29,0.25286
8221,5279.7,84655,35.223,319.26,178.42,0.283
8221,6069.6,82071,31.412,742.36,915.69,-0.10454
8222,4708.9,81951,29.681,395.81,341.95,0.073012
8223,5369.1,84341,35.917,455.31,178.27,0.43726
8224,5299.2,84263,28.465,687.05,184.83,0.57601
8224,5818.5,81780,31.303,302.35,291.43,0.018404
8225,3831.6,82080,30.436,734.54,517.16,0.17366
8225,4798.6,82443,31.056,582.29,665.46,-0.066659
8226,5791.3,81818,36.062,342.67,288.44,0.085929
8227,5460.4,83868,28.858,403.94,238.15,0.25821
8228,3795.9,82172,26.593,415.61,248.66,0.25133
8229,4449.9,81737,37.308,661.71,585.75,0.060889
8229,5135.2,84275,26.953,431.22,111.82,0.58818
8230,4476.4,81767,31.337,575.48,419.45,0.15683
8230,4763.8,83355,31.075,474.61,414.2,0.067961
8231,6139.5,82041,37.279,265.02,169.46,0.21993
8231,6280.9,84510,38.599,355.56,209.38,0.25875
8232,6276.7,82305,38.345,541.49,478.66,0.061589
8232,6420.2,82942,27.89,386.62,319.14,0.095625
8234,3946.2,82269,39.542,443.12,279.15,0.22701
8234,5535.6,83987,34.501,218.67,105.55,0.34889
8235,4261,84518,38.293,293.69,170.05,0.2666
8236,4104.5,84467,24.239,263.15,200.21,0.13585
8237,5306,82419,38.666,418.31,247.3,0.25694
8237,5293.4,83873,20.933,651.65,471.23,0.16068
8238,5098.1,84616,34.194,447.73,485.75,-0.040734
8239,6405.7,81816,39.057,251.57,151.47,0.24837
8241,6192.2,83061,37.847,523.09,254.51,0.3454
8242,3702.8,81917,24.921,870.32,674.74,0.12659
8242,6010.9,83249,30.272,435.72,392.74,0.051877
8242,6279.3,82421,26.722,331.92,208.78,0.22774
8243,3905.3,83444,29.297,321.49,264.89,0.096522
8246,4761.6,83970,29.97,335.54,136.78,0.42083
8246,5109.2,82383,34.35,313.18,407.52,-0.1309
8247,4963.2,82527,27.566,431.44,343.79,0.11306
8247,5073.3,83915,30.241,433.47,356.57,0.097329
8248,5054.1,83837,22.484,643.82,359.6,0.28325
8250,3790.5,83307,29.188,406.37,356.98,0.064697
8251,3614.2,83154,32.942,538.94,288.9,0.30204
8251,5110.8,83834,28.9,505.59,658.48,-0.13135
8252,3784.2,83337,26.666,451.12,272.06,0.2476
8254,3765.3,83123,43.414,590.79,374.88,0.22358
8254,6352.9,82312,32.323,355.67,228.63,0.21741
8255,4869.7,82586,21.643,605.62,568.33,0.031762
8255,5162.4,83760,32.301,241.72,256.5,-0.029669
8256,4191.1,83671,37.46,591.79,339.84,0.27044
8257,3937.7,83292,26.383,1148.8,787.93,0.18635
8257,5409.3,83898,20.341,605.83,231.28,0.44743
8258,3868.3,83369,23.141,512.55,214.05,0.41082
8259,3920.8,81733,38.364,361.85,151.22,0.41054
8259,3832.9,83359,27.058,363.38,167.56,0.36881
8260,3887.3,83389,26.191,326.13,157.45,0.34882
8260,6012.1,81769,34.753,470.28,195.54,0.41263
8261,3753.3,83256,27.811,916.95,536.53,0.26173
8261,5447.6,81773,26.775,281.92,121.86,0.3964
8262,3753,83171,32.953,643.12,510.99,0.11448
8262,3900.9,84564,34.459,205.67,130.51,0.22356
8263,3793.4,82786,32.559,290.4,222.92,0.13145
8266,5809.2,81868,39.177,188.65,155.73,0.095601
8267,3494.8,82286,28.336,440.48,139.57,0.51876
8268,3541.6,82309,37.577,319.59,109.95,0.48804
8270,6310.4,82424,30.232,588.51,254.52,0.39618
8271,3916.4,83450,31.256,445.21,301.98,0.19169
8271,6230.1,82409,35.752,219.42,169.68,0.12784
8273,3757,83219,28.806,645.39,240.56,0.45694
8274,4954.9,83580,29.742,190.44,118.59,0.23251
8275,3728.1,83125,34.122,446.12,304.44,0.18877
8275,4765.7,82100,37.545,183.44,107.05,0.26299
8276,4941.2,82357,36.561,469.9,198.38,0.4063
8276,6387.5,82465,26.058,484.94,356.77,0.15227
8277,3882.1,82891,32.346,374.29,237.73,0.22313
8279,3780.5,83143,32.949,326.84,215.27,0.20581
8279,5678.9,83933,22.898,572.28,362.2,0.2248
8280,4746,82191,37.006,340.9,193.08,0.27683
8280,5151.4,83888,24.645,706.52,780.41,-0.049695
8281,6383.7,82223,26.635,298.69,324.22,-0.04098
8282,6170.2,81758,34.511,222.36,410.26,-0.29702
8283,5458,83816,21.681,469.31,490.16,-0.02173
8284,5447.3,83847,34.236,743.6,373.78,0.33097
8285,3825.7,81953,33.333,724.6,722.51,0.0014495
8285,3836.3,83128,45.673,639.22,516.97,0.10574
8288,3834.2,83341,25.078,575.8,622.78,-0.039196
8289,3935,81959,36.296,706.6,418.7,0.25584
8289,3931.1,83304,24.181,431.5,317.88,0.15162
8289,3945.5,81984,34.687,776.33,452.84,0.26318
8289,5583.6,83908,33.085,384.18,413.81,-0.037142
8290,4103,82000,35.262,321.27,180.18,0.28136
8290,5362.7,83874,28.208,480.17,431.99,0.052826
8291,4947.5,83764,30.767,648.71,303.48,0.36257
8292,3844.4,83212,24.025,462.4,199.24,0.39773
8292,4826.1,82250,27.258,408.9,218.24,0.30401
8293,3873.6,83381,21.849,404.37,185.07,0.37204
8294,4049.4,81942,26.881,673.95,477.95,0.17016
8294,6330.9,82523,30.171,147.62,155.09,-0.024688
8295,3918.2,83382,38.358,532.45,569.27,-0.033412
8295,5065,82734,34.857,548.95,440.79,0.10928
8295,5045.6,83971,25.841,499.45,361.33,0.16046
8296,3769.3,83300,32.11,480.46,470.6,0.010368
8296,6404.1,82431,33.347,239.96,178.45,0.14701
8297,4789.8,84417,35.573,177.59,154.33,0.070085
8298,4484.2,83510,35.258,234.07,196.42,0.087451
8299,4793.8,82224,27.071,236.48,158.16,0.19846
8300,3898.2,82654,29.008,237.67,182.56,0.13112
8300,5397.1,83869,25.403,334.16,166.39,0.33516
8300,6345.3,82520,35.881,222.33,194.03,0.067976
8302,5225.2,83733,30.836,391.59,259.17,0.20348
8304,3683.9,83193,30.669,582.48,406.14,0.17837
8304,4887.9,82966,23.369,425.04,198.18,0.364
8307,5472.4,83896,21.409,299.11,206.76,0.18255
8308,5514,83921,12.507,851.6,554.94,0.21092
8309,3808.3,83321,35.956,354.46,317.45,0.055089
8309,5501.8,83851,27.754,308.19,192.14,0.23193
8310,3964.6,82002,33.154,169.33,239.06,-0.17076
8310,5448.5,83777,16.611,856.47,522.5,0.24219
8311,5459.6,83778,26.664,784.82,601.31,0.13239
8312,3698.2,82080,31.169,520.45,363.27,0.17787
8313,5745,82754,39.308,415.25,336.44,0.10485
8314,5372.2,83717,23.449,837.59,528.87,0.22592
8314,6013.1,82648,37.157,271.95,199.25,0.15428
8315,4802.6,82368,27.573,591.31,182.9,0.52753
8316,5197.2,83799,31.058,657.98,255.93,0.43993
8317,5519.8,83897,35.895,306.4,211.84,0.18247
8318,3640.8,82541,31.713,599.84,292.66,0.34418
8318,4765.3,82149,24.259,281.35,137.36,0.34387
8318,5838.5,81798,24.073,443.56,381.29,0.07549
8319,4667.8,82357,36.59,405.2,253.84,0.22966
8319,6386.6,82674,26.57,600.47,394.53,0.20697
8320,4710.3,82208,39.952,816.79,790.3,0.016486
8320,5622.4,82890,29.073,352.08,136.83,0.44027
8323,3635.4,81860,28.204,210.93,167.66,0.11428
8323,6357.9,82323,28.911,618.38,484.79,0.1211
8325,5871.7,82815,35.573,208.41,122.15,0.26096
8330,3882.2,82007,26.924,615.28,183.33,0.54088
8333,4925,83812,36.623,493.48,161.31,0.50729
8334,3583.9,81837,24.922,596.18,369.81,0.23433
8338,3932.6,82031,27.743,420.31,332.41,0.11678
8338,4984.4,83781,31.038,786.28,339.73,0.39658
8339,3983.1,82118,28.061,357.39,227.55,0.22196
8339,4159.8,83365,33.788,393.48,256.99,0.20984
8340,3964.6,81943,37.09,371.13,334.82,0.05144
8341,3928.9,81974,33.796,399.77,398.55,0.0015384
8342,3852.4,82568,23.389,393.36,217.6,0.28769
8342,4898.5,82962,24.889,281.66,172.85,0.2394
8343,3802.7,82620,33.734,568.52,298.1,0.31205
8343,5139.5,82410,27.296,207.88,123.32,0.25533
8344,4797.7,84187,38.264,261.64,116.39,0.38422
8344,5928.7,83016,34.046,460.59,352.45,0.13301
8345,4055.3,82586,25.968,537.6,299.03,0.28515
8346,3870.8,82528,28.6,1091.9,526.42,0.3494
8348,3959.8,83136,34.523,277.26,272.23,0.0091547
8348,4641.6,84431,27.54,313.29,374.17,-0.088555
8348,5083.4,82459,26.606,615.43,443.63,0.16222
8350,4584.5,84425,31.963,212.56,229.21,-0.037695
8350,5562.9,81852,36.394,431.75,309.44,0.16502
8351,3964.6,82791,28.208,430.81,107.49,0.60064
8351,4511.9,84352,29.92,170.54,161.1,0.028466
8351,5583.3,81770,32.396,502.4,461.35,0.042593
8353,5822.8,81910,28.845,250.89,190.22,0.13754
8353,5792.8,82616,27.813,547.66,346.04,0.2256
8354,5780.1,82537,31.578,396.39,318.58,0.10882
8354,5917.6,81813,35.643,282.18,175.26,0.23374
8356,6043.5,82158,30.505,848.14,496.67,0.26135
8357,5015.9,82336,32.399,509.35,291.62,0.27182
8358,3801.3,83374,37.344,357.94,408.81,-0.066349
8362,5419.1,83990,34.713,302.4,438.53,-0.18373
8363,3793.8,82901,36.208,302.24,147.84,0.34304
8364,5865.4,81818,25.421,216.26,173.43,0.10993
8365,4465.1,82051,30.582,299.4,199.21,0.20092
8368,3722.3,83072,19.819,797.57,445.72,0.283
8370,3749.3,83143,32.469,588.71,318.44,0.29794
8372,3888.6,83356,31.076,233.91,125.65,0.30111
8375,4631.6,82282,36.147,184.61,107.02,0.26609
8376,6022.2,83175,26.478,280.52,153.17,0.29364
8377,3754.9,82212,35.114,408.22,379.26,0.036777
8378,3680.2,83114,28.495,327.03,314.58,0.019395
8379,3770.5,82522,35.914,164.5,133.22,0.10509
8379,4914.3,82471,37.37,588.72,450.21,0.13332
8381,4817.7,82332,36.023,549.07,344.05,0.22956
8382,4731.2,82348,23.904,827.7,525.13,0.22366
8382,4946.7,84550,38.123,463.94,235.27,0.32705
8382,5814.7,83000,38.59,219.43,155.14,0.17165
8384,3728.4,84459,31.24,173.34,163.75,0.028463
8384,4856.2,84556,21.403,465.74,344.34,0.14985
8384,5386.4,83833,30.182,223.98,137.96,0.23764
8385,4887.2,84521,19.975,718.73,494.07,0.18524
8388,4733.5,84559,28.804,1303.9,875.96,0.19632
8390,4972.7,82773,34.768,260.19,351.39,-0.14913
8391,3938.7,83346,36.794,507.51,229.87,0.37652
8396,4711.2,82442,25.175,337.99,328.42,0.014354
8399,4516.9,81989,37.829,416.56,215.66,0.31777
8403,3663.4,81746,27.861,418.18,346.41,0.093865
8403,5723.4,81888,38.568,572.06,478.92,0.088623
8405,3585.3,81993,13.231,1069.4,122.54,0.79439
8405,4889.1,84539,33.364,310.89,182.17,0.26107
8406,4845.9,82272,32.644,347.71,341.13,0.0095486
8407,4942.2,83799,28.086,504.54,484.18,0.02059
8408,4909.9,83761,27.11,238.14,231.16,0.014892
8409,3741.8,83220,25.074,388.58,161.73,0.41221
8415,3805.7,82115,27.388,724.41,363.47,0.33178
8418,5067.2,82979,24.479,508.75,301.56,0.25569
8419,3954.7,82750,22.456,650.72,426.8,0.20781
8420,3966.8,82858,36.356,930.55,619.71,0.20051
8420,5538.5,82841,32.869,251.74,154,0.24089
8421,3886.2,83282,36.86,968.77,621.01,0.21875
8422,3462.5,82124,29.672,529.73,204.32,0.4433
8422,4782.5,82322,27.704,229.5,115.74,0.3295
8424,3873,83283,29.301,408.38,119.78,0.54643
8425,4982.5,83082,29.503,1100.8,545.64,0.33718
8425,5752.3,82508,35.384,491.71,289.86,0.25826
8426,4939.5,83439,38.524,551.98,238.41,0.39673
8426,5075.8,83839,27.403,1116.7,671.3,0.24912
8427,5062.4,82675,35.657,540.11,398.12,0.15133
8428,3945.3,82674,33.358,508.46,480.54,0.028224
8429,3767.4,83321,34.984,409.82,224.39,0.29237
8429,4821.2,82258,34.904,536.8,336.63,0.22918
8429,4955.5,84359,33.913,620.28,573.43,0.039251
8430,5110.3,83930,24.051,606.34,449.34,0.14872
8431,4865.5,84432,35.288,398.53,400.5,-0.0024638
8432,4911.3,82402,35.263,476.36,201.32,0.40586
8433,3765.9,83006,25.086,931.96,558.59,0.25049
8433,4631.1,82222,31.819,485.92,301.6,0.23405
8434,4761,82401,32.047,609.95,318.93,0.31331
8435,4973,82379,31.187,697.13,348.39,0.33355
8436,4821.9,82301,32.65,181.7,133.09,0.15444
8437,3830,82676,28.222,713.21,409.27,0.27077
8437,3821.4,82735,28.751,572.97,330.33,0.26862
8437,4958.6,84511,30.729,367.06,227.7,0.23432
8438,3834.1,83016,33.008,513.85,382.16,0.14697
8441,4631.6,82311,33.856,345.09,501.73,-0.18497
8442,3799.7,81898,28.027,693.13,343,0.33792
8442,5618.1,84498,36.953,190.85,126.45,0.20297
8443,3949.7,81845,30.447,648.78,150.25,0.62392
8444,3623.9,82067,27.753,386.06,292.29,0.13823
8445,3612.8,82063,32.904,292.69,166.16,0.27574
8447,4261.6,84338,33.647,464.99,381.48,0.09866
8449,4337.7,84398,32.58,250.56,120.9,0.34906
8450,4143,84086,32.533,171.56,225.35,-0.13551
8452,4143,81943,34.118,303.2,241.85,0.11257
8457,4072.6,81812,31.205,129.29,101.44,0.12072
8459,5353.5,83816,20.944,458.52,202.03,0.38829
8459,5914.7,82785,42.332,760.11,723.34,0.024789
8459,6023.7,82612,30.376,741.43,657.25,0.06019
8461,6025.5,82007,44.134,753.01,248.97,0.50305
8462,5370.8,83941,33.243,565.32,397.94,0.17376
8467,3719.5,83140,31.318,314.62,228.43,0.15872
8467,5104.3,83792,24.238,519.77,303.24,0.26309
8467,5432,84618,31.634,226.02,198.68,0.064353
8470,4098.7,82264,25.899,304.16,191.79,0.22659
8470,5467,81962,24.224,387.81,206.87,0.30426
8470,6348.9,82534,27.223,251.1,204.59,0.10208
8471,5162.2,83855,32.194,434.32,225.53,0.31642
8477,6349.1,82423,23.589,457.64,351.86,0.13067
8478,3637.7,83035,37.154,698.36,536.11,0.13143
8478,3787.6,82621,31.787,288.98,134.16,0.36588
8479,3718.4,83059,33.807,594.06,376.93,0.22362
8481,4961.1,82389,29.406,459.32,412.68,0.053488
8481,5565,83804,30.404,163.35,169.42,-0.018227
8485,4945.8,82681,27.103,315.66,244.93,0.12617
8487,3850.7,82541,28.341,446.44,426.91,0.022372
8487,5049.4,83405,33.212,185.8,180.72,0.013873
8488,5093.7,83861,30.926,409.26,259.5,0.22393
8489,5203.7,83892,33.285,844.94,559.03,0.20364
8490,5092.9,83858,29.662,624.2,390.97,0.22975
8491,5508.7,83970,34.744,250.44,190.7,0.13542
8495,4328.9,84118,38.256,588.12,200.96,0.49064
8496,3653.6,82321,35.815,314.41,204.24,0.21241
8497,4880.2,82512,33.451,452.45,203.41,0.37971
8499,6156.1,83495,24.341,337.59,109.16,0.51132
8500,4675.1,81848,24.239,745.97,459.38,0.23777
8504,4621.9,82305,27.957,318.31,165.95,0.31461
8504,5591,82603,33.375,318.98,302.65,0.026265
8504,5565,84025,18.591,384.57,192.95,0.33179
8505,4710.5,82248,36.186,633.64,668.33,-0.026645
8507,4821.7,82298,26.397,626.59,266.1,0.40384
8509,4817,84466,31.018,139.38,135.02,0.015905
8509,4846.3,82678,29.807,261.57,134.6,0.32048
8509,5904,81790,27.796,521.76,275.93,0.30817
8511,4700.7,81903,29.482,549.09,210.7,0.44537
8513,4862.2,82162,32.459,446.42,441.2,0.0058847
8514,4790.1,82007,40.112,289.29,376.98,-0.13162
8515,5258.5,83450,27.258,337.98,234.55,0.18066
8516,4494.1,81906,29.033,657.13,407.37,0.23462
8516,5608.3,81857,34.139,437.14,378.5,0.071886
8517,5042.8,83825,18.599,634.73,361.21,0.27464
8518,4906.9,83707,39.937,317.73,256.14,0.10732
8518,5711,81909,33.9,546.02,356.18,0.21042
8519,5051.1,83788,32.301,719.16,563.01,0.12179
8520,4964.3,84540,28.206,783.07,596.77,0.13501
8520,5213.7,83576,38.309,242.61,135.58,0.283
8521,3455.3,82776,22.976,798.13,315.06,0.43396
8522,4924.4,82963,32.803,234.83,168.06,0.16575
8523,5267.9,84335,28.554,251.71,374.41,-0.19596
8526,3844.8,82664,32.56,330.6,210.28,0.22245
8526,4748.4,84418,27.71,672.31,414.46,0.23727
8527,3837.1,82971,35.091,188.54,225.24,-0.088685
8527,5292.6,83873,23.15,645.33,487.91,0.13891
8528,3856.2,83963,37.737,151.12,167.57,-0.051629
8528,5396.5,83906,29.775,1013.4,803.47,0.11552
8529,5490.8,83964,16.585,603.51,301.25,0.33408
8530,3973.1,83679,31.029,224.95,169.33,0.14105
8531,5538.1,84011,26.446,392.45,288.47,0.1527
8535,4935,84541,37.333,317.46,316.57,0.0014165
8536,3727.1,82050,29.42,471.68,460.16,0.012372
8538,3748.1,81811,19.408,799.17,599.91,0.14242
8538,3834.8,82596,35.111,546.63,634.38,-0.074298
8539,3956.2,83383,32.027,124.77,107.56,0.074057
8541,3763.7,81742,31.943,431.43,495.77,-0.069394
8541,5457.4,81865,36.212,248.83,136.27,0.2923
8542,3885.5,82018,24.018,739.1,569.06,0.12998
8543,4962.1,84441,32.053,494.37,234.2,0.35709
8543,5598.8,82359,43.327,647.14,183.66,0.55788
8544,3735.8,81781,23.344,621.32,692.46,-0.054149
8544,5145.9,82861,31.803,567.09,414.97,0.1549
8545,3917.9,82099,27.398,161.18,141.81,0.063937
8545,4595.2,81741,30.08,328.61,170.98,0.31551
8545,4915.2,83706,36.119,384.79,256.88,0.19933
8545,6334.6,82539,30.427,390.52,213.19,0.29373
8546,6333.2,82538,35.407,187.85,139.89,0.14635
8547,5023.7,83473,34.429,562.42,428.76,0.13484
8547,6366.6,82549,18.027,645.46,413.34,0.21923
8548,5446.9,83924,25.815,395.72,408.93,-0.016419
8549,4546.5,81730,23.657,425.69,207.44,0.34472
8549,5567.8,82189,23.98,848.57,503.52,0.25519
8549,5490.9,83887,28.296,276.79,239.97,0.071255
8550,4534.9,81756,26.805,622.87,211.93,0.49226
8551,4697.2,82276,27.653,491.82,371.08,0.13993
8551,6417.5,82551,22.475,859.02,618.86,0.1625
8552,4732,82376,33.812,229.54,203.03,0.061298
8552,6345.4,82464,23.814,440.85,254.45,0.26808
8555,4946.3,83000,27.184,480.87,230,0.3529
8555,5853,81808,33.552,341.55,176.74,0.31798
8557,3655.2,83126,27.723,739.77,585.8,0.11615
8560,3978.3,82760,34.911,407.22,385.26,0.027711
8561,4028.3,82625,33.883,763.21,245.84,0.51273
8564,4342.8,84499,26.76,267.77,171.28,0.21978
8566,3707.5,83153,32.262,477.04,257.56,0.29878
8567,3541.3,83035,31.499,356.95,199.12,0.28383
8568,3449.4,82953,30.751,584.13,395.16,0.19297
8571,3831.1,82960,37.632,579.13,507.55,0.065872
8571,3996,83388,21.68,715.38,614.55,0.075814
8572,3814.9,83363,25.645,703.81,522.16,0.14817
8572,5602.8,83734,34.952,139.48,237.71,-0.26043
8573,3777.8,82083,32.757,309.58,334.01,-0.037946
8573,5174.8,82741,35.786,293.26,260.48,0.059202
8574,3971.1,83413,23.526,663.64,394.5,0.25435
8575,3961.3,83384,28.707,797.67,569.02,0.1673
8576,3909.3,83443,22.38,428.93,198.39,0.3675
8576,4922.5,83149,35.614,339.64,181.38,0.30375
8577,3974,83398,23.262,598.06,250.08,0.41028
8578,3880,83353,37.819,412.3,338.62,0.09812
8578,4796.1,84344,33.847,339.04,182.11,0.30111
8579,3963.9,83458,25.288,491.8,225.95,0.37039
8580,4924.4,83112,29.519,729.42,482.97,0.20327
8581,3877.9,82139,36.029,323.44,240.39,0.14729
8582,3824.4,81862,28.324,464.49,103.73,0.63488
8582,4957.1,83175,40.239,227.38,176.95,0.12472
8585,4735.2,82229,27.501,241.85,132.74,0.29126
8589,5353.9,83920,27.956,437.56,244.4,0.28325
8590,4005.5,83546,35.091,512.44,391.82,0.1334
8591,4508.5,81896,24.054,547.07,431.52,0.11808
8592,4501.9,81833,25.569,417.53,322.05,0.1291
8593,4521.5,81910,27.68,456.2,213.2,0.36301
8594,4422.2,81942,37.13,315.37,229.29,0.15804
8600,4490.6,81777,25.877,565.25,339.17,0.24998
8600,4967.3,83913,21.824,785.94,503.09,0.21943
8601,5111.6,83895,21.487,708.8,589.51,0.091882
8602,5199.3,83757,25.54,652.32,472.17,0.16021
8603,3748.9,83084,40.263,450.81,564.61,-0.11207
8604,4548.6,81901,31.304,324.41,153.2,0.35847
8605,4578.4,84278,31.049,585.71,272.81,0.36446
8605,5902.8,81806,27.377,211.67,186.74,0.062567
8607,3642.4,83122,32.929,403.91,255.17,0.22568
8607,4585,84632,33.145,186.67,165.31,0.060678
8611,3765.5,83154,24.629,470.54,150.93,0.51428
8615,3738.6,83227,19.423,1099.2,646.45,0.25937
8615,3963.6,81930,23.264,451.98,291.36,0.21608
8616,3772.5,83278,29.357,737.14,665.8,0.050852
8616,4046.3,81895,31.435,1013,813.56,0.10917
8617,3756.8,83173,23.951,336.33,282.13,0.087637
8619,3854,83163,31.672,703.48,582.47,0.094101
8619,6152.1,83108,38.072,280.95,165.48,0.25864
8620,4818,84207,34.537,234.46,250.81,-0.033688
8620,6117,82119,38.095,143.4,133.3,0.036485
8621,3932.5,83372,36.178,483.3,267.34,0.28769
8623,3733.6,83360,30.556,357.28,177.84,0.33532
8624,5367.9,83846,33.345,168.74,104.96,0.23305
8625,5136.3,83893,32.317,330.21,346.16,-0.023587
8627,6286.9,82997,33.76,480.02,494.04,-0.014395
8628,4048.1,82553,29.278,736.07,448.74,0.24251
8629,6182.6,82928,30.382,435.81,202.14,0.36628
8630,6153.4,82744,34.348,654.9,624.71,0.023588
8632,4661.7,82399,29.133,274.52,276.35,-0.003314
8633,4587.3,84517,31.093,276.68,131.54,0.35553
8634,5870.9,83155,16.297,693.25,296.25,0.40122
8635,3830.9,81994,27.289,375.51,257.35,0.18671
8636,5821.7,83191,33.434,352.98,240.32,0.18989
8641,5025.9,84463,31.178,212.88,175.68,0.095719
8641,5077.7,83391,31.849,861.27,900.47,-0.02225
8643,5187.4,83714,30.686,503.78,429.78,0.079267
8646,3705.8,83245,28.382,309.83,170.79,0.2893
8646,5357.6,81833,24.252,636.49,186.94,0.54596
8647,4676.6,84288,29.361,304.75,152.84,0.332
8648,4888.5,82376,24.808,791.01,396.91,0.33176
8648,6092.3,82786,27.919,1147.4,703.21,0.24003
8649,4588.1,84134,31.489,805.82,779.74,0.016448
8649,4755.3,82241,34.416,661.93,238.48,0.47029
8649,5308.4,84058,36.265,653.71,506.36,0.12702
8650,4650.4,84156,27.719,512.18,231.69,0.37707
8652,4012.6,83421,33.427,299.63,189.77,0.22448
8652,4859.2,82408,27.028,1011.8,592.37,0.26149
8653,3960.8,83199,35.588,305.55,117.13,0.44576
8653,4766,82266,32.393,641.84,415.18,0.21443
8654,5036.9,84717,23.933,211.88,165.07,0.12417
8654,5354.9,83720,32.631,413.63,251.67,0.24345
8656,3477.4,84496,38.036,383.75,257.72,0.19646
8657,3754.8,82817,19.458,857.49,327.31,0.44749
8658,3882.8,82881,22.804,623.89,179.4,0.55333
8659,4020,82887,26.69,969.34,227.14,0.62032
8659,5834.9,81874,27.729,371.76,118.54,0.51645
8660,3976.3,82742,25.266,850.96,281.58,0.50274
8661,4321.1,83942,35.876,159.73,114.97,0.16296
8662,3905.9,83050,26.942,523.31,210.57,0.42614
8663,3942.7,83029,24.353,277.61,133.8,0.34957
8663,5969.9,82020,31.081,660.6,584.6,0.061035
8664,4085.5,83092,40.778,261.51,201.98,0.12844
8667,4201.3,82786,23.004,447.33,154.25,0.48718
8668,4045.3,82683,16.827,774.64,152.19,0.67159
8668,5024.4,82579,32.687,521.6,454.83,0.068378
8669,4209.9,82647,14.007,812.41,128.14,0.72752
8670,4120.4,82616,20.34,852.67,286.59,0.49688
8670,5229.3,84655,26.102,549.83,348.6,0.22398
8670,5711,82727,23.196,290.87,247.43,0.0807
8671,4741.1,82092,24.777,460.33,207.36,0.37887
8671,5042.8,84640,32.492,371.26,258.61,0.17885
8671,5762.9,82742,36.602,573.03,509.6,0.058587
8672,3900.9,82550,30.753,257.97,107.14,0.41311
8672,4590,82189,32.734,577.65,276.63,0.35237
8672,5819.2,82830,36.161,732.53,361.44,0.33921
8673,3618.9,82599,27.736,267.84,104.69,0.43797
8673,4721.7,84489,28.164,731.89,462.2,0.22585
8673,4934.5,82954,39.655,311.35,258.43,0.092863
8674,4621.9,84634,25.564,852.17,462.07,0.29683
8675,3800.2,82335,19.259,594.39,196.38,0.50331
8676,3719.9,82494,28.994,359.6,109.06,0.5346
8677,3846,83605,36.039,317.57,253,0.11317
8678,3998.1,82347,28.62,445.17,315.38,0.17065
8680,3801.7,83157,34.415,439.53,441.63,-0.0023789
8680,4017.9,82272,39.523,391.74,225.3,0.26973
8680,5968.5,81890,25.1,255.83,164.39,0.21761
8681,3511.2,83010,24.759,669.63,374.98,0.28206
8681,3885.5,82240,25.564,315.6,215.57,0.18831
8684,5106,84420,32.762,547.12,479.8,0.065552
8685,3815.5,81976,24.218,731.63,692.97,0.027132
8686,3879.9,83557,38.014,479.1,168.53,0.47954
8686,3910.4,81939,30.654,615.69,381.24,0.23517
8687,4036.6,83387,27.828,211.67,129.56,0.24063
8688,4903.6,82322,38.766,206.55,133.58,0.21456
8690,5176.4,83793,28.33,537.74,170.51,0.51851
8691,3991.8,83437,30.709,186.18,110.75,0.25402
8691,5260.1,83709,19.062,505.47,245.71,0.34581
8695,5738.8,82462,30.161,157.51,124.4,0.11743
8702,3620.3,81830,34.843,302.65,278.41,0.041732
8705,3845.2,82248,30.523,706.45,480.81,0.19005
8706,4064.1,83455,26.97,410.3,319.29,0.12473
8708,3937.1,81927,26.191,873.2,664.85,0.13547
8708,3996.2,83480,37.779,419.48,426.83,-0.0086827
8708,4822.9,82435,37.152,314.33,239.65,0.13482
8711,3663.3,83209,24.964,412.07,277.99,0.1943
8711,4633.3,82161,36.098,333.9,249.38,0.14491
8712,3709.3,83147,25.601,266.78,230.55,0.07285
8713,4671.8,82476,36.417,302.93,342.63,-0.061504
8715,4741.3,82191,34.708,261.2,305.64,-0.078396
8716,4600.1,84019,37.838,267.24,253.26,0.026858
8716,4799.9,82326,23.931,417.63,439.99,-0.026075
8718,3941.5,82130,32.364,238.11,189.61,0.11341
8718,4895,82345,25.621,776.59,722.62,0.036
8719,5262.8,84153,34.334,206.17,103.13,0.33316
8720,4906.9,82304,27.252,609.09,691.03,-0.063032
8721,5383.3,83954,28.505,1109.3,758.73,0.18766
8722,4006.1,83818,33.132,249.57,190.76,0.13356
8722,4964.4,82460,15.575,886.53,537.64,0.24498
8723,4917.4,82479,32.624,545.45,371.74,0.18939
8723,5118.7,84080,22.946,467.2,187.24,0.42777
8724,3925.8,81906,23.966,458.3,294.32,0.21788
8724,4720.7,82162,35.038,354.89,231.72,0.20997
8725,4007.9,81975,34.038,261.9,123.25,0.35999
8725,4780.7,82185,33.481,452.69,498.41,-0.048073
8725,4798.3,82206,34.652,403.42,445.45,-0.049523
8726,5880.8,82497,34.263,571.23,350.3,0.23974
8727,4727.9,82437,33.298,268.81,238.33,0.060102
8730,3744.9,83162,32.72,330.12,243.83,0.15035
8732,4805.7,82470,30.685,538.01,772.62,-0.17901
8732,5947.7,82235,32.67,188.67,172.29,0.04537
8734,3976.2,82084,32.494,324.44,245.52,0.13848
8736,4578,84466,36.291,280.25,151.83,0.2972
8736,4924.8,82425,32.924,257.32,108.23,0.40784
8736,4994.9,83311,28.518,463.7,428.93,0.038949
8737,4907.5,83442,30.051,237.68,120.02,0.32895
8737,6259.8,82671,29.092,316.92,301.88,0.024304
8739,4740.7,84556,30.707,147.01,135.93,0.039168
8748,5031.7,83990,15.206,385.29,132.72,0.48758
8751,4812.3,82270,33.931,241.84,263.12,-0.042134
8753,3854,83453,24.021,208.43,103.97,0.33438
8754,3954.8,83658,29.81,707.34,531.81,0.14165
8756,3898.4,83562,32.641,442.47,221.87,0.33206
8756,5524.3,82914,25.776,402.13,355.62,0.061381
8757,3838.1,83056,39.915,621.09,331.46,0.30405
8757,4568,84452,30.534,281.27,102.73,0.46497
8757,4750.4,82344,28.52,626.56,409.71,0.20926
8757,5409.1,82756,35.567,268.69,374.71,-0.16478
8759,4560.6,84178,31.457,300.28,127.94,0.40245
8759,5321.2,82842,35.256,330.56,462.51,-0.16637
8764,4966.3,82443,27.657,270.06,144.35,0.30336
8767,3545.2,82520,31.094,599.65,502.7,0.087951
8767,5481.1,84002,17.916,667.57,401.78,0.24856
8768,5471.6,84003,19.465,546.08,248.4,0.37468
8769,3918.2,83368,32.217,365.25,211.59,0.26638
8769,5258.8,83851,28.395,743.18,611.36,0.097315
8773,4885.4,83485,37.319,250.63,231.81,0.039014
8774,3677.7,81975,27.285,592.91,270.02,0.37418
8774,5283.9,83611,34.571,418.2,321.23,0.13114
8775,4017.7,82563,31.475,231.38,209.39,0.04989
8777,3595.8,81891,28.739,423.18,251.66,0.25416
8777,6337.4,82592,28.227,225.23,204.88,0.047322
8778,4317.8,83042,32.519,108.04,100.33,0.037033
8779,6295.9,82595,26.374,366.64,284.06,0.1269
8780,6386.8,82589,27.553,432.8,204.84,0.35751
8781,3898,82019,35.928,493.58,425.17,0.074464
8781,4644.2,84392,36.627,232.17,136.38,0.2599
8783,4365.2,81733,29.709,193.44,216.95,-0.057302
8784,5853,81942,35.657,566.13,499.71,0.062317
8785,5068.2,83000,28.874,366.94,211.28,0.2692
8785,5816.7,82336,36.676,733.93,312.83,0.40229
8786,3524.1,82080,37.206,532.03,366.21,0.1846
8786,5117.2,83877,39.056,204.08,125.2,0.23955
8787,3709.6,82129,28.452,241.69,175.9,0.15756
8787,5774.9,82034,37.434,347.88,203.65,0.2615
8789,3702.6,83090,32.162,387.39,290.5,0.14292
8790,5246.3,84439,18.102,566.42,124.32,0.64003
8792,4682.1,84634,32.846,462.66,309.49,0.19836
8793,3757.4,83171,28.828,260.36,113.11,0.39429
8794,4638.2,84569,38.314,513.51,212.49,0.41463
8794,6359.7,82576,23.965,580.12,343.24,0.25655
8795,3881.3,83513,40.599,550.6,260.34,0.35794
8795,5037.4,84624,35.592,1138.6,877.31,0.12964
8795,6419.1,82558,25.317,1023.5,569.82,0.28476
8796,6379.1,82979,32.053,872.73,560.19,0.21811
8799,4908.9,82347,27.678,465.12,140.94,0.53489
8801,6404,82708,24.451,786.97,520.16,0.20412
8804,3939.1,83436,36.048,391.01,430.27,-0.047806
8806,3968.8,83702,34.566,340.2,161.4,0.35647
8806,5280.8,83973,26.728,611.79,480.21,0.1205
8810,3955.1,83678,21.926,155.37,104.02,0.19794
8811,4788.9,82089,35.328,430.97,207.04,0.35099
8812,3800.3,83300,27.541,277.86,124.79,0.38016
8812,4718.8,83343,33.439,207.61,132.67,0.22022
8820,4793.1,82252,31.968,849.2,605.37,0.16763
8821,4808.1,82306,26.175,393.21,109.82,0.56337
8826,5105.8,83764,37.421,711.45,583.51,0.098796
8829,4705.2,82179,33.713,369.6,211.28,0.27256
8832,5088.3,84688,22.74,553.29,455.78,0.096628
8832,6407.6,82509,18.426,398.04,204.42,0.32138
8836,4757.1,84677,28.475,686.42,297.02,0.39596
8836,5067.8,83322,34.141,368.53,266.89,0.15995
8839,4909.6,82916,36.267,272.03,195.4,0.16395
8840,5286.8,83691,27.555,405.74,284.81,0.17512
8843,4893.6,82608,25.308,242.65,149.16,0.23862
8845,4828.8,82533,30.677,329.33,135.66,0.41651
8846,5296.8,83895,34.598,181.59,118.81,0.20897
8847,3700.5,82769,41.863,183.54,140.22,0.13381
8852,3863.1,82978,32.701,381.71,195.49,0.32262
8853,5762.8,83300,26.681,365.58,125.08,0.49016
8854,4855.7,82266,25.287,297.89,103.55,0.48411
8856,3914.8,81891,26.597,443.5,270.79,0.24179
8857,4100.9,81861,35.386,303.26,255.82,0.084858
8858,6027.8,83196,28.091,512.87,213.12,0.41289
8859,5951.2,83206,23.059,478.25,168.6,0.4787
8860,3988.2,83011,33.494,241.4,188.42,0.12324
8861,5987.6,82771,31.763,292.21,207.98,0.16839
8864,4765.9,83063,34.257,735.21,592.29,0.10766
8864,5910.9,82618,38.507,251.07,132.3,0.30982
8868,5405.5,81829,34.693,142.42,122.24,0.076258
8872,3854.5,82986,36.84,291.53,156.44,0.30156
8874,5034.8,84032,23.999,629.02,613.39,0.01258
8875,4861.4,84652,34.321,699.7,431.67,0.23691
8884,5481.6,82365,37.119,424.5,110.28,0.58756
8885,4501.8,81793,39.214,620.15,382.2,0.2374
8885,4749.4,84524,43.171,484.44,331.16,0.18793
8887,4785.7,82242,30.701,737.58,315.91,0.40026
8888,4772.2,82317,32.308,1002.6,546.27,0.29462
8889,4184.2,82566,37.033,351.95,200.69,0.2737
8889,5198,83815,26.312,202.42,128.19,0.22452
8890,3840.2,83390,37.023,251.93,138.64,0.29008
8891,3833.5,83334,28.685,394.86,331.78,0.086801
8891,4280.7,81829,31.665,276.77,150.65,0.29507
8892,3798.6,83613,32.968,420.29,249.1,0.25574
8894,4605.9,81864,35.964,496.35,308.57,0.23328
8895,5396.8,84002,29.82,390.22,289.79,0.1477
8898,3869.6,82315,28.998,364.98,118.72,0.50913
8901,4942.2,82494,36.836,174.16,170.95,0.0093222
8901,5894.6,81954,27.64,385.1,246.06,0.22029
8903,4158.7,82001,35.524,476.69,327.84,0.18501
8904,4966.9,82965,36.292,227.36,308.26,-0.15105
8905,3966,82622,29.007,298.56,225.81,0.13875
8906,3943.3,83672,31.753,596.37,428.13,0.16422
8906,5818.8,81874,28.037,222.64,142.31,0.2201
8907,3706.9,82502,36.373,600.39,306.99,0.32334
8908,4565.8,84463,35.895,186.13,176.7,0.026007
8909,4751.6,84330,32.173,181,216.32,-0.088902
8910,3840.8,82243,23.352,695.1,658.34,0.027163
8911,6121.7,82154,25.055,349.45,170.7,0.34365
8914,3838.1,82152,25.636,248.88,261.04,-0.023847
8916,3811.3,83254,34.761,400.49,329.72,0.096924
8917,3718.6,83168,30.167,318.73,239.16,0.14262
8918,4990.5,82955,27.761,390.14,289.25,0.1485
8920,3957.5,83737,31.718,306.57,149.04,0.34575
8921,3800.1,82898,35.844,103.94,111.64,-0.035714
8928,5323.3,83779,32.957,235.63,206.12,0.0668
8930,4126,83592,28.843,352.98,303.25,0.075784
8931,4867.5,83309,31.676,285.08,230.13,0.10667
8931,5879.7,83076,29.193,790.33,564.69,0.16652
8932,5971,81966,26.086,365.6,217.88,0.25317
8933,4938.6,82680,33.508,494.19,384.47,0.12488
8933,5136.2,83640,25.131,731.09,349.12,0.35361
8934,5017.6,83863,34.67,514.43,414.19,0.10795
8934,5666.7,82233,31.898,635.82,421.98,0.20215
8934,6373.2,82575,35.549,320.22,117.35,0.46364
8938,4890.6,82368,28.281,737.87,386.23,0.31282
8939,4746.8,82294,30.201,798.37,370.78,0.36573
8941,3771.4,81815,33.736,1220.3,918.13,0.14132
8942,3799.1,81882,24.114,582.81,388.96,0.19947
8942,4875,82400,34.12,196.63,143.73,0.1554
8943,3897.3,82523,22.453,771.97,410.24,0.30598
8944,3490.6,83059,34.503,200.64,257.57,-0.12425
8944,4018.1,82551,26.589,878.28,602.19,0.18649
8945,3870.2,82605,38.697,317.62,229.3,0.16149
8947,3727,83131,30.355,329.41,278.51,0.083727
8949,3784.4,83057,27.536,508.4,204.46,0.42636
8956,4755.9,83347,31.855,346.26,351.93,-0.0081224
8962,4969,84131,30.494,437.58,136.44,0.52461
8966,5074.3,83921,21.206,723.14,291.65,0.4252
8969,5126.4,84036,35.95,746.48,518.57,0.18016
8970,4010.6,81997,32.553,486.78,372.76,0.13265
8973,3937.5,82148,22.757,428.54,176.71,0.41607
8974,3625.3,82285,35.729,177.38,101.25,0.27323
8976,5938.5,81879,27.13,382.39,248.19,0.21283
8977,4029.9,82748,29.505,435.8,188.72,0.39563
8978,4866.9,83978,31.555,472.51,495.6,-0.023854
8979,4970.1,82667,37.241,374.98,254.19,0.192
8979,5073.8,83934,25.271,478.32,267.2,0.28319
8984,4765,82153,38.375,198.74,121.43,0.24149
8985,4517.1,81927,34.243,498.89,155.58,0.52456
8985,5094,83893,34.24,292.23,331.47,-0.062929
8986,4645,82045,34.236,336.15,262,0.12396
8986,6111.8,83068,32.795,681.21,372.96,0.29241
8987,6345.3,83070,32.827,443.36,175.25,0.4334
8988,4961.4,84645,34.988,218.98,156.79,0.16552
8989,5110.9,81898,35.597,120.72,126.4,-0.023012
8993,4969.2,82458,27.244,394.08,310.69,0.11833
8996,5698.1,82625,32.86,228.47,142.34,0.23227
8997,5010.5,84701,39.239,278.8,261.39,0.03223
8999,4019.9,82608,31.724,856.42,809.55,0.028134
8999,4731.2,82353,29.084,283.03,148.64,0.31133
9000,3930.4,82420,20.805,779.87,349.18,0.38146
9001,3990.4,82255,26.044,428.14,347.67,0.10372
9001,5890.2,81905,31.23,195.4,111.54,0.27324
9002,3856.2,82244,27.025,299.29,216.72,0.16001
9002,5865.1,81903,29.648,337.65,316.83,0.031816
9003,3450.2,84104,33.534,558.74,389.9,0.17798
9009,4924.3,84631,37.564,305.59,123.91,0.423
9010,3912,82056,37.533,590.38,648.12,-0.04662
9010,4715.1,84543,33.533,302.38,135.22,0.382
9011,3799,81888,22.22,607.37,450.25,0.14857
9016,3679,83193,33.956,195.48,383.62,-0.32489
9019,6219.4,82303,37.888,219.01,105.79,0.34858
9023,5057.5,84123,35.131,501.95,314.29,0.22991
9023,5609.5,84232,40.824,251.78,233.61,0.037446
9024,4569.9,82206,31.269,240.93,141.31,0.26062
9024,4452.5,83312,33.297,138.74,114.15,0.097206
9025,4967.7,82503,32.477,411.77,135,0.5062
9027,3891.6,83208,37.311,393.46,264.85,0.19536
9028,6286,83118,26.866,386.88,220.33,0.27427
9033,3878.8,82983,36.521,404.24,279.96,0.18164
9033,5170.4,83804,29.083,684.57,661.44,0.017183
9034,5048.8,83840,31.287,777.54,583.42,0.14263
9035,5045.1,83790,34.632,918.42,624.53,0.19048
9037,4831.2,84646,35.959,785.93,435.91,0.28647
9038,4022.9,82088,33.306,533.2,432.87,0.10386
9039,5091.6,83988,35.185,387.09,282.91,0.15549
9045,5045.1,83108,34.37,225.46,169.36,0.14211
9048,6158.8,83327,31.773,196.65,173.47,0.062647
9051,4717.7,82182,31.97,311.88,215.19,0.18345
9056,6355.7,82704,37.322,387.91,208.32,0.3012
9057,3954.2,82007,25.923,383.81,241.99,0.22663
9057,5431.2,84318,34.632,145.85,107.3,0.15228
9060,3674.8,81768,33.056,732.78,573.48,0.12195
9060,4850.3,82342,27.679,551.47,394.69,0.1657
9061,3824.6,83135,40.162,222.44,223.35,-0.0020399
9061,4847.3,82509,32.807,392.45,106.65,0.57261
9063,5926,81896,24.878,229.18,182.21,0.11418
9064,4799.3,82246,35.106,280.79,248.05,0.061902
9065,4781.4,82230,19.613,1029.3,635,0.2369
9066,3474.7,81772,25.712,964.32,755.86,0.12119
9067,4979.2,83698,33.443,492.27,300.75,0.24151
9068,4123.2,81962,36.291,245.23,135.3,0.2889
9070,3887.5,82596,30.277,395.65,205.11,0.31715
9070,4646.1,82089,26.724,574.31,317.66,0.28773
9071,4771.8,83350,30.492,199.56,122.19,0.24049
9071,4822.9,82323,31.409,519.17,545.56,-0.024791
9072,4846,82353,34.793,367.2,156.02,0.40361
9079,4623.8,82024,32.451,575.02,619.82,-0.037488
9082,5719,81766,37.852,233.16,130.74,0.28144
9083,3738.3,82158,29.37,777.45,547.44,0.17361
9085,4697.4,82311,34.636,275.88,106.82,0.44176
9088,3814.5,82875,37.959,384.81,121.81,0.51914
9096,5709.1,82999,39.552,336.62,332.84,0.0056568
9097,4934.2,84676,35.193,260.6,154.16,0.25664
9105,4808.4,82479,34.509,383.08,256.72,0.19751
9106,3836.5,82084,27.752,336.9,144.87,0.39861
9107,3832.5,81792,31.703,427.78,142.16,0.50114
9107,5156.9,81769,31.208,234.61,236.75,-0.0045371
9108,5062.6,81909,30.595,512.13,403.2,0.119
9110,3639.4,83104,33.792,789.2,441.97,0.28204
9113,4975.1,83576,45.418,398.1,405.17,-0.0087912
9114,5753.7,81953,28.63,497.14,353.64,0.16867
9117,5338.3,83803,29.048,594.49,463.17,0.12416
9118,5277.2,83925,29.344,614.69,523.75,0.079885
9119,4043.9,81858,29.695,262.33,155.34,0.25617
9122,3837.3,83160,30.674,528.09,367.21,0.1797
9124,4826.8,83417,29.297,498.66,262.21,0.31076
9126,5070.6,83216,37.978,353.92,234.28,0.20339
9126,5372.5,81853,39.498,669.04,433.61,0.21352
9128,5853.6,81992,26.173,294.3,253.8,0.073892
9132,3907.7,82689,28.153,495.71,279.47,0.27895
9133,3855.9,82871,33.163,350.59,429.34,-0.10098
9135,5155.3,83639,34.643,307.99,285.45,0.037975
9139,5799.3,81998,26.64,241.78,167.92,0.18029
9140,5853.3,81932,21.791,461.92,202.49,0.39047
9141,3822.2,82076,23.179,461.03,141.47,0.53039
9142,5773.6,82074,27.892,608.36,613.99,-0.0046036
9143,3875,82386,34.038,184.55,154.2,0.089595
9144,3641.8,83169,26.457,406.06,249.91,0.23804
9144,3946.6,82380,34.616,208.75,250.23,-0.090384
9145,3681.2,83191,15.809,390.7,283.7,0.15866
9146,3725.6,83181,26.482,423.14,529.1,-0.11128
9146,6262.3,82580,23.675,567.01,349.66,0.23712
9147,6322.6,82556,18.926,451.35,201.44,0.38284
9148,4033.9,82560,31.332,431.21,723.2,-0.25293
9148,6209.7,82477,37.642,460.79,374.15,0.10377
9149,4944,82416,35.55,179.06,147.16,0.097798
9154,5263,81760,29.013,190.54,159.42,0.088934
9155,5237.6,81923,31.965,278.14,156.03,0.28125
9157,4856.8,82399,29.848,304.29,244.34,0.10928
9163,3877.5,82755,29.197,414.89,138.32,0.49994
9164,4008.2,82673,35.061,369.01,227.86,0.23648
9164,4630.1,84670,31.251,258.71,233.37,0.051486
9165,4513.6,81769,26.036,433.02,115.71,0.57826
9167,3867,83350,38.677,254.8,367.64,-0.18128
9169,3873.4,83444,26.219,588.28,357.58,0.24391
9170,4978.9,82413,24.94,558.18,340.12,0.24274
9170,4987.7,82917,31.142,723.04,729.3,-0.0043119
9171,5099.9,82898,31.544,532.33,376.88,0.17097
9171,5028.7,84726,28.934,439.6,174.4,0.43192
9172,3694.5,82135,31.329,387.21,247.71,0.21971
9174,3953.6,82395,34.721,373.87,272.67,0.15651
9174,5790.6,81936,35.957,239.81,302.64,-0.11584
9175,5704,82040,35.253,383.24,335.24,0.066811
9178,3911,82291,26.99,1336.2,775.26,0.26566
9179,3852,82316,23.867,451.65,221.08,0.34274
9179,4857.4,82304,35.238,339.1,333.47,0.0083735
9180,3945.8,82228,29.791,791.48,580.76,0.15355
9181,3934.9,83363,33.207,294.63,120.56,0.41924
9183,5173.9,84019,38.309,431.33,312.65,0.15952
9184,4765.5,83703,34.208,144.66,141.23,0.011989
9186,3886.1,82311,28.854,419.96,216.59,0.31948
9189,3720.7,82538,27.971,367.53,299.92,0.1013
9190,6401.2,82622,21.715,351.94,354.42,-0.003514
9191,6316,82620,24.32,326.84,271.06,0.093293
9194,5239.2,83671,33.384,150.84,133.91,0.059452
9194,6370.9,82526,30.702,353.45,277.56,0.12027
9196,3647.3,83032,25.014,248.52,127.77,0.3209
9197,3977.4,83537,33.516,305.3,132.02,0.39624
9198,5034.2,83766,30.448,924.35,935.05,-0.0057553
9198,6390.4,82608,32.608,599.81,567.38,0.027781
9199,5320.6,83979,35.304,545.54,248.38,0.3743
9200,3918.2,83466,41.463,317.39,235.98,0.14712
9200,6317.7,82681,40.313,313.17,288.88,0.040352
9201,3761.6,83235,27.118,428.58,131.17,0.53134
9201,5165.5,83750,28.174,345.78,346.14,-0.00051599
9201,6369.6,82746,29.636,315.56,440.65,-0.16542
9202,3873.5,83370,32.523,259.13,116.02,0.38149
9202,4787.2,83173,37.81,263.66,123.42,0.36231
9203,3817.4,83360,28.792,899.73,703.75,0.12222
9205,3912.1,82644,27.215,355.24,111.7,0.52157
9209,6392.4,82688,32.829,174.06,124.26,0.16693
9213,4061.8,83566,35.577,157.11,102.57,0.21004
9214,5898.9,81969,22.209,411.75,292.78,0.16886
9215,3863.7,83409,27.397,645.4,534.04,0.094417
9215,5233,82961,30.545,402.5,400.7,0.0022437
9216,3721.7,83190,32.365,311.54,257.02,0.095898
9216,5072.3,84037,34.743,445.65,317.54,0.16787
9217,4265,83425,33.544,255.05,143.34,0.28038
9217,4990.1,82423,32.571,415.25,253.49,0.24189
9217,5018.8,84486,36.634,412.79,451.53,-0.044816
9218,3544.6,81943,31.552,215.32,229.52,-0.031919
9218,5064.3,84718,20.505,229.67,223.35,0.013932
9219,5039.5,83606,31.873,372.97,505.66,-0.15102
9220,4868.4,82324,22.61,297.21,176.16,0.25573
9220,4960.3,83085,30.809,200.25,386.63,-0.31758
9223,4963.8,83001,25.154,171.02,247.64,-0.18302
9225,5830.8,81965,26.655,152.28,221.5,-0.18521
9227,3506.4,82247,37.421,355.37,380.58,-0.034249
9233,5483.7,81920,33.103,214.82,109.3,0.32556
9236,5494.3,81986,29.748,204.84,161.41,0.11858
9242,5036.8,84041,34.806,446.94,296.5,0.20237
9243,5110.9,83988,31.639,333.45,167.97,0.33001
9244,5076.8,83977,35.56,495.44,235.72,0.35521
9248,4784.3,82414,35.379,351.51,322.28,0.043377
9249,5039.2,82589,31.222,358.15,253.01,0.17203
9251,3814.6,83313,27.052,733.8,372.29,0.32684
9252,4854.3,82540,31.29,276.49,126.71,0.37148
9252,6205.5,83195,32.752,440.69,294.81,0.19835
9255,4055.5,84569,37.766,143.57,275.46,-0.31475
9255,4890.3,83969,38.243,284.39,277.09,0.013
9257,4478.7,81896,30.57,289.64,246.56,0.080336
9258,4925.9,84356,36.652,256.85,150.85,0.26001
9261,4101.4,83552,38.773,671.86,414.04,0.23742
9263,3962.6,83717,29.471,367.28,301.37,0.098561
9267,3595.4,83217,29.848,120.06,103.93,0.072016
9268,4619,84074,32.498,271.19,108.18,0.42968
9270,3981.8,81748,45.378,591.03,505.46,0.078047
9270,5084.3,82724,36.141,359.52,339.47,0.028686
9273,5002.1,83437,34.426,199.1,174.54,0.065734
9274,3696.5,82081,27.06,378.91,223.12,0.25879
9274,3825.3,82719,28.149,547.07,146.64,0.57722
9276,6362.2,83066,35.475,227.38,108.39,0.35439
9279,5708,82071,30.205,568.21,442.8,0.12405
9284,3602.9,81925,35.819,237.61,109.49,0.3691
9285,3953.4,83564,39.15,258.3,236.05,0.044997
9288,5769.4,81948,33.767,334.12,409.39,-0.10124
9289,3946,83614,32.887,218.81,169.82,0.12607
9290,3867.7,83371,22.811,374.05,181.36,0.34695
9292,3895.3,82119,38.376,343.93,109.26,0.51781
9295,3466.8,84130,34.879,482.08,351.5,0.15665
9296,4042.8,83483,35.176,547.5,261.12,0.35416
9297,5120.4,84107,36.868,212.79,155.07,0.15693
9298,4277.8,84633,30.459,273.52,158.34,0.26672
9300,4456,84436,29.038,402.77,247.77,0.23826
9300,5797.3,82040,32.95,412.57,510.25,-0.10585
9301,4237.8,84386,31.556,304.37,122.26,0.42687
9303,3960.2,82738,34.021,384.96,357.67,0.036743
9303,4251.6,84253,35.46,254.12,138.9,0.29317
9305,5210.2,81867,39.557,317.75,162.26,0.32392
9306,3661.1,82131,36.023,644.4,387.96,0.2484
9307,4758.7,82295,31.06,257.7,207.31,0.10836
9309,4801.9,82296,35.4,390.61,364.63,0.034406
9311,3912.8,82561,31.291,595.24,579.77,0.013166
9312,3775.2,83352,35.673,392.42,366.18,0.034596
9313,3849.7,83376,26.674,285.74,106.71,0.45619
9313,5045.2,84239,40.305,395.36,324.43,0.098534
9314,3703.7,82678,30.273,341.42,317.57,0.03619
9319,5872.3,81986,27.668,238.65,112.72,0.35838
9321,3733,83077,22.615,315.12,240.83,0.13362
9322,4889.6,82450,24.318,782.86,322.83,0.41606
9324,4736.3,82392,29.543,354.45,253.29,0.16644
9325,4790.3,82415,24.953,776.81,504.33,0.21269
9326,4831.9,82353,24.68,453.05,242.53,0.30265
9327,5013.4,84614,34.59,367.63,434.3,-0.083139
9328,5896.3,82989,31.332,345.49,122.54,0.47637
9329,4546.2,81823,27.194,271.55,156.67,0.26827
9330,4889.4,82350,27.377,494.2,338.22,0.18739
9334,4817.9,82202,30.228,630.48,499.56,0.11586
9343,3799.3,83238,36.26,569.45,577.68,-0.0071799
9348,3795.3,83311,27.552,565.01,272.41,0.3494
9348,4494.8,84249,34.378,363.71,178.15,0.34246
9349,3787.4,82347,29.849,331.87,218.48,0.20603
9351,3907.3,82546,30.09,460.15,353.29,0.13136
9351,3940.2,83748,26.561,475.98,192.66,0.42373
9351,5034,82531,37.167,214.56,121.24,0.27792
9357,6399.9,83521,28.854,412.05,283.61,0.18463
9360,5900.7,82646,21.793,263.28,105.39,0.42829
9361,4269.4,83367,34.926,323.37,200.34,0.23491
9362,4276.5,83513,27.599,727.63,945.23,-0.13008
9362,5906.8,82640,23.027,493.53,321.85,0.21055
9363,6015.2,82506,32.657,577.46,344.24,0.25303
9364,4526.6,82021,28.234,685.49,597.08,0.068937
9365,4341.6,81934,28.552,676.02,487.05,0.16248
9369,4961.6,82399,35.412,420.71,283.86,0.19423
9369,5058.4,82872,33.595,383.84,348.07,0.048883
9370,3500.1,81963,38.638,379.96,207.59,0.29337
9371,3642.5,83323,33.438,261.35,139.75,0.30315
9372,3443.2,81881,27.403,366.66,210.2,0.27123
9373,3766.2,83284,30.942,400.08,221.5,0.28731
9374,3802.5,82346,31.954,438.98,138.93,0.5192
9374,3766.9,83295,29.267,560.26,363.44,0.21308
9375,3803.3,81750,37.201,446.67,144.21,0.51189
9375,3971.1,82280,28.835,273.8,168.05,0.23932
9375,4562.9,82158,31.251,196.56,121.25,0.23698
9376,3962.6,82407,35.094,534.08,540.5,-0.0059778
9377,3860.3,82238,24.206,828.99,441.31,0.30519
9378,3868.2,81843,30.384,697.2,232.22,0.50029
9379,3767.3,83159,32.511,334.8,190.66,0.27431
9381,6414.6,82748,30.871,276.16,244.22,0.061378
9382,3743.4,83095,40.915,297.32,103.79,0.4825
9382,4010.8,81972,28.263,449.92,348.49,0.12704
9391,6277.6,82739,35.221,373.86,372.26,0.0021404
9392,4426.5,82039,35.405,434.16,407.92,0.031158
9397,4765.8,82208,31.489,223.68,156.97,0.17527
9398,4796.6,82332,21.414,279.68,110.02,0.43538
9407,3810.6,82826,29.289,273.06,138.31,0.32755
9410,4946.3,83444,18.373,420.71,163.06,0.44135
9411,4880.9,82533,23.369,336.25,281.62,0.088429
9412,4847.8,82481,25.79,645.49,479.65,0.1474
9412,4910.3,83473,17.446,700.87,389.27,0.28583
9413,5049.3,83419,30.808,356.12,118.71,0.50001
9414,4892.3,83122,25.699,283.54,100.15,0.47796
9415,4697.6,83046,22.64,647.08,295.99,0.37228
9425,4415.7,84439,32.035,212.93,190.96,0.054409
9426,4946.2,83084,30.774,288.1,275.08,0.023109
9428,3735.1,83500,31.633,394.74,320.69,0.1035
9431,4887.4,82544,30.018,876.06,716.1,0.10046
9435,5596.1,84243,37.993,218.56,116.33,0.30527
9438,3899.5,82193,38.533,597.16,249.27,0.41101
9438,4956.2,82543,35.082,212.25,188.57,0.059059
9441,3451.4,82068,32.971,655.12,432.62,0.20455
9441,4559.9,81945,38.597,556.89,419.57,0.14064
9441,5898.3,81947,32.348,479.96,331.75,0.18258
9442,3816.4,82025,21.393,1024.3,821.62,0.10982
9442,5806.3,82024,35.077,384.39,226.39,0.25869
9444,4772.5,82256,31.449,752.02,495.13,0.20598
9445,3716.2,81949,31.569,697.52,465.32,0.19968
9445,4794.7,82291,29.085,417.08,246.75,0.25658
9448,3729.5,83437,34.868,495.83,354.79,0.16581
9461,3917.4,82621,31.962,294.04,115.29,0.43671
9463,3879.4,82661,32.926,532.31,140.67,0.58194
9465,5827.9,81986,22.582,330.65,221.24,0.19825
9467,3945,82143,34.016,900.76,656.05,0.15719
9467,3888,82550,30.945,794.61,584.2,0.15261
9468,3765.2,82030,26.399,663.84,449.62,0.19238
9473,3859.8,83390,33.244,267.24,249.08,0.035155
9474,3955.2,83529,40.113,380.05,224.04,0.25826
9475,5018.5,83497,28.225,606.43,607.78,-0.0011119
9477,3761.8,81885,33.942,548.68,523.87,0.023132
9479,3715.4,81827,27.677,626.65,432.93,0.18282
9479,4735.6,82170,31.979,227.44,191.09,0.086844
9480,4846.1,82432,24.128,642.83,621.78,0.016645
9483,3719.2,83263,32.517,428.99,322.04,0.1424
9487,3815.8,82046,23.131,602.69,335.39,0.28494
9488,3456.2,81931,31.243,293.7,142.13,0.34779
9489,3543.2,83038,36.692,122.22,227.22,-0.30049
9490,4879.2,82516,27.299,424.54,228.37,0.30045
9499,4651.8,82422,26.299,701.18,568.93,0.10412
9499,4961.7,84206,39.202,313.84,265,0.084378
9500,3956.2,82029,33.791,295.89,168.85,0.27336
9503,3751.4,83347,37.272,520.28,169.98,0.50748
9504,3886.4,82895,37.823,414.45,298.96,0.16188
9508,4958.8,82566,32.318,345.25,402.85,-0.076993
9512,4750.4,82442,31.028,364.12,214.04,0.25958
9512,5809.1,81977,25.701,234.67,112.43,0.35219
9516,4881.8,82304,33.058,592.81,390.45,0.2058
9518,4876.4,82403,25.607,520.19,319.76,0.23862
9519,4987.8,82400,32.029,434.24,265.86,0.2405
9521,4938.3,82616,35.042,441.94,446.18,-0.0047715
9522,4754,82583,34.628,232.43,100.59,0.39587
9523,5962.4,81890,30.867,227.19,173.72,0.13339
9525,4765.2,82256,31.014,577.53,318.13,0.28962
9525,4775.1,82325,32.061,877.95,526.95,0.24984
9526,3474,82096,23.393,270.45,142.33,0.31037
9527,3424.7,83953,35.141,525.61,472.49,0.053223
9533,4704.5,82037,25.728,929.31,669.06,0.16282
9534,3655.3,82212,34.979,213.02,331.86,-0.2181
9534,4830.6,82259,43.351,581.57,283.13,0.34514
9536,4649.7,84651,38.056,856.59,421.25,0.34068
9536,5154,81784,35.754,491.89,262.3,0.30443
9537,6125.3,81866,41.492,345.05,126.36,0.46391
9538,4798.9,82409,30.197,586.97,403.99,0.18465
9544,3844.1,82412,35.035,186.8,221.48,-0.084941
9547,4797.4,81974,38.132,294.03,173.43,0.258
9551,5920,82521,34.449,631.06,353.36,0.2821
9552,5018.1,82463,24.234,481.09,345.28,0.16435
9555,5370.1,81938,38.659,312.62,182.51,0.26276
9558,3727.2,83373,34.215,212.85,209.46,0.0080248
9558,4753.4,82322,37.879,518.3,448.98,0.07166
9558,5901.1,81939,29.907,174.11,133,0.13385
9559,4224.1,83718,36.597,208.37,165.72,0.11399
9559,5028.8,82016,30.075,251.21,162.15,0.21548
9559,5783,82091,38.584,398.82,165.29,0.41397
9560,4575.6,81962,33.494,267.3,136.68,0.32333
9560,5949.2,82198,38.247,241.97,135.87,0.28079
9561,6367.1,82791,35.995,155.48,247.69,-0.22872
9565,6228,82544,39.084,169.25,157.2,0.036896
9571,4623.3,81801,34.266,262.33,123.49,0.35985
9571,5060.9,84033,27.815,327.33,308.88,0.028998
9572,3657,81938,31.693,229.01,135.37,0.25698
9575,3786.1,83315,24.725,428.55,250.17,0.26281
9579,5913.9,82591,37.547,181.79,145.52,0.1108
9583,3576.4,83163,28.715,181.14,130.58,0.16219
9587,4313.2,83419,41.864,262.88,185.93,0.17145
9588,4843.3,84336,36.515,423,202.8,0.35188
9590,4078.2,84221,40.709,257.85,316.79,-0.10258
9592,5899.8,82008,26.204,381.67,296.75,0.12517
9602,3882.6,82543,27.437,461.77,164.79,0.47399
9604,4689,82355,27.687,439.26,502.81,-0.067462
9604,6240.9,82770,34.067,373.93,326.68,0.067451
9605,4683.1,82226,28.438,497.18,471.31,0.02671
9605,6020.3,82780,39.109,614.38,125.38,0.66102
9614,3801,83500,30.071,578.84,255.77,0.38709
9616,3748,82106,24.759,803.23,775.1,0.017823
9618,3766,82296,33.932,426.51,335.87,0.11889
9622,3984.4,82673,32.613,243.32,183.59,0.13991
9627,5217.6,82715,34.723,465.58,469.87,-0.0045853
9635,3817.8,81921,24.122,770.51,481.85,0.23049
9641,3860.8,82129,36.416,329.91,337.21,-0.010936
9645,3634.7,83133,36.89,245.12,176.26,0.16342
9646,4811.3,82473,23.71,1097.2,923.32,0.086071
9647,4830.9,82332,23.638,726.17,522.23,0.16336
9648,4886.6,82408,29.179,493.99,456.92,0.03898
9649,4888.2,82438,22.608,686.83,414.72,0.24703
9659,4452.4,82995,33.266,140.92,174.02,-0.10511
9660,6254.8,83762,38.975,215.46,174.54,0.10494
9663,4894.2,82421,35.749,333.36,261.29,0.12121
9664,4757.8,81982,33.127,236.78,124.87,0.30944
9667,3709.8,83583,32.393,465.92,555.37,-0.087581
9668,6322.1,83226,33.548,226.52,143.78,0.22345
9669,4427.4,84476,34.882,298.83,154.07,0.31965
9669,4728.5,82240,34.913,359.51,377.16,-0.02396
9670,4643.2,84525,26.331,201.23,107.74,0.3026
9670,5295.8,83989,36.208,241.08,345.77,-0.17839
9671,5676,82993,34.174,571.66,529.84,0.03797
9673,5936.7,82792,36.688,343.6,348.38,-0.0069038
9675,5550.2,82752,33.697,499.47,261.69,0.31239
9678,4635.6,84498,36.078,281.33,296.14,-0.025646
9678,5763.3,82746,26.688,717.15,533.86,0.14651
9679,3710.5,82150,32.427,385.99,246.62,0.22031
9680,4395.6,83337,30.293,399.44,152.2,0.44818
9680,6053,82768,29.041,596.42,552.6,0.038136
9681,3759.1,81897,18.348,671.94,124.91,0.68649
9683,3726,81865,13.33,753.55,114.21,0.73678
9684,3764.4,81883,14.107,751.17,288.13,0.44554
9685,3685.4,81796,17.818,442.97,115.88,0.5853
9687,4947.4,83758,35.574,335.05,374.97,-0.056225
9688,3639.1,81892,20.722,437.05,223.42,0.32346
9689,3647.7,81969,15.374,477.98,162.36,0.49288
9690,3559.7,81983,19.847,508.12,171.59,0.4951
9691,3818.6,83626,39.662,280.5,353.64,-0.11533
9693,3589.8,81817,15.978,479.68,102.82,0.64697
9695,4489.9,82120,31.089,563.95,396.5,0.17434
9696,4065,82135,31.696,487.36,484.52,0.0029281
9700,4926.1,82530,23.687,218.13,110.33,0.32819
9701,3965.1,82857,33.481,219.21,228.85,-0.021523
9704,5944,81963,29.573,164.51,106.76,0.21291
9705,5104,83582,38.04,197.8,127.51,0.21606
9707,4914.5,82387,31.735,378.61,330.8,0.067408
9708,5651.5,82831,34.583,433.7,151.98,0.48102
9709,4995.9,82657,28.58,365.82,168.07,0.37039
9711,3832.6,82773,36.667,458.31,134.53,0.54615
9711,4817.7,83473,28.571,704.8,633.69,0.053126
9711,4818.9,84658,27.281,540.23,401.08,0.14782
9713,3741.6,81902,34.465,299.48,170.49,0.27445
9714,3773.4,81833,33.206,324.68,122.38,0.45251
9714,4936.7,83566,32.28,194.4,129.87,0.19898
9715,5749.8,81985,30.307,576.66,338.34,0.26045
9716,4813.6,82495,25.367,570.71,248.17,0.39388
9717,4245.2,84676,35.747,320.38,170.73,0.30473
9719,3493.1,84381,33.443,400.28,340.06,0.081338
9719,3937.8,83586,31.19,279.76,155.29,0.2861
9721,3527.1,84000,34.734,217.46,237.95,-0.044989
9721,4721.6,82482,35.395,421.95,325.19,0.1295
9721,4819.4,82517,27.688,438.81,310.48,0.17128
9726,3559,83199,27.604,175.36,120.76,0.18441
9727,5802.6,82287,31.296,279.02,437.86,-0.22157
9728,4704.8,82100,29.311,585.01,275.82,0.35918
9729,4558.6,82293,36.545,283.63,249.44,0.06412
9732,3694.1,83152,32.169,275.73,180.27,0.20935
9736,4045.3,83599,30.634,260.16,203.17,0.12301
9736,5084.4,84032,35.189,269.38,138.46,0.321
9736,6323.2,83233,34.938,743.3,395.58,0.30531
9737,5679.2,81886,34.732,595.41,264.32,0.38511
9739,4072,84722,33.024,720.2,356.7,0.33755
9743,5390.9,84292,32.025,279.4,180.46,0.21513
9747,6119.9,82785,33.15,289.04,142.52,0.33951
9748,6295.9,83156,28.253,719.31,541.15,0.14135
9749,5124.9,82602,36.922,136.27,114.26,0.087874
9757,4812.5,82463,22.949,411.54,160.57,0.43868
9759,4830.4,82535,36.526,552.07,777.55,-0.16958
9760,4744.2,82398,29.281,665.99,301.14,0.37726
9761,4047.4,83892,34.985,171.37,119.94,0.17656
9765,5841,81965,29.004,384.55,169.85,0.38726
9766,3774.2,82730,33.733,499.24,677.79,-0.1517
9767,6175.2,83988,26.51,316.61,319.58,-0.0046699
9770,3481.8,82543,38.153,206.2,222.11,-0.037153
9771,6219.8,83593,27.623,262.33,250.84,0.022382
9772,3646.7,83179,34.635,202.2,146.22,0.16067
9775,5142.4,84317,33.66,200.3,156.4,0.1231
9775,6374.2,83206,36.364,668.5,537.4,0.10871
9777,3948.3,81999,28.701,365.37,335.69,0.04233
9780,6008,83363,37.525,164.71,342.86,-0.35099
9786,4571.2,84395,37.874,336.48,246.03,0.15527
9787,4901.2,82454,24.9,313.67,293.61,0.033035
9788,3751.7,82667,34.08,563.09,177.92,0.51979
9790,5859.9,82323,35.757,268.95,185.91,0.18255
9791,4376.2,81818,27.485,287.96,197.31,0.1868
9794,4627.1,84445,33.887,250.88,122.21,0.34486
9796,4508.2,81845,38.36,369.17,204.34,0.2874
9797,3871.9,82067,30.551,174.64,119.38,0.18795
9798,4215.1,82540,33.646,214.38,164.43,0.13186
9799,4904.6,84073,36.855,196.23,173.43,0.061675
9801,3916.2,81908,30.661,189.05,118.41,0.22975
9801,4755.2,82324,30.824,204.9,119.39,0.26369
9807,5059.8,82818,29.235,472.55,206.18,0.39245
9811,5865,82110,38.294,235.77,280.76,-0.087099
9814,4994.5,82608,42.887,449.4,325.92,0.15927
9818,4652.4,82453,30.872,263.08,148.6,0.2781
9822,4864.3,82342,34.332,588.83,355.41,0.2472
9824,4825.6,82494,23.936,264.65,171.93,0.21238
9825,4938.3,81872,31.812,309.39,195.12,0.2265
9830,4707.6,82147,37.127,374.59,111,0.54283
9835,5801.1,82110,37.307,254.58,256.74,-0.0042338
9841,3771.8,82046,34.299,382.16,250.34,0.20841
9853,4986,83185,22.447,371.21,131.52,0.47678
9857,4996.3,83018,24.936,589.04,315.49,0.30242
9861,4832.8,83042,33.697,567.88,186.43,0.5057
9865,4530.7,82161,32.769,509.18,308.26,0.24579
9865,5251,83004,31.081,153.26,159.33,-0.01939
9869,3952.9,82693,41.063,222.13,250.63,-0.06028
9877,5765.5,82157,27.125,528.48,542.02,-0.012642
9880,4839.3,82446,35.416,366.23,169.78,0.36651
9882,4725.3,82129,27.431,527.34,425.86,0.10646
9883,4972.7,81993,32.122,291.9,184.16,0.22632
9903,4295.1,82039,31.459,286.24,155.52,0.2959
9906,3626.1,83186,33.561,414.42,266.37,0.21746
9906,4019,81796,39.131,249.83,104.15,0.41156
9909,3861.6,82729,26.588,548.5,180.85,0.50408
9912,5834.8,82114,37.171,469.06,305.37,0.21136
9913,5798.2,82100,29.133,384.22,243.79,0.22361
9916,5533.4,82740,29.559,343.8,168.78,0.34146
9918,3739.1,82339,34.871,501.4,678.31,-0.14996
9923,4883.1,82142,39.906,114.79,121.86,-0.029856
9928,5732.6,82749,33.263,184.13,175.9,0.022861
9936,3688.4,82377,31.561,229.3,196.55,0.076899
9946,5034.9,83720,36.628,160.6,101.16,0.22711
9954,4801.8,82115,36.004,327.87,217.46,0.20246
9954,5712.1,82107,31.146,291.71,180.93,0.23438
9963,4802.6,82308,34.523,512.22,425.96,0.091942
9974,5695.9,84497,37.969,340.69,183.14,0.30077
9976,4017.9,82784,34.785,379.96,343.49,0.050408
9977,5743.6,82050,39.754,583.42,335.34,0.27002
9983,5660.3,82315,34.131,247.79,296.47,-0.089433
9987,3610.4,83189,31.852,130.42,138.1,-0.028592
9989,4847,82325,23.961,332.08,201.57,0.24456
9989,5887.4,82068,31.72,236.28,218.31,0.039521
9993,3829.3,82923,39.285,275.74,250.2,0.04856
9993,4904.8,82498,25.971,430.68,287.48,0.1994
9997,3989.3,82817,36.441,219.96,187.82,0.0788
10000,3787,81884,34.124,357.19,314.32,0.06384
