"frame","x [nm]","y [nm]","precision [nm]","green photons","red photons","GP"
403,9948.4,61527,33.748,677.4,285.57,0.40691
403,10463,63376,27.669,225.63,203.67,0.051163
404,11032,63324,28.865,511.35,137.93,0.57512
405,10924,63090,24.249,370.82,128.35,0.48576
407,9507.4,61762,31.464,393.53,299.2,0.13617
408,9630.3,61410,33.002,368.51,197.87,0.30128
408,10139,63042,36.721,366.87,132.3,0.46991
409,9912,64235,31.181,405.54,371.06,0.0444
410,9832.5,61582,23.351,957.25,424.76,0.3853
410,10287,63452,33.744,286.92,109.22,0.44859
410,11301,61761,32.777,618.66,469.79,0.13677
411,9958.6,61669,27.824,924.04,497.9,0.29969
411,10315,61455,32.446,940.89,676.74,0.16329
411,11432,61703,24.73,509.59,508.34,0.0012288
412,11137,64062,29.524,403.26,273.83,0.19115
413,10250,64053,30.31,535.91,494.49,0.040196
413,10502,61858,26.645,568.57,148.78,0.58519
414,10404,63910,30.338,901.44,677.62,0.14174
415,9758,63995,33.431,263.75,345.09,-0.1336
415,10977,63770,24.466,259.8,221.23,0.08019
416,10539,61625,34.666,664.49,278.67,0.40907
416,10930,63836,34.559,309.38,122.25,0.43354
417,9697.2,62405,36.618,377.09,135.22,0.47211
417,10934,63814,34.164,403.43,155.51,0.44354
417,10927,62065,25.757,273.06,248.21,0.047674
418,9568,62964,34.53,234.93,233.21,0.0036671
419,8985.3,63646,34.174,128.83,146.62,-0.064553
419,9709.1,62849,26.124,399.51,362.05,0.049187
421,11138,63085,35.959,251.83,166.98,0.20259
421,11614,61826,30.663,345.63,255.58,0.14978
422,10938,63152,34.181,512.89,370.26,0.16149
423,11029,63220,25.684,878.41,507.55,0.26758
424,10855,63047,25.281,984.78,707.17,0.16408
427,11007,62415,28.08,404.58,169.88,0.40856
429,10635,62478,34.217,274.49,162.32,0.25679
430,9031.4,61404,23.313,430.95,229.38,0.30525
430,10624,63693,25.481,254.91,170.51,0.19838
431,10829,61673,31.097,515.86,289.59,0.28091
432,10505,63474,30.636,460.08,341.43,0.14804
432,10785,61727,37.915,587.26,657.01,-0.056056
434,9368.2,61578,31,344.74,104.96,0.53321
437,11158,62584,31.778,299.59,192.93,0.21657
439,10366,62424,33.084,432.14,292.59,0.19255
443,10436,63219,31.126,378.51,209.36,0.28773
443,10641,61810,20.448,417.18,297.24,0.16788
444,10998,62312,15.225,660.24,248.04,0.45383
445,10692,63718,24.686,388.53,162.14,0.41111
445,10894,62880,36.129,1199.1,1245.2,-0.018827
445,11080,62397,18.887,530.83,290.77,0.29218
446,9060.1,61953,29.369,813.36,479.62,0.25812
446,11120,62472,18.367,720.88,431.53,0.25108
447,9045.7,61902,32.029,453.85,277.65,0.24088
447,11054,62487,17.875,864.32,335.64,0.44058
448,9295.6,61903,31.56,303.18,365.26,-0.092872
448,11096,62013,25.143,738.58,419.57,0.27545
448,11116,62406,16.906,855.72,230.89,0.57502
451,10027,63213,29.01,435.95,435.77,0.00021019
451,10803,61997,37.294,342.56,244.34,0.16735
452,10946,61713,34.148,974.01,487.09,0.33325
452,11093,63766,25.886,456.92,222.56,0.34492
453,10587,62067,33.69,337.18,184.7,0.29218
453,11620,64085,34.035,358.08,242.68,0.19209
454,10859,61991,36.178,455.4,212.33,0.36402
456,9225.2,62517,29.795,465.95,287.36,0.23706
456,11118,62283,25.012,332.48,112.51,0.49432
459,10913,61602,32.291,355.01,372.19,-0.023616
459,10991,63314,29.888,263.62,164.67,0.23103
460,10958,61424,27.618,410.57,227.93,0.28605
461,10805,63690,16.11,958.97,707.21,0.1511
461,11053,62249,19.591,340.57,151.51,0.38422
462,9285.9,62899,27.712,352.43,292.95,0.092169
463,9414.6,63815,25.796,602.47,319.85,0.30642
464,9861,62921,27.758,212.75,104.57,0.34091
465,8816.6,62190,37.483,127.89,169.53,-0.14
466,9790.9,63074,27.178,756.63,292.22,0.44278
466,10604,63830,30.977,258.13,132.14,0.32282
468,9630.7,62942,24.568,1078.2,581.02,0.29965
468,10343,63602,36.416,617.99,339.06,0.29145
468,10515,62622,33.814,253.44,135.76,0.30239
469,9621.8,62976,18.314,945.83,475.1,0.33128
469,10368,63189,30.391,1043.9,651.23,0.23164
470,9638,62107,28.39,816.9,527.29,0.21545
471,9692.4,62818,21.144,445.3,253.81,0.27391
471,11449,62293,32.603,393.69,275.87,0.17596
472,9258.8,61404,35.995,438.08,327.19,0.1449
472,9657.7,62812,13.724,677.84,252.41,0.45733
472,10180,63795,35.255,827.32,398.8,0.3495
473,8988.3,61496,16.925,1035.6,601.17,0.2654
473,8979.8,62914,28.761,645.19,500.85,0.12595
473,9652.2,62871,14.549,475.3,212.42,0.38226
474,9504.6,64036,31.599,200.35,130.9,0.20967
474,10546,62498,25.975,380.21,208.29,0.29213
474,11498,61879,28.656,309.08,285.56,0.039548
475,9766.2,61544,27.55,450.38,207.79,0.36857
475,10710,62246,27.212,1022.4,509.15,0.3351
476,8949.5,63857,20.947,476.35,193.07,0.42317
476,9814.2,61725,25.512,494.35,140.38,0.55767
476,11395,63524,35.962,442.05,246.97,0.28313
477,10322,61852,33.503,518.82,309.13,0.25327
479,11479,62673,32.183,758.01,722.83,0.023759
480,9664.8,63822,30.514,317.61,249.78,0.11953
480,10395,63528,36.636,400.21,252.26,0.22675
481,8745.4,61947,31.105,780.85,391.93,0.33162
481,10235,61661,29.92,239.74,233.73,0.012703
482,9244.6,62527,22.1,504.18,163.69,0.50983
482,9848.8,63778,35.064,226.89,104.44,0.36958
482,11123,61929,27.967,422.1,224.97,0.30464
483,11294,63770,37.898,301,278.2,0.039365
484,9365.7,63887,25.378,309.68,164.52,0.30613
485,8878.6,61667,29.78,988.27,322.46,0.50797
485,9935.1,61700,29.807,418.25,347.43,0.09249
485,10492,62505,33.852,186.36,177.94,0.023104
486,9708,61620,34.479,564.59,238.11,0.40673
487,10064,62786,28.35,211.04,213.84,-0.006587
488,9000.8,61997,32.281,244.47,187.79,0.13113
488,9648,62952,24.015,715.79,561,0.12124
488,10335,61545,36.619,258.29,103.56,0.42758
489,8900.8,61662,34.148,560.97,355.52,0.22416
490,10524,63838,21.215,348.44,220.51,0.22485
492,10263,63059,27.473,142.83,100.26,0.1751
493,8774.5,61837,36.967,366.18,327.5,0.055766
494,8879.3,61967,35.543,410.47,469.17,-0.066729
495,9182.5,63305,26.382,669.39,434.23,0.21308
496,8901.2,64347,35.332,287.89,184.01,0.22014
496,9064.2,63297,34.979,694.62,412.74,0.25455
500,10278,63074,36.102,228.12,263.84,-0.072599
501,10985,62052,21.839,383.18,204.65,0.30372
502,10979,62120,15.111,1069.5,356.62,0.49988
503,10094,63138,32.69,322.19,160.79,0.33417
503,10599,63425,30.121,686.54,582.7,0.081813
503,10873,63204,29.551,842.63,683.72,0.10411
504,9352,61997,22.511,245.8,116.97,0.35514
504,10389,63280,43.614,590.02,214.39,0.46697
504,11178,63827,27.666,214.01,173.35,0.10498
504,11476,62613,19.662,668.4,234.29,0.48091
506,11134,63706,29.835,494.05,218.95,0.38583
507,9858.6,62011,34.546,208.44,212.79,-0.010339
509,10259,63170,24.89,313.44,185.72,0.25586
509,11009,63812,31.674,389.39,350.02,0.053239
510,10397,63159,18.238,994.53,684.62,0.18456
510,11162,63721,22.537,374.7,258.61,0.18331
510,11537,62620,20.397,575.99,293.52,0.32485
511,10428,63373,29.527,618.8,621.24,-0.0019639
511,10631,61633,16.004,532.9,298.25,0.28231
511,11155,63663,17.114,365.89,224.53,0.23941
511,11447,62700,27.207,372.7,217.37,0.26324
512,11274,63668,32.911,613.25,374.61,0.24157
513,10158,62068,27.009,572.13,327.77,0.27155
513,11388,63807,28.459,576.13,351.4,0.24229
514,10494,63370,25.492,210.68,129.83,0.23744
515,9564.8,63048,27.821,584.96,359.67,0.2385
515,10161,62957,33.629,288.72,226.11,0.12161
516,9501.7,64134,24.725,253.39,125.03,0.33919
516,9730.6,62788,34.205,384.34,116.98,0.53332
519,9784,63255,32.339,284.28,210.06,0.15015
519,10108,62104,31.929,265.54,106.66,0.42687
519,11025,64220,26.307,387.98,120.4,0.52634
520,8980.6,61922,28.487,922.11,538.28,0.26283
521,9201,61849,31.445,284.25,243.03,0.078182
523,11147,62230,31.556,338.1,251.44,0.147
526,10342,61547,24.016,647.36,414.26,0.21957
527,9527.1,61873,36.344,361.17,176.04,0.34461
529,10013,61907,26.989,761.37,561.98,0.15067
530,9976.1,61899,31.69,446.69,351.69,0.11899
531,10528,62307,30.526,510.09,406.81,0.11263
532,9851,61697,36.41,435.31,295.48,0.19134
535,9671.2,62848,21.462,412.3,272.4,0.20432
536,10940,62247,24.759,531.01,312.6,0.2589
537,9841.7,62678,32.723,239.66,127.23,0.30642
538,9647.4,63992,33.286,429.02,164.32,0.44611
538,9910.7,62035,28.167,238.24,127.85,0.30153
538,10742,64073,32.629,395.87,261.15,0.20505
538,11111,61540,35,192.38,201.21,-0.02245
540,9221.1,63221,26.447,795.66,250.19,0.52156
540,11371,63526,35.943,214.12,106.93,0.33386
542,10906,62248,30.059,439.59,319.3,0.15851
543,9473.8,63477,26.977,497.05,121.07,0.60826
544,9379.8,63517,35.344,278.24,301.16,-0.03956
544,11319,62256,28.032,662.15,396.46,0.25098
544,11663,63853,33.952,727.28,458.04,0.22714
545,11341,63735,34.505,382.49,369.18,0.017712
546,9717,62870,21.095,426.45,154.81,0.46732
546,11129,63671,21.24,315.52,202.98,0.21704
547,11084,63779,24.989,400.8,332.18,0.093616
547,11253,62488,36.239,700.34,883.94,-0.11589
548,10398,61716,22.93,1091.3,387.68,0.47577
548,11063,63673,11.354,616.59,408.74,0.20272
549,10415,61873,19.33,2282.7,644.47,0.55966
549,10581,61880,26.151,2181.6,730.86,0.49811
549,11106,63712,16.076,674,405.62,0.24859
549,11659,62468,19.977,848.73,401.83,0.35735
550,11100,63751,21.14,557.88,421.68,0.13905
551,11155,63631,33.329,324.5,240.72,0.14824
553,9027.4,61451,33.96,256.86,327.23,-0.12046
553,11330,63943,33.033,431.72,482.12,-0.055149
554,9640.1,62881,13.499,439.76,201.92,0.37066
554,10377,61476,29.61,545.19,137.41,0.59739
555,9657.3,62847,15.381,444.26,247.42,0.28458
556,9719,62753,23.607,339.98,140.36,0.41558
557,8761,61548,31.038,657.51,526.34,0.1108
557,10819,62550,32.523,209.05,143.47,0.18603
558,10716,61537,38.232,393.43,315.19,0.11041
559,8708.1,61915,24.332,595.93,329.68,0.28765
560,8944.2,63492,35.427,382.33,223.74,0.26166
560,9780,63023,34.669,308.48,247.46,0.10976
562,8878.6,62381,18.999,369.94,185.46,0.33216
562,10680,61701,22.999,447.75,279.5,0.23136
565,9686.9,62762,14.723,835.77,506.81,0.24502
566,9673.9,62795,21.975,670.89,421.25,0.22858
567,9649.8,61788,30.174,561.4,457.11,0.1024
567,9722.1,62779,15.23,595.01,402.38,0.19313
567,10399,61404,29.053,385.98,222.07,0.26956
568,8782.4,61559,25.004,607.39,365.42,0.24874
568,8937.3,63161,25.676,216.94,119.23,0.29066
568,9538.9,61732,20.892,596.71,221.5,0.45857
568,11288,63160,30.318,735.63,464.32,0.2261
569,11512,62712,39.203,545.76,688.58,-0.11571
570,10438,63419,25.955,483.2,257.08,0.30545
574,9723.7,63138,30.999,141.87,131.78,0.036896
575,9666.8,62817,17.784,404.47,296.39,0.15421
576,9684.8,62879,19.68,324.66,283.87,0.067022
577,9053.4,61442,26.571,622.14,342.01,0.29054
577,9727,62618,25.709,243.21,121.36,0.33423
578,8790.4,62965,34.898,195.34,287.75,-0.19127
578,10588,61952,24.761,348.14,198.98,0.27262
579,8965.2,61561,32.06,281,242.65,0.073237
579,8966.9,63018,35.903,229.44,106.57,0.36565
579,10127,64252,25.968,421.58,138.66,0.505
579,10576,62081,26.656,899.71,627.7,0.17809
580,10439,62098,26.718,382.25,155.98,0.4204
581,8885.2,62129,26.582,747.13,258.25,0.48626
581,8856,63873,22.789,901.53,146.55,0.72035
583,9751.6,62813,16.7,296.38,143.72,0.34688
583,10617,62790,24.142,251.16,181.48,0.16105
584,9718.4,62772,17.337,398.74,280.2,0.17459
584,11045,63853,34.442,254.45,197.45,0.12614
585,9685.1,62800,13.001,357.67,343.21,0.020643
585,10385,63564,28.011,610.13,436.88,0.16546
587,8741.2,64138,31.398,255.5,201.11,0.11913
587,9655.9,62782,26.254,190.43,146.97,0.12881
587,10983,63636,17.001,786.18,494.33,0.22792
587,11382,64168,32.06,304.31,163.79,0.30019
588,9348.6,63201,35.329,245.62,128.76,0.31215
588,10808,63695,12.063,943.11,628.88,0.1999
589,10815,63732,11.811,1008.1,809.75,0.10913
590,10919,63749,18.718,502.3,313.19,0.23189
591,8824.2,63371,28.012,252.5,176.59,0.1769
592,10349,61409,30.726,614.37,483.86,0.11884
592,10713,63782,30.478,489.1,426.33,0.068561
593,10806,63716,20.449,764.05,415.99,0.29496
596,9257.5,63310,29.69,362.2,786.02,-0.36911
596,10998,63655,28.6,402.2,371.34,0.0399
597,11066,63653,30.188,346.34,302.57,0.067456
598,9223.1,63421,28.573,268.9,334.66,-0.10896
599,9077.8,61680,36.016,230.89,109.28,0.3575
599,9143,63497,23.881,725.85,759.18,-0.022449
599,10417,63906,30.35,398.36,266.45,0.19842
600,9831.9,62584,35.513,420.8,164.26,0.43848
600,10111,63048,31.473,204.8,230.11,-0.058187
600,10533,63830,27.176,449.25,151.65,0.49527
601,8987.6,62937,31.803,262.12,372.67,-0.17416
603,10691,63717,19.942,620.65,431.48,0.17979
605,10664,62848,38.127,271.41,173.59,0.21983
608,10856,64370,34.822,303.41,200.05,0.20531
609,9783,64157,29.611,316.32,206.66,0.2097
609,10431,62601,24.665,287.54,142.71,0.33662
610,9759.6,63999,38.4,359.34,129.45,0.47031
611,10937,63449,30.243,307.33,257.54,0.088143
612,9615,63873,35.07,617.01,574.56,0.03562
612,10535,63924,28.613,283.06,166.91,0.25812
614,8888.8,63297,33.978,565.82,100.18,0.69915
614,10217,61805,22.855,970.45,573.64,0.25699
615,10311,61971,23.613,913.45,560.16,0.23974
615,11070,63119,24.403,212.97,161.45,0.1376
616,9774,63013,26.852,477.82,319.87,0.198
616,10483,61710,21.127,1401.9,969.63,0.18228
616,10824,62378,29.788,675.47,519.93,0.13012
617,9214.3,62461,27.468,410.27,228.83,0.28391
617,9731.3,62836,18.049,435.08,343.73,0.1173
617,11501,62578,22.258,386.88,110.63,0.55527
618,10979,62167,30.094,625.08,289.8,0.36648
619,9685.6,62341,19.283,541.76,217.81,0.4265
619,11065,61481,32.301,304.35,309.22,-0.0079455
619,11315,63951,32.579,315.95,298.36,0.028632
621,8861.2,62260,32.05,209.31,171.53,0.099206
621,9895.2,63688,34.567,254.94,144.06,0.2779
623,9786.8,63764,32.356,206.1,149.08,0.16052
623,10981,62805,27.415,376.57,228.63,0.24445
625,11520,62712,25.236,222.24,256.1,-0.070781
628,9640.2,62772,18.993,447.96,194.68,0.39414
628,9666.3,64360,29.754,416.09,132.15,0.51792
628,10992,62348,21.545,397.34,290.01,0.15615
628,11531,63521,29.947,328.21,196.58,0.25083
629,8715.5,63875,33.71,364.05,285.16,0.12152
629,9801.5,64305,22.201,1270.3,646.29,0.3256
630,10844,61766,31.332,658.61,275.7,0.40983
630,11019,62671,32.345,413.45,345.97,0.088846
632,10989,62287,20.882,445.64,187.7,0.40727
633,8749.5,63162,32.753,309.12,217.65,0.17366
633,9640.1,63172,24.821,518.08,268.75,0.31689
633,10980,62517,22.996,686.98,178.98,0.58664
634,9633.8,62882,19.885,491.88,292.17,0.25471
634,10887,62353,18.732,738.44,284.47,0.4438
635,9600.4,62776,13.208,421.08,413.96,0.0085334
636,8906.5,61411,34.258,579.5,335.93,0.26607
636,10630,61616,19.731,356.32,200.75,0.27927
636,11024,62273,24.066,728.83,461.03,0.22507
638,9749.2,62800,17.175,435.06,343.39,0.11776
639,9013.2,62434,30.729,542.52,404.81,0.14536
640,8824.8,62029,27.452,445.1,451.43,-0.0070642
642,9981.2,63128,33.853,569.16,274.1,0.34991
644,8707.9,62194,34.505,291.89,213.59,0.1549
644,10634,63336,29.975,254.33,265.99,-0.022409
648,11610,61908,33.384,342.05,147.61,0.3971
649,10641,63843,36.3,288.98,289.98,-0.0017242
649,11252,62617,30.339,274.63,169.6,0.23644
651,8896.4,63697,26.022,369.16,221.42,0.25016
651,11585,61855,40.375,374.36,217.87,0.26425
652,11385,63374,28.33,159.51,141.09,0.061276
653,9433.4,62012,29.522,482.3,267.21,0.28698
653,10368,62940,37.533,426.87,391.49,0.043233
653,10488,62237,34.385,684.1,383.48,0.28159
654,9342.7,61930,28.675,381.79,175.05,0.37128
654,9783.4,62714,26.88,295.21,153.91,0.3146
654,9863.8,63314,30.556,799.73,232.19,0.54998
654,10383,63337,28.432,1166.4,578.43,0.33697
656,10665,63646,23.797,359.89,107.09,0.54135
657,8994.9,62724,34.458,415.15,155.11,0.456
658,9080.5,62685,24.464,558.97,243.42,0.39326
659,11329,63702,28.041,188.3,150.12,0.11283
660,9125.3,62570,35.384,307.04,189.12,0.23767
660,9550.7,63984,30.868,274.57,215.1,0.12144
661,9853,62043,26.943,511.11,510.66,0.00044846
661,11050,62231,20.601,458.76,303.9,0.20305
662,9797.7,61987,38.427,331.83,187.82,0.27712
662,11015,62231,20.333,544.08,362.89,0.19977
663,11561,62555,34.383,282.31,183.68,0.21166
667,10443,63110,21.319,754.94,407.73,0.29863
668,11017,62167,29.097,818.52,222.06,0.5732
669,11036,62253,21.267,601.73,264.69,0.389
671,8716.7,62754,29.36,403.04,182.17,0.37742
671,9797.3,64107,31.282,355.49,160.98,0.37661
671,11165,62968,31.215,807.53,302.94,0.45439
672,10185,63289,33.155,300.51,159.32,0.30704
673,10244,61929,21.296,801.83,201.87,0.59774
673,10771,63889,25.637,380.09,253.51,0.19978
674,10327,62419,31.045,470.68,400.76,0.080235
674,10462,61747,30.821,302.6,118.89,0.43588
675,10279,61617,33.791,249.34,244.92,0.0089348
675,10181,62510,30.631,195.78,147.15,0.14183
675,10631,63646,29.345,486.09,574.14,-0.083049
676,10659,63684,32.276,190.93,132.94,0.17908
677,10483,61575,14.149,681.71,429.82,0.22662
678,9155.9,62908,32.616,371.98,271.92,0.15539
678,10722,64251,14.98,1478.9,713.88,0.34888
679,10726,64358,23.746,959.28,710.89,0.14872
680,10787,63779,22.647,383.89,218.98,0.27355
684,10654,63670,25.48,248.38,148.35,0.25213
686,10469,61660,30.286,332.74,342.87,-0.014995
687,8975.7,61789,34.399,211.21,185.67,0.064372
687,10159,62104,25.062,422.74,235.75,0.28396
687,10585,61687,29.651,243.66,199.25,0.10028
688,10097,62146,31.874,281.29,159.46,0.27641
688,10751,61844,22.576,366.83,317.45,0.072164
689,10779,63718,26.238,316.74,259.96,0.098463
690,8915.8,63427,34.108,655.56,331.42,0.32842
690,8906.8,62568,28.634,578.76,160.97,0.56479
691,9167.9,62478,30.311,835.01,834.37,0.00037991
691,9844.7,63799,42.342,575.77,508.74,0.061815
691,10359,61595,19.039,286.79,171.81,0.25073
692,9752.5,61471,18.085,837.61,418.06,0.33412
693,9686.4,61419,31.184,443.55,228.07,0.32083
694,9295.6,64011,34.63,478.09,276.88,0.26652
696,11183,62989,29.193,360.44,324.58,0.052346
697,11080,62977,23.754,771.21,417.3,0.29778
699,10941,62874,26.408,640.52,354.17,0.28788
701,9004.7,62590,24.964,768.42,354.72,0.36834
701,10202,61556,21.279,692.58,410.34,0.2559
701,11064,62906,26.495,633.5,141.22,0.63543
702,8953.4,62716,27.184,547.83,331.4,0.24615
702,11596,63640,27.203,241.02,103.21,0.40035
703,11432,63545,26.556,275.46,190.12,0.1833
704,9116.9,62910,28.734,229.44,129.78,0.27743
706,9203.2,63964,34.038,169.47,203.99,-0.092444
706,10154,61819,27.105,710.66,539.56,0.13686
706,10635,63056,30.845,526.07,357.08,0.19136
706,10657,62932,30.83,740.16,475.15,0.21806
706,10824,63724,27.021,401.85,277.33,0.18335
707,10041,62061,31.874,427.24,163.93,0.4454
707,11228,62379,34.637,675.93,373.87,0.28773
708,9936.5,61909,33.046,317.47,195.76,0.23714
708,10966,61999,34.051,361.38,307.77,0.080102
708,11084,63139,33.441,366.03,372.64,-0.0089465
709,9095.5,64143,29.182,302.64,202.85,0.19741
709,9455.1,63713,26.862,923.87,618.16,0.19825
709,10871,62142,32.226,295.39,208.9,0.1715
710,10248,61587,31.91,417.74,441.85,-0.028046
710,11195,63120,28.42,341.7,116.58,0.49124
711,8757.5,62441,27.311,224.7,122.02,0.29616
711,11119,63647,34.191,253.25,209.83,0.093751
711,11187,62038,27.508,398.56,233.83,0.26048
712,10853,61963,23.581,480.97,161.25,0.49783
713,9737.5,62150,37.133,283.52,260.82,0.041689
713,10364,61635,35.821,601.74,324.76,0.29896
714,10302,62857,32.822,381.34,327.97,0.075237
714,10428,63346,29.139,279.15,207.57,0.14708
714,10923,62110,19.173,308.45,150.96,0.34281
714,10846,63843,38.219,322.25,108.72,0.49546
715,11464,62505,24.29,824.67,734.95,0.057525
716,10034,62176,34.514,341.71,308.64,0.050839
716,10422,63260,29.742,377.17,184.64,0.34269
716,10995,61869,35.018,402.39,137.41,0.4909
717,9275,61558,21.643,430.67,277.59,0.21613
718,9551.2,61722,32.827,308.3,148.69,0.34927
719,9419.1,63252,32.297,189.66,172.32,0.047888
719,10563,62382,39.12,243.91,226.54,0.03691
721,9541.4,62235,21.733,712.66,482.07,0.19301
722,9608.4,62206,28.192,575.81,280.76,0.34445
722,10555,61576,21.34,318.01,208.68,0.20759
724,9514.4,62226,31.899,374.69,238,0.22309
724,10269,63883,32.657,182.58,130.49,0.16639
726,9721.4,63182,34.05,237.34,169.06,0.168
726,11119,62862,29.425,316.76,188.55,0.25371
729,11235,62348,20.122,452.6,367.11,0.10429
730,8729.2,63604,33.638,188.91,120.11,0.22265
730,11314,62860,27.649,506.14,289.08,0.27295
731,10090,62298,34.842,205.79,108.79,0.30834
731,11452,62567,35.732,289.54,128.68,0.38463
732,9189.8,61897,20.108,753.63,414.89,0.28988
732,10083,62146,28.989,529.79,206.09,0.43987
732,10963,63751,19.706,1050.9,498.73,0.35632
733,9233.9,61858,21.439,576.31,318.03,0.2888
733,10390,63430,28.285,267.98,158.98,0.25529
733,11111,63715,34.799,217.46,181.55,0.090007
734,9422.5,63458,35.52,321.9,188.48,0.2614
737,10930,63590,31.312,399.08,166.08,0.41228
738,11047,61996,31.576,237.57,175.16,0.15122
739,9798.7,62573,39.521,293.34,290.85,0.0042638
739,10506,63919,35.895,420.4,305.59,0.15815
740,9590.7,62864,28.044,823.46,521.44,0.22457
741,9644,62842,16.351,690.11,555.09,0.10843
741,9823.4,64236,30.079,952.58,593.04,0.23262
742,9561.2,62793,17.403,893.36,543.79,0.24323
742,10445,62801,28.938,446.14,269.88,0.24617
743,9594,62801,19.214,625.92,702.28,-0.057492
744,9656.3,62865,17.034,496.08,547.54,-0.049304
745,9656.7,62803,13.011,663.69,443.61,0.19875
746,9637.4,62938,15.336,1016.6,627.44,0.23672
746,11272,62082,31.567,356.15,276.11,0.1266
747,9290.9,63061,27.024,600.58,489.68,0.10172
747,9625.9,63905,33.246,411.11,232.57,0.27737
747,9868.9,63042,34.684,227,115.47,0.32568
747,10408,61477,29.211,209.01,114.28,0.293
747,11520,62223,20.008,579.29,714.78,-0.1047
748,8981.8,62994,26.187,397.72,187.21,0.35988
748,9383.9,63835,29.763,421.68,265.75,0.22683
748,9486.4,63800,31.706,581.38,384.21,0.20419
748,9911.9,62557,24.153,414.22,169.41,0.41946
748,10516,61477,18.527,439.84,208,0.35787
748,11455,62193,27.555,335.89,398.99,-0.085868
749,9343.3,63556,30.754,350.81,238.57,0.19042
751,8702.4,62098,27.676,999.55,607.6,0.24388
753,9117.1,61547,33.446,867.58,307.75,0.47631
753,9259,62664,30.046,354.12,132.79,0.45456
755,11344,61638,35.946,417.98,110.95,0.58048
756,10520,61562,24.558,333.7,351.88,-0.026521
757,8694.6,61740,32.781,385.53,182.34,0.35782
757,10688,63894,36.188,631.14,418.83,0.2022
757,11080,62514,36.529,947.13,323.05,0.49133
758,10788,61630,33.658,368.1,217.72,0.2567
759,10944,62326,28.198,259.13,107.63,0.4131
759,11594,63818,37.067,337.55,184.75,0.29257
760,10918,61687,28.19,540.8,252.83,0.36285
762,10802,62172,33.148,553.21,261.61,0.35787
763,9427.6,61452,29.23,404.61,268.25,0.20266
763,10935,62303,18.242,502.94,247.71,0.34002
763,11567,62547,29.169,316.96,228.71,0.16172
764,11522,62626,14.067,910.74,433.07,0.35546
765,11340,62476,20.536,1113.4,626.13,0.28012
767,10997,62352,27.41,893.63,628.8,0.17395
769,11420,63055,38.792,312.27,168.28,0.29964
769,11545,63984,33.816,639.81,520.24,0.10307
770,11340,63186,34.734,424.17,295.51,0.17878
772,10393,63384,36.451,205.95,117.9,0.27187
772,10867,62309,31.259,276.45,221.88,0.10951
774,9798.5,62840,22.413,1901.8,1428.1,0.14223
775,8717.7,61908,33.867,355.6,281.15,0.11693
775,9648.8,61484,36.208,465.04,225.37,0.34715
775,9784.8,62882,25.58,988.18,704.86,0.16734
775,9767,61487,34.355,478.71,168.88,0.47844
776,9662.6,63947,16.677,932.92,749.34,0.10913
777,8750.6,62916,32.289,335.31,213.85,0.22119
777,9571.9,64010,32.003,619.58,800.45,-0.12737
778,8941.2,62538,31.559,406.93,290.01,0.16775
780,11110,62256,34.657,161.54,112.78,0.17774
782,9447,61505,21.645,814.32,279.29,0.48924
783,9481.9,61702,28.568,422.29,215.68,0.32385
784,9520,63356,30.002,344.2,216.71,0.2273
784,11399,63994,27.666,279.91,218.4,0.12345
788,9513.5,62438,28.086,378.09,346.79,0.043181
789,10987,62267,27.886,838.11,436.32,0.31527
790,10060,62334,21.198,674.23,366.58,0.29558
791,10422,62365,16.126,1019.1,525.51,0.31954
793,9818.4,62691,34.553,291.39,280.28,0.01944
794,9129.8,61466,29.08,323.69,158.96,0.34132
795,8971.4,63039,24.765,350.62,166.89,0.35503
796,10308,62066,35.181,486.25,230.4,0.35702
798,9671,62548,29.727,536.46,433.06,0.10664
799,9617.1,62800,11.901,794.62,452.45,0.27438
799,11142,62270,31.317,248.07,181.43,0.15515
800,9572.6,62796,14.164,462.15,257.37,0.28461
800,10394,62347,34.372,358.27,141.33,0.43424
801,9701.6,62756,16.43,926.71,424.49,0.37168
801,10660,61856,39.251,478.78,380.09,0.1149
803,9624.5,62828,27.019,293.92,214.18,0.15694
803,10343,62783,27.819,205.55,181.56,0.061991
804,9583.4,62077,33.376,317.18,190.45,0.24965
805,8910.3,62672,26.567,181.12,211.16,-0.076593
805,9655.8,61887,33.559,562.26,427.82,0.13579
805,10634,61624,23.684,580.88,154.06,0.58076
806,8842.1,62622,16.882,330.06,292.76,0.059889
806,10595,61506,18.793,739.66,554.02,0.14349
806,10913,63066,19.035,419.63,429.9,-0.012092
806,11400,64269,27.992,781.32,686.16,0.064852
807,8768.6,62635,29.959,168.89,116.4,0.18397
807,11045,62990,28.858,930.7,608.34,0.20946
809,9897.7,62568,28.945,362.45,148.07,0.41993
809,10010,61775,29.099,260.68,134.42,0.31958
811,9839.3,61591,33.858,312,110.22,0.47792
811,9851.8,62420,22.691,391.16,217.08,0.2862
812,10246,64242,23.1,543.22,195.62,0.47046
812,11052,61769,42.017,598.35,258.77,0.39619
813,11002,61642,30.606,151.38,115.72,0.13351
816,9835.3,64249,38.472,426.2,369.21,0.071642
817,9804.6,64086,36.867,666.03,627.43,0.029838
817,10812,64264,23.123,749.11,502.98,0.19658
818,9777.8,63912,33.128,674.96,498.01,0.15086
818,10274,62330,28.244,351.74,157.97,0.38015
818,10697,63614,27.473,471.7,313.91,0.20084
820,8721,64094,27.893,800.14,512.32,0.2193
820,8804.1,62882,37.569,303.62,317.89,-0.022966
820,9674.2,62738,24.436,336.57,131.94,0.43676
820,10171,64211,32.293,891.23,703.36,0.11782
821,9341.8,64180,28.372,432.54,458.87,-0.029535
823,9640.5,62794,22.81,619.74,393.29,0.22354
824,9589.3,62888,29.573,629.92,597.34,0.026546
824,10156,61917,31.064,679.59,297.01,0.39175
824,10621,62167,32.775,773.45,512.06,0.20334
825,10590,61685,27.969,1008.7,556.66,0.28879
826,9715.1,62617,32.048,370.97,204.11,0.29014
826,9792.6,61869,35.132,470.17,226.49,0.34978
826,10670,61740,27.666,380.01,361.42,0.025067
827,9680.5,61775,32.275,469.77,286,0.24315
828,9998,63166,28.504,376.43,284.11,0.13976
828,10509,62242,35.535,516.91,380.3,0.15226
829,9839.4,61601,28.187,279.21,212.92,0.13469
832,9656.8,64017,34.487,290.13,374.58,-0.12704
833,8690.1,63202,39.306,393.89,241.2,0.24042
834,9203.6,61670,41.705,502.76,326.54,0.21249
834,10844,63822,22.335,628.4,483.68,0.13013
835,8921.5,61409,22.246,756.62,445.73,0.25857
835,9677.6,62818,18.79,468.77,312.29,0.20034
836,9169.3,64217,29.118,219.13,148.82,0.19108
837,8962.2,61422,27.102,784.02,671.73,0.077137
837,9580.2,63008,34.267,310.83,220.5,0.17001
838,9745.9,62742,35.264,160.6,116.81,0.15784
839,9669.5,62813,20.181,310.5,122.94,0.43273
839,10717,62158,20.76,658.82,530.26,0.10811
840,10547,61508,31.828,512.94,475.42,0.037961
841,10525,61427,13.617,570.16,532.73,0.033934
842,9671.3,62794,24.208,344.08,355.36,-0.016128
843,10651,61461,9.7882,1136,956.37,0.085846
844,10586,61474,14.246,928.95,451.41,0.34595
844,10591,63486,33.504,368.25,246.9,0.19727
845,9558.1,63818,17.994,416.67,177.92,0.40154
845,10879,61677,28.966,538.1,233.49,0.39478
846,10586,63090,37.159,153.05,182.93,-0.088952
846,10873,61550,29.603,542.3,418.11,0.1293
848,10820,61637,16.549,634.24,299.66,0.35826
849,10892,61556,33.653,185.76,228.96,-0.10416
850,10817,63812,28.775,519.62,288.15,0.28655
852,8767.2,61402,39.358,277.17,348.69,-0.11427
852,8712.3,62323,37.597,289.5,332.31,-0.068844
853,8946.7,62330,20.031,375.68,321.24,0.078114
856,8751.8,61518,35.282,366.15,295.97,0.10599
856,10248,61723,42.505,452.39,269.73,0.25295
858,8992.8,61655,27.231,375.79,323.56,0.074689
858,9306.3,63065,33.769,482.23,210.34,0.39258
858,10518,62097,32.204,353.04,187.48,0.30631
859,9113.4,61646,20.763,395.56,250.16,0.22517
859,9251.1,63437,36.66,812.59,721.29,0.059522
859,9394.1,63827,28.559,681.37,394.15,0.26704
859,10520,62418,34.269,350.77,388.77,-0.051394
860,8837,61775,31.14,256.47,272.56,-0.030418
862,10375,63464,22.843,301.98,262.85,0.069277
863,10502,63446,48.222,953.69,471.56,0.33828
863,11063,62810,26.048,378.97,131.6,0.48451
864,8720.1,62286,23.086,789.02,749.71,0.025544
865,10407,63413,30.879,271.47,129.53,0.35396
866,8786.6,62432,30.722,369.38,331.66,0.053812
867,10395,64226,30.239,398.32,153.69,0.44317
870,11190,63834,22.93,323.26,188.03,0.26449
871,10624,62674,28.853,267.28,205.62,0.13039
873,9644.2,64140,29.633,661.9,481.76,0.15751
873,10116,64364,27.494,723.33,459.68,0.22286
874,10173,64331,18.919,963.06,495.46,0.3206
874,11622,63208,32.909,348.73,158.93,0.37387
875,10037,63899,29.616,882.41,619.6,0.17497
875,10791,62957,27.663,452.4,384.6,0.081003
877,10098,64288,35.802,263.13,165.17,0.22871
877,11054,62681,32.304,722.91,473.32,0.20864
878,9595.4,62392,31.511,373.03,247.32,0.20265
878,11038,62357,25.915,603.78,357.22,0.25656
882,9405.6,63013,33.278,276.31,314.57,-0.064753
886,9062.7,63957,32.807,257.23,209.96,0.10118
891,9549.8,63602,38.521,647.43,419.87,0.21321
892,8682,63180,38.533,522.61,440.4,0.085363
894,8815.4,62636,17.211,363.75,240.47,0.20404
894,10231,64226,18.52,1310.2,581.36,0.38532
895,8957.9,63006,29.826,470.35,280.9,0.25218
896,8797.6,62914,34.525,416.38,206.61,0.33672
896,10854,63602,33.342,841.86,836.95,0.0029269
897,10758,63612,36.549,670.33,409.16,0.24194
900,10395,63450,25.892,402.78,301.59,0.14366
901,10910,63909,25.69,363.2,211.04,0.26499
902,11540,62638,16.354,610.92,627.29,-0.013223
903,11491,62609,17.465,572.02,336.4,0.25937
905,11508,62558,21.18,480.75,343.59,0.16638
906,11521,62497,26.943,420.67,258.43,0.23891
907,11416,62559,36.449,172.92,106.39,0.2382
909,10544,64067,30.083,627.45,655.02,-0.0215
910,9972.9,61557,29.911,356.84,250.16,0.17575
913,10072,63420,26.735,259.02,112.83,0.39314
914,9992.3,61591,31.126,880.09,520.16,0.25705
914,10197,61522,31.417,1011.3,682.29,0.19425
916,9625.6,61542,22.865,393.48,287.38,0.15584
921,9095.8,63582,34.904,670.59,267.36,0.4299
922,9420.8,62915,30.953,550.33,416.18,0.1388
923,10038,62421,28.375,396.19,141.96,0.47241
924,11300,63989,29.697,569.76,299,0.31166
925,10243,64252,34.738,533.95,205.54,0.44409
925,10877,64144,37.66,416.17,220.87,0.30658
926,9544.8,62782,25.142,351.38,251.95,0.1648
927,10643,62011,36.011,446.34,323.99,0.15883
928,9448.8,61962,20.666,599.77,243.4,0.42265
929,8807.4,63339,26.336,518.93,189.52,0.46497
929,9287.5,61728,34.358,344.9,229.16,0.20161
930,9460.6,62038,36.299,335.01,153.28,0.37217
930,9478.6,62827,26.81,305.16,222.84,0.1559
930,10698,63292,27.284,333.18,198.41,0.25351
932,9339.6,62820,29.329,383.83,217.36,0.2769
932,10137,63893,30.929,472.89,445.59,0.029715
932,10349,62059,22.418,473.3,152.21,0.51333
933,10040,63653,29.133,295.85,147.3,0.33521
933,11224,63369,27.304,398.35,183.72,0.36875
934,9206.3,62177,31.191,296.54,135.27,0.37348
934,9593.2,62817,17.028,473.81,260.99,0.28963
934,9854.7,63588,26.183,356.08,321.07,0.051707
934,10669,61809,19.553,895.81,384.16,0.39974
934,11183,63428,28.195,353.83,244.33,0.18306
935,9704.6,62889,27.204,450.82,281.64,0.23098
935,10766,63810,29.719,541.64,328.63,0.24477
936,9192,61981,32.611,387.62,365.9,0.028831
936,9882.1,63161,35.036,570.47,626.56,-0.046856
936,10720,63680,20.219,621.46,308.57,0.33643
936,11417,61831,24.388,485.52,303.79,0.23024
937,9528,61656,28.498,445.64,389.26,0.067532
937,11319,61872,38.318,627.3,387.69,0.23608
938,9456.8,61615,34.621,348.84,178.09,0.32406
938,11376,63500,32.647,486.66,111.31,0.62772
939,9365.2,61566,28.455,378.82,277.25,0.15481
939,10341,63450,27.6,493.47,336.4,0.18926
940,9251.5,61739,30.611,318.34,110,0.48638
940,10729,63687,26.611,334.67,112.34,0.49736
940,11372,62289,33.345,441.67,322.71,0.15563
941,10672,63845,28.718,629.64,468.99,0.14623
941,11409,62531,21.189,331.34,252.22,0.13558
942,9305.2,62940,30.401,250.97,187.54,0.14466
942,10691,63776,26.538,469.48,349.07,0.14711
943,8691.4,61450,25.562,330.63,240.36,0.15809
943,10180,61525,18.282,1243.4,766.08,0.23754
943,10402,62583,31.816,530.6,373.38,0.17392
943,10706,63703,24.842,384.46,324.41,0.084709
945,9039.3,63597,35.173,488.92,297.95,0.2427
951,10398,63766,27.393,325.87,304.27,0.034282
952,10854,61586,31.672,208.48,169.46,0.10325
960,10500,61796,34.382,246.17,103.32,0.40872
960,11034,62213,31.166,326.43,109.5,0.49764
961,11153,63860,27.427,561.26,117.13,0.65469
962,9721.5,61855,36.332,366.09,248.51,0.1913
962,10999,62274,23.57,822.2,336.6,0.41906
962,11407,62852,33.098,762.56,281.81,0.46032
963,10237,63486,30.472,575.03,384.84,0.19814
966,9037.7,62287,31.086,306.99,146.24,0.35469
968,8759.8,61821,26.455,368.45,158.33,0.39887
969,8964.4,62016,23.379,241.67,168.28,0.17904
970,8900.8,61979,31.313,238.1,224.58,0.029226
971,11162,61433,27.089,481.62,372.77,0.1274
972,8811.8,63852,33.163,324.79,155.89,0.35136
972,9587,62963,23.968,498.78,373.8,0.14322
974,10851,61664,23.776,417.39,344.47,0.095711
975,10363,63021,35.063,267.57,156.67,0.2614
975,10841,61836,26.111,514.13,405.01,0.11873
975,11304,63566,32.68,167.71,168.37,-0.0019741
976,8765.4,64085,29.451,373.68,303.94,0.10293
976,10184,64284,32.375,289.38,309.68,-0.033885
976,10823,61910,32.55,758.35,749.45,0.0058994
976,11083,63773,31.623,609.7,411.61,0.19396
977,10082,63509,34.773,272.47,201.04,0.15086
977,11013,63812,17.46,1087.3,760.05,0.17712
978,10773,63928,25.814,468.31,225.23,0.3505
981,9212.4,62660,27.992,413.13,345.81,0.088698
983,9288.6,62925,36.182,755.28,543.45,0.1631
983,10400,64278,26.474,962.52,611.99,0.22263
985,9629.9,62762,14.859,704.75,339.98,0.34916
986,9708.3,62662,24.664,327.6,272.43,0.091935
987,8927.5,63354,33.147,479.97,122.42,0.59355
987,9671,62751,23.622,346.52,152.74,0.38813
990,9819.2,62386,35.447,298.05,202.49,0.19091
990,10299,62680,28.453,482.84,298.52,0.2359
991,9779,64229,26.584,418.77,228.95,0.29305
993,8797.8,63778,30.556,342.64,228.8,0.19921
994,9854.8,64288,31.837,342.13,215.12,0.22794
995,9229.2,61724,31.158,405.01,163.07,0.4259
995,9378.2,63993,26.477,454.48,210.41,0.36709
995,10704,62447,36.292,243.94,128.79,0.30894
995,11437,61932,36.347,346.16,130.6,0.45213
996,9456.8,64035,30.674,387.19,292.93,0.13859
999,9423,61613,35.469,723.77,344.53,0.35499
999,11087,63932,30.727,421.88,289.42,0.18622
1000,9550.5,61923,36.885,188.37,105.64,0.28141
1001,8940.4,62708,27.966,394.58,192.21,0.34489
1001,10009,62405,34.041,221.93,142.6,0.21761
1006,11583,63874,28.067,299.84,137.81,0.37023
1007,10097,62491,31.089,456.12,228.73,0.33202
1010,11066,63769,33.611,354.05,183.84,0.31644
1011,8828.8,61985,27.34,306.2,302.58,0.005944
1011,10336,62015,30.222,297.07,120.98,0.42123
1011,10896,63718,28.297,374.6,218.98,0.26217
1013,8857.8,62286,27.069,708.77,444.32,0.22934
1014,9217.5,63547,30.153,342.93,233.11,0.19064
1016,9021.6,61711,34.475,393.71,162.6,0.41544
1017,9396.5,62568,37.49,497.64,377.64,0.1371
1017,9951.3,63754,26.843,292.72,155.31,0.30669
1017,10701,62109,31.4,408.94,206.56,0.32881
1017,11262,63599,25.523,200.04,122.24,0.24139
1018,10845,62189,34.395,904.16,596.56,0.20497
1019,9700.6,63727,38.183,232.37,121.02,0.3151
1020,11047,62645,22.264,966.85,776.95,0.1089
1021,11065,62541,30.648,641.79,527.31,0.097922
1022,11096,62502,21.895,606.48,546.42,0.052098
1023,8901.8,61914,36.374,352.59,280.08,0.11461
1024,10171,61780,38.104,427.59,294.06,0.18504
1024,10518,62451,30.108,339.62,372.35,-0.045977
1025,10769,62795,25.358,693.63,366.06,0.30911
1026,10457,63315,31.969,456.28,307.48,0.19483
1026,10576,62973,29.366,283.31,122.31,0.39692
1026,10725,62916,42.28,996.42,492.53,0.33842
1028,9199.2,61592,34.161,311.55,252.18,0.10532
1028,11259,62513,43.111,725.41,452.3,0.2319
1029,10657,62031,36.245,312.44,224.66,0.16343
1030,9745.5,63832,35.391,338.52,254.38,0.14193
1030,10738,61954,36.372,379.62,379.35,0.00035167
1031,9825.4,63675,29.552,340.01,210.96,0.23423
1031,10542,63224,23.203,383.46,347.45,0.049259
1032,9728.4,63839,36.135,318.7,231.72,0.15802
1032,10405,62450,26.113,329.41,221.12,0.19669
1034,8742.8,62925,25.736,224.54,376.82,-0.25322
1034,11253,63326,37.732,281.68,123.88,0.38908
1034,11516,62557,33.675,349.4,195.25,0.28303
1037,10453,63483,38.62,355.06,299.68,0.084575
1037,10975,63666,26.684,371.76,290.04,0.12349
1038,10033,62588,32.902,500.79,110.83,0.63759
1039,9557.5,61466,20.774,539.86,292.25,0.29757
1040,8941.5,62711,29.289,509.82,235.33,0.36837
1040,10766,63805,34.399,1193.9,886,0.14802
1041,10117,61621,32.85,538.58,495.84,0.041316
1042,9405.4,62028,32.186,441.07,365.36,0.093893
1045,9962.7,64146,33.885,567.45,370.77,0.20964
1046,10860,61700,31.597,727.27,214.29,0.54482
1047,9738.3,62246,24.634,655.98,521.02,0.11467
1048,9731.8,62225,21.376,321.28,189.95,0.25689
1049,11627,64222,40.332,634.32,140.55,0.63722
1052,9995.3,61408,31.004,398.13,230.33,0.26701
1054,9504.2,62163,28.653,322.68,211.68,0.20773
1054,11290,61896,30.963,147.97,143.43,0.015582
1055,9097.6,62700,28.242,339.51,154.18,0.3754
1055,10715,63753,23.532,628.07,441.5,0.17444
1056,10615,63639,20.491,825.55,560.74,0.19102
1057,11568,61569,32.28,600.59,582.56,0.015238
1058,9871,63234,26.813,379.54,254.44,0.19733
1059,9878.2,63145,29.738,519.48,359.88,0.18149
1060,8916.9,64147,33.273,369.37,289.17,0.1218
1060,10083,61609,35.836,528.02,152.56,0.55167
1060,11063,61779,18.657,940.91,287.87,0.53145
1061,10940,61837,21.932,596.44,352.08,0.25762
1062,9037.2,62505,31.214,224.49,159.46,0.16938
1062,11357,63455,18.675,431.5,284.14,0.20591
1063,10855,62210,31.177,488.36,219.46,0.37989
1063,11275,63502,23.182,1158.5,696.8,0.24887
1065,10510,62032,32.02,544.29,471.98,0.071152
1065,11213,63165,22.326,598.98,269.54,0.3793
1066,10443,61847,32.722,505.01,320.32,0.22378
1068,10423,64385,28.514,574.44,465.61,0.10464
1069,8774.5,63108,25.72,679.84,511.89,0.14093
1069,9645.6,62912,29.401,278.98,160.01,0.271
1069,10494,64270,26.444,1319.1,745.4,0.2779
1070,9591.1,62892,24.005,467.75,574.54,-0.10245
1071,10569,62226,27.082,562.8,331.38,0.2588
1071,10711,64127,37.002,573.07,264.6,0.36825
1072,9040.6,63380,30.97,264.47,151.83,0.27056
1072,10037,61441,28.121,610.01,468.65,0.13105
1072,10607,61910,27.867,525.84,438.03,0.09111
1073,9090,62469,28.811,527.63,335.94,0.22198
1073,10586,61957,30.192,419.06,278.37,0.20172
1074,9043.4,62443,28.96,345.11,281.34,0.10179
1076,9054.3,63045,23.506,940.66,624.96,0.20165
1077,11410,62622,35.733,254.14,324.44,-0.12151
1078,9298.6,61876,37.218,421.85,433.19,-0.013259
1078,11410,62578,21.37,366.49,422.65,-0.071174
1080,9535.8,61535,29.123,476.62,267.89,0.28036
1080,11105,63611,30.292,279.93,118.15,0.40642
1081,11333,63557,26.559,290.12,114.77,0.4331
1082,11342,61898,31.485,509.47,453.63,0.057979
1082,11358,63565,22.187,580.72,339.58,0.26202
1083,8933.4,62264,29.81,570.82,431.59,0.13889
1083,9469.1,62836,28.035,173.31,125.35,0.16055
1083,10727,63867,29.367,438.7,145.04,0.50307
1083,11334,63748,32.946,313.41,289.7,0.03932
1084,9456.9,62907,25.133,518,124.04,0.61361
1084,10088,61739,35.897,587.82,191.76,0.50804
1084,11295,63702,30.562,574.6,366.05,0.22171
1085,9226.4,63773,30.094,781.08,357.46,0.37208
1085,9621.5,62744,26.879,599.51,143.07,0.61467
1085,9703.7,61658,28.551,527.93,375.57,0.16864
1085,11048,63700,29.161,597.92,351.53,0.25952
1086,9564,62925,23.246,607.18,148.49,0.60701
1086,10627,61629,36.19,277.54,292.77,-0.0267
1086,11070,63704,18.994,378.79,291.22,0.1307
1087,9482.4,63061,22.164,656.15,251.88,0.44521
1087,10453,61685,27.816,452.18,402.1,0.058618
1087,11579,64365,38.584,335.24,320.76,0.022071
1088,10638,61729,28.735,251.44,146.92,0.26238
1088,10757,63820,35.378,335.93,286.92,0.078689
1090,11146,63733,19.521,724.42,501.02,0.1823
1090,11233,62356,38.019,325.36,425.2,-0.13301
1091,10346,61550,25.958,332.98,298.11,0.055258
1091,11163,63798,21.881,475.17,273.88,0.26873
1092,10293,62137,35.693,451.2,314.73,0.17817
1092,11121,63605,30.702,505.17,451.26,0.056368
1093,10233,61521,28.848,220.92,244.08,-0.049803
1094,10455,62556,25.569,539.18,249.18,0.36785
1095,10638,62139,28.601,906.96,577.37,0.22204
1096,10719,63699,16.637,528.59,277.6,0.31132
1096,11581,61709,33.94,561.33,110.18,0.67185
1097,8671.9,61934,35.147,383.43,206.33,0.3003
1098,9990.4,61634,29.38,430.33,439.73,-0.010798
1099,10376,63373,26.511,324.9,186.67,0.2702
1100,9436,61906,26.679,918.91,288.66,0.52192
1100,10357,63330,18.119,498.86,214.79,0.39806
1101,9517.7,61899,19.464,844.67,395.19,0.36252
1101,11290,62126,38.176,309.57,236.55,0.13371
1102,9383.9,63827,34.023,303.9,328.23,-0.038492
1103,10489,63549,31.795,350.44,130.2,0.45822
1105,9931.6,62767,35.918,466.57,242.34,0.3163
1105,10316,63842,30.871,221.01,158.92,0.16343
1106,10431,63348,40.176,398.15,346.84,0.068873
1107,10170,62517,29.654,307.63,182.17,0.25616
1107,10822,62867,21.419,357.7,147.74,0.41538
1109,10346,61589,31.804,403.63,229.93,0.27416
1109,10682,64049,28.073,365.01,240.4,0.20583
1110,9331.8,61398,24.65,209.41,386.86,-0.2976
1112,10360,62122,34.379,382.07,215.01,0.2798
1113,9513.7,62869,21.379,453.81,279.29,0.23806
1114,8926.6,63951,32.001,214.28,124.22,0.26605
1119,9619.2,64165,30.33,704.02,370.49,0.3104
1120,9426,62882,29.791,405.04,110.04,0.57272
1122,10378,63342,22.897,221.51,128.56,0.26551
1124,9050.9,61892,33.587,561.51,275.14,0.34228
1124,10370,63445,26.135,454.23,284.2,0.23025
1126,9624.7,63036,24.22,941.22,800.85,0.080577
1126,9526,63954,22.598,425.64,150.72,0.477
1126,10527,63519,33.44,383.18,112.51,0.54606
1126,10679,64021,24.637,567.4,256.19,0.37787
1127,8911.4,61596,31.115,334.29,156.72,0.36166
1127,9545,63956,39.635,567.64,197.25,0.48425
1127,10651,63326,26.326,402.68,277.88,0.18338
1128,11612,61927,35.81,410.35,207.01,0.32938
1129,8979,61632,27.737,573.44,260.58,0.37512
1129,9747.3,64018,28.747,402.29,181.84,0.3774
1130,10292,62595,37.923,341.04,110.37,0.51099
1132,8670.1,62354,25.43,878.53,503.38,0.27147
1132,9972.8,62033,25.791,562.94,107.7,0.67881
1134,9641.2,61409,26.5,357.12,244.42,0.18735
1136,9022,61636,32.837,561.57,108.82,0.67535
1136,11215,62181,35.886,218.78,106.8,0.34392
1137,9257.9,61501,23.152,650.35,131.61,0.66339
1137,10847,63347,38.483,202.46,165.03,0.10184
1139,11419,64032,32.402,281.49,155.44,0.28849
1140,8790.1,62145,29.643,297.1,144.85,0.34451
1143,9180.9,62795,38.046,453.89,343.94,0.13781
1144,9190.4,62734,34.733,452.55,353.53,0.12283
1145,8790.8,62199,35.72,262.21,184.37,0.17429
1146,11082,62670,33.755,596.67,299.29,0.33191
1148,11230,62331,27.821,523.81,319.84,0.24178
1150,8979.1,62733,35.292,358.39,272.2,0.13669
1150,9215.5,61728,31.389,382.33,478.42,-0.11163
1151,8941.5,62635,24.227,601.87,463.69,0.12968
1152,9093.5,62650,36.798,223.7,162.84,0.15747
1157,10555,64138,21.514,416.25,335.76,0.10702
1158,9477.8,64353,31.133,356,221.81,0.23225
1158,10460,61620,24.049,694.43,413.27,0.25382
1158,10521,64177,32.548,847.39,430,0.32675
1159,9523.8,64199,37.846,216.73,200.66,0.038501
1159,11262,62304,29.881,619.78,126.87,0.66017
1160,9848.9,61907,31.12,443.88,297.12,0.19807
1161,10548,62816,39.323,728.26,315.7,0.39519
1161,10818,62497,34.058,568.27,251.37,0.38663
1163,8967.3,61523,25.94,1076,358.03,0.50065
1163,10999,62663,34.374,547.55,291.21,0.30561
1164,9156.2,61706,32.511,661.95,337.81,0.32422
1164,9156.5,63351,35.917,328.11,192.59,0.26027
1165,8865.1,63792,33.317,382.17,389.73,-0.0097949
1165,9131.3,61623,24.186,983.79,587.88,0.2519
1166,10677,63941,28.411,316.18,254.53,0.10802
1166,11585,62349,25.431,852.08,428.86,0.3304
1167,10707,63935,23.079,412.71,162.1,0.43599
1167,11652,62383,30.167,856.05,656.18,0.13217
1168,11046,62238,31.42,720.5,536.82,0.14608
1169,8872.9,62001,36.073,280.36,182.83,0.21056
1169,10807,64199,34.172,189.75,140.75,0.14824
1170,10674,63991,30.521,686.81,604.54,0.063706
1171,10540,63992,18.896,665.57,336.37,0.32857
1172,10525,63535,31.72,463.35,332.1,0.16501
1172,10530,64029,32.26,350.19,259.82,0.14814
1174,10370,63149,37.015,752.95,623.55,0.094
1174,10400,63003,25.304,942.59,804.86,0.07882
1174,10755,63756,17.116,371.97,260.83,0.17564
1175,9742.4,64202,29.235,357.25,194.68,0.29456
1175,11479,64325,38.045,368.77,459.42,-0.10945
1176,10320,62612,23.671,930.19,263.79,0.55814
1177,10229,62529,27.362,288.69,189.31,0.20791
1178,9995,62561,22.874,232.36,475.14,-0.34316
1179,9736.6,62515,31.961,564.09,317.49,0.27972
1180,10616,63056,31.206,549.94,293.88,0.30345
1184,9769.6,62490,24.752,862.34,453.45,0.31075
1185,9676.9,62975,29.888,421.01,261.64,0.23346
1185,10714,63545,20.878,376.77,200.87,0.30451
1186,9724.9,63224,27.566,288.74,211.11,0.1553
1186,10832,63904,32.887,476.69,150.67,0.51968
1187,10100,62121,20.064,673.38,339.22,0.33
1187,10742,63904,28.254,245.41,214.49,0.06723
1189,10519,61992,34.109,415.5,411.01,0.0054214
1193,8695.1,62678,35.769,319.27,181.37,0.27544
1197,10769,63859,25.766,824.56,519.43,0.22703
1197,10859,63809,29.794,513.14,291.76,0.27504
1197,11094,62737,25.433,923.94,382.48,0.41446
1198,8706.1,64092,25.216,542.07,310.43,0.27172
1198,10878,63692,20.982,1161.3,699.29,0.24832
1198,10914,63699,19.783,1274.9,760.87,0.2525
1199,10840,61695,20.372,425.9,199.6,0.3618
1199,10788,63808,32.703,758.34,486.66,0.21821
1200,10031,62688,28.627,478.05,277.08,0.26614
1200,10892,63835,36.985,238.33,228.07,0.021997
1202,10266,62620,29.672,336.1,295.49,0.064308
1203,10365,62356,32.129,347.85,223.04,0.21861
1206,9468.5,63575,35.416,413.87,371.24,0.0543
1207,8964.2,62342,34.974,166.78,108.63,0.21113
1207,9530,63931,33.319,388.54,317.74,0.10024
1207,9651.4,62821,12.782,656.36,429.67,0.20873
1207,10741,63712,17.332,464.13,304.21,0.20814
1208,9596.6,62855,22.091,453.38,326.93,0.16205
1208,10930,62091,29.287,850.99,391.07,0.37028
1209,10683,63898,22.517,598.12,574.7,0.019964
1210,9602.6,62810,15.135,547.97,559.41,-0.010325
1211,11603,62705,29.749,223.59,130.36,0.26341
1212,9612.2,62801,18.251,524.64,626.26,-0.088297
1213,9699.2,62748,31.936,441.94,214.95,0.34555
1213,10249,61608,38.463,342.86,182.86,0.30435
1213,10953,63685,27.218,460.59,336.81,0.15523
1214,9841.5,62583,30.305,264.98,170.69,0.21643
1214,10239,61482,31.448,663.16,312.7,0.35913
1214,10316,63542,41.325,557.11,241.74,0.39478
1214,11030,63661,15.807,624.57,476.79,0.13418
1215,9993.6,61690,24.998,1097.1,582.01,0.30677
1215,11082,63709,19.756,553.62,673.27,-0.097526
1216,10034,62680,36.765,534.25,379.95,0.16877
1216,11052,63686,26.433,704.76,701.22,0.0025178
1217,11111,62533,36.454,705.25,343.65,0.34475
1217,11043,63716,29.309,362.6,376.23,-0.018447
1218,8793.1,62307,37.714,178.79,152.54,0.079219
1218,9141.6,63542,29.39,435.8,210.77,0.34805
1218,11102,63619,32.558,344.03,327.31,0.024909
1218,11385,63467,38.766,331.62,388.92,-0.079535
1219,9063.8,63507,23.376,873.62,395.89,0.37631
1220,10379,63415,23.443,269.28,133.68,0.3365
1220,11225,63436,31.97,574.17,333.68,0.26491
1221,11478,63281,33.659,573.69,675,-0.08113
1224,11165,63897,36.95,257.03,127.94,0.33534
1225,9743.1,61947,30.93,299.13,125.48,0.40896
1225,11171,63822,31.218,720.39,311.37,0.39643
1228,9921.1,63136,26.292,444.52,469.18,-0.026984
1229,9788.6,63110,28.196,869.18,735.07,0.083599
1230,9601.8,63162,35.56,721.54,581.24,0.1077
1231,9994,63095,21.926,613.26,344.85,0.28015
1232,8801.4,62560,33.129,328.94,225.75,0.18602
1234,9844.3,62878,18.854,919.4,910.61,0.0048047
1235,9563.2,61457,32.493,296.1,177.24,0.2511
1235,9830,62962,22.981,1176.3,920.36,0.12205
1235,10160,62109,33.005,641.9,490.43,0.13377
1236,8743.8,62884,20.961,1019.1,694.52,0.18943
1237,8874.9,62949,30.472,1694.4,1292.5,0.13456
1238,9862.6,63036,34.975,636.04,431.05,0.1921
1238,11572,62191,31.819,188.59,106.48,0.27826
1239,8789.6,63363,36.648,454.99,329.39,0.16013
1239,9619.2,63082,20.6,1632.6,1033.6,0.22466
1240,9801.5,63006,25.074,1070.1,562.24,0.31112
1240,10790,63887,36.026,294.89,121.42,0.41671
1241,9707.6,61685,32.106,228.61,160,0.17656
1241,9643.3,63853,32.928,535.28,385.27,0.16296
1243,9094.1,63577,32.997,575.41,430.59,0.14396
1243,9927.1,61922,23.86,459.36,208.01,0.37663
1243,11028,62145,27.78,650.61,344.34,0.30783
1243,11605,62066,32.955,377.27,353.11,0.03307
1244,9014.4,61421,23.537,527.55,148.01,0.56181
1245,10216,64374,28.848,359.99,371.94,-0.016336
1246,9071,63653,24.571,427.71,243.53,0.27439
1246,11559,62255,36.474,479.73,240.72,0.33175
1247,9030.9,63585,28.524,489.46,104.15,0.64908
1249,11632,61911,29.543,299.59,146.47,0.34327
1250,8841.6,61822,27.187,596.91,204.52,0.48962
1250,11079,62810,31.866,721.96,562.08,0.12452
1250,11406,62015,29.018,337.46,146.18,0.39551
1251,9431.3,62613,35.859,761.72,482.14,0.22477
1251,11066,62789,26.628,316.59,177.03,0.28273
1252,9511.9,62761,24.935,1054.2,924.52,0.065542
1253,9522,62613,26.857,775.89,473.78,0.24175
1253,9548.4,62846,40.038,1018.9,579.21,0.27515
1253,9712.6,63885,25.858,929.69,585.25,0.22736
1253,10237,62210,32.897,247.31,157.77,0.22104
1254,9656,63716,32.828,525.87,231.6,0.38849
1254,9630.3,63831,24.855,782.06,363.07,0.36589
1256,10416,63233,30.454,364.92,308.97,0.083023
1256,10755,61758,30.615,815.13,547.31,0.19657
1257,10196,64301,25.757,272.04,218.45,0.10925
1257,10456,63120,27.314,391.53,276.64,0.17195
1258,10532,63287,29.785,222.46,173.53,0.12357
1260,10349,62966,33.754,342.83,141.6,0.41539
1260,11529,62111,25.103,207.1,269.86,-0.1316
1261,9558,63757,36.094,230.33,110.92,0.34992
1261,10271,63008,27.982,315.56,136.84,0.39505
1262,10311,62931,27.546,504.78,293.48,0.2647
1263,9028.5,61725,29.549,273.26,175.6,0.21759
1263,9582.9,64153,36.612,195.51,251.27,-0.12481
1263,9864.3,61621,21.261,437.57,207.26,0.35716
1264,9291.3,62817,32.183,387.55,165.56,0.40136
1268,11501,63487,35.313,507.28,364.96,0.16316
1269,10103,64036,34.905,348.87,313.44,0.053502
1271,9286.7,61908,26.177,863.05,569.72,0.20473
1271,9306.9,62064,31.835,698.4,437.1,0.23013
1271,11232,63614,31.575,337.1,156.63,0.36552
1272,9187.2,62210,37.941,397.34,273.13,0.18526
1273,10102,61707,18.86,822.27,655.62,0.11277
1273,10906,63808,34.322,623.57,536.06,0.075468
1274,9694.3,61495,34.688,746.98,950.04,-0.11965
1274,10052,61512,23.145,528.28,332.83,0.22697
1274,11178,63744,22.763,427.13,264.19,0.23569
1275,10050,64262,22.947,618.66,855.89,-0.16088
1275,11248,63720,23.165,668.49,278.21,0.41225
1276,9390,61526,32.328,341.98,470.64,-0.15834
1276,9302.3,62787,16.116,411.89,189.82,0.36905
1276,9473.8,63648,32.475,367.52,224.7,0.24115
1276,9955.3,61676,26.296,445.87,230.62,0.31819
1276,10183,64286,23.226,673.4,1069.4,-0.2272
1276,10742,63906,17.042,767.4,467.35,0.243
1277,9612.4,61551,22.675,625.95,420.26,0.19661
1277,11560,62565,34.016,362.94,120.69,0.5009
1278,9289,62941,26.857,841.45,198.8,0.61779
1279,9881.8,62662,31.918,480.97,301.75,0.22898
1280,9663.9,62781,25.08,957.06,790.78,0.09513
1281,8899.4,62582,35.515,638.31,559.01,0.066233
1283,8702,61773,25.122,888.54,377.1,0.40409
1286,9696.7,62206,31.674,305.77,253.18,0.09409
1286,11413,63410,38.043,137.67,201.68,-0.18863
1287,8856.4,61403,29.164,188.94,136.83,0.15995
1288,8974.6,61459,32.021,426.95,128.54,0.53722
1289,10977,63802,35.145,210.29,111.84,0.30562
1290,11087,63753,34.264,459.6,384.98,0.088355
1291,10555,63810,34.777,121.55,129.94,-0.033349
1292,10311,61606,24.052,424.1,215.83,0.32544
1293,10927,62199,27.323,585.6,333.72,0.27399
1293,11310,63564,38.504,327.08,173.24,0.30747
1294,9207.1,62732,24.519,224.32,101.84,0.37551
1294,10449,62081,25.637,221.02,124.63,0.27885
1298,9348.7,61963,37.214,213.09,145.46,0.18862
1299,9594.3,62482,23.732,616.97,332.24,0.29996
1300,8948.4,62490,31.346,456.38,183.19,0.42716
1300,9907.2,61575,25.273,271.15,193.6,0.16686
1301,10631,62999,34.571,483.76,359.31,0.14761
1302,10744,63831,21.062,345.22,158.77,0.36995
1304,10115,63301,25.389,628.54,310.37,0.33887
1305,8822.1,62455,33.843,304.25,306.22,-0.0032315
1305,9850.8,63209,31.645,351.02,341.23,0.014146
1305,10289,63905,15.594,455.91,341.51,0.14347
1305,10794,61460,43.318,717.16,605.48,0.084438
1305,11457,61792,31.489,255.25,167.3,0.20814
1306,8770.6,61940,21.004,672.67,312.44,0.36567
1306,9763.9,63175,25.525,484.87,130.69,0.57538
1307,8703.6,61921,35.61,718.41,323.96,0.37841
1308,8893.4,61587,31.98,292.72,125.81,0.39881
1308,9508.8,62952,32.513,478.95,415.08,0.071441
1309,8905,62422,37.499,603.71,352.88,0.2622
1309,9794.8,63905,31.722,900.21,317.89,0.47805
1309,11630,62260,28.388,723.25,442.79,0.24052
1310,8904.4,62400,31.913,889,746.57,0.087078
1310,9113.4,61705,31.325,1357,635.56,0.36206
1311,9042.5,62262,42.53,806.88,437.61,0.29672
1311,9205.3,61952,33.65,607.38,406.07,0.19864
1312,9641.8,62734,14.848,384.66,168.87,0.38984
1313,8844.4,62039,26.61,1453,1143.5,0.11918
1313,9601.1,62815,11.293,480.41,183.27,0.44771
1314,8737.4,62155,26.146,937.73,680.87,0.1587
1314,9005.7,61670,18.942,1180,720.55,0.24174
1314,9738.2,62761,14.258,392.97,146.94,0.45568
1315,8844.5,61798,48.102,869.25,749.85,0.073745
1315,9116.1,61470,14.275,1163.9,520.79,0.38173
1316,9211.6,61433,27.879,385,294.86,0.13258
1317,10675,61550,30.522,444.44,374.82,0.084982
1318,9267.9,61626,31.117,594.83,330.64,0.28546
1318,9188.3,63688,34.742,306.54,226.87,0.14935
1320,9089.8,61587,23.602,889.02,448.09,0.32977
1321,9191,61831,29.137,449.82,472.1,-0.02416
1321,10939,61825,27.796,536.3,307.82,0.27068
1323,10083,64363,21.332,337.42,422.09,-0.11148
1323,10632,63434,32.749,228.61,120.98,0.30789
1323,11505,62599,30.67,306.91,104.09,0.49348
1324,9295.2,63619,30.607,199.5,161.93,0.10396
1324,10100,64358,22.114,619.66,653.07,-0.026251
1324,10668,63377,34.879,713.04,240.82,0.49507
1324,11457,62658,38.906,334.22,538.84,-0.23438
1325,9626.8,63639,30.107,326.82,167.97,0.32104
1326,10781,61701,18.092,1122.1,430.29,0.44563
1327,9706.4,63081,17.553,910.71,524.5,0.2691
1327,10800,61639,20.144,981.2,561.93,0.2717
1328,9799.4,63119,33.443,320.85,278.41,0.070831
1329,9667.5,62837,37.026,205.19,185.36,0.050765
1329,10607,63871,32.483,225.48,128.43,0.27421
1332,11549,61706,30.649,430.24,187.28,0.39344
1333,10136,62479,27.603,966.41,442.19,0.37216
1333,10391,61882,25.057,467.37,283.62,0.24468
1333,10777,63794,21.369,981.23,615.86,0.22877
1333,11373,63661,24.717,394.8,118.34,0.53875
1334,9780.1,64288,32.902,512.24,427.09,0.090654
1334,10357,61789,31.776,705.37,434.28,0.23788
1334,10750,63923,25.448,1105.7,508.93,0.36962
1335,10751,63996,13.031,831.2,415.46,0.33349
1336,8747,62260,28.642,362.56,295.2,0.10241
1336,10736,63960,18.866,963.95,366.06,0.44954
1337,8777.7,62625,26.007,213.43,104.13,0.34417
1337,10839,63749,18.952,696.94,212.63,0.53246
1338,10749,63796,13.342,796.93,189.11,0.61643
1339,11014,63824,20.421,538.65,199.17,0.46012
1340,10751,61488,30.675,275.87,110.08,0.42958
1340,11093,63758,13.254,772.23,162.95,0.65151
1341,11243,63776,21.708,600.39,147.68,0.60517
1345,9956.5,63465,36.125,218.39,302.81,-0.16197
1346,11381,64057,25.692,362.74,263.25,0.15892
1347,10440,62255,34.138,469.34,408.8,0.068941
1347,10537,64041,29.056,485.04,394.06,0.10349
1347,11067,61595,30.304,410.89,414.48,-0.0043512
1347,11082,62573,27.895,386.17,199.03,0.31978
1347,11333,63867,15.591,881.08,408.25,0.36672
1348,10793,63708,26.803,999.22,575.27,0.26926
1348,11225,63765,13.028,1485.2,692.15,0.36423
1349,11414,63767,27.988,422.11,296.66,0.17453
1349,11513,62175,28.63,827.91,596.42,0.16253
1349,11573,62542,28.022,694.14,491.41,0.171
1350,9616.8,62793,13.065,773.38,386.38,0.33369
1350,11111,62239,28.535,1218.1,713.49,0.26124
1350,11472,62280,30.906,946.78,564.88,0.25263
1350,11472,63700,35.583,458.69,269.66,0.25953
1351,11386,63727,40.32,1261.5,685.98,0.29552
1352,11157,63326,35.271,656.89,490.61,0.14491
1352,11536,63691,37.388,958.57,373.74,0.43896
1353,9727.7,64037,35.432,337.08,207.75,0.23737
1354,10692,61711,38.1,283.59,283.49,0.00016419
1355,10456,64084,30.346,488.56,261.39,0.30292
1355,11211,62859,33.558,501.13,391.79,0.12244
1355,11532,62239,27.927,636.47,431.73,0.19167
1356,11270,62962,36.731,340.37,275.38,0.10556
1356,11480,62248,35.39,545.82,630.86,-0.072275
1357,9324.1,62496,40.027,487.87,371.59,0.1353
1357,9523.6,63932,38.789,304.21,275.41,0.049695
1357,11204,62470,30.384,354.19,187.3,0.3082
1358,10697,63931,33.799,130.61,138.98,-0.031052
1359,9153.1,62626,31.859,473.06,281.88,0.25325
1360,11581,63052,27.793,188.82,132.79,0.17421
1361,9992.6,61983,26.702,281.3,241.54,0.076043
1365,9640.8,62907,21.793,469.27,252.07,0.30111
1366,9633.4,62961,24.814,844.34,685.08,0.10413
1366,11488,62134,40.855,549.5,472.89,0.074934
1366,11638,63753,30.467,479.47,285,0.25438
1367,9960.4,61852,27.832,340.14,235.66,0.18145
1367,11488,62106,29.894,481.29,286.68,0.25341
1368,11529,62150,24.287,615.82,440.68,0.16577
1369,9067.6,61488,32.153,318.26,170.8,0.30153
1369,11462,61845,35.265,420.95,182.12,0.39602
1370,10850,63788,20.096,363.18,170.37,0.36137
1371,9069.9,61912,20.884,602.14,413.37,0.18589
1371,10074,62446,27.439,321.5,114.4,0.4751
1373,9091.2,61895,25.686,394.83,291.34,0.15082
1374,9150.6,61828,7.048,1363.8,302.12,0.63728
1375,9091.9,61782,7.4306,1619.6,361.87,0.63474
1375,10653,62154,36.954,524.55,425.51,0.10424
1376,9012.1,61853,19.977,951.44,487.74,0.32219
1376,11496,63532,28.279,284.05,167.88,0.25706
1377,9010.6,61805,18.195,349.93,434.15,-0.1074
1377,9765.2,62824,23.888,238.99,153.8,0.21688
1377,10538,62691,28.806,236.72,168.16,0.16932
1377,11434,63491,22.222,365.66,190.72,0.31442
1378,8969.6,61780,16.89,349.81,186.6,0.30428
1378,9742.3,62972,24.653,263.93,106.61,0.42457
1379,9021.3,61805,12.627,424.04,302.52,0.16727
1379,11082,63785,25.07,531.06,266.59,0.33155
1380,9014.7,61759,21.675,247.27,149.56,0.24622
1380,11069,63773,19.657,811.14,315.16,0.44036
1381,9898.5,63767,35.401,294.94,156.38,0.30701
1381,11154,63766,18.504,484.03,154.26,0.51665
1382,10936,61519,36.024,492.33,361.84,0.15278
1382,11093,63721,10.632,759.86,235.97,0.52609
1383,9440.1,62816,27.118,809.81,629.23,0.12548
1383,11060,63669,16.636,447.85,217.48,0.34625
1384,11040,63651,12.709,567.79,119.87,0.65137
1387,10950,63707,19.649,396.18,447.22,-0.060509
1387,10980,61858,33.311,538.62,229.27,0.40285
1388,10500,62925,31.557,415.31,248.83,0.25067
1389,10006,62830,20.887,348.64,442.13,-0.11822
1391,8789.6,61971,27.655,397.39,356.11,0.054784
1391,9869.2,62735,28.127,248.19,144.1,0.26535
1391,10962,63800,35.524,360.59,157.66,0.39156
1391,11131,62571,37.772,442.98,257.12,0.26547
1392,9136.9,62780,26.38,571.45,486.39,0.080411
1393,10203,62503,35.952,253.24,203.27,0.10947
1395,11555,62089,27.985,370.1,293.22,0.11591
1397,11134,62429,31.059,300.6,238.88,0.1144
1398,9599,62825,25.508,757.69,847.32,-0.055841
1399,9586.3,62807,16.371,311.77,209.87,0.19534
1399,11345,63040,31.412,305.29,247.12,0.10529
1400,9589.2,62826,17.213,367.32,295.86,0.10775
1401,9572.8,62827,18.194,734.65,329.87,0.38025
1401,10573,62502,23.804,870.56,719.17,0.095234
1402,9632.5,62835,16.511,457.97,213.63,0.36382
1402,11372,63522,33.378,447.9,229.68,0.32207
1402,11499,64226,21.625,298.07,225.36,0.13892
1403,9567.3,62784,12.943,507.49,149.82,0.54414
1403,10312,64350,30.637,460.1,305.59,0.20178
1403,10948,62173,31.159,318.49,185.91,0.26285
1403,11567,64052,27.611,317.35,113.24,0.47401
1406,9735.1,63397,39.557,182.68,371.92,-0.34121
1406,11521,62519,18.887,412.1,468.65,-0.064208
1407,10095,61438,37.147,267.29,222.6,0.091215
1407,11460,61393,26.147,292.75,167.53,0.27207
1410,9084.4,63389,37.904,423.35,296.54,0.17615
1410,10381,63829,30.861,206.15,135.57,0.20654
1412,9499.4,63710,18.66,527.24,250.85,0.35521
1412,10500,63739,31.931,228.68,139.08,0.24363
1413,11367,63871,28.959,323.29,108.48,0.49752
1413,11491,62293,27.278,308.61,297.44,0.018433
1414,10421,63435,20.295,277.9,143.82,0.31793
1416,9931.6,64158,29.632,287.73,307.62,-0.033413
1416,10125,62106,35.05,321.37,241.44,0.14201
1416,11315,62424,29.421,606.66,550.6,0.048441
1417,10007,62034,23.614,596.25,357.48,0.25035
1418,9833,64056,33.139,567.22,219,0.4429
1419,9743.7,61878,26.527,489.21,291.87,0.25266
1419,11091,62880,30.403,266.99,100.39,0.45347
1421,9552.6,62876,24.878,330.53,299.13,0.049874
1421,9815.6,61587,30.75,361.45,304.7,0.085188
1422,10123,61722,32.108,414.41,354.52,0.077883
1424,10345,61698,29.941,243.14,187.16,0.13008
1425,9114,63334,29.719,611.61,399.33,0.20998
1426,9063.8,63153,24.584,402.58,125.6,0.52439
1426,11056,63785,34.09,293.27,104.73,0.47371
1429,9529.7,63313,37.559,161.23,256.36,-0.22781
1430,10812,61510,12.956,454.66,319.59,0.17445
1431,10727,61403,27.397,632.92,433.79,0.18668
1433,10647,61903,34.478,270.41,131.06,0.34712
1434,10296,62628,32.285,403.87,453.1,-0.057449
1434,10412,61968,26.3,294.24,156.49,0.30562
1435,9167.2,63820,33.408,508.94,251.93,0.33778
1435,9736.4,62760,29.367,367.34,372.56,-0.0070532
1435,10101,63350,32.417,755.68,612.05,0.10502
1435,10508,62217,38.668,320.93,223.5,0.17897
1436,10060,63229,29.005,679.69,439.25,0.21488
1437,10089,63394,35.754,264.44,111.38,0.40726
1440,10092,64040,29.441,957.79,721.53,0.14068
1440,10451,63999,28.888,936.62,401.18,0.40024
1440,11287,63741,27.873,799.6,601.37,0.14149
1441,9872,63994,33.447,825.67,546.08,0.20382
1442,9757.6,63840,31.794,540.82,298.68,0.28844
1442,10745,64312,22.915,494.07,189.64,0.44525
1442,11049,63683,17.882,648.39,246.29,0.44944
1443,8958.1,61845,22.247,816.51,426.08,0.31421
1443,9234.5,63668,34.228,419.9,321.26,0.13308
1443,9607,63633,36.574,599.48,387.2,0.21515
1445,8909.5,61770,29.96,597.68,426.84,0.16676
1445,9456.5,63641,24.727,305.18,239.19,0.12122
1446,9608.9,63400,32.553,441.05,228.69,0.31709
1446,11608,62716,37.028,227.63,428.17,-0.3058
1447,10979,64384,29.886,188.18,108.87,0.26699
1447,11565,62663,23.004,384.83,357.07,0.03742
1448,11621,62690,35.772,315.7,326.71,-0.017133
1449,8708.4,64026,35.113,363.78,292.45,0.10869
1450,9864.6,62367,35.056,406.52,288.37,0.17002
1450,9933.3,63939,20.354,515.84,176.49,0.49016
1450,10996,63716,32.299,668.59,560.53,0.08792
1450,11563,62709,20.01,227.27,183.05,0.10777
1451,9735.4,62398,25.296,386.26,135.93,0.4794
1452,8850.5,63591,35.213,162.05,186.39,-0.069857
1452,10030,62428,28.963,380.12,381.06,-0.0012328
1452,10607,64113,27.67,1006.5,290.29,0.55229
1452,11297,63018,31.235,412.49,148.29,0.47113
1453,10465,62626,30.905,373.92,224.98,0.24869
1453,10995,62997,31.642,425.39,195.71,0.3698
1454,9764,63958,35.61,280.92,191.88,0.18831
1454,10789,63874,36.942,397.31,128.11,0.51235
1454,11327,61587,31.465,809.33,380.63,0.36027
1455,8863.1,63603,26.618,389.98,217.18,0.2846
1455,10671,63859,27.831,693.8,103.15,0.74113
1455,11327,61452,24.142,506.88,179.29,0.47741
1456,8743.5,62720,20.407,792.68,695.44,0.065345
1456,11531,62723,32.168,397.16,119.61,0.53708
1457,9365,61432,24.057,251.28,184.98,0.15198
1459,10820,62559,32.435,278.55,123.84,0.38449
1460,9619.2,64172,30.168,507.93,256.33,0.32921
1460,10318,62012,35.112,423.89,511.5,-0.093654
1461,9337.6,63945,17.828,526.36,196.14,0.45706
1461,9954.8,64384,31.034,245.11,173.86,0.17007
1461,10330,62713,32.319,414.97,280.82,0.19281
1462,10569,61676,23.842,783.47,356.65,0.37437
1464,10404,62418,27.088,534.39,460.45,0.074325
1465,9099,64080,26.64,293.33,188.1,0.2186
1465,10450,62629,37.353,230.88,222.03,0.019557
1466,9284.8,64131,34.337,452.41,107.5,0.61602
1466,9701.8,62713,38.523,230.23,138.57,0.24853
1466,9987.3,61782,25.216,533.98,367.56,0.1846
1466,10423,62569,32.668,226.36,129.95,0.2706
1466,10448,63542,28.137,284.46,256.06,0.052553
1467,10340,63594,29.036,722.96,777.19,-0.036147
1469,10675,63571,18.722,495.91,266.29,0.30126
1470,9643.9,62090,28.708,237.64,170.9,0.16336
1471,8961.8,63941,39.239,201.87,133.93,0.20233
1471,9178.8,61433,23.044,532.06,347.74,0.2095
1472,9552.1,62997,25.467,756.73,437.97,0.26681
1473,8974.1,61974,21.345,633.98,270.63,0.40166
1474,8799.4,63935,32.92,491.12,241.1,0.34145
1474,8944.8,61958,33.139,611.34,496.65,0.10351
1476,8818.6,64072,25.416,402.06,174.73,0.39414
1476,9160.1,61683,29.118,340.21,180.39,0.30698
1476,11100,63846,34.413,215.81,130.04,0.248
1477,9583.1,61719,26.759,294.87,196.81,0.19943
1477,10397,63438,12.782,732.45,242.72,0.50219
1477,10461,63875,27.053,969.43,590.57,0.24286
1481,9975.4,62570,29.595,602.86,137.02,0.62962
1481,11379,61702,15.699,327.91,195.74,0.25239
1482,11483,61837,14.112,667.14,228.18,0.49028
1483,11559,61969,17.524,828.89,227.74,0.56893
1484,11459,62574,30.355,329.74,230.28,0.1776
1486,11181,63872,25.694,720.78,285.29,0.43286
1486,11539,62839,31.491,312.32,246.53,0.11771
1487,8699.3,62156,30.905,440.21,449.21,-0.010116
1487,11590,62664,23.377,436.37,180.59,0.41459
1487,11452,63949,30.967,875.54,547.78,0.23028
1488,8706.6,62164,25.057,367.36,189.96,0.31831
1488,9379.9,63759,36.076,654.73,380.37,0.26506
1489,9903.6,61508,27.624,632.29,300.37,0.35589
1490,8676.3,62069,29.846,386.39,300.12,0.12566
1490,10401,63498,20.711,364.41,216.22,0.25522
1491,10326,63453,27.877,295.85,157.4,0.30547
1492,10844,61842,26.698,1484.7,526.45,0.47647
1494,8779.7,61929,22.631,293.06,103.33,0.47865
1494,9482.7,62782,28.838,271.41,287.16,-0.028191
1494,10987,61500,23.594,1189.6,437.15,0.46256
1495,8962.2,62867,37.756,558.46,570.62,-0.010763
1498,10377,62757,36.665,309.22,173.97,0.27993
1502,9381.9,63092,32.923,382.94,434.24,-0.062784
1503,9565.6,63036,29.684,419.59,338.31,0.10725
1504,9291.2,62608,33.896,292.26,215.36,0.1515
1504,10154,62825,40.563,339.87,282.13,0.092825
1505,9411.2,62225,29.341,571.09,530.15,0.037179
1506,9107.6,61785,25.551,444.02,230.79,0.31599
1506,10979,63278,30.055,588.54,462.91,0.11948
1506,11215,64275,33.397,493.19,426.56,0.072446
1507,10497,61455,23.416,708.51,395.62,0.28338
1508,10751,63471,17.534,778.89,356.59,0.37191
1512,10588,63329,19.04,632.17,401.34,0.22334
1513,10555,63365,19.575,729.6,400.06,0.29172
1514,8807.1,62825,38.977,368.51,185.92,0.32933
1514,10624,63505,19.095,950.64,469.45,0.33885
1515,10828,61886,28.227,462.36,331.82,0.16436
1516,10821,63954,26.214,328.67,294.71,0.054469
1517,8892.3,61407,27.835,305.4,147.47,0.34873
1517,9313.5,61836,33.782,342.49,203.78,0.25392
1517,10375,61493,39.933,611.44,335.75,0.29106
1518,10030,63937,38.487,374.51,393.88,-0.025206
1519,9249.1,62717,27.773,451.63,191.53,0.40441
1519,10077,63927,25.066,447.51,419.94,0.03179
1519,10310,61818,36.173,397.38,182.23,0.37121
1520,9190.5,62781,29.866,401.16,198.66,0.33761
1520,10305,62033,30.761,351.66,247.01,0.17481
1520,11365,64007,10.309,842.4,158.4,0.68346
1521,10359,62029,28.62,494.74,237.86,0.35064
1521,11372,63885,11.681,852.56,194.83,0.62797
1522,9151.4,62948,28.495,696.11,429.22,0.23717
1522,11446,63817,9.6407,720.15,131.15,0.69188
1522,11622,62554,26.072,494.11,291.24,0.25832
1523,8890.9,62332,34.354,551.91,415.87,0.14057
1523,8986.3,61968,34.198,479.26,396.78,0.094149
1523,9129.5,63064,29.627,725.11,228.61,0.52058
1523,11521,62519,33.466,900.84,545.46,0.24572
1524,8799.6,62338,35.705,424.94,320.05,0.14081
1526,9008.1,62997,23.909,263.06,224.58,0.078898
1526,11071,62068,24.293,300.65,304.21,-0.0058765
1527,8943.4,62774,25.496,385.46,286.04,0.14805
1528,10226,63363,23.628,366.33,312.19,0.079797
1529,11203,62343,30.908,588.09,465.8,0.11603
1530,11040,62333,31.952,281.38,229.68,0.10116
1531,10705,63744,19.198,502.37,174.92,0.48348
1532,8919.1,61406,31.393,385.98,179.44,0.36528
1532,9896.3,63701,32.882,211.26,169.19,0.11059
1532,10953,63081,34.376,377.9,354.3,0.032224
1534,9027.9,64260,33.862,331.24,243.61,0.15243
1534,9598,62850,21.908,347.58,193.16,0.28559
1535,8697.4,63973,31.686,662.51,335.15,0.32813
1535,9378.1,61777,30.881,370.96,413.69,-0.054451
1535,10748,63890,34.011,374.52,410.1,-0.045356
1536,9543.7,64164,33.537,409.38,282.41,0.18354
1536,10860,62106,23.608,423.91,264.62,0.23134
1537,8784.4,63437,28.468,490.89,356.98,0.15794
1537,8895.4,62852,30.794,439.6,413.19,0.030969
1537,11154,63672,30.239,372.96,138.44,0.45859
1538,8736.2,63384,24.773,336.81,272.9,0.10481
1538,10266,63647,35.046,534.45,509.92,0.023488
1538,10831,62079,27.8,343.7,102.9,0.53919
1538,11057,63719,17.529,521.55,381.15,0.15554
1540,8854.4,62996,35.078,259.52,140.54,0.29741
1541,9296.4,61409,17.953,1363,620.26,0.37449
1541,10710,63676,29.778,374.38,206.07,0.28997
1542,9263.7,61510,21.219,746.43,495.55,0.20201
1542,10773,63616,31.166,460.36,160.59,0.48276
1543,10629,63641,31.831,320.01,157.62,0.33999
1545,10676,63731,30.79,320.93,223.18,0.17965
1545,10798,61655,18.778,386.1,206.4,0.3033
1545,11571,62693,26.597,436.56,371.42,0.080622
1547,9229.7,63441,35.991,538.77,463.64,0.074945
1547,10568,62102,32.79,278.36,195.48,0.17491
1547,10785,63711,28.169,294.62,213.62,0.15938
1547,11560,62004,30.334,795.26,292,0.46287
1548,10685,62028,29.491,586.11,294.43,0.33125
1548,11369,62054,35.533,439.15,140.59,0.51499
1550,9093.4,63276,24.301,422.45,147.67,0.48198
1551,10548,62729,31.591,196.11,114.6,0.26233
1551,11206,62093,37.461,387.24,236.21,0.24224
1552,10862,61554,31.267,485.31,164.31,0.49414
1553,10077,62777,27.769,336.72,224.91,0.1991
1553,11005,62219,32.136,548.65,218.88,0.42964
1555,11407,61460,34.035,259.51,148.7,0.27146
1558,10980,62521,22.396,284.62,120.94,0.4036
1559,11555,62515,30.282,401.8,121.05,0.53695
1560,9923.6,62393,28.616,355.47,170.25,0.35233
1563,9728.9,61900,31.558,365.45,189.6,0.31683
1564,9056.8,61423,29.324,1288,552.14,0.39989
1564,9580.7,61871,32.877,517.98,259.32,0.33276
1564,10287,62675,21.837,493.1,174.6,0.477
1564,10552,63363,36.108,310.27,148.92,0.35139
1565,8907.6,61468,32.266,398.85,357.13,0.055179
1565,10510,62361,36.11,564.69,695.78,-0.10399
1566,10369,62379,26.325,915.06,603.27,0.20535
1567,10744,62714,27.154,457.26,275.34,0.24832
1569,10291,61455,35.423,331.35,254.68,0.13083
1569,11010,62595,34.801,518.67,434.77,0.088
1570,9542.6,62857,18.175,537.24,569.08,-0.028775
1571,9554.3,62911,17.355,581.95,357.42,0.23903
1571,11196,62570,25.273,266.43,166.1,0.23198
1572,9524.1,62799,16.696,723.4,336.39,0.36517
1573,9564.2,62706,31.008,240.22,261.29,-0.042028
1575,9195.9,61430,26.94,835.21,536.68,0.2176
1576,8977.1,61517,33.747,420.45,245.14,0.26339
1576,9708.3,64280,31.802,176.08,125.98,0.16584
1577,8906.9,63091,24.552,342.51,148.67,0.39466
1578,8811.6,62975,24.983,559.84,175.34,0.523
1579,10533,62605,29.552,233.89,171.12,0.15499
1580,8956,62893,39.076,530.03,410.35,0.12727
1580,9497.1,63749,35.873,318.13,212.73,0.19855
1581,10661,63923,26.057,446.98,291.26,0.21094
1584,11087,63732,32.165,196.32,168.36,0.076679
1585,9155.4,63043,33.597,267.68,198.06,0.14949
1586,8731.5,62661,41.792,878.44,515.13,0.26071
1586,9064.6,63652,35.179,303.76,124.28,0.41931
1586,10855,62225,31.865,362.08,171.34,0.35757
1588,9404.1,64270,35.839,149.68,155.33,-0.018531
1588,10336,62217,27.485,586.33,326.62,0.28447
1589,10311,62021,34.81,425.73,333.83,0.12099
1590,10421,62251,16.22,443.14,344.1,0.12581
1591,9286.2,63360,30.143,210.3,232.73,-0.050624
1594,11007,63347,27.205,527.5,498.32,0.028447
1595,9814.4,62906,12.707,545.31,123.48,0.63074
1595,10660,63917,23.679,640.39,439.66,0.18585
1596,9750,62761,17.263,584.53,171.39,0.54654
1597,9723.9,62705,25.301,273.74,222.57,0.10309
1597,9799.7,64098,36.945,470.08,256.25,0.29441
1597,10532,63371,28.843,293.34,183.52,0.2303
1598,9709.1,62674,20.899,365.45,245.4,0.19653
1599,9739.1,62765,15.771,591.22,136.78,0.62424
1600,9342.1,63354,33.596,925.15,458.05,0.3377
1600,9660.3,63012,15.518,783.61,415.14,0.30738
1600,10970,63058,32.329,402.32,219.88,0.29322
1601,9792.9,63982,25.34,434.99,138.15,0.51791
1601,11023,64321,34.329,208.02,109.88,0.30872
1602,10872,64017,36.577,278.92,201.88,0.16023
1604,9679.7,62855,17.61,563.99,129.54,0.62643
1604,10391,64264,35.051,231.24,196.32,0.081671
1605,10062,62325,28.499,465.93,269.33,0.2674
1606,10091,62131,27.007,628.52,337.51,0.30125
1607,9435.1,61503,26.737,533.28,235.96,0.38651
1607,11096,63658,38.963,364.61,228.06,0.23038
1608,11037,63655,20.046,381.31,178.12,0.36322
1609,8936.1,61785,29.464,286.3,161.18,0.27961
1609,11439,62588,22.397,391.36,270.75,0.18216
1610,10736,62177,22.924,512.29,162.25,0.51893
1610,11054,61677,35.446,437.54,300.02,0.18644
1611,9326.1,61636,22.169,657.88,529.77,0.10787
1612,9593.5,62833,17.555,441.72,245.68,0.28519
1612,9812.3,64068,38.101,485.24,434.19,0.05553
1613,9412.7,62823,23.569,568.18,246.68,0.39455
1614,11251,61742,34.085,555.1,161.14,0.55005
1615,9711.5,63715,34.752,270.47,249.27,0.040799
1615,10503,61800,29.958,722.43,592.49,0.098823
1617,10692,63701,28.836,458.31,289.4,0.22591
1617,10692,63733,29.204,409.88,254.67,0.23355
1618,11535,61868,27.625,579.91,495.04,0.078947
1619,8705.6,61791,32.801,451.86,252.53,0.28298
1619,9507.5,62897,23.011,1037.3,591.29,0.27384
1620,9556.2,63055,25.053,991.61,633.19,0.22059
1621,9259.2,61544,26.179,1167,379.47,0.50925
1621,9475.3,62892,16.711,608.54,345.8,0.27531
1621,10829,62280,29.958,898.87,536.07,0.25284
1622,9261.8,61877,27.806,517.98,438.77,0.082784
1622,9271.5,63099,35.679,382.84,328.97,0.075688
1622,9295.2,62628,26.947,565.13,335.21,0.25536
1622,11529,62170,29.656,613.04,325.25,0.30671
1624,10710,61414,33.455,331.41,290.17,0.066343
1624,11442,62434,34.732,601.68,672.56,-0.055623
1626,9414.4,63017,25.549,286.75,129.21,0.37875
1626,9897.6,62700,26.289,541.8,248.86,0.3705
1626,10637,63854,30.58,181.78,140.49,0.12813
1627,9568.1,63016,17.055,639.35,265.1,0.41379
1627,10476,64234,37.85,273.27,265.94,0.013598
1628,9315.4,62837,24.971,837.64,507.67,0.24527
1628,9971.8,62773,29.387,570.54,320.29,0.28091
1629,9387.3,63006,22.819,256.68,173.09,0.1945
1631,10985,63201,30.67,371.39,185.38,0.33409
1633,8847.1,61725,38.287,380.02,194.98,0.32182
1634,8888.7,61587,24.873,873.97,536.71,0.23908
1634,11522,63348,38.385,316.32,339.69,-0.035629
1635,9000.8,63139,25.072,364.63,213.96,0.2604
1638,11212,63469,26.397,130.61,100.76,0.12899
1639,9421.1,64114,32.489,474.53,310.13,0.20952
1639,9553.2,63219,31.125,328.99,127.91,0.44009
1640,9549,63063,18.443,380.87,197.05,0.31807
1641,8815.2,62231,32.014,319.86,192.29,0.2491
1642,11010,62304,38.307,269.03,153.55,0.27328
1643,9198.7,61479,39.207,695.48,443.2,0.22156
1647,9572.2,62831,26.366,302.34,205.69,0.19025
1647,9733.6,62373,36.592,231.93,175.35,0.13892
1647,11359,63411,26.186,267.41,119.01,0.38403
1648,9621.6,62744,27.496,368.84,234.6,0.22245
1650,9020,61865,26.955,736.31,627.06,0.080136
1650,9775.2,62567,31.771,218.27,118.21,0.29739
1651,9361.8,61480,36.018,418.49,123.2,0.54512
1654,9276.1,63506,31.63,337.3,255.04,0.13887
1654,9864.7,61460,23.24,905.17,1068.8,-0.082878
1654,10049,63093,31.812,342.85,154.39,0.37901
1654,11118,63208,35.18,179.67,127.29,0.17067
1656,11096,63137,37.597,380.23,258.02,0.19148
1657,10216,62279,29.393,298.83,165.02,0.28849
1657,10353,63511,22.431,313.73,120.83,0.44391
1659,9335.5,62752,32.326,350.63,115.7,0.50378
1660,9967.8,63839,39.319,866.5,478.04,0.28892
1660,10080,63065,27.165,1070.7,570.59,0.30472
1660,10434,63667,27.225,1144,732.75,0.21913
1661,10496,63374,23.452,417.41,204.87,0.34156
1662,10432,63409,22.641,1079.2,916.73,0.081398
1663,10874,62911,33.135,281.69,168.2,0.25226
1664,10370,63345,17.905,666.43,384.05,0.26881
1665,9155.5,62643,35.192,569.42,361.87,0.22285
1665,9338.9,63737,32.297,395.14,259.05,0.20802
1665,10433,63383,22.518,377.25,340.35,0.051419
1666,9496.6,62808,29.751,369.61,178.56,0.34852
1666,10643,63894,35.408,305.42,232.94,0.13464
1668,10581,63648,36.115,489.34,192.63,0.43508
1670,9246.5,61904,23.554,456.57,186.52,0.41993
1670,10285,62561,33.252,330.9,272.64,0.096528
1670,11256,63762,24.755,600.9,383.99,0.22025
1671,11096,63825,29.558,631.72,507.74,0.1088
1671,11560,63602,29.221,619.65,390.39,0.22698
1672,11018,63833,29.889,411.79,260.81,0.22447
1673,9977.9,62502,39.678,281.09,123.58,0.38923
1673,10807,62479,29.949,413.2,167.51,0.42308
1673,11048,63659,17.297,312.62,119.25,0.44776
1674,11508,63912,31.766,199.75,122.18,0.24097
1675,8773.3,62848,24.075,1180.7,928.45,0.11959
1675,8977.6,63832,39.043,372.89,168.83,0.37668
1675,9114.7,61662,38.465,223.11,233.23,-0.022165
1675,10009,62011,34.67,435.22,215.35,0.33796
1675,10236,62612,27.516,463.45,120.59,0.58706
1677,8809.8,64139,30.911,538.22,215.93,0.42735
1677,10046,63743,32.486,423.3,227.09,0.30169
1678,10211,64027,27.549,845.48,429.62,0.32614
1679,11182,61908,34.571,315.21,176.46,0.2822
1681,8941.2,63768,30.194,237.52,105.78,0.38375
1682,8674.3,63728,29.083,1085.2,516.62,0.35497
1682,9358.5,63030,28.162,844.12,414.57,0.34127
1682,10831,64352,32.003,1070.8,504.23,0.35972
1683,9067.3,63772,26.219,1221.9,842.99,0.18352
1684,9036.9,63604,21.272,563.53,347.04,0.23776
1684,10339,64022,21.8,635.73,257.91,0.42279
1685,9277.3,63496,28.352,352.49,153.39,0.39358
1686,11014,61820,31.5,271.56,129.9,0.35287
1687,10928,62676,30.846,475.09,569.2,-0.090117
1687,10975,63733,26.352,669.6,577.59,0.073772
1690,8924.8,61968,26.844,295.75,251.91,0.080046
1691,8827.9,62071,29.827,181.46,118.01,0.2119
1691,10725,63965,29.62,321.42,117.48,0.46466
1693,10760,61727,20.929,449.6,418.26,0.036109
1693,11098,63834,25.357,386.51,288.58,0.14505
1694,8837.9,64208,33.655,379.97,206.13,0.29661
1694,11125,63719,26.622,272.78,345.16,-0.11713
1694,11193,62278,34.17,423.86,316.43,0.14512
1695,8806.7,64133,30.384,401.5,257.18,0.21911
1695,9946.5,64353,31.039,255.02,192.62,0.13941
1695,10603,61822,29.801,500.77,301.05,0.24908
1695,11112,63648,35.196,535.47,338.68,0.22511
1697,9544.3,64121,33.213,562.92,327.41,0.26452
1697,10697,63933,28.014,481.21,256.83,0.30403
1699,10608,63899,26.728,487.57,371.76,0.13476
1699,10597,62212,37.606,169.48,229.25,-0.14992
1704,11289,63690,25.958,360.62,194.09,0.30022
1705,11215,63742,26.462,312.19,165.07,0.30827
1706,11219,62646,33.433,535.18,445.14,0.091854
1709,11058,63696,33.662,528.53,227.74,0.39773
1710,10058,62039,29.295,577.02,464.59,0.10794
1711,10279,61852,33.263,922.23,441.16,0.35285
1712,9348.5,62201,29.978,342.84,139.37,0.42195
1713,9615.7,62574,29.388,413.86,283.16,0.18752
1713,11649,62185,31.451,528.19,435,0.096746
1714,10904,62119,29.625,454.52,252.72,0.28532
1715,10847,61692,26.858,606.21,264.62,0.39226
1717,10402,62225,33.54,284.12,246.39,0.071137
1717,11066,63723,17.297,466.83,218.04,0.36327
1719,9679.8,63138,24.948,416.47,205.17,0.33992
1720,8672.8,64163,33.628,1064.3,304.71,0.55484
1720,9713.5,63099,35.904,410.98,172.53,0.40865
1720,10766,61735,9.9157,1201.4,307.47,0.59244
1720,10762,62573,28.032,203.79,135.52,0.20121
1721,9515.5,63634,35.195,449.56,205.85,0.37185
1721,10624,61638,7.4462,1494.3,343.34,0.62632
1722,10624,61619,12.998,879.73,449.39,0.32378
1722,11541,61521,32.061,500,222.32,0.38442
1723,8770.6,62958,38.145,292.71,213.73,0.15595
1723,9567.5,62885,17.294,338.79,128.59,0.44975
1723,10628,61620,8.6224,1188.8,253.64,0.64832
1723,11607,61745,29.874,393.37,263.25,0.19817
1724,10499,61597,19.56,449.24,122.31,0.57201
1724,10915,62124,21.616,374.86,414.14,-0.04979
1726,10680,62582,24.122,605.96,277.15,0.37234
1727,8785.7,64146,26.898,848.25,512.07,0.24713
1729,8807.7,64209,27.434,545.26,240.57,0.38773
1729,10464,62467,34.924,699.06,529.75,0.13779
1729,10878,63783,29.498,519.7,333.59,0.2181
1730,10707,63897,25.564,351.09,108.74,0.52703
1730,10880,61757,36.693,275.26,311.98,-0.062527
1731,10047,62978,30.437,275.23,113.92,0.41451
1732,8755.1,62263,27.776,369.35,295.16,0.11163
1733,10445,63678,32.913,409.26,306.76,0.14315
1737,9340.6,61422,30.874,551.94,288.31,0.31374
1738,10701,61579,24.631,454.34,204.58,0.37905
1738,11328,62476,33.414,364.81,187.85,0.32019
1739,8876.1,63397,35.044,239.61,114.77,0.35227
1740,9046.3,63235,30.078,117.56,126.28,-0.035761
1740,10569,63845,40.094,886.99,692.65,0.12303
1741,8792.5,61662,31.907,504.56,285.59,0.27713
1741,10533,63686,32.531,554.73,470.12,0.082558
1741,11589,61495,32.707,360.62,253.72,0.174
1742,8924.3,61395,38.504,421.74,423.74,-0.0023563
1742,10506,63878,28.305,875.5,605.88,0.182
1742,10566,62230,34.25,242.48,194.63,0.10946
1742,10998,63633,16.374,493.99,241.04,0.34414
1743,9576,64039,33.355,329.16,233.97,0.16903
1743,10982,63625,23.312,341.98,252.74,0.15006
1745,10709,63994,23.8,739.03,408.59,0.28794
1745,11620,62193,27.927,442,606.46,-0.15686
1746,11153,62713,39.718,545.29,356.75,0.20901
1747,10174,61564,32.047,428.46,157.59,0.46219
1750,10895,62379,24.113,653.56,559.48,0.077552
1751,10718,62312,27.121,601.85,211.04,0.48077
1753,9552.2,63759,31.941,331.47,373.04,-0.059002
1753,10678,62565,29.771,1346,941.52,0.17682
1754,10723,62786,29.512,606.56,335.4,0.28786
1754,10764,63718,30.903,147.59,100.5,0.18981
1757,9046.8,62668,29.103,402.93,335.57,0.09121
1758,10093,63925,27.551,251.55,186.04,0.14969
1759,10377,61927,26.447,556.06,265.84,0.3531
1760,9322.4,62681,42.3,439.4,216.34,0.34016
1760,9291.6,61930,33.667,538.46,418.51,0.12534
1760,11071,62688,34.831,211.07,141.29,0.19804
1762,10054,63038,25.623,1135.2,823.67,0.15905
1762,10874,61845,23.238,684.88,435.9,0.22215
1763,9600.5,62944,26.04,535.59,466.4,0.069047
1763,10361,63406,28.748,637.19,504.32,0.1164
1763,11177,61804,34.777,223.93,168.72,0.1406
1764,9552.8,62951,26.15,198.41,204.87,-0.016031
1764,10696,62493,32.449,658.71,244.58,0.45847
1764,10738,63698,30.649,218.59,158.28,0.16004
1765,10095,63214,36.839,397.1,193.57,0.34457
1767,10864,64066,28.678,632.48,321.61,0.32583
1770,10238,63350,25.027,615.8,343.52,0.28383
1773,11343,64304,28.885,917.53,750.92,0.09986
1776,10122,63045,33.444,378.67,481.04,-0.11907
1777,10014,62836,34.4,300.87,317.5,-0.02689
1780,11595,62494,38.995,338.3,278.84,0.09634
1782,9983.1,62107,18.392,968.21,715.36,0.15018
1783,9373.8,62995,32.988,229.3,294.2,-0.12398
1784,10588,62795,31.939,343.59,252.37,0.15307
1785,10713,61414,24.877,350.94,209.39,0.25262
1785,10745,62771,31.987,221.11,192.98,0.067934
1786,11002,61413,29.549,538.14,190.44,0.47724
1789,11227,63714,33.141,506.46,535.35,-0.027724
1790,10326,62140,24.316,610.75,338.79,0.28641
1791,10411,62276,25.177,900.27,516.56,0.27082
1794,10646,62271,30.316,242.46,201.78,0.091573
1796,9947.8,63366,26.222,363.42,246.03,0.19262
1796,10375,63820,27.104,456.17,299.77,0.2069
1797,10041,63652,30.392,655.59,374.46,0.27293
1797,10538,63819,14.996,1273.5,577.41,0.37608
1799,10181,64317,34.735,440.94,388.64,0.063045
1800,8814.5,61983,29.331,442.57,318.09,0.16364
1801,8787.1,61969,23.857,435.17,617.86,-0.17349
1802,11185,63695,21.229,1077.6,513.19,0.35481
1802,11378,63693,30.399,871.92,341.55,0.43706
1803,9572.7,62865,23.858,709.42,871.21,-0.10236
1803,11531,63775,29.846,720.26,324.56,0.37873
1804,9574.6,62826,26.058,489.09,885.06,-0.28816
1805,9571.8,62920,13.714,617.36,639.08,-0.017289
1805,10534,62312,29.488,388.97,329,0.083533
1805,11122,62759,34.861,426.15,296.08,0.1801
1805,11513,64126,28.682,567.23,371.09,0.20903
1806,9551.2,62900,10.902,511.76,547.63,-0.033859
1806,11119,62900,23.318,257.11,188.13,0.15495
1807,8778.9,61532,28.687,548.83,348.22,0.22364
1807,9545.7,62915,10.896,721.97,692.88,0.020557
1807,11077,63030,28.631,376.23,212.42,0.27828
1808,8835.9,61972,36.35,260.32,108.36,0.41217
1811,9587.7,62604,35.417,189.19,177.95,0.030596
1811,10389,64053,33.726,359.83,161.9,0.37937
1816,9235.7,63214,27.14,261.71,131.56,0.33093
1817,9554.6,62910,28.277,448.58,641.17,-0.17673
1817,10620,61642,28.928,484.47,310.08,0.21949
1818,10921,61618,36.457,518.48,291.69,0.27993
1819,9217,62781,32.978,445.71,198,0.38482
1822,9030.7,63225,33.24,1140.3,620.55,0.29517
1822,9112.9,63207,29.832,1067.3,628.15,0.25902
1822,10227,62462,29.933,233.44,111.79,0.35238
1822,11396,62337,33.348,332.26,188.19,0.27681
1823,9090.1,63317,27.778,1254.4,921.7,0.1529
1824,8946.8,63303,27.611,509.75,233.33,0.37199
1824,9722.1,62987,29.765,371.24,670.99,-0.28761
1824,10875,63294,31.812,409.7,150.56,0.46253
1824,11035,61494,28.307,308.68,177.87,0.26885
1825,8760.9,63172,41.139,705.01,489.18,0.18073
1825,9351.2,61696,36.713,272.13,220.79,0.10414
1826,9498.2,61972,34.663,353.01,157.51,0.38293
1827,8774.2,62867,30.037,266.33,145.47,0.29348
1827,11249,61889,32.017,264.91,104.9,0.43266
1828,8686.9,62281,32.41,816.83,539.95,0.20407
1828,11203,63751,30.007,541.89,270.45,0.33414
1829,9434.2,62003,40.451,439.15,152.1,0.48549
1829,11063,63696,18.353,1061.6,515.4,0.34637
1830,9394.4,61917,37.58,698.13,483.82,0.18132
1830,11021,63684,17.808,829.32,371.98,0.3807
1833,9664.6,63953,35.192,1035.7,626.47,0.24622
1833,9706.1,64130,35.599,722.99,474.41,0.2076
1834,9896.3,63673,27.71,246.23,125.19,0.32587
1835,10955,61838,37.009,277.56,157.79,0.27511
1836,10744,62113,16.539,936.99,293.35,0.52314
1837,9622.5,63005,19.121,326.89,204.57,0.23016
1837,10696,62159,18.766,1204.7,819.06,0.19053
1837,11655,62615,32.91,274.26,338.98,-0.10554
1838,8820.3,64219,30.343,634.82,339.25,0.30343
1838,9623.7,63002,19.021,611.09,432.82,0.17076
1844,10707,62300,25.841,603.6,405.38,0.19646
1845,9219.6,64322,30.79,293.92,165.56,0.27937
1845,10775,61975,22.506,362.17,124.01,0.48987
1846,10574,61831,38.005,328.49,235.27,0.16536
1847,10315,61815,35.406,454.62,462.16,-0.0082307
1849,10764,62544,25.453,330.78,221.96,0.19686
1849,10706,63830,15.461,790.53,583.01,0.15108
1850,9558.8,62896,10.546,706.9,510.79,0.16105
1850,10769,62455,25.064,565.27,430.24,0.13563
1850,11061,63663,13.98,653.06,263.55,0.42495
1851,9614.4,62894,18.494,418.54,496.71,-0.085412
1851,10707,62499,29.13,421.13,239.4,0.27513
1852,9631.5,62947,23.457,406.98,388.09,0.023761
1853,9933.8,61686,36.117,646.33,397.24,0.23869
1853,10795,63235,30.659,330.19,195.92,0.2552
1854,10897,62020,37.844,245.34,202.3,0.096153
1855,10929,61916,32.524,656.07,689.24,-0.024655
1856,9394.2,62842,25.889,210.48,134.27,0.22105
1857,9799.5,64248,33.592,238.65,202.76,0.081312
1857,10515,62072,18.965,1268.5,620.2,0.34325
1857,10506,62627,31.176,360.48,268.21,0.14675
1858,10702,62155,21.858,1055.8,687.49,0.21129
1859,10255,62218,31.369,319.82,224.59,0.17493
1861,10678,62634,29.295,506.02,473.21,0.033511
1861,11154,61739,38.037,395.43,302.19,0.13366
1864,9800.8,63098,24.686,628.95,343.66,0.29332
1865,10463,61706,30.383,381.31,165.61,0.3944
1868,8819.4,61962,31.264,155.98,164.75,-0.027337
1868,10258,63331,30.9,521.61,258.17,0.33784
1868,10878,63793,33.713,346.65,180.36,0.31554
1869,10331,63496,37.985,370.97,268.79,0.15971
1869,10777,61652,32.826,256.38,154.1,0.24918
1870,10687,61926,29.958,167.27,129.77,0.12625
1871,9909,63505,37.138,282.49,164.46,0.26408
1873,8918.9,62487,22.859,993.21,500.79,0.3296
1873,8930.1,62633,25.792,722.68,366.4,0.32714
1873,10941,61587,27.058,499.94,258.42,0.31848
1874,10345,63156,39.282,382.95,245.12,0.21945
1874,10681,61833,37.941,715.3,708.79,0.0045699
1875,10309,61989,27.47,662.49,692.91,-0.022442
1876,11049,61607,25.107,809.42,465.36,0.2699
1876,11052,61736,29.264,756.19,454.64,0.24904
1877,9099.6,61441,30.353,306.98,192.74,0.2286
1877,10390,63501,26.867,655.46,487.73,0.14671
1878,10130,62165,34.151,677.82,327.59,0.34835
1878,10422,63449,26.094,226.8,203.04,0.055276
1879,9833.4,63193,25.245,498.22,307.7,0.2364
1879,10107,62134,20.784,532.15,373.37,0.17534
1880,9940.1,61966,34.756,325.2,245.17,0.14032
1880,9915.6,63165,31.167,411.54,171.12,0.41261
1881,9051.1,62492,26.247,334.03,253.58,0.1369
1881,10282,62206,30.781,330.77,202.99,0.2394
1881,11037,63159,31.677,387.13,242.15,0.23039
1882,9138,62344,28.072,409.24,295.27,0.16178
1882,10179,63100,22.264,686.94,782.22,-0.064851
1884,10484,63020,47.199,419.9,248.98,0.25553
1885,10309,61778,32.534,208.92,129.42,0.23498
1888,11038,63608,19.465,544.49,248.86,0.37263
1889,9084.5,62194,27.904,632.58,768.29,-0.096872
1889,11031,63588,20.697,1221.2,533.12,0.39223
1891,9621.6,62407,39.13,319.04,260.23,0.10152
1891,10181,62055,36.049,279.46,183.28,0.20784
1891,11095,63449,34.366,505.69,490.62,0.015129
1892,8954.4,63415,33.071,574.52,390.82,0.1903
1892,10550,63623,26.415,1618.2,1060.6,0.20817
1893,10763,64031,25.411,514.58,355.75,0.18249
1893,11422,62685,17.221,266.88,263.7,0.0060075
1894,10277,62252,31.759,316.37,295.93,0.033391
1894,11455,62616,28.815,657.72,636.5,0.016395
1895,11418,62499,31.402,367.37,220.98,0.24882
1896,8902.4,63163,35.514,522.3,384.35,0.15215
1896,9631,61886,30.44,463.59,264.16,0.27404
1897,9295.5,61829,26.603,469.18,302.52,0.21597
1897,9658.6,63023,32.431,443.08,452.51,-0.010531
1897,10589,63952,22.257,478.22,365.57,0.1335
1898,8819.4,62936,30.746,412.2,248.45,0.24787
1898,9596,63122,29.126,358.94,241.27,0.19604
1898,10617,64041,31.965,338.35,203.99,0.24774
1900,8915,63311,29.622,370.22,105.96,0.55494
1901,8755.1,63513,29.851,296.8,163.41,0.28985
1902,9406.7,61460,23.061,557.98,279.38,0.33271
1902,10149,63618,28.076,467.4,544.94,-0.076599
1903,9363.9,61412,23.738,858.67,515.69,0.24956
1903,11534,62644,26.653,279.01,155.88,0.28312
1904,9552.8,62150,38.551,266.49,392.81,-0.19159
1904,10213,63668,21.263,675.83,525.73,0.12492
1904,11559,62669,15.945,423.87,155.53,0.46314
1905,9582,62899,12.972,662.86,542.19,0.10014
1905,9684.4,62160,39.156,206.33,103.39,0.33237
1905,10357,63623,37.153,666.63,458.32,0.18517
1905,11531,62666,18.37,983.72,706.65,0.16391
1906,9178,63127,22.362,590.91,534.73,0.049909
1907,9534.9,62193,28.393,259.01,143.06,0.28839
1907,11325,62842,39.546,336.54,267.47,0.11435
1908,10290,61395,33.377,278.66,153.21,0.29048
1908,11306,62733,35.703,562.34,394.13,0.17586
1909,11536,62567,23.765,408.01,306.95,0.14135
1912,8937.7,62036,29.069,487.67,125.25,0.59131
1912,9538.8,62929,14.715,444.9,540.73,-0.097226
1912,10407,62627,30.884,472.72,245.46,0.31645
1913,8825.4,61398,29.883,365.94,312.05,0.079476
1913,9530.6,62930,13.79,466.28,591.43,-0.11832
1914,10022,62908,31.533,222.4,159.7,0.16409
1914,11501,62712,26.904,540.46,358.08,0.20296
1916,11312,62661,26.613,207.98,102.19,0.34108
1917,9218.7,62971,39.116,537.24,484.41,0.051709
1917,11182,62582,34.021,294.66,205.22,0.17893
1919,9556.5,62907,18.747,332.62,331.34,0.0019278
1920,9551.3,63008,25.205,266.53,290.11,-0.042374
1920,10853,63914,20.734,294.61,327.15,-0.052339
1921,9539.2,62955,13.693,400.85,196.42,0.34228
1921,10889,63967,27.118,159.77,154.19,0.017761
1922,9064.6,63707,31.554,266.12,158.64,0.25303
1922,9347.9,61640,27.603,261.6,127.92,0.34321
1922,9530.7,63003,17.883,531.27,814.66,-0.21056
1923,9516.6,62922,18.412,387.36,495.2,-0.12219
1925,8865.3,61581,30.541,472.54,146.32,0.52713
1926,9252.9,61785,35.677,271.27,190.46,0.17501
1927,11259,63943,38.01,166.75,132.84,0.11316
1928,10473,63882,27.122,353.23,310.26,0.064763
1929,9343.7,63013,37.803,773.45,438.62,0.27625
1929,10679,63569,24.791,431.23,222.19,0.31991
1930,9283.4,63181,29.315,334.41,127.18,0.44895
1931,8855.8,63015,27.323,685.15,431.54,0.22711
1931,9636,61564,27.628,477.99,192.84,0.42508
1931,10035,63193,32.502,498.38,451.43,0.049432
1932,11083,63740,16.508,467.2,306.21,0.20816
1933,11016,63810,24.658,606.29,415.22,0.18705
1935,11064,62589,33.699,372.87,220.29,0.25724
1936,10555,61949,28.859,197.27,191.25,0.015487
1936,11086,63714,15.424,587.14,538.2,0.04349
1938,9098.7,63456,33.511,369.8,374.83,-0.0067492
1938,11013,63657,17.453,466.87,197.66,0.40512
1939,9131.2,63291,31.133,307.69,280.83,0.045651
1939,9712.6,63227,33.104,302.38,216.84,0.16474
1939,10858,63752,21.564,323.35,111.65,0.48666
1940,8733.1,62081,23.324,559.05,461.63,0.095447
1940,9578.5,63011,13.728,435.31,296.87,0.18909
1940,10702,62077,31.563,332.01,209.5,0.22623
1941,9504.9,62981,35.626,385.56,184.16,0.35352
1941,11079,63071,29.267,234.53,114.72,0.34306
1941,11102,63704,17.707,346.88,309.19,0.057443
1942,9524,62839,23.587,312.32,171.27,0.29166
1943,9428.9,62642,31.133,455.87,134.61,0.54406
1943,11606,63239,36.264,537.32,335.31,0.2315
1944,9611.9,62541,20.922,315.29,142.18,0.37839
1944,10310,62477,30.345,419.58,232.49,0.28691
1946,9572.5,62419,32.408,285.86,269.08,0.030229
1946,10331,62729,30.859,677.11,304.35,0.37979
1947,9593.5,62565,30.366,350.8,186.56,0.30564
1949,9624.7,62927,18.568,415.8,390.62,0.031224
1949,11144,63818,24.336,199.14,107.2,0.3001
1950,9573.3,62904,16.986,529.31,377.61,0.16727
1950,9620.6,62456,26.38,921.45,757.92,0.097377
1951,9580.5,62919,16.865,461.39,475.4,-0.014955
1952,9585.5,62945,19.179,408.78,412.92,-0.0050412
1952,11019,61459,33.312,202.9,139.21,0.18617
1954,9973.8,62976,35.125,671.67,345.26,0.32097
1954,10158,63385,36.515,1021.2,497.13,0.34515
1956,9343.8,62000,27.854,419.33,270.84,0.21515
1956,10111,63211,32.557,1001.3,273.44,0.57099
1957,10338,63416,22.365,697.55,413.33,0.25585
1960,9877.6,63867,33.921,295.58,213.94,0.16024
1961,10136,63979,31.974,312.64,303.86,0.014238
1961,11295,63527,33.69,445.3,429.46,0.018103
1962,11475,61607,33.841,651.43,263.79,0.42355
1963,10044,61673,37.303,619.21,619.14,5.0717e-05
1966,10388,63537,33.105,343.12,325.92,0.02571
1967,8745.8,62805,21.462,1242.7,939.89,0.13872
1967,11173,64238,36.015,233.2,298.13,-0.12219
1968,8677,63127,27.64,636.06,475.38,0.14457
1968,9294.4,64050,32.6,730.33,706.33,0.016704
1968,10262,63331,36.388,253.47,224.72,0.060111
1969,10123,63472,25.819,375.16,311.46,0.092777
1970,9015.2,62543,24.833,944.8,472.72,0.33303
1970,10042,63685,35.322,252.99,128.8,0.32529
1973,9485.5,62503,26.236,258.35,160.07,0.23487
1974,9834.1,61893,30.792,690.23,233.2,0.49492
1974,11063,64353,26.597,342.41,273.48,0.11192
1976,9971.3,61973,29.416,859.42,561.19,0.20993
1976,10855,63408,33.903,214.14,224.83,-0.024358
1977,10016,62135,35.42,321.33,379.11,-0.082483
1978,10039,64385,34.718,223.36,127.84,0.27199
1978,10229,62193,27.837,735.82,610.86,0.092793
1978,10633,63671,25.975,512.62,329.69,0.21717
1978,10614,62304,24.333,921.7,667.19,0.16018
1979,8683.3,62319,31.087,223.95,173.15,0.12792
1979,9621.4,63139,33.44,259.66,176.65,0.19026
1979,10539,61586,29.922,563.92,459.07,0.1025
1979,10638,62549,25.03,736.4,310.75,0.40649
1980,10635,63707,25.011,627.96,451.49,0.16348
1980,10786,62550,26.392,288.77,126.24,0.39161
1981,10535,63851,15.677,1133.2,574.79,0.32695
1983,10324,62142,31.303,715.02,647.83,0.049301
1983,10721,63874,24.104,529.96,380.01,0.16478
1984,11045,63739,23.989,446.61,288.03,0.21586
1985,9690.8,63155,34.054,503.98,229.54,0.37415
1985,10604,63340,34.769,753.51,558.49,0.14865
1985,10618,63954,27.425,1002.9,555.91,0.28675
1986,9672,61712,25.631,409.72,389.58,0.025207
1986,9658.4,62937,21.235,274.37,201.73,0.15256
1986,10905,63646,30.548,744.43,589.87,0.11584
1986,11256,61599,27.582,509.25,377.08,0.14912
1987,11039,63659,13.167,693.23,316.5,0.3731
1988,8783.5,62098,32.473,656.85,199.06,0.53486
1989,8767.8,62032,33.709,219.92,203.45,0.03891
1989,9179.6,63077,32.827,561.7,324.79,0.26724
1989,9902.3,62606,36.02,233.68,144.22,0.23672
1989,11490,62939,40.046,447.36,246.2,0.29005
1990,9035.3,62168,26.442,813.7,407.54,0.33258
1990,9877.6,61919,37.692,208.78,259.32,-0.10798
1993,11353,62051,41.366,391.31,178.28,0.374
1995,11259,62326,23.597,394.79,176.03,0.38324
1997,10242,62167,29.937,605.79,422.15,0.17865
1997,10843,63963,28.039,521.9,373.88,0.16524
1998,9572.2,62942,12.505,502.27,324.52,0.21499
1998,10344,63493,33.67,389.93,305.51,0.12139
1998,11122,63847,38.257,415.53,297.35,0.16579
1999,9522.3,62144,33.443,711.27,584.33,0.097973
1999,9615.3,62971,13.371,580.01,530.12,0.04494
1999,10193,63548,25.827,357.54,361.47,-0.0054662
1999,11377,61917,29.782,297.26,261.31,0.064357
2000,9594.9,62927,11.394,627.5,273.89,0.3923
2000,10129,63551,28.452,316.68,456.44,-0.18078
2000,11206,61795,34.048,355.78,300.29,0.084575
2002,9558,63960,29.996,1061.7,384.83,0.46794
2003,8933,62242,33.734,459.06,362.43,0.11763
2003,9598.9,63943,24.242,792.27,425.57,0.3011
2004,9607.7,62237,30.049,216.05,126.36,0.26196
2004,10395,64024,28.747,679.89,713.06,-0.02381
2004,10916,63136,34.813,569.81,580.2,-0.0090313
2005,9963.8,63281,29.312,691.09,227.07,0.50538
2005,10593,63436,31.264,539.87,257.05,0.35489
2005,10613,63863,16.404,668.92,434.79,0.21213
2006,10305,63316,24.249,646.71,360.32,0.28439
2007,9593,62315,28.867,240.99,146.49,0.24389
2009,9842.4,63145,30.165,225.36,102.66,0.37406
2013,8922.6,61966,43.695,705.76,533.19,0.13929
2014,9136.6,61438,18.694,290.9,194.02,0.19978
2016,9493,63832,38.875,365.25,299.68,0.098612
2016,9487,63837,32.402,409.96,324,0.11712
2017,9417.9,63543,20.61,1248.1,768.43,0.23788
2017,9657,62408,25.988,161.43,107.29,0.2015
2017,10268,62846,31.979,307.41,150.61,0.34234
2019,9577.4,62439,21.956,288.99,111.9,0.44174
2021,10376,63209,29.909,687.72,469.85,0.18821
2021,11048,62944,32.955,337.18,342.95,-0.0084923
2022,10597,63765,39.294,500.47,271.78,0.29614
2023,10503,62808,34.055,286.18,314.91,-0.047806
2024,10839,62149,35.096,323.93,390.52,-0.093201
2025,10829,62078,21.789,515.77,378.93,0.15294
2028,10254,63619,30.672,425.27,300.71,0.17157
2031,11028,63510,23.626,330.51,140.82,0.40246
2032,9299.6,61449,27.237,398.12,150.12,0.45235
2033,10328,63143,31.16,406.58,272.18,0.198
2033,11102,63472,36.551,309.82,286.46,0.039182
2036,10539,63985,26.757,603.25,327.38,0.29643
2037,9572.1,64154,37.984,172.18,195.6,-0.063686
2037,10980,63309,35.319,364.51,444.15,-0.098488
2038,10688,63872,19.051,639.21,458.96,0.16413
2038,10978,63274,26.802,290.9,131.29,0.37805
2038,11607,61634,28.39,620.97,492.09,0.1158
2039,10915,63217,23.095,659.29,152.45,0.62439
2040,8957,64036,33.761,250.53,153.82,0.23918
2040,10147,61439,22.34,669.35,433,0.21441
2040,10183,61842,30.058,660.84,350.94,0.30629
2040,10833,63742,30.165,787.5,644.82,0.099615
2040,11439,61756,31.277,484.29,305.77,0.22596
2041,8787.7,64148,32.166,209.98,105,0.3333
2041,9195.5,63357,11.05,996.3,128.55,0.77143
2041,10291,61513,16.385,810.65,472.54,0.2635
2042,9743.7,63048,15.981,580.12,275.54,0.35595
2044,9749.2,62919,30.639,275,243.45,0.060844
2045,8943.8,63314,26.325,494.42,375.21,0.13708
2045,10396,61510,33.259,248.7,200.33,0.10772
2045,11665,63720,28.359,280.04,165.72,0.25647
2046,10220,64249,29.257,449.45,230.99,0.32106
2047,9885.5,62496,36.749,385.72,297.51,0.12912
2047,10260,61617,18.883,811.89,452.31,0.28443
2047,10578,61574,27.049,848.81,497.33,0.2611
2048,8999.7,63295,35.702,369.24,387.97,-0.024738
2048,10165,61756,23.755,432.5,225.65,0.31428
2049,10226,61768,17.049,594.1,254.4,0.40036
2050,9978.4,64267,26.043,613.7,712.33,-0.074383
2050,10168,61717,22.665,505.69,233.63,0.36798
2051,10180,61705,17.609,581.26,230.29,0.43248
2051,10132,64280,27.249,505.87,506.16,-0.00029338
2052,10073,64309,23.533,681.05,612.06,0.053347
2052,10156,61632,15.898,861.63,410.93,0.35417
2052,10987,63059,29.241,237.07,109.46,0.36826
2053,8967.9,62297,30.355,494.69,269.38,0.29489
2053,8993.2,62421,25.335,1071.5,607.69,0.27623
2053,9983.6,64271,29.514,219.14,248.88,-0.063542
2053,10234,61725,16.297,713.74,453.86,0.22258
2054,10046,64318,26.785,336.37,393.49,-0.078263
2054,10184,61698,17.837,659.73,197.29,0.53959
2054,10405,63401,26.602,341.53,224.61,0.20651
2055,9394.1,62964,22.333,479.48,171.07,0.47408
2055,10162,61813,16.783,687.09,296.97,0.39644
2055,10071,64346,21.552,263.84,328.46,-0.1091
2056,9309.6,63024,32.896,345.1,200.07,0.26603
2056,10250,61892,19.336,623.06,316.99,0.3256
2057,10317,61989,18.806,433.93,245.5,0.27734
2058,10274,61934,22.49,555.99,382.06,0.18541
2059,10423,61945,23.136,642.82,332.34,0.31838
2059,10891,63855,33.762,188.22,117.49,0.23138
2060,10515,61966,20.702,960.51,611.09,0.22233
2060,10725,62213,33.061,1866.6,1279.1,0.18677
2061,10512,62143,12.713,1468.8,681.79,0.36594
2061,10465,62423,23.092,1820.4,835.6,0.37079
2061,11588,62715,33.712,330.5,258.89,0.1215
2062,9251.1,61828,26.931,397.96,299.75,0.14076
2062,10496,62217,12.822,888.35,385.51,0.39474
2063,10419,62205,23.715,1020.7,492.25,0.3493
2065,11544,63276,33.212,227.51,126.09,0.28683
2066,10050,62180,36.109,502.82,431.24,0.076634
2067,8835.7,61947,28.074,401.7,275.9,0.18566
2068,10287,61737,37.741,484.02,365.92,0.13896
2068,10999,63784,37.249,536.72,299.72,0.28335
2070,8912,61794,33.566,525.49,255.11,0.34637
2070,9251.2,63015,25.51,635,223.42,0.47946
2071,9191.1,61795,25.752,1107.7,758.61,0.18705
2071,10323,61393,21.211,492.19,213.84,0.39426
2072,9140.3,61829,19.29,602.56,324.84,0.29947
2073,9444.7,63322,29.924,296.33,172.97,0.26286
2074,8687.4,64272,38.507,271.09,233.43,0.074656
2075,9736.2,62901,36.636,202.97,163.84,0.10666
2078,8918.8,63352,38.418,212.89,130.12,0.24133
2080,9651.7,62519,34.919,302.52,250.52,0.094022
2080,10271,62462,29.608,256.17,165.4,0.21531
2081,10231,62682,25.365,364.16,198.88,0.29355
2081,11250,64378,28.553,354.74,203.59,0.27073
2082,9717.9,62439,18.867,806.94,539.65,0.19849
2082,10258,62776,27.7,407.41,268.06,0.2063
2083,9819.7,62596,21.497,615.47,469.72,0.13431
2084,9402,61666,31.019,342.87,375.86,-0.045889
2084,9963.7,62650,27.236,1080.1,870.69,0.10735
2084,11072,63769,31.166,607.71,344.93,0.27584
2085,9346,61488,19.002,411.9,206.46,0.33222
2085,9792.9,62496,21.532,544.25,272.78,0.33226
2085,9804.1,63913,31.774,422.59,317.72,0.14166
2085,10648,62872,23.866,311.83,118.03,0.45083
2086,9249.5,61559,27.408,290.54,131.55,0.37667
2087,9269.1,61483,30.963,205.4,125.55,0.24127
2087,10300,62534,28.712,619.75,488.57,0.11835
2088,10207,62442,35.866,336.91,214.78,0.22137
2090,10977,61595,30.042,657.51,604.33,0.042145
2091,10271,61515,30.256,550.85,375.19,0.18969
2091,11534,62648,24.057,381.2,362.01,0.025812
2092,9602.2,62429,27.543,269.31,127.19,0.35843
2092,10516,63864,21.839,296.69,120.28,0.42308
2093,10062,61577,25.153,590.89,216.92,0.46294
2094,10268,61622,33.642,817.01,552.42,0.19321
2094,10426,64028,28.784,424.68,319.97,0.14061
2095,10527,63917,32.054,561.94,282.19,0.33141
2097,10423,63324,29.632,503.14,384.52,0.13364
2098,10481,63209,35.953,480.4,495.38,-0.01536
2101,8986.2,63544,34.392,214.54,152.11,0.17028
2101,10507,61671,35.835,422.18,171.65,0.42189
2102,8944.4,63630,27.845,303.95,214.1,0.17342
2102,9719,62364,28.974,534.36,481.56,0.051969
2103,11082,62153,20.967,929.29,470.23,0.32801
2103,11510,64220,36.874,501.45,478.54,0.023374
2104,9942.7,61434,33.644,539.08,198.95,0.46085
2105,8760.1,61398,32.996,351.65,458.32,-0.1317
2109,9330.4,63310,35.085,251.81,151.96,0.24728
2109,9989.1,63317,30.251,295.87,270.07,0.045577
2110,11235,61419,27.223,313.05,179.44,0.27129
2111,9797.5,63835,30.136,631.73,644.59,-0.01008
2112,10365,62046,31.194,635.49,344.37,0.2971
2113,8815.6,63202,30.227,569.87,361.35,0.22393
2113,10268,62771,24.968,544.97,285.27,0.3128
2115,10568,63222,24.501,673.6,563.23,0.089236
2115,10700,63749,31.437,765.73,460.07,0.24936
2116,11042,62921,39.202,372.49,321,0.074243
2117,9455.1,61919,23.717,417.8,338.68,0.10459
2117,10154,62675,32.942,240.34,316.32,-0.13649
2117,11274,62364,37.016,248.4,278.65,-0.057392
2119,11104,63225,30.85,608.74,546.57,0.053808
2122,9040.5,61563,19.584,460.52,298.15,0.21401
2122,10768,62033,31,595.66,393.34,0.20457
2123,9127.6,61624,25.981,419.36,258.56,0.2372
2124,9672.7,62200,28.497,513.35,260.68,0.32644
2124,11107,61986,27.503,266.78,121.51,0.37414
2126,9676.2,62406,29.708,266.85,198.66,0.14648
2127,10442,61698,30.147,552.12,309.33,0.28185
2128,9035.5,63284,26.903,448.99,159.82,0.47497
2128,10025,62113,36.824,316.59,189.52,0.25108
2128,11060,63708,20.989,356.87,140.44,0.43521
2128,11207,62980,35.646,390.71,238.11,0.24268
2129,8755.8,63712,35.946,533.02,316.74,0.25452
2129,10957,61653,35.364,1031.3,671.7,0.21117
2130,10877,61700,30.352,618.63,455.2,0.15219
2131,10670,63883,27.602,392.87,420.87,-0.034411
2132,8727.4,63888,34.99,635.56,308.02,0.34712
2132,9758.9,64157,33.355,369.07,106.89,0.55084
2132,10698,63917,23.92,419.31,144.93,0.48629
2132,11119,63151,20.504,621.16,245.93,0.43276
2133,9670.8,63876,27.742,390.48,139.92,0.4724
2134,9284.2,61425,38.971,280.71,164.87,0.25998
2136,11248,62921,25.308,452.15,163.93,0.46783
2137,8787.5,62501,35.425,199.19,205.19,-0.01483
2137,10718,61588,20.358,797.63,594.83,0.14564
2138,10389,63138,28.432,259.08,132.69,0.32261
2139,9342.9,63630,29.769,203.75,146.04,0.16499
2139,9493.5,62727,30.531,215.43,127.67,0.25577
2140,9417.5,62944,29.211,665.2,378.16,0.27511
2141,9497.1,62939,25.075,555.02,435.46,0.12071
2142,9605.7,62966,26.421,330.17,423.53,-0.12387
2144,10853,63097,27.816,609.43,350.13,0.27022
2148,11068,61982,26.137,426.53,343.79,0.1074
2149,10774,61412,33.318,258.13,213.89,0.093727
2153,10530,62475,26.979,872.39,669.21,0.1318
2154,10607,62581,20.342,1130.1,755.15,0.19891
2155,10268,61617,30.021,391.4,287.85,0.15245
2156,9560.9,62982,19.103,709.15,669.09,0.029066
2156,10192,62038,29.319,745.28,247.27,0.50176
2156,10565,62608,26.91,578.42,408.59,0.17206
2157,8834.8,63996,34.237,498.4,333.21,0.19865
2157,9537,63044,32.812,431.1,161.15,0.4558
2157,10523,62717,28.584,288.38,381.18,-0.1386
2158,10666,62274,33.765,279.62,241.45,0.073244
2159,10502,62205,33.144,297.28,133.96,0.37872
2159,11445,61413,26.457,363.85,322.18,0.060753
2160,10544,62257,27.201,790.61,452.13,0.27237
2161,8812.8,62702,33.444,312.53,231.91,0.14807
2161,9114.7,61857,27.725,312.41,113.34,0.46759
2162,11019,61633,38.444,511.57,368.33,0.1628
2163,8748.2,61414,18.231,1228.1,813.63,0.20299
2163,10935,62801,26.209,486.34,347.25,0.16686
2164,10872,62446,34.129,293.16,132.45,0.37759
2166,8951.6,62596,21.449,494.68,297.58,0.24878
2166,10421,61554,16.097,1007.8,450.87,0.3818
2166,10489,62699,26.619,409.62,237.66,0.26567
2166,10952,61497,32.787,536.37,339.61,0.22462
2167,8960.6,62692,32.418,452.53,141.66,0.52319
2167,9982.3,62018,30.743,296.23,100.74,0.49248
2167,10583,62572,27.339,985.63,711.32,0.16165
2167,11472,61844,31.884,336.19,287.53,0.078016
2168,9224.3,63968,33.114,553.3,242.91,0.38984
2168,10715,63406,33.519,336,241.79,0.16306
2169,9793.9,62233,34.371,372.01,324.37,0.068401
2169,10677,63642,28.636,367.88,227.55,0.23569
2170,9557.8,63079,33.767,349.55,583.51,-0.25075
2170,10780,63616,33.581,193.53,159.99,0.094872
2170,11042,64243,33.12,375.3,147.95,0.4345
2171,9607.8,62983,22.162,388,559.81,-0.18127
2171,10030,62784,33.905,392.26,202.9,0.31817
2172,8892.6,63322,24.025,451.8,301.11,0.20014
2172,8976.8,61490,24.713,413.79,332.05,0.1096
2172,10056,62877,36.548,705.74,780.88,-0.050543
2172,10214,61996,24.798,502.34,313.12,0.23203
2172,10807,63714,28.269,925.7,703.17,0.13662
2172,10887,63677,25.015,967.6,645.71,0.19952
2173,10127,62015,30.643,486.86,369.36,0.13724
2173,10692,63740,23.616,725.66,488.84,0.195
2174,8675.2,64103,27.929,616.44,409.6,0.20159
2174,9945.5,63413,24.008,321.29,178.31,0.28618
2174,10569,63793,23.808,495.58,190.08,0.44555
2174,11105,62514,27.059,878.75,448.04,0.32463
2176,10052,63297,31.85,935.53,342.2,0.46437
2176,11141,62882,20.319,449.37,234.97,0.31329
2176,11193,62439,31.32,438.79,304.46,0.18074
2179,9254.6,64011,30.589,836.56,380.55,0.37467
2183,10000,61496,27.147,361.12,218.19,0.24672
2183,10519,62364,28.946,329.04,178.02,0.29782
2185,10278,61949,24.068,324.57,235.15,0.15975
2187,10239,63216,26.36,349.47,131.62,0.45283
2187,11100,63095,27.636,392.72,480.37,-0.1004
2188,10532,64156,27.132,346.65,408.26,-0.081618
2188,11123,62296,27.747,318.67,151.63,0.35517
2189,10472,62591,29.029,254.57,152.86,0.24963
2189,10540,64086,29.377,349.57,276.18,0.11728
2189,11009,63148,34.243,269.12,140.43,0.31421
2190,9252.7,63480,23.145,269.43,194.86,0.1606
2190,10752,63193,27.933,550.99,500.34,0.048173
2191,10673,63122,34.376,364.8,365.42,-0.00084898
2192,9152.4,62594,21.845,689.17,357.2,0.31726
2193,9878.9,61446,35.174,595.95,288.96,0.34691
2193,10164,62473,29.309,790.49,158.58,0.66582
2193,10610,63895,19.215,759.4,648.82,0.078528
2193,10998,61684,24.166,767.75,577.88,0.1411
2194,9394.4,62629,31.602,334.47,280.7,0.087397
2194,9833.2,64285,34.837,220.9,108.87,0.33973
2194,10095,62632,23.98,668.96,308.55,0.3687
2194,10505,63536,29.614,327.83,255.48,0.12402
2197,10827,63265,25.01,261.35,545.36,-0.35205
2200,11316,62811,35.274,161.48,293.01,-0.28942
2202,9399.7,62510,19.087,1332.1,499.39,0.45466
2202,11367,62386,30.531,631.68,402.63,0.22145
2203,9404.2,62927,33.171,239.78,141.02,0.25933
2203,10485,63410,25.478,516.84,371.06,0.16418
2203,11398,62497,37.477,352.65,192.62,0.2935
2204,10373,63345,25.322,296.45,147.25,0.33627
2206,9315,61968,28.534,280.24,207.89,0.14822
2207,10033,61970,34.796,313.9,144.67,0.36904
2208,9432.2,62148,35.956,345.87,190.36,0.29
2208,10719,63751,33.269,338.18,209.62,0.23469
2209,10569,63834,23.973,263.82,140.3,0.30565
2210,10625,61994,24.066,259.29,100.05,0.44314
2216,10212,63200,29.928,390.56,236.88,0.24493
2216,10761,61795,30.159,418.2,222.25,0.30596
2217,8823.9,61470,31.375,277.11,194.27,0.17573
2217,9525.8,63319,32.36,217.67,128.29,0.25837
2218,9659.8,63938,34.829,410.32,131.31,0.51513
2218,10350,62015,39.676,738.95,591.05,0.1112
2219,10253,63262,26.979,869.64,648.24,0.14586
2220,11052,63776,37.541,468.06,222.58,0.35545
2221,10846,63888,30.854,561.16,286.28,0.32436
2222,9367.8,62861,34.546,571.22,212.7,0.45735
2224,11014,62200,28.504,677.87,294.11,0.39482
2225,10115,62040,26.2,777.61,545.79,0.17517
2225,10593,61471,37.121,386.36,216.77,0.28118
2225,11266,63860,38.413,281.42,243.99,0.071236
2226,9585,61576,37.292,387.42,359.17,0.037841
2226,9696.6,62453,19.71,1389.1,872.59,0.22836
2226,10389,62681,32.496,507.37,364.57,0.16377
2226,10585,61721,29.99,722.53,570.97,0.11717
2226,10781,64341,26.663,933.62,755.81,0.10525
2227,8895.5,62276,27.882,696.65,850.1,-0.099208
2227,9457.5,63665,34.427,594.51,308.17,0.31722
2227,9639.1,61774,30.227,558.54,427,0.13347
2227,9691.7,62504,33.657,641.43,345.01,0.30049
2227,10725,64386,27.708,417.65,361.24,0.072421
2228,8868.4,62018,28.483,776.31,795.8,-0.012398
2228,9673.2,62495,21.669,730.05,473.43,0.21323
2228,9549.2,63719,22.218,839.82,455.51,0.29669
2229,9749,62410,15.655,717.48,501.59,0.17709
2229,10264,64186,30.9,847.4,515.35,0.24366
2229,10302,64260,24.73,690.85,416.07,0.24823
2230,9650.7,62399,15.803,513.79,366.31,0.16758
2233,8771.1,62315,32.599,712.93,507.42,0.16841
2233,9559.7,62323,27.047,335.34,390.78,-0.076357
2233,9694.2,63414,19.14,548.48,425.39,0.12639
2235,10750,64228,25.883,698.89,664.13,0.0255
2236,9605.6,61730,29.817,448.23,337.59,0.14079
2236,10739,61724,29.394,359.06,201.26,0.28161
2238,10557,63992,23.596,458.03,295.5,0.21569
2243,9428.2,61450,28.03,679.18,482.74,0.16907
2243,10714,61534,20.12,536.19,249.09,0.3656
2244,9462.2,61531,30.5,1044.9,661.53,0.22468
2244,10220,62079,28.632,431.7,116.17,0.57593
2250,9608.6,63892,26.494,376.92,198.45,0.31019
2251,8705.8,61653,34.485,225.61,159.55,0.17151
2251,9695.9,63786,34.531,347.22,354.64,-0.010569
2252,9920.3,64122,28.779,189.24,177.42,0.032227
2252,10348,62822,28.318,434.31,238.91,0.29024
2252,11241,63730,29.905,459.87,277.24,0.24776
2253,9957.3,64169,33.081,579.71,214.36,0.4601
2254,9966.7,64224,29.202,189.28,104.14,0.29016
2254,10738,63832,32.186,219.46,140.49,0.2194
2254,10777,63826,33.271,205.34,134.15,0.2097
2255,8715.6,61664,17.988,736.31,401.95,0.29375
2255,11082,63732,25.174,425.42,319.46,0.14226
2256,11018,63743,19.363,300.3,197.94,0.20544
2258,9485.9,63911,45.874,663.04,400.74,0.24658
2258,10119,62949,33.405,760.67,438.43,0.26874
2259,10251,61877,31.145,312.4,203.21,0.21176
2259,11106,63084,29.44,370.62,140.5,0.45022
2260,9493.6,63985,31.773,577.12,380.6,0.2052
2260,10012,61816,26.656,227.45,142.62,0.22921
2262,10890,63888,23.766,645.84,243.59,0.45226
2263,11191,61539,27.333,533.22,167.73,0.52142
2266,10455,61989,33.818,441.34,298.21,0.19354
2267,8851.9,62567,31.945,477.08,399.29,0.088766
2267,10469,62166,33.662,281.31,228.67,0.10323
2268,8907.9,63426,37.807,224.54,209.03,0.035778
2270,10480,62520,24.325,652.72,471.22,0.16149
2270,10821,63908,25.26,484.5,276.11,0.27397
2271,10532,62763,31.145,379.79,265.45,0.1772
2272,10383,62646,27.832,264.16,240.14,0.047619
2272,11618,62631,24.938,258.07,173.16,0.19691
2273,9326.1,61480,33.077,322.41,188.53,0.26203
2273,10276,62910,32.419,251.93,160.43,0.22188
2276,9182.7,62683,28.859,582.71,400.55,0.18526
2277,10971,63712,19.124,781.36,958.06,-0.10158
2278,9451.9,61567,27.939,202.99,125.45,0.23608
2278,11071,63154,39.277,528.83,480.95,0.047415
2278,10970,63704,17.506,464.37,455.84,0.0092706
2280,10328,63851,34.672,527.88,252.28,0.35327
2280,10479,63067,22.589,354.8,178.25,0.33119
2280,10852,62117,21.48,1069.6,648.71,0.24494
2281,8794.8,62532,31.023,314.97,140.06,0.3844
2281,10353,63814,31.413,424.49,263.15,0.23464
2281,11113,62295,35.893,481.82,238.7,0.33743
2282,10955,63687,18.281,481.94,375.13,0.12463
2284,10353,63456,25.619,225.27,152.76,0.1918
2284,11043,63658,19.266,393.12,247.72,0.22689
2285,10971,63755,25.358,676.33,503.51,0.14648
2286,11049,63659,39.41,424.73,181.83,0.40046
2289,9471.2,61509,33.352,170.84,126.12,0.15058
2289,11016,62590,34.969,456.34,133.85,0.54642
2291,9770.1,64339,32.792,514.39,216.85,0.40691
2291,11433,62644,18.53,792.69,384.76,0.34645
2292,9897.2,64196,27.597,420.21,158.32,0.45269
2292,11512,62642,28.33,651.2,420.87,0.21484
2293,9113.4,62109,33.668,282.58,121.12,0.39994
2293,9743.1,64129,26.2,718.44,220.71,0.52998
2295,9644.1,64159,35.093,596.53,420.07,0.17358
2296,9380.4,61911,35.533,385.88,206.35,0.30314
2297,11551,63282,16.712,419.08,292.63,0.17767
2298,10376,63109,28.888,255.71,148.67,0.2647
2302,9225.3,61943,36.179,279.98,247.77,0.061021
2302,11035,63654,39.146,237.77,796.59,-0.54026
2303,9601.3,61526,28.918,606.37,414.55,0.1879
2304,11171,62903,26.365,772.01,562.05,0.15739
2307,9075.8,63867,37.473,287,186.79,0.21149
2309,8865.9,63511,30.017,504.65,421.89,0.089321
2309,11149,64384,34.873,241.36,207.72,0.074914
2310,10993,61651,32.797,542.95,358.16,0.20507
2311,10705,63863,19.261,581.59,312.8,0.30052
2311,11288,63661,25.582,309.69,161.45,0.31466
2312,8985.7,62062,30.718,328.37,114.96,0.48139
2312,9537,62976,30.299,835.53,559.23,0.1981
2312,10902,63775,25.734,833.76,546.19,0.2084
2313,11455,63500,28.199,350.34,269.34,0.1307
2314,9525.2,61406,31.198,409.46,186.01,0.37525
2315,10755,63672,21.865,604.04,339.2,0.28077
2316,11072,62261,32.564,502.06,528.7,-0.025847
2317,10512,63823,29.907,201.67,170.12,0.084859
2317,11124,63702,32.679,500.45,311.23,0.23312
2319,9678.5,63021,16.283,1346.4,1065.6,0.11644
2319,10733,63613,33.87,788.28,680.29,0.073537
2320,9487.2,63668,29.824,911.44,514.33,0.27852
2320,9593.3,62987,18.296,389.44,500.66,-0.12495
2320,11018,62899,35.157,291.65,210.95,0.16058
2322,10277,61524,37.73,503.72,371.56,0.15099
2322,10665,63394,25.54,455.68,464.15,-0.0092076
2322,11166,64089,42.833,555.47,356.02,0.21882
2323,11072,63148,32.985,471.06,330.67,0.1751
2323,11100,63696,15.394,639.01,281.49,0.3884
2325,8982.4,62906,26.229,370.29,280.9,0.13727
2325,9891.8,61422,20.599,391.51,221.38,0.27759
2325,11099,63670,29.263,219.85,196.15,0.056961
2326,9758.6,61623,29.558,613.28,337.06,0.29065
2327,10729,61690,25.983,801.58,539.52,0.19541
2328,9212.1,62671,20.607,420.38,511.75,-0.098021
2328,10481,61615,21.144,672.3,337.27,0.33185
2329,10786,63191,31.26,563.92,263.23,0.36353
2329,11155,63858,34.243,298.17,236.73,0.11487
2330,10065,61917,25.29,515.13,210.1,0.42059
2330,10118,64158,31.171,199.14,106.68,0.30234
2331,10436,62639,31.258,271.94,101.89,0.4549
2332,9881.6,63306,37.32,183.61,243.99,-0.14121
2332,10025,62089,25.437,476.46,183.49,0.44392
2332,10770,61995,39.375,728.42,368.56,0.32805
2333,10273,62678,34.761,661.18,462.77,0.17653
2333,11010,61688,31.471,295.39,233.63,0.11675
2335,10306,62621,33.399,566.68,370.32,0.20955
2336,10062,62586,23.996,681.21,302.37,0.38516
2336,10705,61816,35.385,284.18,109.28,0.44453
2337,9661.4,62491,26.63,747.85,565.83,0.13855
2338,10186,62568,32.949,331.83,215.85,0.21176
2342,9674,63036,27.336,531.39,331.36,0.23186
2344,9565.2,62056,32.971,577.75,345.87,0.25106
2348,9972.8,63717,24.673,749.25,419.43,0.28222
2349,9846.6,63268,16.166,1048.3,609.95,0.26434
2349,10593,62919,37.13,195.89,139.34,0.16869
2350,9658.7,63792,34.505,732.3,526.08,0.16388
2350,9816.8,63234,32.35,293.88,203.19,0.18244
2350,10683,63907,27.575,397.51,295.75,0.14679
2351,10534,63829,35.848,407.43,200.86,0.33959
2353,9174.2,63826,26.365,254.28,106.8,0.40846
2353,9308.8,62260,37.077,164.64,147.65,0.05441
2353,9669.7,64153,30.624,395.21,131.5,0.50066
2355,9639.2,63041,28.067,262.12,273.17,-0.020639
2355,10683,62783,22.276,797.31,353.85,0.38523
2355,11174,62207,27.61,440.88,337.65,0.13259
2356,9575.6,63004,20.571,312.66,207.83,0.2014
2356,9853.3,63849,31.175,452.44,252.78,0.28311
2356,10684,62915,24.99,553.28,434.39,0.12037
2357,11310,62324,23.039,316.37,151.67,0.35187
2358,9265,61470,33.179,246.78,141.48,0.27121
2358,11120,63218,36.775,238.23,123.56,0.31697
2358,11358,62318,28.236,290.07,183.16,0.22591
2359,11534,62157,24.932,581.91,547.75,0.030234
2360,9323.7,61505,37.066,943,639.46,0.19182
2360,9576.7,63015,34.648,198.51,291.14,-0.18916
2360,11593,62121,28.819,302.33,426.79,-0.1707
2361,9405.6,61444,22.884,600.99,415.57,0.1824
2361,9564,62996,18.942,259.07,282.07,-0.042518
2361,10684,63794,30.414,287.51,280.09,0.013079
2361,11519,64094,31.146,292.73,152.52,0.31489
2362,9569,63002,19.173,219.48,201.38,0.043012
2363,9579,62997,27.225,194.71,222.76,-0.067182
2363,10862,63962,37.618,329.45,346.79,-0.025638
2363,11000,63290,35.155,404.49,432.9,-0.033936
2363,11419,61997,23.521,334.16,318.46,0.024053
2364,9562,63014,27.687,325.71,299.9,0.041256
2364,10784,63969,29.623,475.51,147.79,0.52578
2365,8876,61860,25.573,977.51,666.68,0.18905
2365,10650,63920,19.722,581.99,275.76,0.35702
2366,8977.3,63746,27.46,267.54,156.8,0.26097
2366,9534.6,63015,30.631,153.65,170.64,-0.052388
2366,10611,64017,21.928,610,297.57,0.34425
2367,8850.7,62534,30.809,415.37,266.28,0.21871
2367,8946.2,63539,24.471,252.1,141.1,0.2823
2368,9818.9,61906,31.4,279.1,332.82,-0.087778
2369,9570.3,62426,19.918,281.43,113.2,0.4263
2369,9589.2,62960,20.894,540.09,453.02,0.087678
2369,9489.5,63790,33.256,622.52,408.89,0.20713
2370,9589.4,63010,24.915,303.17,270.46,0.057033
2372,9024.1,61504,21.009,653.42,509.6,0.12365
2372,9623.8,62436,19.485,312.37,119.34,0.44714
2372,9608.1,63133,27.434,906.32,1077.8,-0.086444
2373,9033.7,61447,21.526,188.4,248.23,-0.13703
2373,10964,63837,34.924,557.15,448.28,0.10828
2374,10883,64133,38.447,909.78,477.12,0.31196
2375,8939.6,64219,33.628,1058.5,783.11,0.14952
2376,8749.9,62711,27.89,393.74,210.37,0.30354
2376,9001.9,64260,28.135,768,493.11,0.21798
2377,8765.5,64360,33.958,1039.2,611.02,0.25948
2378,10428,61500,19.052,586.33,352.39,0.24921
2379,10879,63685,24.393,337.49,396.01,-0.079782
2380,8813.5,62771,32.054,300.42,201.07,0.1981
2380,10443,61569,35.286,332.2,312.6,0.03039
2380,10788,63710,31.333,792.64,724.87,0.044655
2381,8921.7,62836,31.784,253.16,242.48,0.021553
2381,8879.5,64303,24.732,430.72,366.33,0.080788
2381,10297,62522,30.537,415.27,107.43,0.58894
2381,10848,63666,27.595,815.21,1025.1,-0.11407
2382,10208,62750,29.394,369.84,205.7,0.28519
2382,10410,61517,18.908,872.07,497.86,0.27316
2383,10148,61488,27.95,444.79,297.65,0.19819
2383,10246,62699,29.053,605.09,402.22,0.2014
2383,10839,64324,34.541,507.55,285.36,0.28022
2384,9780.9,63116,26.115,636.33,310.96,0.34347
2384,10384,62866,31.974,745.75,563,0.13964
2385,10092,64133,23.503,881.64,959.1,-0.04208
2385,10180,63120,22.462,1539.2,736.53,0.35271
2386,10124,64259,20.917,1106.9,928.34,0.087723
2386,10086,63137,32.562,583.31,412.43,0.1716
2387,9873.4,64229,28.991,508.97,556.61,-0.04471
2387,10083,63165,25.822,420.42,131.77,0.52273
2387,10693,64006,35.319,383.79,599.17,-0.21912
2387,11160,62790,34.427,256.16,172.27,0.1958
2388,9980.8,63243,20.728,765.03,484.13,0.22487
2388,9936.4,64219,19.615,315.63,258.39,0.099727
2388,11038,62774,35.294,466.31,121.92,0.58545
2389,10999,63293,37.049,496.93,334.61,0.19521
2390,11457,63228,31.102,278.1,260.35,0.032968
2391,10427,62776,38.236,351.05,140.35,0.42877
2392,10856,61858,28.135,310.64,187.15,0.24808
2393,9165.6,61703,31.166,366.53,197.33,0.30008
2396,10784,63924,26.769,333.86,298.79,0.055439
2397,11257,61733,38.262,199.2,149.33,0.14307
2398,8736,61768,35.097,427.74,203.76,0.35467
2398,8883.7,62620,31.101,387.22,171.56,0.38593
2405,9464,63686,25.958,627.84,281.9,0.38026
2406,9166.6,63690,30.541,831.43,419.13,0.32969
2407,11546,61780,36.609,351.81,243.66,0.18162
2408,9401,63727,31.954,125.08,163.73,-0.13384
2410,9605,61445,27.018,673.71,503.49,0.1446
2411,9045.7,62451,27.814,634.08,433.24,0.18817
2412,9139.6,62512,28.118,454.99,178.11,0.43733
2416,10717,61674,20.645,509.89,209.71,0.41715
2417,9290,63716,34.155,378.23,317.3,0.087603
2417,10661,61634,34.992,333.23,290.89,0.067842
2419,10260,61842,28.174,1141.5,419.68,0.46235
2420,10982,61825,25.705,469.67,327.2,0.17879
2420,11345,62589,27.845,501.27,381.03,0.13629
2421,9416.9,61517,37.182,606.49,239.12,0.43444
2422,9216.4,62531,37.838,487.1,381.83,0.12115
2425,10452,63488,32.639,352.34,107.58,0.53218
2425,11105,62235,40.726,1474.1,1045.2,0.17023
2426,9190.2,62554,36.987,301.38,322.64,-0.034066
2426,9830,62162,38.352,311.99,149.51,0.35206
2426,10415,63480,26.942,304.27,213.21,0.17597
2426,10768,62146,22.422,592.24,238.68,0.42551
2426,11251,62529,33.367,476.7,140.56,0.54458
2428,9072.6,62443,30.019,722.51,546.64,0.13857
2428,10445,63421,35.958,344.39,129.43,0.45368
2428,11025,64380,23.004,676,748.63,-0.050976
2428,11166,63038,32.025,440.53,351.93,0.11181
2429,9535.1,63769,15.364,1571.9,122.2,0.85573
2429,11067,64381,21.794,365.17,330.72,0.049516
2430,9880.5,63782,19.563,908.97,331.59,0.46542
2430,11632,62578,28.197,496.23,440.41,0.059594
2431,8867.8,63387,35.839,769.15,481.11,0.23039
2431,9611.3,63761,18.513,922.69,200.05,0.64364
2431,11576,62568,26.215,504.26,225.64,0.38173
2432,9669.4,63619,27.062,898.32,370.89,0.41555
2433,8969.8,62334,33.246,537.02,311.29,0.26609
2433,10313,63731,35.179,223.76,139.56,0.23176
2434,9472.1,63686,21.033,456.42,139.96,0.53064
2434,11103,64081,37.514,347.43,280.07,0.10734
2435,10824,63761,40.055,376.43,350.03,0.036334
2436,11536,63457,25.487,680.62,572.11,0.086617
2437,8687.7,62772,35.223,774.8,493.59,0.2217
2437,9445.2,63727,17.116,355.68,108.22,0.53345
2438,8915.1,62939,27.334,871.64,877.32,-0.0032504
2438,9632.4,61791,30.474,281.39,148.64,0.30869
2439,9485.1,63642,17.415,735.51,284,0.44287
2439,10390,63262,29.119,363.15,178.57,0.34072
2443,9337.8,63689,26.239,457.97,288.47,0.22707
2444,9474.3,63653,35.857,408.56,311.38,0.13498
2445,8930.6,62037,35.593,339.45,284.81,0.087523
2445,9433.6,63629,35.813,278.5,211.21,0.13741
2445,9636.7,62166,28.798,269.62,167.22,0.23443
2445,11601,63829,30.511,298.53,263.37,0.062572
2447,9386.8,62551,32.336,650.15,399.55,0.23873
2448,8815.8,64004,31.113,391.06,144.93,0.45922
2448,11415,61485,31.138,665.98,462.24,0.18058
2449,9375.4,62431,34.796,595.23,327.44,0.29023
2451,10227,63468,27.953,550.17,298.6,0.2964
2453,10362,63596,20.717,588.65,405.19,0.1846
2455,10043,63230,32.612,414.81,294.22,0.17008
2456,10210,63564,30.022,206.01,165.91,0.10782
2456,10725,61536,38.541,631.5,181.32,0.55386
2458,9265.6,63483,25.067,242.26,195.01,0.10807
2458,10387,62152,36.695,282.75,276.43,0.011295
2460,10381,62591,33.319,509.52,193.62,0.44927
2460,11104,63668,14.98,494.59,298.45,0.24732
2462,9833.7,62615,35.604,278.15,184.83,0.20157
2462,10801,63969,36.43,491.48,418.9,0.079725
2463,11401,62397,29.08,669.98,461.22,0.18455
2466,9688.3,62992,20.76,536.19,372.17,0.18057
2466,10669,63945,21.944,728.7,620.74,0.080002
2467,10709,63902,19.07,920.97,496.85,0.29914
2468,10756,63835,25.302,449.41,267.83,0.25318
2468,11548,63428,31.751,191.88,142.38,0.14809
2469,9949.3,62590,27.654,629.09,474.56,0.14002
2469,10529,63760,23.984,758.55,351.14,0.36714
2470,10946,63773,24.641,250.4,358.71,-0.17783
2471,8692,63863,29.486,179.95,160.87,0.055989
2471,10769,64315,31.773,329.82,409.48,-0.10775
2471,10944,63792,24.671,467.13,128.59,0.56829
2472,10946,63877,25.169,953.44,163.49,0.70725
2473,9033.6,62407,36.691,290.2,150.84,0.31597
2474,8732.4,64131,29.459,596.2,647.52,-0.041263
2475,10425,61482,33.85,514.67,281.64,0.29264
2475,11553,62602,32.331,200.6,187.18,0.034618
2476,8900.3,62636,20.289,438.38,516.34,-0.081663
2477,9000.4,62598,28.659,326.85,383.05,-0.079162
2477,10977,63164,22.826,639.52,607.95,0.025304
2478,8682.5,64093,31.884,146.39,103.03,0.17386
2479,9253.6,62572,29.962,250.77,160.3,0.22008
2479,9619.3,62949,22.994,228.15,325.63,-0.17602
2479,10723,61953,37.504,621.03,352.4,0.27597
2480,10416,62040,30.172,900.94,571.91,0.2234
2480,10867,61507,26.478,273.57,145.62,0.30524
2481,9962.3,62427,29.162,309.88,313.15,-0.0052436
2481,10619,62008,29.304,467.98,305.43,0.21018
2482,11476,61433,35.585,470.96,352.2,0.14427
2483,9986.1,62655,36.479,434.11,300.2,0.18237
2484,9837.3,63984,32.899,934.86,646.28,0.18251
2485,10057,61574,22.195,308.68,155.32,0.33052
2486,10354,61546,28.281,421.66,335.73,0.11345
2486,11616,62596,18.571,530.16,508.57,0.020786
2487,9895.8,63124,28.308,450.36,460.91,-0.011576
2487,11621,62604,19.865,482.81,392.23,0.10352
2488,11170,63713,37.388,319.39,214.84,0.19569
2488,11567,62549,15.358,354.87,225.14,0.22367
2489,8879.5,62104,25.435,439.39,343.87,0.12194
2491,8824.3,61715,34.255,271.6,594.31,-0.37268
2491,9503.3,62364,32.942,130.7,213.66,-0.24091
2491,11117,62355,25.123,217.81,108.48,0.33507
2491,11220,63860,36.513,481.99,212.41,0.38821
2492,9562.1,62432,21.953,324.18,239.12,0.15102
2492,11193,63778,14.005,993.75,733.1,0.15094
2493,11090,63779,18.153,433.85,443.83,-0.01137
2494,9390.5,61647,28.573,395.66,568.29,-0.17909
2494,10847,63856,24.961,466.08,373.94,0.10969
2497,11339,63789,33.735,543.66,345.96,0.22223
2498,8838.2,63050,34.824,190.27,160.23,0.085716
2500,11196,64342,24.818,432.91,335.51,0.12676
2501,9371.8,63823,31.21,448.55,390.75,0.068874
2501,11284,63266,32.08,196.47,156.5,0.11322
2502,10999,62156,35.193,323.64,394.59,-0.098795
2503,10538,62511,38.66,719.25,505.32,0.17469
2503,11472,63600,29.408,656.07,487.97,0.14694
2504,10354,62454,25.447,754.9,458.74,0.24403
2504,10377,62362,38.426,651.31,390.63,0.25019
2504,10817,63796,23.577,568.06,516,0.048023
2505,10353,62255,19.631,1048.2,562.51,0.30152
2505,10744,63918,21.269,446.44,200.28,0.38063
2506,10325,62242,28.977,822.31,551,0.19756
2506,10751,63928,18.07,474.36,312.98,0.20497
2507,10691,62076,33.612,667.16,428.76,0.21754
2507,10724,63796,27.574,637.02,671.82,-0.02659
2508,10890,62075,16.323,1062.1,389.24,0.4636
2508,10911,63391,25.08,543.29,284.94,0.31194
2509,8936.3,62448,28.663,282.98,180.09,0.22218
2509,10857,63490,25.573,529.22,206.75,0.43816
2510,10871,61703,33.163,504.06,265.77,0.30954
2512,11055,61657,37.963,199.93,182.02,0.046882
2514,10940,61892,29.324,414.36,415.22,-0.0010414
2515,10761,62074,32.788,225.67,230.08,-0.0096716
2516,10075,63639,34.607,427.88,260.16,0.24376
2516,10856,62067,23.49,656.24,365.25,0.28487
2517,9558.3,61758,38.59,494.11,229.52,0.36565
2518,9962,63069,25.924,599.43,392.17,0.20902
2518,10705,63819,21.61,472.12,189.8,0.42652
2518,10923,62154,30.827,760.3,352.31,0.3667
2519,9867.6,63074,32.956,300.05,240.87,0.10941
2519,10531,63899,17.823,546.99,313.02,0.27206
2520,9570,62355,25.646,397.28,150.19,0.45132
2520,10574,63982,23.137,451.78,174.7,0.44229
2521,10502,63824,31.846,218.57,116.8,0.30347
2521,11635,64120,25.723,516.57,302.28,0.2617
2525,9838.9,63323,31.335,406.9,328.66,0.10637
2526,10313,61797,25.833,995.26,592.16,0.25394
2526,10702,61805,32.325,434.61,199.4,0.37099
2527,8940.9,61521,19.747,547.54,608.79,-0.05297
2527,9716.5,63817,17.53,952.97,186.43,0.67276
2528,8890.4,61425,32.749,1114.2,1258.9,-0.060975
2528,9792.6,61522,26.592,1227.8,683.66,0.28466
2528,10192,61487,32.475,861.03,584.08,0.19164
2529,9788.8,61492,21.486,1244.5,1096,0.063415
2530,8856.5,61788,24.521,282.69,185.4,0.20783
2530,10566,62891,29.124,432.56,269.9,0.23155
2531,9506.7,61526,35.072,301.64,127.37,0.40623
2532,10363,63484,23.822,242.76,161.65,0.20057
2534,8843.5,62102,33.901,605.3,414.49,0.1871
2534,9431.8,63633,30.436,416.48,300.77,0.16133
2534,10708,61770,28.767,360.04,202.93,0.27907
2534,11422,63124,20.955,418.94,136.03,0.50979
2536,8809.6,62384,36.917,204.69,231.66,-0.061804
2536,9569.6,62570,24.682,351.93,504.64,-0.17827
2538,11457,62566,25.465,532,594.58,-0.055553
2539,10333,62328,33.428,463.95,303.07,0.20975
2539,11559,62681,35.507,588.93,585.12,0.003251
2540,11479,63821,32.854,333.27,183.72,0.28926
2541,8803.2,62253,31.792,431.92,265.57,0.2385
2541,9933.5,62128,32.426,235.84,102.5,0.39411
2542,9972.5,62099,25.99,456.09,393.09,0.074199
2544,11015,63713,15.739,530.35,486.77,0.04284
2545,11002,63723,11.682,616.66,621.69,-0.0040598
2546,11003,63723,17.654,476.14,602.45,-0.11711
2547,9600.8,62419,19.715,374.63,146.88,0.43672
2548,9679.5,62513,17.325,537.94,251.54,0.36278
2550,8965.8,63053,34.776,254.64,102.98,0.42408
2551,9828.3,62106,33.929,375.82,343.74,0.044575
2552,9589.4,62373,16.719,605.22,338.98,0.28197
2552,10366,63141,37.67,265.05,135.66,0.32289
2553,10532,61903,26.516,431.53,195.33,0.3768
2554,8885,64304,26.321,539.91,266.62,0.33885
2554,9591.3,62955,15.693,670.29,265.47,0.43261
2554,10278,61901,17.294,1410.5,890.77,0.22586
2555,9017.9,64355,39.149,934.19,757.22,0.10463
2555,9529.9,62943,17.834,680.02,527.29,0.12651
2555,10239,61926,32.638,432.1,261.68,0.24564
2556,9550,62944,27.34,313.39,337.97,-0.037724
2556,9440.3,63600,37.181,710.72,399.65,0.28016
2556,11083,61731,34.659,372.92,218.92,0.26021
2556,11524,64074,35.283,228.92,158.6,0.18146
2557,10254,61867,30.576,677.67,222.23,0.5061
2557,10265,62122,27.844,940.62,441.67,0.36095
2559,9311.5,62771,26.737,531.18,396.53,0.14514
2559,10505,63957,28.884,408.98,354.58,0.071253
2561,8876.4,63557,33.15,268.48,264.34,0.0077642
2561,9196.8,64203,30.49,382.92,115.74,0.5358
2562,10328,63788,28.786,284.91,131.31,0.36904
2563,11109,62550,29.151,257.45,156.01,0.24535
2564,9128.5,62646,37.017,520.79,317.04,0.24319
2564,11354,62586,32.523,341.66,386.74,-0.061886
2566,9531.1,63302,23.638,454.09,212.79,0.36184
2568,9964.8,63852,44.148,280.93,257.84,0.042855
2569,10832,61818,27.469,530.94,281.28,0.30737
2570,9211.7,62680,23.883,248.69,199.76,0.10913
2570,10030,63894,22.833,535.14,329.54,0.23778
2570,10761,61971,34.152,716.21,461.26,0.21652
2570,10756,62019,34.605,676.62,447.65,0.20366
2571,10078,63887,23.286,590.4,349.43,0.25639
2572,10127,63685,28.501,769.2,512.8,0.19999
2573,8915.4,61850,33.457,181.22,140.56,0.12637
2573,11035,62056,32.06,338.94,200.69,0.25619
2574,9383.9,63355,30.29,276.75,128.02,0.36744
2575,10675,63855,27.246,335.07,364.16,-0.041607
2575,11479,63337,27.288,213.92,188.87,0.062197
2576,10778,63859,15.532,712.29,653.06,0.04338
2577,8897.7,62040,30.343,534.77,139.88,0.58532
2577,10312,62638,27.692,371.62,118,0.518
2577,10724,63817,27.195,360.86,308.32,0.078515
2577,11060,61623,32.295,423.07,339.98,0.1089
2577,11631,61879,29.717,331.05,199.55,0.24783
2578,8894.4,62663,30.785,279.57,263.78,0.029068
2578,9722.4,64017,31.864,352.85,260.7,0.15019
2578,10188,62879,23.827,571.11,240.51,0.40733
2579,9755.9,63965,32.668,303.21,217.61,0.16437
2580,9742.8,62334,27.659,748.73,405.97,0.29684
2581,9920.9,63764,26.112,346.36,163.89,0.35761
2581,10180,62231,34.769,566.81,516.55,0.046398
2581,10900,63712,30.234,518.64,257.02,0.33728
2582,11073,63630,17.523,651.67,296.13,0.37512
2583,9708.8,61822,32.074,458.44,171.56,0.45536
2583,11087,63645,14.113,622.89,289.88,0.36484
2584,11167,63669,31.239,581.66,345.26,0.25504
2584,11478,62268,36.245,225.59,131.66,0.26292
2586,11381,63468,37.274,363.15,303.35,0.089714
2587,11535,62612,23.752,215.46,153.47,0.16803
2587,11410,63560,34.651,403.37,452.36,-0.057246
2588,9187.2,62721,31.607,381.89,345.23,0.050425
2589,9079.7,62696,24.2,733.77,483.76,0.20534
2589,10343,61706,30.628,639.19,404.19,0.22523
2589,11196,62837,34.8,197.45,178.6,0.050114
2591,9975.8,61796,28.349,559.41,471.88,0.08487
2591,9973.1,62521,32.332,397.24,140.18,0.47832
2592,9554,62924,18.631,575.74,397.41,0.18325
2592,10900,63776,20.502,415.67,214.71,0.31879
2593,9516.3,62776,26.204,364.8,185.22,0.32649
2594,10258,64311,21.902,602.16,226.88,0.45266
2596,9734.3,61582,33.338,352.29,180.77,0.32176
2597,9085.7,63531,26.735,248.62,168.48,0.19211
2597,9932.1,61757,35.275,270.53,337.3,-0.10985
2598,8962.3,62062,33.132,191.64,151.61,0.11662
2598,9896,63719,36.326,252.5,129.92,0.32055
2600,11446,62122,33.417,265.95,204.94,0.12957
2601,9383,63526,35.909,950.3,585.94,0.23718
2603,9691.1,62095,35.294,266.33,212.07,0.11343
2605,8986.3,63827,33.987,207.23,264.83,-0.12201
2605,10548,63786,40.321,333.3,318.24,0.023106
2606,8920.7,63722,34.327,442.75,436.57,0.0070285
2606,11341,61410,35.995,559.96,464.92,0.092728
2607,9308.2,61745,33.833,127.11,104.13,0.099356
2607,9359.9,62651,30.145,427.82,279.8,0.20918
2608,9535.6,62450,24.411,201.64,119.26,0.25671
2609,9483.2,62640,26.074,408.09,267.94,0.20731
2610,9494.7,62698,31.887,300.16,562.92,-0.30445
2610,9736.5,63971,23.968,397.87,279.05,0.17554
2617,9595.3,62927,10.951,600.93,248.55,0.41481
2618,9337.4,62930,29.241,566.41,344.54,0.24356
2618,11157,63752,23.97,316.18,254.67,0.10776
2619,11046,63683,16.406,306.82,166.1,0.29755
2620,11016,63780,28.413,521.19,247.69,0.35571
2620,11038,63778,25.686,913.31,483.54,0.30768
2621,8816.3,62153,26.268,382.4,179.62,0.36081
2621,10910,61790,33.971,464.46,137.64,0.54281
2622,8694.3,62279,25.237,563.71,463.3,0.097769
2623,8700,62326,31.026,226.24,151.04,0.19934
2627,10407,63409,34.205,197.42,169.65,0.075642
2628,9379.8,62328,20.719,651.49,212.28,0.50847
2628,9714.1,64024,25.257,231.63,221,0.023472
2629,9292,62363,23.783,942.31,603.52,0.21916
2630,9305.9,62259,33.637,558.17,469.56,0.086223
2630,9347.3,63924,28.96,232.21,137.04,0.25773
2630,11032,63854,28.067,825.62,689.11,0.090126
2635,8826.3,63677,29.636,685.87,456.01,0.2013
2638,8962.6,62334,28.72,318.85,366.41,-0.069416
2642,9927.1,64242,33.275,287.69,178.64,0.23384
2643,9255,62390,27.052,334.69,265.55,0.11519
2643,11146,63886,37.21,280.06,136.95,0.34318
2644,11647,63868,30.468,436.12,328.36,0.14097
2646,9352.6,63674,35.584,500.95,351.71,0.17502
2646,11384,63359,35.509,198.26,173.89,0.065494
2647,9547.6,62545,21.642,499.77,152.58,0.53221
2647,9508.2,63544,33.882,383.26,251.48,0.20762
2647,10017,64348,26.15,548.95,377.38,0.18521
2648,9138.8,62654,30.149,939.11,471.6,0.3314
2648,11321,61609,41.327,324.38,194.58,0.25012
2651,9857.3,62411,34.331,332.94,279.13,0.08792
2652,11402,62193,29.403,554.79,489.35,0.062673
2653,10844,61986,35.223,564.74,250.73,0.38506
2654,9879.9,62368,31.407,446.72,338,0.13855
2654,10098,61556,26.696,449.51,251.37,0.28269
2654,10872,62049,28.185,659.52,366.37,0.28576
2655,9579.6,62383,25.841,768.72,428.68,0.28398
2658,8954.1,61557,23.284,643.14,339.31,0.30926
2658,9603.4,62567,34.413,249.81,228.28,0.045034
2658,10556,63233,26.401,273.63,191.8,0.17581
2662,9057.4,61815,26.811,394.16,287.93,0.15575
2662,9802.6,64165,32.07,521.28,633.05,-0.096829
2662,10235,62701,35.097,539.33,623.99,-0.07278
2663,11443,61730,19.407,694.42,207.88,0.53922
2664,9737.6,62430,29.751,309.07,209.96,0.19095
2665,9637,62335,25.453,533.36,242.36,0.37513
2665,10251,62332,34.235,383.09,355.7,0.037081
2666,10045,64020,37.951,376.76,154.47,0.41845
2667,10370,62253,25.756,970.53,434.51,0.3815
2667,10832,63693,33.083,275.93,312.35,-0.061896
2667,11300,62187,36.536,299.45,186.35,0.23281
2668,10829,63816,29.036,308.4,335.52,-0.042117
2668,11263,62221,20.788,502.75,393.24,0.12222
2669,10058,62242,32.674,514.61,310.71,0.24705
2669,10811,63875,29.78,197.75,140.83,0.16812
2672,11405,61864,33.721,488.17,444.17,0.047199
2674,10327,63035,24.196,443.51,217.13,0.34268
2675,9718.1,62636,31.775,174.88,120.17,0.1854
2675,9843.7,61551,37.184,285.03,313.9,-0.048194
2675,10120,63889,26.876,442.22,220.98,0.3336
2676,8934.6,62969,32.602,777.11,213.5,0.56895
2676,10159,63878,24.191,270.13,214.56,0.11466
2678,8968.1,62663,30.982,503.69,362.22,0.16337
2678,10625,62295,29.614,309.35,133.28,0.39779
2680,8732.8,61929,26.262,316.89,122.67,0.44185
2680,10207,62773,29.845,616.8,163.89,0.58014
2681,10169,62461,38.129,125.57,162.27,-0.12749
2684,9596.2,63991,24.214,376.13,326.18,0.071127
2684,9846.1,63098,30.694,322.56,145.68,0.37777
2685,9470.5,63645,36.169,235.53,154.35,0.20822
2687,8799.3,64153,33.735,537.06,506.98,0.02881
2688,9514.1,62293,31.422,251.86,251.95,-0.00017448
2688,9423,63395,31.279,221.01,129.87,0.25975
2688,11559,62537,24.65,195.36,132.94,0.19014
2689,9595,62212,30.721,294.86,113.41,0.44446
2690,9273.5,64179,30.778,399.88,348.15,0.069148
2691,9508.1,62236,30.432,408.39,224.56,0.29043
2691,10439,63398,35.15,179.54,195.77,-0.043246
2692,9797.1,63944,21.271,844.92,563.53,0.19979
2692,10282,63474,34.388,254.71,141.31,0.28635
2693,11297,62598,38.196,450.67,268.15,0.25392
2697,10022,63279,25.242,644.28,561.35,0.068779
2700,10126,63836,24.733,405.48,178.75,0.38808
2701,10424,63524,34.35,320.22,408.03,-0.12059
2703,10457,61520,28.03,272.92,271.84,0.0019933
2704,10443,61459,27,295.77,137.47,0.36538
2704,11036,63709,29.757,538.27,426.05,0.11636
2706,11207,62489,28.171,357.68,294.73,0.096491
2707,11137,62663,33.406,548.78,666.84,-0.097123
2709,8943.9,61534,25.947,302.4,253.98,0.087019
2711,9687.6,61503,36.458,289.6,179.21,0.23547
2712,9716.7,62993,27.211,231.49,128.15,0.28735
2713,11519,62625,28.544,553.47,637.69,-0.070705
2714,8861,62849,30.953,629.97,263.52,0.41014
2714,10670,64022,22.867,578.79,326.69,0.27842
2714,10997,62808,23.393,234.94,134.36,0.27236
2714,11587,62635,14.106,675.5,557.39,0.095798
2715,10612,63923,14.105,647.23,359.9,0.2853
2716,9170.3,62850,31.254,580.51,356.47,0.23911
2716,9172.3,63424,33.48,447.31,573.99,-0.12403
2717,10574,62771,36.138,316.46,164.73,0.31532
2718,10207,63088,35.581,504.12,440.64,0.067191
2719,10801,63874,34.611,344.27,131,0.44874
2720,10402,63442,18.206,473.78,418.79,0.061603
2720,11509,62617,27.152,574.66,468.5,0.10177
2721,11544,62717,33.538,309.01,240.05,0.1256
2722,11362,62751,31.763,238.4,234.73,0.0077507
2723,11507,62572,22.318,718.64,379.23,0.30915
2725,9899.3,61663,33.523,666.73,472.99,0.16999
2726,8865,62138,29.466,836.89,647.62,0.12749
2726,9301.2,61438,25.033,683.62,406.16,0.2546
2726,9348.7,63917,27.366,473.3,348.51,0.15184
2727,9282.2,61428,19.308,1377.1,993.05,0.16203
2727,11154,63719,25.071,827,441.44,0.30397
2728,8943.2,61674,34.129,328.83,363.71,-0.05037
2728,9569.5,63591,34.309,254.62,110.84,0.39344
2728,10607,63489,34.211,475.6,323.77,0.18995
2729,10393,62296,26.301,453.28,477.74,-0.026275
2730,8706.7,62861,29.222,190.14,185.87,0.01137
2730,9401.8,63361,30.069,484.16,552.85,-0.066233
2730,10467,62736,32.732,306.64,122.21,0.43005
2731,9281.1,63769,29.047,419.04,239.08,0.27345
2731,10035,62849,32.361,304,255.17,0.087327
2732,10873,63680,18.872,614.83,256.6,0.41108
2737,9630.4,61434,28.629,561.22,176.37,0.52177
2737,9607.5,63939,35.122,425.54,202.6,0.35491
2737,10720,62615,31.295,340.49,289.42,0.08107
2738,9567.3,63763,22.552,530.61,417.39,0.11943
2740,8987.7,62147,38.092,285.23,117.48,0.41655
2740,10809,63294,27.913,493.81,303.76,0.23829
2741,9153.3,61907,25.433,355.92,171.54,0.34956
2741,9471.5,63171,31.585,676.96,342.86,0.3276
2741,9936,63972,37.485,411.11,134.62,0.50664
2742,9198.1,61996,19.911,606.27,338.37,0.28359
2742,9482.8,62963,31.614,553.62,619.75,-0.056358
2742,10866,63810,26.721,747.72,618.15,0.09486
2743,9152.4,61998,19.767,682.68,464.41,0.19028
2743,10916,63770,19.958,651.49,843.62,-0.1285
2743,11145,63102,35.215,317.28,318.66,-0.0021739
2744,8752.8,62052,29.279,1073.8,761.93,0.1699
2744,9061.1,63385,33.945,373.94,222.92,0.25301
2744,10562,63481,30.241,1128.2,1124.2,0.0017612
2744,10566,61666,36.407,397.48,100.93,0.59499
2745,9094.3,63481,32.873,235.76,267.35,-0.06279
2745,10647,61547,33.85,725.88,482.22,0.20169
2747,8757.1,61625,33.11,184.54,111.05,0.24864
2747,9535.7,63336,37.785,364.43,273.91,0.1418
2749,11367,61769,30.843,299.13,257.42,0.074953
2750,9845.4,61702,29.655,263,106.65,0.42295
2751,8759.9,61840,34.613,358.89,200.27,0.28366
2751,10092,64363,29.537,237.08,266.79,-0.058973
2752,10450,61490,30.575,407.59,246.43,0.24641
2752,10552,62112,24.708,448.09,327.92,0.15485
2752,11473,62545,29.979,409.17,462.35,-0.061011
2753,9955.1,63517,29.799,123.97,132.31,-0.032553
2754,11215,62547,18.973,801.77,343.61,0.40001
2755,11082,61796,32.227,507.26,414.58,0.10054
2755,11192,62527,22.728,961.48,273.36,0.55726
2756,9745.8,63912,24.947,409.11,177.53,0.39476
2756,11277,62374,27.341,612.05,282.42,0.36852
2757,10283,63028,26.966,665.33,230.73,0.48502
2758,8959.1,62985,32.843,227.89,104.57,0.37094
2758,10888,62269,21.049,736.9,388.65,0.3094
2759,10953,62462,28.949,473.55,186.43,0.43503
2760,8841.2,63465,28.355,216.27,171.16,0.11642
2760,9216.6,61807,13.494,1158.7,522.23,0.37863
2760,9452.5,63778,23.772,707.74,336.43,0.3556
2760,10221,61628,32.28,327.91,219.53,0.19798
2760,11056,62639,26.765,618.44,256.75,0.41327
2761,9462.4,63918,37.17,767.87,527.94,0.18516
2761,9369.3,62638,30.733,643.37,379.1,0.25847
2761,11196,62738,25.876,505.03,177.73,0.47938
2762,8737.5,63061,28.795,752.03,305.56,0.42216
2762,9479.4,63910,27.26,586,202.21,0.4869
2762,9541.8,62438,18.932,602.52,395.34,0.20762
2762,11303,62706,26.342,414.34,108.11,0.58614
2763,9588.4,62908,12.544,484.79,262.52,0.29742
2764,11277,62323,23.729,587.41,274.99,0.36227
2765,9943.3,61976,33.047,455.81,269.52,0.25683
2765,10177,62870,33.321,327.68,327.31,0.0005722
2766,9607.9,61907,31.745,330.52,189.46,0.27126
2766,10299,63043,28.986,392.23,103.33,0.58298
2766,10493,63908,22.595,403.19,240.3,0.25315
2766,11163,62557,21.944,965.34,331.61,0.48863
2767,9195,63686,18.61,641.22,493.11,0.13057
2767,10544,63806,18.858,762.01,263.95,0.48546
2767,10831,62329,38.552,224.39,106.07,0.35805
2767,11339,62616,33.098,335.39,236.9,0.17211
2768,11209,62253,27.475,359.34,289.41,0.10779
2769,8841.5,62581,27.063,640,422.42,0.2048
2769,10070,64328,35.828,330.47,298.09,0.051508
2769,10265,63852,37.346,476.02,455.64,0.021876
2769,10622,62775,38.011,228.05,194.22,0.080109
2769,11302,62239,14.442,325.68,273.24,0.087553
2770,9207.8,62719,26.725,312.91,102.14,0.50783
2770,11282,62233,14.602,382.89,226.28,0.25709
2771,9548.6,62556,27.862,559.74,307.52,0.29083
2771,11276,62200,13.943,405.69,357.35,0.063355
2772,10030,63360,29.026,603.22,602.11,0.00092642
2773,9395.8,61968,28.319,328.64,199.33,0.24492
2774,8920.8,63324,31.128,698.64,330.95,0.35713
2774,11481,62670,27.697,232.99,288.36,-0.10621
2775,8883.6,63480,22.268,1087.7,474.04,0.39294
2775,10388,61453,31.954,240.12,106.18,0.38679
2775,10746,62953,25.734,740.81,478.48,0.21515
2777,10368,64239,28.47,442.46,333.69,0.14014
2777,10784,62920,27.322,392.89,140.43,0.47337
2778,10881,62842,38.049,302.88,138.45,0.37258
2778,11347,64358,28.979,528.86,265.88,0.3309
2779,9675.1,63708,33.219,293.86,169.42,0.2686
2779,10234,63365,31.1,612.21,330.41,0.29896
2780,9715.1,63412,34.398,975.35,873.4,0.055142
2780,9619.2,62217,22.547,505.62,217.37,0.3987
2780,10203,63299,29.408,343.11,175.54,0.32309
2780,11180,62465,25.387,845.62,430.67,0.32512
2781,9808.2,63600,36.274,647.67,659.29,-0.0088886
2781,10229,63199,31.78,444.21,268.43,0.24666
2782,10203,63333,34.21,439.33,413.32,0.030506
2783,8859.7,64228,32.121,451.9,622.2,-0.15855
2783,10216,61833,26.382,445.77,213.08,0.35317
2783,10466,63147,29.924,459.65,367.36,0.11159
2783,11489,63325,30.729,786.65,321.87,0.41928
2784,9233.4,62704,22.006,728.6,422.36,0.26607
2784,9252.7,63708,21.895,216.99,229.55,-0.028125
2784,11114,63286,34.916,383.07,281.34,0.15312
2785,9206.3,63659,35.882,476.76,296.79,0.23266
2786,9019.2,63715,27.842,412.07,189.37,0.37027
2786,9995.8,62059,22.801,514.37,288.29,0.28166
2787,9032.4,61404,25.053,905.28,581.3,0.21794
2787,8988,62710,34.294,200.01,121.5,0.24421
2787,8871.8,63575,27.043,749.48,511.42,0.1888
2787,10164,61792,25.464,479.87,345.96,0.16215
2788,9038.9,61453,20.512,494.78,558,-0.060058
2788,11232,63739,25.034,776.58,660.35,0.08089
2790,10735,63772,27.641,442.01,241.07,0.29417
2793,8677.5,61971,24.527,235.15,148.47,0.22595
2793,10452,63416,27.416,218.43,148.07,0.19199
2794,10282,61821,27.064,347.6,111.49,0.51429
2799,8750.6,62813,35.793,247.27,138.93,0.28054
2801,9105.1,63040,37.312,236.54,133.04,0.28005
2801,10309,63382,24.373,388.12,355.93,0.043261
2802,11662,61592,28.122,492.06,425.61,0.072409
2803,8701.3,62865,36.938,359.84,361.62,-0.0024601
2806,10639,63806,33.453,691.11,434.21,0.22829
2810,10205,62089,27.265,299.97,181.78,0.24533
2810,11618,62148,31.398,379.89,137.77,0.46772
2812,9604.3,62960,20.069,379.56,237.38,0.23046
2814,11619,63954,26.596,865.09,689.83,0.11272
2815,8748,62834,26.493,451.55,242.76,0.30072
2815,9157.9,63997,29.832,595.52,378.48,0.22283
2815,10439,63932,21.373,680.94,485.04,0.16801
2816,8701.4,62716,30.992,222.61,104.68,0.3603
2816,10690,63901,24.075,554.7,343.49,0.23516
2816,11516,62149,36.797,305.06,257.59,0.084378
2817,9381.7,63862,29.511,324.9,271.53,0.089485
2817,10413,63565,23.399,586.47,397.85,0.19162
2818,9336.6,63741,36.87,220.96,134.87,0.24192
2819,10448,63579,32.695,505.16,448.18,0.059772
2819,10580,63907,30.433,398.4,224.95,0.27826
2820,8715.7,61769,33.34,885.71,386.56,0.39233
2820,10608,63910,27.961,292.71,314.83,-0.036418
2820,10676,62384,39.094,796.93,294.77,0.45998
2821,10368,63049,36.796,237.24,100.58,0.40455
2821,10444,61880,27.391,411.61,165.22,0.42715
2822,9024,63452,30.704,298.38,101.14,0.49369
2822,10468,62066,32.29,486.9,256.48,0.30996
2822,11292,64178,23.855,316.44,235.53,0.14658
2823,8899,62998,32.503,531.31,420.81,0.11605
2823,10413,64383,38.04,354.09,778.91,-0.37496
2825,9516.4,63204,28.434,273.08,149.16,0.29349
2825,10664,62856,35.931,370.76,340.05,0.043202
2826,10667,62929,31.926,587.18,586.39,0.00067496
2827,8900.8,62439,23.873,708.53,457.98,0.21479
2827,9072.3,61741,32.453,429.72,220.09,0.32259
2828,8882.9,62040,34.957,276.58,196.46,0.16938
2828,11205,61630,33.203,357.74,325.56,0.047098
2830,9532.8,62163,18.718,556.55,396.26,0.16824
2830,10413,61917,21.989,346.62,118.49,0.49049
2830,10922,62974,30.845,198.85,173.54,0.067972
2831,9530.5,62112,18.482,923.53,474.74,0.32096
2832,9556.7,62455,14.278,951.3,593.44,0.23167
2832,10494,62172,30.041,462.45,216.47,0.36232
2834,9065,62388,28.325,248.67,187.71,0.13971
2835,9397.5,62896,31.443,353.41,209.51,0.25563
2840,11577,63562,33.435,214.36,168.17,0.12074
2841,9607.6,62363,15.071,474.71,161.85,0.49149
2842,11564,63315,33.472,222.36,250.96,-0.060429
2843,8900,62295,29.98,366.47,216.3,0.25767
2844,10237,61702,36.036,378.97,282.96,0.14504
2844,10659,62607,25.26,273.46,160.71,0.25968
2846,10354,63420,30.908,335.38,338.5,-0.0046272
2847,9586.5,62901,24.844,709.18,598.82,0.084371
2848,8810,61438,36.071,456.33,256.7,0.27998
2848,9512.5,62996,33.665,282.62,280.4,0.0039502
2848,9514.6,63043,33.046,554.01,529.28,0.022825
2849,8902.5,61488,24.55,585.49,380.42,0.2123
2849,9638.3,63149,26.954,725.45,432.28,0.25323
2849,9687.8,63979,31.365,279.77,139.17,0.33562
2850,8837.8,61503,25.764,650.74,398.15,0.24082
2853,9682.4,61425,32.503,377,134.79,0.47327
2854,9614.9,62217,26.969,380.21,170.84,0.37996
2855,8773.7,64015,25.493,1038.7,735.63,0.17083
2855,9575.6,62240,17.667,426.18,138.56,0.5093
2856,11500,63250,30.875,366.12,389.3,-0.030689
2857,9596.8,62255,21.707,425.88,161.19,0.45086
2858,9016.1,63078,34.62,424.7,199.78,0.36017
2858,9987.3,61642,35.449,416.55,261.95,0.22785
2858,10505,61443,32.358,437.12,217.65,0.33519
2861,11416,63547,27.346,300.02,195.32,0.21137
2862,8788.5,62361,29.572,326.25,302.38,0.037972
2862,10143,62254,31.328,245.34,291.26,-0.085585
2863,10291,62113,20.477,721.91,466.45,0.21496
2864,11407,63208,34.273,200.04,205.92,-0.014492
2865,9427.1,63538,34.029,396.38,166.66,0.40799
2866,9527.3,63385,37.974,704.8,203.21,0.5524
2867,10509,63183,36.365,480.4,424.57,0.06169
2867,10872,61539,23.055,292.54,202.62,0.18161
2868,9550.4,64083,35.932,247.52,358.01,-0.18247
2868,10688,61778,43.238,738.03,534.93,0.15955
2869,9517.6,64056,29.504,357.26,283.03,0.11593
2869,10308,62154,31.779,403.22,224.26,0.2852
2869,11048,63756,24.292,800.83,449.37,0.28112
2870,8683,64041,28.449,236.48,182.89,0.12778
2870,9596.3,64179,27.442,449.13,138.62,0.5283
2870,10706,63899,23.269,609.8,280.5,0.36987
2871,9468.6,61989,30.759,454.5,603.13,-0.14053
2871,10765,64041,32.834,933.56,660.63,0.1712
2872,11062,64014,32.615,391.71,465.37,-0.085936
2874,9369.3,61730,28.751,528.76,168.1,0.51755
2874,10757,63890,13.782,870.08,394.84,0.3757
2875,9210.3,61564,32.72,289.46,175.94,0.24391
2875,9230.9,62442,26.722,182.27,129.95,0.16757
2875,10662,64139,22.998,491.92,161.32,0.50609
2877,10948,63799,28.517,394.06,197.84,0.3315
2879,9488.9,64074,28.003,809.86,559.47,0.18286
2879,10223,64315,28.092,759.52,273.43,0.47059
2879,10545,62261,38.491,367.9,241.67,0.20708
2880,8747.2,64185,37.309,665.35,441.2,0.20257
2880,10703,63786,35.695,170.71,102.35,0.25036
2881,8868,64302,31.196,470.79,326.75,0.18062
2881,9822.9,63770,30.352,201.47,101.68,0.32917
2881,10384,62460,29.645,375.2,229.26,0.24144
2883,9246,62997,28.499,319.42,195.58,0.24048
2883,9247.7,63847,27.099,418.07,247.4,0.25647
2883,10843,62295,33.878,762.36,483.21,0.22411
2884,11145,62208,19.857,1138,467.47,0.41765
2885,9469.8,61396,39.335,238.96,157.1,0.20667
2886,10372,61906,27.072,305.06,161.18,0.30861
2886,11464,62274,31.964,732.72,390.39,0.3048
2886,11612,62417,42.481,844.09,489.35,0.26603
2888,10117,61959,25.469,808.75,348.04,0.39826
2888,11114,61671,33.243,394.56,246.9,0.23019
2889,9169.7,63089,37.789,519.59,473.51,0.046403
2889,10022,62015,27.367,995.5,883.84,0.059413
2890,9975.7,62101,18.748,649.39,180.7,0.56462
2890,10957,63090,26.939,906.2,275.73,0.53342
2891,11200,62287,27.963,312.58,113.87,0.46597
2892,11265,62473,24.834,345.76,116.23,0.49682
2893,11033,63298,27.974,637.3,409.05,0.21813
2893,11036,64256,32.357,434.05,422.71,0.01323
2894,10922,62825,34.03,664.98,362.48,0.29441
2895,10027,61469,21.285,722.59,394.25,0.29398
2896,9291.1,61664,28.594,527.49,642.48,-0.098285
2896,9476.3,63014,31.271,282.94,387.89,-0.15646
2896,10235,63790,38.596,528.58,455.28,0.074498
2896,10423,61479,25.563,421.05,223.3,0.3069
2896,10738,63794,19.804,712.41,341.79,0.35157
2898,10713,63271,29.706,389.18,300.06,0.1293
2900,8928.6,61509,33.068,445.95,368.43,0.095182
2901,10735,62167,29.84,565.62,342.72,0.2454
2903,10902,62513,34.704,353.05,356.42,-0.0047438
2904,10304,63600,33.092,796.06,462.98,0.26455
2904,11044,62633,34.337,308.52,134.16,0.39385
2905,10360,63452,21.408,305.92,222.26,0.15838
2905,11615,62610,33.89,359.67,213.88,0.25418
2906,8808,62630,32.948,310.73,196.3,0.22569
2906,11083,64246,20.361,322.32,120.97,0.45421
2907,10578,63966,32.505,514.35,404.09,0.12005
2907,11032,64259,17.284,430.4,330.02,0.13201
2908,8920.8,62503,29.527,212.59,137.59,0.21415
2908,10543,63546,21.534,592.18,486.62,0.097854
2908,11062,64277,24.594,318.28,337.95,-0.029969
2909,8838.8,62667,29.639,628.92,365.23,0.26524
2909,10544,63507,31.623,534.9,589.27,-0.048363
2909,11077,64275,20.803,478.26,395.54,0.094658
2910,9579.4,62453,21.739,468.54,258.22,0.28939
2910,10331,63443,24.006,531.78,496.33,0.034475
2911,9591.6,62398,14.396,404.48,157.49,0.4395
2912,9406.8,63840,27.181,619.31,299.62,0.3479
2912,9583.1,62372,18.494,430.61,262.31,0.24288
2912,10604,63915,27.639,429.89,140.87,0.50638
2913,9338.6,63876,25.298,464.7,211.51,0.37442
2913,9606.8,62228,30.929,344.69,252.21,0.15495
2913,10717,61399,34.264,184.64,174.61,0.02794
2913,10674,63879,19.609,647.86,282.31,0.393
2914,9660.3,63733,28.52,462.31,232.73,0.3303
2914,10770,64183,31.053,440.44,158.79,0.47001
2914,11150,62005,37.448,250.45,209.98,0.087896
2914,11194,61949,34.183,325.61,282.15,0.071515
2915,9654.8,62358,23.781,295.5,180.04,0.24281
2916,11199,62389,36.704,255.25,193.02,0.13883
2916,11413,63430,29.807,322.56,101.06,0.52287
2917,9004.4,63233,21.262,958.8,548.83,0.27193
2917,11342,64145,26.181,455.81,211.3,0.36652
2918,8887.4,64012,25.834,487.96,225.05,0.36873
2918,8996.9,63245,22.494,988.45,404.94,0.41877
2919,8858.7,63107,29.829,465.56,283.97,0.24227
2919,10337,62117,33.805,430.83,449.69,-0.021417
2921,9192.9,64042,33.82,291.27,271.9,0.034407
2921,10773,62647,37.066,296.95,245.13,0.095596
2922,9973.4,61589,36.395,219.63,153.12,0.17844
2923,9133.6,61544,27.252,386.11,203.19,0.31041
2923,10416,63489,31.448,352.29,127.76,0.46771
2924,8991,61579,32.291,916.95,565.76,0.23685
2925,9085.8,61566,26.479,654.81,420.15,0.2183
2926,10072,62232,33.294,358.6,157.13,0.39064
2927,9738.3,64028,40.534,434.38,249.25,0.27081
2931,9540.7,63855,23.928,195.2,114.24,0.26161
2932,9460.6,61473,32.291,398.36,499.73,-0.11288
2932,9571.1,63798,28.757,259.52,210.76,0.10368
2932,10678,64261,38.512,455.99,265.24,0.26448
2934,8892.5,62010,32.204,459.95,278.82,0.24517
2935,9604.9,62871,14.326,535.24,366.11,0.18764
2935,11061,63689,32.156,350.12,207.85,0.25497
2936,8972.7,62505,32.936,481.07,332.75,0.18225
2936,9350.5,61957,29.849,1136.3,600.11,0.30878
2936,9579.7,62876,18.453,355.43,246.56,0.18084
2937,9123.6,62477,28.455,923.56,829.12,0.053884
2937,9154.4,62651,32.496,1073.1,920.91,0.076317
2938,8986.4,62378,27.482,657.1,393.39,0.25103
2939,9402.7,62213,35.083,229.78,184.32,0.10978
2941,9838.5,62189,31.866,289.71,148.38,0.3226
2944,10006,64101,30.697,459.78,309.92,0.19469
2945,9302.8,61913,33.081,353.57,238.83,0.19369
2945,9648.2,62898,12.699,742.03,399.24,0.30035
2946,9675.7,63008,31.349,366.27,127.02,0.48499
2947,9873.6,63667,31.046,369.37,261.23,0.17149
2950,9173.8,61545,29.241,246.79,115.39,0.36281
2950,10245,64230,36.914,311.74,261.01,0.08856
2950,11383,62767,29.355,807.27,454.71,0.27937
2951,10198,62816,23.639,217.59,142.91,0.20717
2951,10650,61591,25.741,367.66,266.37,0.15976
2952,8861,62265,29.531,157.55,115.97,0.15203
2952,9274.8,63537,32.076,471.89,196.45,0.41213
2952,11167,63628,21.46,395.77,273.68,0.18237
2953,9005.4,62144,36.529,273.64,128.02,0.36254
2953,10780,63896,21.6,660.78,423.7,0.21861
2955,10768,64038,27.748,276.4,303.65,-0.04699
2956,10711,63304,29.308,501.92,304.51,0.24479
2957,10736,63758,19.965,839.16,454.5,0.29734
2958,10623,63835,43.186,379.75,148.03,0.43904
2958,10817,63443,29.722,364.79,174.18,0.35365
2959,9039.4,62705,28.737,729.1,499.75,0.18664
2960,11071,63650,23.193,527.65,202.75,0.44482
2961,11563,62614,28.401,265.84,167.93,0.2257
2963,9137.4,63519,38.331,261.98,118.41,0.37744
2964,8811.8,63649,37.188,181.24,127.53,0.17396
2964,9024.4,61439,27.869,665.36,484.49,0.15731
2964,8859.1,62201,32.661,872.42,377.57,0.39588
2965,8683,64021,32.526,248.06,197.3,0.11396
2965,9999.8,61402,17.676,813.39,562.18,0.18262
2965,10685,63787,26.005,451,320.95,0.16847
2966,10662,63767,23.216,235.27,186.26,0.11628
2967,11467,63344,37.8,283.38,171.94,0.24475
2968,9627.2,62255,21.268,474.11,184.67,0.43935
2970,9385.2,61940,37.437,387.13,373.64,0.01773
2971,10935,61707,40.54,552.06,491.09,0.058448
2973,9505.1,61729,25.907,569.2,293.7,0.31928
2974,9268.3,61704,37.11,405.46,395.71,0.012175
2978,10744,63989,23.016,408,198.19,0.34611
2980,9900.7,62536,32.882,273.47,156.38,0.27239
2981,11083,64008,27.318,860.81,444.91,0.31852
2982,9737.8,61560,23.779,469.53,271.84,0.26667
2982,11075,63953,27.309,564.25,405.9,0.16323
2983,9745.4,63303,30.871,388.96,191,0.34133
2983,9848,61503,34.239,374.9,265.11,0.17154
2983,11124,63998,31.547,577,268.74,0.36449
2984,10772,63618,19.662,812.92,281.56,0.48549
2985,10046,63437,26.302,915.6,726.79,0.11496
2985,10082,63513,30.248,371.45,284.99,0.13171
2985,10684,63779,21.435,416.71,170.31,0.41975
2986,10152,63769,29.134,340.74,113.02,0.50185
2986,10814,62813,34.394,373.84,239.15,0.21972
2987,10820,62985,30.73,476.49,253.78,0.30498
2989,10412,62117,18.649,573.33,311.71,0.29561
2989,10481,63531,18.873,912.09,638.33,0.17657
2989,11183,62931,26.308,363.39,491.2,-0.14956
2990,10417,63534,29.004,520.75,385.67,0.14903
2991,10174,62694,24.35,328.54,105.08,0.51534
2991,10296,63501,27.558,299.82,206.54,0.18422
2993,8925.7,63073,32.485,571.79,578.02,-0.0054167
2995,10203,61841,30.591,378.27,117.49,0.52601
2998,10527,63867,32.684,170.51,187.43,-0.047266
3000,9085.3,63159,29.497,514.12,278.25,0.29767
3001,11179,63628,25.499,443.29,331.64,0.14408
3002,9136.6,62468,21.226,519.13,268.62,0.31801
3002,10698,61866,25.377,566.44,351.84,0.23371
3002,11230,64142,34.183,325.86,312.7,0.020604
3003,9495.8,62377,23.149,755.12,510.29,0.19348
3003,11157,64267,20.715,339.55,165.04,0.34586
3004,9568.7,62401,14.325,709.89,375.26,0.30836
3004,11133,64310,34.271,319.62,233.46,0.15579
3005,9695.8,61906,32.753,219.04,244.48,-0.054892
3005,9642.3,62907,10.27,1186.5,691.04,0.26387
3006,10608,63810,32.477,228.76,134.13,0.26076
3008,9412.3,61759,22.211,624.08,295.05,0.35798
3008,10577,61917,22.301,850.13,691.58,0.10284
3008,10593,63881,28.108,622.1,308.55,0.33691
3009,9299.2,61582,26.392,754.75,481.19,0.22134
3009,10467,62072,28.815,632.08,354.17,0.28179
3009,10856,61796,34.7,546.26,257.44,0.35936
3010,9880.3,64258,20.049,937.77,604.94,0.21574
3010,10148,63762,37.049,546.77,564.9,-0.016303
3010,11008,61798,20.391,291.04,181.21,0.23256
3011,9406.4,64314,33.765,239.69,232.11,0.016076
3011,11392,62490,37.125,273.77,333.99,-0.099088
3012,9903.6,63934,30.303,284.35,240.55,0.083435
3012,10517,63200,36.166,329.63,387.31,-0.080457
3013,10332,63036,31.409,530.71,413.3,0.12438
3013,11113,63981,28.412,285.9,116.25,0.42185
3013,11318,61429,32.998,237.64,121.96,0.32168
3014,10003,63136,36.46,441.01,325.22,0.15112
3015,10743,62174,27.676,460.58,287.45,0.23146
3017,9485.9,63754,27.964,349,493.02,-0.17105
3017,10992,63715,33.831,543.18,457.83,0.085269
3018,10985,63766,31.039,269.55,308.42,-0.06725
3020,9811.8,61709,33.651,631.58,841.43,-0.14246
3022,9296.5,62673,35.723,402.09,354.22,0.063288
3022,9593.9,61815,24.713,325.06,335.58,-0.015932
3024,9579.6,61699,33.586,583.88,133.03,0.62889
3024,10115,64324,27.402,419.84,442.09,-0.025819
3024,10704,64248,40.911,270.8,257.09,0.02596
3024,11004,62161,31.864,632.06,415.52,0.20671
3025,9400.1,61835,15.798,1394.2,903.53,0.21353
3025,10112,64350,34.88,268.95,211.34,0.11994
3027,9331.3,61838,30.52,536.29,205.49,0.44597
3027,9846.7,63189,33.075,566.42,583.61,-0.01494
3027,9918.5,62671,30.459,473.7,328,0.18174
3028,9051.4,63121,25.246,293.2,192.74,0.20674
3029,9911.8,63451,23.953,226.41,212.57,0.031535
3029,10752,63874,28.016,410.18,230.76,0.27993
3030,11634,62771,36.469,565.42,324.83,0.27025
3031,9459.9,62960,30.413,283.2,172.46,0.24302
3033,9866.9,63931,28.686,285.51,161.92,0.27622
3034,10089,61709,32.984,493.74,231.35,0.36187
3037,8900.9,63225,21.642,905.24,351.19,0.44097
3037,11118,63067,30.026,362.71,320.55,0.061697
3038,8771.3,63192,22.663,603.07,300.22,0.33528
3038,11188,61682,29.78,293.14,148.46,0.32761
3039,8753.3,63319,36.111,877.59,525.78,0.25069
3039,9589.9,62891,8.4646,948.81,618.98,0.21038
3039,9822.4,63982,29.235,471.16,325.4,0.18299
3039,10736,61731,29.003,592.8,271.43,0.37186
3039,10779,63767,24.144,368.89,243.9,0.20397
3039,11095,63215,32.63,557.48,504.24,0.050153
3039,11358,61989,34.086,443.51,310.01,0.17716
3041,8765.9,62604,27.93,259.54,144.63,0.2843
3041,10402,63298,27.008,455.44,150.36,0.50359
3041,10646,63670,36.587,751.73,534.74,0.16868
3042,9286.8,61486,33.29,558.17,556.98,0.0010668
3042,10574,63463,29.724,979.85,666.52,0.19032
3042,10697,63645,42.524,889.16,500.35,0.27982
3043,10763,63733,28.709,681.15,466.79,0.18674
3045,10962,62634,32.005,326.1,345.16,-0.028386
3046,10091,63316,37.053,226.08,177.66,0.11991
3046,10770,62700,30.109,384.94,360.03,0.033427
3048,9150.4,61718,36.766,333.74,322.21,0.017572
3048,9865.8,63206,27.604,405.25,330.59,0.10146
3049,10041,62725,33.779,304.63,174.41,0.27183
3050,8684.5,61727,35.773,564.29,239.26,0.4045
3050,11350,62067,34.604,381.76,270.91,0.16985
3050,11501,62648,24.485,245.87,156.54,0.22198
3051,9570.5,62351,15.646,758.81,524.52,0.18256
3051,11281,62199,29.92,946.36,463.58,0.34242
3053,9862.4,62678,25.621,204.27,160.61,0.11965
3053,11271,63137,26.934,525.12,268.67,0.32306
3053,11498,62217,25.92,212.86,142.37,0.19843
3055,10291,62696,23.916,519.42,219.23,0.40641
3055,10978,61951,25.211,524.2,167.77,0.51509
3056,10979,62090,25.27,332.42,304.65,0.04359
3057,10932,62308,34.758,283.39,285.59,-0.0038694
3058,11148,62321,25.584,509.72,419.81,0.096716
3059,9322.8,63806,40.98,294.56,160.38,0.29494
3059,9946.9,63516,35.848,272.23,205.9,0.13873
3060,10731,61995,34.193,925.85,788.03,0.080411
3061,10004,62902,31.604,442.5,271.23,0.23996
3062,9761.6,62867,28.898,535.97,616.57,-0.069934
3062,10308,63058,23.803,310.35,100.1,0.51225
3063,9592,62926,17.632,356.63,372.03,-0.021137
3063,10748,61726,37.239,941.37,457.35,0.34604
3064,9621.3,62882,14.953,373.31,241.81,0.21378
3064,10458,63264,32.948,584.41,229.98,0.43521
3064,10836,61604,29.564,493.43,370.87,0.14179
3065,9658.9,62913,17.918,343.43,322.97,0.030713
3065,10273,61701,36.908,359.87,355.95,0.0054799
3065,11077,61617,29.345,821.88,754.56,0.042706
3066,9196,63496,27.856,471.49,320.67,0.19039
3066,9665.8,63002,28.449,590.19,495.7,0.087021
3066,11070,61797,33.655,722.6,447.55,0.23506
3067,10030,62948,31.313,799.59,429.27,0.30135
3067,10929,61935,25.402,939.15,659.67,0.1748
3067,11315,62564,34.993,357.69,104.69,0.54716
3068,9740,63294,26.595,498.72,159.32,0.51576
3068,10897,61884,20.122,536.12,336.43,0.22885
3069,10810,61739,25.596,659.17,386.07,0.26129
3070,9483.2,62128,34.388,442.24,241,0.29454
3071,10309,63298,26.891,617.78,194.08,0.52188
3072,10370,63448,26.882,299.04,178.73,0.2518
3072,10510,63924,33.529,730.11,333.96,0.37229
3072,10605,61975,32.786,624.89,449.93,0.16278
3072,10848,63847,27.683,930.88,516.15,0.28661
3073,10553,63870,23.089,807.08,259.4,0.51354
3074,10244,62036,25.54,565.23,206.78,0.46431
3075,11268,61558,20.119,613.32,404.24,0.20547
3076,9999.6,61583,31.258,850.63,588.03,0.18253
3076,11389,64054,31.904,400.78,340.89,0.080758
3077,9730,61573,22.663,1089.3,537.93,0.33885
3077,11286,61820,26.76,839,342.48,0.42025
3078,11172,63706,24.816,467.35,419.4,0.054078
3080,9691.3,61721,25.029,575.67,494.73,0.07562
3080,11328,62258,34.337,478.95,267.94,0.28251
3081,9783.4,61688,25.724,729.74,643.81,0.062559
3081,11593,62703,24.927,261.11,302.68,-0.073735
3082,11611,62680,22.106,223.39,248.47,-0.053154
3083,10829,63830,33.715,346.53,383.86,-0.051115
3086,9195.1,62956,27.337,363.32,189.18,0.31517
3086,11008,62505,24.55,433.08,229.92,0.30643
3087,10359,61487,30.853,637.36,418.17,0.20765
3087,11230,62281,22.876,820.22,623.79,0.13603
3088,9035.4,62899,23.64,1258.9,723.06,0.27036
3089,9057.9,62929,23.911,793.53,758.5,0.022567
3091,9600.2,62651,33.472,281.19,303.09,-0.037481
3092,9667,62888,35.927,227.44,130.51,0.2708
3093,9620.9,62921,14.236,497.99,290.21,0.26361
3094,10248,62537,34.752,375.78,464.63,-0.10572
3095,9718.9,62528,27.189,260.7,120.99,0.36603
3095,10678,63882,23.373,338.46,117.83,0.48353
3096,9510.3,62704,37.401,239.79,339.06,-0.17148
3098,9437.4,63798,30.384,449.53,280.63,0.23132
3099,8704.1,62966,28.77,436.65,323.42,0.14897
3099,11011,62214,33.028,583.9,230.24,0.43439
3100,8806,62964,28.462,328.31,120.55,0.46286
3100,8990.5,61567,31.232,730.47,329.25,0.37861
3100,10977,62155,20.703,556.47,213.87,0.44474
3101,9286,63134,21.771,314.42,266.22,0.083003
3102,10690,63757,26.934,156.81,177.75,-0.062584
3103,9617.2,61425,11.799,873.96,292.27,0.49878
3103,11509,63262,35.679,248.01,127.25,0.32181
3104,10124,61842,25.258,563.96,472.91,0.087811
3104,10616,62636,32.549,324.75,237.45,0.15528
3107,10549,61628,23.932,327.07,212.57,0.21218
3108,10597,61738,20.681,770.84,502.71,0.21054
3109,10563,61835,21.92,516.88,358.44,0.18101
3111,11561,63144,27.271,429.21,358.25,0.090118
3112,9051.7,62874,34.969,409.93,455.89,-0.053087
3113,8833.5,62985,35.841,214.97,187.22,0.068986
3114,10349,62637,28.626,231.53,106.77,0.36877
3115,9652.3,61446,21.875,281.22,109.33,0.44012
3115,10246,62731,28.897,339.29,143.19,0.40645
3115,10417,63797,33.967,450.37,342.98,0.13536
3115,10811,62160,30.276,451.74,407.46,0.051529
3117,8695.4,62373,34.543,190.6,101.51,0.305
3117,9227.5,62514,26.909,431.46,128.92,0.53989
3119,9626.9,61399,14.13,707.68,199.41,0.56033
3122,8700.1,64049,36.757,354.7,403.97,-0.064944
3128,8880,62116,23.075,482.06,431.59,0.055233
3128,10703,63610,26.916,492.06,361.31,0.15322
3129,8800.7,62085,18.189,1031.1,547.51,0.30632
3131,9251.1,61692,27.335,289.33,539.33,-0.30169
3131,9940,62486,31.955,198.73,122.55,0.23712
3131,11389,63072,31.484,373.63,107.84,0.55205
3132,10481,63579,30.231,178.1,139.13,0.12283
3132,11427,62967,31.621,439.54,295.91,0.19529
3136,9925.8,62570,35.848,338.28,276.3,0.10084
3138,9994,62336,20.123,333.22,171.9,0.31937
3138,10720,63835,27.89,534.8,223.25,0.41098
3139,8715,62791,35.752,593.37,312.46,0.31011
3139,9966.2,62073,33.451,654.77,479.15,0.15488
3139,11067,63725,18.558,569.12,365.66,0.21766
3140,11062,63906,26.294,378.47,290.93,0.13078
3141,10053,64304,27.354,356.36,106.81,0.53879
3141,10194,61993,33.947,668.75,218.51,0.50745
3142,9418.9,61471,31.158,510.51,502.35,0.0080614
3142,10400,63499,33.461,462.91,247.53,0.30315
3143,9103.9,61926,33.969,392.81,233.19,0.25498
3143,9708.8,63121,34.305,452.27,347.18,0.13146
3143,10019,62048,27.92,401.01,144.31,0.47073
3143,10401,63614,22.082,316.05,179.68,0.27509
3144,8913.8,61453,34.269,356.09,242.49,0.18979
3144,11654,61580,42.037,616.5,416.1,0.19408
3145,10149,61866,25.549,566.65,355.36,0.22917
3146,8939.7,63607,31.918,275.97,304.16,-0.048593
3146,10830,62077,30.054,332.38,125.47,0.45192
3148,10319,63408,30.084,678.98,154.28,0.6297
3149,9573.6,62883,36.18,459.97,317.8,0.18278
3149,10309,62046,27.916,920.83,344.15,0.45588
3149,10351,63496,22.315,447.66,264.79,0.25668
3150,9515.2,61954,24.195,589.13,413.77,0.17485
3151,9441.7,61775,29.243,779.7,465.28,0.25255
3151,10016,62867,31.984,412.54,454.48,-0.048372
3152,10095,62996,36.782,456.35,278.61,0.24184
3154,11127,63480,25.777,183.03,136.35,0.14614
3156,9225,63799,24.86,743.36,282.46,0.44931
3156,11395,62199,27.828,927.38,613.42,0.20376
3157,9418.3,62043,26.267,505.49,393.46,0.12462
3157,9496.4,61470,27.932,845.33,501.9,0.25492
3157,9552.4,63650,34.064,428.16,374.11,0.067362
3158,10847,61996,25.766,338.97,189.51,0.28282
3158,11652,62605,22.89,481.3,455.77,0.027242
3159,9389.3,63645,25.321,403.61,172.59,0.40094
3159,11143,63649,23.563,653.39,475.58,0.15749
3160,11004,63637,33.707,453.89,303.1,0.19921
3161,11136,63604,27.443,354.57,182.32,0.32083
3161,11375,62178,30.373,583.04,698.93,-0.0904
3163,10666,61411,19.796,625.16,262.01,0.40934
3163,10877,62097,33.541,573.39,114.61,0.66684
3164,11042,62168,29.381,443.98,289.56,0.21052
3165,9181,62592,37.297,486.69,544,-0.055601
3165,9745.5,63995,24.793,580.32,449.9,0.12659
3166,9534.4,63941,37.959,464.21,373.68,0.10805
3166,10042,62339,29.019,208.9,104.67,0.33239
3167,10341,62515,34.688,300.38,168.22,0.28202
3168,11373,63457,28.599,440.21,535.47,-0.097639
3169,11276,63629,32.777,697.22,541.7,0.12553
3171,9959.5,63237,37.681,194.36,176.69,0.047644
3173,9588.5,62933,23.643,444.84,467.62,-0.024956
3173,11066,63124,33.025,229.15,165.69,0.16074
3174,9602.6,62992,19.527,747.99,843.22,-0.059845
3174,11004,63190,30.833,450.14,379.04,0.085757
3175,11078,63150,29.238,295.17,198.42,0.19602
3176,9610.5,62915,19.186,626.81,271.64,0.39531
3176,10902,63143,31.58,203.85,166.4,0.10115
3177,9542.2,61535,28.589,524.07,199.42,0.44872
3177,11611,62133,29.677,574.75,443.89,0.12846
3178,11233,62089,30.417,402.47,376.33,0.033557
3179,9595.9,63032,31.795,512.51,355.96,0.18025
3179,11470,61831,22.903,364.99,212.91,0.26315
3180,9822.5,64300,32.626,498.54,303.73,0.24282
3181,9827.5,64179,25.57,573.72,139.29,0.6093
3182,11377,61470,28.612,1215,653.19,0.30071
3183,9181.4,61739,31.518,594.48,565.8,0.024723
3183,10141,63941,29.535,418.3,338,0.10618
3183,10130,64258,32.865,590.11,470.75,0.11251
3184,8728.6,62939,26.921,411.18,388.86,0.0279
3184,10205,64292,35.74,251.36,238.86,0.025497
3184,11390,61626,29.349,401.96,277.18,0.18373
3185,8759.1,62973,27.201,281.21,111.35,0.4327
3186,9622.5,62327,20.786,370.34,257.44,0.17984
3187,9064.5,63581,36.757,244.18,231.87,0.025868
3187,9612.1,61731,29.724,865.44,294.97,0.49161
3187,9540.2,62955,25.519,327.2,301.76,0.040447
3188,9595.7,62933,23.01,494.43,514.42,-0.019822
3188,9795.9,61950,22.72,899.6,502.89,0.28286
3188,10586,63869,20.756,984.62,750.68,0.13482
3188,10835,61846,34.131,675.23,674.64,0.00043819
3189,10527,63748,17.644,1251.4,795.03,0.22302
3190,9565,62231,44.88,477.15,313.22,0.20741
3190,10190,61765,27.005,482.84,252.08,0.31399
3190,10643,63815,15.248,867,440.91,0.32578
3191,10568,63961,25.215,360.8,250.62,0.18021
3192,10099,61571,31.011,410.66,291.28,0.17007
3193,10249,61843,35.743,374.28,239.48,0.21963
3193,10318,63320,31.268,391.45,250.93,0.21876
3193,10498,63881,35.624,671.43,443.68,0.20425
3194,9862.6,63400,35.52,475.17,191.44,0.42563
3194,10334,62063,33.49,288.13,140.71,0.34376
3196,10798,61754,32.885,440.98,308.27,0.17712
3197,10506,64013,32.635,354.13,200.8,0.27629
3197,11064,62238,37.863,930.94,520.55,0.28274
3198,9460.1,61841,34.485,855.55,418.02,0.34354
3198,9523.8,61846,36.54,582.02,226.22,0.44021
3198,10671,64132,35.57,307.12,228.15,0.14753
3199,9933.8,61914,36.506,183.47,219.91,-0.09033
3199,11134,62503,27.171,332.69,111.11,0.49926
3200,8980.4,62293,35.146,480.16,239.37,0.33464
3200,10411,62512,24.135,290.84,175.31,0.24785
3201,9011.8,61948,33.523,836.16,504.46,0.24742
3202,8925,62022,29.198,591.22,345.76,0.26197
3202,9287.9,63832,37.229,512.52,324.19,0.22508
3202,11017,63403,27.341,480.98,253.41,0.30988
3203,9380.2,61908,26.723,279.86,239.47,0.077756
3204,8996.9,63584,21.695,461.8,353.82,0.13239
3204,9436.9,61742,34.662,801.49,142.94,0.6973
3204,9437.5,61900,24.288,758.37,211.76,0.56343
3205,9487.7,61734,19.004,992.55,453.27,0.37299
3205,9636.7,63350,31.583,552.45,485.71,0.064289
3205,10574,63858,37.678,366.88,157.24,0.39999
3206,8937.5,64087,23.829,485.36,298.38,0.23858
3206,9571,61623,30.982,184.97,131.85,0.16767
3208,10590,63847,29.482,153.69,144.04,0.032397
3208,11305,63143,32.78,253.58,152.39,0.24924
3209,9439.2,63876,25.974,478.03,150.37,0.52141
3209,9516.5,62320,19.944,553.94,226.83,0.41895
3210,10109,62186,32.691,376.43,152.88,0.42233
3211,9368.6,63893,23.724,308.69,188.27,0.24231
3211,11066,62126,25.439,712.89,210.05,0.54483
3211,11252,62893,33.295,240.18,111.44,0.36614
3212,9296.6,61638,16.932,1497.3,1043.5,0.17862
3212,10463,63062,22.975,684.06,476.54,0.1788
3213,9555.9,62190,23.934,348.71,251,0.16293
3214,9303.9,63941,23.94,536.93,226.61,0.40642
3217,11199,62783,30.533,262.73,147.74,0.28014
3218,9356.4,64130,28.19,588.54,128.85,0.64078
3218,9529.5,62290,20.634,328.13,189.95,0.26672
3220,8893.5,62084,24.94,523.69,400.33,0.1335
3220,9399,63775,23.369,463.14,387.45,0.088986
3222,9139.6,62279,28.531,464.17,127.16,0.56992
3222,9442.6,63410,20.311,399.86,341.16,0.079217
3223,8973.7,62136,24.985,1015.3,718.41,0.17122
3223,10905,62199,27.848,272.54,153.11,0.28057
3223,11264,64352,39.011,794.97,402.33,0.32794
3224,8941,63261,34.209,564.7,187.5,0.50147
3224,10848,62475,30.825,697.89,375.67,0.30015
3227,10432,63309,31.017,386.23,185.98,0.34997
3227,10766,62786,29.327,599.19,289.59,0.34834
3228,10925,62773,32.854,322.62,168.85,0.31288
3230,9586.1,61992,29.439,490.48,327.43,0.19936
3230,10638,61606,33.175,846.56,536.04,0.22459
3231,10709,61780,21.515,409.49,147.78,0.46962
3232,11558,62731,17.549,418.5,234.44,0.2819
3234,9092.2,63234,29.204,501.83,303.29,0.2466
3234,10115,63075,25.872,271.91,100.27,0.46116
3235,9374.8,63100,35.017,185.17,110.82,0.25119
3235,10660,63635,10.775,650.75,369.65,0.27548
3236,9651.5,62549,28.987,480.2,229.8,0.35267
3238,10754,64355,28.34,713.53,284.78,0.42947
3239,8940.5,62457,27.072,254.84,117.47,0.36895
3240,10386,63586,25.973,443.5,305.04,0.18498
3242,9088.1,63751,37.671,576.09,334.1,0.26586
3242,9160.5,63428,25.66,739.45,506.03,0.18741
3242,10463,63307,19.494,603.71,457.72,0.13754
3244,10996,63757,32.454,237.16,159.54,0.19567
3246,9786.4,61736,27.283,615.8,310.2,0.33003
3247,9796.7,61875,33.302,494.36,202.95,0.41791
3247,9977.6,62863,38.254,322.29,284.48,0.062316
3247,10488,63472,21.144,260.16,156.55,0.24863
3248,10352,62840,27.31,332.09,325.85,0.009482
3248,10968,62001,33.508,400.24,366.79,0.043606
3249,11088,61587,27.607,899.82,580.79,0.21547
3250,10015,63493,25.422,451.11,327.72,0.15844
3250,11304,61594,14.483,495.42,410.13,0.094193
3251,9905.6,63349,25.079,698.39,666.37,0.023462
3252,8747.2,64281,29.345,203.51,125.14,0.23845
3252,9830.1,63169,43.846,914.57,743.61,0.1031
3252,10263,61878,29.527,493.78,186.89,0.45087
3253,8698.2,64188,36.831,340,200.59,0.25788
3256,9675.3,62179,32.641,463.01,453.19,0.010718
3257,10828,63839,22.778,742.58,457.93,0.2371
3259,9169.3,61717,26.505,947.97,743.99,0.12056
3259,10831,63879,19.329,530.27,528.22,0.0019332
3261,11086,63959,28.512,536.4,185.83,0.48541
3262,9548.9,62362,20.861,502.18,267.87,0.30428
3263,10432,64185,33.2,276.3,251.61,0.046781
3263,11067,64258,22.494,1120.4,829.2,0.14938
3265,8668.7,61970,26.981,501.3,401.02,0.11113
3265,11493,64190,20.577,354.01,452.17,-0.12176
3267,10491,63161,26.064,259.53,168.46,0.21278
3268,10696,63971,28.258,718.09,431.78,0.249
3269,10227,63295,33.734,430.01,219.78,0.32354
3269,10549,63946,17.893,898.05,607.75,0.19279
3270,10679,61849,39.2,1024.2,617.65,0.24762
3270,10823,63831,22.59,358.09,178.44,0.33484
3270,11273,64311,28.51,452.88,122.68,0.57371
3273,8682.5,64315,35.021,462.98,365.64,0.11747
3273,9255.6,61717,31.801,281.2,203.9,0.15936
3273,10633,63432,30.613,375.05,202.23,0.29937
3274,10719,63723,27.41,215.67,157.98,0.15439
3275,8877,64195,29.541,409.38,301.23,0.1522
3276,8857.9,63934,30.929,216.55,131.31,0.24506
3276,11283,62171,32.259,956.56,434.05,0.37574
3277,10710,61776,28.802,363.13,204.07,0.28045
3278,10662,61687,30.46,219.21,176.53,0.10785
3278,10746,63856,26.059,371.54,146.25,0.43509
3279,10733,63865,21.011,413.42,399.4,0.017239
3285,8965,62762,28.688,687.62,257.32,0.45537
3286,11116,62271,29.288,253.58,130.9,0.31909
3287,11184,62185,28.017,477.09,315.46,0.20394
3288,9337.1,63011,29.722,688.32,414.31,0.2485
3288,9924.9,62725,22.27,304.51,176.95,0.26495
3289,10644,63985,23.424,600.61,559.25,0.035654
3290,10811,64032,29.104,352.58,225.08,0.22071
3291,10740,63974,22.992,513.97,400.07,0.12461
3291,10943,62915,22.759,318.32,189.21,0.25439
3292,10176,63031,30.575,573.69,338.95,0.25721
3293,11369,61405,28.538,536.83,288.55,0.30081
3295,9569.9,62332,19.416,334.16,211.29,0.22526
3297,10184,62111,34.358,203.13,133.09,0.20833
3298,9810.1,62679,32.904,330.14,137.34,0.41241
3299,9421.8,63485,27.397,375.18,161.48,0.39821
3299,10639,62519,35.35,497.86,271.78,0.29375
3300,10558,62628,21.56,494.74,275.78,0.28417
3301,9275.9,63323,30.454,352.97,326.67,0.038693
3301,9550.9,62261,17.987,390.15,216.92,0.28535
3301,11166,62471,31.372,366.26,280.93,0.13185
3302,8938.7,63691,33.161,228.56,188.92,0.094971
3302,9581.5,62348,15.081,588.8,313.47,0.30515
3302,9924.8,63340,23.756,406.9,251.5,0.23603
3302,11283,62641,36.711,248.15,212.57,0.077223
3303,9705.7,62304,22.971,496.85,624.77,-0.11405
3303,9720.1,63466,31.556,247.08,199.41,0.10676
3303,11503,64388,28.485,418.9,268.86,0.21815
3304,11222,62937,29.047,625.51,473.73,0.13808
3307,10228,62320,35.213,279.79,195.73,0.17678
3307,10586,63528,32.129,220.54,324.5,-0.19073
3307,10994,64238,30.072,367.89,381.03,-0.01755
3308,10404,63520,15.186,366.33,109.88,0.53852
3309,9847.3,63146,27.756,225.55,149.72,0.20207
3309,11185,64064,21.879,459.77,131.29,0.55574
3310,11002,64209,24.861,450.33,304.42,0.19333
3311,9913.1,62747,35.085,387.83,112.89,0.54907
3311,10604,63988,19.799,873.67,273.22,0.52355
3312,10346,62451,31.639,634.38,484.93,0.13352
3313,10614,63152,38.313,486.5,376.18,0.12788
3315,8992.3,62748,33.607,397.48,398.89,-0.0017639
3315,10498,63872,33.395,441.72,238.31,0.29912
3316,10231,63649,39.763,327.94,122.48,0.45614
3316,10557,62372,29.615,353.88,326.22,0.040676
3316,10721,64194,37.912,382.86,146.46,0.44661
3316,11323,61448,32.892,212.39,232.23,-0.044611
3317,8895,62616,31.174,413.19,134.4,0.50913
3317,10449,62283,32.315,380.94,228.48,0.25016
3317,11023,63647,33.139,348.74,241.16,0.18237
3317,11618,64388,35.704,318.78,186.31,0.26227
3318,10766,63121,28.754,191.08,161.82,0.082905
3319,11061,61715,37.253,396.75,294.77,0.14748
3320,8940.9,62107,30.987,358.44,260.44,0.15834
3320,11172,61703,29.764,575.33,395.05,0.18578
3321,9885.8,63097,29.664,313.58,155.46,0.33711
3321,10008,62367,38.768,454.7,239.48,0.31003
3321,11175,63678,33.539,353.09,592.16,-0.25291
3322,8942.8,62270,30.264,420.17,180.62,0.39872
3322,11018,61785,23.488,239.78,186.82,0.12413
3323,8899,62140,30.027,794.15,613.01,0.12873
3323,10601,63816,22.419,548.66,585.55,-0.032526
3323,11071,61601,27.29,393.5,330.01,0.087752
3323,11102,63735,24.619,284.08,352.17,-0.10702
3324,8762,62133,23.479,632.97,283.48,0.38136
3324,9758.7,63481,32.595,205.98,216.93,-0.02588
3324,10662,63864,37.294,174.6,100.63,0.26875
3324,11070,63649,27.63,241.69,412.29,-0.26086
3325,8794.9,62490,38.173,756.03,392.18,0.31689
3326,8927.5,62449,23.697,552.92,235.4,0.40278
3326,11139,62370,33.331,680.84,595.17,0.067143
3327,8724.4,62523,24.751,638.91,382.38,0.25118
3327,9362.2,63500,35.204,331.3,317.27,0.021634
3327,11204,62452,31.81,577.77,301.9,0.31361
3328,11247,62419,34.294,460.65,228.36,0.33715
3329,10273,62946,31.751,529.14,283.32,0.30255
3329,10918,61697,26.941,742.68,546.59,0.15209
3329,11666,63043,31.513,678.47,230.04,0.49359
3330,9101.8,61492,31.559,361.72,409.2,-0.061592
3330,10446,63070,34.522,464.41,370.85,0.11201
3330,10873,61466,34.156,236.38,117.33,0.33658
3331,11386,62706,32.459,584,187.34,0.51426
3332,9637.8,63699,34.44,287.39,233.39,0.10368
3332,10905,61809,29.593,739.95,672.98,0.047398
3333,8814.3,63169,29.377,185.56,104.94,0.27753
3334,9218.6,63024,22.771,324.59,424.18,-0.133
3334,9552.3,62202,38.275,314.8,217.09,0.1837
3335,9622.6,62191,19.064,633.56,243.46,0.44481
3336,8979.6,62997,18.986,372.82,320.03,0.076201
3336,9465.4,62324,28.649,407.8,286.83,0.17415
3336,11141,62154,29.412,681.32,383.46,0.27974
3336,11220,61740,30.197,680.16,371.14,0.29394
3337,10492,62339,30.553,399.63,350.2,0.065924
3337,11168,61649,20.771,892.66,252.81,0.55859
3338,9682.9,62647,31.456,283.38,149.56,0.3091
3338,10522,62244,23.178,730.13,106.79,0.74481
3339,9892.2,63067,33.201,311.69,258.32,0.093626
3341,11466,61564,35.094,232.53,105.97,0.37387
3343,10422,62768,22.601,357.46,322.01,0.052175
3344,10420,62714,25.517,725.33,339.1,0.36285
3345,9058.2,62115,37.041,462.99,487.07,-0.025343
3345,9615.6,62856,16.519,745.63,380.93,0.32373
3345,10552,62651,17.414,1267.3,906.25,0.1661
3346,9677.3,62876,11.96,701.48,322.69,0.36985
3347,8897.7,61458,32.237,868.36,727.68,0.088142
3347,9621.6,62937,13.44,504.19,326.97,0.21322
3348,8926.2,61672,17.881,998.57,422.65,0.40523
3348,10282,62557,28.11,578.49,324.59,0.28114
3348,11189,62397,27.602,352.13,322.57,0.043805
3349,10304,62537,29.152,620.03,283.74,0.37211
3350,10334,62417,35.841,645.73,216.86,0.49719
3352,11558,62582,28.308,413.39,309.7,0.1434
3353,10562,62235,29.224,259.8,189.77,0.15577
3354,10537,62161,29.775,500.19,282.61,0.27796
3354,10944,63812,30.658,344.46,264.29,0.13169
3355,10562,63808,28.444,504.89,235.7,0.36348
3356,9309,61409,23.029,352.34,343.53,0.012667
3356,9928.9,63023,34.887,312.75,257.17,0.097529
3356,11628,62418,36.078,273.87,229.87,0.087358
3357,9146.5,62476,22.507,661.38,589.36,0.057578
3358,9015.5,62668,36.162,536.73,534.57,0.0020167
3358,9450.8,63967,29.637,351.82,240.96,0.18702
3359,9009.1,62637,31.034,895.32,555.1,0.23457
3359,10076,63012,34.072,593.58,506.41,0.07925
3359,11130,62471,28.176,686.89,364.35,0.30682
3360,9330.8,63764,31.213,703.87,353.35,0.33155
3360,11276,62718,36.35,343.79,115.67,0.49648
3361,9064,62606,7.8481,869.11,139.21,0.72387
3361,9063.3,63762,29.708,274.89,230.01,0.088891
3361,9240.3,61659,29.392,611.19,402.28,0.20613
3362,9380.5,61667,30.761,529.35,367.09,0.181
3363,9346.1,61952,19.092,480.52,308.63,0.21782
3363,10671,61794,31.608,239.88,200.86,0.088525
3364,9243.1,61522,32.427,436.84,411.13,0.030316
3364,10742,61791,24.964,515.69,302.62,0.26038
3365,9197.3,64152,33.714,392.27,332.48,0.082495
3373,9248.6,62592,27.158,269.77,118.97,0.38791
3373,11270,64113,36.807,689.37,641.85,0.035703
3374,9186.3,62748,36.803,234.7,197.85,0.085204
3374,10287,61858,33.853,227.18,225.98,0.0026609
3374,11237,63035,36.174,298.03,398.07,-0.14371
3375,9037.7,62905,32.512,241.25,111.56,0.3676
3375,9688.1,63556,41.125,360.73,316.05,0.066025
3375,11246,62870,29.788,358.01,192.4,0.3009
3376,11170,62951,30.398,842.77,678.51,0.10797
3377,9699,62903,32.003,216.9,225.03,-0.018394
3377,10408,61996,21.035,855.9,214.63,0.59902
3378,10361,61994,24.358,653.93,281.92,0.39752
3380,10319,62946,29.941,437.58,250.19,0.27246
3381,10019,62404,35.876,330.62,460.32,-0.16398
3383,9237.1,62795,26.737,231.59,102.66,0.38573
3383,10171,63188,29.285,489.8,356.25,0.15784
3384,10082,63293,15.343,616.72,304.07,0.33954
3385,10026,62774,29.84,487.85,228.64,0.36178
3386,9965.5,63543,28.782,255.66,219.05,0.077129
3387,8775.5,61954,21.305,1040.2,598.95,0.2692
3387,9501.1,61843,25.595,1108,608.34,0.29112
3387,10046,63408,23.121,359.58,140.1,0.43925
3387,10407,62080,36.524,390.36,238.83,0.24084
3387,11528,62021,32.203,483.72,295.16,0.24209
3388,9378.6,61891,30.685,323.49,178.82,0.28801
3388,9997.8,63154,21.61,500.69,394.22,0.11898
3389,9473.9,63430,30.812,383.54,244.44,0.22151
3389,11506,61598,30.756,416.82,229.49,0.28985
3390,9308.5,63370,25.071,347.94,160.57,0.36848
3390,10242,61741,34.418,298.36,150.52,0.32937
3393,9121.7,62328,38.56,351.82,302.28,0.075741
3393,10928,63806,22.035,315.36,127.9,0.4229
3395,9111.6,63468,34.669,457.01,235.48,0.3199
3395,10559,63621,17.786,450.6,386.27,0.076875
3396,10476,63349,30.797,391.87,203.48,0.31645
3398,8732.2,62834,27.423,205.65,177.96,0.072204
3398,9686.5,64371,35.98,330.09,272.29,0.095948
3399,8799.8,62837,35.541,446.09,370.17,0.093002
3399,10822,61731,27.747,421.25,319.69,0.13707
3401,9099.5,63113,25.678,567.03,341.46,0.24829
3401,11667,63830,35.099,263.2,162.06,0.23782
3402,9964.6,63582,36.112,279.91,167.77,0.2505
3403,9611.8,62863,15.484,315.03,193.02,0.24015
3404,9348.3,63070,30.885,144.08,136.41,0.027349
3405,10645,62289,25.82,483.7,275.31,0.27455
3406,8758.2,62082,29.456,460.14,104.74,0.62917
3408,10395,61490,25.305,323.06,198.12,0.23971
3408,10786,62441,36.015,248.87,280.09,-0.059016
3409,8851.5,62127,29.902,301.91,179.49,0.25431
3410,9573.7,63968,32.051,436.78,141.49,0.51064
3412,8779.2,62085,27.549,948.67,516.1,0.29532
3413,8948.5,62043,24.265,725.21,552.17,0.13547
3413,9030.3,64136,34.337,466.3,193.99,0.41241
3414,8846.3,62123,23.29,1030.4,799.41,0.12624
3414,10578,64088,35.29,751.67,363.54,0.34803
3415,9126.9,61595,36.65,928.18,520.84,0.28112
3416,8858.1,61974,16.43,1317.3,810.45,0.23822
3416,11160,62998,12.201,715,104.94,0.74403
3418,8798.3,61878,19.907,1028.8,538.39,0.31291
3418,11181,63019,32.473,201.23,119.04,0.25664
3419,8697,61876,27.561,487.96,350.43,0.16404
3423,11414,62555,34.885,266.74,272.12,-0.0099891
3424,10138,62137,35.921,323.5,233.77,0.16103
3424,11530,62371,36.868,855.84,455.85,0.30494
3426,9539.3,63914,27.284,400.97,239.98,0.25117
3426,10115,61691,18.181,987.39,259.8,0.58338
3427,9394,63401,25.464,512.53,349.75,0.18878
3427,9653.6,62243,33.001,187.76,181.1,0.018051
3428,10051,61479,22.259,369.58,240.77,0.21104
3429,11097,62359,25.189,405.78,377.09,0.036644
3430,10238,63562,21.772,964.55,565.9,0.26047
3430,11028,62147,24.165,508.51,255.82,0.3306
3431,10040,63439,24.958,317.02,133.23,0.40819
3431,11114,62150,31.171,503.8,388.32,0.12944
3432,8844.7,64166,29.178,229.85,137.13,0.25267
3432,11064,62179,23.13,710.07,619.67,0.067985
3433,11281,62430,26.295,399.62,314.43,0.11931
3434,8946,62990,29.382,330.19,264.05,0.1113
3434,9606.4,62884,17.527,511.66,333.78,0.21039
3434,10049,61611,34.73,382.09,484.46,-0.11814
3434,10409,62925,27.121,322.23,173.28,0.30059
3434,11388,62482,29.424,373.97,150.26,0.42675
3435,9644,62845,23.846,344.13,190.38,0.28766
3435,10368,62654,26.552,476.85,434.06,0.04697
3436,8778.2,61654,27.62,595.72,384.75,0.21517
3436,8905.1,62190,27.853,492.11,377.06,0.13237
3436,9506.5,62317,19.547,510,201.72,0.43315
3438,9121.5,61878,27.402,477.67,291.89,0.24141
3438,10393,63488,22.194,501.33,218.83,0.39228
3438,11178,61734,29.941,388.68,345.16,0.059308
3439,9816.4,62418,30.518,539,224.56,0.4118
3439,10562,63879,20.795,604.18,473.6,0.12116
3439,10900,61776,39.281,421.32,175.74,0.41132
3440,8849.7,61967,15.309,903.37,579.83,0.21814
3440,10669,63114,29.171,364.42,139.82,0.44544
3441,10551,63396,34.936,429.8,165.65,0.44362
3442,10054,61685,30.105,480.46,200.12,0.41192
3444,9461.9,62559,31.171,358.87,183.74,0.32276
3444,9684.9,64327,30.63,239.89,187.4,0.12286
3448,9232.3,62541,30.612,430.08,206.65,0.35089
3449,10952,64306,26.688,291.14,195.9,0.19555
3449,10975,62149,30.819,231.5,158.46,0.1873
3450,8912.6,62896,31.124,336.96,137.96,0.41901
3450,10805,64186,32.214,654.71,358.19,0.29274
3452,9045,63305,29.925,406.97,205.73,0.32845
3453,10101,64216,32.158,566.64,266.44,0.36035
3454,10144,64357,23.013,929.16,539.63,0.2652
3457,9649.9,62835,30.699,436.46,305.95,0.17579
3460,9821.5,61776,37.613,703.17,235.18,0.49875
3464,9806.9,63908,31.243,668.5,400.62,0.25056
3464,10728,63280,31.793,403.95,244.46,0.24597
3464,11626,62694,33.909,515.29,516.33,-0.0010102
3465,9645.4,61567,28.129,532.87,381.38,0.1657
3466,10334,63992,33.067,306.69,180.12,0.26001
3467,10099,62301,27.619,346.59,135.57,0.43767
3469,10381,62068,43.301,1226,711.14,0.26579
3469,10505,63463,25.461,506.59,380.75,0.14181
3470,10444,62025,32.763,759.69,650.22,0.077644
3470,10398,63492,25.887,649.29,308.89,0.35526
3470,11108,64298,31.088,208.32,129.15,0.23458
3471,10350,63533,26.186,583.94,276.53,0.35726
3472,9540.9,61430,27.834,480.27,172.57,0.47133
3473,9664.7,61508,25.512,481.47,361.26,0.14264
3473,10972,62303,32.68,248.79,125.16,0.33061
3476,9275.2,62853,30.498,415.29,159.44,0.44515
3476,9550.7,62367,14.585,440.39,280.53,0.22175
3476,10455,64181,23.823,1026,247.96,0.61074
3476,11360,62966,26.821,560,376.23,0.19629
3477,9568.9,62496,32.049,358.86,160.26,0.38256
3478,9571.8,62817,20.773,291.13,117.34,0.42546
3478,10405,63687,27.618,553.78,382.35,0.18313
3479,9213.8,62052,38.649,1654.2,853.31,0.3194
3479,9218.5,61811,18.727,1202.4,670.37,0.28408
3479,9349.6,62831,35.517,944.48,488.29,0.3184
3481,9029,62956,29.562,616.75,323.4,0.31202
3481,10521,61890,30.284,709.57,824.6,-0.074975
3481,11654,61396,22.939,566.91,303.42,0.30275
3482,8691.5,61724,24.104,507.9,350.64,0.18317
3482,10249,61822,40.535,515.82,494.74,0.020868
3483,8682.5,61722,13.14,493.9,386.18,0.1224
3483,10298,61893,36.466,271.63,288.72,-0.030502
3483,10766,63036,28.435,204.2,132.72,0.21215
3484,8755.3,61726,14.673,718.84,770.49,-0.034681
3484,8943.5,63948,23.626,943.04,873.21,0.038447
3484,10349,61836,28.046,322.83,111.69,0.48592
3484,10579,64390,35.504,692.95,376.79,0.29555
3485,9521,62694,33.219,751.24,371.68,0.33801
3485,10698,61843,31.197,652.31,194.6,0.54044
3486,9502.4,61592,15.765,1045.3,637.62,0.24225
3486,9566.9,62426,24.842,341.77,147.78,0.39625
3486,9971,62964,24.434,534.03,274.89,0.32036
3486,11105,62256,34.639,902.52,571.67,0.22443
3487,9510.4,61645,16.992,670.91,404.06,0.24824
3487,9759.3,62929,32.633,613.82,438.4,0.16672
3487,11094,62221,23.384,814.98,643.51,0.11757
3489,10225,64302,21.426,358.6,190.34,0.30652
3490,8839.9,62871,35.515,317.32,450.79,-0.17376
3490,8768.6,63769,34.11,403.11,296.74,0.15199
3490,10365,64250,31.011,457.93,219.71,0.35154
3491,10669,63768,26.773,258.12,120.15,0.36474
3492,10941,63656,27.08,569.17,382.81,0.19576
3492,10918,64254,27.809,573.81,354.37,0.23642
3493,9924.9,62838,34.48,338.81,365.31,-0.037635
3493,11029,63645,22.863,550.72,459.94,0.089821
3493,11179,62785,16.521,573.66,467.36,0.10212
3495,11101,63754,22.065,868.3,487.65,0.28073
3495,11354,62703,28.194,787.42,674.33,0.077366
3497,11356,63687,39.203,618.03,168.77,0.571
3498,10764,62172,25.032,1175,570.96,0.34596
3499,10398,62099,22.034,1332.6,617.52,0.3667
3499,11019,61945,33.19,578.06,363.03,0.2285
3499,11139,63653,23.901,378.58,301.34,0.11361
3500,10275,61981,25.549,733.16,493.4,0.19548
3504,9731.5,61514,22.974,345.94,112.05,0.51068
3504,11432,62084,26.328,264.26,141.11,0.3038
3505,9480.1,61581,32.232,341.16,196.2,0.26978
3505,10341,61823,30.779,218.02,133.86,0.23916
3506,9772.9,61746,26.819,476.69,343.82,0.16193
3506,10360,62660,31.656,188.86,243.14,-0.12566
3507,8871.8,62502,24.839,386.25,313.14,0.10453
3507,9762.4,61625,33.44,318.74,306.36,0.019807
3508,10433,62839,27.472,333.68,508.1,-0.2072
3510,9579.5,62732,22.957,262.63,156.6,0.25292
3511,11002,64219,34.726,432.2,145.66,0.49588
3512,9221.4,63040,27.126,237.03,157.69,0.20101
3512,11598,62643,20.124,401.25,179.29,0.38232
3514,8836.3,62820,31.399,310.22,100.97,0.50891
3514,9648.9,62325,34.764,324.66,146.78,0.37732
3514,9754.8,64014,27.912,434.08,304.68,0.17515
3515,8951.6,62599,37.575,178.47,134.45,0.14067
3515,9757.8,62102,31.403,279.34,251.51,0.052429
3515,11214,62557,21.533,591.84,323.77,0.29278
3516,9717.1,62204,25.058,706.02,293.73,0.4124
3516,9752.1,63263,32.913,597.37,271.29,0.37539
3516,10751,61563,27.774,187.23,203.4,-0.041387
3517,9466,63160,31,445.02,299.14,0.19604
3517,9425.4,63959,25.597,491.84,401.91,0.10063
3518,11002,63765,26.062,768.94,374.56,0.34489
3519,10911,63769,17.296,502.11,292.68,0.2635
3520,11173,63665,28.68,223,143.5,0.21691
3521,9661.4,61558,27.657,358.02,556.4,-0.21694
3522,9539.2,61495,23.929,303.83,333.14,-0.046009
3522,10635,62169,29.541,273.91,262.1,0.022043
3523,9920.9,63153,35.148,278.01,221.46,0.11322
3524,9050,61534,33.629,396.52,222.31,0.28151
3524,10851,61515,35.522,481.49,385.87,0.11025
3526,9972.4,63191,31.595,407.16,137.27,0.49574
3527,9448.4,64026,36.053,282.65,298.52,-0.0273
3527,9741.9,63122,23.544,520.67,201.83,0.44129
3528,9732.5,63870,29.745,362.13,235.22,0.21245
3530,9294.6,62470,31.769,197.44,106.27,0.30018
3532,9643.7,62287,31.841,262.84,191.14,0.15793
3535,10210,64308,26.056,510.16,225.14,0.38763
3535,10494,63463,24.709,268.66,204.15,0.13643
3536,10467,63514,29.372,224.31,127.29,0.27593
3539,8710.1,61856,34.835,743.31,447.41,0.24851
3540,8949.3,63266,34.871,374.14,120.59,0.51251
3540,9616.3,62232,30.17,395.72,152.89,0.44263
3541,9696.4,63990,29.212,312.33,225.1,0.16231
3542,10474,63395,19.689,343.69,129.32,0.4532
3542,11252,62507,26.148,947.35,614.69,0.21296
3543,9490.2,61459,19.132,1081.3,1140,-0.026449
3546,10783,63816,17.399,824.4,303.76,0.46149
3547,9612.1,62396,19.986,272.05,103.76,0.44781
3547,11146,62807,37.391,563.71,307.07,0.29473
3548,8774.9,62689,20.092,596.07,302.21,0.32713
3548,9421.4,62406,26.363,395.67,261,0.20508
3548,11157,62930,29.313,248.4,109.04,0.38987
3549,9617.4,62414,19.048,516.99,214.83,0.4129
3549,10858,63263,26.954,692.21,407.15,0.2593
3549,11330,62323,33.196,765.75,626.25,0.10022
3550,9231.9,63400,29.309,385.37,396.97,-0.014835
3551,10448,63428,15.453,318.15,137.7,0.39584
3554,8953.5,63501,37.393,337.17,291.4,0.072803
3555,8879.4,63743,37.129,584.36,373.94,0.21958
3555,11597,62412,25.327,1187.1,759.02,0.21998
3556,11408,62000,27.159,306.92,117.69,0.44567
3557,10760,62638,31.706,644.23,483.13,0.1429
3557,11114,63615,26.946,387.21,304.44,0.11966
3559,9734.4,63944,28.842,633.52,341.69,0.29925
3559,10726,63799,25.322,539.25,260.61,0.34837
3560,9859.8,64123,32.481,464.89,238.5,0.32185
3561,10008,63945,36.61,300.78,244.79,0.10262
3561,11585,62757,28.756,283.12,149.97,0.30745
3562,11471,62799,32.002,196.13,199.53,-0.0086009
3564,9636.2,61674,24.786,708.13,437.02,0.23674
3564,10162,64009,32.663,271.38,250.13,0.040752
3565,9243.1,63025,25.595,478.83,203.14,0.40426
3565,10940,61629,16.272,770.73,563.49,0.15533
3566,9041.9,61420,27.294,579.59,411.23,0.16992
3566,9813.1,63894,35.144,411.79,181.45,0.38826
3566,10759,61654,17.392,706.37,462.1,0.20905
3567,8904.1,61394,16.978,784.34,393.78,0.33151
3567,10841,61610,19.876,439.96,232.69,0.30814
3568,9920.2,64191,24.864,372.43,170.85,0.37104
3569,11480,62560,35.366,255,305.84,-0.090648
3570,9294.8,61451,28.897,270.98,104.8,0.44222
3570,11234,63986,31.168,1204.3,878.32,0.15654
3571,8799.7,64383,28.887,327.87,299.82,0.044685
3571,9140.1,61498,21.787,361,134.38,0.45746
3571,9639.1,62220,27.908,461.22,233.85,0.32712
3573,10981,63851,28.471,473.55,282.54,0.25264
3574,9531,62278,22.05,456.09,404.19,0.060322
3575,9231.2,62668,34.126,278.56,198.19,0.16857
3575,9599.2,62199,30.457,183.35,153.9,0.087318
3576,9075.1,62557,35.686,606.3,285.17,0.36022
3577,8803.5,62719,36.039,303.32,238.22,0.12021
3577,9244.4,63559,25.709,350.49,206.83,0.25776
3577,11321,63692,15.328,749.35,527.7,0.17356
3578,11119,63719,15.769,540.72,324.78,0.2495
3579,8985.6,63487,34.938,723.68,492.16,0.19042
3579,9766,61697,28.577,343.52,249.03,0.15946
3579,11467,62680,28.824,736.88,244.68,0.50144
3580,10476,62528,40.605,405.18,238.9,0.25817
3581,9259.3,63279,31.872,233.98,245.03,-0.023063
3581,10323,63491,31.391,594.37,526.08,0.060951
3581,10509,62640,32.487,265.37,199.53,0.14162
3582,9273.6,62454,21.849,538.89,420.03,0.12394
3583,10311,64328,14.023,958.78,234.33,0.6072
3583,10445,63373,16.889,830.19,648.9,0.12257
3585,10393,64087,19.86,1348,480.41,0.47452
3585,10479,63313,40.579,542.39,256.81,0.35733
3586,9085.2,61495,27.505,662.55,421.01,0.22291
3588,10749,61991,28.56,374.55,121.39,0.51046
3588,10828,63544,26.1,430.46,180.73,0.4086
3589,9885.6,61938,35.386,423.17,174.84,0.41527
3589,9890.9,64157,34.924,332.24,365.27,-0.04736
3589,10776,63566,24.819,718.88,465.73,0.21371
3590,9498,63167,30.393,317.9,241.99,0.13559
3591,9653.1,62925,11.709,509.34,323.24,0.22353
3592,11105,62895,20.089,740.66,325.4,0.38953
3593,9651.3,62482,33.932,161.85,125.28,0.12737
3593,11622,63405,24.567,347.41,212.48,0.241
3594,10590,63805,35.589,308.22,114.3,0.45895
3594,11582,62960,28.557,509.37,253.98,0.33457
3595,9267,63193,33.884,470.48,158.8,0.49529
3595,11603,63484,31.378,705.68,406.94,0.2685
3596,9192,63171,29.754,735.76,490.39,0.20011
3596,10410,63296,26.767,635.27,315.59,0.3362
3596,10707,63639,21.141,803.49,477.95,0.25405
3597,10139,61631,28.243,256.22,182.7,0.16752
3597,11075,63646,14.508,624.19,296.3,0.35621
3598,9572.7,62882,21.253,406.34,296.81,0.15577
3598,10753,63688,14.607,895.23,743.59,0.092531
3598,11483,63570,29.496,416.41,280.19,0.19556
3599,10260,62062,26.21,816.97,467.65,0.27192
3599,10644,63765,27.503,631.46,487.06,0.1291
3599,10776,63004,29.379,783.76,399.76,0.32446
3599,10816,64332,35.841,601.42,555.73,0.039483
3600,8798.4,63360,20.088,955.88,266.34,0.56417
3600,10494,63366,19.935,846.15,582.01,0.18495
3601,8954,63201,32.295,503.18,164.81,0.50655
3601,10528,63406,13.803,1935.1,959.63,0.33698
3602,10591,63180,24.489,729.47,379.56,0.31551
3603,10422,63359,15.614,752.06,615.47,0.099885
3603,11532,62056,34.554,139.21,120.75,0.070994
3604,9835.9,62087,26.739,413.38,198.36,0.35148
3604,10434,63350,15.091,720.33,562.01,0.12347
3604,11137,62196,26.977,456.93,261.02,0.27288
3605,9660.7,62015,36.635,437.89,321.57,0.15316
3605,10465,63269,31.115,165.24,136.93,0.09369
3605,10634,64312,26.81,238.86,273.26,-0.067168
3607,9107.4,63384,35.234,418.73,263.75,0.22708
3608,9710.1,62978,27.315,357.82,273.24,0.13403
3608,10614,61827,34.706,997.33,855.67,0.076449
3610,8900.2,63036,21.356,384.95,264.97,0.18462
3610,11365,62197,35.518,466.38,353.89,0.13714
3611,10240,64290,34.146,232.05,146.12,0.22723
3611,10351,63453,23.34,479.87,274.42,0.27237
3611,11248,62094,35.887,284.34,229.01,0.10778
3612,8823.4,63291,39.221,569.53,529.87,0.036072
3612,10061,63460,21.236,556.48,385.19,0.1819
3612,10520,61521,29.766,774.55,791.1,-0.010572
3612,11303,62102,29.894,517.99,158.5,0.5314
3613,9622,62868,27.997,392.33,371.22,0.027639
3613,10327,63406,19.623,551.02,248.11,0.37905
3613,10494,61544,28.823,420.67,305.96,0.15787
3613,10701,64052,28.033,581.79,178.62,0.5302
3614,11000,62140,21.934,489.78,194.63,0.43124
3615,11086,62058,26.278,245.13,119.67,0.3439
3616,10978,61824,34.186,379.99,328.97,0.071965
3618,11466,61630,20.684,668.46,358.04,0.3024
3623,9270.7,63744,35.79,523.85,255.19,0.34486
3623,9319.6,62973,27.359,522.82,275.84,0.30924
3624,9391,62987,35.496,281.46,119.75,0.40305
3625,10856,61856,29.436,415.4,401.51,0.016997
3626,9204.4,62679,26.006,464.88,242.18,0.31497
3627,10694,63956,21.121,373.53,153.32,0.41798
3628,8912.5,62454,35.891,386.87,235,0.2442
3628,9628.9,62287,23.907,336.77,332.24,0.0067741
3628,10452,64167,32.367,404.41,176.05,0.39341
3629,10691,63452,37.786,161.02,149,0.038781
3631,9389.8,63049,29.976,454.63,220.45,0.3469
3631,9687.5,62053,27.993,446.59,364.47,0.10124
3631,10370,61416,36.969,891.12,528.41,0.25552
3631,11575,63229,34.476,207.14,171.2,0.094971
3632,9592.9,62082,20.571,1435.3,756.34,0.30979
3633,9504.4,62232,23.219,1043.7,674.8,0.21466
3634,9579.9,62354,14.351,702.35,634.42,0.050816
3634,9558.7,62765,43.502,714.75,840.85,-0.081062
3635,9506.3,62393,23.992,874.26,474.66,0.29624
3638,10649,63939,33.017,361.12,158.89,0.38888
3639,9421.1,61471,26.602,499.42,381.3,0.13412
3640,9347.2,61545,24.429,339.99,155.82,0.37146
3643,9210.8,63162,26.469,329.19,173.58,0.30951
3644,9664,62195,34.579,547.02,171.79,0.52201
3645,9011.9,62586,31.04,384.12,253.73,0.20442
3646,8905.6,62216,18.707,480,181.79,0.45061
3646,9528.5,63747,30.396,618.81,453.82,0.15382
3647,9066.9,62439,24.939,958.79,367.71,0.4456
3648,9225.1,63698,29.038,745.45,645.97,0.071497
3648,10380,62016,29.949,458.45,287.91,0.2285
3648,10621,61447,21.224,1007.7,625.75,0.23382
3649,8921.7,63658,34.819,222.3,122.85,0.28814
3650,9032.7,63823,29.826,318.87,232.16,0.15737
3650,9148.1,62343,17.37,735.99,353.91,0.35057
3651,10784,62534,32.325,685.47,412.22,0.24892
3652,9678.4,62851,21.331,303.68,181.37,0.25215
3653,9831.7,62613,30.148,459.29,292.97,0.2211
3654,11334,62729,39.923,294.81,142.89,0.34709
3655,9755.3,62416,35.968,218.77,273.35,-0.11091
3657,9584.4,62347,13.348,464.75,342.9,0.15087
3657,9600.7,63512,28.794,665.87,358.63,0.2999
3657,11069,62733,37.504,547.69,381.77,0.17852
3658,8714.8,64159,32.71,729.57,548.47,0.1417
3658,9638.4,63583,14.472,1292.7,1004,0.12568
3658,10596,63869,31.725,550.66,225.57,0.41881
3660,9094,63875,30.032,485.55,237.85,0.34241
3661,9093.1,64108,29.939,1254.2,1006.8,0.10941
3661,10545,62706,34.493,171,102.66,0.2497
3662,9263.1,63949,30.387,576.11,309.47,0.30109
3662,10193,63715,34.502,311.79,162.38,0.31509
3663,9225,63876,36.432,370.02,178.28,0.34969
3663,9710.6,62858,33.975,342.29,394.48,-0.070835
3663,10500,63439,29.221,472.74,262.02,0.28679
3663,11450,63668,30.694,568.9,313.45,0.28951
3664,9765.7,63295,32.757,436.46,310,0.16941
3664,11087,63682,21.119,866.14,465.4,0.30096
3665,10397,63653,33.07,530.84,506.89,0.02308
3666,11211,62723,26.698,667.38,315.93,0.35742
3666,11250,63063,28.092,669.5,261.66,0.438
3667,9623.3,63368,24.691,481.63,269.63,0.28219
3667,11247,62614,22.329,567.36,260.15,0.37126
3667,11372,63694,28.84,274.88,183.58,0.19914
3668,11310,62644,24.925,572.03,455.11,0.11383
3669,9875.9,63353,35.928,708.38,392.25,0.28722
3670,9604.4,63761,29.38,350.93,233.36,0.20123
3671,9638.8,63580,22.87,588.49,249.55,0.40444
3672,9552.8,63452,32.538,533.25,294.49,0.28844
3673,9949.4,63264,27.704,362.51,147.92,0.4204
3674,9546,61702,33.584,443.08,441.38,0.0019266
3674,10458,63429,24.091,537.28,373.93,0.17926
3675,10389,63429,23.984,901.92,813.19,0.051734
3676,10785,62202,31.464,503.95,408.09,0.1051
3677,9332.9,61729,36.455,408.71,282.47,0.18264
3677,10459,63429,21.624,333.03,307.6,0.039691
3678,9166.4,61804,23.289,612.15,283.12,0.36753
3678,10492,63391,12.878,716.19,538.77,0.14138
3679,10466,63595,30.442,369.64,181.27,0.34192
3681,9935.2,63354,24.064,494.09,407.81,0.095662
3683,9286.3,61835,26.393,903.17,327.87,0.46733
3683,9657.2,62860,27.001,179.44,542.47,-0.50287
3684,9450.5,62188,35.837,459.78,324.22,0.17291
3684,10362,61875,31.259,798.51,486.17,0.24312
3684,11010,62340,30.116,565.3,174.69,0.52786
3685,10049,63985,36.956,306.73,239,0.1241
3685,10291,61949,25.858,965.06,477.13,0.33833
3686,8735.6,61980,29.102,780.24,588.2,0.14034
3686,9991.6,62236,24.396,436.31,159.56,0.46446
3687,8700.2,61926,22.113,271.29,192.03,0.17108
3687,10771,64324,24.678,319.33,230.93,0.16065
3687,11625,63723,30.967,296.76,262.41,0.06143
3688,10529,61621,24.614,903.17,271.2,0.53813
3688,11117,62839,31.425,365.79,268.23,0.15388
3688,11525,63594,34.35,295.81,308.62,-0.021184
3689,11228,61419,25.475,812.47,309.82,0.44788
3690,10203,62062,33.421,413.02,241.47,0.26212
3690,10791,62012,33.052,810.81,578.27,0.16741
3690,10931,63904,30.056,220.4,123.42,0.28207
3691,11559,61512,25.673,302,151.26,0.33256
3693,8804.2,62302,33.289,677.83,450.33,0.20165
3693,10415,63472,16.19,637.67,529.23,0.09293
3694,10416,63555,30.99,535.84,371.89,0.18062
3695,10046,64342,27.191,431.97,502.09,-0.075069
3697,10302,63306,28.005,220.5,177.71,0.10746
3698,10126,63311,29.105,257.07,262.31,-0.010097
3699,10803,63632,23.731,456.04,186.63,0.4192
3700,8783.7,62495,28.721,232.54,171.99,0.1497
3701,8918.4,62552,25.061,245.17,105.44,0.39855
3703,8841.4,63605,33.581,529.78,346.77,0.20879
3708,8989.9,63769,22.814,280.35,186.49,0.20104
3708,11195,63769,32.985,424.96,364.08,0.077156
3709,8995.2,63594,27.462,287.79,142.79,0.33675
3710,8697.3,63556,35.631,596.9,422.58,0.171
3710,11167,64180,37.066,282.95,199.64,0.17264
3711,10528,62637,34.607,696.74,789.87,-0.062643
3713,10131,61886,27.24,404.61,234.99,0.26519
3713,10946,63784,17.752,633.68,399.39,0.22678
3716,9557.5,63631,28.304,429.52,154.09,0.47194
3717,9637.8,62900,10.918,735.62,528.06,0.16425
3718,9522.4,62941,22.316,549.76,257.4,0.36221
3719,9723.4,63372,33.654,429.97,153.83,0.47299
3719,10103,63389,32.561,677.92,246.81,0.4662
3720,9636.1,63456,32.652,429.38,102.02,0.61604
3720,10300,63759,32.728,340.77,182.82,0.30167
3721,10366,63690,27.773,391.21,167.44,0.40055
3722,10245,62584,35.741,399.61,246.86,0.23629
3723,10450,63393,21.892,362.2,388.56,-0.035112
3724,10514,63420,30.142,403.19,318.88,0.11676
3725,10724,63787,27.118,401.09,120.28,0.53861
3725,11167,63646,20.468,282.71,136.99,0.3472
3727,10807,61970,28.571,306.53,134.36,0.39052
3730,10821,63865,27.363,496.71,591.46,-0.087076
3734,8899.2,63700,30.533,382.37,307.66,0.10828
3734,10229,62657,33.278,391.98,284.78,0.15839
3734,10426,63450,26.647,291.78,194.99,0.19884
3735,9080.1,61485,29.424,451.84,444.92,0.0077173
3735,9585.2,62367,36.212,327.62,239.88,0.15462
3735,10503,63470,23.987,370.42,238.37,0.21691
3735,10516,64275,31.358,625.87,393.47,0.22799
3735,11216,62419,24.922,857.74,312.33,0.46613
3736,9535.7,62300,26.89,346.58,185.72,0.3022
3736,10439,63553,29.579,263.02,105.54,0.42728
3736,11124,62415,31.892,561.96,274.84,0.34311
3737,9607.5,62193,37.892,795.84,358.1,0.37934
3738,9187.4,61793,30.553,448.9,308.53,0.18533
3739,9201.1,61658,23.213,744.48,526.11,0.17186
3740,9339.8,63899,29.452,325.27,211.21,0.21259
3740,11365,61666,33.536,364.59,329.11,0.051144
3743,9296.2,63450,28.788,358.26,264.87,0.14987
3743,11419,62699,35.577,352.16,161.29,0.37172
3745,10891,64344,36.964,407.51,190.39,0.36314
3745,11109,61973,36.834,352.51,242.89,0.18412
3746,9159.1,61398,37.303,473.5,425.12,0.053842
3746,9124.1,63663,28.544,373.85,325.32,0.06941
3746,10836,64287,32.526,676.72,310.34,0.37119
3746,11286,62420,34.877,387.38,311.95,0.10786
3748,8840.1,63739,35.733,378.63,114.33,0.53613
3748,11045,62902,29.836,580.9,462.65,0.11331
3749,9632.8,62901,18.468,450.16,360.18,0.11104
3749,10805,63821,29.344,752.31,484.5,0.21653
3750,9711.5,63129,22.875,360.17,187.86,0.31443
3750,10779,63035,27.092,233.56,124.43,0.30486
3750,10875,63763,24.962,1167.7,809.89,0.18094
3752,10237,63296,25.562,1027.9,638.85,0.23341
3754,10390,63408,33.698,369.19,205.03,0.28588
3754,10560,62596,28.642,366.96,289.3,0.11834
3756,10440,62688,25.027,506.48,401.9,0.11513
3757,10637,62777,34.346,409.29,245.9,0.24939
3761,11092,61814,33.146,490.44,465.08,0.026548
3765,11029,62208,25.875,404.2,305.68,0.13877
3767,9975.4,63071,30.481,544.22,531.5,0.011826
3768,9606.3,62887,16.848,362.24,246.92,0.1893
3769,10812,64116,28.982,645.67,201.91,0.52357
3771,9815.1,61462,31.239,255.43,108.6,0.40334
3771,10568,63889,23.967,719.35,347.93,0.34801
3772,9159.7,63919,31.016,363.18,238.12,0.20799
3772,9677.4,61650,33.875,382.93,147.76,0.44314
3772,10590,63867,23.992,513.6,433.94,0.084072
3773,9516.5,62852,28.798,339.23,261.51,0.12937
3773,10222,63068,29.883,576.07,344.54,0.2515
3773,10691,63791,17.731,668.08,342.77,0.32181
3773,10918,61739,33.055,507.54,389.76,0.13127
3774,10670,63847,25.449,798.02,435.31,0.2941
3774,10914,61749,30.325,487.44,368.19,0.13937
3774,11389,62690,35.3,261.91,131.26,0.33231
3775,10432,62603,29.552,284.22,174.79,0.2384
3775,11333,62638,29.724,540.72,332.8,0.23802
3776,10412,64012,25.853,374.31,219.54,0.26062
3777,10454,64039,26.643,255.94,133.42,0.31468
3778,11262,61440,31.187,295.24,182.7,0.23547
3779,11189,61670,27.534,297.96,164.69,0.28805
3780,9180.1,62765,25.531,453.1,239.35,0.30869
3780,10638,63845,29.61,432.21,411.61,0.02442
3780,11198,61747,29.308,268.95,144.12,0.30222
3781,9519.9,62317,29.801,352.19,304.28,0.072992
3781,10873,63844,25.611,597.47,415.92,0.17915
3781,11376,61837,27.079,608.05,467.59,0.13058
3782,9619.7,61487,30.91,214.75,128.26,0.25214
3783,9669,61694,30.36,539.56,280.28,0.31626
3783,10416,64057,28.776,192.17,117.59,0.2408
3783,11294,62042,27.971,662.4,417.68,0.22658
3784,9530,61583,21.861,383.97,295.1,0.13088
3784,10729,63776,35.108,168.75,145.15,0.075169
3785,10472,63895,20.588,536.87,252,0.36111
3786,10464,63833,32.029,507.52,254.36,0.33228
3787,8768.9,62178,17.855,895.35,437.16,0.34385
3787,10537,63353,19.39,415.59,229.86,0.28775
3788,8807.5,62050,21.4,610.58,240.23,0.4353
3788,10443,63325,18.745,511.72,281.29,0.29057
3789,10466,63897,37.868,328.01,128.03,0.43851
3790,9167,62501,31.273,330.89,426.27,-0.12597
3790,10619,63901,37.525,190.75,102.55,0.30074
3794,10241,61847,35.41,358.17,275.91,0.12973
3795,10159,62139,32.62,457.08,212.46,0.36536
3795,10494,63625,24.797,356.6,145.83,0.41949
3797,9224.4,61725,27.262,426.86,232.68,0.29441
3798,8978.5,62072,41.095,866.99,524.06,0.24653
3799,11131,62165,26.478,369.84,133.23,0.47033
3799,11300,61711,39.131,370.85,350.49,0.028234
3800,8773.2,61847,29.01,375.61,186.18,0.3372
3800,8757.7,62293,27.769,397.47,128.52,0.51132
3804,10156,64292,29.186,423.5,181.34,0.40037
3806,10484,64323,40.272,351.22,298.4,0.081312
3807,10726,64047,30.272,364.73,280.37,0.13078
3808,10933,62942,29.543,321.85,274.8,0.078856
3808,11352,63632,33.004,314.2,275.96,0.064783
3810,8691.3,62155,27.236,231.05,137.41,0.25414
3810,10237,61962,27.586,583.4,536.39,0.041979
3811,8906.2,62179,28.569,300.2,102.3,0.49167
3812,9820.8,61899,27.585,222.29,125.5,0.27832
3812,10144,63030,16.501,334.53,289.97,0.071355
3812,10769,62473,32.558,430.29,289.41,0.19575
3813,9632.6,61721,34.811,378.74,346.54,0.044398
3815,11357,63071,35.265,394.06,525.47,-0.14291
3816,10603,62824,33.53,272.26,158.33,0.26459
3819,9750.7,62957,17.174,684.23,473.27,0.18225
3819,10395,63566,24.031,497.15,348.84,0.17531
3820,10448,63542,33.172,261.44,125.08,0.35277
3821,10794,63556,28.82,336.82,173.47,0.3201
3822,10796,63620,22.82,439.33,294.13,0.19796
3823,9990.3,63009,36.559,178.28,169.28,0.025897
3824,8730.9,62556,26.979,529.71,534.92,-0.0049
3824,10033,63049,29.844,486.16,262.02,0.29958
3824,11305,62191,31.431,405.96,313.89,0.12791
3825,8849.5,62344,28.643,349.72,208.9,0.25207
3826,9242.9,63777,33.205,371.03,330.11,0.058368
3827,9400.3,63889,32.66,468.22,235.16,0.33134
3830,9618,63660,23.813,619.82,191.64,0.52766
3830,10515,63884,30.728,513.41,363.5,0.17094
3831,9616.5,63623,29.699,489.65,395.95,0.1058
3832,10831,61749,22.113,680.69,409.65,0.24858
3834,9321.3,63709,25.025,435.65,213.2,0.34284
3835,8920.9,63567,39.163,329.84,326.36,0.0053125
3839,9378.6,63818,33.831,661.37,425.14,0.21743
3840,11051,63589,26.524,275.61,200.29,0.15827
3842,9535.6,64139,31.985,375.89,277.51,0.15057
3842,11145,62082,31.08,409.66,180.48,0.38836
3843,8782.9,62006,22.72,1171.6,715.41,0.24175
3844,8734,62005,19.214,1126.3,556.51,0.33859
3844,11051,63682,27.561,399.58,473.55,-0.084711
3844,11133,63184,34.981,430.76,424.57,0.0072411
3846,8715.4,62037,31.211,502.37,272.31,0.29697
3848,9478,63636,31.525,391.43,213.68,0.29376
3848,10323,62594,34.383,583.19,427.63,0.1539
3850,10469,62665,36.555,496.96,561.52,-0.060995
3851,9624.5,62315,21.201,296.83,255.96,0.073936
3851,10075,64236,38.45,615.35,374.63,0.24316
3851,10537,62538,36.507,409.91,469.88,-0.068163
3852,10750,62658,32.231,351.44,206.98,0.2587
3853,9662.1,62298,26.933,240.9,100.47,0.41136
3853,9613.1,62896,18.79,570.01,521,0.044922
3853,10364,62450,24.003,405.35,263.73,0.21166
3853,10461,64167,33.363,322.37,251.09,0.12431
3854,9570.8,62869,18.202,394.92,250.42,0.22391
3854,10067,62099,25.167,487.79,415,0.080634
3854,11161,63696,25.025,475.7,482.7,-0.0073041
3855,9236,64061,30.674,429,324.98,0.13796
3855,9633.5,61718,26.932,269.1,100.67,0.45548
3855,10044,62094,30.342,322.59,140.97,0.39178
3855,11144,63847,25.495,559.43,317.86,0.27536
3856,10039,61644,23.065,513.3,214.73,0.41011
3857,9265.3,61671,30.13,346.21,184.4,0.30494
3858,9340.2,61645,26.1,547.63,378.3,0.18288
3858,9652.8,61878,33.112,513.47,336.61,0.20805
3859,9966.6,61956,33.494,551.81,439.29,0.11353
3859,10935,62160,32.321,619.38,384.38,0.23411
3859,11041,63098,29.48,343.06,184.3,0.30106
3860,10264,63987,33.888,480.46,520.94,-0.040423
3860,10682,62135,29.774,739.02,520.06,0.1739
3860,10930,62184,20.247,834.1,440.48,0.30882
3861,8690.8,64045,23.316,714.23,487.58,0.18859
3862,10536,63050,29.031,625.95,136.12,0.64277
3863,9503.8,62837,18.262,960.45,526.77,0.2916
3863,10931,62838,30.197,209.35,152.64,0.15665
3864,8703.1,61826,24.713,1163.1,688.3,0.25644
3866,11081,64278,36.808,300.63,212.31,0.17217
3867,8695.5,62042,31.418,1592.4,1016.1,0.22094
3868,8857.4,61588,35.324,397.59,196.69,0.33806
3870,9203.5,63038,29.493,290.6,256.8,0.061744
3870,10622,63754,28.043,748.32,358.18,0.35258
3871,8678.9,62313,28.926,878.97,464.77,0.30825
3871,9029,64228,30.664,522.47,253.68,0.34631
3871,9508.4,63102,34.735,325.28,169.45,0.31499
3871,10499,63387,16.146,591.13,618.89,-0.022941
3872,9030.7,64103,30.165,445.05,259.8,0.26283
3872,9492,63123,23.574,370.73,383.07,-0.016367
3872,10706,63474,30.035,941.16,594.47,0.22577
3873,10511,63408,24.917,527.19,325.2,0.23697
3874,9286.8,61410,23.689,366.61,351.74,0.020698
3874,11047,63649,28.18,990.21,340.85,0.48785
3874,11644,62748,30.601,249.65,209.1,0.088392
3875,9289.7,61409,28.091,404.05,428.66,-0.02956
3875,11146,63722,28.728,814.57,499.63,0.23964
3876,11285,63306,28.572,355.36,311.47,0.065823
3878,9711.8,61485,27.308,446.08,345.46,0.12712
3878,11203,63673,20.208,327.12,232.06,0.17001
3879,9830.9,61556,35.81,867.53,521.42,0.24919
3879,11505,62286,33.24,488.84,499.4,-0.010692
3880,10438,63404,17.273,294.48,219.45,0.14599
3881,9780.3,63069,22.963,588.76,300.27,0.3245
3882,10088,63112,32.318,304.47,250.13,0.097978
3882,11174,62518,27.319,519.95,437.19,0.086459
3884,8880.3,62073,32.644,732.49,357.52,0.344
3884,10297,61933,27.61,570.67,136.62,0.61369
3884,10448,63345,18.897,560.49,549.14,0.010232
3885,9665.7,62356,28.102,288.39,226.5,0.12022
3885,10317,63921,34.501,547.12,557.49,-0.0093806
3885,10498,63341,16.536,637.34,416.89,0.20911
3886,8876.9,62390,33.828,508.34,361.58,0.1687
3886,10245,62159,19.642,508.58,330.82,0.21177
3886,10642,63307,31.141,673.63,338.54,0.33107
3886,10712,63289,29.706,874.19,416.4,0.35471
3887,9558.7,62362,20.162,461.27,329.31,0.16691
3887,10608,63213,18.962,657.59,365.61,0.28536
3888,9565.4,62375,30.071,341.62,373.15,-0.044104
3889,9541.6,62331,20.957,385.68,224.12,0.26494
3890,9472.4,62309,20.487,952.22,474.34,0.33498
3891,9832.4,61452,31.076,375.73,379.42,-0.0048984
3893,8972.9,63931,30.639,900.25,847.54,0.030158
3893,10868,63338,21.129,592.02,374.49,0.22507
3894,10640,61682,34.612,267.99,189.36,0.17193
3894,10747,63376,29.48,977.41,698.21,0.16663
3895,9423.2,63504,27.741,648.59,344.16,0.30665
3895,11577,63502,27.018,419.97,300.38,0.16602
3896,9924.9,63334,39.7,695.64,506.25,0.15758
3896,10413,61682,27.899,670.73,615.76,0.042731
3897,10549,61680,17.529,406.32,460.66,-0.062676
3897,11201,63812,32.188,616,459.7,0.1453
3898,11080,62638,27.081,209.81,138.73,0.20393
3898,11079,63717,13.044,823.14,511.54,0.23346
3899,9499.4,63119,20.663,510.29,546.95,-0.034674
3899,10068,61986,33.213,461.57,372.44,0.10686
3899,10982,63712,25.995,1218.7,798.23,0.20847
3900,9137.4,61421,26.267,485.18,442.04,0.046521
3900,10083,61996,33.649,504.79,393.4,0.12402
3900,10830,62914,31.727,335.1,132.12,0.43444
3900,11082,63676,14.027,751.94,362.45,0.34952
3901,9973.7,62008,29.267,222.31,196.48,0.061683
3901,11141,63727,15.555,972.22,191.95,0.67023
3902,8933.1,63861,29.259,655.5,717.92,-0.045454
3902,11044,63696,14.003,360.89,171.56,0.35557
3903,10943,63840,41.878,543.77,149.57,0.56855
3904,10461,63451,33.165,153.06,103.74,0.19207
3905,9438.3,63990,25.459,365.81,141.4,0.44244
3905,10843,63806,22.038,298.5,151.51,0.32664
3906,9319.2,62723,33.238,498,497.14,0.00086971
3906,10186,61777,39.34,722.24,763.55,-0.027799
3906,11468,61443,20.32,456.42,236.43,0.31752
3907,10464,61610,31.491,690.18,214.78,0.52532
3908,9627.8,62865,12.026,654.34,472.42,0.16145
3909,10455,62975,33.115,516.46,215.35,0.41146
3910,8738.6,62515,29.092,326.3,178.45,0.29293
3910,9161.5,61441,25.7,976.9,470.19,0.35016
3911,9288.3,61489,33.639,831.46,628.05,0.13937
3912,11424,63152,34.39,277.61,156.01,0.28043
3914,8720.6,62042,23.378,689.01,471.75,0.18718
3914,9671,62257,31.963,284.15,234.81,0.095078
3914,10803,63807,19.276,367.84,114.91,0.52395
3915,9183.5,63469,40.048,595.71,465.18,0.12303
3915,10646,62717,30.522,384.05,375.78,0.010879
3916,8885.5,62015,38.514,285.37,196.19,0.18519
3916,10404,63409,17.014,466.15,270.36,0.26583
3916,11537,62735,26.601,198.57,115.52,0.26442
3917,10421,63374,21.909,412.51,431.18,-0.022131
3919,8775.7,62628,37.105,279.6,160.79,0.26979
3921,8694.2,62528,27.845,204.73,125.26,0.24081
3921,9402,63391,33.283,328.65,270.45,0.097137
3921,9897.9,63797,30.069,257.78,110.91,0.39835
3923,9040.9,63907,28.595,596.01,235.89,0.43289
3924,9339.3,61674,37.631,249.47,214.39,0.075617
3924,9359.6,63804,27.672,585.06,313.41,0.30235
3924,10428,61574,34.366,507.4,354.12,0.17793
3925,8866.4,61910,31.157,365.63,119.78,0.50648
3925,11155,63859,31.562,413.16,206.57,0.33336
3926,11059,61490,27.293,395.57,283.54,0.16496
3927,9160.2,62560,30.277,532.83,277.87,0.31449
3928,9556,62971,28.934,218.61,195.54,0.055695
3929,10182,62174,16.068,675.98,183,0.57391
3929,11107,63739,16.426,783.15,407.99,0.31496
3930,9600.1,62865,11.472,726.88,433.58,0.25274
3931,11633,61886,23.75,592.32,332.26,0.28127
3932,10450,63923,34.432,266.98,239.87,0.05349
3932,11172,61959,36.13,475.54,208.88,0.38962
3933,11014,63741,18.965,607.52,637.79,-0.024303
3934,10074,62074,34.892,474.52,243.24,0.32222
3934,10956,63751,12.651,1068.8,979.19,0.043761
3935,10148,62816,37.073,310.3,235.59,0.13686
3936,11080,63756,28.076,523.78,244.43,0.36364
3942,9631.8,63234,34.102,545.13,403.98,0.14872
3944,9550.3,62215,27.662,517.47,491.53,0.025708
3944,10064,62746,28.912,397.37,206.04,0.31708
3944,10647,64175,34.636,579.05,511.76,0.06169
3944,11094,64001,34.966,577.63,361.72,0.22985
3945,11203,64091,20.39,523.13,397.67,0.13626
3946,10690,63995,27.197,259.61,158.28,0.2425
3950,9588.6,63975,27.346,732.93,371.09,0.32775
3951,9573.3,64006,28.684,518.14,232.19,0.38111
3951,10045,62637,30.674,608.88,395.64,0.21228
3952,8900.5,62096,34.241,300.09,137.39,0.37191
3952,9033.9,64001,37.917,547.02,192.23,0.47993
3953,8753.7,61938,27.229,779.61,584.97,0.14264
3953,9588.6,64090,22.251,659.66,465.94,0.17211
3954,9585,64084,26.556,505.85,161.58,0.5158
3955,8721.4,62822,37.557,754.77,639.32,0.082815
3958,9633.9,62289,13.775,631.86,504.4,0.11218
3959,11127,63099,35.529,407.28,199.83,0.3417
3960,10251,63148,34.646,475.31,548.54,-0.071527
3960,11058,63049,35.486,575.23,604.89,-0.025131
3961,8758.2,61456,26.436,635.93,522.62,0.097808
3961,8738.4,62815,33.53,318.8,333.31,-0.02225
3962,10055,61440,27.091,730.26,499.58,0.18757
3962,11095,63644,28.662,420.97,250.74,0.25343
3963,9890.5,62337,36.077,219.38,110.2,0.33127
3964,10827,63495,28.553,322.25,192.78,0.25138
3964,11262,61567,25.333,383.57,263.16,0.18619
3965,9838.4,62111,35.759,417.17,138.55,0.50136
3965,10333,64158,29.772,406.97,248.33,0.24209
3969,10781,63561,24.639,279.22,112.33,0.42623
3972,10661,64081,30.353,305.02,167.97,0.28975
3973,10564,64190,19.19,654.96,347.58,0.30661
3973,11633,64303,31.59,719.53,524.57,0.15671
3974,9270,62474,18.513,832.43,388.94,0.36311
3975,9199.3,62663,28.29,393.45,363.1,0.040117
3975,11327,62432,35.933,352.19,284.41,0.10646
3976,9104.3,62873,34.038,508.23,386.5,0.13606
3979,8727,62960,36.495,299.27,164.73,0.28995
3980,11065,61794,27.403,358.18,161.05,0.37966
3981,8973.5,61408,36.497,490.55,241.54,0.34014
3982,8976.1,61509,22.444,595.29,321.9,0.29807
3983,9098.7,61838,26.12,843.05,551.56,0.20901
3983,10717,61479,28.869,691.55,416.04,0.24875
3984,9469.6,61436,33.701,424.39,430.55,-0.0072097
3984,9619.7,63053,24.532,560.03,317.96,0.27572
3984,10681,63960,36.901,167.61,174.42,-0.019916
3984,11316,61638,20.572,779.58,160.52,0.6585
3985,8771.9,62021,36.159,241.84,107.9,0.38296
3985,9671,63200,38.659,138.31,123.36,0.057135
3986,9024.2,63261,32.145,623.42,405.72,0.21153
3986,9150.7,61583,15.697,483.57,402.54,0.091443
3987,8916.4,63194,31.05,521.97,256.62,0.34081
3988,8918.9,63028,34.204,288.69,257.22,0.057636
3988,9560.8,63998,33.309,153.31,111.34,0.15859
3988,11647,62069,29.384,491,468.08,0.023899
3990,10217,64317,32.141,340.54,339.94,0.00089048
3990,10946,62450,25.722,293.11,335.02,-0.066722
3991,10129,64342,22.053,1222.5,971.07,0.11464
3992,10218,64233,18.291,1119.7,755.87,0.19398
3993,9635.1,62302,32.059,537.51,418.77,0.12417
3995,11244,63626,27.691,388.54,225.73,0.26505
3996,9004.7,63260,23.802,211.56,123.3,0.26358
3996,9954.2,61976,26.185,1138.9,602.18,0.30827
3996,11470,61738,25.63,378.61,213.45,0.27895
3997,9984.1,62008,27.082,677.67,500.06,0.1508
3997,11443,61662,29.701,305.1,205.42,0.19525
3998,9845.6,64181,38.184,354.14,336.35,0.025769
3998,10153,62889,36.293,708.7,625.69,0.062207
3998,10176,61981,21.613,348.33,283.47,0.10267
3998,11163,61734,23.37,340.27,170.35,0.33278
3999,8910.8,61523,39.742,589.91,375.85,0.22165
3999,9401.9,63977,42.578,703.87,502.34,0.16708
3999,9790,62157,40.679,1408.4,1216.1,0.073251
3999,9968.5,64001,31.753,262.03,183.18,0.17711
4000,9857.2,64123,31.882,266.37,158.54,0.25376
4001,9834.5,62836,40.203,243.2,439.09,-0.28712
4001,10587,61540,31.198,320.12,259.4,0.10477
4002,9254.9,63867,26.274,267.21,336.77,-0.11516
4002,10581,61432,33.319,493.01,326.6,0.20303
4003,11240,64138,31.047,674.06,356.09,0.30866
4003,11337,63098,28.07,257.26,108.01,0.40859
4004,10726,61770,29.595,249.19,153.19,0.2386
4004,11155,64061,25.608,299.44,135.83,0.37588
4004,11288,63144,25.896,377.61,129.64,0.48885
4005,11197,64226,31.374,332.2,121.48,0.46448
4006,9184.5,62840,30.335,526.46,448.34,0.080134
4007,11233,63737,25.924,328.19,118.4,0.46976
4008,10433,62889,32.028,578.28,474.43,0.098647
4008,11026,63846,28.396,434.68,404.08,0.036476
4009,8781.5,62673,30.806,593.53,428.3,0.1617
4010,8952.5,62439,29.942,598.44,330.52,0.28841
4010,9718.6,63881,39.06,316.14,190.3,0.24848
4011,9831.7,63932,18.277,360.24,154,0.40107
4011,11530,61593,31.221,333.66,166.77,0.33349
4015,8713.9,64064,32.308,406.5,296.64,0.15624
4015,9599,63900,24.968,580.95,559.22,0.019056
4015,10074,62177,30.54,331.94,100.63,0.53474
4016,10960,62093,14.917,417.21,365.67,0.065842
4017,8791.1,63966,29.143,398.02,274.36,0.18391
4017,10952,62076,16.762,510.07,441.49,0.072064
4018,10709,62589,30.237,446.34,435.23,0.012606
4020,11511,63766,34.284,435.18,536.61,-0.10437
4021,9610.7,63223,34.596,386.45,395.6,-0.011701
4021,9876.5,61881,32.233,258.48,169.54,0.20778
4021,10527,61927,25.79,619.39,430.53,0.17989
4022,9665,61466,30.733,838.91,416.02,0.33698
4024,9274.8,62178,25.808,620.87,414.08,0.1998
4024,9491.9,61537,35.331,1372.1,884.87,0.21589
4025,9189.2,62461,31.342,759.75,499.38,0.20678
4026,8721.1,63024,34.253,327.25,243.16,0.14742
4026,9047.6,62478,31.014,498.81,385.67,0.12792
4027,8909.1,63590,32.28,620.9,426.24,0.1859
4027,10193,62136,32.242,1188.6,743.41,0.23042
4027,10611,63493,23.929,573.07,409.59,0.16637
4028,9924,62519,23.095,785.27,415.95,0.30746
4029,9669.4,63985,23.133,470.27,157.57,0.49805
4029,10926,63820,22.759,837.99,620.07,0.14946
4030,10138,62906,31.43,299.76,137.45,0.37126
4030,10922,63847,21.846,721.05,547.96,0.1364
4031,9289,63130,24.281,779.08,789.95,-0.0069244
4031,10224,61937,28.087,235.49,170.55,0.15993
4031,10300,62945,26.533,492.12,228.26,0.36627
4033,9027.5,61474,25.467,506.27,166.8,0.50436
4033,10127,62925,31.9,513.84,316.66,0.23742
4034,9223.5,61418,42.112,592.98,537.2,0.049357
4034,9848.8,63187,23.517,571.79,297.28,0.31587
4034,10533,62134,16.874,748.64,311.22,0.41272
4037,9506.7,62855,20.518,217.44,275.57,-0.11791
4039,9232.3,62394,33.622,310.43,213.51,0.18497
4039,11299,62133,27.653,511.13,160.74,0.52151
4040,10382,61568,32.748,382.15,733.12,-0.3147
4040,11180,63061,23.93,595.22,427.32,0.1642
4041,11295,63323,28.431,619.18,524.43,0.082857
4041,11506,62136,30.757,416.93,331.69,0.11387
4042,9557.7,61605,22.991,520.07,328.87,0.22522
4042,11273,63122,29.323,880.55,666.93,0.13805
4043,9463,61572,26.481,350.14,302.95,0.072249
4046,10163,64223,33.572,296.55,238.31,0.1089
4047,10712,63797,19.713,275.4,133.92,0.34563
4050,11077,63729,25.81,404.91,757.42,-0.30328
4051,11218,63796,33.49,302.3,171.84,0.27516
4052,11234,63814,19.079,518.74,233.58,0.37904
4055,8880.1,62746,34.908,688.52,492.08,0.16639
4055,10132,61937,21.878,711.36,425.36,0.2516
4056,9043.6,63236,24.766,656.44,272.56,0.41322
4056,9154,61795,28.02,322.44,176.49,0.29253
4056,10285,62199,31.087,768.1,639.42,0.091422
4057,9093.5,63500,28.983,235.45,101.06,0.39935
4057,10230,62400,26.075,596.13,390.46,0.20846
4057,11366,62030,21.609,713.27,304.15,0.40212
4058,10214,62393,29.759,675.06,869.42,-0.12584
4058,11251,63021,35.926,264.5,256.56,0.015245
4059,10031,63219,27.639,458.14,205.72,0.38024
4059,11336,63057,28.483,433.64,182.4,0.40783
4060,8740.7,62811,34.497,366.62,150.31,0.41847
4060,10131,62726,31.964,334.19,308.87,0.039375
4060,10301,61824,24.432,543.43,283.4,0.31449
4061,8751.7,63186,36.934,273.02,205.57,0.14093
4061,10154,63020,34.014,496.72,450.31,0.049008
4061,10283,64176,35.301,372.24,222.88,0.25096
4061,11359,62820,35.071,336.03,514,-0.20937
4061,11487,62333,31.225,387.65,664.54,-0.26316
4062,10074,62940,35.596,238.9,258.25,-0.038918
4062,10384,64083,31.279,493.99,200.9,0.42178
4062,10421,61627,21.603,587.69,263.69,0.38056
4062,11501,62061,31.909,453.42,372.39,0.098116
4063,10303,63073,23.909,225.23,150.4,0.19921
4063,10299,63766,32.447,336.93,140.43,0.41164
4063,10493,61686,32.998,759.47,492.29,0.21344
4063,11291,62153,31.828,295.82,206.02,0.17893
4064,9142.4,63354,25.765,280.76,162.63,0.26644
4064,10300,63049,27.304,493.7,569.71,-0.071479
4065,10408,63037,18.08,381.7,259.01,0.1915
4065,10673,61939,35.284,523.98,370.62,0.17142
4066,10548,63047,21.859,1521.3,734.38,0.34886
4066,10778,62978,31.146,1412.2,718.27,0.32572
4067,10190,63215,29.491,701.86,168.07,0.6136
4068,9016.8,63053,25.688,341.9,263.54,0.12944
4068,9970.3,63008,32.038,150.5,104.45,0.18066
4068,10781,63157,29.155,401.43,388.46,0.016427
4070,10469,61624,36.979,220.43,115.6,0.31195
4070,10820,62813,34.666,215.58,327.58,-0.2062
4070,11164,63625,34.29,315.8,310.71,0.0081134
4071,8724.2,61996,37.559,222.41,240.98,-0.040072
4071,11114,63600,24.531,479.38,230.71,0.35019
4071,11581,61970,21.508,967.21,508.84,0.31053
4072,10454,61741,30.419,369.56,201.23,0.2949
4073,11329,63612,33.464,299.76,220.86,0.15156
4073,11631,61433,40.11,1083,709.25,0.20855
4074,9207.7,61702,29.249,584.04,500.12,0.077405
4074,10782,61839,25.725,413.42,186.41,0.37845
4075,9204,61443,24.031,556.17,232.15,0.41102
4075,11281,62278,35.493,1117.7,483.12,0.39641
4077,9016.1,62696,34.127,224.85,170.65,0.13705
4077,9578.8,62321,24.245,352.44,259.16,0.15251
4079,9023.9,61544,30.704,925.01,708.31,0.13267
4079,11548,62313,32.205,193.42,123.29,0.22144
4080,9327.6,62239,28.462,391.19,405.79,-0.01832
4080,10754,62035,37.48,456.53,417.35,0.044837
4081,9002.5,61392,28.473,481.65,296.98,0.23717
4081,10917,62183,28.052,359.03,324.75,0.050131
4082,8795.8,62823,36.999,331.9,165.76,0.33384
4082,9132.6,61668,33.433,878.78,453.14,0.31957
4082,9745.8,61929,30.06,355.47,158.78,0.38248
4083,8830.9,63524,31.341,444.31,318.66,0.16468
4083,11607,61962,32.747,201.2,127.83,0.22298
4084,8815.5,61920,29.637,670.73,589.38,0.064556
4085,8916.7,63478,31.905,501.48,290.74,0.26602
4087,10287,64195,29.77,436.99,213.31,0.34397
4088,10286,64115,23.852,452.44,219.03,0.34762
4091,8861.6,62547,31.739,462.36,454.22,0.0088836
4091,10368,64289,27.215,668.94,430.22,0.21719
4092,9011,62430,28.228,919.6,590.33,0.21807
4092,10525,63457,18.729,433.88,207.38,0.35322
4093,9076.4,62477,26.756,433.63,201.57,0.36534
4094,9679.5,61589,28.427,352.34,450.26,-0.12201
4095,9609.9,61658,23.867,264.77,175.64,0.20239
4095,10430,61698,34.04,838.68,282.93,0.49549
4095,10641,61514,32.88,962.83,573.05,0.25378
4096,9640,61686,22.865,485.19,187.92,0.44164
4096,10841,61644,26.677,363.29,208.26,0.27125
4097,10801,61487,29.39,321.46,130.78,0.42164
4098,10807,64024,19.335,391.21,192.45,0.34053
4098,11290,62390,23.462,373.46,202.87,0.296
4099,9512.3,61959,37.448,528.47,438.19,0.093399
4099,10721,63246,25.857,590.09,416.11,0.17291
4099,10987,64105,30.564,1117.6,900.79,0.10744
4101,10386,61454,23.312,300.82,241.12,0.11017
4101,10364,62441,38.506,160.44,196.3,-0.10051
4101,11545,61569,35.268,498.82,543.48,-0.042841
4102,10380,61489,21.602,469.75,194.12,0.41519
4105,9955.2,62645,30.485,336.66,330.27,0.0095869
4106,9444.7,62383,26.48,334.32,258.88,0.12719
4107,9387.1,62550,35.31,476.29,541.25,-0.063843
4107,11324,63623,35.529,276.47,349.49,-0.11666
4108,9536.6,62033,28.051,465.89,181.81,0.43859
4108,9567.9,62555,36.773,353.47,253.7,0.16432
4109,10450,61907,37.723,313.77,164.32,0.31259
4110,10687,63538,32.164,385.29,191.62,0.33571
4110,11169,62521,31.559,371.21,173,0.36421
4111,9588,62335,34.624,350.04,282.3,0.10713
4112,11664,61759,27.617,237.16,183.82,0.12671
4113,9426.9,61662,28.502,613.98,419.57,0.1881
4115,9287.2,64023,29.438,480.17,255.66,0.3051
4115,9558.1,61780,30.746,565.77,516.75,0.045279
4115,10440,63541,26.758,499.68,474.7,0.025636
4115,11186,62551,25.951,341.98,259.96,0.13626
4116,9340.1,64117,28.814,545.72,324.75,0.25385
4116,9795.2,61732,37.025,321.35,252.54,0.11991
4117,9872.7,63206,27.744,591.6,386.79,0.20934
4118,11000,63870,32.504,207.29,236.77,-0.066377
4119,11045,63097,27.318,215.38,192.02,0.057331
4120,11082,61655,32.511,309.85,130.97,0.4058
4121,11092,61669,25.791,306.64,121.82,0.43135
4123,10019,63007,23.481,496.1,486.85,0.0094064
4126,9535.8,62306,27.713,305.37,138.7,0.37532
4126,11107,64264,31.272,406.86,357.46,0.064623
4127,9604.6,62314,18.503,301.34,235.52,0.12259
4128,9569.3,62294,14.224,512.15,376.32,0.15288
4128,11198,63751,32.71,366.76,198.22,0.29831
4128,11427,63048,34.04,498.78,443.36,0.058818
4129,9580.5,62337,8.9094,920.27,579.25,0.22742
4130,8749.5,61761,25.281,867.5,531.49,0.24018
4130,9553.6,62411,17.369,631.34,301.67,0.35335
4130,10792,61802,33.094,239.78,139.28,0.26513
4130,10844,63660,23.989,718.33,409.58,0.27374
4131,8840.7,61450,32.002,433.73,171.86,0.43241
4131,9651.9,62428,34.486,746.03,596.64,0.11126
4131,9789.9,63983,34.968,503.67,188.87,0.45455
4132,10883,63543,24.856,810.48,469.09,0.2668
4133,9045.5,61483,28.789,543.78,619.2,-0.064846
4134,9449.8,61534,30.483,495.91,167.39,0.49527
4134,11384,64388,22.528,563,591.5,-0.024691
4135,9545.6,61575,29.753,438.67,293.56,0.19817
4136,9362.7,63853,36.307,600.19,132.49,0.63834
4136,9595.4,62216,30.007,258.34,216.04,0.089168
4136,9974.6,63735,33.392,242.47,148.54,0.24023
4136,11490,61473,29.856,210.66,134.7,0.21992
4137,9599.1,62415,27.294,390.28,230.37,0.25764
4137,9655.1,63745,31.429,680.2,575.36,0.0835
4139,10973,63802,35.294,334.1,262.09,0.12079
4140,9552.8,62373,27.156,265.16,212.27,0.11079
4140,10498,63425,14.993,840.67,659.23,0.12097
4141,9228.6,61486,20.224,730.42,354.04,0.34707
4142,9088.2,61530,38.862,365.77,192.24,0.31098
4142,10468,63439,26.932,483.9,397.15,0.098455
4143,9080.6,61786,44.166,369.1,473.11,-0.1235
4143,10486,63435,29.608,299.47,313.86,-0.02346
4143,11016,63833,27.92,445.47,315.1,0.1714
4143,11329,63001,31.86,822.45,405.48,0.33957
4144,8884.2,61880,38.532,230.75,140.56,0.24289
4144,10522,63334,21.525,293.34,222.57,0.13717
4144,11479,64117,31.798,959.89,725.37,0.13916
4146,10241,63688,27.966,196.98,107.09,0.2956
4146,11081,63746,22.694,508.09,101.65,0.66659
4147,10200,63850,25.22,513.42,595.53,-0.074043
4147,10310,62382,29.676,362.15,239.11,0.20463
4148,9643.6,62318,27.733,218.25,141.99,0.2117
4148,10372,63913,29.798,404.71,265.31,0.20805
4148,11579,61887,31.701,355.66,153.14,0.39803
4149,10360,63948,27.883,431.88,205.54,0.35509
4150,10517,62377,24.026,697.14,722.12,-0.017596
4151,9635.5,62284,32.633,468.09,454.61,0.014616
4151,10393,62295,39.167,400.26,391.42,0.011164
4152,10429,62142,32.719,691.63,482.74,0.17787
4152,11101,64080,36.498,131.23,189.88,-0.18266
4153,10270,61978,26.442,749.97,465.53,0.23401
4154,9007,61563,31.752,401.01,326.43,0.10252
4155,8876,62304,18.053,796.25,423.49,0.30561
4156,8742.5,62271,31.97,606.61,470.07,0.12681
4158,10858,62678,34.404,275.62,172.41,0.23036
4159,10340,62444,30.787,382.02,223.9,0.26097
4160,9999.8,62131,25.15,511.57,379.89,0.14772
4161,9036.1,62186,36.296,196.36,306.44,-0.21893
4161,9877.1,61608,35.165,597.63,313.18,0.31231
4162,10113,62836,31.537,362.08,254.89,0.17373
4163,9847.4,64100,18.724,1213.2,708.79,0.26246
4165,8976.8,62351,30.834,233.49,179.83,0.12983
4165,9103.8,63974,39.47,526.47,444.41,0.084515
4165,10781,61718,22.467,611.33,284.99,0.36408
4165,11240,61782,24.124,701.31,555.56,0.11597
4166,9346.1,61475,21.383,785.05,456.77,0.26436
4167,9175.2,61595,25.551,484.49,402.64,0.092262
4167,10735,61603,25.244,891.26,756.44,0.081819
4168,9029.5,61633,29.759,324.7,178.66,0.29014
4168,9595.6,62892,22.755,293.77,186.88,0.22238
4168,9871.6,64372,36.55,579.16,259.01,0.38196
4169,10736,63794,19.288,606.33,391.93,0.21478
4170,10726,63799,28.796,561.97,393.14,0.17677
4171,10138,62439,30.473,348.19,201.1,0.26779
4171,10746,63853,14.845,1130,634.63,0.28071
4171,11147,62249,26.823,316.91,116.53,0.46229
4172,9589.7,62433,15.974,833.71,465.18,0.28373
4172,9789.9,64286,26.197,298.04,130.42,0.3912
4172,10635,63889,17.837,1175.6,728.02,0.23514
4173,9579.2,62394,26.85,392.18,294.66,0.14198
4173,10532,61483,27.123,409.92,732.11,-0.28212
4173,10956,62326,30.928,524.38,308.31,0.25949
4174,10746,61427,24.061,344.12,204.91,0.25355
4176,9486.9,63266,23.727,460.88,227.06,0.33989
4176,10053,62533,34.861,743.52,585.83,0.11862
4177,8869.9,63402,34.837,509.59,406.4,0.11266
4178,9489.3,62451,33.551,392.99,329.39,0.088044
4178,10654,63388,33.667,892.05,620.63,0.17943
4179,9949.2,64245,21.353,463.52,445.27,0.020088
4179,10664,63944,28.464,561,379.79,0.19261
4180,9796.4,61725,28.069,803.44,305.52,0.44899
4180,10021,64369,29.346,574.84,282.01,0.34176
4180,10734,63768,20.115,889.07,418.6,0.35978
4180,10967,61590,31.852,356.49,212.22,0.25368
4181,10787,63788,35.918,370.03,288.61,0.12362
4182,10783,63684,32.507,262.64,218.94,0.090735
4186,10088,61592,19.509,861.01,396.96,0.36888
4188,9573.7,62418,29.888,310.83,266.8,0.076221
4188,10189,62876,29.076,489.28,392.83,0.10933
4189,9679,61888,33.623,314.63,279.51,0.059108
4191,11105,61979,31.984,359.27,166.32,0.36711
4192,9687.5,63862,22.208,506.45,412,0.10283
4193,8692.9,63549,33.756,287.19,161.05,0.28141
4193,9596.6,63820,31.828,417.2,196.76,0.35903
4193,10713,61608,20.189,1329.9,760.13,0.27263
4195,10436,61970,34.613,416.39,270.84,0.2118
4195,11049,63684,37.631,527.97,145.91,0.56695
4196,10811,63821,19.445,616.27,265.27,0.39816
4198,8899.9,64385,34.485,423.74,383.19,0.05025
4201,10260,62950,20.512,604.44,665.68,-0.048211
4202,10324,63055,26.194,304.27,273.13,0.05393
4206,10471,63409,21.739,228.37,134.13,0.25997
4206,11273,62317,42.611,282.65,145.56,0.32014
4207,10490,63430,18.301,385.76,225.46,0.26227
4207,11271,62328,24.363,764.27,464.09,0.24438
4209,10058,61958,27.23,792.35,630.18,0.114
4209,10158,63033,26.953,898.51,474.18,0.30912
4209,11233,62443,21.703,1408.2,984.96,0.17686
4210,10046,62094,27.602,541.89,342.52,0.22543
4210,11272,62455,27.468,665.3,405.26,0.2429
4211,10274,62221,23.424,514.56,245.95,0.35319
4213,10166,62238,24.883,482.4,183.88,0.44804
4215,9060.5,63037,18.408,845.36,577.45,0.1883
4215,10166,62242,32.564,389.61,204.65,0.31125
4215,10404,63932,28.494,730.89,573.95,0.12028
4217,9820.1,63802,31.594,555.29,335.68,0.24649
4217,10085,62939,23.815,443.15,228.98,0.31864
4217,10489,63792,23.363,866.19,726.17,0.087929
4218,8707.8,62645,25.453,212.32,183.15,0.073748
4218,10474,63621,28.264,957.31,775.44,0.10496
4220,10460,63466,27.052,370.48,260.36,0.17455
4221,8893.7,62514,32.528,317.79,273.91,0.074159
4221,10714,63588,27.531,510.17,364.69,0.16629
4222,8960.9,62614,32.34,406.16,304.51,0.14303
4222,9244,61457,27.603,429.45,322.2,0.14268
4222,10850,64180,27.439,215.88,235.61,-0.043696
4222,11338,61576,35.444,678.23,450.12,0.20216
4223,9056.2,62592,18.723,561.54,291.25,0.31695
4223,10870,62878,31.329,350.93,281.47,0.10985
4224,9133.8,64120,30.619,544.98,564.81,-0.017875
4224,10514,64376,33.772,528.68,427.55,0.10575
4224,11538,63292,33.095,454.29,240.86,0.30703
4225,8826.9,62357,33.078,462.31,417.62,0.050786
4225,10713,64241,22.004,557.34,305.78,0.29146
4225,10963,62245,29.644,498.87,346.08,0.18083
4226,8921.2,62399,30.004,409.46,485.92,-0.085398
4226,10545,62811,28.825,727.18,222.53,0.53137
4227,10565,62764,25.471,381.55,109.29,0.55468
4227,10774,63792,20.703,537.67,217.27,0.4244
4228,10295,64156,35.929,277.6,186.47,0.19637
4229,11102,63761,26.962,612.19,464.81,0.13684
4229,11111,64182,33.875,220.91,180.85,0.099718
4229,11262,63782,29.104,816.83,911.59,-0.054825
4230,10097,63980,31.429,354.26,124.96,0.47847
4230,11064,63719,20.428,556.67,421.74,0.1379
4231,9405,61820,29.975,358.01,236.75,0.20389
4231,9501.7,63824,30.296,562.76,248.16,0.38795
4231,10183,63950,29.705,685.62,146.04,0.64881
4231,11071,63707,13.832,778.77,365.85,0.36075
4232,10453,62404,30.905,312.11,114.94,0.46171
4232,10900,63828,19.642,435.65,209.78,0.34996
4233,8924.8,62352,28.59,891.76,445.57,0.33364
4233,10880,63721,27.9,948.78,674.22,0.16917
4234,8672.5,62659,34.397,1200.3,469.76,0.43745
4234,8967.5,62549,20.608,1177.8,411.99,0.48171
4234,9267.6,63864,22.658,314.84,117.25,0.45731
4234,9653.9,61955,39.164,355.61,273.75,0.13006
4234,9716.1,62996,36.826,262.24,129.69,0.3382
4234,10984,63665,30.258,643.21,471.93,0.1536
4235,10347,62876,31.389,209.9,139.06,0.20299
4236,9617.9,62251,45.181,799.87,913.74,-0.066448
4237,10146,62170,32.503,440.96,561.54,-0.12028
4238,9980.6,62148,29.695,538.1,467.04,0.070689
4239,11250,62230,33.786,444.21,357.03,0.10882
4240,9936.6,62075,33.367,270.99,231.98,0.077551
4241,10157,61729,27.984,720.69,517.48,0.16412
4241,11444,62481,16.587,276.49,317.13,-0.068449
4242,10200,61815,33.1,807.97,620.07,0.13158
4242,11625,62437,20.426,394.93,447.72,-0.06264
4243,10194,61909,24.793,1013.4,453.48,0.38171
4244,10144,61735,20.751,555.32,149.89,0.5749
4245,9026.2,63668,26.666,601.01,625.1,-0.019643
4245,11228,62664,24.399,290.74,299.43,-0.014735
4246,10008,61561,12.005,1160.2,232.67,0.66591
4246,11258,62986,24.279,333.83,357.65,-0.034442
4247,9975.1,61589,16.442,755.55,110.11,0.7456
4247,11337,62937,36.015,436.98,806.56,-0.29721
4248,10024,61790,18.831,702.44,239.45,0.49156
4248,11279,62978,35.65,318.64,578.5,-0.28965
4248,11525,62324,27.179,332.76,280.99,0.084351
4249,10124,61659,18.035,686.97,243.04,0.47734
4250,9996.1,63396,34.609,646.82,511.66,0.11666
4250,10074,61744,14.97,825.09,236.84,0.55394
4251,9835,63411,30.013,506.54,274.61,0.29691
4252,8809.6,62012,36.074,446.09,272.39,0.24176
4252,9796.4,61843,14.72,541,222.81,0.41657
4252,10024,63585,23.269,449.13,371.57,0.094514
4253,10001,63511,38.349,748.89,387.82,0.31765
4254,9897.1,63351,32.056,642.17,427.78,0.20038
4255,9855.4,63485,20.353,758.6,245.66,0.51077
4257,9205.9,61807,25.389,715.24,245.91,0.4883
4257,9933.2,63245,24.4,460.67,350.35,0.13603
4257,10332,62462,29.051,352.57,339.87,0.018335
4257,10585,63383,43.441,435.61,524.17,-0.092266
4257,10955,64314,30.925,287.56,178.79,0.23324
4258,9113.3,61584,25.903,515.76,320.34,0.23373
4258,9847.9,63053,24.157,1164.1,935.55,0.10886
4258,10472,63188,29.169,440.5,126.41,0.55404
4258,10805,64072,23.212,1070.8,700,0.20941
4258,11058,64130,31.085,717.18,454.56,0.22412
4258,11651,61399,35.183,262.1,306.62,-0.078275
4259,10279,62357,33.02,374.03,201.68,0.29937
4260,9244.6,64142,31.79,659.88,543.19,0.096993
4260,9276.7,61954,26.424,297.86,107.23,0.4706
4260,11491,63832,22.289,1071.3,685.73,0.21945
4261,9185.5,61930,22.886,299.87,173.66,0.26653
4261,11646,61503,22.004,415.53,234.15,0.27917
4262,9548.3,64166,33.747,366.28,169.81,0.36649
4263,10702,61893,21.674,446.49,323.91,0.15911
4264,9598.3,64198,30.112,382.1,221.32,0.26644
4266,10431,63562,31.168,537.37,333.76,0.23373
4267,10449,63555,32.372,345.61,371.1,-0.035562
4269,9206.6,63376,24.304,373.15,169.72,0.37473
4270,9257.6,63267,29.426,669.94,545.02,0.10282
4270,10301,61441,29.665,975.2,582.89,0.25179
4275,9335.8,63553,32.534,381.36,140.28,0.46216
4275,11097,63690,21.2,300.91,177.36,0.25832
4276,9508.8,63718,36.89,267.09,199.87,0.14395
4276,11002,63752,36.112,485.77,511.68,-0.025985
4278,9723.8,63625,36.482,250.47,200.41,0.11103
4279,10877,63724,37.623,296.36,200.37,0.19325
4281,8872.6,62457,26.706,655.17,425.14,0.21293
4282,9792.2,63895,22.436,705.32,596.92,0.08324
4283,9018,61513,40.586,447.64,414.43,0.038521
4283,9467.8,63404,32.959,346.81,337.02,0.014328
4287,9603.3,62282,26.45,775.26,426.9,0.28978
4287,10914,61438,37.844,308.17,309.31,-0.0018484
4288,9538.8,62346,31.235,572.56,443.4,0.12714
4289,10504,63249,37.569,387.96,312.7,0.10742
4290,10620,63278,31.162,136.97,203.71,-0.19592
4291,9938.3,62102,19.365,642.84,263.06,0.41923
4292,9896.9,61830,35.018,222.4,240.94,-0.040004
4294,9714.5,63975,33.253,213.56,176.79,0.094205
4295,9605.2,63922,29.492,435.38,233.71,0.30141
4300,9841.4,63334,31.724,188.08,115.38,0.23957
4301,8678.2,63135,30.264,472.41,403.7,0.078428
4301,9577.3,62358,29.127,193.89,127.66,0.20596
4302,9586.8,62367,19.601,320.65,301.74,0.030384
4303,9666.4,61825,33.058,592.47,546.2,0.040635
4303,11061,61713,25.998,309.05,129.85,0.4083
4304,10878,61854,27.629,426.04,402.8,0.028043
4305,9186.7,64276,31.43,217.69,289.79,-0.14209
4305,10175,61809,35.2,509.42,383.56,0.14095
4305,10717,61859,18.218,471.27,174.64,0.45924
4306,9623.7,62285,26.609,571.21,529.25,0.038138
4308,10970,63635,23.995,232.01,182.15,0.12039
4308,11220,62057,36.263,273.8,319.86,-0.077579
4309,9144.1,62947,30.182,678.97,363.19,0.30301
4310,9782.2,63275,42.344,925.96,411.82,0.38432
4310,11511,61886,27.657,499.17,360.41,0.16143
4311,9535.8,63487,34.147,805.92,770.14,0.022698
4311,10179,62378,27.157,457.82,398.43,0.069363
4311,11099,63698,11.713,666.58,449.72,0.19427
4312,9913.9,63402,32.074,355.41,212.67,0.25127
4312,10931,62465,31.034,455.31,241.26,0.30729
4313,9866.7,63053,26.915,826.8,396.69,0.35154
4313,9926.5,63058,31.154,568.05,276.56,0.34512
4313,10852,62626,29.566,223.21,111.74,0.3328
4313,10891,63801,19.725,1430.8,1339.6,0.032901
4314,10026,63073,27.325,343.92,216.18,0.22806
4314,10848,63778,24.018,338.33,251.48,0.14725
4315,9838.9,63378,29.442,296.53,112.73,0.4491
4315,10811,63738,22.195,912.87,507.66,0.28525
4317,8672,63261,28.293,156.35,139.01,0.058712
4317,9287.3,63967,31.367,807.05,428.85,0.30601
4317,10007,61892,24.493,392.76,200.73,0.32356
4317,10403,64120,26.194,369.31,238.03,0.21617
4318,10066,61613,25.15,543.12,268.96,0.33759
4318,10297,64149,30.886,450.12,204.23,0.37577
4318,10452,63493,34.57,341.69,160.44,0.36097
4318,10876,62042,33.957,197.99,260.9,-0.13709
4318,11385,61420,33.276,367.92,236.04,0.21836
4319,9942.5,63241,20.107,517.97,259.01,0.33329
4319,10606,64253,33.69,282.52,313.5,-0.051979
4321,10056,62134,30.792,484.53,361.37,0.14559
4323,9529.2,61718,28.575,1002.7,598.47,0.25246
4323,10312,62937,28.459,234.5,151.91,0.21374
4323,10484,63935,34.027,251.12,185.09,0.15137
4324,9785.7,63188,29.104,210.18,125.86,0.25093
4324,10457,62341,31.885,178.34,149.31,0.0886
4325,10935,62040,29.383,421.6,319.74,0.1374
4325,10987,63576,32.849,303.72,235.01,0.12753
4325,11040,63329,42.445,486.19,288.32,0.25548
4326,8803.6,62235,29.057,340.35,378.17,-0.052643
4326,10496,62164,33.481,428.23,504.05,-0.081334
4326,11047,63551,22.356,309.71,163.3,0.30954
4327,9022.2,61850,29.048,1518.6,834.41,0.29077
4327,10957,63585,32.317,422.13,433.93,-0.013775
4327,11219,62829,33.139,304.91,345.38,-0.062227
4328,9516.8,61714,19.706,1220.4,721.99,0.2566
4328,10485,62143,32.347,410.38,120.71,0.54543
4328,10838,63808,16.362,730.97,232.62,0.51718
4329,9391.5,61772,14.849,1115.4,760.37,0.18928
4329,10786,61813,30.727,577.28,438.05,0.13713
4330,9433.5,61708,23.586,587.23,563.71,0.020434
4330,11609,61919,24.882,1129.7,733.94,0.21234
4330,11643,61697,27.137,786.36,481.48,0.24047
4331,11452,61996,21.996,949.95,593.39,0.23103
4333,11229,62260,19.488,1488.8,885.57,0.25407
4335,10832,61788,28.614,667.81,448.41,0.19655
4335,11333,62318,38.176,394.24,231.22,0.26065
4336,9213.7,63766,29.105,496.27,274.8,0.28722
4336,9612.1,62401,18.055,451.27,210.02,0.36482
4336,10490,61937,28.685,401.29,244.57,0.24265
4336,11453,63626,32.195,218.26,131.75,0.24715
4337,9600.8,62344,30.718,419.25,203.5,0.34645
4337,11094,62565,19.885,1107.7,883.82,0.1124
4337,11298,63900,32.333,736.41,424.43,0.26876
4338,11130,62644,24.776,418.75,322.72,0.12952
4339,9080.8,63476,31.358,370.08,376.38,-0.008444
4339,11156,62600,34.633,387.04,272.1,0.17438
4340,9247.7,63685,29.422,677.73,442.54,0.20995
4341,9116.8,63655,33.623,318.23,161.09,0.32785
4342,9153,63516,31.09,628.29,504.3,0.10947
4342,10911,63903,25.541,962.86,525.62,0.29375
4342,11179,62700,26.246,410.41,482.03,-0.080247
4343,8728.4,62033,28.881,558.52,113.2,0.66295
4343,11031,62839,18.637,649.89,475.63,0.15483
4344,10896,62638,21.813,525.43,317.89,0.2461
4344,10815,64010,24.355,555.42,320.35,0.26841
4345,10652,64066,27.964,765.19,380.46,0.33582
4346,10933,62612,27.358,266.72,166.47,0.23142
4347,9580.1,62240,37.736,124.38,170.17,-0.15545
4347,9964.2,63927,28.434,340.77,245.48,0.16255
4347,10787,62552,37.839,199.58,226.21,-0.062533
4348,10945,62466,34.356,220.22,105.7,0.35137
4349,9579.2,62368,26.819,320.14,191.26,0.252
4349,11089,62528,27.021,358.07,175.3,0.34268
4350,8869.2,62300,32.595,212.4,107.2,0.32914
4350,9610.8,62349,15.657,320.36,187.62,0.26129
4350,10882,61633,29.344,513.19,263.76,0.32103
4351,9876.8,63239,30.109,849.02,389.55,0.37097
4352,9710.7,61983,38.137,789.77,514.88,0.2107
4352,10364,64175,31.112,374.24,187.95,0.33136
4353,8879.5,61587,26.815,229.5,156.12,0.19029
4353,8842.7,64096,35.118,145.33,166.75,-0.068633
4353,10208,64297,35.254,455.06,380.03,0.089844
4353,10955,64369,32.306,157.31,100.93,0.21833
4353,11178,63007,26.357,522.96,239.4,0.37194
4354,9652.1,61738,28.619,518.51,226.67,0.39164
4354,10797,62987,26.434,429.34,358.12,0.090441
4355,11080,62259,30.587,190.17,127.88,0.19584
4356,10743,61593,30.612,412.81,373.37,0.050177
4356,11349,61698,31.933,682.51,315.22,0.36813
4356,11386,63055,33.566,354.07,179.09,0.3282
4357,11492,62862,30.151,1152,358.59,0.52523
4358,8764.7,62110,35.964,284.17,222.66,0.12136
4358,11187,62601,22.343,1821.6,1144.1,0.22846
4359,11121,62354,22.785,319.22,212.56,0.20057
4360,9629.1,63279,24.933,279.95,264.29,0.028767
4360,11251,62075,22.246,265.35,127.46,0.35103
4361,8739,61958,26.989,330.34,105.63,0.51542
4361,10473,63101,27.479,980.51,424.5,0.39574
4362,10652,63322,31.967,393.39,206.28,0.31201
4363,10410,62871,26.353,433.96,287.87,0.20238
4363,10846,64338,34.938,270.84,199.27,0.15225
4364,9618.5,62395,15.909,607.34,315.48,0.31627
4364,10765,63792,30.982,538.59,557.54,-0.017288
4365,9225.7,61535,35.543,420.56,312.78,0.14696
4365,9632.9,62264,26.869,348.56,278.83,0.11115
4366,9311.9,61440,22.349,451.29,219,0.34656
4366,9558.4,62409,15.157,411.02,148.76,0.46849
4368,9207.2,61422,16.89,782.12,482.12,0.2373
4368,9630.7,62313,26.63,437.12,333.94,0.13382
4368,10062,61929,33.583,420.24,201.77,0.35124
4368,11421,61446,30.748,422.07,168.79,0.42866
4369,9192.5,61451,16.885,1618.5,1273.8,0.11921
4369,10331,62055,25.728,237.22,179.13,0.13953
4369,11086,63696,12.315,469.44,237.13,0.32878
4370,9844.9,61518,28.867,358.59,243.55,0.19105
4372,10292,61947,17.722,423.28,117.53,0.56535
4372,10586,63654,37.105,426.9,467.37,-0.045264
4373,10217,61918,28.13,625.18,351.97,0.2796
4374,10228,61990,28.158,453.13,202.29,0.38272
4375,9624.4,63093,27.833,238.59,264.62,-0.051722
4375,10291,62034,23.166,236.28,145.09,0.2391
4376,9604.7,62967,16.768,539.13,318.07,0.25789
4376,10234,62121,34.866,378.89,119.99,0.51895
4377,10316,62337,33.885,224.9,114.34,0.32589
4378,9113.9,61800,31.001,520.66,398.46,0.13296
4378,9704.3,62987,29.084,311.73,231.58,0.14753
4378,10266,62405,18.984,351.2,244.81,0.1785
4380,10477,62472,26.759,313.27,316.83,-0.0056471
4381,8981.6,63774,31.55,574.64,172.29,0.53868
4381,10499,62494,28.224,413.47,288.75,0.17761
4383,8880.1,63615,38.5,533.69,293.16,0.29091
4383,9105.2,61508,16.732,999.54,571.75,0.27226
4383,10491,62543,28.55,280.47,208.17,0.14795
4384,9552.7,62821,29.557,274.43,275.89,-0.0026597
4385,10464,62581,22.139,267.34,197.66,0.14984
4386,9273.8,63320,41.248,426.07,219.44,0.3201
4386,9217.9,61428,31.683,623.28,297.65,0.35358
4386,10402,62550,26.687,345.68,149.17,0.39713
4387,11245,63974,30.218,309.19,118.07,0.44731
4388,10497,62508,31.547,252.44,134.49,0.30483
4388,10571,63564,26.41,743.64,459.81,0.23585
4388,10590,63884,23.265,869.98,415.54,0.3535
4389,10534,63407,34.592,827.9,248.97,0.53761
4390,10460,62576,18.871,299.85,141.84,0.35774
4391,9807.3,63293,24.923,1091.4,537.98,0.33966
4391,10520,62609,22.238,354.23,211.64,0.25198
4392,8716,62329,29.557,286.43,196.47,0.18631
4392,10476,62556,20.276,302.69,161.05,0.30543
4393,9240.5,62886,33.158,534.53,370.54,0.18119
4393,10467,63460,30.907,423.44,106.03,0.5995
4394,10465,62545,17.041,519.51,241.42,0.36545
4394,10497,63244,36.922,453.04,304.18,0.19659
4395,9335.2,61461,28.964,523.03,317.13,0.24508
4396,9379.1,61447,28.227,551.37,470.96,0.078653
4400,9003.8,63075,35.186,489.08,392.28,0.10983
4400,9600.9,61971,32.446,393.2,197.92,0.33036
4400,10704,62044,32.028,262.12,129.82,0.33754
4401,10404,62061,29.02,318.96,153.83,0.34927
4401,11208,63184,23.591,294.56,243.65,0.094583
4402,9416.6,63127,36.678,224.64,289,-0.12531
4403,9253.9,62262,32.769,341.04,149.83,0.38953
4404,10342,62427,31.906,353.67,197.29,0.28383
4406,9060.8,61946,30.264,718.92,484.57,0.19473
4407,9299.3,62013,29.392,715.49,564.77,0.11773
4407,11335,63065,34.763,356.31,529.32,-0.19535
4409,11394,62782,28.996,247.31,120.2,0.34587
4411,11359,63148,29.136,289.53,205.05,0.17081
4411,11525,61800,23.238,575.89,451.13,0.12148
4412,10276,64378,24.47,562.62,530.71,0.029195
4413,8752,61557,24.491,789.97,225.65,0.55564
4414,8685.3,64331,33.098,465.98,233.92,0.33157
4414,10401,62610,30.711,151.48,100.15,0.20402
4416,8826.2,62279,33.778,322.46,205.88,0.22064
4416,10386,64277,26.937,235.21,169.5,0.16236
4416,10703,61894,29.513,415.89,390.46,0.031529
4417,8750.1,63152,30.159,654.53,324.11,0.33762
4417,9512.3,62857,23.539,430.64,262.61,0.24239
4418,10404,64090,32.146,217.04,306.74,-0.17126
4418,10531,62529,30.675,221.85,151.4,0.18873
4419,10480,62469,28.027,311,169.19,0.29532
4420,10526,63387,16.336,930.18,687.82,0.14979
4421,11282,63662,36.559,403.77,159.29,0.43419
4422,9267.1,61496,23.538,926.33,833.34,0.052841
4422,9689.5,63318,25.17,548.36,175.99,0.51407
4422,11128,62175,27.161,371.18,126.08,0.4929
4423,8897.6,61747,33.265,433.45,387.55,0.055902
4423,9387.4,61550,35.757,376.51,412.9,-0.046094
4423,10521,61563,20.872,1298.3,1070.7,0.096096
4423,11034,62367,28.738,579.97,329.39,0.27556
4424,8962.1,61692,26.562,357.15,150.1,0.40818
4424,10647,61442,21.487,845.67,717.73,0.081838
4424,11327,62369,32.718,378,234.26,0.23476
4426,9687,61885,30.471,604.01,757.72,-0.11288
4426,10824,63744,35.117,249.66,124.89,0.33312
4426,11271,62683,26.841,430.1,418.69,0.013436
4427,10769,63890,34.48,349.44,193.33,0.28762
4427,11331,62646,27.115,214.67,187.89,0.066522
4428,8847.6,62707,32.971,191.53,101.08,0.30909
4428,9621.5,62431,17.019,678.7,394.6,0.2647
4429,9641.1,62367,14.784,620.42,339.28,0.29295
4429,10887,61619,33.711,250.68,266.06,-0.029766
4430,9442.8,61865,33.509,537.49,399.21,0.14763
4430,9608.3,62388,15.117,747.56,413.64,0.28757
4431,10696,63914,31.921,377.19,266.5,0.17195
4432,10710,62921,28.933,274.03,230.28,0.086754
4432,11288,64390,28.147,519.13,251.85,0.34668
4433,9552,62826,28.733,386.72,264.95,0.18686
4433,10349,64343,25.414,1109,908.01,0.099647
4433,10883,62379,29.402,764.86,132.84,0.70404
4434,10408,63034,32.535,234.86,311.02,-0.13953
4435,8736.1,63708,35.615,206.31,255.16,-0.10585
4435,10405,63780,28.065,479.43,251.15,0.31246
4437,10096,61991,34.625,459.32,303.14,0.20484
4437,10482,63731,29.109,546.02,529.65,0.015217
4439,10587,64001,28.736,505.48,453.6,0.054091
4440,9035.2,63562,24.925,462.52,454.69,0.008543
4440,10546,61406,29.207,586.21,400.95,0.18766
4440,10633,63937,30.407,384.59,214.28,0.28439
4441,9190.3,63444,31.798,422.27,255.32,0.24638
4441,10313,61438,21.849,766.24,254.88,0.50079
4442,9249.3,63442,33.883,386.39,328.71,0.080662
4444,9722.8,63013,23.883,370.48,213.4,0.26904
4445,9786.7,63904,30.344,344.76,318.48,0.039627
4446,9051.8,61857,32.283,257.88,282.09,-0.044834
4447,9119.5,61943,23.146,381.83,220.81,0.26719
4448,8932,64366,33.184,260.03,237.7,0.044853
4448,9697.8,63040,19.273,637.32,445.24,0.17743
4448,11130,61529,33.761,306.15,144.21,0.35958
4449,8876.1,63651,33.501,590.64,308.03,0.31448
4449,9339.3,61743,33.985,285.49,207.35,0.15856
4449,11044,63640,32.855,290.23,338.39,-0.076625
4450,8808.5,62427,28.582,196.05,112.29,0.27166
4450,8927,64229,32.027,560.56,587.3,-0.023294
4450,11281,61832,32.748,493.65,468.09,0.026583
4451,10408,63383,23.244,492.6,175.17,0.47535
4452,9308,62807,29.45,651.77,398,0.24173
4452,10391,63442,29.578,611.35,268.38,0.38986
4452,11266,62884,34.015,271.16,243.7,0.053337
4453,9193,62867,37.157,777.89,400.03,0.32079
4453,11410,63732,30.247,341.33,175.01,0.32213
4454,9137.4,63112,35.411,668.25,322.97,0.34834
4454,9121.6,63184,36.695,573.37,282.29,0.34018
4455,10483,63118,33.231,472.88,488.87,-0.016618
4455,11209,63709,14.203,1006.1,690.31,0.18614
4456,10188,62991,28.578,642.18,670.54,-0.021603
4456,10554,63025,24.892,840.2,742.53,0.061711
4456,11263,63814,27.09,1326.8,816.67,0.238
4457,11124,63711,30.411,776.97,586.35,0.13982
4458,11085,63720,36.169,485.44,242.86,0.33308
4459,10414,63386,17.936,333.28,248.44,0.14584
4460,11155,62202,29.481,476.36,205.76,0.39671
4462,10930,63505,34.146,268.85,147.35,0.29195
4464,10068,63118,35.275,279.96,362.86,-0.12897
4466,10101,63177,31.762,187.45,138.82,0.14905
4466,10892,61582,33.246,164.23,141.52,0.074272
4468,9067.9,64258,29.669,397.12,459,-0.072282
4468,9641.1,63697,34.196,336.01,195.32,0.26479
4468,10508,64010,29.237,321.42,107.6,0.49841
4469,10412,64070,38.28,903.83,579.74,0.21845
4473,10584,63121,35.613,310.05,386.33,-0.10953
4474,10760,63092,28.695,280.33,123.72,0.38761
4477,9889.9,63760,31.454,365.91,160.3,0.39075
4479,10350,63654,33.66,361.16,171.96,0.3549
4480,10188,63252,26.986,849.25,881.25,-0.01849
4482,9529.6,62373,26.538,514.27,319.3,0.2339
4482,9828.6,62400,33.886,543.39,402.46,0.149
4482,10030,63349,27.023,582.31,379.53,0.21083
4482,10712,63650,31,521.65,523.91,-0.0021656
4483,9582.4,62363,22.057,842.39,585.68,0.17976
4484,9890.7,62510,34.633,571.12,464.74,0.1027
4484,10155,63276,19.996,789.34,390.09,0.33851
4484,10551,63776,26.057,764.9,539.36,0.17293
4485,8716,61812,35.658,337.85,425.7,-0.11505
4485,10557,63743,30.636,501.76,448.4,0.056156
4485,11586,62711,33.897,260.35,187.79,0.16191
4487,11328,63554,34.93,503.31,332.36,0.20457
4489,10731,62611,27.982,327.96,244.49,0.14582
4490,8831.5,61691,35.047,423.2,481.76,-0.06471
4490,10738,62868,37.695,182.31,106.12,0.26415
4491,9989.5,63354,26.44,398.06,230.01,0.26757
4491,10853,63792,31.244,294.75,188.55,0.21973
4492,11057,63701,11.95,541.13,302.42,0.28298
4492,11611,61793,24.944,409.1,289.45,0.17128
4493,10610,63266,27.545,362.17,187.5,0.31776
4493,11192,62432,30.063,681.15,750.33,-0.048323
4493,11457,61627,18.543,694.8,319.11,0.37054
4494,8966,63414,18.777,714.9,316.41,0.38639
4494,11424,61720,24.127,588.23,222.5,0.4511
4495,9361.1,62844,26.848,1059.8,581.33,0.29155
4495,11433,61911,30.413,899.54,673.68,0.14356
4496,9363.5,63635,22.471,906.3,422.02,0.36458
4496,9504.7,63152,27.311,675.68,319.07,0.35849
4497,9387.1,63673,25.092,1440.7,811.26,0.27951
4498,9325,63551,19.145,825.36,425.46,0.31971
4498,9568.4,62519,34.535,678.15,656.94,0.015884
4499,9195.9,63289,35.189,635.89,368.87,0.26575
4500,9502.7,62835,24.455,565.57,572.02,-0.0056767
4500,10307,64361,30.053,458.85,561.47,-0.10057
4500,10276,62716,28.023,333.39,153.99,0.36807
4500,11039,63075,32.441,813.5,482.21,0.25568
4501,9607.5,62915,23.647,571.26,560.74,0.0092899
4503,10808,62598,24.185,285.92,196.35,0.18573
4505,10640,62541,26.073,482.14,239.91,0.33547
4505,11152,61810,23.701,340.83,109.66,0.51314
4506,10391,62481,33.714,503.34,725.88,-0.18104
4507,8902.4,62425,21.32,828.05,464.71,0.28106
4507,10976,61797,24.118,406.4,134.46,0.50279
4508,9058.2,62488,23.5,437.86,334.25,0.13418
4508,10671,62894,25.487,597.5,365.67,0.24069
4509,9169.4,62420,32.844,390.42,136.36,0.4823
4509,10550,64222,34.116,1103.8,651.62,0.2576
4510,8827.5,62450,24.525,446.85,116.38,0.58673
4510,8880.4,64258,26.142,994.06,595.58,0.25067
4510,9795.2,63099,27.388,230.57,195.57,0.082154
4510,10985,61589,26.086,244.3,158.36,0.21344
4510,11170,63758,26.469,352.94,131.16,0.45812
4511,8850.9,64361,29.074,900.88,465.67,0.31847
4511,10464,63176,30.91,261.18,210.45,0.10757
4511,10851,61453,16.724,354.97,125.91,0.47633
4512,9315.4,61454,24.57,822.02,450.76,0.2917
4512,11250,62236,30.618,442.18,241.41,0.29369
4513,9524.5,62206,27.537,432.19,259.25,0.25012
4513,11048,63353,32.281,328.66,334.74,-0.0091646
4513,11119,62380,22.588,645.81,485.65,0.14155
4514,9095.9,64297,31.61,588.73,419.86,0.16744
4514,9176.4,61857,34.42,527.87,531.57,-0.0034886
4515,8753.9,61924,33.763,323.95,493.77,-0.20767
4515,9508.6,62336,24.188,304.27,153.6,0.32907
4516,8731.2,64127,20.547,1016.9,545.91,0.30138
4516,9558.7,62188,21.595,774.01,588.63,0.13605
4516,11292,62601,31.069,276.36,189.08,0.18753
4517,9370.4,61999,32.737,483.69,464.04,0.020727
4519,8844.1,62332,31.591,201.73,108.69,0.29973
4520,9505.3,64194,28.667,791.07,989.32,-0.11135
4521,9500.1,64185,37.583,395.48,206.09,0.31484
4523,8702.6,62824,22.273,780.79,627.57,0.10879
4523,9449.8,61652,25.848,501.7,135.59,0.57449
4523,10840,63361,37.547,391.92,178.74,0.37358
4524,10099,61591,32.646,510.1,237.66,0.36434
4526,9593,62334,24.329,1067.8,546.83,0.32267
4526,10364,62132,39.422,1024.5,300.12,0.54686
4526,10548,64298,29.961,339.58,257.65,0.13718
4526,10843,63692,30.101,978.52,637.04,0.21137
4527,9529.7,62322,22.335,264.04,182.5,0.18261
4527,9472.1,63498,32.167,454.25,100.18,0.63862
4527,10335,61944,29.862,1036.7,609.64,0.25941
4528,11589,62674,19.764,327.83,197.45,0.24821
4529,10030,62185,47.139,554.65,406.76,0.15382
4529,10481,63764,23.763,515.26,142.57,0.56655
4530,9190.2,62803,32.329,448.51,399.77,0.057456
4530,10922,62529,30.344,305.16,157.8,0.31831
4531,9516.2,62344,26.271,336.34,237.11,0.17305
4532,9552.2,62418,11.327,1077.6,642,0.25333
4533,10595,63347,29.582,678.9,391.05,0.26903
4534,9269.2,62807,21.452,940.5,523.86,0.28452
4536,9595.2,62397,19.287,274.9,210.19,0.1334
4537,9554.7,62330,25.686,260.41,128.66,0.33863
4538,9691.5,62369,26.409,301.59,122.79,0.42132
4539,9558.5,63790,33.409,286.08,270.31,0.028336
4539,10342,64256,30.143,367.92,313.95,0.079155
4540,9448.2,63807,29.7,378.18,214.76,0.27561
4540,10554,64136,38.48,214.33,183.91,0.076364
4540,11220,63401,36.824,201.24,223.35,-0.052069
4541,9316.4,63926,26.781,563.06,306.73,0.29469
4542,11054,62988,19.268,672.66,367.41,0.29349
4543,9699.9,61830,31.11,171.93,170.86,0.0031332
4545,9167.1,63388,31.711,243.48,118.53,0.34516
4546,8811.1,62511,28.273,273.02,145.35,0.30517
4546,11432,62544,35.455,331.99,148.92,0.38068
4547,9039.9,63521,33.612,273.84,240.88,0.06404
4547,11234,62823,31.45,311.47,159.71,0.32209
4548,9146.6,62692,29.727,564.94,522.11,0.039402
4548,9423.7,63950,36.996,329.63,372.65,-0.061254
4548,10677,61867,21.791,451.73,243.68,0.29918
4549,9233.2,62721,20.653,952.93,482.05,0.32814
4549,10747,61732,34.772,576.6,495.41,0.075736
4550,9270.6,64035,31.742,345.73,246.82,0.16692
4550,9333.6,62687,34.222,333.13,226.12,0.19134
4550,9752.9,61789,31.131,507.33,477.97,0.029794
4550,10648,63928,31.849,197.14,119.43,0.24546
4551,9980.8,61613,22.87,635.32,416.8,0.20769
4551,10362,61695,28.086,826.37,793.62,0.02022
4551,10668,63932,28.519,393.96,200.99,0.32434
4552,10454,61761,20.656,760.14,429.02,0.27844
4553,11333,61863,32.9,227.64,110.33,0.34712
4555,10109,61839,34.54,371.6,260.5,0.17575
4556,9882.3,61864,37.739,218.38,122.09,0.28283
4556,10656,62729,29.654,465.85,232.41,0.33431
4558,10677,62885,30.444,738.62,306.32,0.41371
4559,10697,62964,30.312,471.71,259.12,0.29089
4559,11312,62006,25.676,367.79,220.6,0.25015
4560,10603,63339,31.306,832.31,698.55,0.08737
4561,9770,63831,32.066,189.36,148.82,0.11987
4561,11608,62282,27.486,318.13,175.61,0.28865
4563,8885.4,61718,25.828,264.1,214.56,0.10351
4564,9464.2,61641,34.605,456.66,411.79,0.051661
4564,10779,62722,33.659,436.1,230.09,0.30923
4565,11069,63688,17.893,474.28,339.54,0.16557
4566,9281,61537,21.166,458.63,352.42,0.13095
4568,10085,61394,28.562,270.53,238.28,0.063381
4569,9829.9,61516,25.162,1014.6,395.87,0.43866
4570,9770.7,64318,34.435,349.34,223.21,0.22029
4570,10260,62322,37.346,391.35,269.96,0.18356
4570,11385,63621,38.114,428.35,450.38,-0.025063
4571,9130.6,63381,24.707,480.94,254.35,0.30816
4572,8880.6,62169,33.448,241.85,122.61,0.32717
4572,9028.4,63262,30.797,864.21,369.49,0.40101
4572,10787,63506,28.738,347.49,301.46,0.07093
4573,9261.8,63370,20.74,609.33,298.24,0.34278
4573,10262,62340,30.64,628.45,496.94,0.11685
4573,10865,63739,23.721,982.71,679.91,0.18212
4574,10402,62652,34.783,529.85,322.7,0.24298
4574,10571,63604,24.804,394.39,331.01,0.087368
4575,10668,63656,24.514,380.23,413.05,-0.041372
4576,8671.8,64030,23.124,409.6,108.66,0.58067
4576,9225.3,61872,18.218,1162,815.94,0.17495
4576,10704,63751,24.833,406.88,433.83,-0.03206
4577,8725.6,64068,18.468,334.67,179.73,0.3012
4577,10675,63681,20.153,322.81,343.28,-0.030734
4577,11638,61463,24.681,569.39,356.11,0.23044
4578,9802.5,62387,23.926,476.89,445.5,0.034036
4578,11328,62463,27.857,524.2,424.14,0.10551
4579,10033,63234,31.933,415.68,128.95,0.52648
4580,9438.6,62375,25.059,485.14,377.93,0.12421
4581,9745.6,61722,29.776,481.91,323.08,0.19731
4581,10039,63380,27.616,797.86,647.69,0.10388
4581,10128,62466,30.038,332.94,202.95,0.24258
4582,10266,63538,35.392,965.68,804.1,0.091299
4583,10308,63574,19.549,802.32,751.16,0.03293
4584,9990.6,63083,31.937,724.26,797.15,-0.047909
4584,10266,63600,20.807,357.99,387.95,-0.04017
4585,10720,61633,28.68,193.21,156.03,0.10645
4586,8848.2,63622,26.723,373.78,137.77,0.46137
4586,9182,62664,34.172,251.17,256.28,-0.010061
4586,9879.6,63371,26.971,480.18,276.71,0.26883
4586,10122,63907,31.645,282.01,219.67,0.12426
4586,10771,61627,33.432,358.37,245.53,0.18685
4588,9009.4,62455,29.592,570.21,491.88,0.073754
4589,9072.9,63204,33.691,330.32,164.14,0.33609
4590,8873.6,62549,33.605,562.4,333.62,0.25533
4590,8912.3,63250,29.197,508.33,288.97,0.27512
4591,8802.9,63265,27.212,453.79,201.55,0.38491
4591,11170,62428,21.655,656.04,218.82,0.49975
4592,8751.7,62392,25.467,872.33,351.6,0.42546
4592,10824,61606,31.466,699.28,372.08,0.3054
4593,9001.2,62292,26.658,466.55,222.59,0.35401
4593,11585,63950,29.379,640.78,359.61,0.28106
4594,9428.8,62409,31.466,712.95,319.61,0.38094
4594,11472,63624,27.879,726.05,471.83,0.21223
4595,9665.8,62206,24.177,1069.8,488.47,0.37306
4595,11091,63718,12.977,512.39,210.87,0.41688
4596,8875.1,62739,24.811,585.6,286.09,0.34359
4596,9691.6,62134,25.445,630.62,440.69,0.17728
4597,8911.8,62614,31.93,526.38,325.52,0.23577
4597,9912.4,63930,25.824,777.73,415.44,0.30364
4597,9914.9,61954,31.8,335.22,169.39,0.32863
4597,10429,63478,21.294,455.59,254.79,0.28268
4598,9862.1,63122,27.809,288.71,222.84,0.12878
4599,10081,63989,27.07,498.45,244.28,0.34221
4600,9665.3,62604,29.289,384.92,186.04,0.34832
4600,10706,63914,23.16,253.88,153.22,0.24726
4602,9399.2,63073,31.392,449.57,277.07,0.2374
4602,11051,63897,34.618,326.43,192.82,0.25731
4603,11314,63957,36.949,262.05,565.61,-0.36676
4608,10669,64001,29.346,412,218.69,0.30651
4609,10364,63445,30.2,448.3,640.29,-0.17636
4609,10845,64055,29.595,471.59,221.57,0.3607
4610,10703,64243,34.848,430.42,424.42,0.0070198
4612,10889,63727,27.227,485.72,275.92,0.27545
4612,11481,61510,19.342,799.13,117.89,0.74289
4613,9677.8,61717,29.15,666.49,429.21,0.21655
4613,10819,63823,14.742,824.2,566.19,0.18556
4613,11471,61504,26.123,590.25,440.82,0.14493
4614,11348,61614,30.215,776.45,288.54,0.45814
4615,9668,62661,33.797,214.56,169.26,0.11805
4615,10570,64130,27.695,661.89,620.2,0.03251
4615,11366,61696,28.219,413.46,161.76,0.43757
4616,9449.4,62393,36.334,616.79,504.11,0.10052
4616,9498.5,62542,33.636,355.26,274.35,0.12851
4616,10682,64052,17.117,819.32,510.18,0.23253
4616,10756,63855,34.639,1043.8,880.52,0.084864
4617,10724,63441,25.918,462.71,331.57,0.16511
4617,10813,63933,31.374,782.83,604.59,0.12847
4619,10898,61741,26.079,759.78,334.41,0.38875
4621,8935.4,61720,29.829,221.25,214.37,0.015791
4621,10653,63933,30.182,508.66,319.56,0.22832
4623,8817.6,61749,25.55,604.77,465.33,0.13031
4624,8714.4,61576,37.584,675.1,640.21,0.026526
4625,8787.3,61690,32.558,892.19,763.7,0.077597
4625,10319,61555,21.129,323.91,129,0.43034
4627,8812.3,61526,23.721,834.69,584.7,0.17613
4627,8993.1,61834,46.578,1077.8,732.43,0.19079
4627,9754.7,62839,34.315,592.81,407.66,0.18506
4627,10999,63369,34.681,255.23,285.4,-0.055803
4628,11408,61959,33.414,209.92,133.07,0.22406
4630,9497.2,63362,36.398,419.5,204.59,0.34436
4630,9610.6,62443,26.946,239.08,170.24,0.16818
4630,11150,62683,23.621,563.89,337.98,0.2505
4632,9220,63606,30.122,438.9,313.33,0.16694
4632,10441,62056,26.992,392.28,144.83,0.4607
4633,9491.6,62807,22.315,427.15,491.53,-0.070086
4633,9574.1,63673,36.809,256.28,307.96,-0.09159
4634,9451.7,62865,30.41,667.66,261.72,0.43679
4634,10026,62179,31.89,358.72,208.34,0.26519
4634,11060,63891,34.868,483.72,229.37,0.35669
4635,10206,64003,26.152,752.04,520.02,0.1824
4635,10339,62274,26.141,558.31,353.74,0.22429
4636,10080,62036,25.62,464.49,220.35,0.35649
4637,10020,61943,34.745,372.11,198.03,0.30534
4637,10181,62729,35.734,268.71,158.23,0.25878
4638,11133,63692,25.708,298.54,213.32,0.1665
4639,9719,63229,19.729,247.47,160.22,0.21403
4639,10352,63965,39.649,288.41,238.54,0.094628
4640,8700.8,64348,32.169,258.54,199.82,0.12811
4640,8979.7,62933,27.28,608.47,290.47,0.35375
4640,11051,63711,18.858,339.72,228.18,0.19642
4642,11369,61436,24.765,394.67,122.16,0.52727
4643,11136,62285,24.589,551.2,303.96,0.28912
4643,11618,63209,37.793,372.59,325.78,0.067037
4643,11562,61512,37.247,461.15,563.55,-0.099924
4645,11186,62300,21.086,657.23,428.4,0.21078
4645,11545,61554,35.519,434.35,201.51,0.36618
4646,11164,62674,36.336,293.08,195.79,0.19902
4646,11299,61416,27.872,394.63,250.97,0.22252
4648,11018,63153,36.981,487.03,318.96,0.20852
4648,11377,61842,32.404,335.38,350.96,-0.022702
4649,11201,62069,29.184,505.49,228.05,0.37823
4650,9578.6,62388,16.819,520.03,244.51,0.36037
4651,9590.6,62459,26.08,480.43,413.52,0.074846
4651,11477,62375,35.774,577.34,668.13,-0.072897
4652,9625.8,62451,22.823,317.23,262.99,0.093487
4653,11001,62855,28.625,459.38,209.38,0.37383
4655,11029,62952,32.468,209.85,175.33,0.089615
4657,9456.6,62466,22.311,762.73,416.54,0.29356
4657,11171,62913,35.787,385.61,343.76,0.057382
4657,11558,63817,34.61,383.88,157.24,0.41882
4658,9079.2,62303,35.824,537.76,107.2,0.66758
4658,9649.8,62596,20.435,664.51,191.76,0.5521
4659,9572.3,62385,18.139,311.51,153.31,0.34034
4660,10031,63920,31.392,599.06,439.48,0.15367
4661,11634,62403,39.526,372.68,331.22,0.058901
4663,9471,61884,28.355,298.45,222.89,0.14492
4663,11427,62684,33.635,277,185.43,0.19801
4665,10579,63386,27.15,298.15,231.82,0.12516
4666,10487,63539,21.401,783.09,556.33,0.1693
4667,8757.4,61920,23.282,336.4,112.24,0.49965
4668,8843.4,61560,31.553,643.26,283.2,0.38864
4669,11413,61430,24.658,234.9,107.22,0.37321
4671,11562,62723,28.879,607.83,205.31,0.49502
4672,9396.6,62875,36.858,336.49,261.03,0.1263
4672,9936.4,63994,34.582,307.66,155.92,0.32733
4673,9524.8,62898,26.995,581.18,701.91,-0.094096
4674,9523.5,62970,19.86,467.1,269.61,0.26808
4675,9578.7,62993,8.1438,1387,810.28,0.26249
4676,9607.5,62966,12.192,793.78,720.72,0.048241
4676,9745.1,63967,29.643,740.14,331,0.38197
4677,9544,63175,21.078,426.56,366.55,0.075668
4677,11160,63565,36.36,255.26,159.95,0.22955
4680,9807.5,63231,25.91,978.24,570.75,0.26307
4681,9871.9,63199,20.545,794.32,664.22,0.0892
4682,9969.3,63068,21.387,762.62,474.87,0.23253
4683,9635,62330,20.031,325.48,164.6,0.32829
4684,9372.6,61555,32.954,524,478.73,0.045147
4684,9342.8,61527,38.586,732.59,729.37,0.0022022
4684,9580.4,62437,29.373,330.82,270.98,0.099445
4684,10048,62728,24.903,623.33,500.44,0.10935
4685,9286.7,61508,24.305,432.05,272.14,0.22709
4685,10032,62875,22.222,793.56,499.78,0.22714
4686,9106.3,61486,31.843,718.43,285.67,0.431
4687,9252.5,61849,32.42,537.12,153.48,0.55551
4687,10001,61846,32.086,355.65,121.97,0.48926
4687,10116,63033,32.774,251.72,199.52,0.11569
4688,9939.1,61989,35.28,355.82,118.72,0.49964
4689,8927.8,61655,35.105,278.58,116.01,0.412
4689,10130,62037,36.812,413.38,363.74,0.063873
4689,10431,63659,31.562,447.71,225.55,0.32998
4689,11068,62000,29.092,365.78,211.42,0.26744
4690,9010.4,61704,34.585,465.91,486.19,-0.021307
4690,9621.1,63049,24.34,607.79,418.59,0.18433
4690,10395,63628,34.837,432.42,196.67,0.37475
4691,9531.4,63305,33.934,1691.7,840.34,0.33625
4691,9605.4,63009,21.293,1405.5,755.53,0.30077
4691,10921,61790,37.625,613.21,343.61,0.28176
4692,9575.4,63065,21.032,1270.9,589.32,0.36641
4692,10821,62119,33.274,895.48,615.63,0.18519
4693,8987.3,62534,24.705,1027.1,501.47,0.34386
4694,9678.2,61581,32.04,330.67,379.79,-0.069146
4694,10002,63611,31.575,433.05,293.82,0.19155
4694,11160,62860,35.365,575.27,371.25,0.21554
4695,9149.7,63082,32.24,690,579,0.087475
4695,10176,63519,27.654,884.74,349.44,0.43373
4696,10551,63468,30.217,313.65,134.09,0.40103
4698,11300,63836,32.537,459.64,255.15,0.28608
4699,9295.1,62412,34.083,334.24,296.46,0.059898
4700,10140,61797,30.86,194.78,112.15,0.26922
4700,11479,62181,27.651,568.73,460.93,0.10469
4701,10480,63647,31.537,634.82,247.55,0.43889
4701,11082,63770,39.307,467.57,246.55,0.3095
4702,11067,63740,17.303,417.44,312.01,0.14453
4703,10537,62869,29.007,509.82,389.23,0.13414
4705,10344,61494,23.381,728.06,215.48,0.54324
4705,10353,63348,34.949,495.66,214.66,0.3956
4707,9856.4,63005,30.965,875.79,468.19,0.30328
4707,10884,63780,25.551,327.64,163.47,0.3343
4707,11634,61896,34.328,278.82,132.02,0.35731
4708,9899.1,62866,26.75,702.44,513.53,0.15536
4708,10813,63868,33.501,462.74,258.83,0.28258
4709,11121,63816,17,1433,723.32,0.32913
4710,9788.1,64224,29.277,218.96,156.53,0.16626
4710,11048,63763,18.381,402.29,222.54,0.28767
4711,11118,63262,33.261,497.04,163.31,0.50538
4711,11095,63740,25.799,509.25,311.77,0.24053
4712,9559.5,64187,36.594,318.3,315.42,0.0045504
4712,10564,64385,33.659,316.96,249.04,0.11999
4712,10612,62763,32.263,444.42,223.01,0.33173
4712,10820,63460,29.349,202.29,110.32,0.29417
4713,9258.2,63019,23.167,614.14,309.94,0.32919
4713,10441,62624,33.37,310.32,395.23,-0.12035
4713,10482,61590,24.827,472.07,190.84,0.42424
4713,10648,63289,29.595,1093.1,804.45,0.15211
4713,10653,64098,36.911,475.78,275.2,0.26709
4714,9251.4,62740,25.284,563.02,291.44,0.31784
4714,9604.1,64226,33.065,850.88,719.93,0.083363
4714,10064,63290,29.221,642.25,401.09,0.23115
4714,10332,62541,28.135,351.35,257.72,0.15372
4714,10372,64229,30.423,389.23,228.97,0.25923
4716,9352,62786,25.075,551.67,377.48,0.18748
4716,9879.2,63543,35.558,235.3,161.17,0.18697
4717,10617,61927,24.042,566.24,258.91,0.37246
4718,10322,64220,29.357,344.84,514.27,-0.19721
4719,9323.9,64127,30.488,373.91,333.02,0.057839
4720,10176,63665,20.84,673.34,315.73,0.36156
4720,10394,64230,31.598,176.73,158.14,0.05551
4721,10708,64182,27.234,526.78,567.3,-0.037029
4725,11073,61644,26.31,533,340.35,0.22058
4726,11251,61420,32.72,647.83,439.3,0.19182
4726,11285,62590,27.363,406.16,343.66,0.083359
4727,9221.4,62694,33.762,531.11,253.1,0.35452
4727,10461,63488,11.231,597.88,506.58,0.082659
4727,11335,61404,29.417,751.3,445.36,0.25566
4728,9520.6,62460,31.163,503.42,482.68,0.021034
4728,10455,63474,11.36,775.85,579.62,0.14477
4729,10556,63568,28.519,455.26,394.99,0.070877
4730,10144,63978,37.517,308.28,348.31,-0.060967
4730,11208,62231,34.604,444.26,195.95,0.38787
4731,9506,62393,25.402,250.42,162.26,0.21363
4731,11541,62379,31.637,590.27,452.31,0.13233
4733,10933,63837,31.587,356.85,141.52,0.43208
4733,11360,61449,26.505,571.46,172.91,0.53542
4734,10610,63827,32.044,358.54,104.64,0.54818
4735,10482,63593,24.168,590.71,468.9,0.11495
4735,10716,61667,27.855,377.58,197.05,0.31416
4736,9602.1,64208,35.527,323.22,480.4,-0.19559
4737,9387,63894,28.365,486.33,314.27,0.21492
4737,11266,64360,32.203,359.4,259.68,0.16109
4738,8769.6,62308,26.079,277.39,186.86,0.19501
4738,10092,62845,29.858,262.6,222.95,0.081654
4739,11256,64341,26.682,278.19,432.7,-0.21734
4740,9839.4,64005,26.801,517.67,576.66,-0.0539
4742,9486.6,61873,33.848,334.16,143.67,0.39865
4742,9452.9,64112,38.384,497.48,635.35,-0.1217
4744,9586.2,62387,23.044,341.16,240.49,0.17307
4745,9003.3,64284,35.802,237.24,228.68,0.01837
4746,9253.7,62736,30.067,209.93,103.18,0.34092
4746,11021,63022,34.581,314.21,185.54,0.25749
4747,9552.1,63853,23.317,490.05,365.77,0.14522
4747,9663.8,61501,28.576,650.45,232.84,0.47279
4747,11120,63732,12.49,519.9,150.39,0.55128
4748,9148.2,62363,36.003,445.87,129.81,0.54903
4748,9995.7,61575,31.432,301.6,163.47,0.29699
4750,9384.9,62209,28.273,405.45,323.92,0.11178
4750,10417,64181,27.245,716.91,439.99,0.23936
4750,10969,62143,24.19,628.82,440.94,0.17563
4751,9091.9,63105,31.662,541.24,320.77,0.25576
4752,9140.7,62352,33.364,266.73,137.58,0.31942
4752,9585.6,62950,25.073,463.82,267.06,0.2692
4753,9117.8,62305,29.88,378.3,219.86,0.26487
4753,9579.3,62336,27.187,729.19,461.54,0.22478
4755,9890.5,64091,27.639,798.88,475.11,0.25414
4756,9073,63148,34.595,504.74,200.89,0.4306
4756,9797.6,63442,28.139,498.75,362.13,0.1587
4756,10468,63482,18.189,421.72,185.1,0.38993
4756,11623,63130,37.436,612.96,511.82,0.089926
4757,8676.9,64240,27.052,650.35,405.04,0.23244
4757,8931,63142,30.294,488.29,182.84,0.45513
4757,9088.7,62266,33.227,431.09,345.67,0.10996
4757,9201.4,61549,19.388,1094.9,740.69,0.19297
4757,10638,63500,25.99,768.72,452.89,0.25853
4757,11138,62392,27.723,923.47,713.89,0.128
4758,10301,62991,31.779,790.16,722.95,0.044423
4758,10808,63533,28.16,698.91,349.73,0.33298
4760,9143.8,62428,31.832,284.5,166.96,0.26035
4760,10523,62923,31.644,402.64,250.68,0.23259
4760,11074,62427,33.902,1140.1,635.09,0.2845
4761,10944,63775,34.638,332.63,165.05,0.33672
4762,10955,63859,29.366,917.19,750.87,0.099711
4762,11051,63039,25.519,600.54,358.01,0.25302
4763,10229,63091,36.464,323.72,147.18,0.37491
4763,10989,62676,32.025,776.41,848.72,-0.044493
4764,10894,63022,34.812,1113.5,616.49,0.28727
4765,10398,63469,22.912,354.31,146.21,0.41577
4766,10415,63488,21.994,321.77,130.32,0.4235
4766,10522,61983,31.247,267.81,118.69,0.38584
4766,11244,63128,31.613,663.8,347.45,0.31283
4768,11620,63709,31.126,148.69,157.68,-0.029331
4771,8923.9,63344,24.139,271.19,162.7,0.25004
4771,9066.3,61955,25.396,302.85,212.84,0.17454
4771,10585,62667,34.448,214.07,191.63,0.055313
4772,9116.8,62056,34.126,338.21,170.4,0.32992
4772,9822,64388,37.324,245.93,212.42,0.07311
4772,10253,61510,21.458,826.39,852.69,-0.015668
4773,9888,61573,27.689,630.48,317.12,0.33069
4773,10602,62865,30.018,419.87,331.58,0.11749
4773,11069,63793,30.866,322.82,133.75,0.41412
4774,8873.3,62162,28.173,806.15,375.6,0.36433
4774,9804,61652,30.898,566.35,294.82,0.3153
4776,10325,61602,35.541,311.55,197.19,0.22479
4776,10572,64376,30.001,175.9,193.07,-0.046534
4776,11059,61874,34.272,419.83,136.65,0.50886
4777,9474,62363,30.79,429.35,291.61,0.19105
4778,9180.4,61405,22.947,778.76,711.92,0.044841
4778,9259.1,62997,26.421,233.92,160.39,0.18649
4778,10491,63495,25.373,346.38,461.41,-0.1424
4780,8856.5,61578,33.019,278.38,145.64,0.31305
4781,8948,61590,26.644,570.56,464.19,0.1028
4781,9566.3,62122,32.577,244.14,310.66,-0.11989
4782,10489,62423,36.857,149.39,305.42,-0.34307
4783,9239.1,61904,20.815,333.88,182.32,0.2936
4784,9232.5,61819,27.037,779.15,552.77,0.16996
4785,9357.5,61858,16.363,1237.9,864.42,0.17766
4786,9262,61892,34.809,1556.6,967.47,0.2334
4787,9309.9,61702,24.809,608.58,335.38,0.28942
4787,10737,61419,28.584,635.18,742.43,-0.077849
4788,9928.5,61821,25.193,436.36,238.68,0.29284
4788,10622,62615,25.875,591.51,660.05,-0.054763
4788,10961,61564,25.69,251.45,188.22,0.1438
4789,9074.6,62041,27.689,697.04,468.9,0.19567
4789,10057,61668,26.256,699.6,676.94,0.016462
4789,10576,62664,34.023,373.96,259.49,0.18072
4790,9065.9,61684,26.626,600.05,549.75,0.043746
4790,9671,61442,28.447,609.05,304.38,0.33355
4790,10604,62595,28.506,310.31,325,-0.023115
4790,10761,63634,19.134,734.6,304.86,0.41342
4791,9170,61499,25.448,371.8,252.74,0.19064
4791,10801,63450,25.741,302.36,137.11,0.37601
4792,10944,62510,17.859,427.97,457.85,-0.033737
4792,11159,63675,33.022,695.2,443.34,0.22121
4793,9499.9,61692,28.126,400.56,198.53,0.33723
4793,10794,63596,26.357,827.48,442.85,0.30278
4794,9630.4,61669,26.762,236.96,156.43,0.20471
4794,10923,62439,26.491,738.3,783.26,-0.029549
4795,8976.9,62382,33.281,330.3,156.02,0.35837
4795,10944,62474,24.633,556.12,739.36,-0.14144
4795,10705,63656,37.347,423.43,210.11,0.33671
4796,10738,62784,35.946,289.88,140.33,0.34761
4797,10109,63214,38.387,353.52,303.39,0.076316
4797,10230,64219,34.886,385.42,308.85,0.11028
4799,9516.2,62422,19.436,554.37,342.49,0.23624
4799,10325,63462,32.839,463.82,408.88,0.062962
4799,11353,62365,34.742,626.08,576.27,0.041422
4803,9969.8,63175,34.877,814.5,536.87,0.20544
4803,11265,62600,26.342,680.48,545.35,0.11024
4804,9890.1,62479,40.298,435.05,409.79,0.029899
4804,9999.2,61720,34.861,197.49,193.92,0.0091302
4804,10381,63409,35.92,371.62,293.21,0.11795
4804,11346,62289,29.528,383.25,255.16,0.20065
4805,9847.9,62580,30.944,388.24,186.22,0.35166
4805,10537,63335,20.538,275.48,202.15,0.15352
4805,10981,62586,36.474,396.77,258.1,0.21175
4806,9826.2,62461,21.362,753.29,552.2,0.15404
4806,10537,63392,23.925,472.2,402.61,0.079555
4807,10050,62283,25.105,606.66,262.85,0.39541
4807,10505,63489,22.596,261.46,168.08,0.21739
4807,10546,64308,29.845,205.91,122.87,0.25258
4807,10973,61766,27.398,316.59,198.88,0.22835
4807,11074,63223,28.968,654.17,331.49,0.32738
4808,10296,62124,33.226,200.5,162.42,0.10493
4808,10888,61730,26.83,599.17,516.74,0.073865
4809,10563,63453,22.81,607.5,287.3,0.35784
4810,10647,63552,26.103,612.35,399.46,0.2104
4811,9762.9,62920,32.99,161.23,293.09,-0.29023
4811,10443,63754,24.48,572.54,173.09,0.53571
4812,9719.1,62925,23.711,689.01,662.9,0.019314
4812,10439,63522,19.012,505.26,267.4,0.30785
4812,10917,61501,37.496,283.7,169.73,0.25134
4815,9282.6,63708,26.854,338.06,263.1,0.1247
4815,10044,61492,33.219,290.91,271.06,0.035317
4816,9333,63844,27.153,764.06,360.37,0.35902
4817,9304.7,64000,27.774,408.98,102.67,0.59868
4817,11313,61703,31.68,1124,663.98,0.25727
4818,11379,61718,18.251,1075.8,830.75,0.12852
4820,10987,62231,17.987,791.06,432.93,0.29259
4821,10898,62296,25.495,646.74,213.04,0.50443
4821,11123,63834,23.5,916.27,544.18,0.25478
4822,8688.5,62212,28.996,722.42,425.84,0.25828
4822,8968.1,63803,27.48,813.85,670.07,0.096895
4822,10814,63813,35.803,307.72,233.89,0.1363
4822,11218,62452,31.764,331.75,143.86,0.39506
4823,8678.5,62240,30.093,276.12,361.71,-0.13419
4823,8925.3,63635,31.673,570.29,327.16,0.27092
4823,10175,64147,35.652,954.45,492.03,0.31969
4824,8851.8,61733,32.817,267.06,313.27,-0.079632
4824,9136,63486,25.047,764.56,730.51,0.022776
4824,9906.8,63213,23.699,1307.3,572.04,0.39122
4825,9238.4,63360,37.293,836.5,757.21,0.049749
4825,11624,61702,22.27,685.32,358.38,0.31325
4826,9654.1,63244,30.5,651.04,464.58,0.16714
4827,9698.4,63219,11.255,1482.4,759.23,0.32262
4827,10914,63799,20.587,784.14,497.7,0.22347
4827,11663,63079,33.488,229.09,110.84,0.34787
4828,9708.9,63253,20.915,1029.1,621.74,0.24678
4828,9979.6,63958,34.452,471.03,391.85,0.091758
4828,10680,63979,31.898,361.12,285.1,0.11764
4828,11393,63584,32.869,386.21,329.26,0.079591
4829,9629.9,62942,15.935,722.14,349.61,0.34758
4830,9005.3,62205,35.494,412.79,214.47,0.31616
4830,10025,64027,36.495,313.92,202,0.21694
4830,11561,63352,36.831,298.3,143.53,0.3503
4832,10788,62328,34.379,226.88,175.36,0.12807
4833,9013.3,63104,29.753,249.26,124.03,0.33548
4833,10850,62259,21.501,342.23,106.21,0.52631
4834,8742.1,63132,33.612,317.17,240.87,0.13672
4834,10787,62360,35.582,322.33,483.54,-0.20005
4835,9338.4,63410,27.366,726.68,456.75,0.2281
4835,9605.7,62417,24.009,326.22,273.53,0.087856
4835,9938.8,62997,33.923,170.98,221.21,-0.12805
4835,10910,62380,30.694,452.11,318.87,0.17282
4836,9028.4,63391,33.973,619.97,175.62,0.55852
4836,10988,62383,30.42,372.21,296.85,0.11264
4837,8996.7,63100,30.277,811.35,504.52,0.23318
4837,9100.7,62571,21.162,697.01,226.56,0.50939
4838,10422,63823,27.068,424.94,316.36,0.14647
4839,8907.3,62510,33.846,196.87,134.22,0.18922
4839,10494,63720,34.348,188.56,178.45,0.027548
4840,9518.8,62276,32.232,247.35,132.89,0.30103
4840,9882.2,63611,25.949,715.51,374.01,0.31344
4841,8923.4,63278,32.217,380.96,271.42,0.1679
4841,9698.8,61874,30.523,666.95,438.75,0.20638
4842,10888,61860,33.356,559.15,335.41,0.25011
4843,9390,63169,28.053,301.48,239.35,0.11488
4843,9564.9,61719,32.484,397.94,456.86,-0.068934
4843,10778,61721,29.847,483.24,257.87,0.3041
4843,11656,62007,30.9,342.46,276.15,0.10719
4844,11163,62132,28.502,243.38,202.88,0.090767
4846,9661.1,61732,33.353,175.12,159.37,0.047083
4846,10737,63952,36.312,218.38,159.63,0.1554
4847,8934.5,62876,30.366,372.94,270.47,0.15926
4847,10511,63793,33.049,230.66,219.91,0.023869
4847,10943,61940,27.729,515.04,146.11,0.55802
4848,8828.1,62667,29.218,460.27,240.58,0.31347
4848,10733,63587,19.888,307.94,235.63,0.13303
4849,10998,61679,32.058,638.46,652.02,-0.010513
4849,10963,63424,34.833,273.66,145.59,0.30547
4849,11214,62746,31.961,487.29,429.37,0.063186
4851,8678.1,63199,26.682,353.37,140.52,0.43095
4851,10522,63203,25.431,360.46,319.06,0.060918
4851,10868,61903,21.692,329.36,303.62,0.040666
4852,9774.7,61615,23.498,514.29,416.72,0.1048
4853,8878.3,63139,38.782,315.32,291.27,0.039643
4853,9891.5,62885,24.698,185.63,102.23,0.28973
4853,10972,61889,29.297,338.22,191.82,0.2762
4853,11290,61401,34.169,345.98,248.34,0.16429
4853,11619,61992,35.289,573.5,485.87,0.08272
4854,9636.3,62946,22.661,476.37,332.94,0.17723
4855,8829.2,62147,33.733,370.35,243.69,0.20627
4855,9003.3,62926,26.257,175.63,157.91,0.053124
4856,9013.8,62918,28.735,212.82,146.7,0.18392
4858,11654,62801,30.786,266.73,293.77,-0.048243
4861,9074.3,61860,23.562,304.85,191.8,0.22763
4861,9094.3,63124,30.994,169.88,189.11,-0.053549
4861,11086,61677,33.158,323.85,245.47,0.13766
4862,9696.2,63834,28.918,256.4,277.66,-0.039802
4862,10702,63987,29.01,567.48,382.51,0.19471
4862,10783,61492,25.058,378.42,245.53,0.21298
4863,10625,61434,29.72,548.71,416.77,0.13666
4864,10322,63861,26.461,632.52,213.82,0.49472
4865,9268.5,63080,35.955,278.32,111.65,0.42741
4866,9199.1,62818,32.738,444.62,337.45,0.13703
4866,10433,63624,28.066,415.61,188,0.37708
4868,9104.7,61951,15.958,414.23,140.87,0.49244
4868,9850.4,61514,39.636,367.3,147.45,0.42711
4869,9896.4,61399,23.39,394.21,419.17,-0.030693
4872,10374,63483,34.412,519.19,479.75,0.039484
4873,9653.5,63031,27.391,568.9,165.62,0.54903
4873,11044,61493,31.781,582.97,239.23,0.41807
4873,11140,62445,29.519,474.78,340.97,0.16404
4874,11113,61563,31.965,168.68,123.01,0.15655
4876,10916,63003,24.259,592.11,478.82,0.10579
4877,9819.8,63276,32.295,797.55,706.31,0.06067
4878,9415.6,62022,22.437,281.05,142.36,0.32756
4878,9971,63241,22.254,1078.6,629.38,0.26299
4879,9947.5,63276,24.109,1138.8,649.82,0.27338
4879,11176,63977,25.601,1094.8,695.51,0.22301
4880,9635.9,63244,17.01,844.45,328.79,0.43951
4880,9661.8,62428,35.395,360.36,378.87,-0.025043
4881,9481.9,63256,31.069,469.21,278.19,0.25558
4882,10351,62349,30.087,437.83,355.24,0.10414
4882,10436,63483,38.033,289.31,321.92,-0.053353
4882,11067,64014,30.371,397.04,297.29,0.14366
4883,8794.1,62322,28.699,509.22,347.12,0.1893
4883,9364,63552,28,527.31,319.2,0.24584
4883,9582.5,62379,34.069,417.41,340.34,0.1017
4883,10317,64327,23.311,1137.8,754.75,0.20241
4883,11044,63804,27.069,331.56,226.44,0.18839
4884,10278,63629,30.8,480.79,329.15,0.18723
4884,11014,63735,29.001,263.27,192.2,0.15603
4885,9584,62386,35.21,315.61,247.59,0.12079
4886,9055.7,62953,28.832,322.36,209.23,0.21282
4886,10557,63799,23.868,831.96,485.3,0.26317
4887,10695,64029,30.652,425.93,341.63,0.10983
4888,10460,63479,20.46,237.59,383.23,-0.2346
4889,10495,63614,25.693,462.79,810.4,-0.27302
4890,8727.3,63034,30.098,346.75,127.23,0.46315
4891,9579.6,63663,26.362,617.8,521.83,0.084212
4892,8819.2,63606,30.966,508.06,271.48,0.30349
4892,9694.9,63664,22.309,1075.5,804.9,0.14392
4893,9637.5,62417,18.015,296.25,214.07,0.16104
4893,11124,62143,34.369,400.7,199.47,0.33529
4894,9517.1,63655,32.688,962.34,353,0.46326
4894,9717.2,62553,31.931,288.57,150.6,0.31415
4894,9748.6,63389,28.492,1278,661.72,0.31771
4894,9906.5,63785,30.657,1014.1,364.34,0.47139
4895,9049.4,62955,28.994,279.45,194.34,0.17965
4895,9616.9,62446,34.099,257.2,132.8,0.31898
4895,9626.8,63311,31.828,925.34,502.34,0.29629
4895,10378,62050,31.13,395.65,207.68,0.31156
4897,9385.1,63524,26.513,646.94,348.57,0.29971
4897,9653.9,62030,31.603,378.04,408.32,-0.038501
4897,11106,63227,36.426,225.2,157.48,0.17697
4898,9003.3,63120,35.703,459.36,236.51,0.32024
4898,9468.5,63284,18.907,445.6,239.5,0.30082
4899,8937.3,61613,25.93,726.65,476.48,0.20793
4899,9574.5,63173,26.29,445.43,232.32,0.31444
4899,10232,63853,24.707,390.97,198.04,0.32756
4899,11407,62733,32.321,484.62,254.86,0.31071
4901,11559,62402,31.531,308.83,118.06,0.44688
4903,8932.9,62646,26.126,170.28,181.65,-0.032297
4904,9507.8,63125,39.222,434.92,491.48,-0.061052
4905,9589.9,62993,17.941,359.12,309.96,0.073473
4905,10071,64312,30.481,333.94,220.17,0.20531
4905,10523,62800,13.216,906.56,149.11,0.71751
4906,10558,62776,11.488,858.5,109.2,0.77431
4908,10464,63544,28.24,185.05,197.86,-0.03345
4909,9336,63714,25.103,308.75,226.35,0.15399
4910,9364.1,63443,24.237,846.65,661.01,0.12313
4910,9464.4,61974,18.341,545.73,168.57,0.52801
4910,9862.4,64151,33.024,407.42,200.87,0.33957
4911,9364.2,63530,31.085,645.97,432.76,0.19765
4911,10765,62575,22.547,324.79,145.76,0.38046
4912,10310,64163,30.25,555.22,165.68,0.54034
4912,11033,62724,30.691,1493.4,1024.8,0.1861
4912,10905,63747,27.429,321.91,325.81,-0.0060256
4912,11116,62714,21.658,1617.3,1094.3,0.19287
4912,11331,64337,32.458,367.52,212.65,0.26693
4913,8788.5,63224,36.903,434.43,156.7,0.46981
4914,8821.6,63305,31.549,394.23,155.77,0.43357
4914,10237,63050,26.554,310.58,242.28,0.12354
4915,8889.4,63524,26.178,243.21,180.83,0.14712
4915,10087,63935,23.443,1018.5,711.53,0.17746
4917,11532,61704,36.137,335.61,195.48,0.26386
4917,11594,62360,33.537,235.15,122.41,0.31531
4918,11658,62351,30.827,644.21,513.32,0.11308
4919,9121.4,63136,28.359,602.28,371.09,0.23751
4921,9449.8,63832,31.5,603.42,630.8,-0.022182
4921,11264,61431,34.643,423.27,318.68,0.14096
4922,9200.7,61644,22.764,496.91,240.44,0.34783
4923,9073.7,61799,35.326,591.22,273.87,0.36684
4923,11085,62415,25.67,265.63,157.14,0.25662
4924,8830.9,62484,29.963,552.25,245.88,0.38386
4924,8990.1,63510,20.134,1430.2,688.6,0.35
4924,9120.5,61730,33.306,462.31,305.66,0.20397
4924,10480,63951,31.744,160.35,187.51,-0.078066
4924,11167,62467,32.446,373.06,123.17,0.50358
4925,9045.1,62510,29.72,295.84,241.03,0.1021
4925,9005.2,63612,17.272,756.33,402.69,0.30512
4925,10372,62797,37.963,540.94,644.9,-0.087666
4926,8919.9,62297,42.692,541.75,162.24,0.53909
4926,9206.4,62380,33.507,609.88,288.29,0.35805
4928,9148.9,63294,28.854,411.86,133.87,0.5094
4929,10619,63486,14.419,379.76,532.63,-0.16755
4930,10621,63401,16.571,475.17,431.47,0.048193
4930,11254,63740,30.654,774.37,494.02,0.22103
4931,9530.9,62217,25.106,653.1,614.38,0.030542
4931,11006,63267,33.34,348.4,246.62,0.17106
4932,9058,61506,29.615,433.02,464.75,-0.035336
4933,8951.9,63666,38.441,177.6,250.93,-0.17111
4933,9634.9,62332,29.418,252.67,156.96,0.23364
4933,10442,63241,31.764,812.26,409.69,0.32945
4933,10903,63914,31.921,1336.2,534.27,0.42874
4933,11598,63809,28.578,405.13,230.5,0.27473
4934,9577.1,62366,18.686,442.44,252.46,0.2734
4935,9144.4,63745,33.188,199.27,194.25,0.012757
4935,9799.5,62332,24.765,535.71,471.5,0.063749
4936,11114,61651,25.788,698.25,182.45,0.58566
4936,11513,63709,28.171,314.58,122.6,0.43915
4937,9174.2,61953,20.874,1317.9,924.95,0.17522
4937,9951.9,62007,25.203,256.72,111.58,0.39409
4937,10561,63373,28.766,292.74,107.55,0.46265
4938,8949.2,62019,27.973,1110.6,767.9,0.18243
4938,10595,63415,31.256,273.37,135.64,0.33673
4939,9999.6,61825,31.896,215.89,162.42,0.14134
4939,10983,61872,29.098,232.07,345.94,-0.197
4939,11544,64350,34.081,289.13,227.42,0.11946
4940,9370.3,61468,32.871,734.21,725.92,0.005676
4940,10937,61784,24.861,811.61,333.53,0.41748
4941,9295.5,61478,20.825,450.44,442.23,0.0091991
4942,9249.1,61556,24.548,459.44,202.73,0.38767
4943,9247.5,61715,28.456,347.75,170.58,0.34182
4943,11028,63752,31.474,169.76,184.4,-0.041337
4944,9112.5,61842,24.016,558.78,282.42,0.32853
4944,11103,63733,10.093,733.03,420.98,0.27041
4945,9115.3,63067,26.792,553.14,309.52,0.2824
4945,10847,62395,32.172,326.3,239.85,0.15271
4947,10246,62269,20.445,810.84,555.56,0.18682
4947,11347,62370,20.845,352.12,157.85,0.38095
4951,8836.1,64188,32.536,538.95,206.12,0.44671
4951,9520.3,62509,19.211,540.96,329.72,0.24262
4952,10458,63282,35.163,339.96,291.61,0.076546
4953,10563,63218,22.698,519.87,460.04,0.061053
4953,11009,61766,36.239,562.42,152.74,0.57285
4954,9138.4,62818,22.247,623.96,188.19,0.53657
4954,9601.2,61716,21.191,921.05,303.9,0.50381
4954,10441,62049,34.83,391.91,126.39,0.51228
4955,9103.4,62979,28.719,286.8,260.82,0.047439
4955,9664.7,61605,28.376,257.07,183.65,0.16659
4956,10708,63097,30.168,368.23,414.52,-0.059139
4960,9543,62425,36.317,269.16,226.65,0.085744
4961,9587.3,63645,25.254,584.57,474.65,0.10378
4962,9593.8,63847,32.192,547.26,447.48,0.10031
4962,9857.7,62493,32.587,289.54,192.57,0.20114
4962,10343,61841,34.307,811.68,585.13,0.16219
4962,10701,61719,29.366,456.31,330.59,0.15976
4962,11309,63086,35.086,250.68,127.5,0.32571
4963,10328,61961,22.101,674.4,445.59,0.20429
4964,9486.5,62281,32.519,440.26,479.96,-0.043136
4965,9670.7,62110,26.723,410.87,302.96,0.15117
4965,11120,62107,22.488,259.64,127.92,0.33988
4966,9632.8,62076,34.707,459.38,433.7,0.028746
4966,11003,61960,31.76,439.03,403.16,0.042587
4967,10511,63580,29.809,788.26,854.48,-0.040312
4968,8972.7,63732,25.189,637.03,400.33,0.22818
4969,8952.9,63442,36.467,286.75,102.52,0.47327
4969,9786.8,62231,30.692,336.32,237.94,0.17131
4970,8829.1,61631,31.21,409.66,259.93,0.22361
4970,9223.2,63163,26.288,451.64,315.56,0.17736
4970,10544,62226,32.547,547.76,300.67,0.29123
4970,10852,63722,21.535,562.19,487.88,0.070763
4972,9424.8,63543,29.807,420.24,250.87,0.25237
4972,9895.6,61910,19.137,768.58,365.87,0.35499
4972,10555,64348,32.047,689.21,622.32,0.051002
4974,9802.7,62161,24.685,228.3,116.94,0.32258
4974,10269,63905,31.152,510.45,180.23,0.4781
4974,11272,63575,34.925,393.22,213.74,0.29571
4975,10491,63783,24.767,864.57,357.86,0.41451
4976,10872,63744,33.996,246.02,133.68,0.29586
4978,10221,63312,39.558,518.11,229.37,0.38628
4978,10174,64383,32.194,596.92,482.38,0.10613
4978,10702,61393,17.887,427.29,301.28,0.17296
4979,10592,62161,24.508,900.33,427.35,0.35624
4980,11313,63879,34.775,1104.2,783.14,0.17011
4981,9931.8,62221,19.907,881.24,447.21,0.32672
4981,10468,62126,32.857,377.03,354.22,0.031183
4981,11248,63805,28.255,812.57,192.98,0.61616
4982,9130.8,63563,26.276,684.83,290.87,0.40377
4983,9500.4,62976,25.097,212.52,198.09,0.035155
4984,9412.1,62161,26.103,489.05,369.56,0.13916
4984,10516,62044,35.151,234.7,252.98,-0.037483
4985,10456,62028,25.5,768.5,510.19,0.20201
4986,9396.3,62457,26.892,456.97,145.77,0.51632
4986,10686,64027,33.11,299.44,254.73,0.080673
4987,10348,62289,26.158,1039,840.97,0.10533
4987,10652,63767,34.73,343,225.05,0.20764
4988,10145,63008,33.402,460.17,226.55,0.3402
4988,10322,62266,15.629,606.2,234.96,0.44133
4988,10677,63808,13.727,1066,540.63,0.32701
4988,11237,61496,31.928,207.46,118.57,0.27263
4989,8769.4,61722,21.879,742.6,411.22,0.2872
4989,10162,62928,32.891,298.54,138.99,0.36465
4989,10476,64045,20.151,502.92,301.52,0.25036
4989,11581,62238,34.163,288.27,305.53,-0.029065
4992,9883.7,63276,25.955,684.29,444.11,0.21285
4992,11326,63253,32.889,297.16,325.05,-0.044819
4994,8709.5,64312,29.228,520.07,325.1,0.23068
4994,10938,63669,33.879,306.5,308.56,-0.0033338
4995,9699.9,63043,21.982,361.62,223.14,0.23682
4996,9665.4,62999,30.828,409.53,332.24,0.10419
4997,9674.7,63097,35.319,440.56,389.53,0.061479
4998,9834.5,62930,31.755,340.44,264.6,0.12534
4999,9828.8,63246,27.726,335.67,136.64,0.4214
5000,9699.9,61936,20.018,381.21,292.95,0.13092
5000,9781.1,63938,30.976,221.99,259.62,-0.078149
5000,10117,63100,29.302,200.55,163.79,0.10088
5000,11412,61536,27.46,471.04,230.63,0.34262
5000,11490,63935,25.366,800.15,507.77,0.22354
5001,9631.7,61982,34.537,450.32,498.95,-0.05122
5001,10410,62833,24.045,701.82,655.07,0.034452
5004,9930.8,62038,37.688,822.63,250,0.53386
5005,10616,63983,28.002,626.7,344.94,0.28998
5006,9051.9,62771,18.209,649.29,408.52,0.22762
5007,11072,63706,15.392,416.66,228.98,0.29069
5008,10486,63146,29.572,518.82,191.29,0.46123
5008,11095,63674,18.818,465.66,245.42,0.30973
5009,10155,62730,34.378,199.9,202.78,-0.0071386
5009,10505,63402,31.194,354.19,291.81,0.096575
5009,11300,62448,30.592,862.09,606.43,0.17409
5010,9671.5,62448,36.681,334.44,308.25,0.040759
5010,11258,62952,20.142,625.16,303.94,0.34574
5012,11258,63785,33.679,290.26,211.02,0.15808
5014,9367.9,64097,38.538,360.05,222.08,0.23702
5015,9548.7,62911,23.12,722.06,552.64,0.1329
5017,9043,63684,36.068,335.64,366.52,-0.04399
5018,10003,62771,29.222,594.58,580.38,0.012085
5018,11455,62726,37.756,343.2,293.46,0.07812
5019,9221.6,63975,30.319,679.16,437.93,0.21595
5019,9295.5,63423,22.892,387.26,187.05,0.34861
5019,10115,62918,36.499,494.09,564.02,-0.066089
5020,9240.5,63529,20.758,749.07,418.31,0.28333
5020,10229,62970,27.345,282.3,216.56,0.13177
5020,10396,63684,22.514,580.66,312.89,0.29967
5021,9592.1,61627,32.007,263.41,202.65,0.13036
5021,11556,62370,25.169,828.43,642.79,0.12618
5022,9732.1,61607,23.291,469,145.96,0.52529
5022,9805.2,63155,27.223,352.17,133.34,0.45073
5022,11480,63735,32.845,373.4,140.42,0.45344
5025,11310,64267,25.974,393.82,232.86,0.25684
5028,9002.8,61993,37.797,448.28,391.47,0.067651
5028,10659,62039,40.8,990.65,772.89,0.12348
5030,9117.7,62077,25.936,647.05,461.39,0.1675
5030,10250,63088,29.751,226.18,134.77,0.25325
5032,10209,62055,33.496,169.71,145.9,0.075415
5032,10907,61951,26.34,551.44,447.38,0.10419
5033,9917.5,63177,25,596.77,339.92,0.2742
5033,10168,62027,25.174,744.73,505.57,0.19128
5034,8778.2,62960,24.682,357.27,326.38,0.045178
5034,9898.4,63200,32.755,652.67,226.28,0.48511
5034,10289,62019,27.27,361.75,189.07,0.3135
5036,11586,64364,32.341,450.37,183.83,0.42029
5038,11533,62440,36.316,275.94,191.99,0.17941
5039,9875.2,63794,20.823,1231.2,1107.4,0.052948
5040,10749,61530,34.229,793.67,677.69,0.078827
5040,10848,61765,28.54,796.98,746.61,0.032635
5041,10660,61728,28.669,326.47,138.68,0.40372
5042,10746,61909,26.763,192.81,154.52,0.11024
5043,10929,61967,23.602,646.36,418.29,0.21422
5044,10479,63610,28.155,796.4,900.03,-0.061087
5044,10838,61716,20.35,248.4,156.4,0.22726
5046,8919.8,62766,24.916,578.14,317.9,0.29044
5047,8990.3,62723,28.761,514.22,379.15,0.1512
5047,10753,61959,18.724,589.95,349.3,0.25621
5047,11369,62246,33.829,257.12,167.56,0.21088
5048,9323.6,63360,26.087,476.93,428.59,0.053384
5048,10876,63041,17.352,982.96,193.51,0.67104
5049,9679.4,63279,24.615,745.27,455.47,0.24135
5049,10893,62967,21.48,921.46,435.49,0.35814
5050,9467.5,63539,37.868,315.47,290.15,0.041813
5050,9622.5,62986,23.145,314.04,120.89,0.4441
5050,10892,63012,21.316,457.76,214.12,0.36263
5051,9404.9,62585,33.367,303.08,316.84,-0.022211
5051,11008,63916,24.508,751.42,398.51,0.30689
5051,11132,62520,33.95,607.06,383.77,0.22535
5051,11161,62907,24.433,976.07,313.48,0.51382
5052,9570.8,62916,20.096,362.78,268.11,0.15005
5052,11272,62717,23.859,1135.1,430.84,0.44973
5053,9555.8,62976,18.247,489.9,495.6,-0.0057811
5053,9848.4,62320,26.919,291.76,125.11,0.39977
5053,11052,62054,22.795,885.14,454.61,0.32135
5053,11316,62551,22.746,1245.7,580.19,0.36447
5054,8836.8,61699,25.758,421.84,284.94,0.1937
5054,10800,63651,28.266,221.83,260.99,-0.081099
5054,11487,62205,18.68,1176.8,406.37,0.48665
5055,11564,62245,25.873,472.9,243.37,0.32044
5056,8881.7,61748,36.477,172,131.48,0.13351
5056,9717.5,63279,21.915,288.6,124.92,0.39581
5056,10875,63638,27.249,306.79,187.31,0.24182
5056,11622,62061,33.11,248.91,104.27,0.40952
5057,9874.4,63121,24.191,548.59,448.05,0.10088
5058,8833.4,61859,20.519,338.15,222.34,0.20662
5058,10051,63001,29.047,503.23,544.44,-0.03934
5059,8909.5,61669,22.435,692.16,220.2,0.51729
5059,8919.7,63212,24.312,677.42,497.25,0.15338
5059,11475,62030,20.033,1031.7,545.39,0.30835
5060,8669.2,62620,29.21,329.98,245.85,0.14609
5060,11443,61981,17.464,1167.2,309.32,0.58102
5062,9586.6,62441,16.291,755.47,497.99,0.20541
5062,10767,63058,29.383,629.66,205.3,0.50824
5062,11230,62206,28.126,461.76,247.61,0.3019
5062,11462,64143,33.856,209.79,211.55,-0.0041774
5063,9566.6,62463,13.162,729.04,357.03,0.34252
5063,11213,62365,20.433,461.88,172.66,0.45579
5064,9599.7,62454,17.599,657.76,418.85,0.22191
5064,11232,63833,23.379,449.57,307.71,0.18732
5065,9552.4,62428,13.121,636.74,496.96,0.1233
5065,10983,62410,17.791,722.76,254.35,0.47938
5065,11034,63272,37.726,170.71,191.26,-0.056782
5066,9509.7,62463,18.863,1024.1,545.92,0.30455
5066,10444,63735,36.452,657.48,389.1,0.25644
5066,10895,62377,19.488,852.12,471.61,0.28746
5067,9529.5,62962,11.906,867.71,904.03,-0.020499
5067,10819,62227,21.906,1020.7,615.62,0.24756
5068,9450.2,63053,14.857,677.28,561.52,0.093445
5068,10273,63979,17.884,922.12,657.55,0.16748
5068,10833,62278,21.897,735.45,213.69,0.54972
5069,10061,62923,28.483,398.25,373.37,0.032238
5069,10468,63923,21.913,991.56,417.41,0.4075
5069,10639,62296,27.058,617.91,332.83,0.29985
5070,9274.8,62907,17.675,1681.9,1025.5,0.24246
5070,9406.4,63725,32.58,397.03,144.98,0.46502
5070,10322,64186,28.248,591.78,401.78,0.19123
5070,10571,62295,24.193,570.67,282.78,0.33733
5071,9213.5,63499,32.061,1232.5,887.35,0.16282
5071,10280,64018,28.477,181.87,103.38,0.27514
5071,10514,62190,22.337,490.69,150.46,0.53066
5071,11603,62765,35.174,368.25,334.78,0.047606
5072,9019.3,63407,25.34,732.94,418.93,0.27261
5072,9236,62766,24.014,1142.6,318.18,0.56436
5072,10245,63925,30.603,400.08,353.74,0.061469
5072,10698,62070,22.008,459.68,172.07,0.45526
5073,10412,64245,30.752,933.79,673.57,0.1619
5073,10619,62070,19.417,413.7,117.71,0.55699
5074,10214,64040,35.668,828.38,367.42,0.38549
5074,10580,62246,21.009,585.12,307.19,0.31147
5074,10957,63282,23.045,505,1026.2,-0.34038
5075,10236,63925,24.626,811.68,608.62,0.14297
5075,10757,62260,22.254,876.14,194.53,0.63662
5075,10903,63285,35.18,313.11,513.26,-0.2422
5076,10837,62282,18.059,556.8,195.89,0.4795
5077,9448.7,61459,20.768,332.63,280.28,0.085421
5077,9418.9,62975,34.423,232.23,137.6,0.25587
5077,10538,63811,31.214,379.45,104.18,0.56916
5077,10629,62022,20.86,501.81,167.88,0.49863
5078,9291.3,63496,32.145,607.62,281.41,0.36692
5078,10493,62157,24.974,408.13,259.69,0.22227
5079,10385,62126,20.374,890.78,162.11,0.69207
5080,9566.6,62852,30.577,364.16,447.71,-0.10291
5080,10225,61909,18.389,1104.3,362.23,0.50602
5080,11122,63793,13.699,410.65,262.28,0.22047
5081,10225,61912,31.015,964.73,375.82,0.4393
5081,10772,63090,31.22,242.55,155.28,0.21936
5081,11106,63780,17.989,347.57,340.3,0.010568
5082,10421,61892,25.377,642.59,209.42,0.5084
5082,11152,63763,22.066,318.48,348.82,-0.045468
5085,10406,62876,32.381,246.58,196.21,0.11376
5086,9065.2,62051,34.518,346.03,233.63,0.19391
5088,9561,62406,11.132,679.95,525,0.12859
5089,9536.4,62430,13.326,540.33,490.31,0.048525
5090,9548,62397,12.612,603.97,741.37,-0.10213
5091,9563.6,62372,12.279,670.3,442.63,0.20457
5091,10664,63263,28.884,345.26,212.85,0.23724
5093,8911.8,62442,31.225,364.57,222.88,0.24119
5093,9794.8,61909,29.538,262.94,196.61,0.14432
5093,11644,64306,24.424,586.5,328.46,0.28202
5094,9463,63982,34.259,447.95,464.48,-0.018125
5094,10106,61794,32.357,390.12,189.23,0.34675
5095,9132.5,62668,30.319,194.41,108,0.28576
5095,9619.1,62791,36.797,200.06,170.27,0.080449
5097,9195.1,63026,27.004,342.38,207.36,0.2456
5099,9929.8,62536,17.31,497.42,152.79,0.53003
5100,10362,62695,38.072,278.53,241.35,0.071505
5101,9889.2,62398,29.609,172.22,110.36,0.2189
5101,10305,61548,25.995,342.66,301.03,0.064686
5101,11049,61952,24.693,421.58,202.79,0.35042
5102,8915.9,61435,28.118,790.31,540.53,0.18769
5102,10019,62126,30.124,299.01,355.11,-0.085764
5103,9735.6,63516,31.745,368.7,334.17,0.049119
5103,10859,61836,28.073,361.41,477.68,-0.13856
5104,10492,63539,24.36,273.28,307.54,-0.058996
5104,10807,61816,25.908,258.54,273.52,-0.028156
5105,10597,62198,33.62,394.63,395.37,-0.00094635
5105,10541,63577,25.145,352.73,288.41,0.10032
5106,10848,62051,37.341,934.89,777.71,0.091777
5107,10337,61401,39.265,890.28,521.43,0.26128
5107,10703,61505,21.604,412.48,363.11,0.063657
5107,11257,64270,31.647,500.7,255.05,0.32505
5109,10780,62109,24.635,518.12,297.18,0.27099
5110,10850,61838,24.861,874.1,426.45,0.3442
5111,8832.2,63095,28.473,613.61,429.05,0.17701
5113,9480.5,62336,16.888,793.54,406.91,0.32207
5114,9695.5,63784,31.826,194.55,164.25,0.084445
5114,11220,62610,22.662,1116.8,855.43,0.13251
5115,10241,62550,34.541,328.82,170.83,0.3162
5116,9535.1,62470,25.109,394.08,274.94,0.17808
5116,10594,63755,26.541,310.76,175.1,0.2792
5116,11254,62532,30.42,166.39,251.34,-0.20337
5117,9245.2,62616,27.838,484.4,305.55,0.2264
5117,10801,63714,23.669,413.65,187.68,0.37579
5118,11473,61964,25.802,701.64,493.78,0.17388
5119,11539,62153,37.353,474.61,223.44,0.35981
5120,9463.7,61780,28.609,182.2,144.21,0.11639
5120,10891,63806,28.894,425.8,182.82,0.39923
5120,11402,62070,32.736,400.23,363.52,0.048065
5121,10143,63979,36.159,253.39,108.8,0.39921
5122,9211.5,62154,32.124,642.39,473.87,0.15097
5122,9923,63755,25.821,809.6,408.42,0.32937
5122,10336,62202,31.463,421.25,258.25,0.23988
5123,9307.4,62145,25.203,894.36,448.75,0.33178
5123,9439,61875,44.983,949.29,526.63,0.28637
5123,10181,63401,36.275,391.84,352.05,0.053487
5125,8951.7,62021,29.992,332.17,119.53,0.47076
5125,10755,62118,34.206,340.19,260.62,0.13244
5126,9927.7,63967,37.464,626.29,491.74,0.12035
5126,10029,63103,25.412,200.88,130.63,0.21192
5126,10883,63785,19.125,471.91,305.36,0.21428
5126,11228,61540,28.617,354.44,158.34,0.38242
5127,9160.7,63083,30.409,190.17,110.7,0.26413
5127,11051,63823,30.562,244.23,122.63,0.33145
5127,11637,62155,32.116,482.68,308.02,0.2209
5128,10802,61516,29.976,427.53,102.14,0.61433
5128,11048,63759,26.999,160.61,104.73,0.2106
5128,11394,61955,23.546,307.26,257.12,0.088833
5133,10463,63626,29.033,336.96,440.93,-0.13365
5133,10494,64050,34.385,276.63,178.85,0.21467
5135,10104,64107,29.875,682.01,335.1,0.34107
5136,11362,61713,31.688,356.51,236.88,0.2016
5139,9988.2,63792,25.951,585.22,421.87,0.16219
5142,9969.5,64205,20.546,541.08,371.59,0.18571
5143,9706.3,63009,30.85,220.17,128.21,0.26396
5143,9861.5,64273,22.044,884.39,570.59,0.21567
5144,9869.7,64291,30.701,550.38,763.25,-0.16205
5145,10572,63381,25.61,252.34,187.82,0.14659
5146,9611.5,62308,30.011,533.64,457.08,0.077276
5146,10068,64337,27.241,681.29,276.81,0.42217
5150,10468,62935,32.04,660.32,531.29,0.10828
5152,10316,63079,23.297,814.38,439.85,0.29861
5153,10319,63108,22.318,1133.7,589.41,0.31587
5154,10342,62995,29.446,250.33,225.17,0.052923
5155,9604.6,62351,18.544,587.17,433.91,0.15009
5155,10105,63123,34.297,495.26,395.13,0.11245
5155,11391,63811,35.254,543.17,216.98,0.42911
5156,9105.9,61599,35.044,948.11,588.06,0.23438
5156,8985,63826,33.164,286.17,140.78,0.34054
5156,9548.9,62416,16.923,764.63,379.11,0.33707
5156,10023,62989,31.121,404.89,237.73,0.26013
5157,9016.5,63777,33.682,248.98,133.89,0.3006
5157,11372,63212,24.33,590.02,391.64,0.20209
5158,10460,64338,34.609,463.33,469.73,-0.0068643
5159,9525.3,61766,33.533,604.04,493.11,0.10112
5159,9560.4,61720,31.958,726.83,581.72,0.11089
5160,10457,64342,18.181,462.59,630.84,-0.15387
5160,10835,61425,24.77,675.71,442.35,0.20873
5161,10490,64342,19.747,462.56,629.95,-0.15321
5162,8709.8,61846,30.859,270.37,266.6,0.0070202
5163,11374,61667,26.479,281.14,148.6,0.30841
5164,8968.9,64109,19.232,661.4,344.35,0.31524
5164,9037.1,61779,33.965,460.47,251.39,0.2937
5164,11600,62596,35.841,221.11,329.81,-0.1973
5165,8834.7,61691,35.59,828.62,544.12,0.20725
5165,9030.3,64095,22.988,529.71,238.94,0.37828
5165,10699,61527,23.011,444.59,549.08,-0.10516
5167,8780.7,62060,25.597,537.91,527.7,0.0095728
5167,9924.5,61396,24.17,285.02,127.84,0.38071
5168,11617,64265,27.976,305.44,314.64,-0.014837
5169,10245,61548,28.924,358.44,187.54,0.31301
5169,10443,63168,26.512,301.32,237.58,0.11827
5169,10731,61800,28.092,541.46,221.6,0.41918
5170,8676.4,62252,26.03,848.69,322.82,0.44888
5170,10060,61678,26.591,622.79,174.4,0.56247
5171,8917.2,62310,33.442,530.65,204.61,0.44344
5171,9854.3,61774,27.081,201.78,167.11,0.093983
5173,9825.6,62511,37.034,415.65,201.28,0.34748
5176,10064,61442,29.573,435.2,248.84,0.27245
5177,9773.1,61441,34.432,264.07,187.32,0.17004
5177,9891.3,63698,34.068,606.68,444.86,0.15389
5178,8830.3,62019,14.592,1070.3,820.9,0.13187
5178,9946.5,61552,29.922,431.9,224.58,0.31581
5178,9916.7,63786,31.355,281.38,377.81,-0.14628
5178,10663,63607,30.593,859.52,383.47,0.38299
5179,9817.5,63755,32.752,197.48,161.79,0.099343
5179,10157,61467,25.482,254.67,106.58,0.40993
5179,10657,61681,26.962,830.98,625.13,0.14137
5179,10678,61434,23.473,615.1,567.33,0.0404
5179,10761,63707,18.162,496.57,175.84,0.47698
5180,8723,61958,28.322,660.81,559.98,0.082592
5180,8727.8,61864,25.867,764.18,706.63,0.039131
5181,9779.7,64122,29.453,442.61,463.22,-0.022753
5181,10462,61833,22.907,676.48,395.94,0.2616
5181,10497,63918,30.062,342.28,273.03,0.11255
5181,11371,62292,24.037,328.25,156.2,0.35515
5182,10583,61923,24.942,318.74,202.16,0.22381
5185,10669,63824,38.539,400.33,171.95,0.39908
5185,11431,62049,31.429,517.86,298.72,0.26836
5186,10262,63373,33.849,425.58,300.71,0.17193
5186,10758,63806,34.254,297.15,106.64,0.4718
5187,8959.4,61767,28.627,389.13,161.86,0.41248
5187,9770.1,62463,32.655,417.54,225,0.29965
5187,10344,63163,33.98,813.76,365.5,0.38012
5188,8840.7,62005,30.911,572.59,485.11,0.082707
5188,9771.2,62475,26.733,444.39,255.3,0.27026
5188,10798,62949,29.985,618.62,406.88,0.20647
5189,9526.5,63834,43.483,736.66,469.44,0.22155
5189,9795.7,63500,32.387,560.75,448.16,0.11159
5189,11117,61914,26.399,453.54,119.12,0.58398
5190,9651.8,63911,25.496,297.49,118.88,0.42896
5191,11279,62058,23.908,412.4,298.85,0.15964
5192,9561.7,63998,26.173,974.31,486.19,0.33422
5194,9281.8,63272,29.289,365.8,215.85,0.25779
5194,10520,63628,30.473,475.81,216.09,0.37538
5195,10716,61399,17.16,370.76,347.32,0.032634
5196,9197.9,63632,36.747,388.21,240.61,0.23472
5196,10608,61599,21.921,1133.4,715.26,0.22618
5196,10667,64126,37.504,392.98,267.92,0.18922
5197,9186.4,63689,35.369,200.82,232.48,-0.073075
5198,10717,62213,31.18,306.9,380.8,-0.10745
5201,8965.4,61941,21.22,309.45,197.52,0.22077
5202,8972.3,61903,29.274,716.48,461.38,0.21658
5202,9685,64027,25.37,217.92,101.58,0.36413
5203,8969.2,61896,24.889,396.85,105.13,0.58115
5203,9775,61439,30.427,923.87,476.57,0.3194
5204,9025.4,61958,21.135,319.05,159.18,0.3343
5204,11550,63924,28.329,442.29,161.21,0.46575
5205,9051.5,61954,26.695,254.32,309.53,-0.097911
5205,9529.6,62441,17.029,531.55,444.76,0.088895
5207,9821.1,63572,27.006,484.94,356.87,0.15213
5207,11515,61566,27.145,519.17,248.9,0.35188
5208,10038,61808,32.549,320.87,319.49,0.0021581
5210,10133,61952,25.746,499.07,406.73,0.10195
5211,10653,62766,36.311,421.25,313.91,0.14601
5212,8701.1,64222,38.382,295.47,360.91,-0.099703
5213,10072,62101,37.031,389.22,444.4,-0.066203
5213,10605,63348,26.08,502.48,456.21,0.04827
5214,9605.1,63024,18.248,489.09,368.3,0.14088
5216,9787.2,62705,28.163,610.03,264.83,0.39457
5217,10023,62039,33.763,482.58,379.26,0.11989
5218,11225,64372,33.388,525.93,370.53,0.17335
5219,10402,62916,34.131,616.59,302.02,0.34244
5219,11227,62243,31.69,573.39,305.9,0.30422
5220,11423,61976,23.387,846.8,539.22,0.22192
5222,10852,61927,29.89,500.79,370.81,0.14912
5224,10714,62240,25.299,358.65,247.37,0.18363
5224,11627,61901,30.708,476.39,338.82,0.16876
5226,9842.7,62669,24.017,487.96,235.89,0.34823
5226,10760,62099,23.883,518.4,313.26,0.24667
5227,10327,62611,32.181,315.79,193.49,0.24014
5227,10866,61870,26.989,227.59,167.11,0.15321
5228,10091,62633,32.834,489.38,384.41,0.12014
5229,10575,61529,21.261,848.33,543.28,0.21921
5230,9591.3,63663,35.649,612.52,238.45,0.43958
5230,11654,62207,33.774,362.18,323.64,0.056195
5231,9607.3,64006,32.908,354.18,276.41,0.12333
5231,10891,62901,34.438,770.21,493.06,0.21939
5232,9735.1,63916,27.311,195.07,137.03,0.17477
5234,8961.2,64373,28.381,407.49,200,0.34155
5234,9097.3,62900,27.271,167.07,136.79,0.099651
5236,10698,61399,24.862,286.96,170.6,0.25431
5237,10894,63025,30.491,480.22,197.4,0.41737
5238,9938.5,63608,34.637,276.75,197.31,0.16758
5241,10129,62313,33.924,573.13,185.08,0.5118
5242,9624.8,61637,32.587,1080.2,860.33,0.11332
5243,9545.7,62985,16.163,528.56,413.53,0.1221
5243,10823,63025,27.637,432.43,156.87,0.46761
5243,11569,62246,37.526,527.7,279.28,0.30784
5244,9534.4,62946,17.518,347.06,360.71,-0.019286
5244,9587.6,62349,27.464,280.36,162.6,0.26584
5245,9471.3,62372,25.607,244.8,144.33,0.2582
5245,10192,61621,32.984,695.8,242.46,0.48318
5246,9319,62002,32.379,724.06,518.03,0.16587
5246,10797,61414,26.423,315.15,268.09,0.080692
5247,10222,63367,33.919,631.3,482.93,0.13316
5247,10939,61398,23.305,524.65,290.34,0.2875
5248,9550.2,63966,32.044,303.75,156.24,0.32069
5248,9876.1,61858,32.452,401.53,123.64,0.52914
5248,11575,63206,29.128,562.26,249.56,0.38518
5249,9481.4,62681,24.82,738.23,495.26,0.19698
5249,9696.2,64001,33.2,562.71,313.13,0.28496
5249,10315,63559,30.674,267.6,347.08,-0.12931
5250,9405.7,62748,26.544,446.1,360.46,0.10619
5250,11341,63022,25.221,296.24,182.37,0.23792
5251,10005,62258,28.984,344.46,350.44,-0.0086045
5251,11368,63018,33.724,409.19,481.62,-0.081314
5252,9426.6,62590,32.93,367.64,278.01,0.13882
5252,10970,61993,33.101,608.42,159.47,0.58465
5253,9228.3,62524,37.478,563.14,508.03,0.051446
5255,10704,61431,32.853,230.98,207.84,0.052726
5256,10022,63360,31.633,553.44,425.42,0.13079
5256,10857,63099,29.331,362.48,339.72,0.032407
5257,8842.8,61945,31.927,412.76,315.34,0.1338
5257,9435.5,63270,40.01,368.08,357.58,0.014471
5257,10253,63035,31.825,689.31,523.37,0.13683
5257,10655,63134,25.983,571.42,479.89,0.08706
5258,9248.4,63398,23.514,798.41,771.61,0.01707
5258,10585,62231,30.209,255.02,228.14,0.055636
5258,11328,62384,31.774,441.86,280.83,0.22282
5259,8945.3,61999,28.177,1189.4,484.66,0.42099
5259,9074.6,64021,30.143,232.22,113.58,0.3431
5259,10298,63065,27.956,404.44,154.53,0.44708
5260,8901.5,62043,26.711,586.28,455.63,0.12539
5260,9026.2,63164,21.787,361.71,170.77,0.35859
5260,10417,62040,32.701,614.66,479.8,0.12322
5260,10493,63463,20.802,682.47,343.39,0.33053
5261,8833.1,61965,27.641,367.6,256.9,0.17726
5262,9292.1,63332,27.806,581.03,105.36,0.69301
5262,9407.7,61753,34.843,705.76,524.66,0.14719
5263,9124.6,63242,24.328,607.8,176.95,0.54903
5263,9411.2,61791,29.645,778.68,618.67,0.11451
5263,11369,62092,30.52,406.15,204.29,0.33068
5264,11516,62181,29.97,415.39,464.73,-0.05607
5265,9491.3,63112,24.11,286.9,168.94,0.25877
5267,9649.1,61486,30.697,126.56,205.77,-0.23833
5268,9355.1,62284,34.419,153.46,115.45,0.14136
5268,10139,62795,28.982,307.8,127.87,0.413
5268,11040,61993,27.73,227.09,114.28,0.33046
5270,9190.3,62443,25.512,553.72,544.5,0.0083885
5270,10496,62778,30.49,418.11,267.13,0.22033
5270,10679,61972,33.827,442.22,433.21,0.010295
5271,9242.9,62107,30.186,500.54,411.91,0.097137
5271,9222.7,62674,25.302,748.5,339.01,0.37654
5271,10538,62197,26.087,342.43,217.42,0.22329
5272,11624,64000,35.024,786.69,583.59,0.14822
5273,8728,64336,29.126,317.88,279.03,0.06508
5273,11638,64048,26.578,1115,763.68,0.18703
5274,9743.8,62834,20.421,285.63,133.81,0.36196
5275,9217,63706,26.783,403.99,280.35,0.18067
5275,9633.7,63777,27.613,406.35,360.2,0.060209
5275,11345,62760,25.319,498.46,292.66,0.26014
5276,9675,63805,19.707,307.45,320.79,-0.021243
5276,11308,61793,35.004,488.49,319.98,0.20844
5276,11363,62894,25.55,312.01,236.49,0.13768
5277,9170.2,63061,31.46,674.84,510.38,0.13876
5278,9141.5,62901,30.074,276.76,273.67,0.0056033
5278,9241.5,61413,30.699,280.78,220.11,0.12113
5279,9421.6,61537,23.473,326.58,241.15,0.15049
5280,8713.5,63834,37.948,262.83,120.6,0.37095
5281,8821.4,62378,23.527,753,536.8,0.16762
5281,8825.7,63140,24.718,505.21,282.21,0.2832
5281,11052,64120,33.209,597.23,263.89,0.3871
5283,8813,63251,23.181,484.57,207.61,0.40012
5284,11462,61639,34.302,591.12,301.05,0.32512
5286,9485.5,63394,33.528,365.93,383.78,-0.023808
5286,11204,61889,26.881,605.33,553.77,0.04449
5287,9264.9,63379,27.708,426.99,177.78,0.41208
5287,10997,61599,35.04,324.3,249.94,0.12949
5288,10857,62007,35.981,449.24,344.41,0.13209
5289,9807,61980,30.372,411.19,258.81,0.22743
5289,10689,61985,26.904,301.34,109.09,0.46841
5290,9234.7,63311,31.524,427.41,188.46,0.38798
5290,9779,62182,32.699,423.82,329.39,0.12538
5291,9906.5,61903,33.627,351.81,254.15,0.16116
5292,9027.8,61512,22.912,314.23,116.01,0.46074
5293,9080.1,61714,29.356,521.1,316.27,0.24462
5294,9432,62208,30.402,335.24,188.73,0.27962
5295,8684,62263,17.937,693.85,178.39,0.59096
5298,8943.8,62729,28.52,399.1,369.63,0.03833
5298,9756.3,63153,23.073,408.11,175.55,0.39845
5300,10588,63826,28.626,336.07,270.89,0.10739
5301,9695.9,63225,26.529,436.73,402.5,0.040787
5301,11543,62904,32.086,251.63,189.8,0.14008
5303,10761,63717,28.867,196.08,163.17,0.09159
5304,8937,63315,33.194,333.67,122.02,0.46447
5305,8781.6,63489,34.555,250.11,229.21,0.043599
5305,9365,63393,20.591,324.13,225.23,0.18003
5306,10376,64205,28.888,526.21,302.74,0.26958
5306,11244,64304,32.529,245.31,169.66,0.1823
5307,9049.9,63754,30.88,380.5,266.66,0.17591
5307,9616.2,63281,24.965,402.47,133.54,0.50172
5307,10363,64236,26.421,747.3,560.44,0.14289
5307,10761,62516,36.288,249.09,118.63,0.35478
5310,10035,64371,25.202,271.3,230.6,0.081105
5310,11595,62929,29.81,273.91,239.82,0.066346
5311,9573.3,61735,33.727,447.54,325.15,0.1584
5312,9642.6,61682,33.228,389.13,239.21,0.23859
5313,8904.6,63672,36.229,157.51,127.77,0.10423
5313,10876,62076,36.083,436.08,288.79,0.2032
5314,9687.2,61715,29.49,794.76,631.61,0.11438
5314,10359,63073,27.544,572.67,202.04,0.47842
5314,10890,61519,36.371,566.22,339.57,0.25023
5314,10939,62075,20.696,817.12,436.39,0.30373
5315,9457.3,61695,33.481,560.94,357.99,0.22085
5315,10422,63547,19.162,342.75,144.16,0.40786
5315,11058,62009,28.395,820.9,600.21,0.1553
5316,9141,63462,25.827,451.71,130.56,0.55154
5316,9989.2,63109,29.173,275.87,182.08,0.2048
5316,11262,62017,25.26,1096.5,520.07,0.35657
5317,8943.4,62555,30.48,340.14,185.68,0.29376
5317,11113,62098,31.698,742.96,481.6,0.21344
5317,11371,63085,35.775,241.5,106.97,0.38608
5317,11412,62091,27.577,744.78,642.36,0.073833
5318,8859.5,62752,29.505,698.32,387.01,0.28683
5318,8840.7,63265,27.712,1259.4,545.14,0.3958
5318,9910.2,63005,32.732,349.89,175.64,0.33158
5319,8977.3,63402,30.729,1253.7,838.76,0.1983
5319,10856,62442,26.596,239.53,128.52,0.30163
5319,11367,62042,31.181,557.57,328.89,0.25798
5320,10833,61825,25.236,727.25,400.69,0.28952
5320,11044,61822,34.309,669.74,364.25,0.29544
5321,9181.3,63474,17.22,290.71,148.57,0.32357
5321,9751,62283,33.304,492.88,564.71,-0.067921
5321,10252,62481,26.871,334.69,187.97,0.28072
5321,10556,61639,32.905,514.78,203.63,0.4331
5322,10358,62621,31.467,284.93,175.26,0.23833
5322,11344,61926,32.674,399.44,104.71,0.58462
5323,9023.8,63537,33.279,569.3,389.15,0.18796
5323,9893.2,62750,29.553,283.3,211.26,0.14566
5323,11352,61999,35.034,430.5,404.11,0.031618
5326,9312.7,62478,27.285,515,360.5,0.17647
5326,10919,63852,30.627,428.21,152.5,0.47477
5326,10899,64004,35.33,437.31,127.47,0.54859
5327,9435.9,62390,26.403,548.14,307.46,0.28131
5327,10605,63424,37.432,375.38,305.78,0.10218
5328,9858.9,61474,28.308,670.8,524.88,0.12204
5328,10746,61928,35.608,420.39,503.74,-0.090185
5329,9673.2,61666,35.195,559.87,503.68,0.052832
5331,9418.5,63035,24.797,328.16,168.87,0.32048
5331,9785.1,63328,36.567,413.56,419.33,-0.0069276
5332,8738.9,63426,23.876,599.35,215.09,0.4718
5332,9382.8,62841,29.734,225.02,113.47,0.32955
5332,10715,61718,26.19,525.44,314.86,0.2506
5333,8873.2,63877,33.396,401.33,295.76,0.15144
5333,10737,61837,16.993,993.43,685.33,0.18353
5334,10091,63361,28.365,451.41,336.87,0.14531
5336,10914,61474,35.044,216.97,253.78,-0.078188
5337,8919.7,63226,32.75,807.81,382.89,0.35686
5339,11641,63920,17.862,874.92,524.41,0.25048
5340,9163.7,63668,32.337,394.94,251.49,0.22192
5341,11602,64078,30.94,311.16,305.57,0.0090636
5342,9462.9,62310,34.778,375.63,631.64,-0.25416
5344,9125.3,63296,38.209,164.15,271.44,-0.2463
5344,10375,63243,35.586,675.6,803,-0.086167
5346,9450.8,64167,35.005,418.12,149.35,0.47363
5346,11549,61924,36.717,664.52,860.91,-0.12875
5347,9176.2,62563,35.872,304.56,168.54,0.2875
5347,9706.6,63293,30.363,561.79,144.65,0.59049
5347,11351,61996,22.172,392.62,253.39,0.21552
5348,9092.3,62578,24.909,429.68,264.82,0.23737
5348,9008.6,63245,32.353,432.16,306.63,0.16991
5348,9787.1,63333,31.082,526.88,299.87,0.27457
5348,11367,62584,32.037,505.39,336.52,0.20059
5349,9527.5,61511,24.248,481.61,361.01,0.14313
5350,8760,63000,35.786,424.73,269.27,0.224
5350,9156.8,63938,35.053,380.25,206.01,0.2972
5350,11322,62705,24.749,564.15,287.74,0.32447
5351,9327.5,63983,27.625,358.2,136.13,0.44923
5351,9552,62452,13.586,679.55,348.66,0.32181
5352,9716.4,62355,16.482,432.16,287.05,0.20176
5352,11338,62040,34.224,330.56,241,0.15669
5353,9661.3,62358,14.833,792.81,563.73,0.16887
5354,9125.8,64171,23.443,573.35,102.59,0.69646
5354,9744.3,62342,14.724,419.73,404.14,0.018922
5355,9186.2,62274,30.472,342.73,302.64,0.062117
5355,11271,62732,33.495,276.08,128.86,0.36357
5356,9135.5,63702,32.806,624.03,396.02,0.22353
5356,11308,62513,25.382,726.17,741.31,-0.010313
5357,11362,62698,32.089,403.31,175.5,0.39359
5358,11120,62839,20.065,650.22,382.9,0.25875
5358,11394,63659,28.594,446.22,377.9,0.082893
5359,10477,63762,17.292,732.99,438.3,0.25159
5359,10588,62225,17.043,788.75,261.35,0.50224
5360,9577.8,63096,15.456,450.59,366.99,0.10225
5361,9551.9,63129,17.687,514.72,352.83,0.1866
5361,11022,63151,37.136,626.57,351.01,0.28189
5362,9320.5,62904,27.023,334.78,156.52,0.36282
5363,9451.1,63157,31.557,369.63,101.55,0.56895
5363,10874,64020,19.03,991.64,482,0.34584
5366,9890.9,61601,35.412,509.84,462.95,0.048211
5367,9594.3,63133,23.701,299.52,144.04,0.35054
5368,9432.7,63105,20.331,651.75,529.91,0.10311
5368,9552.3,61794,31.427,675.38,233.88,0.48556
5370,9533.2,63332,36.1,786.3,649.65,0.095167
5372,10126,63152,29.802,452.76,568.15,-0.11303
5373,10174,61981,20.782,259.21,130.05,0.3318
5374,8701.9,61592,29.632,225.12,109.85,0.34412
5374,11062,62466,36.535,550.22,384.86,0.17684
5375,10569,61634,37.267,785.67,451.96,0.26964
5376,11119,62503,28.613,362.66,195.33,0.29987
5376,11401,64342,28.6,721.29,479.83,0.20103
5377,9422.6,61466,36.154,466.75,547.25,-0.079385
5377,11144,64304,34.087,775.45,350.21,0.37777
5379,10633,61396,27.821,829.27,789.32,0.024679
5380,9287.8,61590,28.449,622.99,387.05,0.2336
5381,9010.4,62722,23.837,862.68,672.68,0.12375
5381,11028,61657,30.929,775.05,626.78,0.10577
5381,11040,63770,12.76,456.76,174.05,0.44817
5381,11154,61622,32.975,444,240.66,0.29699
5381,11619,62377,24.017,391.88,228.44,0.26348
5382,10871,62034,31.026,480.64,206.29,0.39938
5383,9519.5,64101,34.155,344.39,284.9,0.094534
5383,10924,61891,31.686,522.54,383.99,0.15283
5384,10186,62908,32.531,465.72,171.64,0.4614
5386,10919,61677,34.847,792.68,459.91,0.26566
5387,9199.5,61711,38.994,907.67,493.31,0.29576
5387,11271,61550,29.788,604.77,356.59,0.25815
5388,11221,63874,27.024,551.64,362.63,0.20673
5388,11626,62770,22.026,414.91,257.37,0.23434
5389,11569,62757,14.456,674.09,318.43,0.35834
5390,9864.5,63397,22.449,247.71,279.43,-0.060186
5390,9783.9,64317,27.432,450.03,309.92,0.18436
5390,11549,62776,18.806,538.92,352.3,0.2094
5391,9522.3,62627,34.706,305.43,224.4,0.15292
5391,11601,62800,24.378,372.9,123,0.50394
5392,10865,62022,23.136,640.28,315.94,0.33919
5392,11600,61716,34.757,428.54,236.15,0.28945
5393,10702,62147,26.799,1029.3,657.49,0.22043
5394,10837,63842,31.736,630.11,257.79,0.41933
5395,8916.7,62530,29.894,532.47,414.42,0.12467
5395,10930,62470,33.063,336.83,273.79,0.10325
5396,9503.3,63057,24.451,344.59,337.96,0.0097172
5396,10295,63181,23.941,664.73,304.64,0.37147
5397,8811.7,63648,33.521,273.16,118.17,0.39604
5397,8866.7,61472,33.783,576.4,574.42,0.0017232
5397,9495.5,63063,14.6,533.05,415.47,0.12397
5398,9475,63035,16.446,426.03,335.04,0.11956
5399,9366.2,63556,26.477,574.26,139.84,0.60834
5399,9556.3,62303,25.019,251.75,280.8,-0.054547
5399,10643,63835,33.813,356.29,230.62,0.21414
5400,9106.7,64276,28.219,399.31,226.15,0.27685
5400,9538.7,62346,21.913,220.62,258.59,-0.079229
5400,10333,62922,27.265,374.89,148.73,0.43193
5401,10591,61556,30.292,345.69,127.5,0.46109
5402,8854.7,63396,39.041,461.93,731.33,-0.22577
5402,9623.3,64290,27.808,279.2,153.77,0.28971
5407,9544,62425,20.981,289.47,184.91,0.22042
5407,10139,61453,25.793,457.28,459.09,-0.0019699
5408,11296,61591,25.755,583.65,416.34,0.16731
5409,11139,62761,34.99,191.51,168.53,0.063807
5410,9694.2,62240,30.5,274.44,138.72,0.32848
5411,10546,62046,34.565,504.93,263.07,0.31492
5411,11269,63056,32.267,378.69,248.33,0.20791
5412,8834.1,64376,29.228,547.03,411.8,0.14103
5412,10016,62068,32.895,655.01,572.08,0.06758
5412,10445,61695,27.913,352.13,191.5,0.29548
5412,11099,63032,27.356,478.7,431.7,0.051625
5413,11212,62785,35.121,644.69,591.21,0.043273
5413,11493,61891,34.097,381.39,170.65,0.38175
5414,9818.2,61837,39.709,302.71,200.11,0.20405
5414,11151,61449,28.337,850.33,230.66,0.57325
5416,9663.6,61421,33.155,371.96,217.21,0.26267
5419,8964.1,61626,28.079,535.22,245.32,0.37141
5420,9401.8,61794,29.823,365.85,107.71,0.5451
5420,9282.7,62895,23.162,426.89,159.54,0.45588
5423,11333,62570,26.994,670.25,230.62,0.488
5424,9724.5,63566,23.57,350.51,217.58,0.234
5425,9491.7,63712,18.335,342.6,151.56,0.38659
5426,8911.5,62108,33.617,145.32,126.71,0.068423
5426,9438,63658,28.11,641.17,293.35,0.3722
5429,8889.6,61446,21.092,771.58,226.63,0.54593
5430,9272.5,62866,36.192,579.57,385.69,0.20086
5433,11630,62164,36.678,435.16,298.25,0.18667
5434,10345,62236,31.353,482.27,324,0.1963
5435,10545,63366,25.169,524.42,399.55,0.13514
5437,9180.4,64139,24.76,509.16,465.02,0.045316
5437,10267,64046,29.908,558.7,401.81,0.16334
5437,10873,62950,19.663,610.72,466.69,0.13369
5437,11436,61824,29.431,646.29,275.14,0.4028
5438,10607,63086,35.712,323.32,112.87,0.48247
5439,8705.8,62352,33.436,295,172.27,0.26267
5439,9110.4,62596,25.969,568.75,331.97,0.26288
5439,11594,62714,25.872,314.29,137.93,0.38999
5440,9106.7,62731,24.471,542.5,461.4,0.08079
5440,9956.3,61525,31.761,400.22,207.01,0.31817
5440,10977,63761,31.997,287.05,138.52,0.34902
5441,10856,62874,33.599,465.2,285.31,0.23969
5443,10510,62681,26.742,424.82,346.87,0.10102
5444,9813.5,63361,32.807,165.94,140.53,0.082916
5444,10081,62133,22.589,498.62,311.38,0.23116
5444,10466,61632,36.097,261.79,125.18,0.35303
5444,10589,62777,29.005,366.35,346.73,0.027515
5444,11108,63739,22.234,646.82,303.96,0.36061
5445,10031,61842,35.157,688.32,400.28,0.2646
5445,11056,64004,25.689,695.19,398.59,0.27117
5446,9626,63868,29.408,367.44,531.29,-0.18232
5446,11122,64004,33.073,956.52,645.68,0.194
5446,11520,62921,32.715,617.77,189.19,0.53111
5447,9209.8,62014,25.43,705.11,384.46,0.29429
5447,9506.1,62048,33.921,780.46,453.89,0.26457
5447,10288,61502,21.422,818.81,466.99,0.27362
5447,10920,63812,19.84,653.82,274.21,0.40906
5447,11279,63448,35.768,1243.5,684.51,0.28995
5448,9709.8,63335,38.826,326.09,364.89,-0.056153
5448,11004,63707,28.082,378.85,284.79,0.14174
5449,9172.1,61876,20.423,651.23,460.59,0.17146
5449,11015,63577,32.366,485.99,491.53,-0.0056687
5449,11077,63150,31.441,660.48,285.32,0.39666
5450,9178.5,62127,29.494,239.6,102.09,0.40244
5451,11163,62296,19.489,696.79,264.62,0.44951
5452,8930.4,62761,28.223,695.55,401.3,0.26826
5452,11269,62116,33.34,239.08,233.72,0.011343
5453,8720.5,62807,27.964,670.73,379.93,0.27678
5453,10788,63872,27.081,488.83,272.54,0.28409
5453,11189,62352,32.186,1073.6,815.18,0.13682
5453,11262,62637,27.175,494.04,246.91,0.33353
5454,10881,63630,34.656,600.91,359.55,0.2513
5454,11439,63419,28.429,336.33,151.66,0.37844
5456,10150,61781,28.311,474.96,223.55,0.35993
5456,11447,62339,30.234,439.51,342.5,0.12405
5457,10339,61878,34.924,409.57,398.75,0.01338
5457,11456,61717,29.163,281.86,168.52,0.25166
5459,10238,62733,11.232,622.41,238.33,0.44622
5459,10947,63797,29.839,441.1,316.25,0.16485
5460,11407,61462,38.424,322.84,223.82,0.18113
5461,8781.3,64353,25.211,617.51,359.94,0.26351
5461,10703,61396,15.393,630.21,289.2,0.3709
5461,10846,63010,32.238,791.05,347.78,0.38923
5462,8678.9,64195,28.007,738.31,493.19,0.19905
5463,9576.6,63102,26.463,221.29,180.28,0.10213
5463,9905.1,62032,35.104,306.15,289.69,0.027623
5463,11169,62317,35.762,552.29,563.4,-0.0099607
5464,8883.6,63162,35.532,383.33,277.6,0.15996
5464,9483.9,63012,21.443,420.9,195.26,0.36621
5464,9916.4,62099,29.805,363.1,119.88,0.50358
5464,11249,62090,27.743,597.25,350.29,0.26063
5465,11258,62048,36.586,227.6,354.17,-0.21755
5465,11346,63161,31.39,403.73,312.6,0.12723
5466,9799.1,62101,35.038,542.68,436.44,0.10851
5467,9854,63490,28.279,284.81,154.45,0.29677
5469,9520.5,62287,21.18,524.48,390.2,0.1468
5470,9143.2,62187,32.828,290.75,140.45,0.34857
5470,9604,63008,20.495,693.66,287.9,0.41338
5470,10767,64157,31.622,516.72,527.69,-0.010502
5472,8956.8,61671,26.17,406.05,290.39,0.16608
5473,9623,61485,27.663,375.26,220.22,0.26037
5473,10949,61606,35.034,186.89,135.66,0.15885
5474,10001,61747,37.735,614.15,567.98,0.039054
5475,10031,61688,18.035,1175.3,725.47,0.23666
5475,11530,61831,35.152,215.01,205.53,0.022538
5476,10039,61679,14.855,1211.5,648.49,0.3027
5476,11338,61613,30.018,184.5,117.97,0.21994
5477,8731.8,63694,37.105,273.8,125.45,0.37155
5477,10031,61735,22.177,1037,824.03,0.11443
5479,11650,64317,33.136,702.14,390.85,0.28481
5480,8758.4,64266,39.729,214.24,128.96,0.2485
5480,10264,64353,32.005,555.65,329.76,0.25512
5481,10986,63776,26.701,310.86,179.74,0.26726
5481,11496,62199,36.496,570.28,191.6,0.49704
5482,9100.7,63592,31.53,535.94,378.79,0.17181
5482,9839.2,61578,27.276,349.65,342.09,0.010936
5482,10946,63871,17.384,772.9,543,0.17471
5483,9229.1,63700,28.551,307.01,184.05,0.2504
5483,9927.9,64340,29.583,618.33,271.5,0.38977
5483,10874,63896,18.821,450.78,299.4,0.20178
5484,9150.6,63597,26.543,303.63,159.64,0.31082
5484,9973.4,64271,24.853,389.35,136.1,0.48197
5485,9790.4,63154,28.417,638.67,622.1,0.013148
5485,11519,62749,25.092,283.79,168.23,0.25565
5486,9910.7,63180,30.242,724.43,552.98,0.13422
5486,11336,62659,31.334,440.22,401.98,0.045401
5487,10563,61439,33.353,271.45,202.64,0.14515
5487,10706,61866,31.166,286.06,176.2,0.23767
5488,11574,62818,23.276,377.33,380.11,-0.0036672
5489,9735.3,64228,26.797,483.97,342.49,0.17118
5489,10507,63577,32.498,369.41,261.49,0.17106
5490,9649.9,64151,24.691,327.79,163.34,0.33485
5490,11453,61652,35.027,579,304.01,0.31143
5490,11579,62892,16.074,450.71,528.48,-0.079432
5491,11261,61570,28.578,406.06,298.93,0.15196
5492,9417,61558,20.762,550.95,461.2,0.088671
5492,9985.9,64084,38.039,624.26,311.87,0.33371
5492,10366,64147,31.342,472.29,252.34,0.30353
5492,11198,61491,29.284,332.21,135.08,0.42184
5493,9350.4,61555,15.134,393.72,426.41,-0.039865
5493,10088,64161,26.766,1228.6,742.59,0.24655
5493,11180,61601,32.576,319.06,301.88,0.027661
5494,9353.2,61515,18.511,369.41,375.5,-0.0081648
5494,9357.4,63180,30.073,544.25,323.69,0.25413
5494,9994.2,63938,30.325,755.04,374.99,0.33632
5494,11017,63627,30.77,217.47,235.05,-0.03885
5495,9153.3,61530,16.854,816.44,555.17,0.19048
5495,9377.2,63416,31.992,330.85,161.97,0.34268
5495,9897.9,63969,28.393,549.35,407.26,0.14854
5495,11071,63763,9.4771,1105.1,582.43,0.30972
5496,11078,63833,22.406,1177.9,782.36,0.20179
5498,9165.8,63101,23.667,722.77,653.51,0.050323
5498,10705,61472,19.155,922.88,465.51,0.32942
5499,10823,61467,24.158,856.88,605.74,0.17171
5500,9192.2,61409,24.163,526.23,567.42,-0.037666
5500,11231,61693,37.639,249.6,264.48,-0.02894
5501,9192.1,61497,19.609,313.94,205.89,0.20784
5502,10101,62199,27.916,454.15,197.82,0.39315
5503,10905,61465,22.845,281.37,170.68,0.24485
5504,10790,61963,25.948,293.03,294.99,-0.003332
5505,10468,63724,29.767,683.54,461.5,0.19392
5506,10510,63516,17.305,316.92,203.01,0.2191
5507,10540,63490,37.768,442.33,310.82,0.17461
5508,10509,63544,17.419,723,696.65,0.018563
5509,9513.6,62337,24.456,507.38,368.37,0.15874
5509,10523,61801,29.3,388.58,494.91,-0.12035
5509,10579,63585,21.812,448.46,298.18,0.20128
5510,9550.5,62358,15.918,763.52,690.04,0.050548
5511,9393.6,62353,32.54,248.73,399.58,-0.23267
5511,10582,63828,34.774,255.53,145.71,0.27372
5513,9511,62281,36.722,267.88,392.66,-0.18891
5513,9814.8,61797,38.769,458.3,242.04,0.30879
5513,10156,63781,32.428,649.5,354.55,0.29376
5513,10219,64004,35.727,686.09,416.17,0.24488
5515,9774,64384,36.314,325.09,266.83,0.098441
5517,10193,61404,29.499,225.37,323.14,-0.17826
5518,10300,64266,33.027,474.44,209.94,0.38648
5518,10570,62442,29.022,265.27,224.05,0.084228
5522,11612,62492,37.661,259.64,184.1,0.17024
5523,9354.4,64083,31.728,241.88,167.19,0.18257
5525,8935.1,64153,27.225,649.59,227.3,0.48158
5525,9555.8,62370,21.268,542.91,214.45,0.43368
5526,8987.1,64289,29.579,239.16,123.35,0.31948
5527,9547.8,62533,33.196,382,335,0.065559
5528,8863.9,63978,36.371,711.04,393.77,0.28718
5530,11455,63916,22.772,542.9,401.2,0.15008
5531,11405,64008,34.391,433.17,146.17,0.49538
5533,9485,62430,18.013,402.44,116.49,0.55103
5533,9765.1,63895,27.654,775.4,444.19,0.27158
5533,11478,62356,25.825,605.8,425.83,0.17445
5534,8730.4,64239,35.113,333.8,218.08,0.20969
5534,10403,62172,33.659,515.76,771.32,-0.19856
5535,9198.6,61581,31.547,429.01,183.02,0.40193
5535,9686.6,64132,27.152,853.52,539.98,0.225
5535,10192,62121,19.267,1012.8,932.25,0.041435
5536,9680.3,64307,33.517,301.01,257.83,0.07727
5536,9758.3,61438,24.767,938.51,492.44,0.31173
5536,10208,63551,37.107,317.63,164.58,0.31739
5538,8912.7,64040,22.518,1089.5,571.74,0.31166
5538,9847.3,61476,33.09,721.54,724.72,-0.0022007
5539,9013.4,64062,36.869,471.01,305.96,0.21243
5539,9378.6,61429,33.153,169.62,181.01,-0.032484
5539,10280,61597,27.991,498.1,282.25,0.2766
5541,11111,63784,23.068,277.45,209.05,0.14061
5542,8804,61483,32.621,246.86,161.92,0.20778
5543,9812.9,61695,26.216,337.94,102.61,0.53418
5546,8951.3,63014,23.74,770,532.72,0.18214
5546,10684,62436,37.053,522.77,402.26,0.13028
5547,10903,62512,38.438,273.04,147.03,0.29998
5548,9768.7,63572,22.911,509.94,407.3,0.1119
5549,11053,62691,29.713,404.66,359.87,0.05858
5549,11467,61702,28.422,328.97,149.03,0.37644
5549,11582,63602,33.07,1036.3,806.14,0.1249
5550,9738.9,63142,28.611,425.57,350.25,0.097086
5550,11528,61909,36.592,312.91,139.07,0.38462
5551,9620.8,63094,34.273,421.71,346.42,0.098027
5551,9700.2,63505,38.554,402.48,245.12,0.24299
5553,11396,63144,26.415,455.31,270.94,0.25387
5554,9999.9,61515,29.924,473.57,127.89,0.57472
5556,8795.6,63361,23.853,354.46,201.17,0.27588
5557,9118.4,63338,37.414,407.83,289.06,0.17043
5557,10816,63079,36.239,685.81,417.23,0.24349
5558,10806,62768,30.517,203.31,104.39,0.32149
5559,9038.2,62749,25.788,353.19,380.01,-0.036572
5559,9836.4,63007,32.823,350.32,207.89,0.25514
5560,9653,61879,34.16,513.52,352.28,0.18623
5560,10856,63719,29.358,181.4,142.18,0.12119
5563,9239.2,61399,37.372,997.98,293.48,0.5455
5564,9192.3,61501,18.84,1236.6,638.81,0.31875
5565,9247.1,61478,17.778,1158.1,581.65,0.33133
5565,9284.1,63551,31.561,237.23,134.94,0.27483
5565,10409,63598,26.258,490.32,405.52,0.094669
5565,11307,63829,27.22,688.89,813.43,-0.082896
5566,9304.4,61420,28.29,2023.4,830.67,0.4179
5566,10674,63755,33.347,392.76,144.47,0.46217
5566,10985,61629,21.42,1411.3,916.44,0.21258
5566,11525,63228,32.592,288.41,610.39,-0.35824
5567,9166.3,61511,19.657,572.24,325.98,0.27416
5567,10934,61815,20.574,911.56,598.89,0.20701
5568,9767.3,63860,29.799,795.29,607.15,0.13415
5568,10605,63915,38.167,259.36,391.47,-0.20298
5568,10793,61894,16.533,708.49,338.46,0.35344
5569,9842.5,64026,22.282,485.91,212.35,0.39178
5569,10659,61636,29.155,218.66,100.28,0.37118
5570,9799.2,64052,33.063,607.91,179.59,0.54389
5570,10739,63722,34.042,269.37,190.52,0.17146
5571,9156,63199,38.01,470.25,255.75,0.29546
5571,10453,62725,35.117,479.73,287.72,0.25019
5571,10918,63789,32.906,253.48,196.71,0.1261
5572,10615,63898,28.016,254.09,106.58,0.40898
5573,11427,61763,26.536,542.96,569.49,-0.02385
5574,11488,62580,28.378,777.03,593.71,0.13373
5575,8886.6,62317,34.913,424.74,220.86,0.31578
5575,9401,63819,32.109,211.74,471.72,-0.38038
5575,11421,62726,35.727,706.56,317.75,0.37958
5576,9872.7,61527,28.883,442.15,263.51,0.25315
5576,11147,61423,28.096,637.22,355.32,0.28402
5577,9501.8,63987,32.629,259.69,203.38,0.12161
5577,10435,64315,33.5,423.92,584.64,-0.15936
5578,9704.9,62936,28.968,506.48,237.17,0.36214
5579,9632.4,64184,29.703,334.23,319.09,0.023167
5580,10221,62892,29.751,496.23,164.81,0.50136
5581,9647.5,64019,29.222,898.5,806.91,0.053701
5583,9512.2,61991,26.271,444.55,240.2,0.29844
5584,9629.8,61909,22.432,631.12,200.26,0.51826
5585,9396.8,63942,32.298,272.1,218.07,0.11023
5586,9887.2,63806,36.626,230.49,261.04,-0.06215
5590,9490.4,62396,24.118,343.6,142.42,0.41395
5590,10131,64166,31.395,341.72,326.63,0.022576
5592,9095.1,63588,32.228,342.32,134.38,0.4362
5593,10244,61788,35.175,263.41,252.22,0.021689
5593,11592,64012,38.565,222.54,157.27,0.17184
5594,9431.1,61683,24.562,493.9,353.61,0.16554
5595,9737.2,61885,26.682,689.69,515.58,0.14446
5595,11609,62887,24.55,199.89,147.4,0.15113
5596,9587.6,62039,35.444,528.41,373.87,0.17127
5597,9499.5,62147,35.886,662.51,359.54,0.29643
5597,10780,63013,30.31,289.97,144.61,0.33449
5601,9712.5,63931,34.981,426.42,132.86,0.52488
5604,9833.8,63834,32.194,348.77,176.43,0.32815
5606,9093.6,61576,22.214,463.46,252.53,0.29461
5606,9604.6,64103,27.112,242.12,262.3,-0.04002
5606,11422,62544,31.926,504.42,390.56,0.12722
5607,8856.3,61417,31.799,394.65,364.62,0.039551
5608,8676,63951,24.066,260.79,243.66,0.033957
5608,9106.4,62973,32.927,781.23,491.51,0.22763
5608,11411,61811,41.884,566.49,128.16,0.63101
5609,9548.6,62926,16.641,487.51,306.15,0.22851
5610,9561.2,62917,17.461,786.57,607.54,0.12842
5610,11220,64267,28.474,416.05,146.63,0.47881
5610,11420,61760,36.369,301.37,169.06,0.28127
5611,11296,64306,23.989,771.93,455.92,0.25737
5612,9086.8,63844,27.082,535.51,430.34,0.10889
5612,9863.2,62255,20.164,363.54,277.63,0.13399
5612,11355,64230,30.015,443.38,325.42,0.15343
5612,11492,61775,37.977,324.16,136.66,0.40688
5613,9183,63055,32.981,265.42,145.1,0.2931
5613,10616,62915,31.078,443.62,360.83,0.10292
5613,11450,64122,38.462,520.73,500.95,0.019355
5614,8993.9,62857,30.923,487.32,224.3,0.3696
5614,9271.5,63916,36.886,366.47,204,0.28481
5614,11420,64126,23.713,726.44,425.01,0.26178
5615,9570.8,64020,22.861,883.95,454.1,0.32125
5617,8743.2,61447,36.16,413.08,427.51,-0.017168
5619,9299.3,63026,30.809,486.66,325.29,0.19875
5619,9830.4,63641,32.038,236.74,182.16,0.1303
5619,10967,61901,23.45,577.65,499.68,0.072382
5620,9335.3,62896,37.776,168.93,389.34,-0.39482
5620,10833,61918,18.324,523.76,409.33,0.12264
5621,9542.4,63582,33.298,506.77,310.2,0.24061
5622,9070.1,63089,33.676,291.3,185.17,0.22275
5623,9099.2,64391,29.406,273.52,149.54,0.29306
5623,9888.6,63179,29.127,337.26,305.36,0.049634
5623,11267,62861,31.312,469.5,423.05,0.052035
5624,11225,62897,24.569,653.9,416.87,0.22136
5625,11208,62774,23.629,261.41,201.87,0.1285
5626,8698.9,61448,32.245,409.2,824,-0.33636
5626,10060,63193,32.786,391.56,204.55,0.31371
5627,9163.2,63548,21.783,609.37,490.79,0.10779
5628,11313,64195,21.971,453.31,562.27,-0.10728
5629,8823.2,63650,28.863,513.14,245.99,0.35192
5629,11448,64203,20.672,632.8,792.76,-0.11221
5630,11339,64152,21.567,281.76,374.21,-0.14094
5631,9023.2,63638,21.62,957.85,720.63,0.14133
5631,10511,64283,33.292,150.64,133.94,0.058689
5631,11156,63271,28.748,180.48,126.44,0.17607
5632,9209.6,63671,15.805,631.29,501.63,0.11444
5632,10350,63120,27.78,652.33,372.14,0.27349
5632,11034,63025,32.808,776.33,505.11,0.21165
5633,9281.1,63767,21.046,950.99,571.42,0.24932
5633,10868,63022,30.934,368.22,216.44,0.25961
5633,10936,64088,25.204,992.61,690.75,0.17932
5633,11549,64083,32.963,503.39,666.96,-0.13976
5634,8721.9,63046,30.912,376.31,389.68,-0.017457
5634,9218.2,63590,28.494,692.91,412.64,0.25351
5634,10959,64196,24.368,617.2,380.73,0.23695
5635,9340.1,63587,27.829,1348.7,617.23,0.37208
5636,8937.3,63507,23.067,904.58,633.26,0.17643
5636,10749,63072,30.501,271.67,292.51,-0.036945
5637,9059.8,63642,23.376,696.62,511.67,0.15306
5637,9669.5,64214,26.987,684.87,356.04,0.3159
5637,10854,62959,29.4,417,339.94,0.1018
5638,9279.2,62665,35.539,485.53,287.09,0.25684
5638,9361.6,63927,31.619,696.58,435.22,0.23093
5638,10106,61443,29.54,480.77,359.56,0.14423
5641,10667,63308,34.549,355.95,216.89,0.24275
5642,10673,63033,29.501,638.76,506.94,0.11505
5644,9162.2,62549,29.513,334.35,224.95,0.19559
5646,8692.4,62006,34.573,327.27,207.39,0.22422
5647,9021.6,61962,31.72,518.72,273.86,0.30895
5647,9984.7,63406,27.735,894.95,772.56,0.073396
5648,9916.8,63417,21.085,570.79,291.32,0.32416
5649,9807.5,63400,19.112,723,539.45,0.14538
5650,9050.5,61896,33.533,348.07,318.59,0.044211
5650,9579.6,62353,25.026,334.17,205.75,0.23785
5650,9774,63393,25.549,468.32,272.65,0.26407
5651,9501.6,62001,31.131,482.85,711.57,-0.19149
5651,10939,63145,36.81,467.17,226.78,0.3464
5652,10222,61431,14.523,427.33,371.32,0.070131
5653,8858.8,61738,29.595,440.05,324.4,0.15129
5653,9613.1,63626,25.406,413.47,206.51,0.33381
5653,10573,62286,36.281,359.32,202.77,0.2785
5654,10442,62094,36.538,264.7,136.78,0.31862
5654,11079,62895,33.379,391.64,345.12,0.063149
5654,11483,61691,33.163,485.83,262.93,0.29768
5655,9011.5,64391,24.426,306.12,320.92,-0.023612
5655,9559.4,63680,23.897,371.15,300.54,0.10513
5655,10331,61563,31.069,251.67,125.69,0.33386
5656,9571.8,63678,27.414,376.2,187.72,0.33423
5657,9605.7,63615,31.783,188.79,204.88,-0.040891
5657,10741,63740,25.868,1022.8,552.27,0.29874
5661,9449.6,62980,14.679,387.57,139.01,0.47203
5661,10003,61994,28.875,319.67,253.86,0.11474
5662,10364,62167,21.846,1091.5,533.09,0.34373
5664,9281,61510,32.381,606.11,430.19,0.16976
5665,9478.6,61565,28.806,205.55,194.94,0.026493
5665,10845,62808,32.575,282.9,128.01,0.37696
5667,9465.8,61725,35.124,376.25,378.07,-0.00242
5668,11623,62157,42.982,397.8,506.64,-0.12033
5669,8869.1,63245,28.706,515.02,489.59,0.02532
5669,9600.5,62938,33.095,420.36,402.84,0.021286
5670,9598.6,63085,29.878,800.16,749.56,0.032653
5671,9516.7,62843,22.31,465.99,337.31,0.16018
5672,9617.5,62940,11.245,529.32,396.45,0.14352
5673,8790.4,62437,20.505,484.43,175.04,0.46914
5673,9621.7,62952,11.495,528.51,495.27,0.032471
5674,10754,64279,21.924,769.95,479.37,0.23259
5675,9459,63084,29.408,435.99,476.03,-0.043905
5676,9628.6,63404,36.361,302.68,217.17,0.1645
5676,10339,62222,19.184,739.48,535.6,0.15989
5677,10566,61694,25.846,489.09,364.14,0.14644
5678,10633,61971,27.035,849.16,579.22,0.18899
5679,10570,61840,20.672,445.92,268.68,0.24802
5680,10532,61830,24.081,527.92,202.27,0.44599
5680,11583,62713,22.458,682.12,217.81,0.51594
5682,11237,62838,27.777,442.1,184.36,0.41143
5685,10504,62554,20.889,651.57,775.68,-0.086962
5685,10629,61398,24.509,536.82,280.68,0.31332
5686,10426,62612,23.437,347.32,374.44,-0.037577
5686,10435,63895,35.97,287.97,217.43,0.13956
5687,10328,62519,21.605,807.76,616.48,0.13431
5689,8872.1,61416,33.708,465.47,413.84,0.05871
5689,10282,62252,24.243,370.78,342.19,0.040101
5689,10550,63491,32.758,393.18,337.72,0.075878
5690,9651.5,62966,16.316,456.4,368.82,0.10613
5690,10598,61970,34.14,470.44,140.78,0.53934
5690,10586,61922,36.708,343.38,158.9,0.36729
5691,9573.1,63032,23.941,425.04,182.04,0.40029
5691,10676,61876,26.233,462.91,367.38,0.11507
5692,9585.5,63406,29.611,488.52,345.2,0.1719
5692,10442,63330,34.216,510.31,223.92,0.39006
5693,10433,63653,28.596,435.28,225.36,0.31776
5694,11612,62747,23.615,364.42,188.08,0.31918
5695,8812.6,61397,29.467,556.03,359.86,0.21419
5695,9366.6,63033,27.926,292.55,331.86,-0.062962
5696,9018.9,61434,18.193,548.58,245.48,0.38171
5696,8955.8,64160,34.799,241.03,167.01,0.18139
5696,11609,62761,31.591,191.57,118.89,0.23412
5697,9578.5,63081,29.493,522.33,405.25,0.12622
5698,9636.7,62984,15.253,1452.4,963.2,0.20251
5698,11140,63893,24.372,489.06,382.42,0.12237
5699,9611.9,63060,28.347,630.02,475.12,0.14016
5700,8882.1,61413,28.623,447.26,182.35,0.42075
5700,11505,61570,23.259,234.93,231.53,0.0072994
5702,10639,61924,22.889,811.28,706.81,0.068821
5703,9384.6,63885,28.205,296.04,248.99,0.08632
5703,10433,63950,24.913,219.66,209.08,0.024683
5704,9385.8,61771,22.894,378.56,243.09,0.21791
5705,9280.3,64038,28.521,325.48,103.07,0.519
5705,9413.7,61770,26.517,265.1,291.33,-0.047141
5705,10079,63042,32.922,585.58,577.6,0.0068575
5706,10010,63061,22.547,1364.8,882.46,0.21463
5707,9941.6,63269,20.008,1389.9,948.6,0.18871
5707,10489,61435,32.733,210.03,283.83,-0.14943
5707,11038,63868,37.273,372.8,360.93,0.016182
5708,9172.8,61457,37.518,643.09,341.14,0.3068
5708,11075,63783,14.357,762.74,349.2,0.3719
5712,10139,63257,21.458,444.87,219.29,0.33965
5712,10949,63717,23.5,606.12,243.79,0.42632
5713,9879.9,63257,29.267,211.64,132.46,0.23011
5716,9074.6,62002,31.176,455.36,159.06,0.48224
5717,9155.8,61544,20.728,1045.9,446.42,0.40172
5717,10466,64236,33.414,364.99,434.17,-0.08656
5718,10307,63099,28.936,251.58,501.56,-0.33191
5719,9626.9,61758,28.913,378.44,226.38,0.2514
5720,10791,63838,24.346,381.23,296.88,0.12439
5721,10788,63794,26.222,710.75,435.4,0.24024
5722,10430,63513,29.66,551.64,470.89,0.078972
5723,10581,63591,31.448,724.78,711.88,0.0089775
5723,10642,64141,13.926,407.07,279.05,0.18658
5724,10633,63612,26.05,650.05,587.63,0.050431
5725,9483.7,63915,24.057,700.3,378.27,0.29857
5725,10758,63698,25.446,826.05,543.32,0.20646
5726,9576.7,64068,20.315,614.38,416.78,0.19162
5726,10332,61794,32.826,470.06,475.66,-0.0059273
5727,8874,61718,24.623,427.93,129.97,0.53408
5727,9811.9,62509,27.961,812.26,384.07,0.35792
5727,10582,62426,32.085,508.48,501.58,0.006836
5728,9847.2,62020,25.079,527.03,272.38,0.31855
5729,8886.5,61696,20.233,563.56,238.19,0.40583
5729,10281,62327,34.634,470.62,297.01,0.22615
5731,10465,62221,25.52,1095.8,707.63,0.21526
5732,9145.3,61559,28.556,411.83,242.95,0.25792
5732,10384,62118,32.014,534.62,314.45,0.2593
5736,10249,62414,29.378,1082.3,590.91,0.2937
5736,11586,61612,25.579,395.21,118.66,0.53818
5737,9022.6,64074,38.75,364.4,253.48,0.17951
5737,10171,62314,20.577,846.74,408.07,0.34959
5739,9349.8,64118,27.91,440.23,283.69,0.21624
5739,10133,63290,22.097,570.66,555.55,0.013419
5739,10271,62508,38.582,251.09,146.84,0.262
5740,10075,63336,30.59,551.17,362.5,0.2065
5741,9551.6,61420,25.283,391.01,411.63,-0.025694
5741,9926.7,62506,38.039,196.56,139.04,0.17139
5742,9443.4,63739,17.327,374.34,191.18,0.32387
5744,9014.5,61544,27.572,445,298.27,0.19741
5744,9442.9,64080,24.572,662.35,225.7,0.49169
5744,10195,62217,20.123,1204.3,827.56,0.18542
5745,9529.6,64123,30.324,619.3,433.75,0.1762
5745,10104,62285,35.567,340.32,237.72,0.17749
5746,9586.5,64277,33.182,240.02,135.71,0.27763
5746,10739,63696,30.472,542.51,336.66,0.23415
5746,11359,63738,29.97,560.67,560.69,-1.4206e-05
5747,11193,63867,32.744,330.03,231.54,0.17539
5750,10704,62049,37.001,464.4,239.65,0.31922
5751,8712.2,63990,23.683,534.94,285.96,0.30331
5751,11095,63789,28.456,506.14,436.89,0.073433
5752,9369.9,64237,25.847,248.96,207.9,0.089878
5753,8752.6,62850,33.95,972.04,450.84,0.36629
5754,9131.8,63952,31.566,368.52,255.79,0.18056
5755,8707.5,62665,30.396,962.93,768.24,0.11246
5757,11508,62668,21.095,208.46,114.71,0.29011
5758,11476,62511,33.097,174.1,219.26,-0.11481
5760,9273.5,64016,30.647,183.39,160.78,0.065705
5760,9929.4,62047,33.538,366.8,243.77,0.20151
5761,9495,64003,30.661,284.74,192.72,0.19272
5761,11092,64038,26.096,538.54,421.52,0.1219
5762,11101,63725,33.279,359.36,365.01,-0.0077994
5763,11101,63758,15.966,533.59,266.35,0.33408
5765,11396,63845,21.212,810.69,607.24,0.14349
5766,10488,63426,23.613,433,257.25,0.25461
5767,11025,63840,29.313,337.16,132.77,0.43493
5768,9054.4,64320,27.872,694.21,595.83,0.076264
5768,9966.7,61737,38.002,570.39,461.71,0.1053
5768,11103,63820,17.063,703.32,331.51,0.35929
5769,9144.3,64133,26.559,541.67,214.39,0.43287
5769,9697,62805,21.755,1162.3,744.84,0.21888
5770,10603,61395,18.34,435.35,181.41,0.41175
5770,10593,63241,33.437,1005.5,732.47,0.1571
5770,10708,62903,26.279,1284.6,693.54,0.29879
5771,10537,62775,20.859,1162,900.66,0.12668
5772,9496.9,64202,17.289,1031.2,495.25,0.35111
5772,10674,62746,24.742,1028,415.42,0.42439
5774,10079,63925,23.776,392.45,133.74,0.49166
5778,9015.8,63540,27.026,376.52,297.57,0.11711
5780,10806,63041,29.761,504.15,260.89,0.31797
5781,10806,63086,30.105,314.18,151.53,0.34927
5782,10119,62313,24.933,320.97,250.25,0.1238
5782,11466,62531,33.52,338.99,144.8,0.40138
5783,11420,62413,28.583,552.59,446.67,0.106
5784,8992.9,62268,28.776,281.87,116.41,0.41543
5784,9937.1,63217,22.876,1009.4,515.85,0.32357
5784,10493,64041,21.409,458.75,390.92,0.079826
5785,9900,63287,28.801,670.17,505.71,0.13986
5785,10311,64019,19.915,646.21,414.6,0.21833
5786,9924.5,63205,23.204,817.42,484.15,0.25605
5786,10356,64111,20.7,327.76,416.92,-0.11973
5787,9180.6,62636,25.5,416.27,432.14,-0.018702
5787,10030,64153,40.171,495.29,292.04,0.25815
5788,9322.9,62494,35.033,183.98,132.99,0.16086
5788,9533.5,61453,30.06,433.45,401.75,0.037965
5789,10470,64309,33.128,221.72,120.48,0.29584
5789,10834,62227,31.954,243.28,146.12,0.24953
5790,8938.8,61569,23.508,280.13,249.42,0.057996
5790,10385,64168,30.099,661.09,452.8,0.18699
5790,10668,61846,24.765,755.86,435.71,0.26868
5790,10858,62241,24.092,493.22,245.22,0.33585
5791,9834.2,63765,28.549,839.68,922.49,-0.046992
5791,10427,63968,29.712,596.44,357.12,0.25098
5792,10128,64267,35.659,401.45,283.67,0.17191
5793,8807.6,61899,36.456,724.91,480.34,0.20292
5793,9925.5,63469,35.187,479.44,376.28,0.12056
5794,8706.2,61985,32.256,334.92,278.86,0.091332
5794,10514,61402,27.402,412.23,293.13,0.16884
5795,10350,61640,24.326,315.92,162.44,0.32084
5798,11607,63114,38.048,329.03,335.66,-0.0099741
5799,11282,62116,32.481,615.59,379.51,0.23724
5800,10196,62387,33.012,349.32,391.98,-0.057553
5800,10858,61943,33.709,283.07,156.17,0.28892
5801,10437,63645,32.706,635.3,396.58,0.23134
5804,10509,61952,31.34,570.1,198.33,0.4838
5807,11376,62799,31.196,518.86,476.42,0.042645
5811,10322,63969,37.357,250.09,156.48,0.23023
5811,11143,63120,31.436,466.47,442.52,0.026356
5811,11477,62111,34.074,506.05,616.4,-0.098316
5812,9218,61457,17.138,1525.7,830.79,0.29489
5813,9455.3,61527,21.687,317.85,269.41,0.082498
5814,11337,61456,25.946,370.46,261.14,0.17308
5815,9414,61823,32.686,406.51,252.2,0.23427
5815,10763,63636,22.786,471.29,273.48,0.2656
5816,9296.8,61482,24.332,638.28,209.6,0.5056
5818,10600,62030,34.701,178.15,184.63,-0.017872
5818,11183,63619,34.803,260.87,133.93,0.32152
5819,9262.7,62789,36.693,836.67,395.47,0.35808
5820,9150.7,63196,31.026,466.18,304.42,0.20991
5821,9223.8,63277,30.293,244.4,108.98,0.3832
5821,11273,62931,41.479,554.3,489.07,0.062518
5822,9649.3,64090,39.346,843.07,479.18,0.27521
5824,9158.9,63253,30.904,299.25,157.11,0.31147
5825,10714,64121,35.139,814.53,427.46,0.31166
5825,11570,62307,28.78,438.42,368.86,0.086155
5826,9935.2,63410,36.348,257.16,129.53,0.33006
5829,10858,64053,23.246,422.91,107.81,0.59373
5830,9208,63251,28.346,338.7,194.61,0.27018
5830,11163,62495,32.977,461,299.81,0.21186
5831,8906.1,62189,26.554,499.32,284.52,0.27404
5831,9130.5,63128,22.316,537.55,106.54,0.66918
5831,10663,64053,24.919,544.58,353.33,0.21299
5831,11008,62620,27.554,504.39,253.91,0.33032
5832,8916.1,61906,29.032,710.15,613.84,0.072745
5832,10952,61719,38.234,612.17,557.34,0.046882
5833,9981.9,61397,29.89,858.38,677.4,0.11785
5834,9306.4,62096,25.182,343.52,166.65,0.34669
5836,10926,63238,35.17,599.23,155.98,0.58693
5836,11209,62852,43.455,657.29,446.43,0.19105
5837,9490.5,62395,21.601,458.47,253.28,0.28829
5841,9001.2,61609,25.439,740.61,470.05,0.22349
5841,10989,63756,16.089,399.93,275.2,0.18474
5842,8895.2,61665,26.924,439.11,360.68,0.098058
5842,10896,62334,24.67,661.96,343.65,0.31653
5846,9551.8,61729,33.78,410.02,405.92,0.0050288
5847,8862.4,61656,30.164,457.62,459.38,-0.0019208
5847,8954.2,62635,21.748,311.46,278.24,0.056329
5848,9727.4,61481,34.779,654.63,470.42,0.16374
5849,9598.4,61609,21.389,391.67,419.59,-0.034417
5850,9668,62022,34.736,430.84,417.65,0.015543
5852,8947.2,61406,23.535,407.87,292.72,0.16436
5852,9521.7,62368,24.641,380.93,301.66,0.11613
5852,11369,61869,30.689,490.56,218.41,0.38386
5854,9249.9,62426,29.558,260.8,274.23,-0.025084
5857,9801.8,61493,33.667,299.01,167.22,0.28269
5858,10498,63489,14.208,621.91,387.78,0.23188
5859,8863.4,61914,36.758,438.06,318.33,0.15829
5859,9969.4,61458,34.061,390.83,215.83,0.28846
5859,10498,63473,24.638,679.49,601.09,0.061224
5860,11116,62148,27.854,543.73,262.43,0.34893
5861,9661.2,61695,32.725,601.72,320.05,0.30557
5861,11017,62340,23.536,548.94,260.52,0.3563
5861,11032,64069,31.751,1036.2,784.26,0.13841
5862,11182,64328,35.781,493.21,452.14,0.04345
5863,10907,62093,35.035,473.55,305.2,0.21618
5866,9032.9,63182,25.737,340.36,149.46,0.38973
5867,8976,63207,25.216,490.08,323.18,0.20522
5868,9434.6,62638,28.498,892.18,1035.2,-0.074227
5869,9372.8,62801,19.011,612.53,573.03,0.033325
5870,9284.5,63038,23.057,301.74,141.03,0.36297
5872,10832,63034,42.819,603.98,376.17,0.23243
5872,10940,62490,28.614,381.13,222.63,0.26252
5873,8984.3,61720,27.605,513.35,448.59,0.067317
5874,10162,64087,29.247,630.97,491.4,0.12435
5875,8760.5,61679,42.204,858.91,681.08,0.11547
5875,9455.4,61557,47.687,827.34,713.32,0.07401
5875,10819,62441,17.559,867.8,158.86,0.69054
5877,10916,62311,30.271,792.87,424.32,0.30279
5878,9575.4,62321,29.251,395.51,330.1,0.090146
5878,10891,62256,20.408,717.33,362.08,0.32912
5879,8789.4,62361,33.054,331.16,140.73,0.40354
5879,11066,62388,31.844,909.18,986.57,-0.040824
5880,10178,64261,29.431,804.71,683.43,0.081492
5881,9995.5,62253,32.371,628.22,564.64,0.053305
5882,11397,62889,16.344,652.66,421.54,0.21516
5883,8766.5,62218,31.407,335.47,166.1,0.3377
5883,9514.2,61784,38.489,404.71,249.98,0.23634
5883,11391,62897,21.589,761.23,596.45,0.12137
5884,10550,61636,26.899,474.98,356.92,0.14192
5885,8785.1,62150,24.137,579.69,224.56,0.44157
5885,8773.7,62980,18.077,611.36,247.78,0.42318
5885,9647.3,64111,29.189,489.92,417.84,0.079407
5885,10168,63025,39.106,422.23,169.97,0.42596
5886,8863.4,62162,32.008,368.09,118.98,0.51143
5886,10239,62125,35.68,401.13,153.47,0.44656
5888,8849.6,62707,38.752,709.63,417.86,0.25878
5888,9337.5,63959,36.829,271.39,134.79,0.33629
5888,11353,63285,28.669,545.46,310.79,0.27407
5889,11593,64216,27.523,186.07,263.29,-0.17183
5890,11330,62698,30.201,436.32,207.73,0.35493
5892,10949,63113,34.513,245.69,320.49,-0.13211
5892,11087,63788,37.403,717.24,498.05,0.18036
5894,9057.4,62401,33.348,207.17,126.09,0.2433
5894,10294,63014,33.635,261.32,200.32,0.13214
5895,8873.2,62444,31.007,418.22,314.57,0.14145
5898,9580.7,62236,31.502,511.75,252.66,0.33894
5898,10794,63071,35.201,340.1,240.36,0.17183
5900,10548,62756,24.441,563.35,531.71,0.028889
5901,10952,62631,30.889,631.75,443.52,0.17506
5903,9314.4,63582,35.783,484.07,352.54,0.15722
5908,9236.9,61897,27.551,427.3,409.6,0.021152
5908,11298,62900,36.384,335.92,545.31,-0.23761
5909,9268.2,61901,27.391,308.78,185.68,0.24897
5910,9239,62010,28.68,385.26,191.14,0.33678
5910,10044,62956,28.785,537.81,368.65,0.18661
5912,10247,62618,33.478,246.28,221.5,0.052972
5912,10703,63934,31.934,279.08,140.29,0.33095
5913,10480,62454,31.608,198.37,142.6,0.16358
5914,9448.5,61652,30.788,398.47,210.69,0.30826
5917,9017.6,64062,32.146,747.65,216.27,0.55127
5918,9924.5,63323,35.322,227.62,217.91,0.021791
5919,9088.3,61670,21.681,385.43,137.67,0.47363
5922,9564.7,62169,23.475,385.16,324.96,0.084776
5922,9839.1,63767,38.522,435.59,500.84,-0.069677
5922,10623,61638,35.888,1051,709.03,0.1943
5923,9693.1,61613,31.051,792.78,599.52,0.13881
5923,9718.9,63079,25.591,417.4,246.78,0.25689
5923,9826.4,63824,34.129,184.35,118.4,0.21786
5924,8673.4,64062,33.867,744.24,603.98,0.10403
5924,9552.8,61601,20.648,299.35,308.74,-0.015435
5925,9560.6,61602,31.671,275.28,411.04,-0.19781
5928,10477,64206,28.216,819.74,815.5,0.0025928
5928,11134,61518,32.067,306.12,303.7,0.0039694
5929,11535,62988,26.291,539.25,151.06,0.56235
5931,10439,62278,22.367,849.77,912.32,-0.035498
5933,10813,63586,35.436,293.45,180.11,0.23934
5934,10654,63657,39.634,492.94,522.04,-0.028667
5935,10352,63711,30.86,495.98,340.39,0.18603
5935,11537,62733,23.778,364.17,282.45,0.12638
5937,9473.2,63082,26.361,249.64,142.34,0.27374
5937,9796,62127,32.538,561.52,586.09,-0.021413
5938,9519,63072,12.978,579.5,581.66,-0.0018608
5939,8938.7,61866,29.984,477.29,285.33,0.25171
5940,9557.1,62127,20.974,489.4,256.73,0.31184
5940,10984,63666,37.561,210.77,413.32,-0.32455
5940,11534,61551,24.326,263.74,140.68,0.3043
5941,11356,61647,27.216,282.56,135.97,0.35024
5942,11204,61653,34.946,261.23,145.95,0.28311
5942,11618,64340,27.924,481.84,418.29,0.070595
5943,10891,61606,35.292,468.52,120.2,0.59166
5944,10046,64246,33.247,251.22,150.35,0.25119
5945,10080,64253,25.852,205.65,279.39,-0.15203
5945,11595,61837,38.06,547.84,599.35,-0.044903
5946,11383,63256,31.444,261.34,150.66,0.26862
5948,9682.1,63890,35.926,571.03,625.51,-0.045525
5949,8735.4,61487,27.059,780.12,390.44,0.33291
5949,8862.2,61910,42.592,763.45,643.7,0.0851
5952,9490.4,61818,33.139,294.7,174.39,0.25648
5952,9682.2,63965,25.614,401.5,225.85,0.27998
5953,9738.1,64136,28.796,250.2,153.85,0.23847
5954,10951,64239,27.94,202.19,127.68,0.22586
5955,9997.9,64300,24.55,429.2,230.17,0.30186
5956,11084,63793,28.808,411.27,290.15,0.17267
5957,9111.1,61449,31.424,282.93,126.11,0.38337
5957,11065,63759,12.256,1062.4,672.5,0.22472
5958,9019.1,61460,29.694,339.51,129.91,0.4465
5960,10231,62803,32.691,345.06,184.83,0.30239
5962,8684.2,63090,33.318,527.37,316.87,0.24933
5962,9778.4,61665,31.043,385.37,269.93,0.17616
5963,8791.4,63220,26.294,241.95,244.3,-0.0048387
5963,10095,62268,35.545,268.28,154.35,0.26957
5964,9568.2,62935,19.235,512.75,116.81,0.62891
5965,8889.2,63132,27.995,442.83,170.9,0.44307
5965,9524.6,63034,21.827,414.55,176.17,0.40354
5966,10038,62069,26.074,1226.3,369.29,0.53711
5967,10086,61901,26.956,827.88,578.86,0.17702
5967,11273,61521,30.995,632.25,256.89,0.42216
5968,10408,61847,32.541,383.7,380.52,0.0041671
5968,11341,61613,20.234,450.67,224.18,0.33562
5969,9467.3,62948,21.937,512.77,333.13,0.21236
5969,9982.9,63998,31.5,268.08,144.47,0.29964
5971,11424,62211,34.743,954.8,314.75,0.50415
5972,11484,64347,34.33,276.83,143.91,0.3159
5974,9219.3,63545,31.197,222.4,176.95,0.1138
5974,10052,62059,40.258,637.52,743.19,-0.076536
5975,10239,62118,23.105,868.67,497.11,0.27205
5977,10600,61950,34.518,423.23,345.94,0.10048
5978,11042,63641,32.659,479.08,325.13,0.19143
5980,10053,61405,23.803,254.98,109.35,0.39971
5980,10997,63761,24.589,245.47,186.71,0.13595
5982,9399.5,62309,22.001,629.68,537.49,0.07899
5982,10772,64180,32.809,528.55,438.78,0.092801
5983,10558,62898,31.004,744.55,713.92,0.021002
5983,10972,64346,35.395,421.31,417.89,0.0040817
5986,9565.3,62098,37.158,328.15,307.58,0.032351
5988,9575.3,63046,20.467,281.96,157.51,0.28318
5989,9593.6,63057,12.255,598.93,416.78,0.17932
5990,9035.7,64360,21.451,336.34,110.23,0.50632
5990,9583.7,63006,13.037,743.21,610.83,0.097772
5990,11534,62734,24.825,315.27,339.5,-0.037007
5991,10038,62096,29.495,289.57,211.49,0.15583
5991,10333,63708,33.42,537.19,264.9,0.33947
5991,11379,62985,34.461,376.88,608.91,-0.23537
5992,10946,63983,27.19,710.54,300.3,0.40583
5992,11309,63157,30.759,619.87,584.95,0.028981
5993,9567.2,63482,29.064,181.82,109.68,0.24747
5993,11338,63165,25.817,393.79,160.36,0.42124
5994,9649.2,63675,34.661,628.75,629.67,-0.00072902
5994,10226,62045,23.6,225.43,185.69,0.096679
5996,9972,63505,40.124,540.26,475.8,0.063445
5997,8993,61789,25.776,556.87,332.8,0.25186
5997,9283.9,63891,32.276,577.55,523.64,0.048952
5997,9840.7,63283,29.484,586.45,375.52,0.21927
5998,9202.9,61948,26.067,260.07,136.28,0.31233
5999,10221,64282,30.437,914.38,1056,-0.071875
5999,10226,63181,31.578,413.04,159.26,0.44343
6000,10165,64276,17.318,700.06,556.35,0.11439
6000,10541,63675,35.332,633.93,374.29,0.25751
6000,10598,62824,20.527,335.92,236.21,0.17427
6001,10208,64376,17.031,627.18,601.45,0.020944
6001,10534,62943,21.935,313.63,215.16,0.18622
6002,8689.2,61756,33.029,240.78,165.78,0.18448
6004,10193,62216,23.661,389.74,132.2,0.49343
6004,11235,61567,22.262,655.15,315.68,0.34967
6005,9453.8,63852,28.896,413.84,316.21,0.13373
6005,9787.7,63653,35.889,403.78,332.12,0.097382
6006,10170,63762,35.306,512.56,324.59,0.22453
6006,10316,64131,25.739,238.02,206.73,0.07035
6007,9562.7,63035,24.907,268.77,176.17,0.20812
6007,9887.9,62212,13.674,625.77,142.51,0.62902
6007,10540,62681,31.965,191.24,103.52,0.29762
6008,9553.4,63059,17.564,317.85,112.07,0.47864
6008,9882.1,62324,11.335,771,211.62,0.56928
6008,10182,64150,29.864,200.93,132.77,0.20426
6008,10471,63600,21.209,591.66,443.95,0.14263
6008,10615,62584,22.105,575.07,185.82,0.51157
6010,9512.3,62427,18.656,374.73,268.87,0.16449
6010,10992,64391,28.785,262.66,137.63,0.31234
6011,9540.5,62412,18.744,329.88,255.89,0.12632
6011,10625,62676,33.716,306.06,101.95,0.50024
6012,9611.4,62519,39.626,355.88,285.57,0.10961
6012,11475,62420,36.516,314.73,299.49,0.024808
6013,10112,63347,34.718,428.03,422.63,0.0063435
6015,9021,61935,19.331,435.88,192.28,0.38779
6016,10374,63736,23.834,723.11,527.26,0.15663
6018,10221,63482,28.401,508.58,327.91,0.21599
6018,10368,61401,28.477,549.47,485.35,0.06196
6018,10977,62972,33.472,669.57,327.8,0.34267
6019,9533,63826,36.418,287.74,302.93,-0.025707
6019,9529,62408,18.812,313.67,180.53,0.2694
6019,10225,63594,24.5,733.31,122.36,0.714
6021,9572.1,62352,26.636,257.22,162.83,0.2247
6021,11400,61502,23.646,525.84,177.03,0.49626
6022,9549.1,62467,24.736,307.38,144.53,0.36037
6024,8733.2,62691,23.811,319.29,134.17,0.40825
6024,9785.4,64017,32.595,245.56,139.7,0.27477
6024,9840.9,63100,34.391,504.24,313.18,0.23374
6024,10390,63427,28.145,795.88,331.17,0.41232
6025,9733.6,63098,32.766,222.66,145.64,0.2091
6025,11121,62891,27.97,238.7,177.29,0.14763
6026,9720.7,62770,19.022,551.55,355.42,0.21625
6026,10232,62204,29.878,405.49,204.04,0.3305
6027,9584.2,62665,32.069,313.4,327.33,-0.021741
6027,11042,63697,20.834,312.64,186.17,0.25354
6028,11043,63782,19.847,339.97,190.18,0.28254
6029,9040.3,64163,28.399,253.21,138.88,0.29159
6029,10722,61423,30.52,658.38,641.3,0.013137
6030,10818,61395,27.424,243.88,259.42,-0.030876
6031,9278.2,61627,29.508,407.97,121.68,0.54052
6032,9438.6,63725,24.719,327.96,114.56,0.48225
6033,10941,62418,33.62,243.27,134.94,0.28643
6034,8694.3,61685,26.88,540.06,490.54,0.048053
6035,10763,62584,29.736,201.43,101.29,0.33081
6036,8808.5,61854,30.838,418.51,214.29,0.32272
6037,10442,63003,36.025,231.58,198.83,0.076102
6037,11182,62119,32.198,309.69,272.63,0.063641
6037,11447,63810,26.619,238.39,136.99,0.27013
6038,9447.3,62686,29.005,247.32,190.75,0.12914
6038,9817.9,61783,32.859,570.23,223.85,0.43621
6038,10600,62948,32.595,296.98,194.63,0.2082
6038,11102,63710,29.778,417.38,178.29,0.40138
6038,11294,62267,24.674,352.97,155.71,0.38779
6039,11029,63778,29.662,607.6,591.87,0.013111
6039,11409,62300,28.964,304.95,257.63,0.08412
6043,10585,62254,23.129,363.27,339.86,0.033294
6044,10784,62289,37.635,662.24,518.67,0.12157
6045,8682.4,64295,30.15,635.37,442.65,0.17877
6046,10217,62338,34.976,223.97,139.68,0.23177
6046,11068,62999,27.929,280.39,112.29,0.4281
6048,11042,63837,25.54,441.78,158.54,0.47182
6049,9492.8,63135,33.554,328.77,268.99,0.1
6049,11020,64059,31.156,292.89,245.7,0.087605
6050,8921.4,61824,35.456,519.07,372.05,0.16498
6050,11054,63332,30.401,570.83,439.01,0.13054
6051,10080,61499,36.201,354.53,301.74,0.080443
6053,10996,64307,30.31,426.14,103.85,0.6081
6053,11047,63745,26.172,278.9,187.45,0.19609
6054,8760.8,62560,27.217,201.39,139.22,0.18253
6054,8939.6,61542,26.234,460.83,601.85,-0.1327
6054,11025,64319,22.375,877.2,364.68,0.41269
6054,11568,62810,32.398,364.61,398.36,-0.044233
6055,11125,62686,26.094,576.76,579.84,-0.0026641
6055,11529,62910,28.803,237.29,367.59,-0.21541
6056,9719.9,62755,28.261,521.81,249.63,0.35283
6056,11000,64296,30.154,267.39,134.69,0.33004
6056,11216,62560,33.082,651.02,546.41,0.087361
6056,11607,63038,30.786,607.45,635.89,-0.022873
6057,10862,61712,28.683,625.44,347.68,0.28543
6057,11474,62799,25.486,1250.2,895.14,0.1655
6059,10679,61973,29.235,249.68,284.1,-0.064483
6060,10629,63507,34.155,239.8,146.61,0.24116
6062,9299.3,62649,39.162,872.02,472.88,0.29678
6063,8845.7,62157,32.876,281.42,173.61,0.23692
6063,9426.2,62757,30.939,318.86,344.11,-0.038085
6063,10710,63631,28.852,537.61,292.74,0.2949
6064,8861.9,62162,20.528,357.89,228.2,0.22128
6064,9948,62164,33.294,220.67,128.78,0.26295
6066,9494.2,62373,14.419,613.06,505.8,0.095858
6067,9463.9,62309,32.26,218.69,186.29,0.080015
6072,9536.7,62936,13.31,625.1,322.8,0.31892
6073,9566.3,62953,22.468,426.99,230.28,0.2993
6074,9233.8,63005,25.113,260.77,149.46,0.27131
6076,9166.2,63365,32.015,1030.7,649.33,0.22698
6076,10714,62922,34.173,633.92,406.07,0.21909
6077,10687,62755,29.892,332.78,174.23,0.31271
6078,9671.9,63804,34.263,348.06,177.04,0.32569
6079,10844,63761,20.908,439.98,203.07,0.36841
6080,10407,61888,33.058,289.72,148.41,0.32254
6081,9623.6,63649,28.559,652.52,250.72,0.44484
6082,10336,63288,37.436,317.83,188.96,0.2543
6082,10544,61641,25.671,474.34,474.98,-0.00067669
6087,9756,64137,35.261,543.47,304.68,0.28154
6088,10815,63741,23.41,604.15,568.87,0.030074
6089,8890,61728,27.2,427.93,329.86,0.12941
6089,10561,63596,33.864,835.55,674.66,0.10653
6089,10937,63786,25.459,598.69,418.14,0.17756
6090,10505,63796,30.904,399.33,442.27,-0.051017
6091,9070.5,62529,30.402,164.32,152.55,0.037168
6091,11483,62138,36.197,407.07,340.11,0.089625
6092,11465,61852,31.367,663.89,597.41,0.052712
6093,10899,64085,24.812,1006.2,711.75,0.17141
6094,10018,63759,30.006,266.84,118.04,0.38661
6096,10481,63555,36.372,631.38,306.73,0.34607
6097,9420.2,63915,39.393,980.17,246.13,0.59858
6099,10506,63524,29.544,359.19,424.09,-0.082864
6100,10901,63956,32.415,260.19,151.4,0.26432
6102,9068.6,63596,29.285,347.82,243.55,0.17632
6104,9137.2,63859,25.919,620.25,516.41,0.091357
6104,9757.1,61720,35.902,273.3,124.3,0.37475
6106,9263.4,64075,32.252,272.43,144.72,0.30614
6109,9466.2,62489,29.261,272.36,142.06,0.31441
6111,9524.1,62115,32.566,540.08,465.65,0.07401
6113,9593,62059,26.846,175.67,125.11,0.16808
6114,11646,62514,30.108,189.32,120.24,0.22315
6115,9919.5,63248,23.934,442.62,175.32,0.43256
6117,9460.1,61680,37.101,408.22,289.12,0.1708
6117,11047,61794,30.531,842.69,601.76,0.1668
6118,11100,61694,23.753,692.56,280.79,0.42304
6119,9761.1,63058,29.162,431.28,411.45,0.023535
6119,11104,61802,39.549,897.7,716.19,0.11247
6120,9682.5,64214,35.155,263.97,343,-0.13021
6121,8773.6,64336,32.262,204.99,201.65,0.0081939
6121,9938.2,62623,37.894,471.49,160.7,0.49161
6121,11277,62698,36.545,399.25,229.98,0.26901
6122,9296.8,62292,37.223,223.64,125.39,0.28151
6123,9717.7,62784,34.996,373.66,262.66,0.17445
6123,9743.5,62827,34.701,360.05,208.69,0.26614
6124,9713,62679,24.908,328.84,169.65,0.31935
6125,9351.2,61660,36.219,467.03,394.23,0.084527
6125,10544,63438,24.96,217.79,232.74,-0.033164
6126,10356,64195,30.574,382.35,309.39,0.10548
6127,9928.3,62414,31.159,411,224.36,0.29376
6128,8908,62739,34.858,957.04,705.01,0.15164
6128,10545,63940,33.738,399.33,174.52,0.39175
6129,8855.4,62735,19.018,879.99,532.69,0.24584
6129,10387,64051,29.235,563.74,441.8,0.12127
6130,8814.1,62627,26.092,1071,573.64,0.3024
6130,10506,63538,36.833,322.45,621.55,-0.31684
6130,10548,64060,32.39,572.78,573.01,-0.0001971
6131,10682,61937,33.816,369.81,226.7,0.23992
6131,10603,63445,30.291,348.77,332.91,0.023265
6131,11604,61644,31.283,387.53,128.81,0.50105
6132,10653,61590,25.426,641.71,308.48,0.3507
6133,8998.4,62075,37.603,432.56,499.86,-0.072182
6135,9081.3,63633,34.027,510.69,414.29,0.10422
6136,8712.3,61750,32.644,689.6,448.19,0.21217
6136,9344.2,63907,32.091,445.21,200.85,0.37823
6136,10562,63561,30.955,251.04,150.57,0.25018
6137,9326.9,62068,37.579,185.4,189.3,-0.010426
6138,11470,64055,34.806,251.8,430.48,-0.2619
6140,9098.7,63890,25.321,460.1,208.62,0.37607
6141,9346.5,63901,27.355,584.95,356.02,0.24329
6141,10153,64297,31.564,637.95,221.94,0.48379
6141,10975,63751,21.775,437.32,139.34,0.51674
6143,10896,62304,23.535,543.93,250.95,0.36859
6144,8769.9,61730,21.937,275.86,120.2,0.39302
6144,9319.4,64081,33.044,560.72,271.44,0.34762
6144,9626.8,61499,31.496,220.81,289.84,-0.13518
6146,8671.9,61483,22.457,707.6,675.09,0.023511
6147,9476.5,61700,34.047,200.61,141.07,0.17426
6148,9513.4,62408,22.59,448.5,237.64,0.30731
6148,11361,64387,34.545,196.35,162.91,0.093063
6149,9748.3,62255,39.603,347.9,250.44,0.16288
6149,9863,63815,32.796,267.38,295.23,-0.049498
6151,9636.5,61964,33.528,167.25,121.06,0.16021
6152,10789,64218,28.323,189.13,156.5,0.09441
6152,11607,61600,19.175,1405.9,1112.2,0.11664
6153,8842.2,61466,31.634,195.31,241.18,-0.10509
6153,10539,63484,13.985,429.13,347.46,0.10517
6153,11634,61546,23.725,699.15,427.27,0.24137
6154,10306,63074,31.672,253.69,150.35,0.25577
6154,10760,62184,24.214,644.46,345.41,0.30211
6154,11235,63452,35.322,402.87,296.1,0.15276
6155,8796.1,62054,25.759,578.78,267.27,0.36819
6155,10636,62425,31.867,954.12,673.43,0.17246
6156,8965.4,61901,22.853,538.32,352.86,0.20811
6156,10043,62996,30.393,428.88,355.74,0.093225
6156,10217,62281,21.336,685.66,503.61,0.15308
6157,10630,64009,24.119,309.27,238.42,0.12937
6159,10319,62796,20.716,821.33,518.6,0.22593
6160,9550.2,61488,35.605,456.97,306.73,0.19672
6160,9532.8,62376,30.701,300.11,115.63,0.44375
6161,9584.5,61573,12.802,523.2,355.34,0.19107
6162,9248.1,62430,29.874,428.49,260.66,0.24352
6162,9689.2,61684,33.48,396.09,249.26,0.22751
6163,9260.8,62347,29.358,305.76,118.81,0.44034
6163,9547.3,61727,38.427,385.65,124.59,0.51164
6164,9611,61697,33.133,385.52,298.9,0.12655
6164,10373,62242,33.735,120.21,125.01,-0.019592
6164,11330,61706,40.028,188.28,122.98,0.20979
6165,11615,64296,23.894,508.84,238.86,0.36108
6166,10354,62949,26.374,293.44,169.22,0.2685
6167,9913.6,61530,36.12,282.05,359.16,-0.12025
6167,11645,61923,35.692,302.02,216.87,0.16411
6169,8780.5,61421,24.073,393.99,222.13,0.27895
6170,10972,62014,31.964,375.02,229.86,0.23998
6170,11327,62739,24.85,544.83,203.93,0.45529
6171,10431,64084,25.229,737.86,400.4,0.29647
6171,10944,61798,33.396,363.65,155.17,0.40182
6171,11512,64047,33.893,548.07,254.5,0.3658
6172,9011.8,62364,31.913,532.42,429.74,0.10671
6172,10156,62826,36.893,318.49,225.82,0.17024
6173,10410,62179,31.548,339.96,328.2,0.017605
6173,10525,64036,20.303,752.29,362.69,0.34942
6174,11433,61529,25.851,360.83,229.66,0.22214
6175,8900,62017,30.56,552.3,397.99,0.16239
6175,10224,64226,31.715,407.37,201.22,0.33875
6176,10999,62642,27.751,431.48,279.66,0.2135
6177,10968,62412,22.342,388.75,310.65,0.11166
6178,10530,63697,35.173,236.99,200.9,0.082417
6178,10853,62258,29.51,1196.1,627.49,0.3118
6179,10894,62278,26.25,706.91,302.59,0.40052
6180,10437,63569,28.362,428.63,289.98,0.19295
6180,11149,62930,26.869,477.3,453.56,0.025501
6181,10534,63543,34.844,328.75,371.58,-0.061161
6181,10909,62718,24.052,993.42,612.16,0.23746
6182,10242,64093,37.144,165.52,149.09,0.052217
6182,11570,62381,36.546,297.4,277.63,0.034367
6183,10805,62459,27.062,636.07,459.58,0.16108
6183,11072,63059,35.561,222.85,179.28,0.10835
6184,10843,62645,22.121,696.11,476.26,0.18753
6184,11492,61711,27.829,752.08,331.75,0.38782
6185,9607.8,64065,29.291,430.64,264.09,0.23973
6185,10932,62335,23.816,727.4,539.3,0.14849
6186,11623,61566,26.442,539.41,343.72,0.22158
6187,9608.6,64087,26.952,162.4,100.08,0.23744
6187,9855.2,62462,38.041,298.51,161.99,0.29646
6188,10050,62166,35.885,556.16,498.09,0.055085
6188,10419,64308,34.957,542.86,518.15,0.023288
6189,10898,63942,33.058,443.72,515.68,-0.075002
6190,10038,62496,28.885,196.25,136.92,0.17809
6191,10229,62323,21.805,599.12,326.89,0.29399
6192,8934.6,63195,36.354,423.26,205.84,0.34561
6193,9206.8,62457,44.116,634.92,266.76,0.40831
6194,9323.5,62373,28.992,276.5,120.51,0.39292
6195,11487,62656,37.472,128.18,146.87,-0.067954
6196,8778.4,63249,29.981,145.7,119.92,0.097069
6198,9730.7,61415,32.276,331.34,242.84,0.15413
6199,9063.6,62717,17.326,493.96,152.76,0.5276
6201,9349.2,63897,27.384,368.06,284.94,0.12728
6202,9117.2,62713,22.472,466.27,455.32,0.011884
6203,9097.2,61979,36.977,281.46,349.88,-0.10837
6203,9370.6,62855,25.313,678.73,552.98,0.10209
6203,11148,62240,12.672,1306.6,100.9,0.85662
6204,9362.7,62876,21.456,523.32,620.46,-0.084925
6204,9542.9,62426,32.845,243.91,285.93,-0.079313
6204,11120,62297,14.318,870.16,142,0.71942
6205,9829.6,61514,33.955,188.99,113.58,0.24922
6206,9089.2,61629,31.103,229.33,444.84,-0.31967
6207,9697.6,62580,31.184,280.09,234.06,0.089519
6210,11023,62342,20.585,720.41,671.84,0.034887
6210,11658,64121,28.383,376.5,190.26,0.3286
6211,9213,62539,31.428,375.17,175.33,0.36301
6211,10168,63821,30.32,488.04,442.89,0.048507
6214,8741.1,63665,25.941,296.72,128.96,0.39411
6215,8999.3,63743,28.291,666.01,570.77,0.077007
6215,9441.5,62399,32.761,380.27,254.93,0.19732
6216,9513.9,63496,26.654,423.79,169.62,0.42832
6216,9731.5,62888,30.144,258.39,114.58,0.3856
6218,9601.4,62884,12.741,1144.8,532.19,0.36531
6219,9571.6,62894,10.271,719.11,532.2,0.14937
6219,11119,63812,26.394,1132.1,910.19,0.10868
6220,10613,63537,32.396,295.78,299.36,-0.0060079
6221,9296.8,61422,32.953,316.55,133.47,0.40681
6227,8869.3,62013,29.581,230.42,106.49,0.36784
6227,9766.4,61648,31.678,369.32,245.06,0.20226
6228,9123.4,63110,29.596,336.89,206.2,0.24063
6228,10668,64244,37.636,300.85,430.94,-0.17777
6229,9353.9,62098,32.338,509.47,405.78,0.11329
6229,10909,63090,35.027,223.97,166.54,0.14705
6230,9084.9,63037,27.724,334.45,152.39,0.37397
6230,9696,61579,20.796,623.45,479.21,0.13081
6230,10674,63544,39.604,584.75,146.58,0.59914
6230,10820,63185,30.409,361.16,120.22,0.50051
6231,9133.6,63230,34.104,314.14,192.18,0.24088
6231,9845.5,63209,35.203,382.53,215.24,0.27987
6231,10783,63381,34.006,615.53,297.1,0.34892
6232,9203.2,63241,24.464,295.15,108.22,0.46341
6232,9582.5,62725,32.919,229.95,254.71,-0.051085
6232,9876,61796,29.331,186.38,197.16,-0.028121
6232,11240,64244,30.822,734.59,451.82,0.23834
6233,10727,62383,24.555,969.34,741.04,0.13348
6233,10794,64278,31.501,1021.7,731.21,0.16572
6234,10625,62552,28.37,340.14,292.42,0.075448
6234,10716,63745,29.584,771.08,191.25,0.60252
6235,8884.7,63641,22.268,330.42,121.02,0.46387
6236,9462.5,62458,35.056,269.6,312.04,-0.072975
6236,10072,61708,32.159,507.41,454,0.055545
6236,11631,62268,31.816,228.58,184.56,0.10655
6237,10034,64366,30.085,303.35,247.29,0.10181
6237,10664,63685,22.76,868.6,610.69,0.17434
6238,9517.2,62751,26.612,403.7,209.36,0.317
6239,9571.1,62428,27.849,506,352.97,0.17815
6240,9657.7,62340,34.952,546.72,548.78,-0.001881
6240,10299,62955,30.875,304.64,175,0.27028
6240,10526,63497,22.649,411.08,467.43,-0.06414
6241,9591.2,62386,27.519,468.15,257.25,0.29074
6241,10117,62078,31.97,543.06,279.06,0.32112
6242,9219.8,64109,32.072,462.18,295.47,0.22002
6242,10594,61396,29.082,314.49,189.88,0.24707
6243,10786,63658,31.633,284.42,136.25,0.35224
6244,9746.5,63148,33.185,455.74,188.49,0.41483
6246,11474,64297,39.077,432.78,144.75,0.49872
6247,9718.2,64179,26.778,324.73,243.85,0.14226
6248,11035,63776,15.319,430.82,201,0.36375
6248,11570,62108,33.313,294.61,368.04,-0.11081
6249,11043,63739,34.989,348.72,166.81,0.35286
6250,10868,63878,36.712,241.48,139.67,0.26711
6251,10139,63100,33.666,216.02,167.62,0.12617
6253,9724.1,64193,18.374,1165,840.21,0.16198
6254,9511.7,62278,31.035,187.1,168.37,0.052685
6254,10495,61396,35.721,675.5,310.13,0.3707
6254,11397,62157,33.95,918.97,580.15,0.22602
6255,9743.6,61586,33.423,221.28,170.37,0.12998
6255,9877.7,64023,26.245,390.74,390.7,4.4598e-05
6255,10842,63767,30.833,542.47,481.22,0.059831
6256,9649.7,61852,24.155,635.32,299.87,0.35869
6256,11044,63759,26.393,192.66,210.33,-0.043838
6257,9521.6,62405,22.082,493.49,481.94,0.011844
6258,9672.4,62695,35.983,539.67,485.42,0.052923
6259,9443.6,62338,24.453,447.1,388.46,0.070186
6259,11529,62723,18.217,460.11,262.18,0.27403
6260,10081,62929,38.223,629.46,358.08,0.27481
6261,9658.5,61679,31.932,871.71,629.5,0.16135
6265,8727.7,64207,26.505,712.12,466.66,0.20823
6265,11053,62406,34.252,340.16,182.52,0.30159
6266,8723.7,64061,32.58,454.51,340.16,0.14389
6266,9418.9,62382,19.549,534.63,340.88,0.2213
6267,10347,64308,31.069,239.28,167.42,0.17669
6270,11272,61966,29.563,319.1,245.44,0.13048
6270,11399,62397,27.76,372.06,272.24,0.15493
6271,9143.2,61846,31.989,325.69,354.88,-0.042896
6272,8746.3,62820,34.866,134.89,138.04,-0.011551
6272,9104.5,61929,29.454,402.26,248.82,0.23567
6273,8891.5,61912,24.176,386.22,280.25,0.159
6273,9841.1,63152,31.657,545.88,330.01,0.24646
6273,10421,64375,23.7,1115.9,657.24,0.25866
6274,10681,64189,24.638,391.11,279.36,0.16667
6274,10975,63066,34.996,201.43,147.25,0.15538
6276,10251,64297,25.754,1006.9,644.65,0.21932
6276,10892,62579,22.228,270.74,153.88,0.2752
6277,10737,62356,26.783,957.91,950.65,0.0038071
6278,10713,62193,30.348,508.35,443.08,0.068607
6279,10690,62256,25.663,361.43,320.63,0.05983
6280,10797,61961,33.048,526.77,497.96,0.028112
6281,10037,63111,26.762,564.64,311.91,0.28833
6282,9470.6,62425,19.602,353.47,223.92,0.22438
6282,11463,62794,34.054,908.32,739.47,0.10247
6283,9797.5,64004,36.563,229.38,130.26,0.27559
6283,11089,63071,36.747,585.83,499.2,0.079837
6287,10509,63579,22.014,414.57,351.4,0.082465
6289,9419.7,62775,27.495,673.84,300.79,0.38277
6289,10547,63714,30.201,312.65,210.62,0.19498
6291,9530,62459,21.63,780.05,589.35,0.13926
6292,9461.1,62476,24.554,331.4,200.17,0.24687
6292,10415,63903,33.465,317.17,279.27,0.063554
6293,9579,61799,27.493,300.24,148.3,0.33873
6294,9019.8,62159,31.61,845.88,348.97,0.41588
6294,10354,63794,30.496,511.81,410.46,0.10989
6295,9179.3,62058,24.524,660.15,386.51,0.26145
6295,10285,62680,35.774,496.75,352.29,0.17015
6296,9237.3,62205,36.608,467.25,222.06,0.3557
6296,9955.7,63533,35.06,422.64,243.41,0.2691
6296,10093,62508,31.05,404.58,199.85,0.33873
6297,8993.3,61776,27.57,856.18,508.86,0.25444
6297,9328.8,62550,31.191,449.01,457.67,-0.0095502
6297,10414,61885,26.825,484.07,153.67,0.51809
6299,9129.5,61811,23.005,738.38,197.04,0.57871
6299,10834,62396,31.236,254.81,209.42,0.097773
6300,8954.9,61762,27.812,468.59,150.68,0.51335
6301,10602,64237,35.065,314.83,287.92,0.044641
6302,9981.5,63041,26.862,756.13,472.19,0.23116
6303,9878.1,62898,23.852,808.71,397.38,0.34104
6304,9672.5,62785,25.534,1034.2,833.19,0.10766
6304,10463,63128,36.05,363.61,244.09,0.19667
6305,9381.4,64215,30.502,612.98,443.87,0.16001
6305,9974.8,62999,25.76,851.19,701.74,0.096242
6306,10018,63157,22.716,1129.6,832.76,0.15128
6306,10986,62416,25.553,485.53,307.83,0.22398
6307,10999,62629,22.126,917.41,579.38,0.22584
6308,10042,62817,25.51,395.77,255.62,0.21515
6308,11059,62795,21.387,905.57,336.72,0.4579
6309,10107,62866,22.565,415.32,361.95,0.068672
6310,9464.4,62359,24.924,191.9,239.06,-0.10943
6310,10170,62868,35.476,378.54,206.98,0.29302
6310,11189,62979,32.211,281.88,124.22,0.38821
6311,10263,63002,31.596,224.26,263.1,-0.079702
6311,11340,61791,23.009,491.25,221.94,0.37761
6312,8980.6,63125,36.563,238.32,188.93,0.11559
6312,10778,63611,32.945,161.09,167.98,-0.020952
6313,9328.8,61835,29.447,517.6,246.14,0.35544
6313,10266,62749,30.276,298.16,424.21,-0.1745
6316,9001.1,62608,34.658,378.78,415.72,-0.04649
6316,9158.9,62883,29.953,208.85,159.88,0.13283
6316,10815,62342,35.885,625.79,460.66,0.152
6317,10980,62406,33.12,376.44,407.64,-0.039798
6318,9972.4,62005,28.611,840.13,433.87,0.31889
6318,10675,62360,38.861,339.35,276.51,0.10202
6319,9150.8,61958,21.268,766.94,515.75,0.19584
6319,9808.9,63130,20.117,1050.5,568.91,0.2974
6319,10602,62264,32.52,186.02,109.78,0.25775
6320,9569.5,61913,31.879,631.26,225.06,0.47435
6320,9675.4,63823,29.685,739.02,602.89,0.10145
6320,9788.4,63140,28.499,753.64,593.14,0.11918
6321,9225.8,62697,27.56,462.86,330.28,0.16715
6321,9544.5,61904,32.423,456.54,201.21,0.38819
6321,11070,62385,19.086,455.46,306.54,0.19544
6322,8854.4,61420,28.703,460.14,230.18,0.33312
6322,10452,63574,28.494,658.77,350.34,0.30564
6323,9143.7,61638,26.882,736.37,571.23,0.12629
6323,9476.3,63732,27.347,691.63,349.22,0.32897
6323,10495,63551,16.66,413.63,405.86,0.0094843
6324,9179.5,61457,26.45,923.56,412.46,0.38256
6324,10892,62691,41.037,781.69,554.5,0.17003
6325,9381.9,61814,37.345,239.51,112.02,0.36268
6326,9447.4,62283,20.907,974.4,488.04,0.33257
6327,9171.8,61764,29.469,194.27,192.21,0.0053332
6330,10505,62053,30.532,434.2,429.18,0.0058207
6330,11062,63776,33.706,552.75,333.43,0.24749
6331,10500,61838,27.135,644.74,441.81,0.18677
6331,11154,63711,34.106,981.92,686.28,0.17722
6332,9781.3,63202,27.247,403.01,283.92,0.17336
6332,10668,61809,31.198,869.29,732.04,0.085711
6333,10316,61590,32.594,650.39,649.3,0.00083535
6333,11312,63441,22.948,332.62,269.76,0.10435
6334,11336,63444,31.896,414.96,370.26,0.056916
6335,10126,64007,26.955,537.47,184.85,0.48819
6335,11153,61925,40.119,559.44,216.94,0.44115
6335,11296,63406,24.343,855.27,440.6,0.31999
6336,8724.1,63482,28.106,230.57,132.61,0.26975
6336,11316,63758,27.641,1047.6,813.25,0.12591
6337,10510,62362,36.614,273.33,131.1,0.35168
6338,9748.8,61863,41.698,402.25,307.39,0.13367
6338,10042,64107,29.435,765.04,267.2,0.48229
6338,11504,63749,33.522,391.78,253.46,0.21437
6339,9387.1,64099,25.146,980.84,644.29,0.20709
6339,10247,64050,36.304,829.19,531.95,0.21838
6339,11514,62997,35.596,203.34,179.94,0.06105
6339,11535,64083,31.295,509.2,276.45,0.29626
6341,9432.4,61837,35.014,415.15,427.45,-0.014594
6341,10495,63476,27.49,184.83,108.97,0.2582
6342,9369,62217,30.18,495.85,624.04,-0.11447
6343,10230,62026,30.092,843.32,642.86,0.13488
6344,10219,62318,19.783,1292.4,1168.5,0.050338
6344,10569,63572,28.428,231.31,225.02,0.013783
6345,10149,62417,11.421,868.66,431.09,0.33666
6345,10505,61866,29.8,401.6,172.27,0.39961
6345,11155,62486,29.412,333.58,258.85,0.12615
6346,10165,62482,13.426,928.06,567.53,0.24106
6346,10451,63427,34.521,258.72,200.56,0.12664
6346,11518,62257,30.45,368.65,411.65,-0.055111
6347,9757,64101,30.546,386.13,297.01,0.13046
6347,10139,62435,11.966,794.34,429.29,0.29833
6348,10142,62447,13.333,731.28,403.15,0.28925
6349,10931,61894,26.49,315,121.82,0.44225
6349,11609,63062,22.667,806.45,538.22,0.19948
6350,10103,62392,10.187,515.89,208.82,0.42372
6350,10753,61777,28.71,611.59,434.7,0.16907
6350,10890,63010,27.322,498.17,266.95,0.3022
6351,8732.4,64055,31.01,436.89,446.44,-0.010811
6351,10141,62412,11.18,500.55,317.64,0.22355
6351,10650,61773,16.445,928.39,384.26,0.41453
6352,10574,61821,19.656,859.15,525.39,0.24106
6352,11028,63170,37.759,470.05,436.71,0.036776
6353,9384.4,64088,29.229,377.48,793.16,-0.35508
6353,9540.8,62880,19.535,412.53,280.79,0.19001
6353,10513,62046,20.328,449.42,286.45,0.22147
6353,11061,63086,29.916,533.5,467.69,0.065737
6354,10061,61392,37.596,311.31,405.57,-0.13149
6354,10535,62132,16.431,864.44,543.22,0.2282
6354,11228,63974,34.898,579.58,536.97,0.038168
6355,9448.4,62935,30.808,223.99,164.89,0.15199
6355,9433.9,64091,15.432,364.22,629.57,-0.26701
6355,10798,62362,26.985,507.81,371.34,0.15523
6356,9427.3,64119,14.076,504.41,869.28,-0.26562
6356,11040,63849,22.622,772.51,337.71,0.39163
6358,9431.6,64121,15.753,307.84,538.04,-0.27215
6358,9552.9,62912,20.738,497.46,237.33,0.35402
6358,11116,63885,31.14,290.9,110.63,0.44896
6359,9761.3,62879,38.715,222.87,217.89,0.011304
6360,9665.1,62996,32.712,365.42,220.8,0.2467
6360,10330,63873,31.995,437.39,264.2,0.24685
6360,10747,62717,33.24,319.23,105.55,0.50304
6361,9340.2,64043,18.941,297.52,581.56,-0.3231
6361,9648.2,63023,38.449,162,147.22,0.047799
6361,10385,63886,28.145,436.71,375.22,0.075736
6361,11508,62210,27.892,552.44,236.27,0.40087
6362,9382.7,64110,20.706,294.63,815.42,-0.46917
6362,10365,63756,26.651,415.2,316.99,0.13413
6363,9314.1,64225,21.483,414.93,1165.7,-0.47497
6363,10823,62456,26.192,158.88,121.01,0.1353
6363,11138,63733,31.166,541.39,306.83,0.27653
6364,9332.3,64187,27.543,335.93,731.86,-0.3708
6365,8755.5,63061,28.8,812.65,459.4,0.2777
6365,9218.9,64198,27.986,266.32,675.78,-0.43463
6366,9084.1,64197,24.97,166.61,406.15,-0.41822
6366,10034,62896,33.639,302.6,144.57,0.35339
6368,10833,63749,18.383,457.6,323.15,0.1722
6370,10054,61969,27.972,410.83,383.54,0.034358
6370,11014,63123,23.514,236.55,218.03,0.040752
6371,10087,61892,19.943,397.88,158.36,0.43061
6372,10133,61635,37.821,299.19,145.44,0.34579
6373,9253.2,62635,23.9,727.41,559.98,0.13005
6375,11095,63898,42.997,1004.2,604.09,0.24879
6376,11048,62143,34.172,591.78,625.13,-0.0274
6378,8781.8,62039,19.551,343.84,155.1,0.37829
6379,10529,63020,25.968,285.79,170.99,0.25132
6379,10836,63804,34.365,425.54,128.5,0.53615
6382,11261,63920,33.846,534.69,205.7,0.44436
6384,9070.6,62982,26.937,213.69,104.26,0.34417
6385,10777,63033,28.397,174.32,123.76,0.16962
6386,10573,61956,39.314,414.15,210.19,0.32667
6387,8864.8,63201,30.866,314.56,230.1,0.15507
6387,10532,62021,33.632,769.35,482.16,0.22948
6388,10734,61659,31.575,308.77,296.67,0.019995
6389,9815.8,61429,23.713,817.04,592.95,0.15894
6390,10930,63727,19.31,371.63,187.75,0.32871
6391,10493,64375,28.038,531.94,204.06,0.44549
6391,11307,61807,27.628,622.09,261.2,0.40858
6392,10059,63877,30.963,827.12,369.71,0.38219
6394,10377,62716,38.086,367.56,185.96,0.32807
6395,8674.7,62257,28.12,547.19,279.02,0.32457
6395,9083.1,61469,33.687,913.62,426.46,0.36354
6395,9311.8,63880,32.289,953.04,803.1,0.085385
6395,9471.1,62336,34.218,295.59,107.71,0.46586
6396,9190.8,63903,23.057,658.92,519.85,0.11798
6397,9016.4,61732,21.626,1497,953.52,0.22178
6397,11016,62922,32.097,140.1,112.26,0.11029
6399,8894.3,62620,29.17,253.42,177.57,0.17598
6399,10711,62856,31.133,487.19,371.75,0.13439
6400,11249,62806,27.116,220.05,141.78,0.21631
6401,8970.3,63714,33.45,489.04,389.19,0.11369
6401,11573,61494,17.484,897.85,481.41,0.30193
6402,8762.4,62665,29.2,149.74,484.48,-0.52779
6404,8888.3,63166,35.082,481.58,454.97,0.028408
6406,11665,63901,25.407,392.86,164.61,0.40945
6407,9841.2,63268,29.248,638.75,368.7,0.26805
6408,9877.7,63080,27.45,289.19,119.06,0.41672
6409,11083,63561,28.51,455.08,265.94,0.26233
6410,10458,64236,34.02,381.71,170.4,0.38273
6410,10855,62313,27.856,353.52,203.55,0.26922
6410,11204,63175,28.269,550.45,563.31,-0.011554
6410,11568,63656,34.387,611.17,463.82,0.13708
6411,9548.8,62882,9.5831,859.1,474.7,0.2882
6411,10011,62692,39.214,887.74,484.48,0.29387
6411,10714,64211,35.089,279.17,207.07,0.14829
6412,9180.7,63539,25.646,266.95,136.34,0.32386
6412,10464,64373,30.465,233.4,123.55,0.30775
6413,9162.7,63567,33.242,217.68,183.02,0.086493
6415,10384,63635,22.416,419.93,397.78,0.027096
6416,10093,63620,24.789,595.35,590.58,0.0040275
6416,10380,63576,39.579,486.79,436.49,0.05448
6417,11004,64336,21.653,525.98,329.68,0.22941
6418,9175,62652,29.691,363.62,292.54,0.10833
6418,10315,63115,36.848,410.17,148.54,0.46829
6418,11149,61423,24.72,671.22,304.1,0.37641
6419,8927.2,62680,32.879,214.68,123.97,0.26788
6419,10490,63561,26.837,582.38,482.64,0.09365
6420,10402,63668,34.239,537.44,424.45,0.11746
6421,10504,63603,33.655,735.03,589.59,0.1098
6421,10635,61452,28.467,308.7,210.97,0.18808
6422,10456,63548,37.045,464.64,279.39,0.24898
6422,10805,61533,31.247,309.44,325.81,-0.025771
6422,11305,63289,27.284,327.87,355.35,-0.040224
6423,9610.3,64033,14.611,451.21,127.07,0.56053
6423,10757,61848,35.609,229.43,148.66,0.21363
6423,11521,63170,32.88,231.7,180.52,0.12415
6424,9755.4,62524,34.263,187.12,127.59,0.18917
6425,11390,62792,32.788,290.9,157.88,0.29639
6426,9513.9,62349,19.373,384.9,153.31,0.43031
6428,8801.7,62933,34.723,810.59,530.88,0.2085
6428,10164,63793,26.646,519.56,268.17,0.31913
6430,9239,63617,35.759,309.46,242.13,0.12207
6431,10306,62590,23.466,470.12,310.28,0.20481
6431,11463,62289,37.94,928.88,572.29,0.23754
6432,9143.1,63801,34.763,333.54,161.2,0.34835
6432,10492,62324,33.262,326.29,261.7,0.10985
6433,9208,61453,20.877,313.81,544.48,-0.26876
6433,9240.3,62541,22.278,353.75,152.47,0.39761
6434,8825.9,62772,18.398,824.04,340.51,0.41521
6435,9016.7,63277,35.759,145.47,110.06,0.13854
6436,8816.7,63191,34.632,269.24,152.31,0.27737
6437,8858.1,63162,23.698,458.48,115.21,0.59836
6438,8869.1,63104,21.214,494.21,259.53,0.31135
6438,9628.2,64019,33.376,162.74,108.8,0.19863
6439,8795.9,62226,33.068,421.71,183.48,0.39364
6439,8818.1,63127,37.6,515.32,377.35,0.15455
6440,8820.1,62195,27.821,244.01,121.48,0.33526
6441,9319.6,63176,39.703,408.6,260.36,0.22159
6442,9142.4,63137,34.972,262.69,114.41,0.3932
6442,11187,62616,35.156,175.12,568.34,-0.52891
6446,9473.1,62302,34.929,430.63,363.73,0.084219
6446,9734.5,62279,32.952,612.88,541.92,0.061442
6448,8927,63804,38.222,301.94,195.18,0.21476
6448,10179,61405,18.859,406.62,530.87,-0.13254
6449,9057.9,63362,37.412,567.25,169.23,0.54044
6449,9782.1,63229,32.931,359.24,316.47,0.063296
6450,11491,63969,37.548,360.66,182.6,0.32777
6451,9841,63239,31.693,355.17,226.22,0.2218
6453,9273.6,63770,37.746,407.74,270.76,0.20188
6455,9470.3,62882,15.513,394.31,260.62,0.20413
6457,10184,63582,32.894,186.15,135.77,0.1565
6458,9371.1,61605,34.303,560.38,155.06,0.56654
6458,9687.8,64254,34.958,420.99,307.62,0.1556
6459,10854,62584,33.385,335.49,203.08,0.24585
6460,10004,64141,34.151,558.56,391.93,0.17532
6461,9954,63003,31.629,525.15,261.37,0.33537
6461,10004,64287,30.809,473.7,286.96,0.24551
6462,9382.8,62308,32.673,310.9,135.81,0.39194
6464,9226.1,62233,33.969,158.27,190.96,-0.093633
6466,9438,61494,26.144,781.85,493.44,0.22615
6468,9450.8,61494,28.324,516.72,396.78,0.1313
6468,9686.9,64146,33.334,413.37,250.46,0.24541
6472,10237,63978,26.653,541,244.15,0.37808
6472,10976,63726,31.814,318.07,223.95,0.17364
6473,9396,61504,35.047,361.92,185.3,0.32278
6473,10188,63917,30.565,390.13,213.69,0.2922
6473,10591,63916,30.046,658.78,505.36,0.13179
6474,10407,63982,34.264,483.84,413.8,0.078024
6475,9914.2,63218,35.414,332.13,232.01,0.17747
6475,10085,63669,40.552,594.77,496.57,0.089979
6476,8895.6,62706,26.794,530.78,276.76,0.31456
6476,9940,63366,29.402,419.06,492.16,-0.080219
6478,9258.1,62716,25.319,430.09,171.63,0.42953
6480,9274.1,62751,34.703,842.99,778.99,0.039459
6480,10627,63645,16.577,538.97,522.21,0.015791
6481,9151.1,62660,35.522,398.93,302.95,0.13675
6481,9589.8,61892,33,890.69,852.18,0.022095
6481,10544,63566,19.661,577.61,552.32,0.022385
6482,9576.7,61712,22.434,681.06,502.78,0.15059
6482,10701,62171,21.227,756.05,265.54,0.48014
6483,9437.9,61500,26.834,217.44,148.14,0.18957
6483,10527,63514,15.305,766.03,588.8,0.13081
6484,9621.1,62936,16.086,662.17,385.43,0.26417
6484,10523,63453,14.156,448,299.25,0.19907
6485,9725.3,63080,28.428,459.1,321.89,0.17569
6485,10321,62380,33.653,272.09,266.5,0.010376
6485,10629,63557,31.502,565.63,372.06,0.20643
6486,9559,62992,31.182,645.58,469.2,0.15823
6486,10649,63582,32.031,463.37,219.18,0.35775
6487,9716.7,62560,34.191,229.67,144.37,0.22804
6488,9346.9,61592,22.282,243.74,366.09,-0.20063
6490,9562.5,61755,21.379,378.29,162.08,0.40012
6490,9934.7,62698,35.858,350.75,163.56,0.36397
6491,9476.5,61810,27.418,441.85,213.04,0.34938
6492,9545.5,61739,33.04,333.68,263.96,0.11665
6492,9746.9,62384,29.851,377.38,363.33,0.018963
6493,9428.4,61557,29.514,427.33,232.28,0.29571
6494,8687.5,62081,33.122,338.43,186.39,0.28971
6494,8833.9,62048,27.398,485.29,271.73,0.28211
6494,10051,63399,31.381,417.79,160.9,0.44393
6494,10102,63313,34.062,593.52,254.36,0.4
6495,10124,61907,37.79,489.47,413.24,0.084445
6496,8737.1,62061,32.185,549.31,467.53,0.080422
6496,10181,61670,30.559,423.98,473.19,-0.054852
6497,9577.3,61878,40.471,386.27,427.91,-0.051146
6497,9898.1,63516,24.18,885.51,470.07,0.30647
6499,10412,63602,31.889,431.16,279.87,0.21277
6500,9382,62222,32.446,385.71,311.75,0.10604
6500,10066,63461,28.505,600.56,150.55,0.59912
6500,10424,63640,30.588,732.21,375.95,0.32149
6501,9433,62204,28.557,211.65,231.35,-0.044463
6502,9460.9,62199,27.635,171.08,126.61,0.14937
6502,10261,63736,22.684,820.71,550.93,0.19668
6505,9346.3,63795,30.336,340.84,115.31,0.49443
6507,9295.4,61714,31.078,590.96,163.55,0.56647
6509,10240,62966,33.042,473.3,259.71,0.29139
6509,11593,63442,38.121,138.74,246.21,-0.27918
6513,9505.4,61595,32.898,164.48,153.98,0.032956
6515,9294.2,61991,33.777,204.57,103.8,0.32678
6517,11339,62566,36.76,420.36,390.54,0.036765
6518,10618,62189,33.048,478.66,367.01,0.13203
6518,10706,64351,28.661,239.27,124.4,0.31586
6519,8693.1,64126,34.79,160.73,110.31,0.18604
6519,11201,62874,28.282,511.1,440.21,0.07452
6520,10933,62477,22.97,734.28,292.58,0.43015
6523,10885,63843,36.632,537.48,354.92,0.20456
6524,9563.5,61618,26.109,330.35,315.59,0.02285
6524,10595,63900,25.109,504.9,355.78,0.17326
6525,10690,63958,27.558,503.43,397.72,0.1173
6526,10167,63872,35.89,583.87,521.5,0.056422
6526,10812,62679,31.868,398.64,238.5,0.25134
6526,10782,64062,31.317,1013.5,993.53,0.0099302
6527,10107,64313,41.869,1134.3,805.46,0.16953
6527,10903,62100,32.012,255.55,184.33,0.1619
6528,9994.5,62419,23.414,732.15,571.7,0.12306
6528,10163,63931,43.261,919.8,841.05,0.044721
6528,10685,63998,29.886,550.76,347.9,0.22574
6529,10168,62138,33.894,293.88,100.11,0.49181
6529,10652,63780,20.902,398.97,219.06,0.2911
6530,9254,63624,28.649,513.54,443.04,0.073699
6530,10634,63664,17.689,803.88,423.5,0.30991
6531,9050.2,61772,37.006,257.13,109.05,0.40438
6531,11161,62820,29.878,218.87,132.3,0.24652
6532,9311.8,63161,24.056,236.68,115.87,0.34268
6532,10848,63769,20.276,408.09,264.4,0.21367
6534,8751.8,62119,26.742,431.39,333.98,0.12726
6534,10463,64355,30.934,1046.3,653.61,0.231
6536,10727,63918,30.218,390.87,400.2,-0.01179
6537,10705,63920,30.712,489.9,507.6,-0.017752
6538,9358.6,61991,30.702,288.89,140.65,0.34513
6538,11184,62805,27.783,362.47,143.21,0.4336
6539,10485,63684,20.616,485.55,356.45,0.15332
6540,8982.3,63015,35.378,636.6,213.87,0.49705
6540,9972.6,62284,16.202,774.34,138.76,0.69606
6540,10412,63805,34.616,248.53,258.9,-0.020436
6541,10639,61440,32.987,452.11,215.34,0.35474
6543,9370.9,61585,23.019,693.68,603.14,0.069822
6544,9472.1,61551,16.171,888.17,635.26,0.16601
6544,9985.9,64155,30.723,255.01,234.74,0.041386
6544,10825,63990,35.245,185.49,199.16,-0.035543
6545,8778.7,62976,27.514,325.15,162.27,0.33417
6545,9526,61647,29.036,542.3,313.83,0.26686
6545,10344,61757,33.742,459.5,305.21,0.20176
6546,8688.4,62249,23.767,677.65,472.51,0.17836
6546,10300,62736,34.322,861.35,788.2,0.044348
6546,10393,61725,28.442,535.1,431.3,0.10742
6548,9312.4,62213,31.47,405.82,359.8,0.060115
6549,8795.3,61518,30.554,1363.6,773.34,0.27621
6549,8847.8,61492,29.105,893.92,508.26,0.27504
6550,8841,61557,27.349,975.93,871.39,0.056589
6550,9375.7,63237,33.265,787.58,529.98,0.19552
6550,11595,62491,36.804,258.97,176.48,0.18943
6551,8935.7,61550,25.176,512.75,335.2,0.20939
6551,11593,62330,20.655,1147.4,493.37,0.39859
6552,9068.1,61558,26.218,772.64,404.39,0.31287
6552,9992.7,63590,29.696,273.15,171.88,0.22754
6553,9010.4,61915,30.289,319.43,278.23,0.068931
6553,10642,61967,29.78,393.46,180.7,0.37055
6554,9520.9,61570,17.459,525.34,578.42,-0.048091
6555,9514.3,61597,14.84,505.83,319.99,0.22504
6555,9786.5,63663,33.422,383.44,252.5,0.2059
6555,9887,62280,30.778,215.95,112.95,0.31316
6555,10441,63309,32.381,317.01,283.43,0.055925
6556,11221,63132,37.003,565.31,187.69,0.50149
6557,9548,61565,18.252,459.25,318.31,0.18126
6557,10475,63190,33.246,328.78,160.11,0.345
6557,11165,63001,34.764,418.57,124.41,0.54176
6558,9749.8,64338,33.565,255.14,123.78,0.34668
6560,10099,62386,31.529,340.78,207.8,0.24241
6563,9656.2,63956,21.829,541.03,333.51,0.23729
6563,11182,63594,29.441,183.1,166.2,0.048366
6565,10838,62355,28.704,301.73,136.08,0.37837
6567,9779.8,62342,37.159,195.8,102.33,0.31355
6567,10523,63721,27.687,359.16,208.3,0.26586
6568,8672.5,63830,31.717,469.58,119.76,0.59358
6568,10584,63944,31.915,443.86,208.77,0.36021
6568,10990,61588,37.945,281.58,211.35,0.14249
6569,8850.3,61961,30.622,384.43,320.7,0.090377
6569,9182.9,63765,24.92,657.59,395.88,0.24843
6569,10632,63816,30.644,728.39,539.82,0.14869
6570,9224.8,63689,32.421,240.52,186.88,0.12551
6570,10826,63886,34.325,380.45,257.47,0.19279
6570,11611,63264,33.58,757.8,571.19,0.14041
6572,8956.1,62048,37.862,257.67,146.1,0.27631
6572,9214.2,63011,33.274,460.47,318.82,0.18176
6573,8822.6,62179,36.311,639.67,378.79,0.25615
6573,10525,61461,36.667,1068.7,739.04,0.18236
6574,9526.5,62946,16.73,607.92,312.74,0.32062
6575,10683,61921,31.527,183.09,151.53,0.094308
6576,9666,62011,31.81,206.93,104.24,0.33003
6576,10820,63136,28.463,199.39,209.73,-0.025265
6577,9012.1,61958,28.785,222.1,180.18,0.1042
6577,9625.4,61895,33.131,440.97,465.59,-0.027155
6581,10354,62535,31.481,201.79,147.55,0.15526
6581,11194,62819,26.018,352.67,303.38,0.075124
6582,11277,62733,25.923,326.12,173.64,0.30511
6583,9976.8,61961,28.412,405.2,337.14,0.091679
6584,9825.3,61912,32.21,462.39,613.42,-0.14039
6584,10682,63704,28.352,499.54,389.08,0.12431
6584,10986,62443,31.637,316.07,400.77,-0.11815
6584,11140,61485,25.679,683.07,577.15,0.084047
6585,10428,62000,23.023,369.4,163.45,0.38652
6585,10953,62298,33.041,317.69,270.24,0.080703
6585,11272,63642,17.883,682.88,196.8,0.55256
6586,10733,61964,41.362,629.52,343.08,0.2945
6586,11299,63573,24.885,725.02,163.04,0.63282
6586,11523,63933,36.861,963.96,545.27,0.27742
6587,11282,62532,38.384,492.17,422.69,0.075942
6587,11323,63633,19.609,563.16,108.21,0.67764
6588,11222,62445,30.55,489,298.31,0.24221
6589,9069.1,63060,28.261,517.87,184.29,0.47509
6590,9141.3,63092,33.668,954.11,355.32,0.45729
6590,9756.5,64084,27.517,915.89,316.89,0.48589
6590,10573,62198,31.099,612.17,441.26,0.16224
6591,9134.6,63000,23.383,638.33,170.59,0.57823
6592,8963.8,62915,32.335,578.96,360.99,0.23189
6592,11152,61685,38.447,515.42,418.34,0.10397
6593,8935.3,62868,31.424,713.1,360.66,0.32823
6594,10715,63673,26.891,443.31,225.15,0.32637
6594,11127,61537,31.088,539.52,470.81,0.068008
6595,9596.5,63603,30.409,839,290.18,0.48604
6596,10177,61716,31.981,220.26,235.01,-0.032399
6596,10678,61586,27.577,291.38,291.46,-0.00013671
6597,8788.5,62936,36.861,338.24,121.95,0.47
6597,11088,63754,38.562,683.03,428.91,0.22853
6599,9890.3,63321,32.078,521.35,148.64,0.55629
6599,11148,63632,29.063,536.69,170.34,0.51815
6600,11019,63669,21.8,498.21,279.27,0.2816
6600,11627,63610,35.656,332.23,322.96,0.014151
6601,11049,63702,19.277,561.48,123.67,0.639
6602,8724.1,62559,30.778,448.68,380.19,0.08263
6602,9028.8,61917,28.037,427.73,390.88,0.045021
6602,9591.2,63222,33.915,343.97,319.04,0.037606
6602,11070,63823,20.003,744.7,541.73,0.15778
6603,9147.7,61820,25.159,746.34,598.17,0.11021
6603,11009,63788,19.207,1178.1,782.4,0.20185
6604,9528.2,63771,24.272,733.73,190.85,0.58716
6604,11019,63796,14.522,687.31,300.38,0.39175
6604,11349,62872,30.5,657.39,458.6,0.17813
6605,9171.3,61435,33.256,323.45,194.32,0.24939
6605,11260,62886,20.191,644.38,457.48,0.16962
6608,11005,62476,32.662,478.32,172.26,0.47044
6609,8686.7,62615,28.471,664.56,424.98,0.2199
6609,10657,61464,23.393,342.36,639.58,-0.30269
6611,8795.4,63496,26.707,479.67,228.74,0.35422
6611,9683.8,63232,36.891,828.81,538.7,0.21215
6612,11210,62725,27.69,368.18,171.64,0.36408
6613,10661,63680,34.096,412.09,354.39,0.075283
6613,10684,61408,21.747,262.54,147.78,0.27967
6613,10745,62806,30.556,212.15,138.05,0.21159
6614,9440.9,62947,40.366,602,288.44,0.35215
6614,10697,61401,30.191,239.96,349.26,-0.1855
6615,9595.4,62932,38.657,918.03,485.6,0.30808
6615,11232,62201,31.99,192.78,116.26,0.24761
6615,11657,64136,39.535,181.26,115.19,0.22286
6616,9592.4,62883,17.873,797.13,614.8,0.12914
6617,9541.6,62844,9.4876,794.5,732.79,0.040401
6620,8728.8,61648,32.945,316.26,152.64,0.34894
6620,9082.2,63044,20.939,597.94,375.8,0.22812
6621,9448.7,62914,22.676,614.57,196.46,0.51553
6621,10622,61420,27.598,429.88,387.81,0.05144
6623,8949.9,61460,38.682,681.61,559.03,0.098809
6624,11211,62171,28.411,920.81,484.49,0.31048
6625,11489,62273,21.806,424.93,292.08,0.18529
6626,10744,63653,26.475,293.52,182.61,0.23294
6627,8960.5,64134,36.086,560.53,338.78,0.24657
6627,10604,63713,24.204,403.92,207.26,0.32177
6630,10642,62950,36.267,172.55,118.61,0.18524
6632,9149.2,61802,26.422,318.48,198.09,0.23306
6632,10612,63096,38.618,747.88,116.63,0.73018
6633,9586.8,63920,35.293,179.01,150.98,0.084929
6634,9612.6,62392,36.323,595.04,307.47,0.31864
6635,9644.8,62707,31.526,456.4,232.34,0.32532
6635,10617,62095,35.221,240.15,136.92,0.27376
6635,11203,62384,28.144,357.69,202.5,0.27702
6636,9741.7,62638,38.03,249.99,270.88,-0.040115
6636,9938.8,64079,29.852,298.02,218.88,0.1531
6636,10109,62089,37.314,131.04,199.92,-0.2081
6636,10756,63990,32.093,808.8,526.99,0.21097
6636,11262,62336,19.01,407.38,337.09,0.094413
6637,11235,62281,17.02,510.64,415.55,0.10267
6638,9222.5,63773,29.2,442.89,319.71,0.16152
6638,10916,63776,30.861,261.59,230.19,0.063846
6638,11055,62350,29.096,324.14,277.12,0.078187
6639,9669.3,62699,34.437,458.07,321.83,0.17468
6639,10883,62928,26.985,358.16,275.47,0.13051
6640,10090,62223,30.617,328.87,150.46,0.37222
6641,9134.9,63385,18.975,998.17,523.51,0.31193
6641,11281,63002,33.059,584.18,358.82,0.23898
6642,9060.9,61587,28.819,410.27,311.2,0.13731
6642,10923,63129,28.86,436.75,293.69,0.19584
6643,9051.7,61857,17.975,751.28,433.75,0.26795
6643,10489,63040,29.249,554.46,295.48,0.3047
6647,9774,62870,30.998,260.16,310.31,-0.087916
6648,9310.1,61822,32.521,385.47,254.88,0.20394
6649,10610,61781,42.09,863.8,675.87,0.12206
6650,11282,62522,16.544,545.2,431.61,0.11628
6651,10167,64319,30.01,327.4,178.24,0.295
6652,8788.5,61791,29.199,772.61,772.09,0.00033436
6652,9156.7,62926,33.021,373.82,276.85,0.14903
6652,9831.3,63151,32.39,765.94,418.79,0.29302
6653,10211,63051,21.41,1333,1025,0.13063
6653,10399,63923,32.66,281.59,295.72,-0.02448
6654,10188,63437,35.078,364.07,193.76,0.3053
6654,11085,62764,26.914,207.52,154.85,0.14533
6656,11190,62796,30.318,317.72,197.89,0.2324
6657,9540,61604,32.684,325.74,533.85,-0.2421
6657,9650.5,62353,24.927,596.37,409.06,0.1863
6657,11297,63833,31.855,554.51,294.24,0.30665
6660,9522.1,62356,31.935,307.46,215.05,0.17685
6660,10583,61471,26.915,281.62,271.86,0.017633
6661,10854,62246,29.281,344.45,291.23,0.083719
6662,9725,62320,35.145,211.15,145.84,0.18293
6664,11057,63659,29.684,551.05,570.4,-0.017251
6665,9092.4,63911,30.238,1246.4,845.38,0.19171
6665,10622,61414,24.224,212.33,192.07,0.050098
6665,11322,63764,30.701,501.63,332.16,0.20325
6665,11555,62302,29.863,427.15,415.83,0.013425
6666,9296.2,63697,36.419,332.12,141.48,0.40252
6666,11171,64025,31.758,428.02,187.89,0.38987
6667,9685.9,63915,33.264,437.77,358.22,0.099941
6667,10216,62105,30.499,223.42,141.35,0.22499
6667,11164,63987,25.684,478.28,266.03,0.28517
6668,8732.8,62415,32.334,197.43,155.85,0.11768
6669,8876,64099,29.113,498.02,341.33,0.18668
6673,8892.7,62065,37.152,111.82,106.71,0.023378
6674,8880.3,61879,28.657,233.33,216.66,0.037039
6675,9890.1,63258,27.069,310.97,253.99,0.10085
6676,9675.4,62982,22.748,1319.6,849.72,0.2166
6677,9576.6,62995,25.603,556.13,308.38,0.28658
6679,11275,62613,33.371,210.19,184,0.066436
6680,11343,62631,26.819,557.35,470,0.085023
6681,10871,61440,24.616,565.46,360.61,0.22121
6682,9431.7,61603,23.326,367.17,279.33,0.13587
6682,10733,63695,34.906,402.2,419.23,-0.020729
6684,10522,63708,42.365,1045.7,660.22,0.22597
6684,10613,62213,23.238,348.01,268.98,0.12809
6685,10351,63695,19.744,351.98,148.38,0.40691
6686,9921.9,61612,28.685,656.69,325.58,0.33709
6686,10896,63740,32.431,403.64,269.55,0.19918
6687,10550,61574,38.868,590.7,240.31,0.42164
6687,10952,62381,21.111,652.73,336.95,0.31907
6688,9501.2,61694,28.136,334.01,237.62,0.16862
6688,10511,61520,24.33,429.32,201.32,0.36154
6688,10600,63639,15.704,928.99,700.48,0.14024
6689,8705.8,61649,24.204,845.63,488.37,0.26781
6689,10493,63512,9.9854,722.88,644.8,0.057093
6690,8714.4,61468,22.466,724.18,560.38,0.12752
6690,10467,63489,17.347,514.87,482.17,0.032795
6691,9575.6,63821,28.176,679.04,790.02,-0.075545
6691,10492,63482,17.263,804.32,513.17,0.22099
6692,10598,63520,19.442,1048.4,673.21,0.21795
6693,8729.3,61703,16.104,546.65,480.67,0.064221
6693,10513,63576,32.229,219.57,178.13,0.10419
6693,11265,62905,32.446,348.85,378.89,-0.041283
6693,11229,63392,30.585,484.86,322.97,0.2004
6694,9031.8,62741,30.868,236.65,125.56,0.30672
6694,11026,63702,15.882,1271.6,745.26,0.26099
6695,10844,63692,24.596,509.73,428.39,0.086708
6696,10507,64032,35.022,709.7,370.62,0.31387
6697,9218.2,62083,26.271,569.69,366.32,0.21727
6697,9384,63922,30.057,243.4,157.27,0.21495
6698,10816,62769,31.439,314.81,160.65,0.32423
6699,9505.2,63870,36.766,186.83,159.26,0.079685
6699,10601,61396,23.045,207.97,103.34,0.33611
6699,10860,62815,35.673,323.52,341.32,-0.02677
6701,10895,63653,22.27,470.86,183.99,0.43806
6703,10078,62992,34.307,182.25,130.26,0.16637
6705,10155,63117,29.872,308.72,270.91,0.065243
6705,10771,63204,29.109,376.25,255.7,0.19075
6705,11150,63694,26.787,384.68,180.27,0.36183
6706,10311,63110,32.243,354.11,139.37,0.43515
6706,10692,64245,20.526,828.37,661.81,0.11177
6706,11054,63714,18.673,443.61,307.69,0.1809
6709,10929,62133,27.498,631.57,460.07,0.1571
6710,10103,63112,26.385,314.05,240.01,0.13364
6710,10692,63889,16.703,748.26,516.75,0.18301
6710,10967,62213,24.277,555.87,332.92,0.25084
6711,9764.2,62069,36.536,221.6,117.26,0.30791
6711,10654,63791,23.38,813.13,614.79,0.1389
6711,11017,62243,25.009,359.18,246.3,0.18643
6712,10440,63671,25.19,524.94,412.36,0.12011
6712,11105,62288,32.242,487.18,621.85,-0.12143
6716,9478.3,62825,26.291,225.76,268.5,-0.086474
6718,10283,63907,34.691,202.08,111.4,0.28927
6721,10969,63797,24.651,544.71,354.04,0.21214
6722,10118,64015,18.867,1041.4,668,0.21843
6722,10137,61522,25.218,457.37,772.01,-0.25593
6722,10696,62104,26.851,551.44,425.4,0.12902
6722,10986,63741,17.671,750.72,530.61,0.17179
6723,9637.5,62823,32.916,282.85,240.43,0.081057
6723,11167,62193,29.257,926.2,697.19,0.14107
6725,10412,61632,34.081,446.66,104.72,0.62016
6726,10099,63718,29.309,272.85,177.62,0.21141
6727,10843,61872,32.093,293,314.53,-0.035445
6730,10127,63878,29.296,381.3,194.27,0.32494
6730,10440,61480,28.83,190.87,173.3,0.048254
6733,9774.2,64086,30.331,307.96,220.97,0.16446
6734,9009.6,63186,33.523,284.71,212.99,0.1441
6734,9784,63523,40.403,568.16,334.65,0.25865
6736,8683.9,61771,28.231,412.86,498.16,-0.093632
6739,10291,63609,38.725,346.24,340.62,0.0081823
6739,10740,62736,34.045,405.8,103.78,0.59268
6739,11403,62465,21.979,818.1,153.11,0.6847
6739,11445,63937,31.804,477.82,606.52,-0.11869
6740,10089,63388,40.193,710,754.17,-0.030168
6741,11303,61699,36.864,962.22,915.31,0.024987
6742,9121.9,62819,31.221,320.16,182.35,0.27424
6742,11247,61946,36.434,754.73,259.47,0.48833
6746,8711.7,61954,32.829,447.17,315.3,0.17295
6746,10939,63806,27.686,384.98,121.56,0.52004
6747,9361.8,62795,31.203,904.48,508.58,0.28017
6747,9588.9,62350,24.846,269.78,103.99,0.44356
6749,8962,61454,20.749,926.36,542,0.26177
6750,9111.4,61562,38.738,992.5,573.47,0.26759
6751,8762,62655,19.144,739.8,522.29,0.17234
6751,10401,63691,15.886,987.48,806.35,0.10097
6752,8737.1,61464,34.902,503.62,295.61,0.26027
6752,10623,63821,23.73,1141.1,797.31,0.17737
6752,11553,64344,34.775,614.59,634.45,-0.015896
6753,10539,63842,30.634,873.33,584.32,0.19827
6754,8869.6,63149,32.422,462.92,218.62,0.35847
6754,10051,61610,34.902,659.29,465.36,0.17244
6754,10174,63536,25.974,684.59,668.77,0.011689
6755,9236.1,63948,33.993,239.35,388.91,-0.23805
6755,9909.9,62665,32.141,403.89,117.15,0.55031
6755,10117,63555,23.247,638.94,563,0.063185
6755,10426,62852,36.599,273.71,188.95,0.1832
6756,8708.7,62649,22.296,172.84,308.88,-0.2824
6757,10967,63730,18.88,467.72,238.08,0.32536
6758,8827.2,62509,25.442,538.41,688.18,-0.12211
6758,10992,63784,22.845,678.48,227.23,0.49822
6759,8936.3,62629,32.413,396.39,376.25,0.026067
6759,9670.4,61393,29.567,379.78,408.89,-0.036909
6759,10984,63726,28.511,328.98,242.62,0.15109
6760,9635.2,61423,30.483,340.04,238.75,0.17499
6761,9865.9,62205,22.382,961.3,829.47,0.073616
6763,10150,61666,33.326,307.75,239.13,0.12548
6766,10268,63261,33.968,363.58,151.78,0.41097
6767,9448.8,63070,18.602,413.92,421.13,-0.0086249
6768,9444,63065,15.126,792.82,801.6,-0.00551
6768,10163,62904,25.988,948.5,745.62,0.11976
6768,10158,63002,27.16,708.01,601.66,0.081207
6768,11163,62292,33.01,831.09,602.19,0.1597
6769,9500.8,63079,24.659,1180.8,900.57,0.13464
6770,9662.2,62938,27.398,650.38,557.67,0.076747
6770,11325,61780,26.818,299.92,147.83,0.33967
6771,9810.5,62799,36.587,271.1,288.34,-0.03081
6771,11262,62346,34.506,326.35,148.74,0.37384
6774,9752,63305,26.011,290.39,125.44,0.3967
6775,8842.1,62347,34.63,346.96,381.05,-0.046822
6775,9697.7,63277,22.807,401.6,194.44,0.34756
6775,11126,61699,37.039,500.21,490.56,0.0097427
6776,8809.4,62340,26.531,665.36,383.06,0.26927
6776,10365,62361,37.57,242.52,216.3,0.057156
6776,10959,64239,26.958,351.55,147.93,0.40765
6778,9447.8,62335,26.653,481.94,625.47,-0.12961
6783,8930,61984,32.021,381.21,340.03,0.057094
6786,10668,62244,27.515,304.86,314.86,-0.016143
6787,10929,62247,26.267,546.5,346.21,0.22436
6787,10952,63751,26.33,325.52,218.64,0.1964
6788,10519,63552,28.96,256.24,191.98,0.14338
6789,8738.1,62353,34.522,115.18,134.98,-0.079135
6789,10994,62452,22.706,578.69,349.37,0.2471
6790,9565,62374,21.684,442.39,409.76,0.038292
6790,9787.7,61861,28.206,554.64,445.09,0.10958
6790,10548,63523,21.486,304.9,264.11,0.071677
6791,10533,63405,27.38,479.71,349.96,0.15638
6792,10954,62316,25.823,673.25,627.55,0.035132
6793,9643.9,62045,35.817,170.62,118.84,0.17889
6794,8780,61569,31.135,264.01,136.72,0.31764
6794,9567.4,64017,28.106,287.82,142.99,0.33618
6795,9727.7,64155,31.797,417.07,174.75,0.40945
6796,10353,63520,27.498,233.43,107.74,0.3684
6797,10492,61546,27.507,357.07,153.16,0.39964
6797,11146,62196,27.45,371.88,112.61,0.53515
6798,10693,63702,32.893,243.35,186.81,0.13144
6799,9111.6,64137,11.409,507.01,138.7,0.57039
6800,10474,63379,25.575,323.2,251.45,0.12485
6801,9040.2,62695,31.872,248,148.53,0.25084
6801,10710,62873,30.036,488.74,423.89,0.071061
6805,10337,63499,27.047,688.63,502.47,0.1563
6805,10833,63859,29.835,624.1,401.13,0.21749
6806,9945.8,64376,34.733,325.34,188.46,0.26641
6806,10137,63543,33.655,371.09,297.57,0.10996
6806,10894,63827,32.6,553.76,196.22,0.47674
6806,11339,62878,34.775,335.75,132.68,0.43352
6808,11424,61768,29.498,259.39,153.37,0.25685
6809,10783,61409,24.753,587.54,474.61,0.10632
6810,10715,61643,33.542,300.3,212.69,0.17078
6811,10527,61492,34.263,438.55,331.13,0.13956
6811,11011,63736,31.477,263.38,140.02,0.3058
6812,11043,63760,25.673,433.63,197.56,0.37399
6815,11115,64281,25.957,900.45,518.56,0.26912
6819,10041,62216,24.561,520.7,394.79,0.13754
6819,11194,63124,32.854,633.65,602.62,0.025098
6820,10057,62170,25.651,472.08,433.04,0.043129
6822,10961,64290,17.93,1027,636.95,0.23444
6823,9921.9,62793,31.499,387.76,388.45,-0.00088945
6823,10808,61858,34.45,247.84,131.88,0.30539
6823,10895,64243,28.418,805.58,955.57,-0.085164
6824,10714,62827,25.594,230.95,149.07,0.21547
6824,11020,63743,30.968,309.36,187.5,0.24526
6825,10672,63024,21.599,575.25,291.87,0.32681
6826,9416.6,62834,19.203,389.87,552.17,-0.17228
6826,11065,62906,29.124,195.35,113.06,0.26681
6827,9422.6,62859,19.785,311.6,490.84,-0.22337
6828,9509.2,62902,28.508,729.69,1237.2,-0.25804
6828,10598,62675,27.229,999.65,757.32,0.13793
6829,10660,62766,26.87,999.68,739.16,0.14982
6830,10268,62975,36.111,835.61,580.67,0.18001
6831,8832.3,63829,37.228,476.1,371.56,0.12333
6831,11263,62483,36.876,421.77,356.31,0.084128
6834,10563,63385,31.912,234.33,306.71,-0.13379
6834,10977,62565,22.751,263.7,228.24,0.072087
6835,8684.2,61949,27.532,310.3,180.53,0.2644
6837,9376.3,62117,25.962,489.35,412.38,0.085364
6837,10982,62147,30.305,367.84,122.93,0.49903
6838,9425.1,62368,33.067,326.52,244.36,0.14393
6838,10429,63458,26.487,215.66,204.95,0.025457
6839,10410,63438,26.094,389.96,332.07,0.080175
6840,11242,62471,27.701,779.74,411.7,0.3089
6841,9512.2,62330,27.356,404.97,259.61,0.21873
6841,11323,62545,29.395,947.29,1079.2,-0.065099
6842,10967,61630,28.661,987.71,706.41,0.16605
6842,11152,62345,28.384,716.91,366.71,0.32317
6843,10990,63732,21.307,425.18,427.33,-0.0025229
6844,10313,61964,31.423,1168.4,672.14,0.26962
6849,11481,63207,33.36,299.7,176.9,0.25765
6851,9912.2,61466,25.669,264.23,110.7,0.40947
6854,9895.4,61394,31.151,627.84,435.96,0.18038
6855,9220.6,63320,22.743,220.32,191.78,0.069268
6855,10097,64218,28.937,570.73,284.66,0.33444
6855,10588,63650,28.298,412,417.2,-0.0062681
6856,10153,62206,26.883,1038.9,649.78,0.23043
6856,11631,61587,24.282,488.8,400.69,0.099059
6857,9144.7,63353,31.259,447.72,599.52,-0.14496
6858,10187,62028,31.045,488.62,159.25,0.50839
6858,10322,63813,22.744,1144.1,840.35,0.15306
6859,10175,61839,38.46,253.83,160.55,0.22512
6859,10449,63351,46.319,521.83,311.33,0.25266
6860,9165.1,63495,30.482,538.39,978.46,-0.29012
6861,9239.6,63548,33.775,296.33,282.68,0.023566
6861,9864.5,62082,40.905,425.59,238.06,0.28258
6863,10955,62300,21.081,762.46,439.09,0.26912
6864,10087,64236,31.457,157.88,115.47,0.15514
6864,10922,62376,23.339,408.37,237.88,0.26382
6864,11483,62787,32.514,424.22,259.77,0.24042
6865,11388,62727,20.549,636.24,380.87,0.25107
6866,8807.3,61711,30.08,679.85,214.54,0.52025
6866,11420,62402,26.32,1053.6,659.74,0.22987
6867,10809,62185,35.997,823.67,731.88,0.059008
6867,11393,62289,26.106,761.1,646.68,0.081278
6868,11293,62113,26.802,542.04,503.66,0.036695
6870,9519.4,62355,31.651,461.23,245.92,0.30447
6871,9319.5,64129,24.196,413.82,338.08,0.10073
6871,10564,63807,29.133,570.88,228.56,0.42819
6874,11237,61708,33.28,212.36,115.6,0.29503
6875,9510.3,61396,30.184,355.91,194.1,0.29418
6877,9076.6,61480,22.652,312.34,172.69,0.28791
6877,9081.4,63219,25.752,641.66,232.34,0.46833
6877,10240,61788,34.479,246.95,350.64,-0.1735
6878,9266,63548,29.584,794.14,323.58,0.42101
6878,9969.4,64084,34.533,213.08,121.54,0.27358
6878,11411,62893,40.087,406.55,133.71,0.50501
6879,9207.1,63326,28.302,773.51,478.23,0.2359
6880,9131.4,63296,31.062,777.27,640.74,0.096283
6881,9132.9,63822,33.466,351.72,233.09,0.20286
6882,10650,63181,38.989,223.06,148.59,0.20039
6883,10611,63022,33.26,267.13,469.09,-0.27433
6883,11294,62734,35.014,154.66,203.02,-0.13519
6884,9080.5,63981,33.849,305.17,184.01,0.24768
6884,10058,63855,29.652,339.07,353.37,-0.020658
6885,9474.8,62341,23.867,352.57,328.38,0.035516
6885,10759,62923,38.769,413.36,758.54,-0.29455
6885,11220,64360,28.812,411.25,202.89,0.33927
6886,11059,62504,28.284,350.38,145.67,0.41267
6887,8684.2,62354,23.342,927.95,323.26,0.48329
6888,9986.6,63121,38.216,399.69,480.36,-0.091667
6890,11628,61764,34.512,351.54,241.87,0.18482
6891,8740.4,63262,33.611,213.94,264.69,-0.10603
6892,8919,63173,29.497,294.7,104.67,0.47582
6892,11473,62287,33.764,189.99,116.34,0.24041
6894,9022,61459,32.548,645.9,631.06,0.011617
6894,9595.1,62353,30.992,341.84,231.47,0.19251
6895,9523.9,62431,21.323,476.58,483.74,-0.0074563
6896,9635.8,62272,35.787,826.29,845.06,-0.011227
6897,11190,63344,31.271,306.71,126.19,0.417
6898,11403,64263,27.253,479.15,115.49,0.61155
6899,9438.5,62918,27.22,367.12,177.76,0.34752
6900,9077.1,61866,23.158,338.2,189.28,0.28233
6900,10741,62346,22.96,624.77,281.57,0.37867
6901,10915,62654,33.76,675.69,481.57,0.16774
6901,11121,62041,27.951,651.87,252.67,0.44133
6901,11049,64026,29.166,357.36,187.09,0.31274
6902,9824.3,63262,11.668,577.59,549.72,0.024723
6902,10651,62856,23.111,541.78,370.41,0.18786
6902,11424,64321,26.473,504.72,315.45,0.23077
6903,9806.9,63280,11.828,575.37,641.01,-0.053964
6903,10681,62760,27.396,673.77,603.13,0.055318
6904,10990,62584,34.164,543.62,148.2,0.57158
6905,8745.4,62782,20.521,999.37,844.69,0.08388
6905,11055,63756,29.091,522.88,296.88,0.27568
6906,8922.4,61505,27.901,360.52,179.69,0.33473
6909,10486,64051,31.476,289.78,321.17,-0.051367
6910,8747.8,62622,35.791,159.39,160.05,-0.0020859
6910,10272,63065,29.191,219.82,122.15,0.28561
6911,10601,63514,32.477,446.1,562.93,-0.11579
6912,10705,63652,27.339,793.24,642.02,0.10536
6913,10985,63701,18.897,541.32,438.86,0.10453
6914,10789,63656,23.838,802.46,476.62,0.25475
6915,9376.8,61528,31.377,407.79,186.73,0.37183
6915,11596,61416,30.379,216.24,133.9,0.23516
6916,11610,64117,33.925,338.47,247.16,0.15592
6917,10943,63841,16.22,863.21,782.42,0.049095
6918,9181.8,61970,28.411,238.59,200.93,0.085695
6919,11164,61711,33.967,394.29,355.4,0.051883
6921,9152.8,63900,28.997,405.37,385.57,0.025037
6921,10580,61444,31.726,207.77,220.05,-0.0287
6921,11602,61443,24.486,464.09,255.66,0.2896
6922,10910,62939,37.38,161.6,211.88,-0.13465
6924,9748.2,62222,21.424,478.96,287.6,0.24963
6926,9520.1,62287,19.114,416.64,262.97,0.22612
6927,11596,61502,28.333,887.13,538.11,0.24489
6928,8820.2,63474,36.534,365.64,375.51,-0.013315
6928,9126.7,62305,25.361,644.43,384.12,0.25309
6928,11649,62813,31.333,611.67,516.28,0.084564
6930,10555,61632,34.563,265.61,180.11,0.19182
6931,11578,62183,38.178,367.14,296.66,0.10618
6932,11272,61532,23.218,377.93,294.66,0.1238
6933,9119.7,61960,33.616,345.76,202.36,0.26161
6933,11460,62656,34.611,200.4,173.43,0.072147
6935,8980.9,62208,34.83,398.86,252.71,0.2243
6935,10374,61829,36.412,338.64,189.69,0.28193
6937,9452.1,62363,35.019,210.28,218.46,-0.019096
6937,9682.6,63335,37.52,355,245.3,0.18273
6937,10251,61816,38.85,418.27,290.49,0.18029
6937,10268,62636,35.783,416.95,287.04,0.18454
6937,10970,63700,27.893,380.78,199.23,0.31302
6937,11101,62603,32.663,588.7,210.34,0.47351
6938,10281,62380,36.312,447.33,335.08,0.14347
6938,10852,63680,18.953,662.95,370.34,0.28318
6938,10921,64116,34.295,874.97,746.27,0.079381
6939,10022,62230,23.577,600.11,543.89,0.049144
6939,10900,63819,22.777,591.13,682.78,-0.071943
6940,10680,62791,32.656,465.57,173.32,0.45744
6940,10781,63975,26.93,397.99,443,-0.053523
6942,11488,62728,37.156,204.01,228.06,-0.055653
6943,8999,62390,38.23,313.95,263.12,0.088067
6943,9513.9,64008,29.131,300.17,209.69,0.17744
6943,10494,62119,26.103,190.3,184.4,0.015748
6943,11510,62754,24.996,359.08,388.72,-0.039641
6944,9263.4,62402,34.522,233.04,261.3,-0.057159
6944,9921.9,61565,19.342,465.4,336.81,0.1603
6944,10392,63710,36.128,541.27,550.06,-0.0080588
6945,9511.1,62346,35.974,348.73,330.11,0.02743
6945,9732.4,63951,27.183,980.9,484.16,0.33906
6945,11353,62734,38.085,440.18,648.51,-0.19136
6947,9508.8,63478,28.492,558.26,120.72,0.64441
6947,10697,63752,39.568,386.36,137.17,0.47598
6948,9007.8,62080,34.629,272.31,124.95,0.37095
6948,9791,61527,30.183,338.57,307.01,0.048897
6949,10453,63495,23.039,360.48,198.55,0.28967
6949,10576,64210,22.868,389.99,152.14,0.43873
6950,10458,63578,39.248,296.24,328.25,-0.051253
6953,9554.6,63503,31.911,232.09,169.08,0.15705
6953,11152,62183,37.192,592.43,230.2,0.44033
6955,9431.4,61476,35.339,313.82,274.68,0.066511
6955,10061,61444,33.422,440.04,323.25,0.15301
6955,11199,61818,28.412,510.48,465.73,0.045834
6956,9776.8,61579,26.314,602.77,289.59,0.35095
6957,10587,63677,36.234,924.01,622.53,0.19494
6957,11161,61824,31.434,867.42,541.68,0.23116
6958,10626,63939,24.668,568.56,266.43,0.36184
6959,10623,61404,35.075,733.89,883.19,-0.092324
6960,9480.7,62197,22.727,329.1,209.92,0.22111
6960,10551,61896,38.08,365.35,297.38,0.10255
6961,9506.4,62340,37.047,424.61,273.38,0.21666
6962,9577.8,63919,33.825,250.99,178.41,0.16901
6963,9528.2,62107,39.506,430.63,372.57,0.072287
6963,10602,62924,34.526,195.99,132.02,0.19504
6964,9465.9,62329,29.589,688.75,436.21,0.22449
6964,9580.8,64080,32.407,871.21,379.83,0.39278
6965,9434.6,62347,23.297,455.05,271.51,0.25261
6965,10129,61978,32.108,417.14,143.26,0.48872
6965,11036,61947,29.811,811.48,693.95,0.078072
6966,9662.8,64218,33.013,565.53,496.52,0.064987
6966,11052,61817,16.853,1022,750.59,0.15311
6967,9767.8,64132,23.553,469.45,392.43,0.089364
6967,10007,62860,31.936,429.76,262.4,0.2418
6967,10916,63772,26.117,487.38,236.12,0.34729
6967,11136,61717,24.254,525.96,384.98,0.15475
6968,8899.6,63025,33.244,543.42,577.42,-0.030333
6968,9456.9,63395,33.64,388.49,201.22,0.31757
6969,11472,61906,33.917,264.76,227.07,0.07663
6974,11263,61423,22.662,384.85,264.2,0.18588
6975,9139,61744,32.278,516.22,270.39,0.31253
6976,9351.1,61698,27.965,467.06,333.15,0.16734
6977,9200.5,61786,26.599,631.06,494.25,0.12158
6977,10298,64324,9.5649,757.55,464.06,0.24025
6978,9258.1,61889,17.691,1167.7,781.16,0.19833
6978,10285,64330,12.952,464.56,439.59,0.027613
6979,9305.4,61633,26.562,1324.5,910.82,0.18507
6979,10480,62196,30.911,516.62,329.52,0.22112
6980,9917.5,63740,33.58,494.51,429.51,0.070354
6980,10950,63681,30.262,532.34,410.04,0.12978
6981,8742.4,62084,31.225,629.15,593.01,0.029571
6981,9763.8,63974,32.354,745.87,443.48,0.25425
6981,11582,62870,33.027,410.95,268.12,0.21033
6982,9124.8,64037,26.425,344.23,157.7,0.37162
6982,9661.4,63700,29.018,258.98,103.89,0.42738
6984,9479.5,62383,23.364,355.59,202.58,0.27414
6985,9486.4,62331,28.935,387.32,305.29,0.11844
6987,9378.6,62418,35.46,256.71,208.97,0.10251
6987,10392,63494,36.319,297.13,353.3,-0.086364
6987,11464,62615,35.126,273.95,162.1,0.25652
6988,10450,63563,18.377,391.45,224.27,0.27153
6989,10487,63456,24.624,265.82,187.17,0.17363
6990,9266.7,62787,33.681,273.72,260.04,0.025622
6990,9493.9,63436,33.039,147.45,105.1,0.16769
6990,10772,63786,35.877,416.27,109.52,0.58341
6992,8692.1,64112,29.997,213.33,208.29,0.011962
6992,9287.4,63004,30.9,311.77,323.64,-0.018678
6993,9546.5,61797,31.349,477.49,381.1,0.11226
6993,9562.1,62335,25.321,757.83,559.88,0.15022
6993,10928,61403,32.97,314.46,403.37,-0.12387
6994,9448.5,62306,15.123,796.36,501.7,0.227
6994,10463,64206,29.113,492.07,671.77,-0.1544
6994,11620,62133,30.739,499.8,427.12,0.078411
6995,8804.3,63245,31.791,237.21,218.8,0.040376
6995,9437.6,62283,25.445,341.94,240.06,0.17505
6995,10337,64186,32.891,632.81,972.98,-0.21184
6996,9399.2,62269,38.136,176.04,185.46,-0.026052
6996,10301,62275,35.631,158.59,118.56,0.14444
6996,10253,64237,26.508,403.72,619.67,-0.21102
6997,9736,63415,32.867,484.78,305.8,0.22639
6997,11454,62871,31.878,213.12,205.77,0.017555
7000,11448,62295,31.574,368.19,324.38,0.06327
7003,9641.1,61944,23.092,707.32,794.39,-0.057981
7003,10236,62209,26.226,516.18,290.12,0.28038
7004,9597.5,61747,32.14,355.14,526.19,-0.19408
7004,10204,63971,32.577,384.41,106,0.5677
7006,9585.5,63913,28.842,429.5,215.62,0.33154
7007,10188,63623,31.926,241.81,297.12,-0.10262
7008,10228,61838,37.225,522.78,132.16,0.59641
7008,10297,64190,34.793,133.25,116.19,0.068411
7008,10389,62266,32.312,283.54,222.17,0.12136
7008,10453,63536,22.923,207.68,165.5,0.11304
7009,10051,62076,23.607,270.67,178.9,0.20413
7009,11306,61757,37.823,562.08,516.68,0.042086
7010,10074,61919,25.054,566.06,413.06,0.15626
7010,11181,61695,27.712,792.68,393.55,0.33647
7011,10564,62092,22.316,1244.4,710.55,0.27309
7011,11302,61840,20.511,376.67,359.57,0.023224
7012,10629,62019,21.309,615.47,434.15,0.17275
7013,10063,64357,36.088,310.53,249.31,0.10936
7014,10111,62707,26.618,303.65,162.66,0.30235
7015,9220.5,62976,41.119,354.87,252.17,0.16919
7015,9979,62746,34.468,362.78,110.42,0.53329
7016,10627,61907,26.828,526.75,349.03,0.20293
7017,10685,61676,39.239,373.76,238.51,0.2209
7018,10236,62532,28.797,268.24,157.22,0.26094
7020,9638.1,62767,29.025,170.12,126.7,0.1463
7021,9047.4,63745,32.55,262.22,204.07,0.1247
7023,10727,62075,31.562,331.21,180.47,0.2946
7023,10629,63659,20.73,604.7,170.27,0.56057
7023,11227,61532,26.574,542.96,220.37,0.42261
7024,11319,61694,23.556,316.21,171.43,0.29688
7026,8718.3,63589,29.819,288.67,101.42,0.48001
7028,9979.4,62035,27.897,379.8,305.65,0.10817
7028,10858,61892,34.85,227.34,240.31,-0.027736
7029,10502,64377,35.924,287.06,167.25,0.2637
7029,10681,61905,30.397,331.84,200.09,0.24769
7030,9317.6,62666,36.664,255.84,207.34,0.10471
7031,9375.7,62818,22.566,748.81,450.65,0.24858
7032,9745.1,62150,33.439,348.23,424.68,-0.098916
7032,10564,63620,20.964,1127.2,785.74,0.17849
7032,11514,62260,30.919,356.35,209.04,0.26056
7033,10386,63631,22.889,535.99,622.54,-0.074707
7034,10421,63498,20.366,302.14,201.16,0.20063
7037,9879.4,62178,32.48,470.79,261.34,0.28608
7038,9948.5,62299,22.756,226.1,135.79,0.24954
7038,10429,63527,37.192,212.91,136.84,0.2175
7039,9448.7,61664,36.266,354,346.62,0.010542
7040,10960,63780,31.929,207.79,124.49,0.25069
7041,8992.8,61995,30.07,208.2,227.25,-0.043752
7041,11589,61681,37.914,600.76,424.3,0.17214
7042,10155,62166,34.835,303.69,233.25,0.13118
7042,11471,61894,30.935,751.43,626.26,0.090854
7043,10172,62074,32.984,361.17,315.14,0.068072
7043,11644,62094,25.249,487.9,433.94,0.058538
7044,9725.1,61749,30.709,392.1,163.59,0.41123
7044,10273,62068,32.241,438.06,137.75,0.52154
7045,10038,61447,27.814,271.47,169.68,0.23072
7045,10109,62223,29.279,345.27,302.74,0.065631
7047,11339,64176,28.223,438.5,206.87,0.35891
7048,9979.8,63125,33.968,264.27,283.43,-0.034985
7048,11423,61542,30.018,506.61,252.24,0.3352
7049,9889.8,63059,29.88,258.57,134.72,0.3149
7049,11224,61605,21.848,570.11,246.59,0.39613
7050,9262.7,62903,34.037,177.88,137.58,0.12773
7050,11251,61553,32.965,598.43,117.29,0.67224
7052,9981.2,64204,31.933,571.19,243.99,0.40138
7052,10715,61409,22.219,353.54,157.43,0.38381
7053,9920.2,64020,29.481,458.95,126.8,0.56705
7053,10764,63291,30.202,390.61,497.46,-0.12031
7053,11230,61452,34.481,671.15,462.08,0.18449
7054,10618,61482,29.344,909.67,552.6,0.24419
7055,9558.8,62137,30.166,586.94,414.65,0.17202
7055,10678,61424,27.357,390.96,295.81,0.13856
7056,10471,63491,32.867,180.83,153.62,0.081344
7056,11591,62951,17.791,379.23,256.89,0.19233
7057,8713.1,61818,32.509,444.83,474.48,-0.032254
7057,10468,63511,15.046,505.7,423.57,0.088384
7057,11465,63585,31.737,441.45,336.24,0.1353
7057,11421,61822,40.974,449.21,163.12,0.46722
7058,9081.9,62621,25.844,1363.8,793.59,0.2643
7058,10417,63423,16.131,691.9,686.48,0.0039329
7059,10016,63308,36.798,405.28,386.78,0.023358
7059,10455,63497,15.735,341.78,289.95,0.082048
7060,10733,61405,16.523,841.08,594.65,0.17164
7061,9206.7,63333,31.409,641.43,208.29,0.50975
7061,10011,61796,23.621,463.77,145.87,0.52144
7062,9051.8,61847,36.08,424.44,292.74,0.18363
7064,9520,63362,27.639,412.38,148.2,0.47126
7064,10379,63611,33,382.56,449.47,-0.080421
7066,10583,63684,32.883,841.87,690.14,0.099044
7066,11051,61436,34.584,379.67,279.01,0.15282
7067,10576,63582,23.298,627.95,268.14,0.40153
7068,9431.1,61817,31.276,606.82,335.26,0.28826
7072,9288.2,61912,41.537,291.89,134.05,0.37056
7072,10602,63925,28.891,470.61,245.31,0.3147
7073,10476,64020,31.286,395.47,337.02,0.079793
7074,10820,62153,36.092,380.71,208.39,0.2925
7075,11520,62013,30.718,484.33,566.82,-0.078483
7076,9396.4,61682,31.053,441.01,217.63,0.33916
7076,9410.8,61678,28.599,562.4,268.05,0.35445
7076,10120,63878,33.988,463.84,195.99,0.40593
7077,9532,61658,27.883,490.01,303.01,0.2358
7077,10447,62130,35.35,491.47,326.8,0.20124
7078,10479,62103,41.459,729.71,678.36,0.036464
7080,9261,62986,36.869,168.58,139.08,0.0959
7080,10551,62010,25.062,256.71,118.6,0.368
7081,10384,63802,31.7,409.06,236.38,0.26753
7081,10671,62238,27.804,482.73,213.88,0.38594
7082,10781,62315,31.061,634.73,425.93,0.19686
7084,8812.5,61405,25.136,487.16,134.73,0.5667
7084,10333,63680,34.519,598.14,484.05,0.10543
7085,8956,61520,25.949,504.18,191.13,0.45023
7085,11637,61735,35.852,563.56,432.51,0.13156
7086,11320,64024,26.675,699.41,263.55,0.45263
7087,8743.6,64177,32.323,450.5,270.93,0.24891
7089,9036.9,64077,34.786,623.79,516.75,0.093858
7089,9179.4,62227,35.791,280.29,239.64,0.078184
7089,11169,62003,34.62,662.13,348.6,0.3102
7090,9119.9,64120,27.831,611.7,263.54,0.39779
7091,9373.9,63016,26.794,435.16,505.94,-0.075219
7091,11502,64116,35.1,312.48,117.59,0.45317
7093,9990.6,62156,24.631,430.33,165.74,0.44388
7093,10772,63150,32.111,525.76,335.15,0.22141
7094,10580,63076,33.894,424.97,246.67,0.26547
7095,11059,61696,31.544,483.07,244.57,0.32777
7096,9112.3,62750,30.81,400.59,111,0.56608
7098,9449.6,63460,32.275,706.97,816.32,-0.071783
7099,8899.7,61728,35.246,363.69,265.42,0.15621
7099,10753,63465,32.532,370.25,349.66,0.028594
7101,10934,63610,29.777,316.29,333.97,-0.027185
7102,8882.6,63837,33.282,721.56,622.07,0.074043
7102,9493.2,61580,18.598,450.83,255.62,0.27633
7102,10888,62356,35.277,288.44,178.62,0.23512
7103,9018.9,63936,26.752,612.91,343.93,0.28111
7103,10606,63787,24.551,558.34,133.84,0.61328
7104,10790,62333,31.867,446.86,196.11,0.38999
7104,10666,63745,28.981,463.33,262.69,0.27636
7105,8676.8,61519,35.685,304.55,152.61,0.33235
7105,9991.4,62185,31.588,625.59,406.3,0.21251
7106,10182,62284,14.023,863.02,441.12,0.32351
7106,10865,64338,21.898,770.1,168.18,0.64151
7107,9822.4,63274,36.888,361.41,198.69,0.29054
7108,9560,62920,28.055,506.15,564.24,-0.054265
7110,9537.2,62514,30.994,764.89,729.11,0.023946
7110,9498.6,62876,25.315,417.94,250.19,0.25107
7112,9213.2,62682,35.163,411.03,272.2,0.2032
7112,10680,63041,28.504,494.02,325.96,0.20496
7113,10518,61967,23.681,368.71,277.28,0.14154
7114,9108.3,62667,24.066,407.99,232.84,0.27331
7115,9037.4,62749,31.303,478.94,391.86,0.099996
7116,8915.7,62667,27.256,722.25,377.24,0.31379
7117,8864.4,62731,22.548,880.37,674.39,0.13248
7117,9311.4,63929,42.036,441.36,549.89,-0.10949
7117,11593,63990,32.692,242.66,219.71,0.049635
7118,9305.8,62864,31.388,447.5,288.97,0.21526
7118,11413,62661,35.238,369.02,591.76,-0.23183
7119,9905.3,61778,35.58,290.01,169.09,0.2634
7119,10729,61608,34.136,192.21,112.79,0.26038
7120,8773.3,61620,29.792,498.47,544.85,-0.04445
7122,9250.5,62769,30.518,177.69,105.06,0.25687
7124,9302.8,62510,30.7,299.68,308.66,-0.014769
7125,11434,63569,33.317,146.94,122.05,0.092524
7126,9250.8,63081,34.169,658.05,614.77,0.034001
7127,11164,62123,36.403,454.54,357.55,0.11943
7128,11232,62227,23.207,721.42,585.63,0.10389
7129,10849,64364,34.869,205.31,138.78,0.19334
7129,11241,62138,34.785,882.01,601.8,0.18884
7130,10621,63621,20.763,984.56,524.23,0.3051
7131,10554,63612,41.148,742.52,402.87,0.29654
7134,8775.3,63136,28.325,350.38,203.63,0.26488
7134,10133,62267,30.042,455.26,379.42,0.090858
7135,9906.5,64253,38.623,488,194.38,0.43028
7137,9563.8,63975,24.18,221.96,128.22,0.26768
7137,9939.8,61853,36.5,750.09,800.44,-0.03247
7137,9955.8,61616,32.747,551.57,558.01,-0.0057992
7138,8854.6,61653,28.118,381.01,148.42,0.43933
7138,9639.4,62825,37.319,527.96,441.92,0.088709
7138,10132,61511,30.628,440.19,490.24,-0.053792
7139,9062.1,62977,33.493,702.18,326.16,0.36565
7140,9159.4,63024,32.503,472.15,301.05,0.22129
7142,8992.4,62655,23.412,345.21,118.71,0.48824
7142,10971,62141,28.348,271.79,218.7,0.10825
7143,10914,61926,36.327,525.27,310.76,0.25657
7146,11020,63746,32.009,255.02,208.73,0.099814
7147,9413.3,62857,34.495,175.89,171.89,0.011515
7147,11137,63749,24.781,549.31,490.33,0.056725
7148,11433,63830,34.519,392.08,477.75,-0.098493
7150,11332,61556,26.589,492.76,115.05,0.62143
7152,11255,61494,18.143,587.35,135.98,0.62401
7153,8891.5,64207,31.274,442.51,199.13,0.37931
7153,9473.5,61522,33.221,364.82,256.64,0.17407
7157,8994.4,63110,27.961,655.71,510.93,0.1241
7157,11492,63871,37.087,272.76,167.43,0.23927
7158,9229.3,63886,25.723,394.29,191.94,0.34517
7160,9207.6,63527,26.671,382.41,226.65,0.25573
7160,11046,61968,27.295,557.63,268.4,0.35014
7162,10140,63934,30.63,660.14,631.61,0.022085
7163,9702.8,63928,23.3,1168.7,505.05,0.3965
7163,11180,62004,27.317,336.15,168.39,0.33251
7164,9465.4,63860,28.632,553.54,293.51,0.30698
7165,9156.6,61886,23.421,781.29,476.14,0.24268
7165,10978,61844,36.276,431.51,103.44,0.61327
7166,10032,64318,29.993,309.51,183.1,0.25661
7168,8760.5,61907,33.299,486.26,491.14,-0.0049943
7168,11039,61530,25.488,534.59,245.54,0.37051
7169,9833.4,62794,35.843,268.94,148.3,0.28914
7169,10282,64050,30.981,244.77,217.25,0.059548
7170,9022.7,61942,32.258,350.88,363.5,-0.017667
7170,10472,63340,36.028,348.89,141.84,0.42193
7171,9055.2,62023,33.813,365.55,222.88,0.24245
7171,10573,63138,36.826,355.93,327.16,0.042111
7172,8762.3,62437,33.359,331.09,205.09,0.23499
7172,9100.5,61978,30.263,459.64,447.96,0.012869
7172,10813,63667,43.131,1005.9,1193.3,-0.085244
7173,8892.4,62494,27.559,266.66,245.27,0.041778
7173,10293,62998,28.969,928.35,677.52,0.1562
7173,10675,63463,39.651,966.89,953.47,0.0069837
7174,8725.4,61894,25.477,237.05,301.45,-0.11959
7174,10058,64377,28.563,221.37,103.95,0.36092
7175,8898,62120,28.015,698.82,839.12,-0.091222
7177,8794.5,63199,24.934,852.66,645.26,0.13846
7177,11049,62122,37.822,386.22,367.63,0.024664
7177,10943,63799,26.122,424.86,364.55,0.076401
7178,10925,63685,20.714,588.15,312.66,0.30583
7180,9042,63701,26.346,409.31,232.32,0.27585
7180,9948.7,63988,34.566,368.47,333.36,0.050022
7180,11293,61469,37.53,565.42,267.42,0.35781
7181,11204,61597,19.983,889.16,486.06,0.29312
7181,11235,62913,37.257,449.26,331.89,0.15026
7181,11376,62314,27.788,756.04,738.95,0.011432
7182,11340,62455,37.233,853.68,466.47,0.29331
7184,10603,61426,27.88,397.4,286.84,0.16159
7185,11353,62391,33.205,372.35,147.37,0.43289
7186,8799.4,62877,31.221,537.36,334.48,0.2327
7187,8903.3,63683,39.165,439.57,307.2,0.17725
7187,9946.4,63063,18.509,428.85,433.65,-0.0055566
7187,10605,61643,20.349,601.25,474.59,0.11773
7191,9519,62208,28.917,692.47,402.57,0.26474
7191,9714.1,63954,30.076,534.21,227.16,0.40328
7191,10894,63702,27.887,250.96,172.81,0.18441
7192,9521.3,62123,23.956,690.37,584.11,0.083377
7193,10508,62048,37.905,319.95,281.36,0.064173
7193,11205,61435,26.24,377.76,428.47,-0.062899
7195,9810.4,63403,39.634,717.92,708,0.0069571
7197,9241.2,63640,29.4,785.71,526.02,0.19797
7197,11481,61757,30.038,524.81,493.25,0.031002
7198,9220.9,63521,25.528,309.95,225.08,0.15863
7198,9929.2,62867,34.354,570.11,379.69,0.20048
7198,10746,63880,32.883,251.9,117.1,0.3653
7198,11567,61878,27.171,312.27,411.89,-0.13757
7199,10108,62348,28.878,914.82,677.11,0.14932
7200,9420.9,63714,32.341,427.9,288.7,0.19426
7201,9253.2,63551,34.793,547.61,340.56,0.23312
7201,11065,63923,37.741,655.33,329.49,0.33086
7202,10317,61679,33.186,456.63,357.61,0.12162
7202,11359,62175,34.102,332.85,309.96,0.035611
7203,9445.2,62351,35.753,244.41,295.25,-0.094194
7203,10577,61554,34.841,817.12,298.2,0.46527
7204,9498.9,62394,21.055,269.05,286.43,-0.031294
7204,11114,61873,35.448,564.59,376.28,0.20015
7204,11538,61770,31.599,787.74,438.03,0.2853
7205,11123,64230,31.01,379.75,203.93,0.30122
7206,10932,64250,28.433,746.05,541.56,0.15881
7207,11536,61960,33.557,386.17,244.26,0.22511
7208,9772.6,62910,35.545,734.67,251.95,0.48927
7208,10993,63811,26.698,464.07,417.26,0.053117
7209,8856.9,61427,40.251,542.38,553.37,-0.010026
7213,10369,61443,26.516,621.57,264.27,0.40335
7213,11046,63792,20.647,700.25,439.01,0.22931
7214,10124,61435,30.109,548.55,402.18,0.15395
7214,11015,63848,15.424,397.92,274.83,0.18296
7216,9410,62888,23.264,532.86,297.46,0.2835
7220,10443,61677,38.15,280.44,343.99,-0.10178
7221,9457.1,62360,26.802,505.36,359.1,0.1692
7222,9476.5,62331,36.566,636.71,502.07,0.11823
7224,9450.2,62380,20.881,737.29,490.41,0.20109
7224,11492,62647,20.117,588.55,165.65,0.56072
7225,9449.1,62334,23.527,550.64,202.37,0.46251
7226,9226.6,62276,39.094,351.24,236.67,0.19487
7227,9420.5,62395,29.501,505.16,342.69,0.19162
7227,10896,61694,36.485,608.54,175.23,0.55285
7228,9461.2,62347,18.457,678.76,637.19,0.031587
7229,9491.4,62356,17.887,257.54,203.92,0.11619
7230,9406.8,62298,25.663,477.01,313.78,0.20642
7237,8812.4,62530,35.275,181.25,182.14,-0.0024366
7237,10478,62845,33.82,223.35,128.19,0.27071
7238,10201,62969,29.783,548.79,640.03,-0.076748
7238,11370,63233,29.937,257.77,146.28,0.27594
7239,8945.5,64023,40.324,502.1,475.31,0.027404
7240,10488,63987,32.58,490.29,372.4,0.13665
7240,10762,62948,30.456,460.25,309.28,0.19619
7241,9298.1,63256,36.412,271.78,129.59,0.35425
7241,11078,62030,34.245,410.49,229.27,0.28326
7244,8878.1,63556,31.526,237.55,197.56,0.09191
7244,11192,62088,35.159,399.02,218.27,0.29281
7245,10363,61774,36.669,546.51,436.24,0.11221
7246,9387.5,62308,35.794,168.4,125.35,0.14656
7246,10951,62462,29.787,817.59,494.34,0.24639
7247,9810.1,63868,37.791,183.98,158.82,0.073384
7247,10781,61535,25.293,274.37,175.13,0.22077
7247,10809,62450,28.099,398.8,551.2,-0.16043
7248,9585.8,63055,37.308,459.02,313.66,0.18813
7248,10688,63379,37.645,542.24,305.65,0.27903
7249,10422,63583,16.922,731.99,481.67,0.20625
7250,10392,63907,21.295,1043.3,843.62,0.10581
7251,8862,63481,27.673,208.72,169.55,0.10355
7251,10676,62686,36.322,301.87,223.12,0.15
7251,10959,63134,33.299,435.77,320.04,0.15311
7252,8850.3,63456,22.584,611.12,232.76,0.44836
7252,10011,62916,30.064,613.28,258.05,0.40768
7252,10765,62974,34.156,253.31,267.19,-0.026654
7254,11158,62069,31.888,306.56,1220.7,-0.59855
7255,9758.2,62391,37.939,335.97,295.53,0.064039
7257,10552,62299,22.507,541.49,457.11,0.084496
7258,9376.1,62212,30.896,450.51,574.83,-0.12125
7258,10351,63635,33.507,568.5,694.81,-0.099987
7259,9510.8,62385,22.43,285.94,111.65,0.43838
7259,10408,63629,24.208,358.29,396.56,-0.050708
7259,10572,61441,36.685,390.15,334.42,0.076921
7261,11288,62143,35.922,281.76,232.11,0.096611
7266,10467,61400,17.601,563.14,319.64,0.27584
7267,10602,63734,24.463,551.09,263.78,0.35259
7269,10654,63886,26.432,600.08,177.19,0.54407
7271,9728.7,63388,28.705,175.87,177.8,-0.0054557
7273,10633,63961,30.325,617.66,120.91,0.67258
7275,9504.4,62868,23.68,599.44,481.28,0.10933
7276,10205,61628,33.646,300.42,139.18,0.36679
7276,10866,61690,40.244,245.46,228.65,0.035473
7277,10832,61982,31.612,184.16,102.62,0.28431
7278,10912,63305,35.037,430.43,316.07,0.15319
7278,11276,64182,34.975,296.12,358.86,-0.095789
7279,11268,64302,27.613,516.61,444.26,0.075296
7280,9789.7,62875,27.768,342.05,313.81,0.043065
7280,10576,63029,29.249,246.99,153.15,0.23452
7280,11414,63876,36.93,453.93,166.95,0.46221
7281,11620,63792,18.253,459.16,163.65,0.47448
7282,9522.5,62619,33.332,213.88,130.05,0.24373
7282,11004,63757,14.141,520.7,296.65,0.27411
7282,11650,63881,23.155,406.54,174.49,0.39939
7285,11259,61763,32.089,482.98,336.44,0.17884
7286,11299,61744,24.139,572.23,526.68,0.041445
7287,11227,62128,25.466,669.22,523.58,0.12211
7288,11321,61461,22.309,602.77,338.83,0.28031
7289,9052.6,61583,32.559,578.33,462.97,0.11079
7289,9554.4,62404,20.628,475.13,338.59,0.1678
7289,11238,61723,22.627,1083.9,1068.3,0.0072491
7290,10641,63664,19.379,567.83,268.93,0.35721
7291,9708.2,62337,35.193,639.82,543.34,0.081544
7292,9438.1,62966,21.998,372.52,122.85,0.504
7293,9354.8,62946,19.614,525.36,401.68,0.13342
7293,9971.2,63623,29.876,518.05,361.28,0.17829
7294,9443.6,62921,23.462,412.12,396.6,0.019199
7295,10679,61412,35.544,308.85,314.46,-0.0090074
7296,11086,64329,33.784,431.47,321.11,0.14664
7296,11638,62295,29.854,833.31,667.8,0.11026
7297,11469,61884,32.435,761.38,616.92,0.10481
7297,11529,62434,35.922,621.77,285.49,0.37066
7298,11391,62616,25.114,445,294.81,0.20301
7298,11531,61799,25.713,897.39,601.33,0.19754
7299,11166,62493,24.244,709.87,561.54,0.11667
7300,11057,63744,35.393,239.58,227.81,0.025182
7302,10602,62176,31.176,307.21,384.23,-0.11139
7303,11518,61783,28.694,438.99,294.64,0.19677
7304,11290,61417,34.37,848.97,539.37,0.22301
7305,8966.2,62404,33.963,372.08,267.15,0.16416
7305,9400.5,62320,29.866,858.3,730.57,0.080395
7305,10205,62047,30.996,745,534.39,0.16461
7307,9367.4,63909,27.96,344.35,156.78,0.3743
7309,8948.6,61861,37.194,373.15,364,0.012415
7309,9221.1,63030,30.442,190.16,275.62,-0.18347
7309,9819.2,61816,32.061,147.62,202.29,-0.15623
7310,11557,62902,33.42,585.62,302.24,0.31917
7311,9190,62130,31.737,243.41,229.46,0.02949
7312,10952,63710,24.394,187.76,124.51,0.20256
7313,9017.4,63580,34.65,157.5,238.23,-0.204
7314,11581,62812,28.959,250.94,200.58,0.11154
7315,11455,62334,19.956,791.33,137.7,0.70356
7316,11506,62774,32.331,226.56,193.87,0.077761
7317,11574,62776,21.714,307.44,180.81,0.25936
7318,9710.9,62659,33.882,308.89,257.15,0.091418
7321,10485,63867,31.383,605.83,492.09,0.10359
7322,10358,63812,31.101,388.09,295.16,0.13601
7325,11001,63772,21.024,364.49,123.16,0.49489
7326,11521,62365,18.537,549.78,167.4,0.53318
7327,10578,63627,36.755,281.04,255.81,0.04699
7327,11518,62392,16.66,982.65,326.77,0.50089
7329,10740,62334,39.251,271.64,189.12,0.1791
7330,9611,63808,27.491,311.32,229.55,0.15118
7330,10300,63474,37.118,442.81,218.39,0.33941
7330,11467,62558,26.114,1129.6,548.72,0.34612
7331,10634,64004,31.47,374.74,326.44,0.068889
7331,11387,62266,25.683,590.59,246.76,0.41061
7332,8748.8,63079,38.889,262.9,379.94,-0.18206
7332,10893,63906,32.828,455.17,217.01,0.35431
7333,9746.1,63387,37.173,378.01,219.11,0.26611
7333,10045,64050,37.395,202.4,153.08,0.13875
7333,11511,62289,28.564,885.95,591.63,0.19919
7334,11573,62301,30.31,597.17,208.78,0.4819
7336,10756,61963,20.628,319.95,343.46,-0.035449
7336,10942,64292,24.372,433.58,357.58,0.096068
7337,10707,61764,34.256,595.81,363.88,0.24167
7338,11184,61978,31.825,316.95,255.91,0.10654
7339,11474,62279,35.121,203.98,256.56,-0.11417
7341,9494.8,63949,29.85,321.24,108.11,0.49639
7342,10681,61816,32.273,676.43,436.47,0.21562
7344,10646,61993,39.212,698.39,401.88,0.26949
7345,9892.8,63212,34.493,344.66,467.04,-0.15077
7346,9859.1,62275,32.096,320.6,201.46,0.22821
7347,9720.4,64210,32.549,249.85,376.06,-0.20164
7348,10783,61738,26.617,572.8,499.89,0.067977
7351,10219,62967,17.412,739.46,152.68,0.65773
7353,10824,62201,33.334,590.5,289.51,0.34203
7353,11248,61638,29.766,423.73,258.37,0.24243
7354,10817,62201,30.492,501.24,335.58,0.19796
7355,10120,63445,28.836,394.82,239.69,0.24448
7356,9517.4,62981,29.98,833.3,769.02,0.040118
7357,10411,63507,33.852,792.46,360.73,0.37438
7357,11573,61802,36.617,224.32,176.12,0.12038
7358,9596,62959,33.095,407.58,275.42,0.1935
7358,11462,61632,31.582,396.35,400.19,-0.0048279
7359,9684.4,63145,27.076,520.12,499.19,0.020529
7359,10910,63718,27.766,322.51,186.36,0.26756
7359,11327,61566,26.208,333.8,100.85,0.53594
7362,9500.4,61813,35.423,206.11,202.28,0.0093656
7363,9512.6,61556,20.027,568.86,431.72,0.13705
7364,9513.5,61542,15.001,667.08,482.88,0.16017
7365,9552.9,61491,20.483,572.38,483.17,0.084521
7365,11646,63244,24.913,270.2,120.46,0.38332
7369,9423.8,61646,36.845,175.76,123.28,0.17548
7372,10269,62004,26.461,410.27,252.19,0.23863
7377,9180.5,63282,27.581,907.52,787.26,0.070961
7377,9360.1,63173,46.774,934.39,757.03,0.10486
7377,10902,61737,28.214,550.83,305.38,0.28667
7378,9469.4,62998,27.49,425.74,223.22,0.31206
7378,10525,63722,30.732,629.15,355.45,0.27798
7378,10943,61885,26.29,391.86,223.45,0.2737
7382,11087,63665,25.965,367.07,218.32,0.25409
7383,8941.2,62678,26.791,410.5,222.48,0.29703
7387,10078,63462,26.419,447.56,490.82,-0.046104
7388,9646.6,63915,34.623,976.66,505.16,0.31819
7388,10029,63445,24.077,362.85,302.97,0.08994
7389,10149,63315,22.45,303.29,101.17,0.49972
7391,8990,61410,25.513,462.84,201.22,0.39398
7394,9166.6,62717,31.355,312.03,368.89,-0.083511
7395,9726.9,63154,20.46,316.59,100.91,0.5166
7396,10870,61573,37.418,735.11,484.12,0.20586
7398,9559.4,62591,34.755,692.41,543.65,0.12035
7399,9312.2,63676,37.725,612.85,229.48,0.45514
7399,10123,61548,34.006,373.17,120.43,0.51205
7400,9363.9,62665,31.384,456.84,638.52,-0.16586
7403,11181,62547,30.788,570.61,496.91,0.069041
7403,11151,63730,24.632,343.94,111.25,0.51119
7406,10353,63644,30.73,392.82,238.75,0.24394
7406,10919,62489,32.208,342.19,373.73,-0.044057
7406,11227,61428,38.933,391.08,347.94,0.058376
7406,11391,61512,36.172,414.91,274.13,0.20433
7408,9024.8,61906,33.255,372.36,431.54,-0.07362
7408,11279,61421,22.57,754.46,360.39,0.35347
7409,9047.1,61903,37.486,448.26,137.71,0.52998
7409,11243,61449,26.128,997.03,654.9,0.20711
7410,9010.6,62744,36.669,381.23,416.08,-0.043709
7411,9074.4,62620,34.612,265.08,151.28,0.27333
7411,11175,61466,26.388,1283.4,924.63,0.16248
7412,10339,64288,22.146,233.36,110.55,0.35709
7412,11184,61544,33.973,1422,1006.9,0.1709
7412,11663,64227,36.776,657.3,238.39,0.4677
7413,9524.3,62344,31.03,271.12,260.95,0.019108
7413,10804,61495,30.455,1122.7,1053.1,0.031988
7413,11353,62521,35.263,324.3,308.56,0.024875
7414,9445.9,63026,30.361,351,144.1,0.4179
7414,10488,63939,32.244,532.28,320.83,0.24786
7415,9443.1,62329,24.417,620.36,385.72,0.23322
7416,9374.9,62240,17.559,515.01,359.85,0.17735
7416,10630,63971,28.645,395.55,385.45,0.012933
7418,9476.2,62311,22.008,266.38,171.13,0.2177
7418,10862,63861,36.837,475.91,492.52,-0.017146
7419,8782.9,61809,25.405,510.69,342.59,0.19701
7419,9833,61492,33.669,270.76,163.37,0.24737
7419,10942,63764,26.279,365.3,349.4,0.022242
7420,9942.7,63386,33.086,213.37,193.69,0.048334
7421,8694.3,61848,24.444,531.43,336.11,0.22514
7422,8729.4,61964,28.977,777.59,676.36,0.069623
7422,10615,63699,23.525,443.06,342.55,0.12794
7424,9566,61637,19.187,307.81,206.94,0.19595
7424,9807.2,63236,33.023,337.79,321.64,0.024498
7425,9571,61573,21.035,342.08,257.18,0.14166
7425,10869,63883,23.915,514.38,289.28,0.28009
7426,9532.4,61599,31.208,605.93,918.44,-0.20501
7426,9803.5,62237,23.13,375.53,110.43,0.54551
7426,11017,62441,36.934,238.11,122.06,0.3222
7426,10987,63788,17.251,559.71,213.14,0.44843
7430,11238,62308,25.522,512.31,571.97,-0.055023
7431,9071.5,61484,20.098,1172.9,423.16,0.46976
7432,8978.9,61646,23.497,310.8,172.14,0.28713
7432,11150,62025,35.882,353.65,138.88,0.43607
7433,8814.3,61722,38.9,374.12,267.31,0.16653
7434,8810.5,61837,29.647,325.94,191.03,0.26097
7434,9593.7,62593,36.93,228.49,147.9,0.21412
7434,10943,62382,29.863,274.09,218.95,0.11183
7435,9556.3,62347,33.989,198.49,186.17,0.032042
7436,9105.4,61929,29.668,251.34,122.18,0.34581
7436,11209,62429,25.886,436.11,217.42,0.33463
7437,11255,62372,30.867,399.94,303.68,0.1368
7438,9060.4,62005,33.168,458.01,173.58,0.45035
7439,9696.9,64273,36.36,186.92,178.03,0.024372
7440,11135,63769,29.377,259.86,129.91,0.3334
7444,8916.7,63785,33.544,209.55,121.6,0.26557
7445,11438,62714,20.244,423.85,324.49,0.13278
7448,8884.7,63109,27.919,420.31,106.39,0.59601
7448,9140.3,63910,28.586,327.72,258.53,0.11802
7448,11337,62432,36.993,353.1,353.31,-0.0002993
7449,8773,63124,24.709,681.36,572.41,0.086896
7450,8695.5,62531,25.848,539.27,177.49,0.50474
7450,10493,63924,27.908,397.64,350.65,0.062797
7450,11630,61437,37.176,274.15,300.58,-0.04599
7451,8939.2,62317,20.442,544.76,128.38,0.61855
7453,9336.9,62952,24.658,415.36,322.7,0.12554
7454,10046,63178,38.835,472.48,427.9,0.049509
7459,10493,61664,29.805,647.86,459.23,0.17038
7459,10890,63216,28.059,455.52,350.67,0.13006
7460,9347.7,63798,35.151,170.87,115.87,0.19182
7460,10626,61582,37.383,257.3,187.97,0.1557
7460,10945,63194,23.84,913.36,413.67,0.37655
7462,8714,61525,29.015,788.96,375.03,0.35561
7462,8929.4,63741,36.632,398.92,274.66,0.18447
7462,11384,61647,28.713,562.42,490.04,0.068776
7463,8885.6,61539,28.495,352.53,323.38,0.043133
7465,8970.8,61742,32.13,578.37,377.56,0.21006
7467,10177,62076,30.63,549.81,384.58,0.17683
7468,9316.8,63486,35.665,294.5,226.15,0.13128
7469,10500,61857,34.999,629.5,481.51,0.1332
7469,11560,61773,31.848,339.93,142.79,0.40839
7470,8702.7,62682,28.308,213.61,165.69,0.12636
7470,9533,63434,27.58,372.7,427.34,-0.068297
7473,10522,63963,32.885,242.01,130.16,0.30051
7475,8827.4,61517,24.153,343.02,166.34,0.34687
7476,10452,63435,28.238,377.53,229.41,0.24405
7477,9892.7,61605,9.9929,770.93,168.12,0.64193
7477,10399,63528,19.653,532.01,427.5,0.10892
7478,9786.5,61460,15.194,552.33,144.61,0.58501
7478,10504,63515,21.06,661.11,619.18,0.032752
7478,10662,61685,32.612,268.82,116.74,0.39444
7479,9628.7,61657,23.051,606.26,648,-0.033284
7479,10468,63536,16.38,467.69,331.19,0.17086
7479,10873,62749,35.455,1068.8,399.64,0.45571
7479,11315,63836,35.217,209.59,104.29,0.33548
7480,10502,63576,17.558,798.35,772.54,0.016433
7481,10562,63677,29.421,518.2,259.13,0.33328
7483,10483,63955,35.758,376.44,304.75,0.10525
7483,11667,62297,34.145,276.38,250.21,0.049694
7484,8672.8,62084,28.47,331.47,120.84,0.46569
7484,10166,61600,24.171,456.67,212.3,0.3653
7485,9914.5,63271,30.744,363.01,228.01,0.22843
7485,10093,61989,33.182,342.46,195.39,0.27345
7485,11562,62395,37.38,248.86,217.42,0.067425
7486,8755.9,61984,25.994,546.28,186.1,0.4918
7487,9204.7,61784,34.71,367.44,258.71,0.17365
7488,8748.7,62099,31.904,386.81,143.79,0.458
7489,8832.8,62009,31.345,371.77,201.14,0.29784
7490,8741.4,62036,15.844,989.76,471.67,0.35451
7490,10965,63711,18.768,612.14,358.83,0.26088
7491,8701.2,62125,17.533,512.2,338.5,0.20417
7492,8761.2,62094,30.316,359.84,206.97,0.26972
7492,9000,61505,17.567,652.65,386.36,0.2563
7493,10665,61860,30.619,302.7,217.94,0.1628
7493,10795,63115,33.702,286.71,155.78,0.29591
7494,9103.1,61795,27.664,986.47,510.28,0.31815
7495,8719.7,62051,30.414,218.33,106.06,0.34607
7495,9020.3,61516,25.078,885.38,630.21,0.16836
7495,10449,62481,35.437,571.17,483.22,0.083409
7496,8699.6,62069,24.306,846.67,415.39,0.34173
7496,9241.8,61590,26.044,551.3,707.59,-0.12415
7499,11546,63956,29.817,351.54,167.57,0.35439
7501,10584,63999,25.651,539.05,180.48,0.49834
7501,11198,61877,29.881,315.96,297.49,0.030098
7502,11059,61936,34.971,232.2,166.11,0.16593
7504,8736.1,62052,31.821,365.6,273.04,0.14492
7504,10031,62657,30.802,320.02,211.22,0.20479
7504,10906,63743,23.469,359.34,301.13,0.088137
7505,8728.8,63471,37.383,130.96,179.73,-0.157
7505,8855.7,62016,30.92,227.45,124.19,0.29367
7505,10542,64180,29.027,421.67,223.61,0.30693
7506,8801.3,63353,36.066,223.29,127.48,0.27316
7506,8921.4,61736,26.554,522.05,470.06,0.052406
7506,11463,61632,29.886,339.26,263.24,0.12618
7507,11472,62769,34.376,494.89,465,0.031145
7508,9171.9,62545,33.966,314.7,143.06,0.37495
7508,9793.1,61925,35.358,400.36,279.88,0.17711
7509,10287,62064,32.749,232.72,162.44,0.17786
7510,9487.1,62729,34.701,254.51,261.72,-0.013971
7510,10866,63944,32.854,461.99,363.37,0.11948
7510,11028,62093,28.649,406.76,128.79,0.51904
7511,10258,62240,18.54,530.8,331.16,0.23162
7512,10272,62234,24.941,404.41,181.05,0.38151
7512,11043,61748,37.657,278.49,130.62,0.36144
7513,10319,62229,35.236,364.91,266.77,0.15537
7514,10268,62236,18.885,446.38,216.72,0.34635
7514,11006,64108,25.009,173.14,159.04,0.042453
7515,10169,62241,34.769,220.4,196.13,0.05825
7516,9574.8,62750,39.195,744.52,415.46,0.28368
7516,10254,62283,34.19,467.74,230.32,0.34012
7519,10183,62422,36.05,525.24,424.81,0.10571
7520,11067,64287,36.44,547.26,346.68,0.22438
7521,9397.5,61860,21.203,1151.9,748.68,0.21215
7521,10990,63703,29.764,398.95,352.13,0.062334
7522,9557.1,63993,27.543,201.11,174.72,0.070211
7523,9588.8,61751,35.858,374.49,326.79,0.06801
7523,10397,63883,35.498,601,431.66,0.16399
7524,10010,61973,33.683,506.8,249.4,0.34038
7525,11574,63987,33.047,485.1,289.34,0.25277
7526,10229,62159,25.615,631.12,322.11,0.32418
7526,11443,64021,37.529,872.56,524.18,0.24943
7527,10240,64130,34.37,706.48,460.13,0.21117
7527,10229,62245,19.953,585.96,257.26,0.38981
7529,9469.1,62372,37.382,282.71,124.99,0.38685
7530,9787.6,61852,36.07,265.06,107.75,0.42195
7530,10449,62923,34.487,213.27,240.83,-0.060685
7532,9994.1,63338,35.5,227.12,125.74,0.28729
7535,9596.3,61842,33.975,223.33,161.29,0.16129
7535,10148,64103,26.021,219.87,161.83,0.15204
7536,9537.6,61558,15.543,532.74,348.17,0.20952
7537,9870.5,63050,30.798,256.07,195.69,0.13365
7537,10357,63881,30.163,566.29,629.41,-0.052791
7537,11049,63782,21.116,486.44,329.12,0.19291
7538,9118.9,63566,23.821,361.22,182.44,0.32885
7539,10932,63674,29.365,888.85,801.07,0.051942
7540,10239,63958,29.349,216.14,133.68,0.23572
7540,11068,63555,32.296,339.06,203.93,0.24886
7542,10231,63983,31.198,959.43,373.67,0.4394
7542,10934,63554,34.903,708.05,538.21,0.13629
7544,9596.8,61591,23.688,354.63,225.18,0.22328
7545,8700,62522,36.125,268.09,213.8,0.11266
7545,9565.5,61632,22.063,476.61,343.9,0.16175
7547,9827.8,63579,27.161,709.7,355.04,0.33309
7547,10316,62056,38.682,245.04,147.81,0.2475
7547,10698,63758,29.124,506.28,340.38,0.19594
7548,9849.4,63649,26.451,939.39,639.43,0.18999
7548,11125,62735,38.974,397.06,271.32,0.18812
7549,10995,64114,34.112,229.11,193.7,0.083756
7549,11334,62931,32.933,619.2,290.46,0.36139
7550,9393.1,62998,33.554,337.79,240.17,0.1689
7550,11216,62855,26.689,588.87,640.93,-0.042333
7551,9708.2,61454,29.122,201.55,182.54,0.049516
7551,10996,62854,22.821,1093.5,1076.2,0.0079977
7552,9676.2,61570,33.689,685.81,756.83,-0.049233
7553,9616.5,62988,31.615,507.78,328.23,0.21478
7553,11343,62772,24.494,819.63,486,0.25553
7554,10032,62811,31.841,175.64,204.41,-0.0757
7554,11528,62774,40.41,1166.6,781.23,0.19786
7557,10090,62034,30.645,474.63,285.68,0.24852
7561,10124,62271,26.987,587.09,423.57,0.1618
7562,10151,62294,23.065,563.24,493.31,0.066195
7564,11016,63811,21.721,150.96,137.76,0.045726
7566,9249.7,62855,32.826,220.86,326.7,-0.19329
7568,8853,61610,31.041,580.32,110.71,0.67957
7570,9417.8,62868,26.804,227.52,193.87,0.079851
7571,8945.3,61766,31.737,326.81,156.77,0.35163
7573,11149,64311,33.757,345.57,301.82,0.067577
7576,9706,62468,29.089,441.9,809.05,-0.2935
7576,9837.5,61901,34.569,325.44,246.72,0.13759
7577,9605.2,61819,33.527,259.7,187.01,0.16273
7578,9708.9,62898,16.249,820.38,179.36,0.64119
7579,9561.4,62762,15.467,1491.7,877.75,0.25911
7580,11548,62150,30.822,456.78,374.61,0.098835
7582,10696,61940,22.663,358.24,439.03,-0.10133
7583,9740.5,62855,26.394,242.34,132.85,0.29183
7586,8760.6,62096,24.109,384.95,234.79,0.24229
7586,9283.4,63592,38.6,258.72,134.15,0.31707
7588,10050,64147,31.886,219.83,104.75,0.35457
7589,9611.8,64204,32.989,350.23,345.54,0.0067287
7590,9021.9,63031,17.858,691.35,175.97,0.59423
7590,9840.6,64309,29.693,225.05,153.35,0.18946
7590,10342,61818,32.599,337.46,274.78,0.10237
7591,9706,64175,33.35,497.98,205.66,0.41544
7593,8679.9,63423,19.019,396.34,127.37,0.51359
7593,10903,62001,30.859,503.03,611.33,-0.09719
7595,11068,61997,13.999,1109.2,976.85,0.063428
7595,11113,62334,30.064,943.99,556.36,0.25836
7596,11287,61900,25.981,990.71,502.37,0.32707
7600,9891.6,61503,32.781,249.33,179.88,0.16182
7600,10316,63971,26.099,550.59,141.7,0.59063
7600,10714,62054,30.269,396.75,307.73,0.12636
7600,11144,63983,37.602,349.91,375.34,-0.035053
7601,11354,63895,31.368,380.08,143.42,0.45206
7601,11453,62262,26.908,535.98,368.07,0.18572
7605,8729.1,63497,36.404,254.11,171.91,0.19295
7607,8831.5,61413,24.391,407.86,273.79,0.19668
7609,10157,63049,28.541,440.3,220.26,0.3331
7612,9632.1,63567,35.636,272.44,195.87,0.1635
7613,11609,63300,33.075,418.68,275.23,0.20673
7615,9317.5,63997,34.625,304.39,216.12,0.16959
7615,9672.4,61461,35.354,345.96,250.12,0.16079
7615,9719.3,63456,41.639,1079.5,885.34,0.098826
7616,9938.5,61450,28.157,389.57,206.74,0.3066
7616,9868.2,63633,38.437,497.81,433.74,0.068782
7616,10626,64223,32.494,387.21,161.2,0.41212
7616,11110,62334,27.312,684.33,276.97,0.42376
7617,9763.5,63874,33.637,450.02,226.93,0.32956
7617,11160,62254,25.277,765.61,518.42,0.19251
7618,8785.5,63104,28.742,277.51,112.13,0.42444
7618,9751.1,63876,25.149,812.45,412.77,0.32621
7618,9804.8,63492,25.481,673.94,496.15,0.15195
7618,10277,62178,37.041,448.69,415.61,0.038266
7618,10938,62279,24.651,353.71,248.71,0.17429
7620,10559,62984,35.61,560.64,287.69,0.32174
7621,10331,62262,30.069,832.37,939.28,-0.060344
7622,10297,62098,26.639,482.69,320.55,0.20185
7624,10241,61651,31.184,799.26,525.92,0.20627
7624,11082,64117,36.486,374.81,269.06,0.16424
7624,11223,62321,28.864,273.64,195.63,0.16622
7625,11124,63991,35.23,592.28,688.42,-0.075074
7626,10437,61700,29.55,789.43,670.72,0.081299
7626,11046,62348,30.782,603.04,275.14,0.37338
7626,11001,64047,26.724,369.63,286.44,0.1268
7628,9254.5,63969,41.81,354.77,196.51,0.28709
7628,10591,61472,29.727,253.73,119.02,0.3614
7629,9844.7,63727,32.849,304.45,133.77,0.38949
7631,10492,64023,28.399,637.65,425.87,0.19913
7631,11287,62782,34.465,196.69,175.01,0.058323
7635,10130,63361,31.445,835.79,867.43,-0.018576
7636,8950,61433,31.139,387.86,373.11,0.019382
7639,9839.3,61474,37.166,498.88,370.59,0.14755
7639,10418,62029,34.227,454.18,220.34,0.34668
7640,10295,62130,29.004,550.72,522.37,0.026416
7640,11309,61544,30.38,458.22,236.84,0.31851
7641,10312,62176,31.331,443.47,440.78,0.003043
7642,10464,62053,35.493,382.14,279.95,0.15433
7643,9453.5,62491,32.535,241.04,170.15,0.1724
7643,10664,61963,35.201,231.52,124.91,0.2991
7643,11663,64343,35.574,368.91,285.46,0.12752
7647,10313,63200,22.683,669.28,263.1,0.43564
7647,10964,63848,32.245,263.89,183.54,0.17959
7648,9517.7,63876,38.763,245.5,160.33,0.20986
7648,10945,63845,34.381,579.56,341.82,0.25803
7648,11009,64219,36.786,524.14,294.48,0.28054
7652,10848,63251,24.184,342.49,127.45,0.45759
7653,10355,63249,32.074,552.4,817.04,-0.19325
7654,10413,63284,27.837,288.13,198.63,0.18387
7656,10858,63972,28.929,526.33,450.37,0.077777
7656,11223,62361,37.292,423.61,364.38,0.075164
7657,10525,63739,34.332,1106.2,948.45,0.07679
7657,10886,63773,19.023,505.47,326.5,0.21511
7661,9471,62394,38.879,602.31,297.24,0.33913
7661,11201,62866,30.164,747.99,453.34,0.24527
7662,9433.5,62430,28.499,245.14,258.6,-0.026714
7663,9437.3,62414,32.449,427.3,355.71,0.091427
7663,9737.7,61418,28.33,190.51,198.15,-0.01966
7663,10989,63092,26.292,341.75,464,-0.15172
7664,10804,63298,34.586,373.83,229,0.24025
7666,10418,62977,23.706,732.03,400.88,0.2923
7667,10470,61696,34.538,266.92,215.46,0.10666
7669,9395.4,62338,29.803,432.33,291.57,0.19444
7670,9366.1,64219,34.354,424.28,311.11,0.15389
7671,10735,62086,35.057,280.32,342.05,-0.099181
7672,10771,62147,14.629,867.97,785.57,0.049835
7674,10416,62057,34.102,288.76,212.24,0.15273
7674,10731,63235,31.474,388.81,327.6,0.085438
7675,10520,62168,32.562,441.69,287.42,0.21159
7676,8839.2,62958,34.268,420.16,216.69,0.31948
7677,10894,63780,27.328,476.35,416.88,0.066575
7677,11350,62462,26.479,396.05,248.38,0.22915
7678,10914,61439,33.95,397.2,197.63,0.33551
7678,10861,63793,21.308,725.34,648.48,0.055942
7678,11399,62486,32.871,478.1,376.4,0.11902
7679,10153,61530,24.165,313.82,243.71,0.12575
7679,10980,62040,33.422,363.63,224.27,0.23704
7679,11379,62718,25.088,684.91,298.39,0.39308
7680,9514.7,62521,28.134,362.81,460,-0.11812
7681,11335,64384,35.14,225.4,106.64,0.35766
7683,11071,62385,33.537,303.69,677.8,-0.38116
7684,10452,63488,20.161,188.45,234.09,-0.108
7684,11022,62429,27.176,350.71,350.3,0.00059049
7685,10511,63484,27.561,301.36,295.62,0.0096171
7686,10618,61954,25.386,339.5,108.98,0.514
7687,10545,61774,24.918,245.3,289.61,-0.08285
7687,11439,62357,36.158,248.78,197.82,0.11411
7693,9537.1,64205,33.914,649.7,366.42,0.27879
7693,9626.3,61964,22.524,913.08,670.74,0.15301
7693,10929,63102,22.278,399.93,143.6,0.4716
7694,9607.7,64233,28.661,326.5,131.99,0.42426
7694,9654.6,61931,38.393,458.55,329.45,0.16384
7696,11247,61601,20.033,367.8,355.76,0.016644
7697,10066,61982,37.577,431.67,462.95,-0.034964
7697,10894,63782,30.74,479.18,257.35,0.30119
7698,9494.2,61636,20.363,294.09,162.21,0.28903
7698,10660,63990,26.509,593.4,381.28,0.21763
7699,11173,64358,28.041,340.8,139.93,0.41785
7699,11439,61654,28.922,319.04,127.95,0.4275
7700,10302,62284,31.462,305.98,311.45,-0.008865
7702,10289,61511,26.685,297.17,261.83,0.063221
7704,11160,61904,29.303,600.05,538.92,0.05367
7706,9930.8,63289,35.081,273.84,161.74,0.25736
7707,8873.1,61918,32.745,256.43,122.63,0.35298
7708,9414,62394,31.122,284.13,213.91,0.141
7708,10231,62540,34.735,473.77,416.15,0.064754
7709,10407,62306,28.659,493.35,373.34,0.13847
7710,9180,62028,25.171,564.48,389.96,0.18286
7711,10365,62159,32.224,463.64,440.97,0.025054
7711,10447,61452,21.2,574.35,352.76,0.23901
7712,9496.2,62945,25.501,387.24,191.41,0.33843
7713,11549,61850,33.537,329.93,340.24,-0.015387
7714,9548.2,62116,26.037,361.62,149.36,0.41541
7715,9732.4,62123,25.467,424.1,441.85,-0.020488
7716,9666.8,62087,29.766,291.42,274.14,0.030555
7716,10324,63163,30.209,361.63,427.25,-0.083181
7717,9624.6,62273,33.214,281.9,269.21,0.023033
7718,9498.5,62374,20.322,513.58,485.61,0.027992
7718,10433,63269,39.291,370.02,112.58,0.53344
7719,9465.8,62189,29.86,440.08,190.9,0.39491
7720,9662.2,62197,28.775,497.71,472.67,0.025801
7720,11440,62692,29.522,299.89,134.13,0.38191
7721,8906.6,61609,25.547,1093.8,697.18,0.22145
7721,10088,62002,37.509,318.6,151.8,0.35459
7721,10975,63824,24.954,258.32,197.89,0.13246
7722,9965.4,61843,27.386,462.68,333.03,0.16294
7722,10924,63221,33.444,171.34,133.85,0.12285
7723,10962,62296,33.319,544.07,485.83,0.056547
7726,11573,63935,27.091,516.04,237.51,0.36963
7727,9923.7,62245,29.156,259.53,289.7,-0.054939
7730,10563,62121,25.553,329.55,308.89,0.032361
7732,11626,64387,35.704,287.01,179.19,0.23127
7733,9908,63255,21.41,229.66,151.92,0.20372
7734,8905.1,64191,21.356,240.46,130.48,0.29649
7735,8885.8,64118,32.188,187.82,172.56,0.042345
7735,11179,62766,37.762,456.44,538.82,-0.082771
7736,8730.3,64214,23.339,226.32,131.93,0.26346
7736,11140,62710,34.867,502.68,268.36,0.30389
7738,8756.3,63030,25.203,748.42,448.02,0.25108
7738,10513,63060,28.593,297.71,171.46,0.26911
7740,11627,63053,30.946,249.17,202.51,0.10331
7741,10333,63391,26.702,563.05,358.85,0.2215
7742,10078,63382,27.081,713.89,360.31,0.32916
7743,10234,63372,25.127,534.77,252.35,0.3588
7745,10328,63265,33.783,542.6,192.2,0.47687
7747,10313,63127,37.926,462.29,279.01,0.24724
7747,11189,64168,35.255,476.33,170.83,0.47207
7749,10233,63276,22.624,379.2,216.4,0.27335
7750,10132,63352,29.352,264.9,111.89,0.40607
7752,10171,62582,33.406,187.98,142.05,0.13919
7753,9484.2,62430,25.929,345.46,266.79,0.12849
7754,10043,64371,24.017,654.4,358.88,0.29165
7755,10283,62853,24.458,416.66,136.2,0.50727
7759,11293,61463,10.572,970.34,395.49,0.42088
7759,11515,63286,29.579,316.57,280.41,0.060568
7760,9240.2,63211,30.627,387.23,391.64,-0.0056711
7761,11367,61529,8.6669,983.03,260.94,0.58047
7762,9377.7,62942,14.671,387.64,305.1,0.11916
7762,10211,62899,27.398,484.35,251.92,0.31569
7763,10090,62921,34.363,469.06,218.1,0.36521
7764,9618,63855,32.605,287.27,210.46,0.15432
7765,10244,63264,35.466,335.52,551.56,-0.24355
7767,10471,63109,33.237,859.32,573.06,0.19985
7768,9887.2,61393,35.728,360.39,226.36,0.22842
7770,10133,62836,32.355,289.33,221.12,0.13363
7771,9435.5,62390,28.289,205.52,186.8,0.047736
7777,11130,62125,36.692,366.63,158.82,0.39549
7779,11394,61752,33.224,254.95,317.48,-0.10924
7779,11657,64140,35.769,294.83,241.59,0.099252
7784,9580,62357,36.874,369.17,360.69,0.011626
7785,9476.9,62463,22.709,630.44,426.82,0.19259
7785,10637,62349,33.751,155.34,131.55,0.082957
7786,9434.1,62229,28.641,813.24,540.58,0.2014
7786,9425.2,62252,29.824,877.17,613.51,0.17687
7787,9382.9,62076,35.833,313.71,243.38,0.12624
7787,10496,63537,26.442,365.37,249.99,0.1875
7787,10614,61444,29.577,685.41,418.08,0.24226
7788,10461,61410,24.975,691.3,578.41,0.088916
7789,10343,61412,27.986,465.56,305.18,0.20809
7789,10777,64003,29.631,512.83,312.01,0.24347
7790,9723,62281,36.244,478.52,507.79,-0.029676
7793,10430,61991,25.766,342.33,225.93,0.20482
7796,9505.3,62376,31.911,607.65,384.05,0.22548
7797,9468.5,62409,26.553,528.94,702.2,-0.14073
7798,9781.6,62341,35.581,498.01,287.97,0.26723
7799,8687,62410,38.209,281.64,297.5,-0.027382
7799,8727,63400,26.353,648.77,224.37,0.48607
7799,9492.9,63978,35.63,333.5,149.68,0.38045
7799,10608,62857,37.626,294.86,239.5,0.1036
7799,10829,61562,32.396,364.5,131.07,0.47104
7800,8738.5,62319,31.517,343.35,145.35,0.40515
7801,8996.8,62098,34.568,247.97,161.03,0.21256
7802,11380,61421,29.762,369.88,178.62,0.34869
7803,11338,61423,17.036,764.25,388.65,0.32578
7804,9078,63948,31.178,279.07,232.6,0.09082
7805,11015,63679,39.297,359.83,278.11,0.12811
7806,9527.8,62410,37.093,153.58,119.04,0.12672
7808,11642,61714,26.342,685.23,279.55,0.42048
7811,9636.6,62879,31.972,438.44,425.92,0.014489
7811,11280,62197,39.82,280.46,203.5,0.15903
7812,9425.4,62422,26.36,308.23,165.49,0.30132
7812,9473.1,62911,25.353,720.48,410.59,0.27398
7813,9385.7,62396,33.721,177.28,102.37,0.26786
7813,10096,63931,23.591,324.9,185.68,0.27267
7813,10493,63034,29.415,680.76,431.47,0.22413
7815,10405,63075,30.375,429.5,131.62,0.53086
7818,9550.6,62509,22.012,1119.7,795,0.16959
7820,9695.9,62281,20.755,688.6,490.97,0.16755
7822,8955,61531,28.283,522.17,585.39,-0.057081
7822,10429,63547,28.093,272.59,263.77,0.016437
7822,11605,61689,28.774,353.27,305.94,0.07179
7824,10801,63768,23.926,272.15,186.72,0.18619
7827,10826,62353,28.437,301.53,243.71,0.10605
7830,8693.8,63572,34.725,242.64,197.78,0.10186
7831,11195,62288,31.598,509.79,184.12,0.46933
7832,10097,63659,36.354,176.06,221.35,-0.11395
7832,11421,62457,23.931,387.95,455.64,-0.080244
7833,11461,61713,31.964,497.98,306.09,0.23866
7835,9208.3,63115,35.2,252.29,123.92,0.3412
7835,11389,61465,34.022,556.85,434.16,0.12381
7837,11130,64339,27.112,681.87,531.65,0.12379
7838,11323,62875,34.118,385.64,267.07,0.18166
7839,8860.1,61523,32.247,145.61,119.02,0.10047
7839,11406,62734,32.686,337.57,261.98,0.12607
7839,11344,63739,33.184,737.23,429.43,0.26383
7840,9912.9,63323,33.397,292.67,196.76,0.19597
7841,11077,63730,35.808,383.15,419.39,-0.045159
7842,11013,63796,26.734,650.45,609.82,0.032238
7843,11121,61963,26.158,393,318.67,0.10444
7846,11200,62021,23.113,943.88,454.61,0.34985
7847,9466.8,62449,21.993,643.67,468.51,0.15749
7848,8944.2,61913,31.894,762.51,493.58,0.2141
7848,9450.9,62411,17.187,373.76,347.96,0.035748
7848,11032,63862,34.199,432.22,508.86,-0.081447
7849,9718.1,62309,34.216,784.31,570.36,0.15793
7849,10941,63792,20.527,768.47,488.42,0.22282
7850,9513.4,62451,31.254,724.49,1005.3,-0.16236
7850,10879,63846,19.625,791.99,516.83,0.21024
7851,9473.6,62399,30.201,488.77,323.55,0.20339
7851,9826.4,62338,33.049,609.12,458.68,0.14089
7851,10739,61903,37.107,239.95,435.79,-0.28982
7851,10905,63938,19.047,1120.1,774.91,0.18217
7852,9511.7,61688,22.211,414.99,397.57,0.021442
7852,10746,61758,33.077,467.63,408.78,0.067156
7857,9049.4,61441,30.776,558.62,505.54,0.049882
7857,10057,64303,36.721,466.44,433.46,0.036652
7859,8815.8,61396,34.851,516.11,483.86,0.032254
7861,9687.3,64113,35.892,176.52,214.17,-0.096384
7862,10908,63812,27.819,194.66,193.72,0.002432
7864,10966,63154,31.059,411.46,309.01,0.14219
7864,11206,61523,35.204,319.27,167.66,0.31135
7866,10444,62138,37.015,405.69,103.35,0.59393
7866,11088,63035,41.286,592.46,324.01,0.29291
7867,10463,62006,29.098,208.66,185.96,0.057535
7870,9376.9,62788,34.484,515.06,458.26,0.058364
7870,10464,61876,31.405,294.28,163.36,0.28609
7870,10675,63221,33.15,278.1,238.45,0.076757
7876,9663.1,62232,32.615,618.67,441.84,0.16674
7877,9473.9,62865,35.661,389.4,447.09,-0.068959
7879,10305,61416,29.731,440.59,335.69,0.13513
7882,9360.7,61424,30.815,345.81,180.29,0.31463
7885,10238,63597,35.877,175.74,159.75,0.047637
7887,9914.9,64239,33.733,232.03,239.41,-0.015653
7887,10447,63037,32.466,533.02,290.4,0.29465
7888,10444,62115,28.582,659.21,591.77,0.053905
7888,10433,63562,32.261,353.82,328.47,0.037162
7889,10564,61793,31.522,802.94,762.77,0.025652
7889,10537,62052,24.998,590.11,440.25,0.14545
7889,10608,63391,30.042,350.62,199.45,0.27482
7889,11641,61982,22.29,333.48,165.52,0.3366
7891,10927,61459,29.65,547.53,509.8,0.03568
7892,10442,63068,20.655,810.14,519.89,0.21822
7893,10986,63784,17.79,649.93,290.25,0.38256
7901,10408,63029,37.295,645.83,296.64,0.37051
7901,10768,63903,26.866,352.49,172.92,0.34178
7902,9569.6,63003,34.32,247.81,370.98,-0.19904
7904,11442,64117,29.334,417.29,173.1,0.4136
7905,10396,63496,35.022,182.17,108.64,0.25286
7906,10554,61997,34.907,286.08,189.04,0.20424
7907,8996.9,61885,20.524,317.26,222.87,0.17476
7909,10493,61505,21.078,685.17,156.32,0.62846
7910,10621,61396,12.026,826.58,398.78,0.34912
7911,10683,61450,10.997,766.02,234.27,0.5316
7911,10766,62475,35.523,321.13,266,0.093893
7912,9023.7,61801,32.317,399.75,133.81,0.49844
7912,10766,61477,17.383,437.1,297.73,0.18966
7912,10745,62370,34.204,479.16,357.17,0.14586
7913,9812.3,64153,33.854,277.9,152.41,0.29163
7917,10747,62546,34.533,298.63,220.37,0.15078
7918,10327,61939,37.326,158.09,141.72,0.054601
7919,11124,63745,25.585,496.57,200.13,0.42548
7920,11078,63670,36.926,306.05,171.25,0.28241
7922,9340.1,62162,26.072,423.7,479.23,-0.061504
7922,10531,61561,25.163,661.93,303.15,0.37176
7922,10512,61677,32.995,649.75,287.7,0.38621
7923,10472,61777,27.521,378.27,312.89,0.094585
7924,9436.1,62338,28.25,787.42,840.31,-0.032492
7924,10510,61875,31.201,305.31,204.47,0.1978
7926,10617,62304,36.36,200.77,145.56,0.15942
7926,10981,63861,25.044,465.92,282.33,0.24536
7927,10930,63794,18.46,464.23,173.97,0.45481
7927,11409,62949,35.698,162.07,114.04,0.17394
7930,9428.1,62417,37.798,336.08,173.69,0.31856
7931,9502.6,62330,25.142,278.44,398.47,-0.17732
7932,8755.8,61484,24.27,427.56,312.53,0.15543
7935,11415,63424,34.758,207.41,137.84,0.2015
7936,8938.5,61854,35.281,396.12,286.24,0.16104
7937,9803.2,61569,27.497,450.97,321.22,0.16803
7938,9399,62254,27.099,188.18,153.19,0.10251
7938,9888.9,61491,33.128,644.32,687.02,-0.032074
7939,9799.5,61599,37.191,232.88,105.12,0.37797
7942,9255.3,61747,30.383,376.52,322.87,0.076712
7943,8987.6,62727,38.619,862.23,144.02,0.71374
7945,10322,62016,38.487,381.21,391.02,-0.012716
7946,10461,61875,30.088,264.33,214.78,0.10342
7947,8734.2,62274,35.96,255.14,107.66,0.40653
7950,11596,61775,28.396,182.25,159.07,0.067938
7951,11531,61841,35.517,259.11,245.42,0.027144
7952,10632,61919,27.137,364.58,319.72,0.065552
7953,10600,61867,38.527,1176.7,579.07,0.3404
7954,9540.4,61395,33.548,288.64,130.81,0.37627
7954,10330,61751,24.502,459.13,434.52,0.027542
7955,10236,62029,32.55,367.72,199.43,0.29672
7956,10199,62246,38.641,651.49,559.15,0.076272
7958,9092.4,63009,25.412,647.21,348.5,0.30001
7958,10016,62284,30.299,573.18,342.9,0.25138
7960,8872.9,62694,28.41,254.45,215.73,0.082367
7960,9274.8,63182,39.716,295.64,256.17,0.071536
7960,10232,62101,41.474,601.48,364.53,0.24528
7961,10039,62076,29.65,647.1,352.45,0.29479
7963,9094.9,62816,37.676,360.37,365.34,-0.00685
7963,10424,61436,22.978,327.47,142.27,0.39427
7965,9510,63009,28.874,689.51,422.07,0.2406
7965,10629,63298,30.003,341.36,290.01,0.081334
7965,11295,62859,32.404,381.74,459.6,-0.092541
7966,9457.3,62976,18.724,336.41,143.89,0.40084
7966,11388,62868,31.337,285.64,137.96,0.34865
7967,11145,61551,31.869,333.13,245.44,0.15156
7968,10359,62380,34.98,226.47,148.94,0.20652
7968,11010,61442,25.217,1011.8,899.28,0.058871
7970,10773,61415,28.28,550.11,295.63,0.30089
7971,9295.5,63621,34.808,319.17,296.22,0.0373
7972,10637,63366,31.599,611.26,319.88,0.31293
7976,10734,63778,29.266,849.82,536.56,0.22596
7978,10648,63526,44.003,483.57,558.41,-0.071823
7979,11199,61591,34.243,539.82,315.02,0.26297
7980,11386,62092,40.198,657.49,392.01,0.25296
7981,9973.1,63089,36.619,273.9,187.84,0.18637
7982,11457,61902,27.075,1306,807.1,0.2361
7983,10050,63312,36.169,785.47,603.93,0.13066
7984,9149.5,63095,36.09,315.66,344.61,-0.043847
7985,9108.4,63194,26.969,229.3,132.84,0.26638
7986,9086.1,63357,34.636,326.12,122.4,0.45421
7986,11418,62944,23.342,1002.2,784.07,0.12214
7987,9387.4,62404,35.882,382.89,323.27,0.084424
7988,9012.4,61438,22.283,1227.7,826.88,0.19509
7989,9914.4,61834,34.401,726.01,552.72,0.13552
7990,9661.1,61801,28.33,765.93,408.95,0.30384
7990,11654,61519,36.125,374.58,404.47,-0.038364
7991,9390,61823,27.988,330.44,251.81,0.13504
7993,10253,61606,35.962,526.32,377.02,0.16528
7993,11217,62877,27.583,309.78,237.81,0.13144
7994,11136,62553,28.756,247.92,245.7,0.0044911
7995,9577.9,62034,29.593,787.8,849.72,-0.037816
7996,9600.9,61795,25.492,709.11,529.11,0.14537
7997,8867.9,61663,34.794,245.64,181.98,0.14888
7998,9632.7,63305,38.777,166.61,124.51,0.14463
7998,10244,62004,38.93,584.61,495.5,0.082501
7999,9078.8,63418,31.147,134.04,134.38,-0.0012616
7999,11512,62446,36.672,257.99,370.53,-0.17905
8001,9434.4,62149,31.819,426.45,897.59,-0.35584
8002,9691.2,62209,29.075,1030.2,1006.8,0.011497
8002,10419,62059,20.852,678.37,188.18,0.56569
8003,9719.9,62230,28.086,668.53,652.1,0.012436
8004,10472,61981,28.995,215.92,152.28,0.17282
8005,9835,63590,33.606,338.21,243,0.1638
8005,10452,62418,34.852,340.98,255.28,0.14372
8007,9249.5,63355,28.549,384.42,210.59,0.29215
8008,9421.4,64152,40.135,503.54,478.16,0.025855
8009,9985.6,63229,25.266,200.75,133.49,0.20124
8012,9044.6,61436,31.937,385.46,188.02,0.3443
8014,8904.1,61392,26.788,457.4,218.19,0.35407
8016,10657,63919,36.278,475.59,411.06,0.072785
8017,10661,63874,34.489,255.41,270.25,-0.028222
8018,8831.2,62537,36.243,273.46,155.56,0.2748
8018,9673.8,62358,35.989,317.12,277.95,0.065825
8019,9880.2,62161,28.55,510.9,165.54,0.51055
8019,10291,63313,28.044,454.14,446.31,0.0087017
8020,11024,61599,30.446,155.55,165.62,-0.031331
8020,11149,64177,32.909,524.63,226.19,0.39749
8022,10906,62168,33.555,206.14,157.66,0.13327
8023,11140,61419,27.1,203.58,260.05,-0.12181
8024,10913,63788,25.846,589.9,231.14,0.43696
8024,11216,61429,37.318,106.67,382.55,-0.56392
8025,9479.4,63628,31.463,475.42,514.88,-0.039847
8025,11144,63432,33.793,280.24,163.36,0.26348
8028,10311,63620,35.249,392.59,332.47,0.082907
8030,9415.7,62224,20.167,473.45,364.08,0.13058
8030,10578,63046,28.864,705.7,509.58,0.16138
8031,9491.2,62100,26.179,997.48,583.61,0.26177
8032,9517.3,62056,19.354,938.61,673.6,0.16438
8032,9676.6,63185,29.857,336.9,263.56,0.12214
8033,9549.4,62326,26.664,1495.9,1365.5,0.045552
8034,9484.7,62269,31.744,836.71,732.78,0.066219
8035,10295,61605,32.392,802.18,396.99,0.3379
8035,10341,61596,27.268,898.34,485.37,0.29845
8036,9406.3,63293,31.196,347.93,162.49,0.36331
8037,8999.2,63670,35.632,446.46,310.06,0.1803
8037,9405.9,62015,30.686,120.18,137.34,-0.066627
8039,10615,63154,33.545,251.92,206.68,0.098647
8040,10167,62063,33.93,377.17,504.47,-0.14439
8041,9486.7,61651,31.147,626.91,538.99,0.075413
8041,10370,61893,24.734,523.24,387.59,0.14894
8041,11630,61853,38.936,345.15,259.32,0.14199
8042,9529.1,61656,37.556,272.45,147.02,0.29902
8043,9539.4,61878,30.972,375.44,386.4,-0.014382
8045,9620.5,61742,36.259,247.79,340.35,-0.15737
8046,9648,61705,34.728,228.05,401.41,-0.27541
8046,10194,61904,33.152,184.76,318.28,-0.26543
8051,10134,63579,34.572,129.58,154.72,-0.088416
8054,8862.4,63720,38.29,324.93,173.79,0.30305
8054,10752,63685,35.314,770.46,404.55,0.3114
8055,10379,63633,34.392,872.59,646.37,0.14893
8058,9249.4,62903,24.546,548.54,586.77,-0.033676
8058,11405,62326,27.263,966.91,484.88,0.33203
8058,11468,64122,28.911,290.12,196.44,0.19253
8059,9385.6,62953,27.138,487.05,378.65,0.12522
8061,9102.8,61754,28.855,673.12,692.25,-0.014007
8061,11064,64122,35.916,739.2,262.25,0.47626
8062,9100.9,61813,33.142,435.2,200.06,0.37015
8062,9502.4,62840,28.642,401.61,362.79,0.050787
8064,11610,61413,28.237,302.55,126.85,0.40917
8065,10668,61574,32.697,756.73,675.72,0.056553
8067,10963,61960,31.21,504.33,357.06,0.17097
8068,10471,63934,35.047,151.57,130.8,0.073576
8068,11421,63249,34.258,188.31,151.81,0.1073
8069,9823.1,62792,32.643,828.86,637.17,0.13075
8069,11384,63666,31.245,236.69,504.08,-0.36097
8070,10473,61803,40.44,533.87,188.35,0.4784
8070,11369,63778,30.341,258.94,204.9,0.11651
8071,10714,61708,18.752,765.49,155.23,0.6628
8072,9520.4,62381,34.8,296.72,266.12,0.054363
8076,9591.2,64052,32.758,298.63,159.35,0.30413
8076,10307,62459,28.496,825.22,387.36,0.36109
8077,9828.7,62986,29.412,230.75,170.17,0.15111
8078,11218,63782,33.302,161.87,103.49,0.21998
8085,9849.1,62225,30.533,216.84,336.07,-0.21564
8086,10059,62053,36.487,460.4,194.74,0.4055
8089,10467,61410,23.128,737.58,570.33,0.12788
8089,10659,62118,33.235,792.71,650.75,0.098346
8091,9347.4,62388,32.428,326.23,206.7,0.22428
8093,10530,61618,24.506,589.68,577.68,0.01028
8093,11061,61845,39.053,774.66,646.88,0.089886
8094,9778.5,61677,36.343,254.5,221.01,0.07042
8094,10616,61835,31.276,1048.7,774.78,0.15022
8095,9122.6,63049,30.715,324.64,283.39,0.067851
8095,9769.7,61454,35.958,329.28,311.49,0.027773
8095,10717,61802,36.518,699.29,630.2,0.051964
8099,9550.7,62381,30.56,716.88,622.16,0.070742
8100,10847,62172,35.129,295.41,242.59,0.098181
8103,9436.6,62846,27.307,590.48,155.11,0.58393
8103,10533,61886,30.04,333.59,438.88,-0.1363
8103,11231,61612,35.613,975.49,507.6,0.31548
8104,10990,62394,31.232,522.14,372.58,0.16716
8104,11134,61419,31.415,527.1,335.86,0.22161
8105,11027,63664,28.955,302.28,245.66,0.10333
8105,11117,61653,40.324,715.32,205.25,0.55407
8106,11220,61438,23.431,581.15,280.75,0.34853
8107,10836,62194,20.229,761.41,431.2,0.27688
8108,8844.1,63144,23.742,988.67,594.09,0.2493
8108,11284,61504,21.115,454.99,245.23,0.29956
8108,11426,62053,30.332,916.28,886.19,0.016694
8109,11082,61433,24.441,698.01,496.73,0.16848
8111,10689,62192,31.133,511.63,418.4,0.10024
8111,10931,63780,33.429,294.93,178.83,0.24506
8111,11191,62064,32.704,223.64,110.86,0.33716
8112,9705.4,63348,36.238,729.51,350.99,0.35033
8112,10818,62096,28.729,385.49,234.31,0.24393
8112,10890,63821,23.112,590.79,566.73,0.020781
8113,9750.5,63471,21.933,822.16,650.16,0.11682
8114,10459,63288,39.681,280.81,349.86,-0.1095
8116,9623.7,63421,30.325,588.36,238.39,0.4233
8117,10786,64227,32.532,978.09,528.53,0.29839
8119,9712.1,63425,34.824,495.17,236.15,0.35418
8120,9702.5,63519,22.981,376.56,245.03,0.2116
8122,9731.3,63449,24.076,665.49,419.9,0.22627
8123,9733.4,63478,24.341,348.12,205.76,0.25703
8123,10813,64100,38.449,573.45,241.4,0.4075
8124,9747.4,63438,23.539,666.04,363.89,0.29337
8124,11087,63901,34.759,382.2,136.1,0.47483
8127,8741.7,62087,29.845,283.97,132.8,0.36272
8128,9659.7,63501,24.185,593.32,503.18,0.082213
8129,9637,61498,30.309,517.56,644.61,-0.10933
8129,9639.2,63503,32.694,493.11,489.02,0.0041598
8129,10645,62015,27.769,314.83,197.44,0.22917
8130,9677.9,61403,32.163,314.9,281.08,0.05675
8130,9751.8,63545,37.976,388.26,218.27,0.28026
8132,9710.1,63496,34.782,372.87,304.79,0.10046
8133,8801.5,61879,25.133,613.03,495.76,0.10576
8133,9716.7,63490,19.482,1009,692.04,0.18633
8134,8864.4,61441,33.048,500.28,304.39,0.24344
8134,9739.3,63362,20.181,698.08,411.47,0.25832
8136,9687.8,61442,35.219,708.62,534.15,0.14039
8137,9049.2,62574,38.558,304.39,213.17,0.17627
8137,10251,63556,33.362,180.57,279.36,-0.2148
8138,10159,63540,31.692,531.93,593.83,-0.054978
8139,8849.7,61444,20.328,558.66,398.69,0.1671
8139,10215,63589,25.393,336.44,534.73,-0.22762
8140,8836.6,61462,18.451,540.54,369.67,0.18773
8140,10214,63552,20.709,361.18,347.9,0.01873
8141,8943.9,61433,39.135,482.7,464.58,0.019124
8142,10218,63031,29.596,506.3,506.52,-0.00021707
8142,11158,61962,35.737,376.96,317.08,0.08628
8144,9598.9,62986,24.329,580.22,314.74,0.29664
8149,10615,61425,31.226,257.9,160.45,0.23293
8152,9385.1,62397,22.982,176.3,184.77,-0.023467
8153,9418.7,62438,21.42,356.09,184.32,0.31786
8154,9274.7,62945,33.479,367.21,233.3,0.22301
8155,9713,61438,30.823,763.92,552.52,0.16059
8159,8818.1,62489,35.647,155.06,191.29,-0.10461
8159,9546.1,63114,33.531,536.67,395.8,0.15108
8167,10747,62586,28.037,707.14,454.59,0.21739
8168,10749,63056,32.571,838.9,727.51,0.071106
8169,9453.5,62405,17.253,846.95,442.85,0.3133
8169,9977.1,62556,28.977,672.09,324.91,0.34823
8170,9314.7,62302,26.604,1064.2,731.32,0.18541
8171,9308.9,62343,18.787,746.51,310.77,0.41213
8172,9396.4,62402,27.287,1242.6,803.73,0.21448
8172,10647,63240,21.086,413.37,236.88,0.2714
8174,9334.4,62813,27.04,1127.6,545.52,0.3479
8174,10455,62250,29.655,396.38,280.95,0.17041
8175,9488.3,62751,30.455,517.18,182.77,0.47777
8182,11146,62249,36.196,503.45,261.1,0.31698
8183,9449.9,62401,27.795,207.45,208.6,-0.0027633
8183,10223,63691,29.845,383.79,309.35,0.10739
8184,8796.7,61460,23.561,538.26,285.62,0.30665
8184,11277,63163,28.88,682.19,373.04,0.29298
8185,8823.5,63798,33.947,282.79,128.82,0.37408
8185,8899.2,61454,28.491,392.29,275.23,0.17536
8185,9483.2,62873,36.697,210.4,134.81,0.21895
8186,9471.5,62448,38.417,276.41,415.61,-0.20116
8186,11171,61476,21.252,600.56,521.1,0.070839
8188,11081,62162,35.004,411.89,265.98,0.21524
8191,8999.6,63217,37.309,620.57,450.81,0.15845
8193,9435.9,62337,34.444,330.69,248.63,0.14165
8193,10642,61965,30.45,611,331.12,0.29707
8193,11464,64021,28.27,268.79,208.65,0.12597
8197,9284.3,63348,32.366,146,101.21,0.1812
8198,11180,62120,23.744,431.01,207.85,0.3493
8199,10297,61553,27.77,555.62,478.55,0.074523
8199,11058,62234,33.389,264.31,181.46,0.18585
8201,11065,62162,34.373,378.7,182.59,0.3494
8204,8683.5,63214,32.321,400.12,195.97,0.34249
8204,11174,62156,38.371,398.87,327.74,0.097897
8206,10227,62508,34.342,355.65,187.14,0.31044
8208,11140,62081,28.6,255.06,161.73,0.22391
8210,9101.1,62523,33.613,243.01,100.88,0.41328
8210,9677.7,62527,30.767,347.85,134.87,0.44122
8212,10163,63825,34.553,806.8,690.92,0.077369
8216,10911,64022,33.371,364.69,209.64,0.26996
8216,11619,61556,38.028,341.51,125.29,0.46318
8217,11550,62114,35.124,390.19,543.53,-0.16423
8219,10517,63577,34.398,294.71,192.45,0.20991
8220,9281.2,63321,29.377,554.9,122.76,0.63769
8220,9910.9,63070,32.584,193.13,144.11,0.14536
8221,9333.9,62798,28.722,644.19,382.94,0.25435
8222,9199.2,62599,35.669,336.94,262.88,0.12346
8222,9936.7,63483,29.645,522.22,388.45,0.1469
8223,11565,62408,31.146,492.94,203.94,0.41472
8226,9372,62541,32.178,405.85,414.56,-0.010614
8226,10391,63512,30.688,421.55,352.26,0.089554
8227,9518,62552,27.537,469.19,437.67,0.034756
8227,10449,63612,31.793,965.52,822.25,0.080139
8228,8668.9,61774,31.749,196.31,164.07,0.089466
8228,9467,62349,31.316,332.77,424.36,-0.12097
8228,10718,63862,29.111,646.74,309.74,0.35234
8228,11186,61659,25.278,336.76,226.96,0.19478
8229,8862.9,61942,32.93,348.04,421.62,-0.095601
8230,11547,61725,36.516,249.78,153.17,0.23975
8231,11286,61721,35.708,336.42,350.61,-0.020653
8232,8996.3,62712,32.199,324.18,337.99,-0.020857
8235,9042.5,63289,33.463,523.75,306.86,0.26113
8237,9522,62986,27.851,495.79,489.08,0.006804
8239,9393.5,61783,34.94,366.34,486.78,-0.14118
8241,10224,63050,35.273,243.62,429.92,-0.27659
8243,10077,63302,24.369,388.08,304.86,0.1201
8243,11622,62016,30.032,175.11,121.41,0.18109
8245,9869.9,62289,28.531,518.52,397.45,0.13219
8247,10049,64120,32.877,302.25,121.53,0.42643
8249,9631.6,61673,31.926,316.39,209.11,0.20415
8250,10354,62851,26.217,382.01,236.7,0.23485
8250,10925,62463,25.865,253.04,135.43,0.30275
8251,10504,62879,23.93,490.61,281.48,0.27086
8252,10563,62692,26.835,644.51,474.72,0.1517
8253,10608,62781,27.04,538.95,306.17,0.27545
8254,10521,62176,24.483,619.04,412.57,0.20014
8257,8873.7,61755,22.31,582.91,408.26,0.17621
8257,11409,63673,27.88,517,449.96,0.069327
8258,11422,63820,23.652,255.15,228.38,0.055359
8261,10722,62334,26.592,751.39,555.05,0.15029
8262,10555,61443,34.821,297.63,325.65,-0.044964
8263,10185,64366,32.72,292.75,114.43,0.43794
8263,10923,63718,35.064,454.02,414.29,0.045746
8265,10440,61529,25.021,461.29,327.79,0.16918
8265,11037,63789,26.807,426.76,272.2,0.22113
8265,11277,62887,32.855,494.13,292.51,0.2563
8266,10382,61481,28.22,522.44,362.86,0.18025
8267,10883,63825,32.61,599.41,511.94,0.078709
8268,10830,63801,24.467,663.56,330.78,0.33467
8271,9180.9,63097,35.406,209.75,112.94,0.30001
8272,10321,63947,36.128,270.81,145.87,0.29984
8276,10228,61526,27.826,403.34,297.86,0.15043
8276,10684,62142,28.557,188.74,120.17,0.22198
8278,10024,62078,29.905,657.42,554.08,0.085303
8279,8870,61668,30.802,353.06,401.51,-0.064213
8279,9343.8,63199,32.637,241.28,158.23,0.20788
8280,10268,63276,22.594,424.01,285.44,0.19533
8281,8959.4,61627,30.513,421.67,282.58,0.1975
8281,10408,62370,32.784,191.38,174.51,0.046109
8283,8746.8,62707,30.906,292.11,316.36,-0.039851
8284,8723.9,61984,30.954,269.78,419.91,-0.21768
8284,9380,63060,32.31,228.61,195.14,0.078977
8285,9866.5,62362,31.315,395.23,226.01,0.27238
8285,10383,61609,31.902,215.79,175.84,0.10203
8286,10426,63518,27.556,151.01,165.32,-0.045262
8287,10406,63582,31.632,187.91,151.75,0.10645
8289,11496,64239,35.434,293.18,185.1,0.22597
8291,10060,62450,29.283,278.15,190.81,0.18623
8292,11329,62282,35.927,236.24,129.75,0.29096
8294,10092,62832,28.589,942.76,507.94,0.29973
8299,11155,61494,36.313,239.53,119.35,0.33487
8302,10482,63806,31.641,356.5,222.92,0.23055
8304,10363,61764,32.867,707.41,887.58,-0.11296
8305,8714.1,63374,39.864,579.99,619.8,-0.033181
8305,10587,61403,28.228,664.99,411.06,0.23599
8306,9727.6,63314,32.614,442.31,350,0.1165
8307,9793,63301,28.945,419.58,343.86,0.09919
8312,9301.6,62782,36.21,240.49,175.69,0.1557
8316,10861,64247,31.642,894.42,233.44,0.58605
8317,11114,62025,22.058,291.41,143.08,0.3414
8318,10329,62492,33.581,295.94,287.34,0.014751
8319,8890.7,61839,33.822,206.43,113.18,0.29174
8319,10294,62348,32.507,752.06,788.53,-0.023677
8319,10345,62846,30.131,207.85,115.7,0.28479
8321,9461.1,62941,23.954,592.97,357.35,0.24794
8322,9483,62830,24.064,316.99,225.82,0.16796
8324,9526.2,62087,29.311,626.77,554.33,0.061328
8330,9282.2,61963,36.098,376.68,323.38,0.076134
8330,10430,62308,33.544,398.96,117.86,0.54389
8331,10431,62512,22.182,299.34,100.05,0.499
8331,11098,63686,29.469,274.65,183.75,0.1983
8332,9426.8,62420,29.37,148.09,175.27,-0.084069
8332,10248,63233,37.347,392.42,223.4,0.27446
8332,10724,61470,27.346,280.67,155.03,0.28836
8333,8828.1,63868,34.766,312.04,131.02,0.40856
8333,9994,62985,32.098,250.33,148.04,0.25678
8334,10679,62118,22.195,972.66,590.55,0.24444
8335,10905,63713,20.655,361.71,137.69,0.44858
8336,11376,62751,31.819,434.5,344.82,0.11507
8337,11062,63744,40.005,143.99,188.87,-0.13483
8338,9923.1,64014,36.901,383.93,239.64,0.2314
8339,9294.7,62388,35.177,211.58,272.77,-0.12632
8340,11195,61606,25.059,631.55,475.04,0.14144
8341,11030,61766,33.216,409.79,442.42,-0.038297
8344,10817,62952,31.36,586.34,462.4,0.11819
8345,10863,63215,29.66,477.51,502.15,-0.025155
8346,10931,63324,25.031,337.07,185.5,0.29003
8347,10937,63327,20.062,282.17,184.3,0.20981
8348,10971,63311,31.937,352.64,230.42,0.20962
8349,8727.7,61409,32.16,891.33,824.68,0.038838
8350,9438.2,62377,36.479,190.96,257.62,-0.14861
8350,10388,62795,33.12,196.54,141.17,0.16395
8350,10997,63880,18.399,511.8,290.94,0.27514
8351,10827,63825,19.384,253.82,169.17,0.20013
8354,9924.9,63178,38.134,361.44,331.95,0.042525
8356,9805.5,63457,25.149,306.62,264.87,0.073055
8358,10849,61787,37.592,252.56,125.42,0.33637
8369,10730,61415,21.233,876.97,684.77,0.12306
8371,9165.6,62957,36.799,268.36,134.47,0.33236
8372,9371,62291,38.564,286.9,234.3,0.10094
8377,9021.7,63446,30.807,300.52,329.38,-0.045829
8379,9698.2,61442,36.785,240.73,142.54,0.25618
8380,11452,63994,28.953,406.61,280.41,0.18368
8381,8845.7,61463,29.828,437.84,747.67,-0.26135
8381,11518,63948,36.596,416.22,312.17,0.14286
8387,11368,61758,35.551,534.38,519.23,0.014385
8391,9723.9,62965,27.158,481.6,315.03,0.20909
8396,9461.3,62385,26.323,1101.3,923.13,0.088011
8396,10347,63242,35.492,421.68,285.2,0.19307
8397,9517.4,62303,29.8,275.05,209.25,0.13587
8399,8843.3,62698,26.277,493.95,412.17,0.09026
8410,10252,64158,35.726,248.75,234.04,0.030473
8410,11660,62512,34.857,326.53,114.61,0.48037
8413,9421.9,62341,14.365,1036.5,592.71,0.27242
8414,9390.7,62381,28.531,449.69,366.58,0.10181
8418,11413,63185,35.383,167.98,107.02,0.22168
8419,9413.2,62464,30.019,329.5,213.29,0.21409
8422,11332,62703,35.997,257.11,155.71,0.24564
8424,11141,61512,35.095,191.58,160.25,0.08903
8429,9386.1,62531,40.186,404.28,389.78,0.018257
8431,10676,63217,27.689,269.63,178.22,0.20412
8432,10685,63378,26.791,520.52,185.89,0.4737
8432,10858,63763,25.467,554.7,276.49,0.33471
8433,10614,63287,36.858,280.54,183.88,0.20814
8436,9936.7,63080,35.368,319.22,201.8,0.22538
8439,10385,61874,12.287,779.76,217.63,0.5636
8440,10456,61899,13.673,1366.9,497.93,0.46599
8442,9488.8,64226,33.782,186.58,151.76,0.10291
8443,10084,63390,32.391,254.76,236.58,0.037001
8443,10374,61794,22.556,724.2,267.19,0.46098
8443,11041,63931,33.777,473.77,401.66,0.082377
8444,9546.4,62580,34.578,475.01,186.42,0.43633
8444,10425,61821,25.553,414.96,104.87,0.5965
8445,9117.6,61712,29.18,173.07,139.79,0.10637
8445,10387,61848,19.985,299.27,104.19,0.48351
8446,9306.3,62811,28.213,601.95,552.92,0.042455
8446,10753,61444,31.592,351.11,278.06,0.11611
8447,9680.2,61851,33.452,538.42,313.47,0.26406
8448,8909.2,61427,35.305,544.87,454.41,0.090531
8448,10406,61823,19.55,406.93,156.08,0.44555
8448,10880,61397,24.65,511.83,367.25,0.16446
8449,11211,61424,23.615,904.81,567.92,0.22875
8450,9866.1,62253,33.326,495.12,503.31,-0.0082095
8450,11253,61506,22.331,719.77,482.12,0.19773
8453,10713,62149,23.138,491.45,364.85,0.14784
8455,9972.1,62352,31.314,145.15,105.73,0.15713
8455,10706,63076,30.894,372.99,288.62,0.12752
8456,9599.4,62358,34.418,207.3,128.48,0.23472
8456,10872,62354,33.904,233.77,203.35,0.069591
8457,9339.3,63057,30.701,461.31,553.33,-0.090693
8460,8949,63686,34.778,329.46,207.8,0.22644
8468,11269,63339,37.914,696.79,437.19,0.22894
8469,10994,62022,33.892,220,194.09,0.062568
8474,10496,61408,29.576,356.67,898.39,-0.43162
8475,11056,63809,34.582,169.58,142.39,0.087163
8476,9096,61981,39.329,311.98,366.67,-0.080585
8478,11547,61717,34.148,276.7,202.05,0.15594
8479,9879.3,63244,28.308,655.21,259.29,0.43294
8479,10403,61890,19.582,320.53,127.68,0.43025
8481,9022.8,62027,32.293,286.42,186.06,0.21242
8481,9878.8,64101,30.55,530.66,175.16,0.50366
8482,10731,63821,27.807,480.96,258.64,0.30059
8488,8781.2,63824,33.277,160.3,180.93,-0.060459
8491,10011,61432,35.719,339.9,200.11,0.25886
8492,10182,63864,35.115,335.16,319.44,0.02401
8493,10977,61989,36.975,471.01,455.87,0.016335
8493,10950,63834,32.749,304.58,184.84,0.24466
8494,11224,61862,24.522,411.21,253.14,0.23793
8495,9893.4,62987,33.492,170.06,138.44,0.10248
8495,10968,63819,30.039,269.19,280.23,-0.020099
8497,10798,62115,36.62,215.1,416.1,-0.31843
8499,10506,61459,37.683,269.54,332,-0.10385
8500,9476.7,62383,32.549,304.39,355.42,-0.077333
8501,9450.7,62361,29.675,218.55,213.64,0.011368
8501,10928,63886,29.201,656.54,411.11,0.22987
8502,10925,63827,22.98,673.58,308.02,0.37242
8503,11010,63831,17.36,668.25,403.18,0.2474
8506,9531.7,63968,38.213,646.63,593.81,0.042577
8506,10088,63163,28.969,460.68,445.14,0.017155
8506,10576,61410,28.906,152.08,182.47,-0.090833
8508,9073.1,62626,22.888,269.09,148.31,0.28937
8509,9564.7,63588,25.915,270.74,120.55,0.38384
8511,10104,63671,25.692,298.36,244.57,0.099071
8512,11362,61895,37.025,307.53,208.98,0.1908
8513,9215.9,62693,14.087,528.87,124.44,0.61905
8513,9964.8,63225,26.895,442.33,401.72,0.048121
8514,9200.4,62798,25.037,405.78,151.34,0.45671
8514,9629.9,64351,32.101,700.93,435.51,0.23355
8517,8777.9,62699,33.946,329.91,290.19,0.064052
8518,8714.4,62692,35.827,169.7,165.28,0.013208
8522,10439,62020,22.61,275.1,180.26,0.20828
8522,11266,61811,33.208,339.25,222.32,0.20823
8523,8738.3,61991,31.535,889.71,762.03,0.077295
8525,9023.8,62065,29.525,308.52,202.33,0.20786
8528,9137.5,63736,35.098,137.19,183.77,-0.14512
8528,10363,62277,42.218,794.08,322.33,0.42255
8528,10367,62486,28.368,482.4,171.6,0.47524
8528,11425,61776,33.196,311.36,249.67,0.10996
8529,10276,62253,30.96,434.58,246.24,0.27663
8531,10210,63504,30.51,521.64,365.62,0.17585
8531,11314,61806,26.451,450.36,414.55,0.041402
8531,11461,62352,37.548,573.14,503.78,0.064407
8532,11443,62293,36.575,515.97,585.61,-0.063219
8533,10520,61921,28.995,377.44,421.8,-0.055492
8534,8947.5,63038,35.214,223.44,143.92,0.21646
8538,11626,61764,31.838,521.24,309.18,0.25537
8542,9627,63342,35.744,332.07,256.87,0.12769
8542,10978,63790,35.921,567.54,383.25,0.19383
8549,10843,63846,24.654,497.8,325.31,0.20956
8550,9962.8,64211,30.006,211.46,125.29,0.25589
8553,9756.8,64194,32.166,224.27,111.5,0.33587
8553,10350,62340,37.45,270.29,167.58,0.23456
8554,9380.8,61682,31.423,463.26,192.36,0.41321
8554,10429,62148,35.888,273.38,204.72,0.14361
8555,9074.7,61442,27.666,243.31,304.23,-0.11126
8556,9534.8,62924,26.961,564.23,398.01,0.17274
8557,9889.4,62713,36.065,359.37,192.9,0.30143
8557,10067,64222,29.756,223.34,143.01,0.2193
8558,9762.8,64386,24.153,194.9,177.13,0.047744
8559,9562.4,64363,31.163,254.94,128.25,0.33063
8559,10907,64052,18.303,483.41,109.92,0.62949
8563,9953.4,63173,29.864,563.93,453.32,0.10873
8564,10545,61812,38.235,385.03,302.75,0.11963
8567,9660.8,62416,24.137,680.17,462.29,0.19071
8570,10921,63911,34.549,346.55,258.99,0.14461
8572,10489,61770,24.862,333.28,155.69,0.36319
8573,11323,63816,27.132,635.94,444.29,0.17742
8575,9050.7,63914,34.521,329.2,347.51,-0.027052
8575,9452.4,62387,33.044,324.39,386.89,-0.08786
8577,11241,61999,30.209,860.08,455.66,0.30737
8578,11225,61649,32.844,283.48,256.37,0.050205
8579,11341,62736,39.233,521.37,525.74,-0.0041752
8580,9418.3,64135,29.911,155.82,155.01,0.0026211
8584,9419.2,62485,28.082,666.02,498.33,0.14402
8586,10563,61531,35.763,259.02,188.59,0.15734
8587,9071.2,61521,42.022,361.95,231.17,0.2205
8589,9984.1,62071,29.715,744.1,454.6,0.24152
8590,10378,62215,29.395,637.48,484.07,0.13679
8592,10842,61536,28.582,402.38,329.97,0.098873
8593,9401.4,62430,37.679,267.18,224.37,0.087095
8594,9261.4,61769,36.83,495.59,169.91,0.48938
8595,9238.3,62106,31.407,278.39,302.69,-0.041829
8597,10464,61906,30.668,346.06,258.92,0.14405
8601,11232,61810,35.926,354.38,428.82,-0.095048
8602,9488.1,62267,31.639,366.44,317.39,0.07173
8603,9401.7,62384,23.091,419.93,237.8,0.27692
8603,11071,63695,30.563,380.11,273.76,0.16264
8604,9637.8,61753,26.294,131.85,101.05,0.13227
8607,9477.8,62131,33.6,339.1,351.03,-0.017295
8608,10069,64134,33.408,255.95,149.48,0.26262
8608,11651,61447,33.611,295.95,111.87,0.45139
8609,9942.3,62110,29.173,268.36,123.42,0.36996
8614,9527.9,63077,31.059,529.11,455.1,0.075204
8614,10592,62076,36.618,383.11,151.95,0.43204
8619,9267.9,62217,24.976,319.77,540.17,-0.25629
8619,9204.8,62933,37.978,213.75,250.12,-0.078392
8620,9772.3,63777,36.443,196.72,210.3,-0.033359
8620,10362,62515,23.919,535.54,220.37,0.41695
8620,10638,63936,31.124,132.13,120.12,0.047603
8623,10231,62126,32.362,873.61,846.16,0.015957
8624,10042,62134,29.205,220.45,133.31,0.24635
8628,11003,62658,31.376,143.16,160.01,-0.055566
8629,10649,61399,26.452,250.18,136.74,0.29317
8629,10935,62472,31.572,159.35,158.29,0.0033437
8632,9455.5,63098,29.05,331.46,168.92,0.32482
8635,10855,62348,40.408,240.03,264.25,-0.048028
8636,10654,61420,23.836,282.22,131.01,0.36591
8638,9545.3,62243,36.954,549.14,161.78,0.54486
8638,10890,63885,19.789,269.43,103.64,0.4444
8638,11245,61538,33.984,292.22,174.6,0.25195
8639,10977,63793,33.12,290.95,120.25,0.41512
8640,9111.8,61807,33.02,252.84,119.57,0.35786
8641,9238.3,61902,30.154,369.15,257.24,0.17866
8642,11123,61723,36.655,682.18,265.15,0.44022
8643,11325,61717,23.752,631.31,383.07,0.24472
8644,11397,61730,22.824,452.4,237.31,0.31185
8645,9376.9,62352,26.956,329.09,177.4,0.29949
8646,11205,61840,32.393,352.11,252.67,0.16442
8647,11203,61862,34.887,384.21,291.68,0.13689
8648,11321,61707,30.183,366.5,225.03,0.23916
8649,11309,61850,28.724,422.41,292.85,0.18114
8650,9026.1,62097,29.843,336.59,303.12,0.052313
8651,9015.3,62028,36.858,297.04,277.88,0.033315
8652,9038.3,62074,31.293,207,100.16,0.34785
8654,9895,63367,31.146,207.57,106.39,0.32229
8654,10753,62196,35.033,408.64,410.1,-0.0017868
8655,9494.6,62939,28.682,745.08,321.2,0.39753
8655,9749.9,64106,28.833,620.1,525.51,0.082565
8656,9606.2,63064,34.414,510.24,359.02,0.17396
8656,9607.9,64184,26.853,208.76,100.72,0.34911
8657,9038.7,61511,33.003,264.65,637.48,-0.41328
8657,9437.7,63005,26.734,602.75,525.76,0.068227
8658,11053,63805,31.977,298.55,216.2,0.15998
8659,10555,61610,18.07,475.55,127.8,0.57637
8660,10499,61585,19.795,396.33,101.95,0.5908
8660,10935,63759,33.561,296.17,156.22,0.30934
8662,9095.6,64060,30.312,238.8,149.5,0.22996
8662,10520,61545,21.776,364.93,136.53,0.45546
8663,10423,61422,27.748,594.33,254.53,0.40031
8663,11015,62787,33.424,277.59,233.64,0.085986
8664,10491,61468,27.274,341.61,136.28,0.42965
8668,10041,61443,36.139,433.16,262.85,0.2447
8669,9537.1,61793,34.664,473.51,153.6,0.51013
8671,10270,63491,23.793,217.23,202.69,0.034638
8672,9433.8,62402,26.642,198.24,169.19,0.079061
8673,10985,63827,30.746,278.89,176.06,0.22602
8676,10112,62256,37.141,477.3,441.17,0.03934
8677,10091,62403,26.993,365.32,267.59,0.15442
8679,10209,62229,33.596,625.97,322.78,0.31957
8680,10388,61529,35.651,387.16,503.19,-0.13032
8682,9750.1,62935,36.534,352.05,329.17,0.033583
8682,10099,61514,30.637,525.39,464.23,0.061803
8683,10028,61688,34.959,762.69,456.24,0.25141
8683,10634,63797,25.13,508.12,478.7,0.02981
8686,8959.8,61822,32.666,192.34,106.32,0.28803
8686,10328,63373,32.319,369.71,328.72,0.058679
8687,10221,63335,33.691,274.7,200.1,0.15711
8688,9688.4,61998,36.834,190.25,115.56,0.24422
8689,9195.7,62151,31.92,370.35,246.54,0.20069
8690,9328.9,62229,34.584,636.69,483.6,0.13666
8693,10027,64221,30.289,554.33,130.66,0.61851
8694,9234,64008,29.272,405.69,185.84,0.37167
8695,9672.5,61543,29.234,356.31,566.15,-0.22747
8696,9229.6,63906,32.902,401.17,343,0.078175
8697,9396.3,64035,27.119,454.09,101.43,0.63483
8700,10580,61411,25.52,199.37,110.49,0.28685
8704,9731.5,62829,34.946,164.48,127.45,0.12682
8707,9131.5,61884,31.956,626.79,632.33,-0.004399
8710,9468.3,61403,34.873,292.09,156.91,0.30105
8714,9932.2,61787,32.266,180.41,216.81,-0.091635
8716,9925.5,61815,28.951,158.09,233.62,-0.19282
8716,10951,62152,34.187,314.06,295.53,0.030403
8717,10423,63601,30.273,927.93,656.85,0.17105
8717,11017,63751,32.916,281.07,166.17,0.25693
8718,8707.8,62039,34.434,913.85,611.98,0.19784
8719,8707.1,62647,28.874,293.25,263.88,0.052704
8719,9419.9,62442,16.247,302.3,300.91,0.0023151
8720,9410,62342,21.43,545.3,521.53,0.022278
8721,9388.8,62425,33.641,342.84,148.96,0.39423
8723,8731.2,62642,29.105,958.55,485.46,0.32762
8724,9430.9,61982,38.11,269.6,256.36,0.025169
8725,9480.2,62087,29.13,609.85,773.24,-0.11814
8727,9459.9,63002,32.368,323.98,329.34,-0.0081946
8728,11281,64055,34.636,311.89,254.08,0.10215
8728,11619,61787,35.697,865.86,794.32,0.043088
8729,8703.7,63902,32.17,508.78,389.36,0.13296
8731,10999,63963,33.225,291.4,185.88,0.22108
8732,8700.2,61791,34.712,355.93,176.93,0.33591
8736,10185,63107,30.776,816.6,935.01,-0.0676
8736,11139,61721,38.037,559.78,587.68,-0.024316
8739,9208.1,63103,30.956,190.51,173.92,0.045541
8742,10408,62025,32.553,431.66,347.29,0.10831
8743,10389,62062,29.783,719.03,631.5,0.064815
8744,10735,61461,29.437,309.45,194.09,0.22911
8750,10040,62359,30.936,467.1,373.68,0.11112
8757,10619,61423,23.091,899.81,776.19,0.073758
8758,8889.3,62562,31.084,119.65,101.96,0.079827
8759,10480,63618,27.288,217.32,145.82,0.19689
8761,10575,63591,36.6,666.63,506.73,0.13627
8762,11332,62253,30.146,237.71,104.55,0.38905
8763,11319,62184,13.97,510.57,135.31,0.58102
8764,11498,62214,33.976,194.01,224.76,-0.07344
8765,11433,62252,21.727,503.38,261.42,0.31636
8768,10643,61403,23.415,503.57,178.41,0.47678
8769,10613,61506,23.926,446.24,431.21,0.017129
8774,8911.7,61424,40.851,386.39,260.74,0.19417
8777,10814,61393,33.895,215.56,322.38,-0.19857
8783,10064,64108,36.17,465.94,526.27,-0.060809
8786,10274,64267,39.017,288.7,162.88,0.27863
8789,10083,64367,33.929,290.63,118.1,0.4221
8789,10626,61826,35.898,345.66,276.39,0.11137
8791,11564,61789,32.114,547.35,475.61,0.070129
8793,8914.4,61721,37.938,265.58,104.54,0.43512
8796,10803,61678,31.618,803.85,486.25,0.24619
8797,10611,63800,35.201,373.89,241.72,0.2147
8797,10823,61552,32.709,549.94,524.82,0.023365
8797,10837,61780,39.307,543.78,610.15,-0.057514
8798,9759.9,62306,31.224,392.06,384.66,0.0095379
8800,8809.9,61710,33.452,183.5,553.13,-0.50178
8800,10892,61520,40.862,381.45,310.91,0.10189
8801,10967,64049,27.982,205.72,224.58,-0.043832
8802,9907.7,61869,33.881,390.8,222.7,0.274
8803,9787.2,61704,24.79,273.25,161.5,0.25704
8804,9765.7,61657,32.545,314.15,410.13,-0.13252
8805,9333.6,62295,33.185,371.22,234.8,0.22511
8808,8695.3,62646,37.37,441.64,270.62,0.24011
8811,9198.8,61469,27.131,723.47,534.43,0.15028
8813,11095,62048,28.307,571.12,345.94,0.24555
8814,9181.8,63631,23.762,259.83,112.55,0.39551
8815,10873,63864,30.973,415.91,180.41,0.39492
8816,10846,63825,22.183,542.38,300.53,0.28693
8824,10730,63880,38.438,364.45,147.16,0.42471
8826,10606,61887,38.679,462.71,272.73,0.25832
8827,9365.3,62109,28.231,383.57,163.44,0.40243
8828,9348.3,61897,28.918,324.41,179.09,0.28861
8830,10478,62194,25.587,588.86,358.14,0.24364
8830,10418,63645,28.988,442.91,413.41,0.034459
8835,10555,61456,24.507,384.05,295.37,0.13052
8838,8699.3,63558,28.842,371.74,166.51,0.38129
8839,11047,63860,36.97,149.33,193.4,-0.1286
8840,10255,63705,34.083,394.14,200.97,0.3246
8842,10682,63682,38.253,206.13,186.87,0.049013
8843,10940,63838,36.268,457.58,328.9,0.16361
8845,9415.2,62417,29.19,436.77,407.59,0.034559
8850,10317,62079,38.083,244.79,156.87,0.21889
8851,10411,62068,32.349,355.2,279.44,0.11937
8851,10623,63797,28.846,328.28,101.3,0.52837
8852,9685.4,63502,35.74,205.51,202.32,0.0078332
8853,9197.6,62860,35.421,442.84,264.68,0.25181
8857,9640.5,62334,32.652,290.44,180.07,0.23457
8864,9138.8,62268,34.16,196.38,136.43,0.18013
8865,10388,61595,31.435,218.38,278.18,-0.12043
8866,9873.9,63653,38.566,203.64,141.57,0.17981
8868,8678.9,62318,35.358,252.91,109.51,0.39568
8873,10763,64068,33.31,606.94,381.47,0.22811
8874,9685.8,64031,23.441,278.5,358.43,-0.1255
8875,9871.7,64228,34.56,583.77,195.45,0.49834
8875,11285,64209,39.015,326.17,188.84,0.26666
8878,10961,63873,34.885,309.33,201.75,0.21049
8881,9485.8,61727,35.391,293.4,212.82,0.15919
8881,10158,63095,39.555,350.01,167.56,0.3525
8882,8904.7,63956,38.294,684.82,114.16,0.71423
8883,11260,63773,28.276,218.01,194.45,0.057111
8885,8759.6,63577,32.501,167.26,104.51,0.2309
8886,8790.3,63495,28.996,509.57,219.75,0.39739
8888,8743.7,63530,10.327,629.13,180.46,0.55419
8889,9867.3,63150,31.929,328.77,224.48,0.18851
8889,10632,63215,22.088,582.29,210.82,0.46838
8891,8757.1,63488,13.72,826.14,204.29,0.60348
8892,8745.2,63472,10.104,545.21,141.66,0.58753
8894,9351.6,63022,23.112,640.39,440.84,0.18456
8900,9334.5,61748,35.758,290.04,167.41,0.26808
8901,10513,63797,36.417,524.43,419.85,0.11074
8901,10612,62151,30.671,302.34,188.06,0.23304
8901,11478,63679,30.172,430.8,214.78,0.33461
8907,8827.3,61452,30.373,274.37,217.09,0.11657
8907,10287,61582,40.887,395.03,355.95,0.052034
8910,10483,61508,38.394,523.78,255.53,0.34421
8924,9550.5,64162,33.931,219.28,122,0.28504
8924,11141,61400,31.683,277.09,258.52,0.034665
8926,9550,62719,27.607,262.68,127.22,0.34743
8927,9578.8,63152,22.776,342.21,114.54,0.49845
8928,9545.6,63056,28.491,471.69,313.74,0.20111
8931,9540.5,62506,22.356,485.1,195.13,0.42629
8932,9095.5,64014,31.738,209.64,171.11,0.1012
8932,9293.5,62688,29.016,639.74,199.67,0.52425
8932,10448,61444,21.09,802.08,698.81,0.068805
8934,8917.4,62906,33.572,449.64,327.78,0.15675
8934,9295.3,61567,25.26,345.28,386.45,-0.056265
8934,10727,61440,35.987,820.91,779.96,0.025576
8936,9443.4,62375,31.623,558.27,571.59,-0.011786
8936,10364,63653,29.436,390.79,130.43,0.49951
8937,10826,61405,33.672,295.33,148.93,0.32953
8938,10964,63871,31.811,324.03,116.38,0.47149
8941,11616,61536,32.149,258.55,187.26,0.15989
8943,10407,61417,30.99,434.37,308.18,0.16995
8944,10933,63911,27.373,512.94,332.07,0.21405
8945,11538,63019,35.641,258.76,186.57,0.16212
8948,11022,63733,30.981,279.98,249.67,0.057239
8949,9215,63033,30.704,674.09,412.37,0.24089
8949,10842,63873,27.463,703.37,658.38,0.03304
8950,10968,63790,23.532,295.21,170.57,0.26759
8952,11103,61716,31.416,204.02,147.14,0.162
8953,9342.4,63164,31.79,243.84,210.07,0.074403
8953,11147,61573,34.66,236.39,117.49,0.336
8957,9099.9,62070,34.691,303.58,244.76,0.10726
8959,10861,62502,25.498,207.44,165.3,0.11305
8959,11206,61782,35.093,323.3,142.25,0.38889
8961,9007.9,63579,35.15,253.81,349.35,-0.1584
8964,9345.2,63022,32.484,385.52,191.84,0.33546
8969,9066.7,62014,33.077,315.67,349.11,-0.050304
8970,9321.5,61897,32.986,433.71,409.71,0.028454
8977,9077.2,61740,31.072,249.17,266.12,-0.0329
8978,10110,62263,32.588,323.45,305.33,0.028828
8979,10197,63304,28.186,610.53,349.83,0.27146
8980,9720.2,62735,15.822,659.21,464.74,0.17302
8981,9636.2,62749,17.251,515.36,422.11,0.099471
8987,9434.4,62819,30.787,308.3,287.04,0.035711
8992,11170,63672,36.043,299.58,298.58,0.0016702
8994,9236,61643,34.487,220.77,244.56,-0.05114
8996,9272.5,61796,33.081,413.68,294.07,0.16901
9002,9178.5,61815,36.429,415.46,182.11,0.3905
9004,9294.9,62286,29.728,420.99,215.65,0.32253
9004,10778,61449,28.165,284.53,122.07,0.39955
9005,9429.6,62356,30.839,231.68,230.85,0.0017913
9005,10738,61450,39.063,347.18,249.83,0.16307
9006,9320,62375,22.185,426.86,399.75,0.032795
9006,9471,63962,35.105,475.55,552.62,-0.07496
9010,9212.1,63563,29.337,464.31,410.61,0.061367
9012,9958.7,62075,29.085,304.84,189.44,0.23347
9018,9325.3,62656,33.939,179.13,245.97,-0.15722
9021,11012,62689,24.72,269.87,262.3,0.014223
9024,9186.7,62844,26.893,331.66,170.26,0.32155
9024,10524,61496,34.542,419.09,316.89,0.13885
9029,8705.5,63163,32.841,297.81,317.44,-0.0319
9031,11008,63830,32.412,252.51,168.53,0.19947
9032,8723.7,63172,38.637,213.46,250.77,-0.080376
9034,9453.7,62368,36.699,394.23,108.47,0.56844
9035,11011,63759,29.57,213.07,111.96,0.31106
9037,9428,62473,35.125,204.55,241.95,-0.083764
9040,9826.1,63252,30.722,415.43,447.79,-0.037481
9040,10509,63128,32.495,160.5,203.84,-0.11897
9043,10656,61508,37.52,283.19,103.46,0.46485
9045,9425.2,61565,30.168,273.68,166.34,0.24394
9046,11316,62783,36.87,212.16,185.85,0.06611
9048,11425,62763,30.207,245.89,180.14,0.15433
9050,9222.8,61889,31.115,307.47,247.65,0.10775
9052,9142,61714,32.269,400.2,383.45,0.021378
9054,10472,62147,34.677,332.92,266.04,0.11165
9056,10640,61435,35.726,340.06,295.35,0.070359
9057,9437.2,61557,32.966,301.27,246.25,0.10049
9059,9965.5,62084,31.427,386.38,271.71,0.17424
9061,10586,61427,27.966,1111.7,622.39,0.28218
9063,9227.6,61678,34.391,406.96,180.33,0.3859
9065,10224,63042,33.487,470.35,179.79,0.44693
9066,9508,61452,31.45,562.32,350.8,0.23165
9070,9853.3,63225,28.322,218.4,151.67,0.18032
9073,10864,63703,22.336,759.73,259.64,0.49059
9081,10778,61680,36.28,243.25,197.85,0.10292
9086,9002.3,62820,27.84,170.99,183.16,-0.034352
9086,10490,61434,35.642,469.74,628.76,-0.14476
9088,10663,61471,36.029,481.28,404.03,0.087263
9089,8836.3,62574,34.373,266.89,274,-0.013131
9092,9684,64211,34.424,467.4,372.12,0.11349
9099,10979,63393,32.442,452.71,223.3,0.33937
9100,10848,63301,29.41,338.91,341.45,-0.0037297
9101,8691.7,62352,49.427,859.29,742.7,0.072778
9101,8772.5,62529,36.716,783.98,613.64,0.12187
9102,9670.9,63755,36.317,489.64,522.07,-0.032061
9105,9483.7,62383,19.528,453.94,124.12,0.57056
9110,9493.9,62549,26.575,1079.7,266.38,0.60423
9123,9464.4,62320,30.82,302.27,275.83,0.045733
9123,9507.1,64089,33.581,342.29,350.2,-0.011416
9124,9334.3,62283,32.197,263.8,182.76,0.18147
9125,10617,61939,33.586,239.97,185.17,0.12889
9126,10102,63413,37.842,217.28,142.14,0.20905
9130,9296.2,61777,32.811,397.94,482.66,-0.096215
9132,9225.4,62732,34.69,398.6,228.43,0.2714
9134,10722,64010,29.479,1397.9,524.64,0.45421
9135,9413,61811,22.874,395.63,211.79,0.30265
9139,9190.3,61848,32.891,287.61,245.32,0.079364
9145,10335,62277,25.617,332.25,342.89,-0.015766
9146,10662,62203,29.882,347.98,364.28,-0.022882
9149,9460.2,61530,34.603,378.71,206.94,0.2933
9154,10957,63889,32.879,517.81,300.63,0.26536
9155,10950,63824,33.645,273.56,323.03,-0.082929
9163,9970,64160,39.201,547.79,465.19,0.081541
9163,10633,61453,29.605,661.54,410.2,0.23451
9167,9458.2,62449,26.351,244.86,293.23,-0.089887
9168,9464.4,62391,34.314,186.82,247.25,-0.13922
9173,11537,64151,35.12,392.89,242.33,0.23701
9175,9442.3,62983,24.442,396.76,225.2,0.27584
9176,10226,61486,37.935,300.92,281.03,0.034179
9176,10500,61459,30.965,172.06,125.41,0.15681
9178,11398,61741,29.812,170.75,103.75,0.24406
9184,11371,63300,30.438,209.46,189.39,0.050315
9186,8792.2,61613,33.571,274.12,200.81,0.15436
9186,10241,63028,36.586,349.37,272.77,0.12313
9191,10445,63695,36.754,347.51,344.55,0.0042718
9192,9689.4,64101,36.697,465.11,294.46,0.22467
9192,10387,63595,32.264,369.69,381.89,-0.016233
9195,9808.4,64242,32.719,474.5,361.41,0.13529
9201,8837.1,62387,29.163,494.58,223.01,0.37845
9201,9594.4,64144,31.644,197.44,214.34,-0.041045
9201,10615,61647,31.907,296.14,624.53,-0.35669
9205,10966,61690,38.266,280.89,144.53,0.32051
9207,9384.2,61718,28.325,235.62,192.38,0.10101
9209,9359.5,61693,26.517,512.25,482.77,0.029636
9213,9757.4,62108,33.179,821.55,637.01,0.12653
9214,9468.2,61793,40.009,624.15,343.92,0.28947
9214,9879,62069,30.541,432.05,213.13,0.33931
9216,9177.2,61678,39.767,379.17,528.57,-0.16458
9216,9567.6,64188,29.705,420.88,259.35,0.23746
9216,10402,63601,37.611,157.07,285.68,-0.29048
9217,8711.9,61643,25.292,523.61,440.07,0.086688
9218,8957.3,61659,22.684,708.07,417.29,0.25839
9219,8902.9,61630,32.424,941.53,636.67,0.19317
9222,9549.6,64299,29.281,232.53,141.12,0.24465
9222,9667.7,62291,39.047,209.27,152.64,0.15647
9226,11097,63833,36.859,136.29,180.41,-0.13933
9227,10909,63812,31.354,506.43,420.6,0.092583
9227,11496,61753,35.045,219.75,176.56,0.10898
9230,9038.3,61679,36.882,533.65,144.66,0.57347
9231,8729.5,61597,33.474,475.27,230.24,0.3473
9231,8873.1,61600,29.809,471.66,239.42,0.3266
9233,8685.3,61514,33.222,692.49,422.33,0.24233
9233,11589,61591,30.021,323.81,148.81,0.37027
9236,9848.6,61862,34.885,332.31,280.35,0.084814
9237,11183,61648,31.542,595.43,354.83,0.2532
9238,11109,61675,27.594,1031.8,341.9,0.50221
9242,11199,61659,27.546,522.82,325.58,0.23249
9243,11114,61779,29.614,440.98,388.86,0.062806
9244,9466.2,63493,38.1,288.44,264.12,0.044013
9248,10443,63615,36.657,151.85,181.65,-0.089362
9252,10301,63610,29.988,176.39,141.36,0.11025
9259,9249.8,62266,36.272,211.01,143.57,0.1902
9264,9429.9,63715,34.767,220.05,154.79,0.17409
9268,10554,62493,15.048,634.74,154,0.6095
9271,9560.5,63475,9.0553,1530,132.74,0.84034
9272,9676.8,63601,12.464,759.3,234.31,0.52837
9275,10571,61986,26.086,386.96,326.74,0.084386
9278,8913.4,61969,35.712,236.55,194.69,0.097066
9278,10504,62049,34.996,507.28,301.9,0.25381
9291,10183,63690,31.32,342.22,239.94,0.1757
9295,9421.4,62461,25.088,585.61,601.07,-0.013023
9297,9209.9,62806,35.767,528.55,419.67,0.11482
9299,10838,63921,27.338,263.99,131.59,0.33468
9306,9228.9,64150,35.864,152.21,135.49,0.05812
9306,11279,62215,34.897,465.67,521.62,-0.056664
9310,9978.8,64194,33.205,417.46,409.85,0.009195
9313,10636,61405,38.265,344.92,260.81,0.13886
9322,10232,63033,36.08,349.78,248.18,0.16992
9323,11108,61631,29.625,335.12,427.62,-0.12128
9324,9566.8,63634,33.336,246.91,144.17,0.2627
9324,10086,63040,36.947,697.23,208.6,0.53944
9325,9451.7,63052,32.706,576.95,662.62,-0.069115
9325,10321,63039,32.569,574.15,365.34,0.22225
9325,11242,61658,25.238,584.12,700.78,-0.090792
9328,8740.5,61765,39.156,179.62,109.01,0.24464
9333,11438,62258,33.138,362.63,145.47,0.42739
9334,11440,62246,23.629,559.08,199.92,0.4732
9337,11419,62221,32.659,363.56,157.9,0.3944
9338,10579,62058,31.239,227.48,207.79,0.045232
9339,11353,64360,27.855,323.09,101.65,0.52135
9339,11373,62206,26.648,363.44,162.72,0.38148
9339,11425,63315,31.609,298.45,377.69,-0.1172
9342,11486,62229,31.587,721.87,179.1,0.60243
9343,11470,62185,28.412,223.38,159.33,0.16735
9344,11447,62235,35.721,243.84,172.07,0.17257
9346,9680.2,62930,37.96,221.09,147.76,0.19881
9347,9624.1,62991,33.997,226.24,235.14,-0.0193
9348,9474,63000,31.042,315.29,270.92,0.075684
9349,9795.2,63016,42.471,244.06,317.97,-0.13152
9352,9849.9,63231,27.211,247.29,141.52,0.27203
9353,9949.3,63514,38.889,259.36,206.04,0.11456
9353,11660,61812,35.206,220.96,133.35,0.24728
9360,11503,62156,30.96,211.44,187.87,0.05903
9361,10326,62227,36.559,351.75,388.69,-0.049885
9361,11420,62174,29.821,429.54,152.34,0.47639
9364,9491.6,62342,26.075,341.52,220.56,0.21521
9365,10361,61551,32.891,744.11,656.02,0.062913
9369,9422.3,62357,24.762,366.37,296.82,0.10488
9369,10561,63099,31.934,250.36,185.65,0.14841
9369,11533,62192,28.617,229.08,122.57,0.30287
9370,9140.2,61600,37.338,298.01,241.77,0.10418
9372,9492.9,62453,24.071,287.3,197.45,0.18535
9373,9458.8,62237,32.58,390.72,350.37,0.054448
9373,10246,61458,31.326,548.67,386.47,0.17345
9374,10960,61455,34.151,295.81,158.64,0.30184
9375,10299,62322,32.863,204.79,135.3,0.20434
9379,9155.2,63321,28.075,156.24,102.22,0.20901
9379,10883,63794,31.788,536.96,238.25,0.38532
9381,11444,62166,33.239,190.94,127.19,0.20039
9382,9469.5,61501,39.088,196.45,149.06,0.13716
9384,11564,62171,39.358,405.6,249.48,0.23833
9393,10633,61770,30.621,563.44,479.36,0.080633
9406,9005.7,61689,28.005,517.8,382.27,0.15058
9406,9472,62996,33.042,219.55,170.69,0.12522
9407,10059,63901,33.803,527.45,398.51,0.13924
9415,9028.8,63841,30.122,174.74,116.68,0.19923
9415,10486,63991,32.888,397.59,216.55,0.29478
9416,9934.7,63171,37.2,251.39,193.76,0.12946
9422,9653.6,61892,36.744,234.97,200.24,0.079793
9435,9376.9,63094,27.411,474.39,323.31,0.1894
9436,9438,63061,36.833,402.21,392.74,0.011908
9449,9933.6,61848,32.393,359.4,202.5,0.27923
9460,9344,62389,28.606,274.29,118.04,0.39825
9467,9336.2,62300,22.786,697,526.47,0.13938
9468,9359.3,62379,34.005,440.41,606.59,-0.15872
9470,9382.5,62333,28.081,318.95,207.03,0.21278
9473,9055.2,62852,36.207,267.31,105.12,0.4355
9479,10027,61940,34.087,737.6,619.22,0.087249
9480,9439,62968,32.637,468.84,464.57,0.0045829
9480,10072,61684,34.732,286.48,174.6,0.24265
9480,10919,61462,34.571,386.69,265.8,0.18527
9486,9280.7,62913,37.997,327.42,279.95,0.078153
9491,10870,63899,24.604,618.97,284.87,0.36965
9492,10907,63959,21.879,420.5,327.61,0.12417
9493,10841,63893,30.406,601.29,344.63,0.27133
9494,10699,62096,33.33,255.98,309.06,-0.093939
9495,8880.3,61621,24.826,632.74,435.35,0.18481
9496,9294.3,63417,35.059,245.66,200.14,0.10211
9499,10615,61477,31.261,642.83,666.64,-0.018184
9502,9577.4,61864,30.106,318.56,426.11,-0.14443
9504,9703.9,61651,27.777,364.71,380.73,-0.021492
9505,9744,61633,33.417,288.38,161.07,0.28326
9506,10551,61406,31.927,168.11,178.75,-0.030687
9506,10623,63796,34.572,208.17,145.39,0.17757
9509,9407.4,62983,19.17,455.53,180.41,0.43262
9510,9446.9,62976,16.955,373.4,151.56,0.42257
9511,9373.8,62976,15.581,596.31,255.06,0.40082
9512,9402.6,62968,20.077,456.56,207.95,0.37412
9513,9423.5,62988,15.864,564.57,170.47,0.53617
9515,9433.3,63015,16.035,395.35,193.12,0.34366
9516,9948.5,62140,33.313,215,219.33,-0.0099633
9518,8807.9,62029,37.55,232.83,282.54,-0.096464
9518,9452.7,63002,16.961,502.88,158.07,0.52168
9519,9436.4,63001,14.779,521.36,183.15,0.48006
9520,9394.8,63006,8.5506,1104.7,193.03,0.70252
9521,9418.1,62993,12.323,687.78,224.67,0.50755
9522,9443.9,62973,15.318,559.73,182.37,0.50851
9523,9399.4,62992,12.886,783.97,351.39,0.38101
9538,9481,62383,28.769,418.64,208.61,0.33485
9539,9488.9,63039,39.338,202.46,227.09,-0.057339
9540,9068.7,63460,37.841,214.61,214.8,-0.00045594
9549,10316,63668,36.405,258.68,147.4,0.27403
9550,10327,63623,35.491,232.83,282.09,-0.095668
9550,10447,62012,36.203,482.23,308.78,0.21927
9553,9336.6,63020,35.922,156.8,345.85,-0.37612
9553,10182,63611,32.792,253.18,232.89,0.041742
9555,10446,61881,35.004,625.89,510.44,0.1016
9558,10053,62059,35.343,331.79,124.38,0.45467
9558,10354,61556,20.608,933.53,638.61,0.18759
9560,10429,61428,31.477,538.35,523.97,0.01353
9571,9482.4,62047,32.804,370.81,242.18,0.20983
9571,9702.6,63474,31.276,304.17,207.68,0.18852
9572,9515.4,62058,34.881,114.49,275.15,-0.41233
9574,10679,61393,34.951,337.5,266.86,0.11687
9575,9884.2,62045,28.974,558.08,496.38,0.058514
9575,10935,62019,33.639,332.33,264.21,0.1142
9576,9856.7,62119,22.993,426.43,208.38,0.34348
9577,9804.3,63115,43.421,385.54,293.49,0.13557
9580,9269.2,62974,36.548,484.94,433.96,0.055479
9586,10860,61523,35.713,364.59,377.75,-0.017731
9587,10978,61498,29.583,354.23,160.42,0.3766
9589,11113,62293,30.463,200.28,135.43,0.19318
9594,10874,61863,31.657,638.34,464.94,0.15717
9594,10920,63859,35.754,295.34,369.31,-0.11129
9598,10981,63904,37.929,223.81,171.97,0.13098
9603,10665,61458,38.533,271.65,173.94,0.21927
9607,10971,63973,35.112,153.09,148.93,0.013779
9610,11027,64084,31.983,369.2,383.22,-0.018633
9611,10929,63944,28.61,397.5,431.43,-0.040927
9612,10960,63948,27.997,265.04,225.81,0.079915
9618,9696.3,63008,30.372,199.81,120.67,0.24696
9620,9524.5,63057,32.859,421.01,278.1,0.20442
9633,10953,63864,17.949,491.95,258.13,0.31173
9634,10883,63930,31.482,282.07,190.6,0.19352
9635,11358,62716,28.84,117.69,130.15,-0.050288
9636,8925.5,62810,34.119,296.8,147.46,0.33617
9636,9576.7,63109,28.707,355.53,110.32,0.52635
9636,10991,63971,32.612,331.53,414.5,-0.11121
9643,9100,62157,41.285,439.62,165.24,0.45363
9648,10971,64050,32.773,271.09,200.41,0.14992
9649,9135.6,63796,36.636,365.24,179.55,0.34085
9655,10904,64012,27.464,186.4,166.92,0.055139
9657,9633.4,63740,36.188,209.63,109.87,0.31223
9658,11024,64040,34.832,326.58,210.29,0.21661
9667,10197,62731,38.392,313.22,271.56,0.071237
9676,10423,62140,35.025,289.14,390.99,-0.14974
9688,9574.8,62996,29.615,248.96,212.78,0.078364
9689,9476.6,63020,26.733,564.52,358.94,0.22262
9689,9678.5,64305,33.303,276.99,119.92,0.39574
9690,9412.5,63027,26.607,236.37,113.36,0.35173
9693,9317.7,64070,23.757,364.96,248.09,0.19063
9699,9419.2,62450,30.58,475.57,305.14,0.21831
9712,10875,63985,27.941,296.94,129.97,0.3911
9716,9682.2,64303,30.35,345.9,158.52,0.37147
9728,10268,61462,28.675,456.28,372.62,0.10093
9731,9855.4,63440,32.183,426.32,335.68,0.11894
9736,10898,63784,30.6,532.6,346.24,0.21205
9739,10505,61473,31.786,171.78,116.3,0.19261
9750,10041,62911,28.649,174.85,121.05,0.18182
9752,9974.9,63488,32.103,427.71,490.38,-0.06827
9757,9003.3,63623,33.999,399,495.37,-0.10776
9758,10389,63049,39.056,418.52,194.25,0.36599
9772,10204,61608,35.532,208.48,111.82,0.30178
9777,9428.8,62984,31.44,359.25,380.8,-0.029121
9780,10554,62032,35.477,240.92,157.87,0.20826
9786,11099,62081,37.256,351.47,175.35,0.33432
9788,9332,63117,26.873,236.47,235.4,0.0022536
9790,10855,64025,38.075,144.97,100.16,0.18282
9801,10196,61665,35.155,203.29,106.2,0.3137
9807,9716.7,61424,37.864,203.61,297.02,-0.18658
9809,9453.8,63317,35.175,246.29,232.69,0.028394
9821,9065.1,61846,38.468,159.2,112.16,0.17334
9829,9668.3,64071,33.805,190.79,146.47,0.13142
9840,9358.2,62893,37.935,247.11,227.89,0.040459
9855,10550,61451,31.326,262.36,125.32,0.35349
9860,9397.4,62437,26.525,289.35,135.49,0.36217
9864,9205.5,63009,24.824,231.69,167.67,0.16028
9866,9310.5,63058,28.209,513.03,412.86,0.1082
9876,8740.8,63241,42.779,554.21,387.13,0.17749
9884,10516,61457,30.03,391.5,197.59,0.32917
9888,9480.3,62292,20.847,293.9,104.77,0.47442
9889,9475,62193,32.221,426.59,429.38,-0.0032566
9897,10083,64017,33.477,387.75,125.84,0.50994
9900,9175.2,63005,36.939,168.04,147.67,0.064524
9900,10950,62975,37.632,351.09,118.77,0.49446
9920,9456.2,62999,24.724,208.9,254.36,-0.098143
9931,9328.3,62997,28.389,354.53,181.96,0.32167
9931,9687.6,61584,37.963,284.46,287.83,-0.0058839
9932,9238,62922,34.14,295.29,154.71,0.3124
9934,9862.4,62208,32.759,579.31,707.23,-0.099434
9935,9942.7,61991,29.261,675.61,349.21,0.31849
9946,8717.2,63524,34.295,169.94,162.11,0.02359
9949,9886.1,62446,31.185,178.19,151.93,0.079548
9952,8673.5,61415,35.539,255.8,147.74,0.2678
9957,10016,61724,36.84,273.35,199.56,0.15603
9964,11118,62986,31.671,184.61,120.42,0.21046
9967,9454.4,63000,31.352,255.18,164.58,0.21583
9971,9412.7,63090,34.939,214.77,124.55,0.2659
9974,11137,62784,33.097,324.33,143.63,0.38614
9996,9912.2,61459,35.485,443.08,194.37,0.39016
