"frame","x [nm]","y [nm]","precision [nm]","green photons","red photons","GP"
400,9229.7,54118,26.544,377.9,266.23,0.17337
400,10355,53834,15.728,549.03,267.05,0.34554
400,11398,53343,33.682,753.31,568.42,0.13988
401,9030.8,54123,17.052,625.38,612.94,0.010045
401,10441,53802,24.677,244.79,140.5,0.27068
402,10412,54454,32.126,496.33,359.57,0.15978
404,8739.7,55197,20.321,541.06,103.13,0.67981
404,11304,52806,19.782,314.63,237.84,0.13899
406,8978.7,52899,33.513,314.97,245.41,0.12413
406,11345,52652,26.942,616.35,290.2,0.35978
406,11358,53819,31.665,196.34,219.97,-0.056757
407,11319,53904,23.071,584.92,306.14,0.31287
407,11390,52798,34.937,329.34,205.9,0.23063
409,8867.2,52494,26.885,619.3,647.38,-0.022174
409,10839,54469,25.41,549.78,371.12,0.194
411,11328,52714,9.4787,1035.6,1154.8,-0.054403
412,9663.8,54584,32.196,269.82,194.51,0.16219
412,11300,52716,12.95,660.38,1031.3,-0.21924
413,9613.8,54738,26.513,291.62,101.73,0.48273
413,10507,53270,23.19,905.25,679.47,0.14247
414,9798.7,54900,31.156,468.25,351.81,0.14199
414,10459,53863,17.064,1092.9,389.91,0.4741
414,11277,53120,22.574,290.19,145.07,0.3334
415,9583.7,55116,34.669,431.94,506.46,-0.07941
416,9345.2,53754,38.188,613.44,163.41,0.5793
416,10479,53748,21.661,452.53,323.86,0.16572
416,11164,54335,31.698,263.7,125.74,0.35425
417,8865.9,55079,31.682,318.96,123.35,0.44226
417,10475,53739,30.918,400.23,236.68,0.25678
419,9149.9,54721,34.384,779.36,822.97,-0.027214
420,11037,53624,26.966,489.65,234.33,0.35266
421,9724.8,53051,32.657,407.52,101.22,0.60207
421,11109,53094,15.286,444.87,807.69,-0.28966
421,11262,53645,36.535,562.19,428.62,0.13481
422,10484,53928,27.308,310.62,361.45,-0.075624
422,11112,54840,22.246,685.9,299.3,0.3924
423,10507,53897,17.448,991.18,520.93,0.31099
423,10852,55031,20.952,1378,826.93,0.24992
423,11292,53184,30.124,631.02,385.85,0.24111
424,10780,55015,21.981,1763.6,1039.9,0.25812
425,8859.6,53923,27.868,371.63,218.54,0.25939
425,10891,55063,14.516,615.23,363.78,0.25684
426,10454,52471,26.122,452.86,443.95,0.0099316
426,10892,55063,18.64,555.74,367.22,0.20426
427,9819.2,54967,26.61,236.26,157.92,0.19875
427,10921,55070,13.845,379.03,207.12,0.29329
428,9829.1,54929,13.998,538.36,290.43,0.29914
429,11345,55045,38.993,409.44,319.21,0.12383
430,9023.2,55007,33.553,410.69,240.74,0.26088
431,8939.6,53994,34.665,278.75,297.2,-0.032049
432,9142.7,54092,30.98,254.86,498.12,-0.32306
432,10150,53090,30.725,273.49,305.98,-0.056064
432,11611,53857,33.543,244.8,134.49,0.29083
433,9998,53191,27.731,524.38,412.17,0.11981
435,10135,53260,28.952,361.66,482.78,-0.14343
436,9798.9,53222,21.828,513.16,202.62,0.43384
436,11255,52676,29.598,537.3,337.56,0.22831
437,9892.1,55033,25.63,374.28,500.91,-0.14468
437,10213,54308,26.078,873.14,797.72,0.045138
438,9158.2,52943,32.329,421.98,277.31,0.20689
438,10138,54263,20.771,689.35,355.86,0.31907
438,10533,53000,29.267,437.38,332.19,0.13669
439,10322,53673,30.023,433.46,346.04,0.11215
441,8874.2,54031,31.382,257.74,165.69,0.2174
441,11299,52640,22.472,493.04,288.6,0.26156
442,9785.7,53164,34.988,846.41,807.01,0.023827
443,9844.8,53349,22.9,391.79,319.85,0.10109
444,9053,53020,25.214,571.46,139.34,0.60793
445,9760.1,53610,26.238,537.91,320.13,0.25381
446,8795.2,53731,19.192,378.73,183.4,0.34748
446,10916,53400,36.841,324.22,206.07,0.22279
447,8821.2,53498,32.499,791.1,569.9,0.16253
448,10147,55336,23.567,1018.5,632.74,0.23364
449,9587.3,53784,28.519,410.85,121.84,0.54254
449,9747.3,55336,36.874,458.44,360.48,0.11962
450,11263,53244,33.275,325.96,105.55,0.51081
451,10142,55015,34.286,353.76,251.61,0.16874
451,10857,53658,29.125,894.32,937.67,-0.023665
451,11269,53266,19.089,724.12,296.55,0.41891
451,11660,53751,28.79,333.66,179.23,0.30111
452,8914.3,52669,28.157,442.29,443.61,-0.0014905
452,9615.9,55353,36.68,393.39,182.35,0.36656
452,10513,53924,25.617,682.6,796.04,-0.07672
453,8748.5,52589,29.951,238.37,114.4,0.35141
453,11665,53657,25.768,581.67,628.9,-0.039018
454,8890.4,52648,26.16,542.64,333.29,0.239
454,8994.4,53744,24.292,1057.4,417.63,0.43374
454,9396.4,55122,28.343,523.83,353.25,0.19448
455,10457,53745,18.592,313.91,285.37,0.047624
457,9583.5,52746,14.459,1063.1,558.86,0.31088
457,9607.8,53438,23.325,896.55,523.53,0.26268
458,9663.7,53590,23.454,748.11,552.89,0.15005
459,11286,52706,12.965,484.4,283.79,0.26115
460,11233,55297,26.998,775.52,277.72,0.47264
461,10347,53986,24.595,469.17,689.91,-0.19045
461,11244,53153,18.58,535.04,332.74,0.23313
462,11334,53197,10.831,751.92,419.52,0.28375
463,9095.1,54833,29.7,897.31,397.46,0.38605
463,10423,54602,37.622,585.54,296.87,0.32714
464,9270.5,54599,26.595,517.51,265.78,0.32138
464,9956,53021,36.487,315.69,235.04,0.14644
464,9902.6,54737,19.153,364.92,280.33,0.13111
464,10632,52695,17.702,566.86,247.06,0.39292
465,9403.8,55221,30.487,447.46,303.7,0.19138
465,10568,52868,30.13,268.83,133.04,0.3379
465,10827,54258,28.851,660.5,115.47,0.70238
466,9016.6,52763,25.93,250.46,174.67,0.17827
466,9862.9,52443,26.496,511.09,342.34,0.19772
466,10220,53688,35.507,343.61,328.91,0.021857
466,10949,54403,27.641,875.41,611.75,0.17729
467,9698.1,52647,21.784,649.06,469.3,0.16074
468,9706.2,52699,31.282,551.24,349.24,0.22432
468,10999,53756,27.299,659.56,237.48,0.47052
469,11283,53083,32.357,451.05,478.11,-0.029127
470,9974.1,52754,24.286,346.73,234.76,0.19256
470,10676,52668,20.281,848.95,395.21,0.36469
470,11516,52769,28.058,706.27,620.91,0.06431
471,9859.4,52590,28.844,666.68,411.67,0.23649
471,10665,52661,32.58,777.83,621.9,0.1114
471,11182,55138,27.294,732.64,318.59,0.39387
472,10148,52412,18.737,1302.5,891.42,0.18736
472,10746,52486,25.471,647.53,592.44,0.044429
472,11310,54636,25.364,221.66,589.76,-0.45364
473,10920,54694,29.077,233.71,122.84,0.31095
475,8903.6,53903,29.464,950.94,311.32,0.50673
475,11347,54645,32.237,189.91,707.01,-0.57653
477,9184.3,53313,25.005,1488.9,1071.4,0.16303
477,9181.3,53415,21.335,1002.6,721.56,0.16297
478,8886,54279,25.137,1512.1,644.43,0.40234
478,9030.2,53154,25.207,753.32,650.71,0.073076
479,8925.6,54334,26.471,1134.5,361.98,0.51622
479,8986.3,53096,27.391,335.39,230,0.1864
479,9384.4,54722,22.209,1133.2,550.06,0.34643
480,8935.5,52844,30.183,339.09,127.24,0.45428
480,8974.9,54211,26.815,1061.1,520.33,0.34195
480,9484,54917,31.573,1245.6,948.26,0.13551
480,9792.8,53614,29.243,356.89,245.85,0.18424
480,11028,52953,19.889,594.04,198.58,0.49892
481,9445.1,54332,34.756,425.19,129.04,0.53434
481,11243,53179,22.17,274.98,209.76,0.13455
482,9472.3,54930,20.205,458.34,433.51,0.027836
483,11616,53324,25.176,429.13,183.05,0.40198
485,8851.4,54372,35.07,189.78,298.33,-0.2224
485,10952,54240,35.235,332.09,298.68,0.05298
486,8862,54536,29.557,211.46,171.81,0.10345
486,9498.4,53798,30.337,563.48,270.1,0.35195
486,10298,54758,31.053,352.87,261.49,0.14875
487,10370,54628,34.428,409.65,322.6,0.11889
488,9968.2,54634,37.262,531.18,346.49,0.21044
488,10310,54599,17.365,1016.5,510.91,0.33101
490,10424,54873,31.397,613.05,232.31,0.45038
490,11658,53311,27.558,431.09,323.2,0.14304
491,8675.1,54539,37.456,515.74,389.52,0.13943
491,9262.3,52834,28.433,763.23,625.15,0.099455
491,9356.7,53588,39.414,296.22,102.26,0.48675
491,9746.9,54398,27.432,902.68,710.09,0.11941
491,10948,54352,23.624,867,648.77,0.14397
491,11625,53171,26.641,416.67,261.81,0.22825
492,9715,54271,26.01,557.52,256.1,0.37046
492,10690,54433,19.109,943.36,481.18,0.32444
493,8830.2,54065,34.038,765.95,486.98,0.22266
493,10067,54120,32.686,579.73,324.1,0.28283
493,10756,54548,34.416,899.8,375.96,0.41061
495,8705.2,53354,20.133,2117.7,445.35,0.65249
495,9798.9,55140,30.347,474.75,441.63,0.036145
496,8850.8,55226,37.806,354.44,244.68,0.1832
497,9009.4,53368,26.762,1218.7,259.69,0.64868
498,11202,52699,12.988,480.61,336.76,0.176
498,11592,54639,24.47,606.91,312.44,0.32031
499,9296.7,53426,28.011,1036.8,361.44,0.48299
500,9019.9,54024,29.871,665.73,492.01,0.15005
500,11592,54287,29.397,533.15,423.3,0.11485
501,9957.1,53926,32.526,389.25,349.54,0.053756
501,11131,53394,24.357,478.5,476.91,0.0016643
501,11449,54366,28.177,485.18,239.83,0.3384
502,8880.8,52881,33.674,678.65,454.81,0.19748
502,9766.3,53981,37.798,349.9,313.45,0.05495
503,9152.7,53439,30.182,586.66,319.13,0.29535
505,9527.9,52854,13.991,434.74,415.16,0.023035
506,9119.2,53396,26.428,683.72,541.71,0.11588
507,9016.7,53382,31.944,606.63,388.45,0.21926
509,9955.2,54356,37.521,213.92,207.32,0.015671
509,10610,53887,22.604,578.7,317.6,0.29131
511,10038,54705,23.792,514.66,245.81,0.35353
512,9925.3,54783,34.827,454.69,137.03,0.53685
513,10694,52396,27.757,512.41,460.09,0.053799
514,9860,55148,29.063,576.53,518.8,0.052704
514,10090,52445,22.033,742.59,680.27,0.043799
514,10610,52461,20.093,652.14,277.61,0.40282
515,10796,54827,34.558,650.75,346.2,0.30548
516,9251.4,53062,30.605,508.33,259.48,0.32411
516,10759,54768,29.976,549.49,395.97,0.16237
517,9021.2,53406,32.307,759.85,452.22,0.25381
517,10669,54731,30.075,263.48,194.24,0.15126
520,9397.5,52413,32.112,443.46,146.49,0.50339
520,10270,53858,30.255,249.08,225.85,0.048923
520,11177,54465,28.446,853.08,581.49,0.18932
521,9772.7,53648,28.088,300.97,160.29,0.30498
521,11072,54362,21.462,570.7,268.02,0.36089
522,9725.3,53578,16.216,846.63,398.14,0.3603
523,9660.7,53508,22.163,547.77,262.67,0.35179
523,10785,54881,20.345,605.81,257.42,0.40358
524,10487,53814,18.276,480.04,304.59,0.22362
524,10656,54802,23.289,685.82,494.35,0.16224
525,10342,52909,27.948,407.97,200.61,0.34074
526,10259,54710,28.165,407.57,382.78,0.031357
526,10923,53874,34.621,547.47,295.67,0.29865
527,10744,52415,27.392,337.18,231.74,0.18533
527,11077,53203,31.497,614.96,405.89,0.20481
528,10560,54786,22.971,807.17,657.55,0.10215
528,11052,53294,29.32,626,589.37,0.030142
530,9899.2,54795,25.768,1467.7,881.49,0.24955
530,10015,52715,22.085,438.29,170.43,0.44003
530,11461,53808,34.999,564.29,336.08,0.25347
531,11439,54256,28.697,568.06,428.37,0.1402
532,9526.5,54604,49.493,886.81,168.79,0.6802
532,10097,52845,28.529,729.54,353.46,0.34726
533,9733.8,54696,29.8,278.01,179.98,0.21404
533,9940.3,52812,32.246,546.48,314.72,0.26911
534,9853,52791,32.87,379.05,277.65,0.15441
535,9987.2,53073,35.368,441.25,285.89,0.21366
535,11229,53309,25.778,628.97,289.83,0.36911
536,8754.7,53180,27.868,688.94,256.66,0.45715
536,10220,54643,28.022,305.66,210.33,0.18476
536,11082,53847,29.32,648.22,647.43,0.00060892
537,11176,53232,34.718,492.66,438.55,0.058104
538,11651,55359,31.079,621.64,252.69,0.42198
539,10438,53775,18.85,344.93,275.19,0.11247
539,10475,54617,22.015,576.97,475.21,0.096716
540,8948.9,52684,22.15,585.94,276.96,0.35807
540,9825.9,53247,20.9,312.66,132.98,0.40321
540,10202,55192,26.989,490.15,329.22,0.19641
540,11276,53162,11.746,522.37,530.8,-0.0080025
541,8932.6,52546,35.808,556.64,211.1,0.45008
541,11185,52650,19.58,423.95,260.39,0.239
544,8981.5,52645,30.018,634.27,180.2,0.55751
544,11398,53987,27.527,344.77,127.42,0.46031
545,9149.8,52654,29.159,726.7,333.27,0.37118
545,11301,53738,29.083,516.23,275.32,0.30435
545,11377,54216,25.877,1281.3,768.95,0.2499
546,9191.7,52639,30.155,514.23,319.82,0.23309
548,8914.2,54792,31.18,395.84,166.51,0.40781
550,10562,53872,26.632,588.28,470.29,0.11146
551,9878.9,54737,12.115,616.77,296.67,0.35043
553,9963.2,55056,24.334,570.38,529.24,0.037412
554,11022,53786,25.876,349.61,183.77,0.31093
555,9467.7,53409,24.024,471.38,253.17,0.30116
555,9723.1,54890,16.611,826.74,508.5,0.23834
556,8954.3,52890,36.84,350.55,180.41,0.32043
556,9562.2,54259,23.925,325.34,177.14,0.29494
556,10570,52428,36.015,342.11,268.84,0.11993
557,8842.4,53151,30.855,336.77,282.75,0.087199
557,9826.9,55008,20.366,315.27,203.48,0.21551
558,9812.7,54898,38.373,327.71,354.41,-0.039143
558,11144,53235,20.288,625.54,459.8,0.15271
559,10956,53625,36.411,739.75,376.91,0.32493
560,9141.3,52879,32.73,600.63,451.57,0.14166
561,8994.1,52932,24.775,522.04,194.5,0.45712
561,9614.5,54183,26.645,599.61,455.78,0.13628
561,11208,54899,36.723,414.91,313.85,0.13867
562,9403,54275,34.698,418.46,325.94,0.12429
564,11182,53810,30.557,615.56,395.63,0.2175
565,11262,53707,20.394,855.64,545.6,0.22126
568,10653,54995,30.954,657.88,599.29,0.046608
569,10914,53763,32.243,818.32,181.13,0.63754
574,11184,52616,17.58,459.7,368.2,0.11052
575,10517,53932,14.211,903.83,421.55,0.36388
576,9153.6,53280,24.436,204,108.2,0.30683
576,9552.5,55154,26.031,399.09,183.41,0.37027
576,10534,54035,33.136,501.46,357.54,0.16755
577,9219.2,54582,31.383,787.3,442.43,0.28044
577,9333.7,52603,27.173,445.99,253.11,0.2759
577,10708,54139,30.581,427.79,356.94,0.090278
578,9021.5,52742,24.313,587.55,469.91,0.11125
578,9284.2,54713,28.303,515.33,465.08,0.051259
578,9847.7,54720,24.253,264.57,146.25,0.28802
578,10928,55021,31.209,312.37,201.38,0.21605
578,11278,54272,24.379,808.89,666.11,0.096799
579,8947.2,52852,29.358,657.57,567.16,0.073819
579,9129.9,54859,25.76,910.84,648.41,0.16831
579,11195,54261,32.669,135.77,106.43,0.12114
580,9377,52569,25.072,510.64,405.17,0.11517
581,11295,53274,25.099,559.49,349.67,0.23079
582,11462,53324,27.892,563.91,269.46,0.35333
583,11214,54268,26.634,510.6,397.21,0.1249
584,9330.6,52613,33.068,250.9,195.52,0.12406
584,11360,54397,38.009,274.01,262.46,0.02154
585,9691.7,54200,27.197,511.14,353.59,0.18219
586,9649,54218,28.178,543.54,364.83,0.19674
586,11315,53940,26.58,439.37,207.75,0.35791
587,9425.9,55060,37.683,382.59,305.39,0.11221
587,9747.4,53861,34.519,314.25,174.15,0.28687
587,11601,54006,28.152,837.41,295.96,0.47774
589,9779.7,54822,16.241,470.37,250.41,0.30517
590,9800.7,54849,30.442,420.89,469.48,-0.054574
590,11292,54582,21.229,1310.3,681.1,0.31594
591,9543.4,54652,31.353,379.96,170.27,0.38111
592,9321.9,55284,24.651,284.61,102.74,0.46951
592,10640,54873,30.607,417.78,107.74,0.58995
596,11513,54945,27.454,740.32,777.21,-0.024305
598,10437,53816,13.615,559.19,294.87,0.30949
598,10616,52968,35.327,455.21,287.62,0.22561
599,8909.4,54635,42.013,270.42,235.88,0.068224
599,10494,53092,30.642,839.1,576.53,0.18548
599,10426,53805,20.233,470.66,320.49,0.18982
599,10571,54957,36.074,555.67,375.68,0.19325
602,10228,53193,29.985,433.66,229.49,0.30787
602,10346,55391,39.032,736.85,440.49,0.25172
602,10930,52764,18.825,1027.5,206.55,0.66525
603,8969.7,52466,39.433,894.4,322.54,0.46991
603,8929.6,54430,33.943,923.53,358.18,0.44109
603,10214,52961,29.057,576,118.36,0.65909
603,10956,52775,25.304,580.64,182.5,0.52172
604,9080.3,53234,27.375,584.9,306.7,0.31202
604,9376.4,55300,26.537,652.45,281.71,0.39687
604,10221,52953,28.555,420.76,232.62,0.28795
605,9214.3,53478,33.443,321.39,213.63,0.2014
606,11107,55021,21.921,486.45,306.75,0.22655
607,10438,53892,24.706,233.44,177.52,0.13608
607,11124,54857,32.398,680.65,502.33,0.15073
608,11179,54351,32.97,763.17,422.85,0.28694
609,8690.2,55256,21.518,271.25,111.43,0.41763
609,9945.8,52686,24.074,503.72,430.16,0.078763
609,10639,52898,33.535,593.64,275.19,0.36653
610,10470,53805,29.123,288.07,147.01,0.32422
610,10573,52748,29.32,406.48,351.44,0.072627
611,9367.7,52908,33.707,337.81,133.33,0.43402
611,10079,54198,36.754,374.73,282.44,0.14044
612,10158,53573,38.966,465.12,277.05,0.2534
612,10143,54264,22.557,469.91,237.98,0.32764
612,11445,54204,30.334,546.37,387.32,0.17034
613,10002,54278,26.879,354.64,200.09,0.2786
614,9901.4,54202,32.569,459.8,416.99,0.048823
614,9954.6,54398,25.712,617.08,503.75,0.10111
614,11286,54321,26.39,1037.2,599.76,0.26722
615,9014,52664,27.25,494.03,161.58,0.50708
615,10049,53666,22.005,569.22,168.65,0.54287
615,11138,53101,21.528,806.19,476.49,0.25704
615,11381,54462,22.021,1103.2,488.66,0.38605
616,9285.2,52485,27.227,656.91,543.18,0.094768
616,10006,53706,28.437,606.49,470.97,0.12578
616,10387,53799,33.037,619.54,359.22,0.26597
616,11351,54399,20.969,641.31,399.85,0.23192
617,9416.4,52586,25.731,452.55,289.85,0.21915
617,11336,54547,29.317,646.9,751.25,-0.074633
619,9029,52739,22.007,605.64,425.22,0.17502
619,11608,53973,27.052,329.48,195.46,0.2553
620,10474,54359,27.571,285.18,169.29,0.255
621,11132,52994,31.968,216.71,137.97,0.22201
622,10016,54265,19.147,604.8,303.63,0.33153
622,11298,53125,22.032,310.19,217.1,0.17654
623,8736.5,52494,36.655,363.7,329.51,0.049316
624,8742.1,55194,27.949,578.88,505.38,0.067789
624,10872,53350,24.707,395.55,164.39,0.41284
625,9790.4,53537,33.861,525.82,181.63,0.48651
625,10722,52786,35.999,894.89,579.37,0.21402
625,11512,55391,27.626,271.62,102.44,0.45226
627,8773.6,53674,24.13,1338.1,584.92,0.39168
627,9685.7,53663,28.812,710.61,406.63,0.27208
627,10303,52483,33.933,499.67,187.17,0.45498
628,9850.2,53791,17.194,1023.1,670.78,0.20798
628,10294,52607,30.034,845.43,343.72,0.42191
629,10072,52434,26.471,758.94,404.06,0.30515
629,10809,52743,20.457,1165.4,643.69,0.2884
629,11555,54721,34.169,784.6,517.01,0.20559
630,9801.5,54867,25.409,237.11,119.55,0.32961
630,10114,52394,20.807,624.39,377.5,0.24643
630,10795,52857,24.062,542.81,316.58,0.26325
630,11491,54773,27.713,507.8,154.62,0.53316
631,9335.3,53530,33.33,357.23,250.01,0.17657
631,11260,55257,33.621,514.4,189.31,0.46196
631,11623,53551,25.895,668.46,215.38,0.51263
632,10550,54921,28.192,486.38,516.84,-0.030366
632,10913,53641,26.957,463.05,284.52,0.23882
632,11335,54809,29.727,617.01,372.29,0.24737
632,11564,53877,34.966,415.1,412.83,0.0027424
633,10328,55275,34.619,412.29,334.83,0.10368
633,10664,52601,33.437,715.36,606.69,0.082199
633,10860,54811,29.901,668.9,384.05,0.27052
633,11214,53480,31.97,574.21,296.8,0.31849
634,9807.5,54110,23.18,593.51,562.93,0.026449
634,10542,52485,32.965,586.08,545.48,0.035882
634,10844,54958,24.563,369.75,224.42,0.24459
634,11188,53731,25.484,526.1,169.02,0.51368
635,9922.2,53784,23.79,605.74,210.1,0.48495
635,11194,52845,13.991,361.26,265.63,0.15255
635,11238,53679,38.411,213.17,178.94,0.087294
636,11084,52901,16.744,503.26,422.94,0.086715
636,11501,54450,17.919,727.6,328.56,0.37782
637,10911,52962,16.18,441.31,483.47,-0.045591
638,9491.6,53592,26.883,626.91,383.13,0.24136
639,9245.9,53409,25.891,521.56,263.08,0.32942
639,10658,53960,25.716,304.97,207.64,0.18988
640,9205.7,53484,32.521,402.98,369.51,0.043326
640,9250.9,52574,36.103,789.69,779.29,0.0066251
640,11064,54398,22.776,620.67,382.16,0.23783
641,9128.2,53684,30.6,510.81,209.4,0.41851
641,10383,54251,27.202,329.7,100.43,0.53303
641,11066,54259,34.685,411.59,411.8,-0.00024933
643,11204,53091,34.334,125.59,128.29,-0.010633
646,10701,53643,36.137,288.5,361.07,-0.11172
647,10303,53862,19.297,550.96,206.94,0.45392
647,11307,54952,36.748,257.85,164.34,0.22149
648,10927,53753,32.194,593.41,307.02,0.31806
649,10099,55360,34.985,365.5,208.02,0.2746
649,10231,55357,34.121,380.72,188.1,0.33863
650,10402,55251,26.491,611.99,142,0.62334
652,10181,54952,35.091,477.08,227.54,0.35415
652,10216,53034,32.725,295.82,516,-0.27123
655,8793.6,52873,33.781,910.45,386.71,0.40376
655,11176,53816,24.418,325.44,198.12,0.24317
656,8745.7,52607,25.246,840.79,577.93,0.18528
656,10067,54824,34.884,709.91,424.05,0.25209
656,10390,54958,24.752,1044.8,618.72,0.25615
656,11333,53192,17.551,349.04,175.54,0.33075
657,9682,53026,33.609,578.83,613.89,-0.029396
657,10416,55308,24.257,546.39,467.67,0.07763
658,9691.5,52948,28.824,961.36,820.4,0.079115
658,11251,53084,26.725,350.21,255.25,0.15684
659,9584.4,53046,32.106,386.62,518.49,-0.1457
659,11261,53219,30.222,258.17,152.78,0.25644
660,9127.4,55145,27.225,454.14,179.57,0.43327
660,9504.1,52798,26.94,326.84,206.6,0.2254
661,10328,52579,26.894,613.83,355.14,0.26697
661,11288,52574,36.756,222.27,345.23,-0.21668
665,10819,54434,25.777,1371.9,806.44,0.25957
666,10802,54225,20.231,814.64,545.46,0.19791
667,11005,54396,32.954,191.21,103.77,0.29641
668,9873.5,53248,34.491,288.17,306.4,-0.030668
670,9478.5,54177,28.526,424.02,332.03,0.12167
670,11082,54288,21.456,473.34,185.29,0.43734
671,9894.7,53618,23.555,473.07,590.05,-0.11004
671,11180,54256,19.487,764.32,264.57,0.48573
672,8688.5,53497,21.081,1031.6,741.38,0.16368
672,9730.8,53610,25.661,454.76,527.15,-0.073729
672,11081,54412,33.503,682.89,310.71,0.37458
673,9713.5,53499,25.237,685.75,734.87,-0.034574
673,11236,54859,30.096,407.86,296.86,0.15751
674,9136.9,54718,31.53,423.79,314.19,0.14852
674,11523,55107,20.112,1043.2,875.43,0.087428
675,9361.6,54839,29.079,876.98,608.49,0.18074
675,10526,53299,26.229,433.79,263.92,0.24347
675,11102,54918,24.89,871.43,653.09,0.14322
677,8692.3,54301,30.479,306.84,110.06,0.47201
677,11125,54620,29.313,934.29,735.87,0.1188
678,9044.6,54763,31.473,321,346.7,-0.03848
678,9709.2,53458,23.302,265.73,145.57,0.29214
678,11028,54865,19.702,666,788.48,-0.084207
679,9535.1,52691,19.596,445.38,506.08,-0.06379
679,9664.9,53577,17.144,737.62,534.61,0.15957
680,9574.3,52736,11.998,487.39,520.79,-0.033131
680,9667.3,53560,16.676,774.18,595.57,0.1304
681,9560.1,52808,31.739,277.76,300.03,-0.038556
681,9706.3,53350,12.408,813.06,731.68,0.052683
681,11149,53695,25.065,775.92,541.34,0.17809
683,11158,54074,25.486,234.92,116.86,0.33561
684,9874.8,52631,32.188,416.19,222.84,0.30257
684,10552,52468,28.023,500.37,236.89,0.35737
685,9378.1,52613,36.674,249.47,264.55,-0.029337
685,9570.9,53947,13.858,823.82,538.98,0.20901
687,10364,52567,31.285,133.46,101.26,0.13715
687,11216,54047,24.683,459.34,217.11,0.35809
688,10417,53789,20.173,260.73,145.15,0.28477
690,9526,53516,30.927,509.45,159.98,0.52205
690,9941.1,54268,25.339,544.38,294.79,0.29742
691,9391.1,52940,33.129,280.64,158.56,0.27795
691,10163,54158,25.981,428.53,194.62,0.37535
693,10366,53837,12.184,649.02,334.36,0.31998
694,9072.4,54382,28.073,1073.7,602.66,0.28099
694,10340,53940,31.22,656.08,379.66,0.26688
695,8909.4,54417,29.871,546.07,268.72,0.3404
695,10062,54031,29.664,644.65,464.19,0.16275
696,10368,53793,25.169,333.45,361.07,-0.039762
697,9157.1,54494,21.648,452.42,255.8,0.27762
697,10265,53716,24.28,329.17,324.76,0.0067509
698,9167.8,54530,20.634,718.69,460.94,0.2185
698,9779.2,54935,18.876,715.41,220.8,0.52831
698,10780,54689,36.959,815.47,468.97,0.26976
698,11216,54886,24.188,1165.4,843.94,0.15996
698,11562,53469,32.99,596.96,485.53,0.10295
699,9824,54823,14.196,813.86,521.7,0.21876
699,10501,54190,29.955,370.97,419.57,-0.061477
701,10367,53790,25.193,491.07,306.7,0.23111
701,10928,54402,36.722,509.38,277.19,0.2952
702,10410,53734,22.942,594.32,356.46,0.25018
702,11135,54379,28.517,845.34,287.05,0.49301
704,10549,54761,23.285,757.51,526.01,0.18036
706,9746,52738,28.797,473.28,191.72,0.4234
707,9259.2,53416,35.298,142.75,128.41,0.052903
708,8777.1,52659,21.209,522.79,378.3,0.16034
709,8803.4,52650,24.038,403.85,269.09,0.20026
709,9900,55349,26.518,419.53,223.35,0.30516
709,10100,53899,28.242,623.71,360.15,0.26788
710,8837.7,52431,33.422,391.87,297.82,0.13636
710,9266.8,53474,32.988,357.83,202.46,0.27729
710,11320,54416,24.62,674.48,260.94,0.44209
710,11618,53324,27.888,619.15,330.14,0.30444
711,11639,53438,20.965,547.64,326.19,0.25342
712,11490,53351,25.585,564.82,186.86,0.50282
713,9758.3,54578,27.362,235.86,198.55,0.085889
713,11306,53201,15.265,394.44,183.34,0.36537
714,9915.2,54708,22.482,878.66,490.68,0.28334
715,9290.6,53417,33.108,316.71,298.65,0.029352
715,9810.2,54904,24.864,525.03,458.43,0.067724
715,11497,55127,26.043,583.14,357.19,0.24029
716,9573.5,53394,25.805,446.65,166.32,0.45732
716,10581,55192,36.405,844.69,210.78,0.60059
716,11491,55169,34.89,508.78,363.94,0.16596
717,11134,55054,30.185,468.27,342.91,0.15454
718,10296,55097,29.341,354.27,105.52,0.54102
718,11322,54257,22.575,576.06,342.65,0.25406
720,8843.2,53649,40.038,318.89,229.85,0.16225
721,9755,54038,32.971,407.15,155.64,0.44689
721,10420,54989,31.181,254.96,245.63,0.018634
724,10659,54913,28.436,326.55,175.51,0.30084
725,11076,52761,26.01,1571.4,1178.5,0.14287
726,8730,52615,34.376,419.15,211.57,0.32911
726,11225,52825,19.267,2434.5,1320.9,0.29654
727,8746.7,52675,20.744,621.8,301.72,0.34659
727,11006,55172,26.464,341.33,112.9,0.5029
727,11217,52677,17.915,515.21,416.08,0.10645
730,11533,53242,27.95,441.09,196.17,0.38432
731,10599,55143,22.046,634.77,273.26,0.39813
731,11425,53310,19.531,380.01,191.39,0.33011
732,9407.1,53337,18.992,667.55,325.12,0.34496
732,9719,54365,29.216,496.56,271.17,0.29359
732,10614,55130,25.137,507.48,142.47,0.56161
733,11042,54786,37.233,535.03,481.35,0.052818
734,10264,52982,28.616,559.07,332.24,0.25448
734,11360,53179,25.493,452.05,225.43,0.3345
735,11164,54382,21.935,557.31,252.36,0.37664
736,8937.4,52992,34.481,551.15,325.45,0.25748
736,9277.5,52492,34.963,740.78,144.63,0.67331
736,10944,54321,35.289,359.51,314.25,0.06717
737,8788.5,53934,27.902,371.94,165.87,0.38316
737,9124.7,52781,29.232,1069.5,425.49,0.43078
737,9985.9,54473,22.198,1195.2,863.33,0.16122
737,10742,54370,28.811,510.73,397.77,0.12435
740,11112,53100,33.081,234.04,175.8,0.1421
744,11235,55350,27.433,511.65,374.31,0.15501
746,9192.4,55249,20.854,1086.5,641.73,0.25734
746,11581,55091,27.101,244.86,160.49,0.20814
748,9828.6,54855,31.113,502.97,147.38,0.54676
750,8843.6,52775,31.558,398.84,182.77,0.3715
751,8918.7,53813,27.13,819.3,667.52,0.10208
751,9968.5,53042,24.24,683.96,513.69,0.14217
752,9986.5,53172,27.936,400.04,372.54,0.035598
752,10265,54219,36.746,279.03,302.1,-0.039698
753,8793.8,55310,25.933,545.39,400.32,0.1534
753,10022,52887,29.796,337.02,255.95,0.13672
753,10119,54238,25.516,363.55,288.9,0.11441
753,11358,53311,24.489,922.22,616.25,0.19888
754,9080,55220,26.012,361.05,273.39,0.13818
754,9997.3,54424,28.017,337.58,223.42,0.20349
755,10337,53724,30.263,292.53,354.92,-0.096365
757,8856,55294,23.618,513.27,327.71,0.22064
757,10170,52930,21.757,537.2,383.51,0.16693
757,10838,52802,21.117,614.35,470.59,0.13251
758,8701.3,55233,26.836,581.32,575.61,0.0049309
758,8984.5,55271,34.66,632.37,511.21,0.10595
758,10109,52845,28.825,540.91,345.57,0.22036
758,11510,53632,19.102,674.42,299.87,0.38443
759,10715,52818,20.296,589.88,263.83,0.38192
760,9393.9,54063,36.022,134.48,150.95,-0.057707
760,10858,52884,29.767,756.24,243.05,0.51356
760,11514,53822,33.205,404.65,326.41,0.10703
761,8792.3,54947,36.727,453.9,278.98,0.23867
761,9514.2,54053,32.931,662.36,594.65,0.053866
761,11416,54652,26.031,262.27,213.91,0.10154
761,11519,52907,33.586,465,504.18,-0.040424
762,8869.8,52892,33.25,576.25,347.21,0.24803
762,8985.3,54819,23.796,298.76,210.11,0.17421
762,9368.1,53764,19.001,621.87,284.53,0.37217
762,10346,54406,30.389,399.49,229.74,0.26977
764,9470.2,54893,21.889,781.99,432.03,0.28827
764,10401,54027,17.348,640.69,634.2,0.0050917
764,11337,53151,33.637,377.55,281.44,0.14586
764,11399,52392,32.553,138.01,177.69,-0.12567
764,11562,54773,23.468,568.44,347.69,0.24096
765,11257,53060,28.988,416.67,288.08,0.18246
766,9674.8,55118,30.817,360.63,254.1,0.17328
766,11288,52757,14.06,724.88,248.61,0.48924
767,10852,54018,31.64,427.78,426.6,0.0013736
767,11173,52986,22.279,459.93,416.43,0.04963
768,10131,54065,22.458,1040.6,615.49,0.25668
769,9961.4,52749,33.661,422.89,319.61,0.1391
770,9954.4,54765,30.816,575.22,244.87,0.40283
770,10264,54027,32.036,1181.7,772.77,0.20923
770,10446,54212,32.789,1424.1,872.56,0.24016
771,9832.4,52483,27.248,960.61,626.97,0.21015
771,9759.4,55294,37.763,653.73,232.48,0.47533
772,9803.9,52460,30.058,345.29,209.14,0.24557
772,9793.1,54990,30.522,356.84,185.52,0.31587
772,10447,53772,29.939,352.21,172.82,0.34167
772,11204,53210,25.371,429.23,475.65,-0.0513
773,9751.3,52717,33.326,638.4,176.91,0.56604
773,10310,52983,27.462,488.33,200.76,0.41731
774,11641,53188,29.359,440.05,274.64,0.23144
779,9212.5,54537,31.264,170.76,130.17,0.13487
779,11059,53114,23.777,577.06,194.97,0.49492
780,9224.4,54421,25.334,461.51,319.35,0.18206
780,10690,55283,33.872,199.23,143.65,0.1621
780,11184,53071,24.077,571.65,279.12,0.34384
781,11334,53250,18.984,720.63,395.68,0.29109
782,11253,53285,20.883,471.21,310.82,0.2051
782,11530,54531,24.222,572,443.78,0.12623
783,10526,52799,38.155,361.68,113.66,0.52176
785,8912.6,54592,29.277,520.09,234.49,0.37849
786,8771.6,54975,22.882,474.93,251.6,0.3074
791,10982,53569,26.052,611.16,356.03,0.26379
792,9661.2,53687,23.481,343.06,259.32,0.13902
792,10747,53647,31.661,297.3,253.17,0.08016
793,9381.9,53419,28.547,276.1,255.17,0.039402
794,10745,53543,33.099,852.77,621.47,0.1569
794,11190,54789,27.445,898.98,605.98,0.19469
795,10412,53702,15.891,607.09,283.39,0.36352
797,8776.2,53406,24.207,478.88,105.47,0.63902
797,10415,54078,24.785,505.72,123.65,0.60706
798,10351,54225,37.323,512.37,427.05,0.090822
799,8724.5,53389,33.245,323.43,286.66,0.060264
799,10266,53778,32.651,279.85,351.81,-0.11392
799,11652,55048,25.573,836.84,504.96,0.24734
800,9276.7,53381,26.085,514.36,314.49,0.24114
800,9277.4,52819,28.722,435.41,180.56,0.41373
801,9340.2,52419,26.093,248.19,224,0.051216
801,11599,53037,41.224,562.75,171.5,0.53287
802,11075,52863,31.865,557.81,793.15,-0.1742
802,11295,54251,22.61,515.71,353,0.18729
803,10136,53054,25.07,508.51,429.11,0.084691
804,9345.4,52492,27.714,443.49,327.78,0.15002
804,10113,52852,29.392,823.93,278.21,0.49515
804,11098,53130,34.531,402.26,288.62,0.16449
805,10282,52867,31.207,298.72,233.11,0.12335
805,11211,53137,33.663,591.19,348.61,0.25811
805,11162,54086,33.587,257.38,102.36,0.43092
808,9008,55219,35.087,372.9,268.18,0.16334
808,9212.5,52828,41.712,737.03,379.34,0.32041
808,11313,53342,18.062,709.81,362.07,0.32442
810,8771.2,53940,30.746,421.25,226.76,0.30012
810,10316,54129,32.851,479.08,221.38,0.3679
811,10204,54376,31.979,546.49,251.59,0.36951
811,11162,52655,20.721,492.41,211.54,0.39899
811,11438,53696,17.545,744,188.48,0.59575
812,8748.8,53953,34.101,774.13,538.1,0.17987
812,10602,52839,27.882,490.32,151.27,0.52845
813,10124,54398,43.787,830.84,439.9,0.30765
813,10390,52704,30.487,661.96,246.63,0.45711
814,9168.3,54195,30.641,452.43,191.88,0.40438
814,9888.4,53134,32.347,453.82,171.39,0.45174
814,10728,52595,22.141,925.67,350.02,0.45124
814,11372,55353,22.251,464.33,803.28,-0.26739
814,11582,54291,18.362,1392.2,578.16,0.41314
815,10179,54070,19.961,718.28,298.61,0.4127
817,10501,54953,24.759,410.79,345.13,0.086867
818,10390,53619,31.831,649.65,392.69,0.24653
819,10564,52646,32.235,278.03,216.22,0.12507
819,11514,54555,34.394,777.74,540.72,0.17977
820,9609.4,54877,35.517,604.81,345.39,0.27302
821,9845.1,54782,19.375,779.1,411.21,0.30907
822,9850.1,54798,22.631,546.65,365.8,0.1982
823,11089,55233,13.327,775.31,807.45,-0.020306
824,9134.9,52499,31.727,425.91,277.91,0.21029
824,11118,55201,12.322,552.89,506.58,0.043712
825,9043.9,52573,33.794,279.79,209.82,0.14291
825,9737.6,53695,28.733,335.54,239.93,0.16614
827,11425,54196,22.871,424.95,285.05,0.19705
829,10141,54734,25.84,624.43,221.23,0.47679
829,11030,55189,39.618,550.96,195.33,0.47654
830,9959.2,54714,27.973,385.16,182.44,0.35716
831,8693.3,54608,26.224,501.31,406.31,0.10466
831,9733.6,55389,34.005,392.79,271.92,0.18184
831,10468,53664,23.302,422.05,278.87,0.20428
831,11357,53340,27.325,531.2,353.4,0.201
832,8779.6,53960,26.041,998.12,812.24,0.10268
832,9175.6,52982,32.229,684,438.46,0.21875
832,9790.8,53949,28.223,805.66,515.87,0.21929
832,11300,53254,14.752,728.41,490.37,0.19531
833,8926,53999,24.143,919.71,604.28,0.20697
833,10115,53971,22.762,659.31,354.8,0.30027
833,10944,53368,32.487,242.28,167.74,0.18182
833,11360,54078,24.111,705.4,192.79,0.57072
834,8754.4,54088,14.912,1034.1,711.15,0.18506
834,10400,53779,14.863,463.13,259.85,0.28117
834,10966,53431,32.282,302.52,258.39,0.078676
834,11327,54218,25.071,924.54,308.15,0.50004
835,10798,53763,32.529,579.96,393.49,0.19156
835,11282,53232,22.949,735.75,473.69,0.21669
835,11396,53750,23.92,963.08,496.16,0.31997
835,11656,52812,27.151,331.1,126.87,0.44596
836,8717.7,55367,26.085,549.5,353.13,0.21756
837,11298,54060,34.716,1483,920.06,0.23425
838,11079,53865,37.911,539.34,370.72,0.18528
840,10637,52444,23.491,932.28,313.32,0.49692
841,8807.2,53933,28.817,624.28,388,0.23341
841,9763.5,53713,29.515,470.08,127.1,0.57433
841,10373,55051,37.792,323.13,249.98,0.12763
841,11143,54192,35.628,360.33,168.44,0.3629
842,8945.4,53762,21.122,784.93,380.97,0.34648
843,8798.2,53702,26.347,962.32,598.88,0.23279
843,10811,53010,31.705,834.45,679.64,0.10225
844,11002,53001,25.252,497.56,274.26,0.28932
845,10979,53668,24.386,1118.7,600.98,0.30107
845,11181,53087,28.002,614.51,522.64,0.080784
846,11153,53348,21.119,1069.3,583.27,0.29411
847,8824.2,52705,33.094,132.46,159.49,-0.092574
847,9589.2,53441,32.235,650,388.36,0.25198
849,11195,53164,31.208,358.24,191.22,0.30397
850,11320,53150,20.752,470.44,427.18,0.0482
851,9017.6,53457,29.335,424.82,340.04,0.11084
853,11283,53311,23.431,355.64,196.19,0.28895
854,8710.7,53457,37.967,285.25,257.8,0.050543
854,9771.6,54164,32.792,345.35,247.75,0.16457
854,10035,53212,31.174,346.04,314.65,0.047522
854,11261,53052,23.53,575.32,537.2,0.034261
854,11310,55379,28.445,391.01,130.13,0.5006
855,8731.1,53554,30.997,348.92,230.04,0.20534
855,10055,53151,28.062,535.65,416.16,0.12553
855,11487,55334,25.276,692.23,576.56,0.091165
856,10822,55155,24.877,385.17,377.01,0.010709
856,11633,55338,33.263,512.9,503.2,0.0095435
857,9848.5,52944,34.123,536.15,570.43,-0.030978
857,10803,55111,13.198,448.28,390.87,0.068415
858,9222.5,53403,31.775,911.51,523.44,0.27044
858,9706,52672,30.614,696.56,492.52,0.1716
858,10288,53796,31.002,507.95,416.87,0.098484
858,10772,55138,13.742,613.88,484.98,0.11731
858,11337,54880,29.912,435.52,472.22,-0.040434
859,8997.1,52969,24.526,1663.3,777.3,0.36303
859,10353,53786,23.911,447.29,170.74,0.44747
859,11206,54683,22.745,397.31,314.72,0.11599
860,11126,55161,20.49,544.9,617.98,-0.062845
861,8958.4,52861,17.913,1751.7,1059.6,0.2462
861,9812.2,52906,30.792,394.15,225.91,0.27134
861,10339,53741,20.321,381.83,175.06,0.37129
861,10513,55110,38.93,283.26,205.34,0.15949
861,11212,55146,13.712,415.42,344.44,0.093415
861,11354,54254,22.516,784.53,455.72,0.26511
862,9682.1,55366,27.919,520.47,518.07,0.0023178
862,9792,53001,33.821,743.49,448.98,0.24697
862,10265,54686,32.304,211.66,192.37,0.047742
862,10367,53742,18.335,499.31,308.23,0.23662
862,11211,55087,15.556,437.65,513.99,-0.080216
862,11599,53607,28.305,495.18,166.02,0.49782
863,8791.7,54758,29.647,577.79,381.56,0.20455
863,9000.2,53193,29.282,990.53,495.82,0.33284
863,10115,54269,23.932,608.62,343.51,0.27845
863,10380,53762,15.146,642.11,361.09,0.28012
864,11181,53834,27.847,581.49,591.64,-0.0086554
865,9145,52434,28.435,400.42,206.79,0.31889
865,9678.8,53390,39.715,948.72,602.97,0.22282
865,10328,53974,33.764,661.51,401.47,0.24463
865,10910,52924,29.481,189.46,121.39,0.21895
865,11247,53893,23.761,415.65,373.56,0.053322
866,9227.9,52804,28.587,351.28,106.11,0.53603
866,9820.4,53416,19.249,258.71,337.07,-0.13152
866,11622,53879,23.721,643.93,246.35,0.44657
868,9119.3,53074,27.453,678.98,665.29,0.010184
868,9526.3,52904,30.256,609.82,573.16,0.030992
868,10657,53838,31.542,217.28,141.95,0.20971
869,9525.3,52899,16.697,416.72,249.77,0.25049
870,9121.3,54690,35.794,163.19,170.11,-0.020775
870,9512.4,52916,13.491,545.66,475.35,0.068864
871,9534.2,52883,13.625,458.9,358.11,0.12337
871,10525,53848,26.86,392.3,324.2,0.095051
872,11657,54927,24.843,277.72,177.38,0.22048
873,9488.3,52880,12.988,546.73,340.13,0.23296
874,9529.2,52906,10.197,838.11,560.42,0.19856
874,11477,54976,18.581,916.9,579.62,0.22538
876,10026,53559,26.233,354.63,151.12,0.40238
877,10090,53645,37.402,260.79,154.01,0.25741
877,11625,54846,20.296,478.74,274.47,0.27121
878,11449,54658,32.501,719.62,312.41,0.39457
879,10986,54908,34.574,499.41,251.71,0.32977
880,9966.2,54807,28.606,953.04,737.24,0.12767
881,11332,55327,22.186,510.57,440.51,0.07366
881,11634,53663,27.579,435.72,272.59,0.23031
882,9627.2,54945,20.585,559.04,353,0.22591
883,11362,55191,23.618,291.4,220.29,0.13896
885,11651,54775,30.866,413.89,250.05,0.24677
888,11131,54906,33.659,655.08,509.96,0.12456
889,10487,53536,31.455,254.96,111.69,0.39073
891,8976.9,54402,22.336,522.26,278.65,0.30418
894,11065,53971,28.875,526.11,427.04,0.10393
895,9202,54454,23.304,558.34,311.58,0.28366
895,11369,54098,26.3,502.62,261.55,0.31546
896,10618,53275,24.394,414.33,269.21,0.21231
896,11563,54029,35.373,445.33,181.13,0.42173
897,8874,52908,19.937,549.43,299.85,0.29388
897,9829.5,53410,19.83,434.74,388.74,0.055861
897,10939,54710,23.481,685.97,284.49,0.4137
898,8971.4,53167,39.032,788.19,595.86,0.13896
898,9515.8,52862,31.324,540.12,400.21,0.14879
898,9825.9,53369,20.392,356.57,392.4,-0.047836
898,10687,54434,26.301,464.78,450.09,0.016055
899,9472.2,52886,27.827,999.28,689.6,0.18336
899,9767.8,53328,18.258,1421.3,1172.9,0.095755
899,10787,55017,27.985,205.8,117.51,0.27309
900,9465,52688,22.235,495.56,344.35,0.18004
901,9089.4,54336,33.402,316.58,197.09,0.23263
901,9483.4,52649,13.158,1196.2,747.54,0.23084
901,10417,53853,19.597,497.02,287.79,0.2666
902,9404.5,53072,31.389,380.47,285.55,0.14251
902,10383,55194,17.192,508.83,108.82,0.64765
903,9369.2,54138,34.193,321.83,173.7,0.29894
904,10661,54030,27.635,336.74,229.9,0.18854
905,9637.1,52901,25.584,574.33,322.55,0.28072
906,10300,54139,34.378,467.49,494.71,-0.028282
907,9448.1,53917,25.96,231.49,116.07,0.33208
907,10035,54302,29.111,370.44,381.45,-0.014644
907,10972,54443,29.082,655.58,455.62,0.17995
908,9943.4,54461,31.961,480.53,610.6,-0.1192
908,11033,54760,33.43,269.64,179.44,0.20086
909,9823.3,54456,26.919,358.72,350.92,0.010993
910,9395.3,53372,29.118,373.16,258.39,0.18172
910,10820,54708,28.419,585.83,880.1,-0.20074
911,11276,53204,10.6,809.79,445.87,0.28982
912,10241,53116,33.608,432.93,268.05,0.23522
912,11302,53270,9.2146,1268,694.64,0.29214
914,11255,53053,28.383,923.11,669.42,0.1593
915,11335,52979,21.742,587.14,554.73,0.028378
916,8957.7,53274,37.481,373.83,233.5,0.23107
916,11273,53159,22.258,386.9,170.64,0.38789
917,9039.1,53090,23.022,629.51,381.88,0.24483
917,11387,53318,35.704,360.85,293.18,0.10347
918,8697.6,54781,26.388,156.96,120.59,0.13104
920,11466,53560,30.597,533.77,132.38,0.60256
922,11291,53175,27.212,218.26,124.18,0.27473
923,10107,55372,34.751,347.26,318.39,0.043371
923,11058,53145,28.802,609.54,518.87,0.08035
924,9631.8,54814,30.063,487.19,348.98,0.16529
924,10801,53096,31.366,630.04,310.92,0.33915
925,9665.5,55273,24.338,992.71,818.11,0.096425
927,9553.5,52831,37.716,146.38,211.66,-0.18232
927,9776.3,54968,30.769,713.01,570.38,0.11114
928,9656,55134,31.131,479.81,259.91,0.29727
930,9327.2,54915,32.443,767.76,390.73,0.32544
931,9508.7,52692,32.08,609.64,271.62,0.38357
931,11254,55012,33.297,736.07,558.46,0.13721
932,9814.9,53597,25.348,835.95,276.37,0.50308
933,10142,53347,36.859,331.54,109.54,0.50331
933,10254,52474,30.195,384.13,289.63,0.14027
933,11377,52951,31.602,271.35,161.83,0.25282
934,10046,53542,24.53,1047.7,618.11,0.25789
935,9779.3,55373,25.204,851.23,358.21,0.40764
935,11482,54692,24.853,437.61,300.4,0.18592
936,8846.2,54072,32.051,549.13,250.37,0.37368
936,11493,53763,15.739,981.34,897.48,0.044634
937,11230,53830,26.462,685.12,600.48,0.06583
938,8785.7,52655,30.239,297.81,341.26,-0.067988
938,9691.6,52763,23.903,787.42,301.99,0.44559
938,11240,54364,30.892,1644.9,1207.4,0.15336
940,11243,54609,40.658,662.84,323.29,0.34433
941,9003,54284,23.683,694.32,394.8,0.27502
941,11182,53339,28.061,314.53,148.84,0.35759
942,10093,54016,30.56,475.14,344.19,0.15982
942,11215,53366,34.882,437.23,497.88,-0.064866
943,10188,53443,27.519,622.85,832.63,-0.14413
945,10558,54007,29.278,381.31,291.38,0.1337
947,10294,54005,14.898,1728.8,1118.6,0.21429
947,10727,53265,32.995,647.61,310.5,0.35185
947,11089,52696,30.94,346.24,221.97,0.2187
948,9283.1,55383,34.223,546.85,238.35,0.39289
948,10231,54101,19.987,573.61,272,0.35669
949,9209.1,53482,30.352,550.29,357.51,0.21235
950,8837.5,52579,20.67,732.55,543.03,0.14858
950,8935.4,54702,35.77,436.14,487.39,-0.055491
950,10044,52761,26.165,266.05,284.96,-0.034315
950,10393,54348,30.442,569.14,328.62,0.26791
952,8893,53505,28.699,1431.6,957.64,0.19838
952,9187,54958,33.097,676.69,592.2,0.066581
952,11474,54572,25.267,254.14,262.52,-0.016227
954,10487,54395,34.221,233.99,252.15,-0.037351
955,9397.5,53260,17.091,1145.8,577.31,0.32994
955,11236,54424,18.28,1187.4,877.82,0.1499
956,9357.1,53240,23.492,1134.7,689.57,0.24402
956,11174,54461,24.948,953.69,405.23,0.4036
957,9884,54144,24.388,342.49,240.25,0.17545
958,9807.4,53911,20.977,1114.8,677.35,0.2441
958,10591,52807,34.751,355.48,188.99,0.30578
959,9852.4,53795,21.125,787.44,249.93,0.51814
960,8693.8,52759,23.384,340.09,239.77,0.17302
960,9683.4,53088,33.917,463.93,259.93,0.28181
960,9886.4,53747,25.678,353.04,134.95,0.44692
960,10507,54513,26.733,337.14,191.03,0.27663
961,10953,52884,33.497,686.57,503.61,0.15373
962,9510.6,52736,18.587,627.98,310.96,0.33764
963,10226,53940,27.508,435.51,369.21,0.082384
963,10649,52498,17.901,544.6,216.02,0.432
964,10319,53924,32.217,209.31,183.69,0.065196
964,10524,52656,18.25,797.02,283.32,0.47549
965,9239,52989,28.543,506.89,331.05,0.20984
965,10644,52616,17.679,899.3,344.74,0.44577
965,11163,53580,22.51,326.05,189.84,0.26404
965,11231,54847,32.952,371.68,202.13,0.29549
966,9536.4,54921,29.845,879.29,618.6,0.17404
966,10619,52665,19.651,1049.9,337.01,0.51402
967,9310.7,52944,36.444,251.35,311.06,-0.10618
967,9294.7,55389,27.919,184.25,145.92,0.11611
967,11576,54489,28.172,480.28,160.75,0.49846
968,9819.6,54429,23.459,632.13,276.32,0.39166
968,10677,54013,24.522,332.86,163.16,0.34212
969,8811.6,54018,37.788,439.99,284.16,0.21519
969,9853.3,53455,30.361,598.86,454.17,0.13741
970,9279.3,54465,32.285,456.2,272.59,0.25194
970,10780,53557,33.11,203.06,245.99,-0.095615
971,9498.7,54413,22.76,1291.6,806.48,0.23122
971,10573,54967,30.131,427.32,356.69,0.090091
971,10811,53522,26.898,476.53,210.43,0.38736
971,11406,54679,36.89,348.63,319.03,0.044329
972,9433.2,54475,28.891,574.18,431.75,0.14159
973,9546.1,54242,29.854,456.72,207.15,0.37593
973,9712.1,54911,29.018,344.32,330.44,0.020572
973,10556,54883,26.972,367.6,312.95,0.080309
975,10168,53960,21.73,379.3,199.64,0.31031
977,8770.2,52832,23.334,534.41,346.17,0.21377
978,8838.5,52689,22.813,1045,703.5,0.19533
979,8864.1,52411,29.259,812.24,720.57,0.059803
979,9110.3,54259,22.868,562.96,409.27,0.15808
979,11616,54218,32.747,573.75,227.51,0.43212
980,9526.3,54067,35.326,258.63,292.05,-0.060683
980,9689.5,54897,29.214,252.86,359.67,-0.17439
981,10031,55048,25.14,657.48,797.16,-0.096023
982,8673,52511,17.799,685.07,508.73,0.14771
982,9778,54941,15.105,932.83,706.1,0.13834
984,9674,54898,24.01,567.84,671.25,-0.083451
984,10725,53427,25.398,196.62,136.62,0.18006
985,11209,53193,13.769,946.89,657.65,0.18027
986,11182,53201,14.375,779.29,284.33,0.46535
993,8758.9,52637,30.441,796.37,603.7,0.13761
993,11080,54584,32.652,506.72,355.75,0.17505
994,9830.9,54539,31.192,637.75,694,-0.042234
994,9889.2,55316,36.776,430.02,384.2,0.05628
994,11361,54580,23.879,609.19,334.21,0.29148
995,10006,55258,25.767,807.28,491.42,0.24321
995,10132,52486,34.079,311.77,166.97,0.30246
995,11393,54467,17.555,654.86,432.61,0.20438
996,9044.7,54965,20.52,350.92,354.73,-0.005402
996,11111,54339,19.82,518.83,286.24,0.28891
1000,9789.2,53159,33.963,217.69,149.67,0.18516
1000,9920.3,52446,22.563,303.35,183.94,0.24506
1000,11109,53875,35.298,294.12,234.02,0.1138
1001,9600.4,52858,28.803,791.24,496.72,0.22867
1001,10257,55227,28.525,491.66,505.89,-0.014271
1001,11257,53710,24.606,369.44,412.03,-0.054503
1002,9720,52828,33.026,517.49,339.96,0.20705
1003,9444.6,52723,20.605,298.54,100.95,0.49462
1003,11272,54076,34.606,263.29,210.52,0.11138
1004,9405.5,54153,34.781,372.1,413.52,-0.052727
1004,10249,53792,19.295,287.46,171.91,0.25153
1004,11203,54065,29.386,353.96,106.23,0.53831
1005,9051.3,54299,23.889,255.29,124.07,0.3459
1007,11446,54880,31.517,325.01,277.32,0.079179
1008,11460,54784,27.736,420.28,295.73,0.17396
1011,9758.7,54563,33.395,303.97,126.98,0.41071
1012,9289.6,53935,26.873,330.35,123.34,0.45629
1012,10144,52951,25.904,647.9,309.19,0.3539
1017,10006,54665,28.526,213.26,428.05,-0.33492
1017,10726,53513,36.255,285.27,384.53,-0.14819
1018,11536,53750,40.752,439.33,539.48,-0.10232
1019,9753.4,53518,25.656,284.24,105.01,0.46045
1019,10965,52920,26.179,372.88,255.87,0.18609
1019,11307,53614,28.169,536.86,422.16,0.1196
1020,8852,53982,29.88,347.7,169.3,0.34507
1020,11134,53102,13.331,918.34,335.2,0.4652
1020,11522,53542,33.742,485.59,305.55,0.22757
1021,11215,53160,12.639,791.79,536.52,0.19217
1021,11388,53689,23,523.06,267.89,0.32261
1023,9313.2,54688,24.524,436.63,304.37,0.17849
1023,11039,53784,30.804,903.65,513.48,0.27532
1024,10081,53483,21.462,478.66,302.08,0.22617
1024,10955,53593,29.749,323.19,287.91,0.057734
1025,9475.6,53053,30.302,469.79,514.89,-0.045801
1025,9657.2,53532,29.221,868.28,397.48,0.37196
1026,9779.7,53560,24.627,705.47,425.39,0.24767
1027,9840.5,52992,26.698,463.7,261.86,0.27817
1027,10078,54145,27.534,995.46,372.17,0.45574
1028,9021.2,54223,35.144,287.77,174.6,0.24476
1029,10106,54432,28.637,467.84,333.02,0.16835
1030,9835.1,53052,36.253,205.93,153.36,0.1463
1031,8728,55350,32.687,514.08,233.34,0.37561
1031,9870.5,54551,31.398,240.64,188.55,0.12138
1032,9879.6,54520,24.77,922.41,922.6,-0.00010335
1032,10991,53101,25.318,618.04,314.83,0.32503
1032,11030,55236,35.335,475.21,326.52,0.18547
1034,9018.1,52754,20.766,513.13,346.29,0.19414
1035,11301,54216,19.341,708.52,236.21,0.49994
1037,11258,52639,17.378,751.44,251.8,0.49803
1038,9573.6,55085,30.604,472,312.69,0.20302
1039,8754.3,52586,29.007,701.27,553.59,0.11769
1039,9332.1,53824,35.816,403.3,197.69,0.34212
1040,8980,52450,36.875,214.29,200.41,0.033478
1040,9301.8,53562,30.22,774.28,201.16,0.58755
1040,11641,53371,26.486,291.83,181.01,0.23437
1041,9368.2,53693,30.117,401.05,283.69,0.17139
1041,9470.7,55286,17.997,886.56,426.73,0.35013
1041,11113,53932,26.917,533.18,191.7,0.47109
1041,11621,53223,34.639,356.24,229.58,0.21621
1042,8789.8,55334,32.946,655.83,490.84,0.14389
1042,9535.9,52679,32.55,606.68,595.49,0.0093064
1043,10180,53994,42.881,860.05,715.47,0.091767
1043,11118,54882,29.894,733.67,481.36,0.20766
1044,8756.7,55338,29.472,804.65,503.86,0.22987
1044,9311.9,52652,40.208,1190.6,843.78,0.17048
1044,10224,53948,17.509,658.67,374.39,0.27518
1045,9249.6,54966,38.063,245.41,323.82,-0.13775
1045,10241,53799,26.119,529.23,182.15,0.48789
1046,10379,53909,26.574,1040.6,659.07,0.22446
1046,10843,53637,31.745,564.85,265.59,0.36037
1047,10718,54280,22.972,910.23,437.79,0.35047
1048,11624,53797,30.796,427.59,169.47,0.43232
1049,10124,52589,22.553,487.47,219.31,0.37942
1049,10911,53912,24.583,476.09,339.14,0.16799
1049,11561,53986,23.209,866.79,518.01,0.25186
1051,9154.3,54483,22.435,480.05,261.05,0.2955
1051,10236,54186,25.748,795.73,506.8,0.22183
1051,11207,52621,23.999,645.81,168.84,0.58549
1052,9253.8,54303,32.442,358.3,235.97,0.20585
1052,11256,53179,13.967,872.25,481.67,0.28848
1053,10309,53802,11.551,572.28,304.9,0.30482
1054,9238.1,53556,34.674,234.76,142.95,0.24308
1055,10168,54295,33.532,825.56,248.7,0.53698
1057,10335,53957,21.5,443.16,146.29,0.50363
1057,11344,53632,26.264,459.23,293.7,0.21984
1058,9127.7,52418,38.315,334.81,175.51,0.31215
1059,9233.9,52810,42.242,524.56,452.32,0.073949
1059,10719,53574,26.184,287.1,246.92,0.075228
1060,9535.8,52714,26.959,545.36,236.54,0.39497
1060,9578.6,53324,27.252,676.32,481.66,0.1681
1060,10547,53339,27.371,407.13,167.72,0.41647
1060,11592,54681,38.265,332.41,210.74,0.22402
1061,9628.1,54859,16.871,776.87,483.31,0.23295
1062,9455.5,53693,35.683,674.21,426.73,0.22479
1062,9663.4,52799,32.335,761.91,633.33,0.092157
1062,10199,52792,33.155,655.78,309.86,0.35823
1063,9749.5,53548,26.829,730.69,484.24,0.20285
1064,9873.3,53565,27.197,380.93,322.64,0.082855
1067,9867,54094,29.003,620.92,358.62,0.26778
1067,11256,53193,22.681,341.03,164.41,0.34944
1070,9416,52711,26.435,437.63,141.02,0.51258
1070,10357,54851,31.731,351.72,201.83,0.2708
1073,8688.7,55374,25.168,304.46,219.16,0.16291
1074,10178,53230,35.477,291.98,138.21,0.35746
1074,11456,54842,27.215,489.28,413.06,0.084466
1075,10234,52890,32.398,323.32,119.04,0.46179
1075,11608,54676,26.879,389.43,349.43,0.054145
1076,11490,54702,24.227,540.29,389.83,0.16177
1077,9169.1,54019,33.229,263.34,221.81,0.085607
1078,9810.6,53553,19.686,435.81,208.8,0.35216
1078,11622,53965,27.938,549.04,311.34,0.27627
1079,11606,53846,25.481,344.92,177.8,0.31972
1080,10423,53244,23.87,562.72,342.92,0.2427
1080,10697,54739,25.511,424.49,156.6,0.46101
1081,10656,52531,31.578,366.89,309.19,0.085346
1082,10188,54894,36.377,763.54,513.59,0.19572
1082,10304,54025,23.332,376.05,191.54,0.32507
1082,11382,54060,31.178,643.21,360.02,0.28228
1083,9068.6,54254,21.687,527,325.47,0.23641
1084,9062.6,54122,18.604,434.13,505.34,-0.0758
1084,9512.6,53340,24.994,620.87,214.62,0.48624
1084,10878,52841,19.523,499.67,344.49,0.18383
1085,9035.3,54187,21.366,239.54,372.07,-0.21669
1085,9606.4,53121,29.122,283.74,126.83,0.38219
1085,9873,54768,30.049,496.34,665.74,-0.14577
1086,10020,53700,19.724,802.63,267.2,0.50048
1087,11470,54805,21.656,433.64,132.5,0.53191
1088,11371,54516,17.097,489.68,225.62,0.36917
1089,11338,54561,19.477,611.43,362.03,0.25619
1090,9662.1,53106,36.986,272.94,210.88,0.12828
1090,10223,54155,33.268,531.11,534.47,-0.0031578
1094,9167.1,53851,34.136,353.45,237.87,0.19546
1094,10827,53746,28.408,346.04,329.43,0.024593
1095,8837.6,54807,24.767,648.4,321.68,0.3368
1095,10911,53789,21.082,575.44,337.1,0.26118
1096,8886.4,54727,35.568,449.48,332.32,0.14985
1098,9803.5,53733,32.576,609.31,270.68,0.38481
1098,10155,53717,21.113,351.46,108.68,0.52762
1098,11093,53002,38.815,907.34,557.66,0.2387
1101,8891.7,54799,28.548,890.21,465.49,0.31328
1102,10712,53988,33.118,510.69,413.93,0.10464
1103,10637,54181,27.59,333.49,400.36,-0.091125
1106,9828.1,54025,30.777,735.68,651.99,0.060309
1106,10840,52838,24.016,941.97,684.97,0.15797
1106,11188,52587,24.354,838.71,450.24,0.30139
1107,9870.8,53811,38.111,459.66,377.18,0.098558
1107,9846.2,54756,36.034,206.07,122.7,0.25357
1107,11187,52652,19.311,1044.6,772.73,0.14961
1108,8675.8,55377,15.244,419.59,213.63,0.32525
1108,9046.7,52642,32.763,876.33,472.44,0.29945
1108,9766.2,54859,19.375,453.44,294.69,0.21219
1108,11331,53174,24.91,358.35,235.81,0.20623
1110,11118,54292,26.726,657.75,509.22,0.12728
1111,8864.2,55272,33.706,376.43,268.86,0.16669
1111,11056,54232,23.182,738.98,296.9,0.42677
1112,8904.5,55186,28.493,449.82,158.68,0.47846
1112,11022,54324,29.988,462.53,225.93,0.34367
1113,8788.4,55287,31.108,227.04,182.25,0.10941
1115,10840,53720,25.132,608.53,360.56,0.25587
1117,9935.7,53841,26.557,694.65,319.79,0.36952
1118,10568,52495,30.072,395.71,206.19,0.31487
1119,10579,52490,23.796,624.92,636.13,-0.0088891
1121,10458,52707,34.708,324.94,177.39,0.29373
1122,10485,52757,29.481,319.65,127.31,0.43034
1123,9252.2,53318,34.994,356.5,153.14,0.39901
1123,9233.1,54842,19.429,691.09,156.81,0.63013
1123,11260,53214,22.103,372.89,311.43,0.089819
1124,11255,52757,19.037,1057.3,518.25,0.34213
1125,11010,53092,32.513,432.37,207.8,0.3508
1126,9714.2,55041,37,655.9,412.25,0.22811
1127,9726,54522,33.697,628.69,390.83,0.23331
1127,9872.8,55327,28.915,216.82,201.68,0.03618
1128,9040.2,52425,31.228,1009.2,500.23,0.3372
1129,11443,52602,18.272,495.19,707.29,-0.17638
1130,9085.1,54207,28.562,443.59,382.75,0.073618
1130,11455,52624,21.884,531.38,713.07,-0.146
1131,8802.5,54125,21.101,484.68,276.02,0.27429
1131,11549,52641,29.365,635.65,1034.7,-0.23892
1132,8686.1,54079,27.983,362.74,241.96,0.19974
1132,9761,55322,23.681,387.11,213.07,0.28997
1133,9716.8,55172,21.579,607.14,328.65,0.2976
1133,10057,52510,27.767,300.32,176.01,0.26097
1134,8671.8,54047,23.734,750.08,408.2,0.29516
1134,9812.3,55335,30.555,578.5,552.81,0.022709
1135,10149,52465,34.802,417.01,273.76,0.20739
1136,11534,54429,19.593,601.3,501.5,0.090493
1137,11548,54220,23.176,933.68,663.7,0.16902
1140,10952,54255,35.194,426.98,231.99,0.2959
1140,11292,53117,20.681,344.92,191.34,0.28641
1143,11141,54841,28.626,349.23,155.62,0.38349
1144,11515,54055,31.033,342.43,108.25,0.5196
1145,11525,53822,25.682,667.84,444.88,0.20037
1146,11223,54695,27.492,651.62,360.76,0.28731
1151,10039,53798,29.091,804.34,498.12,0.23511
1152,10026,54457,25.001,297.58,268.55,0.051283
1155,9369.3,53332,27.306,769.12,403.66,0.31162
1155,11628,54116,38.78,720.04,310.31,0.39766
1156,9359.7,53428,32.837,539.99,291.2,0.29931
1156,9454.3,55075,16.159,1319.9,791.22,0.25041
1156,9710.7,53922,33.614,846.09,559.78,0.20366
1157,9441.2,53449,15.585,1334.8,579.61,0.39446
1157,11639,52991,34.586,1000.5,643.8,0.21693
1158,9330.1,53228,17.245,1369,736.84,0.30019
1158,10231,53770,26.913,493.08,292.85,0.25476
1158,11409,54573,38.574,273.48,127.81,0.36301
1158,11479,52962,29.314,1087.5,716.01,0.20597
1159,9401.2,54268,33.359,318.76,137.29,0.39794
1159,9407.4,53348,23.799,1336.7,621,0.36559
1159,10070,53720,29.528,493.96,197.63,0.42848
1159,11271,52935,24.77,747.71,655.71,0.065557
1159,11398,54537,21.799,478.25,174.84,0.46457
1160,9580.9,53257,30.338,542.91,192.54,0.4764
1160,10755,54163,30.002,306.67,109.2,0.47483
1160,11250,52694,34.963,295.66,196.25,0.20208
1161,8997.7,54763,37.874,477.68,369.2,0.1281
1161,9436.5,53274,23.569,306.03,215.57,0.17343
1161,9828.4,54943,30.877,809.02,415.73,0.32112
1161,10999,54343,28.235,457.06,349.35,0.13357
1162,9118.5,55060,33.802,390.42,169.5,0.39456
1162,9404.8,53346,19.974,607.39,293.18,0.34891
1162,10577,55389,22.336,627.32,188.33,0.5382
1162,10891,53915,23.675,359.73,239.91,0.19981
1163,8954.7,54993,29.519,431.38,189.43,0.38972
1163,10425,53640,17.695,513.57,560.09,-0.043328
1164,9264.4,54339,35.158,402.81,391.23,0.014582
1164,10286,53683,29.827,358.21,538.75,-0.20128
1165,8916.7,54822,31.205,484.09,295.67,0.24164
1166,9044.1,54692,34.691,203.44,187.76,0.040085
1166,9375.6,55263,31.942,250.02,123.06,0.3403
1167,9317.2,55080,37.2,298.64,162.65,0.29481
1167,10323,53639,34.147,272.64,564.87,-0.34892
1168,9177.4,55294,31.406,487.9,262.25,0.30081
1169,9455.3,54936,39.44,319.03,202.84,0.22265
1170,9898.4,53750,19.022,618.66,296.15,0.35254
1171,9121.6,54351,29.169,487.86,244.53,0.33225
1171,10124,53817,28.719,610.99,175,0.55471
1171,10466,54783,18.299,596.92,190.92,0.51533
1172,9347.9,54402,34.66,501.61,492.15,0.009519
1172,10533,54850,19.165,853.14,548.82,0.21707
1173,9237.1,54566,22.166,613.25,161.43,0.58323
1173,11105,53088,37.357,305.6,188.21,0.23773
1174,11313,54454,25.495,1220.9,691.48,0.27683
1175,9612.7,53474,19.066,946.06,471.26,0.335
1175,10352,55236,33.971,378.18,571.58,-0.20363
1175,11356,54441,25.423,675.31,471.22,0.17801
1175,11561,55296,34.793,837.77,413.98,0.33855
1176,10943,53339,34.36,450.41,540.87,-0.091251
1177,9183.9,53384,22.903,441.71,464.86,-0.025537
1178,11271,52902,34.446,351.39,434.27,-0.10549
1180,11523,55103,29.248,302.04,159.45,0.30899
1181,8812.9,52960,35.198,477.27,305.27,0.2198
1181,9849.3,54744,10.964,533.7,289.7,0.29632
1181,11463,55089,25.724,515.86,308.34,0.25179
1181,11551,53316,31.855,399.2,224.32,0.28046
1182,9807,54762,22.639,373.84,203.85,0.29425
1183,9768,54913,21.669,825.71,287.37,0.48364
1183,11151,54244,30.653,825.15,572.26,0.18097
1184,10845,54194,22.201,747.24,544.16,0.15726
1185,9204.9,53050,30.029,474.06,298.85,0.22669
1185,9487.8,55390,28.722,802.44,183.12,0.62839
1186,8974.9,53202,29.866,441.9,381.06,0.073927
1187,11427,54050,28.29,349.24,403.75,-0.072389
1188,9632.6,52495,31.907,325.88,149.03,0.37239
1189,8793,55016,20.501,592.96,435.39,0.15322
1190,9015.4,54173,31.251,464.73,197.95,0.40258
1190,11324,55301,27.196,225.16,163.99,0.15719
1191,8955.4,54060,19.529,332.59,283.87,0.07903
1191,11317,55205,32.245,576.31,221.26,0.44517
1192,10026,52619,27.799,218.58,127.83,0.26198
1193,10006,53639,21.11,806.5,551.94,0.18739
1194,10158,53602,28.462,518.26,311.69,0.2489
1196,8877.9,53161,26.135,316.16,232.56,0.15235
1196,11461,54543,40.753,309.8,111.32,0.4713
1197,10332,53744,28.075,419.7,354.43,0.084317
1198,10456,53836,24.305,264.63,181.57,0.18615
1203,8799.1,53528,31.945,728.86,594.96,0.10115
1203,9406,53356,27.636,652.85,366.09,0.28143
1203,10840,53828,21.339,332.86,282.18,0.08239
1204,8767.8,53522,27.896,558.71,190.26,0.49194
1204,10881,53667,32.595,469.16,299.72,0.22037
1207,11501,54099,31.142,275.24,102.96,0.45553
1210,10956,53794,26.851,378.68,176.98,0.36299
1211,10059,53583,29.849,549.66,173.22,0.52075
1212,10155,53565,26.235,531.97,204.29,0.44505
1214,11442,54140,24.006,446.92,191.48,0.40013
1215,9433,52678,25.243,261.95,111.76,0.40188
1215,10879,54329,22.293,804.63,295.11,0.46331
1216,10120,53584,37.819,413.23,103.98,0.59792
1216,10784,54374,21.698,519.05,284.56,0.2918
1217,8743.8,53339,28.293,602.78,333.88,0.28709
1218,9078.7,53385,27.131,854.16,360.54,0.40637
1219,10571,55097,24.365,510.8,468.98,0.042682
1219,11527,54680,25.049,616.17,183.7,0.54067
1223,8780.7,54259,28.429,309.82,217.75,0.1745
1223,10301,52907,23.809,340.29,216.99,0.22125
1224,10289,52982,34.167,664.8,539.04,0.10446
1224,10252,53145,30.812,610.16,457.5,0.14298
1226,10085,53768,23.634,759.33,285.12,0.45404
1226,11179,52666,17.118,500.29,528.56,-0.027471
1227,10197,53891,26.153,443.69,231.52,0.31422
1228,9879.5,53372,26.139,340.06,269.07,0.11654
1228,10725,52791,23.378,376.54,159.18,0.40573
1229,11302,52705,17.081,381.42,297.35,0.12386
1230,9538.2,52700,24.378,503.78,474.4,0.030043
1230,10227,53495,41.136,272.93,254.17,0.03559
1230,10220,55158,28.535,436.61,291.15,0.19987
1230,11309,52738,22.606,234.01,216.15,0.039685
1231,9868.8,55325,29.65,588.65,467.42,0.1148
1232,10427,55285,33.03,244.03,198.35,0.10325
1233,11162,52592,23.19,455.81,326.2,0.16574
1234,9632.2,54978,31.341,542.5,543.43,-0.00085505
1234,10885,52616,20.871,1061.7,635.43,0.25119
1234,11019,52616,26.003,998.7,597.67,0.25121
1235,9642.5,55120,19.935,635.55,304.02,0.35285
1235,10792,52425,25.243,682.42,403.99,0.25628
1235,11114,53744,26.874,290.3,138.69,0.35342
1235,11329,54615,25.075,346.67,175.51,0.32776
1236,9552.1,55216,33.198,447.07,170.74,0.44727
1236,11059,54467,36.024,426.2,276.74,0.21262
1237,8946.3,52563,24.073,380.62,118.45,0.52533
1237,11101,53780,18.861,798.22,509.18,0.22108
1238,8909.5,52581,32.826,479,243.43,0.32608
1238,10906,53741,18.085,462.76,144.78,0.5234
1238,11152,54488,27.463,369.4,304.84,0.095739
1239,10893,53606,19.74,1061.7,683.88,0.21645
1239,11084,54544,14.676,578.55,415.01,0.1646
1240,10957,53628,22.795,985.46,746.66,0.13787
1242,10577,53547,32.333,536.78,257.79,0.35113
1242,10460,52886,32.39,503.59,153.55,0.53266
1243,10284,52952,26.932,312.29,151.36,0.3471
1244,11138,53249,22.019,554.56,320.84,0.26698
1245,11168,53230,22.406,671.63,338.79,0.32941
1246,11109,53534,30.891,1114.8,908.17,0.10215
1251,11605,54982,25.206,317.27,156.77,0.33857
1252,11246,53141,32.263,370.14,324.74,0.065336
1254,8717.6,54259,21.186,595.83,303.88,0.32449
1254,11258,53376,22.971,993.62,524.35,0.30914
1255,8993.1,54412,30.807,843.6,451.87,0.30239
1255,11395,53252,22.466,409.78,131.96,0.51282
1256,8878.1,54269,31.63,362.93,129.23,0.47486
1256,10740,53309,37.395,274.84,278.43,-0.0064921
1257,9283.9,55374,36.117,585.18,200.24,0.49011
1257,9665.8,54114,33.93,476.25,285.02,0.25119
1257,10803,53435,31.022,559.52,301.81,0.2992
1258,11035,53514,34.638,344.25,155.67,0.37721
1259,11245,53582,32.715,292.63,213.64,0.15602
1260,8883.5,52645,32.682,431.38,222.88,0.31868
1260,11210,53288,20.728,464.3,374.31,0.10731
1262,8787.6,53313,26.029,1071.2,717.91,0.19746
1262,11162,52679,23.956,263.49,178.46,0.1924
1262,11262,53291,30.132,244.2,119.31,0.34357
1263,10206,55374,26.944,581.25,236.94,0.42082
1263,11324,54345,23.743,487.81,350.46,0.16386
1264,9559.2,55265,30.83,601.29,676.07,-0.058543
1265,9283.1,55343,29.717,942.36,600.86,0.22129
1266,9806,54915,15.748,450.76,246.04,0.2938
1266,10001,54143,28.321,719.9,584.8,0.10354
1267,8716.9,52877,32.05,197.5,127.78,0.21432
1267,9744.2,54893,29.391,446.65,327.28,0.15424
1267,10324,53673,27.283,379.56,591.69,-0.21841
1267,10782,52704,31.305,776,189.23,0.60791
1268,10495,53525,26.006,865.98,1283.8,-0.19435
1269,9895.7,53970,34.428,891.02,429.21,0.34979
1270,10223,53684,30.339,533,384.16,0.16228
1271,10080,53799,37.298,335.66,366.67,-0.044145
1271,11026,54010,34.427,519.57,461.32,0.059391
1271,11028,54073,30.653,631.24,526.65,0.090328
1275,9005.6,52930,18.742,387.44,244.02,0.22711
1275,9865.2,53982,16.592,839.43,542.16,0.21517
1275,9934.7,52942,32.999,141.78,104.26,0.15249
1278,10031,52456,15.615,715.4,255.95,0.473
1279,8727.4,53214,26.731,1107.4,595.29,0.30075
1279,10090,52623,17.175,841.52,523.5,0.23298
1280,10236,52886,22.329,1366.9,817.96,0.25124
1280,11497,54000,23.154,569.14,401.22,0.17305
1281,10111,52734,37.092,992.86,574.12,0.26723
1284,11115,53051,33.218,272.14,254.08,0.034318
1287,10320,55218,29.195,512.92,440.91,0.075489
1287,11175,53237,21.838,542.91,410.6,0.13876
1288,11198,53193,19.119,928.71,416.85,0.3804
1289,9026.5,53086,23.583,294.89,268.21,0.047368
1289,9602.9,53541,23.639,682.93,337.24,0.33886
1289,10865,52868,37.052,339.18,201.63,0.25433
1290,9113.2,53316,30.999,550.48,281.07,0.32399
1290,10684,52993,35.143,399.81,282.61,0.17175
1290,11121,52677,22.925,701.28,473.04,0.19436
1291,9432.7,54013,34.601,205.46,210.62,-0.012406
1292,9345.1,53656,27.295,455.75,219.93,0.34901
1293,11246,53040,19.896,590.94,349.45,0.2568
1294,9429.4,54249,32.532,367.46,226.62,0.23706
1294,9795.5,54935,20.786,352.57,306.35,0.070143
1294,11174,53133,15.824,1373.2,780.08,0.27546
1295,8820,54770,30.462,794.26,376.44,0.3569
1295,9596.3,52721,30.564,209.14,112.7,0.29963
1295,10329,55378,36.078,290.29,148.8,0.32223
1295,11258,53219,8.6966,899.97,487.05,0.2977
1295,11587,52503,20.135,298.06,359.96,-0.09407
1296,11173,53195,24.477,493.44,393.82,0.11228
1296,11630,52423,14.63,496.79,386.03,0.12546
1297,10805,52694,19.333,379.85,271.89,0.16565
1298,10750,52690,22.463,854.67,575.8,0.19495
1299,9933.6,54320,22.931,295.68,111.44,0.45254
1299,10512,54851,31.514,197.72,114.93,0.26479
1300,9762.3,54871,26.711,582.12,210.83,0.46824
1301,9651.2,54808,22.804,804.6,666.69,0.093734
1301,10429,52421,33.603,434.95,351.64,0.10592
1301,10638,53950,35.913,413.97,394.38,0.024228
1302,8712.2,54688,33.475,601.85,478.81,0.11385
1302,9408.5,54528,21.686,773.78,768.92,0.0031453
1302,10117,52842,27.527,319.12,187.61,0.25951
1302,10758,53790,34.903,245.09,244.19,0.0018562
1303,9786.4,54904,11.82,431.07,228.05,0.30802
1303,10784,53777,28.436,416.5,268.73,0.21566
1304,9270.7,53025,25.561,453.33,119.38,0.58309
1305,10398,53941,28.843,1003.6,693.45,0.18274
1306,10326,54179,26.157,553.52,496.25,0.054554
1306,11391,52728,27.609,647.13,376.75,0.26408
1306,11350,54413,28.605,631.57,491.44,0.12478
1307,9251.8,53019,20.454,298.16,121.42,0.42122
1307,10398,53994,21.148,669.46,412.93,0.23701
1308,10375,53809,24.672,397.47,236.08,0.25474
1308,10903,55021,38.137,438.51,266.41,0.24415
1309,9553.4,53936,24.05,556.09,195.02,0.48071
1309,9883.8,55375,25.791,610.58,502.67,0.096931
1309,10431,53730,27.584,266.12,231.34,0.069916
1310,8819.6,55388,30.575,272.19,131.92,0.34712
1310,9711.1,53905,36.996,376.44,180.89,0.35085
1310,10586,52557,19.885,709.66,546.19,0.13017
1311,9664.4,54948,31.981,302.14,242.38,0.10976
1311,9917.8,53947,30.966,416.01,214.49,0.31961
1311,10622,52655,19.698,670.92,703.53,-0.023732
1312,9441.4,54821,21.213,500.31,316.37,0.22523
1312,9641.8,53692,27.394,498.35,281.42,0.27819
1312,10696,52815,28.969,548.41,365.55,0.20008
1313,9195.3,54638,25.627,642.36,582.97,0.048474
1313,10002,53575,34.133,972.52,434.27,0.38261
1313,10108,53590,29.848,1087.9,652.06,0.2505
1314,10126,53592,18.819,879.39,823.49,0.032825
1315,8938.2,53866,33.393,561.14,548.15,0.011714
1316,9887.7,53329,20.093,533.88,448.05,0.087408
1317,9741.4,53508,18.169,456.84,281.22,0.23796
1318,9629,53573,30.152,739.85,463.78,0.22937
1319,11291,53225,24.953,872.55,837.06,0.020758
1320,9071.6,53705,10.326,944.81,204.38,0.64431
1320,9829.4,55246,25.257,308.22,113.46,0.46189
1320,11424,53175,32.84,1106,652.84,0.25765
1321,10008,54883,29.018,331.45,222.19,0.19736
1322,8701.3,55314,25.181,1013.8,686.73,0.19233
1323,10743,52878,16.738,682.53,305.17,0.38206
1323,11242,53976,33.449,180.03,116.51,0.21419
1324,9809.6,54826,40.885,629.19,167.49,0.57954
1324,10829,52846,36.658,331.04,310.06,0.032736
1325,9711.8,54769,26.764,401.27,178.54,0.38413
1325,10760,52883,25.086,570.95,441.39,0.12798
1325,11557,52876,32.097,624.1,707.07,-0.062325
1326,10714,55157,35.032,519.83,206.11,0.43215
1327,11317,52668,21.115,576.23,296.42,0.32065
1328,11238,52799,19.711,1142.5,760.49,0.20074
1329,11239,53100,24.418,790.66,494.37,0.23057
1330,11031,52800,29.811,317.8,223.14,0.17499
1332,8812.1,53192,39.79,470.84,234.36,0.33533
1332,10765,53009,32.96,550.97,343.04,0.23258
1332,11072,52978,24.611,749.75,524.32,0.17693
1334,11133,53151,13.84,849.19,349.78,0.41653
1335,11234,53114,31.299,350,153.25,0.39095
1336,9122.1,54777,18.293,1187.5,530.09,0.38275
1337,9386.3,52891,35.803,319.15,116.61,0.46479
1337,11211,53155,22.179,439.89,247.69,0.27953
1338,9517.8,52691,18.388,606.52,371.39,0.24044
1341,10893,54812,32.539,479.5,180.53,0.45295
1343,10850,54336,24.049,566.39,443.51,0.12167
1344,10637,54024,26.637,425.19,225.27,0.30735
1345,9220.3,52934,28.732,308.74,183.84,0.25356
1346,9073,53048,30.547,697.58,567.71,0.10264
1348,9019.3,53253,21.019,509.86,298.33,0.26173
1349,8832.1,53074,25.136,316.9,145.83,0.36971
1350,8855.8,52943,22.58,683.15,541,0.11612
1351,9011.2,52953,21.551,575.39,398.77,0.1813
1351,9945,55348,35.149,348.31,226.06,0.21286
1351,10692,54520,28.961,464.59,423.83,0.045877
1351,11208,52395,34.191,345.28,258.74,0.14327
1351,11316,54176,28.417,726.38,727.86,-0.0010159
1352,8843.1,52633,20.149,682.78,386.07,0.2776
1352,11075,54371,25.333,1158.7,699.89,0.24685
1353,11120,54440,28.485,917.18,532.98,0.26494
1353,11402,53843,28.366,564.75,344.8,0.24182
1354,9975.1,55225,25.875,689.67,736.76,-0.033011
1354,10481,53881,37.892,275.84,294.81,-0.03324
1354,11433,53834,23.356,1403.3,774.63,0.28864
1355,10118,55185,25.841,358.52,248.3,0.18165
1355,11538,53747,17.654,1303,674.9,0.31754
1356,11626,53750,28.312,604.32,284.68,0.35956
1357,9868.4,54748,34.048,204.15,140.64,0.18419
1357,11084,54584,21.951,200.78,126.86,0.22562
1358,8803.8,54030,34.376,589.66,342.73,0.26484
1358,9880.8,54750,17.729,367.52,276.88,0.14066
1358,10709,54953,31.723,391.59,106.57,0.57214
1358,10791,54281,24.438,629.74,285.58,0.37601
1358,10886,52839,25.664,1003.6,643.8,0.2184
1359,10861,55087,22.971,701.35,539.45,0.13048
1359,11411,52814,26.461,621.27,637.85,-0.01317
1361,10416,55232,28.631,877.55,325.45,0.45893
1362,8906,53524,23.848,629.18,275.08,0.39159
1362,10058,55140,27.22,740.97,663.34,0.05528
1362,11227,55121,29.265,931.41,571.02,0.23987
1363,9913.2,55068,11.907,696.69,547.97,0.11949
1364,9717.3,52669,22.36,568.56,389.17,0.1873
1364,9639.6,53758,23.852,522.68,442.76,0.082783
1364,10010,54964,15.319,513.93,665.01,-0.12814
1365,9590,52715,13.169,536.44,525.65,0.010158
1366,9607.4,52702,26.699,303.13,286.76,0.027754
1366,10673,52659,25.873,1306.3,603.07,0.36832
1367,9811.5,54753,25.664,369.16,181.35,0.34116
1367,10798,52583,25.386,753.12,304.64,0.42399
1368,11213,53849,15.403,514.68,712.67,-0.16131
1369,9592,52667,15.975,1014.3,553.32,0.29405
1369,10033,53627,19.29,960.09,646.32,0.19533
1369,10855,52517,38.217,318.1,273.34,0.075674
1369,11102,53765,28.945,913.01,744.08,0.10194
1370,10467,53717,31.434,355.33,191.96,0.29852
1370,11221,53247,27.074,337.28,198.58,0.25884
1371,10321,53799,27.928,367.65,291.29,0.11589
1372,11064,54781,33.987,502.15,281.52,0.28154
1375,10091,54760,33.193,308.19,385.5,-0.11145
1382,10104,52443,29.685,583.73,288.29,0.3388
1385,9195.5,54426,28.381,497.75,386.46,0.12586
1385,11311,54757,31.034,916.91,601.76,0.20752
1385,11666,53157,39.184,978.26,634.07,0.21347
1386,8950.1,54703,29.541,975.27,681.71,0.17717
1386,9436.2,52623,22.576,391.86,219.87,0.28115
1389,8702.5,54849,37.182,623.12,308.4,0.33786
1391,8712.4,54878,38.263,440.21,516.09,-0.079344
1391,9174,54134,29.516,505.39,438.11,0.071317
1392,9331.3,54273,24.732,1001.9,789.3,0.11871
1393,9131.5,54435,29.417,873.65,532.71,0.24243
1393,9350.5,54865,32.391,654.2,465.61,0.16841
1393,9460,53473,28.417,381.81,145.04,0.4494
1394,9033.2,54318,24.922,632.87,439.83,0.17995
1394,9385.6,53404,27.637,190.98,115.12,0.24782
1394,9381.2,54874,25.729,796.6,688.84,0.072547
1394,9479.2,54321,26.322,260.5,159.33,0.24098
1395,9220.4,54748,28.958,348.13,152.06,0.39199
1396,9063.2,54752,23.754,688.42,362.72,0.30986
1396,10151,52576,32.473,794.21,589.31,0.1481
1396,10783,52495,36.798,501.55,403.3,0.10858
1396,11046,53360,33.687,512.18,386.07,0.1404
1397,10315,52756,21.838,611.96,318.03,0.31606
1397,11642,54371,30.467,617.89,436.27,0.17228
1398,11369,54250,22.702,708.16,426.7,0.24802
1399,9607.9,54506,23.324,748.12,496.71,0.20196
1399,9931.6,53556,38.327,455.21,131.57,0.55154
1399,11311,53192,10.363,542.61,264.39,0.34475
1399,11490,54230,21.472,469.63,163.74,0.48295
1400,9746.8,54481,17.994,630.86,492.94,0.12273
1400,11280,53249,17.709,422.48,216.57,0.32221
1401,9560.9,54581,18.308,1022.4,766.04,0.14333
1402,9587.5,54579,32.227,352.38,424.9,-0.093301
1403,10892,53173,29.8,621.53,432.31,0.17955
1404,10925,52996,26.105,387.94,213.96,0.28906
1405,8831.9,52791,25.227,773.21,646.31,0.089396
1405,10993,53137,29.061,283.72,176.58,0.23276
1406,9154.3,54322,26.981,620.06,344.89,0.28516
1406,11581,54810,29.386,257.78,146.85,0.27416
1407,9034.3,54517,39.195,670.57,326.87,0.34458
1407,9814.1,54772,26.003,316.09,103.96,0.505
1407,11521,55116,26.343,361.82,168.06,0.36567
1408,9119.5,54416,26.98,429.87,336.51,0.12182
1412,11069,53904,22.497,518.35,177.03,0.49084
1413,9511.2,54014,29.174,459.26,178.08,0.44117
1413,11028,53886,25.496,808.25,364.07,0.37889
1413,11224,53238,21.59,441.4,138.95,0.52114
1414,10226,52671,30.479,868.36,370.09,0.40234
1414,11065,54262,28.125,561.11,336.28,0.25053
1415,9363.3,54823,27.721,502.06,455.58,0.048536
1415,11115,54349,27.512,983.49,386.93,0.43531
1417,10392,54272,21.894,813.44,564.27,0.18086
1420,9892.9,54999,28.908,577.87,646.6,-0.056131
1422,11184,52568,17.643,400.77,208.4,0.31579
1423,8707.3,53600,25.609,563.69,267.76,0.35593
1423,9566.6,55065,33.857,579.09,539.05,0.035812
1423,11598,53081,24.573,241.41,172.16,0.16743
1424,9678.7,55243,26.033,547.61,177.51,0.5104
1424,10175,53927,35.156,520.22,402.25,0.12789
1424,11382,53060,29.388,272.1,150.15,0.2888
1425,10265,53605,31.597,300.47,164.49,0.29247
1425,11104,53190,24.708,766.06,417.14,0.29489
1425,11619,55099,26.298,452.91,302.88,0.19851
1426,9554.2,55096,29.975,618.6,512.57,0.093739
1426,10893,53505,32.891,687.36,444.8,0.21425
1427,8915.7,53373,29.453,528.02,301.29,0.27339
1427,10723,53713,34.3,615.97,340.82,0.28758
1428,11508,54119,34.46,663.04,461.55,0.17917
1429,11522,54146,20.449,666.81,358.49,0.30072
1430,11163,54225,36.799,356.15,331.38,0.036034
1431,8857,54655,29.316,778.95,525.93,0.19391
1431,9762.5,55125,37.155,269.09,175.8,0.20971
1431,10741,54331,32.186,483.89,394.77,0.10143
1431,10841,54333,34.501,499.54,382.23,0.13304
1432,11273,53203,26.207,246.78,200.63,0.10314
1433,9091.8,54187,36.414,463.64,304.52,0.20714
1434,11054,54229,27.016,650.26,441.47,0.19125
1438,11299,53238,16.967,421.6,171.8,0.42096
1439,10377,54337,28.989,584.57,590.94,-0.0054144
1439,10474,53899,30.448,892.27,676.28,0.1377
1440,8893.3,53164,28.271,466.88,281.01,0.24853
1440,10400,53935,23.33,556.85,256.49,0.36929
1440,10591,54587,33.729,528.47,378.86,0.16489
1441,8725.1,54673,31.602,575.97,418.82,0.15797
1441,8933.5,53176,22.123,636.61,157.13,0.60407
1441,9931.6,54817,25.244,397.39,257.15,0.21426
1442,8959.6,54564,34.564,797.61,434.8,0.29439
1442,9850,54704,29.328,473.03,479.88,-0.0071973
1442,11203,54041,32.24,709.41,511.12,0.16246
1443,10787,55088,27.096,240.38,169.38,0.17327
1444,8850.9,54148,35.147,372.1,281.44,0.13872
1445,9148.4,54258,26.73,855.19,478.31,0.28262
1445,9346.7,54248,32.581,635.58,374.2,0.25884
1445,9814.1,52618,38.332,1203.4,1042.8,0.071499
1445,10165,55331,23.502,353.39,189.58,0.30169
1445,10571,53938,21.158,404.78,338.41,0.089301
1446,9470.4,52546,34.826,540.7,472.58,0.067226
1446,9537.1,54207,28.204,621.13,172.27,0.56574
1446,10073,55341,26.503,654.58,555,0.082327
1446,11082,55196,31.888,308.92,189.98,0.2384
1447,9907.9,55218,27.783,328.61,236.63,0.16271
1447,10081,53861,35.409,955.09,690.54,0.16076
1448,9590.3,55162,28.006,1012.2,673.19,0.20113
1448,10141,53915,18.038,1058.2,495.49,0.36218
1449,9899.4,55388,24.272,469.68,397.61,0.083098
1452,9993,54473,27.361,202.21,188.79,0.034319
1455,9226.6,53465,26.986,521.23,223.63,0.39953
1455,10809,52446,29.256,504.25,477.39,0.027362
1457,10359,53750,20.059,394.83,147.11,0.4571
1459,9263,53173,26.883,781.9,678.36,0.070904
1460,9250.7,53255,20.851,1209.7,791.43,0.20902
1462,9174.6,53300,30.642,322.11,341.95,-0.029877
1462,11224,52641,24.323,479.02,424.9,0.059874
1463,9104.4,54109,26.528,314.8,206.29,0.20823
1463,9212.4,53302,24.59,784.39,621.73,0.11568
1463,10913,52882,30.208,423.43,254.31,0.24954
1464,9248.8,52851,32.744,992.34,708.58,0.16683
1464,9168.6,54097,30.907,564.66,382.4,0.19245
1464,9868.8,54284,25.692,476.48,364.33,0.13339
1465,9062.4,54325,22.296,654.64,513.31,0.121
1465,9937,53955,23.456,630.88,183.82,0.54874
1470,10939,53690,31.407,596.45,300.1,0.33054
1472,9861.2,54856,27.911,719.29,294.69,0.41875
1472,10201,52934,27.802,217.42,181.64,0.089655
1472,11222,53409,30.694,327.52,402.22,-0.10236
1473,10271,53061,34.826,267.01,195.11,0.15558
1474,8989.6,52651,26.074,281.87,122.02,0.39578
1474,11477,54165,26.867,858.06,488.31,0.27462
1480,10173,52796,34.206,525.26,500.89,0.023748
1481,10023,54826,34.128,543.13,466.7,0.075689
1481,11267,55387,29.33,550.04,384.92,0.17661
1481,11431,54903,23.579,404.98,101.72,0.5985
1483,10690,54867,28.486,393.67,166.19,0.40632
1484,8899.2,53906,23.899,611.03,375.52,0.23872
1484,8950,54629,27.354,1038.8,347.87,0.49826
1484,9704.5,54918,28.18,660.08,231.25,0.48111
1484,11637,53781,26.48,798.36,412.17,0.31903
1485,10099,52620,33.67,452.64,269.22,0.25411
1485,10220,52617,33.909,447.09,191.03,0.40128
1486,9011.9,54658,25.718,398.6,283.77,0.16828
1486,9163.7,53321,30.996,579.55,356.05,0.23889
1486,9701.6,54699,31.068,411.87,215.65,0.3127
1486,10396,54946,47.968,883.85,307.03,0.48436
1486,11165,52722,18.509,543.66,485.78,0.056223
1486,11265,53279,12.865,935.27,665.03,0.16887
1487,9125.9,53581,22.981,841.94,575.02,0.18838
1487,9721.8,52938,34.625,482.13,450.22,0.034228
1487,10483,53141,33.289,390.19,219.91,0.27911
1487,11319,53628,30.494,641.74,555.8,0.071765
1488,10751,54452,33.772,333.9,212.5,0.22218
1489,8725.9,55303,26.062,307.9,244.45,0.11486
1489,9430.9,54671,26.672,327.07,186.65,0.27333
1489,10784,54540,32.766,525.09,217.91,0.41342
1489,11497,54072,28.558,747.85,454.67,0.2438
1490,8879.2,55185,31.753,316.53,317.74,-0.0019038
1490,9316.9,54513,31.211,282.03,151.47,0.30117
1492,9202.8,53419,30.555,547.96,451.29,0.096739
1494,9163,53279,25.455,577.21,501.36,0.070326
1496,8695.8,55358,33.185,241.9,222.15,0.042567
1498,11060,53673,25.461,803.33,604.12,0.14154
1499,9063.2,54390,26.604,455.79,390.44,0.07722
1499,9322.8,53360,31.564,269.08,127,0.3587
1499,10765,52888,22.419,329.6,154.81,0.36083
1500,9441.9,54882,24.731,416.74,445.47,-0.033319
1500,10898,52960,18.669,1179.7,803.02,0.18998
1500,11549,55366,36.794,269.86,138.88,0.32046
1501,9189.9,54729,29.3,501.14,177.01,0.47797
1501,10896,53510,28.32,734.79,615.92,0.088001
1501,10981,55211,35.242,265.22,223.23,0.085977
1502,9510,53508,22.467,418.7,260.65,0.23265
1502,10501,54813,29.584,416.5,122.74,0.54477
1502,11321,55242,26.047,250.45,177.01,0.17182
1503,10531,54791,26.199,368.11,171.98,0.36314
1504,10154,53623,29.65,445.31,232.69,0.31361
1505,9697,53557,25.267,361.53,185.25,0.3224
1505,10880,53398,30.091,324.7,202.54,0.23171
1506,9584.8,53753,33.848,269.6,194.31,0.1623
1506,11150,55378,35.74,307.02,299.41,0.012558
1508,9833.8,52442,29.086,485.88,330.49,0.19034
1508,11310,53973,28.113,394.54,286.04,0.15942
1509,9898.6,52435,27.926,222.01,117.15,0.30916
1509,10632,52532,21.031,705.41,664.6,0.029787
1511,10831,55107,34.901,340.22,132.13,0.44054
1513,8782.4,52815,25.291,319.44,210.54,0.20547
1513,9498.2,54746,20.729,741.32,400.64,0.29833
1513,11282,53105,18.37,441.39,145.03,0.50539
1513,11580,54500,30.061,379.58,221.63,0.26272
1514,9232.9,53752,32.626,210.44,235.83,-0.056902
1514,11573,54599,25.076,579.66,439.66,0.13735
1515,9508.7,53788,26.901,788.28,722.99,0.043205
1515,11354,54786,36.675,857.33,481.43,0.28078
1516,10908,54366,25.373,830.32,419.23,0.329
1517,9470.8,54279,32.063,806.7,838.02,-0.019044
1517,11267,55289,36.149,307.88,288.42,0.032639
1518,9323.6,54332,29.876,622.49,217.06,0.48291
1518,10285,53998,19.294,1228.6,784.07,0.22089
1519,9434.7,54361,34.315,365.48,334.09,0.044871
1519,10335,53780,20.856,500.36,340.15,0.1906
1519,11151,54126,27.227,524.12,392.35,0.14377
1521,9421.6,52508,30.624,377.78,186.27,0.33953
1521,9477,54085,28.215,245.94,266.95,-0.040951
1521,9805.4,53821,30.454,538.82,354.34,0.20654
1521,11400,52845,28.476,513.74,358.62,0.17781
1522,11302,53105,20.595,341.95,131.57,0.44429
1524,10347,52684,27.11,408.01,175.46,0.39856
1525,9826.7,54769,31.746,259.42,329.72,-0.11933
1526,11465,54418,18.941,599.94,304.88,0.32609
1527,11356,54599,19.977,627.02,446.73,0.16791
1528,9837.7,53640,28.213,674.1,261.86,0.44044
1528,11231,54742,30.661,403.01,345.85,0.076325
1529,8758.2,54020,28.898,369.33,188.15,0.32499
1529,9524.6,53364,22.942,497,343.85,0.18214
1529,10782,52752,21.464,643.1,300.12,0.36362
1531,8676.5,54218,26.223,548.92,330.45,0.24843
1531,10089,52810,24.718,860.4,541.27,0.22767
1533,9778.3,53350,26.582,301.51,274.6,0.046714
1533,10256,55221,21.41,438.21,268.37,0.24037
1534,9794.8,53411,19.455,561.14,575.27,-0.012432
1534,10569,54203,20.149,806.9,524.01,0.21255
1535,10691,54129,34.584,473.69,210.2,0.38528
1536,10634,54240,25.96,538.57,134.13,0.60121
1538,10286,53618,20.892,344.01,126.22,0.46314
1540,10129,53947,16.908,544.09,398.78,0.15412
1541,8709.9,55318,20.913,408.99,139.94,0.49014
1541,9074.8,54394,24.782,592.81,472.77,0.11266
1543,8742.1,54177,34.466,533,333.09,0.23083
1547,8881,55106,27.707,359.05,202.47,0.27886
1549,10431,52941,27.922,396.13,150.96,0.44814
1550,10120,53886,23.738,867.59,637.12,0.15316
1552,10069,54209,24.273,575.84,199.99,0.48445
1554,10820,53141,29.765,379.97,416.55,-0.045925
1556,11207,53295,28.586,908.93,552.82,0.24362
1556,11186,53485,32.686,1158.9,736.21,0.22306
1557,11236,53265,18.61,597.21,581.64,0.013209
1557,11229,53451,23.262,477.33,465.35,0.012708
1558,9975.2,53476,28.751,209.42,151.91,0.15915
1559,8885.1,54570,25.707,630.39,132.55,0.65253
1559,9988.4,53463,33.182,291.06,111.35,0.4466
1560,10850,52886,20.164,696.12,374.43,0.30048
1562,11206,54799,27.425,351.8,288.22,0.099338
1568,9645.6,52881,20.206,680.39,194.53,0.55532
1568,11543,53156,24.214,716.16,435.58,0.24361
1568,11652,55196,28.5,396.49,156.38,0.4343
1569,9444.1,53267,20.513,417.46,335.35,0.10907
1570,9602.1,54075,37.287,633.53,565.03,0.05715
1570,11584,53204,29.77,482.53,396.19,0.098256
1571,8865.8,54361,26.084,579.3,234.19,0.42423
1571,9537.4,54200,30.294,417.32,201.08,0.34968
1572,9060.3,54452,37.231,415.81,180.21,0.39529
1572,9398.9,53093,33.864,565.48,320.25,0.27688
1572,9572,54064,25.65,957.95,608.53,0.22306
1572,9714.1,54893,26.134,455.22,265.98,0.26239
1573,9122.8,53543,33.62,358.41,266.32,0.14742
1573,9127.2,55197,30.913,592.67,344.17,0.26526
1573,9868.8,54214,26.472,430.27,323.38,0.14183
1574,9424.1,54646,34.78,543.92,312.95,0.26955
1575,9268,53219,24.461,373.71,338.13,0.049985
1576,9343.6,53418,27.761,319.87,108.66,0.49286
1576,10325,54044,26.438,351.68,226.47,0.21657
1576,11418,53658,24.618,363.94,306.11,0.086311
1577,8933,52897,26.382,434.61,414.96,0.023134
1577,10319,53932,19.453,789.56,708.99,0.053766
1578,8954,52979,31.244,752.29,667.4,0.059792
1578,10199,53851,17.402,1314,971.24,0.15
1579,10188,53748,12.287,1181.1,761.07,0.21626
1579,10726,54824,33.324,334.16,278.41,0.091008
1580,9265.3,53861,31.146,308.4,339.6,-0.048144
1580,10502,53807,25.345,284.36,359.4,-0.11657
1581,8918.1,53226,32.416,1022.3,649.57,0.22295
1582,11552,53973,39.678,245.12,406.19,-0.2473
1583,9194,53736,25.038,517.85,482.47,0.035377
1584,9274.9,53494,21.112,775.25,414.8,0.30289
1585,9284.8,53336,29.165,630.25,262.68,0.41165
1586,8690.3,53990,23.779,367.94,162.38,0.38762
1586,9182.5,53326,22.126,874.13,457.64,0.31274
1587,11583,54512,30.068,525.91,629.57,-0.089712
1588,11470,54823,29.934,380.19,253.31,0.20027
1589,9805.5,55028,35.379,449.43,392.6,0.067491
1589,10799,54351,23.571,951.24,448.37,0.35929
1590,11077,53399,35.125,575.17,298.5,0.31668
1590,11607,55351,30.129,367.39,192.49,0.31238
1591,10134,55167,34.459,396.1,334.63,0.084114
1591,10972,53043,18.688,495.63,149.44,0.53668
1592,11208,53141,28.977,578.64,330.07,0.27354
1593,10039,55267,28.647,354.46,200.21,0.2781
1593,10970,54601,25.316,447.15,313.03,0.17644
1594,8943.6,54550,32.356,467.73,216.17,0.36784
1594,11132,54505,23.113,1147.1,412.36,0.47113
1595,9098.7,53193,27.595,632.8,409.51,0.21422
1595,11301,53235,13.149,569.07,242.79,0.40188
1595,11451,55187,22.967,624.87,378.66,0.24535
1596,9852.6,53034,29.538,331.08,146.7,0.38592
1596,11584,53254,26.284,726.88,567.63,0.12302
1596,11354,55201,41.304,474.42,535.43,-0.060411
1597,9153.2,55370,27.098,258.86,173.36,0.19782
1597,9668.3,52404,22.368,637.57,347.53,0.29443
1597,9757.8,53168,27.903,542.75,492.08,0.048959
1597,11395,55282,28.619,317.1,208.8,0.20593
1598,9596.8,52728,15.442,549.6,434.56,0.1169
1599,9038.9,54982,33.459,614.11,556.42,0.049292
1599,10265,53421,31.557,256.55,219.77,0.07722
1599,11386,55391,15.919,1135.4,622.41,0.29182
1601,11464,53206,27.777,197.57,102.72,0.31586
1602,9516,53636,18.624,568.01,199.46,0.48022
1602,11460,53151,21.995,670.98,483.87,0.16202
1603,8856.7,55091,39.629,565.99,392.91,0.1805
1603,9579.2,53819,19.895,569.34,307.16,0.29912
1603,10771,53573,26.654,526.88,299.16,0.27568
1604,8773.2,55286,31.495,872.87,192.07,0.63929
1604,11137,53849,25.342,469.38,382.12,0.10249
1605,11196,53746,26.731,489.87,247.1,0.32942
1606,8781.1,55087,37.59,754.96,571.78,0.13807
1606,9144.2,54960,28.046,461.9,338.66,0.15394
1606,9683.4,53493,19.65,625.56,220.64,0.47852
1606,10802,52674,23.477,391.02,124.37,0.51739
1606,11076,54247,30.909,428.64,209.71,0.34297
1607,9710.3,53453,24.386,253.93,298.06,-0.079948
1607,11190,54127,24.073,392.75,120.63,0.53006
1608,9600.1,52728,26.873,682.28,393.1,0.26891
1609,9528.6,53276,31.515,358.55,342.67,0.022646
1610,11313,54590,30.686,591.71,323.59,0.29293
1611,11031,53717,21.562,1554,769.55,0.33759
1611,11113,54077,32.82,1335.5,981.28,0.1529
1611,11217,54685,26.572,1096.7,451,0.4172
1614,10982,53820,28.805,301.26,115.6,0.44536
1615,9206.2,55120,30.283,302.69,131.73,0.39353
1615,11468,54815,35.154,394.99,216.78,0.29129
1616,9291.5,55133,20.484,584.2,150.57,0.59015
1616,10076,52454,28.923,431.69,195.9,0.37572
1617,9160,55048,36.852,963.03,656.29,0.18942
1617,9929.5,52740,22.029,514.83,175.32,0.49194
1618,9694.3,52704,25.667,541.5,271.38,0.3323
1619,9165.2,54908,25.026,406.81,291.32,0.16544
1619,10173,52679,32.589,572.13,325.18,0.27522
1619,10260,54373,35.941,451.18,383.73,0.080791
1619,10654,53290,23.69,471.66,386.34,0.099439
1620,9027.4,55059,32.006,513.15,440.53,0.076149
1620,10007,54231,33.698,511.61,349.63,0.18807
1620,10437,52739,29.312,329.09,233.16,0.17061
1621,9131.4,55039,17.683,514.79,222.01,0.39736
1621,10509,52521,32.267,379.78,239.64,0.22625
1621,11321,55182,16.752,803.83,344.96,0.39943
1622,8996.6,54868,34.967,713.15,892.57,-0.11173
1622,11246,55209,18.702,380.32,253.79,0.19953
1623,11403,54960,28.432,483.03,306.38,0.22378
1624,9521.4,55333,25.785,345.98,101.15,0.54755
1624,11422,54930,36.972,273.74,181.38,0.20295
1625,8683.9,55063,33.735,409.16,297.39,0.15819
1625,9614.2,53962,35.328,637.41,385.09,0.24677
1626,11396,54780,26.421,611.71,312.89,0.32318
1626,11576,53914,29.735,392.11,264.82,0.19377
1627,8981,52634,23.693,457.07,145.52,0.51702
1627,11537,54802,28.987,500.03,274.87,0.29056
1628,9927.6,55287,25.378,482.63,347.91,0.16221
1629,9255.7,54322,19.422,617.97,433.73,0.17519
1630,9315.9,54975,29.088,234.95,255.29,-0.041487
1631,11159,53252,22.353,321.34,174.69,0.29565
1631,11560,54740,37.453,199.19,249.83,-0.11278
1632,8991.8,54961,24.345,311.19,201.73,0.21341
1632,11182,53918,24.722,575.82,290.63,0.32914
1633,11452,53373,25.533,459.03,222.43,0.34719
1634,10885,53054,22.151,951.07,382,0.42688
1634,11203,54399,18.756,1311.1,996.56,0.13629
1635,10925,54417,24.257,922.74,804.76,0.068298
1636,9233.9,53518,21.542,455.45,215.71,0.35721
1636,11473,54800,24.688,391.41,269.96,0.18363
1637,10009,52649,20.615,665.39,214.16,0.51302
1637,11274,53219,16.577,619.43,351.45,0.27602
1638,9893.2,53248,28.808,1021.7,516.15,0.32872
1638,10078,52515,18.669,1142.8,679.68,0.25411
1638,11065,55020,28.172,965.29,751.99,0.12421
1638,11178,53223,29.709,837.32,604.03,0.16185
1639,10199,54114,26.847,912.9,947.67,-0.018688
1639,10580,55217,35.042,563.55,515.24,0.044788
1639,11259,53320,23.515,572,264.88,0.36699
1640,9955.2,53040,36.913,1050.4,946.47,0.052048
1640,10380,52772,33.68,511.12,354.05,0.18155
1641,9655.6,53549,25.574,461.67,205.91,0.38312
1642,9086.4,52796,26.825,717.03,292.75,0.42017
1642,10573,54123,25.921,555.72,286.65,0.31943
1643,8903.8,52881,28.205,813.1,443.75,0.29387
1643,9160.8,53661,32.059,508.29,322.86,0.2231
1643,10450,53954,18.54,975.74,837.81,0.076056
1644,8869.5,52713,31.942,343.43,113.4,0.50352
1644,9423.8,53427,24.772,674.58,371.48,0.28976
1644,10548,53918,34.206,417.84,344.82,0.095747
1644,11549,54755,21.667,913.61,514.48,0.27949
1645,10466,54314,20.846,431.26,229.88,0.3046
1647,11163,54195,31.311,531.12,283.49,0.30398
1648,10850,55035,27.202,203.78,144.97,0.16863
1649,11233,54299,22.506,573.93,224.87,0.43697
1653,9588.6,53097,29.332,948.14,598.96,0.2257
1655,9152.3,52691,29.772,520.34,310.94,0.25191
1656,10028,53012,32.919,341.35,137.62,0.42535
1657,9990.7,52950,26.453,315.1,115.84,0.46237
1657,10288,55289,24.637,240.91,168.68,0.17635
1658,9713.6,52743,21.34,614.49,218.6,0.47521
1658,9689.7,52980,32.573,728.48,336.92,0.36752
1659,9130.1,53530,24.745,511.78,341.36,0.19975
1659,9597.9,52709,26.154,1341.6,864.44,0.21629
1660,9306.4,54258,30.839,966.59,337.57,0.48232
1660,9661,52756,17.362,1066,476.06,0.38258
1660,11394,52650,41.071,559.32,329.53,0.25852
1661,10276,54078,17.945,631.16,163.97,0.58757
1662,9736,53026,28.19,194.03,135.38,0.17803
1662,10347,54075,24.404,710.37,374.16,0.31
1663,10144,54203,24.782,405.53,321.13,0.11615
1663,11348,55351,23.712,655.83,377.14,0.26979
1664,10220,54384,29.466,637.87,378.15,0.25562
1665,9221.5,54413,25.248,469.56,209,0.38399
1666,9289.5,54616,28.172,1219.8,981.01,0.10851
1666,11336,54113,22.089,622.44,380.73,0.24095
1667,8876.6,53212,32.664,201.43,120.95,0.24962
1667,9742.3,55231,28.611,356.93,180.58,0.32809
1667,11562,53939,28.979,573.98,391.37,0.18917
1668,9656.6,55190,29.415,739.91,366.33,0.3377
1670,9629.5,52757,17.912,478.3,339.07,0.17034
1670,9776.7,53145,27.142,877.68,933.61,-0.030877
1670,11458,53714,19.736,756.29,466.09,0.2374
1671,8993.2,55029,32.553,372.12,176.01,0.3578
1671,11105,54379,23.829,406.66,232.07,0.27335
1671,11480,53795,36.855,335.61,428.52,-0.12158
1672,10184,53907,31.244,337.73,186.13,0.28939
1673,9643.3,55092,32.688,486.05,336.42,0.18193
1673,10261,54040,19.457,516.63,240.95,0.3639
1673,10768,55093,31.96,281.01,157.39,0.28198
1674,11301,53226,25.089,304.2,347.45,-0.06637
1676,9337.8,53824,30.614,574.93,636.38,-0.05073
1677,9857.9,52762,34.149,429.04,218.9,0.32432
1677,11306,53276,24.592,455.15,259.92,0.27301
1678,9985.9,52396,29.056,528.33,447.85,0.082452
1680,8670.8,55312,14.684,668.22,493.34,0.15055
1681,8693.5,55238,26.561,649.65,355.11,0.29315
1681,10195,54196,35.992,430.81,228.78,0.30629
1683,9522.4,52901,35.763,252.06,188.01,0.14554
1685,9147.4,52408,28.217,486.96,246.8,0.3273
1686,9943.9,55104,38.132,455.35,234.11,0.32089
1686,11200,52611,4.614,1700.8,507.46,0.5404
1686,11633,53568,21.989,1037.7,757.11,0.15632
1687,8672.7,55302,29.715,260.7,482.39,-0.29835
1687,9188.9,52814,25.575,786.03,443.52,0.27857
1687,9938.7,55072,25.586,866.38,610.14,0.17354
1687,11206,52616,7.2026,1147.1,616.51,0.30085
1688,9655.7,55151,23.542,500.66,131.47,0.58404
1688,10364,53930,29.61,353.1,209.95,0.25424
1688,11654,52656,35.847,318.25,192.69,0.24574
1689,11111,52915,24.658,1051.6,594.53,0.27764
1690,9786.1,53311,35.439,472.74,492.16,-0.020134
1690,11183,53120,19.749,525.24,433.37,0.095836
1691,10358,54804,28.572,846.26,318.8,0.45274
1693,9171.8,54029,34.441,208.63,175.56,0.086068
1693,9619.6,52731,20.819,614.92,312.56,0.326
1694,9662.5,52704,17.002,790.97,421.07,0.30518
1695,9009.7,53842,35.029,413.25,405.76,0.0091474
1695,9509.3,52693,23.156,625.19,288.9,0.36789
1696,8849,55130,26.61,780.48,456.03,0.26239
1696,9168.7,53709,27.213,734.11,433.5,0.25746
1696,10623,53733,38.048,235.99,215.15,0.04618
1697,9047.1,55072,19.409,760.35,303.3,0.4297
1697,10892,53419,33.149,578.49,325.59,0.27974
1698,10310,54839,35.752,199.77,102.68,0.32099
1698,11122,53326,28.14,604.66,367.7,0.24369
1699,9304.4,52659,26.669,433.77,159.75,0.46169
1699,11177,53246,21.442,627.56,447.34,0.16767
1700,10786,54460,24.284,317.39,157.32,0.33719
1701,9801.7,54938,25.048,365.67,180.09,0.34004
1702,9499.2,55029,39.126,1122.9,639.02,0.27465
1702,11150,53208,16.3,676.03,512.63,0.13747
1703,9091.8,54783,32.487,1096,747.21,0.18925
1703,9737.3,54911,11.345,538.94,359.8,0.19932
1703,11193,53215,18.299,596.98,1070.9,-0.28414
1704,8731.8,55024,31.746,1296,745.93,0.26939
1704,11291,53262,23.158,531.49,1016.4,-0.31326
1705,8757.8,54532,32.107,397.84,311.24,0.12213
1705,10657,53676,19.244,209.78,108.83,0.31683
1708,10519,54391,24.738,336.96,170.69,0.32753
1708,10780,55382,35.818,181.53,143.93,0.11552
1708,11563,55183,35.265,917.79,656.92,0.16566
1709,9291.1,55065,20.743,412.97,146.91,0.4752
1712,10409,54292,23.246,351.75,297.04,0.084319
1713,10494,52469,36.613,455.83,107.97,0.61698
1715,10151,52599,29.171,581.54,368.38,0.2244
1716,10277,52474,27.228,499.18,322.58,0.21491
1717,10647,55082,36.239,244.1,201.55,0.095481
1717,11327,55338,22.778,463.33,132.18,0.55608
1718,9297.9,53965,38.315,835.12,318.24,0.44815
1719,10281,54239,21.044,527.92,211.07,0.42876
1720,10744,54153,27.137,493.78,330.38,0.19826
1721,9577.9,52757,6.533,1303.4,922.08,0.17134
1721,10652,54367,34.756,540.62,424.07,0.12082
1721,10954,52674,37.277,375.45,302.74,0.10722
1722,9393.9,54679,24.267,562.42,359.45,0.22017
1722,11095,54277,21.209,533.24,348.3,0.20979
1723,10857,53095,34.957,378.02,300.64,0.11401
1723,11083,54411,24.974,394.84,198.36,0.33123
1725,8866.5,54262,30.199,452.16,227.48,0.33058
1725,8923.4,55211,35.532,252.75,167.49,0.20288
1725,9475.4,54291,26.547,222.19,174.6,0.11994
1726,9391.6,54356,27.969,368.26,304.8,0.094292
1728,9268.6,54292,27.074,703.38,791.82,-0.059146
1729,9604.7,53387,20.708,693.95,377.62,0.29521
1730,8786.6,55083,21.775,487.76,366.62,0.14179
1730,9268.7,54348,19.462,377.74,438.03,-0.073901
1730,10182,53447,30.754,254.93,144.31,0.27707
1731,8814.3,55168,24.183,522.16,814.93,-0.21896
1731,9195,54359,24.059,500.7,425.36,0.081361
1732,8704.7,53403,23.357,440.09,213.31,0.34708
1732,8699.1,55343,22.409,717.01,555.53,0.1269
1734,10692,52690,35.064,383.43,251.2,0.20836
1735,10318,53191,24.458,373.93,140.7,0.45321
1736,9365.6,54149,31.742,257.84,432.14,-0.25262
1736,10311,53122,30.923,501.28,363.44,0.1594
1737,9377.4,54210,37.715,393.75,559.62,-0.17399
1737,11035,53320,30.091,701.79,429.84,0.24031
1739,9257.4,53015,29.691,267.99,142.79,0.30479
1739,9310.8,54191,36.973,285.99,506.15,-0.27794
1739,10878,53828,23.746,349.4,168.24,0.34998
1740,9346.2,52807,33.883,536.53,272.08,0.32705
1740,10820,53408,24.002,304.17,215.32,0.17102
1741,9296.9,54280,29.851,165.78,152.99,0.040123
1741,9747.8,55130,20.368,758.18,443.99,0.26135
1741,11002,53060,28.07,774.04,239.7,0.52709
1742,9299.1,54386,26.906,365.04,273.87,0.14269
1742,11077,53227,19.422,686.98,342.38,0.33478
1743,8831.9,55318,33.709,373.96,281.67,0.14077
1743,9006,52700,23.552,749.69,368.84,0.34049
1743,10969,53148,20.757,940.95,480.77,0.32368
1743,11140,54547,23.453,470.49,348.3,0.14924
1744,9265.9,54364,28.665,389.27,455.87,-0.078811
1745,9309.7,54453,18.807,436.62,632.13,-0.18293
1746,9311.9,54418,23.705,631.43,1007.9,-0.22965
1746,9579,52455,30.871,604.37,636.84,-0.026157
1747,9348.7,54449,27.522,496.69,522.43,-0.025258
1747,10026,54778,29.165,431.68,165.91,0.44475
1748,8717.6,52623,33.513,321.91,122.62,0.44833
1748,9357.4,54463,30.839,530.57,697.92,-0.13622
1749,10820,52852,20.502,641.17,426.15,0.20146
1750,9105,52438,29.683,571.58,304.13,0.30541
1750,11147,52977,22.434,694.99,362.07,0.31496
1752,10296,54436,33.087,484.29,556.92,-0.069759
1753,10421,52668,29.425,251.81,196.79,0.12264
1753,11594,54678,35.38,477.12,425.34,0.057372
1754,9186.1,55174,23.885,673.47,449.51,0.19943
1755,9211.1,54343,27.607,210.76,101.49,0.34994
1755,9911.9,54844,26.771,303.56,173.9,0.27157
1755,10214,53766,19.748,549.27,400.04,0.1572
1756,9169.7,54196,30.03,286.59,101.94,0.47527
1756,9893.7,53728,30.971,345.22,267.97,0.12598
1757,9621.9,53809,30.543,611.25,255.28,0.4108
1757,9764.7,55210,18.678,841.91,646.6,0.13121
1757,11160,54045,36.564,346.2,258.63,0.14479
1758,9417.8,54035,36.15,341.7,106.71,0.52406
1758,9866.2,55091,20.846,658.85,367.56,0.28379
1758,10549,53184,35.551,326.15,359.65,-0.048848
1760,9815.9,54864,37.156,216.07,112.13,0.31669
1760,10220,53223,31.823,354.38,664.84,-0.3046
1761,8762.9,53900,37.363,495.8,265.39,0.3027
1761,9894.3,54865,26.648,656.71,238.88,0.46655
1761,10524,53193,33.482,295.99,257.22,0.070079
1762,9921.3,54802,13.383,817.09,452.31,0.28737
1762,10518,55266,26.657,594.99,354.24,0.25362
1763,10213,54023,20.693,1134.7,896.83,0.11711
1763,10435,55376,31.823,1208,1070.3,0.060458
1764,10607,55164,32.823,356.22,223.13,0.22972
1764,10826,53747,31.507,253.85,112.42,0.38615
1765,8810.4,54049,19.365,425.77,184.01,0.39648
1766,8729.4,53895,27.152,590.3,230.69,0.43802
1766,11318,54804,27.468,452.68,266.3,0.25922
1767,8810.2,53042,33.941,718.48,393.83,0.29188
1767,9657.5,52763,17.581,718.68,371.77,0.31814
1767,10287,53929,18.829,877.57,452.65,0.31944
1767,10562,54910,27.308,364.32,116.92,0.51409
1768,9591.8,52750,17.034,979.68,568.84,0.26531
1769,9562.3,52731,17.292,810.35,547.98,0.19315
1770,9233,55050,36.772,237.84,162.8,0.18731
1770,9820.2,53725,28.777,685.09,384.21,0.28139
1771,9213.8,53288,30.304,416.05,328.04,0.11828
1771,9954,53959,34.833,450.86,342.67,0.13634
1772,8991.8,53210,28.508,517.54,435.84,0.085693
1772,8951.5,55357,32.981,737.95,378.62,0.32181
1772,10988,55140,34.085,365.82,310.09,0.082459
1773,8866.4,53196,29.729,390.66,235.93,0.24694
1773,10322,53133,18.599,470.3,162.84,0.48561
1773,11039,52704,28.796,257.04,120.95,0.36002
1774,10436,53151,35.056,427.15,141.48,0.50239
1775,9574.9,52702,19.135,641.27,303.62,0.35734
1776,9591.9,55273,27.042,396.05,216.37,0.2934
1776,11283,53241,10.104,759.2,479.22,0.22608
1777,9515.4,53143,35.048,166.95,130.17,0.12377
1777,11292,53239,11.609,524.56,271.13,0.3185
1778,10806,54539,30.472,411.23,312.47,0.13646
1779,9424.5,55124,25.896,421.61,256.19,0.24406
1779,10604,54303,28.666,421.79,200.64,0.35531
1780,8751.5,54567,25.825,340.29,203.75,0.25098
1780,9602.1,55155,23.799,879.41,511.51,0.2645
1783,9135.7,52624,36.321,473.56,141.83,0.53906
1784,9184.1,53072,24.923,587.87,369.15,0.22854
1784,11282,54299,37.728,733.92,679.69,0.038361
1785,11094,53762,25.139,556.33,189.2,0.49244
1789,9971.1,54211,25.667,397.16,238.61,0.24938
1789,11010,54804,34.932,420.48,189.68,0.37826
1790,10999,52836,32.3,113.52,143,-0.11494
1791,10909,54506,24.134,526.12,274.95,0.31353
1792,11485,53596,27.799,515.34,356.71,0.1819
1793,8676.9,55387,21.62,359.66,100.37,0.56364
1793,10146,54092,28.589,613.96,405.46,0.20454
1794,10132,54039,22.83,788.9,385.38,0.34363
1795,10268,53678,16.532,822.23,387.93,0.35888
1796,10230,53673,14.273,953.31,593.25,0.23282
1797,10067,52781,28.058,376.91,204.69,0.29612
1797,10212,53614,21.555,610.72,504.02,0.095716
1798,10253,53651,26.176,396.88,201.36,0.32682
1800,9941.5,54013,38.258,362.82,480.3,-0.13933
1801,8683.1,52469,28.621,322.65,141.72,0.38963
1801,9702.8,52521,28.791,601.29,652,-0.040465
1801,10307,53000,41.787,427.28,794.65,-0.30064
1802,8750.6,52559,22.343,1118.5,438.44,0.43679
1802,9979,53089,29.574,602.77,443.11,0.15266
1802,10150,53756,23.452,895.01,548.29,0.24023
1802,10632,55210,31.716,328.09,227.87,0.18025
1803,8713.8,52794,20.562,797.42,500.04,0.22921
1803,11321,54294,36.891,421.6,231.12,0.29183
1804,8771.9,52716,26.994,720.69,559.15,0.12622
1804,9753.4,54059,28.021,475.39,255.86,0.30021
1804,11291,52925,26.087,327.53,110.98,0.49384
1804,11501,54219,17.006,1172.1,446.88,0.44796
1805,8935.6,52705,16.038,817.87,346.38,0.40498
1805,9768.7,54051,28.676,518.41,260.45,0.3312
1805,11269,52694,31.179,310.4,288.94,0.035807
1806,8750.9,52853,30.384,317.86,606.13,-0.31198
1806,10887,54623,20.659,851.97,425.01,0.33435
1806,11241,52669,23.871,460.83,282.6,0.23975
1807,11045,54620,26.864,1014.3,953.03,0.031118
1809,10120,52869,26.974,400.93,184.99,0.36855
1809,10866,54718,28.083,515.33,449.73,0.067979
1809,11437,54530,27.687,482.89,459.65,0.024654
1810,9466.7,54557,23.025,547.3,235.99,0.39744
1810,10276,53032,29.865,362.81,289.57,0.11226
1810,10345,54780,31.627,396.6,360.6,0.047545
1811,11364,54696,26.259,334.86,308.14,0.041555
1812,9854.5,54010,35.01,611.07,320.91,0.31133
1812,11247,54662,26.406,416.8,319.24,0.13254
1813,9817.7,54805,31.198,714.84,222.08,0.52593
1814,8761,52954,29.406,539.44,287.85,0.30411
1815,8735.4,53045,17.848,517.38,274.49,0.30673
1815,10021,53920,25.071,493.16,162.67,0.50392
1815,11345,53138,34.969,404.67,136.42,0.49577
1816,11564,55288,31.004,489.87,136.39,0.56444
1817,11662,53104,35.001,403.68,266.62,0.20446
1818,9336.5,54912,35.126,459.41,565.54,-0.10355
1819,9537.4,55304,24.706,632.63,265.46,0.40884
1819,10162,53783,13.716,817.48,450.13,0.28979
1820,10169,53648,19.861,817.18,328.6,0.42642
1820,11159,52975,26.925,575.42,389.35,0.19286
1822,8717.1,55334,21.322,679.71,469.72,0.18269
1822,8726.1,54625,29.025,364.09,174.36,0.35237
1822,9263.5,52891,24.149,546.51,419.72,0.13122
1822,11442,53779,28.719,463.29,654.7,-0.17121
1823,8783,52640,26.064,1243.9,719.98,0.26677
1823,8711.1,54984,34.305,1072.2,819.04,0.13388
1823,8726.7,55198,27.608,1184.2,882.45,0.14602
1823,11666,54578,26.426,821.03,401.41,0.34327
1824,9729.2,55230,24.598,333.05,249.8,0.14282
1824,10752,53298,36.874,593.46,233.05,0.43606
1824,11300,54508,25.885,646.56,545.22,0.085035
1825,9763.1,55113,27.183,376.25,273.27,0.15856
1825,11133,53185,22.202,335.8,204.55,0.24289
1825,11494,54525,36.417,216.08,216.86,-0.0017972
1826,10945,54451,23.921,637,436.48,0.18679
1826,11629,54556,31.305,603.59,392.79,0.21156
1827,10625,54247,27.401,854.9,494.26,0.26731
1828,10463,54134,31.924,422.64,122.82,0.54966
1829,9486.2,52962,32.898,541.17,536.59,0.0042518
1829,9487.1,53138,25.978,513.3,388.94,0.13784
1829,10425,54327,32.678,538.89,349.72,0.21288
1829,11655,54903,26.492,411.27,240.43,0.26215
1830,9343.8,53680,33.085,183.27,121.93,0.20099
1830,9562.8,52838,16.96,618.99,677.28,-0.044968
1830,10397,54209,29.56,258.41,214.57,0.092693
1831,10043,54331,21.664,551.23,421.83,0.13298
1832,9139.9,53125,35.539,723.48,388.3,0.30148
1832,9914.5,54056,21.068,589.59,202.31,0.48905
1833,9664.7,53905,27.68,846.25,727.25,0.075628
1834,9048.4,53001,27.43,802.65,501.31,0.23109
1835,8773.4,52462,23.507,304.48,209.23,0.18541
1835,9690.8,54220,20.194,1079.7,716.83,0.20197
1835,10328,54803,32.831,741.1,509.95,0.18476
1837,9620.6,55388,22.992,628.55,283.83,0.37782
1837,11352,54426,22.927,908.78,467.27,0.32086
1838,10357,53865,30.275,564.81,211.74,0.45465
1838,11377,54594,14.123,1028.8,735.92,0.16595
1839,10349,53823,25.496,944.1,510.49,0.2981
1840,9581.1,55278,28.85,416.84,374.29,0.053783
1840,11337,54241,31.959,224.39,211.59,0.029365
1841,9170.1,54278,35.975,645.95,357.15,0.28791
1841,9713.3,55287,21.811,314.73,140.42,0.38298
1841,10068,54002,26.619,468.46,428.78,0.044228
1842,8925,54603,29.797,309.43,179.6,0.26549
1843,10555,54785,26.798,538.97,403.1,0.14422
1845,9312.7,53676,29.388,490.4,295.19,0.24849
1845,9731.6,53111,30.933,211.32,165.81,0.12067
1845,10448,54002,24.573,541.66,317.24,0.26128
1846,9393.6,53776,41.73,404.44,108.42,0.57719
1846,9887.6,54613,28.397,262.05,125.96,0.35073
1846,10370,53911,19.207,861.79,573.57,0.2008
1846,11282,54377,27.93,566.8,130.25,0.62627
1847,9743.7,52771,21.941,476.12,594,-0.11016
1847,10507,53907,17.735,864.86,328.02,0.45004
1847,11321,52978,34.801,721.52,327.91,0.37508
1848,10141,55038,32.602,164.77,148.33,0.052488
1848,10581,53902,23.941,462.1,238.78,0.31864
1848,11255,52651,31.123,829.75,570.68,0.18499
1849,9053.2,54124,33.034,265.44,527.09,-0.33015
1851,10235,53674,26.906,207.55,204.25,0.0080186
1852,10194,53643,22.173,444.43,221.41,0.33494
1853,10725,55324,28.938,366.08,189.08,0.31883
1855,9046.9,52617,30.085,457.18,350.32,0.13233
1855,10735,53681,29.613,388.38,291.05,0.14326
1856,10299,54863,27.057,350.68,321.74,0.043048
1857,10240,53080,33.853,534.9,349.81,0.20921
1857,10257,54878,30.868,486.24,487.37,-0.0011656
1858,10250,52873,21.32,584.01,265.45,0.37502
1861,10033,55365,27.826,757.63,227.87,0.53756
1863,9564.4,55330,35.051,527.56,439.15,0.091448
1863,9800.5,55273,28.822,367.15,328.63,0.055364
1864,10192,52995,35.577,343.19,149.83,0.39219
1868,10422,54369,36.944,382.88,391.59,-0.011257
1869,9591.3,54779,35.595,273.52,104.11,0.44863
1869,11328,52584,27.321,707,351.68,0.33563
1869,11333,54900,41.431,493.2,222.48,0.37827
1870,8768,52987,21.595,1424.5,802.62,0.27922
1870,9544.2,54683,31.052,452.72,158.29,0.48187
1870,10321,54820,35.202,288.31,227.26,0.11841
1870,11390,54771,35.572,375.9,109.06,0.55023
1871,8792.9,52961,21.933,693.38,456.3,0.20621
1871,10518,54636,39.303,450.2,170.89,0.44971
1871,10805,55388,19.419,377.62,287.41,0.13566
1872,11538,54094,24.683,236.75,113.1,0.35342
1873,9946.4,55303,31.549,596.88,448.75,0.14166
1874,8822.9,54800,34.935,289.68,201.3,0.18
1874,10006,55195,33.741,374.47,112.25,0.53876
1874,10216,54355,26.993,642.66,363.86,0.277
1875,8744.7,53833,25.277,546.67,267.54,0.34282
1875,10055,54253,19.231,520.33,212.17,0.4207
1875,10847,55061,11.122,794.4,232.28,0.54751
1875,10908,53801,21.366,418.86,291.79,0.1788
1876,8734,53696,39.838,591.92,582.83,0.007731
1876,10811,55081,10.691,820.05,254.86,0.52581
1877,9250.7,54456,32.661,309.34,185.21,0.25099
1878,8981.9,54433,28.008,713.62,346.98,0.34569
1878,9649.5,54500,28.478,727.91,247.85,0.49199
1879,8984.3,54500,28.294,416.21,269.05,0.21474
1879,9297.3,52901,29.195,724.89,357.1,0.33993
1879,9868.7,54893,26.222,606.9,395.97,0.21033
1880,9338.9,53001,22.323,415.69,231.69,0.28423
1880,9989.5,55098,34.73,511.81,262.03,0.32278
1880,10979,52872,23.349,271.62,270.87,0.001378
1881,9355.5,53152,28.022,503.33,357.87,0.1689
1881,10847,55073,10.954,521.34,101.07,0.67523
1883,8701.2,52659,20.501,617.91,385.21,0.23198
1884,10822,55110,9.9695,625.02,106.76,0.70822
1885,8905.3,53684,34.101,343.96,134.81,0.43685
1886,9027.2,53317,31.231,553.53,445.61,0.10802
1886,9790.7,52626,34.278,340.93,408.28,-0.089901
1887,10849,55105,10.645,514.09,133.54,0.5876
1887,11237,52969,34.893,1052.7,839.45,0.11271
1888,9447.6,54745,34.944,342.87,250.17,0.15631
1889,9614.5,52411,34.589,319.02,116.56,0.46482
1890,10791,54270,32.511,553.52,365.36,0.20477
1890,11382,53787,29.024,679.15,456.19,0.19637
1891,9795.6,53696,18.692,1295.8,968.07,0.14476
1891,10902,54446,19.09,875.23,747.82,0.078498
1892,8708.8,55057,25.935,716.39,233.47,0.50842
1892,9673.8,53462,22.239,520.51,253.26,0.34539
1892,10783,54409,22.685,574.84,214.67,0.45619
1894,8961.3,52563,23.624,812.44,588.45,0.15989
1894,11038,53822,26.495,775.51,531.35,0.18683
1895,10716,52879,26.687,374.18,272.74,0.15679
1896,10607,52909,24.296,513.5,221.69,0.39691
1896,11233,54366,25.791,1153.5,567.41,0.34056
1898,10588,53010,31.758,149.23,648.71,-0.62596
1899,8753,54611,19.94,535.15,214.84,0.42708
1899,10012,54910,20.567,737.54,277.03,0.45389
1899,10527,53022,30.228,181.44,601.63,-0.5366
1900,9118.1,54493,21.887,641.9,304.94,0.35588
1900,9917.1,54958,7.4522,962.27,181.04,0.6833
1901,9057.5,54227,25.71,587.97,310.27,0.30916
1901,11262,54204,26.788,667.07,310.76,0.36439
1902,11219,53243,18.097,1148.6,425.58,0.45929
1903,11084,53122,28.854,464.27,382.31,0.096812
1905,8853.9,54576,26.914,370.05,221.37,0.25139
1906,10996,52978,33.598,495.38,399.85,0.10671
1907,10220,53022,29.196,439.1,434.87,0.0048391
1908,9335.5,53192,23.59,670.51,325.51,0.34638
1908,10809,52814,19.514,865.33,557.91,0.216
1909,9150.1,52650,27.163,423.42,214.47,0.32755
1909,10839,52682,23.414,628.92,451.27,0.16446
1909,11261,54713,35.855,163.85,237.66,-0.18384
1910,11582,52447,31.371,418.04,199.5,0.35389
1910,11562,53701,32.103,595.63,672.05,-0.060282
1912,10546,53099,36.669,204.79,114.94,0.28101
1912,11260,52657,14.119,366.38,474.05,-0.12811
1915,8973.7,54560,22.055,493,129.33,0.58438
1916,8974.3,54472,31.141,605.75,211.78,0.48191
1918,8986.4,54192,22.056,504.63,119.14,0.61801
1919,9831.5,53797,23.85,424.43,109.32,0.59037
1920,8856.2,55256,37.922,362.75,229.08,0.22585
1920,9952.6,54833,20.233,533.78,434.6,0.10242
1920,10433,54882,28.564,491.49,354.37,0.1621
1920,10789,52841,27.464,654.44,390.41,0.25269
1920,10937,53894,23.809,225.38,135.94,0.24753
1921,9873,54808,19.524,633.12,454,0.16476
1921,10067,53855,26.839,530.4,353.91,0.19958
1921,10900,52783,23.654,654.34,400.84,0.24025
1922,10804,55359,32.544,451.14,237.16,0.31089
1922,11346,54599,24.281,363.32,107.33,0.54392
1923,8707.7,55059,30.608,221.19,154.93,0.17615
1923,10010,54620,26.233,290.02,146.85,0.32771
1923,11338,54694,23.11,450.57,343.84,0.13435
1923,11639,53776,30.429,356.24,180.84,0.32658
1924,9462.7,53446,35.742,735.89,500.3,0.19058
1924,9983,54750,22.019,630.98,483.99,0.13183
1924,11211,54816,39.725,558.19,437.51,0.12119
1925,8877.1,52552,32.883,623.99,485.9,0.12442
1925,9054.5,53464,26.741,750.27,517.56,0.18354
1925,10424,53511,35.37,222.42,273.51,-0.10302
1926,8998.6,53640,34.547,323.87,330.78,-0.010548
1926,11005,53046,43.009,429.06,267.11,0.23263
1926,11480,55210,31.882,204.69,216.87,-0.028905
1927,9493.2,52621,20.885,357.23,228.49,0.2198
1927,9784.7,53582,36.66,632.04,172.28,0.57161
1927,11209,53977,32.658,330.17,608.29,-0.29635
1928,9518.1,52554,25.112,795.3,433.92,0.29399
1928,10612,52442,36.597,490.16,198.89,0.42272
1928,11174,53912,35.683,1068,1027.4,0.019417
1929,8825.7,53018,37.01,757.98,641.1,0.083543
1929,9852.5,53666,19.78,441.33,121.71,0.56768
1929,9963.7,54877,33.024,550,562.81,-0.011516
1929,11078,53885,26.267,848.92,957.47,-0.060096
1930,9838.8,53802,26.27,707.43,291.11,0.41693
1930,9938.7,54896,42.821,533.13,571.39,-0.034642
1930,9965.3,52721,21.924,454.73,273.2,0.24938
1930,10211,55259,25.087,439.9,286.04,0.21195
1930,11211,53179,24.114,354.37,257.36,0.15859
1931,9977.5,52581,29.521,973.25,618.85,0.2226
1931,10017,54839,36.507,373.93,406.83,-0.042131
1931,11230,53132,34.134,204.93,183.8,0.054338
1932,8751.1,55122,38.166,179.4,169.53,0.028282
1932,8834.1,54117,29.969,356.07,151.82,0.40217
1932,9537.4,52629,38.707,382.79,322.16,0.086016
1932,11631,53486,31.735,646.68,366.82,0.27614
1933,9509.8,53841,24.797,352.39,254.16,0.16195
1934,10363,52841,28.638,403.1,205.05,0.32565
1936,9351.3,53423,21.568,553.53,308.41,0.28438
1936,10683,54813,32.485,463.99,203.31,0.39066
1937,9318.3,53431,20.286,570.33,466.12,0.10055
1937,10782,53388,30.582,330.18,280.88,0.080673
1938,11235,55225,33.076,879.04,488.91,0.28519
1939,10832,55074,37.261,253.22,117.7,0.36537
1939,11000,53051,20.107,515.86,220.16,0.40176
1939,11566,54004,26.996,637.43,399.86,0.22902
1939,11551,54974,22.167,383.54,133.4,0.48389
1941,8811.7,54687,30.842,454.87,285.35,0.22901
1941,9342.3,54868,30.838,460.18,260.84,0.27648
1942,9099.7,52782,29.211,143.49,123.98,0.07297
1943,9421.4,54512,28.513,285.75,138.84,0.34599
1943,9651.9,55248,25.293,394.47,261.7,0.20235
1943,10618,54404,19.919,412.89,194.69,0.35913
1944,9093.9,54652,21.594,1100,529.04,0.35048
1945,9389.1,55163,22.108,364.12,337.16,0.038442
1945,10172,54686,24.814,778.31,258.21,0.50178
1947,9422.6,55007,26.63,580.41,523.28,0.051764
1947,10656,54353,27.153,260.76,236.99,0.047749
1948,9263.8,53378,23.116,306.45,151.5,0.33837
1948,9712.1,52879,29.303,664.41,287.9,0.39536
1948,10363,55250,13.123,566.97,435.76,0.13086
1948,11118,54628,26.567,280.03,118.73,0.40451
1949,10886,52888,21.482,850.01,473.6,0.28438
1950,10790,52816,24.883,622.69,368.08,0.25699
1952,8839.3,52910,28.728,348.67,198.49,0.27446
1953,8761.9,53155,31.724,730,347.97,0.3544
1953,10557,53962,27.397,815.1,497.07,0.24237
1954,10425,54242,22.932,633.06,318.04,0.33121
1954,11220,54421,25.999,628.26,387.18,0.23741
1955,9796.4,54063,39.436,636.22,347.14,0.29397
1955,10329,54161,33.731,679.52,311.96,0.37072
1956,10115,53915,19.129,1059.4,482.89,0.3738
1956,11294,53177,12.315,784.59,476.14,0.24466
1957,9899.6,53727,17.775,652.87,332.32,0.32537
1957,11271,53247,14.074,471.93,256.57,0.29563
1958,11352,53132,16.049,374.83,157.54,0.40817
1958,11399,54234,24.662,409.48,229.82,0.28103
1960,10824,54237,25.532,290.73,181.98,0.23006
1962,9705,53466,26.652,396.17,120.36,0.53395
1963,9499.8,53723,15.145,531.75,425.6,0.11087
1963,11325,54122,29.78,644.96,380.07,0.25842
1964,9515.2,53729,11.643,793.12,759.22,0.021838
1964,9580.3,54391,28.617,556.59,257.2,0.36789
1964,11421,54143,30.001,680.83,526.88,0.12747
1965,9602.9,53806,14.257,428.53,476.21,-0.052702
1965,9786.4,54424,29.84,351.82,217.23,0.23652
1965,10170,52734,25.974,609.22,264.9,0.3939
1965,11317,53247,17.365,573.47,345.35,0.24827
1966,9777,54547,26.677,484.01,296.04,0.24097
1966,10236,53067,28.718,460.63,205.43,0.38315
1966,11434,53202,27.666,856.74,627.69,0.15431
1967,9930.9,52542,21.564,652.46,418.44,0.21853
1967,9882.8,54870,18.826,464.63,292.88,0.22672
1967,11165,53532,32.58,555.67,285.49,0.32119
1968,9825.5,52580,17.119,1317.1,715.79,0.29578
1968,10154,55328,25.944,724.32,383.9,0.30718
1968,11140,53348,26.77,526.37,230.36,0.39116
1969,9958.9,53676,24.959,661.15,443.67,0.19684
1969,9896.6,55387,30.42,790.97,604.8,0.13338
1969,11617,53841,27.342,1203.6,605.06,0.33094
1970,9089.6,54581,28.825,680.56,343.8,0.32875
1970,11592,53974,25.13,877.51,707.44,0.10731
1971,9023.3,54107,26.782,1126.2,915.87,0.10301
1971,9178.6,54573,17.72,739.79,438.91,0.25527
1971,9798.4,53926,17.926,511.27,738.77,-0.18199
1972,9181.4,54660,23.547,612.91,354.81,0.2667
1972,9835.3,53855,23.684,420.8,505.4,-0.091345
1973,9743.2,53832,28.993,330.11,598.45,-0.28898
1973,10016,53071,25.904,218.66,143.87,0.20629
1974,9175.4,53981,27.976,313.52,149.24,0.35499
1975,9232.8,54351,26.865,363.89,204.69,0.28
1975,11261,52749,24.806,512.13,298.88,0.26295
1976,11256,52665,10.856,854.8,506.71,0.25566
1978,10710,53895,35.617,491.43,142.68,0.54999
1980,9235,54803,23.829,332.05,153.71,0.36713
1980,10865,53310,26.812,302.96,113.52,0.45487
1982,9001.6,53766,26.421,399.04,248.06,0.23331
1982,9127.7,55019,27.921,665.28,307.31,0.36805
1983,8983.7,53724,28.981,564.89,315.73,0.28293
1983,9142.9,55110,28.604,1132.6,706.46,0.23171
1983,9758.7,53788,26.211,393.6,191.85,0.34461
1983,10343,54630,27.388,315.14,244.26,0.12672
1983,11536,55319,28.533,237.06,194.89,0.097626
1984,9734.7,53842,23.27,543.13,402.2,0.14908
1984,11574,55335,31.392,328.19,291.56,0.059114
1985,9811.8,53957,23.975,608.67,512.96,0.085332
1985,11617,53608,23.934,582.49,513.29,0.063157
1986,9470.9,55351,32.336,390.9,234.81,0.24946
1986,11533,53822,23.308,287.24,143.3,0.33434
1987,10909,54875,31.621,237.4,180.98,0.13485
1989,8755.8,53919,33.88,329.59,233.98,0.16965
1989,9661.3,55319,24.566,418.13,232.73,0.28486
1990,9591.1,52737,15.125,394.12,326.7,0.093534
1990,9807.7,55325,17.839,752.9,554.55,0.15171
1992,9594.5,55294,19.762,841.28,413.64,0.34077
1993,10142,52841,31.559,435.96,262.49,0.24837
1998,8748.2,54384,25.098,376.16,129.71,0.48719
1998,10051,53586,20.55,333.98,100.14,0.53866
1999,9495.4,54727,34.434,332.5,165.64,0.33498
1999,9930.3,53603,23.948,541.42,295.79,0.29339
2000,9128.8,53037,33.524,609.28,394.9,0.21348
2000,11177,54482,30.504,493.93,473.05,0.021591
2001,9333.5,53609,22.916,474.49,258.91,0.29395
2001,11608,53255,25.012,490.31,348.04,0.1697
2002,10560,52637,23.503,643.94,361.7,0.28065
2003,10423,54634,33.983,616.43,512.58,0.091982
2003,11394,53201,16.983,968.03,729.03,0.14083
2004,9186.2,52955,34.19,1418.8,803.73,0.27676
2004,9400.1,53472,17.256,1768.4,943.62,0.30411
2005,8865.2,55375,32.673,307.82,247.14,0.10935
2005,9564.1,53365,17.729,518.94,299.02,0.26886
2005,9912.5,54632,18.346,754.16,471.62,0.23049
2006,9306.2,52994,21.801,1306.6,878.15,0.19612
2006,9884.7,54754,20.727,765.4,215.91,0.55996
2007,9447.9,53029,28.718,460.34,235.91,0.32234
2007,9702.5,54930,22.215,640.35,309.48,0.34834
2007,11046,53168,35.239,478.48,657.57,-0.15764
2008,9592.9,54877,26.324,877.92,538.52,0.23961
2008,10074,53139,18.782,760.97,426.51,0.28166
2008,10284,53653,33.324,580.22,318.08,0.29182
2009,9528,54365,31.246,506.08,137.45,0.57283
2009,9784,55154,25.523,832.53,554.88,0.20012
2009,10389,52998,30.046,711.21,348.29,0.34254
2010,9553.6,53167,35.1,463.64,431.28,0.036157
2011,9364.7,53267,34.38,371.6,335.14,0.05158
2011,11147,53927,28.329,356.61,348.77,0.011118
2012,11176,52660,21.008,1030,885.45,0.075444
2012,11597,53840,26.531,601.16,421.19,0.17603
2013,11021,54538,24.886,490.89,274.33,0.28299
2013,11155,52677,14.894,659.51,310.42,0.35992
2013,11640,53730,35.315,286.34,417.3,-0.18612
2014,9149,54426,21.949,492.82,422.88,0.076382
2014,10065,53032,23.897,377.39,342.99,0.047762
2014,11198,52677,16.963,460.54,793.07,-0.26525
2015,9442.2,54538,32.768,574.31,149,0.58801
2016,11160,52693,18.394,495.05,465.99,0.030243
2016,11226,53656,27.714,983.66,442.69,0.37927
2017,11097,52684,19.481,791.64,598.26,0.13913
2018,10604,52751,27.213,396.66,317.72,0.11051
2018,11164,52655,17.78,414.87,357.44,0.074369
2019,11566,53852,34.509,793.92,502.02,0.22524
2020,9779.8,54706,28.462,438.52,368.13,0.087252
2020,9998.4,52710,22.376,380.76,157.18,0.41563
2020,11487,55250,29.326,540.24,377.91,0.1768
2021,11488,54539,24.62,304.01,132.24,0.39375
2022,9556.2,52564,19.627,1155.3,697.29,0.24724
2023,11211,53145,27.595,336.22,192.54,0.27174
2025,8989.6,54355,25.712,462.34,157.13,0.49268
2025,9151.3,53510,34.796,589.57,284.74,0.34864
2025,9674.6,54378,21.28,723.32,269.25,0.45748
2025,10425,53529,32.87,321.59,164.12,0.32421
2026,9063.6,54356,21.726,644.19,264.51,0.41783
2026,9118.4,53307,24.394,1106.5,822.97,0.14694
2026,9743,54061,21.765,1311.5,651.34,0.33632
2026,10313,53400,22.295,394.83,321.33,0.10263
2026,10771,52883,22.272,647.61,145.32,0.63345
2027,9035.2,54589,36.755,247.74,222.47,0.053739
2027,9265.3,53332,19.949,341.31,161.64,0.35722
2027,9862.9,54238,33.655,729.73,358.33,0.34134
2027,10285,53472,16.908,417.76,489.85,-0.079419
2028,9541.3,54900,27.544,429.75,203.17,0.35799
2028,10219,53636,35.024,324.39,103.69,0.51557
2028,11061,53027,21.788,508.29,391.91,0.12929
2029,8762.9,55261,16.365,1072.9,732.17,0.18875
2030,8781.8,55315,28.689,616.08,359.62,0.26285
2030,9864.5,53417,27.321,443.19,325.66,0.15286
2032,9232.9,53271,23.784,583.27,451.89,0.12692
2032,10598,52926,23.884,439.37,211.84,0.3494
2033,9266.9,53192,26.007,297.22,131.03,0.38806
2033,9371.9,54800,24.936,449.57,201.57,0.38088
2034,8703.2,52434,18.063,694.08,183.23,0.5823
2035,10685,52691,24.498,506.13,288.33,0.27415
2035,11277,53175,21.231,653.52,298.03,0.37358
2036,10021,52803,28.496,425.14,206.88,0.34535
2036,10830,53326,22.645,696.08,549.94,0.11728
2037,9559.2,54305,34.612,182.74,101.52,0.28573
2039,9356,55317,27.2,922.64,424.83,0.36945
2039,10709,52616,31.991,454.95,318.02,0.17714
2040,10690,52689,22.055,644.52,350.23,0.29585
2041,10162,53713,24.417,548.71,221.22,0.42535
2044,9837.7,54446,34.417,332.2,145.97,0.38946
2045,10393,52909,26.74,645.87,211.09,0.50735
2046,10592,53390,31.967,512.87,345.78,0.1946
2047,8952.2,54513,27.698,325.26,181.85,0.28279
2047,10498,53348,34.365,342.39,523.51,-0.20917
2049,9992.6,53117,24.612,373.91,205.68,0.29026
2050,9789.5,52739,26.281,405.34,227.97,0.28007
2051,11406,54750,29.369,436.85,394.23,0.051279
2052,11329,53253,22.034,359.97,168.76,0.36165
2053,10492,54337,32.435,438.76,219.78,0.33253
2053,11183,53353,26.587,398.45,222.53,0.28331
2055,10629,54219,27.833,664.86,400.95,0.24762
2056,8678.9,53558,33.145,192.81,109.82,0.27424
2056,11434,53288,33.315,482.75,266.01,0.28946
2057,10601,53174,19.648,529.44,462.04,0.067986
2057,11320,53200,11.012,556.25,338.2,0.24377
2058,10560,53117,13.911,439.74,406.13,0.039734
2058,11351,53207,20.831,298.14,150.45,0.32923
2059,9575.7,54598,27.3,362.66,165.39,0.37357
2059,9622.5,53604,22.345,547.7,226.16,0.4155
2059,9736.8,55365,21.733,702.76,405.17,0.2686
2059,10060,52873,26.323,358.45,249.7,0.17882
2059,11275,53015,32.773,828.04,480.89,0.26522
2060,9393.2,53570,25.616,335.03,114.9,0.48926
2060,11318,52919,23.583,944.95,479.43,0.32682
2061,8746.6,54548,23.188,392.77,225.8,0.26994
2061,9492.6,53575,37.11,267.62,145.23,0.29647
2062,10349,54033,26.646,481.97,315.24,0.20914
2062,10930,54704,34.176,320.57,177.51,0.28722
2062,11241,52725,27.652,794.03,427.83,0.2997
2063,8840.9,52637,27.072,442.46,290.95,0.20657
2063,9319.3,53391,23.837,548.38,285.47,0.31529
2063,10397,54276,33.32,293.01,134.1,0.37205
2064,9234.5,53435,13.767,993.7,457.6,0.36939
2064,11354,53219,29.194,314.8,210.84,0.19779
2065,10128,54993,31.953,299.99,187.14,0.23166
2065,11215,53187,19.413,602.56,153.81,0.5933
2069,11500,54724,30.251,470.43,248.42,0.30885
2071,10232,52651,29.433,526.87,255.1,0.34754
2074,8677,53676,29.449,412.09,595.87,-0.18233
2075,8780.6,54067,28.974,442.73,362.25,0.099971
2075,9760.3,53563,27.249,166.45,118.74,0.16728
2076,11023,52720,24.026,559.65,251.94,0.37915
2077,9832.6,53430,20.141,521.24,633.59,-0.09729
2077,11652,52895,26.744,560.26,385.36,0.18496
2080,10703,53019,27.313,306.56,138.59,0.37733
2081,10754,52969,22.956,749.24,499.02,0.20046
2082,9806.8,55164,23.479,1322.2,1019,0.1295
2083,10641,53410,19.627,444.9,528.48,-0.085866
2084,9244.4,53739,31.132,661.04,597.37,0.0506
2084,10723,53460,15.032,491.1,360.13,0.15386
2087,11090,53950,29.868,786.38,507.33,0.2157
2088,11163,53944,22.921,565.24,470.39,0.091589
2089,11197,53750,22.873,873.04,787.48,0.051521
2090,11206,53335,23.552,823.55,492.35,0.25169
2091,11272,53926,31.222,566.02,366.12,0.21445
2093,8980.3,52836,28.768,691.81,438.61,0.22399
2094,10241,54830,31.042,273.85,139.43,0.32525
2094,11412,53414,36.618,295.98,239.51,0.10546
2095,10330,54955,34.395,482.19,119.45,0.60293
2095,11261,52738,22.268,360.59,168.42,0.36327
2096,10203,55389,15.905,998.55,562.4,0.27941
2096,11488,54271,31.846,263.09,363.84,-0.1607
2100,9689,55035,31.781,496.45,309.36,0.23218
2100,10174,53744,31.063,432.48,280.85,0.21256
2100,11183,54008,31.532,571.08,277.01,0.34675
2101,9794.4,55113,22.271,513.97,392.95,0.13345
2102,9572.3,52639,17.942,671.37,489.39,0.15678
2102,9800.3,55264,25.039,475.22,434.35,0.044927
2103,9555,52734,14.87,668.77,646.48,0.016948
2104,8694.8,54359,34.858,510.31,223.65,0.39055
2104,9599.3,52706,37.691,283.5,183.36,0.2145
2105,10167,54444,30.926,258.24,107.78,0.41106
2106,8903.8,55252,20.985,725.61,619.33,0.079018
2106,9312.2,54340,31.935,397.97,282.68,0.16939
2107,9010.2,55286,35.01,157,132.16,0.085924
2107,9796.4,54861,29.936,283.56,133.56,0.35962
2107,9925.2,53418,31.227,413.02,102.79,0.60143
2108,9845.5,54986,17.119,614.6,309.42,0.33026
2109,10285,55105,31.807,331.97,169.62,0.32367
2109,11168,55091,32.185,505.69,411.88,0.10224
2109,11620,53679,24.345,496.83,115.15,0.62367
2110,10333,55148,23.027,1218.7,613.35,0.33041
2111,8825.6,55322,35.551,352.45,301.85,0.077332
2111,10332,55234,19.59,626.72,190.07,0.5346
2112,10485,55379,21.987,729.05,364.21,0.33371
2112,10873,54075,19.379,841.52,328.71,0.43821
2113,10625,55356,33.062,509.72,384.26,0.14034
2113,10871,53944,20.179,1085.3,250.99,0.62435
2114,11171,54317,34.316,324.67,251.13,0.12771
2116,11112,53705,20.345,735.6,127.05,0.70545
2117,11091,53146,34.7,520.27,407.55,0.12149
2119,10319,54006,18.105,593.78,107.68,0.69298
2119,11181,53540,23.413,615.58,412.9,0.19706
2120,10911,53835,22.047,1054.8,410.59,0.43963
2122,10292,52960,34.231,251.82,100.48,0.42956
2122,10708,54368,18.629,1919.7,945.47,0.34002
2122,10869,52921,32.008,578.67,248.17,0.39971
2123,9293.2,52976,32.453,612.58,271.88,0.38521
2123,10665,52843,34.609,672.62,405.32,0.24797
2123,10818,54574,18.264,767.93,259.67,0.49461
2124,10733,53336,35.079,222.72,134.91,0.24554
2124,10957,54562,17.901,1021.8,677.76,0.20244
2125,9839.3,52734,36.541,252.62,143.05,0.27694
2125,11070,53659,27.732,668.76,574.15,0.076118
2125,10992,54472,24.734,641.57,243.17,0.45031
2126,9882.6,54934,19.914,569.73,636.16,-0.05509
2126,10399,52443,22.011,727.05,571.7,0.11961
2126,11079,53688,34.168,283.05,252.67,0.056715
2127,9882.8,54970,16.809,446.79,188.63,0.40629
2128,9900.8,54197,23.707,793.4,507.5,0.21977
2128,10314,54806,22.628,441.16,180.45,0.41942
2129,10234,54478,24.501,716.49,237.53,0.50204
2130,8834.3,53660,25.363,448.46,219.3,0.34319
2130,10463,54561,22.329,1003.6,616.84,0.23866
2131,9934.5,53542,24.87,593.44,265.66,0.38154
2131,10544,52408,33.261,264.78,141.93,0.30205
2132,9799.5,55056,29.209,266.87,139.61,0.31308
2132,10610,55105,22.134,664.58,243.01,0.4645
2133,9563.9,52895,15.873,540.94,473.11,0.066894
2133,9805.5,53678,32.699,348.48,159.85,0.37107
2133,10583,55068,20.761,446.7,157.87,0.47774
2134,9543.5,52853,13.331,502.44,546.21,-0.041731
2135,9577.5,52832,19.007,634.28,517.99,0.10092
2135,10058,52867,30.898,544.92,244.15,0.38117
2136,9641.4,52807,31.574,416.94,245.78,0.25827
2136,10131,52528,31.378,273.01,191.95,0.17433
2136,10118,54129,25.743,437.82,318.79,0.15733
2137,11521,54095,26.422,597.38,251.28,0.40782
2138,10902,54328,28.028,1174.6,759.2,0.21483
2139,11398,54672,18.216,789.45,467.46,0.25617
2140,9812.9,53552,27.426,623.04,342.24,0.29091
2140,11619,54655,19.025,416.04,209.66,0.32983
2141,9614.2,55321,25.982,530.31,146.54,0.567
2141,10100,53800,24.161,535.91,313.59,0.26172
2141,10249,54333,27.027,406.5,359.17,0.061808
2141,11477,54648,26.577,536.59,198.54,0.45985
2142,10944,54953,33.032,488.96,163.1,0.49972
2143,9929.2,54130,35.921,708.49,374.32,0.30862
2143,11144,54586,24.191,939.67,248.9,0.58117
2144,11135,54693,27.042,510.43,143.25,0.56172
2145,9730.9,54073,29.256,677.2,454.73,0.19654
2145,11097,55385,21.068,622.85,227.43,0.46504
2146,9986.8,54431,21.765,800.81,447.3,0.28324
2146,11156,55389,25.61,800.94,362.99,0.37627
2147,9900.1,53384,16.454,417.28,246.95,0.25643
2147,11080,54958,34.322,1156.1,813.04,0.17422
2148,9533.5,52421,23.859,518.36,460.57,0.05904
2148,11361,55339,22.656,1452.3,561.59,0.44229
2149,9900.4,53439,12.232,645.02,583.4,0.050162
2150,9865.2,53436,12.779,823,718.65,0.067688
2151,9725.4,52597,23.37,580.12,377.23,0.21193
2152,9819.6,52808,30.713,459.84,119.69,0.58696
2153,8668.2,54753,25.114,766.15,502.5,0.20782
2153,10836,53358,31.615,388.31,155.1,0.42916
2154,9140.6,54254,29.075,713.4,566.41,0.11485
2154,9567.1,52447,25.026,404.3,367.83,0.047235
2156,8684.1,54911,37.544,510.73,349.65,0.18722
2157,8832,54524,24.549,605.41,418.1,0.18301
2157,10907,53862,37.825,386.81,231.51,0.25116
2158,8968.7,54710,32.213,413.75,316.05,0.13387
2158,9870.5,55338,36.933,463.58,437.75,0.028652
2159,9333.1,52846,28.967,230.3,201.42,0.066894
2159,11181,53373,33.052,908.03,556.23,0.24026
2159,11194,54086,31.516,465.2,206.21,0.38574
2160,9919.6,54857,35.463,390.35,138,0.47763
2160,10771,54273,29.081,649.54,318.8,0.34155
2160,10998,53366,28.483,587.03,410.92,0.17647
2161,10601,54328,41.323,598.66,372.4,0.233
2161,10957,53302,21.357,419.79,247.76,0.2577
2162,10522,54026,20.839,589.33,409.67,0.17984
2163,10278,53950,24.46,1209.8,810.92,0.19742
2164,9103.7,53902,28.189,199.78,214.01,-0.034395
2164,9813.2,54007,23.927,1019.5,338.22,0.50177
2165,9388.5,54420,19.855,447.04,273.39,0.24104
2165,10735,53703,27.322,255,192.47,0.13974
2165,10985,52738,27.844,459.3,240.56,0.31255
2166,8854,54795,34.254,497.53,515.11,-0.01736
2166,11195,52773,30.347,323.06,263.88,0.10083
2166,11494,54415,29.817,746.91,611.11,0.1
2167,8845.5,54566,25.274,710.16,525.78,0.14918
2167,8911.4,52528,28.216,507.6,156.58,0.52851
2167,9623.4,53580,25.523,782.81,561.48,0.16464
2167,11553,54511,28.883,371.08,172.5,0.36531
2168,8884.4,52496,25.264,506.45,231.19,0.37317
2168,10358,53065,29.578,1056.7,615.4,0.26394
2169,10968,53386,33.609,222.99,228.25,-0.011664
2169,11595,54780,36.243,229.48,145.92,0.22259
2170,10386,52895,34.026,263.09,167.54,0.22188
2171,9338.2,54981,20.909,721.16,510.61,0.17094
2173,8963.4,53526,31.336,399.32,327.68,0.09854
2174,10361,52669,20.429,807.28,433.69,0.30105
2174,11149,53627,33.081,316.49,194.58,0.23853
2175,10122,52695,18.935,1041.3,655.37,0.22746
2175,11310,53589,31.764,586.76,376.79,0.21791
2176,9971.5,52984,22.713,646.08,316.55,0.34232
2177,8668.7,55291,35.464,261.53,313.73,-0.090735
2177,11415,52482,33.551,242.9,262.18,-0.038164
2178,8678.2,55362,26.403,375.86,294.92,0.12068
2179,8692.2,55305,23.967,424.77,142.39,0.49789
2179,11318,52653,17.846,500.7,326.73,0.21026
2180,8793.6,55380,31.019,244.31,175.47,0.16399
2180,11285,52802,15.607,526.06,512.54,0.013012
2181,9924.1,53627,28.105,611.26,385.9,0.22601
2181,11272,52788,16.855,334.7,543.47,-0.23774
2182,9748.8,54110,32.052,715.12,321.95,0.37911
2182,11318,52768,10.667,700.9,627.57,0.055199
2183,9559.6,55391,36.627,451,244.87,0.29622
2183,10258,52632,24.096,685.1,274.25,0.42825
2184,10838,53532,26.627,758.1,453.98,0.2509
2185,9805,52445,26.627,565.28,534.51,0.027975
2185,10693,53601,27.919,470,247.09,0.31086
2185,11211,53105,19.305,486.66,233.15,0.35219
2186,9863.7,53734,22.039,440.14,267.83,0.24338
2186,10714,55264,29.211,772.75,518.8,0.19663
2186,11247,53165,24.009,435.43,475.94,-0.044456
2187,9844.4,53519,39.394,630.54,617.77,0.010225
2188,9801.7,53492,22.505,554.27,193.73,0.48201
2188,11558,54202,24.404,508.67,240.82,0.35737
2189,8925.7,54782,23.02,514.07,314.81,0.24039
2189,9651.3,52610,35.264,554.5,496.98,0.0547
2189,10002,52627,36.016,472.31,422.42,0.05576
2189,10587,54852,17.751,1008.2,757.6,0.14193
2189,11397,53983,30.736,399.36,318.74,0.11228
2190,9016.6,54963,26.276,550.33,613.7,-0.05444
2190,10018,52586,23.534,595.3,357.72,0.24929
2190,11134,53035,28.138,305.02,153.89,0.32934
2192,9194.2,52804,28.206,1005.9,890.1,0.061057
2192,10784,53191,20.212,442.17,246.6,0.28393
2193,10676,53222,27.391,428.81,412.23,0.019715
2194,10546,54781,31.569,598.15,554.72,0.037666
2197,8830.5,55170,39.486,276.69,138.61,0.33247
2198,9032.8,53572,35.522,618.62,208.06,0.49663
2199,9194.2,52690,35.177,329.99,224.13,0.19105
2199,9210,54365,34.419,642.35,380.69,0.25576
2199,11535,54788,24.734,554.78,419.03,0.1394
2200,9041.3,53783,23.549,624.67,322.05,0.31965
2200,9205,52927,31.144,404.88,257.07,0.22331
2201,9303.4,53242,21.685,1408.7,871.09,0.23582
2201,11029,54614,30.264,477.73,466.86,0.011503
2202,9620.3,53008,33.906,572.66,439.12,0.13198
2202,11123,53318,16.38,983.2,936.63,0.024258
2203,8675.8,52397,25.326,451.79,364.17,0.10739
2203,10093,54303,23.256,674.03,326.58,0.34724
2203,11184,53275,24.369,658.07,864.06,-0.13533
2204,9955,54253,17.819,997.35,621.69,0.23202
2204,10491,54021,25.718,528.86,387.22,0.15461
2204,11108,53361,15.468,732.29,646.46,0.062253
2205,9331.6,54304,31.891,708.58,275.85,0.43958
2205,10065,54148,26.796,1040.6,381.74,0.46321
2205,10926,53423,22.522,478,177.23,0.45902
2205,11314,53187,30.432,587.12,688.38,-0.079386
2206,9264.1,53190,30.546,613.61,358.75,0.26211
2206,10058,53916,13.437,1112.4,482.4,0.39502
2206,10967,53247,20.989,384.41,206.77,0.30049
2207,8678.8,55320,21.928,962.46,468.79,0.34492
2207,10889,53323,19.018,392.04,320.36,0.10061
2207,11658,53375,19.649,493.02,294.28,0.25243
2208,8914.6,52812,28.549,503.48,349.99,0.17985
2208,10831,53361,17.781,458.23,271.2,0.25641
2208,11556,54152,27.536,862.85,509.25,0.25771
2209,8767.5,52840,23.641,597.11,607.58,-0.0086908
2209,10821,53450,29.988,320.29,164.59,0.3211
2209,11246,54133,34.52,617.02,479.55,0.12536
2210,11082,54050,34.524,626.31,235.84,0.45291
2211,10671,53376,13.535,665.24,151.52,0.62896
2211,11656,53319,25.1,282.17,108.96,0.44283
2212,10676,53347,21.713,433.92,277.46,0.21993
2212,11475,54123,32.976,959.34,852.32,0.059076
2213,10607,53313,19.984,456.3,533.81,-0.07828
2213,11562,53458,35.259,630.07,596.3,0.027533
2214,10737,53343,22.672,395.56,382.47,0.016823
2215,10101,53819,19.669,380.85,196.34,0.31968
2215,10956,53421,21.794,286.6,204.86,0.16631
2218,10724,52879,32.703,326.72,143.35,0.3901
2220,10193,53856,12.585,739.17,509.04,0.18437
2221,11580,53109,29.612,265.95,322.3,-0.095801
2222,9778.1,54843,29.669,227.43,133.76,0.25936
2223,10125,53791,24.756,282.13,158.4,0.28086
2225,8867.9,54795,25.747,412.76,222.34,0.29983
2225,9679.8,53861,35.382,446.39,114.88,0.59065
2226,10143,54344,30.64,412.27,148.56,0.47022
2228,11231,53218,27.037,233.9,175.22,0.14342
2228,11617,53731,38.346,372.87,309.12,0.09347
2229,9660,53286,24.316,311.61,212.29,0.18956
2229,11488,53619,19.254,367.72,536.59,-0.18673
2230,9652.1,53230,16.254,789.12,291.16,0.46096
2230,10983,54437,30.227,768.5,321.88,0.4096
2230,11316,53258,28.616,383.38,246.76,0.21681
2231,9647.2,53266,15.762,581.77,278.03,0.35327
2231,10624,55015,29.466,766.72,396.69,0.31805
2233,9979.9,53822,32.58,429.57,311.4,0.15948
2233,9828.5,54831,36.428,453.54,386.96,0.079218
2234,9233.9,54912,26.822,766.91,455.54,0.25471
2234,10021,53316,33.139,390.43,178.31,0.37295
2234,9969.1,54982,36.749,455.26,302.73,0.20122
2234,10318,53916,26.495,558.05,197.62,0.47697
2235,9886.6,54802,31.252,256.41,286.03,-0.054607
2235,10157,53088,24.44,1279.4,710.14,0.28612
2235,11311,53540,38.209,718.18,408.88,0.27443
2235,11161,54463,31.842,506.37,266.48,0.3104
2236,9789.9,54671,32.703,523.77,293.22,0.28219
2237,9518.2,53554,27.842,864.93,410.99,0.35577
2238,9356.6,53517,31.635,328.09,144.48,0.38854
2238,11380,53681,15.658,383.3,104.75,0.57073
2239,11412,53631,19.067,463.44,277.3,0.25128
2241,8721.5,55373,32.176,561.12,350.1,0.23158
2241,9813,52554,27.439,616.57,450.92,0.15518
2244,9518.3,53735,27.574,624.41,313.95,0.33085
2246,11463,54324,28.306,556.37,302.43,0.29569
2249,10077,53761,26.655,504.86,136.98,0.57316
2250,9379.8,53147,21.553,792.31,351.23,0.38571
2250,10039,53843,18.476,727.12,345.08,0.35631
2251,8749.9,54220,22.456,331.96,196.51,0.25631
2251,9453.8,53033,16.425,1008.7,504.89,0.33284
2251,9571.8,53965,32.184,736.28,396.5,0.29995
2252,8941.4,54266,23.118,1913.5,809.03,0.40567
2252,9593.3,53089,34.902,426.25,176.84,0.41356
2252,10218,52981,27.643,252.52,192.37,0.1352
2253,8913.6,54345,26.806,631.94,390.74,0.23586
2254,11411,53144,21.639,245.98,169.34,0.18455
2255,8754.9,55381,40.843,551.28,710.18,-0.12597
2255,11307,53152,9.2204,702.13,418.38,0.25323
2256,8776,54233,34.236,964.77,553.62,0.27078
2256,11374,53055,23.397,462.86,248.12,0.30203
2257,11554,55241,29.503,617.77,191.4,0.52692
2258,9713.6,52883,32.7,538.74,424.93,0.1181
2259,10864,54707,26.334,497.69,324.25,0.21101
2260,11167,54202,27.957,642.33,244.29,0.44894
2261,9643.8,52540,28.931,319.38,268.35,0.086829
2261,11151,55217,29.618,198.78,245.66,-0.10548
2262,9781.4,52525,25.505,470.63,480.99,-0.010892
2263,11647,52417,23.907,561,436.77,0.12451
2265,8695.4,55389,28.55,450.38,435.51,0.01679
2265,9241.5,53674,19.717,684.59,440.03,0.21746
2266,9296.9,53473,22.345,306.41,171.99,0.28097
2266,11033,55229,28.305,241.86,167.46,0.18177
2267,8711.7,55336,19.646,565.73,419.01,0.149
2267,8880.6,52769,30.641,616.8,378.43,0.23951
2267,9146.7,53494,25.715,574.74,331.49,0.26842
2267,11242,53275,17.422,745.08,443.43,0.25381
2268,8720.3,55326,31.681,245.41,218.36,0.058329
2268,9304.5,53349,30.01,752.07,452.62,0.24858
2268,11158,53547,30.423,402.15,280.16,0.17879
2268,11246,52574,21.122,464.34,176.07,0.45013
2269,9776.1,52493,33.678,375.34,339.98,0.049442
2269,10498,52416,29.793,488.86,315.72,0.2152
2269,11235,53605,26.77,710.43,440.37,0.23467
2270,9549.9,52577,27.88,702.32,264.51,0.45283
2271,9544.8,52725,31.151,202.66,137.47,0.19165
2271,9952,54963,35.258,395.67,200.04,0.32839
2273,9377.2,52441,30.547,540.86,273.79,0.32783
2274,9301.5,52630,22.523,596.81,402.86,0.19402
2275,8937.9,53758,30.737,274.94,125.79,0.37218
2275,9624.8,52541,25.061,418.22,238.4,0.27386
2275,11456,53835,32.633,764.58,333.47,0.39262
2276,9396,53866,25.821,391.86,206.54,0.3097
2276,9714.6,52504,24.396,444.37,236.91,0.30452
2276,10412,54938,27.733,438.08,232,0.30754
2276,11194,54309,34.623,759.79,384.37,0.32811
2277,9648.5,52770,29.455,341.22,410.13,-0.091719
2277,11081,55002,25.837,595.82,578.82,0.014477
2277,11134,52657,28.923,941.18,839.43,0.057147
2278,9849.4,52818,22.75,203.87,209.07,-0.012584
2278,10996,52556,30.448,374.85,352.87,0.030204
2278,10978,55047,23.356,488.09,249.47,0.32352
2279,10738,54797,26.21,396.47,303.08,0.1335
2279,10971,52714,23.327,452.35,212.5,0.36076
2280,10337,54767,20.013,615.97,248.58,0.42495
2281,10977,54774,28.671,712.66,385.43,0.298
2281,11332,53206,32.902,356.66,311.08,0.068257
2282,8980.5,55062,31.98,312.77,170.88,0.29337
2283,8719,53458,26.493,821.07,750.31,0.04503
2283,9089.3,54819,29.799,577.58,291.21,0.32963
2283,9410.1,53743,27.361,690.18,247.06,0.4728
2284,9013.8,54791,29.839,486.29,565.73,-0.075505
2284,10914,53542,33.538,687.99,392.43,0.27357
2285,9118.8,54701,30.22,361.26,178.88,0.33765
2285,10290,54129,37.574,719.44,311.83,0.39526
2286,8975.6,54807,37.291,483.79,258.89,0.30283
2286,10208,53997,16.641,906.46,710.09,0.12148
2286,10850,52750,21.566,698.5,402.68,0.26864
2287,10962,52853,19.252,592.41,322.92,0.29442
2288,9746.5,53300,33.38,838.09,482.29,0.26947
2288,9834.8,54630,29.103,368.68,322.35,0.067041
2288,11280,53133,20.277,477.31,144.91,0.53422
2288,11316,54421,19.313,514.96,541.88,-0.025477
2289,8668.3,53955,36.989,363.52,110.03,0.53531
2289,9175.1,53225,36.734,198.39,216.68,-0.044064
2289,9309.6,54326,23.616,845.46,398.26,0.35957
2292,11659,53543,29.769,502.06,307.25,0.24071
2293,9756.2,55048,26.916,801.76,670.19,0.089383
2293,10149,53832,37.438,135.98,114.34,0.086448
2293,10820,55380,28.077,275.44,283.02,-0.013581
2294,9943.5,54792,21.613,381.72,287.33,0.14108
2296,10316,52728,29.59,310.7,248.39,0.11145
2297,11259,54701,20.936,331.77,664.18,-0.33376
2298,9609.7,52567,22.943,899.88,334.23,0.45835
2298,11194,54571,22.881,348.96,863.36,-0.42431
2299,9615.4,52688,16.422,1004.8,641.84,0.22042
2299,11175,54597,17.548,342.97,450.59,-0.13561
2300,9575.6,53450,23.676,710.13,184.73,0.58713
2300,9535.1,53610,24.836,1003.9,143.63,0.74968
2301,9837.4,52570,30.42,854.89,456.04,0.30425
2302,9879.3,52482,14.36,1188.5,680.39,0.27188
2303,9775,52567,20.621,500.92,327.55,0.20926
2303,10943,53992,19.374,719.53,385.45,0.30234
2304,9974.4,53345,36.355,179.95,146.83,0.10136
2304,10050,54074,21.532,874.19,308.59,0.47819
2304,10905,52401,34.345,315.32,301.46,0.022463
2304,11155,54036,28.124,555.99,423.5,0.13527
2305,10900,54515,27.152,430.18,201.3,0.36246
2305,11510,53762,26.064,411.16,392.97,0.022633
2306,10155,53706,29.4,221.4,146.13,0.2048
2306,11497,53636,28.665,425.96,515.49,-0.095093
2307,11583,53725,29.347,826.87,449.34,0.29582
2308,11523,53815,26.26,563.9,339.43,0.2485
2309,8739.3,55171,24.686,372.56,441.03,-0.08416
2309,9995.4,53734,24.919,451.54,327.71,0.15891
2309,11236,53841,33.026,268.83,119.66,0.38398
2310,11036,53596,22.955,782.14,206.7,0.58193
2311,11581,53489,29.251,233.55,120.95,0.31761
2313,9607.8,53369,30.932,268.52,186.13,0.18121
2313,10530,54882,30.637,379.15,364.55,0.019621
2314,9859.4,55388,23.682,521.36,461.88,0.060496
2314,11478,54796,26.277,573.75,152.39,0.58028
2316,8808.9,54623,33.879,202.94,194.31,0.021724
2316,9832,53003,25.486,560.51,236.38,0.40674
2316,10105,53812,26.883,606.43,243.03,0.4278
2316,11386,53093,29.443,511.64,215.29,0.40768
2317,11588,52885,31.114,519.56,308.79,0.25445
2318,10958,54531,34.388,318.18,276.54,0.070014
2319,10417,53012,28.743,631.75,478.78,0.13775
2319,11087,54484,22.701,625.6,385.34,0.23766
2321,9027.5,54355,32.484,849.2,557.53,0.20734
2321,9218.9,54363,34.142,641.22,504.73,0.1191
2323,9582.5,53102,24.496,286.46,162.57,0.27592
2323,10317,54066,32.03,570.94,377.73,0.20366
2324,9495.9,53098,21.541,700.22,773.56,-0.04976
2324,11231,55258,21.582,316.47,157.8,0.33454
2325,10369,53958,25.047,949.4,317.17,0.49916
2326,9505.3,52972,34.18,719.8,573.33,0.11326
2327,11352,54679,21.19,1062.8,557.53,0.31183
2328,9720.8,53058,32.875,644.63,527.22,0.1002
2329,9699.6,53775,30.4,817,814.09,0.0017831
2329,10165,54258,21.744,355.66,122.21,0.48852
2329,11443,52487,36.499,316.46,198.63,0.22876
2329,11450,54155,25.58,536.66,500.46,0.034904
2330,9408.5,54653,29.099,494.58,169.94,0.48852
2330,10373,53947,32.457,428.94,245.23,0.27251
2331,9487.3,54708,25.688,472.53,203.6,0.39775
2331,11058,53374,39.329,759.83,467.93,0.23774
2331,11114,53904,30.22,622.98,213.58,0.48938
2332,10469,55310,36.049,406.53,401.67,0.0060229
2333,10551,54864,29.88,430.41,380.76,0.061213
2333,11492,55280,34.148,397.18,229.79,0.26699
2335,10454,54759,29.804,323.5,152.87,0.35817
2336,8794.6,55115,35.655,294.72,189.06,0.21841
2337,10127,53857,11.588,979.29,659.9,0.19484
2338,10302,53803,26.07,770.84,332.63,0.39713
2338,10676,54964,32.093,279.36,140.78,0.32984
2339,10125,52934,29.217,212.1,113.21,0.30397
2341,9078.4,53185,21.947,623.57,322.49,0.31825
2342,8956.6,54407,21.726,379.77,102.57,0.57468
2342,9096.1,53360,24.551,829.03,367.98,0.38516
2343,8865.6,53246,30.058,565.75,283.27,0.33271
2344,9044.3,52970,30.512,708.58,600.24,0.082778
2347,8760.8,54009,33.727,259.88,270.39,-0.019816
2349,10381,54843,33.151,191.44,135.43,0.17135
2350,10265,52752,27.255,328.39,228.06,0.1803
2351,9798.5,52787,30.369,419.23,408.91,0.012463
2353,9615.4,53108,32.736,266.73,131.1,0.34091
2354,9602.7,52957,26.704,566.69,166.84,0.5451
2355,9475.4,52927,29.896,917.88,685.22,0.14513
2356,9319.4,53070,17.272,1690.4,827.21,0.34286
2357,9384.7,53117,15.665,917.62,483.98,0.30939
2357,10782,53395,32.625,302.49,349.03,-0.071437
2358,9384,53222,18.914,921.95,484.74,0.31081
2359,9113.8,53064,34.757,526.01,295.34,0.28084
2360,8930.3,52951,37.391,266.02,167.3,0.22782
2360,9595.6,55117,23.682,438.95,175.24,0.42937
2360,11149,54524,30.929,462.21,411.39,0.058181
2360,11235,55109,22.751,709.06,306.67,0.39616
2361,9573.3,55136,27.387,381.55,217.97,0.27285
2361,10904,54883,27.106,590.79,142.29,0.61181
2367,9083.2,54097,30.151,278.48,141.02,0.32766
2368,9293.5,54337,30.06,413.29,285.24,0.18331
2369,9185.9,53278,25.027,850.5,533.95,0.22865
2369,11315,53169,24.048,239.33,147.3,0.23804
2371,8839.7,53663,24.211,720.52,516.39,0.16503
2371,10134,54376,32.295,403.11,330.03,0.099683
2371,11228,53006,38.369,364.33,306.14,0.086792
2373,11163,53341,20.744,1026.5,446.53,0.39373
2373,11247,54339,27.322,663.26,422.45,0.2218
2374,11032,53382,25.473,758.06,523.57,0.18296
2375,9363,54801,24.95,832.16,391.17,0.36048
2375,11353,54169,26.464,666.4,336.24,0.32929
2375,11495,52972,32.629,342.3,312.3,0.045835
2376,9396.9,54873,37.099,388.89,262.67,0.19372
2376,9606.9,53211,26.169,525.37,140.52,0.57794
2377,9441.9,53273,22.241,568.36,388.71,0.1877
2377,10001,53963,20.046,307.08,102.55,0.49929
2378,9428.5,53376,29.913,949.72,413.66,0.39318
2378,10046,54121,26.665,955.9,674.54,0.17257
2378,10894,54032,27.993,802.87,746.29,0.036523
2379,9779.5,54906,17.506,643.81,431.8,0.1971
2380,9347.9,54380,28.832,452.12,291.32,0.21629
2380,9505.2,53546,20.09,796.22,347.84,0.39192
2380,11310,52998,29.167,640.82,330.32,0.31973
2381,8838,53155,32.37,739.24,508.93,0.18452
2382,8758.9,53266,16.643,923.86,364.69,0.43395
2383,8855.3,53064,30.282,598.36,248.1,0.4138
2384,9114.7,52521,26.96,677.36,320.82,0.3572
2384,11544,54507,21.811,376.07,167.57,0.38353
2385,11388,54661,21.078,665.58,538.6,0.10545
2386,9138,54687,27.588,531.79,298.85,0.28044
2386,10576,52641,32.768,580.8,398.65,0.18597
2386,10586,52799,37.919,406.93,225.6,0.28668
2388,9352.2,53319,28.243,382.48,231.47,0.24595
2388,11541,55140,38.309,666.14,241.67,0.46757
2389,9564.3,53439,26.585,558.91,228.91,0.41888
2390,9739.1,53408,18.735,804.15,294.02,0.46452
2391,9602.1,53353,29.613,231.9,168.37,0.15873
2391,11533,55262,24.048,699.36,551.45,0.11825
2392,10192,54581,32.2,576.06,264.3,0.37099
2392,10323,54900,38.6,647.14,305.41,0.35875
2393,10440,54925,35.942,373.54,250.86,0.19647
2394,11267,52678,21.787,473.13,247.82,0.31252
2396,9938.8,53809,27.891,651.11,157.93,0.60959
2396,10783,53529,34.113,309.58,157.14,0.32661
2398,10823,54354,26.023,434.62,161.58,0.45797
2400,9378.7,53480,32.882,430.99,226.36,0.31129
2401,9072.7,55170,16.694,952.07,861.27,0.050069
2401,10503,54355,29.236,476.66,276.92,0.26506
2401,11622,53906,32.792,620.04,475.82,0.1316
2402,11657,53454,36.827,474.17,198.96,0.40886
2403,8857.8,55184,28.247,612.16,558.27,0.046042
2404,9106.7,54991,29.394,536.48,293.5,0.29275
2405,9184.4,55131,22.423,654.33,625.64,0.02242
2405,11024,53981,40.4,608.74,280.66,0.36888
2407,10418,53041,32.932,495.42,333.45,0.1954
2409,11431,55304,32.1,365.54,281.4,0.13006
2409,11595,53970,38.271,228.15,272.29,-0.088189
2410,9389,52786,22.96,247.06,378.37,-0.20994
2410,11523,54743,29.427,326.36,293.93,0.05228
2411,10170,52643,42.965,758.08,417.34,0.28989
2411,10214,53963,20.421,505.01,455.59,0.051455
2412,9680.2,54291,38.706,593.62,461.87,0.12482
2412,10388,53918,21.23,571.08,291.28,0.32446
2413,10097,52695,23.733,311.43,186.54,0.25079
2414,9303.3,53683,25.44,1058,633.07,0.25128
2414,9947.3,53157,33.949,286.22,140.28,0.34217
2414,11075,54259,28.448,343.89,209.62,0.24258
2415,9758.3,55246,36.427,219.52,121.86,0.28609
2415,11353,54385,25.079,553.1,454.58,0.09777
2416,9896,54913,16.589,336.77,211.19,0.22919
2417,8744.9,54586,37.956,733.45,573.65,0.12225
2417,9803,54992,33.531,723.47,409,0.27768
2417,10433,52915,33.33,606.09,137.91,0.62928
2417,11542,54374,29.94,594.73,484.5,0.10214
2418,11589,54466,28.021,413.82,336.35,0.10327
2419,9704.6,53895,37.579,430.97,202.31,0.36108
2420,8734.2,55300,22.937,657.57,298.75,0.3752
2420,9093.6,54639,31.18,386.41,190.08,0.34055
2420,10445,53111,34.908,363.87,181.75,0.33378
2420,10312,55098,29.855,364.21,157.61,0.39591
2421,10531,55106,33.319,411.91,173.25,0.40784
2422,9898.8,55324,34.733,505.07,475.94,0.029694
2423,9129.7,53721,37.075,647.67,508.12,0.12074
2424,11218,54074,25.807,650.57,429.58,0.20459
2425,9333.7,53673,27.653,452.71,340.83,0.14098
2425,11058,53857,31.182,560.45,294.37,0.31127
2426,9662.2,53756,24.482,607.31,227.89,0.45429
2427,9632.5,53755,24.166,743.86,445.03,0.25134
2428,9899.8,54796,18.428,614.22,475.83,0.12696
2428,10979,54913,30.274,454.37,409.43,0.052024
2429,8793.5,53821,27.938,496,219.42,0.38661
2429,10983,52700,36.762,497.79,425.07,0.078801
2429,11165,54883,31.191,271,102.15,0.45251
2429,11608,54584,26.904,442.36,236.73,0.30279
2430,8958.1,54558,27.96,1369.2,361.44,0.58229
2430,11659,54394,38.377,344.88,264.58,0.13176
2431,9401.3,54793,22.488,778.5,208.14,0.57809
2431,9722.9,53330,22.854,576.08,161.76,0.56152
2432,9696,53314,26.485,455.98,150.69,0.50322
2432,11123,55317,30.555,595.66,338.74,0.27495
2432,11402,54199,24.53,570.86,166.94,0.54746
2433,8803.7,52722,26.424,455.43,188.7,0.41409
2433,9592.2,53487,29.186,283.06,137.25,0.34692
2433,11515,54225,28.398,301.07,234.29,0.12473
2434,11119,53123,28.933,530.98,286.04,0.29979
2435,9221.7,53042,20.523,575.38,220.37,0.44613
2435,11104,53093,23.495,567.43,393.42,0.1811
2436,9139.8,53105,35.045,514.96,316,0.23944
2437,11341,53246,22.669,664.61,497.83,0.14348
2438,10544,54380,22.632,546.27,133.15,0.60806
2438,11154,53545,24.469,739.05,313.6,0.40418
2439,10157,55297,27.711,405.79,200.34,0.33896
2439,10636,54299,29.596,641.43,400.16,0.23164
2439,11093,52533,32.562,390.8,155.33,0.43115
2440,10552,54299,30.864,1313.2,718.95,0.29243
2440,11577,54651,25.986,713.64,284.76,0.42957
2441,10533,54797,32.236,211.51,189.23,0.055614
2441,11622,54701,20.566,1003.6,240.33,0.61358
2442,10667,52688,29.093,523.75,439.36,0.087625
2442,11356,54348,36.855,171.59,288.74,-0.25448
2443,9059.9,54400,31.002,401.64,172.66,0.39872
2444,11499,53986,28.645,652.97,583.8,0.055926
2446,9777.9,53676,31.355,363.59,324.95,0.056117
2448,9822.5,53811,23.849,744.41,646.43,0.070443
2449,10229,55386,22.889,407.65,640.92,-0.22246
2450,9892.3,54139,24.96,374.41,175.67,0.36129
2451,10098,53981,26.145,748.24,413.19,0.28848
2453,10161,54034,30.965,342.55,108.78,0.51795
2453,11283,52683,13.192,749.67,373.21,0.33527
2454,9574.7,52534,34.556,524.65,300.65,0.27141
2454,11323,52985,19.25,1004.8,686.5,0.18819
2455,9452.6,54991,28.415,584.91,535.31,0.044276
2455,11300,52979,31.478,492.94,311.33,0.22581
2455,11604,55335,19.338,1293.9,468.18,0.46861
2458,9842.8,54838,24.866,342.15,210.43,0.23837
2459,11591,54838,31.963,308.7,252.16,0.1008
2462,11394,55367,33.303,548.63,351.56,0.21893
2463,11324,53292,27.097,660.09,466.81,0.17152
2466,9600.5,54114,29.907,486.69,443.37,0.046577
2466,9852.4,54915,27.912,281.14,165.72,0.25827
2466,11235,54709,25.218,1241.2,510.14,0.41743
2467,8826.6,52458,30.457,395.26,230.55,0.2632
2467,9572,54304,24.602,542.75,177.69,0.50672
2467,10065,53584,38.544,184.84,163.99,0.05977
2467,11140,54524,24.155,623.33,245.34,0.43513
2468,9673.1,54585,28.81,901.81,592.56,0.20694
2468,9890.6,53446,25.89,609.54,358.26,0.25964
2468,11315,53212,18.125,671.33,371.14,0.28797
2469,10061,52438,27.394,414.45,477.05,-0.070227
2469,11395,53276,29.718,495.28,182.97,0.46047
2470,11518,52983,37.892,245.62,172.63,0.17452
2471,11415,54148,23.763,466.4,339.76,0.15708
2474,10922,54227,34.556,396.39,184.69,0.36432
2475,8890.5,53417,29.635,667.77,192.9,0.55174
2476,9290.1,54745,24.769,496.14,444.58,0.054815
2476,10848,53889,19.408,453.33,258.73,0.2733
2477,8943.9,53463,34.133,472.83,180.74,0.4469
2477,9283.9,54640,28.002,499.57,329.81,0.20469
2479,8965.7,53726,32.181,598.53,276.94,0.36734
2480,8689.6,54665,24.797,577.99,394.63,0.18852
2480,9003.9,52953,34.569,509.28,398.43,0.12212
2481,9092.1,52993,29.945,259.34,116.8,0.37894
2481,9668,52511,34.325,529.38,361.52,0.18842
2481,10361,55008,34.898,270.2,199.12,0.15145
2481,11059,53570,20.788,344.59,158.05,0.37112
2481,11651,54603,26.892,519.73,335.57,0.21532
2482,8905.9,53138,28.981,309.93,247.08,0.11284
2482,9839.3,52638,24.937,499.06,438.45,0.064648
2482,10117,54866,31.173,388.87,230.2,0.25629
2482,11253,55331,30.151,405.52,320.3,0.11741
2483,8835.6,55175,29.991,525.86,426.4,0.10445
2483,8901.2,53504,23.201,703.88,429.01,0.24263
2483,11628,53741,32.485,490.96,387.57,0.11769
2484,8849,55329,18.983,320.64,110.93,0.48591
2484,9735.4,54365,33.012,402.52,298.96,0.14762
2484,11282,53223,31.932,177.72,101.57,0.27266
2485,9068.4,55196,32.37,318.54,178.17,0.2826
2485,11183,52622,29.615,235.72,129.36,0.29135
2485,11284,53192,43.4,530.61,508.73,0.021053
2486,10005,52949,30.405,649.42,726.25,-0.055852
2488,9604.1,53481,23.399,438.78,140.35,0.51532
2489,9770,53864,26.289,1347.7,652.93,0.34726
2489,9947,53830,27.298,1387.7,751.02,0.29769
2489,10023,55229,27.544,318.77,167.32,0.31157
2490,9817.4,53138,33.198,323.29,222.72,0.18418
2490,10310,54158,29.603,217.66,182.02,0.089171
2490,11112,54389,27.43,953.96,628.26,0.20585
2491,9156.9,53738,20.611,1021,454.08,0.38432
2491,10891,54362,35.836,1026,499.28,0.34532
2493,8778.5,53601,28.261,770.45,709.71,0.041036
2494,9645,54365,33.913,415.72,319.77,0.13046
2494,9945.4,53195,27.905,609.19,366.78,0.24838
2495,9049.1,52721,35.093,442.13,186.49,0.40668
2495,9102.3,55083,27.806,334.56,146.22,0.39173
2495,9742.6,54267,30.651,166.86,238.21,-0.17612
2496,9041.7,54931,30.203,388,301.54,0.12538
2497,8965,54682,26.313,691.19,673.35,0.013073
2497,10737,53655,31.758,491.53,440.97,0.054218
2498,9133,55184,32.287,297.11,248.24,0.089613
2498,11322,53015,27.395,263.5,289.12,-0.046358
2499,8879.1,54786,34.974,193.77,192.74,0.0026611
2500,8856,54633,30.666,385.83,394.44,-0.011045
2500,9098.2,55079,33.685,382.02,187.03,0.34266
2500,10880,52685,28.85,413.4,147.53,0.47397
2502,8712.2,54307,29.216,443.88,449.56,-0.0063598
2504,9686.8,53471,27.667,572.86,341.63,0.25285
2505,9722.9,53398,18.519,672.22,463.31,0.18397
2505,9698.8,54161,32.586,681.95,482.42,0.17136
2508,9539.3,52869,23.229,596.78,658.41,-0.049094
2510,8703.9,54657,26.479,639.77,619.65,0.015977
2510,9708.9,52893,33.191,366.7,515.51,-0.16867
2511,11421,53975,25.252,596.17,528.74,0.059947
2512,9618.4,55188,39.134,424.55,368.7,0.070407
2512,10086,54219,29.721,312.9,348.65,-0.054034
2512,10580,53014,25.785,420.93,423.21,-0.0026981
2513,8846.9,52782,22.73,503.21,255.5,0.32649
2513,9333.3,55152,35.748,179.87,179.72,0.00043808
2513,11258,53075,20.081,731.98,495.92,0.19224
2514,10952,54216,21.803,599.08,350.22,0.26215
2515,10726,53576,33.47,418.83,266.23,0.22276
2517,10185,53269,34.424,233.16,101.23,0.39453
2518,11356,53331,36.715,767.09,336.69,0.38994
2522,9543.2,54915,23.155,733.14,538.85,0.15274
2522,10592,54794,30.995,374.59,314.32,0.087488
2523,9292.3,52793,34.648,350.55,333.35,0.02516
2524,9448.8,54805,22.569,433.06,222.42,0.32134
2524,11618,53945,27.672,447.13,184.95,0.41479
2526,8986.6,52487,26.316,492.82,362.43,0.15246
2526,9568.7,52936,30.724,137.04,133.42,0.01336
2526,9675.6,54081,31.445,235.62,208.95,0.05997
2526,10957,54818,25.388,358.15,236.07,0.20544
2527,9378.9,55308,30.582,898.73,609.4,0.19184
2527,9762.2,54037,25.723,607.64,561.19,0.039742
2527,10644,53944,20.602,667.78,463.13,0.18096
2527,11661,54870,34.852,298.06,303.75,-0.0094415
2528,9396.4,53109,36.704,478.55,177.33,0.45926
2528,9790.5,54153,29.238,801.13,609.78,0.13562
2528,10748,53939,29.802,1170.5,600.11,0.32215
2529,8699.9,52691,32.863,527.84,219.26,0.41304
2529,9047,54450,26.839,412.96,236.67,0.27138
2529,10920,54307,25.373,818.14,459.78,0.28042
2529,11184,53739,37.758,234.19,611.48,-0.44615
2530,8919.7,52764,32.335,910.31,657.05,0.16158
2530,9150,53130,33.232,1125.2,789.58,0.17528
2530,11198,55370,18.162,880.8,796.53,0.050243
2531,8912,53233,23.52,417.28,157.86,0.45105
2531,8987.9,52591,29.666,773.49,426.81,0.28883
2531,9038.4,54664,27.764,620.89,157.01,0.59632
2531,11230,55236,30.784,308.81,451.66,-0.18785
2532,8924,54658,30.441,421.84,198.76,0.35946
2532,8944.8,52666,25.428,549.67,202.65,0.46127
2532,9021.2,53010,33.716,386.24,180.92,0.36201
2532,11454,55162,25.296,356.39,321.77,0.051052
2533,10637,53174,36.969,606.23,1024,-0.25625
2534,10138,53718,14.728,620.01,347.25,0.28199
2535,9796.3,53559,35.197,1513.1,709.62,0.36149
2535,10111,53719,22.926,658.56,264.42,0.42703
2535,10546,52978,36.111,294.09,260.11,0.061314
2535,11349,53967,31.997,337.01,127.73,0.45032
2536,10000,54202,28.559,499.57,472.03,0.028346
2538,9449.5,52664,30.166,276.6,284.92,-0.014821
2539,10433,53890,22.364,479,300.41,0.22913
2540,8728.7,54618,24.45,439.5,507.61,-0.071909
2540,9616.6,52734,22.853,849.64,396.74,0.36337
2540,9770.2,55172,25.46,1051.3,764.76,0.15777
2540,11247,54006,26.822,505.46,351,0.18035
2541,8695.1,54654,30.958,394.6,334.65,0.082218
2541,9960.5,55255,31.383,805.69,310.54,0.44359
2542,9993.7,55011,27.667,562.75,435.13,0.1279
2543,10110,54970,30.287,264.33,242.33,0.043424
2545,9842.7,54019,25.454,1009.2,603.16,0.25184
2546,9441.6,54082,25.295,602.78,358.71,0.25384
2546,9496.4,54835,33.99,642.75,274.63,0.40128
2546,9841.9,53241,36.116,398.17,229.39,0.26895
2546,11290,52983,26.859,675.75,300.24,0.38475
2547,9921.1,53452,21.238,445.91,310.73,0.17867
2547,9833,54781,27.096,695.9,511.62,0.15261
2547,11295,54220,26.44,519.89,158.32,0.53312
2547,11503,53348,36.525,626.86,296,0.35851
2548,9752.4,54800,30.14,582.08,208.07,0.47334
2549,8712.6,53884,21.261,495.1,261.12,0.30941
2549,10047,52755,32.419,550.78,333.11,0.24626
2550,9097.8,53967,34.549,404.8,161.38,0.42993
2551,9022.8,53926,35.02,565.76,231.95,0.41846
2551,10510,52568,31.794,335.48,227.03,0.1928
2553,9318.6,54259,27.327,221.59,119.09,0.30088
2553,9719.5,55287,32.142,248.14,196.69,0.11567
2556,9144.3,54362,27.902,338.25,110.58,0.50724
2557,9830.5,54981,18.348,318.22,238.02,0.14418
2559,9717.4,53071,27.344,366.28,107.48,0.54628
2560,9794.1,53388,13.155,491.58,350.36,0.16774
2562,10932,54690,33.859,349.81,367.01,-0.023993
2563,9250.4,54772,30.532,874.88,502.18,0.27065
2563,9531.2,55197,31.982,1003.9,539.44,0.30094
2563,10541,54135,23.35,489.35,261.11,0.30413
2565,8795.8,54407,28.524,467.46,284.44,0.24341
2566,8992.8,54321,24.017,710.19,402.06,0.27704
2566,10439,54070,22.194,820.98,400.53,0.34421
2566,10911,52693,27.374,404.76,166.3,0.41757
2567,10444,54244,17.793,664.82,406.2,0.24146
2568,9621.8,54083,29.037,264.49,143.38,0.29694
2568,10426,54222,25.653,536.2,260.17,0.34662
2569,9437,54104,24.079,466.24,264.73,0.27569
2569,9459.1,55349,23.857,266.69,135.71,0.3255
2569,10924,54804,29.644,367.69,300.64,0.10032
2570,9444,55336,15.839,696.85,416.89,0.25137
2570,9565.6,54117,31.877,405.08,208.1,0.32125
2570,10632,54786,34.062,256.95,165.52,0.21641
2571,11039,52879,17.573,592.99,252.75,0.40229
2571,11586,54857,26.227,664.99,357.96,0.30014
2572,11394,54919,30.999,463.01,355.02,0.13201
2573,10795,52982,35.62,356.81,141.68,0.43157
2574,9560.8,53954,30.181,290.88,133.78,0.36995
2574,10999,54352,19.161,806.46,543.51,0.19479
2576,9478.6,53939,31.751,333.27,228.1,0.18734
2577,9704.2,55220,25.938,491.8,217.2,0.38731
2577,11260,53228,23.129,308.57,258.73,0.087846
2578,10758,53906,29.37,249.05,126.83,0.32517
2579,8905.8,54402,33.153,578.5,434.35,0.14231
2579,9488.4,53852,36.655,402.55,115.38,0.55444
2579,9516.1,54983,29.696,621.24,439.36,0.17148
2579,10277,54610,37.899,591.58,216.52,0.46414
2580,9067,54436,25.266,1153.1,735.88,0.22087
2580,9504.2,53778,23.567,676.66,431.61,0.22111
2581,9756.4,53284,23.356,547.28,317,0.26644
2582,9461.2,54263,29.371,521.44,291.55,0.28277
2585,11253,53233,14.174,543.89,233.66,0.39898
2586,9660.8,52822,25.348,392.83,283,0.16252
2586,11291,53205,15.018,757.46,409.95,0.29768
2587,9630.3,52772,14.305,1046.5,690.45,0.205
2588,9807.5,52898,16.807,892.36,533.93,0.2513
2589,9866.5,52856,24.25,837.62,369.26,0.38807
2589,9783.6,54832,29.414,353.09,230.42,0.21022
2590,9438.9,52795,32.391,515.85,284.76,0.28864
2590,9519.2,54888,38.27,649.42,156.96,0.61071
2590,10980,54075,31.928,220.29,248.69,-0.060555
2591,9039.2,52968,28.219,963.65,620.67,0.21648
2591,9919.6,54966,20.904,398.18,383.7,0.018517
2592,8876.9,52937,33.377,327.38,227.4,0.18022
2592,9917.7,54962,13.855,400.01,233.82,0.2622
2592,10486,52935,33.439,372.09,225.28,0.24576
2594,9745.8,54457,23.786,939.3,623.93,0.20175
2595,9702,54272,22.224,793.05,543.97,0.1863
2595,10616,53293,30.813,610.57,342.72,0.28097
2595,11351,53143,30.926,493.85,269.38,0.2941
2596,10280,54718,26.163,245.74,101.42,0.41572
2596,11262,53103,12.205,913.56,443.79,0.34609
2597,9811.6,52734,32.101,336.03,178.4,0.3064
2597,10121,53835,25.562,748.98,564.83,0.14017
2597,10030,54776,21.165,623.84,318.61,0.32387
2597,10555,53010,22.104,766.99,453.97,0.25637
2598,9720.4,52616,31.125,570.35,220.24,0.44286
2598,10007,54898,22.891,1022.9,550.2,0.30047
2598,10434,52885,23.53,1112,480.96,0.39616
2598,10992,54354,22.69,1045.4,732.18,0.1762
2599,9993.6,54697,27.525,1021.1,713.39,0.17741
2599,11589,54261,25.848,589.77,408.05,0.18212
2600,9249.9,54301,14.064,875.07,479.59,0.29193
2601,9166.5,54336,18.177,795.25,206,0.58852
2601,10156,54286,22.821,309.62,172.23,0.28513
2603,8844.6,53047,22.673,505.98,237.81,0.36054
2603,9837.2,54751,21.089,359.47,275.52,0.13221
2603,9912.6,53148,32.901,559.65,186.54,0.50002
2603,11292,54371,22.88,564.72,317.52,0.28019
2604,9893.9,54934,15.005,553.2,243.99,0.38788
2604,10209,53021,25.843,381.83,120.1,0.52144
2605,9842,55090,30.796,243.61,334.41,-0.1571
2605,11361,53944,26.062,408.5,417.57,-0.010977
2607,9101,53547,31.38,463.06,340.99,0.15182
2607,9902.2,54692,21.448,607.7,139.27,0.62711
2608,8977.8,53464,22.902,358.57,211.82,0.25728
2608,11155,53909,24.249,516.29,353.44,0.18724
2609,8751.4,53486,21.039,1049.2,829.41,0.11699
2609,11007,54572,24.218,654.14,186.02,0.55717
2610,8671.2,53769,28.953,859.92,366.38,0.40246
2610,11162,54662,18.447,913.55,660.55,0.16073
2611,8976.8,54486,30.835,618.31,393.76,0.22187
2611,11260,54509,25.295,379.17,107.24,0.55906
2612,10191,53880,38.757,715.29,482.1,0.19475
2612,10208,53874,33.375,860.81,588.93,0.18753
2612,10654,54920,31.685,395.52,260.27,0.20624
2612,11141,53307,23.452,754.44,522.2,0.18191
2613,11080,53268,24.254,422.99,274.99,0.21204
2614,10018,54886,48.122,671.68,653.25,0.013916
2614,10271,55078,30.196,539.57,281.75,0.31391
2615,11218,53280,19.282,512.97,510.8,0.0021168
2616,10893,54704,26.333,274.11,169.92,0.23465
2616,11215,53144,28.533,637.62,631.34,0.0049556
2617,9359.7,52730,36.467,777.12,403.59,0.31636
2617,10137,55339,30.854,504.61,256.51,0.32596
2617,10440,53058,31.889,283.48,118.56,0.41019
2618,9223.8,52988,31.621,660.49,578.74,0.065972
2618,9186.3,54624,27.366,453.64,149.41,0.50449
2618,9927,54877,27.471,203.31,113.17,0.28484
2619,10633,54566,22.311,302.92,144.72,0.35341
2620,8903.9,52957,26.607,380.6,101.52,0.57886
2620,10532,54165,21.752,780.07,349.02,0.38176
2620,10844,54649,42.825,491.97,364.77,0.14847
2621,8822.6,52967,22.574,499.45,321.89,0.21619
2624,8998.6,54769,26.263,559.57,335.06,0.25096
2625,8788.6,53237,36.41,409.43,483.18,-0.082621
2625,8891.7,54914,31.367,222.52,144.95,0.2111
2625,9303.6,52583,32.963,510.72,441.03,0.073217
2625,10170,55360,24.991,667.51,620.03,0.03688
2626,9610.2,52589,27.688,421.04,280.05,0.2011
2627,9215.8,54870,26.2,489.54,215.37,0.38895
2627,9923,52494,38.753,479.07,238.99,0.33435
2627,9943.3,54144,26.739,482.52,200.17,0.41358
2628,9342.6,54974,25.288,424.1,337.26,0.11405
2628,9976,53794,24.469,1184.1,980.58,0.093997
2628,11560,54154,17.601,543.86,260.55,0.35219
2629,9236.2,54926,27.175,518.8,251.03,0.34783
2629,10086,53733,27.896,506.31,329.11,0.21211
2630,10059,53823,38.241,461.88,347.62,0.14116
2630,10626,53252,16.242,418.97,401.44,0.021367
2634,8758.4,55297,18.47,790.9,325.44,0.41695
2634,9964.9,52752,31.636,123.61,111.32,0.05229
2635,8801.9,54092,26.886,781.34,395.76,0.32757
2636,9470.9,52659,27.709,451.64,220.35,0.34418
2637,8804,55307,32.323,847.52,461.42,0.29497
2637,9388.5,52853,29.527,796.69,598.89,0.14173
2638,8781.8,55176,19.425,718.35,429.68,0.25145
2638,9554.9,52867,28.159,555.18,356.35,0.21814
2638,10039,52616,32.623,742.5,548.3,0.15045
2639,10859,53826,25.181,387.94,263.83,0.19042
2639,11595,53475,34.877,550.76,541.33,0.0086329
2640,8995.7,52917,33.698,479.05,187.52,0.43735
2640,9549.5,53231,33.633,439.3,229.53,0.31364
2640,10127,53739,17.702,452.96,261.94,0.26719
2640,11044,53806,30.896,396.3,151.2,0.44766
2640,11301,54216,31.618,645.05,798.61,-0.10637
2641,8801.5,53000,21.831,732.13,403.31,0.2896
2641,10155,53761,18.884,554.89,151.07,0.57201
2642,8674.4,53009,29.231,456.78,208.41,0.37337
2643,10132,53723,31.34,397.22,320.91,0.10625
2645,10302,53159,27.803,1462.7,973.7,0.2007
2646,10244,53083,28.541,924.96,722.15,0.12313
2647,11270,53054,28.451,305.42,145.27,0.35534
2648,10524,52902,32.691,509.59,371.62,0.15657
2649,10311,53166,37.046,787.06,526.34,0.19851
2651,8670.8,55287,20.106,370.54,171.07,0.36829
2652,11352,53205,21.336,763.12,437.55,0.27115
2653,11050,53377,28.714,480.58,287.53,0.25132
2654,9918.9,54782,11.029,657.81,363.85,0.28772
2654,11170,54227,30.731,588.2,506.99,0.07415
2655,11646,54930,31.179,539.39,159.49,0.54358
2656,11016,53542,34.213,307.24,217.09,0.17194
2656,11539,54636,24.162,375.48,144.57,0.444
2657,10861,55073,24.006,238.45,150.52,0.22608
2657,11264,54283,23.48,1107.5,520.93,0.36021
2658,10658,53734,20.087,534.98,331.11,0.2354
2658,11270,54438,28.061,747.01,241.03,0.5121
2658,11506,54447,26.594,728.93,319.63,0.39035
2659,10653,53888,23.794,398.35,219.94,0.28855
2659,11480,54275,17.159,844.24,408.46,0.34787
2660,10803,53851,26.759,416.85,110.18,0.58188
2661,10911,53697,30.913,499.26,496.02,0.0032549
2662,11204,53454,28.498,447.22,259.25,0.26607
2663,9593.3,54593,25.34,955.87,923.28,0.017343
2663,10520,55323,24.763,695.55,759.57,-0.043999
2664,9913.4,54785,16.944,386.67,203.97,0.30933
2664,10451,55241,22.108,415.21,341.61,0.097245
2665,9872,54826,14.748,569.67,381.34,0.19803
2666,9265.9,53728,29.84,385.86,203.29,0.30989
2666,9891,54808,8.7531,890.34,624.92,0.17516
2666,11470,52654,31.761,386.03,256.6,0.20141
2667,9925.9,54851,13.02,894.8,309.82,0.48562
2667,10594,53885,29.839,255.79,170.41,0.20032
2669,9017.6,54140,29.303,611.91,292.43,0.35328
2669,9824.4,54971,13.774,685.87,404.73,0.25779
2670,9760.4,54905,26.003,468.1,359.02,0.13188
2670,10049,52675,34.552,450.15,375.58,0.090311
2670,10241,53852,12.239,934.97,408.26,0.39213
2670,10980,53981,21.954,918.94,409.91,0.38306
2671,10241,52765,32.26,630.07,340.32,0.29859
2671,10117,53774,22.349,392.65,326.55,0.091909
2671,11598,53833,18.967,427.79,166.13,0.44057
2672,9464.1,53652,21.483,637.4,268.15,0.40777
2672,10202,53820,14.917,887.28,353.04,0.43073
2673,9496.6,53549,17.133,489.78,369.22,0.14035
2673,10587,53967,23.851,1044.8,500.07,0.35261
2673,10624,54333,36.383,716.8,203.51,0.55773
2674,9400.5,53613,22.278,605.99,551.98,0.046647
2674,9936.9,55049,19.142,712.36,148.64,0.65474
2674,10795,54322,26.498,730.14,370.35,0.32693
2675,9317.8,53685,28.364,412.34,476.09,-0.071759
2675,9961.2,55249,38.726,700.82,221.65,0.51945
2676,8729.4,54117,16.457,1138.6,813.09,0.16679
2676,8892.6,53076,34.37,504.74,373.97,0.14882
2677,8749.3,54131,28.243,567.94,602.05,-0.029151
2677,8754.9,55197,29.411,364.59,141.71,0.44021
2677,10163,53926,22.787,1025.9,385.71,0.45353
2677,10161,53805,26.694,1335.8,576.27,0.39723
2677,10966,52880,17.736,1208.8,872.97,0.16131
2679,8674.3,54092,20.743,644.61,458.71,0.16849
2679,8722.4,55200,33.184,567.71,492.68,0.070756
2680,8684.1,54085,19.54,547.8,511.42,0.03435
2680,10733,53952,29.201,400.43,146.69,0.46378
2683,9695.8,53539,26.797,614.03,291.92,0.35555
2683,10153,54488,33.442,508.07,206.07,0.4229
2683,10980,54773,29.367,517.65,542.76,-0.023687
2684,8777.4,52791,21.511,905.99,435.16,0.35107
2684,9795.7,54887,30.368,691.97,626.51,0.049643
2684,11633,52682,37.491,344.46,353.53,-0.012987
2685,8853,52819,20.452,941.2,417.41,0.38554
2686,8731.9,54115,24.118,699.89,226.9,0.51036
2687,8947.9,52644,27.773,624.15,311.11,0.33471
2687,10173,53830,16.377,620.52,272.83,0.3892
2687,10470,54551,37.357,422.68,259.84,0.23859
2688,9795,53656,32.65,250.13,167.88,0.19675
2688,10422,54668,36.125,203.76,224.66,-0.048775
2690,11367,54232,21.936,430.03,176.1,0.41893
2691,8863.5,52802,26.183,491.6,261.69,0.30522
2691,8774.7,53763,37.171,643.54,396.24,0.23784
2691,10971,55244,36.398,806.48,701.81,0.069399
2692,8929.5,52934,32.837,746.43,293.48,0.43556
2692,10120,52828,27.084,431.8,188.57,0.39208
2692,10569,54634,14.133,425.14,478.95,-0.059527
2693,10289,52672,25.309,287.92,219.23,0.13544
2693,10626,54623,16.99,493.7,541.24,-0.045934
2694,9274.3,52645,31.312,293.96,254.22,0.072487
2694,10623,54562,12.413,654.72,480.6,0.15337
2695,9758.7,53505,26.611,541.3,520.25,0.019833
2695,10195,55370,33.258,142.32,150.27,-0.027168
2695,10594,54641,18.345,355.31,509.86,-0.17863
2695,11197,55170,22.697,375.39,249.65,0.20116
2696,11269,54287,20.627,884.7,460.32,0.31552
2697,10101,53957,19.186,891.73,458.02,0.32132
2697,11179,54283,26.15,597.85,383.6,0.2183
2697,11455,54363,32.721,978.2,787.65,0.10791
2698,10947,54536,30.478,547.79,215.52,0.4353
2699,11074,54283,31.42,569.2,455.94,0.11048
2703,9747.7,55349,28.182,495.79,407.71,0.097478
2704,11502,53833,25.568,447.86,172.02,0.44498
2705,11270,55266,33.044,515.08,442.76,0.075505
2706,11264,55240,30.807,695.04,552.52,0.11424
2708,8825.5,55131,41.741,968.55,873.7,0.051487
2708,9360.5,54830,33.992,474.46,129.14,0.57209
2709,8752.9,55257,18.477,426.96,314.06,0.15236
2710,8733.1,55322,22.312,444.71,210.37,0.35774
2710,9355.1,54301,36.476,503.79,331.66,0.20602
2710,11478,53822,23.455,475.11,206.95,0.39315
2711,8858.5,55366,25.545,1166.2,899.52,0.12912
2711,9778.4,53274,30.862,308.13,362.45,-0.08101
2711,11266,55194,33.361,338.74,365.95,-0.038601
2711,11604,52916,32.378,272.6,139.58,0.3227
2713,9353.2,55160,37.745,508.61,377.58,0.14786
2713,9834.5,52557,29.851,402.6,303.55,0.14027
2713,9911.6,53074,24.383,381.3,212.86,0.28349
2713,10785,55346,16.723,410.87,225.26,0.29179
2714,8969.6,54424,24.742,522.69,218.56,0.41029
2714,9156.1,54927,37.639,274.72,143.38,0.31415
2715,9084.6,54895,33.057,337.05,376.94,-0.055877
2716,10039,52838,26.278,317.2,141.58,0.38279
2716,10732,54729,35.662,451.15,513.06,-0.064207
2718,9554.6,52656,14.543,727.57,381.06,0.31256
2718,10945,54526,29.621,625.78,614.61,0.0090061
2719,8982.3,53101,39.493,401.81,222.68,0.28685
2720,9310.2,53268,32.169,285.6,256.6,0.053476
2720,11094,54758,21.437,870.88,531.9,0.24165
2721,9866.8,54856,33.196,405.94,276.26,0.19009
2721,10860,54325,32.409,364.06,250.86,0.18408
2722,9835.9,54919,26.729,225.47,148.73,0.20508
2722,10884,53588,31.598,870.44,330.94,0.44907
2722,10795,54397,27.039,371.43,361.83,0.013085
2726,11399,53169,26.195,351.84,209.43,0.25373
2727,9995.5,55011,28.068,946.09,704.94,0.14606
2728,9921.9,54977,16.403,614.15,391.74,0.22111
2728,10465,53561,18.154,632.86,166.65,0.58312
2730,10522,53620,20.951,280.83,102.03,0.46702
2730,11309,53096,23.892,415.19,218,0.31143
2731,8973.6,53091,24.119,622.5,370.84,0.25335
2731,10361,54723,22.821,340.42,183.92,0.29847
2731,11121,53077,27.844,891.99,724.56,0.10357
2732,8937.6,52952,26.931,634.69,535.28,0.084967
2732,10629,54769,27.957,597.38,354.36,0.25534
2734,8701.3,52496,36.251,441.51,256.5,0.26504
2736,10336,55092,36.052,588.82,407.37,0.18214
2736,11077,53786,41.624,702.92,575.22,0.099915
2737,10918,53554,28.761,518.57,559.4,-0.037876
2738,10696,53582,28.86,352.6,323.48,0.043062
2739,9475.5,55289,33.792,300.28,213.6,0.16868
2739,10385,52722,28.485,660.22,409.3,0.23461
2739,10724,53653,24.517,263.1,161.95,0.23797
2740,10425,52825,24.261,615.91,555.61,0.051469
2741,10353,52967,24.774,490.46,112.57,0.62665
2742,10221,52836,33.674,295.28,179.5,0.24387
2744,10082,54277,28.99,322.08,151.94,0.35894
2747,10061,53850,39.543,327.83,236.78,0.16125
2747,11076,53251,30.913,210.69,101.46,0.34992
2748,8957.4,54699,32.494,423.86,382.57,0.051203
2748,11052,55384,31.115,633.84,526.29,0.092702
2749,10184,53834,27.625,276,122.12,0.38651
2749,10796,55354,28.132,497.6,543.34,-0.043943
2750,10640,55385,23.927,1017.5,660.37,0.21283
2752,11554,53899,30.439,261.4,130.5,0.334
2754,8758.4,52484,19.575,1003.8,543.74,0.29727
2755,8893.2,52725,22.987,455.92,244.69,0.3015
2755,11200,54392,31.121,772.88,719.96,0.035453
2756,8769.7,53376,29.991,364.31,415.15,-0.065219
2756,11365,54450,24.682,1078.2,543.77,0.3295
2757,11046,54571,27.739,465.78,246.99,0.30696
2758,11201,54566,19.941,839.42,490.79,0.26209
2760,8700.1,55314,22.741,228.7,241.77,-0.027772
2760,9895.3,53310,33.035,300.19,226,0.14099
2760,11234,54831,36.626,519.9,437.81,0.085716
2761,9703.5,52423,24.39,508.99,204.05,0.42766
2762,11058,54945,28.645,758.9,309.25,0.42096
2763,11027,54948,28.047,388.73,170.95,0.38913
2764,10552,54796,26.631,446.9,693.92,-0.21652
2764,10735,52426,33.326,458.45,374.23,0.10114
2765,10629,54725,28.888,312.57,540.47,-0.26716
2767,10218,55257,24.286,590.34,296.98,0.33061
2767,11294,53764,28.479,716.01,695.65,0.014426
2769,8764.8,53921,23.743,480.6,332.34,0.18237
2769,9608,54104,12.253,961.5,231.19,0.61232
2770,10970,53171,27.527,713.24,453.82,0.22229
2771,8784,55093,28.297,408.74,267.25,0.2093
2772,11092,53378,29.533,407.95,320.26,0.12041
2773,10877,53762,33.25,455.26,220.62,0.34717
2774,9543.4,54769,34.407,908.2,626.32,0.18369
2775,9329.7,54939,17.929,1266.3,847.94,0.19786
2776,9408.3,54925,18.188,499.4,256.17,0.3219
2776,11571,53609,26.018,321.82,194.13,0.24747
2777,10417,53143,32.294,287.18,239.13,0.091287
2777,11458,53623,36.642,598.23,445.46,0.14638
2778,11335,53816,26.808,670.98,500.12,0.14589
2779,11021,54362,28.218,795.94,738.15,0.037666
2779,11460,53845,25.028,685.35,537.73,0.12069
2780,9931.1,55219,31.081,303.42,213.42,0.17414
2780,11263,55365,17.296,864.54,332.6,0.44435
2781,10678,54305,24.865,671.61,298.35,0.38482
2782,8932.4,55155,31.67,666.59,495.56,0.14716
2782,10530,52396,32.379,614.42,376.09,0.24061
2782,10489,54144,25.585,924.78,673.08,0.15752
2783,8960.1,53178,18.938,718.79,524.88,0.15592
2783,10699,54140,23.362,440.04,182.49,0.41371
2784,8995.5,53280,34.469,692.35,480.55,0.18057
2784,9331.4,54433,21.684,735.5,440.16,0.25121
2784,10635,54175,30.277,233.77,202.7,0.07118
2785,8898.1,54740,35.12,1129,594.49,0.31015
2785,9526.7,54145,22.405,434.13,255.49,0.25905
2785,9959.6,53404,13.835,822.29,260.86,0.51833
2785,11113,54528,31.262,455.89,186.04,0.42038
2785,11517,54618,31.437,795.4,256.31,0.51258
2786,9095.1,54690,26.961,651.38,682.6,-0.023404
2786,11557,54633,16.035,1307.4,767.27,0.26034
2787,9878,53906,32.846,514.45,244.84,0.35508
2787,11485,54682,17.798,1144,552.35,0.34879
2788,9862.9,53900,26.247,287,130.97,0.37331
2788,10799,53182,22.462,881.81,469.77,0.30486
2789,11011,54882,22.982,762.71,255.08,0.49876
2790,9916.9,54819,19.464,854.8,715.95,0.088398
2790,11135,53553,20.592,597.9,503.41,0.085803
2791,11055,53622,25.773,410.37,251.38,0.24026
2791,11191,54472,16.786,1905.7,1032,0.29743
2792,10794,54458,22.648,889.69,687.3,0.12834
2792,11302,53958,32.986,832.9,478.1,0.27064
2793,11411,53831,23.451,528.08,217.38,0.41679
2794,9257.5,53173,27.517,355.28,112.7,0.51835
2794,9915,54640,39.267,246.17,369.2,-0.19991
2795,9278.6,53033,23.383,430.3,144.27,0.49781
2795,9895.2,54767,24.71,284.6,422.14,-0.19462
2795,10247,53761,21.327,401.78,227.61,0.27672
2795,10644,54495,31.685,595.29,594.4,0.00074728
2796,9248.6,53031,23.916,698.76,405.57,0.26549
2796,9356.5,55109,33.712,313.41,138.94,0.3857
2797,8852.4,53195,29.903,278.85,256.71,0.041342
2797,9295.6,54349,34.214,969.72,486.2,0.33211
2798,8829.4,52815,32.77,647.87,407.9,0.22729
2798,9656.5,54257,22.95,625.38,322.15,0.32002
2798,10165,53775,29.629,216.64,298.12,-0.15829
2799,9134.1,54300,28.667,438.74,308.26,0.17467
2800,9464,54355,26.31,1051.6,690.71,0.20715
2800,10604,52422,33.794,395.85,238.82,0.24743
2801,8911.8,54074,21.549,530.04,252.38,0.35487
2802,11233,54602,33.656,346.05,154.15,0.38363
2803,9567.1,55029,26.521,303.55,272.56,0.053795
2804,9489.4,54850,24.367,815.78,399.73,0.34228
2804,11382,54592,26.094,546.69,299.29,0.29245
2806,8714.9,53882,32.798,424.42,394.58,0.036434
2806,11058,53603,31.688,337.82,268.77,0.11384
2807,11206,53468,27.105,655.2,521.61,0.11352
2808,11033,53489,18.874,1533.1,1059.6,0.18262
2809,9944.3,54730,28.994,186.28,150.7,0.10558
2810,8687.1,55306,19.568,395.67,358.8,0.048866
2810,9793.9,54875,21.167,250.05,204.68,0.099777
2811,11093,53371,35.724,325.92,305.5,0.032346
2812,9204.8,54409,27.94,473.16,374.64,0.1162
2815,8745.7,53783,20.241,1378.7,900.95,0.20956
2815,10155,53316,35.853,375.35,105.63,0.56076
2816,10332,52962,30.284,767.62,243.09,0.51898
2816,11174,53865,25.513,743.27,524.81,0.17228
2817,10666,54218,28.439,697.41,520.83,0.14495
2818,10106,53570,31.149,461.11,249.63,0.29754
2818,10326,54319,29.586,796.14,431.41,0.29712
2818,10811,53437,21.549,300.58,180.19,0.2504
2818,11548,53431,18.905,731.85,375.43,0.32189
2819,9636.1,53260,22.946,760.69,461.86,0.24443
2819,10353,54363,27.319,756.61,414.39,0.29224
2820,9830.2,53051,28.408,682.15,274.64,0.42592
2820,10361,54440,20.683,1609.7,954.08,0.25573
2821,10224,54614,27.558,802.3,602.52,0.14221
2822,11472,55222,28.255,515.22,241.17,0.36232
2823,11153,55139,35.229,241.33,191.93,0.11402
2824,10868,53667,40.167,361.16,521.06,-0.18124
2827,8945.5,54894,24.793,658.72,370.6,0.27992
2829,8718.4,54878,28.04,449.85,345.06,0.13183
2830,8943.9,53859,33.354,553.79,167.02,0.53658
2830,10835,53171,29.501,518.79,234.24,0.37786
2831,9075.4,52941,27.063,1116.3,422.45,0.45091
2832,11404,53079,32.032,533.02,581.14,-0.043184
2832,11261,55236,24.855,498.78,217.46,0.39278
2832,11495,53044,29.84,834.5,968.88,-0.074519
2833,9322.7,52656,26.807,439.51,328.62,0.14436
2834,11451,53716,31.493,787.59,610.84,0.1264
2838,9274.5,54265,24.373,323.02,199.5,0.2364
2838,11274,54395,26.235,438.64,102.68,0.62064
2839,11425,54242,24.609,589.96,229.58,0.43973
2840,11422,54148,28.281,346.9,314.47,0.049028
2841,11252,53071,25.649,807.37,571.79,0.17081
2841,11517,54202,21.371,722.91,378.3,0.31294
2842,11506,54245,31.831,398.3,215.59,0.29762
2843,11372,52594,25.653,373.01,338.25,0.048868
2843,11480,54116,35.206,389.77,216.84,0.28508
2847,9695.3,55324,32.201,469.45,195.53,0.41193
2849,10200,53843,14.988,896.57,572.11,0.22092
2850,10106,53909,20.636,840.94,587.3,0.17758
2851,9653.9,53940,29.471,208.12,103.35,0.33638
2851,9702.7,55002,31.61,312.35,213.16,0.18877
2853,9749.1,53405,17.844,389.97,204.14,0.31279
2853,11594,55276,19.875,918.75,199.99,0.64247
2854,9776.7,54840,28.062,574.65,489.1,0.080428
2855,9553.2,54886,34.979,542.5,379.01,0.17742
2856,9281.7,53872,32.783,245.51,128.58,0.31256
2856,11266,54423,38.013,363.84,326.79,0.05366
2857,9423.9,54418,22.814,505.86,367.28,0.15872
2857,11530,54660,31.63,684.43,490.22,0.16533
2858,9263,52698,35.597,428.76,352.03,0.098271
2859,9218.9,53819,27.615,463.71,222.11,0.35228
2861,9477,54579,37.343,661.22,395.6,0.25133
2861,9784.4,53364,29.661,540.02,624.75,-0.072738
2861,11137,53477,30.606,460.95,292.32,0.22386
2862,8822.6,52837,33.756,566.14,263.82,0.36425
2862,11357,55362,18.485,1838.9,814.31,0.38616
2863,10485,53393,24.047,742.31,429.93,0.26649
2863,11437,55331,28.027,341.54,380.27,-0.053659
2864,10772,52896,26.926,759.72,370.49,0.34438
2865,11363,52985,34.907,486.26,276.94,0.27426
2866,10958,55288,37.085,381.32,104.48,0.56987
2866,11272,53036,23.518,559.78,443.81,0.11555
2867,11278,52823,22.738,1655.5,1425.8,0.074518
2867,11240,53091,17.195,1168.8,797.4,0.18891
2869,10963,54853,30.312,773.19,298.81,0.44252
2871,8794.3,52703,38.317,241.15,168.04,0.17866
2872,8817.4,52652,31.139,501.47,597.63,-0.087487
2873,11300,53082,22.08,282.76,247.97,0.065555
2876,8974.2,53568,26.877,729.08,297.12,0.42094
2877,8951.6,53732,30.167,764.01,429.15,0.28065
2877,10863,55232,35.182,271.35,151.87,0.28232
2877,11620,52475,37.93,283.52,120.72,0.40273
2879,9987.7,53766,30.198,510.33,331.52,0.21239
2880,10119,53805,19.627,819.25,358.46,0.39126
2880,10852,55342,21.115,452.23,476.55,-0.026185
2881,9745.5,53826,20.261,609.41,238.33,0.43772
2882,9617.1,53833,23.444,798.35,411.04,0.32025
2882,10799,55389,10.04,856.41,406.39,0.35637
2883,9495.3,53813,29.906,401.99,415.7,-0.016758
2883,11478,53886,22.459,346.94,265.44,0.13309
2889,10878,55373,29.877,180.76,135.04,0.14478
2890,9064.9,54203,28.785,373.33,264.31,0.17096
2891,9111.5,54044,30.509,296.68,201.32,0.19148
2891,10047,53770,27.999,753.62,359.34,0.35426
2892,9978.6,53784,17.358,2127.5,582.46,0.57014
2892,10831,55326,30.266,312.25,152.64,0.34332
2893,8795.5,52728,26.367,609.69,400.31,0.2073
2893,9112.7,53609,19.164,342.64,112.19,0.50669
2893,9436.1,54680,26.783,585.84,337.26,0.26929
2894,8759.8,54473,24.209,566.05,358.22,0.22486
2894,9573.6,53694,32.238,1831.1,357.88,0.67302
2894,9850.2,53725,21.448,698.85,132.61,0.68101
2894,10577,54728,39.086,299.33,193.71,0.21422
2895,8810.2,54278,31.287,413.26,363.61,0.063909
2895,9464.4,53549,28.276,1031.1,508.86,0.33913
2897,9549.5,53823,29.161,520.21,192.62,0.45955
2899,8727.8,54202,26.749,598.03,323.09,0.29849
2900,8693.1,54391,21.299,400.63,240.06,0.25061
2901,8864.2,54632,27.721,639.51,726.72,-0.063834
2901,11502,54230,32.459,580.9,429.88,0.14941
2903,11256,53138,17.902,465.38,227.57,0.34319
2904,11337,53170,19.475,538.05,223.45,0.41314
2906,10915,52747,28.802,738.59,644.66,0.067907
2906,11560,54038,33.35,195.97,139.12,0.16965
2909,9122.2,54669,40.147,323.37,270.44,0.089133
2909,10185,53216,31.155,402.46,179.82,0.38236
2910,9006.2,54587,29.66,730,492.36,0.19441
2910,10080,52698,33.257,467.83,288.41,0.23727
2910,10133,53306,32.42,718.52,427.8,0.25361
2910,11326,53967,31.251,548.44,331.88,0.246
2910,11317,54018,32.017,819.82,457.01,0.28416
2910,11291,54739,35.039,527.46,213.3,0.42409
2911,8929.5,54623,23.392,1045,820.2,0.12051
2911,9325.9,53338,36.404,651.66,543.26,0.090717
2911,11358,53883,31.398,1033.8,548.76,0.30648
2913,10067,55145,37.156,453.7,467.35,-0.014823
2914,9068.4,52667,26.976,206.2,102.65,0.33526
2914,9903.1,52986,35.578,350.29,347.23,0.0043831
2914,9901.4,54974,18.554,453.25,255.09,0.27976
2915,10166,52400,22.742,410.68,461.44,-0.058199
2916,9161.1,54473,35.398,153.28,329.28,-0.36471
2917,11294,53751,38.645,263.66,266.4,-0.0051551
2918,9170.1,54847,26.691,423.12,224.32,0.30705
2920,9531,54219,27.426,599.42,124.59,0.65583
2920,10893,54392,33.928,229.01,136.72,0.25234
2922,10830,54184,37.994,471.04,257,0.294
2924,9903,53474,26.069,444.59,194.6,0.39111
2924,10364,54236,27.124,498.98,283.65,0.27514
2925,9876.7,53396,22.085,642.82,733.92,-0.066171
2926,9900.6,53588,28.211,316.7,123.18,0.43996
2926,11201,54397,18.79,1497.7,508.52,0.49306
2927,9735.8,53449,32.025,304.43,209.03,0.18579
2927,11057,54467,23.169,628.22,199.65,0.51767
2928,9897.2,54810,13.789,704.48,368.42,0.31322
2929,9896.1,54815,11.74,644.24,401.16,0.23253
2930,9849.9,54977,10.068,641.5,339.37,0.30802
2930,11181,53868,24.477,412.68,300.06,0.15801
2930,11356,52664,21.149,861.55,605.02,0.17492
2931,9890.1,54968,14.536,545.91,244.47,0.38139
2931,11459,52791,23.11,666.01,516,0.12691
2932,9580.8,54748,24.063,462.56,351.04,0.13706
2932,11005,52688,26.784,747.14,433.16,0.26602
2936,11252,53646,37.16,456.28,269.94,0.25659
2937,8742.2,52842,21.217,528.1,380.68,0.16221
2937,9261.6,52544,33.486,765.08,421.55,0.2895
2937,9535,55038,32.331,451.74,286.68,0.22353
2937,11611,53845,31.016,346.02,246.83,0.1673
2938,8775.2,52854,17.097,1021.5,413.28,0.42391
2938,9583.7,54888,22.905,534.39,187.37,0.48079
2938,10692,55141,28.319,551.21,163.13,0.54328
2939,9577.6,54631,27.23,275.61,202.51,0.15288
2939,10614,54976,23.86,331.58,219.98,0.20232
2940,9417.6,52599,26.014,224.64,131.95,0.25994
2940,9892.6,54795,29.879,333.2,167.74,0.33031
2940,10535,52928,31.016,256.77,119.48,0.3649
2940,10575,55133,24.642,719.59,900.27,-0.11154
2940,11307,53262,15.586,1050.9,596.54,0.27578
2941,9378.8,52710,38.972,288.91,240.62,0.091201
2941,9844.9,55026,23.699,385.26,230.65,0.25102
2941,10552,52666,31.781,468.89,426.6,0.047227
2941,10475,55336,27.073,544.8,631.15,-0.073431
2941,11562,53238,30.209,547.2,272.94,0.33441
2942,9184.7,52861,28.836,221.86,138.33,0.23191
2942,10385,52841,31.35,918.99,548.32,0.25262
2944,9363.8,54203,20.968,660.94,415.64,0.22786
2945,9445.9,53970,27.153,1005,665.88,0.20295
2945,10953,54016,26.834,402.06,174.67,0.39427
2945,11424,52935,20.862,442.98,321.6,0.15876
2946,10149,54344,34.267,469.86,437.58,0.035577
2947,9156,54263,19.983,1193.9,442.08,0.45955
2947,10034,54184,25.665,989.74,436.83,0.38758
2947,10665,52856,33.798,518.52,286.19,0.28872
2947,10599,54919,28.552,636.86,672.49,-0.02721
2948,8735,54596,33.678,298.3,136.18,0.37313
2948,9275.7,53661,23.602,565.79,186.23,0.50471
2948,9983.1,54149,31.219,450.15,402.55,0.055818
2948,10636,53028,20.351,340.42,102.19,0.53825
2949,9280.9,53338,21.267,870.15,460.25,0.3081
2950,9170.5,53450,19.67,973.04,467.88,0.35058
2950,9260.4,54119,30.567,604.28,325.78,0.29945
2950,11120,52898,25.556,404.88,220.9,0.294
2951,9379.8,53541,25.805,742.91,297.12,0.42864
2951,11190,53714,37.191,1232,886.5,0.16307
2952,9871.8,54982,22.464,436.35,495.77,-0.063739
2952,11114,53671,21.936,620.01,324.05,0.3135
2953,8793.4,52765,13.839,1044,652.54,0.23073
2953,9190.6,53646,24.052,374.59,218.9,0.26234
2954,10654,53303,33.252,193.04,213.86,-0.051166
2955,10024,52831,19.064,433.23,299.6,0.18236
2955,11295,53265,38.756,471.26,480.16,-0.0093509
2957,10493,52728,31.722,223.2,114.41,0.32221
2958,10152,53823,14.269,429.1,230.61,0.30087
2958,10555,52691,35.151,226.98,174.98,0.12936
2959,10152,53728,19.322,385.82,215.08,0.28413
2961,9893.6,52963,27.085,388.19,139.25,0.47198
2961,11215,52650,42.755,467.44,256.45,0.29146
2962,9098.1,55088,38.904,378.86,322.21,0.080803
2965,9603.9,55185,28.058,691.21,490.68,0.16967
2966,10020,55244,30.587,552.54,137.52,0.60141
2966,11506,53014,29.182,550.12,580.05,-0.026481
2967,10199,55073,25.487,390.86,226.29,0.26665
2967,11550,52901,27.268,596.44,521.08,0.067429
2968,11556,52726,32.643,679.52,470.78,0.18146
2969,8918.2,52699,27.149,719.6,349.99,0.34556
2969,10321,54930,31.232,295.28,184.35,0.23128
2970,9026.1,52609,16.003,705.57,433.88,0.23844
2970,10087,54765,20.1,587.98,209.63,0.47435
2971,10195,54877,19.331,770.37,525.29,0.18915
2972,10365,54962,20.563,887.42,327.38,0.46101
2972,11281,53252,20.707,580.95,572.47,0.0073512
2973,10283,54954,16.788,1113.4,459.67,0.41558
2973,11251,53360,23.142,944.31,549.87,0.26398
2975,10396,55387,21.262,369.6,206.85,0.28234
2979,9925,53440,30.276,433,195.74,0.37736
2979,11231,54814,32.058,506.45,119.2,0.61895
2980,9790.1,53446,27.104,723.1,212.85,0.54517
2980,11247,54689,20.701,310.56,180.39,0.26513
2981,11169,54664,24.985,381.69,256.16,0.19681
2982,10399,53177,34.188,566.96,344.52,0.24404
2983,10373,53266,30.933,286.05,168.4,0.25887
2984,9051.7,54429,23.104,470.47,310.29,0.20516
2984,11344,54578,30.801,460.1,257.12,0.28301
2985,10726,54569,26.05,785.73,353.57,0.37932
2986,9939.6,55382,31.671,604.55,882.9,-0.18713
2986,10049,52760,22.162,683.65,388.16,0.27569
2987,9494.8,53187,28.576,419.12,144.75,0.48658
2988,9428.5,54552,33.78,588.79,1083.9,-0.29599
2989,9386.9,54669,25.555,255.66,624.81,-0.41927
2994,9377.4,54747,33.421,254.59,721.79,-0.47851
2996,8722.3,54423,30.274,518.05,276.79,0.30353
2996,10656,54344,28.406,764.53,432.59,0.27728
2998,8974.7,54863,23.544,457.92,231.95,0.32756
3003,10037,54730,38.677,653.07,984.11,-0.2022
3003,11031,54679,32.547,361.8,323.28,0.056231
3004,10466,54723,25.079,330.3,290.65,0.063847
3004,10982,54899,35.604,753.28,635.89,0.084503
3005,10496,52966,33.784,266.65,129.86,0.34499
3005,10515,54792,25.541,361.7,622.97,-0.26534
3005,11101,54711,29.978,399.04,240.98,0.24697
3006,11171,54743,31.967,319.86,209.27,0.209
3008,8805.3,54052,22.571,610.83,466.94,0.1335
3011,9454.8,52725,22.978,685.05,546.43,0.11257
3011,10895,55363,35.095,197.87,258.29,-0.13246
3013,8702.2,55241,20.066,474.77,233.16,0.34129
3015,9052.7,53354,28.403,613.12,501.49,0.10015
3015,10733,52464,31.212,277.09,224.82,0.10414
3016,9158.1,52531,28.049,682.44,703.05,-0.01487
3017,10719,52471,19.45,954.02,577.58,0.24578
3019,9359.3,54714,24.041,263.21,1105.6,-0.61542
3021,10820,52661,28.458,558.71,408.68,0.15509
3022,10385,52516,30.531,263.24,115.29,0.39087
3023,9273.6,54525,38.891,513.18,1262.9,-0.42211
3023,10247,53967,16.335,1010.7,656.47,0.21247
3024,9883.6,54790,16.414,523.9,444.14,0.082392
3024,10142,53885,23.008,515.12,419.44,0.10238
3024,10599,53117,33.761,283.66,176.86,0.23193
3025,9902.8,54822,18.571,342.2,233.93,0.18792
3026,8785.4,52778,30.67,680.02,613.65,0.051305
3026,11584,53117,31.133,391.18,286.97,0.15366
3027,11453,53288,23.452,610.93,470.64,0.12971
3028,9180.5,54415,29.518,1178.5,630.55,0.30291
3028,9263.5,54171,23.727,1125.9,603.97,0.3017
3029,9344.8,54242,16.243,390.1,150.6,0.44295
3031,9445.4,52643,20.839,473.86,236.82,0.33354
3033,9314.8,53795,28.064,540.26,731.15,-0.15014
3033,10771,53646,27.619,354.46,217.96,0.23846
3035,10346,55212,28.201,454.77,181.91,0.42857
3036,9372.3,55267,32.038,371.6,164.22,0.38703
3036,9672.9,54491,29.391,440.19,238.03,0.29808
3039,9258.6,55338,25.596,786.46,317.5,0.42479
3039,11223,53168,18.443,769.85,428.2,0.28517
3040,8893.1,52836,31.342,626.38,593.47,0.026975
3040,8923.2,54695,36.958,492.86,198.14,0.42651
3040,11062,53214,24.352,530.03,170.46,0.51332
3040,11058,53845,17.802,377.6,171.65,0.37495
3041,8914.6,52846,22.987,868.44,523.38,0.24792
3041,9323.8,55203,33.488,762.23,376.1,0.33921
3041,11160,54197,32.76,223.09,119.59,0.30204
3042,9043.4,52873,21.68,989.11,821.42,0.092621
3043,8799.7,52885,31.979,504.65,649.68,-0.12564
3043,9493.6,54477,30.916,258.57,107.96,0.41092
3043,10477,53853,39.372,462.2,243.05,0.31074
3043,11038,52949,25.382,364.75,202.57,0.28587
3044,9275,54406,25.096,708.13,236.55,0.4992
3044,9538.9,55221,35.385,235.63,222.6,0.028455
3044,10948,52705,26.484,236.77,145.83,0.2377
3046,10050,53780,29.307,377.51,231.69,0.23938
3046,11533,53979,34.614,713.01,508.8,0.16714
3046,11554,53296,19.745,1198.8,877.13,0.15496
3047,10366,54963,25.327,719.18,178.32,0.60262
3047,11250,53109,22.255,646.67,349.18,0.29873
3048,10253,55136,14.464,1257.4,295.4,0.61952
3048,11305,53179,22.444,218.34,113.24,0.31695
3049,9248.4,54980,21.29,712.91,386.48,0.29693
3049,9481.7,52644,25.782,383.86,320.13,0.090526
3049,9999.6,54083,29.019,873.07,661.52,0.13786
3049,10291,55121,14.253,1071.2,466.33,0.3934
3049,11208,52859,35.524,334.58,278.46,0.091544
3050,9587.9,52562,23.936,1115.1,852.09,0.13371
3050,9527.2,53525,23.672,346.5,149.37,0.39754
3050,10101,53815,21.415,643.62,323.06,0.3316
3050,10413,55239,16.499,1096.7,446.11,0.42171
3051,9333.7,52514,19.896,733.78,464.94,0.22427
3051,9802.7,53895,28.392,540.51,327.48,0.24542
3051,10490,55184,24.391,911.35,500.45,0.29105
3051,10683,55174,26.483,1164.2,513.36,0.38797
3052,9607.9,53848,26.595,848.74,543.75,0.21903
3053,9226.9,54221,26.489,327.92,218.04,0.20126
3053,9563.1,53417,29.546,366.19,191.9,0.31231
3053,10999,55370,26.684,189.11,101.57,0.30113
3054,9375.4,53238,17.303,596.54,352.55,0.25708
3055,8837.1,53881,21.33,530.73,373.83,0.17345
3055,9287.5,53358,22.429,651.82,411.63,0.22585
3056,8820.7,53845,29.868,271.21,156.32,0.26872
3056,10241,53080,22.302,479.2,325.1,0.1916
3057,9167.2,54504,24.81,530.32,198.05,0.45619
3057,10143,52876,23.086,483.99,293.43,0.24511
3058,10067,53006,31.258,289.27,200.51,0.18122
3059,9423.9,53032,23.34,905.21,701.79,0.12658
3059,11360,53822,30.244,356.21,242.37,0.19018
3061,9441,52748,21.962,599.02,341.03,0.27444
3061,10483,54624,31.758,364.43,358.31,0.0084675
3061,11035,52805,26.516,373.11,283,0.13734
3062,9119.1,52669,25.662,404.24,276.59,0.1875
3062,9818.6,53950,29.373,244.45,142.99,0.26187
3062,10653,54702,27.181,467.42,387.12,0.093971
3062,11059,52747,31.084,258.17,110.36,0.40107
3063,9442.4,52461,28.69,632.59,522.68,0.095138
3063,9647.6,53497,25.066,516.38,251.82,0.34438
3064,9404.7,53654,28.779,678.72,537.97,0.11568
3065,8721.2,55152,29.278,887.5,342.53,0.44305
3065,8756.7,55068,32.344,1084.6,387.76,0.47327
3065,9582.5,52737,14.69,578.21,374.32,0.21406
3066,9046.1,53555,36.563,176.15,313.95,-0.28117
3067,9129.8,52508,19.318,1022.2,619.83,0.24505
3067,10372,54655,39.892,516.65,446.09,0.073293
3068,9172.5,53311,26.828,815.82,570.13,0.17727
3068,11361,54630,21.106,439.68,111.67,0.59492
3069,9924,54812,24.564,242.84,191.21,0.11896
3069,11231,54072,20.112,964.71,216.54,0.63338
3070,9486.1,54762,32.477,473.66,219.51,0.36665
3070,10902,55076,30.506,251.54,168.23,0.19846
3070,11268,53226,23.651,631.92,414.09,0.20825
3071,9978.4,54430,32.185,158.16,133.96,0.08283
3071,11257,53202,24.23,562.39,447.04,0.11427
3071,11179,54279,34.2,1232.1,559.81,0.3752
3072,8887.7,54183,21.9,396.37,180.57,0.37404
3072,10081,55236,32.695,618.79,580.21,0.032178
3072,10177,54257,27.755,662.2,506.45,0.13327
3072,10074,55252,31.851,785.12,761.56,0.015236
3072,11121,53275,32.057,718.14,481.11,0.19765
3072,11306,55006,31.688,461.41,167.98,0.46622
3073,11216,53270,25.316,530.08,180.32,0.49235
3074,9337.2,54866,22.484,1167.5,692.29,0.25553
3074,11222,54632,32.697,1148.7,673.31,0.26092
3075,8924.1,54225,22.293,573.56,351.75,0.23971
3076,8930,53691,23.311,391.04,335.17,0.076931
3077,8982.8,53872,19.758,635.69,268.76,0.40569
3077,9758,52822,32.086,357.37,307.54,0.074948
3077,9823.7,54982,18.055,325.91,212.96,0.20961
3077,11351,54252,24.91,1193.5,810.22,0.1913
3078,8876.2,53384,24.798,440.58,140.09,0.51749
3078,8991.9,53952,15.681,1302.7,715.14,0.29117
3078,9874.7,53374,21.562,772.99,905.55,-0.078975
3078,11238,54229,17.567,853.26,483.51,0.2766
3079,8760.6,53556,23.934,585.84,525.28,0.054503
3079,10991,54127,25.813,680.83,546.21,0.10972
3080,9866.7,53367,27.613,632.97,406.28,0.21812
3080,10617,52462,27.516,326.2,170.93,0.31234
3081,9722.2,54921,21.574,216.4,242.91,-0.057726
3081,9878.6,53070,31.424,275.96,183.93,0.2001
3081,10817,52611,30.373,187.17,125.77,0.1962
3082,9645.4,54183,29.728,633.81,458.88,0.16008
3083,9869.4,53395,14.222,913.86,531.11,0.26489
3084,9782.6,53392,9.5717,775.81,633.16,0.10124
3088,10103,53664,32.054,144,139.62,0.015417
3092,8681.2,55233,16.257,307.24,203.82,0.20237
3094,10972,53076,25.054,622.67,260.61,0.40991
3096,9882.7,54757,30.121,445.8,153.21,0.48844
3097,9769.6,54778,17.585,315.8,215.54,0.18869
3098,9711.2,54454,31.222,679.34,338.66,0.33466
3099,8775.9,53267,29.5,453.44,154.24,0.49238
3099,10027,53665,38.221,507.18,317.11,0.23058
3099,10233,54176,25.345,326.6,191.71,0.26026
3100,8803.1,53280,26.85,461.81,183.51,0.43127
3100,9863.1,54457,38.229,296.26,122.38,0.41534
3101,8810.4,53699,33.308,269.98,377.46,-0.16602
3101,9759.6,52892,24.539,280.76,250.49,0.05697
3101,9865,53454,29.374,360.22,227.94,0.22492
3101,9938.5,54408,25.252,325.27,329.91,-0.0070796
3104,8709.8,55312,24.212,562.13,290.33,0.31884
3104,9570.1,53659,33.575,328.54,375.44,-0.066632
3105,8686.2,52757,20.963,754.22,691.32,0.043512
3105,9125.1,52855,14.933,1146.2,993.25,0.071473
3105,9815.4,53807,24.593,272.1,155.33,0.2732
3106,9648.7,53459,45.563,1105.8,178.79,0.72165
3106,10314,52447,21.371,399.55,200.15,0.33249
3106,10868,52750,27.341,438.45,305.49,0.17873
3107,9270.3,53224,18.884,854.8,255.05,0.54039
3108,9210.5,54723,22.868,533,418.3,0.12057
3108,10074,53769,34.62,132.16,303.09,-0.3927
3108,11305,53185,8.1561,812.27,457.08,0.27982
3109,9240.4,54289,24.664,607.25,281.95,0.36584
3109,11330,53178,9.669,758.8,377.86,0.33515
3110,9294.7,55065,37.568,881.61,551.53,0.23032
3110,10005,54013,27.709,554.63,440.58,0.1146
3110,11297,53231,13.034,533.5,328.52,0.23779
3111,9404.7,54936,36.722,245.98,242.95,0.0061918
3111,9957.9,53923,36.719,166.61,153.6,0.040628
3111,10622,52978,37.157,139.96,205.84,-0.19051
3111,11244,53195,37.493,318.62,252.51,0.11576
3113,8974.2,54171,29.306,775.54,786.14,-0.0067845
3114,8916.5,53992,22.973,657.09,341.96,0.31543
3115,8782.4,54088,21.267,668.73,409.75,0.24013
3115,9134.9,52478,32.455,317.76,106.6,0.49761
3115,11616,53158,25.759,629.32,412.46,0.20816
3117,9399.5,54403,33.672,309.01,314.04,-0.0080743
3118,10160,54932,29.674,382.52,211.91,0.28701
3122,11153,54297,27.962,742.62,283.51,0.44742
3124,9831.2,54453,26.545,594.68,378.37,0.22229
3125,8703.7,52738,17.072,1323.6,792.28,0.2511
3125,9779.6,54284,26.589,354.81,226.29,0.22117
3125,10371,54474,19.195,425.87,236.21,0.28646
3126,9627.5,54288,27.946,260.81,151.07,0.26644
3126,10343,54393,31.257,353.61,219.21,0.23462
3127,9700.4,53844,29.838,315.59,225.43,0.16665
3127,10374,52863,28.924,449.98,377.37,0.087758
3127,10674,54326,29.955,505.12,297.71,0.25835
3129,8838.8,53012,21.922,430.61,261.58,0.24419
3129,10150,54867,18.339,1015.7,852.8,0.087188
3131,11363,52839,25.894,271.36,248.9,0.043172
3132,8961.3,54094,27.366,799.51,406.64,0.32573
3132,9053.3,54463,31.163,871.28,479.75,0.2898
3132,10103,52763,35.4,707.83,347.68,0.34121
3132,11291,52813,19.652,499.21,489.46,0.0098641
3134,9092.5,54320,20.972,574.84,332.55,0.26702
3135,11271,52585,30.225,303.52,156.95,0.3183
3136,9341.2,53537,33.379,350.8,168.81,0.35025
3136,10390,54177,19.176,398.76,190.86,0.3526
3136,11392,52588,33.348,363.34,127.41,0.48075
3137,9780.8,54751,33.958,294.13,306.16,-0.020035
3137,10409,54252,25.282,530.69,144.14,0.57282
3138,11088,55342,25.029,525.12,102.56,0.67321
3139,10853,55247,9.3311,886.15,200.51,0.63096
3140,10926,55305,10.542,852.26,219.04,0.59108
3141,10915,55358,15.416,562.78,312.02,0.28665
3141,11100,53691,24.41,487.32,380.31,0.12333
3142,10877,55121,19.457,412.59,134.07,0.50949
3142,11023,52759,24.241,382.89,354,0.039208
3142,11313,53571,23.77,515.82,264.54,0.32201
3143,9220.9,53517,17.952,1158.1,688.36,0.2544
3143,10862,55097,21.811,352.11,202.84,0.26898
3143,11242,53094,23.11,340.14,116.76,0.48891
3144,10018,53375,16.859,624.31,220.64,0.47775
3144,11376,53112,23.453,456.6,143.14,0.52265
3145,8694.4,55351,22.155,516.49,431.28,0.089909
3145,10361,54326,26.604,448.23,270.83,0.24671
3146,10422,54325,29.489,544.29,256.94,0.35863
3150,11210,53657,20.729,651.37,392.73,0.24772
3151,11477,53886,34.229,777.14,512.02,0.20565
3152,9101.4,54618,20.079,760.25,528.4,0.17991
3152,9054.2,55271,32.94,622.88,396.6,0.22196
3152,10846,53629,34.39,220.66,155.32,0.17378
3153,9079.5,54660,25.89,449.14,377.5,0.086662
3153,10973,55089,22.355,454.03,182.97,0.42553
3153,11629,52986,26.716,439.71,362.48,0.096264
3153,11614,53787,22.383,497.92,252.49,0.32707
3154,8991.7,54721,24.392,724.36,343.11,0.35715
3154,11046,53710,29.001,541.61,495.65,0.044309
3155,9031,54842,23.869,979.4,667.67,0.18926
3155,9230.1,53498,27.839,426.16,274.48,0.21649
3155,10275,52623,30.075,308.77,171.66,0.28538
3156,9042.8,53352,23.417,435.74,321.89,0.15027
3156,11317,53672,22.422,649.3,819.26,-0.11573
3156,11211,54642,34.511,434.78,439.34,-0.0052196
3157,8922.9,53033,29.014,592.96,402.69,0.1911
3157,11363,53653,29.987,340.5,267.88,0.11938
3157,11594,55150,27.488,205.04,142.54,0.1798
3159,10820,53287,33.918,438.46,304.18,0.18081
3159,10903,53637,28.697,298.43,257.14,0.074324
3160,10863,53643,23.39,331.8,264.57,0.11273
3161,9137.5,54667,23.552,402.35,488.18,-0.096383
3161,10853,53561,21.824,301.88,348.75,-0.072039
3162,9180,54848,24.672,796.08,511.97,0.2172
3162,10856,53737,31.546,323.69,272.51,0.085838
3163,9175.6,54821,36.372,228.15,426.84,-0.30334
3165,10479,54108,23.124,674.05,390.95,0.26582
3166,10615,54156,26.824,331.34,132.59,0.4284
3166,11002,53586,24.923,469.31,224.19,0.35344
3167,9769.3,54888,27.04,689.21,625.09,0.048784
3167,10967,53556,21.176,400.81,178.47,0.38381
3168,8683.8,55115,25.913,655.66,547.3,0.090078
3168,10109,52482,26.235,317.1,186.27,0.25991
3169,8887.4,54747,29.22,515.88,328.18,0.22238
3169,9665.5,55040,32.005,318.79,330.78,-0.018473
3171,8878,54597,30.662,723.05,445.09,0.23795
3173,11640,54981,25.956,218.04,150.49,0.18331
3175,11666,54530,29.542,194.8,244.26,-0.11266
3176,8722.4,53137,27.978,696.96,389,0.28359
3176,10418,54046,23.039,738.24,374.26,0.32717
3176,11479,54491,27.084,808.28,805.63,0.0016458
3177,8686.6,55381,29.296,245.79,182.24,0.14847
3177,9501,52765,39.013,366.25,350.03,0.022649
3177,11550,54408,33.888,399.07,270.07,0.19278
3178,9692.7,52577,27.043,620.04,367.92,0.25519
3178,11379,54466,22.206,810.21,627.51,0.12708
3179,9179.4,53727,29.707,558.46,624.5,-0.055826
3179,9593.1,52524,27.265,708.59,748.15,-0.027156
3179,10265,53815,16.416,491.71,289.14,0.25942
3179,11354,54492,18.954,570.57,354.7,0.2333
3180,9216,53796,36.191,503.05,249.75,0.33647
3181,8736.2,54577,31.461,581.28,337.16,0.2658
3182,9333.1,54547,28.218,403.86,211.32,0.31297
3183,9463.1,52820,25.248,600.26,264.91,0.38761
3183,10836,52803,23.811,902.26,591.39,0.20813
3184,9281.1,52869,32.845,501.53,279.07,0.28499
3184,10389,52860,31.48,351.14,297.47,0.08274
3185,8693.1,55357,29.576,434.56,189.22,0.39332
3185,9685.8,55376,22.01,585.81,291.07,0.33612
3185,10116,52783,31.977,635.14,270.75,0.40224
3185,10975,53529,24.831,533.75,456.9,0.077566
3186,11042,53377,25.859,323.43,218.83,0.19289
3187,10976,53246,20.391,643.79,302.48,0.36068
3188,10817,52953,35.874,437.56,143.09,0.50713
3189,10582,53537,24.101,295.81,176.11,0.25364
3190,10060,53677,24.64,469.72,355.57,0.13831
3190,10876,53478,26.627,397.92,283.76,0.16746
3191,9919,53431,26.981,397.23,280.88,0.17158
3192,9800.1,54373,18.713,771.73,302.83,0.43637
3192,11076,53517,20.365,460.82,332.2,0.16219
3193,11243,53589,31.697,430.01,256.91,0.25199
3194,9337.1,55228,29.416,383.44,322.76,0.085929
3194,9636.2,53907,29.318,693.3,571.98,0.095879
3195,10122,53947,34.565,570.64,320.04,0.28135
3196,10660,53776,35.93,307.79,224,0.15757
3196,10824,55274,26.558,1229.1,399.25,0.50963
3197,10300,52789,21.332,802.25,387.88,0.34817
3197,10314,54451,30.604,485.75,240.5,0.3377
3197,10791,53753,35.944,542.41,436.48,0.10821
3198,8813.2,55266,34.961,439.58,460.36,-0.023084
3198,10298,54503,27.169,228.09,118.16,0.3175
3198,10943,55324,17.854,600.31,127.43,0.64978
3199,10400,54468,27.053,385.4,266.04,0.18322
3200,10660,54438,32.061,700.01,570.9,0.10159
3201,10763,52678,29.661,297.97,202.44,0.19089
3202,10464,54523,35.118,314.65,179.36,0.27386
3202,11251,54581,29.43,471.34,350.7,0.14675
3203,10523,54618,25.835,353.38,303.62,0.07574
3204,10429,54581,29.135,597.64,524.67,0.065017
3204,11049,54256,24.786,413.37,191.27,0.36733
3205,9454.2,54987,22.146,661.35,353.03,0.30394
3206,9504.7,55002,24.735,677.39,371.36,0.29181
3206,10301,54759,28.03,461.39,370.21,0.10965
3207,9302.6,54848,19.958,393.23,125.35,0.51656
3208,9449.4,53223,31.273,714.45,355.49,0.3355
3208,9412.8,54696,21.292,805.92,334.1,0.41387
3209,9301.7,53394,29.997,591.09,366.88,0.23405
3209,9372.8,54487,31.609,301.52,250.1,0.093216
3209,9670.4,52855,26.811,825.6,373.22,0.37736
3209,10404,54936,37.106,393.72,207.77,0.30915
3209,11060,53689,33.297,672.07,467.64,0.17937
3210,8685.8,55059,22.389,876.79,1264.2,-0.18096
3210,9429.2,54263,31.737,701.06,549.82,0.12091
3210,9682.4,54750,31.202,508.15,460.03,0.0497
3211,9313.4,53643,30.355,349.37,257.56,0.15127
3211,9463.4,52793,13.663,417.57,412.67,0.0058992
3211,9535.8,54986,20.659,686.65,344.03,0.33242
3212,9168.8,53692,36.559,815.19,554.08,0.19069
3212,10217,52563,34.847,838.95,436.22,0.31583
3213,9551.9,54199,32.74,402.39,402.78,-0.00048503
3213,10161,53013,24.864,820.13,620.67,0.13843
3214,11594,54691,25.399,475.04,233.04,0.34176
3215,11028,52453,36.407,222.4,240.29,-0.038663
3216,8938.7,52752,37.123,461.22,305.26,0.20347
3216,11150,54041,37.011,471.56,335.75,0.16822
3217,9549.6,52614,31.991,301.48,203.98,0.1929
3217,11108,53911,27.918,733.37,386.24,0.31005
3218,11185,53583,30.399,741.35,667.8,0.052192
3219,9350.8,53566,22.764,376.61,180.23,0.35268
3219,10939,52997,35.283,923.78,716.31,0.1265
3219,11113,53651,23.019,600.32,331.82,0.28804
3223,8994.6,52635,28.12,526.18,391.46,0.14682
3223,11306,53253,34.256,247.46,190.16,0.13093
3224,8813.9,54331,19.529,924.01,480.1,0.31615
3224,10103,54523,28.862,400.34,293.37,0.1542
3225,8807.6,53398,35.287,454.93,470.79,-0.017133
3225,8844.3,54449,20.532,1802.2,829.96,0.36937
3225,10098,54648,34.016,245.95,176.42,0.16462
3225,11470,55023,35.498,269.89,436.38,-0.23574
3226,9172.3,54218,26.781,639.03,491.19,0.13081
3227,9149.5,54212,14.818,1657.5,867.94,0.31264
3227,10078,52900,32.638,466.5,218.15,0.36274
3228,9096.8,54366,15.131,2019.7,1199.8,0.25467
3229,8735,55300,24.578,422.23,218.57,0.31783
3229,8924,54288,16.084,1038.1,457.66,0.38806
3229,11520,54797,31.109,388.09,237.43,0.24086
3230,8699.9,53690,22.246,539.07,314.43,0.26319
3230,9765.7,54825,27.302,285.22,177.02,0.23407
3230,11111,54243,35.906,630.61,496.09,0.11939
3230,11453,54830,31.863,427.92,254.4,0.2543
3231,10923,52738,21.804,1269.9,753.05,0.25551
3231,11546,53740,30.886,435.67,247.27,0.27586
3232,8718.3,54701,34.367,576.1,558.12,0.015848
3233,8668.2,54779,31.238,418.11,100.05,0.61382
3234,10172,53749,21.544,329.38,233.9,0.16952
3235,8807.3,55375,24.561,605.03,414.52,0.18686
3235,9356.3,53039,26.948,193.56,127.2,0.20691
3236,8698.3,55322,15.694,568.87,198.27,0.4831
3237,11544,54276,32.271,311.51,237.08,0.13567
3237,11500,55362,30.897,537.68,512.82,0.023665
3238,10140,54345,27.126,340.68,150.84,0.38622
3238,11258,53827,46.63,454.34,159.07,0.48136
3238,11602,54974,21.513,510.34,483.6,0.0269
3239,9129.3,53147,32.537,169.42,175.99,-0.019015
3239,10232,55302,33.838,534.98,373.52,0.17773
3239,10335,53472,28.748,282.17,275.9,0.011244
3240,10307,53500,30.789,447.58,552.23,-0.10467
3241,10497,53413,21.399,535.15,441.81,0.095546
3241,10468,55210,31.927,426.05,394.65,0.03826
3242,9544.6,52728,26.025,582.14,467.47,0.10926
3242,10622,53291,22.285,298.4,298.6,-0.00033748
3243,9614.9,54064,26.957,832.41,859.77,-0.01617
3243,10071,53973,14.689,417.59,175.3,0.40865
3243,10565,53254,21.695,722.63,602.92,0.090316
3244,9551,54006,14.588,426.32,399.26,0.032772
3244,9586.1,52571,32.917,464.34,457.44,0.0074851
3244,10608,53199,25.076,476.53,453.19,0.025104
3245,9533.5,54023,17.881,646.61,539.7,0.090118
3245,9742.8,52713,25.204,288.48,249.25,0.072956
3245,10458,53016,16.055,715.19,536.24,0.143
3246,9525.7,53970,19.922,342,412.18,-0.093062
3246,10444,52835,26.382,376.94,419.23,-0.053114
3247,9891,54756,29.173,503.77,264.55,0.31136
3247,10509,52747,29.097,336.22,747.04,-0.37924
3247,11644,53889,30.241,239,129.96,0.29552
3249,11254,52633,11.186,560.79,371.45,0.20311
3250,11226,52665,23.93,230.88,140.25,0.24422
3251,9282.9,54487,33.025,397.87,259.69,0.21014
3253,8690.8,55383,31.147,749,696.83,0.036082
3253,9989.5,54496,32.169,477.1,117.64,0.60439
3254,9725.4,52486,23.214,641.53,300.57,0.36191
3254,10005,54554,28.094,242.99,106.42,0.39083
3255,9125.1,52669,30.558,384.85,120.44,0.52328
3255,10086,53706,25.301,252.75,180.21,0.16753
3256,9022,52888,22.619,603.82,396.28,0.20752
3256,9472.1,55304,35.391,464.68,276.02,0.2547
3256,11625,53822,29.813,741.37,502.3,0.19223
3258,9438,53095,28.552,638.4,499.1,0.12246
3259,11222,54668,27.282,155.29,209.93,-0.14962
3260,9763.5,55272,20.474,640.67,289.36,0.37774
3260,10307,52430,25.117,230.56,150.32,0.21067
3262,9869.8,55387,21.702,1017.9,579.75,0.27425
3263,9481.6,55076,20.961,381.35,208.07,0.29399
3264,9115,54619,29.975,1058.9,623.55,0.25878
3264,9745.8,54457,30.21,1136.4,702.53,0.23595
3264,9823.7,54913,31.66,463.54,227.71,0.34116
3264,10551,55386,24.116,675.39,388.39,0.26979
3265,10031,53837,33.352,1247.4,998.73,0.11072
3265,9946.2,54990,22.953,384.7,299.59,0.12438
3265,11325,55008,30.657,500.31,349.6,0.17733
3266,9685.1,53562,25.735,616.12,262.02,0.40324
3266,11148,55110,28.838,782.24,686.13,0.065458
3267,8865,53231,21.663,882.97,478.23,0.29734
3267,10116,53825,29.435,596.71,329.77,0.28811
3267,10766,52600,33.888,386.96,252.77,0.20975
3267,11000,55245,24.356,716.71,548.11,0.1333
3268,10025,53795,22.256,741.11,285.56,0.44371
3268,11093,55334,21.732,870.71,590.14,0.19206
3269,9910.9,53363,29.004,392.91,248.12,0.22588
3270,9573.2,52602,26.249,348.67,238.15,0.18833
3270,11584,54721,24.75,496.76,331.45,0.19959
3271,10085,52540,22.45,208.28,136.07,0.20969
3274,10561,54309,30.861,690.69,561.34,0.10332
3275,10601,54453,28.753,426.72,281.32,0.20536
3276,10134,52747,23.929,491.4,178.91,0.46619
3276,10742,54446,30.611,520.61,275.54,0.30783
3277,10923,52579,31.072,527.84,239.92,0.375
3277,10820,54384,21.768,538.47,422.69,0.12045
3278,10872,54660,28.41,536.78,301.13,0.28124
3279,10817,52890,36.946,609.33,514.23,0.084638
3279,11254,54663,28.247,416.55,248.02,0.25358
3280,9868.5,53485,25.904,358.86,142.98,0.43019
3280,9944.5,55081,28.635,392.45,242.65,0.23588
3280,10884,53005,31.632,638.14,594.92,0.035052
3280,11135,55074,30.641,276.47,212.86,0.12999
3281,10868,54913,31.743,275.45,125.12,0.37529
3281,11354,53932,29.485,736.94,535.22,0.15857
3282,10352,54746,26.438,467.14,177.99,0.4482
3282,11384,53960,21.586,592.4,375.72,0.22382
3285,10141,52794,31.593,462.32,426.09,0.040772
3287,8756.4,54154,29.493,282.54,212.74,0.14093
3287,11657,53425,31.368,633.88,620.49,0.010678
3288,8806,53623,32.327,354.29,156.6,0.38696
3288,9071.8,54239,36.971,407.62,153.64,0.45252
3288,10765,54366,27.34,803.16,432.8,0.29966
3290,8914.4,53719,32.733,331.99,258.34,0.12476
3290,9108.6,54406,25.009,663.98,586.73,0.061768
3290,9960.9,54114,34.514,365.87,336.95,0.04114
3291,9359.8,54598,28.701,311.52,191.11,0.23955
3292,9456.4,54230,31.01,695.57,528.08,0.13687
3292,10995,54988,36.729,392.77,265.62,0.19313
3293,9302.6,54186,24.521,850.43,472.95,0.28524
3293,9528.9,55177,24.369,826.91,441.97,0.30337
3293,10482,54325,28.761,311.88,156.27,0.33239
3293,11594,54720,22.433,401.5,235.87,0.25986
3294,9902.3,52759,28.31,481.56,196.88,0.4196
3295,9931.1,52591,25.16,545.44,352.31,0.21513
3296,9925.6,52435,25.812,423.75,215.39,0.32599
3298,10120,52543,26.504,431.82,209,0.34771
3298,10144,54804,29.14,411.45,315.48,0.13202
3299,8861.2,54719,29.785,479.19,481.7,-0.002615
3299,10285,54797,27.91,310.03,245.24,0.11667
3300,8763.3,54638,19.032,879.51,654.49,0.14669
3300,10396,54897,29.188,392.92,266.23,0.19221
3300,11170,52408,30.971,562.71,507.31,0.051775
3301,8978.6,53463,36.419,354.78,142.31,0.42744
3301,10127,53479,33.51,200.63,109.55,0.29363
3302,10169,53783,15.617,594.89,395.93,0.2008
3302,11248,53191,30.08,372.29,274.53,0.15114
3303,10296,55242,24.617,474.18,126.08,0.5799
3304,10625,53422,23.049,485.54,302.14,0.23283
3305,9934.7,54266,30.727,391.78,268.86,0.18606
3305,10142,55334,32.237,405.26,310,0.13318
3305,11392,54919,35.923,399.68,319.61,0.11132
3306,9077.1,55005,30.719,958.26,606.65,0.22469
3306,10008,54134,33.72,416.43,293.42,0.17329
3306,10155,55372,35.335,650.89,800.53,-0.1031
3306,11243,54682,28.045,349.87,290.67,0.092432
3307,9019.3,54822,28.684,378.35,182.16,0.35003
3308,10949,55101,34.632,257.04,129.48,0.33002
3308,11393,52542,28.655,408.26,103.34,0.59601
3309,9965.4,54554,35.718,224.04,279.05,-0.10935
3311,11316,54445,23.999,640.28,262.91,0.41781
3312,10210,53737,37.202,287.22,467.23,-0.2386
3312,11327,54363,20.802,1259.7,732.79,0.26446
3314,11573,52968,23.181,393.08,262.27,0.19961
3315,8713.1,52473,27.819,296.17,208.3,0.17418
3315,8954.9,55170,33.673,179.6,137.12,0.13412
3315,10673,54839,30.605,287.74,146.19,0.32622
3315,11112,55148,24.088,208.65,167.37,0.10978
3316,9604.8,52443,29.353,707.31,359.21,0.32639
3316,10877,54841,26.715,527.78,537.05,-0.0087076
3317,9565.9,52467,25.235,569.11,289.23,0.32607
3318,10602,54974,23.561,527.84,297.47,0.27913
3318,11127,53115,26.154,395.71,319.37,0.10677
3319,9278.2,53639,29.407,495.56,269.12,0.29612
3319,10543,54942,29.253,350.97,360.84,-0.013861
3322,8936.7,53336,31.793,824.98,848.12,-0.013828
3322,8966.3,53373,42.902,1146.1,1219.3,-0.030964
3322,9645.4,55155,27.661,801.84,556.6,0.18053
3323,9007.3,53184,29.173,600.33,533.15,0.059274
3323,9401.1,52416,27.249,670.93,391.49,0.26302
3323,11001,53710,26.145,704.98,412.56,0.26167
3324,8893.9,53260,17.638,1134.6,567.93,0.33282
3324,10572,54791,29.462,494.43,605.23,-0.10076
3324,10918,53795,30.783,524.58,343.4,0.20874
3325,8866,53033,20.244,1407.9,676.05,0.35119
3326,8675,52902,21.686,498.46,303.06,0.24379
3331,9931.6,53402,35.217,366.41,294.67,0.10851
3332,10054,53453,38.294,290.78,225.73,0.12593
3333,10092,53796,18.854,457.27,208,0.37469
3333,11623,54432,23.58,307.57,154.51,0.33123
3334,9940,53776,24.914,458.94,272.58,0.25475
3335,11044,53775,36.449,721.33,534.52,0.14876
3335,11288,53167,16.576,486.62,328.16,0.19449
3336,8757.1,53939,26.191,492.27,254.47,0.31845
3336,9533.2,53377,33.861,566.78,307.85,0.29605
3336,9977.3,54260,37.515,415.17,262.33,0.22559
3336,10974,53734,21.02,552.65,441.77,0.1115
3337,8979.5,53777,38.015,497.02,218.91,0.38846
3337,9415.1,53746,39.251,736.94,527.42,0.16571
3338,8787.4,53405,31.17,447.19,381.74,0.078961
3339,9246.4,52743,24.815,866.12,1143.7,-0.13811
3339,10995,54465,22.997,534.19,291.8,0.29346
3340,10791,55371,15.398,436.53,286.84,0.20694
3340,11223,53764,32.24,854.97,580.06,0.19157
3340,11249,53076,30.19,441.14,171.51,0.4401
3341,9359.9,53976,37.662,589.05,300.83,0.32389
3341,9908.2,55179,34.832,287.13,214.08,0.14575
3341,10962,53832,28.175,389.35,192.13,0.33917
3343,9280.4,53143,37.643,495.75,247.93,0.33324
3344,9216.8,53094,19.054,647.53,325.4,0.3311
3344,9515.3,53754,25.357,706.91,424.33,0.2498
3345,9390,52976,27.9,352.77,232.58,0.20533
3345,9697.5,54155,27.464,409.28,248.07,0.24524
3345,10794,53514,21.066,390.05,131.69,0.4952
3346,8745,54628,24.825,1348.6,595.65,0.38726
3346,8746.1,54195,28.961,1176.4,935.32,0.11416
3346,9503.2,54409,26.587,372.51,207.57,0.28434
3347,9440,54286,33.553,491.21,169.3,0.48737
3347,9548,55367,32.51,302.84,195.97,0.21426
3347,10213,53831,24.989,659.41,445.01,0.19413
3347,10559,54474,31.433,536.5,240.14,0.38159
3348,8888.7,55186,30.607,857.02,688.1,0.10932
3348,9940.6,53382,20.213,810.98,368.46,0.3752
3348,10905,53245,31.994,409.95,306.89,0.14377
3349,8825.5,55243,21.1,552.59,529.73,0.021122
3349,10678,52509,20.123,530.53,316.8,0.25224
3350,8747.4,55232,28.64,204.14,167.2,0.099464
3350,10764,52659,28.573,277.86,205.14,0.15057
3351,9752.9,53360,21.636,445.93,127.55,0.55518
3351,10068,54769,30.485,481.12,138.41,0.55318
3352,9661.5,55221,28.011,417.51,299.43,0.16469
3352,9864,53472,25.042,415.24,222.06,0.30312
3353,9511.8,55251,31.852,489.81,318.11,0.21252
3353,9977.6,53459,29.267,566.76,350.77,0.2354
3355,10306,55322,29.07,603.62,565.77,0.032368
3355,10409,52907,27.313,504.39,350.43,0.18011
3355,10423,53835,24.894,413.72,104.98,0.59523
3356,10275,52738,32.945,403.44,305.28,0.1385
3356,10413,55240,20.637,750,619.75,0.09509
3359,11476,54196,29.893,278.03,194.36,0.17711
3360,11168,53170,20.933,452.39,354.53,0.12128
3361,11207,53170,17.669,503.7,562.71,-0.055332
3362,9200.4,53445,23.131,565.23,352.95,0.2312
3363,9210.3,53348,16.428,633.01,269.92,0.40213
3363,11181,53147,24.487,234.83,184.93,0.11887
3364,9231.8,53282,22.197,572.34,245.93,0.39891
3365,9178,53231,18.934,410.6,192.89,0.36076
3366,9246.9,53212,21.998,496.82,490.02,0.0068948
3368,9122.4,53131,20.451,634.76,427.07,0.19559
3369,8999.5,53658,25.561,236.14,212.13,0.053567
3369,9235.4,53109,14.197,619.43,431.37,0.17897
3370,8876.2,53510,26.426,384,223.53,0.26412
3370,9577.8,54992,21.195,495.21,149.45,0.53635
3371,9223.9,53182,23.89,325.84,277.15,0.080742
3371,10380,54005,17.8,750.02,317.02,0.4058
3371,10808,52766,29.162,651.34,486.98,0.14439
3371,10735,55277,32.458,804.34,534.61,0.20145
3372,8954.2,54963,37.715,280.09,159.03,0.27569
3372,9281.1,53131,22.823,704.34,506.36,0.16352
3373,9011.1,54947,25.971,473.77,250.36,0.30853
3373,9309.7,53157,13.8,562.41,240.07,0.40168
3373,11168,53147,25.806,183.43,108.86,0.25515
3374,9234.5,53180,15.882,477.77,428.06,0.054873
3374,10595,52615,32.264,454.08,145.49,0.51467
3375,9299.6,53164,19.606,522.55,414.1,0.11578
3375,10680,52739,20.257,513.54,146.51,0.55606
3376,10193,54442,25.778,750.43,607.28,0.10544
3377,8872.4,54182,23.866,429.82,128.91,0.53856
3379,9923.5,54513,27.862,705.11,354.93,0.33035
3379,9901.2,54862,24.363,546.23,205.71,0.45285
3380,9914.5,54722,12.515,674.1,174.83,0.58811
3383,10278,53012,30.365,901.38,409.35,0.37538
3384,10346,52983,22.661,1264.5,775.68,0.23958
3385,10468,52999,21.139,470.78,189.93,0.42508
3386,8827.5,53495,23.613,715.14,350.94,0.34162
3387,9563.6,55334,43.812,643.03,318.84,0.33705
3388,8685.4,54781,20.031,532.47,433.95,0.10195
3388,10007,52595,25.088,630.73,309.95,0.341
3389,10086,52552,18.459,682.19,454.11,0.20073
3389,11426,53749,29.025,407.89,257.3,0.22639
3390,9588.5,54248,33.141,455.58,284.64,0.23093
3391,9015.8,53344,26.583,809.6,458.74,0.27663
3392,9049.1,53291,26.151,495.91,325.21,0.20789
3392,10100,52661,35.019,204.09,225.46,-0.049753
3393,10848,52415,37.27,254.18,224.76,0.061421
3394,10792,52473,36.5,296.05,165.28,0.28347
3395,10673,52617,22.536,664.05,450.39,0.19172
3396,8739.1,52597,21.681,654.24,528.43,0.10638
3397,9364.9,55327,30.377,371.8,321.06,0.07322
3400,9522.1,55102,31.32,563.43,528.73,0.03177
3402,9222.1,54680,27.569,503.92,407.8,0.10543
3402,9708.5,53633,22.492,655.34,245.12,0.45557
3403,10401,54150,32.311,211.43,237.62,-0.05833
3404,8863,52821,20.032,863.45,537.45,0.23271
3405,8711.4,52675,29.148,435.78,160.8,0.46092
3407,9175.4,53201,24.02,799.86,593.56,0.14805
3408,9317.4,53106,29.171,414.55,159.94,0.44321
3409,9271.5,52942,29.176,668.25,366.13,0.29208
3411,10597,54686,25.305,409.87,263.85,0.21673
3411,11056,53967,34.536,1178.8,331.85,0.56066
3412,10275,52596,32.147,1106.6,762.93,0.18382
3412,11455,53876,24.603,626.14,238.16,0.44889
3413,10255,52811,26.537,411.97,129.07,0.52287
3414,11555,53708,23.511,306.2,139.61,0.37368
3415,9241.7,54879,25.882,514.01,291.82,0.27573
3416,9108.5,54852,30.241,483.09,423.22,0.066066
3418,9173.9,54917,28.684,448,126.27,0.56023
3421,9107.3,54811,38.648,280.09,240.78,0.075479
3422,9174.5,54686,22.758,1394.8,1013.9,0.15815
3422,10753,53109,25.633,420.96,223.02,0.30738
3423,9447.3,54847,20.36,485.34,247.54,0.32448
3423,10876,53048,30.95,638.02,361.57,0.27657
3424,9219,54198,17.982,808.94,710.85,0.064537
3424,11459,53943,20.88,321.88,167.83,0.31456
3424,11414,52938,36.124,548,345.57,0.22654
3425,11214,53113,23.499,434.79,258.3,0.25464
3426,11292,53214,16.756,817.02,482.86,0.25707
3427,11194,53048,22.975,538.62,265.1,0.34031
3428,11402,52919,31.303,565.16,173.13,0.53099
3429,10844,53830,20.945,598.56,386.14,0.21572
3431,11033,53356,25.942,473.15,228.5,0.34867
3432,9823.6,54943,33.619,200.58,225.01,-0.057405
3432,11219,53220,13.237,853.17,317.56,0.4575
3433,8693.5,55092,37.474,404.58,352.22,0.069178
3433,11219,53183,18.899,660.71,377.5,0.27278
3436,11587,54740,28.011,437.36,253.05,0.26696
3439,9631.8,54971,23.568,478.03,386.99,0.10525
3440,9555.5,54731,19.681,921.39,593.4,0.21652
3442,9409.2,53609,25.065,460.14,187.99,0.41991
3442,9799.3,54795,38.633,195.11,271.38,-0.1635
3443,8742.7,52888,18.885,597.14,380.54,0.22155
3443,9459.8,53658,25.102,537.82,319.4,0.2548
3443,9874,54807,25.732,188.3,140.68,0.14477
3444,8716.9,53041,29.208,440.91,258.34,0.26109
3444,9220.2,53450,17.858,547.01,300.79,0.29043
3444,10208,52729,23.353,362.57,141.65,0.43814
3445,10177,52458,31.567,364.44,322.14,0.061604
3446,9181.1,53359,22.262,767.94,632.64,0.096603
3446,11100,54217,31.896,426.85,166.46,0.43888
3447,10083,53842,37.82,409.67,376.1,0.042719
3451,11532,55008,22.232,313.53,116.15,0.45938
3452,9607,55388,26.093,476.58,287.76,0.24704
3452,10053,53866,32.144,363.88,291.43,0.11056
3452,10216,52485,31.259,514.82,368.17,0.16608
3452,11362,54980,35.67,469.55,251.03,0.30326
3453,9099.4,54365,20.14,641.01,207.85,0.51029
3453,10382,52629,27.011,616.58,468.64,0.13633
3453,11594,55069,27.914,350.02,114.11,0.50829
3454,9737.5,55011,33.875,642.95,421.34,0.20823
3454,10241,52642,31.755,341.88,210.1,0.23874
3455,9276.3,54326,25.969,472.27,170.66,0.46912
3455,10460,54921,32.284,875.23,291.29,0.50058
3456,9814.2,55338,24.083,494.84,298.44,0.24758
3456,10267,53932,14.08,1054.3,717.27,0.19027
3457,10244,53782,26.83,402.82,359.83,0.056362
3458,10173,53790,13.85,522.8,143.42,0.56944
3459,10106,53839,16.332,609.48,219.07,0.4712
3459,11074,54965,22.782,834.96,426.26,0.32405
3459,11606,54446,21.305,650.54,177.49,0.57129
3460,10113,53751,19.284,758.28,271.06,0.47334
3460,11312,54946,37.616,667.26,466.68,0.17689
3461,8916.7,53095,21.976,320.48,170.01,0.30677
3461,10255,53863,32.511,442.18,211.13,0.35365
3461,11262,54881,25.688,965.15,650.13,0.19503
3462,11103,54815,32.217,280.38,163.6,0.26301
3463,11269,53074,38.749,347.3,274.78,0.11656
3466,9485.3,53834,29.546,505.46,416.6,0.096378
3467,9525.4,52898,16.392,392.28,287.24,0.15457
3468,11559,54271,26.061,454.19,294.41,0.21343
3469,8881.1,54850,21.87,857.33,474.35,0.28759
3469,9644.7,55092,31.42,816.44,656.82,0.10835
3469,10455,54160,28.568,627.58,408.88,0.21101
3470,8897.2,54732,25.086,802.84,345.5,0.39827
3470,9872.9,54964,22.195,343.25,247.74,0.16161
3470,10340,53162,27.242,413.57,274.16,0.20271
3470,10788,53962,25.015,693.08,838.21,-0.094773
3471,9084.7,54518,25.555,465.81,397.4,0.079248
3471,9712.8,54973,32.645,676.12,439.42,0.21218
3471,10349,53305,28.871,687.38,600.32,0.067605
3472,8992.6,54783,23.55,606.72,438.7,0.16072
3472,9596.6,54946,24.876,843.7,442.73,0.3117
3472,11304,54425,25.349,600.87,479.65,0.1122
3473,9643.4,54975,19.275,647.43,339.83,0.31157
3474,9679.5,54900,28.535,456.63,299.17,0.20835
3474,11375,54027,29.553,481.62,278.08,0.26792
3475,11493,54471,35.955,937.86,411.73,0.38984
3476,9667.3,55210,35.472,612.72,350.82,0.27181
3476,11260,52653,17.593,506.54,264.9,0.31323
3476,11310,54461,24.868,615.88,329.19,0.30335
3478,10549,54613,30.149,598.14,355.4,0.25457
3479,10511,54540,23.215,678.39,378.8,0.28338
3480,11192,54525,29.329,1145.7,957.81,0.089312
3481,8990,54336,30.974,635.86,589.2,0.038087
3481,11522,54344,28.16,651.01,513.41,0.11817
3482,8802,55010,27.157,588.92,354.87,0.24798
3482,8999.8,54342,19.204,829.13,352.2,0.40372
3482,11351,54500,20.45,669.1,642.97,0.019918
3483,9075.7,54927,30.849,525.98,363.83,0.18223
3483,10978,52717,23.535,384.04,366.21,0.023767
3483,11417,54562,28.61,324.39,299.24,0.040339
3484,9028.4,55146,25.636,611.5,207.32,0.49362
3486,9088.3,54584,25.257,286.04,199.5,0.17823
3486,11245,53612,36.484,142.09,105.41,0.1482
3487,8948.6,54904,24.74,382.27,284.48,0.14667
3487,9782.1,53844,32.273,207.4,137.41,0.20297
3487,9897.1,54924,23.715,277.58,171.53,0.23613
3487,11269,53157,32.028,288.29,281.64,0.011675
3488,11268,53109,20.368,269.27,200.26,0.14697
3489,8755.1,53369,23.994,1351.6,919.33,0.19035
3489,11149,52416,28.713,255,200.16,0.12047
3490,8858.8,53543,26.397,1071.2,947.7,0.061174
3490,9738.2,54813,20.583,460.67,279.78,0.24431
3490,10771,52509,21.018,509.72,311.65,0.24115
3491,8856.1,53936,29.645,494.43,505.3,-0.010879
3492,8795.3,52806,22.058,1325.4,944.87,0.16761
3492,9000.4,53850,32.425,312.77,276.87,0.060898
3492,10881,52977,23.111,386.38,511.36,-0.13921
3493,9518.1,52649,20.96,329.26,238.38,0.16009
3493,10355,55306,20.763,508.62,336.56,0.20358
3493,11363,54826,25.207,673.22,543.63,0.1065
3494,8767.7,52911,15.722,840.61,247.78,0.54468
3494,9593.6,52569,21.598,417.31,338.48,0.1043
3494,9882.6,54774,24.012,393.17,507.89,-0.12731
3494,10379,55335,29.221,490.68,183.04,0.45662
3494,10962,53182,27.578,401.92,414.31,-0.015184
3495,9574.5,52631,18.531,849.26,523.48,0.23733
3495,10974,53108,27.148,521.02,653.28,-0.11263
3496,9575.8,52720,25.604,412.4,332.54,0.10721
3496,10990,52962,17.487,679.06,507.08,0.14499
3496,11486,54784,29.264,362.41,263.92,0.15726
3497,10972,52848,28.251,355.6,454.57,-0.12216
3498,9801.3,53880,36.88,746.11,595.54,0.11223
3500,9562.2,54142,37.392,355.13,149.72,0.40687
3501,9931.8,54407,30.303,267,124.35,0.36449
3502,9433.4,55385,27.165,823.53,686.78,0.090544
3502,11088,53141,24.309,528.87,347.02,0.20762
3505,10690,55216,13.302,583.31,685.34,-0.080427
3506,10098,52870,26.447,1054.9,383.61,0.46667
3509,10026,52941,36.536,770.4,685.26,0.058489
3510,10602,52883,22.631,369.11,184.69,0.33301
3511,10518,53810,29.309,228.61,147.67,0.21513
3514,10712,52558,31.728,461.04,352.29,0.13372
3515,9415.2,53368,32.188,473.04,377.63,0.11216
3515,9550.9,52769,27.813,316.93,313.64,0.0052017
3516,9143.3,53092,27.417,1290.7,1166,0.050742
3516,9982.4,55250,32.358,234.9,167.37,0.16787
3517,9534.6,52711,34.992,297.66,164.7,0.28758
3517,10016,55061,35.617,404.61,196,0.34734
3518,11600,53739,23.918,561.31,354.51,0.22581
3519,8694.5,53320,31.675,600.78,470.98,0.12111
3520,10212,53851,21.666,446.23,226.62,0.32639
3520,11207,54967,40.964,404.6,266.66,0.20549
3522,11071,53215,28.046,511.72,594.63,-0.07494
3523,8849.8,52985,22.374,491.04,286.3,0.26339
3523,9799.4,53371,30.867,262.69,410.58,-0.21966
3524,9771.1,53371,15.987,422.56,340.15,0.10805
3524,10252,54497,36.18,637.98,342.37,0.30154
3524,10549,52538,31.309,581.63,537.27,0.039648
3525,9428.4,53520,27.066,576.74,403.75,0.17643
3526,9381,52623,31.347,358.14,217.28,0.24479
3527,8810.2,52673,24.15,1107.2,496.46,0.38085
3527,9136.1,52667,34.214,836.7,491.11,0.26027
3529,10935,53268,28.352,574.02,305.55,0.30522
3530,10738,54373,28.751,322.54,252.28,0.12224
3530,10987,53394,16.712,985.16,787.75,0.11135
3531,10108,53760,33.351,476.25,239.23,0.33128
3531,10417,54448,29.692,647.19,1071.6,-0.24694
3532,10464,54429,27.355,463.67,549.25,-0.08449
3533,10686,54496,30.255,542.01,752.24,-0.16243
3534,10584,54469,28.323,601.25,606.72,-0.0045325
3534,10592,55006,22.178,1081.2,1184.9,-0.045736
3534,10961,52928,22.871,472.36,250.37,0.30715
3535,10269,54338,28.325,417.97,253.48,0.24497
3535,10657,54880,18.962,776.75,827.58,-0.031683
3536,10229,54157,19.965,932.12,785.46,0.085392
3536,11356,53264,32.434,655.98,260.45,0.4316
3536,11577,54197,33.418,576.49,279.57,0.34685
3538,8875.2,55356,28.536,540.04,511.24,0.027399
3538,11646,52431,23.845,277.22,112.31,0.42338
3540,8713.2,53823,29.816,408.49,326.35,0.11177
3545,9698,53493,19,1147,659.76,0.26967
3546,9689.6,53465,26.094,367,277.73,0.13847
3547,9760.3,54733,23.25,361.35,282.98,0.12163
3548,9538.9,53687,34.036,300.37,546.6,-0.29073
3549,9190.9,54846,26.892,619.78,486.59,0.12039
3549,11495,53736,29.407,352.94,368.83,-0.022019
3550,9378.7,53641,33.709,151.34,396.92,-0.44792
3550,9380.4,54993,24.315,288.03,102.14,0.47645
3552,9862.4,53539,30.807,799.95,403.68,0.32923
3552,11646,54427,26.261,973.13,577.92,0.2548
3553,8955.5,54954,33.552,518.53,343.17,0.20351
3553,9156.1,53418,30.717,258.77,533.93,-0.34712
3553,9842.9,53372,18.06,649.45,342.12,0.30994
3554,9067,53418,37.222,369.04,866.97,-0.40285
3554,9881.5,53427,17.884,544.57,111.35,0.66047
3554,10897,53827,29.442,553.58,291.63,0.30991
3554,11090,55253,35.75,765.11,357.46,0.36314
3555,8895.6,54427,26.899,580.36,303.18,0.31371
3555,9962.2,53623,19.106,764.42,328.76,0.39853
3555,11045,53701,26.372,592.03,269.15,0.37493
3555,11142,55358,28.898,985.46,595.53,0.24664
3556,9848.3,53658,19.633,1152.4,624.56,0.29704
3556,11285,53709,29.594,519.26,226.34,0.39286
3558,8963.2,53548,21.543,303.25,603.26,-0.33095
3558,9834.6,54772,10.094,778.84,325.28,0.4108
3558,11467,53550,23.196,705.88,488.67,0.18184
3559,8828.7,53503,35.149,394.68,716.79,-0.28981
3559,9384.5,54684,26.942,979.52,580.04,0.25615
3559,9636.3,54779,28.568,367.55,228.93,0.2324
3559,11555,54420,20.874,569.99,293.8,0.31974
3560,8872.5,53601,27.051,291.12,673.79,-0.39659
3560,8857.7,54486,26.565,954.16,558.1,0.2619
3561,8738.2,54549,24.599,537.25,156.23,0.54942
3561,8955.7,53538,20.931,663.4,851.85,-0.12438
3563,11069,52942,30.534,394.71,424.7,-0.03659
3564,9614.1,54708,25.075,481.23,545.35,-0.06246
3565,9425.7,54746,25.352,353.64,227.79,0.21644
3565,11035,53008,21.483,785.88,524.93,0.19907
3566,9308.9,54602,24.988,559.41,337.72,0.24711
3566,11260,53340,28.887,1487,770.56,0.31734
3567,11137,53305,20.53,1691.2,1313.7,0.12563
3568,8839.3,54691,32.395,325.27,247.27,0.13623
3568,10035,53859,37.765,474.18,131.25,0.56642
3569,10109,53702,21.557,672.48,398.72,0.25556
3569,11022,53509,26.814,637.9,294.92,0.36768
3569,11399,54998,26.783,233.23,107.68,0.36829
3570,10187,52545,28.426,834.19,586.32,0.1745
3571,11066,53535,26.959,262.36,166.03,0.22487
3572,8906.5,53540,29.777,780.86,449.95,0.26885
3572,9830.3,53166,31.337,217.65,222.79,-0.011664
3572,10789,54342,36.906,432.27,445.99,-0.015625
3572,11250,53694,40.192,682.96,344.24,0.32975
3573,8797.1,53978,29.921,398.41,179.26,0.37936
3573,10073,53063,33.686,481.17,246.38,0.32272
3573,10949,54278,29.044,928.67,668.68,0.16277
3573,11039,53461,29.577,247.42,334.15,-0.14913
3574,10361,52971,28.776,416.87,190.88,0.37184
3575,10407,53829,22.965,384.05,284.33,0.1492
3575,10563,53190,30.004,735.42,652.06,0.060085
3575,11354,54863,24.713,805.72,292.94,0.46674
3576,10832,55331,33.104,757.5,607.19,0.11014
3576,11064,53507,25.723,448.5,288.46,0.21716
3576,11422,54885,20.72,1084.3,724.19,0.19913
3577,10803,53247,39.809,336.57,214.48,0.22157
3577,11415,54703,24.93,596.6,400.43,0.19675
3578,11263,54330,27.672,568.85,319.44,0.28077
3579,11525,54280,24.967,501.78,194.14,0.44207
3580,9461.1,52852,18.326,570.59,456.41,0.11118
3580,9949.8,54162,23.498,497.62,359.05,0.16175
3580,11067,53485,28.783,534.74,166.63,0.52485
3580,11165,55103,27.815,621.37,430.85,0.18106
3581,9167,52895,25.762,1290.4,705.13,0.2933
3581,11264,55272,19.63,602.43,386.55,0.21828
3582,10194,55234,29.648,1469.8,730.91,0.33574
3582,11368,55147,35.259,157.54,178.21,-0.061575
3583,11122,53548,34.434,284.34,404.29,-0.17418
3584,9300.3,55307,32.628,375.81,218.24,0.26524
3584,9441.4,53080,24.19,251.8,176.38,0.17613
3584,10583,54771,19.333,1199.6,647.32,0.29904
3585,10598,54646,25.491,547.5,337.81,0.23686
3585,10608,54879,34.427,794.44,534.48,0.19562
3586,9162.9,55142,23.939,935.45,479.49,0.32225
3587,9093.8,54991,34.931,422.75,587.44,-0.16303
3588,10235,53887,28.882,330.93,114.25,0.48673
3590,9074.5,54325,23.45,472.06,339.17,0.16381
3591,9097.7,54727,31.58,489.65,494.14,-0.0045663
3591,10252,55031,26.273,565.17,434.15,0.1311
3591,11155,53560,33.384,727.37,590.34,0.10399
3592,8882.7,54862,30.142,324.72,193.23,0.25387
3592,9710.5,54857,25.67,479.99,302.43,0.22694
3592,10923,53511,31.414,361.81,386.18,-0.032576
3594,9266.8,54366,27.307,499.76,483.84,0.016176
3594,10281,54059,33.909,394.52,343.88,0.068576
3594,10920,53753,31.234,771.61,484.32,0.22874
3595,9547.4,54267,38.402,581.15,368.22,0.22429
3595,10914,53682,28.702,281.84,254.08,0.051805
3596,9154,54567,23.88,461.77,197.21,0.40146
3596,10515,52412,24.992,353.68,186.1,0.31047
3596,11032,53242,26.041,631.74,299.7,0.35648
3597,9276.5,54501,22.682,483.79,254.11,0.31126
3597,9860.2,55091,28.663,294.27,133.4,0.37615
3597,10660,53532,31.14,283.4,274.35,0.016227
3597,11144,53068,29.245,1108.5,671.7,0.24535
3598,9487.8,54832,25.874,638.66,415.32,0.21191
3598,10600,53444,29.475,226.51,154.79,0.18808
3598,11028,53023,15.666,1303.2,927.15,0.16862
3599,8861.5,53768,38.582,901.14,387,0.39913
3599,9485.9,54989,21.04,532.44,315.8,0.25539
3599,10102,52874,25.541,330.41,106.06,0.51401
3599,11193,52952,28.721,618.43,264.4,0.40101
3600,9435.9,54989,20.912,348.83,240.77,0.18328
3600,10412,53791,28.175,431.46,295.18,0.18754
3602,9735.1,54976,26.798,377.56,378.16,-0.00078539
3602,11246,52971,33.04,212,175.64,0.093788
3603,8715.1,53213,20.318,510.11,185.01,0.46768
3603,9915,55145,34.972,344.27,452.18,-0.13549
3604,9881,55261,24.888,331.14,216.65,0.20901
3605,9323.7,52912,36.957,525.82,136.3,0.58829
3605,11036,53080,33.47,191.83,112.36,0.26124
3606,9787.1,55297,18.314,1261.4,512.93,0.42183
3606,10678,55033,27.878,316.06,160.33,0.32691
3607,9093.9,52685,25.338,305.34,100.23,0.50572
3607,9716.2,55371,22.23,398.87,245.97,0.23711
3608,9773.8,54020,20.798,537.02,349.65,0.21133
3608,10517,54777,26.885,320.72,284.18,0.060415
3610,10617,52421,25.072,593.77,186.8,0.52138
3610,11194,54694,32.135,297.42,174.31,0.26099
3611,10536,52401,28.659,468.58,127.56,0.57205
3611,11333,54560,25.266,603.45,501.2,0.092559
3612,9438.8,52580,25.021,391.99,125.88,0.51386
3612,10085,54122,26.396,369.49,216.98,0.26006
3612,11286,54366,25.607,463.86,389.42,0.087243
3614,9877.4,54652,29.143,313.39,104.88,0.4985
3616,11539,52815,37.356,265.71,148.56,0.28278
3617,9050.8,52814,24.907,319.17,277.91,0.069103
3618,8967.1,53141,27.688,784.77,751.99,0.02133
3618,11000,53373,17.733,673.67,363.12,0.29953
3618,11292,54449,32.026,498.66,432.91,0.070572
3619,8849.6,53175,26.169,534.36,510.14,0.02319
3619,10899,53496,21.075,535.96,254.92,0.35535
3619,11401,54652,28.818,414.69,193.99,0.36258
3620,8848.5,53144,29.256,442.93,159.07,0.47154
3620,10832,53437,24.825,747.06,515.03,0.18384
3620,11248,54785,25.534,652.88,301.83,0.36771
3621,10395,53551,35.286,338.77,292.03,0.074099
3621,11046,53469,16.236,864.43,571.11,0.20433
3621,11260,54811,26.82,615.57,386.9,0.22811
3622,8786.2,53192,27.808,500.6,317.5,0.2238
3622,11003,53543,23.182,526.3,528.69,-0.0022672
3622,11110,54920,32.88,472.45,152.32,0.5124
3623,11190,55204,21.843,524.33,438.52,0.089124
3624,11205,55224,32.188,498.2,374.94,0.14117
3626,8897.3,54942,34.61,579.12,319.49,0.28892
3626,10752,54458,30.887,397.59,156.93,0.434
3626,10951,53349,30.972,237.05,219.67,0.038064
3627,10660,54725,24.746,433.51,312.84,0.16168
3628,10599,54564,32.551,320.74,227.53,0.17
3628,10921,53419,34.14,306.01,385.74,-0.11525
3628,11180,55350,21.514,778.41,680.61,0.067031
3629,8964.5,55217,18.951,1317.6,999.57,0.13725
3629,10957,53570,28.751,372.52,422.74,-0.063147
3630,9164.6,55144,22.418,324.8,184.62,0.27518
3631,11014,53759,29.772,279.26,104.83,0.45414
3632,10865,53603,36.917,302.05,243.19,0.10795
3633,9129.8,53254,29.972,534.04,563.93,-0.02723
3633,10821,53521,24.151,489.98,139.97,0.55562
3634,10798,53502,10.82,994.19,558.06,0.28097
3635,9371.6,55164,27.681,468.34,268.66,0.27093
3635,10692,53452,28.901,381.97,218.45,0.27233
3636,9476.6,54045,27.432,420.61,212.25,0.32924
3636,10471,53061,31.021,677.19,291.95,0.39751
3637,9509.7,54511,30.866,379.57,253.53,0.19908
3638,9435.4,54317,23.909,1054.1,752.07,0.16723
3639,9433.1,54404,22.321,514.59,431.12,0.08826
3639,11222,52922,29.332,278.89,186.96,0.19734
3640,9461.2,54475,21.819,507.71,360.9,0.16901
3640,11113,53002,26.634,597.84,306.32,0.32241
3641,9618,53480,26.366,487.08,147.5,0.53512
3645,8768.9,54814,29.166,384.08,210.72,0.29145
3646,9545.8,54940,31.822,505.75,432.71,0.077831
3647,9466.6,54733,31.074,427.18,515.71,-0.093891
3647,10850,52973,22.885,371.03,109.19,0.54525
3647,11261,54613,26.764,661.58,437.81,0.20354
3648,9623.9,53612,34.241,264.85,181.5,0.18673
3648,9844.4,54866,19.595,1095.4,507.76,0.36657
3648,10970,54448,27.348,623.09,482.86,0.1268
3649,10977,54447,32.528,738.22,454.14,0.23825
3650,9641.6,54875,28.902,708.52,641.1,0.049957
3651,9788.2,54936,13.875,713.71,517.71,0.15916
3651,10688,54400,19.03,635.61,458.39,0.162
3652,8915.9,54457,34.787,395.29,278.15,0.17394
3652,10716,54510,26.061,652.29,342.45,0.31147
3652,11089,53188,25.929,396.12,241.98,0.24157
3653,8833.2,54612,22.039,673.04,457.81,0.19032
3654,9019.3,52631,36.894,322.48,168.78,0.31288
3654,10320,54229,35.252,314.14,190.16,0.24585
3656,10303,52971,36.917,440.98,203.36,0.36879
3657,9616.7,55362,25.855,355.56,351.23,0.0061275
3657,10716,52712,32.02,333.44,131.01,0.43584
3657,11193,53211,17.498,403.29,248.71,0.23708
3658,10080,53740,29.822,232.35,235.03,-0.0057469
3659,10364,53899,19.56,678.21,186.01,0.56954
3659,10551,52467,33.919,205.91,204.28,0.0039659
3660,9181,53137,25.813,492.04,281,0.27301
3660,9091.6,55060,26.853,525.3,316.95,0.24737
3664,10081,53877,18.939,653.68,244.63,0.45536
3665,10030,53868,19.253,722.73,335.86,0.36546
3666,10048,53962,21.852,642.11,481.74,0.1427
3667,10113,53904,11.086,1172.1,736.24,0.22841
3668,10279,53974,15.815,873.93,568.13,0.21206
3669,10070,54040,34.671,675.75,650.89,0.018735
3670,9064.5,54149,30.162,590.63,325.11,0.28994
3670,9937.3,53841,27.38,430.93,352.64,0.099911
3670,10654,54605,26.472,348.61,284.07,0.10201
3670,11011,53478,26.208,674.63,473.43,0.17525
3671,8995.3,54227,28.192,965.3,567.16,0.2598
3672,9327.5,54352,23.778,503.95,414.79,0.097043
3672,10834,54797,34.091,232.18,211.21,0.047283
3674,9750.9,54230,25.735,244.06,159.9,0.20835
3674,10888,54841,14.852,797.62,295.4,0.45948
3674,11112,53113,24.719,607.76,399.03,0.20733
3675,9572.6,54358,26.692,1213.8,1141.3,0.03077
3675,10911,54800,8.9343,1072.4,172.7,0.7226
3675,11184,52986,25.069,598.34,418.61,0.17673
3676,9398.1,54285,39.369,380.51,240.58,0.2253
3676,9590.1,52419,28.372,335.2,206.79,0.23692
3676,11277,53283,19.344,654.6,319.65,0.3438
3677,9326.2,53159,27.613,514.05,285.75,0.28545
3677,10833,54722,9.4228,801.94,117.88,0.74369
3678,10798,54763,10.408,791.57,134.86,0.70887
3679,11153,53185,22.185,322.88,169.96,0.31028
3680,10444,54913,37.836,494.94,481.75,0.013502
3680,10854,54847,21.516,435.28,117.19,0.57577
3680,11221,53237,12.371,589.88,429.97,0.1568
3681,8724.5,53994,34.222,282.51,209.65,0.14805
3681,11216,53279,12.118,432.64,229.93,0.30596
3682,8670.3,54461,30.277,1161.2,994.84,0.077165
3682,8687,54017,31.409,532.64,445.63,0.088942
3682,11020,54874,33.066,406.04,246.55,0.2444
3682,11229,53171,22.117,316.57,291.46,0.041297
3683,8734.9,54302,25.805,729.55,375.66,0.3202
3683,10847,54550,17.318,1044.6,578.01,0.28756
3683,11127,52924,28.53,348.86,321.57,0.040698
3684,11003,54717,26.543,610.1,278.21,0.37362
3686,8970.8,54763,21.474,775.52,496.91,0.21896
3687,9564.3,53394,26.503,526.24,285.9,0.29594
3687,11164,55103,25.197,379.91,145.82,0.44527
3688,8825.1,54612,29.936,541.02,368.93,0.18912
3688,9622.3,52605,22.809,609.84,456.99,0.14327
3688,9763.9,53202,30.886,408.87,337.11,0.096189
3688,11282,55360,25.956,335,212.68,0.22335
3689,10099,53132,20.66,234.51,127.86,0.29429
3689,10999,53494,29.44,403.8,329.38,0.10151
3690,10124,55111,35.313,582.26,141.07,0.60994
3690,11022,53675,30.077,587.48,463.74,0.11771
3691,10350,53062,34.687,407.97,287.69,0.1729
3692,10417,53034,24.367,435.68,104.51,0.61306
3693,10356,53212,28.481,579.37,495.95,0.077576
3694,8925.7,54759,30.129,583.23,450.07,0.12887
3694,10458,53267,20.753,868.46,536.4,0.23636
3695,8961.8,54691,27.175,660.19,182.99,0.56595
3696,8668.5,55318,19.297,635.02,335.34,0.30884
3696,10290,54115,28.145,902.94,512.96,0.27543
3696,11601,54014,25.534,484.05,333.62,0.18397
3697,10169,54108,27.498,274.13,123.52,0.37877
3697,11567,54029,25.787,764.64,478.62,0.23006
3698,10261,52742,22.171,404.39,242.87,0.24954
3698,11132,53855,32.409,538.38,514.71,0.022479
3699,11081,53659,25.885,375.66,283.36,0.14005
3700,9898.1,52746,28.756,424.36,163.63,0.44342
3700,11075,53642,31.195,469.15,295.48,0.22712
3701,10806,52597,22.294,697.95,310.21,0.38461
3701,10972,53643,17.088,894.18,677.82,0.13764
3702,9805.4,52823,31.886,268.11,296.28,-0.04992
3703,9998.4,53081,29.846,247.07,188.54,0.13435
3704,9986.3,53300,34.333,350.68,420.68,-0.090743
3705,10216,53195,29.699,1143.5,415.16,0.46728
3706,8914.1,53059,21.399,488.36,371.79,0.13552
3706,10011,53723,20.669,616.18,440.41,0.16635
3706,10184,53102,19.684,718.72,668,0.036576
3707,10273,52847,25.82,503.49,450.71,0.055313
3708,10745,53851,35.198,918.22,414.33,0.37814
3708,10738,53885,26.273,816.62,376.95,0.36836
3708,11392,54795,21.665,975.67,586.15,0.2494
3709,10650,53995,28.706,543.67,282.18,0.31662
3710,10294,52944,30.543,314.32,332.42,-0.027984
3711,10595,52529,38.886,326.96,258.66,0.11663
3711,11482,54946,30.583,349.56,265.26,0.13712
3712,10304,52673,34.923,296.62,230.15,0.12619
3712,11027,55256,32.318,187.04,185.49,0.0041507
3712,11313,53841,25.361,470.29,410.11,0.06835
3713,10179,52705,33.276,233.9,131.81,0.27916
3718,9952.7,55037,27.213,438.23,279.22,0.22163
3719,9658.9,54945,21.067,540.6,339.65,0.22828
3719,11635,54695,32.812,399.44,202.37,0.32745
3721,9508.8,52779,11.804,692.44,512.76,0.14908
3724,10507,53985,29.684,406.26,102.62,0.59667
3724,11207,55256,30.177,432.64,208.13,0.35038
3726,10628,52518,28.289,297.48,115.1,0.44205
3726,11204,54401,21.569,918.3,574.9,0.22998
3726,11600,53059,38.067,552.25,207.72,0.45334
3727,9606.2,53769,26.412,831.11,418.16,0.33055
3727,10152,54772,25.073,712.62,354.47,0.33563
3728,10041,54692,31.819,380.83,299.39,0.11972
3728,10713,53136,33.061,166.54,137.06,0.097087
3728,11200,53878,22.72,567.62,552.96,0.013084
3729,10599,55364,23.713,791.44,530.19,0.19768
3729,10703,53063,33.171,422.37,299.98,0.16943
3729,11321,52831,23.812,296.86,174.29,0.26014
3729,11269,53785,32.726,490.64,697.37,-0.17401
3729,11238,55272,28.078,312.47,185.79,0.25426
3730,9321.2,53438,22.183,991.66,828.17,0.089837
3730,9599.2,54101,22.145,610.82,246.87,0.42434
3730,10751,53033,33.032,1085.5,696.73,0.21813
3730,11080,53139,27.782,1321.4,867.66,0.20727
3730,11142,53473,27.373,806.65,680.44,0.08487
3731,8992.6,52618,32.617,540.8,401.79,0.14748
3731,9022,55180,29.45,390.34,264.19,0.19273
3731,9493.3,53909,33.629,435.76,151.21,0.48477
3731,11138,53652,26.52,464.05,442.17,0.024139
3732,11133,53667,23.731,583.28,680.11,-0.07664
3733,11235,54366,22.623,554.22,292.67,0.30884
3735,11335,52788,33.953,220.39,140.97,0.21977
3735,11246,54160,30.375,444.65,332.02,0.14503
3737,8707.4,54800,33.366,462.25,269.83,0.26285
3738,8815.8,53241,27.835,613.03,122.37,0.66721
3738,10806,54251,21.273,610.68,393.2,0.21664
3740,11090,54132,30.529,262.85,132.17,0.33084
3741,9078.2,54603,27.83,359.45,287.16,0.1118
3741,11015,54104,27.876,367.58,169.53,0.36873
3742,11564,54505,23.575,560.77,609.58,-0.041702
3743,10634,54328,24.211,672.47,441.08,0.2078
3743,11340,54470,22.604,715.89,702.43,0.0094923
3744,9688.5,54545,26.828,499.73,432.98,0.071566
3744,10439,54142,21.532,861.12,664.39,0.12896
3744,11371,52880,33.252,326.44,206.12,0.22592
3745,9267.2,52823,22.194,359.28,272.66,0.13707
3745,9470.5,54763,25.814,945.73,887.77,0.031609
3745,11069,54066,38.914,711.42,266.35,0.45519
3746,9676.8,55027,31.488,751.91,452.71,0.24838
3747,9285.2,52744,22.757,290.18,287.49,0.004648
3747,10129,54687,34.514,264.95,159.77,0.24766
3747,11231,52634,26.009,765.67,402.16,0.31127
3748,9160,52758,23.722,596.07,448.28,0.14151
3749,9089.3,52597,23.724,470.44,238.34,0.32746
3749,11461,54668,35.438,321.29,162.32,0.32871
3750,9323.1,52678,30.364,645.75,308.59,0.35329
3751,9309.5,52837,33.52,425.14,492.23,-0.073131
3752,9307.6,52795,32.665,446.22,414.52,0.036823
3753,9138.9,52715,21.744,544.98,353.36,0.21331
3754,8781.5,54771,38.399,271.9,169.63,0.23161
3755,11587,54921,33.26,613.82,196.43,0.51514
3757,11140,53276,26.631,305.34,232.54,0.13536
3758,11527,53383,32.717,454.5,326.37,0.16409
3759,11557,53324,32.379,635.41,369.57,0.26453
3760,9300.4,52471,27.098,370.18,177.67,0.35138
3760,11097,53209,23.753,708.54,505.69,0.16706
3761,10994,52673,27.093,348.21,162.02,0.36492
3761,11653,53637,25.409,331.63,159.77,0.34973
3762,10086,53693,31.208,313.34,206.56,0.20538
3763,10072,53817,28.9,391.68,161.12,0.41707
3764,8760.6,52874,30.006,630.6,382.2,0.24526
3764,10891,52899,25.22,1161.7,485.22,0.41075
3765,8870.9,53133,29.781,598.78,529.51,0.061393
3766,8778.5,52922,31.28,407.5,312.07,0.13262
3768,10326,55314,33.711,524.02,403.09,0.13044
3769,9707.2,53058,34.07,745.29,236.37,0.51843
3769,10452,52713,31.572,173.11,140.04,0.10561
3770,9905.5,53231,31.666,303.26,268.45,0.060884
3771,11217,54862,30.671,627.07,412.03,0.20695
3772,9835.3,53025,34.799,495.97,566.48,-0.066368
3773,8673.2,53580,31.703,601.67,631.81,-0.024435
3773,8720.1,55313,32.299,349.15,382.97,-0.046189
3774,8864.5,53711,27.59,345.98,250.82,0.15945
3774,9595.2,54900,35.369,304.08,205.7,0.19299
3778,9356.9,54391,28.381,298.96,198.29,0.20247
3778,9452,53403,22.417,630.95,286.88,0.37488
3779,9407.9,54338,27.225,312.77,166.02,0.30651
3779,9396.8,55302,33.254,409.79,197.77,0.34897
3779,10033,53926,32.473,744.26,333.34,0.38133
3780,9305.1,54751,32.303,551.31,554.53,-0.0029149
3780,9929.5,55282,33.953,1164.4,843.78,0.15965
3780,10145,53997,20.073,717.13,410.02,0.27246
3781,9285.6,54832,22.894,450.99,221.66,0.34093
3781,9724.6,55166,21.624,870.5,663.61,0.13486
3781,10337,54097,21.226,1105.5,633.69,0.27128
3781,11466,53377,20.336,534.82,193.11,0.46942
3782,9897.2,55258,34.754,755.69,707.95,0.032614
3782,10295,53969,25.518,1159.9,784.71,0.19295
3782,11219,53233,17.687,1265.7,334.67,0.58176
3783,11074,53822,35.925,532.83,194.65,0.46486
3783,11105,53133,30.676,621.6,297,0.35336
3783,11470,53842,33.487,466.64,227.35,0.34481
3784,10829,53191,19.459,1515.1,639.49,0.4064
3785,10858,53289,38.118,951.16,716.83,0.14049
3786,10884,53829,27.722,1163.1,930.86,0.11089
3787,8717.1,55218,34.912,297.36,209.2,0.17403
3787,10243,54024,20.135,639.58,352.84,0.28893
3787,11047,53810,23.995,514.23,388.95,0.13871
3789,10216,54159,23.676,718.7,399.63,0.28531
3789,11081,53879,23.477,624.93,503.65,0.10746
3789,11588,54376,35.823,499.77,603.9,-0.094345
3790,10194,54176,30.485,441.06,340.59,0.12852
3791,9285.3,53665,33.648,483.67,319.98,0.20369
3792,8721.5,53376,25.868,886.56,639.88,0.16161
3793,10174,52613,31.212,413.89,252.35,0.24247
3794,8981.3,52598,37.903,516.36,357.05,0.1824
3794,9840.6,52618,31.881,489.32,264.68,0.29794
3794,11106,53970,22.68,638.58,608.43,0.024182
3794,11516,55013,37.915,456.94,273.96,0.25034
3795,8972.8,54160,36.392,399.95,421.52,-0.026254
3795,9770.9,54573,35.636,534.66,112.04,0.65349
3795,10865,53872,33.676,494.13,167.38,0.49394
3796,9895,54500,30.901,409.67,292.97,0.16609
3796,10047,52892,35.219,528.64,297.47,0.27984
3796,11406,54815,26.073,324.97,188.09,0.26681
3797,9707.9,54159,28.098,218.64,163.57,0.14408
3797,9867.2,54454,34.271,918.95,642.88,0.17676
3797,11295,53275,30.788,186.22,127.15,0.18849
3797,11466,54682,28.558,718.31,582.18,0.10468
3798,10021,52720,23.07,690.27,383.2,0.28605
3799,11173,54436,26.274,524.7,237.6,0.37663
3799,11216,53163,23.388,483.3,318.34,0.20578
3801,9851.3,53827,27.821,477.36,351.26,0.15218
3802,9888.5,52408,32.686,566.61,391.36,0.18294
3802,10133,53887,21.923,626.87,318.19,0.32662
3804,10048,53800,23.74,588.52,343.77,0.26252
3805,9859.3,53777,30.578,465.74,335.05,0.1632
3806,9890.3,53754,27.842,880.36,488.96,0.28584
3806,11109,53706,32.809,407.05,144.6,0.47575
3807,10745,55387,27.6,853.62,670.72,0.11998
3809,9639.1,53602,30.323,609.23,456.4,0.14342
3809,10463,54801,32.461,834.53,1250.8,-0.19961
3812,10114,52578,32.513,488.05,317.71,0.21139
3813,10227,54073,22.93,623.54,421.01,0.1939
3814,9805.1,55039,19.778,668.05,361.21,0.29812
3814,10103,54038,34.185,520.51,339.49,0.21048
3814,11139,55065,24.773,652.11,373.24,0.27198
3815,9375.6,54452,31.045,452.84,233.41,0.31974
3815,9739.1,54948,30.532,435.69,353.26,0.10449
3815,10661,55068,31.068,243.54,170.03,0.17774
3816,10649,54454,30.851,372.45,712.63,-0.31351
3816,10841,53237,30.195,374.52,204.95,0.29263
3819,9806.6,54894,23.577,431.81,344.85,0.11197
3819,11215,53234,13.108,485.43,311.17,0.21875
3820,9642.6,55047,25.589,1133.3,563.75,0.33563
3820,11187,53252,13.711,438.04,211.59,0.34858
3821,9510.6,55242,18.672,661.57,316.16,0.35328
3821,10713,54813,26.87,474.67,793.12,-0.25118
3821,11176,53226,38.951,136.09,325.58,-0.41046
3823,9599.5,55348,29.433,506.77,406.71,0.10953
3823,10220,53965,35.834,677.68,364.29,0.30076
3824,10089,53578,24.712,242.85,232.8,0.02114
3824,10447,54272,21.145,654.48,246.03,0.45357
3825,10639,54767,38.513,556.71,699.55,-0.1137
3825,10830,53822,33.417,371.76,258.99,0.17878
3827,10527,54435,29.87,597.02,625.9,-0.023617
3827,11296,54826,23.205,1066.2,570.31,0.30302
3828,10669,54269,24.127,1329.8,679.46,0.32366
3829,9440.5,54914,24.623,466.77,190.51,0.42032
3830,8784.1,53719,20.483,805.82,394.25,0.34295
3830,9378.3,54931,21.772,563.09,207.22,0.46198
3830,10552,53487,38.103,342.31,184.61,0.29928
3831,8724.9,53969,25.921,473.04,255.61,0.2984
3834,9835.1,53889,23.049,631.11,222.77,0.47821
3836,9481.5,53188,27.889,360.68,220.76,0.24065
3837,9318.8,54414,18.908,609.92,205.18,0.49656
3837,9859.8,54803,13.405,611.33,407.43,0.20014
3837,11531,54147,24.471,574.22,398.64,0.18048
3839,11568,54490,28.776,411.52,238.58,0.26602
3840,9191.4,54983,33.194,437.6,317.02,0.1598
3841,10368,53133,29.928,463.5,205.76,0.38512
3841,10720,54051,34.06,408.5,256.68,0.22824
3843,9938.8,55292,39.231,842.1,441.69,0.31189
3843,11130,53892,32.709,497.3,374.2,0.14125
3844,11354,54100,31.646,587.11,384.09,0.20904
3845,10073,55284,23.816,933.99,750.35,0.10903
3845,11232,54234,32.977,316.83,261.93,0.094864
3846,8983.8,52772,25.504,397.84,206.75,0.31606
3846,9457.3,53763,31.21,632.69,374.38,0.25649
3846,9934.1,55311,33.329,1139.5,761.24,0.19899
3846,10240,55170,32.315,1011.9,555.97,0.29079
3846,10920,52482,31.066,622.88,349.61,0.281
3846,11256,54296,30.685,343.25,208.16,0.245
3847,9140.8,52868,25.196,405.85,181.26,0.38254
3847,9752.8,54976,32.659,810.16,713.14,0.06369
3847,10069,55067,22.152,338.8,218.93,0.21492
3848,8827.8,52595,23.432,501.78,311.78,0.23355
3848,9910.2,54925,16.262,1045,490.27,0.36134
3848,10822,53864,19.027,345.71,120.77,0.48223
3849,8735.8,52674,18.834,764.96,529.75,0.18167
3849,9855.8,54952,34.328,884.37,405.2,0.37157
3849,10973,53749,22.693,342.68,318.89,0.035956
3850,9846.6,53052,32.562,476.17,391.5,0.09759
3850,10322,55300,33.627,363.72,253.82,0.17797
3850,11218,53856,24.395,227.47,160.78,0.17177
3851,9804.1,54485,25.488,467.13,254.99,0.29377
3854,8734.7,55275,29.988,422.14,294.07,0.17881
3854,9630.9,52763,28.622,511.82,376.19,0.15273
3854,9761.3,55326,25.542,885.61,872.77,0.0073064
3856,9631.8,55375,39.855,681.42,265.79,0.43879
3857,8854.6,53770,21.05,1144.1,667.55,0.26304
3857,9516.4,53152,26.922,757.39,358.56,0.35739
3857,9594.4,55188,31.748,482.08,395.37,0.09882
3858,9060.9,53641,32.794,246.47,116.88,0.35667
3859,9749.2,53739,29.438,607.57,337.74,0.28544
3860,9730.4,53719,22.678,631.41,387.72,0.23911
3860,10089,52429,29.686,626.06,366.97,0.26091
3861,8993.8,52891,27.02,624.47,618.74,0.00461
3861,10048,53219,26.612,963.25,1046,-0.041184
3861,11544,53282,28.069,711.36,284.92,0.42804
3862,9110.5,53787,32.688,307.99,266.47,0.072289
3862,10111,53256,25.685,314.42,269.36,0.077199
3862,11466,53138,28.876,398.54,235.18,0.25779
3863,8899,53807,33.778,453.21,311.77,0.18489
3863,10329,52705,25.207,1281.5,710.91,0.28637
3863,11386,53186,26.755,292.94,282.63,0.017907
3864,8815.8,53900,37.788,644.95,674.05,-0.022066
3864,10376,52646,16.523,1140.8,447.45,0.43654
3865,10546,52564,17.542,991.09,507.79,0.32244
3865,11170,53122,32.32,485.66,150.21,0.52754
3866,10495,52459,35.424,685.48,391.26,0.27324
3867,10142,53082,34.948,366.76,216.82,0.25693
3867,10152,54068,23.967,407.1,237.84,0.26245
3867,11110,53187,18.197,663.67,372.07,0.28153
3868,9959.9,53124,26.238,693.39,521.65,0.14134
3868,9971.2,54170,32.375,514.91,144.72,0.56121
3868,10466,52622,27.296,356.63,154.28,0.39605
3868,11197,53070,17.343,755.52,413.24,0.29285
3869,8859.9,54842,20.303,908.04,656.3,0.16092
3869,9974.2,53851,35.056,443.32,161.82,0.46518
3869,10789,52442,33.911,372.22,168.84,0.3759
3869,11238,53105,19.742,534.46,294.16,0.29
3870,9042,54899,18.381,1128,694.91,0.23759
3870,9831.8,53436,25.959,298.84,207.04,0.18148
3870,11253,52783,41.287,769.53,608.08,0.11719
3871,9026.4,54158,33.566,427.64,165.04,0.44307
3871,9031.8,55019,31.998,621.52,430.01,0.18213
3871,10576,52584,23.888,392.49,117.51,0.53918
3871,11468,52396,29.34,318.6,225.16,0.17183
3872,8907.2,55100,25.037,322.1,225.4,0.17663
3872,9049.1,54165,25.592,199.37,123.19,0.23618
3872,9733.6,54875,28.685,280.36,159.38,0.27512
3873,9218.5,54335,22.318,405.44,356.29,0.064518
3873,9810.7,54803,8.7926,686.85,403.37,0.26002
3873,10083,52467,27.948,426.63,267.61,0.22905
3873,11405,53709,21.176,1082.8,712.97,0.20595
3874,8867.7,54191,24.249,831.55,321.07,0.44289
3874,9625.6,54879,31.949,900.16,687.11,0.13423
3874,9722.6,54854,21.954,1018,722.92,0.16952
3874,10381,52474,28.336,432.56,351.3,0.10367
3875,9686.4,55139,33.058,1121.2,628.25,0.28179
3875,10238,52535,31.706,292.32,208.55,0.16725
3876,9001.2,53541,36.044,471.58,560.73,-0.086362
3876,9499,53370,28.238,401.11,324.46,0.10564
3876,9689.6,54708,27.189,165.33,118.04,0.16686
3876,11052,53090,36.479,652.63,379.28,0.2649
3877,9583.5,53482,23.538,674.2,398.09,0.2575
3877,11170,53281,21.919,849.61,517.87,0.24259
3878,11008,53392,22.323,601.59,381.86,0.22342
3879,10894,53244,27.307,180.26,107.13,0.25446
3883,9112,54903,31.007,320.2,184.97,0.2677
3884,8969.3,53296,27.067,825.26,597.39,0.16017
3884,9068.9,54963,25.164,617.28,207.98,0.49597
3885,8749.4,53219,24.883,461.49,205.64,0.38351
3885,9380.3,54815,17.798,788.88,422.72,0.30221
3885,11087,55142,35.16,758.85,357.65,0.35934
3886,11082,55250,36.989,704.38,482.86,0.18659
3887,9174.3,55169,36.964,386.92,156.64,0.42364
3887,9441.6,52795,16.866,399.7,251.97,0.22669
3887,9680,54072,27.75,534.35,354.13,0.20285
3887,11442,54250,24.702,368.15,238.89,0.21295
3888,8892.6,53581,29.12,385.03,192.27,0.33391
3888,9014.6,55260,29.291,438.43,190.87,0.39338
3888,9646.7,53983,29.469,407.63,218.7,0.30165
3889,8877.9,53534,20.813,359.63,154,0.40033
3889,9082.6,55312,33.432,322.41,242.71,0.14103
3889,9692.3,53751,26.677,355.09,217.98,0.23926
3890,8947.7,53650,33.602,229.85,171.35,0.14583
3890,9769.7,53627,21.992,499.22,297.86,0.25261
3890,10680,54407,27.326,512.6,323.04,0.22684
3890,11258,54831,28.485,510.81,470.37,0.041217
3893,8748,54282,20.354,1043.1,674.15,0.21486
3894,8923.9,54763,23.992,1145.6,569.09,0.3362
3894,9242.3,53571,29.432,722.07,666.51,0.04001
3894,9411.3,53543,26.111,858.85,638.22,0.14738
3895,9082.7,54732,29.605,415.35,362.66,0.06773
3895,9313.3,53456,27.546,429.42,245.39,0.27271
3896,8671.4,55300,24.144,706.71,423.83,0.25022
3896,9125.6,54640,20.609,425.47,345.94,0.1031
3896,9257.1,53416,21.337,536.99,326.9,0.24318
3897,9439.5,53457,26.283,519.39,369.49,0.16864
3898,8903.1,54302,33.839,902.67,577.15,0.21997
3898,9448.5,53366,35.427,338.37,205.65,0.24396
3899,9060.6,54601,25.405,616.07,265.36,0.39789
3900,8718.2,54581,33.453,304.49,202.92,0.20019
3900,11344,54038,20.095,475.06,167.77,0.47803
3902,11235,53251,17.484,338.56,125.94,0.45774
3902,11374,54173,21.129,709.12,377.78,0.30486
3902,11519,55366,35.42,128.88,162.14,-0.11429
3903,11152,53188,11.494,990.85,617.66,0.23201
3903,11434,54186,32.005,222.48,146.21,0.20686
3904,10597,53168,24.555,661.06,522.6,0.11698
3904,10569,53331,30.184,491.13,291.88,0.25447
3904,11255,53231,11.628,584.54,294.97,0.32923
3906,11439,54362,27.184,513.28,258.17,0.33068
3907,9934.5,54279,41.811,715.99,164.1,0.62708
3907,11585,54338,25.418,233.77,105.43,0.37836
3908,10818,53697,31.98,257.99,122.9,0.35467
3908,11565,54327,26.638,235.15,191.86,0.10137
3909,11443,54713,19.309,760.42,318.67,0.40938
3910,11269,55119,31.903,423.89,476.85,-0.058793
3911,9348.3,53483,25.212,1513,689.53,0.37388
3911,9617.6,54405,30.58,299.79,254.13,0.082436
3912,9198.1,53684,15.673,1545.8,688.22,0.38388
3913,9893.2,55159,26.771,715.72,403.18,0.27932
3913,11055,54440,37.157,253.5,134.62,0.30628
3914,9514.6,54141,20.596,784,496.42,0.2246
3914,9856.5,55129,23.799,434.72,345.4,0.11449
3915,9603.5,53069,29.992,611.57,525.22,0.075961
3915,9918.8,54696,31.532,777.71,243.15,0.52364
3916,9588.5,53461,23.645,468.1,292.33,0.23114
3917,9310,53370,24.22,738.53,500.49,0.19212
3917,9205.2,54559,23.694,821.82,565.83,0.18448
3917,10852,55379,30.863,266.84,312.32,-0.078516
3918,9325.4,54676,30.825,491.96,176.9,0.47103
3918,9282.9,53384,19.219,1370.4,476.4,0.48407
3919,9492.8,53530,21.873,718.63,467.01,0.21222
3919,10818,53848,32.763,482.45,504.69,-0.022528
3920,9599.1,53596,24.745,614.84,315.83,0.32128
3920,10891,53675,24.602,473,358.82,0.13726
3921,8871,55348,31.403,425.43,350.44,0.096658
3921,9590.9,53894,25.518,847.36,316.39,0.45626
3922,8761.7,54640,23.092,372.73,204.65,0.29111
3922,8739.6,55366,27.817,489.4,517.42,-0.027836
3923,9018.4,54479,20.878,524,231.58,0.38702
3923,9787.9,54856,29.134,581.05,230.84,0.43136
3923,10698,55380,33.104,688.76,473.61,0.1851
3924,9775.1,54982,15.342,522.41,261.81,0.33231
3925,9054.4,53338,13.834,491.15,257.98,0.31125
3925,10917,55145,34.973,214.88,124.81,0.26515
3927,10814,55387,25.318,391.78,136.02,0.48458
3927,11044,53477,27.514,642.15,556.55,0.071415
3930,10246,53203,31.058,447.07,325.66,0.15713
3930,11173,54239,10.197,1554.7,711.81,0.37188
3931,9308.1,53563,31.754,382.34,328.15,0.076268
3931,9909.9,53061,30.634,485.12,337.04,0.18012
3931,11137,54294,16.082,1586.2,807.53,0.32529
3932,9755.3,53185,28.311,320.57,110.62,0.48691
3932,11094,54315,19.923,1838,872.23,0.35634
3932,11234,53276,27.815,649.6,604.73,0.035768
3933,9793,53228,35.678,276.8,149.3,0.29924
3933,10877,55014,22.658,984.09,632.35,0.2176
3933,11073,54279,23.987,529.2,173.18,0.50688
3933,11209,53293,24.167,421.58,198.91,0.35887
3934,10539,52961,28.246,631.3,445.06,0.17304
3934,11489,55026,33.265,790.73,430.77,0.29469
3935,9167.3,52580,26.244,798.68,375.09,0.36088
3935,11143,53196,27.372,217.55,161.53,0.14778
3936,10675,55260,22.06,236.03,320.53,-0.15182
3936,11308,53852,21.045,366.12,375.03,-0.012027
3939,11496,55180,32.769,571.87,604.88,-0.028056
3941,10615,55364,34.146,310.99,117.64,0.45108
3942,8732.5,53654,34.96,645.54,244.37,0.4508
3942,10186,53839,26.599,226.52,102.05,0.37882
3943,8911.9,53985,24.925,642.57,364.88,0.27564
3944,9247.3,53326,32.011,187.63,109.64,0.26234
3945,8791.6,54306,33.47,997.13,545.52,0.29275
3945,11057,55029,31.273,430.86,316.13,0.15359
3946,8759,54375,26.948,343.22,275.31,0.10979
3948,9798.5,54923,21.855,450.36,354.16,0.11958
3948,10969,54072,30.512,594.09,675.4,-0.064053
3951,9894.3,55019,32.813,283.29,153.13,0.29825
3951,10358,54282,32.754,162.28,196.28,-0.094821
3952,11087,53340,23.487,521.46,323.3,0.23458
3953,9807.9,52438,27.245,473.19,492.08,-0.019572
3953,10984,53353,33.014,252.75,235.52,0.035302
3956,8810.6,52802,20.558,925.65,585.67,0.22496
3957,8837.5,52820,23.06,690.88,617.95,0.055722
3957,10737,54236,29.939,398.46,394.38,0.0051386
3958,10576,54291,29.409,417.4,287.86,0.18368
3958,11090,53172,30.295,587.78,397.61,0.19299
3959,11170,53139,14.111,445.33,220.44,0.33779
3960,10428,53691,31.685,256.37,234.71,0.044099
3960,11027,53149,33.939,532.46,551.67,-0.017716
3961,11122,53264,26.51,546.66,355.87,0.2114
3963,11264,53216,30.316,508.96,451.1,0.060265
3964,11154,53128,23.416,580.62,368.66,0.22329
3966,9347.9,52963,27.678,223.25,120.96,0.29719
3966,11011,52987,30.368,732.19,437.43,0.25201
3967,9209.5,52970,22.19,797.38,668.54,0.087888
3967,11267,53288,17.03,970.26,559.42,0.26858
3968,9142.2,53073,18.233,624.47,389.14,0.23217
3968,11313,53338,23.086,713.82,382.82,0.30183
3969,8896.8,52926,20.993,686.41,318.79,0.36573
3969,11534,53492,34.628,530.1,330.67,0.23169
3970,8727.9,55217,26.404,493.18,337.31,0.18769
3975,10990,54852,26.997,439.68,250.66,0.27381
3976,10943,54986,33.661,367.77,192.48,0.31288
3978,9909,55070,35.904,411.15,241.68,0.25959
3978,11066,53070,20.406,675.69,365.32,0.29814
3978,11607,54802,24.872,402.3,321.82,0.11115
3979,10835,52984,28.571,627.83,428.29,0.18893
3980,10135,53915,17.155,605.09,417.52,0.18343
3981,9868.5,54891,14.912,602.15,265.24,0.38842
3982,8717.7,55200,30.018,339.49,343.4,-0.0057348
3983,10656,54810,23.279,342.61,459.02,-0.14522
3983,11377,53766,33.983,282.11,135.64,0.35061
3986,8802.6,55122,28.455,472.89,362.08,0.13271
3986,10469,53245,28.552,748.8,322.23,0.39828
3988,9380.4,55003,20.211,648.5,480.87,0.14843
3989,9155.4,55025,19.62,653.38,312.82,0.35247
3990,10390,52625,27.604,426.97,360.26,0.084734
3991,8731.7,52420,36.377,732.23,550.14,0.14199
3991,8792.8,54006,21.465,727.69,538.73,0.14921
3991,10114,53616,35.43,292.75,189.49,0.21414
3992,8896.8,54805,24.142,900.19,505.01,0.28123
3992,9041.3,54008,24.284,866.38,993.39,-0.068296
3992,9681.3,54134,27.385,358.47,354.82,0.0051202
3993,10262,52584,23.506,475.6,384.64,0.10574
3994,8985.7,54711,28.874,655.94,441.91,0.19496
3994,9697.1,53698,22.112,478.19,564.83,-0.083071
3994,10434,52515,29.64,262,207.59,0.11587
3995,8985.9,54672,30.674,501.22,295.54,0.25815
3996,9072.7,54758,26.377,586.02,456.53,0.12421
3996,10285,52601,32.236,292.91,186.98,0.22072
3996,11385,53692,28.792,484.48,352.02,0.15835
3997,9133.3,54906,21.179,547.75,390.68,0.16738
3997,10082,55350,29.715,292.18,156.49,0.30242
3997,11618,53635,32.087,734.73,653.85,0.058244
3999,9096.2,54865,25.044,418.3,227.7,0.29505
3999,9993.2,54865,35.777,457.65,407.13,0.058414
4000,10005,54842,27.506,414.84,289.22,0.17842
4000,11501,53899,35.992,262.25,291.55,-0.052894
4001,9960.5,54749,32.867,407.91,347.1,0.080539
4001,10876,52973,16.021,1014.7,743.41,0.15432
4002,10341,53281,16.628,749.19,335.03,0.38199
4003,9887,54894,30.393,401.19,256.89,0.21927
4003,10310,53165,25.039,595.87,388.1,0.21115
4003,10864,53106,29.809,424.94,253.6,0.25251
4004,8959.7,53783,30.279,543.02,203.42,0.45495
4004,10713,53021,29.851,292.82,153.91,0.31093
4004,11175,53152,29.799,178.62,126.12,0.17227
4005,8958.3,54956,37.909,393.42,373.72,0.025688
4005,9843.5,54898,20.144,313.68,175.61,0.28219
4006,8960.8,52680,20.371,721.92,335.67,0.36523
4006,9435.2,53825,27.296,333.72,141.77,0.40368
4006,11464,54647,27.571,517.63,565.11,-0.04385
4007,8915.4,52792,32.54,658.25,624.47,0.02634
4007,9381.3,53774,35.384,222.34,113.22,0.32518
4007,11474,54575,21.966,306.8,212.63,0.18129
4008,10407,54604,23.729,284.38,130.93,0.36949
4009,9151.6,54296,23.48,955.58,588.61,0.23764
4009,9269.4,55035,29.123,830.23,340.12,0.41877
4009,9499,53649,31.107,740.98,438.84,0.25609
4010,9223.9,54548,26.35,519.69,270.53,0.31531
4010,9913.3,53567,23.556,865.03,487.66,0.27898
4011,9233,54734,29.143,1398.9,453.44,0.51041
4011,10910,52847,30.368,652.68,162.16,0.60198
4011,10932,52994,33.938,451.53,169.97,0.45303
4012,8927.1,54270,25.454,554.17,381.01,0.18516
4013,9183.8,54397,25.727,494.99,233.36,0.35921
4013,9220.1,54988,26.871,909.53,427.16,0.36087
4013,11569,54845,26.955,337.98,227.22,0.19597
4014,8739.6,55310,27.364,346.97,133.17,0.44528
4014,9017.1,53252,26.587,828.79,696.17,0.086968
4014,11466,54693,31.424,318.02,236.72,0.14655
4015,8938,55273,28.665,384.26,244.93,0.22144
4015,9137,53329,23.876,526.97,220.57,0.40988
4015,11407,54394,23.327,682.23,396.21,0.26521
4016,9391,53425,35.153,380.8,215.81,0.27656
4016,10947,53266,15.904,353.76,174.46,0.33945
4016,11366,54301,25.115,421.75,210.55,0.33402
4017,9020.7,55245,34.98,248.64,161.01,0.2139
4017,10986,53140,26.705,525.43,551.45,-0.024161
4018,8899.4,54957,31.446,313.48,143.58,0.37173
4018,10982,53377,23.597,283.87,245.95,0.071571
4018,11489,55382,34.613,462.83,255.43,0.28876
4019,9060,55080,39.308,353,359.72,-0.0094259
4021,8917,55375,22.286,857.65,387.95,0.37709
4022,9703.6,55132,31.663,459.46,252.84,0.29007
4022,10999,54291,21.543,779.3,708.43,0.047641
4023,9473.1,54917,28.088,389.19,464.47,-0.088183
4023,10848,54513,25.333,987.44,355.2,0.47089
4024,9631.6,54837,28.369,456.08,162.31,0.47506
4025,9213.1,54156,28.695,353.1,236.57,0.19763
4025,9604.4,53094,27.756,238.34,120.21,0.32946
4025,9805.2,54757,32.38,331.7,214.05,0.21557
4025,10223,53983,18.942,581.51,330.4,0.27537
4025,10842,53908,35.513,424.52,220.93,0.31542
4026,9285.2,53084,29.085,304.04,230.49,0.13761
4026,9981.6,54175,27.316,1096.7,789.95,0.16258
4027,11452,54860,21.334,553.84,304.4,0.29064
4028,9483.4,55127,35.492,361.84,284.27,0.12006
4029,8781.8,54351,23.101,492.32,251.93,0.32299
4030,9925.5,54058,35.425,517.77,265.36,0.32231
4031,8709.6,54003,30.85,629.81,314.32,0.33416
4031,10700,54122,33.851,260.36,335.32,-0.12584
4032,9093.4,54474,30.119,620.5,300.97,0.34676
4033,9256.1,54485,24.79,347.49,281.68,0.10459
4034,9274.1,54806,29.868,379.09,238.89,0.22686
4034,10989,53138,34.077,392.72,255.63,0.21144
4035,11005,53292,38.197,251.11,167.91,0.19855
4039,11131,54579,22.328,691.48,765.92,-0.05108
4040,11486,55324,30.056,262.23,150.87,0.26958
4042,9822.8,52556,15.183,410.86,135.38,0.50432
4043,8977.2,55386,34.133,610.7,570.44,0.034092
4044,10153,52475,15.033,654.98,166.42,0.59479
4045,10121,52563,16.174,472.85,111.71,0.61779
4046,9282,54843,22.019,818.98,400.34,0.34334
4047,9317.3,54829,18.244,892.5,562.89,0.22648
4047,11241,53790,27.201,506.46,160.16,0.51948
4048,9084.9,55163,29.737,413.72,370.28,0.055406
4048,10041,52432,22.652,311.95,189,0.24544
4048,11322,53691,30.931,696.29,506.86,0.15745
4049,9259,55178,27.821,257.09,151.99,0.25691
4049,11666,53303,28.449,625.34,339.87,0.29576
4050,10635,54942,29.756,386.36,261.59,0.19256
4050,11014,53798,30.911,256.61,165.33,0.21633
4051,11055,53616,29.578,694.99,449.76,0.21422
4051,11155,53135,16.06,487.8,299.27,0.23953
4051,11240,55214,28.202,448.58,320.49,0.16655
4052,9450.6,54405,17.092,763.25,403.77,0.30803
4052,10155,54766,29.709,750.13,239.69,0.51569
4052,11143,55194,35.062,283.72,287.28,-0.0062282
4053,9916,53794,31.553,705.23,415.67,0.25832
4054,9971.3,53855,27.353,711.57,401.1,0.27903
4054,10329,54261,25.333,870.32,449.89,0.31846
4054,10457,53742,26.854,520.26,146.81,0.55985
4054,11074,55027,33.387,900.98,586.2,0.21166
4055,10117,53843,19.626,971.02,694.42,0.16608
4057,9949.8,52411,13.73,521.53,130.53,0.59963
4057,10288,54096,16.104,625.05,334.88,0.30228
4058,10286,54103,23.318,744.53,453.43,0.243
4058,11284,55313,23.398,360.1,254.94,0.17097
4060,9947.7,52413,20.788,784.25,352.52,0.37979
4060,10113,53221,30.598,549.63,602.89,-0.046219
4061,10833,52901,30.9,928.59,496.24,0.30344
4062,10489,53316,16.706,899.89,467.14,0.31657
4062,11459,54453,30.957,573.28,631.95,-0.048676
4063,11609,54535,27.586,269.86,226.13,0.088162
4064,10547,53304,29.267,873.46,583.94,0.19866
4065,10464,54196,17.644,790.15,598.66,0.13788
4066,10406,54068,25.256,446.21,264.34,0.25596
4067,8927.2,54478,29.246,453.72,319.91,0.17296
4067,10255,54166,33.525,339.93,297.98,0.065755
4068,9486.7,53770,46.134,540.33,660.57,-0.10013
4069,9594.2,54144,31.735,483.88,399.5,0.095515
4071,11121,53197,34.491,425.79,487.54,-0.067606
4072,9765,52635,27.648,915.53,656.11,0.16507
4072,11153,53139,24.087,403.57,436.74,-0.039468
4073,9201.9,53110,25.114,674.37,442.31,0.20781
4074,10174,54872,22.705,598.21,300.69,0.33098
4074,11205,54353,33.44,545.28,267.74,0.34136
4075,9134.9,53103,23.649,609.82,329.98,0.29777
4075,11094,54259,28.977,422.19,245.26,0.26509
4076,8991.3,53045,23.934,773.32,518.21,0.19753
4077,9338.7,53462,36.465,859.95,422.48,0.34112
4077,9952.7,54993,16.397,503.51,447.5,0.058891
4078,9018,54443,25.706,650.91,249.75,0.4454
4078,9134.8,53239,30.14,298.48,207.18,0.18056
4078,9891.9,54617,30.004,285.71,341.63,-0.089144
4081,11003,53534,33.017,320.3,257.65,0.10841
4082,9631.7,55267,22.869,541.29,146.6,0.57377
4082,10956,53659,25.929,321.1,127.31,0.43216
4084,8926.2,54531,27.488,584.26,369.49,0.22518
4085,8985.5,54570,26.388,425.43,278.02,0.20955
4085,9913.7,53430,35.528,330.14,301.29,0.045695
4086,8986,54500,26.871,880.08,740.45,0.086162
4087,8750.9,54492,21.552,1398.4,621.24,0.38481
4089,11130,53144,16.345,446.95,318.21,0.16825
4090,9656.5,52739,15.26,406.86,405.05,0.0022278
4090,10840,53726,32.503,1422.5,864.51,0.24399
4090,11200,53114,24.805,447.69,294.56,0.2063
4091,10619,53898,19.442,879.27,290.35,0.50352
4091,11297,53254,35.371,277.23,302.98,-0.04438
4092,10116,53930,29.484,1496,802.16,0.30192
4092,10267,53159,30.418,566.3,355.5,0.22868
4092,10508,53958,21.239,1055.4,339.63,0.51309
4093,8958.2,54244,23.912,651.67,540.08,0.093636
4093,9381,53716,30.628,478.64,281.69,0.25903
4093,9872.3,53899,25.847,400.32,216.21,0.29862
4093,10467,53195,32.609,721.2,482.33,0.19848
4093,10510,54006,29.345,666.08,214.1,0.5135
4093,10683,54247,38.506,1006.4,362.95,0.46988
4094,10695,54247,23.422,1310.4,689.14,0.31071
4094,11395,52817,30.66,289.6,252.07,0.069285
4095,9927.2,53797,24.012,584.33,381.27,0.21029
4096,8757.2,54978,18.447,421.8,189.41,0.38022
4096,10755,53557,32.257,312.79,118.38,0.45089
4096,11032,54613,23.54,754.24,436.86,0.26646
4097,8712.7,55330,25.762,267.94,212.66,0.11503
4097,8845.9,54657,22.697,328.9,166.47,0.32789
4098,9257.2,55257,37.567,508.53,315.07,0.2349
4098,9690.3,53409,34.383,441.81,438.44,0.0038192
4099,9210.8,53643,26.326,475.79,339.67,0.16693
4099,9175.1,54947,30.098,628.16,307.69,0.34243
4099,10226,54012,33.959,167.35,182.46,-0.043188
4100,9114.3,55376,26.259,912.86,671.25,0.15252
4101,11479,54303,26.178,408.74,203.16,0.33598
4104,9314.6,55198,35.609,345.54,274.61,0.11438
4104,9839.4,53771,28.929,674.3,605.47,0.053783
4104,10199,54780,36.871,251.21,149.69,0.25322
4105,10087,54444,35.186,311.44,106.27,0.49118
4106,9928.3,53763,25.257,1127.1,578.41,0.32172
4107,9916.5,53710,16.078,973.72,655.57,0.19527
4108,9575.8,54332,32.822,1164.8,474.97,0.4207
4109,9517.8,54688,32.5,287.4,143.84,0.33289
4109,10214,53931,34.968,347.99,228.53,0.2072
4109,10915,54837,31.139,598.32,318.04,0.30586
4110,11269,53286,15.352,923.26,680.74,0.15119
4111,11281,53201,17.957,936.52,622.34,0.20154
4112,11291,53187,14.906,1329.7,771.68,0.26555
4112,11365,54079,32.597,607.72,381.56,0.22862
4114,11050,53162,21.036,581.61,404.19,0.17998
4116,9825.2,52724,27.218,339.19,165.72,0.34357
4117,9552.4,55269,31.007,373.52,288.84,0.12786
4117,9921.5,52458,33.703,739.2,640,0.07192
4117,11025,54690,27.443,260.81,146.58,0.28041
4118,9548.5,52665,28.879,786.09,502.49,0.22008
4118,10829,54557,24.868,277.08,102.84,0.45864
4120,10371,54986,26.962,557.75,324.22,0.26477
4121,10436,54882,23.485,458.67,319.15,0.17938
4121,11359,53714,19.412,743.11,387.58,0.31444
4122,10228,53724,26.596,634.03,184.24,0.54968
4122,11346,53529,22.571,713.78,517.37,0.15953
4124,10189,53883,26.658,479.3,347.67,0.15917
4124,11637,54161,33.391,466.32,261.04,0.28223
4125,10465,54890,27.066,322.47,170.14,0.30924
4126,10210,53892,21.557,606.5,530,0.067311
4126,11126,53901,27.749,252.21,295.55,-0.079113
4127,9052.7,54080,15.329,1599.9,330.44,0.65763
4127,10057,52564,24.742,825.56,616.5,0.14497
4127,10731,52591,24.827,362.97,315.23,0.070394
4128,9015,54344,17.375,679.03,256.26,0.45202
4128,9169.8,53786,25.813,534.9,199.51,0.45668
4129,10161,52892,29.085,525.88,209.2,0.43081
4130,9395.9,53513,32.253,306.72,218.04,0.16898
4130,9516.3,52752,34.837,319.99,159.99,0.33334
4130,10335,53081,23.708,331.57,221.12,0.19984
4130,10748,52730,30.63,430.03,389.78,0.049098
4130,11244,53203,22.301,451.93,202.42,0.3813
4131,10094,53079,32.326,424.76,229.52,0.2984
4131,10714,52485,30.084,854.29,587.33,0.18518
4131,11598,53326,26.236,700.43,351.25,0.33202
4132,10024,53349,32.357,333.43,270.83,0.1036
4132,10596,52454,30.212,811.87,579.54,0.16698
4137,10758,54479,31.102,676.23,613.91,0.048304
4137,11317,52732,24.554,834.59,653.37,0.12179
4138,9273.6,54593,19.258,1019.1,489.23,0.35131
4138,10886,52986,30.098,445.53,101.41,0.62916
4138,10931,55037,26.945,583.16,500.31,0.076469
4139,9420.5,54541,30.519,442.94,353.96,0.11166
4139,11009,52935,24.006,675.98,406.9,0.24848
4139,11339,55125,35.735,244.51,197.98,0.10516
4140,9398,54389,25.342,365.94,242.27,0.20334
4140,11052,53777,31.015,456.43,209.03,0.37177
4147,10901,55126,34.047,362.28,136.21,0.4535
4148,10020,53425,14.982,488.77,158.86,0.5094
4149,10010,53501,23.263,275.99,149.54,0.29716
4150,10025,53535,11.475,561.65,266.66,0.35614
4151,10021,53509,9.9081,574.55,186.95,0.50899
4151,11378,55157,34.673,287.35,227.93,0.11531
4152,9994.1,53554,13.827,423.6,109.76,0.58843
4152,10864,53496,29.295,240.05,274.25,-0.066493
4153,10021,53751,17.639,860.78,429.58,0.33417
4153,10646,54344,25.909,391.4,425.8,-0.042102
4154,9750.1,52506,30.093,181.52,152.93,0.085488
4155,8673.4,52806,33.661,572.34,389.43,0.19018
4155,9942,55390,34.7,829.04,437.9,0.30873
4155,10631,54385,36.682,593.86,410.5,0.18257
4156,8967.9,54594,22.297,850.54,659.31,0.12665
4156,9347.6,52776,31.294,388.5,194,0.3339
4157,9081.3,54616,22.866,418.21,464.86,-0.052828
4158,9096,54594,24.841,717.97,460.89,0.21807
4159,8978.6,55137,21.975,1173.9,828.08,0.17275
4159,9530.3,53335,17.656,904.51,548.21,0.24527
4159,10825,55384,34.496,325.26,160.77,0.33843
4159,11582,54746,27.028,350.57,183.58,0.31264
4160,10330,52516,32.809,481.29,338.65,0.17397
4160,11524,54612,25.775,917.57,772.09,0.0861
4161,10213,53983,18.646,833.3,565.91,0.1911
4161,10585,52737,26.584,436.01,353.33,0.10475
4162,9737.1,53638,14.258,432.25,351.77,0.10264
4163,9597.7,53622,20.439,1262.4,1118.5,0.060451
4163,10005,52421,31.927,742.32,423.4,0.27358
4163,10524,55307,26.641,823.78,598.36,0.15851
4164,8822.6,53518,16.539,1439.1,780.3,0.29683
4164,9972.8,53842,30.034,617.17,575.77,0.034704
4164,11201,52494,33.999,417.6,425.99,-0.0099455
4165,8868.6,53490,12.408,1396.8,912.68,0.20963
4165,10439,55366,25.035,824.06,422.04,0.32262
4165,10990,54553,23.429,769.52,637.98,0.093457
4166,10923,52437,34.878,174.37,285.77,-0.2421
4166,10954,54698,36.127,405.96,255.39,0.22768
4167,10065,54047,30.181,1008.8,923.45,0.044172
4168,10156,54076,17.256,811.31,663.64,0.10012
4168,11390,54638,21.54,807.82,532.64,0.20529
4169,10061,53930,17.073,446.57,163.52,0.46395
4169,11279,54661,18.998,691.89,330.04,0.35409
4170,9854.3,53759,21.204,677.38,410.97,0.24478
4170,11597,55029,23.883,751.75,596.42,0.11521
4171,9109.1,53170,19.784,1410,1244.6,0.062327
4171,9827.5,53814,22.327,764.4,413.65,0.29774
4171,11268,53198,28.325,197.73,194.34,0.0086358
4171,11321,55068,17.898,730.62,373.33,0.32365
4172,8890.2,53105,18.761,428.23,264.81,0.2358
4172,9298,54275,34.03,359.4,452.32,-0.11448
4172,9995.5,53851,21.023,454.41,223.34,0.34095
4172,11116,54908,24.095,438.4,370.67,0.083719
4173,9782.9,52903,29.028,489.74,435.24,0.058918
4174,9070.6,54242,36.544,519.47,362.43,0.17808
4174,9243.5,54926,29.404,401.96,281.38,0.17645
4174,9679.8,52670,23.244,840.29,1078.2,-0.12401
4174,11302,53249,18.475,426.08,316.08,0.14822
4175,8806.1,52925,24.461,524.47,285.89,0.29442
4175,9234,54710,18.366,680.77,430.41,0.22532
4175,9457.9,52752,27.244,167.64,167.55,0.00026773
4175,10381,53233,27.791,540.62,317.62,0.25984
4175,10475,55006,30.979,868.75,619.19,0.16772
4176,10650,55064,24.918,732.5,427.9,0.26249
4181,10447,54870,27.043,552.1,194.37,0.47923
4189,9514.1,54641,30.258,258.55,181.27,0.17571
4190,9118.6,53534,27.422,560.72,365.28,0.21105
4190,9208.5,54742,24,865.23,509.36,0.25889
4191,9172.1,54783,17.563,1041.2,588.56,0.27774
4193,9042.3,54639,15.9,1157.5,763.73,0.20497
4194,9008.9,54699,25.005,662.67,475.45,0.1645
4194,9770.1,53687,30.666,891.05,458.61,0.32041
4194,10428,54063,24.657,694,378.72,0.29391
4195,9475,53470,27.385,552.21,372.88,0.19385
4195,11083,54195,29.004,675.83,403.66,0.25213
4196,9656.5,55203,30.701,464.67,257.74,0.28646
4196,10951,53940,23.683,375.43,180.79,0.34993
4197,9615.4,55260,31.055,395.39,216.29,0.2928
4197,11521,52658,34.261,333.61,128.78,0.44299
4200,10182,53403,33.93,195.6,117.54,0.24929
4200,11309,53023,30.832,520.92,219.12,0.4078
4201,11423,53187,33.904,492.63,240.62,0.34368
4201,11488,54965,31.865,485.63,337.92,0.17935
4202,9205.7,53083,32.328,424.32,248.88,0.2606
4203,10680,52411,31.683,383.76,133.81,0.48293
4203,10778,53394,23.978,371.34,176.35,0.35602
4204,9428.9,53145,25.458,222.1,256.69,-0.072252
4204,10790,53451,22.91,855.13,648.61,0.13734
4205,9602.6,53139,31.498,358.22,222.71,0.23326
4205,11542,53327,23.474,340.07,357.86,-0.025481
4206,10513,52481,31.402,548.95,229.02,0.41123
4206,10950,53618,34.891,834.96,736.07,0.062949
4207,8690,54389,23.529,533.38,337.29,0.22522
4207,10068,55004,25.804,367.61,222.2,0.24653
4207,11651,52876,33.607,701.43,319.01,0.37476
4208,9891.3,54664,28.631,525.9,230.47,0.3906
4209,9847.4,54582,30.086,574.72,459.21,0.11172
4209,10359,53097,31.583,500.47,187.84,0.45421
4210,9800.9,54785,19.794,424.91,199.62,0.36074
4210,10099,52494,24.077,509.67,335.39,0.20623
4210,10688,55075,32.18,556.12,361.51,0.21208
4211,8923.6,54788,30.326,1347.3,1090.2,0.10546
4211,9141.3,53206,20.136,1111.7,779.09,0.17593
4211,9276.1,53763,32.565,620.22,357.4,0.26884
4212,8969.3,54713,26.85,1388.7,790.84,0.27431
4212,9045.1,54893,26.169,1252.4,756.81,0.24665
4212,9471.3,53944,34.527,344.56,235.55,0.18792
4213,10422,55011,25.448,361.02,143.14,0.43217
4213,10975,52806,28.257,108.1,235.15,-0.37013
4214,8917.4,54531,17.119,1134.2,664.73,0.26099
4214,10565,55222,22.728,711.93,344.61,0.34766
4214,11200,53256,17.267,624.4,557.99,0.056169
4215,9235,54742,28.069,527.24,305.03,0.26699
4215,9707.3,54001,35.857,346.52,711.01,-0.34466
4215,11118,53048,31.633,364.88,479.92,-0.13617
4216,9418.2,55281,34.888,414.19,202.56,0.34314
4216,9514.8,53896,32.654,437.2,1384.2,-0.51993
4217,9257.6,54692,22.97,377.59,147.4,0.43847
4217,9551.1,53689,16.816,332.46,856.77,-0.44089
4217,10392,52545,38.884,560.51,287.35,0.32217
4217,10828,54700,32.67,182.54,161.99,0.059657
4219,11428,53787,22.222,1051,546.49,0.31581
4220,9504.3,54602,31.971,529.7,185.98,0.48027
4220,11220,53827,28.045,792.43,472.69,0.25273
4221,10295,54239,17.831,1025.2,534.94,0.31423
4221,11011,52974,19.365,755.18,424.69,0.2801
4222,10121,54084,26.253,974.15,759.19,0.12401
4222,10220,54463,28.891,664.36,483.6,0.15746
4222,11124,52936,33.301,531.21,482.72,0.047823
4224,9943.9,54301,33.531,334.89,171.22,0.32338
4224,11220,53178,14.122,549.17,331.5,0.24717
4225,9910.9,53801,23.182,354.74,115.59,0.50846
4225,11252,53127,23.084,417.13,343.49,0.096812
4226,8976.3,55007,36.308,299.43,284.49,0.025594
4226,9101.5,53701,24.52,205.97,144.36,0.17586
4226,9994,53662,28.627,259.95,148.22,0.27373
4226,10812,54649,35.893,594.23,458.24,0.12921
4227,9330.6,54909,28.68,400.26,395,0.0066089
4227,10699,54525,22.775,334.04,322.04,0.018278
4228,10870,53178,25.899,343.82,295.6,0.075414
4228,10930,54377,23.38,432.09,141.32,0.50709
4229,9409.6,55075,14.613,1051.9,649.81,0.2363
4229,10790,54420,31.312,295.09,122.78,0.41235
4230,9395.5,54974,17.657,595.34,323.61,0.2957
4230,9754.2,53712,36.59,711.28,183.83,0.58926
4231,9316,55082,25.284,392.73,397.1,-0.0055443
4231,9669.8,53535,15.523,2023.7,701.99,0.4849
4233,8830.2,52520,29.146,636.82,625.91,0.0086425
4233,9399.9,53374,28.293,682.17,404.51,0.25551
4233,9886.6,54989,27.357,214.93,166.75,0.12624
4234,8961,52567,34.688,419.58,295.22,0.17397
4234,9976.5,55020,19.12,286.03,347.15,-0.096529
4234,11064,53967,24.482,847.31,387.68,0.37217
4235,9634.9,52797,22.354,844.31,463.71,0.29097
4235,11063,54507,22.769,607.96,303.14,0.33457
4235,11564,54423,33.037,703.37,469.92,0.19896
4236,9431.8,52840,25.296,603.39,561.34,0.036106
4236,10925,53711,26.222,543.07,410.58,0.13893
4237,11095,53604,35.641,308.13,218.89,0.16933
4238,10647,52905,35.175,232.94,166.6,0.16602
4239,10503,52914,24.154,556.82,296.07,0.30572
4240,10633,52614,25.18,546.37,355.31,0.21189
4240,11345,54555,35.63,361.57,129.1,0.47379
4241,8684.8,53626,34.872,738.37,419,0.27595
4241,10669,52522,28.41,310.67,103.73,0.49939
4241,11214,54682,36.086,641.51,322.04,0.33155
4241,11378,54905,30.62,485.57,323.6,0.20017
4242,8992.5,53287,27.51,639.28,304.82,0.35427
4242,10725,52727,23.38,479.08,280.52,0.2614
4242,11392,54929,26.106,464.41,253.85,0.29316
4243,8978.3,53465,34.066,565.45,441.09,0.12355
4243,9139.6,53110,27.975,414.47,390.82,0.029367
4243,10875,52691,23.963,419.86,131.15,0.52396
4244,8860.5,53550,35.304,560.61,292.3,0.31459
4245,9179.8,52954,22.353,336.78,232.14,0.18393
4245,11070,53744,22.935,447.25,130.59,0.548
4246,11158,54969,25.748,428.26,254.91,0.25375
4247,9449.2,52594,24.56,943.96,887.19,0.031002
4247,10847,53750,22.431,441.51,284.13,0.21688
4248,9554.1,52516,22.278,540.46,345.57,0.21996
4248,10904,53728,18.726,932.03,615.13,0.20483
4248,11043,54967,27.495,418.38,354.21,0.083063
4249,10958,53631,31.05,1256.2,787.06,0.2296
4249,11231,53246,20.579,489.27,376.28,0.13054
4250,11189,53467,18.426,1128.1,705.29,0.23063
4251,11264,53288,26.675,618.87,444.27,0.16422
4253,9376.3,52614,21.16,516.55,181.21,0.4806
4253,11274,52819,24.407,326.72,326.54,0.00028006
4254,9393,52602,21.934,570.2,534.83,0.032007
4254,10064,55271,26.483,448.94,257.67,0.27068
4255,9381.4,52587,24.859,453.79,263.52,0.26525
4255,11460,55109,35.889,654.55,401.5,0.23961
4256,9348.6,52605,29.068,262.35,266.4,-0.0076527
4256,10153,54960,33.576,571.48,238.54,0.41102
4256,10554,52442,28.744,681.6,809.97,-0.086061
4257,9556.6,52580,31.056,312.81,340.51,-0.042399
4257,10894,52967,30.372,650.73,549.71,0.084151
4257,11098,54941,13.008,1503.3,848.21,0.27859
4258,9530.3,54996,26.941,1266.3,805.09,0.22266
4258,10069,53155,29.353,614.75,590.63,0.020011
4258,11300,54916,21.822,873.06,394.35,0.3777
4259,9849.3,54949,14.565,619.99,331.48,0.30322
4259,10143,53064,25.079,1021.6,617.21,0.24676
4259,11523,55009,26.815,264.63,188.4,0.16827
4260,9154.4,52636,33.231,467.48,272.04,0.26429
4260,9591.4,52730,31.353,370.06,338.86,0.044012
4260,10254,52925,37.083,429.76,245.73,0.27244
4260,10234,53546,34.88,378.68,344.03,0.047947
4260,11563,54999,27.55,726.91,339.42,0.36338
4261,10797,52836,36.677,468.25,408.51,0.068143
4261,11192,53174,25.794,290.88,228.84,0.11938
4263,9228.2,53043,27.726,749.96,381.01,0.32622
4265,8975.5,53277,26.057,576.47,196.98,0.49064
4266,9022.7,53233,23.497,946.08,315.17,0.50023
4268,9113.9,52553,18.791,629.61,110.08,0.70236
4268,9227.5,53213,25.45,407.53,202.96,0.33509
4268,10317,54292,36.518,322.54,153.27,0.35574
4269,10479,54465,25.543,493.3,555.68,-0.059462
4272,10172,53594,32.514,239.93,130.74,0.29458
4274,9653.6,53473,27.645,523.74,284.95,0.29529
4274,9754.6,54621,27.127,404.13,308.38,0.13438
4276,9733,53831,31.358,653.03,669.12,-0.01217
4277,8936.3,54808,23.039,541.28,446.21,0.096273
4277,9033.4,53348,21.875,1214.1,708.91,0.26269
4277,9675.4,54003,31.648,212.01,204.27,0.018596
4277,10004,54720,29.711,264.02,151.19,0.27175
4278,9073.2,53305,42.694,483.77,356.23,0.15184
4278,9012.7,53993,26.815,267.86,173.33,0.21426
4278,10283,54686,24.702,350.83,332.9,0.026229
4279,9129.7,54030,25.583,434.65,185.3,0.40221
4279,10175,54843,33.668,746.59,462.61,0.23485
4279,10622,55263,19.272,771.33,476.57,0.23621
4280,9103.4,54232,35.192,324.51,220.99,0.18978
4281,8739,54191,31.977,339.99,207.14,0.24281
4281,9187.2,54342,29.355,598.62,484.18,0.10569
4282,9250.4,54401,28.328,482.92,363.76,0.14074
4282,10415,54701,31.981,879.68,354.99,0.42496
4283,8788.6,55297,29.753,303.63,236.92,0.1234
4283,10358,54753,29.608,328.5,241.67,0.15229
4284,11178,53233,32.424,538.35,349.17,0.21316
4284,11404,53602,29.704,551.28,441.79,0.11025
4284,11494,54907,26.093,760.11,416.25,0.29232
4285,8825.5,55353,24.587,455.53,316.35,0.18031
4285,9038.5,54443,26.138,504.58,303.26,0.24921
4285,11120,53116,29.51,236.58,105.38,0.38369
4285,11312,54965,22.228,409.28,156.5,0.44677
4286,8859.5,55290,35.918,548.78,537.05,0.010804
4286,11177,53728,26.416,695.35,560.79,0.10712
4287,8744.2,54526,24.47,424.82,118.11,0.56491
4287,9793.3,53892,34.579,147.83,118.45,0.11034
4287,11418,53414,24.167,568.11,444.65,0.1219
4287,11426,54793,26.619,593.53,497.4,0.088116
4288,8789.7,54551,28.848,566.1,266.02,0.36062
4289,10611,54958,32.507,1204.9,795.88,0.20444
4289,11644,54826,32.17,703.61,695.36,0.005902
4290,8842.1,53055,27.686,409.56,321.22,0.12088
4290,10450,54929,23.078,1483,1304.7,0.063953
4290,10993,55113,22.236,615.15,412.64,0.19703
4291,9720.4,54917,16.268,663.86,276.95,0.41125
4291,10297,54947,39.981,426.92,246.8,0.26735
4291,10967,55312,33.005,430,461.69,-0.035536
4292,9722,54899,15.078,872.6,476.1,0.29398
4292,10617,55357,34.263,444.74,406.44,0.045003
4292,11307,55235,28.376,734.49,643.06,0.066372
4293,9474.6,53250,32.098,505.31,433.99,0.075924
4293,9723.8,54878,19.613,1282.1,837.62,0.20968
4293,11312,55227,25.618,615.84,485.29,0.11857
4294,9604.1,55080,21.103,1124.2,712.28,0.22429
4294,10234,55013,30.03,464.02,283.42,0.24162
4294,11321,54973,35.582,218.87,177.66,0.10391
4295,10121,54917,21.378,1085.4,602.98,0.28573
4296,9427.9,54743,34.556,254.2,179.85,0.17131
4296,10174,55025,23.828,445.31,145.45,0.50759
4297,10284,55153,28.862,279.91,154.51,0.28865
4298,11302,53919,36.961,327.81,187.98,0.2711
4298,11361,53029,21.487,697,421.26,0.24657
4299,10963,53861,31.671,608.33,254.65,0.40984
4300,9430.1,55265,29.621,361.69,305.41,0.084363
4300,10252,53340,36.956,298.77,124.97,0.41016
4300,10352,55388,30.965,420.52,362.35,0.074302
4300,11120,54136,24.255,420.33,210.43,0.33278
4301,9509.2,55300,27.413,232.04,233.54,-0.0032122
4301,9927.7,53553,31.346,540.3,233.04,0.39732
4301,10825,53019,30.452,434.06,196.43,0.37689
4301,11287,54227,21.906,626.09,420.74,0.19617
4302,9808.7,52958,30.99,534.64,276.58,0.31812
4302,10897,52874,27.611,590.61,374.75,0.22361
4302,11302,54408,36.729,539.87,447.4,0.09366
4304,10086,53267,33.867,153.34,432.07,-0.47613
4305,9590.7,53003,27.412,451.66,229.24,0.32665
4305,10492,55079,31.888,583.48,812.66,-0.16416
4308,11271,52730,26.762,307.27,312.7,-0.0087673
4309,11181,53386,22.485,556.59,317.46,0.27359
4310,10050,53993,31.546,241.74,173.84,0.16338
4310,11061,53388,17.827,651.81,429.91,0.20514
4312,10067,53968,22.218,251.23,179.92,0.16539
4312,11038,54543,28.417,685.01,479.79,0.17618
4313,11153,54383,25.9,718.07,516.27,0.16349
4314,9952.4,55320,29.667,516.77,376.27,0.15733
4314,11348,53707,36.344,384.71,374.01,0.014095
4314,11521,55337,29.258,730.54,639.42,0.066512
4315,9371.1,55191,33.027,862.4,762.92,0.061207
4315,9607.3,55134,32.426,525.53,408.18,0.12568
4316,9552.5,55145,19.415,833.89,499.27,0.251
4316,10779,53595,32.339,298.55,222.45,0.14606
4316,11637,54147,26.799,390.98,152.7,0.43828
4317,11151,53809,23.081,463.17,416.85,0.052632
4318,10547,54043,32.633,551.33,538.72,0.011567
4318,11254,52845,28.899,377.06,252.55,0.19776
4318,11303,53751,25.911,596.26,407.05,0.18858
4319,10082,54241,24.888,693.13,419.13,0.24635
4320,9168.8,52785,23.547,571.98,206.95,0.46863
4320,10008,54379,28.918,385.69,147.73,0.44609
4321,9814.1,54325,32.242,636.19,383.19,0.2482
4322,9906.3,54220,23.18,492.27,212.61,0.39674
4323,10631,53468,35.941,319.31,256.13,0.10979
4324,9670,54110,22.392,765.2,385.82,0.3296
4324,9635.9,54542,34.851,1093.3,735.51,0.19566
4325,9273.6,54603,28.299,1301.3,557.33,0.40026
4326,9240.1,54588,16.066,1534.9,541.31,0.47855
4326,10097,53318,29.631,290.78,247.14,0.081123
4327,9104.8,54706,33.818,870.8,362.05,0.41266
4327,11589,53973,26.273,779.64,544.35,0.17771
4328,9175,54967,25.08,485.56,102.46,0.65151
4329,11274,54069,29.049,531.99,114.23,0.64645
4330,9052.7,55320,34.284,723.82,254.9,0.47911
4331,10584,53486,35.847,362.97,113.07,0.52496
4332,8867.5,54665,32.545,404.51,332.73,0.097353
4334,8770,54994,18.891,1169.2,684.66,0.26135
4334,8758.1,55078,24.02,1411.3,850.05,0.24819
4334,9343.4,53257,20.023,817.56,455.5,0.2844
4335,8688.6,55022,14.767,1684.1,1092.8,0.21295
4335,11251,53214,20.269,413.6,153.86,0.45773
4336,9892.6,52869,30.074,559.05,276.82,0.33765
4336,11143,54981,32.631,306.53,169.44,0.288
4337,9600.6,52805,22.012,543.59,199.4,0.46325
4337,9601.7,55245,27.179,148.95,107.88,0.15992
4337,11238,53253,20.26,740.64,394.49,0.30495
4337,11178,54983,25.45,630.4,293.84,0.36414
4338,9615.8,52889,17.649,613.11,396.95,0.21401
4339,8756.5,53586,23.352,624.22,379.67,0.24361
4339,11108,54379,26.619,720.46,561.69,0.12383
4340,11109,53266,23.459,499.53,324.39,0.21257
4341,11144,52567,33.939,819.13,430.55,0.31095
4341,11170,54612,22.253,1186.3,757.66,0.22051
4342,10029,53391,25.692,681.86,460.15,0.19414
4342,10979,54683,31.958,1820.6,1119.8,0.23835
4342,11193,54618,17.434,1916.5,1236.2,0.21577
4342,11384,52640,22.9,751.24,485.02,0.21534
4342,11632,53716,28.589,265.9,149.3,0.28082
4343,10546,52592,35.059,245.93,167.73,0.18906
4343,11127,53263,19,348.31,273.39,0.12052
4344,10764,52909,36.829,716.61,558.17,0.12429
4345,10790,53188,24.428,759.42,553.07,0.15722
4346,9589.5,52786,24.154,567,383.78,0.1927
4346,10935,53290,22.673,455.04,231.01,0.32654
4346,11363,55267,34.113,239.01,205.88,0.074486
4347,9704.7,52732,21.992,377.62,198.93,0.30993
4347,9813.9,54893,16.296,582.04,269.87,0.36643
4348,11354,54774,33.503,618.13,616.68,0.0011768
4349,9715.3,54980,19.586,428.87,249.32,0.26475
4349,11520,54946,29.379,309.38,127.46,0.41643
4350,9803.2,54947,22.418,474.83,410.3,0.072909
4350,10398,54038,16.32,687.63,476.07,0.1818
4353,10208,54089,25.117,982.18,640.01,0.21093
4353,11222,53278,11.009,629.21,315.04,0.33272
4354,9700.1,54152,26.822,640.58,599.02,0.033525
4354,11102,52999,22.233,761.09,571.59,0.14219
4355,8708.4,53142,25.327,1103.6,569.92,0.3189
4355,9127.8,53188,16.1,1392.7,786.43,0.27822
4355,10204,54160,24.68,661.51,618.69,0.033446
4356,9150.8,53029,28.356,704.69,347.66,0.33927
4357,9033.2,52996,27.949,1032.8,539.73,0.31355
4357,11606,54278,38.376,157.95,168.53,-0.032411
4358,8970.1,53001,34.705,548.34,238.25,0.39422
4360,11452,54219,24.462,264.75,114.4,0.39653
4361,11201,55309,25.109,553.64,465.91,0.086054
4361,11610,54153,30.298,479.96,331.89,0.18238
4362,10167,55133,24.732,841.1,824.61,0.0098982
4362,11322,55262,25.382,659.51,336.3,0.32457
4362,11463,55258,24.234,732.68,428.33,0.26214
4363,11413,55354,16.144,872.77,415.74,0.3547
4364,9036.8,53774,20.456,777.51,540.85,0.17951
4364,11485,55389,28.366,583.34,320.8,0.29038
4365,9043.9,53821,25.603,412.58,240,0.26445
4367,8912.4,53671,31.28,694.48,436.3,0.22832
4368,8903.1,53897,30.534,431.83,231.08,0.30283
4369,8720.8,53187,34.026,363.12,183.15,0.32945
4370,8912.6,53416,34.483,273.67,122.21,0.38259
4371,8929.5,53845,35.66,557.9,257.33,0.36869
4371,9634.1,53947,30.305,612.9,421.95,0.18452
4372,9688,54044,25.886,336.8,329.58,0.010843
4372,9930.2,53341,29.766,169.81,126.7,0.14539
4373,9904.5,53204,34.506,336.13,362.02,-0.037086
4373,11295,53357,18.72,626.06,314.07,0.33185
4374,9352,53481,28.888,333.55,140.45,0.40739
4374,9940.7,53295,31.683,424.49,291.32,0.18604
4374,11158,53332,15.531,788.42,429.6,0.29459
4376,9409.4,53494,24.861,911.76,608.96,0.19912
4376,10152,54115,26.581,741.48,471.63,0.22244
4377,9386.2,54869,23.684,810.71,238.2,0.54581
4377,9580.2,53212,29.937,810.68,670.86,0.09438
4377,9668.2,53181,32.643,545.14,365.23,0.19762
4377,10167,54052,32.124,1512,1165.6,0.12939
4377,11466,54871,32.743,541.53,402.88,0.14681
4378,10175,54068,36.554,500.46,277.8,0.2861
4378,11513,54640,28.748,344.61,211.58,0.23918
4379,10090,54013,13.652,1302.4,681.73,0.31282
4379,10267,54693,9.9268,1160.4,352.1,0.53439
4379,11662,54625,37.617,396.53,177.41,0.38178
4380,9299.8,52554,38.092,398.95,217.73,0.29387
4380,10003,54021,14.745,1535.1,1150.6,0.14315
4380,10164,54830,9.2179,893,216.93,0.60911
4380,11430,53143,22.587,510.73,329.25,0.21605
4381,10175,54886,9.0417,827.18,115.29,0.75535
4381,10148,54116,20.466,1092.7,439.22,0.42656
4381,11336,53116,26.142,566.99,437.42,0.129
4382,8897.6,52493,32.617,414.22,127.26,0.52994
4383,8969.6,52576,31.493,543.73,235.12,0.39623
4383,11235,54395,24.009,959.68,766.69,0.11179
4384,9626.9,53242,36.465,799.98,492.27,0.23812
4384,11387,53919,31.562,1350.2,1153.4,0.078581
4384,11553,52441,19.346,429.81,379.53,0.062115
4385,11176,54472,38.611,588.05,440.15,0.14384
4385,11467,53837,23.668,767.76,481.01,0.22963
4387,9691.7,54851,27.322,564.99,311.3,0.2895
4387,9757.3,53442,36.421,255.83,150.63,0.25882
4388,9611.5,55047,38.908,710.84,388.82,0.29284
4388,9828.7,53558,22.459,378.34,129.19,0.49092
4389,9267.8,55190,22.657,426.55,208.2,0.34399
4389,10466,52863,31.222,553.32,304.55,0.28999
4390,10475,52784,37.411,1017.9,1009.1,0.0043635
4391,9373.4,53963,25.891,316.83,188.15,0.25482
4391,9384,55269,25.521,332.51,240.26,0.16106
4391,10873,54568,32.041,304.32,138.3,0.37507
4392,11069,54431,32.621,380.56,255.48,0.19665
4393,10859,54352,27.442,699.64,384.04,0.29123
4394,10778,54358,19.373,962.32,679.14,0.17251
4398,11125,53993,38.252,264.85,212.81,0.10893
4399,8919,54655,23.865,723.19,693.49,0.020963
4400,8843.4,54575,28.252,683.63,483.72,0.17125
4400,11018,53957,34.761,456.79,400.9,0.065164
4401,10082,54003,12.146,1095.1,503.48,0.37008
4402,10199,54045,13.952,821.65,299.23,0.46609
4402,10675,52449,32.295,413.06,174.33,0.40643
4403,9391.9,53191,31.539,607.6,572.63,0.029629
4404,9491.5,53130,22.633,895.19,436.32,0.34463
4404,9904.9,54284,27.482,320.42,105.06,0.50615
4404,10724,52767,31.396,399.33,244.07,0.24131
4404,11455,53860,30.113,607.88,519.99,0.077927
4405,9594.9,52925,15.361,694.25,544.28,0.12109
4405,10608,52656,29.606,392.15,525.24,-0.14507
4405,11595,53896,19.424,1253.3,640.76,0.3234
4406,9467.9,52927,20.736,396.79,182.37,0.37023
4406,11129,53721,31.266,347.6,414.48,-0.087762
4410,11122,55083,24.474,340.28,292.45,0.07559
4411,9339.7,53670,17.168,783.68,445.98,0.27463
4411,9413,55134,10.297,722.67,607.32,0.086731
4411,11069,55153,31.523,370.27,320.63,0.071841
4412,9349.3,53837,35.547,681.97,426.59,0.23037
4413,9704.8,54002,22.231,872.72,640.72,0.15329
4414,9996.7,54108,11.201,1508.1,903.77,0.25056
4415,10005,54101,10.751,1127.9,632.07,0.28173
4415,11309,54463,31.676,346.46,104.73,0.53577
4416,8816.9,52642,37.236,572.04,394.23,0.18402
4416,10026,54101,16.236,1097.2,616.83,0.28024
4417,8791.5,52923,32.909,824.61,1093.5,-0.14017
4417,9844.7,53749,25.584,1182.2,1222.3,-0.0167
4417,11052,53330,18.215,629.59,607.79,0.017615
4418,10023,53973,19.386,890.27,455.12,0.32344
4418,11104,53435,21.245,801.86,582.7,0.15829
4419,11173,53443,25.086,307.14,193.59,0.22678
4420,10176,53213,20.617,1662.4,1289.1,0.1265
4421,8688.5,54626,29.237,214,181.57,0.081983
4421,9818.5,53321,36.127,332.17,234.81,0.17172
4421,11231,54503,29.203,496.52,360.97,0.15808
4422,8756.7,54627,23.772,385.61,250.52,0.21236
4422,10917,54480,32.203,406.02,163.15,0.4267
4422,11081,53151,29.051,499.74,401.56,0.10893
4423,10745,52809,21.801,1069.5,674.47,0.2265
4423,10724,54369,20.828,754.98,260.9,0.48635
4424,9234.2,53202,32.235,686.73,709.16,-0.016074
4424,9963.8,54105,33.452,269.08,108.15,0.42663
4424,10751,52821,21.355,710.24,551.22,0.12606
4425,10227,54366,35.403,436.41,273.86,0.22885
4425,10941,52911,23.176,1014.4,521.34,0.32106
4425,10900,53681,30.973,445.77,280.87,0.22694
4426,9730,55215,23.528,642.11,363.41,0.27718
4426,10598,54040,28.579,628.48,289.37,0.36946
4427,9249.4,54885,30.063,727.23,669,0.041699
4427,11246,53518,25.502,748.91,647.54,0.072595
4428,11397,53376,21.529,1188,651.3,0.2918
4429,11271,53288,21.995,1188.5,810.87,0.18886
4429,11477,53277,26.767,1242.6,758.08,0.2422
4430,11302,53302,15.394,1377.5,983.16,0.16706
4430,11415,53323,21.062,1249.4,861.69,0.18366
4431,10948,53219,28.181,533.34,430,0.10727
4432,9024.3,54865,33.275,444.53,169.22,0.44857
4432,10075,52459,31.682,300.38,489.86,-0.23978
4432,10821,53252,32.616,346.14,157.73,0.37392
4434,8842.9,52624,25.446,244.45,110.02,0.37923
4434,10350,54899,20.063,457.18,240.17,0.31118
4435,8925,52762,28.991,526.52,317.15,0.24817
4435,10293,54898,21.47,426.89,276.4,0.21399
4437,9336.5,53514,22.144,507.21,300.24,0.25633
4438,10517,54822,30.139,638.99,519.41,0.10323
4438,11043,53177,20.902,424.3,327.26,0.12911
4440,9892.1,54854,23.583,420.63,348.55,0.093709
4441,9696.9,54996,27.495,237.47,113.09,0.3548
4441,10602,53357,21.254,489.49,278.69,0.27443
4441,10686,54906,33.819,247.81,336.31,-0.15152
4443,8991.4,54401,21.749,507.82,355.72,0.17613
4444,8949.7,54494,25.126,898.37,631.93,0.17411
4446,10953,54664,31.921,666.07,275.51,0.4148
4448,9149.2,53073,28.317,826.86,424.16,0.3219
4448,10630,55147,30.877,522.6,348.19,0.20029
4450,9359.6,54935,29.764,758.78,731.87,0.018049
4450,10162,54230,32.213,239.38,243.06,-0.0076164
4450,11092,54100,31.282,524.59,435.05,0.093306
4450,11194,53387,20.993,1010.4,627.18,0.23403
4451,9268.5,54914,17.978,760.51,436.38,0.27081
4451,10927,54556,31.83,483.98,239.11,0.33864
4451,11120,53928,20.317,1315.7,621.79,0.35815
4452,10585,53165,26.669,322.29,259.15,0.1086
4452,10770,54492,27.919,832.75,403.38,0.34736
4452,11396,52513,31.213,287.79,152.28,0.30792
4453,10016,54091,32.022,205.46,103.42,0.33037
4453,10766,54626,24.723,841.28,467.85,0.28525
4454,10780,54740,24.749,1082.5,469.99,0.39452
4455,8771.2,52619,36.44,278.29,244.78,0.064068
4455,10838,54645,27.025,558.44,344.28,0.23724
4455,10972,53049,28.755,539.94,506.1,0.032354
4456,9078.9,52835,26.722,689.33,588.02,0.079313
4456,9927.3,54121,18.585,1077.4,700.17,0.21221
4457,9959.3,54105,29.348,313.88,380.22,-0.095567
4458,9645.9,53255,31.8,388.69,385.12,0.0046169
4458,9990.4,54058,15.868,820.06,605.36,0.15062
4459,9892.7,54163,36.416,229.16,355.78,-0.21645
4459,10398,54603,33.134,409.52,414.66,-0.006233
4460,9652.6,52929,28.708,491.25,399.42,0.10311
4460,10592,54465,31.168,309.11,265.68,0.075571
4460,10964,53155,26.678,813.94,498.7,0.24016
4461,9867.3,54114,35.132,176.12,139.05,0.11759
4462,10038,54107,30.298,405.84,212.29,0.31312
4463,9237.5,53583,26.999,410.92,285.05,0.18086
4464,10639,53519,32.183,198.83,194.32,0.011464
4465,9047.9,53167,26.825,638.69,381.18,0.2525
4465,9346,55123,25.549,664,391.53,0.25813
4465,9692.4,52892,35.18,614.44,297.72,0.34723
4466,8884.6,53167,21.726,450.36,366.31,0.10292
4466,9161.9,55048,30.173,780.25,456.52,0.26176
4466,10560,53203,20.946,715.84,510.38,0.16756
4467,9113,54786,27.334,420.06,290.9,0.18166
4467,9778.1,53061,34.273,261.13,135.66,0.31622
4467,10160,54432,25.025,433.94,153.57,0.4772
4467,11646,54617,29.749,620.02,476.73,0.13065
4468,9044.2,52870,30.87,405.19,590.67,-0.18624
4468,9139.2,54662,24.441,486.6,352.28,0.16011
4468,10294,54717,28.88,347.41,229.56,0.20426
4469,9156.9,52895,28.583,531.45,460.07,0.071991
4470,9011.1,52838,30.243,839.15,337.84,0.42592
4470,10491,54747,21.26,423.5,255.21,0.24796
4470,10911,53026,22.563,555.64,291.01,0.31255
4471,8924.2,52898,24.732,753.24,295.49,0.43648
4471,11023,53246,35.831,391.97,302.8,0.12835
4472,10262,54900,31.93,663.69,465.19,0.17584
4472,11031,53238,28.811,357.87,265.48,0.14822
4473,10202,53344,30.493,211.57,101.61,0.35109
4473,10445,54950,23.756,846.48,660.49,0.12342
4473,11212,53301,12.036,490.53,185.26,0.45172
4474,10580,55041,17.881,812.73,669.64,0.096525
4474,11219,53210,8.7726,978.29,551.52,0.27897
4475,9658.7,53587,20.164,1004.1,519.17,0.31837
4475,11204,53216,16.707,797.12,453.53,0.27472
4476,8796.9,54774,29.881,638.76,212.9,0.50003
4476,9795.5,53469,20.974,956.07,742.9,0.12547
4476,10552,54064,24.653,321.44,259.97,0.10572
4476,11116,53272,12.035,1212.2,754.79,0.23253
4477,9647.9,53615,34.318,475.21,282.67,0.25404
4477,11271,53207,27.776,489.38,360.41,0.15176
4478,8744.4,54505,24.007,490.47,275.45,0.28073
4478,9479,53841,33.593,312.61,281.29,0.052743
4478,11590,52839,32.609,704.07,447.66,0.22263
4480,9481.1,52890,37.031,389.23,219.44,0.27896
4481,9450.7,53113,35.755,276.18,241.58,0.066817
4482,9900.7,52404,27.984,167.33,129.36,0.128
4483,10020,54073,36.116,248.76,162.88,0.20863
4485,9424.5,55112,22.793,652.35,465.99,0.16664
4485,10501,53208,17.769,423.58,182.26,0.39833
4486,9433.2,53410,20.174,548.51,322.19,0.25993
4486,10438,53309,35.128,433.92,271.13,0.2309
4487,9982,53351,28.408,678.34,483.75,0.16745
4487,10109,52444,19.69,557.58,146.45,0.58397
4488,9751.2,53495,18.039,519.48,286.85,0.2885
4488,10163,52432,24.736,679.17,359.54,0.30772
4488,10316,53223,25.389,752.38,415.33,0.28864
4489,9369.3,53583,32.79,475.25,460.02,0.016282
4489,10116,52458,22.174,888.96,705.35,0.11516
4489,10264,53212,20.916,970.97,918.21,0.027926
4490,9398.1,53383,27.462,372.01,269.12,0.16049
4491,9220.7,53297,22.988,514.69,315.16,0.24044
4492,9580.9,53403,24.917,371.5,279.48,0.14135
4494,8738.4,52765,20.421,654.48,614.31,0.031663
4494,8768.2,54046,26.102,732.46,356.74,0.34495
4495,8722.6,52816,22.922,533.72,406.5,0.13531
4495,11563,53473,26.387,1140,813.07,0.16738
4496,8754.5,52850,28.555,482.29,289.8,0.24932
4496,11352,53449,26.575,860.75,627.71,0.15656
4497,11429,54132,27.607,832.68,345.43,0.41359
4498,9763.6,52513,36.518,921.29,489.92,0.30567
4499,11504,54465,18.307,1238.5,876.65,0.17108
4500,10457,54001,27.004,322.28,179.22,0.28527
4501,11310,53934,21.832,655.29,385.22,0.25956
4502,8776.5,52757,29.43,323.07,245.12,0.13719
4502,11223,53476,26.382,609.83,348.18,0.27312
4503,9605.8,53729,32.46,359.38,163.42,0.37482
4503,11233,53274,11.26,681.36,306.98,0.37881
4504,9655.5,53775,21.785,599.95,275.89,0.37
4504,11432,54774,33.706,178.65,174.03,0.013094
4505,9587.4,53656,31.415,710.41,391.94,0.2889
4505,11299,53213,21.874,512.19,232.99,0.37467
4505,11584,53939,34.329,301.27,215.8,0.1653
4506,8869.2,55242,33.289,289.29,121.08,0.40992
4506,9764.3,53556,20.59,567.27,320.67,0.27772
4506,10058,54918,29.956,507.46,262.91,0.31745
4506,10965,55018,30.852,463.79,287.82,0.23413
4506,11191,52832,27.455,524.03,336.16,0.21841
4506,11515,54716,33.312,291.79,241.07,0.09519
4508,9750.7,53650,35.867,320.16,216.16,0.19392
4509,9676.9,53514,31.005,441.91,261.21,0.257
4510,9589.7,53223,29.691,467.08,312.45,0.19836
4512,9667.7,54286,25.593,951.34,669.76,0.1737
4512,11627,55309,28.436,648.89,610,0.030893
4513,9870.2,53582,28.436,446.99,415.54,0.036461
4513,11581,55371,33.255,527.56,486.01,0.04099
4514,9628.7,53564,20.834,565.89,279.79,0.3383
4514,11621,55365,36.465,387.49,487.42,-0.11422
4515,8787.2,54273,25.665,464.53,315.63,0.19086
4515,9501.4,53568,28.228,715.59,480.81,0.19623
4515,11348,53980,38.236,180.59,161.48,0.055888
4515,11551,55354,31.507,184.42,212.21,-0.070075
4516,9210.1,53599,26.281,468.71,234.15,0.33373
4517,9311.6,53685,22.192,612.83,289.48,0.35836
4517,10999,52509,32.111,274.72,230.13,0.088333
4518,9343,53818,28.952,412.52,294.25,0.16734
4518,11144,52542,30.514,181.21,164.34,0.048824
4519,11034,52402,26.041,385.49,461.5,-0.089739
4520,9035.9,52821,31.686,752.29,440.73,0.26116
4520,9767.7,53071,26.624,321.01,217.9,0.19134
4520,11330,53802,34.415,474.09,309.46,0.21011
4521,11088,53765,28.268,548.95,369.88,0.19488
4522,8765.2,52638,24.995,533.61,228.49,0.40037
4522,9532,54723,25.019,397.18,101.85,0.59183
4522,9700.5,52801,33.462,376.35,346.27,0.04162
4523,9142.6,53476,35.634,506.33,339.5,0.19723
4523,9749.7,53101,32.473,441,404.45,0.043229
4523,11062,53832,24.107,1256.7,904.72,0.16284
4524,9873.8,53021,30.177,293.21,317.86,-0.040348
4524,10598,54640,25.158,666.81,527.7,0.11646
4525,10050,53062,30.479,264.6,111.73,0.4062
4525,10507,54492,28.179,447.73,325.3,0.15838
4526,10330,54784,36.924,391.41,392.24,-0.0010626
4526,11564,53442,35.784,421.6,270.44,0.21841
4527,11102,55002,30.597,201.35,210.85,-0.023055
4527,11574,53263,36.599,476.91,340.74,0.16654
4528,10206,54518,32.18,1342.4,594.78,0.38593
4528,11040,54840,34.304,572.03,446.94,0.12276
4529,9272.7,52609,29.179,448.72,304.92,0.19081
4529,9887,54846,28.042,368.04,195.36,0.30649
4529,10227,54331,34.781,414.67,128.09,0.528
4529,10808,55105,32.034,226.82,108.14,0.35429
4530,9219.4,52626,30.696,329.96,235.7,0.16663
4530,9833.7,54921,32.494,206.21,106.59,0.31849
4530,10392,55327,31.761,860.12,542.88,0.22611
4531,9866.7,54872,19.75,549.25,260.82,0.35605
4531,10134,54505,32.271,394.65,178.74,0.37655
4532,8851.6,53247,33.67,575.47,329.74,0.27146
4532,10342,54424,21.578,536.19,309.18,0.26854
4532,10302,55237,22.071,990.36,738.08,0.14596
4532,11091,54109,26.783,393.55,365.7,0.036685
4533,10065,55206,28.917,503.42,198.88,0.43363
4533,10428,54476,33.262,435.95,107.3,0.60497
4533,11078,54249,29.388,291.53,139.27,0.35342
4534,9066.4,53411,22.996,1100,560.8,0.32465
4534,11640,52566,36.343,571.11,370.43,0.21313
4535,9104.1,53337,16.991,733.46,284.73,0.44071
4535,9560.9,54482,27.025,302.46,219.52,0.1589
4535,11200,54349,21.969,510.07,269.83,0.30805
4536,9356.1,53381,22.342,302.38,167.78,0.28629
4536,10002,53985,13.499,813.76,663.89,0.10143
4536,11253,53235,15.878,400.52,364.39,0.047239
4536,11184,54392,26.313,512.99,371.64,0.15978
4537,9442.4,53321,34.432,537.34,415.01,0.12845
4537,9755.8,54164,27.849,1720.1,1611.4,0.03262
4537,9956.1,54114,13.081,1046.5,952.68,0.046941
4537,10051,55171,30.219,286.89,220.62,0.13057
4537,11223,53271,16.547,345.4,193.7,0.2814
4538,11243,53169,26.366,222.47,188.31,0.083142
4539,9788.9,54970,28.52,416.95,101.51,0.60841
4539,9869.7,53872,26.244,434.15,311.54,0.16443
4540,9986.3,53979,21.922,937.07,390.16,0.41207
4540,11116,55202,28.112,369.29,213.17,0.26805
4541,9892.1,53821,31.848,318.06,162.32,0.3242
4541,10066,54853,36.059,257.76,323.77,-0.1135
4542,9951.4,53990,33.567,599.04,177.12,0.54359
4547,9477.5,54352,32.483,572.83,504.98,0.062951
4547,9827.2,54070,33.116,801.98,602.94,0.14168
4547,11410,52519,35.781,268.03,256.03,0.022885
4548,9623.7,54069,20.922,807.36,557.81,0.1828
4548,11444,52756,35.776,502.43,283.9,0.27792
4549,8794.9,54889,30.019,398.88,448.52,-0.05858
4549,9008.5,53925,31.294,803.16,624.55,0.1251
4549,9427.8,55391,35.71,223.2,167.25,0.14331
4549,9568.3,52850,35.657,682.79,611.6,0.054997
4549,11240,52628,35.612,224.82,484.46,-0.36606
4550,9677.7,52943,35.693,340.28,210.03,0.23669
4550,10766,55319,19.591,392.39,378.54,0.017967
4551,9865.8,52965,21.59,452.49,395.45,0.067266
4552,9205.2,52645,32.471,521.86,357.35,0.18711
4553,9315,52907,32.41,279.38,229.51,0.098009
4555,9220.9,52970,27.956,373.09,233.46,0.2302
4555,9763.7,55063,19.861,362.26,270.92,0.14426
4555,9937.1,53643,30.626,246.92,168.3,0.18934
4556,9207.5,53192,26.096,411.5,298.72,0.15878
4556,9669.7,54806,30.418,283.2,251.25,0.059788
4556,9776.8,53644,36.665,496.88,530.25,-0.032485
4557,9137.8,53014,36.107,628.25,188.02,0.53933
4557,9642.3,54887,26.301,436.51,337.31,0.12819
4557,10367,54046,27.76,535.02,395.92,0.14942
4558,9130.4,53014,22.873,539.7,265.52,0.34051
4558,9292.1,54888,24.44,457.16,201.37,0.38843
4558,9261.8,53796,27.729,817.91,528.91,0.21458
4558,10363,54791,31.2,632.64,310.56,0.34148
4558,10434,54398,26.127,407.74,100.72,0.60383
4559,9372.9,52905,21.472,476.2,354.86,0.146
4559,9584.6,53620,24.543,534.42,356.35,0.19991
4559,10540,54859,21.691,428.63,314.97,0.15285
4560,10625,52595,28.567,635.72,231.22,0.46659
4561,10016,54115,32.047,178.09,197.11,-0.050693
4562,8788.8,53691,32.605,984.32,624.42,0.22372
4562,10367,52645,32.591,428.87,370.09,0.073574
4563,9772.4,54500,36.326,293.52,302.46,-0.014998
4563,10342,52462,34.139,1211.9,914.99,0.13959
4563,10347,52419,24.801,1044.4,770.27,0.15107
4565,8813.2,53696,34.145,419.13,199.18,0.35572
4565,10080,54001,28.348,319.21,358.49,-0.057952
4566,10023,52450,28.604,311.38,174.83,0.28086
4566,10167,54370,37.321,382.78,254.37,0.20155
4566,11276,54579,35.428,903.83,575.03,0.22234
4566,11498,52527,29.866,463.41,138.19,0.5406
4567,8752.2,55341,20.842,260.79,143.19,0.29109
4568,10157,53033,33.888,440.9,247.83,0.28032
4568,11517,53697,31.231,419.55,292.98,0.17763
4569,9361.2,54829,24.228,555.78,295.11,0.30635
4569,11599,53708,20.06,589.72,428.93,0.15785
4570,9947.6,54027,26.953,634.75,502.86,0.11593
4571,9266.6,53351,28.438,379.98,322.18,0.082321
4571,9917,54091,16.188,469.23,188.07,0.42774
4572,9165.4,53450,22.336,607.52,424.12,0.17777
4572,9958.5,54023,14.744,748.23,564.44,0.14001
4573,9244.4,54743,23.936,468.24,322.42,0.18443
4573,9979.9,53988,14.584,653.88,563.68,0.074086
4574,10000,54007,19.738,448.47,424.55,0.027401
4575,10032,53989,15.538,719.12,484.84,0.19459
4577,9340.1,53534,26.766,1213.7,377.93,0.5251
4577,9908.9,53972,17.177,478.61,279,0.26347
4577,10985,52864,23.117,312.1,251.97,0.10659
4578,9219,53342,35.645,372.72,295.65,0.11532
4578,9811.4,53833,21.925,592.58,295.79,0.33408
4578,10187,55040,31.182,761.62,588.79,0.12798
4579,9111.2,53502,22.049,401.39,178.24,0.38499
4579,11065,53620,34.673,241.19,227.47,0.029276
4581,10038,52497,29.216,425.47,392.81,0.039904
4581,10743,53814,26.994,484.24,284.97,0.25906
4582,8801.4,54090,28.344,545.61,394.27,0.16102
4582,10070,52578,26.804,495.06,271.31,0.29196
4583,8848.9,54220,31.727,849.69,432.11,0.32577
4583,10013,52495,29.639,396.64,182.18,0.37051
4583,10752,54789,19.761,843.64,722.87,0.077095
4583,11078,53271,28.129,478.73,228.59,0.35365
4584,8850.8,54411,19.779,977.29,514.38,0.31033
4584,9387.9,55299,35.043,346.06,272.53,0.11886
4584,11186,53273,11.683,764.67,423.24,0.28742
4585,9414.3,53693,24.978,305.06,164.41,0.29959
4585,10298,55311,23.829,400.23,313.87,0.12093
4585,11263,52928,32.083,806.9,411.59,0.32443
4586,10218,55236,31.006,604.39,252.7,0.41032
4587,8859.7,53647,25.586,228.18,181.97,0.11267
4587,11171,52686,25.275,313.04,324.47,-0.017931
4588,9002.6,54782,20.998,474.83,298.82,0.2275
4588,9793.6,54865,28.936,313.76,258.75,0.096089
4588,11285,54236,20.469,321.56,130.27,0.42335
4589,8875.8,53638,35.079,232.69,168.65,0.15956
4589,8890.3,54832,28.117,431.39,384.39,0.05762
4589,9762.1,54819,16.199,986.32,679.2,0.1844
4589,10215,53103,26.589,852.28,681.88,0.11107
4589,11197,53356,15.476,423.54,257.3,0.24417
4590,10155,53331,23.09,218.05,180.11,0.095278
4590,10955,53349,40.261,373.87,111.02,0.54208
4590,11045,54974,28.315,729.65,448.61,0.23851
4591,10387,54947,34.674,242.75,284.87,-0.079829
4593,9849.9,54180,18.673,657.13,256.84,0.43797
4594,9909.2,54041,28.581,488.31,216.61,0.38543
4594,11120,55038,25.949,528.99,383.63,0.15927
4595,8674,52417,31.653,317.35,236.37,0.14624
4595,8881.8,53261,24.691,248.53,156.68,0.22668
4595,9940.8,53994,22.781,318.34,163.96,0.32008
4595,11074,55205,20.766,719.19,643.95,0.055195
4596,10052,54436,36.493,369.63,112.15,0.53445
4597,8895,55312,24.223,615.51,564.61,0.043131
4597,10268,54435,25.381,755.81,495.14,0.20837
4597,10414,53346,27.837,712.71,705.07,0.0053874
4598,8773.4,54998,17.765,957.45,763.49,0.1127
4598,10281,54272,24.468,518.38,371.24,0.1654
4598,11069,53250,27.92,249,158.59,0.22183
4600,8728.6,55241,23.793,418.97,506.22,-0.094304
4600,9697.8,54321,28.306,408.66,257.09,0.22767
4600,10012,53313,34.077,513.44,319.54,0.23278
4600,11214,54139,31.61,712.18,464.16,0.21084
4601,9573.8,54299,33.103,270.69,249.39,0.04096
4601,11603,54852,22.002,884.22,601.5,0.19029
4602,9889,53783,30.67,328.74,286.8,0.068129
4603,8953.4,52843,29.877,615.2,371.73,0.24669
4603,9593.8,54693,31.656,365.99,310.43,0.08213
4603,9924.5,53921,18.178,676.63,462.01,0.18849
4604,8992.8,52700,22.667,577.37,323.38,0.28197
4604,9629.4,54329,40.503,527.02,336.58,0.22052
4605,8899.7,52711,23.222,783.83,309.71,0.43357
4605,9632.2,53572,28.275,545.56,384.51,0.17316
4605,10388,54167,17.163,606.73,282.03,0.36535
4606,10709,54703,34.379,585.56,514.34,0.064748
4607,10604,54556,28.716,501.34,254.75,0.32613
4609,11177,53312,17.244,491.58,376.44,0.13265
4610,10410,52398,28.347,693.54,513.92,0.14876
4611,10561,52590,30.626,533.75,557.58,-0.021835
4611,11331,52904,28.733,554.06,329.23,0.25455
4612,11365,53743,22.108,422.04,200.9,0.35499
4613,9972.8,54398,33.411,558.74,179.1,0.51452
4614,11407,53358,28.596,1089,692.13,0.22283
4615,9225.9,54577,25.385,981.18,271.67,0.56632
4616,9020.9,54554,17.626,901.73,206.42,0.62745
4616,9573.4,54159,25.086,414.15,299.07,0.16135
4616,10761,52557,35.582,257.98,106.41,0.41596
4617,11490,54274,32.303,251.09,144.1,0.27074
4618,10716,52611,29.222,702.05,586.1,0.090016
4619,10726,52696,23.866,1077.4,553.31,0.32137
4619,11068,54422,32.607,358.87,294.98,0.09771
4621,9878.2,54080,16.775,773.37,705.4,0.045968
4621,11290,52972,28.997,442.27,183.51,0.4135
4622,8765.7,53188,34.779,409.73,476.36,-0.075189
4622,9825.6,52526,27.062,243.74,175.08,0.16393
4622,9888.2,54039,18.702,1423,1480.9,-0.019934
4623,8897.4,52622,29.979,425.15,305.35,0.16401
4623,11201,52865,22.233,622.09,385.05,0.23535
4624,8832,53585,32.862,584.81,244.09,0.41104
4624,9856.9,53811,22.656,709,355.18,0.33248
4624,9868.4,54070,33.499,712.95,586.11,0.097638
4624,10549,53464,19.495,750.76,373.59,0.33546
4625,10671,53519,29.721,663.28,267.51,0.42519
4625,11512,53724,27.311,241.28,202.29,0.087898
4626,9624.2,53933,41.259,630.56,300.06,0.35515
4626,10765,53732,19.911,409.35,106.3,0.58769
4627,9941.6,53763,35.455,258.46,192.74,0.14567
4629,9829.7,54023,25.582,439.18,287.63,0.20851
4631,9984.9,52430,36.218,213.27,220.96,-0.017708
4631,9935.8,54087,21.486,1364.4,696.75,0.32392
4632,11151,52819,26.821,1039.6,645.79,0.23366
4633,8850.8,54389,23.319,401.05,313.65,0.12228
4633,9612.8,53674,29.316,676.76,507.76,0.14267
4633,11143,52951,22.823,451.24,256.18,0.27573
4634,8823.2,54332,19.04,610.26,297.52,0.34452
4634,10913,52888,26.999,706.91,186.94,0.58171
4635,8764.6,54309,33.101,387.71,198.26,0.3233
4635,9886.8,53918,19.572,532.51,311.76,0.26147
4635,10839,52931,23.882,457.44,106.61,0.622
4635,11191,53988,30.729,410.57,173.96,0.40479
4636,9556,54663,28.382,745.08,307.26,0.41605
4637,9609.7,54627,24.457,803.52,405.35,0.32937
4637,10665,54407,37.673,255.68,163.77,0.21913
4639,10727,53396,34.48,385.58,149.28,0.4418
4639,10686,54467,28.416,577.33,393.13,0.1898
4640,10413,53934,23.843,243.56,110.42,0.37614
4641,10217,53374,31.271,194.1,171.04,0.063156
4643,9050.4,55072,29.403,451.86,131.63,0.54882
4643,9401.5,53192,31.225,270.9,123.2,0.37476
4644,10424,55378,27.157,461.59,214.18,0.36612
4645,8956.8,52851,29.006,403.72,293.21,0.15857
4645,10015,54189,36.346,173.29,187.01,-0.038094
4645,10374,55386,26.209,455.02,227.35,0.33365
4646,10941,53289,36.224,430.46,378.92,0.063678
4647,8708.4,52968,22.402,934.55,606.07,0.21322
4649,9778.4,52982,28.742,724.9,496.03,0.18746
4649,10040,53930,17.673,505.92,284.42,0.28026
4650,10211,54819,28.112,413.76,182.28,0.38836
4650,11119,52759,36.775,380.17,374.53,0.0074726
4651,9915.9,53766,20.177,941.33,673.31,0.16599
4652,10032,53935,25.384,292.66,229.36,0.12125
4652,10948,52920,28.865,409.69,272.52,0.20107
4652,11251,54698,32.393,643.07,446.49,0.18042
4653,11501,54950,27.494,551.92,287.71,0.31468
4655,11388,54880,27.201,298.76,237.96,0.11327
4656,9966.9,54104,29.294,301.53,224.1,0.1473
4656,10146,55379,25.372,805.74,173.39,0.64582
4656,11181,54965,28.398,682.67,648.22,0.025889
4657,9309.9,53049,25.396,208.61,222.87,-0.033049
4658,9857.9,55369,25.894,1186.6,228.58,0.67696
4658,10071,53905,18.632,401.73,256.2,0.2212
4658,11291,52882,25.994,353.01,185.8,0.31034
4659,11353,53193,38.763,329.78,146.32,0.38533
4665,11181,52788,32.774,420.25,230.95,0.2907
4666,10081,53057,31.082,549.57,191.12,0.48394
4666,10109,53999,14.977,823.89,486.71,0.25727
4667,9704.6,54999,29.907,359.15,298.83,0.09168
4668,9693.2,55045,20.313,259.41,180.94,0.17821
4668,10155,53085,26.597,837.64,761.4,0.047682
4670,9820.2,53527,25.375,396.37,183.79,0.36641
4671,9912.1,53966,34.07,746.88,751.27,-0.0029305
4671,11561,54892,28.993,481.66,254.24,0.30903
4672,10237,53338,22.507,414.28,755.74,-0.29184
4673,10171,53309,34.044,272.42,673.65,-0.4241
4674,9466.9,55131,22.338,650.31,491.56,0.13903
4675,9508.2,53329,34.233,501.67,277.72,0.28734
4675,10077,54008,29.779,200.52,116.12,0.26653
4676,9168.9,53422,23.857,417.67,257.87,0.23656
4676,9283.1,54876,18.648,523.42,226.57,0.39581
4676,9875.4,54885,19.261,657.39,586.43,0.05705
4677,9215.4,54825,23.784,673.23,387.29,0.26962
4677,9285.4,53364,23.263,595.93,427.71,0.16433
4678,9186.7,53016,27.392,244.24,126.92,0.31609
4678,9231.3,54674,23.593,573.88,267.84,0.36359
4679,9304.1,54561,23.746,610.73,460.34,0.14041
4680,9295,52528,24.701,323.51,111.76,0.48648
4681,9077.3,53463,23.277,408.09,358.31,0.06496
4681,11056,53532,23.744,822.53,188.59,0.62697
4683,8939.9,52623,22.621,284.2,181.22,0.22126
4683,11187,52830,32.932,302.38,169.26,0.28224
4683,11272,54718,26.306,266.42,192.77,0.1604
4684,8842.3,52589,33.906,310.3,165.59,0.30409
4684,11182,54740,31.115,191.29,207.79,-0.041337
4685,8709.5,53311,19.248,764.08,520.66,0.18947
4685,9917.5,54011,21.726,419.5,313.07,0.14528
4685,11079,54048,26.257,621.84,395.99,0.22189
4686,8929.1,53359,26.279,1036.7,685.56,0.20386
4686,10003,54026,24.313,336.6,361.92,-0.036242
4686,11140,54184,34.668,1203.3,773.45,0.21744
4687,8970.4,53602,24.095,766.76,549.02,0.16549
4687,10032,53889,28.002,429.16,210.6,0.34163
4687,11257,52856,16.052,369.84,201.41,0.29485
4687,11654,53950,25.409,371.66,351.54,0.027824
4688,8744.3,53723,23.288,419.92,249.02,0.25549
4688,9221.1,53551,30.202,481.1,191.12,0.43138
4689,9157,53724,22.641,713.55,489.28,0.18645
4689,9983.5,53921,25.507,405.08,284.39,0.17505
4690,8836.5,52906,24.349,586.01,313.1,0.30354
4690,9696.4,54140,27.223,554.94,285.89,0.31998
4691,8950,53842,22.121,270.35,214.55,0.11508
4692,8744.6,54030,28.933,462.45,297.72,0.21671
4692,9555.3,55328,24.842,616.74,395.16,0.21897
4693,9587.5,55152,27.52,386.63,340.46,0.0635
4696,8709.7,54998,16.901,558.76,129.88,0.6228
4696,10294,52799,21.256,354.76,135.97,0.44583
4698,9204.9,54171,34.127,201.16,144.53,0.16382
4699,9068.4,54318,21.119,435.2,253.18,0.26442
4700,9186.2,54380,15.791,718.45,574.38,0.11143
4700,11247,52768,17.644,487.75,317.14,0.21197
4701,8803.8,54895,21.64,1085.6,386.49,0.47491
4701,8865,54669,28.238,790.6,340.61,0.3978
4701,9964.5,54970,26.496,716.79,380.48,0.30649
4701,10041,53946,21.882,476.39,467.23,0.0097124
4702,10015,53951,12.04,544.58,301.27,0.28765
4703,8787.4,54903,25.959,629.13,443.31,0.17327
4703,9278.1,54055,33.198,306.57,175.29,0.27243
4703,10019,54897,34.719,336.8,192.9,0.27167
4704,9195.7,54717,23.494,554.98,552.49,0.00225
4705,8702.5,55180,18.925,1074.7,817.88,0.13569
4705,11133,53179,20.574,560.09,401.53,0.16488
4706,8671.3,55092,15.991,798.14,260.81,0.50741
4706,9759.7,52598,31.333,467.34,322.22,0.1838
4706,10241,53525,37.268,292.78,185.66,0.22391
4706,11222,53314,17.924,610.43,332.74,0.29442
4707,8715.3,55011,14.721,777.16,182.81,0.61913
4708,11212,53463,20.217,892.27,705.35,0.117
4709,9295.8,54754,17.02,976.18,895.28,0.043228
4709,11142,53494,29.832,713.97,579.48,0.10397
4710,9144.1,54694,29.31,381.61,445.43,-0.077168
4710,10627,55054,32.141,1088,973.09,0.055743
4710,11013,53528,31.211,725.02,800.65,-0.049572
4710,10955,54707,35.648,892.04,595.73,0.19917
4711,11507,53649,31.194,1271.3,886.43,0.17836
4711,11470,53698,32.693,1088.2,762.11,0.17622
4712,10253,53255,32.169,546.34,401.04,0.15337
4712,10786,53560,31.852,580.34,404.19,0.17891
4712,11529,53752,23.019,624.32,300.04,0.35082
4713,9003.1,54890,31.229,191.3,180.07,0.030231
4713,9378.7,54128,32.753,220.34,191.18,0.070854
4713,11464,53845,27.479,538.1,810.59,-0.20204
4714,10229,53148,34.73,190.25,167.3,0.064193
4714,11581,53772,21.202,787.19,650.54,0.095049
4715,9176.6,54005,28.878,322.2,178.41,0.28722
4715,9758.5,54918,15.082,390.86,140.92,0.47001
4715,11623,53682,25.358,384.76,421.02,-0.045005
4716,9818.7,52841,30.256,494.2,469.94,0.025165
4716,9835.3,55002,27.851,338.65,212.08,0.22983
4717,9717,55001,22.275,242.96,139.84,0.26939
4718,10833,53037,25.935,566.28,555.24,0.0098411
4719,10701,52912,26.832,718.12,347.81,0.3474
4722,8831.9,52855,36.194,1290.1,858.33,0.20098
4722,9133.2,54369,26.113,484.93,293.05,0.24664
4722,9389.8,52887,25.097,413.15,273.47,0.20343
4722,10118,53358,34.154,347.34,172.37,0.33666
4723,9358.9,52835,21.114,473.67,431.18,0.046958
4723,9461.4,54267,25.255,390.33,139.24,0.47414
4724,9300.6,52861,34.126,337.49,117.79,0.48257
4724,10312,54717,25.724,666.83,160.38,0.61223
4725,9735.8,54570,31.477,785.52,536.83,0.18807
4725,9993,53978,19.544,620.03,458.1,0.1502
4725,11433,54792,29.978,565.85,398.52,0.17352
4726,10034,53969,30.144,336.56,273.6,0.10319
4726,11437,55007,29.149,515.81,345.82,0.19728
4728,9042.1,52548,26.408,244.56,115.98,0.35662
4728,9966.6,53970,20.582,466.62,237.13,0.32609
4729,10027,54028,17.07,361.24,302.07,0.089212
4729,11466,53807,30.526,174.41,168.34,0.017712
4729,11665,54888,32.918,384.13,366.61,0.023343
4730,9423.5,52810,28.476,373.35,228.88,0.23989
4730,11401,53889,30.468,542.28,403.2,0.1471
4731,9078.7,54628,28.325,552.95,301.77,0.29387
4731,10029,53909,20.957,330.41,248.79,0.14091
4732,8947,52447,29.948,618.86,501.07,0.10518
4732,9183,54142,26.335,856.75,616.6,0.16299
4732,9690.8,52635,28.789,378.85,219.48,0.26636
4732,10030,53962,21.5,362.77,185.92,0.32233
4732,11546,54846,32.102,354.46,240.13,0.19229
4733,9085.8,54242,34.144,574.08,380.38,0.20294
4733,10992,52481,27.055,600.01,410.66,0.18735
4735,9369.6,53836,28.688,213.06,114.4,0.30128
4735,9430.1,52849,30.59,319.05,255.39,0.11081
4735,10853,52905,18.181,952.15,623.05,0.20892
4736,9488.2,54720,24.347,434.98,307.54,0.17164
4736,10193,54901,31.85,357.55,241.5,0.19372
4737,8690.3,52736,24.987,870.68,773.55,0.059068
4737,8706,54338,31.769,433.45,373.92,0.073728
4737,10804,52679,29.954,239.52,151.31,0.2257
4738,9942.2,55043,37.488,335.45,182.38,0.29561
4738,10772,52888,20.21,341.37,118.96,0.48316
4739,8717,52880,19.061,460.68,347.29,0.14034
4739,9539.3,55118,35.653,433.46,458.69,-0.028275
4739,10949,52907,32.323,330.68,289.83,0.065833
4739,11493,54269,30.487,516.71,412.48,0.11218
4740,9346.9,54891,25.873,650.48,514.43,0.1168
4741,8761.4,52726,24.671,515.05,209.58,0.42155
4741,10900,52396,44.148,1065.7,849.65,0.1128
4742,11613,55300,25.812,1069.5,592.67,0.28686
4743,10339,55184,29.801,409.14,235.7,0.26896
4743,11240,53372,21.927,660.5,280.71,0.40351
4743,11588,55214,18.36,1696.2,949.34,0.28231
4745,8980.2,54000,37.563,234.21,191.77,0.099621
4745,10326,53562,26.353,570.11,212.55,0.45686
4746,10483,53488,29.401,509.76,191.35,0.45415
4747,11318,53197,21.532,870.23,673.17,0.12768
4748,9568.3,52677,28.499,302.98,151.68,0.33279
4748,10393,54022,22.583,1134.8,608.5,0.3019
4748,11152,53211,22.048,261.12,118.25,0.37662
4749,9805.2,52705,31.937,423.31,244.7,0.26737
4749,10660,53992,26.21,669.04,358.44,0.3023
4749,11536,54912,29.687,404.63,200.86,0.33655
4750,9662.2,54452,25.219,330.8,252.07,0.13506
4750,11031,53113,37.472,822.61,972.63,-0.083562
4750,10949,54056,30.808,721.52,411.24,0.27391
4750,11505,54886,28.862,482.69,347.33,0.16308
4751,10638,53226,27.378,452.56,306.93,0.19175
4751,11611,52882,39.583,310.02,279.23,0.05225
4751,11656,54823,31.616,292.44,149.35,0.32388
4752,11246,52860,20.309,493.83,349.74,0.17081
4753,10340,53256,31.888,423.07,301.51,0.16776
4753,11066,55192,24.225,500.68,542.84,-0.040402
4753,11319,52851,18.676,549.21,263.23,0.35199
4753,11501,53251,31.529,951.16,339.19,0.47426
4754,8986,55146,30.364,661.14,139.19,0.65217
4754,9788.1,52508,29.656,361.39,315.52,0.067765
4754,9858.2,53208,20.996,962.06,851.68,0.060855
4754,11141,53591,30.954,607.66,473.3,0.1243
4754,11327,55222,22.266,1226.8,966.13,0.11889
4755,11011,53535,34.845,914.74,680.83,0.1466
4755,11354,53080,28.593,531.17,364.8,0.18569
4756,10188,52406,28.051,675.91,478.05,0.17146
4756,11181,53560,31.564,1483.5,901.26,0.24414
4757,10020,53955,18.622,707.86,425.24,0.24942
4757,10417,52763,32.185,297.86,138.31,0.36578
4758,8726.1,53258,22.807,495.02,409.9,0.094067
4758,10223,52465,27.436,527.62,456.92,0.071812
4758,11164,55107,29.59,239.61,146.27,0.2419
4758,11536,53067,29.967,376.33,210.13,0.28339
4759,8726.9,53082,14.968,588.48,795.81,-0.14978
4759,10116,52431,26.881,374.79,329.86,0.063763
4759,11148,55029,34.483,505.88,479.89,0.02637
4761,9614.3,53658,28.391,676.38,293.1,0.39535
4761,11626,54630,26.981,376.77,185.57,0.34001
4763,8677.8,53851,29.435,911.73,479.7,0.31049
4763,9473.4,53757,35.102,890.26,623.26,0.17641
4763,10455,53295,21.383,761.33,518.82,0.18944
4763,11012,54352,27.344,609.58,697.58,-0.067324
4763,11198,53264,18.235,272.34,122.38,0.37993
4764,10429,52947,31.562,207.33,167.9,0.10509
4764,10843,54515,21.309,518.51,395.33,0.1348
4765,10330,53984,31.194,615.86,616.42,-0.00045419
4766,9976.8,54096,31.344,457.5,272.33,0.25371
4766,10287,53217,20.256,857.19,419.91,0.3424
4766,11078,54410,28.882,558.21,218.81,0.43679
4767,9453.6,52839,14.433,804.63,300.71,0.4559
4767,10163,54161,29.433,948.79,895.59,0.028844
4768,9134,52738,33.325,988.11,670.98,0.19115
4768,9611.2,54360,25.809,409.86,399.03,0.013384
4769,9486.1,54267,34.673,715.61,381.65,0.30436
4769,9444.6,52843,22.104,1009.2,646.57,0.21903
4770,9434.9,52612,13.571,1772.6,1048,0.25688
4771,11463,54307,30.775,232.2,218.38,0.030671
4772,9084.5,54961,22.956,511.61,430.13,0.086518
4773,8689.5,52564,31.206,375.1,256.68,0.18743
4774,9313.2,54772,25.586,378.98,357.93,0.028562
4776,9459.6,53455,22.363,552.3,205.17,0.45828
4776,9709.3,54233,32.542,699.5,669.2,0.022138
4777,10578,52462,29.661,361.98,226.78,0.22962
4777,11569,53135,32.995,516.73,308.83,0.25184
4778,8835.2,52930,23.709,524.8,226.21,0.39758
4779,8959.6,52768,34.493,469.55,252.01,0.30149
4779,9712,53768,28.675,680.75,505.26,0.14797
4779,10414,55388,26.288,748.68,640.48,0.077886
4779,11072,52719,33.228,743.05,623.35,0.087597
4780,9736.5,54197,25.559,681.55,261.83,0.44491
4780,10472,54133,19.852,396.21,293.59,0.14878
4780,11173,53172,16.756,929.79,776.98,0.089532
4781,9158.7,53242,28.368,539.4,425.45,0.11811
4781,11033,53250,26.216,649.01,617,0.025289
4781,11071,55247,29.921,423.47,298.14,0.17368
4782,8898.4,53251,18.504,697.93,544.47,0.12352
4782,9446.3,54191,34.536,263.47,305.17,-0.073321
4782,10708,52797,20.002,511.68,534.91,-0.022202
4782,11036,53436,26.024,1152.2,962.36,0.089764
4783,9115.4,53359,30.311,440.87,257.37,0.2628
4783,11165,53476,20.258,1121.3,562.74,0.33166
4784,11248,53774,36.619,465.19,582.51,-0.11197
4785,8948.8,55347,25.663,553.4,256.2,0.3671
4785,11017,55196,34.79,299.01,169.74,0.27578
4786,9174,52818,26.16,201.48,117.39,0.26371
4786,9664.3,54982,26.251,371.14,230.7,0.23336
4786,11431,53723,27.191,316.78,176.75,0.28374
4787,9014.7,55116,27.587,584.31,582.35,0.0016801
4787,9491.7,53074,43.986,1007.8,519.05,0.32009
4787,9800.9,55101,16.957,823.1,405.29,0.34013
4787,11326,53787,25.699,931.68,424.94,0.37353
4788,9758,55113,25.921,336.81,349.84,-0.018978
4788,11230,53614,26.189,596.27,427.78,0.16454
4788,11247,54721,36.601,369.87,226.12,0.2412
4789,8844.4,52565,37.214,351.9,190.53,0.2975
4789,9012.2,53279,27.238,691.26,528.13,0.13377
4789,8996.8,53356,31.504,815.1,643.28,0.11782
4789,11167,53909,24.097,597.39,291.87,0.34356
4791,10245,54496,17.123,1152.6,1111.7,0.018075
4791,10547,52640,23.585,293.22,105.84,0.46954
4791,11080,54314,36.797,267.09,218.05,0.10107
4792,9947.7,53834,29.027,413.93,294.28,0.16896
4792,10071,54351,30.504,588.91,464.96,0.11761
4793,9777.3,54908,22.962,272.75,146.18,0.30215
4793,10395,52433,18.991,628.21,304.27,0.3474
4793,10854,54164,28.502,504.45,484.83,0.019829
4793,10964,52517,35.454,209.33,117.51,0.28094
4793,11536,55014,32.228,345.29,181.66,0.31053
4794,11419,54972,30.776,607.77,524.36,0.073677
4795,9935.5,54102,31.622,186.87,111.42,0.25293
4796,9928.6,52456,25.311,418.86,226.28,0.29851
4798,8993.6,53925,27.181,689.29,432.33,0.2291
4798,9332.3,53186,24.022,514.65,297.21,0.26783
4798,9892.8,52626,22.437,771.09,572.64,0.14769
4799,8851.8,55028,30.188,187.98,118.1,0.2283
4799,8952.2,54029,25.722,514.18,265.95,0.3182
4799,9888.8,52866,23.597,637.5,284.71,0.38255
4799,11281,53355,23.955,462.13,195.16,0.40617
4800,11251,53072,26.633,337.55,230.08,0.18934
4801,8911.8,53107,24.212,423.76,232.35,0.29174
4801,11194,53305,26.523,301.61,244.23,0.10512
4802,11171,53318,15.163,738.65,544.01,0.15175
4803,9290.7,53093,22.143,654.49,446.33,0.1891
4803,10574,54607,35.685,714.04,115.09,0.72237
4804,9300.4,52967,28.429,219.32,150.98,0.18456
4805,10679,53596,29.851,708.64,850.74,-0.091125
4805,10973,54670,23.331,307.66,192.19,0.23101
4806,9540.1,52963,29.522,388.94,203.31,0.31343
4806,10578,52509,44.66,562.34,754.43,-0.14588
4806,10693,53675,29.958,476.47,411.39,0.073291
4807,9626.9,52766,33.885,755.82,895.72,-0.084713
4807,11265,53867,24.152,378.25,195.89,0.31762
4808,9679.1,52634,25.298,504.88,433.88,0.075631
4808,11654,54025,36.349,545.41,300.37,0.28972
4809,9001.5,53746,25.572,470.95,170.72,0.46788
4809,11322,54549,25.341,576.06,606.57,-0.025801
4811,9188.4,54763,26.952,498.47,386.39,0.12666
4812,9095.9,54943,16.478,758.12,472.17,0.23243
4813,9751,55078,16.286,360.51,366.18,-0.0078038
4814,9820.4,54889,15.053,613.44,440.28,0.16433
4814,10639,55039,31.821,357.26,233.07,0.21036
4814,11202,52818,21.674,683.6,341.41,0.33384
4815,11238,52930,21.803,392.5,119.56,0.53302
4816,9523.6,54826,34.765,509.75,309.52,0.24439
4818,10537,55166,38.238,488.7,301.05,0.23761
4818,10632,53462,32.47,410.62,158.86,0.44209
4818,11315,54110,20.642,919.92,650.37,0.17165
4819,9591.3,54545,33.006,428.09,361.08,0.084919
4819,9766.2,54121,29.464,635.96,398.05,0.23009
4819,9982.2,52859,31.367,647.4,184.64,0.55617
4819,11336,54117,19.292,826.99,494.74,0.25138
4820,11602,54372,33.18,259.97,262.03,-0.0039393
4821,8840,53324,28.485,511.56,230.01,0.37966
4821,9632.1,53613,24.169,606.52,275.93,0.37463
4821,9916.6,55278,30.573,569.8,268.97,0.35865
4821,10131,52492,21.07,879.09,676.51,0.13022
4822,9106.5,53341,29.465,352.71,260.06,0.1512
4822,9655.1,54017,31.159,553.07,272.24,0.34027
4822,9869.9,55247,28.524,642.13,394.98,0.23831
4822,10375,52566,25.039,908.35,524.35,0.26802
4823,9662.7,53874,23.312,911.84,435.44,0.3536
4823,10512,52603,25.139,324.64,265.2,0.10078
4824,10035,53939,24.729,306.1,163.45,0.30379
4825,9697.3,53249,27.825,573.7,669.34,-0.076937
4825,9992.2,53953,17.023,330.67,206.15,0.23196
4825,11629,54362,27.566,668.42,828.96,-0.10721
4826,11435,54386,27.835,785.8,902.9,-0.069342
4827,9717.4,55172,14.696,582.03,336.57,0.26722
4827,11490,54394,23.364,244.16,137.74,0.27865
4828,9667.2,55139,13.051,903,644.13,0.16732
4829,9470.4,55220,29.618,1277,822.94,0.21624
4829,9451.1,55359,34.855,1205.9,692.39,0.27049
4829,9465.3,55172,34.59,1275.4,842.91,0.20417
4829,10095,53915,24.494,699.25,591.73,0.083285
4830,9341.3,55343,31.943,1045.8,512.9,0.34187
4830,9595.6,52580,28.253,478.59,284.54,0.25428
4830,9847.2,53709,30.764,302.15,268.08,0.059741
4830,10057,54240,33.067,718.32,536.63,0.14478
4830,10933,53557,35.169,503.39,395.63,0.11986
4831,9607.5,52570,33.891,382.41,240.71,0.22741
4832,9638.6,52648,25.367,625.43,278.16,0.38433
4832,9853.8,54840,26.643,619.59,283.22,0.37258
4832,11492,52568,29.187,331.44,261.47,0.11801
4832,11530,54258,23.45,437.49,183.11,0.40989
4833,9307.5,54597,34.81,632.26,723.19,-0.067085
4833,9845.3,52640,33.618,1170,590.54,0.32915
4833,9898,54719,24.835,349.46,165.09,0.35832
4834,9237.9,54498,22.947,1262.3,670.09,0.30647
4834,9904.6,52537,20.563,695.31,296.63,0.40191
4835,9000.6,54441,27.738,418.39,314.04,0.14247
4836,9685.7,55184,32.986,365.03,146.78,0.42642
4836,10371,55131,33.605,521.65,353.34,0.19235
4837,10256,54974,29.61,927.99,462.75,0.33452
4838,9534.6,54006,27.11,362.74,219.8,0.24537
4838,10091,54835,32.688,287.77,107.89,0.45465
4840,9730.7,55082,20.839,362.24,239.98,0.20301
4841,10394,54409,26.028,482.02,424.01,0.064028
4842,10566,54427,32.785,409.25,442.6,-0.039153
4843,9964.9,55232,32.172,683.2,420.1,0.23847
4843,10629,54354,24.89,341.4,248.5,0.15747
4844,10634,54385,21.036,418.14,255.15,0.24208
4845,11244,54533,25.251,782.9,441.54,0.27879
4846,11197,54557,17.275,885.53,397.24,0.38065
4848,8880,55010,34.438,423.79,352.05,0.092478
4848,9693.8,54439,31.127,401.02,413.12,-0.014862
4848,11027,54636,22.597,428.72,238.39,0.28529
4849,9844.4,54436,30.496,360.68,247.04,0.18699
4851,9995.1,54336,29.292,520.93,544.23,-0.021869
4855,11133,52845,17.919,920.72,662.17,0.16335
4856,9532.9,52979,29.627,457.55,360.22,0.11902
4856,11190,52874,23.016,598.8,402.66,0.19585
4857,8688,53620,37.159,683.8,581.3,0.081024
4857,9353.4,52773,35.437,347.01,304.17,0.065787
4857,11221,52845,15.617,845.08,322.16,0.448
4858,10911,55327,29.806,446.78,394.82,0.061741
4858,11337,52856,24.272,477.61,400.5,0.087814
4860,9237.5,55250,38.941,354.06,321.62,0.048011
4860,11536,54758,25.732,285.16,319.17,-0.056282
4861,9303.1,55276,14.942,1522.4,740.89,0.34531
4862,8728.2,52644,19.19,1619.7,1008.4,0.2326
4862,9355,55247,19.66,1117.2,495.36,0.38564
4863,9568.8,55221,25.632,477.41,230.28,0.34921
4864,9857.2,55050,30.098,143.26,118.71,0.093722
4865,11188,53290,25.498,235.22,166.27,0.17174
4866,8710.4,52527,25.74,369.05,104.01,0.56028
4866,9911.1,52860,32.544,431.82,252.92,0.26127
4866,11169,53378,17.007,425.99,503.83,-0.083718
4867,10904,54814,29.077,406.52,289.76,0.16768
4867,11153,53361,19.607,627.01,622.27,0.0037904
4868,11009,53190,32.633,293.58,144.93,0.33899
4873,10481,52595,22.694,422.1,346.36,0.098556
4874,10360,52564,23.519,441.19,165.07,0.45544
4875,9429.7,53350,32,363.84,106.42,0.54741
4875,10329,52608,29.559,487.76,481.95,0.0059996
4876,9319.5,53076,27.211,357.78,208.97,0.26256
4876,9360.7,55322,34.261,149.15,236.48,-0.22645
4876,10353,52416,31.705,571.81,378.17,0.20384
4877,9664.1,53595,14.507,1400.1,1124.8,0.10903
4878,9447.8,53783,29.268,508.42,267.44,0.3106
4878,10096,55311,35.435,325.64,219.13,0.19552
4878,10363,52501,31.193,845.3,388.14,0.37064
4879,9346.1,53913,33.919,594.72,497.76,0.088751
4879,10524,52410,30.062,676.54,445.65,0.20575
4879,10564,54517,38.07,274.18,165.47,0.24727
4880,10713,52774,28.869,827.3,455.21,0.29012
4881,8730.9,52808,38.413,708.89,365.54,0.31957
4881,9155.8,53745,32.872,499.45,299.5,0.25027
4881,10601,52617,22.284,744.47,446.91,0.24977
4882,8778.8,52724,20.318,761.31,632.28,0.092584
4882,8774.9,54819,35.114,326.59,231.37,0.17067
4882,9792.7,54010,23.63,846.03,563.9,0.2001
4882,10759,52868,32.072,1026.3,604.42,0.25869
4882,11630,53335,31.068,457.33,218.12,0.35415
4883,8804.6,54715,36.128,283.11,264.21,0.034541
4883,9753.5,54226,36.633,554.15,417.95,0.1401
4884,8672.1,52651,17.386,865.42,432.94,0.3331
4885,8669.9,54757,32.425,211.26,173.52,0.098093
4886,9733.9,52575,25.61,518.01,232.97,0.37956
4886,9935.6,53937,32.859,274.43,139.34,0.32648
4889,9870.4,53001,32.75,572.97,531.01,0.038007
4889,10572,54426,30.864,551.38,323.8,0.26004
4890,9738.6,52768,25.863,442.15,229.61,0.31639
4890,10789,54457,19.098,1013.7,691.45,0.189
4890,11657,54516,29.671,711.89,433.84,0.24268
4891,9248.4,53843,26.75,295.46,126.4,0.40076
4891,10942,52826,36.793,238.86,121.96,0.324
4892,9875.3,53495,17.311,564.65,510.66,0.05021
4892,10524,54389,30.513,590.06,229.75,0.4395
4893,9836.6,53338,25.848,330.81,270.1,0.10103
4895,9666.7,53868,22.597,496.4,310.02,0.23113
4896,10029,52614,31.899,491.12,396.77,0.10627
4896,10064,53269,30.526,287.71,293.44,-0.0098573
4897,10242,53103,27.433,614.81,695.28,-0.061424
4898,11440,54424,19.822,1020.2,676,0.2029
4899,11343,54567,21.099,785.84,440.4,0.28171
4901,8911.3,53751,20.92,515.52,403.85,0.12147
4902,10958,52979,24.687,443.52,275.63,0.23345
4903,9205.8,53180,27.564,325.42,286.95,0.06282
4904,9269,53418,25.289,569.91,524.26,0.041723
4905,9369.3,53561,22.908,424.77,213.35,0.33131
4905,9304.7,54614,22.743,561.22,382.95,0.18881
4905,10024,53983,24.126,581.25,239.08,0.41711
4905,10238,52397,23.217,374.06,185.79,0.33629
4906,9290.5,54479,22.622,621.16,424.86,0.18766
4907,9025.5,54138,25.353,464.5,421.59,0.048425
4908,9023,53829,20.072,297.6,181.05,0.2435
4909,9249.6,53738,23.178,666.29,360.84,0.29738
4910,9357.2,53972,24.411,468.39,427.99,0.045073
4910,11418,52461,36.945,301.45,281.32,0.034544
4910,11441,53213,32.773,498.08,388.95,0.12302
4911,9171.1,54115,27.988,275.91,193.24,0.17622
4911,11365,53226,25.563,720.81,518.58,0.16317
4912,8983.2,53949,25.267,422.23,280.75,0.20125
4912,10314,52711,39.776,391.26,263.07,0.1959
4913,8735.3,54527,33.492,1613,1070.7,0.20206
4913,10244,54892,27.772,425.62,228.55,0.30125
4913,11298,53266,22.815,615.21,469.11,0.13474
4914,8817.2,54875,23.924,1062.3,921,0.071241
4914,10353,53483,34.672,345.56,334.08,0.016891
4915,10328,53552,37.979,294.61,301.67,-0.011836
4916,8985.4,54894,26.444,720.06,364.84,0.32742
4916,10891,53014,24.125,484.85,270.18,0.28431
4917,10266,53623,27.732,302.82,261.02,0.074127
4917,11034,53110,25.395,501.58,410.44,0.099925
4918,10733,52885,27.494,442.61,807.66,-0.29198
4918,11168,53284,19.89,631.03,465.56,0.1509
4922,9684.7,55259,35.738,752.63,499.58,0.20208
4922,11135,53326,19.931,647.44,255.5,0.43407
4923,10542,54895,29.338,511.68,436.23,0.079597
4924,8700.4,54019,25.204,404.95,152.35,0.45324
4924,9119.3,55040,37.807,380.41,201.19,0.30816
4924,10631,53056,34.77,234.9,126.32,0.30061
4925,9261.5,55165,20.272,814.05,607.07,0.14564
4926,9363.8,55060,25.288,618.55,332.73,0.30045
4927,9420.5,54930,22.553,430.09,302.27,0.17454
4927,10113,52624,27.802,587.93,257.32,0.39114
4928,10532,53764,30.319,544.92,333.42,0.24079
4929,9767.4,54241,25.692,670.68,302.44,0.37841
4929,10696,53876,20.594,685.61,459.82,0.19712
4930,9891.3,54181,28.844,551.32,364.29,0.20426
4931,10526,54107,24.293,575.29,440.61,0.13258
4931,10823,54089,27.449,758.55,533.95,0.17377
4932,11064,53310,33.266,231.17,155.79,0.1948
4934,9570.5,53733,25.547,599.57,220.06,0.46302
4935,8899.4,53360,23.142,838.84,524.02,0.231
4935,9728.4,54901,14.866,443.66,350.8,0.11689
4936,8903,53276,21.286,1074,573.33,0.30395
4936,11336,54418,21.242,475.12,386.74,0.10255
4937,9753,53586,16.664,503.2,404.43,0.10883
4937,9741.8,55391,18.251,702.77,452.83,0.21628
4937,11305,54367,30.324,495.09,276.32,0.28361
4938,8805.1,53198,31.293,923.79,644.51,0.17808
4938,9614.6,53658,22.615,1866.4,1570.9,0.085986
4939,9522.4,53638,31.717,1115.8,894.51,0.11007
4939,10355,53439,30.357,305.09,227.32,0.14606
4939,11383,52556,33.138,405.45,236.99,0.26223
4939,11645,53246,25.887,546.4,265.08,0.34668
4940,9529.9,54047,21.751,756.36,689.38,0.046334
4940,10512,53529,31.723,526.55,196.72,0.45603
4940,11559,53084,37.308,804.71,618.01,0.13123
4941,9282.5,53973,28.642,430.71,379.89,0.062701
4941,10014,54062,25.429,296.52,184.47,0.23295
4941,10683,53326,28.409,537.34,211.71,0.43472
4942,9161.4,52494,21.789,356.29,466.75,-0.13421
4942,11398,52418,20.073,958.22,944.97,0.0069626
4943,9126.8,52543,15.348,418.1,408.27,0.011901
4943,11078,53300,28.829,428.59,254.25,0.25531
4944,9405.3,54051,33.818,511.83,365.84,0.16634
4944,9745.2,53518,34.487,530.63,422.33,0.11365
4945,9657.9,53650,35.337,466.77,491.28,-0.025584
4945,10957,54209,37.731,328.55,298.83,0.047386
4945,11392,52449,18.929,1055.3,928.7,0.06382
4946,9353.4,54208,29.877,716.22,669.26,0.033894
4946,11085,54191,36.785,353.48,259.04,0.15418
4946,11393,52645,24.335,434.34,205.82,0.35698
4947,9377.2,54334,18.164,1115.9,948.58,0.081041
4947,11498,54885,38.003,344.85,349.34,-0.006474
4948,9070.8,53702,16.237,1708.9,940.39,0.29007
4949,8984.8,53102,28.838,573.85,255.16,0.38443
4949,10654,54344,25.802,392.32,228.06,0.26478
4949,11640,54907,27.913,577.19,452.08,0.12155
4950,9063.1,53714,21.322,999.43,624.24,0.23107
4950,9388.8,54445,34.076,524.45,337.97,0.21623
4950,10538,54029,32.217,488.54,319.63,0.20901
4951,8746.9,53961,23.004,850.7,459.02,0.29906
4951,9510.7,54679,26.126,375.49,224.16,0.25237
4952,9642.6,54660,30.378,498.44,336.45,0.19403
4954,9493.4,54495,24.048,849.66,531.86,0.23004
4955,9398,52900,33.172,301.69,227.58,0.14001
4955,9778.3,54995,24.8,239.27,239.08,0.00040945
4955,11269,55309,36.36,180.08,164.28,0.045896
4956,9252.6,52783,27.204,590.92,281.35,0.3549
4956,11152,55289,28.397,291.28,335.47,-0.070517
4957,9120.6,52754,28.646,456.65,102.07,0.63462
4958,9064.4,52920,31.661,415.17,163.23,0.43557
4958,10480,52776,30.587,406.46,351.91,0.071925
4959,8734.9,53298,28.891,251.01,135.02,0.30048
4960,9275.5,52977,28.886,435.8,264.11,0.24531
4961,10194,53294,31.859,175.65,133.32,0.137
4961,11228,53708,25.531,739.96,555.3,0.14257
4963,11011,53513,30.26,797.18,836.84,-0.024268
4964,9110.1,53671,29.048,333.24,189.32,0.27542
4964,10872,54131,28.266,437.16,200.66,0.37079
4965,9047.9,54008,27.311,301.33,255.45,0.082405
4965,9248.7,53522,23.492,609.63,402.09,0.20514
4965,10815,53596,32.539,556.21,397.43,0.16651
4967,9306.2,52830,39.649,447.53,362.45,0.10504
4967,11162,53309,17.184,512.91,383.31,0.14461
4968,9330.9,52696,28.071,493.27,181.81,0.46136
4968,9652.8,54661,32.666,487.05,263.31,0.29818
4968,10981,53169,19.715,515.96,219.84,0.40245
4969,9316.5,52867,26.579,500.3,406.02,0.10403
4969,10774,52952,24.427,713.99,393.41,0.28949
4971,11262,52872,9.2939,1116.4,775.56,0.18014
4972,11228,52947,21.836,721.42,364.68,0.32846
4974,11108,52898,12.912,907.58,734.05,0.10571
4974,11177,54935,30.786,646.19,259.81,0.42647
4975,11069,52982,16.713,776.96,670.17,0.073794
4975,11434,55067,17.891,850.75,487.06,0.27185
4976,8761.1,52963,18.47,522.33,317.54,0.24384
4976,11459,52462,29.692,1263.7,612.3,0.34723
4976,11368,54866,24.919,1011.7,751.17,0.14779
4977,10682,53090,35.464,582.87,638.15,-0.045273
4977,11112,53341,16.373,378.22,205.33,0.29627
4979,11188,55185,29.709,333.2,155.86,0.3626
4981,9261.2,54739,27.519,295.9,102.49,0.48549
4982,10929,52407,20.741,814.45,607.41,0.14562
4982,11246,53514,24.294,883,582.66,0.20491
4984,10558,54976,18.714,368.54,222.08,0.24798
4985,10470,55003,31.522,465.74,345.2,0.14864
4986,9034.2,52803,22.204,341.29,140.77,0.41597
4986,10054,53988,23.015,352.99,307.21,0.069348
4987,10639,55334,35.19,255.98,186.08,0.15812
4988,8830.8,53085,24.197,561.78,450.24,0.11022
4988,10558,52894,28.68,407.52,243.56,0.25183
4988,11202,54635,32.563,294.01,154.01,0.31249
4990,9597.3,55181,21.762,485.3,325.7,0.19679
4990,11084,52919,28.004,239.09,189.23,0.1164
4990,11441,54971,28.071,500.68,353.52,0.17228
4991,9540.5,55199,22.527,686.03,334.49,0.34447
4991,11261,54754,37.94,336.85,285.08,0.083248
4992,9606.3,55204,25.715,269.31,152.95,0.27557
4992,10678,52419,24.795,394.31,183.34,0.36523
4992,11182,54614,21.746,582.94,303.34,0.31548
4993,9483.7,52826,34.321,226.31,200.01,0.061688
4993,10041,54064,37.179,385.6,144.84,0.45389
4993,10787,55025,36.324,441.91,162.71,0.46179
4994,9461,52498,23.776,492.39,206.05,0.40997
4994,10958,55060,29.046,455.17,506.42,-0.053298
4995,9530.5,52656,26.526,356.77,299.15,0.087851
4995,9987.4,54010,27.938,290.24,158.97,0.29223
4995,11174,52556,31.28,542.06,123.22,0.62958
4996,11448,52641,22.907,797.07,294.1,0.46095
4997,10219,54526,31.427,372.12,302.82,0.10268
4999,9888.7,53873,28.814,954.94,476.26,0.33446
4999,9895.7,53908,30.202,883.15,420.63,0.35475
5000,9667.9,53758,34.531,492.12,287.78,0.26202
5001,9575.6,53843,29.733,826.7,682.57,0.095494
5001,11033,52476,30.234,296.67,155.13,0.31328
5002,9899.6,53874,22.759,1016,135.67,0.7644
5003,9447.6,53692,23.576,497.93,260.54,0.31299
5004,8865,53090,22.674,477.41,230.09,0.34957
5004,9421.7,53810,24.648,627.29,343.62,0.29216
5004,11356,55003,22.877,859.45,556.55,0.21391
5004,11587,54092,33.906,358.62,168.98,0.35942
5005,11102,54993,15.997,1239.8,601.07,0.34696
5006,10157,54096,15.717,723.95,386.27,0.30416
5006,11166,52836,23.35,427.38,169.1,0.43301
5006,11026,54873,19.902,988.29,417.39,0.40613
5007,9153.4,53549,26.941,1072.2,720.49,0.19619
5007,10744,53801,23.033,472.58,191.25,0.42379
5007,11205,54599,30.13,329.61,222.27,0.19451
5007,11307,53080,36.489,470.23,509.52,-0.040106
5008,10594,54208,24.598,727.93,315.98,0.39461
5008,11136,54705,24.573,528.33,205.96,0.43902
5009,10579,54275,25.144,854.01,371.95,0.39321
5009,10884,54612,28.17,1062.8,636.13,0.25113
5009,10911,54649,33.96,1216.1,709.32,0.2632
5009,11319,53160,37.917,659.74,401.1,0.2438
5010,11110,53395,18.774,476.1,269.84,0.27651
5011,11246,53287,31.605,532.11,441.47,0.093101
5013,10330,54798,40.149,609.71,492,0.10684
5013,10615,54518,39.712,560.76,231.03,0.41643
5013,11358,54475,31.209,445.41,314.58,0.17215
5013,11495,53118,29.169,1070.7,716.73,0.19802
5015,9878,53931,18.808,405.88,182.01,0.3808
5015,10479,54637,36.873,447.24,388.52,0.070266
5016,9880.4,53937,18.308,1428.6,606.73,0.40382
5016,10450,54645,27.147,645.18,253.08,0.4365
5016,10984,53382,18.102,484.23,217.58,0.37995
5017,9751.3,53952,18.919,1535.3,845,0.28999
5017,10476,54711,27.908,562.65,415.91,0.14995
5017,11247,53475,23.371,724.28,311.13,0.39902
5018,10010,53965,15.728,705.6,364.93,0.31823
5018,10890,53640,24.409,1087.6,536.4,0.33941
5019,10366,54039,19.921,824.17,521.35,0.22506
5019,10835,55053,35.866,445.81,462.6,-0.018485
5020,10368,54068,18.971,638.55,335.73,0.31081
5022,9031.9,53866,31.989,444.59,408.13,0.04276
5022,10483,54166,23.141,512.91,265.19,0.31837
5024,9596.6,52634,27.026,810.24,538.36,0.2016
5024,10622,54731,20.527,532.51,462.33,0.070543
5025,9837.3,52582,27.212,664.69,412.09,0.23458
5026,10298,54882,29.366,224.54,167.64,0.14511
5027,9417.8,54839,21.233,920.98,591.61,0.21775
5027,10189,52801,16.65,678.23,355.05,0.31277
5027,10413,54908,24.377,824.15,534.02,0.21362
5028,10074,52850,26.755,586.89,311.99,0.30582
5029,10231,53304,39.772,491.37,304.81,0.23432
5029,11662,54077,19.23,1150.9,725.76,0.22654
5030,9096.1,53268,27.391,396.87,143.94,0.46768
5030,9053.7,55170,30.655,285.31,224.3,0.11973
5030,10302,54252,26.754,444.72,259.12,0.2637
5031,9067.4,53366,23.494,1432,1338.5,0.033749
5031,10574,53331,27.346,1033.9,791.95,0.13254
5031,10730,53982,28.682,510.77,401.94,0.11923
5032,9112,53478,23.747,446.37,309.3,0.18139
5033,9855.4,54982,37.769,228.81,179.41,0.12102
5033,10286,54105,19.484,629.02,412.34,0.20807
5033,10497,53451,34.04,555.94,228.44,0.41752
5034,8852.3,54077,28.071,425.01,452.44,-0.03127
5034,10613,53269,27.673,552.28,250.55,0.37584
5034,11131,52829,24.496,742.67,473.16,0.22167
5035,8939.2,54084,38.875,503.17,399.07,0.11538
5035,9574.3,55279,12.571,1158.5,174.92,0.73764
5036,8884.4,53950,33.039,156.75,126.04,0.10859
5036,10105,54664,33.407,413.92,340.06,0.097961
5037,9281.7,52844,38.038,457.93,399.37,0.068316
5038,10150,54505,27.455,158.5,100.23,0.2252
5039,9193.5,54589,27.766,412.75,225.73,0.29292
5039,9400.1,53132,19.974,448.14,373.34,0.09105
5040,9535.2,53054,32.467,309.85,206.45,0.20026
5040,9887.2,54938,32.695,183.79,340.44,-0.29881
5040,10334,54345,28.163,356.05,262.62,0.15101
5042,9010.9,53872,27.454,734.06,548.07,0.14506
5042,11250,55294,31.221,334.09,251.86,0.14033
5043,9790.3,54929,24.21,207.79,634.38,-0.50653
5043,9860.3,52697,28.483,419.79,175.79,0.40969
5043,11165,55328,30.108,358.3,367.2,-0.012265
5044,9870.4,54979,22.569,264.43,553.4,-0.35333
5044,11118,55337,26.613,621.33,373.85,0.24868
5045,11167,55209,32.683,471.53,332.2,0.17336
5046,10969,54488,26.072,452.1,318.56,0.17328
5047,11136,53250,17.829,297.61,194.89,0.20856
5048,11146,53305,14.862,628.41,228.07,0.46742
5049,11145,53855,34.145,324.37,325.26,-0.0013736
5050,8732.6,53004,16.584,1425.1,1137.8,0.1121
5050,9141.1,54909,28.378,674.85,478.81,0.16993
5050,9165.9,53356,28.773,1079.4,894.95,0.093444
5050,10541,52703,30.64,522.36,281.95,0.2989
5051,8958.6,54864,27.277,682.77,517.67,0.13754
5051,10084,52456,35.359,514.56,389.99,0.13772
5052,8922.8,53371,13.086,1126.7,751.5,0.19979
5052,9463,52571,26.354,1291.6,840.31,0.21169
5052,9509.3,52600,27.644,1112.4,721.21,0.21336
5053,9101.9,53509,29.476,633.18,199.01,0.52172
5054,9163.4,53033,31.996,731.83,302.92,0.4145
5054,9199,55065,26.255,792.9,647.06,0.10128
5054,9738.3,55096,21.601,275.79,142.24,0.31948
5054,9962.7,53068,33.694,560.44,325.4,0.26533
5055,9054.3,52923,39.233,419.83,222.4,0.30741
5055,9164.7,55041,28.207,575.2,509.03,0.061035
5055,9639.6,55152,18.275,932.93,685.07,0.15319
5056,9469.6,55316,32.41,939.45,509.29,0.29693
5056,9782.6,54967,24.613,311.48,185.4,0.25375
5057,9758.3,55033,27.762,836.88,452.96,0.29765
5057,11590,55348,28.824,380.61,153.25,0.42589
5058,11253,53183,20.286,546.3,381.2,0.17801
5059,10213,53340,18.563,502.23,207.35,0.41557
5059,11305,53129,24.744,277.86,119.88,0.39718
5060,9399.2,52553,29.195,266.75,179.08,0.19663
5060,11035,53114,26.502,605.8,452.69,0.14464
5061,8816.7,54556,30.55,558.7,232.69,0.41194
5061,9316.2,52454,28.891,526.67,185.51,0.47903
5061,9324.3,54704,28.868,366.93,337.01,0.042501
5062,8980.6,54511,31.979,256.71,261.13,-0.0085395
5062,9115.5,52570,30.11,700.11,332.27,0.3563
5064,9204.3,52913,29.966,317.68,167.55,0.30939
5064,11147,53337,30.034,399.44,514.49,-0.12589
5065,8940.1,53855,31.997,453.81,276.47,0.24284
5065,10495,52520,20.541,517.14,424.95,0.097859
5067,9202.6,53808,27.069,477.93,309.07,0.21457
5069,10381,52446,35.916,366.69,281.45,0.13151
5069,11444,53714,24.993,697.35,485.2,0.17941
5070,10489,52443,23.204,552.62,487.02,0.063095
5070,11499,53866,22.408,559.45,199.36,0.47455
5071,10427,52479,26.613,374.21,392.47,-0.023815
5078,9442.7,54084,22.89,631.31,181.43,0.55354
5079,10184,53074,20.562,739.5,360.1,0.34503
5079,10873,54514,29.893,1102.7,437.03,0.43231
5083,10984,52975,32.122,288.92,250.05,0.07212
5084,11383,53272,28.958,777.16,667.45,0.075948
5085,11464,53352,31.284,525.73,317.24,0.24733
5085,11448,53652,22.054,556.22,451.38,0.10405
5086,9231.9,54931,23.133,503.33,303.22,0.24811
5086,11401,53776,23.727,830.61,749.72,0.051185
5087,10624,53388,23.415,935.8,705.97,0.13999
5087,11273,52831,32.229,656.84,488.71,0.14676
5088,9385.7,55277,28.271,497.06,340.69,0.18665
5088,10457,52551,36.239,321.86,278.78,0.071724
5088,11072,54354,31.089,991.65,420.58,0.40437
5089,9294.3,55090,18.614,501.01,362.16,0.16086
5089,11254,54365,28.76,1061.8,742.62,0.17688
5090,9341.5,54944,27.927,712.46,490.33,0.18468
5090,10423,52501,27.523,1685.9,1166.3,0.1822
5090,11391,54272,21.836,436.22,424.12,0.014061
5091,9241.5,54886,28.919,640.84,402.69,0.22822
5091,10685,54834,26.947,243.43,155.9,0.21918
5091,11469,54440,30.27,441.47,229.27,0.31638
5092,9002.1,53681,36.123,1009.4,594.76,0.25848
5093,11574,54209,32.475,283.23,142.01,0.33212
5094,10092,54651,31.189,336.51,168.82,0.33183
5095,8889.9,55032,28.505,344.62,288.5,0.088639
5095,10042,54852,19.464,1131.4,764.95,0.19325
5097,11162,53238,16.983,430.43,349.04,0.10441
5098,11190,53286,23.847,559.33,802.01,-0.17827
5099,9751.5,55220,34.5,481.44,140.36,0.54853
5099,9975,53950,18.784,412.35,241.82,0.26068
5099,11109,53329,37.313,334.83,403.87,-0.09347
5100,10506,52602,24.719,678.2,370.12,0.29387
5102,11574,54101,27.593,635.37,383.67,0.247
5103,9720.9,54949,16.47,446.79,226.63,0.32693
5104,9874.5,54934,17.739,633.81,316.04,0.33455
5104,10911,54625,27.252,584.73,433.97,0.148
5104,10961,54297,29.087,308.5,115.62,0.45477
5105,9818,55014,21.893,587.58,543.48,0.038987
5105,10119,52894,24.397,374.05,245.91,0.2067
5105,10915,54342,29.337,203.85,107.89,0.30783
5106,9757.9,55077,14.571,469.62,373.78,0.11364
5106,10056,52890,23.123,550.89,370.03,0.19639
5106,10368,54936,31.019,452.6,378.87,0.088675
5107,9771.1,55011,19.936,419.06,362.56,0.072289
5107,10197,52825,33.483,321.01,316.32,0.0073527
5107,10590,54948,30.113,452.95,279.4,0.23697
5107,11177,54270,30.681,377.49,224.86,0.25339
5108,9659.1,54982,32.197,228.69,204.96,0.05474
5108,11425,53684,23.401,531.58,222.5,0.40988
5109,11363,53869,40.216,647.72,487.24,0.1414
5109,11504,53622,29.45,874.4,630.42,0.16213
5110,9228.9,53367,21.586,472.75,431.26,0.045897
5110,11461,55022,28.981,234.69,155.98,0.20146
5111,9302.5,53958,38.221,355.64,248.08,0.17816
5111,10774,54608,26.05,577.1,434.63,0.14083
5111,11338,54908,25.354,525.18,256.35,0.34397
5112,9367.9,53904,20.649,792.26,497.1,0.22892
5112,10843,54627,26.044,410.01,345.9,0.084802
5113,9214.6,53016,34.931,266.2,138.56,0.31533
5113,10995,53039,28.773,451.7,364.38,0.10699
5113,11357,54458,27.583,521.4,305.27,0.26145
5114,11262,55141,24.079,230.14,129.95,0.27822
5114,11573,53303,25.665,425.85,185.82,0.39242
5115,9447.9,54202,31.557,238.27,119.92,0.3304
5115,11131,53192,27.876,787.52,520.8,0.20387
5116,11387,53266,26.131,353.42,310.54,0.064587
5118,9251.8,54055,28.877,369.82,457.5,-0.10598
5118,9749.2,54942,15.8,523.02,405.52,0.12654
5118,10996,54266,25.11,450.67,305.94,0.19129
5119,9081.2,53651,37.561,361.81,211.82,0.26147
5119,9227.9,54515,23.123,738.99,677.43,0.043462
5119,9262.9,53252,29.325,710.11,707.45,0.0018795
5119,10018,53504,32.907,190.76,159.46,0.089367
5119,10455,52613,29.217,367.17,168.22,0.37161
5120,9098.8,53830,25.494,1146.8,657.34,0.27129
5120,10007,53476,27.539,422.88,194.99,0.36884
5121,9242.9,53726,29.125,711.29,460.89,0.21362
5121,9759,54689,31.136,379.72,269.41,0.16993
5121,9876.8,53793,25.058,909.39,508.05,0.28314
5121,11081,53244,24.989,273.16,317.29,-0.074746
5122,9868,53619,17.619,770,365.9,0.35575
5122,11115,53285,23.164,267.21,394.52,-0.1924
5123,11126,53275,33.225,406.58,458.62,-0.060149
5124,9188.5,54201,32.95,196.19,117.71,0.25002
5124,10560,53524,26.334,334.8,225.79,0.19445
5124,11590,54219,28.526,347.74,359.69,-0.016888
5127,9763.4,54975,21.306,504.53,504.54,-1.364e-05
5129,10355,55103,33.316,440.56,317.85,0.1618
5130,9313.1,54602,23.982,727.26,505.82,0.17958
5130,9948.5,52865,29.137,366.85,121.54,0.50227
5130,10920,54047,36.621,318.31,185.61,0.26335
5131,9200.9,54919,30.598,807.69,302.11,0.45555
5132,10832,54063,32.058,334.07,284.91,0.07942
5132,11161,55323,20.936,1101.2,436.44,0.43231
5133,9112,54717,19.455,794.25,242.7,0.5319
5133,11238,55319,19.231,969.19,550.22,0.27574
5135,9101,54817,30.415,520.83,258.52,0.33657
5137,11210,53309,24.787,264.05,204.84,0.1263
5138,10011,55349,32.459,801.53,393.98,0.3409
5138,11182,53266,30.48,242.65,176.15,0.15879
5139,11188,53283,14.357,591.74,468.13,0.11663
5140,11185,53349,16.397,707.29,684.54,0.016342
5141,10856,53155,30.173,744.41,558.43,0.14275
5142,10815,55222,31.464,545.23,525.65,0.018284
5142,10980,52997,27.795,495.5,396,0.11161
5143,9815.2,54049,19.858,397,224.97,0.27659
5143,11107,55209,21.074,1011.6,559.14,0.28805
5144,11161,55137,19.102,774.81,454.98,0.26007
5145,10180,53082,30.013,681.55,348.26,0.32364
5145,10929,55142,23.052,693.24,516.14,0.14643
5146,9129.3,53254,35.583,435.25,414.31,0.024655
5146,10711,52695,27.824,474.09,249.65,0.31011
5146,10950,54910,29.904,290.2,275.28,0.026389
5147,9193.1,53211,24.331,1241.5,960.79,0.12748
5149,9499.6,52839,22.787,596.41,446.43,0.14383
5150,8704.9,55067,31.701,672.53,250.08,0.45789
5151,9793.8,52575,27.909,345.34,311.84,0.050971
5153,10058,54025,16.792,352.39,104.83,0.54144
5154,10256,55004,31.633,788.71,715.49,0.048682
5154,11445,53981,28.989,544.55,328.17,0.24793
5155,9317.6,54622,27.649,666.28,608.29,0.045498
5155,11417,54097,23.119,721.74,404.46,0.28173
5156,9124.8,54590,17.426,662.54,236.71,0.47354
5156,10475,52669,24.481,327.18,206.63,0.22582
5156,10516,54861,23.014,631.24,512,0.1043
5156,11218,54311,37.033,281.92,123.14,0.39199
5157,10631,52655,28.406,380.76,249.01,0.20921
5158,10672,52715,26.587,638.11,444.6,0.17872
5159,11593,54015,31.115,411.54,476.08,-0.072719
5160,9146.6,54767,25.669,658.19,413.35,0.22849
5161,9127.2,54949,26.629,1233.1,716,0.26529
5163,8912,55297,28.99,516.1,271.47,0.31061
5163,10007,54764,33.39,296,229.61,0.1263
5164,8745.8,54957,21.694,1014.3,683.04,0.19518
5165,8861.5,53211,28.27,603.21,505.66,0.08798
5167,10342,53507,35.582,277.16,285.93,-0.01557
5169,11111,53284,22.735,417.38,148.82,0.47433
5169,11322,54667,30.722,461.44,287.17,0.2328
5170,10652,54822,29.023,601.2,769.54,-0.12281
5170,11054,54883,22.225,1073.2,1168.9,-0.042703
5170,11184,53324,15.909,437.74,182.63,0.41122
5171,10520,54100,37.426,509.66,494.99,0.014605
5171,10490,54917,25.039,613.66,513.3,0.089057
5171,11105,55390,26.367,608.51,513.47,0.084702
5171,11596,53610,21.89,796.93,464.81,0.26322
5172,10719,52805,21.093,1277.5,385.28,0.53657
5172,10779,53802,26.323,492.49,306.01,0.23354
5173,9989.8,54783,29.797,537.31,548.5,-0.01031
5174,8712.9,54290,37.216,885.59,272.87,0.52891
5174,10547,54184,29.743,531.53,497.18,0.033391
5174,10748,52655,32.279,392.49,271.13,0.18287
5175,9010.4,54615,25.605,362.95,233.56,0.2169
5175,10076,53232,19.161,1010,634.31,0.22848
5175,10265,55153,22.697,343.97,180,0.31295
5175,10567,54092,30.954,358.69,148.02,0.41575
5175,10742,52866,22.41,856.76,451.89,0.30938
5176,9775.3,53196,30.003,582.96,518.93,0.05811
5176,9960.3,54802,21.163,972.35,488.12,0.33156
5176,10558,53225,34.482,594.69,263.35,0.38615
5176,10507,54427,22.686,321.8,207.99,0.21484
5177,9891.2,54764,32.574,372.43,154.13,0.41459
5177,10584,53252,36.622,606.34,533.25,0.064136
5177,10800,52841,30.115,415.29,225.96,0.29525
5177,11161,53564,31.923,352.82,318.7,0.050805
5178,9841.6,53066,30.26,371.09,189.91,0.32296
5178,10760,53320,29.496,686.3,522.68,0.13534
5178,11556,52438,21.541,609.37,186.83,0.53069
5179,9487.9,54157,17.612,852.63,417.04,0.34307
5179,9670.5,54900,24.622,717.13,539.64,0.14122
5179,9980.9,53023,28.201,750.43,685.65,0.045109
5179,10775,54483,22.635,680.89,519.27,0.13467
5179,11003,53365,24.029,553.96,392.9,0.1701
5180,8753,52494,33.345,571.46,483.35,0.083533
5180,8711.3,54060,30.33,843.36,694.01,0.097152
5180,9669.3,53970,34.75,1060.2,507.7,0.3524
5180,9951.4,53207,38.823,468.45,662.74,-0.17176
5180,11090,53245,23.718,323.26,172.06,0.30525
5181,8881.7,53571,24.432,418.75,174.8,0.411
5181,11152,53192,11.292,642.77,311.22,0.34755
5182,9807.3,53698,23.33,703.53,706.66,-0.002217
5182,10586,54218,35.654,254.81,143.75,0.27863
5183,9888.8,53664,18.769,714.83,638.29,0.056566
5183,11082,53186,23.026,293.18,243.68,0.092208
5184,9049.7,55160,31.459,244.28,269.44,-0.048972
5184,10061,53664,19.844,719.91,611.02,0.081813
5184,10584,52646,29.657,496.22,370.87,0.14456
5184,11115,53297,35.357,459.62,207.71,0.37748
5185,9021.4,55129,13.399,635.18,533.69,0.086829
5185,10180,53495,22.612,752.87,417.6,0.28645
5185,10775,52707,26.7,374.55,366.46,0.010926
5185,11158,53257,23.223,429.46,292.66,0.18944
5185,11180,54542,22.308,346.08,239.67,0.18166
5186,10244,54510,35.848,442.53,477.09,-0.037583
5186,10277,53462,22.989,740.18,718.33,0.014982
5186,10679,52584,36.252,417.49,168.36,0.42524
5187,9049.1,54929,14.417,1105.3,663.18,0.24999
5187,10052,54480,24.739,713.2,486.08,0.18938
5187,10358,53372,16.203,1162,660.84,0.27494
5187,10846,52630,36.89,383.17,290.88,0.13693
5187,11054,55019,22.978,446.38,255.3,0.27232
5187,11338,54372,34.809,612.51,359.42,0.2604
5188,9073,54963,21.358,1081.2,693.21,0.21867
5188,9145.4,52842,37.335,430.55,216.84,0.33011
5188,10928,52523,28.696,335.43,281.86,0.086779
5188,10948,54185,35.342,659.7,361.19,0.2924
5189,8975.4,54932,15.893,1224,713.49,0.2635
5189,10606,54995,24.388,668.42,433.72,0.21295
5190,11014,54416,29.726,687.33,316.05,0.37003
5190,11385,53813,33.053,574.26,355.58,0.23518
5191,8747.8,54768,27.681,1040.5,925.75,0.058338
5191,11187,53784,31.201,1323,884.51,0.19865
5191,11215,54149,35.193,775.71,242.34,0.52391
5192,11355,53777,33.256,497.5,382.75,0.13036
5193,9161.3,53767,23.484,679.19,368.16,0.29697
5193,11279,54227,26.811,345.26,275.77,0.11191
5194,9269.2,53865,30.924,774.74,816.74,-0.026393
5195,9128.1,53853,27.562,461.45,622.96,-0.14893
5195,10060,53946,33.062,182.56,103.49,0.27643
5195,11102,53318,27.331,446.13,431.14,0.017086
5196,10163,54197,24.971,748.97,342.6,0.37228
5196,10526,54819,29.133,654.95,331.71,0.32761
5197,8941.4,52586,21.898,403.61,243.08,0.24824
5197,10283,54440,37.547,309.38,404.14,-0.13281
5197,11054,53758,24.996,921.28,307.85,0.49908
5197,11237,54784,25.078,499.73,362.84,0.15869
5198,11315,54468,31.461,272.28,152.96,0.2806
5199,11270,54360,22.455,582.18,545.71,0.032336
5200,11410,52967,23.579,487.92,174.3,0.47359
5202,11462,52600,25.663,774.08,329.64,0.40268
5202,11618,54973,26.472,221.02,116.95,0.30791
5203,9264.1,52394,25.47,493.05,112.6,0.62818
5203,9984.7,52657,31.727,660.61,434.53,0.20644
5203,10006,53972,33.834,187.89,102.49,0.29411
5203,11353,54879,24.876,479.82,184.75,0.444
5203,11648,52603,29.45,247.79,111,0.38126
5204,9249.1,55267,28.269,1286.9,489.82,0.44864
5204,10069,52773,26.169,477.43,295.45,0.23545
5204,11376,54850,24.957,297.15,230.82,0.12563
5205,9433.5,55258,31.673,526.43,220.65,0.4093
5205,9888.9,52835,20.327,450.73,153.61,0.49166
5205,11554,54833,27.147,405.5,382.29,0.029456
5206,9837.8,52624,33.675,540.82,413.76,0.1331
5207,9985.3,52589,25.048,657.29,324.6,0.33882
5208,10862,52863,22.487,425.81,310.41,0.15675
5209,9698.3,54679,20.572,578.73,300.87,0.3159
5209,11183,52819,34.795,372.98,430.42,-0.071496
5212,9567,55186,18.535,917.06,767.43,0.08883
5213,9663.8,54985,29.589,385.62,194.3,0.3299
5214,8797.2,54803,35.862,310.37,170.21,0.29164
5215,8855.5,54815,22.548,293.19,249.17,0.081153
5216,9339.4,52771,35.752,664.71,349.5,0.31079
5222,11248,52835,32.233,464.91,444.82,0.022078
5223,10987,55266,22.88,618.38,574.42,0.036859
5224,10949,52940,36.961,333.56,337.02,-0.0051559
5224,11180,55229,34.274,237.02,141.75,0.25153
5225,9769.8,53298,37.491,575.73,413.31,0.16422
5225,10965,53004,28.327,538.42,469.27,0.068617
5226,9267.1,54321,23.429,341.62,127.4,0.45675
5226,9838.1,53278,29.3,551.11,333.86,0.24549
5227,9298.1,54411,24.083,742.87,404.36,0.29507
5227,9933.9,54792,17.357,283.11,254.26,0.053688
5228,9371.5,54254,36.595,313.01,313.32,-0.00050488
5228,9899.3,54804,26.562,595.02,760.09,-0.12181
5228,10073,53181,15.125,859.09,466.39,0.29627
5229,9208.2,54387,24.355,530.55,230.82,0.39367
5229,10016,53192,19.402,722.87,461.09,0.2211
5229,10007,54897,34.779,242.15,328.93,-0.15196
5230,9932.3,53170,26.674,476.49,364.22,0.13354
5230,10165,54131,17.855,687.07,447.21,0.21146
5231,9872.7,53218,25.395,785.68,391.78,0.33453
5231,10210,54014,21.72,585.97,405.41,0.18213
5232,9089.6,55088,19.263,336.81,355.24,-0.026635
5232,10146,53213,26.926,677.27,204.04,0.53696
5232,10178,54435,25.36,651.8,405.88,0.23251
5232,10748,53182,30.112,395.51,279.98,0.17103
5233,9888.1,53226,19.056,705.51,259.7,0.46188
5233,10413,54400,27.243,310.62,158.71,0.32366
5233,11292,55154,28.585,369.72,201.78,0.29385
5234,10446,54905,32.809,595.98,276.07,0.36686
5235,9823.8,53163,28.917,388.85,245.76,0.22548
5235,9664.8,53696,32.797,575.29,679.83,-0.083294
5235,11618,54968,26.456,404.66,319.85,0.11705
5236,9695.8,53892,22.784,593.99,758.38,-0.12156
5236,9812.3,53298,27.675,391.51,191.1,0.34399
5236,10231,54458,32.375,964.47,635.41,0.20568
5236,10502,54466,29.214,916.52,465,0.32682
5237,9813.7,54249,22.292,1115,1256.7,-0.059741
5237,9863.1,53222,16.928,510.96,126.88,0.60216
5238,9830.2,54339,22.431,890.47,915.98,-0.014118
5238,9839.4,53215,24.132,464.1,172.52,0.45802
5238,10508,54489,18.582,511.88,192.57,0.45327
5239,10386,54438,23.183,645.6,180.8,0.56243
5240,9787.7,53254,37.285,360.2,333.49,0.038505
5241,9625.1,54720,17.981,1536.2,1005.9,0.20861
5241,10407,54422,15.551,785.65,353.21,0.37971
5242,9720,54604,32.371,1020.6,551.88,0.29809
5242,9765.7,53245,25.48,738.25,418.94,0.27594
5242,10345,54506,23.259,725.63,333.66,0.37003
5243,10340,54493,16.545,597.63,253.47,0.40437
5243,11617,53275,31.667,550.43,335.42,0.24271
5244,8911.8,55006,30.526,375.81,370.53,0.0070761
5244,10463,54565,24.92,575.83,456.6,0.11549
5245,10027,53212,32.632,402.45,309.2,0.13104
5245,11634,53479,31.1,567,356.56,0.22785
5246,10087,53139,21.818,592.89,381.03,0.21753
5246,11275,53296,31.314,373.13,373.57,-0.00059232
5247,8964.2,52749,30.186,615.65,733.74,-0.087509
5247,10087,53147,18.421,783,378.89,0.3478
5248,8763.7,52646,20.808,1173.1,986.49,0.086408
5248,10079,53070,21.922,597.97,420.12,0.17469
5248,10168,55201,28.331,592.92,700.95,-0.08349
5248,11442,53092,35.517,401.66,366.58,0.045662
5249,8674.3,52695,17.119,791.15,591.93,0.14404
5249,9857,53105,21.105,389.46,162.25,0.41182
5250,9932.7,53146,27.024,505.9,237.48,0.36108
5252,9925.7,53101,26.2,829.47,530.65,0.2197
5252,10110,54544,26.69,328.75,251.37,0.13339
5252,11175,54044,35.464,379.58,169.25,0.38323
5253,10076,53229,22.709,1425.9,932.59,0.20917
5254,10111,53139,16.899,2218.4,1131.3,0.32454
5255,10141,53248,32.105,1530,1820.6,-0.086722
5255,10214,53286,21.595,1120.6,1451,-0.12846
5256,8831,54727,26.051,597.2,407.11,0.18928
5257,8909,54710,15.602,1339.7,918.02,0.18677
5260,9945.7,53013,20.612,354.8,127.06,0.47263
5261,9897.8,54357,30.27,446.78,341.33,0.1338
5261,10059,53087,17.875,613,280.69,0.37184
5262,9543.4,52841,29.933,822.48,601.38,0.15528
5262,9987.5,53041,22.53,704.27,188.09,0.57844
5263,9241.9,52859,24.258,545.23,227.68,0.41085
5263,10158,53003,33.184,822.97,455.2,0.28773
5265,9130.3,53641,26.363,791.6,321.92,0.4218
5265,10006,53042,20.816,430.07,302.49,0.17415
5265,10376,54743,25.467,190.44,114.84,0.24764
5265,10718,52890,29.697,550.15,323.86,0.25891
5266,10017,53061,24.335,385.86,113.89,0.54421
5266,10870,52966,19.789,515.17,174.78,0.49336
5267,10047,53063,14.284,512.48,122.36,0.61452
5268,9832.2,54533,42.375,661.98,460.8,0.17918
5268,9987.9,53126,21.743,332.03,176.97,0.30464
5269,8939.9,55324,22.753,301.29,218.61,0.15904
5269,9703.9,55067,30.7,442.51,160.43,0.46784
5269,10069,53147,16.549,636.09,327.64,0.32006
5270,9301.8,54056,34.31,197.12,167.74,0.08052
5270,10102,53100,16.475,712.97,426.76,0.25111
5271,9296.9,55369,24.676,354.82,141.46,0.42991
5271,9508.1,53581,27.903,453.66,172.6,0.4488
5271,10113,53066,14.577,684.62,354.1,0.3182
5271,10779,52747,27.131,467.73,184.16,0.43499
5272,10066,53109,20.341,649.62,297.41,0.37191
5272,10864,53483,23.876,851.23,491.06,0.26832
5273,9340.5,55022,20.712,495.57,418.85,0.083909
5273,10757,53502,33.656,260.5,174.16,0.19863
5274,8878.3,52616,20.945,526.12,228.33,0.39471
5274,10975,53382,25.573,551.3,386.44,0.17581
5275,8884.1,52789,28.645,439.5,190.42,0.39541
5275,8785.5,54879,21.227,503.06,592.59,-0.081713
5275,10962,53164,24.195,247.55,143.11,0.26734
5276,8873.3,52906,23.936,522.19,210.64,0.42513
5277,9944,54880,31.994,596.63,238.34,0.4291
5277,10012,54276,17.824,700.67,357.78,0.32395
5277,10256,52646,24,423.48,312.28,0.15113
5278,8839.8,52800,26.135,762.35,500.29,0.20755
5278,9835.8,54554,19.942,1037.2,657.57,0.22402
5279,8848.3,52900,18.541,851.26,397.5,0.36337
5279,9699.9,54602,28.26,586.03,750.43,-0.12302
5280,9804.6,54193,23.517,897.6,800.81,0.056988
5280,10390,52551,31.016,304.14,206.34,0.19157
5281,8936.9,54160,27.432,346.8,202.69,0.26226
5281,9302.3,53624,33.076,684.05,279,0.42059
5281,9811.3,54047,24.221,640.78,432.15,0.19445
5281,10141,52554,25.586,507.24,456.01,0.053187
5282,8668.1,54236,27.612,1293.7,919.68,0.16899
5282,9173.2,53585,35.249,512.74,416.36,0.10374
5282,10001,54001,13.199,673.17,403.83,0.25008
5282,10065,52785,30.289,187.42,119.17,0.22262
5283,9014.3,53510,29.037,688.44,537.9,0.12276
5284,8682.2,53656,25.739,516.57,224.47,0.39417
5284,10308,52779,35.636,353.54,246.7,0.178
5286,8710.3,54939,28.354,213.15,144.51,0.19193
5286,10113,52934,32.9,401.59,261.66,0.21098
5286,10559,54030,34.555,523.65,284.94,0.29522
5286,11448,54880,34.393,525.31,277.87,0.30807
5287,9607.5,55309,25.216,418.47,308.13,0.15185
5288,9580.5,55233,32.972,819.22,657.52,0.1095
5288,10382,53191,34.105,303.97,136.97,0.37874
5289,9377.1,55262,32.554,667.96,303.89,0.37462
5289,10003,53212,30.547,711.77,488.01,0.18651
5291,9730.2,53398,30.001,561.16,518,0.039992
5291,11139,53257,36.045,364.7,323.35,0.060093
5292,9858.6,53422,33.866,281.17,175.88,0.23036
5292,11031,53272,19.217,542.32,331.7,0.24097
5293,8816.2,54829,27.828,454.2,154.47,0.49243
5293,9935,53265,27.144,627.65,405.68,0.21481
5293,10396,54091,14.365,867.44,674.23,0.12533
5293,11162,53218,20.703,450.38,365.94,0.10344
5295,9795.2,54939,22.192,290,205.98,0.1694
5296,9775.1,55006,14.681,524.33,331.97,0.22464
5296,9958.4,52921,32.207,506.07,476.98,0.029586
5296,11553,54788,30.467,503.73,495.5,0.0082383
5297,9284.2,53515,31.611,522.82,281.03,0.30079
5298,9354.7,53530,19.045,651.82,300.28,0.36922
5298,11113,54304,35.589,254.51,183.11,0.16316
5299,9512.8,53585,19.507,476.17,276.19,0.26581
5302,11073,53321,13.309,1118.9,601.47,0.30077
5303,9264.7,54417,25.581,597.38,362.51,0.24468
5303,9702.8,55089,28.808,178.33,190.47,-0.032931
5303,10462,52529,20.67,688.56,756.38,-0.046938
5303,11109,53219,18.235,854.61,650.37,0.13571
5304,9086.5,54342,29.456,668.83,563.58,0.085404
5304,10515,52722,26.353,671.98,476.02,0.17069
5304,11437,53231,31.025,502.3,238.81,0.35554
5304,11500,54172,21.845,308.25,148.44,0.34994
5305,10549,52840,30.097,808.69,735.97,0.047074
5305,10558,52893,27.956,917.76,808.03,0.063585
5305,10548,54292,21.808,984.02,656.22,0.19985
5306,10518,52477,25.601,409.88,194.93,0.3554
5306,10571,54516,28.035,391.32,261.63,0.19862
5306,11663,53477,21.986,644.71,495.75,0.13062
5307,10554,54449,24.895,475.06,214.86,0.37716
5307,11224,52888,22.37,497.65,270.74,0.2953
5308,11036,53744,31.861,578.14,467.18,0.10615
5308,11562,53616,19.77,806.52,461.47,0.27212
5309,11015,53724,20.246,700.66,656.54,0.032513
5310,10929,53599,16.125,1114.1,691.6,0.23397
5311,9164.8,54971,31.149,384.17,292.91,0.13479
5311,10307,53989,33.759,398.74,301.55,0.13879
5311,10357,52520,26.331,415.06,296.04,0.16737
5311,10821,53725,19.147,384.07,365.76,0.024411
5312,9522.5,53329,34.543,286.07,134.17,0.36145
5312,10329,53904,30.703,956.78,501.79,0.31194
5312,10822,53740,29.92,940.61,710.39,0.13945
5313,10425,52619,26.957,587.08,421.83,0.16379
5313,10899,53819,30.589,510.08,106.43,0.65474
5314,9811,53551,27.784,556.2,418.94,0.14076
5314,10246,53174,25.75,249.38,167.56,0.19624
5316,9530.8,53351,25.142,440.98,351.7,0.11263
5317,9685.3,53481,26.398,250.89,289.86,-0.072054
5318,9992.1,53159,26.036,758.46,609.6,0.10881
5318,10449,53981,40.188,410.38,247.81,0.24699
5319,9933,53206,18.961,363.66,211.94,0.26358
5321,9887.4,55048,35.814,327.02,285.48,0.067814
5321,10009,52861,20.204,570.29,402.88,0.17202
5323,9924.3,52718,32.441,415.15,196.83,0.35673
5324,9842.3,54791,24.394,488.9,230.21,0.35974
5324,9904.7,52721,19.424,488.45,223.17,0.37278
5325,9387.4,54891,16.319,1037.4,369.11,0.47512
5325,9985.6,52731,20.175,279.69,159.23,0.27445
5325,11113,53279,30.224,296.04,186.61,0.22672
5326,9377,54839,17.112,665.14,224.35,0.49556
5326,10018,52781,35.94,238.18,216.61,0.047408
5326,11140,53269,18.412,420.28,309.78,0.15136
5327,9479.6,54918,21.142,851.12,188.1,0.638
5327,11130,53264,15.971,363.6,295.56,0.10323
5328,9514,54885,21.429,671.85,196.1,0.54814
5329,9570,54946,21.05,627.12,272.56,0.3941
5329,11193,53294,16.707,459.55,397.35,0.072587
5334,9223.2,52811,25.701,327.18,405.29,-0.10664
5334,10248,55292,31.124,290.13,285.22,0.0085244
5337,11181,53290,19.292,604.01,484.12,0.11018
5338,11169,53361,19.786,407.64,317.79,0.12385
5339,11146,53357,32.618,210.23,340.2,-0.23612
5344,9054.1,54989,20.378,490.15,159.92,0.508
5345,9126.4,55010,21.259,497.56,386.42,0.12574
5346,9165.9,54930,20.407,493.13,287.28,0.26377
5346,9870.4,53243,33.269,602.17,412.9,0.18647
5347,9438.3,55144,27.478,838.75,944.48,-0.059293
5347,10710,54285,31.208,436.99,269.78,0.23658
5349,10270,55305,29.534,771.75,597.72,0.12708
5349,11091,54742,37.632,417.44,424.02,-0.0078153
5349,11345,53568,25.016,434.63,361.88,0.091336
5350,9248.2,53015,29.711,809.66,440.94,0.29483
5350,9875.7,52667,24.516,364.62,271.61,0.14618
5350,10630,53098,27.312,317.17,220.51,0.17978
5350,11438,54508,28.702,1346.8,685.55,0.32537
5351,10018,52834,24.493,515.14,308.94,0.25022
5351,10348,55126,25.731,549.18,282.72,0.3203
5351,11278,54294,29.089,453.24,318.47,0.17463
5352,10350,55158,30.635,848.45,425.91,0.33157
5352,10395,55337,30.766,986.21,547.21,0.28629
5352,11074,52802,28.91,1024.6,366.44,0.47314
5352,11440,55088,33.418,894.24,479.14,0.30225
5352,11630,54329,31.892,1220.9,986.76,0.10606
5353,9418.9,54932,33.87,413.49,274.92,0.20129
5353,10285,55284,26.18,554.21,401.06,0.16032
5353,11147,52764,17.998,526.18,226.19,0.39874
5353,11546,54509,30.781,403.26,299.8,0.14716
5354,9347.5,54920,25.269,592.64,499.26,0.085523
5354,11459,54645,32.742,415.43,225.87,0.29559
5358,9597.2,52778,28.63,539.11,455.73,0.083812
5358,10446,54576,25.496,867.25,614.04,0.17094
5359,9523.2,53044,19.791,336.89,272.18,0.10624
5359,10555,54547,30.178,425.28,349.04,0.09847
5360,9443,52996,15.269,606.55,451.56,0.14648
5360,9831.6,53701,28.477,381.65,383.62,-0.0025672
5360,10955,53710,29.166,540.02,538.91,0.0010227
5360,11614,53206,32.838,906.42,622.72,0.18553
5361,8838.2,53571,21.778,374.62,254.07,0.19176
5361,9513.3,52989,22.199,336.04,215.49,0.21858
5362,9632.8,52994,26.203,700.18,676.97,0.016854
5362,11397,53417,15.561,480.51,323.49,0.19529
5363,9048.1,53376,21.912,1117.6,740.5,0.20295
5364,10921,54836,26.975,610.3,520.63,0.079291
5366,10617,55068,35.325,565,829.58,-0.18972
5367,8894.1,52444,35.164,332.62,277.49,0.09036
5367,10608,53361,24.625,305.58,223.62,0.15486
5367,10836,54929,27.083,574.83,433.67,0.13997
5368,9619.8,52963,23.555,618.96,434.12,0.17553
5368,10486,53169,22.985,265.44,113.37,0.40145
5369,9818.3,52906,27.861,359.69,351.65,0.011299
5369,11657,53521,36.507,386.85,229.78,0.25471
5370,10980,54909,19.811,446.92,180.82,0.4239
5371,11117,54867,32.311,859.9,654.03,0.13598
5372,11184,53917,28.24,468.54,231.18,0.33923
5373,10609,52847,24.222,512.85,304.4,0.25506
5373,11139,54613,22.534,951.74,836.12,0.064668
5374,9908.3,52922,35.055,741.4,536.42,0.16041
5374,10616,52853,28.032,627.87,516.54,0.097286
5374,11198,53570,22.446,471.27,295.91,0.22858
5375,9908.5,52908,35.289,541.98,326.64,0.24791
5375,10569,53202,24.92,331.85,236.58,0.1676
5375,11093,54095,30.311,1283.2,857.88,0.19866
5376,8707.7,55322,27.797,365.77,272.19,0.14669
5376,10572,53320,25.651,287.54,376.92,-0.13451
5377,10527,53298,26.327,474.42,424.42,0.05563
5378,8712.4,52548,28.356,691.43,487.38,0.1731
5378,9007,54483,28.248,451.81,164.75,0.46559
5378,8956.7,55028,23.033,277.88,130.18,0.36195
5378,11489,52491,20.887,388.24,431.34,-0.052584
5379,9147.7,54897,28.486,383.65,208.56,0.29566
5380,9385.9,54077,29.518,474.16,602.16,-0.11893
5381,9370,54015,28.54,412.2,449.21,-0.042962
5382,9431.1,54052,24.337,389.23,455.7,-0.078671
5382,9769.6,54972,18.383,404.97,312.15,0.12943
5382,10452,52892,20.747,503.86,218.11,0.39579
5383,9357.9,54034,29.868,294.67,201.87,0.18689
5383,11006,53289,31.82,321.41,214.53,0.19943
5384,9824.6,54969,22.553,926.23,577.4,0.23199
5385,9389,54057,24.224,443.47,451.72,-0.0092162
5385,9573.7,52448,21.011,582.92,309.04,0.30705
5385,9850.1,54879,16.379,676.99,456.61,0.19441
5385,9893.5,54055,21.349,326.58,294.81,0.051125
5385,10733,52995,27.728,303.95,144.74,0.35484
5386,9855.2,54029,18.224,351.91,365.53,-0.018985
5386,10795,53111,31.778,294.5,168.15,0.27312
5386,11390,54932,21.543,324.96,235.55,0.15951
5387,9448.4,55230,38.173,531.74,256.7,0.34884
5387,11474,54498,19.884,357.42,204.05,0.27317
5388,10782,53796,33.906,300.25,142.51,0.35626
5388,11492,54328,25.827,323.63,372.11,-0.069676
5389,9078.6,55056,26.042,603.23,153.13,0.59509
5389,10053,54167,28.079,414.77,233.67,0.27928
5390,10003,54283,27.557,502.52,320.41,0.2213
5391,8698.8,52884,18.926,469.29,293.04,0.2312
5391,10058,54550,22.027,845.5,502.92,0.25407
5392,10036,54448,26.154,409.77,490.39,-0.08956
5393,10026,54493,22.392,424.13,309.44,0.15635
5394,9907.7,54481,26.061,490.3,209,0.40226
5394,11524,55213,36.977,507.2,459.94,0.048868
5395,11305,55125,28.874,688.57,658.65,0.02221
5396,10074,54398,31.995,258.04,229.78,0.057919
5396,11576,54944,27.654,375.84,281.72,0.14312
5397,8894.5,54841,21.697,739.32,259.7,0.48009
5398,8757.1,54769,20.461,625.52,197.64,0.51979
5399,8941.8,54929,22.583,523.21,335.91,0.21801
5399,9639.8,54300,30.74,195.82,145.84,0.14629
5399,11158,52717,21.156,507.48,284.67,0.28127
5400,9035,54968,18.083,931.14,476.65,0.32284
5400,11446,55256,29.719,246.02,152.13,0.23582
5400,11538,53488,26.128,537.01,266.91,0.33597
5401,9002,55285,19.491,548.03,565.25,-0.015466
5401,9235.6,52599,38.757,332.04,201.72,0.24416
5405,11273,52909,28.321,246.55,122.75,0.33522
5406,11195,52862,16.434,782.07,362.37,0.36673
5407,9441,53624,17.943,811.52,404.73,0.33446
5407,11255,52928,25.917,630.39,345.13,0.29242
5408,11207,52906,20.937,501.73,255.74,0.32476
5409,11378,53105,25.437,215.38,190.02,0.062553
5410,11465,53103,31.139,546.54,276.43,0.32821
5411,8687.9,54638,36.781,555.77,458.32,0.096098
5412,11591,52508,31.777,483.86,262.24,0.29704
5413,8695.5,53477,30.572,435.69,147.37,0.49451
5413,9478,53104,33.424,594.52,332.11,0.28319
5414,9816.6,53968,20.845,609.25,413.64,0.19123
5415,8950.7,53382,16.951,676.25,389.8,0.2687
5415,9208.6,55112,30.475,445.48,227.67,0.32357
5415,9894.5,54089,24.375,373.02,317.79,0.079948
5416,9305.4,54977,23.166,652.64,702.78,-0.036989
5417,8694.2,52923,25.515,632.29,330.48,0.31349
5417,9347,55048,22.938,524.66,359.08,0.18736
5417,9856.6,54039,20.371,308.04,341.48,-0.051488
5418,9430.7,55260,20.126,627.44,249.54,0.43091
5419,11478,53722,20.853,886.32,556.38,0.22869
5419,11530,54116,44.846,1381.4,878.25,0.22266
5420,11459,54335,29.303,671.77,403.37,0.24964
5420,11474,53733,20.485,869.49,584.18,0.19627
5421,10231,54116,26.963,499.31,145.51,0.54869
5421,11559,53751,30.891,521.83,362.06,0.18076
5422,11658,53618,22.784,826.78,601,0.15814
5425,8892.9,54776,24.945,708.91,592.16,0.08973
5425,9820.8,53239,20.503,604.66,357.15,0.25735
5426,9625.5,53098,20.209,619.44,352,0.2753
5427,8821.1,54943,33.105,519.05,378.67,0.15637
5429,11215,52860,24.619,355.14,174.22,0.34178
5431,9259.7,54030,15.702,353.72,101.7,0.55339
5432,10063,53199,23.393,664.05,480.21,0.16066
5434,11008,54713,35.646,441.48,230.27,0.31442
5435,11085,54732,22.919,927.08,372.7,0.42652
5436,10369,55272,36.829,503.94,376.83,0.14431
5437,11368,54715,30.894,336.79,281.97,0.088586
5438,8679.5,52897,20.963,732.69,438.63,0.25105
5438,8861.5,53564,27.97,298.34,210.79,0.17196
5438,11109,53262,28.527,255.3,175.06,0.18644
5439,9058.9,55101,32.273,813.14,621.05,0.13394
5439,10767,54208,22.158,948.16,684.98,0.16115
5439,11105,53343,21.844,627.45,658.14,-0.023868
5440,9374.4,54904,29.468,632.35,348.26,0.28971
5440,10485,54125,23.341,1023,840.17,0.098143
5441,9251.8,54829,21.37,667.67,360.38,0.2989
5441,10306,54727,34.074,395.53,337.92,0.078548
5441,10607,54197,26.51,738.32,502.23,0.19031
5442,10387,54108,47.368,855.17,766.1,0.054935
5442,10714,54002,21.863,695.79,486.52,0.177
5443,9287.3,55117,29.995,769.99,426.07,0.28755
5443,10708,54037,33.188,370.84,234.8,0.22463
5444,9166,55195,29.195,552.84,452.77,0.099513
5444,10242,54167,33.154,645.78,409.44,0.22397
5444,10673,54334,26.697,380.83,316.28,0.092593
5445,9067.3,54658,26.75,301.79,154.79,0.32196
5445,10850,54333,29.107,1074.3,727.24,0.19264
5446,10160,53878,35.312,569.73,494.66,0.07053
5446,10947,54267,26.398,382.95,285.09,0.14648
5447,8721.4,54274,19.573,987.99,589.73,0.25242
5448,9912.1,54000,16.246,1145.7,923.35,0.10745
5449,9932.9,53988,12.745,1027.8,606.93,0.25746
5450,10041,54007,11.779,1194.2,771.89,0.21478
5451,8866,52557,22.691,419.94,124.33,0.54314
5451,9815.7,54001,15.246,1504.7,1311.8,0.068464
5452,9949.6,53966,9.5855,930.87,574.15,0.23702
5452,11410,52813,35.616,389.33,446.07,-0.067908
5452,11497,54591,34.897,388.43,286.21,0.15151
5453,9895.2,53982,17.656,804.16,679.61,0.083943
5453,10471,54653,30.171,253.31,142.97,0.27844
5453,11434,54410,22.716,1042.5,896.75,0.075176
5454,9918.2,53914,15.419,636.67,435.03,0.18815
5455,9917.2,53954,13.056,816.81,589.23,0.16186
5455,10937,54089,33.271,245.41,258.17,-0.025339
5455,11054,52587,29.24,157.13,101.23,0.21635
5456,9002.9,53422,27.209,428.91,240.39,0.28168
5456,9966.4,54025,15.269,719.12,602.94,0.087879
5456,11409,52789,36.276,737.29,551.53,0.14414
5457,10158,54159,19.779,592.8,324.46,0.29255
5457,11011,54233,30.106,589.51,518.2,0.064369
5458,8791.2,54899,31.186,480.34,289.39,0.24807
5458,11123,53966,20.261,1396.9,1249.6,0.055672
5459,10663,54265,33.743,495,435.09,0.064405
5459,11081,55361,31.188,663.83,449.38,0.19264
5459,11248,54120,24.675,807.11,747.93,0.038056
5460,10495,52511,28.283,641.9,412.94,0.21705
5462,9857.8,54031,20.067,449.65,219.32,0.34429
5462,10186,52605,24.681,703.46,591.18,0.086728
5462,11248,54101,35.67,410.26,188.71,0.36987
5462,11474,55295,10.82,1073.5,132.16,0.78077
5463,9313.7,53404,27.233,551.23,363.3,0.20549
5464,9508.3,53583,33.182,489.01,588.43,-0.092273
5465,8945.6,54947,32.286,539.41,348.69,0.21476
5465,9435.5,54303,25.065,587.01,604.22,-0.014451
5465,9691.9,52787,22.486,1233,951.41,0.12892
5465,9572.8,53616,18.895,578.36,498.73,0.073934
5465,10424,53029,28.798,406.28,275.1,0.19253
5466,8905.7,54877,18.078,707.07,309.78,0.3907
5467,8703.1,54865,21.548,934.95,468.75,0.33212
5467,9751.8,53097,37.982,180.12,259.05,-0.17972
5467,10576,52680,28.935,840.09,636.89,0.13757
5468,8698.1,55088,33.429,703.8,419.86,0.25268
5469,9209,55039,32.841,318.71,286.96,0.052419
5470,11320,54096,20.045,290.75,212.87,0.15465
5471,9849.8,54508,29.374,541.36,544.99,-0.0033422
5471,11302,54106,13.849,626.07,539.55,0.074227
5472,8691.5,55311,22.071,360.95,281.92,0.12293
5472,9839.4,54491,36.782,567.85,110.55,0.6741
5472,10532,55156,37.623,695.46,280.71,0.42487
5472,11368,54113,21.927,495.19,329.89,0.20034
5473,9929.2,54501,32.719,391.39,165.78,0.40493
5474,9676.4,54576,23.347,401.19,213.13,0.30614
5474,10782,53771,23.622,1236.9,793.51,0.21836
5475,8878.8,54260,20.831,941.8,128.41,0.76003
5475,10303,53409,34.119,211.03,197.74,0.032515
5475,11218,53197,36.754,243.99,316.54,-0.12943
5476,9132.1,54054,32.234,280.39,171.28,0.24157
5476,10430,53496,32.72,302.45,216.06,0.16662
5476,11013,54938,25.514,1132.6,815.71,0.16265
5477,9365.3,55308,29.415,648.83,452.97,0.17777
5478,9108.3,53951,28.034,367.76,167.7,0.37362
5478,11135,55270,36.345,202.1,244.6,-0.095143
5479,9157.2,54019,34.457,533.97,136.66,0.59244
5479,11075,55165,28.358,552.87,413.54,0.14417
5480,9049,54336,26.135,349.69,406.27,-0.074851
5480,10548,53480,35.376,278.33,357.17,-0.12405
5480,11231,55041,32.608,328.61,277.82,0.08376
5481,8867.7,54536,21.774,856.11,443.67,0.31731
5482,10328,53225,23.54,484.24,550.78,-0.064286
5483,9850.7,54764,34.066,346.36,179.8,0.31656
5484,9367.2,53526,29.796,726.37,474.26,0.20998
5484,9553,55108,40.329,613.34,772.44,-0.11481
5484,10460,53225,34.541,378.9,443.03,-0.078027
5485,8958.1,53255,19.316,976.98,556.18,0.27447
5485,9785.3,52448,30.152,504.07,488.29,0.015894
5485,9965.9,54460,28.003,441.42,214.11,0.34677
5485,10340,53241,30.736,528.16,292.02,0.28791
5486,8912.3,53209,20.328,734.16,438.7,0.25192
5486,9113.8,54467,33.576,718.16,413.37,0.26936
5486,9504.5,54903,37.169,543.7,352.94,0.21275
5487,8875.6,53170,24.495,744.94,501.45,0.19536
5487,9132.8,54611,26.362,1339.5,593.95,0.3856
5488,9089.4,53332,22.506,694.88,490.11,0.17281
5488,9269.7,54816,15.562,795.78,306.97,0.44327
5488,10282,53844,28.146,344.45,132.44,0.44456
5488,11083,53277,18.012,358.6,365.51,-0.0095349
5489,9183.4,54962,17.586,1031.3,389.44,0.45178
5489,10967,53382,34.386,430.1,766.5,-0.28113
5490,9727.8,54195,33.719,624.59,349.28,0.2827
5490,10787,55163,36.852,243.94,102.75,0.40726
5491,9477.4,53132,32.59,638.42,333.58,0.31363
5491,9709.7,54184,41.243,1532.5,666.82,0.39362
5491,9946.6,54075,23.661,1232.4,592.62,0.35056
5494,9133.1,54585,24.042,521.7,242.32,0.36567
5495,9696.6,52721,33.289,262.43,147.92,0.27906
5495,11598,54222,30.638,519.88,316.29,0.24348
5496,9599,52937,26.553,758.1,470.59,0.234
5496,11531,54509,25.728,564.99,475.26,0.086261
5498,9078.2,53086,28.487,667.96,486.94,0.15674
5498,10220,54984,33.305,679.44,378.11,0.28493
5499,8889.4,53054,18.733,502.61,274.11,0.29418
5500,8954.4,52878,24.675,558.89,209.11,0.45545
5501,9053.6,53010,20.047,863.43,325.45,0.4525
5501,10976,54431,27.618,554.88,340.39,0.23958
5502,10362,52519,24.628,781.78,649.44,0.092469
5503,9358.2,55162,25.222,426.83,181.81,0.40257
5503,10468,52575,24.469,402.96,240.06,0.25334
5503,10604,54287,31.41,373.73,393.26,-0.025455
5503,11421,54475,27.046,532.83,153.52,0.55264
5504,10573,54031,21.141,638.68,309.4,0.34731
5504,10950,54822,33.166,483.95,345.31,0.16719
5505,8669.5,55355,22.45,229.03,177.82,0.12586
5505,10551,54137,29.028,506.34,356.03,0.17429
5505,11568,53218,34.204,463.22,424.95,0.043084
5506,8719.6,54381,27.712,807.43,322.43,0.42925
5510,11041,53330,18.518,389.7,225.64,0.26663
5510,11619,52716,33.796,229.77,128.74,0.28181
5510,11507,54080,23.968,341.77,330.01,0.017514
5511,9184,52779,26.326,501.87,163.98,0.50746
5511,9843.3,53899,24.443,443.29,342.64,0.12807
5511,10375,53418,30.303,636.95,442.69,0.17993
5511,11409,52522,28.033,149.5,142.25,0.024875
5511,11636,53943,33.386,245.12,113.15,0.36836
5512,8952.7,54309,33.632,543.07,271.01,0.3342
5512,10485,53219,33.288,382.95,347.28,0.048844
5512,11205,52682,17.024,360.5,436.96,-0.095874
5513,8992.7,54512,30.457,299.23,145.07,0.34698
5513,9134,52723,22.037,792.85,575.67,0.1587
5513,10046,53576,33.79,285.08,128.05,0.38009
5513,11411,52616,31.258,532.78,885.93,-0.24893
5513,11542,53578,29.556,374.06,113.1,0.53569
5514,10060,53375,33.54,602.74,423.03,0.17519
5514,11370,53928,24.069,340.86,186.82,0.29191
5515,9076.6,55322,33.344,253.47,258.82,-0.010441
5515,9768.3,52895,30.927,526.65,346.43,0.20642
5515,10901,54207,24.747,450.21,390.42,0.071135
5515,10865,55267,32.33,501.53,692.39,-0.15986
5515,11646,54071,24.847,347.64,265.03,0.13483
5516,9197.4,55279,31.611,362.91,592.31,-0.24015
5516,9696.2,54510,28.82,440.75,349.64,0.11527
5516,10669,54413,18.318,735.36,416.63,0.27668
5517,9695.6,54431,31.022,303.72,217.5,0.16541
5517,10455,54401,24.45,275.5,308.91,-0.057166
5517,11326,53896,24.659,362.38,259.88,0.16473
5518,9674.3,54541,27.146,569.31,662.48,-0.075634
5518,10254,54585,34.193,664.72,521.34,0.12088
5518,11361,53945,30.393,285.7,209.14,0.1547
5519,9696.9,54338,36.164,696.5,584.98,0.087024
5520,9762.5,54273,33.428,409.88,163.06,0.43078
5521,9561.1,53913,24.239,563.91,439.9,0.12354
5522,9670.2,53817,30.977,488.95,378.88,0.12684
5522,9922.8,54311,37.049,392.52,336.37,0.07704
5523,9680.1,53534,31.03,627,504.23,0.10853
5523,10766,54646,20.942,696.38,464.86,0.19937
5523,11503,52504,32.053,410.85,315.07,0.13195
5524,9053.9,54785,30.606,428.13,413.41,0.017487
5524,10863,54769,24.464,448.47,319.53,0.1679
5524,11129,54182,31.643,521.36,363.19,0.17882
5525,9251.1,54751,21.816,345.58,147.61,0.40139
5525,10755,52586,33.488,665.91,490.9,0.15128
5525,10847,54613,22.429,383.86,275.29,0.16471
5526,9051.8,54650,21.669,450.78,291.83,0.21404
5526,10367,52413,26.378,744.48,401.88,0.29885
5526,10931,52864,30.262,378.64,178.79,0.35853
5527,9001.6,53890,21.505,551.59,369.75,0.19737
5527,10961,54505,25.255,1043.3,903.87,0.071609
5527,11249,52931,28.299,281.22,167.98,0.25209
5528,9896.4,53248,25.814,557.17,445.15,0.11176
5529,8821.9,53886,24.237,369.7,143.37,0.44113
5529,10365,54854,23.946,637.51,317.25,0.33544
5529,11314,53037,23.128,1242.9,276.2,0.63635
5530,10787,54527,33.164,409.56,264.23,0.21568
5531,9575,53246,21.054,481.68,125.2,0.58739
5535,9356.3,53668,30.593,738.87,420.25,0.27489
5535,10148,54141,17.259,668.02,382.11,0.27226
5535,10445,52682,32.269,572.25,522.13,0.045799
5536,9979.5,54148,20.802,513.51,230.05,0.38123
5536,10228,55155,30.029,827.86,167.37,0.66365
5536,10185,53234,25.643,677.33,677.24,6.6462e-05
5536,11606,54681,31.611,319.82,206.5,0.21531
5537,10318,54733,36.133,357.87,246.27,0.18472
5537,10411,55320,20.548,420.78,158.08,0.45383
5538,10693,54850,27.453,814.8,432.39,0.30661
5539,9546.2,55363,26.524,696.36,536.59,0.12958
5539,10699,54908,20.776,702.81,493.1,0.17536
5540,10681,54901,19.19,802.92,502.2,0.23042
5541,9250.8,54290,32.115,337.57,498.88,-0.19284
5541,9247.3,55123,31.89,618.74,248.25,0.42733
5541,9884.1,54056,12.361,505.01,277.75,0.29032
5541,10780,55146,23.8,468.51,457.18,0.012244
5541,11539,54132,23.943,357.89,208.04,0.26478
5543,8766,54142,21.51,357.67,304.25,0.080707
5543,9510.5,54060,21.861,453.44,156.98,0.48566
5543,10175,54938,38.736,438.61,237.08,0.29825
5543,11615,54557,22.438,465.96,388.12,0.091147
5544,8765.1,54062,22.441,445.9,384.57,0.073847
5544,9326.5,53357,30.654,529.08,112.72,0.64873
5544,9544.2,53944,17.853,442.24,155.7,0.47921
5544,9802.6,54906,20.122,334.08,163.21,0.34359
5544,10371,54860,28.902,643.01,451.75,0.1747
5545,10631,55006,20.683,808.76,565.42,0.17708
5546,9450.7,52764,17.228,678.73,402.78,0.25516
5546,9679.1,54115,34.13,282.95,197.61,0.1776
5546,10598,55156,29.556,470.34,412.74,0.065225
5547,8709.2,54370,22.465,535.33,347.5,0.21276
5547,9607.3,55077,32.336,228.79,232.37,-0.007764
5548,8767,54521,23.673,539.74,490.4,0.047894
5548,11664,52738,34.196,384.79,315.14,0.099503
5549,8902.7,54505,21.726,662.69,561.39,0.082758
5549,9243.1,53341,29.34,862.14,783.06,0.048067
5549,10122,54634,31.958,461.99,332.82,0.16251
5549,10632,54237,25.057,781.65,506.55,0.21355
5550,9157.7,53313,25.67,436.97,255.1,0.2628
5550,10408,54364,34.829,1041.7,828.07,0.11423
5552,10325,54456,28.318,838.26,374.31,0.38262
5552,10445,54932,25.935,1153.4,735.58,0.22119
5554,11097,54367,35.34,883.15,660.9,0.14394
5555,8681.2,54112,17.134,1192.4,790.27,0.20284
5555,10669,54517,34.912,314.48,350.33,-0.053927
5555,11296,54039,25.468,1176.2,550.33,0.3625
5556,9057.2,54180,27.496,540.91,383.95,0.1697
5556,10677,54512,36.485,255.87,272.48,-0.031425
5556,11347,54047,33.401,563.82,298.26,0.30805
5557,9087.9,54419,18.567,637.01,259.44,0.42119
5557,9111.3,52494,23.576,515.54,305.4,0.25598
5557,9566.2,53707,20.729,632.39,248.24,0.43623
5558,9424.2,53543,22.273,706.71,401.58,0.27532
5558,11384,53850,27.173,452.82,371.62,0.098486
5559,9162.5,53550,22.362,667.54,427.73,0.21895
5560,9482.7,54361,34.572,327.75,318.04,0.01504
5560,10115,54076,33.511,270.37,366.71,-0.15122
5560,10139,55351,34.5,286.85,320.53,-0.055448
5560,11155,52917,18.665,621.58,430.66,0.18144
5560,11343,53904,24.96,1070.4,668.54,0.23112
5561,9159.6,54448,25.317,695.08,406.85,0.26157
5561,10037,55384,18.404,383.73,117.83,0.53016
5561,10475,53169,32.622,385.07,224.13,0.26418
5562,9546.4,52993,29.318,580.18,401.12,0.18248
5562,9598.5,53305,31.495,738.18,530.95,0.16328
5562,10090,55289,25.447,219.2,127.12,0.26588
5562,10604,53273,33.124,1490.1,1161.5,0.1239
5563,10061,55276,24.21,325.43,117.12,0.4707
5563,10485,52863,20.032,1171.3,574.76,0.34165
5563,10832,54005,22.172,347.32,245.78,0.17121
5564,9470.3,53218,22.074,387.83,238.39,0.23863
5564,9806.7,52451,37.651,881.52,517.95,0.2598
5564,10032,55250,21.952,368.85,457.38,-0.10716
5564,10292,52751,22.387,811.77,449.78,0.28695
5564,10760,54160,26.597,715.09,285.43,0.42944
5565,9456.5,53277,18.143,527.28,408.51,0.12693
5565,10008,55195,28.576,320.45,272.22,0.081392
5565,10267,52931,19.317,669.98,324.97,0.34675
5565,10702,54259,20.826,777.17,390.51,0.33114
5566,8710.9,54864,31.468,479.15,352.27,0.1526
5566,9546.2,53196,28.629,409.25,180.58,0.38769
5566,10275,54373,34.909,471.4,199.04,0.40623
5567,8872.1,55129,30.128,1136.3,366.13,0.51261
5567,9929.7,55176,33.828,327.16,186.79,0.27311
5567,10468,53378,25.119,505.12,335.58,0.20166
5567,10517,54078,35.767,490.45,575.87,-0.080111
5567,10748,55367,32.86,160.09,115.93,0.15999
5567,11089,53231,26.857,807.89,704.29,0.06851
5568,8775.1,55206,26.227,1344.1,866.61,0.21598
5568,9676,54974,16.505,405.5,328.21,0.10535
5568,11235,53671,37.076,790.51,796.33,-0.0036683
5569,9032.6,52543,32.508,632.49,445.08,0.17393
5569,10408,54025,31.667,216.7,156.85,0.16024
5569,11337,54362,22.577,890.66,796.63,0.05573
5570,9147.4,52484,33.12,543.58,384.48,0.17143
5570,9802.5,54679,28.814,944.34,622.23,0.20561
5570,10253,53853,20.756,598.47,429.89,0.16394
5571,10178,54017,21.578,821.98,595.84,0.1595
5571,11435,53225,33.127,702.33,509.93,0.15871
5572,10300,54072,27.444,670.18,525.02,0.12145
5572,10504,53439,33.265,342.14,331.47,0.015841
5573,9903.3,55005,23.949,416.88,276.46,0.20253
5573,10087,54108,14.247,647.99,256,0.43362
5574,10341,53530,32.033,173.04,160.16,0.038681
5574,10597,54692,30.817,504.17,651.02,-0.12712
5575,10526,52650,41.51,649.66,421.45,0.21305
5575,11278,53665,23.882,398.91,238.22,0.25221
5576,9799.6,52606,19.514,481.19,246.47,0.32257
5576,10287,52661,24.964,888.77,694.83,0.12247
5576,10661,54773,28.158,383.96,423.1,-0.048502
5576,11014,53848,36.305,582.88,370.7,0.2225
5576,11031,53981,28.467,602.59,408.66,0.19177
5577,10433,54897,34.998,735.52,660.73,0.053571
5577,10888,55048,26.455,364.8,217.1,0.25383
5577,11182,54477,28.866,583.92,460.87,0.11777
5578,10840,54588,22.93,315.76,120.59,0.44726
5579,10170,53330,37.68,506.88,364.51,0.16339
5579,10683,55033,28.238,658.19,311.05,0.35816
5579,10777,53118,30.175,322.09,173.27,0.30044
5580,10740,55069,33.122,242.66,234.35,0.017439
5580,10995,52957,34.178,465.43,528.15,-0.063123
5581,9870.5,53753,36.343,622.43,561.35,0.051599
5582,9781.4,53931,24.526,985.44,626.75,0.22249
5582,10549,54966,33.818,381,353.75,0.037078
5583,9903.2,53943,25.996,470.56,172.92,0.46254
5584,9137.3,55108,23.438,557.76,305.99,0.29148
5584,9948.8,54025,15.191,347.81,234.45,0.19469
5585,9432.6,55114,21.985,878.24,602.85,0.18594
5585,9992.8,54048,15.434,289.84,144.41,0.33491
5586,10013,53964,12.497,459.51,123.54,0.57622
5586,11146,53537,24.643,335.17,175.67,0.31222
5587,10039,53930,19.091,312.46,142.89,0.37239
5587,10817,53419,27.213,540.25,441.38,0.10072
5588,10089,53870,26.709,613.96,449.15,0.15502
5588,11666,53182,31.731,624.1,312.37,0.33287
5589,10031,53707,20.33,441.22,369.62,0.088304
5590,9808.1,53390,16.678,555.08,270.84,0.34415
5590,11574,54971,11.161,610.79,541.34,0.060277
5591,9791.7,53512,13.23,797.8,383.87,0.3503
5591,10835,53865,19.845,299,178.91,0.25128
5591,10970,55365,29.564,523.87,439.9,0.087124
5593,9315.1,55073,18.998,461.48,331.78,0.16351
5593,10814,52457,33.786,372.08,160.86,0.39632
5594,9339,53139,28.706,410.72,537.41,-0.13361
5594,9557.6,54888,32.91,348.81,348.48,0.00046921
5594,10503,54100,20.859,395.62,220.8,0.28361
5595,10604,54134,24.671,458.61,315.89,0.18427
5595,11015,53014,27.186,236.44,230.75,0.01217
5597,8795.7,54240,25.993,517.16,452.01,0.067215
5597,10623,54521,24.1,603.85,279.75,0.36679
5598,10377,52402,30.427,723.27,435.55,0.24828
5598,10950,54601,32.851,237.22,221.09,0.035206
5599,9716.8,53105,29.354,225.46,174.18,0.12831
5599,10175,52744,33.731,319.59,152.31,0.35447
5599,10943,53078,28.944,448.65,186.83,0.41199
5600,8770.5,53003,23.513,665.69,361.86,0.29569
5600,9647.8,53109,26.14,253.87,112.77,0.38485
5600,10366,52966,26.146,512.69,393.62,0.13137
5601,8802.3,52971,19.59,329.17,237.75,0.16125
5601,9643.4,53235,32.398,174.14,140.29,0.10765
5602,9641.2,53254,25.686,489.72,250.64,0.32293
5603,8840.4,53249,26.694,464.23,195.98,0.4063
5603,9091.2,54238,27.936,330.77,192.29,0.26475
5603,9697.7,52910,30.356,679.97,488.72,0.16364
5603,11002,54837,25.493,797.67,753.54,0.028448
5604,8849,53110,23.569,610.34,299.14,0.34217
5604,9238.2,54294,21.864,882.09,506.13,0.27083
5604,9487.8,52768,17.408,630.91,381.38,0.2465
5604,10898,53433,20.273,475.36,318.62,0.19741
5605,8851.2,53246,26.071,571.24,296.23,0.31703
5605,9152.5,53720,37.558,624.97,569.69,0.046272
5605,11150,53427,21.283,886.63,408.89,0.36876
5606,11188,54458,29.756,500.74,313.15,0.23048
5607,8766.6,52504,25.273,372.16,289.78,0.12444
5607,8927.4,53780,34.375,376.22,151.13,0.42684
5609,8994.3,53367,22.6,474.36,332.11,0.17638
5610,8716.9,54737,29.355,1310.1,1118,0.079128
5610,9058,54720,15.662,1048.9,924.91,0.062839
5611,8684,53560,36.731,402.36,360.06,0.055475
5611,9002.5,54768,14.071,1683,1180.1,0.17565
5612,8893,54669,27.433,1248.9,572.93,0.37103
5613,8832.4,53278,24.138,601.54,352.43,0.26113
5613,11482,54989,33.911,506.26,266.14,0.31087
5614,11424,53782,27.877,341.05,229.24,0.19605
5615,9063.9,53396,31.869,377.19,228.8,0.24489
5615,11432,53872,30.765,532.73,476.51,0.055706
5616,9182.2,55076,23.283,443.74,314.34,0.17069
5616,11468,54123,29.744,700.78,466.86,0.20033
5617,10000,54126,31.149,446.84,386.03,0.073018
5617,10221,55259,32.534,741.52,220.67,0.54132
5617,11365,53951,33.332,626.12,673.64,-0.036554
5618,10013,54064,24.029,632.49,202.09,0.51571
5619,9676.5,54059,21.655,600.92,334.43,0.28491
5619,11097,54452,19.842,614.32,366.17,0.25308
5620,9593.9,54418,20.091,1766.6,927.31,0.31157
5621,9618.3,53910,20.85,518.31,369.57,0.16752
5621,10546,54750,27.973,552.74,634.66,-0.068989
5622,9499.3,53216,27.994,202.42,103.15,0.32487
5622,9663.1,54201,27.142,706.19,635.86,0.052406
5622,10759,54852,26.188,806.33,537.56,0.2
5623,9385.1,53279,25.906,330.08,251.2,0.1357
5623,9865.9,54053,22.912,725.49,477.29,0.20635
5623,10724,52545,36.06,453.15,341.92,0.13989
5624,9771.2,54885,13.171,593.65,272.54,0.37071
5624,10504,52842,34.676,383.79,165.74,0.3968
5624,11322,54314,25.184,480.7,392.12,0.10148
5625,9590.7,53840,24.376,672.66,361.54,0.30082
5625,9689.6,54996,18.301,535.1,312.33,0.26288
5626,9973.1,53096,29.568,431,466.11,-0.039138
5627,9772.4,54891,21.626,427.45,621.46,-0.18496
5629,10398,52643,24.122,490.26,546.33,-0.054086
5630,9081.1,54321,29.925,349.84,181.05,0.31793
5630,10392,52468,32.624,309.93,160.35,0.31805
5631,10309,52438,27.35,311.23,136.45,0.39043
5631,10618,54305,30.451,575.63,358.95,0.23185
5632,10041,52413,30.727,378.64,241.34,0.22146
5632,11543,53356,24.868,553.75,424.73,0.13185
5634,9768,52649,31.48,318.19,237.44,0.14533
5634,11131,55323,22.291,543.09,313.74,0.26767
5634,11369,53496,29.011,439.81,407.57,0.038043
5635,10008,52709,23.508,257.56,217.88,0.083456
5635,11384,53448,23.746,818.55,667.93,0.10133
5636,10539,54987,32.989,184.95,166.94,0.051189
5636,11060,55251,32.786,309.33,293.15,0.026856
5636,11310,53759,34.554,319.78,202.39,0.22481
5637,11157,54798,20.896,504,416.11,0.095526
5637,11500,53802,29.1,592.97,233.84,0.43435
5638,10254,53809,31.987,290.99,184.25,0.22461
5638,11604,53590,29.143,586.04,223.98,0.44697
5643,9546.5,54340,27.605,797.15,477.67,0.25061
5643,9750,53075,33.016,276.16,264.08,0.022355
5644,9281.1,54336,28.903,841.35,393.35,0.36284
5644,9847.6,54739,26.382,415.96,244.41,0.25979
5644,9887.9,53473,34.011,602.65,102.32,0.70973
5646,9478.7,54761,28.824,433.83,179.73,0.41413
5646,11252,54597,26.868,629.12,468.83,0.14599
5647,9295.7,55105,15.47,954.42,598.66,0.22907
5647,10147,53617,34.318,445.14,350.34,0.11917
5649,9534.8,54966,26.051,913.9,728.7,0.11275
5650,9561,55038,31.196,684.98,636.32,0.036828
5651,9793.9,53260,34.745,218.81,102.09,0.36372
5652,9244.8,52541,22.839,624.59,410.38,0.20697
5652,10656,55056,22.489,513.38,243.65,0.35629
5652,10769,52677,27.185,316.59,236.55,0.14469
5653,8926.7,54550,27.954,495.08,267.26,0.29885
5653,10720,54835,17.516,1047.3,459.77,0.38985
5653,10798,52653,28.695,402.81,285.48,0.17047
5654,8856.7,54726,26.535,681.17,808.16,-0.08527
5654,10799,54798,22.915,1123.3,423.85,0.45211
5654,10897,52690,25.919,735.53,610.38,0.092983
5655,8791.5,54705,24.343,285.18,288.16,-0.0051975
5655,10967,52630,24.634,337.65,194.7,0.26854
5656,9165.9,54839,33.255,620.03,490.76,0.11637
5656,10859,55184,16.652,680.95,274.5,0.4254
5657,11290,53378,29.21,607.62,455.3,0.1433
5658,10129,54156,20.026,901.5,390.68,0.39532
5659,10686,53382,31.517,565.63,430.62,0.13552
5659,10685,53600,40.725,554.86,380.32,0.18663
5661,9854.8,52543,33.14,747.49,499.84,0.19855
5662,9796.2,52420,16.73,537.47,272.29,0.32748
5662,10796,52791,25.658,652.98,392.01,0.24973
5663,9717.6,52618,23.741,515.95,289.05,0.28185
5665,9326.5,54724,37.382,189.85,204.81,-0.037899
5665,10996,53418,26.672,347.74,219.48,0.22612
5666,9491.3,54674,30.626,366.06,189.66,0.31743
5666,10198,54862,26.674,726.44,427.02,0.25958
5666,10857,54520,28.336,309.72,210.7,0.19028
5666,10905,53311,30.426,473.23,343.38,0.15901
5666,11479,55387,29.325,832.4,436.48,0.31202
5667,11471,55383,31.357,557.02,427.42,0.13165
5668,9630.8,54004,26.152,798.92,727.4,0.046855
5668,11639,53419,22.889,464.87,137.67,0.54302
5669,9572.6,53908,28.312,631.71,668.17,-0.028047
5669,9652.5,54641,30.349,465.75,228.78,0.34121
5669,9651.1,53931,31.926,656.37,696.46,-0.029628
5669,10253,52480,29.135,534.56,215.41,0.42554
5670,11095,53763,29.805,519.95,366.69,0.17285
5670,11501,53083,30.208,346.16,252.41,0.15663
5671,9773.5,54457,29.54,411.49,165.64,0.42599
5671,10992,53906,31.688,512.97,548.62,-0.033581
5672,9750.5,54283,25.319,557.64,579.31,-0.019061
5672,10704,52780,30.102,400.5,245.9,0.23917
5672,11059,53637,21.269,418.77,316.69,0.1388
5672,11574,52979,29.065,273.34,152.9,0.28258
5673,8926.5,52986,21.728,559.2,626.99,-0.057149
5673,9865.7,53422,28.248,407.2,197.15,0.34757
5673,10612,54295,33.972,344.64,209.16,0.24464
5674,8944.9,53071,26.653,455.09,362.44,0.11333
5674,10110,54776,25.868,591.5,371.04,0.22904
5674,10513,54242,23.642,527.59,474.4,0.053082
5675,9149.9,52840,35.643,363.34,141.48,0.43948
5675,10090,54718,21.447,1207.5,819.37,0.19148
5678,9290.4,55232,28.189,498.31,511.64,-0.013199
5680,8689,53940,25.674,768.04,457.19,0.2537
5680,9523.8,54712,26.491,640.48,632.3,0.0064225
5680,10544,52997,29.708,399.18,212.57,0.30505
5681,9407.8,54768,22.407,1677.1,1270,0.13816
5681,9832.8,54447,35.431,1054.3,761.07,0.16153
5681,11141,54914,24.357,781.46,500.79,0.21889
5682,9079,53468,31.649,398.38,175.52,0.38833
5682,9964.2,54923,25.293,488.99,311.16,0.22226
5682,11138,54730,30.4,742.92,514.71,0.18146
5683,9780.3,54925,22.687,703.61,705.77,-0.0015271
5684,9319.3,53785,29.003,302.36,331.89,-0.046555
5684,9854.4,54307,25.045,940.22,498.93,0.30663
5684,9867.5,54827,17.858,1232.8,982.21,0.11313
5685,9864.9,54294,27.373,646.5,193.16,0.5399
5685,10523,52976,25.268,780.25,357.24,0.37187
5685,10472,55367,34.411,313.44,172.9,0.28897
5686,8810.7,52681,16.911,900.26,454.12,0.32941
5686,10555,52825,19.809,724.72,564.75,0.12406
5686,11208,53165,34.011,332.64,369.9,-0.053034
5687,9027.1,52922,25.848,874.28,878.42,-0.0023573
5687,11501,54547,30.164,811.44,740.8,0.045508
5688,9090.9,53169,22.804,291.59,191.62,0.20688
5689,10650,53571,23.845,493.21,507.37,-0.014149
5690,9357.4,53186,26.842,537.16,216.73,0.42504
5690,9657.8,53773,35.473,593.47,350.78,0.25702
5691,9700.2,53759,25.951,548.36,448.46,0.10021
5692,10581,52598,31.281,374.07,219.81,0.25975
5694,10764,53777,15.595,941.45,325.16,0.48656
5695,10786,53862,22.005,1051.8,625.71,0.254
5696,10039,55246,26.693,794.74,397.81,0.33285
5696,10486,54850,35.854,330.22,242.85,0.15246
5696,10853,53982,16.263,1249.5,674.91,0.29858
5697,9979.4,53974,23.378,380.91,619.88,-0.23878
5697,10016,55350,24.077,760.19,420.23,0.288
5697,10947,53933,12.396,1122.5,395.63,0.47878
5697,10931,54556,35.695,954.32,718.11,0.14124
5698,8832.2,54599,27.995,463.96,255.72,0.28936
5698,10012,53967,19.988,328.4,483.37,-0.19091
5698,10299,55212,33.594,625.03,367.92,0.25893
5698,11125,54117,18.446,2756.9,1692.6,0.23921
5698,11147,54453,21.218,1936.4,1392.7,0.16334
5699,9697.3,53221,30.613,373.27,293.08,0.12035
5699,9928.8,53909,27.429,215.32,423.39,-0.32578
5699,10359,55384,20.525,594.01,338.08,0.27457
5700,9847,54927,27.109,284.87,321.77,-0.060841
5700,11042,53341,19.894,1059,550.64,0.31581
5701,9836.5,52790,30.272,679.04,264.29,0.43966
5701,10439,55332,31.701,269.77,198,0.15344
5701,10814,54010,26.73,454.81,266.32,0.26138
5701,11111,54600,23.064,454.12,376.92,0.092906
5701,11173,53302,26.39,241.85,257.41,-0.031161
5702,9804.1,54929,14.363,628.42,509.93,0.10409
5702,11063,54725,35.984,257.73,168.53,0.20925
5703,9726.7,55049,11.857,519.56,249.77,0.35069
5703,10657,54764,29.875,344.77,144.89,0.40821
5703,11117,54197,32.124,272.52,103.03,0.45131
5704,9351.8,53452,31.292,406.72,387.1,0.024717
5704,9461.2,54354,26.03,282.07,137.29,0.34525
5704,10482,53201,26.196,259.12,133.23,0.32088
5704,10714,54673,28.074,343.4,277.77,0.10564
5705,9159.7,53395,19.666,728.92,542.75,0.1464
5705,9570.4,54238,27.339,474.22,278.29,0.26037
5706,9241.6,54407,35.098,521.93,396.13,0.13703
5706,9284.4,53575,26.839,719.43,472.96,0.20671
5706,10064,53416,34.025,732.82,464.58,0.22402
5706,10369,53329,35.514,703.41,512.7,0.15681
5706,10715,54055,28.231,172.15,314.14,-0.29199
5707,8720.4,53290,46.16,1089.9,1098.9,-0.0040995
5708,9188.2,54430,31.508,612.02,302.12,0.33901
5708,10067,53174,22.916,448.12,284.59,0.22318
5709,10154,53292,23.649,322.15,205.08,0.22205
5709,10969,53445,27.777,489.7,375.55,0.13193
5709,11511,54922,20.238,1363.5,966.65,0.17031
5709,11665,53686,27.167,546.99,408.71,0.14469
5710,10412,53127,30.21,356.46,184.29,0.3184
5710,11385,53482,27.449,502.1,198.26,0.43383
5712,8984.2,54132,31.373,484.56,688.89,-0.17413
5712,10819,53292,21.146,488.46,267.05,0.29305
5713,9093.7,54287,29.128,215.51,241,-0.055837
5713,11259,52671,34.877,485.16,326.27,0.19582
5713,11213,53149,30.429,269.08,111.78,0.41303
5713,11625,55163,20.058,517.83,157.57,0.53339
5714,9074.6,54451,25.977,1031.9,778.95,0.1397
5715,8984,54509,13.457,1813.5,1156.4,0.22125
5715,10010,54113,14.538,1342.4,722.45,0.30024
5715,11188,52958,24.242,711.65,743.34,-0.021782
5716,8928.3,54455,18.957,912.5,673.34,0.15081
5716,9737.7,54854,26.023,217.67,179.9,0.094992
5716,9896.5,53944,23.909,463.16,297.84,0.21724
5716,10365,53343,34.738,458.67,403.94,0.063445
5717,8986.7,54393,19.222,1161.1,795.57,0.18683
5717,9741.5,55385,23.147,734.08,666.83,0.048004
5717,9796.5,54852,16.605,523.97,412.43,0.11912
5718,8994.4,54522,34.141,544.68,523.64,0.019695
5718,9629.5,54589,29.827,724.08,512.77,0.17084
5718,11369,53201,31.225,577.12,579.08,-0.0016961
5719,11649,53256,19.254,840.7,501.33,0.25288
5720,9763.1,55332,26.31,1151.2,647.16,0.28028
5720,11486,53206,21.004,573.02,489.25,0.078855
5721,10015,54206,34.876,614.96,383.27,0.2321
5721,11511,52999,23.288,764.36,626.19,0.099368
5722,9486,55326,34.641,357.17,271.25,0.13671
5722,10155,54167,19.537,600.17,300.76,0.33234
5723,8754.7,54251,28.328,256.39,109.28,0.40229
5723,9970.9,54153,27.315,629.02,426.69,0.19165
5723,10625,52567,37.511,233.65,149.79,0.21872
5724,9805.6,54174,15.835,690.79,627.85,0.04773
5725,9623.3,54528,25.74,456.97,360.5,0.11802
5726,9468.5,54309,28.267,205.71,176.08,0.077606
5728,9578.6,54430,23.334,411.91,284.69,0.18264
5729,9792.8,53730,32.244,1351.4,525.52,0.44002
5729,11311,54572,21.556,305.14,171.89,0.27932
5730,9863.3,55381,22.092,396.6,197.01,0.33622
5731,9100.3,53770,37.858,472.99,478.97,-0.0062884
5731,10189,54579,28.949,673.26,358.83,0.30465
5732,9995,54810,28.849,517.82,211.01,0.42097
5733,10826,54871,27.766,554.74,296.34,0.30361
5734,10013,53967,14.775,493.69,309.66,0.22908
5734,10812,54796,37.35,341.23,223.92,0.20756
5735,8677.9,53590,28.641,745.7,341.84,0.37136
5735,10005,53924,18.618,545.85,273.5,0.33239
5735,10794,54785,25.753,527.57,327.08,0.23458
5737,11175,53068,26.438,218.06,236.08,-0.03967
5738,10368,52424,32.835,437.49,403.56,0.040347
5738,10345,54146,24.772,858.81,350.7,0.42009
5738,11098,53077,19.804,548.35,594.83,-0.040653
5739,9304.3,53671,29.11,630.41,315.01,0.3336
5739,11062,53118,20.696,488.8,433.21,0.060291
5740,9447.3,53546,16.687,940.85,688.93,0.15457
5740,10235,55158,25.591,657.63,267.18,0.4222
5740,10616,54283,31.578,288.06,134.64,0.36295
5740,10874,53297,28.748,670.8,276.08,0.41686
5741,9590.9,53463,15.102,897.77,352.78,0.4358
5741,10196,54961,18.898,518.58,306.11,0.25764
5741,10672,53290,27.326,567.21,280.77,0.33779
5742,9789.7,53502,24.733,644.93,363.17,0.27949
5744,9223.1,53760,28.569,210.41,104.41,0.33668
5744,11140,54245,33.825,617.47,475.65,0.12974
5745,11129,54199,26.832,326.18,128.62,0.43438
5745,11599,54666,24.396,949.87,628.69,0.20347
5746,10498,52725,32.971,713.53,533.98,0.14392
5746,11471,54651,25.44,630.28,514.49,0.10115
5747,10102,53122,26.305,477.74,131.64,0.56796
5747,10166,53948,25.396,586.78,121.23,0.65755
5747,10513,55114,7.9912,1315,120.28,0.8324
5748,9745.7,54102,30.373,407.99,273.71,0.19697
5751,9396.5,53095,28.254,351.42,142.5,0.42299
5751,11137,53547,18.302,608.56,257.13,0.40596
5752,9926.3,54720,26.553,534.81,190.21,0.4753
5753,8823.3,54989,29.746,664.26,538.33,0.10472
5753,9882.5,53954,20.069,1178.5,714.04,0.24544
5754,9063.4,53284,30.002,649.12,364.68,0.28057
5754,9678.5,55272,30.523,485.64,383.63,0.11735
5754,10914,54898,23.814,388.26,256.29,0.20474
5754,11575,53176,28.273,587.61,398.33,0.19198
5755,9522.6,55212,22.703,848.28,883.59,-0.020391
5755,11587,53311,20.586,847.49,517.56,0.2417
5756,10610,54281,25.113,334.81,146.36,0.39164
5756,10878,52411,32.575,575.08,390.31,0.19139
5756,11661,53298,18.119,828.69,403.42,0.34515
5759,10442,54325,21.881,954.22,758.65,0.11418
5760,9579.1,54475,31.012,354.59,306.81,0.072238
5760,10342,54821,36.637,377.01,280.2,0.14731
5761,9424.2,54405,34.934,471.18,393.81,0.089453
5761,9594.6,52398,26.995,916.41,554.75,0.24584
5761,10028,53785,31.817,417.8,255.9,0.24032
5762,9655.3,54409,35.033,483.41,397.16,0.097955
5762,9996,53872,18.204,365.48,237.9,0.21145
5762,10877,54539,34.934,462.61,381.6,0.095958
5763,10015,53914,36.795,300.85,248.37,0.095569
5764,9845.7,54418,34.808,300.82,355.28,-0.082999
5764,10295,53981,24.49,320.29,114.42,0.4736
5765,8688,52523,29.939,325.48,289.64,0.058274
5765,10467,54245,32.028,290.59,401.4,-0.16014
5766,10320,54168,17.192,513.96,333.71,0.21265
5766,10394,54709,24.028,534.71,318.01,0.25413
5766,10995,53354,17.195,437.29,320.07,0.15478
5767,10379,54849,33.356,436.26,242.89,0.28473
5767,11138,53049,23.831,284.85,224.36,0.11879
5768,9979.4,54355,32.963,397.03,199.69,0.3307
5768,10524,54570,29.858,403.76,276.04,0.18787
5769,9663.7,52682,33.668,445.98,489.39,-0.046415
5769,10568,52609,23.362,347,157.98,0.37431
5769,10635,55218,25.35,458.31,225.3,0.34084
5769,11235,53127,18.825,403.67,299.83,0.14759
5770,9533.6,52728,22.598,543.04,378.78,0.17819
5770,10701,55184,31.775,510.47,320.13,0.22916
5770,10884,54407,20.183,1225.5,840.66,0.18628
5771,9478.1,52609,28.081,697.61,519.17,0.14665
5771,10687,55275,30.948,748.62,644.74,0.074553
5771,11310,52934,28.319,404.27,394.47,0.012271
5772,9747.9,52624,21.777,562.13,316.85,0.27905
5772,11577,52958,26.099,789.66,969.16,-0.10205
5772,11636,54073,31.317,286.28,196.55,0.18585
5773,8809,52739,33.089,117.43,107.56,0.043858
5773,9441.4,55204,26.815,266.23,105.31,0.43313
5773,9657.4,52881,32.663,507.55,530.17,-0.021797
5773,10476,54842,16.694,642.48,109.1,0.70967
5773,11242,55129,33.649,349.78,259.46,0.14825
5774,10337,52785,31.952,498.04,479.27,0.019208
5774,11563,53089,24.258,768.3,674.15,0.065274
5774,11599,52874,34.402,553.58,332.85,0.24901
5775,11314,53149,18.273,1354.4,1249.3,0.040337
5776,11140,53357,15.086,519.18,394.12,0.13694
5777,10945,53452,18.968,546.08,554.57,-0.0077132
5778,11019,53529,20.252,1295.9,1238.9,0.0225
5779,11074,53665,19.445,1198.3,1286.7,-0.035592
5780,8831.6,54825,25.853,448.03,256.29,0.27223
5780,9596.9,53706,26.87,334.33,291.26,0.068846
5780,11114,53559,15.842,930.14,1086.3,-0.077425
5781,9858.3,53652,27.927,346.8,265.06,0.13359
5781,11043,53401,18.798,838.97,868.77,-0.01745
5781,11223,54821,32.16,342.23,408.1,-0.087795
5782,10973,53451,17.865,970.99,880.86,0.04867
5783,8953.3,53778,28.341,603.02,208.56,0.48604
5783,10976,53637,13.06,1081.2,1041.4,0.018755
5784,10401,54920,19.103,296.86,117.64,0.43239
5784,11103,53588,15.991,1530.7,1571.5,-0.013144
5785,9529,53607,27.48,317.03,109.01,0.48826
5785,10196,53748,35.887,537.01,401.9,0.14391
5785,11099,53653,11.612,1484.2,1208.8,0.10228
5786,10787,54806,33.184,360.23,248.47,0.1836
5786,11155,53651,20.463,1201.2,1443,-0.091443
5787,9324.5,54537,13.67,772.91,132.14,0.708
5787,9815.8,53636,34.735,276.9,175.93,0.22297
5787,10968,54525,31.989,691.83,475.3,0.18553
5788,9384.4,54551,12.544,1323.6,120.11,0.83361
5788,10208,53388,32.832,565.49,590.6,-0.02172
5788,11333,53539,15.556,1087.6,958.48,0.063092
5789,9181.1,54426,17.142,1279.8,630.8,0.33967
5789,11042,54576,28.895,895.37,512.14,0.27228
5789,11462,53458,22.561,398.27,385.18,0.016709
5790,9216.8,54485,23.013,303.64,150.43,0.33742
5790,11081,54822,25.237,666.8,537.71,0.10717
5790,11424,53523,28.892,509.94,253.46,0.33597
5791,10474,52482,34.589,412.86,228.63,0.28719
5791,11129,54826,26.723,369.96,140.82,0.44862
5792,9228.9,53917,26.542,445.44,403.5,0.049411
5793,10799,53321,16.293,956.61,634.4,0.20252
5793,11119,55126,31.376,332.25,225.54,0.19132
5794,9874,54008,16.516,367.1,248.13,0.19337
5794,10648,53202,23.448,937.82,686.48,0.15473
5794,11235,54536,29.512,585.97,390.55,0.20012
5795,9918.8,54041,17.009,458.71,152.45,0.50112
5795,10586,52627,23.96,283.02,202.39,0.16611
5797,10282,54836,32.462,375.06,179.71,0.35212
5798,9844.4,54192,29.333,336.71,220.31,0.20897
5799,9827.7,54261,25.828,613.75,410.99,0.19787
5800,9718,54381,37.206,317.43,459.72,-0.18309
5801,9023,54560,24.904,516.83,394.13,0.13469
5801,9482.8,52725,27.088,377.33,189.39,0.33161
5801,11032,55286,33.598,404.65,475.54,-0.080539
5802,9736.3,54771,31.791,429.41,220.05,0.32236
5802,11193,55095,30.051,387.26,187.5,0.34756
5803,10962,53240,18.589,740.65,429.7,0.26569
5803,11345,54768,30.96,350.08,481.05,-0.15759
5805,9338.9,53427,24.699,930.99,687.02,0.15078
5805,10177,53969,25.54,348.15,245.39,0.17314
5805,11118,54757,31.923,233.54,121.79,0.3145
5805,11616,53207,28.09,777.31,463.44,0.25297
5806,9433.6,53519,26.766,671.08,404.12,0.24829
5806,10090,53964,18.661,688.84,438.53,0.22203
5806,11031,54612,18.736,365.59,187.08,0.323
5807,10153,54004,31.563,307.84,187.64,0.24259
5807,10971,54569,24.914,772.7,642.72,0.091833
5808,10918,53597,36.692,438.73,219.1,0.33388
5808,10997,54397,22.982,590.64,472.54,0.11108
5809,9805.5,55004,33.219,233.25,117.6,0.32962
5810,9610.7,54634,43.347,459.78,200.09,0.39353
5810,11584,54606,23.127,271.39,215.19,0.11549
5811,9765.5,54886,17.334,604.8,465.8,0.12983
5811,10866,53454,30.281,342.11,145.26,0.40389
5813,8675.1,54796,36.807,541.88,504.72,0.035498
5813,9086.2,54352,32.822,339.29,200.52,0.25707
5813,10612,54419,28.747,417.77,449.07,-0.03611
5813,11353,53182,31.227,282.66,126.75,0.38083
5814,8994.8,55138,30.228,357.47,332.31,0.036468
5814,10905,54428,29.852,423.8,281.52,0.20173
5814,11487,53308,30.91,521.97,523.03,-0.0010121
5815,8933.7,54418,34.709,482.35,121.44,0.59774
5815,10804,54303,28.53,366.46,122.39,0.49927
5816,8816.5,54608,34.841,695.88,469.84,0.19391
5817,8907.3,54083,35.933,308.62,214.51,0.17988
5817,8870.4,54948,28.987,375.15,185.68,0.33785
5817,9371.6,53033,25.033,520.06,361.21,0.18024
5817,10282,52474,31.375,470.76,688.94,-0.18814
5817,10452,54366,28.76,393.6,273.87,0.17937
5817,11276,53262,30.267,478.77,348.2,0.15788
5818,10222,52417,30.229,367.33,455.57,-0.10723
5818,10973,53340,30.207,437.4,359.15,0.098228
5818,10964,54414,29.382,566.51,577.16,-0.0093196
5819,9013.9,52570,22.726,337.7,203.16,0.24874
5819,9091.4,53634,38.497,500.12,508.61,-0.0084075
5819,9993.7,52426,30.29,218.15,232.47,-0.031785
5820,8799.4,52656,39.155,747.46,603.2,0.10681
5820,11480,53832,21.902,503.47,350.33,0.17936
5821,9287,53647,24.463,645.6,452.79,0.17554
5821,10880,53765,30.383,367.12,240.96,0.20747
5822,9469.9,53587,31.811,555.92,256.5,0.36856
5826,11589,54668,33.222,644.12,430.77,0.19849
5828,8718.8,52436,26.909,296.14,160.96,0.29573
5829,8714.6,52498,30.393,356.7,265.53,0.14653
5829,9419.3,55072,21.121,934.69,437.72,0.36211
5829,9969.4,53963,26.33,363.09,134.59,0.45912
5830,9372.2,55087,24.533,372.62,285.15,0.13298
5830,9945,53992,29.01,470.45,369.98,0.11954
5830,11111,54522,22.096,594.38,332.06,0.28314
5831,11212,52802,13.423,440.88,337.13,0.13336
5831,11145,54538,27.988,703.26,416.75,0.25581
5832,10152,53821,31.595,535.59,312.35,0.26327
5832,11598,55248,27.548,804.25,444.97,0.2876
5833,8755.8,54351,37.02,325.29,170.64,0.31184
5833,9512.5,53787,30.284,909.08,487.25,0.3021
5833,9743.4,53776,35.589,1255.2,642.76,0.3227
5833,11568,55098,20.969,566.05,266.13,0.3604
5834,9590,53994,28.318,835.83,670.75,0.10958
5834,11471,55108,25.567,1019,491.85,0.34891
5835,11403,54612,23.693,511.53,259.52,0.32685
5836,9457,53391,20.43,477.31,242.05,0.32704
5837,9440.7,53446,28.636,525.79,264.92,0.32992
5837,11488,54884,28.241,302.14,211.66,0.17612
5840,11645,55258,28.488,342.41,106.96,0.52394
5841,9216.4,52709,33.9,1287.9,1116,0.071523
5844,8768.6,52498,32.082,416.59,381.09,0.04451
5845,8838.9,52509,26.253,655.26,282.05,0.39817
5846,11062,54281,25.51,707.45,649.56,0.042663
5847,11015,54120,29.974,561.02,445.11,0.11521
5847,11373,53285,26.984,464.01,692.06,-0.19726
5848,8674.5,54786,28.935,901.97,593.97,0.20589
5848,8948,55317,32.022,670.25,475.69,0.16978
5848,11135,54158,26.542,599.16,450.8,0.1413
5849,8890.7,53063,18.701,980.43,414.11,0.4061
5849,11240,53929,27.23,477.77,347.42,0.15796
5850,11130,53822,21.655,445.45,407.56,0.04442
5851,8767.5,53198,27.871,848.51,603.92,0.1684
5851,8878.2,54974,40.473,758.19,380.24,0.33199
5852,9833.4,54318,28.857,674.83,365.41,0.29746
5852,10919,54437,35.605,799.13,373.4,0.36309
5853,9366.1,55064,23.428,633.01,288.15,0.37438
5853,9945.1,53441,29.459,733.35,401.1,0.29287
5853,11102,54196,23.042,335.3,249.49,0.14675
5854,11154,52953,25.876,200.14,135.48,0.19266
5855,8958.2,52754,23.327,507.7,155.97,0.52998
5855,9618.2,53350,31.644,416.23,210.34,0.3286
5858,9975.2,54034,24.939,320.89,211.18,0.20619
5858,10572,54752,24.122,467.2,352.54,0.13988
5859,8968.6,54144,24.443,234.77,132.87,0.27716
5859,10621,54704,35.676,443.81,462.53,-0.020664
5860,9971.6,54446,33.187,352.93,258.04,0.15531
5861,9970.4,53975,26.233,617.12,272.63,0.38718
5862,10244,52567,34.031,523.27,290.08,0.2867
5864,9924.9,52810,25.545,410.25,212.39,0.31778
5865,9985.4,54961,36.129,255.28,222.47,0.068678
5867,8793.8,52837,29.434,620.98,494.58,0.11331
5867,9752.5,54421,31.758,388.11,465.28,-0.09043
5867,10285,54109,35.882,194.62,188.77,0.015269
5869,9735.6,54978,33.835,225.04,102.35,0.37476
5870,9762.5,54888,28.656,297.23,148.98,0.33225
5871,10304,53327,23.303,595.36,353.73,0.25459
5872,9232.3,55341,22.836,450.85,298.56,0.20322
5872,10485,53307,22.406,658.95,300.79,0.37319
5874,9196.6,55341,28.563,344.18,243.51,0.17129
5874,11349,55154,26.738,334.35,231.14,0.18252
5875,10559,53170,30.708,594.63,408.37,0.18571
5875,11460,55048,29.769,383.62,294.09,0.13211
5876,11016,53779,40.572,367.66,397.49,-0.038994
5877,8989.5,55165,34.632,821.72,857.91,-0.021545
5878,9277.3,55125,28.447,214.93,135.47,0.22678
5879,9746.1,54625,26.34,313.25,233.24,0.14641
5880,9687.4,54509,37.297,822.29,530.23,0.21594
5881,9700.1,54880,28.207,324.36,199.42,0.23853
5881,10501,53026,37.522,425.58,294.66,0.18177
5881,11546,54626,26.245,750.87,530.53,0.17196
5882,10085,54128,15.146,946.28,366.18,0.44199
5882,11624,54714,29.547,313.58,215.31,0.18582
5883,9778.2,54863,23.871,265.08,151.79,0.27175
5883,10166,54116,22.838,1011.2,743.18,0.15275
5884,9870.3,54852,24.359,401.45,235.8,0.25994
5884,10281,54430,38.897,365.96,310.12,0.082581
5884,11466,55075,16.085,598.33,303.22,0.32734
5885,9967.6,55032,22.199,428.71,249.88,0.26354
5885,10108,52850,30.282,462,498.5,-0.038006
5886,10971,54727,29.49,840.74,347.71,0.41486
5888,9922.2,54645,34.938,395.48,127.04,0.51373
5889,9683.3,54779,25.303,381.05,200.2,0.31115
5890,9706.1,54840,16.229,438.89,222.25,0.32768
5890,10984,54039,24.789,208.57,103.23,0.33784
5891,9558,53280,33.487,461.09,260.59,0.27782
5892,8939.4,53388,15.616,646.92,612.28,0.027511
5893,8943.5,53408,19.464,962.66,1020.7,-0.029256
5893,9815.1,53486,31.439,613.31,516.33,0.085847
5893,10669,52890,31.209,391.47,243.02,0.23396
5893,11140,55028,29.562,327.55,290.78,0.059463
5894,11010,54681,24.203,371.2,183.29,0.33888
5895,10406,53312,20.192,1656.8,1074.6,0.21316
5895,10700,53212,24.943,1471.8,800.25,0.29556
5895,10900,54595,33.699,429.65,266.63,0.23413
5896,9002.1,54149,25.016,561.64,233.05,0.41348
5897,8978.5,54065,17.689,457.81,255.3,0.28398
5897,9679.6,55215,34.813,520.84,328.72,0.22614
5897,10682,53451,33.698,516.64,413.48,0.11091
5898,9186.4,55334,31.738,608.74,430.86,0.17111
5898,10081,54826,34.256,543.25,543.08,0.00016462
5899,9962.2,54880,24.075,449.93,135.82,0.53626
5899,10711,53510,22.747,1048.2,709.19,0.19291
5899,11023,55041,23.15,303,199.75,0.20537
5900,10043,53951,14.473,445.1,283.52,0.22176
5900,10879,53754,31.16,498.23,390.89,0.12073
5900,10826,55037,34.242,328.96,146.36,0.38415
5901,8782.4,52876,17.083,534.34,115.42,0.64472
5901,10891,55062,24.48,503.77,383.55,0.13549
5902,8808.8,52914,15.962,544.48,103.11,0.68156
5902,10466,55242,31.946,514.01,381.79,0.1476
5903,8777.7,52906,17.754,749.94,129.96,0.7046
5904,8751.2,52884,14.264,722.72,141.19,0.67314
5904,9502.3,53512,32.341,338.44,269.52,0.11335
5904,10084,54331,16.885,793.17,260.31,0.50581
5904,10880,54943,29.286,651.13,190.12,0.54801
5904,11215,53357,34.437,147.07,203.38,-0.16066
5905,8770.7,52915,16.311,613.39,152.81,0.60112
5905,9865.3,55045,33.376,644.57,311.56,0.3483
5905,11007,55211,30.369,440.06,180.67,0.41787
5906,8719.4,52918,11.601,873.88,134.28,0.73362
5906,11604,54114,29.914,257.21,170.63,0.20238
5907,8792,52901,10.622,1051,115.94,0.8013
5907,9681.9,53998,27.021,823.59,462.37,0.2809
5907,9721.9,55177,23.038,336.83,233.27,0.18166
5907,11627,53945,26.889,257.74,184.09,0.16669
5908,8777.8,52863,10.236,930.36,169.33,0.69205
5908,9443.2,53768,27.666,345.43,193.12,0.28282
5908,11452,54069,26.013,587.08,380.06,0.21406
5908,11561,54813,21.68,725.83,358.98,0.33817
5909,11557,53885,23.299,804.31,635.83,0.11699
5910,10258,54397,33.414,261.32,322.53,-0.10483
5911,9304.4,53407,26.13,657.96,583.56,0.059927
5911,11368,52667,30.184,927.4,625.37,0.19451
5911,11458,53787,17.701,1015.7,689.95,0.19099
5912,8805.6,52844,18.863,318.12,104.28,0.50626
5912,11175,52776,26.279,616.69,416.41,0.19387
5914,11132,53663,28.471,426.6,384.84,0.051464
5915,8780.3,52914,22.106,259.49,185.68,0.1658
5915,11523,54611,25.086,606.27,436.39,0.16293
5916,11648,54824,24.705,471.65,360.12,0.13408
5917,8800.3,52870,20.077,216.79,119.11,0.29079
5917,9094.8,54545,27.243,690.43,495.25,0.16462
5917,11556,54781,21.616,424.36,378.18,0.057548
5918,8725.6,52794,30.517,333.36,187.86,0.27915
5918,10653,54711,28.426,475.4,273.86,0.26898
5918,11208,54855,21.571,890.19,689.68,0.12692
5919,9194.4,54925,24.973,855.16,500.13,0.26195
5919,10895,54489,24.104,949.94,600.15,0.22566
5919,11198,54867,34.276,630.59,441.33,0.17656
5920,11163,54998,36.813,563.75,378.75,0.19629
5920,11597,55144,28.439,374.92,210.38,0.28111
5921,8893.9,54704,28.576,362.47,179.88,0.33666
5921,9143.1,53695,33.568,284.75,158.86,0.28378
5921,11115,54925,22.108,454.64,272.55,0.2504
5922,8698.8,52775,22.097,704.08,226.74,0.51282
5922,9013.5,54636,29.765,637.36,556.23,0.067966
5922,10380,54435,26.809,614.5,456.64,0.14738
5923,9093.4,54886,21.689,486.06,513.71,-0.027663
5923,10280,54507,28.14,385.22,240.45,0.23139
5923,11587,52556,35.215,266.61,102.72,0.44376
5924,9071.1,54837,26.822,480.51,458.76,0.023158
5925,8901.1,54617,22.694,716.61,286.82,0.42832
5926,8700.9,54956,28.191,691.27,458.35,0.2026
5926,10675,53184,33.439,518.01,461.07,0.058159
5926,10791,52406,23.243,334.62,469.27,-0.1675
5927,8795.6,54717,23.094,344.14,180.72,0.31137
5927,10622,52467,25.427,315.56,445.8,-0.17106
5927,11008,54775,23.979,478.28,411.24,0.075367
5928,9697.3,54995,20.621,524.88,418.12,0.11322
5929,9751.3,54900,20.68,357.47,303.58,0.081508
5930,9666.9,54893,17.516,721.9,483.65,0.19763
5931,9413.6,55004,22.091,1814.7,762.61,0.40821
5931,9719.5,54954,10.998,1001,197.06,0.67102
5932,9617.7,54976,10.517,993.86,271.05,0.57144
5932,11368,53605,20.141,752.28,213.99,0.55708
5933,11311,53570,19.661,590.33,282.44,0.35277
5933,11618,52804,38.463,558.8,417.13,0.14517
5934,9339.2,54846,17.507,427.01,193.66,0.37598
5934,11236,53447,40.135,748.73,440.16,0.25955
5935,11419,53474,26.812,740.43,823.4,-0.053056
5936,9763.8,54244,26.165,808.13,499.44,0.23608
5936,10706,52570,35.746,422.11,682.59,-0.23578
5937,9863.7,54111,30.036,566.43,315.05,0.28518
5937,10647,52404,35.441,360.9,481.21,-0.14287
5938,9809.2,54737,26.817,335.24,259.83,0.12672
5938,10183,54259,31.074,416.11,282.47,0.1913
5939,9742.5,52486,15.728,1264.3,768.67,0.24379
5939,9914.3,54007,35.824,285.63,256.66,0.053422
5940,9557.4,52423,25.758,1227.7,722.87,0.25879
5940,11481,52541,30.378,343.46,245.78,0.16577
5941,10133,52654,30.295,525.53,242.28,0.36891
5941,10705,52701,26.47,1202,548.06,0.37367
5941,11280,52488,36.03,966.55,218.62,0.63108
5943,8674.6,55388,32.822,440.24,338.26,0.131
5943,9668.4,53527,28.216,567.82,374.19,0.20555
5943,9959.3,54942,20.504,399.91,318.05,0.11403
5944,8834.3,52599,30.046,251.81,195.61,0.12561
5944,8769,55030,32.714,290.27,240.17,0.094453
5944,9813.4,55205,30.127,417.91,185.64,0.38485
5945,8784.4,52459,31.766,748.55,276.91,0.45993
5945,8712.8,53237,30.951,810.26,308.37,0.44867
5945,9084.1,54844,29.944,574.64,215.23,0.45503
5945,9878.1,52858,28.215,264.73,254.93,0.018867
5946,9621.5,54927,35.258,178.65,220.85,-0.10564
5946,10586,54572,30.662,720.64,624.75,0.071273
5946,10823,52628,35.348,206.56,127.01,0.23849
5947,9028.6,54823,26.181,480.8,236.86,0.3399
5947,9283,53369,25.831,397.35,162.34,0.41989
5947,9709.2,54858,29.59,249.34,208.73,0.088665
5947,10297,55150,34.161,416.57,470.03,-0.060294
5948,10179,55306,27.057,234.28,285.95,-0.099327
5948,10880,52756,23.916,494.71,376.44,0.13577
5949,9560.9,52572,32.742,377.7,138.27,0.46404
5949,10067,54512,28.2,455.51,180.12,0.43326
5950,9324.6,52515,34.871,679.44,345.88,0.32532
5950,10080,54754,26.757,423.62,206.73,0.34408
5950,10677,52869,30.394,284.96,225.2,0.11716
5951,9287.6,52540,27.828,604.1,244.14,0.42436
5951,9599.7,53471,24.494,502.91,406.05,0.10656
5951,10467,52678,26.069,471.38,374.26,0.11484
5952,9234.4,55361,39.039,166.81,245.13,-0.19011
5952,9503.4,52726,27.783,275.83,184.48,0.19844
5952,10449,52581,30.635,288.1,192.43,0.19908
5953,10214,52439,27.781,175.07,199.43,-0.06506
5953,10953,55167,28.738,522.92,485.63,0.036971
5954,10400,52415,30.053,614.58,562.52,0.044225
5954,11088,55230,23.666,593.83,298.6,0.33081
5955,10552,52453,20.261,509.04,301.9,0.25542
5955,10982,55165,22.803,338.14,175.34,0.31705
5956,10522,52460,24.396,726.26,684.43,0.02965
5957,9345.3,52907,26.675,730.67,383.75,0.3113
5960,11215,55193,32.106,286.45,246.22,0.075523
5960,11300,54355,22.453,722.02,490.11,0.19132
5961,11363,54094,31.304,598.17,407.65,0.18942
5964,10386,54356,37.675,486.51,390.29,0.10975
5964,10520,52860,26.7,389.6,224.2,0.26946
5964,10566,55266,33.375,284.23,182.46,0.21808
5965,8915,52855,23.372,338.18,269.97,0.11216
5967,10853,55207,31.958,234.48,239.28,-0.01013
5968,10677,55219,26.564,354.1,354.18,-0.00010767
5969,10630,54936,25.552,461.92,296.61,0.21795
5970,11577,53195,30.772,686.9,295.39,0.39857
5971,9544.5,54752,28.894,338.68,204.2,0.2477
5971,11314,54210,31.215,928.49,584.02,0.22775
5971,11380,53416,25.176,854.73,178.04,0.65522
5972,9148.5,53307,30.746,502.13,183.75,0.4642
5972,10358,54209,38.297,544,317.84,0.26242
5972,10922,52747,27.907,323.06,257.1,0.1137
5972,11528,53440,29.717,419.78,285.47,0.19044
5973,8898.9,53514,32.53,1031.9,547.06,0.30706
5973,10126,53010,26.588,546.54,246.85,0.37773
5974,9091.2,53331,18.01,662.16,286.29,0.39629
5974,9850.8,54393,27.471,514.68,321.71,0.23071
5975,8939,53197,19.239,623.63,311.97,0.33312
5976,8706.6,53108,33.888,390.7,284.85,0.15669
5977,11247,53862,36.238,631.18,506.04,0.11004
5980,11091,52771,23.627,358.67,203.89,0.27515
5981,10938,52962,28.483,352.27,157.08,0.38321
5982,9106.7,53436,23.442,841.25,585.2,0.1795
5982,10799,52808,23.767,878.48,533.73,0.24412
5983,8862.8,53235,17.082,916.92,518.4,0.27765
5983,10068,52642,20.874,518.03,436.12,0.085844
5983,10762,52772,28.418,536.9,314.56,0.26112
5984,8825.5,53347,21.131,548.7,463.07,0.084636
5986,8967.6,53158,20.482,1025.3,716.14,0.17753
5986,10977,55356,27.111,686.73,457.32,0.20052
5987,9241.1,53320,28.149,345.63,110.89,0.51418
5987,9899.8,54960,31.727,1028.3,918.83,0.056223
5988,9160.4,53438,23.841,614.79,316.62,0.32013
5989,9552.1,53670,21.009,586.9,210.93,0.47123
5989,9647.9,54855,23.079,475.11,513,-0.038348
5991,10885,54171,31.107,422.49,313.73,0.14773
5992,10274,54539,35.905,435.51,554.77,-0.12044
5992,11254,54916,20.315,882.08,806.1,0.045004
5993,10160,54656,40.229,305.17,294.8,0.017282
5993,11103,53212,25.2,392.53,231.1,0.25885
5994,10203,53811,21.871,416.73,256.35,0.23828
5994,10576,54281,34.935,365.76,224.08,0.2402
5995,11369,53002,27.66,454.76,392.16,0.073924
5996,9896.4,53693,25.218,522.39,324.73,0.23332
5996,10987,55042,22.779,693.08,492.65,0.16903
5996,11409,53157,29.233,459.89,154.72,0.49653
5997,9623.9,54074,27.037,576.21,520.19,0.051098
5997,11184,54886,33.467,1004.4,600.16,0.25191
5998,9608.2,53852,22.889,500.16,273.55,0.29288
5998,10139,53014,19.475,840.59,641.92,0.13401
6000,10538,52754,33.411,219.19,221.9,-0.006134
6001,9399.2,52766,23.575,798.31,548.39,0.18558
6001,11369,53203,27.709,506.59,104.36,0.65838
6002,9723.5,54987,15.849,1075.1,790.1,0.1528
6002,11331,53143,34.738,348.44,232.11,0.20039
6003,9766,54976,25.85,264.39,215.43,0.10204
6003,9905.3,52660,27.442,633.93,383.42,0.24624
6003,11182,54875,27.823,626.09,540.58,0.073297
6004,8958.6,54415,18.797,918.99,720.35,0.12117
6004,11183,52885,31.652,280.82,257.31,0.043697
6005,8841.8,54707,33.002,1036.9,618.43,0.25281
6005,11050,52771,21.941,623.17,345.77,0.2863
6006,8983.5,54334,23.363,659.41,675.49,-0.012042
6007,9051.5,54350,17.887,511.97,318.82,0.23249
6007,10351,53514,33.059,550.16,463.79,0.085188
6008,9095.3,54364,15.611,476.08,397.71,0.089688
6008,11444,53812,33.696,466.76,250.75,0.30106
6009,8930,52561,32.767,365.14,724.65,-0.32988
6009,9123.5,54459,20.964,346.01,209.53,0.24568
6010,9157.8,54503,21.289,430.02,333.38,0.12659
6010,9437.2,55064,22.735,493.38,280.91,0.27441
6010,10433,52963,21.198,1171.8,585.77,0.33343
6011,9265,54551,23.777,608.75,534.8,0.064663
6011,10393,52701,30.776,289.5,164.54,0.27523
6012,9128.6,54559,12.085,1279,524.5,0.41836
6012,10530,52584,24.103,302.55,213.72,0.17207
6012,11647,52885,36.352,1079.5,788.87,0.15556
6013,8700.5,54563,38.668,697.1,606.14,0.069797
6013,9168.2,54484,18.302,491.26,440.31,0.054692
6013,11349,52893,24.348,930.19,599.78,0.21596
6013,11328,54086,18.741,776,602.98,0.12547
6014,9098.4,54473,21.628,671.33,571.77,0.080095
6014,11304,52973,19.379,826.55,367.71,0.3842
6014,11558,54137,30.171,716.52,576.57,0.10823
6015,11311,53602,36.809,361.09,194.59,0.29963
6015,11650,54316,26.974,546.33,366.76,0.19666
6016,9127.9,54525,18.881,383.36,269.64,0.17415
6016,9829,53891,25.651,975.16,659.73,0.19294
6018,9242.5,54391,33.004,327.73,338.37,-0.015967
6018,10057,53993,14.589,934.02,441.47,0.35809
6019,9273.8,54448,29.017,343.73,332.08,0.017244
6019,9666.5,54992,31.735,279.45,172.45,0.23678
6019,10175,53900,32.059,308.92,147.53,0.35357
6020,9254.3,54456,29.799,248.71,407.35,-0.24181
6020,10383,52911,33.373,979.37,471.55,0.35
6020,10613,53476,29.026,1069.6,863.62,0.10653
6021,9178.1,54595,31.339,835.56,530.37,0.22343
6021,10187,53301,17.536,885.5,640.02,0.16092
6021,10942,54684,25.706,258.46,201.3,0.12431
6022,9193.1,54474,11.57,1102.2,471.31,0.40095
6022,10201,53100,26.188,616.51,507.68,0.09681
6023,9278.4,54328,10.467,1362.6,631.05,0.36693
6023,10445,52780,37.459,394.77,154.33,0.43787
6024,9275,54315,12.373,1149.5,694.47,0.24678
6024,10971,53563,24.851,329.53,368.04,-0.055196
6025,10027,54680,33.843,245.69,141.45,0.26924
6025,11636,54672,28.913,346.09,280.43,0.1048
6026,9729.9,54762,32.803,275.6,155.98,0.27718
6026,11556,54890,18.525,500.53,251.19,0.33168
6027,8990.9,53800,17.812,785.88,463.25,0.25829
6027,9766.6,52574,33.622,249.32,113.59,0.374
6027,10736,52546,36.206,415.16,370.95,0.05625
6027,11192,55208,23.23,737.24,778.71,-0.027356
6027,11614,52990,31.689,303.14,176.2,0.26481
6028,9943,52523,34.547,1041.3,612.82,0.25904
6028,10548,54257,21.762,692.08,382.43,0.28818
6028,11115,55221,24.423,306.55,321.56,-0.023903
6029,10628,54202,34.751,516.13,281.45,0.29424
6029,11137,55282,30.723,399.96,370.81,0.037817
6032,10255,54947,28.853,294,139.14,0.35753
6034,8966.2,54886,25.303,391.44,238.03,0.24371
6034,9667.4,54992,22.822,333.31,177.71,0.30449
6035,9147.7,54945,30.117,630.58,306.77,0.34545
6038,8830.9,52951,23.954,620.29,496.68,0.11067
6038,10436,54311,20.873,718.49,1194.8,-0.24896
6039,9753.3,54998,24.631,426.75,260.55,0.24182
6039,10422,54372,31.619,1161.4,946.55,0.10194
6039,11376,55194,22.294,348.74,257.21,0.15105
6040,10202,54735,28.866,473.94,452.11,0.023567
6040,11416,55076,27.797,417.07,246.76,0.25656
6041,8988.2,53110,25.749,984.13,864.13,0.064928
6041,9493.8,53136,31.537,875.03,723.2,0.095
6042,9879,53976,13.749,1514.7,892.43,0.2585
6043,9931.2,53904,22.6,622.12,468.04,0.14133
6044,10205,53933,19.895,704.31,381.86,0.29686
6046,10024,53863,30.222,435.56,286.68,0.20614
6047,10027,53848,25.74,359.93,235.92,0.20811
6047,10410,52402,28.544,286.04,249.38,0.068467
6050,10513,52559,32.13,474.4,322.73,0.19027
6050,10962,55271,31.219,340.97,230.95,0.19237
6052,11220,53096,26.125,354.13,313.21,0.06131
6054,11003,53989,30.699,543.42,485.11,0.056691
6055,10256,54316,28.342,368.36,180.99,0.34109
6055,11229,54134,27.736,514.71,245.39,0.35432
6056,9565.3,55279,20.262,733.13,531.21,0.1597
6056,10688,54634,19.403,1292.4,311.69,0.61137
6058,10718,53953,24.909,298.02,159.72,0.30215
6059,10035,54061,31.797,804.89,673.82,0.088636
6059,10211,54095,40.516,1100.5,945.14,0.075939
6060,8819.8,52948,39.758,202.95,250.1,-0.10407
6060,9911.1,53991,23.062,338.93,250.9,0.14924
6060,10897,53764,25.499,358.67,242.18,0.19387
6061,9501,53653,24.043,812.96,629.55,0.12715
6062,9858.3,53890,28.52,487.07,402.25,0.095368
6062,11074,53731,30.266,449.43,242.75,0.29859
6062,11385,53509,33.313,709.97,414.86,0.26236
6063,11581,53520,28.087,411.09,236.81,0.26899
6064,9372.5,54386,26.205,273.18,241.19,0.062193
6064,9963.3,53902,19.091,361.6,263.28,0.15734
6065,11224,52907,15.139,653.48,652.57,0.00069762
6066,9211.8,54869,31.127,478.43,242.07,0.32806
6067,9101.3,54853,32.101,417.21,391.22,0.032146
6067,10813,53711,34.021,440.45,480.04,-0.043012
6067,11557,53558,35.593,892.82,513.25,0.26995
6068,9465.3,52725,29.316,707.08,160.87,0.62931
6068,11009,53699,30.083,1171.2,1227.7,-0.023527
6068,11047,53655,33.211,969.42,937.67,0.016648
6068,11217,54036,30.801,548.55,584.4,-0.031643
6069,8785.2,54825,36.393,224.94,213.45,0.026228
6069,10842,53689,15.457,744.24,822.48,-0.049939
6070,10804,53689,18.67,511.67,581.27,-0.063677
6071,10817,53732,26.86,395.2,585.89,-0.19436
6072,11216,54360,34.702,464.78,419.63,0.051054
6073,10856,53728,26.054,300.06,505.01,-0.25458
6073,11394,54414,22.137,419.89,232.57,0.28709
6074,9634.4,54574,32.981,260.49,169.71,0.21101
6074,10868,53705,33.414,265.42,409.36,-0.21332
6075,9976.3,54608,28.208,600.28,462.76,0.12936
6075,10383,54548,27.542,529.18,360.82,0.18917
6075,10857,53651,25.635,235.38,612.36,-0.44468
6076,9850.7,54587,34.687,479.3,460.02,0.020524
6077,10813,53731,25.592,227.65,201.06,0.062
6077,10738,54926,29.252,456.67,390.15,0.078552
6078,10556,54941,37.769,323.41,404.17,-0.11099
6080,9696.1,54885,12.314,715.3,502.27,0.17496
6081,9409.2,52710,23.26,510.07,305.67,0.25057
6081,9712.5,54923,16.997,755.25,543.36,0.16316
6081,9974.8,54306,29.861,442.94,105.94,0.61398
6082,9414.4,55075,32.98,942.48,642.15,0.18953
6082,9615,53551,26.738,728.13,615.12,0.084131
6085,9298.4,55074,15.535,934.23,387.99,0.41312
6085,10187,53068,19.742,419.58,310.85,0.14886
6086,9266.3,55123,24.13,529.1,290.13,0.2917
6086,9497.3,54014,38.086,213.04,133.45,0.2297
6086,10262,53123,18.972,599.23,332.9,0.28572
6086,10989,53619,20.694,438.94,139.31,0.51816
6087,9106,54347,35.358,406.79,423.97,-0.020686
6087,9144.2,55281,22.871,651.52,584.32,0.054375
6087,9372.8,53632,21.275,1177.7,578.99,0.34082
6087,11043,53825,25.366,589.83,251.93,0.40143
6088,8814.5,55373,27.329,265.53,150.69,0.27591
6088,9573.1,53574,33.675,730.84,421.84,0.26807
6088,11133,52431,32.186,542.22,397.76,0.15368
6089,8743.5,55215,28.664,420.25,230.91,0.29079
6089,9042.2,53201,25.598,702.01,557.63,0.11462
6090,8866,53365,27.071,272.14,266.56,0.010352
6090,11275,52610,22.007,909.13,586.66,0.21558
6091,8679.5,53354,23.086,344.04,237.37,0.18347
6096,8721.8,52431,20.932,541.32,381.08,0.17372
6096,11305,54328,24.898,365.91,129.06,0.47851
6096,11525,55177,36.319,488.97,449.04,0.042565
6097,9518.1,54971,19.791,556.3,312.79,0.28018
6097,11011,54366,23.716,646.7,282.01,0.39268
6098,9494.8,52854,14.31,393.46,392.09,0.0017341
6098,9751.4,54901,18.642,601.75,348.76,0.26617
6099,9505.3,52858,15.93,618.9,635.38,-0.013138
6099,9667.4,54999,23.965,589.81,171.33,0.5498
6100,9484.9,52857,9.7619,662.12,532.67,0.10834
6101,11234,53684,37.414,357.15,560.62,-0.2217
6102,9238.4,54765,27.551,369.33,271.39,0.15286
6102,11326,53754,32.073,371.76,357.26,0.019902
6103,8923.6,54515,28.789,443.64,252.12,0.27526
6103,11107,53904,32.283,495.47,162.84,0.50528
6104,11557,55354,29.821,427.59,196.27,0.37078
6105,8931.8,54420,19.874,370.67,135.47,0.46471
6106,11330,53702,30.101,203.51,172.73,0.08183
6107,11284,53778,26.57,574.91,467.29,0.10327
6108,11012,53098,30.512,788.66,437.89,0.28597
6109,10472,54977,31.267,804.31,209.32,0.58698
6110,9025.5,55360,21.036,669.22,328.16,0.34196
6111,9920,53971,15.794,380.56,257.08,0.19366
6112,9141.9,55087,26.852,787.39,510.19,0.21363
6112,9521.2,53265,27.335,606.74,308.61,0.32571
6113,9050.8,54561,24.004,629.41,292.06,0.3661
6113,9085.1,55158,24.253,629.03,321.24,0.3239
6114,9054.2,54443,24.715,607.99,281.7,0.36675
6114,9612.3,55336,18.897,530.15,307.4,0.26596
6115,8835,54415,22.903,704.34,211.35,0.53838
6115,10163,53416,26.885,730.34,697.15,0.023249
6116,8958.9,53598,28.624,546.49,241.85,0.38644
6116,8979.9,54306,22.558,628.58,214.4,0.49132
6116,10452,53546,29.092,282.24,100.21,0.47597
6117,9059.8,53750,30.409,246.21,163.06,0.20317
6117,9070.5,54389,16.41,712.45,303.87,0.40202
6118,9182.5,54612,34.675,523.23,306.32,0.26148
6118,10170,53570,28.948,718.35,654.45,0.046548
6119,9082.8,53218,26.119,773.11,216.48,0.56248
6119,9014.2,54538,22.544,481.56,319.28,0.20263
6119,10000,53527,36.418,687.6,359.06,0.31389
6119,11392,53272,34.174,556.85,333.35,0.25106
6120,8875.6,53503,27.103,879.14,511.21,0.26463
6120,8966.9,53203,24.277,943.24,428.32,0.37542
6120,9779.1,54226,25.219,413.61,280.37,0.19199
6120,11450,54408,26.703,352.36,234.11,0.20164
6120,11646,54974,22.325,461.7,118.76,0.5908
6121,8982,53317,22.36,869.44,491.36,0.27784
6121,8931.6,54121,31.265,381.42,127.37,0.49931
6122,9021.8,54461,31.798,408.59,236.29,0.26718
6122,10210,52673,27.696,615.97,442.86,0.1635
6122,11177,52795,20.406,785.08,637.28,0.10391
6122,11272,54738,27.913,306.52,118.43,0.44262
6123,10264,52704,24.758,540.36,508.22,0.030654
6123,11062,54063,35.211,529.66,269.4,0.3257
6124,9124.5,55261,29.686,585.93,753.38,-0.12503
6125,8771.9,55269,35.998,272.92,141.77,0.31626
6125,8771,52986,32.306,621.31,358.12,0.26872
6125,10320,52840,31.132,280.02,115.07,0.4175
6127,10047,53971,20.031,360.98,158.26,0.39042
6132,9759.8,53933,24.683,293.53,230.27,0.12078
6133,10433,54886,33.49,289.46,213.79,0.15036
6135,9309.7,53417,26.088,534.45,378.44,0.17089
6136,10017,54843,23.725,466.89,372.42,0.11256
6137,11384,53813,24.825,851.51,666.26,0.12205
6138,9324.2,54733,27.712,393.92,338.03,0.076351
6138,11407,53974,28.226,293.29,345.08,-0.081129
6139,9259.4,54884,28.121,639.87,322.51,0.32976
6139,11375,54153,27.363,373.47,342.68,0.042998
6140,9197.7,54873,17.323,1625.5,827,0.32559
6140,11432,54056,33.843,319.62,281.94,0.062631
6141,9274.3,54715,23.528,546.89,376.99,0.18389
6141,11615,53434,29.471,713.64,467.63,0.20825
6143,9998.4,53971,17.923,520.67,240.84,0.36747
6144,9622.7,54596,32.441,220.75,103.14,0.36312
6145,9624.4,54354,36.658,807.9,767.8,0.025447
6145,11314,53049,33.143,322.96,169.41,0.31186
6146,9558.3,52662,24.581,570.52,298.3,0.31333
6147,9875.1,55341,35.396,490.02,308.95,0.22663
6148,9118.6,52430,33.825,369.17,274.48,0.1471
6148,9619.6,54095,18.878,950.73,596.91,0.22862
6148,10027,55161,36.674,932.65,613.81,0.20618
6149,11149,54340,39.407,819.28,625.23,0.13434
6150,9945.8,54059,16.518,912.13,545.83,0.25125
6150,11109,54591,28.249,1058.2,789.99,0.14512
6150,11558,53324,31.238,431.83,210.05,0.34551
6151,9982,54040,29.311,953.88,537.14,0.2795
6151,11068,54870,21.569,626.79,337.32,0.30025
6152,8691.3,52851,28.492,516.53,363.59,0.17378
6152,9036.1,54559,19.561,701.36,386.72,0.28916
6152,10157,54696,27.109,572.96,257.39,0.38004
6152,11321,53583,24.772,356.1,289.72,0.10278
6153,8870.1,54602,19.108,363.43,195.22,0.3011
6153,11602,54937,27.726,938.92,470.25,0.33259
6154,8819.4,54667,24.021,358.8,144.11,0.4269
6154,11515,55079,24.213,751.39,595.91,0.11541
6155,8716.4,54752,24.298,471.7,416.75,0.061851
6155,11584,55126,15.938,1093.6,589.24,0.29972
6156,10029,55264,30.955,478.03,285.26,0.25255
6156,11514,55257,24.576,619.29,528.33,0.079266
6157,10519,55372,26.914,407.09,159.3,0.4375
6158,9883.3,54047,29.853,269.74,312.73,-0.073799
6158,10130,54982,26.031,436.78,358.64,0.098236
6159,9822,54945,30.601,421.57,496.02,-0.081142
6159,9929.5,53994,22.352,270.19,162.61,0.24857
6160,9685.8,54980,31.674,325.34,238.63,0.15374
6160,9919.9,54059,17.598,483.78,564.83,-0.077296
6160,11570,55172,32.938,244.65,136.38,0.28415
6161,10014,54041,21.714,405.99,447.97,-0.049161
6162,9200.8,53549,28.532,540.74,557.6,-0.015348
6162,10057,54725,32.274,555.74,305.95,0.28989
6164,11649,54655,38.189,594.9,491.94,0.094736
6165,9981.1,54017,31.356,324.52,247.94,0.13378
6166,8765,55214,27.882,481.84,298.53,0.2349
6166,9911.4,54298,35.893,260.01,254.99,0.0097465
6166,10260,53492,28.125,441.61,409.72,0.037464
6166,11666,54645,37.798,276.74,263.07,0.025312
6167,10020,54334,28.67,294.89,376.89,-0.12206
6167,10419,53426,23.941,480.98,310.02,0.21614
6167,11303,54868,23.707,333.24,166.08,0.33477
6169,11362,55218,29.962,510.77,263.06,0.3201
6169,11635,53396,32.511,262.47,388.65,-0.19379
6170,9058.4,53730,27.147,331.08,118.69,0.47222
6170,10549,52993,25.531,637.65,385.59,0.24633
6170,11603,53332,30.896,475.8,515.75,-0.040288
6171,8733.9,52657,28.523,515.1,201.21,0.43819
6171,9631.8,54514,21.249,523.91,225.14,0.39887
6171,10765,52881,23.348,944.73,278.94,0.54409
6171,10854,54560,22.766,366.39,256.78,0.17588
6172,9489,53566,29.182,466.75,225.77,0.34798
6172,9896.5,54634,26.528,636.27,544.54,0.077686
6173,8729.6,52951,19.545,989.9,525.51,0.30644
6173,9383.3,53608,22.242,519.1,287.16,0.28767
6173,9511.5,55229,20.679,764.28,363.88,0.35492
6173,9903.8,54609,21.014,880.79,268.57,0.53266
6173,11066,53055,24.489,434.62,251.55,0.26681
6173,11095,55308,29.478,648.64,525.65,0.10474
6174,9635.9,54718,22.662,835.37,345.37,0.41499
6174,9750.6,53785,23.509,552.54,324.93,0.2594
6175,8673.4,53380,35.436,341.57,149.12,0.39221
6175,9876.9,53964,17.085,924.62,647.32,0.1764
6176,11578,52746,36.159,266.8,300.63,-0.059614
6177,8673.3,54601,37.738,531.63,150.76,0.55814
6177,9939.3,53992,11.264,1189.8,728.68,0.24036
6177,10986,54868,22.637,536.49,389.95,0.15818
6178,9679.8,54121,24.259,708.69,296.6,0.40992
6178,10885,54741,23.186,731.43,456.22,0.23172
6178,11059,53195,26.643,292.41,113.04,0.44239
6179,10816,54649,34.515,456.07,503.99,-0.049915
6180,8870.7,52889,32.396,372.05,168.62,0.37625
6180,10721,54801,34.529,599.78,539.99,0.052462
6180,11630,54253,26.424,631.76,436.94,0.18229
6181,10669,54954,32.53,449.58,254.66,0.27678
6183,9566.2,52898,30.077,454.91,430.11,0.028017
6184,9016.3,52932,34.716,251.41,188.28,0.14358
6184,9640.8,52880,27.882,410.76,225.14,0.29189
6185,9524.2,52856,26.737,350.03,202.51,0.26699
6186,9706.2,52442,33.033,484.89,109.92,0.63041
6188,9666,53277,28.473,744.78,604.38,0.10407
6188,11450,52613,34.288,311.77,308.55,0.0051998
6189,9856.8,53196,27.223,866.83,662.35,0.13372
6189,11151,52771,17.452,772.09,597.56,0.12743
6190,10790,53722,23.905,451.73,437.08,0.016477
6191,9430,53094,36.474,666.43,658.63,0.0058895
6191,9478.5,52522,25.731,822.44,656.44,0.11225
6191,9603.4,55391,36.104,344.52,344.62,-0.00014304
6191,10758,53772,30.849,371.76,376.89,-0.0068537
6191,11269,55262,33.954,332.27,247.14,0.14692
6192,8794.8,53169,28.202,540.77,557,-0.014785
6192,10046,53979,24.867,422.66,144.19,0.49126
6192,10484,52874,29.828,366.4,149.08,0.42158
6192,11366,55006,27.106,816.79,603.68,0.15003
6193,8776.5,52937,27.484,624.55,323.06,0.31816
6193,11373,55291,33.067,410.93,578.3,-0.1692
6195,10248,53409,24.433,750.52,579.61,0.12849
6196,9184.2,54315,26.203,479.71,342.59,0.16675
6197,9022.4,54254,33.017,411.65,365.22,0.059766
6199,9360.1,53583,21.174,501.63,114.11,0.62935
6199,11506,54402,37.282,379.93,185.73,0.34332
6200,9213.8,54502,30.842,338.5,260.65,0.12993
6200,9477.5,55203,30.04,314.94,254.36,0.10641
6200,10536,52875,27.679,606.57,282.26,0.36487
6201,9161.3,54504,29.435,550.61,161.53,0.54635
6201,10383,52717,31.685,908.97,639.02,0.17439
6201,11551,54946,29.251,325.94,264.19,0.10464
6202,10384,52709,40.242,438.67,419.47,0.022381
6203,10467,52906,35.919,337.32,318.99,0.02794
6204,9815.2,54909,28.571,436.43,341.07,0.12265
6204,10530,52887,32.091,408.74,102.15,0.60011
6205,9073.9,55099,29.871,461.08,210.39,0.37334
6206,9783.5,54742,15.338,669.45,610.29,0.046224
6206,10931,54735,23.874,299,231.76,0.12669
6207,9155.7,53081,30.003,354.19,319.75,0.051092
6207,9922.1,54813,22.563,890.81,799.16,0.054236
6207,11608,54830,27.075,599.1,462.64,0.12853
6208,10192,54897,25.482,972.71,714.99,0.15271
6208,10933,54496,23.548,752.58,723.5,0.0197
6209,9714.4,55344,33.467,877.42,652.97,0.14666
6210,11223,52886,20.3,658.67,316.85,0.3504
6211,11234,53280,24.476,845.99,464.01,0.29159
6212,11016,53214,31.27,782.14,286.05,0.46443
6214,11341,52922,28.646,224.24,295.6,-0.13727
6215,10754,53570,26.83,868.71,458.44,0.30914
6215,11239,52868,31.943,407.34,206.57,0.32702
6216,11199,53287,32.064,961.09,882.62,0.04256
6216,11148,53689,19.209,917.77,778.41,0.082164
6217,11151,53613,23.228,1047.1,864.19,0.095699
6217,11174,53383,28.096,1255.3,1036.6,0.095398
6219,10777,54598,34.839,496.64,402.68,0.10448
6219,10884,52863,31.108,416.71,373.69,0.054431
6219,11646,54432,32.934,307.41,157.16,0.32341
6220,10626,54637,27.08,844.23,994.84,-0.081896
6220,10974,52906,33.36,823.82,515.32,0.23037
6220,11301,54206,24.802,351.13,239.22,0.18956
6220,11557,53266,13.282,478.09,101.51,0.64971
6221,11226,52859,20.215,371.89,171.76,0.36811
6221,11308,54309,25.163,380.15,254.72,0.19757
6223,10460,54040,32.275,261.43,242.64,0.037276
6223,11066,54410,23.803,385.5,361.52,0.032102
6223,11219,52821,21.32,344.16,179.19,0.31522
6224,10384,53973,30.812,507.57,440.56,0.070681
6224,11212,54290,29.501,307.61,470.66,-0.2095
6225,9059.6,52858,18.392,692.68,446.31,0.21631
6225,9304.6,53769,28.294,656.34,543.17,0.094348
6225,11525,54327,31.759,193.81,178.11,0.0422
6226,9056,52924,22.469,554.49,428.19,0.12853
6226,9178.2,53735,38.743,943.66,605.56,0.21824
6228,9110,53310,29.496,771.35,511.81,0.20227
6229,9145.4,53156,33.39,419.41,307.85,0.15339
6229,9966.2,53914,23.37,532.37,429.75,0.10666
6230,9487.4,52994,29.996,989.65,993.19,-0.0017859
6231,9508.7,53090,19.51,815.29,670.05,0.097785
6232,8888.2,55048,26.99,446.21,335.65,0.14141
6232,9574.8,53081,11.273,1122.5,653.32,0.26422
6232,10619,54811,26.05,460.4,399.36,0.070994
6233,9640.5,52948,28.148,365.37,143.74,0.43532
6233,11034,55362,31.425,416.29,240.46,0.26774
6234,8702.6,54381,32.769,301.14,151.26,0.33129
6234,10973,55363,31.662,512.28,579.15,-0.061273
6235,8697.6,54520,32.342,597.73,297.93,0.33473
6235,9462.3,52632,33.165,361.65,317.28,0.06536
6235,11206,52468,35.869,524.24,206.33,0.43515
6237,8883.1,54458,27.618,677.83,194.77,0.55358
6239,8828.3,55040,19.964,941.5,606,0.2168
6239,10024,53399,7.4613,1666,117.66,0.86807
6240,8784.2,52828,20.55,1376.8,709.23,0.32002
6240,8920.6,55054,34.142,479.09,441.08,0.041307
6240,10124,53242,10.663,1420,305.2,0.64619
6240,11089,53457,31.127,323.4,185.9,0.26999
6241,9466.9,52408,39.532,678.55,326.24,0.35064
6241,9907,53396,28.327,462.72,576.26,-0.10928
6241,10933,52623,39.197,202.34,257.07,-0.11915
6242,9659.3,53027,35.049,324.05,107.47,0.50189
6242,11193,54585,35.132,608.12,334.91,0.28972
6243,9315.8,55130,16.257,973.25,332.57,0.49064
6243,10022,53641,30.446,354.64,225.9,0.22175
6243,11370,54595,25.389,437.16,492.08,-0.059103
6244,8910.2,55213,28.258,1224.7,782.51,0.22029
6245,11345,54782,29.966,174.86,115.45,0.20464
6246,10309,54218,28.742,498.66,361.29,0.15975
6246,10527,53490,30.721,330.64,175.64,0.30617
6247,10190,54210,20.158,471.73,280.49,0.25424
6248,9778.8,53292,30.611,254.21,190.24,0.14393
6248,10365,54378,24.348,533.05,534.55,-0.001397
6248,11218,53456,22.03,563.95,369.82,0.2079
6249,10535,54460,24.325,637.02,287.01,0.37879
6249,11187,53535,20.345,847.61,457.54,0.29887
6250,9113.6,55074,33.084,306.55,414.58,-0.14981
6251,9609.9,53105,30.569,210.01,162.24,0.12833
6252,9583,52936,37.37,226.57,116.05,0.32257
6253,8997.1,53586,35.195,421.77,127.43,0.53594
6254,9049.5,53579,29.374,285.92,249.61,0.067802
6255,9701.4,54044,43.962,485.93,299.02,0.23811
6256,9592.7,53834,19.784,734.15,361.07,0.34065
6256,10350,54588,30.371,730.08,219.09,0.53836
6256,10607,54609,26.001,614.86,343.83,0.28271
6257,9630.3,53765,16.717,907.86,583.24,0.21771
6257,10231,54540,37.892,472.03,152.8,0.5109
6257,10642,54505,33.335,350.83,236.17,0.19534
6258,8752.1,53309,22.552,648.17,418.64,0.21515
6258,9454.1,54478,32.136,563.39,197.54,0.48079
6258,9489.4,53624,35.727,386.3,362.78,0.031402
6258,10708,54408,19.989,592.85,286.53,0.34833
6258,11589,54822,26.233,210.67,168.32,0.11173
6259,10193,54476,28.406,384,142.36,0.45907
6259,10552,54447,24.795,771.88,449.09,0.26437
6260,10382,54303,26.889,222.5,110.25,0.33734
6262,9944.3,53897,32.412,546.47,603.27,-0.049404
6262,11635,52802,28.594,399.82,258.54,0.21459
6263,9567.2,52422,35.054,204.38,111.8,0.29281
6263,11283,55182,30.868,399.82,398.87,0.0011912
6264,9999.5,53859,18.739,950.99,649.55,0.18834
6265,9844.8,53790,24.533,957.8,593.47,0.23486
6266,9611.6,53872,34.124,769.6,500.58,0.2118
6266,9796.5,53375,24.95,1213.6,974.49,0.1093
6266,10829,54904,31.337,799.32,776.83,0.014269
6267,9557.5,53941,15.939,1076.7,695.42,0.21517
6267,9934.5,53234,29.318,424.28,352.21,0.092812
6267,10181,55030,25.773,322.96,256.1,0.11547
6268,9608.2,54179,30.986,969.81,566.96,0.26214
6268,10504,54416,29.903,670.18,393.13,0.26055
6268,11182,52760,25.644,346.47,230.35,0.20131
6269,9358.6,54384,30.168,585.61,252.89,0.39681
6269,9873.3,54088,25.318,374.94,143.34,0.44687
6270,9508,53367,22.565,703.86,345.42,0.3416
6270,10431,54539,34.714,444.81,419.49,0.029297
6271,11394,53406,29.144,365.54,282.99,0.1273
6272,9515.4,52616,22.26,506.94,317.37,0.22997
6272,11609,53574,30.592,426.93,322.89,0.13876
6273,9552,52476,26.072,510.29,277.2,0.29599
6273,10452,54671,24.313,506.61,418.33,0.095442
6273,11490,55020,20.342,415.87,195.82,0.35973
6273,11601,53384,25.025,473.56,306.39,0.21433
6274,9015.4,52406,30.832,519.84,370.22,0.16811
6274,10006,54001,26.379,481.75,297.17,0.23697
6274,10552,54494,33.282,344.89,230.4,0.19901
6274,11440,53397,25.507,649.78,312.8,0.35008
6274,11379,54146,27.638,784.09,686,0.066724
6275,9523.6,52491,28.719,805.77,502.69,0.23163
6275,11377,54358,28.876,378.95,226.31,0.25218
6276,9739,52698,27.51,425.38,262.81,0.23622
6276,10255,53728,37.342,428.27,124.49,0.54958
6277,11582,52459,28.381,785.79,423.7,0.29937
6278,8686.1,53961,29.939,557.12,674.37,-0.095212
6278,9102.9,53360,25.523,545.39,182.26,0.49905
6278,11461,53524,24.036,1138.9,737.74,0.21378
6279,8988.5,52703,31.61,176.59,165.01,0.033894
6279,11386,54785,22.793,247.99,152.69,0.23785
6280,9746.9,55012,30.31,238.96,267.57,-0.056464
6280,10287,53143,23.562,778.53,540.04,0.18087
6280,11488,53884,18.643,982.41,772.77,0.11944
6281,11370,53858,37.279,592.71,401.23,0.19264
6282,10061,53098,18.384,417.7,294.06,0.17372
6283,11261,54096,32.123,306.95,161.49,0.31052
6283,11637,52969,27.36,370.67,260.35,0.17483
6284,9997.9,53173,28.739,806.4,349.07,0.39579
6285,9564.6,54850,35.496,280.02,195.23,0.17843
6286,9594.9,55103,27.195,399.87,209.53,0.31233
6286,9729.8,52626,16.741,822.86,240.09,0.54826
6286,9681.8,54149,22.574,267.06,139.35,0.31425
6286,11206,54511,24.782,252.07,130.04,0.31936
6287,9611.3,53987,20.966,610.81,366.26,0.25028
6287,9935.1,52460,32.889,648.37,271.08,0.41034
6287,10601,53287,24.764,293.95,200.6,0.18877
6288,9896.3,54093,25.172,575.07,483.28,0.08673
6289,9750,54154,31.277,308.67,245.28,0.11444
6291,10044,54004,20.677,344.82,247.36,0.16457
6292,10339,53003,27.214,651,311.53,0.35269
6293,9611.1,54925,30.283,302.28,124.64,0.41608
6294,9688.6,54857,33.068,358.68,254.78,0.16937
6295,9928.8,54987,26.057,994.91,574.52,0.26786
6295,10076,52465,24.551,501.67,396.58,0.11699
6295,10082,54982,27.108,347.8,163.32,0.36092
6297,10071,52991,18.456,915.45,628.78,0.18564
6298,8973.9,53359,33.849,933.53,892.67,0.022375
6298,10253,53151,22.736,1034.1,976.19,0.028824
6299,9594.5,54911,23.963,1166.5,830.44,0.1683
6299,10344,53289,33.902,317.61,120.73,0.44913
6300,9595.3,55095,25.219,494.26,455.13,0.041222
6300,9685,53814,25.322,507.41,349.98,0.18361
6301,9700.1,55269,26.646,373.78,278.43,0.14619
6301,9877.1,53026,22.678,511.15,281.42,0.28986
6302,9819.5,54284,33.153,227.01,210.75,0.037143
6302,10046,53527,33.312,260.47,633.12,-0.41702
6302,9949.4,55272,33.782,415.05,492.58,-0.085416
6303,9736.9,55373,15.531,680.23,526.25,0.12763
6303,10006,52420,29.85,232.92,160.3,0.18469
6304,9768.3,55388,26.144,668.98,494.22,0.15024
6304,11512,54921,25.6,468.98,222.61,0.35623
6305,10399,52882,28.715,244.63,331.82,-0.15126
6306,9115.3,53472,29.503,243.16,123.35,0.3269
6306,9837.4,52901,23.281,587.41,387.37,0.20522
6306,9781.7,54979,39.097,296.83,198.69,0.19804
6306,9921.8,53708,35.535,292.95,243.57,0.092045
6306,10675,53157,32.196,410.24,319.37,0.12454
6307,9911.8,54953,25.092,520.46,301.06,0.26707
6308,10149,53994,20.488,715.39,469.21,0.20781
6308,10128,55024,19.084,768.36,320.25,0.41163
6308,11044,53273,30.09,617.08,303.74,0.34028
6309,9958.8,52436,23.859,539.4,265.88,0.33966
6309,9926.3,54111,23.145,614.86,399.96,0.21176
6309,10234,54903,20.997,956.38,479.92,0.33173
6310,9904.3,54409,42.579,958.54,302.97,0.51967
6310,10886,53290,32.8,763.09,595.27,0.12355
6310,11139,53273,37.642,673.95,414.23,0.23867
6311,9803.1,54356,38.321,578.7,421.84,0.15677
6311,10211,54797,24.298,742.9,606.14,0.10138
6312,9246.3,52513,28.711,734.24,590.98,0.1081
6313,8926.6,53746,30.516,179.67,104.67,0.26376
6313,9759.1,54857,13.119,600.29,455.24,0.13742
6314,9567.6,53262,32.673,568.49,189.71,0.49957
6314,9438.9,55030,22.875,430.5,323.1,0.14251
6314,9742.8,53420,37.794,630.17,109.36,0.70426
6315,9567.8,53273,24.703,819.5,725.18,0.061061
6315,9598.2,53274,26.167,667.17,558.29,0.088846
6316,9311.5,53334,14.732,2050.1,967.55,0.35875
6317,9355,53296,13.451,1703.6,1427.4,0.088221
6318,8671.9,53948,35.046,550.92,429.16,0.12423
6318,9469.7,53231,21.752,603.28,636.26,-0.026602
6319,9378.6,53230,24.342,269.1,254.8,0.027299
6319,10531,53134,31.376,211.65,235.88,-0.054124
6320,8682.6,53847,29.17,379.18,303.57,0.11075
6320,9374.3,53258,31.384,436.02,261.57,0.25007
6320,9733.7,54145,37.999,481.45,401.74,0.090253
6321,9490.9,53166,32.184,293.31,302.46,-0.015361
6323,8861.2,53649,32.169,186.26,472.38,-0.43442
6323,9521.4,52857,28.934,659.31,510.57,0.12714
6324,8854.5,53637,28.022,394.76,197.61,0.33282
6324,9499.6,52853,28.856,478.37,728.95,-0.20755
6324,10174,52457,35.427,419.72,410.54,0.011057
6326,9978.7,52949,30.489,303.51,262.33,0.072771
6326,11090,54996,30.069,204.82,221.9,-0.040008
6327,9839.8,54255,25.528,517.44,316.23,0.24135
6327,10163,53245,38.306,258.37,273.11,-0.027731
6328,8730.7,53718,37.145,296.44,193.65,0.20973
6328,10038,54153,30.872,639.91,545.66,0.079494
6329,8745.7,53746,29.974,745.57,956.6,-0.12397
6329,10423,54161,24.906,1621.3,1356,0.089117
6330,9706.5,54246,34.58,820.58,791.8,0.017848
6330,10493,54316,35.708,384.58,270.04,0.17497
6330,11180,52816,35.807,337.13,258.83,0.13137
6330,11151,53943,36.028,679.37,579.89,0.078999
6331,9134.8,53651,26.142,392.11,214.71,0.29236
6331,9819.6,53024,29.273,313.68,188.65,0.2489
6331,9890.1,53985,14.846,687.07,438.37,0.22098
6331,10709,54524,25.429,508.39,291.17,0.27168
6331,11087,54007,34.691,1036.5,542.32,0.31301
6332,8823.9,53122,21.951,686.14,510.55,0.14673
6332,9952.4,53931,15.461,513.43,424.07,0.095327
6332,10984,54391,25.75,676.3,478.23,0.17155
6333,9863.6,53984,20.881,499.19,453.5,0.047964
6333,11623,54148,24.68,471.63,251.19,0.30497
6334,9967.1,53912,16.922,743.53,396.63,0.30425
6334,10958,54656,24.191,774.42,527.39,0.18976
6335,8880.1,53514,30.071,623.94,352.78,0.27762
6336,9010,53649,27.213,412.87,198.24,0.35121
6336,9922.5,53979,23.726,271.16,187.46,0.18252
6336,10790,55090,20.981,531.78,188.09,0.47744
6337,9613.7,54565,33.276,228.35,151.36,0.20274
6337,9876.1,53994,18.097,377.84,126.71,0.49772
6337,10395,55111,39.269,385.92,141.27,0.46407
6338,10849,55147,29.287,368.87,151.49,0.41775
6339,10307,53020,32.714,367.33,244.88,0.20001
6339,10833,55138,18.9,361.72,121.3,0.49775
6340,10796,55132,23.89,348.82,248.63,0.16771
6340,11106,53333,24.091,579.6,430.05,0.14811
6341,10465,53294,29.949,701.47,624.42,0.058119
6341,10846,53464,32.853,523.9,539.26,-0.014442
6341,10940,55169,27.658,349.5,319.55,0.044772
6342,9571.1,54097,28.592,596.99,431.19,0.16126
6342,10817,55316,31.037,458.83,461.45,-0.0028506
6343,9557.1,54042,27.594,499.87,507.43,-0.0075052
6343,10678,55202,29.896,293.5,346.15,-0.082312
6344,9766.4,54339,21.241,632.83,499.37,0.11788
6344,10879,55146,29.866,363.08,397.68,-0.045473
6345,9875,54292,28.17,217.52,224.15,-0.015009
6345,10706,55063,35.58,228.2,263.54,-0.071871
6348,10224,55059,26.914,732.09,587.5,0.10958
6348,10524,55016,30.944,569.21,524.88,0.040519
6348,11077,53466,29.332,365.93,270.68,0.14962
6349,10981,53345,18.485,1023.4,626.64,0.24047
6350,10861,52936,28.317,771.22,457.34,0.25548
6350,11018,53534,22.194,627.5,420.61,0.1974
6351,10960,53529,26.331,665.18,487.56,0.15409
6351,11091,54900,31.357,454.24,632.77,-0.16424
6352,8863.3,53219,30.753,318.84,141.78,0.38439
6352,10956,53690,37.663,351.68,230.98,0.20715
6352,11224,54946,33.305,417.22,290.17,0.17961
6353,8740.9,53308,36.945,866.26,216.79,0.59967
6354,9134.8,54845,20.514,863.31,1105.4,-0.12297
6354,9843.1,54029,21.819,245.95,195.33,0.11473
6354,11623,54752,17.914,1174.7,800.46,0.18946
6355,9178.5,55328,29.28,850.34,462.21,0.29571
6355,9402.8,53354,35.899,369.05,298.65,0.10543
6357,9239.9,52547,29.87,310.51,128.9,0.41332
6359,8679.6,54882,29.709,398.01,215.39,0.29771
6360,9083.3,52687,31.913,356.42,223.92,0.22833
6360,9770.9,53923,22.628,1410.1,1007.4,0.16658
6361,9854.9,53749,25.896,791.97,442.26,0.28334
6361,10119,54478,28.097,251.87,201.85,0.11022
6363,9000.7,53421,37.764,696.53,514.63,0.15019
6363,10395,53022,22.511,585.2,254.29,0.39419
6364,9290.7,55319,26.402,650.27,454.17,0.17756
6365,9908,52493,25.863,639.99,464.33,0.15906
6365,9802.9,55322,35.112,341.57,129.15,0.45127
6365,10417,53109,31.322,776.06,276.9,0.47406
6366,10016,52629,29.919,973.86,526.69,0.298
6367,11652,52623,20.271,803.1,694.15,0.072766
6368,10371,52952,19.141,554.15,201.97,0.46576
6369,9927.8,52793,26.944,915.69,618.79,0.19348
6370,10114,52677,32.536,494.4,239.58,0.34719
6371,9611.6,52790,23.742,693.46,511.36,0.15114
6371,11558,55193,37.89,345.57,319.41,0.039342
6373,9496.9,53718,22.225,857.17,488.05,0.2744
6373,10120,52540,31.723,512.41,282.58,0.28909
6374,8709.3,52514,19.675,527.12,395.99,0.14206
6374,9619.3,53466,12.242,1316.8,825.2,0.22952
6374,10026,52694,30.52,561.32,402.41,0.16489
6375,9756.3,53340,27.377,684.54,692.2,-0.0055648
6376,9677.5,53433,13.885,723.78,778.61,-0.036499
6376,10343,52742,21.155,696.06,586.99,0.085004
6376,10741,53865,32.861,711.25,576.98,0.10423
6377,9716.5,53352,18.757,630.23,848.09,-0.14738
6377,10389,52803,28.141,545.49,307.63,0.27881
6377,10797,53659,36.807,688.45,480.71,0.17768
6378,8799,54863,28.881,499.5,108.16,0.64401
6378,9722.6,53245,28.801,413.48,329.99,0.11229
6378,10553,52899,23.843,425.92,230.61,0.29748
6378,10807,53840,20.261,448.01,385.09,0.075526
6379,9540.5,53207,26.367,979.9,1391.9,-0.1737
6379,10665,53702,26.581,648.11,444.63,0.18621
6379,10658,52948,34.353,391.83,203.12,0.31719
6381,9533.3,53145,22.991,426.03,281.35,0.20453
6381,9851.4,53478,37.921,734.53,517.78,0.17308
6381,10300,55365,23.222,763.57,551.29,0.16144
6383,8965.5,52822,32.733,367.72,234.72,0.22076
6383,10934,53648,34.969,704.61,479.65,0.18995
6384,9493.9,54654,24.989,435.09,323.35,0.14733
6384,11180,53757,26.485,774.5,764.61,0.0064289
6385,10075,53242,29.385,434.74,200.03,0.36977
6385,10707,54264,31.968,241.74,154.34,0.22066
6385,11280,53141,20.374,606.62,380.11,0.22956
6386,9422.7,55016,22.148,687.62,630.54,0.043303
6386,10117,53203,25.958,447.37,214.48,0.35187
6386,11616,54769,20.62,867.93,465.73,0.30157
6387,10282,53187,29.541,400.39,342.93,0.077304
6387,11383,53673,21.142,399.15,316.47,0.11554
6387,11429,54399,25.769,287.97,184.62,0.21867
6388,11337,54641,37.035,403.28,365.31,0.049405
6389,8702,54862,30.567,636.61,428.07,0.19587
6389,11006,53737,20.135,512.88,211.98,0.41512
6390,9315.8,52908,21.201,331.41,197.74,0.25261
6390,10022,55390,16.742,1139.5,469.38,0.4165
6390,11336,53711,27.637,564.36,371.17,0.20651
6390,11324,55223,26.275,241.73,247.43,-0.011649
6391,8974.3,54425,23.351,450.3,262.96,0.26266
6391,11421,53355,26.12,517.38,137.53,0.57999
6392,8850.8,52759,20.566,337.49,225.85,0.19816
6393,8868.3,52989,19.874,573.14,295.37,0.31983
6394,8847.7,53158,22.136,581.67,526.15,0.05011
6396,11418,55290,22.398,353.11,192.04,0.29545
6397,8976.3,52903,22.513,455.28,341.63,0.14262
6397,9921,55348,32.413,540.57,210.29,0.43988
6401,8722.3,53826,34.819,464.43,371,0.11183
6401,11094,52815,34.368,635.33,360.66,0.27578
6402,8989.7,53523,27.742,533.24,299.34,0.28093
6402,11660,55324,18.898,1057.2,590.56,0.28321
6403,9951.1,53965,18.941,415.46,306.8,0.15045
6403,10624,52683,27.711,310.14,265.53,0.077489
6403,11559,55073,33.421,200.15,170.81,0.079084
6404,9931.1,54101,25.026,1056.3,688.97,0.21047
6405,9940.6,53995,14.617,947.7,648.11,0.18773
6406,9891.3,54104,26.528,508.58,304.29,0.25132
6407,9879.7,55130,34.311,621.77,344.87,0.28646
6407,9888.2,54109,27.501,442.94,151.69,0.48981
6407,11570,54363,23.711,411.4,209.18,0.32587
6408,9817.1,55067,33.252,265.83,127.18,0.35278
6409,9747.9,55111,34.315,309.06,232.87,0.14059
6410,9379.9,52764,30.747,1140.9,843.17,0.15005
6411,9512.1,53046,24.192,466.38,265.14,0.27511
6411,9621.2,55013,14.121,1041,626.78,0.24839
6412,8757.8,52819,30.524,830.02,352.09,0.40431
6412,11584,53404,27.603,239.99,105.25,0.39029
6413,9653.5,54941,25.578,625.98,741.1,-0.084209
6414,11269,54679,38.605,499.59,417.12,0.08997
6415,9398,53716,22.501,597.45,266.31,0.38337
6415,9718.3,54956,19.178,1542.6,990.31,0.21804
6415,9982.7,53991,21.351,769.77,438.26,0.27442
6415,10936,54614,29.741,908.16,681.94,0.14227
6416,9658.2,53858,25.625,1264.5,768.4,0.24405
6416,9703.2,54887,20.849,883.43,534.42,0.24616
6416,10835,54596,25.879,515.55,362.55,0.17423
6416,11569,53485,27.672,736.1,479.63,0.21095
6417,9676.9,55016,32.464,255.74,222.03,0.070549
6417,11407,53333,26.742,699.24,328,0.36139
6418,10492,54930,28.344,743.34,425.98,0.27141
6418,11041,53358,23.665,659.04,308,0.363
6418,11537,54526,23.113,573.65,181.43,0.51944
6419,10300,54541,25.615,1121.8,354.92,0.51932
6420,9364.5,54602,30.685,460.94,232.31,0.3298
6421,9407.8,54578,35.726,302.33,241.46,0.11195
6421,10419,54146,21.445,743.93,442.49,0.25408
6421,10745,55154,36.643,1013.2,550.46,0.29595
6422,9802.7,55322,32.217,770.81,645,0.088865
6422,10738,53770,30.086,309.99,289.01,0.035013
6423,9307.6,54402,26.421,524.98,279.87,0.30454
6423,11601,53433,27.499,444.77,149.68,0.4964
6424,9158.2,54344,21.82,861.63,718.36,0.090681
6424,10501,54126,24.776,512.62,260.13,0.32674
6425,9035.4,54551,31.977,621.46,492.27,0.116
6426,10772,54444,28.587,810.04,465.64,0.26998
6426,10912,53229,23.186,254.51,151.3,0.25431
6427,9950.3,53908,22.818,564.34,253.9,0.37939
6427,11045,52588,22.861,385.54,246.03,0.2209
6427,11037,53124,25.365,572.05,189.14,0.50304
6428,9665.6,53884,18.672,686.32,396.8,0.2673
6428,11053,52769,18.513,1330.6,774.61,0.26412
6429,9444.4,53991,30.098,559.64,419.05,0.14366
6429,10978,53607,29.885,318.24,187.91,0.25749
6429,11601,54569,34.633,358.41,324.37,0.049855
6430,11026,53779,22.817,557.53,315.29,0.27753
6431,11062,52505,36.01,560.55,530.93,0.027142
6431,11105,53788,25.845,547.66,308.97,0.27864
6431,11463,55108,31.834,337.58,503.85,-0.1976
6432,9534.9,53150,19.378,1021.9,945.29,0.038957
6432,11145,53723,28.502,398.83,283.25,0.16946
6432,11501,55241,27.102,310.78,208.68,0.19655
6433,9280.9,53207,22.138,217.89,146.31,0.19654
6433,11039,53703,26.072,807.7,516.27,0.22012
6433,11476,55221,25.105,398.37,268.68,0.19443
6434,11055,53700,26.351,681.94,433.59,0.22263
6436,9076.2,55128,34.302,283.8,257.91,0.04779
6436,11015,53617,20.358,747.87,386.86,0.31814
6437,8916.7,53441,28.271,476.71,416.01,0.067996
6437,9124,55261,30.121,519.6,379.47,0.15586
6437,11092,52404,34.08,445.37,362.23,0.10295
6438,8927.6,53681,25.464,421.48,279.83,0.20199
6438,10133,54312,31.122,411.11,454.86,-0.050515
6439,10412,54231,36.22,471.88,395.43,0.088148
6440,8744.4,54107,22.213,729.29,444.63,0.24249
6440,8749.1,55211,27.972,1110.3,867.91,0.12252
6440,10268,54286,26.288,657.97,483.79,0.15255
6441,8696.1,53909,30.363,412.22,141.05,0.49013
6441,10294,54074,16.495,315.08,250.53,0.11413
6441,10993,52961,27.947,232.66,110.32,0.35671
6443,8807.2,53550,28.559,448.82,345.23,0.13045
6443,9640.5,53439,34.936,417.54,192.32,0.36931
6444,8686.3,53798,25.045,398.57,306.22,0.13104
6444,11114,52417,35.329,284.69,132.06,0.36623
6446,9667.5,53108,31.357,197.99,107.26,0.29726
6447,9615.9,53147,32.253,418.28,212.69,0.32584
6449,8732.4,53847,29.76,472.35,261.49,0.28733
6449,9118.8,53095,19.402,786.44,341.62,0.39433
6450,9577.9,54484,26.019,455.44,468.23,-0.013852
6450,10306,55249,31.322,328.39,296.79,0.050538
6450,10985,53175,32.475,973.22,719.03,0.15021
6451,10505,55304,24.135,728.08,434.92,0.25207
6452,10378,52457,31.413,276.74,170.61,0.23725
6452,10996,53338,26.642,489.58,339.12,0.18155
6453,10296,52696,32.595,829.77,636.7,0.13165
6454,9430.2,53211,17.576,341.06,252.84,0.14854
6454,10101,52631,33.28,889.53,662.21,0.1465
6455,9447.6,53271,16.758,335.34,297.39,0.05998
6455,11350,53621,32.798,568.69,539.3,0.026526
6456,9163.5,54083,35.611,252.1,142.37,0.27816
6456,11210,53166,22.659,1206.9,846.44,0.17555
6457,11341,53240,15.524,1129.6,766.14,0.19174
6457,11487,54466,28.531,890.03,536.57,0.24776
6458,9264.8,54054,30.562,221.9,147.5,0.2014
6458,11348,53392,22.177,708.69,439.98,0.23393
6458,11438,54262,24.106,686.16,428.97,0.23063
6459,10136,52509,33.263,207.35,264.91,-0.1219
6459,11188,52772,23.168,464.43,421.68,0.048248
6460,8733.4,54116,26.287,348.67,164.42,0.35909
6461,11663,53003,34.936,348.33,226.98,0.21092
6463,9648.3,52607,29.654,571.31,571.17,0.00011721
6464,8679.6,54618,30.92,434.75,382.64,0.063751
6465,9950.4,54441,30.638,315.49,221.1,0.17591
6465,10620,52578,33.764,332.96,287.95,0.072496
6466,10528,52720,41.939,666.99,491.1,0.15188
6467,10477,52781,18.497,564.59,517.93,0.043103
6468,9433.5,52942,15.056,553.63,604.49,-0.043923
6468,10475,52883,28.78,300.2,182.49,0.24386
6471,11176,53861,31.132,525.94,405.11,0.12977
6472,8874.3,55337,29.495,559.56,585.59,-0.022726
6472,11438,53932,32.656,531.55,480.2,0.050753
6473,8812.5,55182,37.344,694.15,655.77,0.028436
6474,10167,54935,28.876,493.34,135.26,0.56964
6475,8836,53175,44.931,690.05,506.15,0.15374
6475,10307,55024,29.298,473.55,261,0.28936
6476,9455,53012,33.123,384.32,135.8,0.4778
6478,9747.6,54509,28.788,548.17,285.98,0.31432
6479,8975.5,54528,32.767,365.2,218.03,0.25235
6479,10515,55363,24.198,490.4,169.31,0.48671
6480,9073,54929,28.886,342.42,466.07,-0.15294
6481,8698.5,54568,29.622,383.36,514.85,-0.14639
6481,9179.2,55214,24.81,374.71,219.66,0.26085
6484,9457.1,53255,14.925,509.06,137.34,0.57506
6484,10909,52988,31.849,307.54,144.45,0.36083
6485,8750.9,54744,23.581,410.31,208.33,0.32648
6485,10417,54011,23.657,940.83,517.09,0.29065
6485,11122,53306,37.395,809.18,606.67,0.14303
6491,11131,54412,28.433,882.43,456.48,0.31813
6492,11441,54617,32.23,755.59,729.91,0.017288
6493,11512,54583,26.828,784.05,795.37,-0.0071719
6494,11615,54256,21.97,1375.3,773.19,0.28025
6495,8765.2,54787,33.475,628.78,301.2,0.35224
6495,11498,54068,21.971,362.1,339.07,0.032853
6496,8777.3,54799,23.143,539.15,160.72,0.54072
6497,8819.8,54666,21.473,395.43,195.49,0.33836
6497,11165,53308,38.572,883.82,468.99,0.30664
6498,8892.2,54565,21.372,845.94,459.65,0.29587
6498,11071,53322,22.859,534.95,309.19,0.26745
6499,8802.5,53221,27.875,401.78,123.74,0.52909
6499,9044.7,54641,25.776,1178,592.33,0.33081
6499,10980,53325,16.938,597.78,314.77,0.31012
6500,9089.1,54588,26.163,402.28,239.06,0.25451
6501,8987.1,54468,26.286,218.57,102.54,0.36134
6502,8937.4,55066,22.101,297.67,132.75,0.38318
6502,9098.4,54245,25.305,326.89,185.21,0.27667
6503,9262,54339,29.749,445.68,449.81,-0.004614
6503,11413,52655,33.645,530.54,306.96,0.26696
6504,11069,52800,36.534,588.47,515.91,0.065707
6505,11324,52513,29.765,522.96,223.08,0.40197
6506,8826.1,54546,27.931,209.23,107.85,0.31975
6506,10890,53958,32.847,292.64,153.88,0.31075
6506,11349,55118,31.914,288.89,196.81,0.18958
6507,10962,53678,33.453,630.29,359.36,0.27376
6507,11108,55108,25.734,372.66,417.89,-0.057223
6508,10507,53489,27.74,577.9,306.46,0.30693
6508,10981,53608,28.693,1247.6,678.06,0.29575
6509,11409,54872,34.17,471.47,336.02,0.16775
6510,9832.9,53904,26.351,243.01,278.27,-0.067651
6510,11491,54682,28.948,440.39,164.55,0.45599
6512,10689,52547,34.839,280.71,229.54,0.10027
6513,10476,55168,30.803,535.21,523.08,0.011457
6514,10491,54928,28.534,342.51,131.72,0.4445
6516,9946.9,52961,32.802,438.59,382.08,0.068855
6517,8794.5,54589,17.668,343.52,121.44,0.47764
6519,9826.1,54052,31.854,244.56,337.44,-0.15959
6520,8783.9,54426,22.934,434.52,164.66,0.45039
6520,9558.9,55061,19.189,911.17,646.92,0.1696
6520,9900.8,53919,10.242,854.91,458.54,0.30178
6520,10372,55131,35.236,403.37,380.66,0.028963
6521,10873,52572,10.63,739.63,150.09,0.66261
6522,11325,53317,29.239,1029,753.99,0.15424
6523,10331,55241,26.365,375.68,221.28,0.25865
6523,10705,54684,35.689,297.58,160.6,0.29897
6523,10959,53748,24.845,533.63,328.32,0.2382
6523,11289,52826,25.546,243.27,195.78,0.10816
6524,8741.3,53770,27.396,390.37,298.79,0.13289
6524,10393,55238,35.33,228.16,252.41,-0.050473
6524,10542,52835,32.821,167.21,113.11,0.19302
6525,10784,54856,26.355,446.89,203.04,0.37518
6527,9337.7,53406,25.269,550.62,493.62,0.054588
6527,9592.7,52463,20.482,1394.1,1316.2,0.028744
6527,9592.4,52543,29.931,1161.4,1038.6,0.055854
6527,10471,54142,27.648,434.65,279.75,0.21683
6528,8803.3,52912,24.219,517.6,273.45,0.30863
6528,9271.3,53389,28.248,907.3,418.98,0.36819
6528,9494.9,52606,21.503,1142.4,787.19,0.18407
6528,10474,54409,28.895,494.17,550.34,-0.053778
6528,11536,54894,21.961,585.71,428.47,0.15505
6529,9302.3,53272,30.615,617.22,465.23,0.14041
6529,10187,53372,35.391,548.82,425.71,0.12633
6530,9729.8,52487,17.971,750.85,365.9,0.34471
6530,9755.4,54572,33.197,330.03,265.66,0.10805
6532,9826.6,52559,27.811,508.26,554.35,-0.043375
6533,9721.4,52597,28.919,1053.9,1074.1,-0.0094743
6534,9382.8,52580,19.053,403.62,193.43,0.35205
6534,10959,55236,33.266,532.94,238.11,0.38238
6535,10686,53321,17.561,1082.4,442.1,0.42001
6535,10949,55247,31.368,424.21,327.67,0.1284
6536,9765.8,54375,27.636,582.22,357.31,0.23939
6536,10101,55371,26.643,567.57,797.66,-0.16854
6536,10954,55144,19.206,685.65,407.54,0.2544
6536,10920,53270,24.554,1248.9,925.66,0.14864
6537,10122,55370,39.182,402.51,361.39,0.053832
6537,10726,53555,28.52,864.17,546.22,0.22543
6537,10894,55197,34.424,449.43,328,0.15619
6537,11343,55208,18.63,794.96,553.09,0.17942
6538,10695,53714,27.987,560.09,545.89,0.012835
6538,11569,54966,30.707,287.92,230.3,0.11118
6539,11035,55056,36.087,324.43,212.27,0.20898
6540,10038,53993,12.767,562.31,278.73,0.33718
6541,9517.8,54769,29.905,317.04,181.39,0.27215
6541,9950.2,54010,16.077,664.91,373.79,0.28028
6541,10687,53613,18.763,629.62,374.41,0.25418
6541,11214,53933,33.573,328.42,252.61,0.13046
6541,11656,54035,33.37,394.86,416.37,-0.026511
6542,10016,53997,13.302,614.32,283.52,0.36845
6543,10074,53956,19.014,664.64,442.65,0.20048
6543,11321,53801,26.877,405.99,274.38,0.19344
6544,10090,54054,19.51,504.13,285.08,0.27756
6545,10082,54141,19.794,467.39,252.37,0.29873
6545,10819,53922,29.05,417.82,183.1,0.3906
6545,11168,53903,24.248,491.74,355.19,0.16124
6546,10052,54160,22.216,753.17,439.46,0.26304
6546,10201,54303,45.304,936.22,558.04,0.25309
6546,10945,53750,24.145,554.48,581.96,-0.02418
6547,8884.7,54101,30.883,682.5,233.34,0.49043
6547,11665,54121,23.112,975.77,522.25,0.30275
6549,8916.7,54677,30.854,787.45,406.28,0.31931
6549,9830.7,53433,25.062,397.58,238.15,0.25078
6549,10467,55287,36.403,366.6,512.09,-0.16558
6549,10627,53720,24.996,483.23,490.94,-0.0079114
6549,11316,54248,34.616,731.17,654.33,0.055457
6550,9978.4,53146,22.697,1194,832.92,0.17815
6550,10951,53864,20.474,610.26,445.51,0.15605
6551,10266,54873,26.093,548.08,263.82,0.35012
6551,10965,53913,29.242,596.84,586.75,0.0085233
6555,11129,55365,30.547,238.81,241.21,-0.0049883
6556,8711.9,54392,24.429,961.87,642.04,0.1994
6557,10863,55329,31.849,248.01,226.37,0.045611
6558,8796.1,53084,24.856,758.37,287.36,0.45042
6559,10662,55292,39.226,149.74,126.88,0.08264
6562,9390.5,54873,34.971,349.58,138.43,0.43266
6562,10336,55186,28.432,519.07,444.77,0.077087
6562,10738,53224,31.873,243.98,170.16,0.17826
6562,11123,54549,31.015,583.01,272.51,0.36294
6562,11286,52905,29.126,276.99,188.66,0.1897
6563,10743,53577,29.099,689.05,564.25,0.099575
6564,10841,53835,29.095,762.51,717.25,0.030583
6565,9128.3,54641,28.047,745.43,402.26,0.29901
6565,9343.1,53737,24.331,524.9,148.05,0.55999
6566,8935.6,54780,34.645,569.33,331.57,0.26391
6567,9592.6,54020,30.061,648.49,608.35,0.031939
6567,10747,53544,27.28,943.71,355.01,0.45329
6568,9311.8,54184,33.769,424.09,449.69,-0.029299
6568,9224,55163,25.103,558.78,434.56,0.12505
6568,9848.9,54920,31.657,226.06,101.35,0.38089
6568,10524,52727,25.936,364.95,179.63,0.34031
6569,9293.8,54258,28.16,334.46,148.26,0.38572
6569,9930,55200,32.755,413.21,468.13,-0.06232
6569,10619,52470,35.757,584.63,441.42,0.13958
6570,9887.5,55389,25.638,459.85,370.8,0.10721
6570,10739,52616,39.262,542.35,460.22,0.081921
6571,9696.8,55387,29.959,442.32,102.92,0.62247
6572,11548,55269,28.817,1155.2,627.48,0.29601
6572,11570,55327,26.818,1262,690.38,0.29279
6573,9975,53963,20.472,697.78,525.78,0.14057
6574,10005,54055,20.001,831.22,789.52,0.025733
6574,10704,54687,27.552,667.95,332.99,0.33465
6574,11258,55052,33.816,585.42,401.03,0.18692
6575,10672,54827,31.711,428.06,295.65,0.18297
6576,9932.8,54552,33.434,367.32,629.87,-0.2633
6577,10125,54767,36.112,223.84,206.86,0.039418
6579,9898.8,53970,17.923,830.89,567.06,0.18873
6580,9060.7,53289,22.259,652.11,249.02,0.44732
6580,10287,54367,24.961,491.23,313.19,0.22132
6580,10701,52476,29.731,378.99,283.76,0.14368
6581,10341,54337,26.298,872.37,222.13,0.5941
6581,10955,52515,36.377,251.59,157.84,0.22899
6582,9417,53279,34.449,362.19,171.25,0.35795
6582,10415,54290,27.391,362.35,202.35,0.28334
6583,9148.7,54555,28.939,274.67,195.83,0.16756
6586,10085,54104,17.751,602.01,384.58,0.22038
6588,9313.7,55040,23.841,458.97,370.66,0.10645
6589,9206,55009,19.696,387.52,288.29,0.14683
6589,10461,54895,32.684,347.27,282.96,0.10203
6590,9004.3,54902,26.178,679.83,347.24,0.32382
6590,10816,55249,34.047,305.79,118.3,0.4421
6590,11360,53797,23.815,933.17,459.61,0.34001
6591,8999.5,54927,21.662,248.43,210.28,0.083188
6591,10500,52643,37.386,252.9,213.23,0.085103
6591,10922,55384,31.531,399.17,331.18,0.093085
6591,11175,52862,34.197,361.2,148.72,0.4167
6592,9996.7,54049,25.375,676.85,359.57,0.30613
6592,10303,52598,25.462,589.6,354.13,0.24952
6592,11203,55286,25.032,283.38,119.05,0.40836
6593,9156,52556,20.271,493.75,169.35,0.48921
6593,10757,54592,23.286,986.82,637.82,0.21481
6594,8779.1,53459,34.25,564.61,360.76,0.22029
6594,8944.5,52419,31.386,414.48,132.81,0.51467
6594,10817,54945,39.341,578.64,321.59,0.28555
6594,11498,55134,31.587,812.75,429.35,0.30867
6595,8786.3,53343,26.605,366.3,265.91,0.15879
6595,11042,55263,17.758,418.31,173.11,0.4146
6596,8954,53311,18.338,480.22,288.37,0.24962
6596,10842,52415,35.216,613.8,304.31,0.33709
6596,10943,53646,34.86,408.64,305.28,0.14478
6598,9032.1,53961,33.219,471.53,389.37,0.095433
6598,11263,55130,28.266,471.9,414.6,0.06463
6599,11479,53949,28.916,574.85,186.07,0.51094
6600,9086,54340,23.623,557.12,426.97,0.13226
6600,11229,53722,33.278,481.28,610.82,-0.11862
6601,9297.3,52436,25.732,692.81,453.22,0.20907
6601,9757.1,53999,35.664,339.36,447.01,-0.1369
6602,8830.8,54009,28.224,781.47,835.35,-0.033323
6602,9254.2,52425,24.433,305.44,160.05,0.31234
6604,9272.9,54973,26.463,647.34,423.58,0.20894
6606,10326,55061,33.332,725.41,288.45,0.43098
6608,9245.4,52589,35.87,801.1,428.34,0.3032
6608,9064.7,54495,27.351,450.36,208.66,0.36676
6608,11559,53829,25.659,619.39,303.56,0.34219
6608,11643,54732,31.527,491.23,430.97,0.065344
6609,9335.3,52615,34.402,700.07,506.21,0.16071
6610,8823.1,52449,31.6,1136.6,748.36,0.20598
6611,8897.3,53200,25.063,390.16,277.82,0.16819
6615,8830.8,55388,30.153,318.25,214.13,0.19558
6615,9687.7,53500,33.479,288.37,163.88,0.27527
6615,10273,55376,35.936,333.77,232.11,0.17965
6615,10618,52515,31.051,257.16,291.81,-0.06313
6615,11077,52638,27.071,337.09,184.08,0.29361
6616,9638.4,54489,37.966,298.79,216.73,0.15918
6616,10759,52420,21.99,786.36,799.3,-0.0081583
6617,9300.6,52856,35.09,409.45,468.67,-0.067442
6617,9622.1,54429,29.239,569.61,531.23,0.03487
6617,9629.4,54883,25.182,495.7,432.74,0.067813
6617,10393,53979,33.585,373.92,233.85,0.23047
6618,9286.5,52798,38.793,602.14,236.32,0.43631
6618,9625,54873,23.147,428.64,234.22,0.2933
6618,10410,54842,27.364,330.12,178.7,0.29759
6618,10901,54218,27.879,1039.4,667.31,0.21803
6618,11629,53170,12.92,1016.3,621.63,0.24096
6619,8697.2,53844,34.058,495.58,189.48,0.44681
6619,9456.5,52838,25.78,442.09,460.55,-0.020452
6619,11011,54433,18.294,674.63,407.09,0.24733
6619,11285,53142,22.567,1369.9,720.64,0.31058
6619,11355,53119,22.214,1612.4,802.44,0.3354
6620,9606.7,54782,32.141,358.47,167.66,0.36265
6620,11031,53283,21.722,602.93,482.47,0.11098
6621,11268,53317,31.477,754.12,544.64,0.16129
6623,9282.6,52989,28.437,795.83,457.12,0.27033
6624,11108,54845,32.452,448.36,160.39,0.47305
6625,8855.2,52677,27.061,195.37,122.65,0.22868
6628,11467,53494,27.104,715.67,357.15,0.33419
6629,11496,53747,32.798,668.85,631,0.029118
6631,9747.2,54222,22.905,361.95,109.59,0.53517
6631,10999,52496,27.42,730.73,495.33,0.192
6633,9403.9,53892,18.237,1297,1310,-0.0049961
6634,9457.8,53738,15.748,682.72,414.7,0.24423
6634,9867,52574,33.249,480.39,228.96,0.35446
6634,11129,55288,32.013,266.89,227.41,0.079865
6635,9129.4,55027,28.159,890.77,406.5,0.37329
6635,9352.6,53548,33.253,595.28,214.24,0.47069
6635,9985.9,52754,29.082,372.43,173.56,0.36424
6637,9156,52612,35.735,293.43,186.32,0.22324
6637,11177,53253,25.029,539.98,258.06,0.35327
6639,9149,53217,32.122,467.06,281.94,0.24716
6640,8973.2,53044,20.691,595.46,158.28,0.58002
6641,8956.8,53110,28.465,494.22,296.62,0.24986
6641,11656,53098,24.431,420.07,237.71,0.27724
6642,9563.1,55231,24.862,573.08,339.99,0.25529
6642,11101,53659,36.36,340.13,244.96,0.16266
6643,9368.8,52392,28.268,879.08,370.1,0.40745
6643,11171,53901,29.236,500.35,424.37,0.082161
6644,10513,52462,26.217,336.33,344.98,-0.01269
6645,10435,52499,32.175,114.57,120.74,-0.026218
6645,11330,54083,34.509,429.09,377.14,0.064434
6647,9889.9,54651,34.583,441.69,278.62,0.2264
6648,8742.9,55276,33.634,322.76,379.93,-0.081366
6648,9601.4,52716,31.037,158.05,167.67,-0.029556
6648,9588.1,53516,26.97,662.78,416.78,0.22787
6649,9540.4,52645,32.919,216.4,204.73,0.027695
6649,9587.7,53313,27.189,494.03,592.28,-0.090442
6650,8761.4,55045,35.989,158.44,130.12,0.098128
6650,9813.2,52493,27.77,239.42,125.92,0.31067
6650,11406,53190,26.696,354.16,194.99,0.28985
6651,9267.2,53134,30.32,243.55,324.56,-0.1426
6651,9935.5,52513,32.738,398.82,241.07,0.24653
6651,11407,53421,25.819,533.94,389.32,0.15664
6652,8714.8,54229,27.11,372.76,247.38,0.20217
6652,9488.1,53893,31.408,391.63,380.19,0.014819
6652,10058,52576,27.807,480.6,280.57,0.26279
6653,8739.3,53953,32.91,589.01,364.1,0.23598
6653,9381.8,54855,27.642,208.42,178.34,0.077772
6653,11218,52621,29.201,492.79,591.58,-0.091103
6654,9204.9,53289,31.014,544.03,470.42,0.072555
6654,9717,55027,17.103,1259.7,1113.1,0.061813
6655,9621.9,55121,29.331,427.7,327.29,0.13299
6655,11376,55136,35.385,361.97,224.3,0.23482
6656,11198,52510,35.831,449.47,452.48,-0.0033328
6656,11266,55137,28.258,557.29,323.35,0.26564
6657,8847.6,53801,19.01,709.53,347.55,0.34243
6657,11383,54969,25.123,1257.2,664.61,0.30835
6658,8882.1,53569,29.879,286.95,209.81,0.15529
6658,8998.3,55341,31.278,555.48,165.68,0.54051
6658,11456,54876,28.797,564.5,533.53,0.028206
6659,8896.1,54435,19.951,496.64,273.04,0.29052
6660,9325.7,52433,28.921,298.27,155.27,0.31529
6660,11498,54495,31.277,358.94,110.66,0.5287
6661,8851.3,54828,21.115,597.25,457.04,0.13299
6661,9970.5,53251,33.804,626.29,748.21,-0.088701
6661,11402,53245,35.618,797.98,521.1,0.2099
6662,11067,53198,35.444,696.64,824.72,-0.084187
6663,10383,54581,37.673,347.97,197.55,0.27573
6663,10600,52648,31.457,558.19,317.97,0.27417
6663,11133,53240,22.546,542.32,530.42,0.011093
6664,9104.5,53555,34.562,286.6,135.98,0.35644
6664,9772.6,53125,26.362,939.9,725.8,0.12853
6664,10017,54117,12.985,1277.1,1093.8,0.077333
6664,10768,52842,33.397,309.03,149.68,0.34739
6664,11063,53324,24.808,773.95,444.25,0.27065
6665,9173.8,53417,26.451,594.64,449.26,0.13927
6665,9896.9,54021,23.315,379.47,291.98,0.13029
6665,10374,52757,27.984,590.77,319.74,0.29767
6665,10604,52824,33.88,992.44,536.98,0.2978
6666,9437.3,52567,14.765,339.82,573.12,-0.25555
6666,9836.8,54081,21.834,594.74,440.36,0.14915
6667,9417,52553,14.214,579.76,483.46,0.090568
6667,9648.9,54134,25.128,1013.8,318.62,0.52174
6668,9211.7,53810,28.307,650.15,414.08,0.22182
6668,9428.4,52679,13.039,524.48,486.51,0.037557
6669,11377,54001,31.537,579.02,665.9,-0.069787
6670,8865,53467,30.168,203.64,167.95,0.096045
6670,9959.8,53148,30.14,539.58,337.49,0.23042
6670,11607,54063,27.278,286.66,137.61,0.35132
6671,10413,52906,32.295,366.32,270.96,0.14964
6672,9639.8,54927,16.288,416.73,386.88,0.037147
6672,10718,54230,32.087,409.7,222.66,0.29579
6674,10921,53852,26.548,320.96,117.56,0.46382
6675,9159.2,54253,36.205,110.49,176.4,-0.22973
6675,9856.6,53924,25.325,399.15,429.5,-0.036626
6675,10849,53926,28.678,753.95,627.29,0.091695
6676,9951.3,53923,22.905,372.24,229.16,0.23792
6677,8925.7,53107,20.185,508.81,565.92,-0.053133
6679,9948.2,53067,26.34,643.07,632.77,0.0080678
6680,8995.4,54913,36.026,382.76,402.49,-0.025125
6680,9801.1,53783,23.179,336.44,190.13,0.27787
6680,10035,54819,23.73,814.58,530.78,0.21095
6681,10055,54871,21.437,731.56,631.38,0.073505
6682,9074.5,54349,28.086,779.19,180.23,0.62429
6682,10228,55205,34.062,617.43,311.03,0.33002
6683,8702.2,54227,31.74,1398,974.97,0.17825
6683,8702.4,54248,34.384,1038.9,777.03,0.14422
6683,11173,55144,35.006,157,153.18,0.012305
6684,8860.9,54279,24.108,782.8,571.88,0.1557
6684,9805.3,54890,26.18,205.99,106.8,0.31714
6684,11162,55218,27.523,821.9,508.12,0.23592
6685,11280,55147,31.899,342.75,268.31,0.12181
6687,10665,54713,35.675,523.85,480.19,0.043481
6687,11051,54989,29.943,794.42,647.16,0.10215
6690,8909.8,54618,21.776,569.09,283.18,0.33547
6691,10440,52888,23.276,372.6,205.55,0.28893
6691,10983,53563,33.204,381.11,202.49,0.30607
6692,9164.5,53624,23.987,512.69,314.54,0.23954
6692,10306,52883,31.29,802.52,401.13,0.33348
6692,11295,53837,32.458,610.07,600.35,0.0080269
6693,9155,53722,29.375,567,231.19,0.42071
6693,10182,52931,21.336,752.8,347.49,0.36837
6693,11134,52641,28.195,577.64,400.36,0.18126
6693,11356,55191,32.321,472.32,340.89,0.16163
6694,8885.5,54828,25.571,548.06,267.2,0.34451
6694,10387,52786,34.063,604.53,657,-0.041591
6695,8718.4,52862,18.941,969.54,864.79,0.057106
6695,8980.4,54970,27.289,710.38,336.74,0.35683
6695,9518.6,53892,34.833,365.42,122.19,0.49882
6695,10365,53108,23.836,237.71,135.33,0.27445
6696,9019.2,52863,33.975,202.73,444.02,-0.37308
6696,9510.1,53523,39.429,574.22,422.55,0.15216
6696,11490,54177,34.608,249.53,168.78,0.19304
6696,11563,55253,35.557,704.73,383.16,0.29558
6697,8810.8,52765,30.887,377.36,356.97,0.027768
6697,11339,55051,28.478,434.5,176.53,0.42218
6702,8976.1,54652,20.902,346.45,313.31,0.050229
6702,10176,52411,21.926,729.19,457.57,0.22888
6703,9148.4,54564,16.218,1786.4,1143.4,0.21947
6704,9073.9,54619,24.594,826.14,423.69,0.322
6704,9162.9,53647,26.916,397.95,221.15,0.28559
6705,9204.4,53460,28.517,396.11,379.36,0.021598
6705,9192.7,54525,38.157,327.61,279.49,0.079264
6706,8818.2,53020,21.118,588.86,343.65,0.26296
6707,8846.5,53030,31.509,722.25,698.46,0.016744
6708,8914.7,52555,35.934,398.34,304.6,0.13336
6708,9421,53103,32.814,422.7,617.24,-0.18706
6709,9581.1,52954,34.879,564.26,479.48,0.081223
6709,11015,53735,26.918,496.77,296.49,0.25248
6709,11258,54181,29.498,280.29,139.03,0.33687
6711,9685.6,54946,19.131,266.93,184.34,0.18301
6711,11088,54082,28.2,926,701.33,0.13806
6712,9761.6,54955,32.999,246.12,218.69,0.059017
6712,11306,54139,26.735,306.75,298.46,0.013704
6713,10475,53533,39.56,251.9,147.02,0.26291
6713,11332,53005,29.041,331.89,202.11,0.24304
6714,9216.1,54227,14.883,401.56,119.1,0.54251
6714,10425,55073,29.194,460.58,498.44,-0.039485
6715,10464,54990,24.773,349.51,183.27,0.31202
6716,9461.1,54174,22.767,410.88,138.21,0.4966
6716,9682.1,53022,18.158,368.35,247.76,0.19573
6716,11450,54882,30.515,389.34,348.22,0.055762
6717,10735,54373,30.84,350.57,245.99,0.17531
6717,11556,54689,30.732,317.04,251.22,0.11582
6718,10772,54562,32.123,401,633.6,-0.22482
6718,11665,54650,27.312,457.94,357.81,0.12275
6719,10919,54608,28.374,418.03,390.47,0.03408
6723,8971,54478,22.997,409.27,215.24,0.31069
6724,8702.7,53437,32.824,554.67,499.2,0.052628
6724,8700.9,53486,34.003,538.09,497.43,0.039267
6727,11584,53472,22.922,249.45,239.81,0.019704
6728,9215.9,53313,26.69,345.79,175.35,0.32704
6729,8801.7,54441,16.998,511.49,163.07,0.51652
6729,9450,53197,21.359,307.36,128.31,0.41099
6729,9712.9,54813,24.699,474.97,480.5,-0.0057806
6730,11618,52642,27.875,311.18,102.93,0.5029
6731,9579.5,53175,34.747,403.78,232.59,0.26901
6731,11467,53495,25.884,475.76,401.94,0.084105
6732,9019.6,54814,45.509,581.29,705.26,-0.096358
6732,11657,53211,35.884,685.27,411.02,0.25016
6733,9008.6,54703,22.425,573.39,453.98,0.11622
6733,10362,52574,13.192,1353.4,580.78,0.39947
6734,9110,54754,31.495,383.06,223.45,0.26316
6734,9308.9,53616,20.677,703.04,469.72,0.19895
6734,10962,54032,35.059,910.97,395.78,0.39425
6735,9272,53641,17.993,1164.1,818.95,0.17405
6735,9243.5,54849,25.132,291.65,187.36,0.21773
6735,11058,53917,21.097,530.66,214,0.42524
6735,11208,53295,24.331,800.66,462.75,0.26746
6736,9186.4,54849,24.569,1003.3,912.49,0.0474
6736,9276.2,53512,37.83,1522.2,1114.8,0.15449
6736,9483.7,54823,42.927,1336.8,1689.3,-0.11647
6736,11237,53465,27.214,802.17,631.66,0.11892
6737,8943.9,54767,30.228,1177.3,884.92,0.1418
6737,9277.4,53734,42.018,1631.1,1044.1,0.21942
6737,9348.6,53594,22.11,1420,843.17,0.25489
6737,9664.7,54959,19.746,575.36,536.35,0.035094
6737,10982,53679,17.862,1430.7,1041.3,0.15751
6738,8744.9,54508,23.205,921.72,642.09,0.17882
6738,9708,54846,13.708,665.59,537.94,0.10606
6738,10783,53680,24.619,1085.5,617.47,0.27485
6739,8797.2,54314,29.063,560.24,134.91,0.61186
6739,9491.1,54882,21.762,574.1,671.67,-0.078322
6739,10589,53545,21.63,890.34,213.52,0.61314
6740,8832.8,54200,23.089,616.43,357.24,0.2662
6740,9252.2,54723,14.067,831.24,501.11,0.24778
6740,9326.3,52516,25.71,632.72,522.58,0.095329
6740,10829,53859,30.924,379.98,192.18,0.32822
6741,9090.1,54419,24.008,936.35,601.54,0.21771
6741,9266.1,54769,33.135,1141,1043,0.044835
6742,9006.9,54152,26.889,810.2,535.57,0.20407
6742,9357,54903,19.12,334.26,300.46,0.05326
6743,10443,54083,35.863,326.72,259.04,0.11555
6744,9273,54269,35.039,464.81,150.1,0.51179
6744,10684,53253,28.97,240.89,251.79,-0.022116
6745,9462.8,54015,20.598,740.54,486.48,0.20706
6745,10112,53355,30.542,462.35,554.11,-0.090273
6745,10778,53094,20.256,375.75,314.62,0.088546
6746,9391,54124,27.847,696.89,670.31,0.019441
6746,10020,52947,24.94,543.54,477.35,0.064833
6747,10934,53707,17.059,910.66,611.79,0.19631
6748,9366,53725,34.159,226.62,165.5,0.15587
6748,10411,53254,23.602,488.09,243.09,0.33507
6748,11199,53609,33.183,507.82,451.1,0.059149
6750,10223,52527,29.712,299.01,299.03,-1.8013e-05
6753,8820.7,54660,22.321,554.13,171.99,0.52627
6753,10340,53865,23.925,378.64,248.65,0.20724
6753,10864,54755,36.98,391.61,230.36,0.25925
6754,8678.9,54654,25.639,379.16,242,0.2208
6754,10260,54130,49.311,966.74,756.22,0.12218
6754,10524,54544,31.81,1187.9,947.35,0.11266
6754,10505,54471,29.682,835.37,624.64,0.14434
6755,10700,54755,25.536,529.74,238.96,0.37827
6756,9439.3,52450,33.545,579.21,455.01,0.12009
6756,10027,55313,27.279,560.75,291.09,0.31656
6756,10405,54319,40.826,601.08,583.38,0.014941
6757,8928.6,54472,23.956,480.21,194.75,0.42293
6757,10935,54431,26.838,666.32,268.4,0.42571
6758,8725.9,54317,26.671,657.27,460.32,0.17623
6758,11188,54158,30.204,540.33,384.8,0.16812
6758,11379,54874,37,510.46,577.46,-0.061585
6761,11635,53485,21.145,323.26,233.64,0.16091
6762,10465,55111,31.016,479.39,285.42,0.25362
6762,11467,53618,24.833,634.05,549.87,0.071103
6763,9060.2,52392,33.528,656.75,597.53,0.047216
6763,11370,53534,23.13,494.53,777.8,-0.22264
6764,11278,53338,19.455,635.58,745.46,-0.079564
6765,8926.6,52883,29.917,555.4,502.49,0.050012
6766,10050,53285,37.406,199.25,105.34,0.30834
6766,10812,53464,25.931,555.17,390.98,0.17353
6766,11260,54034,32.005,504.68,411.94,0.10117
6766,11655,52477,14.901,1992.5,1146.7,0.26943
6767,10913,53491,28.883,1116.4,557.59,0.33381
6767,11643,52632,17.081,999.14,484.67,0.34672
6768,9121.4,53492,37.284,511.03,347.33,0.19071
6768,11128,53162,29.139,429.27,145.65,0.49333
6769,9644.1,54988,22.759,490.81,408.86,0.091083
6770,11225,55008,27.943,421.22,309.65,0.15265
6771,11018,55004,28.091,333.38,100.35,0.53729
6772,11119,52893,18.445,501.65,299.59,0.25218
6773,9125.9,53452,25.171,350.83,168.77,0.35038
6773,9829.1,53087,22.166,736.71,365.87,0.33634
6774,9974.3,55191,28.845,861.64,699.79,0.10366
6774,10291,55225,16.603,601.41,451.69,0.14217
6775,9745.8,55281,37.457,1205.7,681.02,0.27808
6775,10131,55229,11.761,1132.1,820.45,0.15959
6776,10080,55215,18.161,830.46,580.21,0.1774
6776,11296,54724,28.623,317.47,213.87,0.19498
6777,11267,53368,21.361,755.69,513.67,0.19066
6777,11397,54606,24.542,707.28,445.77,0.22679
6778,11298,53242,27.582,787.47,508.15,0.21559
6779,8864.9,54749,28.112,627.52,263.32,0.40882
6779,9446.5,53055,31.555,782.46,341.27,0.39261
6779,9991.7,52715,35.163,221.13,134.14,0.24486
6780,8764.6,54718,26.462,523.71,355.37,0.19149
6780,9480,53055,28.886,393.36,237.65,0.24675
6780,11419,53828,34.21,679.16,232.73,0.48956
6781,8915,54414,32.733,721.99,445.43,0.2369
6781,9368.7,53049,27.89,222.92,109.52,0.34111
6781,9514.1,53763,15.897,613.03,279.43,0.3738
6781,11465,53906,29.953,636.81,572.49,0.053183
6782,10806,54024,29.165,719.79,411.36,0.27266
6783,9457.5,53477,17.325,1465.1,940.6,0.21802
6783,10599,53426,37.96,618.96,404.02,0.21011
6783,10611,54079,30.232,579.62,426.26,0.15246
6784,9383.4,53165,20.265,821.91,700.22,0.079951
6784,9319.7,53662,26.626,603.04,435.02,0.16186
6784,10502,54094,28.921,356.91,241.3,0.19325
6784,11537,54196,34.858,470.93,159.78,0.49333
6785,9475.4,53420,32.469,800.06,506,0.22514
6785,10465,54074,27.9,407.86,277.53,0.19017
6787,10521,53836,32.591,374.35,517.06,-0.1601
6787,11318,53486,34.504,482.67,591.22,-0.10108
6788,11630,52657,27.657,630.8,505.9,0.10988
6789,10554,53840,37.429,282.18,183.88,0.21093
6791,11421,52552,24.561,636.61,778.86,-0.1005
6793,8712.4,53772,24.247,290.03,186.95,0.21612
6793,10103,54744,34.192,318.11,115.84,0.46611
6795,9932,53334,32.986,142.43,136.49,0.021307
6796,8973.5,52889,30.733,475.65,215.38,0.37663
6796,8861.7,54518,13.527,1249.5,711.78,0.27416
6796,9160,55259,33.717,658.75,584.4,0.059804
6797,8833.1,54738,12.182,1329.2,653.03,0.34112
6797,9173.9,55282,25.458,765.57,376.97,0.34011
6798,8954.6,54890,25.659,1093.8,1190.3,-0.042252
6798,10401,52702,31.938,573.92,396.93,0.1823
6798,10789,54619,39.277,234.92,144.61,0.23795
6799,8948.1,55016,31.117,1048.8,748.09,0.16733
6799,10366,52710,32.791,450.7,390.49,0.071588
6800,8972.1,55161,24.277,946.92,483.9,0.3236
6800,10902,54845,20.508,737.38,502.67,0.18928
6801,8721.5,54008,34.326,368.15,391.37,-0.030581
6801,11414,53276,8.2767,1424.6,105.53,0.86206
6802,8671,52592,34.031,846.06,526.3,0.233
6803,9058.2,52922,29.207,371.21,161.3,0.39418
6803,11535,53236,36.346,491.96,441.09,0.054523
6805,10519,55360,37.255,381.72,493.93,-0.12814
6809,9238,52823,31.213,321.58,282.42,0.064828
6810,11219,53298,20.349,425.27,260.84,0.23966
6813,11663,55260,34.53,240.55,129.73,0.29929
6814,8781.1,54713,31.797,409.2,363.6,0.059005
6815,9622.6,54990,15.827,503.46,303.07,0.24846
6816,8915.9,54855,22.668,691.94,354.7,0.32222
6817,9308.6,54108,36.12,461.64,168.22,0.46585
6817,9500.5,52455,29.73,184.7,170.14,0.04104
6818,10480,54558,23.557,443.57,308.99,0.17883
6818,10931,52473,29.758,320.45,352.39,-0.047484
6818,10878,54177,30.797,199.35,129.59,0.21205
6819,10837,54132,23.129,350.59,165.93,0.35751
6820,10813,54820,36.853,309.4,113.23,0.46415
6821,9521.7,52620,28.105,257.96,124.25,0.34982
6821,11300,54018,22.902,562.75,334.39,0.25454
6821,11417,52673,27.579,345.97,176.71,0.32382
6822,9154.1,54602,36.539,220.7,263.47,-0.088342
6822,11162,53966,35.868,387.23,269.47,0.17933
6823,9136.1,54713,21.564,496.54,334.53,0.19494
6823,10715,54984,29.667,310.97,105.61,0.49297
6823,11630,53435,29.525,759.64,430.2,0.27688
6824,9018.7,54643,22.77,313.01,307.45,0.0089502
6824,9802.7,53911,34.345,231.64,196.59,0.081866
6824,10803,53895,37.155,555.52,385.56,0.1806
6825,10761,53940,26.46,420.08,233.83,0.28483
6826,9023.2,54247,25.543,492.3,545.48,-0.051247
6827,9016.8,54340,25.163,390.45,488.03,-0.11108
6827,10458,52697,34.027,670.5,655.15,0.011581
6827,10964,54699,35.12,424.81,421.07,0.0044262
6830,9691.6,54042,25.086,542.52,352.6,0.21217
6830,10485,54809,22.46,684.54,557.22,0.10253
6831,10445,54836,16.605,935.01,527.87,0.27832
6832,11518,52462,32.92,358.73,144.86,0.42469
6833,8858.4,54728,15.441,1473.7,1057.4,0.16447
6833,11109,54832,25.309,574.54,408.75,0.16861
6833,11609,55355,36.243,628.04,220.03,0.4811
6834,8858.6,54777,11.649,1791.2,1393.6,0.12485
6834,9952.5,52403,31.426,501.54,475.22,0.026951
6834,10795,53033,28.535,335.21,293.46,0.066415
6834,10937,54866,22.715,569.87,474.58,0.091237
6835,8931.6,54424,23.744,707.06,398.86,0.27868
6835,10166,52511,24.963,712.75,410.98,0.26854
6835,11022,54873,30.097,603.34,406.44,0.19499
6836,8924.8,54281,27.205,334.35,258.07,0.12877
6836,10880,54634,28.57,575.18,556.24,0.016736
6837,8960,54800,30.288,483.33,215.59,0.38307
6837,9564.2,53417,26.07,542.52,322.14,0.25488
6837,9832.5,53979,20.294,394.27,224.05,0.27531
6837,11612,55161,29.044,594.72,339.22,0.27357
6838,8906.7,54778,27.044,637.74,386.43,0.24538
6838,9764.3,53366,21.328,979.52,586.98,0.25058
6838,11099,54396,27.357,609.72,586.68,0.019263
6839,9811.5,53118,24.38,730.63,520.84,0.16764
6840,9676.6,53051,31.098,354.6,204.25,0.26904
6840,10804,54790,23.747,506.24,253.47,0.33271
6841,10784,54809,24.219,296.91,289.11,0.01331
6842,10378,55007,24.252,261.63,179.63,0.18584
6845,11211,54380,15.078,1491,1004.4,0.19501
6847,11440,54545,32.727,412.42,262.24,0.22261
6848,11654,54949,23.26,521.96,418.41,0.11011
6850,10786,53001,36.984,402.25,346.37,0.074638
6850,11505,52708,14.649,644.61,148.46,0.62561
6852,9491.7,54197,33.644,362.73,502.94,-0.16196
6853,9248,54179,36.382,399.13,245.16,0.23899
6853,9872.9,52598,36.17,670.24,404.63,0.24711
6853,10868,53250,27.79,432.99,255.85,0.25715
6853,11589,55249,25.873,581.66,336.57,0.26692
6854,9803,52400,24.206,492.73,167.87,0.49177
6854,9750.3,54788,29.989,329.17,224.76,0.18851
6854,11147,53348,34.831,1170.5,631.48,0.29911
6855,9643.8,52723,38.246,408.69,463.37,-0.0627
6855,11657,53065,30.4,1180.2,882.03,0.14458
6857,10743,55113,34.389,243.37,269.39,-0.050752
6858,9778.1,53907,22.761,483.64,295.04,0.24221
6858,11654,54385,31.101,320.37,307.76,0.02008
6859,9687.8,54082,25.155,669.04,454.61,0.19083
6859,10662,53200,19.565,378.74,221.08,0.26284
6861,9177.9,53540,40.883,452.62,342.79,0.13808
6862,8902,53366,24.647,507.65,178.16,0.48045
6862,9575.4,54973,33.798,252.33,331.87,-0.13615
6863,8828.2,54121,26.792,1079.2,960.71,0.058078
6863,9600.6,54947,20.537,369.71,303.22,0.098806
6863,10191,54589,25.971,254.43,315.48,-0.10712
6864,9871.4,54597,31.3,549.81,346.02,0.22749
6864,10221,54101,28.791,643.26,350.2,0.29499
6865,8732.8,54199,18.015,397.53,254.25,0.21983
6865,8889.8,54834,30.552,326.2,282.87,0.071149
6865,9716.9,54636,25.632,859.81,622.83,0.15984
6865,10007,53936,33.275,269.76,133.83,0.3368
6866,9757.5,53347,28.12,531.74,325.48,0.24062
6866,10025,53896,26.75,942.77,703.99,0.145
6867,9987.9,53806,25.981,1052.3,423.68,0.42591
6868,9890.3,53875,15.245,749.64,411.54,0.29118
6869,9926.3,54056,27.828,582.12,511.24,0.064827
6869,10954,54976,33.319,1094.6,920.29,0.086503
6870,9879.3,54302,30.969,538.19,131.57,0.60712
6870,10774,54723,24.73,638.83,456.47,0.1665
6871,11235,53367,19.351,503.19,272.61,0.29721
6872,10781,53959,26.119,768.63,602.84,0.12089
6873,10510,52774,26.564,461.91,257.62,0.28392
6873,10753,53956,26.87,1463,887.41,0.24488
6874,8889,52620,27.583,370.52,316.52,0.078586
6874,10869,53921,26.168,1111.8,861.71,0.12671
6876,8697.1,54528,23.796,645.81,508.21,0.11924
6877,8979.5,54581,26.625,260.93,146.21,0.28178
6877,11311,53991,37.764,726.49,482.19,0.20212
6877,11214,54338,25.826,644.52,547.19,0.081673
6879,9196.3,55019,34.299,424.1,498.7,-0.080836
6879,10362,53954,29.317,299.84,140.57,0.36164
6879,11423,52486,24.419,607.24,365.63,0.24835
6879,11328,54688,27.035,659.5,391.55,0.25494
6880,9041.1,55237,24.82,238.09,150.48,0.22548
6881,8750,52901,25.672,694.77,616.19,0.059943
6882,9377.8,53167,29.628,358.49,263.69,0.15237
6883,8835.1,54967,29.441,419.75,477.55,-0.064417
6884,9012.1,52850,26.507,690.44,829.65,-0.09158
6886,9200.7,52892,36.954,452.17,404.04,0.056212
6887,9153.6,53003,33.31,301.61,340.33,-0.060321
6887,9829.7,52620,27.929,462.98,755.48,-0.24006
6887,10735,52845,27.07,533.39,316.66,0.25497
6887,11655,54617,32.37,342.49,326.95,0.02321
6888,10594,52749,28.922,369.99,253.76,0.18634
6889,11624,54463,22.307,390.66,308.83,0.11699
6890,9164.7,53633,20.022,611.48,287.56,0.3603
6890,11644,54445,22.157,923.03,868.36,0.03052
6891,9261.7,53673,32.846,313.01,333.41,-0.031562
6891,9769.9,52598,25.221,829.85,794.32,0.021874
6892,9810.5,52563,28.09,535.85,273.82,0.32363
6893,9472.5,52409,21.107,802.94,446.95,0.28481
6893,9584.7,53707,24.278,442.22,291.61,0.20523
6893,10366,54424,28.674,381.51,178.58,0.36232
6894,9611.5,53714,30.61,615.14,614.24,0.00072867
6894,10062,54218,26.477,602.22,254.09,0.40655
6894,11305,53218,35.777,361.9,278.79,0.12972
6895,11127,53244,27.295,720.3,570.42,0.11613
6896,10629,54252,31.845,385.89,206.5,0.30282
6898,10780,52686,26.45,473.26,235.08,0.33625
6898,11575,53439,33.668,372.55,259.04,0.17972
6899,11004,52742,33.943,372.19,310.54,0.090298
6900,9961.4,52934,33.167,233.51,163.26,0.17706
6900,10538,52585,33.65,482.98,234.1,0.34707
6900,11026,54210,26.892,589.1,453.11,0.13048
6901,10015,54839,34.142,218.91,427.08,-0.32226
6901,10393,52511,15.594,697.42,183.19,0.58395
6901,11143,54303,22.363,798.92,774.74,0.015365
6902,9539.9,52986,35.576,284.8,195.04,0.18705
6902,10368,52587,18.279,855.71,343.19,0.42748
6902,11188,54303,19.861,753.39,647.35,0.075704
6903,10102,52655,27.472,641.25,301.43,0.36048
6903,10455,54736,30.491,466.93,236.68,0.32725
6903,10324,52625,25.335,977.26,490.11,0.33199
6903,11103,54467,39.885,654.79,568.52,0.070522
6903,11660,54326,27.435,471.65,248.06,0.31067
6904,10023,52585,28.091,642.38,501.18,0.12347
6905,9976.3,52446,29.97,708.17,561.6,0.11543
6905,9984.1,55102,28.41,556.53,181.33,0.5085
6905,11161,54420,24.137,503.38,643.6,-0.12225
6906,11074,54435,25.179,496.42,490,0.0065099
6907,10532,53295,23.905,527.12,558.36,-0.028783
6907,10874,54501,28.077,251.54,120.84,0.35098
6907,11261,54505,32.417,332.35,464.95,-0.16631
6908,10945,53426,29.32,926.39,568.03,0.2398
6909,11230,53440,27.617,698.11,415.76,0.25348
6911,11014,53330,16.979,965.83,647.29,0.19746
6911,11363,54620,25.708,535.25,552.83,-0.016152
6912,8822.2,53685,36.925,224.42,276.82,-0.10453
6912,10652,53237,24.859,561.95,548.92,0.01173
6912,11071,53496,20.615,320.51,208.18,0.21247
6912,11080,54488,25.192,559.62,556.97,0.0023741
6913,8953.5,53359,22.003,959.78,513.25,0.30314
6913,11028,54524,27.876,382.72,405.94,-0.029444
6914,8683.6,55199,36.348,511.42,465.22,0.047304
6915,8929,53509,25.16,331.7,283.9,0.077647
6916,11132,53594,29.138,285.5,271.63,0.024894
6916,11235,54526,26.289,497.12,582.04,-0.078692
6918,11157,54591,30.414,258.61,375.59,-0.18445
6919,9139.3,55331,25.416,358.23,242.83,0.192
6919,11081,54754,32.039,301.42,427.06,-0.17247
6920,9265.5,55308,14.521,587.9,557.04,0.026959
6920,10978,54754,26.814,240.66,287.08,-0.087958
6921,9264.8,55265,31.3,284.01,224.91,0.11613
6921,10283,54065,34.901,439.49,170.89,0.44005
6921,10948,54628,28.77,386.92,469.23,-0.096147
6922,9524.4,53549,28.95,290.45,196.52,0.19288
6922,10493,54232,30.371,670.27,641.67,0.021802
6923,10397,54148,21.756,658.11,299.2,0.37491
6923,10962,54986,26.664,265.43,178.58,0.19561
6924,9213.8,53583,37.285,321.32,130.08,0.42367
6926,9518.5,55000,29.269,506.88,500.92,0.0059086
6926,10989,54456,21.926,510.65,411.5,0.10752
6927,9179.4,53831,34.079,346.98,320.15,0.040225
6927,11025,54564,21.427,372.28,201.53,0.29759
6928,10972,54411,26.439,448.31,424.08,0.027775
6929,10868,54320,38.772,410.28,145.72,0.47583
6930,10637,54700,37.733,368.78,368.89,-0.00014339
6931,10675,54630,25.964,580.25,298.01,0.32137
6932,10644,54371,22.873,382.09,222.53,0.26391
6936,9525.6,52732,18.943,499.84,258.88,0.3176
6937,9199,54945,24.197,565.62,451.02,0.11272
6937,9922.5,53478,41.103,422.21,194.82,0.36853
6938,9743.5,53576,34.569,519.75,330.59,0.22245
6940,9741.3,52799,27.032,400.71,300.87,0.1423
6940,9815.3,54002,37.984,604.16,653.01,-0.038859
6941,9844.1,54067,17.579,786.18,606.79,0.12878
6942,9748,54078,27.082,950.2,566.13,0.25329
6942,10710,55332,29.551,715.26,458.09,0.21917
6943,8971,54793,34.361,538.75,360.36,0.19841
6943,9921.1,53831,32.495,401.64,200.22,0.33467
6943,10856,53392,28.892,354.42,170.73,0.34979
6943,10822,55387,33.456,629.26,580.79,0.040057
6943,11385,55034,31.885,337.06,235.84,0.17669
6944,9075.5,54727,28.123,381.03,263.71,0.18197
6944,10894,55362,23.845,400.78,221.94,0.2872
6944,11550,54782,23.349,464.77,500.91,-0.037422
6945,9040.8,54693,32.096,1078,1001.6,0.036752
6945,9861,53688,28.081,506.73,351.2,0.18129
6945,11501,54757,23.943,477.85,449.5,0.03057
6946,9050.1,54606,23.456,747.44,329.98,0.38746
6947,9684.8,54021,24.771,524.62,306.71,0.26212
6948,10452,53500,30.909,516.45,710.45,-0.15812
6949,10001,54081,25.024,722.06,340.57,0.35901
6949,10714,53574,35.072,295.51,153.44,0.31644
6950,9689.2,53019,30.422,997.02,724.61,0.15823
6950,9772.8,53989,28.365,1047.2,854.73,0.1012
6950,11354,53469,25.064,816.91,373.65,0.37231
6953,10489,54397,34.19,384.28,371.24,0.01726
6954,9835.7,53116,31.747,504.04,376.15,0.14529
6954,11069,52869,24.848,1097.8,451.07,0.41756
6955,9344.5,52611,27.624,419.59,255.26,0.24351
6955,9915,53073,24.176,673.84,273.21,0.42302
6955,10682,52914,34.72,661.52,474.4,0.16473
6956,9359.7,52839,32.922,644.33,445.09,0.18288
6956,10315,53126,25.099,938.95,624.89,0.20083
6957,8710.3,54589,32.901,591.54,267.12,0.37782
6957,9676.6,52585,21.032,265.74,220.19,0.093726
6958,9935.8,54717,27.296,583,491.98,0.084668
6959,9452.3,52582,32.651,653.67,658.02,-0.0033176
6959,9871.1,54674,21.571,312.78,184.73,0.25739
6959,10211,53361,32.466,231.64,112.7,0.34539
6960,10038,54735,32.487,336.57,164.21,0.34418
6960,10395,53312,22.623,500.97,443.15,0.061244
6961,9226.3,54120,35.908,230.29,109.47,0.35558
6961,10262,54387,26.183,480.17,452.65,0.029498
6961,10530,53241,29.948,623.38,324.36,0.31551
6962,9003.8,54197,35.933,285.77,171.79,0.24909
6962,10649,53335,23.994,924.08,818.13,0.060817
6963,8856.2,53806,28.384,844.82,781.71,0.038802
6963,9656.8,52468,23.499,258.44,189.33,0.15434
6964,8829.6,54307,26.411,418.3,364.06,0.069323
6964,9593.6,52420,25.807,433.55,427.75,0.0067303
6964,10112,53709,33.223,478.38,205.7,0.3986
6965,10213,53664,30.533,181.76,138.35,0.13562
6965,11156,55184,25.614,645.82,509.11,0.11838
6966,9499.4,52426,24.835,300.16,115.53,0.44415
6967,10205,53736,28.905,272.94,121.98,0.38225
6967,11142,55203,30.214,224.64,324.01,-0.18111
6968,10839,53818,31.551,654.18,503.44,0.13022
6969,8733.9,53426,24.311,474.29,347.31,0.15455
6970,8969.4,53666,34.853,355.79,279.33,0.12039
6970,9876.2,54815,28.322,261.87,161.45,0.23723
6972,8705.1,52757,19.79,529.45,308.17,0.26418
6972,8855.6,54089,29.622,646.95,716.61,-0.051087
6973,8847,53961,32.883,573.57,482.39,0.086347
6975,9055.6,54497,28.19,696.74,216.08,0.52656
6975,10258,53202,26.415,366.3,187.4,0.3231
6975,11656,54061,33.847,422.05,281.4,0.19994
6976,8939.2,54668,32.966,360.24,174.15,0.34823
6976,9413.6,53533,30.92,161.9,106.57,0.20612
6976,9885.8,55298,17.594,918.48,236.16,0.59094
6976,11353,54904,33.549,454.76,419.81,0.039964
6977,9850.7,53776,29.094,501.29,324.99,0.21336
6978,9818.1,54003,22.124,820.06,394.92,0.34991
6978,9895.1,55251,19.497,753.72,174.41,0.62417
6979,9902.6,55229,18.04,430.94,136.49,0.51893
6979,11145,54870,31.784,515.77,388.41,0.14086
6980,9837.8,55239,12.602,647.14,286.73,0.38593
6980,11016,54786,19.35,538.11,168.23,0.52366
6981,10935,54523,27.999,975.88,482.47,0.33833
6982,10902,54626,14.641,1173.1,753.43,0.21786
6983,11157,54743,31.822,518.61,413.29,0.11302
6984,8688.7,53244,30.539,567.89,578.03,-0.0088441
6984,10995,54542,31.994,312.78,332.37,-0.030358
6986,9604.4,54676,24.919,431.05,299.54,0.18001
6986,10531,55081,24.231,963.89,842.07,0.067458
6987,9643.8,54662,28.735,371.05,104.66,0.55997
6990,9556.5,52759,27.938,637.33,653.22,-0.012315
6991,10446,54239,27.015,567.01,344.65,0.24391
6992,10521,54439,31.322,595.65,323.26,0.29643
6992,10632,52798,24.236,1124.9,628.95,0.28276
6993,9795.1,54755,29.678,722.75,228.5,0.51958
6993,10286,54361,19.927,734.45,402.98,0.29142
6994,10190,54312,23.687,800.19,638,0.11277
6994,10381,52539,36.585,929.55,540.58,0.26458
6994,11469,53829,28.473,436.37,383.16,0.064922
6995,9801.8,54805,27.418,1106.4,838.02,0.13803
6995,10924,53593,30.663,542.68,483.12,0.058061
6996,9760.5,54861,31.374,783.61,320.53,0.4194
6996,10055,52752,20.949,1307.1,861.87,0.20529
6996,10936,53589,32.497,757.95,399.36,0.30985
6997,9729.5,54812,19.718,685.41,595.06,0.070556
6997,10025,52622,30.688,771.33,550.94,0.16668
6997,10087,54443,35.791,354.7,136.79,0.44337
6997,10850,53548,21.612,1015.6,435.99,0.39929
6998,9132.8,53823,29.038,898.38,538.53,0.25043
6998,10053,52661,29.432,354.61,219.52,0.2353
6998,10174,54017,34.467,767.37,478.5,0.23186
6999,9966.4,53836,34.249,802.72,398.9,0.33606
7000,11197,54338,18.848,639.53,479.41,0.1431
7001,9553.4,53744,28.461,839.22,725.98,0.072349
7001,9840.6,53770,23.583,637.26,609.82,0.022008
7001,11045,54419,19.463,532.36,256.34,0.34997
7002,9830.2,53579,18.582,1301.3,854.1,0.20748
7002,10435,52541,22.679,474.5,327.55,0.18321
7002,11061,54394,20.706,773.97,326.32,0.40685
7002,11592,52890,35.743,384.01,321.89,0.088002
7003,9558.8,53877,19.434,500.72,326.91,0.21001
7003,10418,52524,25.614,403.1,504.78,-0.112
7003,11437,53007,30.588,217.01,235.55,-0.040957
7004,9290.6,54447,36.724,443.82,266.64,0.24939
7004,11331,53094,34.173,396.18,105.54,0.5793
7005,9314.2,55236,32.812,1514.4,1000.6,0.20429
7005,10798,54790,26.576,286.64,247.03,0.07423
7005,11220,53296,29.292,387.55,128.01,0.50342
7006,9709.4,55164,24.056,694.7,289.27,0.41203
7010,9914.7,55246,21.976,785.87,346.33,0.38822
7010,10989,53262,23.664,1055.7,642.56,0.2433
7011,11126,53474,18.698,385.19,141.19,0.46356
7012,9914.4,54814,24.72,461.88,298.32,0.21516
7012,11042,53679,18.188,342.28,214.39,0.22973
7013,11069,53563,26.195,508.31,538,-0.028382
7014,8948.7,54490,23.537,524.15,254.7,0.34596
7014,10734,53556,20.816,1153.8,1267.3,-0.046891
7014,10835,54627,21.393,494.36,318.08,0.21699
7014,11182,53724,23.333,1244.1,1034.1,0.092212
7016,10913,54381,27.84,869.33,677.37,0.12411
7017,10831,53685,26.234,278.23,222.28,0.1118
7018,9298,54964,34.834,256.61,399.85,-0.21819
7018,10725,54027,25.188,590.29,375.08,0.22292
7019,9162.1,55024,21.549,456.19,341.53,0.14373
7019,10642,54366,34.135,806.64,372.21,0.36853
7020,10416,53300,35.24,418.96,244.43,0.26308
7022,8692,54271,17.398,781.73,378.69,0.34732
7022,11259,54254,31.185,224.46,344.53,-0.21101
7023,9051.1,54616,30.365,528.87,408.14,0.12884
7023,9619.8,54322,27.992,324.17,212.53,0.20802
7023,11554,54835,33.935,475.64,475.88,-0.00025036
7024,9265.7,54689,30.706,222.9,217.37,0.012558
7024,10922,54203,34.394,269.26,374.06,-0.1629
7025,11260,53720,28.496,847.6,705.19,0.091712
7026,10762,54968,33.546,318.89,236.63,0.14806
7026,11663,54833,29.123,512.85,332.03,0.21402
7027,9035.3,55119,20.571,649.1,366.38,0.27841
7027,10649,53707,15.784,581.49,122.67,0.65158
7027,11613,55071,19.153,1038.6,456.36,0.38947
7029,9317.4,55349,38.527,230.85,177.83,0.12975
7029,10725,53308,34.92,335.25,369.96,-0.049228
7033,10159,53420,37.015,341.76,235.3,0.18449
7035,10284,53335,27.305,587.94,440.29,0.1436
7036,10298,53417,29.228,547.91,363.59,0.20221
7036,11122,54828,41.175,699.29,589.68,0.085038
7037,9366.7,55359,30.553,258.66,189.4,0.15459
7037,11330,54673,27.891,310.03,176.78,0.27372
7038,8985.1,53548,27.241,337.31,246.31,0.15591
7038,9443.1,55269,35.805,296.72,202.8,0.18802
7038,11337,54766,24.831,561.86,257.64,0.37122
7039,9722.4,55373,21.113,471.97,373.43,0.11657
7041,11343,53831,31.994,231.07,262.71,-0.064065
7042,10634,52562,19.712,555.35,258.96,0.36399
7045,9650.6,53548,32.785,469.09,244.68,0.31441
7047,11235,54869,33.668,594.3,655.66,-0.049089
7048,9738.4,52716,34.11,618.27,136.43,0.63845
7048,11125,53785,16.683,868.56,520.59,0.2505
7049,9503.6,52648,24.54,962.77,519.6,0.29896
7049,10801,54832,29.962,299.1,144.73,0.34782
7049,11107,53087,33.352,589.53,427.51,0.15932
7049,11191,53851,22.675,529.6,105.84,0.66687
7051,8669.2,54513,22.035,979,872.18,0.057701
7052,9477.7,55100,26.966,218.76,104.98,0.35146
7053,9475.7,54903,33.086,340.81,123.52,0.46798
7054,8800.4,54664,36.798,213.57,138,0.21495
7055,8696.2,54735,28.128,382.77,260.24,0.19057
7055,10306,52540,32.688,277.04,494.94,-0.28226
7056,8676.8,54576,25.843,568.34,260.75,0.371
7056,11022,52560,28.842,109.14,285.17,-0.44642
7058,9950.4,54897,23.718,343.64,539.91,-0.22214
7059,10315,53245,25.947,541.11,390.53,0.16163
7060,9886.4,52415,26.826,478.86,339.25,0.17064
7061,9851.3,53987,24.529,366.88,183.95,0.3321
7061,10256,53454,29.498,941.1,360.39,0.44619
7061,11074,54690,29.668,894.87,772.22,0.073569
7061,11558,55130,33.919,795.35,776.96,0.0117
7062,11559,54932,21.656,2391.3,1487,0.23317
7064,9286.4,54575,28.771,524.87,323.2,0.2378
7064,9505.9,52413,34.887,419.78,587.47,-0.16649
7064,9572.3,53101,31.66,189.23,124.27,0.2072
7065,9131.3,55308,32.189,1066.5,565.35,0.30712
7065,9315.4,53201,28.365,188.17,187.71,0.0012023
7066,8895,54368,34.125,861.26,408.57,0.3565
7066,10242,53983,23.692,312.06,205.58,0.20571
7066,10750,52981,20.099,716.38,350,0.34357
7067,9583.3,53449,30.176,665.37,520.21,0.12244
7068,10277,54082,25.335,490.47,305.12,0.23298
7069,9674.7,54719,37.071,176.82,129.47,0.15457
7069,9820.8,54013,36.045,287.91,512.99,-0.28103
7070,11345,54481,27.127,558.37,470.97,0.084914
7071,11166,54518,18.423,581.43,367.47,0.22548
7072,8796.8,55250,34.332,144.34,146.43,-0.0072049
7073,9135.7,54896,32.591,194.4,344.94,-0.27912
7075,9244,52984,26.404,915.95,738.89,0.107
7075,9842.1,54383,31.722,686.9,419.96,0.24117
7075,11226,53432,27.199,245.78,174.2,0.17045
7076,9248.7,52954,40.491,1561.9,1020.6,0.20961
7076,11138,54285,24.181,426.65,268.2,0.22805
7076,11300,53274,27.737,444.05,292.13,0.20636
7077,9812.9,52648,31.735,500.05,282.67,0.27773
7077,9983,54751,22.594,378.22,252.71,0.19893
7077,10933,52458,33.848,418.28,290.9,0.17962
7078,11488,54256,35.739,562.26,372.08,0.20354
7079,11107,55337,27.832,321.24,133.53,0.41275
7079,11313,53419,29.636,840.62,463.74,0.28894
7080,10814,53358,29.68,249.74,172.76,0.18222
7080,10916,52619,29.148,291.16,104.99,0.46996
7080,11144,55016,41.723,556.89,390.96,0.17507
7081,9521.1,54015,24.21,365.78,369.77,-0.0054229
7081,9501.9,55117,23.531,692.92,311.97,0.37911
7081,10426,53356,24.177,245.06,144.67,0.2576
7082,8758.8,53945,27.692,922.79,657.11,0.16816
7082,10434,53294,35.437,367.48,349.49,0.025089
7082,10755,52664,29.578,681.43,714.69,-0.023823
7083,8711.3,53939,16.877,1475.3,1291.8,0.066303
7084,9128.4,53851,27.043,1155,752.28,0.21115
7084,9357.1,53884,27.61,945.94,617.82,0.20983
7084,10713,54712,18.182,1055.8,607.32,0.26967
7085,8730.7,52541,30.683,348.6,200.55,0.2696
7085,9627.1,53973,20.757,559.65,383.94,0.18621
7085,9893.5,52596,34.291,516.67,350.06,0.19223
7085,10674,54577,30.653,834.48,752.56,0.051614
7085,10759,55310,36.294,536.37,536.83,-0.00042643
7086,9932.7,53173,35.099,263.41,191.46,0.15818
7086,9960,53867,35.336,631.21,766.87,-0.097027
7087,9697.2,54313,30.687,269.65,208.45,0.12801
7088,10770,53705,29.68,949.64,548.5,0.26776
7089,10828,53734,29.808,305.93,279.05,0.045936
7090,10189,53217,25.164,598.15,535.31,0.055433
7090,11216,54223,30.446,445.71,458.24,-0.013862
7091,8741.8,52745,32.855,170.81,130.26,0.13468
7091,10002,52950,22.67,834.9,599.27,0.1643
7092,8801.2,52962,24.715,503.37,292.5,0.26495
7092,10015,52916,31.154,699.86,708.24,-0.0059539
7092,10878,54433,32.168,491.84,273.43,0.28539
7093,8905.3,54136,22.291,384.73,156.3,0.42221
7093,10506,54346,25.843,470.13,397,0.084335
7093,11573,54313,34.942,480.83,334.89,0.17891
7094,8813.4,53156,19.579,676.18,589.64,0.068364
7094,10379,54521,32.208,321.37,256.52,0.11221
7095,8693.5,53244,36.349,156.75,148.82,0.025938
7100,8997.5,52682,37.069,156.94,165.57,-0.026767
7100,11555,54007,35.859,448.01,445.29,0.0030459
7101,9465.7,53458,23.104,607.9,297.41,0.34296
7101,10184,54300,36.652,368.69,232.07,0.2274
7101,11532,53929,27.721,397.79,383.3,0.018541
7103,10357,53348,35.104,617.48,684.22,-0.051271
7103,11051,52806,29.081,518,387.45,0.14419
7104,9798.8,53982,24.326,221.54,238.23,-0.036301
7105,9509.7,55247,24.006,241.98,127.7,0.30914
7105,9779.2,54066,35.624,252.51,214.54,0.081283
7105,9994.3,53044,26.61,647.49,451.59,0.17824
7105,11151,52841,22.39,639.6,543.2,0.081499
7106,9208.1,53424,33.407,436.36,495.03,-0.062993
7106,10029,55132,36.552,534.02,619.12,-0.073796
7106,10817,52929,30.047,459.41,189.93,0.41502
7107,9035,52575,33.765,469.95,453.11,0.018246
7107,10060,54936,24.013,330.32,133.01,0.42584
7107,10666,52840,27.117,438.27,214.41,0.34298
7107,11420,53489,17.001,955.75,477.99,0.33323
7108,9386.5,52658,23.908,555.37,377.19,0.19106
7108,11072,53154,32.346,579.29,483.13,0.090509
7108,11333,53659,23.89,464.04,322.67,0.17969
7109,9210.6,52696,24.901,1263.2,704.03,0.28423
7110,11541,53657,28.63,565.25,225.54,0.42959
7111,8735.8,53175,23.849,381.04,199.1,0.31362
7113,8709.1,53308,24.495,721,244.86,0.49297
7113,11478,53543,22.097,254.52,122.36,0.35068
7115,9902.7,54047,16.971,255.05,157.06,0.23778
7115,11053,53445,23.679,442.21,247.44,0.28242
7116,11000,53591,26.29,605.15,743.05,-0.10229
7117,9597.7,55159,31.256,279.22,268.28,0.019977
7118,9655.6,55193,31.914,489.36,470.93,0.019197
7121,9261.9,52516,38.323,231.77,100.49,0.39509
7121,11660,52749,28.753,199.17,121.68,0.24153
7122,9101.7,53713,29.781,427.17,366.61,0.076291
7123,9067.3,53701,34.141,306.53,194.44,0.22375
7123,11289,53633,27.458,465.47,334.17,0.16419
7124,11330,53515,25.582,1394.9,960.15,0.18462
7125,11196,53564,31.592,902.29,764.51,0.082663
7126,11341,53184,32.557,388.85,274.61,0.17218
7127,11289,53209,25.447,631.4,269.79,0.40126
7128,11158,52801,21.525,399.64,342.52,0.07697
7128,11417,53176,32.35,716.34,593.93,0.093418
7129,9338,54565,26.936,317.38,226.25,0.16764
7129,11165,52849,19.267,708.95,401.49,0.27688
7131,11167,52870,18.345,533.48,336.36,0.22661
7132,9784.1,54077,36.768,426.46,266.23,0.23132
7132,11096,52784,18.211,560.19,477.95,0.079224
7133,9733.6,53434,15.706,582.74,439.52,0.1401
7133,11167,52761,28.616,374.36,277.7,0.14825
7134,11296,53016,30.698,308.07,269.2,0.067343
7135,11481,52929,36.469,220.04,200.85,0.045604
7136,9520.4,52860,30.184,521.32,445.46,0.078464
7136,10320,54220,35.05,201.6,188.62,0.03324
7136,11193,53086,31.875,429.8,173.8,0.42413
7137,9638.1,55311,20.589,450.17,350.55,0.12441
7137,10270,54162,31.793,526.57,586.63,-0.053958
7137,11133,52808,15.164,478.49,353.47,0.15028
7138,11115,52819,17.369,337.9,306.28,0.049098
7140,9484.8,53739,32.476,486.2,289.51,0.25356
7140,11034,55383,24.961,360.42,255.49,0.17037
7141,9514.5,53730,32.808,574.08,788.02,-0.15706
7141,9796.3,53072,31.355,234.48,286.67,-0.10015
7141,11550,54902,24.677,414.25,283.48,0.18741
7142,8936.3,54480,19.101,463.93,317.53,0.18734
7142,9211,53555,28.608,574.39,474.61,0.095113
7142,10611,54514,20.86,1230.5,700.4,0.27452
7142,11242,54828,29.856,252.44,154.95,0.23928
7143,9343.8,53540,24.364,392.83,387.31,0.0070802
7143,10524,54394,35.438,1044.1,813.74,0.12397
7143,11312,52967,32.894,672.29,339.85,0.32846
7144,9432.7,53628,28.23,469.97,440.25,0.032647
7144,11055,53229,21.613,400.28,288.48,0.16233
7145,9030.2,55361,28.922,715.56,625.49,0.06717
7145,9441.4,53730,28.274,624.39,594.59,0.024445
7145,9570.2,54803,35.096,366.6,289.47,0.11757
7145,10809,54741,33.024,262.63,287.8,-0.04574
7145,11102,53471,30.895,681.31,657.21,0.018009
7146,11067,53584,21.506,1226.1,1053.4,0.075763
7147,9138.3,53240,37.213,344.53,187.9,0.29418
7147,11192,53397,20.298,1513.6,776.64,0.32179
7148,9287.5,53138,28.041,447.49,191.46,0.40071
7148,9936.5,54390,32.655,353.64,199,0.27982
7148,11045,53347,19.828,689.89,326.82,0.3571
7148,11152,53688,37.719,827.75,661.98,0.11128
7149,9610.8,53037,26.992,647.61,359.67,0.28586
7149,10030,54143,18.327,776.78,643.49,0.093843
7149,11079,53573,26.549,1326.7,889.36,0.19734
7150,9197.7,55000,36.679,508.4,350.92,0.18326
7150,9467.6,53401,30.508,890.19,535.1,0.24913
7150,9508.4,53695,27.971,1033.8,593.88,0.27025
7151,8970.8,55219,26.632,492.86,298.75,0.24521
7151,9616.8,53599,14.829,1176.5,862.49,0.154
7151,10810,53321,17.017,1172.1,873.66,0.14588
7152,9453.9,52600,19.981,563.21,173.78,0.5284
7153,9422.6,52712,20.476,1101,831.19,0.13965
7153,10935,53825,27.296,531.71,206.7,0.44016
7153,11011,55131,30.922,331.09,285,0.074821
7153,11420,53122,32.023,439.29,270.25,0.23824
7153,11417,55189,22.782,537.82,451.24,0.087535
7154,9008,53613,27.94,366.7,162.29,0.3864
7154,9289.7,53144,21.899,654.49,262.49,0.42749
7154,9448.8,52435,35.611,495.72,469.02,0.027677
7154,11087,53679,21.119,592.38,276.53,0.3635
7154,11175,55247,38.131,437.99,292.13,0.19977
7155,9022.5,55092,27.917,341.93,204.92,0.25054
7155,9275.7,53232,20.939,582.47,155.99,0.57754
7156,8972.9,54730,37.843,316.32,245.93,0.12519
7157,9231.1,52495,32.889,181.7,282,-0.21631
7157,9690.5,54892,31.455,277.23,117.71,0.40391
7158,9427.7,53135,17.118,840.67,212.17,0.59695
7158,9675.8,54909,17.613,719.62,172.35,0.61356
7159,9292.4,52905,19.269,861.14,308.32,0.47271
7159,9625.4,54857,33.601,559.72,318.47,0.27472
7159,11238,55341,27.893,576.5,432.93,0.14222
7160,9571.4,54739,33.146,839.31,485.62,0.26695
7161,9725.4,53537,24.939,574.8,433.57,0.14006
7162,9757.3,53373,23.365,421.12,528.97,-0.11351
7163,9744.7,54016,21.118,819.51,513.51,0.22955
7164,9418.9,52876,33.636,261.42,221.43,0.082818
7164,9621.5,54132,20.399,853.14,678.23,0.11421
7164,10105,53718,30.075,509.94,238.89,0.36196
7164,11113,53338,22.404,797.22,655.5,0.097558
7165,8953.8,53371,24.887,610.66,385.31,0.22626
7165,9691.8,54034,23.856,1652.2,1020.6,0.23632
7165,9801.5,53904,29.767,918.2,511.93,0.28408
7166,8760.9,53346,30.085,573.68,423.26,0.15088
7166,9017.5,54144,24.75,536.4,358.73,0.19848
7166,9557.1,53871,18.253,746.46,402.58,0.29927
7166,10548,55169,29.131,324.69,502.17,-0.21464
7166,11386,54985,32.31,162.36,198.3,-0.099674
7167,8944.7,53281,26.979,470.8,692.17,-0.19035
7167,8976.2,54369,25.376,765.72,519.84,0.19126
7167,9790,53874,37.112,1082.7,647.7,0.2514
7167,10092,53416,33.296,334.43,167.13,0.33355
7167,10891,55087,32.289,267.11,290.84,-0.042542
7168,9216.5,54369,35.908,268.78,167.37,0.23253
7168,9735.4,54715,29.371,526.91,252.23,0.35254
7168,10105,53476,30.394,232,260.51,-0.057886
7168,10973,55239,25.846,415.7,206.02,0.33726
7169,9209.6,53366,26.909,387.21,260.67,0.19531
7169,11126,53858,31.512,1010.6,765.38,0.13808
7169,11565,53488,27.026,380.12,253.79,0.19929
7170,11376,53777,26.119,352.14,299.3,0.081117
7171,8791,54714,25.64,437.67,118.72,0.57324
7171,9632.2,52565,24.158,492.5,187.02,0.44955
7173,9962,53911,18.397,403.23,293.57,0.15738
7175,9272.7,53541,19.652,512.15,271.96,0.30631
7175,10050,54366,29.163,258.94,164.36,0.22342
7175,11246,53316,20.461,833.44,494.98,0.25478
7176,9242.5,53378,32.703,244.25,285.92,-0.078606
7176,11246,53491,31.931,789.52,668.86,0.082733
7177,9496.6,55273,20.185,632.6,284.03,0.38027
7177,10104,54487,28.421,522.01,364.55,0.17761
7177,11037,53968,28.688,813.44,576.24,0.17068
7177,11180,53492,22.136,352.73,284.71,0.1067
7178,8714.7,52672,29.869,310.46,201.48,0.21288
7178,11151,53818,27.367,922.88,915.76,0.0038745
7178,11469,52796,27.973,219.33,119.08,0.29622
7179,11012,53593,17.238,1274.4,1044.9,0.098938
7180,9739.1,54204,34.217,475.39,478.72,-0.0034827
7180,11177,53721,34.998,1123.4,985.06,0.065636
7181,11182,53634,24.734,665.83,549.81,0.095437
7182,9940.7,53762,29.428,289.82,201.53,0.17969
7182,11334,53694,39.2,356.88,248.91,0.17823
7187,8691,52823,30.543,258.02,235.86,0.044853
7187,9405.7,54653,22.896,381.86,282.21,0.15006
7187,10740,52773,23.274,458.22,269.86,0.25871
7188,8846.8,52844,25.782,417.42,251.33,0.24835
7188,9540.5,54628,26.074,494.43,388.5,0.11998
7188,10876,52815,28.686,476.85,790.3,-0.24736
7189,9552.4,54551,20.243,568.35,257.03,0.37718
7189,9845.6,54049,20.684,303.43,185.52,0.24116
7189,11047,52859,24.733,274.49,258.92,0.029185
7190,9630.4,54530,24.73,744.17,534.62,0.16387
7191,9667.7,54558,27.535,695.24,389.12,0.28231
7192,9761.2,54099,30.008,888.1,556.99,0.22913
7192,10452,52411,31.971,300.39,217.27,0.16057
7193,11545,53449,27.877,455.17,133.22,0.54718
7194,8692.9,53739,28.5,421.93,265.05,0.22837
7194,9496.6,54273,26.396,604.74,534.47,0.06168
7195,8802.4,53805,30.753,394.98,187.29,0.35668
7195,9864.2,54273,18.984,329.12,288.75,0.065341
7195,10085,55303,26.229,695.21,368.66,0.30694
7196,9689.3,55140,23.999,647.59,642.84,0.0036835
7197,8970.3,54913,25.216,367.25,376.73,-0.01274
7198,8793.8,54835,27.407,377.18,298.92,0.11576
7198,9607.5,54974,20.192,614.65,243.81,0.43198
7199,9673.8,54891,19.327,579.07,525.82,0.048191
7200,9532.2,52639,28.363,411.93,248.1,0.24821
7200,9790.3,54852,19.342,360.71,250.8,0.17973
7201,9724.7,54799,14.138,475.68,271.32,0.27357
7202,9855.2,52492,30.247,304.12,499.6,-0.24323
7202,11108,53698,33.106,351.34,267.91,0.13473
7202,11273,55116,26.978,288.28,251.4,0.068334
7203,10080,52535,30.241,146.98,300.68,-0.34334
7203,11100,53630,20.425,518,279.88,0.29845
7204,11143,53514,22.619,779.15,799.31,-0.012771
7205,9553,52457,34.434,253.76,114.29,0.37895
7205,11243,53731,21.859,665.21,471.9,0.17
7208,11435,53048,29.24,328.39,363.2,-0.050338
7209,8905.8,53272,27.055,422.45,479.73,-0.063491
7209,9926.7,53911,32.607,180.75,189.47,-0.02356
7210,9303.8,54520,35.862,234.2,336.04,-0.17859
7211,8888.8,52877,36.583,436.59,353.9,0.1046
7211,10001,54215,26.683,668.2,406.03,0.24405
7211,10310,53050,35.227,275.89,160.13,0.2655
7212,8864.4,52875,33.995,384.52,382.51,0.0026239
7212,9790,54126,35.898,624.01,470.56,0.14019
7212,10484,52869,33.24,541.13,567.95,-0.024184
7212,10936,54040,23.456,621.2,247.28,0.43055
7213,9637.1,54123,22.352,819.33,606.78,0.14904
7215,9728.6,54815,21.886,361.35,268.74,0.14698
7216,9968.8,52781,29.061,599.18,468.33,0.12258
7217,10112,52698,32.51,191.77,158.54,0.094865
7217,10561,55015,27.524,372.5,416.78,-0.056092
7218,10476,54905,25.451,546.94,282.46,0.31888
7218,11625,53462,37.337,290.34,308.74,-0.030705
7219,9812.5,53014,20.599,646.19,731.79,-0.062119
7219,10528,54880,26.414,162.47,101.37,0.2316
7219,11164,54125,24.157,892.4,535.47,0.24998
7220,9800.3,52948,19.615,1129.4,687.06,0.24353
7220,11108,54089,30.432,875.23,711.13,0.10345
7221,8673.2,53408,26.248,521.13,306.44,0.25942
7221,9776.5,52750,23.943,734,424.56,0.26708
7221,11076,54061,30.531,352.65,167.27,0.35657
7222,8670.9,53575,27.388,281.19,162.02,0.26889
7222,11035,55350,29.751,468.8,414.83,0.061067
7223,10470,52695,25.159,609.85,634.82,-0.020057
7225,8708.5,52842,32.405,629.66,421.42,0.19811
7225,10202,52402,20.558,1046.6,974.11,0.035863
7226,8945.5,53101,27.966,634.8,395.23,0.23259
7226,9688.3,53532,33.907,390.55,805.24,-0.3468
7226,9919,54002,24.037,282.11,183.71,0.21125
7226,10372,54840,24.152,1022.1,697.83,0.18855
7227,9071.4,53233,15.065,735.33,367.19,0.33391
7227,10734,55047,21.705,747.9,625.51,0.089118
7228,8928.6,52785,20.665,639.59,355.81,0.28508
7228,9567.1,54978,31.343,202.9,135.11,0.20057
7228,9878.8,54040,32.348,235.88,191.62,0.10353
7228,10744,55003,23.854,520.69,329.65,0.22465
7229,9679.3,55060,27.721,328.48,242.48,0.15062
7229,9925,54033,22.511,357.16,242.42,0.19136
7229,10849,55140,25.39,508.03,425.51,0.088387
7230,9811.1,54019,36.311,657.99,434.68,0.20437
7230,10916,55117,24.256,250.9,171.48,0.18803
7231,8850.3,52777,23.485,726.21,265.43,0.46467
7231,9687.8,54525,31.493,446.67,147.94,0.5024
7231,9651.4,54977,26.108,371.72,211.65,0.27439
7232,8803.1,52908,23.652,445.09,237,0.30508
7232,10160,54982,29.928,335,148.24,0.38648
7233,8787.7,53096,21.049,355.32,192.05,0.29829
7234,9244.6,53145,30.94,363.4,156.07,0.39912
7234,11187,55142,27.784,471.15,346.19,0.15289
7235,8852.7,53339,28.914,662.58,543.7,0.098548
7235,11285,55341,31.415,344.91,261.81,0.13696
7236,9084.4,53286,28.768,549.4,333.86,0.24403
7237,9236.5,53371,21.302,598.47,308.1,0.3203
7237,11175,53046,27.689,367.01,288.73,0.11936
7237,11427,54276,33.678,757.7,467.03,0.23734
7238,10933,53006,24.6,257.84,236.92,0.042284
7239,11076,53445,22.504,858.3,725.3,0.083987
7239,11467,54147,29.736,453,145.81,0.51299
7240,11041,53465,30.223,623,392.34,0.22718
7241,10950,53490,30.11,488.36,325.28,0.20044
7242,10127,52476,22.248,640.65,666.03,-0.019424
7242,10665,53644,30.462,376.13,307.6,0.10022
7242,10843,53075,28.752,704.3,514.19,0.15602
7245,10993,52661,23.007,253.26,126.2,0.33485
7245,11368,53376,22.47,313.35,273.97,0.067052
7246,11373,54220,17.911,1481.9,1225.6,0.094645
7247,9181.5,52766,23.987,412.86,253.36,0.23941
7247,10754,54125,29.11,599.05,431.31,0.1628
7247,10699,55349,28.366,479.14,387.29,0.10601
7247,11342,54175,36.87,328.66,422.69,-0.12514
7248,9134.3,52662,30.309,373.4,284.18,0.13568
7248,9151.6,55128,32.162,382.54,194.1,0.32678
7248,10917,54125,37.915,406.84,262.98,0.21476
7249,8936.5,55101,21.793,294.33,194.14,0.2051
7249,10357,54210,15.634,726.53,496.3,0.18827
7250,8866.3,55141,25.007,457.95,193.99,0.40488
7250,10380,54172,21.78,756.87,468.2,0.23563
7250,10925,54122,29.129,422.49,470.85,-0.054136
7251,9071.3,54942,29.447,639.37,381.78,0.25225
7251,10883,54173,21.665,587.04,176.71,0.53725
7252,10167,55231,21.556,384.61,128.87,0.49804
7253,9957.7,55084,32.705,291.01,179.94,0.23584
7253,11128,53944,28.094,299.91,312.82,-0.021066
7254,11169,53684,31.331,240.84,317.86,-0.13787
7255,11114,53584,30.639,382.52,346.93,0.048788
7257,10753,54447,27.269,521.37,333.56,0.21969
7258,9898.2,54019,21.841,373.14,200.38,0.30122
7258,11003,54617,27.076,502.64,400.84,0.11267
7258,11162,53830,29.179,236.09,224.55,0.025061
7259,9070.7,53855,29.737,445.06,329.8,0.14875
7259,9929,53721,29.195,342.84,255.89,0.14522
7260,9353.3,53993,35.621,343.67,119.21,0.48491
7260,9667.7,52827,31.471,291.24,230.93,0.1155
7260,9978.8,53989,18.865,481.03,132.97,0.56688
7261,8991.1,52518,36.63,1057.8,708.69,0.19765
7261,9983.6,54059,16.087,728.78,383.42,0.31052
7262,8949.1,52685,16.871,999.19,516.76,0.31824
7262,10132,52448,28.221,292.63,260.9,0.057324
7262,10119,54106,22.335,330.49,120.11,0.46688
7262,10755,52962,31.973,393.24,211.01,0.30157
7263,8747.4,52724,15.687,1267.5,645.02,0.32549
7263,10829,53243,20.294,682.91,329.33,0.34931
7263,11638,53916,35.283,679.9,256.29,0.45247
7264,10116,52620,29.691,437.82,265.5,0.24501
7265,10305,52491,32.968,448.27,416.23,0.037054
7265,10454,54275,27.622,367.79,229.94,0.23061
7266,10141,52541,30.046,194.56,177.01,0.047242
7267,9070,52795,30.293,730.13,277.17,0.44967
7267,10314,52553,19.921,972.08,1087.9,-0.056228
7267,10431,54124,25.718,255.91,252.82,0.0060583
7268,9041.9,52743,24.077,884.3,394.23,0.38331
7268,10422,52814,21.409,554.6,273.51,0.33943
7270,9468.4,53032,25.353,958.04,651.33,0.19058
7271,10609,54112,37.951,340.28,208.43,0.2403
7272,9583.3,53445,29.115,370.62,323.66,0.067636
7272,10569,54168,25.567,442.83,347.31,0.12089
7272,10977,52464,38.105,240.97,209.49,0.069899
7273,9556.9,53491,16.538,390.47,373.82,0.021793
7273,10349,54144,24.726,524.36,404.92,0.12853
7274,9565.6,53463,26.778,354.66,429.81,-0.095798
7274,10736,52874,35.163,580.81,732.69,-0.11563
7275,9587.2,53542,16.474,348.56,287.49,0.096014
7275,10893,53594,34.382,515.34,597.51,-0.073835
7276,9208.9,55282,25.324,558.41,384.31,0.18467
7276,10160,53074,23.946,442,323.41,0.15493
7276,10450,55101,33.456,372.36,201.22,0.29837
7276,10772,53709,35.408,325.81,180.03,0.2882
7276,11448,54415,37.855,226.21,140.3,0.23443
7277,9046.7,53797,30.36,510.14,326.41,0.21962
7277,9118,55212,27.664,277.77,215.53,0.12617
7277,9162.1,52716,30.071,393.64,370.48,0.030313
7277,9952.9,54947,35.902,559.29,473.9,0.082647
7277,10419,55054,29.529,580.49,463.7,0.11184
7278,8874.1,55365,31.675,385.31,266.28,0.18267
7278,9254,53029,25.364,366.37,214.83,0.26075
7278,11348,54457,27.896,736.08,450.45,0.24072
7279,10973,52690,29.773,323.61,406.86,-0.11397
7280,11211,52396,25.401,903.6,592.54,0.20791
7281,10283,54335,31.268,607.54,784.09,-0.12687
7282,10621,52921,19.129,569.39,267.48,0.36076
7282,10472,54493,28.597,472.18,308.01,0.21042
7282,11280,55372,29.056,566.1,724.73,-0.12289
7283,9692.6,55330,33.039,1214.7,971.09,0.11147
7283,10510,54337,21.042,255.72,200.78,0.12036
7283,10922,52941,29.738,1402.3,890.39,0.22327
7284,9054.2,52704,28.659,653.34,516.91,0.11657
7284,9805.7,52613,30.796,368.26,296.59,0.10779
7284,10767,52912,39.102,251.53,184.74,0.15311
7285,9330.2,53423,30.607,496.84,275.96,0.28582
7285,9271.6,55147,27.623,328.9,243.42,0.14937
7285,10398,54552,25.27,508.35,262.75,0.31851
7286,9235.2,55264,35.376,352.38,161.69,0.37093
7286,10635,53811,33.445,236,220.26,0.034502
7287,10041,54403,32.312,586.31,483.64,0.095952
7287,10601,53750,35.481,397.84,342.94,0.07411
7288,10308,54324,29.27,729.05,303.71,0.41185
7288,11098,55004,29.443,587.71,373.49,0.22287
7289,11113,54951,21.542,577.36,399.25,0.18238
7290,11039,53752,14.652,1092.8,893.86,0.10013
7290,11660,55004,26.693,520.6,499.31,0.020873
7291,9887.3,54005,37.885,258.18,247.64,0.020837
7291,11398,53777,29.009,1194.7,670.17,0.28128
7291,11493,53728,29.841,1510.7,893.64,0.25665
7291,11633,54639,23.155,794.51,458.14,0.26853
7292,9910.5,53904,21.673,315.28,265.74,0.085272
7292,10461,54196,30.384,378.8,515.76,-0.15311
7292,11250,54261,29.434,305.35,244.21,0.11124
7292,11403,53692,21.227,755.97,448.13,0.25566
7293,11138,54524,18.55,1305.7,955.58,0.15484
7293,11345,53953,28.869,596.09,428.9,0.16312
7294,11327,54172,29.159,905.33,204.41,0.63161
7294,11205,54557,29.893,914.49,401.26,0.39007
7295,8752.9,54507,32.376,447.03,155.08,0.48487
7295,9901.1,54011,28.634,338.33,263.43,0.12448
7295,11267,54580,30.332,383.84,194.92,0.32642
7296,9828.8,53974,22.288,975.44,436.54,0.38166
7296,11586,54285,19.778,753.15,368.21,0.34328
7297,11494,54060,35.265,316.08,237.03,0.14292
7298,11366,54616,21.464,387.21,164.77,0.40299
7299,9159.9,53145,25.549,378.45,226.7,0.25077
7299,9842.3,52736,27.63,574.47,372.43,0.21337
7299,11171,54749,27.212,389.16,225.3,0.26667
7300,9295.4,53325,23.45,395.57,188.59,0.35432
7300,9801.7,52968,37.928,482.79,417.89,0.072059
7300,11310,54562,25.692,593.37,348.34,0.2602
7301,9538.2,53887,28.501,700.54,457.15,0.21024
7301,10959,54709,26.577,368.25,228.8,0.23356
7302,9326.2,52997,27.129,1069.7,891.22,0.091022
7303,9211,53248,18.699,641.68,726.39,-0.061914
7303,9297.3,52684,20.154,497.18,484.2,0.013229
7303,9846.8,52925,28.282,158.37,178.59,-0.060023
7304,8853.2,54324,22.988,703.93,479.36,0.18978
7305,8926.9,53693,27.585,642.27,554.56,0.073286
7305,8972,54301,23.085,603.44,413.83,0.18639
7305,9040.3,53047,26.388,484.33,501.77,-0.017679
7306,9061.7,54384,20.752,537.8,298.21,0.28659
7307,9030,54464,17.121,1049.1,629.66,0.24984
7307,10278,54628,30.154,201.14,127.9,0.22258
7308,11116,52942,26.314,928.05,522.45,0.27962
7308,11117,53136,28.424,955.79,498.69,0.31427
7309,8792.6,54437,32.804,238.38,411.48,-0.26636
7309,10962,53415,23.068,837.75,355.51,0.40414
7310,9845.5,52473,21.644,506.17,334.74,0.20386
7310,10978,53510,30.079,733.71,576.76,0.11977
7311,9814.3,52521,23.878,745.75,461.9,0.23504
7311,10029,54186,28.263,411.98,225.05,0.29345
7312,10287,52413,26.547,917.69,363.03,0.43308
7312,11386,54199,34.381,292.35,204.32,0.17723
7314,10331,53212,28.987,598.39,409.67,0.18721
7315,9630.8,54922,21.092,347.25,239.4,0.18385
7315,10369,52964,35.592,380.77,319.18,0.087989
7315,10570,54380,22.834,610.85,444.65,0.15746
7316,10632,54541,29.727,427.37,493.33,-0.071639
7317,9508.9,53767,19.859,287.7,109.11,0.45005
7317,10028,54173,24.582,830.54,280,0.49575
7318,9611.9,53513,18.928,853.76,443.45,0.3163
7318,9909.1,53992,20.942,525.41,310.23,0.2575
7318,11141,52813,33.187,822.76,614.32,0.14504
7319,8788.7,54382,19.414,515.74,255.87,0.33678
7319,9788.9,54043,19.662,506.04,263.63,0.31495
7319,11549,54237,19.862,477.81,362.37,0.1374
7320,8805.6,54402,24.475,705.35,506.95,0.16365
7320,9700.4,53315,33.358,166.62,126.17,0.13815
7320,10344,54597,31.181,290.3,223.51,0.12999
7321,10006,54072,25.903,962.46,938.39,0.01266
7322,9987.7,54131,18.278,918.58,407.24,0.38568
7322,11045,53297,25.56,314.15,217.77,0.1812
7324,8848.4,55212,37.112,486.32,456.76,0.031347
7325,8794.1,53313,21.695,629.56,332.33,0.30901
7325,9467.1,53549,24.574,529.5,206.53,0.4388
7325,10853,53484,36.022,293.34,300.76,-0.012499
7326,9063,53348,36.54,800.93,671.66,0.087783
7326,10977,53737,34.004,512.73,329.66,0.21733
7327,8873.1,53159,18.481,759.1,438.83,0.26735
7327,9491.9,53508,17.624,685,495.28,0.16074
7327,10210,55053,29.643,306.4,108.7,0.47627
7328,9954.5,54538,31.254,444.84,248.85,0.28253
7328,9967,55294,25.345,743.44,310.27,0.41109
7328,11373,53660,30.594,374.03,191.66,0.32239
7329,11290,53292,21.287,679.14,331.78,0.34361
7331,8728.6,52855,21.247,705.74,574.69,0.10235
7331,10209,54955,26.633,483.8,551.98,-0.065829
7331,11221,53815,31.141,266.38,138.12,0.3171
7332,8774.1,52917,21.144,1090.3,702.27,0.21647
7332,9911.6,54576,38.573,316.38,306.12,0.016479
7332,10857,54325,26.562,493.84,228.03,0.36821
7332,11180,53917,28.938,262.53,119.1,0.37585
7333,10208,55115,34.315,354.94,316.49,0.057272
7333,10994,54246,25.054,691.43,447.78,0.21387
7333,11381,54562,40.794,729.33,530.94,0.15742
7334,9022.4,52659,29.963,918.83,909.03,0.0053587
7334,9615.9,53606,27.15,302.29,145.52,0.35007
7334,9715.9,55186,35.255,691.02,479.38,0.18083
7334,10924,54029,32.983,525.95,210.94,0.42749
7335,8942,52645,33.392,701.79,981.41,-0.16612
7335,9608.5,53674,26.447,576.75,223.4,0.44161
7335,9727.9,54940,32.565,520.49,547.81,-0.025572
7336,9551.6,53807,29.094,467.3,412.63,0.062122
7337,9867.8,54081,18.624,276.77,243.51,0.063931
7338,9158.8,54871,32.417,662.85,483.07,0.15689
7338,9876.5,54052,20.717,248.99,190.46,0.13319
7338,10901,53329,32.51,339.86,329.21,0.015915
7339,8840.4,54673,24.439,499.47,218.61,0.39113
7339,10854,53152,37.494,268.28,179.98,0.19698
7340,8921,54455,22.079,605.42,243.61,0.42614
7341,8818.2,54444,16.418,968.3,661.47,0.18827
7342,8846.8,54216,26.001,477.96,320.17,0.1977
7342,9301.7,53700,30.231,526.31,360.44,0.18705
7343,8710.4,54231,25.312,538.82,438.5,0.10265
7343,9322.6,53638,32.132,440.02,342.84,0.12414
7343,10266,54954,26.953,288.44,227.6,0.11789
7344,8850.3,54558,33.737,487.25,260.07,0.30399
7344,11064,53865,30.825,276.64,218.39,0.11767
7346,9017.2,52702,31.776,348.77,164.69,0.35852
7346,11114,53866,36.88,445.28,301,0.19333
7348,10490,53039,26.514,375.99,192.46,0.32286
7348,11222,54005,36.013,492.48,319.97,0.21232
7349,10198,54530,25.814,510.33,208.49,0.41992
7350,8994.7,53773,31.551,170.85,100.09,0.26117
7350,11073,53734,23.852,1117,635.94,0.27442
7351,8833.7,54770,30.818,443.49,508.76,-0.068536
7351,11170,53818,22.129,524.59,146.88,0.56251
7352,8725.3,54878,24.338,473.2,192.52,0.42162
7352,11107,53748,28.39,348.76,258.32,0.14898
7353,9929.6,53939,23.079,245.56,205.96,0.087697
7353,11022,55343,30.821,423.05,295.26,0.1779
7353,11200,53916,33.05,484.45,108.28,0.63463
7355,10875,53725,26.681,946.06,822.59,0.069807
7356,10687,53725,28.817,626.48,471.18,0.14148
7357,9046.4,53140,26.834,582.95,505.09,0.071559
7358,10748,53868,32.118,472.44,378.14,0.11086
7359,9125,54947,22.257,561.72,301,0.30221
7359,9908.6,52962,29.954,469.85,326.31,0.1803
7359,10670,53915,25.639,312.56,220.91,0.1718
7359,11155,52824,31.351,451.06,638.42,-0.17198
7359,11527,55229,29.723,693.8,745.26,-0.035757
7360,9985.1,53073,29.615,431.56,231.03,0.30265
7360,10668,53804,34.423,242.94,217.29,0.055719
7360,11619,53860,25.744,622.16,226.78,0.46574
7361,8869.1,55222,28.066,974.61,736.89,0.13889
7361,10330,52400,40.106,164.82,127.98,0.1258
7361,10282,53082,19.959,467.38,288.18,0.23719
7362,10167,53038,22.495,609.6,342.55,0.28047
7363,10075,53030,22.977,815.61,566.62,0.18014
7363,11074,54750,31.935,427.37,309.63,0.15975
7365,10497,53012,17.765,1321.6,642.56,0.34572
7365,11448,54623,33.326,466.72,499.26,-0.033684
7366,10266,52626,43.302,920.25,1077.8,-0.078868
7366,10525,52746,30.347,708.43,550.5,0.12545
7366,11654,54409,34.484,226.69,198.07,0.067383
7367,10145,52549,28.701,404.41,174.03,0.39827
7367,10525,53192,24.621,704.4,341.08,0.34752
7368,10205,52539,26.605,844.33,788.21,0.034381
7368,10336,54084,29.06,668.48,328.28,0.3413
7368,10653,53194,18.101,758.93,496.65,0.20888
7369,11186,53540,29.293,382.53,325.75,0.080162
7372,9878.8,53841,33.976,207.84,123.51,0.25448
7374,9823.4,53972,23.995,256.23,159.65,0.23223
7374,11060,52818,32.237,316.25,278.62,0.063256
7380,10115,52914,27.508,117.74,133.89,-0.064187
7381,11156,54511,27.56,564.36,510.99,0.049626
7382,9900.5,52837,22.96,216.59,160.54,0.14864
7383,8971,53791,28.799,761.8,445.04,0.26247
7383,9809.7,53023,38.258,235.54,212.15,0.052266
7383,11302,54642,33.68,269.75,192.98,0.16592
7384,8886.6,54041,29.575,653.31,497.98,0.13492
7384,10734,52425,32.551,203.22,208.21,-0.012125
7385,8924.2,54087,32.147,447.28,178.7,0.42906
7385,10011,53890,29.887,253.43,228.36,0.052025
7385,10090,52854,26.102,361.39,284.99,0.11819
7385,10808,54404,28.731,687.43,430.74,0.22956
7385,10910,53347,34.266,367.78,233.76,0.2228
7386,8966.8,54147,29.688,439.64,384.48,0.066928
7386,10652,54423,23.366,341.96,223.94,0.20855
7386,11032,53170,24.026,427.51,235.49,0.28962
7387,8882.6,54289,33.483,691.34,480.17,0.18026
7387,9655.2,54111,32.909,452.3,243.98,0.29919
7387,10550,54433,30.928,762.5,576.56,0.13886
7387,10910,53119,26.536,453.45,274.59,0.24567
7388,10485,54089,14.227,955.62,493.05,0.31931
7389,9170.7,54626,34.216,317.7,241.03,0.13722
7390,10279,54011,30.841,332.01,178.09,0.30174
7390,10540,52425,34.446,331.35,121.53,0.46329
7393,9402.6,53923,35.794,413.85,494.18,-0.088463
7393,10947,52912,27.899,551.59,529.9,0.02005
7394,10668,54315,20.677,555.48,304.85,0.29131
7396,10912,53712,21.22,427.38,255.44,0.25181
7397,8962.4,53301,20.409,832.16,456.29,0.29172
7397,10797,53761,37.131,253.15,131.54,0.31613
7398,8784.4,53355,27.647,345.22,229.28,0.20181
7398,11274,54142,33.155,533.85,411.54,0.12938
7399,8788.8,53405,27.55,517.28,265.1,0.32233
7399,9994.9,53977,26.101,609.37,402.86,0.20402
7400,8829.6,53382,32.871,385.66,437.08,-0.062505
7400,11063,54355,28.341,426.46,419.15,0.0086484
7400,11378,55069,32.699,437.97,339.12,0.1272
7401,9447.6,53530,32.111,254.11,282.95,-0.053707
7402,9224.9,53488,28.188,431.33,173.63,0.42598
7402,10267,54163,20.71,536.14,452.51,0.084594
7403,9028.9,53303,24.08,636.6,329.04,0.3185
7403,9839.3,53143,37.767,675.55,470.31,0.17911
7403,11137,54286,32.871,313.3,176.86,0.27836
7404,9040.6,53254,22.712,839.73,641.06,0.13416
7404,10151,53586,32.748,246.96,145.05,0.25995
7404,10519,53009,27.981,383.67,116.59,0.53388
7405,9062.6,53316,24.17,361.63,257.9,0.16743
7405,10405,54444,23.194,834.85,620.32,0.14743
7406,8927,53225,26.173,314.81,302.03,0.020712
7406,9826.9,52445,28.252,563.44,428.83,0.13565
7406,9906.5,52886,31.113,480.03,339.94,0.17085
7406,10382,54542,23.337,1152.5,650.98,0.27808
7406,11439,55373,32.127,461.2,170.51,0.46016
7407,10078,53107,24.79,953.71,583.71,0.24067
7408,8936.4,53380,29.508,472.39,213.83,0.37679
7408,11053,54270,19.565,1359.3,854.27,0.22815
7409,10017,53700,37.491,591.57,598.51,-0.0058289
7409,11150,54235,26.012,1633,808.01,0.33797
7410,9645.8,52529,20.7,489.45,329.58,0.19519
7410,9741.7,53772,20.202,871.88,684.63,0.1203
7410,10629,54297,31.145,297.25,159.43,0.3018
7410,11277,54344,19.412,1010.2,539.45,0.3038
7411,9672.1,52549,33.987,117.02,343.34,-0.49161
7411,9699.5,53857,38.002,1361.4,1519.5,-0.054873
7411,10739,54524,37.301,322.83,243.53,0.14003
7411,11468,52507,32.944,670.81,747.98,-0.054389
7411,11372,55109,33.159,331.83,157.18,0.35716
7412,9836.8,54077,31.56,958.25,585.18,0.24172
7412,11530,52410,35.285,311.94,138.63,0.38466
7413,9854.8,54017,26.672,418.89,255.47,0.24233
7413,10939,54303,21.14,640.46,509.23,0.11414
7414,9661.7,53876,21.086,760.16,264.32,0.484
7414,9816.6,54863,35.368,461.85,176.98,0.44592
7414,10879,54343,18.49,921.13,547.39,0.2545
7415,9695.3,53333,33.003,454.89,284.83,0.2299
7415,10900,53686,27.7,917.68,567.49,0.23579
7415,11096,54569,36.788,536.53,221.24,0.41608
7416,8873,54575,21.544,445.66,234.46,0.31054
7416,9535.8,53276,35.661,346.88,211.34,0.24281
7416,11408,54790,34.163,519.23,321.6,0.23504
7416,11471,54779,32.135,748.1,384.76,0.32073
7417,8935.9,54658,17.084,822.05,540.94,0.20624
7417,9585,53393,23.819,883.97,778.68,0.063325
7417,9808.4,54144,24.329,894.81,601.78,0.1958
7417,11391,54547,24.662,455.11,366.24,0.1082
7418,8859.6,54699,22.626,1179.2,937.3,0.1143
7418,11329,53624,23.369,593.41,218.07,0.46254
7418,11263,54488,22.548,572.5,195.13,0.4916
7419,9016.9,54908,25.059,1113,900.93,0.10532
7419,11437,53478,20.131,613.04,493.22,0.10831
7420,9868.9,52638,33.191,403.69,329.72,0.10087
7421,9175.3,53755,34.62,424.63,274.76,0.2143
7421,9756.9,52577,24.198,662.46,294.67,0.38427
7422,9655,54907,25.891,432.85,264.64,0.24117
7423,9006.7,53405,27.262,429.76,340.47,0.11592
7424,8964.6,53898,28.76,477.18,325.53,0.18893
7424,9675.1,54805,11.912,714.09,332.44,0.36468
7424,10635,54704,24.035,365.36,182.86,0.33291
7425,8731.8,54231,21.895,434.5,112.27,0.58934
7425,9705.6,54811,11.268,633.35,288.5,0.37409
7425,10422,52474,26.969,612.33,320.01,0.31353
7426,9673.3,54903,27.481,505.26,184.38,0.4653
7426,10320,52471,22.171,550.42,191.9,0.48298
7428,9658.9,54871,34.31,156.25,124.05,0.11487
7429,8851,54551,23.941,596.31,513.8,0.074332
7429,9641.9,54807,13.72,704.83,289.11,0.41825
7429,10528,54705,26.553,200.77,409.46,-0.34198
7430,8883.5,54401,19.926,1163.4,420.81,0.46873
7430,9587.9,54944,12.057,772.24,405.79,0.31107
7430,11288,55001,34.524,238.05,161.85,0.19056
7431,8736.1,54069,32.281,558.44,543.43,0.013624
7431,9663.2,54887,20.121,426.68,166,0.43984
7431,11136,52922,26.577,206.54,117.84,0.27347
7433,8742,53856,34.284,322.68,266.18,0.095943
7433,10720,53246,24.818,455.4,296.34,0.21159
7433,11429,54093,25.512,391.72,366.53,0.033218
7435,10469,52557,35.676,214.66,213,0.0038828
7435,10648,53687,27.107,601.32,679.19,-0.060817
7436,11121,55137,26.363,498.97,358.58,0.16371
7437,10071,54718,36.88,228.81,212.34,0.037338
7438,8709.1,53146,29.431,721.78,714.49,0.0050772
7438,9729.9,53881,28.824,641.61,397.38,0.23506
7438,10332,54470,20.34,1165.1,781.64,0.19698
7438,11331,54715,24.169,420.14,377.82,0.053035
7439,8893.1,55242,33.229,623.85,534.41,0.077216
7440,10040,54420,27.95,1002.5,619.83,0.23587
7441,9949,54492,23.005,450.97,278.99,0.2356
7442,9949.8,54517,27.137,711.05,469.68,0.20442
7445,11614,53504,36.299,492.51,260.2,0.30863
7446,10325,54803,28.809,843.8,575.66,0.1889
7446,11442,53461,28.396,411.86,435.85,-0.028302
7447,9764.9,54914,27.843,233.18,203.45,0.068108
7447,10496,53366,37.201,435.78,147.18,0.49505
7447,11029,55048,27.617,387.82,193.99,0.33315
7448,9557,53492,31.449,399.95,235.32,0.25914
7448,10361,53380,26.867,350.12,272.09,0.1254
7448,10916,54936,31.404,240.14,178.01,0.1486
7449,9646.5,54792,12.567,543.8,291.92,0.30138
7450,9541.4,54968,18.186,321.8,112.88,0.48062
7450,10412,53933,29.882,582.3,425.34,0.15577
7451,9585.6,54844,29.813,393.17,146.55,0.45693
7451,9645.3,54258,34.515,579.68,524.93,0.049561
7451,10389,54027,24.729,597.34,394.42,0.20461
7453,9782.8,54846,19.171,409.5,141.56,0.48621
7453,10598,54297,22.909,483.83,198.87,0.4174
7454,9643.8,54972,21.427,387.99,231.12,0.25338
7455,8725.7,54698,28.915,206.52,150,0.15852
7455,9209,52608,34.987,432.84,328.35,0.13727
7455,9574,54908,24.637,386.06,265.35,0.1853
7456,8777,54547,20.07,352.66,199.57,0.27723
7456,9612.4,54911,20.609,328.02,115.75,0.47835
7456,10698,54181,32.112,679.24,462.26,0.19008
7457,9559.4,54806,18.12,889.62,524.89,0.25785
7458,9666.6,54819,11.106,595.44,445.61,0.14392
7458,9696.9,53535,12.89,717.37,756.16,-0.02632
7458,11228,54584,26.204,1313.2,1020,0.12566
7459,9657.1,53416,14.936,706.99,352.91,0.33407
7459,9622.1,54842,14.786,622.9,464.8,0.14535
7459,11266,54586,13.612,1292.1,849.9,0.20644
7460,9626.7,54831,14.645,506.02,262.05,0.31763
7460,10466,52438,35.024,467.6,683.77,-0.18775
7460,11329,54625,15.502,830.1,374.5,0.37822
7461,8759.4,55370,34.276,380.6,204.87,0.30015
7461,9416.6,53069,35.95,484.88,383.88,0.11627
7461,10529,53631,33.258,240,218.15,0.047697
7461,10651,52426,34.182,408.1,468.36,-0.068756
7461,11175,54088,30.4,1057.3,657.73,0.23299
7461,11196,54372,17.375,939.88,666,0.17055
7462,9524.6,53001,24.9,806.58,651.51,0.10636
7462,10252,54737,28.431,385.86,268.9,0.17863
7462,10550,52646,33.159,622.34,582.4,0.033155
7462,10964,55098,23.002,691.68,728.1,-0.025654
7462,11182,54264,22.815,692.86,409.56,0.25698
7463,10479,52590,22.042,870,640.39,0.15202
7463,10529,54834,26.455,695.45,610.22,0.065279
7464,8676.4,52705,22.577,613.89,442.71,0.16201
7464,10570,53514,37.086,309.74,224.51,0.15954
7464,11211,55335,30.846,298.64,293.35,0.0089418
7465,10671,53376,35.278,435.93,322.43,0.14966
7466,9029.7,53110,26.83,392,233.09,0.25422
7466,9964.9,52529,27.102,374.27,166.17,0.38506
7466,10890,53336,20.479,604.07,334.34,0.28744
7467,9539.7,52675,22.146,637.69,670.05,-0.024739
7467,9621.2,53398,21.032,306.9,193.69,0.22614
7467,10246,52412,20.528,1100,722.1,0.2074
7468,9536.1,53354,32.46,451.53,229.33,0.32636
7468,11014,52513,36.593,415.58,208.83,0.3311
7469,9859.3,52689,35.468,533.06,535.39,-0.0021774
7471,9566,52833,32.808,305.03,334.59,-0.046219
7471,9866.3,53962,39.035,320.33,460.19,-0.17919
7471,10896,55086,27.246,468.61,272.38,0.26482
7472,9781.6,52528,33.62,365.56,197.11,0.29938
7472,11037,55124,36.952,329.11,314.11,0.023309
7474,9635.6,54886,35.848,303.76,150.5,0.33739
7475,9762.9,54860,21.664,422.5,114.85,0.57252
7475,9929.8,53954,19.269,450.41,299.04,0.20197
7476,8924.9,55196,38.815,802.4,568.03,0.17102
7476,9835.2,54144,19.467,1160.6,519.64,0.38146
7477,8726.4,52568,26.999,444.95,341.87,0.13101
7477,8781.6,55095,23.293,884.99,785.88,0.059315
7477,10029,54129,27.933,1295.2,742.15,0.27145
7477,10553,54150,29.747,586.35,308.23,0.31089
7477,11273,54028,28.965,466.3,176.08,0.45179
7477,11297,55380,27.951,317.63,141.8,0.38271
7478,8872.8,55350,34.012,273.5,166.11,0.2443
7478,9749.7,53935,28.278,680.4,474.35,0.17844
7480,9479.3,54073,23.414,796.87,960.66,-0.093195
7480,9529.2,54622,27.554,808.85,649.86,0.10899
7480,10164,53273,23.129,499.12,605.29,-0.096134
7480,11236,53940,21.847,723.26,519.93,0.16356
7482,8953.5,55362,32.748,366.33,313.4,0.077863
7483,9934.6,54422,25.226,259.08,205.51,0.1153
7485,9568.9,54513,27.848,448.52,172.77,0.44383
7485,9479.1,55173,32.422,312.26,119.14,0.44767
7485,10692,53937,30.63,328.18,173.9,0.30727
7486,11587,55284,24.994,449.98,228.84,0.32578
7487,9323.8,54579,38.698,406.15,262.68,0.21451
7487,10995,54586,33.78,411.08,214.06,0.31516
7488,8897.1,54496,28.823,409.46,254.2,0.23394
7488,11292,54510,34.885,805.78,499.58,0.23458
7489,10309,54257,32.279,380.09,177.86,0.36244
7489,11477,54637,27.474,614.22,506.29,0.096327
7490,10537,53484,32.273,359.52,190.77,0.30666
7494,10960,54732,25.142,548.66,462.39,0.085331
7494,11514,53815,33.37,347.91,232.42,0.19902
7495,10990,54877,29.29,399.32,226.89,0.27535
7496,10843,53975,25.15,400.22,303.18,0.13796
7497,10716,53910,31.262,402.57,282.16,0.17585
7499,10934,53553,14.211,1238.1,958.28,0.12739
7500,9630.5,54872,35.642,234.84,226.08,0.019005
7500,10859,53638,18.639,740.85,476.19,0.21746
7501,8695.3,53178,23.804,309.6,143.29,0.36723
7501,10987,53704,22.567,573.94,366.89,0.22007
7502,8846.2,53311,29.229,462.05,379.06,0.098668
7503,10565,54208,26.733,245.04,198.53,0.10484
7505,11069,54242,28.477,364.56,206.65,0.27644
7506,11031,54327,26.683,1257.5,580.16,0.36858
7506,11262,53738,33.147,1384.6,1028.4,0.14761
7508,10450,53058,25.923,296.7,294.6,0.0035532
7509,10519,54359,25.906,305.79,362.43,-0.084771
7510,11331,54373,31.026,1111.6,768.07,0.18275
7511,10912,53808,32.044,506.96,292.44,0.26836
7511,11134,54408,30.766,684.14,512.87,0.14308
7512,10180,53179,27.333,349.84,237.79,0.19069
7512,10898,53319,37.425,411.53,429.3,-0.021137
7512,10917,54558,32.234,366.4,318.8,0.069465
7512,11287,54954,34.874,463.26,389.96,0.08591
7513,10837,54368,31.416,371.91,406.71,-0.044693
7514,9942.9,53905,22.419,669.18,668.42,0.00057015
7514,11441,55024,33.429,501.23,244.02,0.34513
7515,10991,53878,25.176,1485.9,1228.8,0.094702
7515,11561,53686,32.653,1418.5,1409.6,0.0031593
7516,8808.2,54279,26.685,630.26,446.53,0.17063
7516,9695.6,53101,28.005,653.6,330.86,0.32783
7516,9986,53988,15.816,735.59,388.84,0.30838
7516,11064,53812,34.193,520.06,574.43,-0.049677
7517,8811.3,54137,25.25,444.87,510.92,-0.069111
7517,9438.6,52513,26.983,549.94,499.28,0.048281
7518,8694.8,54007,20.281,471.87,378.96,0.10919
7518,9371,52658,28.224,708.64,523.55,0.15021
7519,8774.4,54050,34.958,241.12,207.05,0.07602
7519,9373.3,52758,19.155,551.99,329.78,0.25201
7520,9363.7,52725,23.943,463.7,310.79,0.19743
7520,9866.2,55323,34.27,236.02,192.25,0.10219
7520,10531,53316,28.741,354.9,368.45,-0.018728
7520,11156,53873,30.529,356.82,322.28,0.050873
7521,10786,53244,18.569,645.54,456.89,0.17112
7522,9804.8,53113,23.133,743.76,467.88,0.22769
7522,10777,54966,33.407,833.96,1093.3,-0.13454
7522,10860,53317,21.993,684.26,556.68,0.1028
7523,10606,55067,32.876,624.54,740.83,-0.085171
7524,10880,53649,24.593,603.8,326.86,0.29757
7525,9174.6,54742,32.803,654.48,426.95,0.2104
7525,10549,53353,32.098,445.1,281.83,0.2246
7526,9135.8,54470,30.132,685.26,418.68,0.24148
7526,10811,54276,18.866,636.66,216.39,0.49268
7527,8680.2,54521,25.204,358.08,249.24,0.17922
7528,10373,55078,34.04,345.68,129.46,0.45508
7528,11561,52518,30.256,439.24,371.42,0.083659
7529,10298,55058,36.541,170.89,270.3,-0.22532
7530,11091,53492,35.977,160.11,268.86,-0.25351
7530,11323,55373,35.654,290.05,314.86,-0.041019
7532,9609.2,53466,22.002,703.87,602.05,0.077965
7533,9217.3,53999,32.074,588.27,538.95,0.04375
7535,9772.1,54128,21.722,625.14,538.52,0.074438
7536,9434.7,54313,37.318,559.07,469.12,0.087486
7537,8826.9,53544,30.489,234.44,231.94,0.0053552
7537,11039,52764,27.316,653.37,276.14,0.40583
7538,9754.7,54040,36.821,170.05,179.07,-0.025823
7538,9829.9,55019,35.248,201.36,176.28,0.066407
7538,10978,52633,27.253,351.03,383.7,-0.044475
7539,10753,54942,33.469,240.6,207.41,0.074086
7539,11010,52719,33.726,256.33,193.18,0.14047
7540,9922.9,53993,31.292,157.81,121.65,0.1294
7540,11007,54971,22.661,458.43,405.98,0.06068
7541,11572,53734,37.088,428.1,272.06,0.22287
7542,11239,53045,33.188,223.81,208.84,0.034598
7542,11256,54738,36.194,294.93,216.21,0.15401
7543,11461,53660,28.546,549.02,489.89,0.05692
7545,10005,53407,36.417,497.74,256.4,0.32002
7546,8881,54647,23.347,415.53,132.77,0.51571
7548,9901.6,52907,30.892,756.07,458.1,0.24541
7549,9002.5,54872,35.385,695.42,691.64,0.0027266
7549,10575,53091,22.772,339.52,163.52,0.34988
7549,11469,53815,32.583,705.24,710.78,-0.0039078
7550,8923.9,55004,21.282,503.07,354.07,0.17384
7550,9970.5,53975,28.763,320.78,112.47,0.48081
7550,11578,53656,25.34,551.87,282.95,0.32213
7551,8676.9,52975,25.241,370.3,284.58,0.1309
7551,8884,54988,23.678,304.31,219.32,0.16232
7551,9645.9,54802,39.921,249.48,220.7,0.061197
7551,9877.1,53926,27.672,392.91,201.5,0.32202
7552,9227.9,54667,33.304,258.13,234.39,0.048197
7552,9857,54011,18.005,416.65,182.91,0.38985
7552,11660,53339,37.374,710.08,521.02,0.15357
7553,9806.4,54061,30.038,274.72,139.13,0.32764
7555,10318,55278,30.116,355.35,368.61,-0.018319
7555,10472,53568,32.761,205.65,145.69,0.17065
7555,11303,53569,28.993,761.83,576.51,0.13847
7556,8695.5,53032,24.125,285.06,335.6,-0.081437
7556,9859.9,52778,24.288,370.64,257.56,0.18
7556,11089,54120,24.538,907.98,645.69,0.16882
7557,10684,53677,31.599,442.11,351.45,0.11425
7557,10981,54342,33.661,984.12,659.76,0.19731
7557,11117,52877,36.611,352.84,213.01,0.24711
7558,11025,53667,21.566,718.59,502.41,0.17705
7559,9071.2,55303,25.323,410.75,202.4,0.3398
7559,11140,53646,16.264,852.52,844.38,0.0047973
7560,9546.5,55338,26.113,677.41,490.07,0.16046
7560,11226,53541,28.231,590.59,582.57,0.006832
7561,8721.9,52570,25.159,827.28,528.41,0.22046
7561,11142,53226,24.812,879.45,715.81,0.10258
7562,8779.5,52634,23.118,802.62,925.45,-0.071079
7562,9134.1,55087,27.303,778.72,429.87,0.28865
7563,9147.3,54828,24.361,483.8,267.9,0.28722
7563,11101,52852,30.2,672.07,575.49,0.077413
7564,10784,54961,34.267,413.3,299.83,0.15912
7566,9516.2,53280,28.641,172.13,142.28,0.094955
7567,9545.1,53141,32.208,609.8,495.07,0.10384
7569,9903.4,52970,33.265,374.5,330.52,0.062389
7570,9025.1,54993,27.07,485.49,320.57,0.2046
7571,8971.9,55026,25.795,315.96,259.65,0.097825
7571,9478.5,52764,34.904,544.13,391.58,0.16303
7572,8746.2,55293,33.842,284.64,178.49,0.22921
7572,9214.3,54397,29.618,433.01,164.73,0.44882
7573,9306.8,54338,30.124,388.23,655.92,-0.25637
7574,9130.6,54305,33.239,196.87,162.41,0.095913
7574,10438,55151,29.411,576.87,731.72,-0.11834
7575,8700.3,52690,18.316,539.63,209.51,0.44067
7575,9105.8,54167,29.144,386.27,347.14,0.05336
7575,9729.5,54079,35.029,208.57,170.93,0.099164
7575,10395,53295,32.734,389.17,308.9,0.11499
7576,9398.1,52701,11.438,918.85,202.95,0.63817
7576,9757.4,54909,21.44,227.69,183.59,0.10721
7576,10662,53270,32.616,366.97,104.19,0.55772
7577,9382.6,52681,18.332,567.33,253.17,0.38289
7577,10072,53092,26.108,1002.2,561.05,0.28218
7577,10594,54694,28.503,478.67,148.42,0.52664
7578,11108,52520,32.601,525.69,185.83,0.47765
7579,9357.2,52774,22.87,623.71,315.65,0.32794
7579,11572,53180,29.799,296.49,249.79,0.085487
7580,9278.1,52888,35.115,370.47,493.79,-0.14269
7580,11028,53611,25.196,825.58,616.17,0.14525
7581,9300.2,52749,33.154,441.13,542.83,-0.10335
7581,11194,53386,33.052,339.84,202.28,0.25374
7582,8815.4,54518,31.072,666.48,159.66,0.61348
7582,10118,52862,38.512,380.73,360.12,0.027826
7582,11181,53447,26.042,316.09,209.13,0.20366
7583,8843.3,54457,27.999,628.24,368.66,0.26039
7584,8907.1,54411,16.736,1163.9,664.86,0.27287
7585,8833.5,54401,25.833,945.36,455.25,0.34993
7585,9394.6,54087,28.459,340.24,271.54,0.11229
7585,9882.3,52761,34.855,805.42,809.1,-0.002281
7585,10842,53710,26.178,365.87,299.65,0.099513
7586,9595.4,52626,28.854,866.69,598.2,0.18328
7587,9520.9,52411,25.391,718.34,423.65,0.25805
7587,9800,55181,18.687,359.39,152.97,0.40287
7587,10968,53926,30.402,1072.4,634.37,0.25663
7588,9994.9,55049,29.447,506.66,129.14,0.59378
7588,11135,53310,28.514,605.87,377.53,0.23219
7590,10289,54774,30.847,494.59,326.16,0.20521
7590,10502,54094,38.184,283.38,204.48,0.16173
7590,10953,53053,30.534,332.37,199.43,0.24997
7592,9956.8,53994,28.991,520.77,228.23,0.39058
7592,10144,53120,22.717,400.37,202.68,0.32783
7593,9727.9,54022,19.661,805.99,463.09,0.2702
7593,10443,53134,38.602,959.04,478.62,0.33417
7593,10977,53033,28.822,695.07,517.3,0.14663
7594,9942,54043,27.652,587.22,443.5,0.13943
7595,9907.3,53991,17.185,485.97,359.5,0.14958
7595,11479,54314,22.697,487.85,371.19,0.13581
7596,8704.5,53334,30.027,400.4,233.55,0.2632
7596,9034.1,54457,28.987,367.92,263.9,0.16463
7596,9880.3,54064,18.273,509.2,334.73,0.20674
7596,10102,53045,24.015,1040.8,164.8,0.7266
7597,8697.1,53269,30.84,1176.8,867.95,0.15103
7597,9854.9,54015,13.211,507.59,356.79,0.17446
7597,10206,54887,36.233,580.37,190.22,0.50629
7598,9945,54072,17.496,409.62,271.08,0.20353
7598,10207,54672,30.95,295.8,149.78,0.32771
7599,9868.6,54072,15.834,428.21,247.96,0.26658
7601,9949.4,53993,16.564,484.4,499.97,-0.015823
7601,10263,54729,21.045,594.47,592.79,0.0014124
7602,11569,54702,19.791,941.06,327.47,0.4837
7602,11610,53447,35.344,417.85,291.62,0.17792
7603,9927.6,54079,18.59,649.85,395,0.24391
7603,11473,53322,32.697,640.41,332.6,0.31634
7603,11491,53991,36.431,139.23,245.12,-0.27549
7604,9960.3,54011,14.671,670.96,443.03,0.20461
7604,10736,52410,33.978,398.88,357.86,0.054197
7605,10606,53805,29.752,706.39,759.7,-0.036367
7606,9863.2,53907,20.209,323.84,114.41,0.47789
7606,10948,52405,29.305,369.89,213.65,0.26774
7606,10768,54001,25.513,801.64,324.89,0.42319
7607,9723.5,53444,26.6,319.67,186.64,0.26273
7607,10966,52532,35.185,729.42,707.68,0.015131
7607,10910,54098,29.47,758.23,635.35,0.088177
7608,10859,54227,31.993,780.08,633.59,0.10362
7608,11141,55049,26.08,476.41,317.96,0.19946
7609,9601.1,52836,34.583,675.85,500.78,0.14879
7609,9791,54032,34.091,236.05,334.57,-0.17265
7609,10636,54281,36.905,507.68,223.96,0.38779
7610,9300.6,52417,30.303,218.49,107.76,0.33942
7610,9786,52997,32.177,412.85,375.02,0.048021
7610,11573,53714,23.507,1049,616.95,0.25936
7611,8782,52612,36.052,436.9,179.68,0.41717
7612,9671,52452,29.594,745.63,407.65,0.29306
7612,9916.9,54032,24.161,1185.9,1261.7,-0.030982
7612,11245,55216,21.226,493.89,336.51,0.18952
7613,8982.8,53214,25.917,655.53,384.51,0.26059
7613,9132.9,52674,31.957,303.92,282.25,0.036958
7613,10014,54055,31.677,1131.4,1014,0.054729
7613,10329,54076,27.251,853.36,490.53,0.26998
7614,10149,54338,28.386,427.3,110.33,0.58957
7615,8699.3,53139,17.827,528,270.65,0.32224
7615,10788,52593,35.471,529.89,332.28,0.2292
7615,10689,54390,29.145,749.3,395.38,0.30919
7616,10247,54675,32.926,851.41,572.09,0.19622
7616,10921,53528,32.968,833.87,695.68,0.090346
7616,11069,52817,17.778,659.85,328.01,0.33592
7617,11073,53477,30.391,430.08,499.39,-0.074561
7619,10371,55043,24.237,717.42,448.24,0.23093
7619,11148,52953,26.584,433.76,378.13,0.068518
7620,11168,52922,17.388,733.79,645.48,0.064026
7621,9833.9,53944,23.925,249.28,272.47,-0.044446
7621,10688,55290,31.554,539.98,371.22,0.1852
7621,11122,53135,17.408,709.06,500.81,0.17212
7622,9902,53977,19.101,365.16,284.37,0.12439
7622,10964,53158,18.904,969.65,785.94,0.10464
7623,8932.1,53368,29.099,940.99,382.18,0.42233
7623,10753,53101,27.53,1393.3,1297.7,0.035514
7624,9076,53278,38.389,290.04,209.51,0.16121
7624,10481,52977,16.82,1334.4,574.69,0.39795
7624,10942,52938,34.046,844.72,651.05,0.12948
7625,11033,53810,26.422,739.71,641.57,0.071055
7625,11601,52997,33.647,700.11,514.53,0.15279
7626,10575,52921,20.639,1087.8,560.43,0.31997
7627,10557,52989,30.458,779.81,405.45,0.31585
7627,10611,54208,25.935,835.35,546.2,0.2093
7628,9735.6,54257,32.9,223.45,187.35,0.087881
7628,10535,52975,17.564,495.43,182.98,0.46056
7630,9827.4,54003,27.282,627.8,559.48,0.057544
7631,9546.1,53877,22.519,375.62,301.47,0.1095
7632,9635.3,54907,32.674,602.37,312.33,0.31709
7632,9929,52771,25.383,850.08,529.44,0.23242
7633,9415.5,52810,31.237,498.45,271.48,0.2948
7633,9579,53856,26.657,418.37,238.6,0.27364
7633,9850,52892,23.402,537.88,307.31,0.27279
7634,9381.1,52699,26.874,460.92,132.18,0.55426
7634,9334.4,53518,25.226,365.04,160.56,0.38904
7635,9289.8,53445,25.531,881.81,1034.6,-0.079715
7635,9713.8,52517,22.343,494.27,173.09,0.48127
7636,8737.2,53108,31.679,414.56,325.9,0.11974
7636,9418.7,53594,16.433,603.51,400.33,0.2024
7637,10517,52475,31.558,366.36,172.36,0.36012
7638,9367.7,53531,31.114,571.14,250.21,0.39074
7639,10739,52405,27.424,708.32,460.43,0.2121
7641,9297.7,52672,28.686,426.85,276.01,0.21461
7641,10768,52608,27.089,637.43,412.54,0.21419
7642,9386.8,52576,20.255,809.67,482.8,0.25291
7643,9385.1,52622,24.45,471.52,263.67,0.28272
7643,10720,52537,32.496,440.8,257.72,0.2621
7644,9258.5,54890,25.828,214.57,125.59,0.2616
7644,9357.4,52700,26.678,529.14,375.32,0.17006
7644,10721,52774,33.953,374.07,570.28,-0.20777
7645,10255,55390,15.021,983.7,693.04,0.17335
7646,10758,52752,32.794,553.35,456.57,0.095837
7647,9377,53441,32.626,289.5,206.42,0.16753
7647,9729.8,54846,25.599,570.85,455.54,0.11234
7648,9744.8,54989,30.412,294.92,146.39,0.33656
7649,10559,53142,30.003,760.02,424.84,0.28289
7650,10555,53234,34.79,433.04,328.1,0.13786
7651,10659,53121,20.748,590.89,561.91,0.025141
7652,10700,53164,23.413,452.5,262.66,0.26545
7653,10823,53535,27.551,866.09,701.13,0.10526
7654,8809.5,53761,34.946,752.02,246.22,0.50669
7654,9180,54825,16.769,477.48,184.04,0.44359
7654,9719,54147,29.37,437.47,267.62,0.2409
7655,9003.6,54920,36.206,563.43,468.18,0.092336
7656,9749.8,54517,33.362,455.07,155.82,0.48987
7656,9902.7,54012,25.991,423.27,297,0.17531
7657,8750.3,53954,26.903,502.45,290.11,0.26791
7659,11595,53345,23.431,536.06,302.44,0.27862
7660,9040.9,53888,24.333,593.29,390.11,0.20661
7661,11645,53624,24.102,797.86,517.28,0.21334
7662,9822.1,54117,24.9,689.54,761.91,-0.049857
7662,11448,53630,14.787,1611,1349.3,0.088431
7663,9857.9,54035,29.875,186.8,210.56,-0.059793
7664,9867.4,53963,23.612,526.34,336.91,0.21945
7665,9651.5,53772,31.47,583.21,376.42,0.21549
7665,9791,55245,24.701,1502.4,1019.7,0.19138
7667,9615.8,54685,37.804,654.7,514.98,0.11945
7668,9761.3,53429,17.281,538.87,320.95,0.25344
7668,11257,54916,34.852,380.89,236.32,0.23423
7669,10050,55176,21.604,723.14,318.75,0.38813
7669,10228,54009,27.296,823.99,504.55,0.24044
7669,10303,52637,17.76,1091.6,841.62,0.12931
7669,11298,54664,38.594,552.04,359.04,0.21183
7670,10158,55360,22.86,656.4,460.78,0.1751
7670,10380,54212,26.804,331.5,186.11,0.28089
7671,9125.2,53453,30.902,634.39,356.39,0.28058
7671,10365,52712,25.327,412.3,208.8,0.32764
7671,10316,54124,29.871,353.24,223.12,0.22576
7672,9333.3,53389,24.825,899.98,785.3,0.068049
7672,10615,52692,21.443,409.68,289.7,0.17156
7672,11296,53695,18.103,1217.3,570.05,0.36211
7673,9218.1,53494,24.52,570.44,394.57,0.18225
7673,10398,52699,37.051,881.52,488.2,0.28716
7673,10957,54965,22.539,736.1,441.91,0.24974
7673,11588,53197,27.064,279.28,282.71,-0.0061059
7673,11654,55008,31.496,474.81,319.07,0.19618
7674,8787.2,53060,23.189,1424,912.08,0.21914
7674,9380.9,52539,31.73,364.78,162.85,0.38271
7674,10463,52708,28.321,700.19,459.78,0.20725
7675,11487,53335,32.486,300.73,457.35,-0.2066
7680,8849.4,52968,26.54,810.28,501.12,0.23574
7680,9401.7,52449,24.545,319.03,173.82,0.29463
7681,9026.8,54401,23.539,725.52,341.67,0.35968
7682,8916.3,54370,39.381,303.56,209.41,0.18353
7682,9210.3,53126,28.115,302.2,316.53,-0.023165
7682,11100,53681,34.059,444.38,141.52,0.51692
7683,9012,54449,28.491,508.5,382.68,0.14118
7683,10675,54577,25.175,441.83,296.64,0.1966
7684,8881.3,54905,27.849,432.79,453.63,-0.023509
7684,9899.3,55265,36.958,175.33,202.09,-0.070901
7684,10132,53370,28.656,303.38,187.2,0.23682
7684,11012,54018,28.362,824.2,365.72,0.3853
7684,11194,55110,35.649,285.41,390.59,-0.15559
7686,9769.2,53566,32.652,220.79,164.76,0.14534
7687,9845.5,53937,20.98,1105.1,1004,0.047922
7687,11054,53056,26.498,312.79,108.6,0.48457
7687,11342,52524,36.135,368.04,258.43,0.17497
7688,10179,54026,25.485,971.31,1349.5,-0.16295
7689,9079.1,53402,30.958,440.7,108.1,0.60607
7689,9203.1,54014,31.922,203.28,191.68,0.029369
7689,10329,54043,33.154,690.78,716.23,-0.018086
7689,11520,54061,27.724,301.88,280.61,0.036514
7690,10675,54166,36.918,187.92,152.3,0.10471
7690,10810,52962,14.021,1038.4,316.92,0.53233
7692,9660.7,54845,24.949,502.6,368.82,0.15352
7692,10360,52555,32.733,1285,707.81,0.28964
7694,9705.8,54846,13.611,527.34,278.14,0.30939
7698,10369,52743,24.955,499.92,374.23,0.14379
7698,10538,54736,24.74,387.06,301.36,0.1245
7699,10371,54719,31.335,302.83,245.61,0.10433
7700,10832,52440,37.571,258.48,195.59,0.1385
7700,11250,54561,32.902,419.82,354.64,0.08416
7700,11652,53622,28.16,424.76,295.38,0.17966
7703,9663.7,54931,9.0866,713.4,161.08,0.6316
7703,11319,53684,25.79,210.72,145.65,0.18259
7704,9920.8,54186,32.239,461.39,435.15,0.029272
7704,10421,52667,25.158,478.22,694.17,-0.1842
7705,10038,54084,25.519,698.71,686.13,0.0090889
7706,9404.6,53283,36.938,258.76,186.66,0.16185
7707,10957,53194,33.154,392.17,300.7,0.13202
7708,9558.5,53247,28.123,592.29,461.37,0.12426
7708,11190,54688,29.629,493.67,331.56,0.19645
7709,8943,53327,26.002,507.52,304.39,0.25019
7709,11100,54668,24.772,639.64,604.75,0.028039
7709,11233,53131,25.293,308.53,261.95,0.08166
7710,9027.9,53340,31.751,400.72,298.14,0.14679
7711,9314.2,53085,32.291,474,334.96,0.17187
7711,11426,54792,32.507,392.86,423.99,-0.03811
7714,10266,52493,24.316,889.83,445.46,0.33279
7714,11037,55340,33.128,178.01,137.99,0.12667
7718,9939.7,52747,36.602,642.07,414.1,0.21585
7718,10160,55241,29.147,263.66,112.67,0.40119
7719,10750,54655,32.493,188.65,131.18,0.17968
7725,10490,52636,33.537,505.84,486.25,0.019753
7725,11628,55072,29.042,467.45,421.39,0.051829
7727,9239.1,53927,35.58,546.19,361.06,0.20406
7728,9203.7,53898,19.537,1549.8,809.84,0.3136
7728,9700.7,52566,31.288,329.91,285.39,0.072346
7728,10349,52423,28.548,369.27,112.9,0.53169
7728,11153,54783,32.598,361.78,359.42,0.0032676
7728,11664,55281,24.179,639.08,398.4,0.23198
7729,8940,53790,25.366,1151.2,634.85,0.2891
7729,9137.4,53778,17.247,1106.5,491.09,0.38522
7729,10242,52566,21.925,988.88,733.4,0.14834
7729,10765,55100,25.908,253.25,142.19,0.28087
7730,9991.9,53989,34.192,720.13,563.52,0.12201
7730,11084,55247,22.595,1001.1,773.9,0.12799
7731,9871.3,54139,23.488,716.32,548.41,0.13276
7731,10974,54914,19.476,365.65,137.99,0.45204
7732,9306.9,52674,24.83,769.49,385.81,0.33211
7732,9814.2,54223,30.63,686.68,661.4,0.018756
7732,9848.1,54084,24.044,598.22,582.15,0.013616
7732,11318,54849,32.046,657.37,676.91,-0.014647
7734,11149,53667,26.387,607.29,607.07,0.00017586
7735,9881.8,52835,28.548,414.19,378.69,0.044779
7736,9787.1,52616,34.129,140.41,125.88,0.054532
7737,8761.9,52953,22.087,931.32,701.19,0.14097
7737,9419.9,52751,24.501,503.48,233.79,0.36579
7737,11656,53312,26.426,951.75,460.72,0.34764
7738,9576.1,52881,35.852,748.89,919.04,-0.10201
7738,11194,54168,38.307,578.51,433.4,0.1434
7739,8841.3,53287,33.383,885.33,776.04,0.065786
7739,10458,52754,30.386,316,256.19,0.10454
7740,9088.7,53324,20.237,498.64,318.59,0.22032
7740,11003,53632,34.659,477.93,199.24,0.41155
7741,8974.5,53217,21.725,1007.5,722.86,0.16449
7741,10916,53667,27.993,546.35,489.39,0.054991
7742,8846.1,52393,35.562,498.66,348.39,0.1774
7743,8844.6,55175,32.504,386.21,292.03,0.13886
7744,8793.4,52536,35.419,535.56,405.64,0.13804
7744,9244.3,53275,18.526,646.14,358.16,0.28675
7744,10350,54359,35.795,198.71,188.13,0.027335
7745,9143.7,53422,21.842,406.68,331.11,0.10243
7746,8840.7,52594,34.756,218.4,135.01,0.23595
7746,9299.1,53569,25.068,338.02,215.85,0.22057
7747,9433.1,54198,27.248,172.55,150.35,0.068748
7748,8730.2,54412,26.029,582.07,378.24,0.21226
7748,10276,54029,29.891,644.56,680.97,-0.027472
7748,11143,54556,31.687,284.67,216.3,0.13647
7749,8746.5,54164,30.691,626.79,341.43,0.29472
7749,8753.9,54121,30.693,576.93,313.32,0.2961
7749,9971.3,54941,33.458,871.01,728.85,0.088854
7749,10127,54084,18.55,928.47,645.1,0.18008
7751,9557.6,53806,33.317,702.04,539.59,0.13083
7751,10705,54682,31.465,319.88,271.39,0.082022
7752,10005,55250,35.59,519.6,459.23,0.061672
7752,10317,53446,32.891,570.3,237.31,0.41232
7753,8980.2,54166,28.335,186.06,153.08,0.097248
7753,10481,54064,34.979,492.55,572.52,-0.07509
7753,11265,54966,33.442,528.74,456.12,0.073735
7754,9658.2,53424,28.159,681.38,327.86,0.35028
7754,10870,53956,27.97,382.73,209.6,0.29229
7755,9812.4,53492,28.523,197.17,156.43,0.1152
7757,9406.2,54889,32.925,306.4,166.79,0.29505
7758,9830.5,53962,28.2,444.91,317.78,0.16668
7758,9952.2,52872,40.873,592.17,480.22,0.10439
7759,9790.2,53830,27.157,230.49,102.16,0.38577
7759,10076,53009,31.02,613.48,500,0.10191
7760,9206.6,54313,32.843,323.44,225.38,0.17867
7760,9986.5,54038,32.835,368.9,323.75,0.06519
7761,9052.5,54562,24.188,536.78,411.51,0.1321
7761,9650.7,53362,23.165,1156.3,755.75,0.2095
7761,10118,54105,35.84,247.87,125.44,0.32793
7761,10866,53630,24.331,894.83,658.71,0.15199
7762,9636.7,53421,29.326,687.62,621.04,0.050873
7762,10135,52472,29.673,620.6,378.84,0.24189
7762,10812,53673,23.045,727.77,377.04,0.31746
7764,9868.5,53100,25.853,847,667.17,0.11877
7764,9918,53290,41.782,1078.5,889.3,0.096163
7765,9942.5,53380,24.643,946.98,642.3,0.19171
7766,9735.3,53393,25.61,410.85,273.51,0.20069
7767,8970.8,52859,33.143,387.95,123.56,0.51689
7767,9655.4,53415,25.845,363.44,261.1,0.16386
7767,10406,55098,36.241,393.68,160.09,0.42182
7768,8897.7,53729,29.881,262.52,221.25,0.085293
7768,9126.8,52873,25.05,258.12,145.83,0.27796
7768,10518,55261,35.707,665.63,725.38,-0.042957
7769,10138,55033,32.366,521.06,424.62,0.10198
7769,11127,53778,24.347,450.08,504.84,-0.057344
7770,9369.2,53744,27.259,242.12,244.13,-0.0041246
7770,9926.2,54891,27.689,473.91,255.26,0.29986
7770,11380,53775,22.858,799.65,435.86,0.29444
7771,9105.2,53708,29.974,280.94,294.5,-0.023575
7771,10031,54113,27.327,389.04,228.16,0.26065
7771,11446,53852,34.476,867.53,604.92,0.17835
7772,9865.9,55067,31.327,251.18,101.21,0.42558
7772,10287,54005,28.721,475.23,124.75,0.58416
7772,11184,55132,29.578,608.62,427.58,0.17471
7773,9163.4,53861,28.707,455.15,402.76,0.061064
7773,9673.5,55092,30.528,377.42,207.56,0.29038
7773,10471,54012,27.508,354.24,321.74,0.048078
7774,8778.5,52937,25.526,703.74,617.22,0.065495
7774,10452,54068,24.897,869.27,598.68,0.18433
7774,11646,53723,25.632,338.65,330.75,0.011792
7775,9145.5,52453,22.78,467.57,160.01,0.49007
7775,9108.9,52746,34.261,872.93,646.11,0.14932
7775,9855.2,53015,27.884,356.21,127.7,0.47221
7775,10272,54192,25.815,449.02,318.05,0.17074
7776,9886.4,52644,36.85,415.18,253.89,0.24107
7776,10090,54308,26.15,530.1,315.04,0.25446
7777,8844.2,53400,24.609,293.43,238.69,0.10287
7777,9891.9,52814,33.468,716.41,276.54,0.44299
7777,10044,54292,24.985,435.01,203.49,0.3626
7778,8896.4,53194,19.419,2232.9,1970.4,0.06245
7778,9917.5,54139,23.263,373.07,176.27,0.35824
7778,10127,52768,32.845,432.65,314.59,0.15799
7779,8739.2,53303,20.072,1232.4,1042.4,0.083557
7779,9136.2,52716,32.566,785.59,917.09,-0.07723
7779,9339.3,54681,29.857,857.35,561.37,0.20863
7780,9252.6,55184,20.898,427.44,169.22,0.43278
7780,9344.4,52771,22.373,1271.3,965.06,0.13693
7780,10859,54595,26.21,1032.1,634.91,0.23826
7780,11116,53924,32.546,414.82,294.34,0.16988
7781,9220.1,52936,40.758,1061.3,904.84,0.079599
7781,10924,54391,20.514,1150.4,693.37,0.24789
7782,8706.2,53018,27.696,608.83,591.11,0.014762
7782,9719.7,54580,24.836,408.48,192.13,0.36021
7782,10651,54587,35.11,645.53,510.82,0.1165
7782,11192,53774,29.156,749.5,524.49,0.17662
7783,9702.5,54743,36.361,677.38,671.78,0.0041547
7783,9898.8,53213,24.915,541.34,438.77,0.10464
7783,10539,54628,14.875,652.58,352.66,0.29835
7783,10828,52466,30.44,301.26,170.03,0.27844
7784,8690.4,53080,39.038,252.67,433.21,-0.26323
7784,9163.8,54568,31.037,480.84,541.47,-0.05931
7784,9933.4,54852,38.853,620.25,466.27,0.14172
7784,10971,52503,31.402,928.13,743.28,0.11059
7784,10944,53871,30.845,417.13,339.36,0.1028
7784,11186,53411,33.174,849.68,521.8,0.23907
7785,10059,53194,34.66,503.2,534.81,-0.030449
7786,9309.7,55103,23.707,681.2,525.75,0.12879
7786,9525.3,53124,32.31,336.17,424.08,-0.11564
7787,9111.2,54866,31.692,1018.6,663.24,0.21129
7787,9635,52865,32.443,406.95,308.7,0.13728
7788,9052.2,54380,30.878,719.4,413.78,0.2697
7788,9271.6,55184,22.229,1159,717.61,0.23519
7788,11414,54147,26.547,317.59,256.35,0.10671
7789,8921.3,55154,30.867,368.99,344.61,0.034168
7789,11230,54536,30.287,950.61,747.46,0.11964
7789,11277,54475,31.556,647.68,504.71,0.12406
7790,9694.4,54429,41.436,778.87,719.9,0.039346
7790,10007,54078,22.587,741.24,468.23,0.22573
7790,10773,53324,27.704,290.79,272.79,0.03194
7792,9157.7,55101,29.78,337.72,147.99,0.39061
7792,9887.4,53550,27.545,876.72,412.61,0.35996
7792,10359,53993,24.897,368.38,305.14,0.093894
7792,10835,53287,16.688,497.54,203.51,0.41941
7793,9605.7,54673,21.546,464.44,299.22,0.21636
7793,9957.7,53506,28.861,598.7,699.64,-0.077745
7794,9513.9,54571,23.21,720.49,379.95,0.30945
7794,10994,52636,32.426,464.8,347.15,0.1449
7795,9632.7,54364,37.219,623.5,420.65,0.19427
7795,10979,52612,31.148,400.88,130.06,0.51008
7796,10404,53068,34.165,508.67,219.37,0.39736
7797,9912.3,53674,29.391,263.22,224.46,0.079484
7797,10493,54410,30.881,400.83,590.47,-0.1913
7797,10538,52686,24.112,361.11,297.62,0.09638
7797,11076,52991,34.757,304.29,186.49,0.24003
7798,9885.5,54029,21.954,688.95,531.92,0.12862
7799,9710.5,54054,35.717,697.78,390.97,0.2818
7799,9986.1,54164,28.044,367.67,210.46,0.27192
7800,11047,53925,39.537,366.37,201.33,0.29072
7801,8946.8,54781,30.973,621.09,284.86,0.37113
7802,8936.9,54528,26.334,603.13,576.82,0.022299
7802,9642,53643,28.762,622.31,406.32,0.20998
7802,11094,52802,31.871,656.29,379.67,0.26702
7803,9036.6,53610,29.827,736.77,478.05,0.21297
7803,10949,54498,36.97,304.89,258.85,0.081669
7805,11211,53196,26.926,460.86,457.04,0.0041604
7805,11318,54249,30.934,282.35,157.2,0.28472
7806,8837.7,53370,31.22,455.71,499.48,-0.045825
7806,10496,54054,21.357,610.08,467.19,0.13264
7806,11142,53216,34.087,332.54,254.12,0.13368
7806,11312,54360,27.673,229.63,173.73,0.1386
7807,9173.8,52617,21.918,739.73,397.35,0.30111
7807,9522.8,53703,18.821,496.39,172.96,0.48321
7807,10563,54180,29.323,825.15,558.04,0.19311
7807,11308,54788,20.813,431.56,280.42,0.21229
7808,9158,53316,28.232,453.78,334.1,0.1519
7808,9280.8,52750,35.506,560.8,310.26,0.28762
7808,9426.6,53755,25.945,588.91,484.87,0.096892
7808,10541,54044,28.851,413.7,328.6,0.11464
7808,11591,54831,23.82,292.26,275.59,0.029357
7809,9281.3,53181,27.049,249.65,178.95,0.16494
7809,9293.8,53897,28.896,612.88,382.39,0.23158
7809,10263,52440,35.75,522.67,423.2,0.10516
7809,10724,54167,29.933,364.04,323.64,0.058748
7809,11119,52962,23.627,226.99,118.97,0.31222
7810,9854.5,54093,19.96,1307.9,921.36,0.17339
7810,11010,54200,33.92,348.71,278.52,0.1119
7810,11147,52891,25.765,600.23,463.42,0.12862
7811,9831.9,54180,15.955,1044.9,505.99,0.34748
7812,8870.5,52772,31.203,321.72,231.11,0.16389
7812,9911.4,54145,13.031,1863.3,1605.3,0.074395
7813,8764.5,52791,28.231,295.03,199.04,0.1943
7813,9804.2,54838,16.872,840.17,844.09,-0.0023322
7813,9955.8,54082,12.546,1799.2,1405.7,0.1228
7814,9657.9,54170,32.558,961.16,806.91,0.087244
7814,10005,54886,27.549,703.7,787.72,-0.056334
7814,10993,53626,23.587,597.23,238.13,0.42988
7816,8940.3,54350,31.571,499.75,350.66,0.17532
7816,9200.4,52818,23.651,742.33,476.97,0.21764
7817,8948,52755,28.738,835.06,553.25,0.20299
7817,9264.8,52738,37.142,596.56,433.21,0.15863
7818,8700.9,54097,34.235,362.36,209.5,0.2673
7821,9878.7,53320,21.98,408.48,102.53,0.59872
7821,9869.5,53933,23.371,501.16,308.59,0.23782
7823,9654.3,53845,25.546,1201,772.43,0.21719
7823,11024,52654,33.346,428.96,324.72,0.13832
7823,10907,55269,35.769,416.22,387.91,0.035215
7824,8758.5,54228,34.962,356.14,127.88,0.47158
7824,9618.7,53666,25.104,988.49,796.84,0.10735
7824,9688.5,54229,29.059,321.38,362.05,-0.059506
7825,9470.4,53786,25.838,787.28,559.58,0.16906
7825,10822,54592,31.388,464,441.75,0.024561
7826,9617.2,53875,23.16,532.35,152.93,0.55368
7826,10516,54486,37.407,481.58,421.45,0.06659
7827,9451.5,54081,34.335,368.18,228.64,0.2338
7827,10833,54724,31.422,288.03,326.18,-0.062116
7828,9223.2,53806,29.705,607.45,198.07,0.50822
7828,9489.2,55060,34.089,902.62,515.52,0.27296
7828,9901.2,53147,17.53,560.73,100.26,0.69665
7828,11197,54725,29.825,343.45,316.08,0.041491
7829,9637.1,55121,28.209,576.82,374.18,0.21308
7830,9579.1,55255,33.089,1075.9,637.56,0.25581
7830,10664,53860,32.654,354.19,177.27,0.3329
7831,10747,53575,20.18,766.17,470.81,0.23877
7832,8920.3,55291,35.435,406.18,218.6,0.30022
7832,9516.5,53059,27.534,553.66,295.76,0.30362
7833,8713.2,53098,22.713,658.27,628.15,0.023411
7834,8738.1,55024,28.811,495.38,436.13,0.063609
7835,8804.5,54906,20.373,470.2,356.88,0.13701
7835,9587.3,55072,35.188,279.79,194.95,0.1787
7836,8880.8,54702,24.038,549.74,298.47,0.29624
7837,9055.3,54786,27.622,1051.9,485.79,0.36816
7837,9676.8,54831,15.946,395.26,164.78,0.41154
7837,10353,55183,28.788,236.07,177.68,0.14112
7838,8866.2,54800,20.032,386.32,284.99,0.15095
7838,10378,55356,31.802,301.58,154.47,0.32257
7839,8785.5,54831,20.496,599.62,472.06,0.11902
7839,11581,54500,21.363,563.96,286.39,0.32641
7840,8744.9,54884,24.265,560.9,286.2,0.32428
7840,9952.4,55151,28.749,298.7,256.07,0.076858
7840,11271,54059,33.809,284.61,208.19,0.15507
7841,8735,54848,20.639,858,576.64,0.19612
7841,11060,52550,35.573,270.11,231.72,0.076491
7841,11245,54194,25.832,263.86,160.91,0.24235
7842,10501,53121,15.66,1194.5,180.83,0.73702
7843,9041.3,53542,25.619,424.9,280.4,0.20487
7843,9249.2,54915,28.476,350.41,354.06,-0.0051855
7843,9900.6,54371,37.144,246.58,247.4,-0.0016502
7843,10166,54658,37.439,306.17,179.39,0.26112
7843,11387,53752,23.446,616.47,408.22,0.20322
7844,9153.3,53486,26.034,615.27,269.39,0.39097
7844,9499.8,55219,29.564,432.71,593.08,-0.15633
7844,9987.1,54372,19.513,990.98,834.3,0.085838
7845,9004.5,53374,29.972,473.03,296.31,0.22971
7845,9265.7,55298,23.603,489.92,284.43,0.26537
7845,9922.7,54305,24.288,775.42,658.2,0.081766
7845,10940,53400,21.532,602.94,504.46,0.088923
7846,8820.8,54528,20.17,830.28,626.68,0.13974
7846,9085.9,53288,25.901,505.65,399.87,0.11682
7846,9479.6,53947,15.512,699.86,365.19,0.31422
7846,10392,54773,29.785,725.93,498.66,0.18559
7847,9519.5,53894,25.452,328.02,103.45,0.52049
7847,9961.2,55027,28.07,385.85,199.82,0.31764
7847,11623,53276,22.993,333.25,130.06,0.43857
7848,9910.4,55066,23.554,704.59,483.79,0.1858
7848,10353,52645,24.369,634.53,620.09,0.011511
7848,10718,53662,34.955,844.48,657.72,0.12433
7848,11632,53161,31.241,305.78,213.74,0.17716
7849,9841.4,53546,36.916,413.17,263.59,0.22102
7849,9930.1,55384,32.531,297.88,193.05,0.21353
7849,10881,53538,26.448,431.36,325.82,0.13938
7849,11376,53517,30.091,671.32,299.2,0.38342
7850,10087,53273,33.731,579.76,669.5,-0.071834
7850,10943,53417,23.948,447.92,288,0.21731
7851,8772.9,52772,31.143,571.33,625.2,-0.045017
7851,8949.5,53779,23.777,316.39,169.07,0.30345
7851,10872,53426,23.021,522,286.25,0.29168
7852,9360.9,54997,24.055,611.14,324.8,0.30594
7853,9134.2,53913,35.62,359.82,168.17,0.36299
7853,9344.7,54999,34.228,421.83,323.72,0.1316
7853,9968,54805,25.004,469,349.32,0.14625
7854,9588.5,54896,24.378,301.48,180.83,0.25016
7855,9576.9,54956,30.863,458.91,235.03,0.32263
7856,9776.9,54752,23.855,468.14,336.85,0.16309
7857,9735.3,54742,18.519,839.63,362.21,0.39724
7857,10372,52862,35.327,420.5,268.85,0.21998
7858,9665.5,54688,24.831,856.88,573.47,0.19814
7858,9643.9,54843,25.796,971.48,722.13,0.14723
7858,10663,52806,16.761,1154.8,581.58,0.33011
7859,9651.1,55119,24.019,509.4,382.62,0.14213
7859,10855,52876,20.333,1303.2,725.5,0.28477
7860,10000,52497,29.569,1007.1,449.47,0.38283
7861,10849,53268,32.523,663.71,497.26,0.14337
7862,9845.3,52487,28.825,498.5,250.17,0.33169
7862,10979,52715,29.91,579.24,312.38,0.2993
7865,8936.7,53520,32.773,734.13,312.77,0.40248
7865,10385,53638,28.528,237.52,145.6,0.23992
7866,8981.6,53410,32.206,527.98,427.87,0.10473
7866,10399,54965,32.07,429.86,415.33,0.017184
7866,10882,52504,34.464,331.49,215.99,0.21095
7866,10973,54845,26.468,615.15,419.75,0.1888
7867,9673.2,55017,28.049,561.81,555.19,0.0059227
7867,10362,52717,27.844,365.87,313.01,0.077877
7867,10450,54980,24.313,556.58,503.16,0.050413
7867,11192,54988,34.619,534.31,440.7,0.096006
7868,9591.5,53496,27.078,1063.8,726.15,0.18862
7869,10686,54232,22.547,930.9,509.1,0.29292
7870,10063,54703,22.452,630.52,445.02,0.17247
7870,10512,54039,35.021,596.62,387.85,0.21206
7871,8688.2,54874,28.778,633.14,412.58,0.21092
7871,10269,54856,16.655,990.92,703.85,0.16939
7871,10477,54028,21.739,736,511.53,0.17993
7872,8728.6,54447,17.972,701.08,524.53,0.14406
7872,10278,54193,20.411,794.62,893.79,-0.058734
7872,10314,55021,26.151,562.42,405.89,0.16165
7873,8957.3,54496,26.242,650.55,435.43,0.19809
7877,9637,54455,29.926,504.58,268.09,0.30606
7877,10912,54968,33.879,362.19,250.91,0.18151
7877,11015,54373,24.278,433.34,254.67,0.2597
7878,9901,54312,25.287,512.1,267.57,0.31364
7878,11144,54876,31.128,392.44,370.12,0.029263
7879,9726.5,54629,29.18,653.82,488.46,0.14476
7879,11625,52499,33.861,253.84,167.57,0.20471
7879,11543,55051,27.424,468.55,294.59,0.22795
7881,11162,54428,24.332,401.76,264,0.20692
7882,11092,54852,38.55,420.68,599.86,-0.17558
7883,11125,54567,23.273,381.84,245.51,0.21732
7887,11225,54050,37.522,361.32,312.62,0.07226
7888,8703.9,54846,21.396,737.37,559.61,0.13706
7888,11444,54131,29.992,643.99,578.04,0.053969
7889,8845,53751,34.125,790.08,558.42,0.17179
7889,9642.7,54999,17.511,283.05,203.95,0.16241
7889,10540,53177,19.838,577.13,322.98,0.28236
7889,11437,54121,40.192,787.72,613.44,0.12438
7890,8848,53996,36.691,690.14,201.26,0.54844
7890,9666,54961,16.495,508.04,264.31,0.31558
7890,10838,53053,25.947,724.27,453.66,0.22974
7890,11388,53980,25.544,702.24,168.97,0.61209
7891,10780,53131,26.856,386.8,286.25,0.14939
7892,8807.2,55127,32.047,563.8,432.98,0.13124
7892,9340.9,53146,24.723,325.28,285.21,0.065637
7893,9103,55170,21.045,466.52,157.88,0.49429
7894,9399.9,53505,33.434,711.16,335.51,0.3589
7894,11088,54278,29.885,410.48,193.95,0.35823
7894,11344,53585,21.186,1065.1,758.16,0.16833
7895,9532,53533,20.727,941.4,750.61,0.11276
7895,11450,53362,33.452,390.09,371.17,0.024856
7896,8753.4,54194,25.682,747.06,621.04,0.092113
7896,8748.8,54339,32.496,436.65,369,0.083964
7896,9810.2,53767,31.323,240.22,175.83,0.15475
7897,9798.2,53786,33.252,449.17,472.86,-0.025692
7898,11097,52811,24.041,267.77,172.11,0.21747
7901,9636.7,54088,23.489,238.39,233.63,0.010084
7901,9892.2,55298,23.417,238.08,115.8,0.34556
7901,10777,52474,25.86,548.85,380.82,0.18074
7902,9077.4,55227,25.109,478.98,360.03,0.14178
7902,9822.9,54001,17.093,484.28,412.8,0.079687
7902,10110,55300,30.884,293.89,232.01,0.11766
7902,10969,52655,31.186,199.38,113.37,0.27503
7902,11613,54122,32.391,650.02,394.03,0.24518
7903,9107.1,55045,30.827,420.25,334.25,0.11399
7903,9803.9,53987,31.867,705.56,832.85,-0.082737
7903,10449,53315,31.549,323.62,251.89,0.12463
7903,11077,52478,24.866,488.57,200.93,0.41717
7904,9910.9,55342,23.209,302.69,218.32,0.16194
7904,11059,55388,37.831,400.34,268.61,0.19691
7904,11136,54042,30.932,545.23,375.93,0.18379
7905,10667,52488,23.08,798.84,586.1,0.15361
7905,11154,55341,34.546,632.99,676.84,-0.033473
7905,11389,54116,31.699,430.44,450.34,-0.022585
7906,8851.2,54894,23.694,390.66,429.02,-0.046808
7907,9612.6,53419,26.965,212.15,118.68,0.28251
7908,9609.7,53409,29.918,296.9,101.15,0.49175
7909,9322.4,52741,30.572,446.92,539.56,-0.093909
7909,11487,54912,31.693,494.19,329.97,0.19926
7910,9608,53473,18.549,271.18,124.7,0.37002
7910,9696,54555,17.849,272.8,160.36,0.25958
7910,11491,54807,24.937,386.28,300.17,0.12545
7910,11628,53783,28.736,405.07,203.89,0.33037
7912,9597.1,53460,14.731,607.76,260.61,0.39977
7912,10322,52648,14.955,428.47,448.33,-0.022651
7913,8814.9,53214,24.85,763.98,753.72,0.0067612
7913,10356,52624,24.197,183.25,247.74,-0.14962
7913,10478,54519,24.375,400.98,462.81,-0.071581
7914,9493.8,55382,28.118,297.08,273.63,0.041091
7914,9696.2,52551,28.837,356.39,223.56,0.22905
7914,10699,54690,27.828,698.76,615.78,0.063132
7915,8762.4,55153,30.496,582.87,392.6,0.19505
7915,10290,55389,20.065,546.8,475.28,0.069974
7918,8681.4,53407,34.271,416.04,373.54,0.053828
7919,8809.4,53381,20.53,544.47,605.22,-0.052841
7919,10568,54174,30.265,414.53,416.3,-0.0021406
7920,8835.3,53378,26.191,404.07,298.83,0.14971
7920,9648.2,54998,19.339,573.22,362.24,0.22554
7920,9740.3,54033,33.389,179.33,138.56,0.12824
7920,10493,54243,35.394,561,703.76,-0.11288
7921,8881.8,53281,24.477,649.41,381.83,0.25948
7922,8874.4,55046,15.983,858.11,595.65,0.18054
7922,10989,53773,28.385,599.54,369.48,0.23742
7923,10857,54689,38.295,400.19,348.28,0.069356
7923,11574,53333,33.572,575.39,206.43,0.47193
7924,10032,52878,34.53,463.34,423.8,0.044572
7925,8760.8,55010,32.48,614.27,592.59,0.017959
7925,9630,54538,33.338,222.36,143.57,0.21533
7925,10299,55126,27.841,635.87,682.56,-0.035413
7925,10419,55382,37.361,455.39,360.48,0.11632
7925,10960,54860,31.785,457.47,371.37,0.10388
7926,9166.1,53400,29.314,620.93,376.46,0.24512
7926,10142,55136,27.487,206.1,135.82,0.20557
7926,11354,54077,28.098,444.51,435.43,0.010313
7927,9451,55215,30.308,249.24,229.4,0.041441
7927,9500.7,53499,18.179,567.08,368.54,0.2122
7927,10186,52908,33.272,1157.8,858.17,0.14863
7927,10530,54137,27.53,889.59,622.58,0.17657
7927,11351,54383,22.492,750.26,553.37,0.15103
7928,9440.2,53753,22.847,669.94,269.67,0.42599
7928,11147,54473,18.46,1373.8,992.87,0.16095
7929,9463,53642,26.82,701.96,557.85,0.11439
7929,9445.7,53731,33.138,645.07,525.05,0.10257
7929,11140,54693,28.72,831.42,423.02,0.32556
7929,11104,54844,22.663,1210,638.37,0.30926
7930,9364.7,53699,30.26,370.51,255.09,0.18449
7930,10084,55072,33.191,644.3,315.92,0.34198
7930,11085,55217,23.07,749.81,487.54,0.21196
7931,9098,53646,27.526,812.22,481.68,0.25546
7932,11295,53553,26.509,604.2,310.45,0.32116
7933,8715.3,54918,31.181,634.89,458.85,0.16096
7933,10501,52963,35.436,693.82,905.23,-0.13221
7933,11262,53500,20.129,1176.7,936.51,0.11367
7934,10441,52728,15.732,851.34,377.88,0.38517
7934,10462,54934,30.616,726.88,475.27,0.2093
7934,11384,53539,29.64,659.01,378.61,0.27023
7935,10429,52662,17.14,467.32,320.59,0.18623
7935,11350,53598,28.946,530.96,274.4,0.31856
7936,11400,53778,23.537,573.01,320.96,0.28195
7937,9346.6,55082,23.881,640.05,369.69,0.26775
7937,11175,54771,33.425,240.49,138,0.27078
7937,11338,53997,26.599,254.33,171.19,0.19537
7938,9236.9,55079,25.876,494.71,487.38,0.007468
7938,9623.4,54367,33.361,270.53,155.46,0.27013
7938,10796,54014,26.659,385.07,365.46,0.026124
7938,11300,54143,32.694,414.06,278.74,0.19533
7939,9506.4,52553,35.432,727.57,601.02,0.095248
7940,9713.3,52617,22.301,476.21,312.54,0.2075
7941,10862,52870,25.548,559.15,402.86,0.16246
7941,11625,53482,30.919,452.85,318.92,0.17353
7942,10167,52459,22.024,374.96,317.07,0.083656
7942,10355,54241,30.327,991.17,654.29,0.20474
7942,11591,53607,23.021,491.52,367.27,0.14469
7943,10051,54043,19.87,892.41,463.65,0.31618
7943,10305,52558,28.22,499.87,296.55,0.25529
7943,10355,54002,37.306,830.18,591.24,0.1681
7943,11429,53501,22.131,602.83,513.89,0.07964
7944,9871.4,53039,20.542,444.68,333.61,0.1427
7944,9847.4,54075,33.182,717.97,378.37,0.30976
7944,11377,53522,24.243,448.27,394.9,0.063293
7945,9521.1,54656,19.171,1020.6,611.32,0.2508
7945,9885.6,53168,15.248,1145.8,711.73,0.23368
7945,10486,53944,32.471,610.66,465.5,0.13489
7945,11366,53393,31.53,379.24,334.19,0.063147
7946,9665.3,54723,26.285,501.37,241.78,0.34931
7946,10484,55005,38.616,1109,875.09,0.11791
7946,11387,53217,23.596,304.38,127.13,0.41078
7947,8879.3,53721,17.602,381.3,167.35,0.38996
7948,8788.2,53803,17.531,553.51,170.76,0.52847
7948,9526.7,54207,33.687,352.78,295.52,0.088325
7948,10327,54705,27.785,786.76,536.83,0.18883
7948,11068,55117,23.497,1078.9,776.61,0.16292
7948,11651,55008,27.234,641.46,257.68,0.42683
7949,10996,55049,27.392,610.32,384.2,0.22736
7950,8850.4,53615,22.139,865.7,593.94,0.18618
7951,9019.6,53390,25.349,345.14,425.59,-0.10438
7951,10464,54756,17.727,1065.6,1016.1,0.023773
7951,11141,53620,21.25,720.21,409.33,0.27523
7952,8938.3,53236,19.91,1209.9,1038,0.076454
7952,10365,54824,23.046,725.05,570.41,0.11937
7952,11149,53733,27.884,1008.6,972.7,0.018135
7952,11165,53519,22.985,994.01,913.79,0.042047
7953,11026,53354,23.015,577.9,474.73,0.098015
7954,8752.4,54651,28.334,714.01,252.33,0.47776
7954,9416.6,52809,24.548,510.53,301.35,0.25765
7954,10213,52638,29.619,512.4,222.04,0.39535
7954,10390,54966,26.307,761.42,877.37,-0.070753
7955,10400,54789,30.363,283.01,269.26,0.024897
7955,11326,54810,30.56,382.2,348.06,0.046752
7956,8713.4,55036,35.017,185.47,130.3,0.17471
7956,9875,54065,22.973,330.89,163.87,0.33758
7957,11482,53459,18.013,1048.6,564.87,0.29983
7959,9463.8,52457,26.307,569.18,172.4,0.53504
7960,9478.8,52408,25.128,435.06,235.92,0.29679
7960,11235,53362,23.149,670.39,573.49,0.077904
7961,9910.4,54063,29.742,212.96,240.71,-0.06117
7961,10468,52743,35.836,249.89,290.59,-0.075305
7962,8859.9,52730,32.433,469.72,618.7,-0.13688
7962,10775,54682,24.116,394.65,231.81,0.25993
7962,10974,55373,31.061,481.27,335.55,0.17839
7963,8796.6,52734,37.285,451.97,760.14,-0.25424
7964,8911,54238,34.462,748.04,384.66,0.32081
7964,10648,54302,30.632,495.17,506.15,-0.010962
7965,8805.9,54287,21.715,856.71,556.08,0.21279
7968,10507,54252,20.084,650.01,693.81,-0.032597
7970,8696.5,52453,30.021,390.12,330.18,0.08322
7970,10832,54108,25.865,680.48,281.68,0.41449
7971,9137.9,54810,25.193,294.63,264.01,0.05482
7971,10466,52433,40.57,351.55,215.84,0.23919
7971,11207,55369,26.032,714.01,421.1,0.25805
7972,11333,55226,31.227,372.72,281.91,0.13871
7977,8737.6,53914,32.589,540.6,637.42,-0.082193
7978,11020,52768,21.912,716.7,465.59,0.2124
7979,11059,53070,37.343,430.8,358.76,0.091239
7980,11060,54612,16.611,717.84,579.3,0.1068
7981,11145,54645,19.327,1421.8,709.05,0.33448
7982,8820.5,54727,30.728,410.64,187.77,0.37243
7982,11086,54547,24.021,1132.9,690.2,0.24282
7983,8985.5,52895,33.166,365.75,373.07,-0.0099161
7983,9256.3,54514,25.596,497.64,356.88,0.16472
7983,9513.3,53563,35.673,359.42,198.92,0.28747
7983,11143,54707,14.768,1198,626.97,0.3129
7984,9143.4,52542,35.807,272.11,155.41,0.27295
7984,9274.1,54444,26.025,303.23,238.67,0.11912
7984,9575.5,53500,27.705,515.48,230.61,0.38181
7984,11168,54782,30.228,295.24,170.83,0.26694
7985,11056,54935,27.968,829.69,376.31,0.37594
7986,11294,54896,34.539,500.64,330.42,0.20483
7986,11542,53185,29.422,636.95,222.41,0.48239
7987,11614,53082,21.097,458.07,152.07,0.50153
7989,11604,53046,21.668,690.98,136.18,0.67074
7991,10276,52402,29.609,724.7,549.1,0.13786
7992,10521,53222,24.874,681.75,499,0.15478
7993,11374,52481,21.295,1226.2,773.37,0.22645
7994,9496.3,53228,28.579,336.89,183.72,0.29422
7994,11553,52574,20.551,553.31,517.85,0.033101
7995,11578,52632,20.41,959.43,609.71,0.22287
7996,9648.8,54764,30.187,620.69,502.32,0.1054
7996,11512,52676,33.821,766.18,438.86,0.27163
7996,11496,52804,34.994,1125,787.24,0.17663
7997,11182,53435,30.652,461.41,264.36,0.2715
7997,11538,55160,31.044,563.1,302.13,0.30163
7998,9592.2,54923,22.028,432.89,165.4,0.44708
7998,11227,53585,23.2,430.26,173.21,0.42596
7999,11294,53737,24.102,885.06,493.86,0.2837
8000,11334,53686,30.437,173.52,170.97,0.0073998
8001,10881,53217,22.98,332.52,231.42,0.17928
8002,9027,53603,30.27,356.14,199.1,0.28283
8002,10042,55355,30.038,620.78,199.9,0.51285
8003,10022,52836,20.316,625.88,757.36,-0.095053
8003,11442,53795,26.087,396.24,553.92,-0.16595
8005,8705.9,54111,27.545,601.8,572.87,0.024626
8005,10870,54173,36.338,129,119.89,0.03662
8006,8957.6,54871,36.261,285.41,281.46,0.0069657
8008,9860.8,53990,25.819,571.74,271.97,0.3553
8011,10172,53496,38.365,136.54,126.66,0.037522
8012,9427.7,52558,25.074,387.29,467.15,-0.093466
8012,9505.6,55093,33.053,265.38,203.81,0.13121
8013,9235.9,55106,20.884,351.11,279.24,0.11401
8014,10755,54855,26.899,468.43,292.52,0.23118
8014,10937,53694,26.817,618.28,479.74,0.12618
8015,10718,54890,30.404,775.84,643.18,0.093489
8015,10942,54029,24.516,836.73,612.47,0.15475
8016,9232.9,54860,21.211,406.63,201.92,0.33639
8016,10277,55370,30.09,643.14,419.35,0.21063
8016,10999,54183,17.846,902.21,609.58,0.19356
8016,11143,53014,23.436,392.1,201.77,0.32048
8017,9065.2,55047,13.343,1801.4,1346,0.14471
8017,9640.5,53712,25.699,576.31,283.67,0.34029
8017,9857.4,52395,33.676,331.38,205.78,0.23382
8017,11146,52930,24.172,745.29,499.98,0.19699
8018,8984.7,54706,20.858,1058,1024.9,0.015872
8018,9044.5,55269,27.798,611.87,559.34,0.044849
8018,10347,54792,27.299,861.91,812.27,0.029652
8018,10962,52950,34.673,404.75,511.3,-0.11631
8019,8904.5,54921,21.387,1114,854.84,0.13165
8019,10061,55263,39.436,513.7,541.51,-0.026355
8020,8747.9,54759,28.158,773.89,525.46,0.19119
8021,9078.3,53070,31.967,300.79,217.37,0.16099
8022,9052.1,52819,24.642,292.03,122.59,0.40866
8022,10945,53950,25.339,379.28,247.47,0.2103
8023,10975,54068,17.391,1143,653.82,0.27225
8024,9027.1,53215,26.36,562.58,746.67,-0.14061
8025,8920.6,53320,28.273,220.96,101.19,0.37179
8025,10971,54495,23.829,550.42,369.79,0.19629
8028,11071,54945,23.401,371.49,254.93,0.18608
8029,10324,53418,24.023,461.88,414.77,0.053735
8029,10870,53779,23.603,595.49,528.59,0.059515
8030,10331,53287,22.533,358,390.78,-0.043777
8030,11467,54864,34.781,368.8,234.85,0.22191
8030,11531,53294,25.551,427.13,398.61,0.034542
8031,10256,53380,23.191,488.27,261.52,0.30241
8031,10448,52686,36.519,531.69,433.44,0.1018
8032,8796.8,54815,27.813,1303.4,822.83,0.22601
8032,10213,53377,23.422,423.17,398.45,0.030081
8033,8832.8,54925,28.384,444.68,159.22,0.47269
8033,10198,54578,25.404,425.35,158.43,0.45724
8034,10041,52503,27.911,504.99,185.07,0.46362
8034,10265,54780,35.331,488.61,292.58,0.25094
8035,10406,54157,23.575,561.41,346.5,0.2367
8036,9842.8,54934,13.592,800.6,164.1,0.65978
8037,10496,54580,25.376,851.39,669.52,0.11958
8038,10405,54709,27.638,613.77,259.86,0.4051
8039,11043,54256,31.175,272.93,294.69,-0.038338
8040,8927.7,54397,34.109,523.79,326.7,0.23173
8041,9252.3,54771,28.726,405.6,210.35,0.31698
8041,10142,54584,36.782,250.92,250,0.0018338
8041,10687,54791,32.302,363.19,335.28,0.039952
8041,11006,52876,27.889,416.11,363.63,0.067295
8042,10743,54689,26.121,409.21,218.51,0.30381
8042,11132,52845,18.102,451.7,123.25,0.57126
8043,9446.2,54761,27.488,295.88,259.59,0.065339
8043,10470,52787,27.32,248.08,157.15,0.22438
8043,11075,52782,17.225,529.54,284.04,0.30175
8044,9828.2,52936,36.58,589.47,369.41,0.2295
8046,9919.5,52798,23.579,595.4,275.16,0.36786
8047,8887.7,54337,30.548,453.67,475.27,-0.023249
8047,10018,52725,26.936,1044.1,585.87,0.28113
8047,11391,54125,32.486,718.21,798.02,-0.05264
8048,8872.3,54135,32.688,264.19,169.29,0.21893
8048,10036,52511,15.129,1318.7,743.06,0.27921
8048,10833,54903,27.345,407.3,201.49,0.33806
8048,11379,53764,23.128,882.03,564.03,0.21991
8049,9383.5,55375,21.633,1881.7,1293.9,0.18509
8049,9762.7,52627,12.769,952.59,627.17,0.206
8050,9974.9,52544,24.122,403.66,404.39,-0.00090226
8051,10725,53206,18.773,353.77,170.76,0.34889
8053,8967.5,54552,18.406,432.82,215.84,0.33451
8053,9951.5,54821,18.025,836.79,351.87,0.40795
8054,10274,53571,33.449,694.2,464.91,0.19781
8054,11017,54273,24.809,512.48,277.37,0.29766
8055,9871.4,53907,24.832,317.68,275.73,0.070695
8055,11144,54628,32.458,633.22,282.64,0.38279
8057,10417,52479,38.505,263.45,230.53,0.066646
8058,10112,52626,37.301,362.25,298.49,0.096498
8058,11562,54794,24.03,470.7,288.8,0.23949
8062,8717.5,54768,21.26,452.31,174.06,0.44422
8062,10094,55375,36.693,403.26,171.91,0.40223
8062,11133,52836,15.762,607.85,415.55,0.1879
8063,8805.2,54900,23.807,459.71,283.88,0.23647
8063,9385.7,52485,26.438,586.59,471.29,0.10899
8063,10319,55316,30.084,469.51,413.63,0.063271
8063,11381,54820,25.459,660.37,452.54,0.18675
8064,10803,55030,34.639,438.94,512.01,-0.076838
8064,11648,54859,27.316,511.56,383.07,0.14361
8065,10733,55070,32.702,376.56,383.75,-0.0094668
8065,10992,53876,34.051,346.09,389.19,-0.05861
8065,11110,52789,21.738,338.38,259.33,0.13226
8067,10552,53701,27.813,511.1,473.17,0.038529
8068,9361,52417,28.219,392.38,256.86,0.20873
8069,8881.1,54937,24.831,425.15,116.37,0.57021
8069,11451,54350,26.383,325.23,330.75,-0.0084156
8070,9093.9,54217,32.602,682.41,523.7,0.13159
8070,9150.2,54473,30.632,721.31,677.58,0.03126
8071,9146.6,53780,15.931,625.15,458.63,0.15365
8071,11253,55331,32.344,282,287.59,-0.0098004
8071,11521,52791,33.252,380.91,320.57,0.086011
8071,11656,54520,26.647,562.94,408.33,0.15918
8072,9658.7,53603,34.437,550.59,490.24,0.057979
8072,11176,54534,35.061,880.76,636.25,0.16117
8072,11555,55377,24.428,599.57,352.76,0.25916
8074,9541.4,52632,35.809,356.78,268.6,0.14101
8074,11024,54826,31.863,519.06,313.72,0.24657
8075,9534.9,52552,16.744,860.37,716.06,0.091545
8075,11129,54090,35.34,626.06,585.29,0.033652
8076,9275.3,52603,10.059,1204.2,744.17,0.23612
8076,11087,54225,23.337,349.55,225.46,0.21579
8076,11547,54634,24.148,493.99,394.39,0.11212
8077,10068,54069,20.805,552.99,270.66,0.34277
8077,11258,54129,22.935,656.5,377.74,0.26954
8078,10090,55029,39.539,249.66,124.73,0.3337
8079,10056,53033,25.72,517.95,275.58,0.30544
8079,9952.9,55220,34.615,280.46,164.89,0.25951
8079,11195,54050,23.734,780.59,631.83,0.10532
8080,9433,52420,22.569,914.69,821.52,0.053664
8080,10274,54345,30.195,350.65,380.03,-0.040213
8081,9219.6,52766,21.138,1525.7,1220.2,0.11128
8081,9448.6,53469,32.001,1119.2,427.98,0.44675
8081,10972,53530,27.008,1018.3,703.73,0.18267
8082,9231.7,53561,26.441,343.46,221.25,0.21642
8082,10784,54547,24.654,1123.1,993.04,0.061474
8082,10982,53454,25.663,528.49,289.15,0.29272
8083,10618,53384,33.548,215.68,170.93,0.11575
8083,11505,54494,34.08,378.95,464.87,-0.10182
8084,9431.4,52711,25.57,373.37,324.54,0.06997
8084,10453,53400,29.984,277.83,168.93,0.24376
8086,9720.3,53534,26.177,355.95,265.13,0.14623
8086,10143,52674,39.002,430.02,325.29,0.13865
8087,9421.2,53774,28.239,230.83,154.49,0.19811
8087,9889.4,54030,35.913,414.31,372.66,0.052917
8088,9583.2,53766,23.654,469.08,185.58,0.43305
8088,10335,52657,31.537,550.94,224.77,0.42047
8089,9779.9,54054,28.437,272.04,139.74,0.32128
8089,10017,53173,26.209,402.92,240.17,0.25308
8092,9703.2,54262,28.258,411.35,254.26,0.236
8092,10538,53375,29.085,318.81,232.7,0.15613
8092,11565,54671,30.706,246.1,230.98,0.031693
8093,11358,54514,27.703,278.24,311.02,-0.055627
8094,10105,53753,31.413,516,215.08,0.41162
8094,10858,53257,26.913,707.88,406.89,0.27
8094,11156,54488,27.374,543.1,744.68,-0.15653
8096,9108.8,53632,16.759,2283.5,177.72,0.85558
8097,9505.7,54010,16.777,795.93,124.99,0.72855
8098,9895,54269,24.518,469.99,380.33,0.10544
8099,9973.8,53417,25.034,191.03,110.78,0.26588
8100,9319.3,52695,22.897,456.92,282.48,0.23592
8102,8819.1,52789,27.658,252.85,417.84,-0.246
8103,9533.3,53462,37.315,339.76,330.75,0.013448
8103,10310,55262,32.829,290.04,259.77,0.055054
8104,8779.3,53595,36.332,493.66,277.2,0.2808
8104,10079,52915,33.772,283.81,139.64,0.34046
8104,10283,55236,29.478,398.16,686.33,-0.26572
8104,11602,55180,31.495,805.87,486.36,0.24725
8105,9012.2,53621,34.204,335.39,251.8,0.14237
8105,9622.2,53456,23.257,324.04,457.24,-0.17048
8107,9116.3,54787,21.796,750.5,724.32,0.017751
8107,10182,53124,25.289,610.16,493.96,0.10523
8107,10662,54434,32.502,458.68,108.06,0.61866
8108,10515,54135,32.282,204.67,156.99,0.13186
8109,8672.8,55128,13.573,1507.2,723.49,0.35134
8109,10479,54175,25.982,778.22,508.92,0.20923
8110,8725.3,55176,13.529,1412.8,508.61,0.4706
8110,10460,54284,32.4,517.47,502.47,0.014707
8110,11083,54733,30.066,517.32,392.73,0.13691
8110,11073,55153,36.802,582.97,406.55,0.17829
8111,10271,54198,27.497,515.95,252.17,0.3434
8111,11130,54654,30.949,458.35,291.83,0.22198
8112,8682.7,55192,27.488,772.24,483.32,0.23011
8112,8775.2,55174,38.58,1206.4,671.86,0.28461
8112,10243,54228,22.028,399.7,256.05,0.21905
8113,8770.8,55161,33.074,1040.9,827.25,0.11435
8113,9759.2,52822,24.947,380.33,385.1,-0.0062396
8113,11080,54896,26.09,458.41,248.63,0.2967
8114,9870.2,52699,30.155,509.99,425,0.090901
8114,9989.1,54537,33.709,263.73,246.51,0.033764
8114,11111,55347,31.85,620.82,548.64,0.061717
8115,9890.7,52523,29.755,192.95,130.58,0.1928
8115,10773,53755,25.65,297.94,219.11,0.15245
8117,9504,52530,34.455,550.65,340.44,0.2359
8118,10804,55293,35.751,209.29,125.82,0.24909
8120,10904,53835,35.181,261.92,340.48,-0.13042
8120,11585,53828,22.73,415.94,351.67,0.083724
8121,8904.5,54762,29.027,512.42,259.63,0.32743
8122,8982.5,54679,33.962,208.96,399.98,-0.31369
8122,11517,54264,31.325,435.93,263.07,0.2473
8123,10382,53275,36.949,284.73,223.67,0.1201
8123,11339,54175,30.762,326.15,166.46,0.32419
8124,9983.3,54691,37.318,286.47,132.13,0.3687
8124,10537,53519,24.422,391.44,521.96,-0.1429
8124,10974,54036,30.136,540.34,336.04,0.23312
8125,9907.7,54574,25.376,645.74,185.63,0.55344
8125,10501,53421,23.391,752.52,580.28,0.12923
8125,11066,54311,24.524,386.22,185.58,0.35089
8126,10340,53523,29.668,318.92,178.13,0.28325
8126,11089,52809,15.662,937.54,706.81,0.14032
8127,10121,54304,32.836,552.81,549.35,0.0031347
8127,10392,55334,37.175,336.05,186.98,0.28502
8128,9440.7,52395,27.382,384.03,156.83,0.42007
8128,10022,53882,29.669,287.83,389.13,-0.14964
8128,10259,54652,27.05,395,438.39,-0.052063
8128,11087,54194,26.395,357.84,327.11,0.044852
8129,8754.1,54377,27.732,446.43,450.9,-0.0049749
8129,10094,55064,28.162,693.03,551.39,0.11382
8129,10954,53946,23.329,380.53,152.59,0.42756
8130,9724,54688,32.4,426.04,328.05,0.12994
8131,8671.7,54820,20.127,1019.9,1038.6,-0.0090803
8131,9106.6,53398,22.073,505.25,330.69,0.20882
8131,9857.4,54820,26.362,1033.9,746.27,0.16159
8132,8819.2,54955,28.416,943.23,1146.5,-0.097289
8132,9792.9,54777,34.627,637.8,425.47,0.19969
8133,8810,54889,16.054,917.3,635.38,0.18157
8133,9904.8,53969,20.316,250.86,180,0.16445
8133,11304,54934,25.481,398.44,316.48,0.11464
8134,8726.9,54649,25.248,927.18,711.59,0.13156
8135,9920.2,54004,29.453,298.88,324.29,-0.040774
8135,10722,55355,26.148,417.73,611.77,-0.18848
8136,9510,54342,22.334,1080.4,923.87,0.07808
8137,9575.5,52577,28.577,363.82,273.84,0.14112
8137,9613.7,54348,25.065,679.14,316.47,0.36427
8137,9700,54692,31.249,523.3,321.64,0.23867
8137,10818,53110,33.224,1070.6,325.36,0.53385
8138,10757,53458,37.921,526.94,269.65,0.32299
8139,9771.7,55021,28.642,267.21,249.51,0.034252
8140,9241.9,54510,28.595,294,169.73,0.268
8141,8747,53281,28.222,779,510.26,0.20844
8141,9487.9,52792,21.268,853.21,490.83,0.26962
8141,11363,53535,22.858,583.12,265.48,0.37431
8142,9143.5,54197,18.648,1153.5,806.17,0.17724
8142,9427.2,53626,33.138,834.14,486.52,0.26322
8142,9721.4,52674,35.628,596.93,346.33,0.26568
8142,10365,53121,21.325,368.88,133.85,0.46751
8142,11094,53528,31.946,591.79,615.48,-0.019619
8143,9010.3,54473,23.695,583.34,171.91,0.54476
8143,10424,53137,33.908,698.1,167.21,0.61354
8144,10234,53133,23.773,678.56,483.96,0.1674
8145,8747.3,54931,16.365,741.3,289.84,0.43783
8145,8913.2,53176,21.397,1240,734.41,0.25605
8145,11452,55062,27.881,481.75,271,0.27997
8146,8694.3,54893,24.723,691.17,442.23,0.21963
8146,9150.5,53634,29.325,886.12,723.42,0.10108
8146,11640,54993,28.194,234.97,167.49,0.16767
8147,8866.6,54787,33.531,544.97,264.2,0.34697
8148,11532,53162,36.804,338.95,306.4,0.050451
8149,9646.9,53479,22.815,513.09,369.22,0.16306
8149,9907.9,52771,21.869,410.6,248.74,0.24548
8150,10494,54492,32.776,515.19,247.5,0.35098
8150,11660,54146,26.092,562.05,251.35,0.38198
8151,10166,54363,23.467,334.77,102.77,0.53026
8152,9458.2,53910,22.608,769.32,447.11,0.26489
8153,9348.1,53870,31.496,654.73,333.91,0.3245
8154,10819,52831,22.848,727.45,654.64,0.052677
8155,9905.7,53973,32.651,176.84,123.32,0.17832
8155,10072,54924,36.811,413.43,226.94,0.29122
8155,10870,52795,25.355,361.59,262.82,0.15818
8156,11045,52760,20.81,565.02,251.93,0.38325
8157,9380.5,53952,20.328,225.44,109.61,0.34572
8158,9594.6,54046,19.101,580.1,351.83,0.24494
8159,9722.1,54206,29.79,560.28,234.55,0.40982
8159,10547,52936,27.741,405.24,264.4,0.21032
8160,9795.7,54035,28.956,352.48,283.5,0.10846
8161,10352,54945,29.585,679.7,386.94,0.27447
8162,10385,55362,27.457,1245.1,749.38,0.24853
8164,8924.2,54600,32.767,604.17,548.5,0.048296
8164,11260,54207,28,493.28,436.06,0.061563
8166,9621.2,54993,29.545,425.68,261.59,0.23875
8167,9659.7,54811,13.605,760.9,413.19,0.29615
8167,11367,54153,24.677,531.48,228.87,0.39799
8168,8890,53193,31.576,759.97,731.2,0.019292
8168,9602,54838,20.802,997.57,435.92,0.39181
8169,9470.6,54158,22.418,1285.3,1235.3,0.019817
8170,10815,55184,33.806,287.11,245.98,0.077143
8172,9555.2,53971,32.343,346.75,222.49,0.21829
8174,8675.2,54145,26.78,678.36,276.3,0.42116
8174,9616.8,55275,29.967,297.17,208.55,0.17522
8175,9737.7,53193,29.481,1195,244.2,0.66064
8176,11069,54894,12.953,815.18,329.96,0.42372
8177,10673,52955,27.762,338.12,192.48,0.27448
8177,11132,54920,12.559,711.08,220.64,0.52638
8178,8820.6,52795,13.249,482.66,319.28,0.20374
8178,10567,53027,21.615,523.43,190.62,0.46608
8178,11062,55076,29.249,648.63,278.67,0.39896
8178,11063,54922,24.954,676.51,291.72,0.39742
8179,8816.5,52803,18.984,574.76,295.09,0.32151
8179,10211,54051,32.867,618.25,518.05,0.08818
8179,10578,52676,24.894,691.4,450.18,0.21131
8179,10928,53674,32.745,393.03,245,0.23202
8179,11308,54300,37.566,371.23,169.78,0.37237
8180,8896.7,52714,32.001,342.56,116.32,0.49303
8180,11031,54737,39.78,297.59,191.77,0.21624
8181,10607,52706,25.563,613.73,200.14,0.50817
8181,11095,53541,28.387,442.31,473.98,-0.034559
8181,11536,54769,23.228,348.46,188.6,0.29765
8181,11618,53973,35.124,506.88,561.41,-0.051043
8182,10721,52803,25.158,255.83,191.54,0.14371
8183,9977.8,54142,29.188,383.4,202.39,0.30899
8183,11061,53864,20.678,326.99,123.16,0.45281
8184,9855.3,54144,23.053,409.3,226,0.28853
8185,9352.2,53753,32.337,721.2,417.1,0.26716
8185,11382,54239,31.727,552.78,470.02,0.080923
8186,9719,55165,27.236,193.23,123.27,0.22105
8186,10586,53511,27.877,562.48,506.93,0.051945
8186,11043,54365,24.37,377.14,270.41,0.16481
8187,10373,54757,26.736,273.64,237.25,0.071235
8187,10775,53636,24.389,958.42,650.84,0.19113
8187,11077,54276,31.265,801.17,443.44,0.28743
8188,9738.5,52479,36.064,729.04,393.41,0.29901
8188,9912,54089,38.125,431.6,465.83,-0.03814
8188,10381,54701,30.458,833.12,476.12,0.27268
8188,10881,53756,28.95,474.68,130.78,0.56799
8189,9430.5,52455,27.528,594.31,287.49,0.34794
8189,10174,53822,32.685,344.7,168.7,0.34283
8189,11236,54513,22.531,401.04,222.68,0.28595
8190,9652.2,52544,22.016,768.81,683.25,0.058925
8190,10195,53956,32.191,561.08,372.3,0.20226
8190,11568,53608,26.824,667.03,437.38,0.20794
8191,10252,55388,34.784,302.32,321.63,-0.030952
8191,10556,53459,32.335,633.44,423.26,0.1989
8192,9008.3,53640,26.776,301.07,207.33,0.18437
8192,9714.6,52629,17.866,680.88,317.21,0.36437
8192,10627,53507,21.258,913.26,627.28,0.18563
8192,11645,53994,43.248,781.33,398.61,0.32436
8193,9342.6,53294,38.653,439.7,335.05,0.13508
8193,9892.1,54872,29.42,508.28,471.35,0.037692
8193,10694,53374,25.442,979.75,824.77,0.085885
8193,11160,54887,27.377,394.51,281.38,0.16737
8194,10038,54077,34.21,636.61,388.79,0.24169
8194,11144,54959,29.857,478.97,406.64,0.081671
8194,11615,54100,32.835,402.54,406.41,-0.004775
8195,9408.3,53904,35.291,691.18,274.54,0.43143
8195,11454,54229,24.473,344.92,259.77,0.14082
8196,8970.1,54130,26.885,640.23,482.56,0.14042
8196,11375,54304,25.695,489.88,467.31,0.023586
8197,9233.9,54221,27.999,891.52,660.48,0.14886
8200,10781,54081,28.627,426.69,217.14,0.32548
8200,11587,53677,21.527,589.12,501.08,0.080749
8201,9336.1,52672,28.505,431.71,199.68,0.36749
8201,10017,54060,25.753,422.94,214.92,0.32612
8201,10748,53954,37.615,250.18,224.82,0.05339
8202,9380.7,52434,23.186,502.83,281.74,0.28179
8202,10072,54520,29.614,256.33,224.04,0.067214
8203,9246.2,52865,26.697,527.94,455.36,0.073812
8203,10860,53641,21.21,376.68,255.75,0.19123
8204,9286.6,52940,34.063,368.89,336.24,0.046296
8204,10992,53720,25.444,560.5,369.21,0.20575
8204,11614,53984,25.513,562.45,368.8,0.20795
8205,9224.3,52847,22.946,495.07,437.68,0.061522
8205,10934,53670,34.863,223.4,266.62,-0.088205
8206,9309,54987,27.244,407.49,212.96,0.31352
8207,9130.5,54675,32.892,279.9,138.02,0.33949
8208,9015,54291,37.789,378.15,297.39,0.11955
8208,10379,54014,35.175,261.55,234.01,0.05557
8209,8685.5,54113,33.311,431.4,418.94,0.014662
8212,8713.3,54489,24.013,683.49,420.3,0.23845
8212,9600.7,54986,35.937,342.72,316.02,0.040536
8212,11095,52539,32.407,168.02,173.65,-0.016469
8213,9663.5,54832,35.447,315.44,284.25,0.052006
8214,9458.6,55108,29.632,591.87,426.9,0.16193
8215,9419.6,55174,26.292,577.41,354.42,0.23931
8215,10044,52488,33.38,914.86,791.83,0.07209
8215,11040,52902,23.275,370.09,206.28,0.28421
8216,10921,53269,26.47,531.82,202.55,0.44838
8217,9474.6,55078,34.839,462.97,101.09,0.64157
8217,10984,53240,27.232,326.06,227.94,0.17711
8218,9280.9,53187,24.236,576.67,243.14,0.40684
8218,9634.5,53790,31.258,184.72,143.09,0.127
8219,11033,52770,25.1,548.18,396.45,0.16062
8220,11019,52578,24.808,488.11,281.94,0.26773
8220,11125,53077,28.014,589.84,438.89,0.14673
8221,10989,52718,21.866,783.04,568.47,0.15876
8222,9895.8,53920,26.751,214.53,217.7,-0.0073254
8222,10923,52502,22.619,496.67,285.88,0.26936
8223,9861.7,53927,27.094,440.2,484.99,-0.048414
8224,8873.7,53105,20.011,634.66,499.23,0.11943
8224,9765.6,54012,27.685,1166.7,1027.1,0.063631
8225,8916.2,53177,26.191,711.86,502.48,0.17242
8225,9388.6,55338,35.297,394.73,228.61,0.26649
8225,10154,54928,21.441,823.37,620.14,0.14079
8226,9034,53201,19.745,918.79,695.46,0.13835
8226,9162.4,54211,26.232,919.97,627.04,0.18935
8226,9386,55212,26.973,276.03,208.56,0.13921
8226,10295,55114,22.627,281.52,180.08,0.21975
8227,8814.4,53287,34.886,443.01,314.82,0.16915
8227,9222.2,54240,30.77,655.66,491.76,0.14285
8227,9280.6,55349,32.199,384.69,265.33,0.18362
8227,9535.3,53185,36.35,339.65,317.39,0.03387
8228,8966.5,53477,26.607,430.19,270.33,0.22819
8228,9386.7,52475,26.013,496.74,142.89,0.5532
8228,9934,54002,28.122,232.33,219.59,0.028188
8228,10429,54733,32.024,341.17,161.73,0.35681
8229,9016.6,53352,23.651,565.54,507.32,0.054273
8229,9240.2,52449,30.788,519.37,267.94,0.31935
8229,10693,54774,30.43,1020.8,484.93,0.3559
8230,9487.9,53458,23.842,657.52,411.46,0.23017
8230,10943,54765,28.455,537.5,416.93,0.12632
8230,11408,55166,41.556,462.51,254.89,0.2894
8231,9510.3,53372,35.701,594.58,305.39,0.32133
8231,11034,54869,29.164,472.48,248.7,0.3103
8232,9772.9,53491,29.195,671.26,464.5,0.18205
8232,10229,54030,30.943,298.66,163.1,0.29357
8233,9117.2,54303,30.067,424.86,265.17,0.23143
8233,10441,54041,25.882,493.81,374.59,0.13729
8234,10374,53985,22.272,372.6,281.66,0.13901
8234,10931,52575,34.697,327.17,212.7,0.21202
8235,9634.9,52439,23.798,512.05,346.65,0.19261
8235,10306,54130,24.471,231,162.25,0.17483
8235,10678,52653,36.178,242.87,278.75,-0.068782
8236,9426.2,52765,22.111,399.15,253.67,0.22285
8236,9522.4,54847,29.947,472.64,189.23,0.42819
8237,9431.4,52621,15.972,749.88,635.43,0.082612
8238,8834.1,55175,34.567,367.14,367.93,-0.0010672
8238,9621.1,52596,30.238,681.85,694.61,-0.0092715
8238,9707,55197,33.4,409.75,145.11,0.47694
8239,9651.3,52716,23.106,360.6,283.85,0.11909
8239,10780,55157,27.76,280.86,348.34,-0.10725
8241,11468,52549,26.311,1110.6,1134.6,-0.010703
8242,9280.8,53125,34.322,585.62,361.57,0.23654
8242,11479,52740,36.885,259.92,244.39,0.030798
8243,11314,52767,26.076,1366,1063,0.12471
8245,10064,54187,33.02,343.06,202.6,0.25741
8247,9679.5,54732,35.188,190.2,128.19,0.19475
8248,9702.3,54661,23.097,858.33,360.22,0.40878
8248,10272,55075,27.511,687.71,490.01,0.16787
8249,9406.4,53093,30.897,297.62,117.26,0.43475
8250,8918.4,54671,26.09,469.07,469,6.9977e-05
8250,9654,54843,29.186,566.45,533.64,0.029829
8251,9012.6,54631,25.446,478.78,192.09,0.42733
8251,9206.9,55079,36.009,450.55,437.84,0.014304
8251,9581.9,54312,26.862,825.84,751.72,0.046985
8251,9818.7,53076,28.194,588.36,357.86,0.2436
8252,9807.8,54101,24.299,774.09,458.82,0.25571
8252,9841.1,53111,34.634,753.1,721.64,0.02133
8252,11480,54151,36.393,374.22,331.47,0.060585
8253,9318.2,55039,26.242,962.96,400.92,0.41209
8253,11460,54324,25.867,590.27,398.62,0.1938
8254,9494.9,55242,22.519,2178.8,756.01,0.48479
8254,9667.2,54666,26.263,1060,867,0.10016
8254,9825.2,55304,6.4735,1885.6,158.03,0.84534
8255,9257.8,55320,14.938,1077.9,770.96,0.16601
8255,9737.8,54055,22.667,827.8,713.36,0.074253
8255,9684.2,54805,23.009,363.75,255.9,0.17405
8256,10159,54145,21.052,1151.9,674.06,0.2617
8256,11382,54144,25.543,758.97,409.64,0.29893
8257,9538.8,52683,17.095,761.54,198.49,0.58649
8257,9528,53050,23.178,970.36,563.38,0.26535
8258,9552.6,52580,24.065,660.39,403.97,0.24092
8258,9555.3,54070,26.788,1108.2,830.08,0.1435
8259,9513,54362,25.382,563.41,475.79,0.084321
8259,11008,54093,34.1,320.23,275.59,0.074919
8260,9306.5,54642,29.78,663.65,663.97,-0.00023902
8260,11149,54107,29.829,572.25,396.51,0.18141
8261,8985.4,54462,34.765,629.73,743.08,-0.082569
8261,9521.6,52662,16.359,437.75,166.23,0.44956
8261,9936.1,54138,37.092,414.93,113.33,0.57093
8261,11432,54215,27.021,420.64,218.38,0.31652
8262,8993.1,54385,25.939,327.3,315.4,0.018505
8262,9830.5,53989,31.722,343.15,179.21,0.31386
8264,9692.9,54909,24.439,1143.9,937.4,0.099231
8264,9892.9,54099,29.496,652.83,379.94,0.26424
8265,9517.3,52676,11.28,587.23,174.84,0.54115
8265,9609.4,55082,20.833,1137.2,1217.6,-0.034143
8266,9447.8,55259,23.45,437.01,288.53,0.20464
8266,10005,55054,25.263,295.99,205.47,0.1805
8267,9020.9,55013,26.221,1069.8,676.46,0.22526
8267,9490.7,52683,30.818,306.66,191.52,0.23111
8267,10049,55017,31.889,372.32,371.33,0.0013407
8268,8958.3,55339,30.433,457.08,254.94,0.28389
8268,11197,53551,37.874,551.77,427.84,0.12651
8269,11296,53373,32.413,313.76,264.23,0.085694
8270,8736,53903,30.625,468.13,267.43,0.27285
8270,9555.8,52649,18.058,468.26,210.75,0.37924
8271,9527.2,52659,17.361,490.52,129.14,0.58319
8271,10236,52622,30.401,827.23,664.72,0.10892
8272,9113.3,55252,18.942,1470.7,637.43,0.39526
8272,10323,52532,31.911,389.75,213.05,0.29312
8274,9642.6,54741,33.018,341.75,375.7,-0.047315
8276,9977.4,54029,22.433,491.2,140.08,0.55621
8277,10029,55026,30.404,370.39,203.23,0.29141
8277,11166,52409,31.575,406,247.84,0.24189
8278,9877.3,54014,22.747,428.09,175.33,0.41888
8278,11143,55245,32.234,230.83,106.97,0.36668
8279,9202.4,54549,29.433,400.18,400.31,-0.00016157
8280,9282.7,54504,33.832,188.61,195.36,-0.01756
8280,10468,53437,36.242,345.33,357.41,-0.017182
8280,11399,53389,31.34,670.54,313.48,0.36287
8280,11401,54307,28.811,519.56,444.11,0.078299
8281,9482.3,53364,24.509,907.15,394.16,0.39421
8282,9999.9,52918,30.749,981.17,762.21,0.12559
8284,9239.3,53044,26.598,240.01,141.41,0.25851
8286,9544.8,53531,19.639,402.6,134.38,0.49949
8286,11159,54944,32.091,1002.3,745.48,0.14692
8286,11454,53353,25.744,470.5,122.86,0.58587
8287,10965,54845,21.676,551.64,337.37,0.24103
8289,8987.2,53171,25.097,968.42,837.84,0.072292
8289,9898.1,53843,27.765,477.38,323.46,0.1922
8289,10661,54438,30.688,681.41,377.76,0.28669
8290,9911.1,53935,15.774,534.01,410.79,0.13042
8291,10058,53028,25.628,416.64,486.17,-0.077015
8291,10974,55186,22.214,535.76,473.47,0.061722
8292,9005.2,53053,38.097,559.74,590.08,-0.02639
8292,9133.8,53538,18.537,813.58,659.37,0.1047
8292,9651.1,54927,24.251,345.72,361.55,-0.022378
8293,9763.4,52741,21.02,1734.5,1024.4,0.25737
8293,9787.9,52751,21.623,1598.9,930.6,0.26419
8293,9996.5,53998,33.573,280.98,150.69,0.30184
8294,9472.3,55028,29.688,295.92,460.03,-0.21709
8295,8821.7,53084,26.219,1001.5,544.57,0.29556
8295,9429.6,54624,31.18,332.97,173.06,0.316
8295,11086,52691,29.743,446.49,181.16,0.42274
8296,8951.6,53055,20.397,1303.4,1083.9,0.091974
8296,11501,53646,23.278,827.06,608.48,0.15227
8296,11520,54939,34.716,401.63,303.2,0.13965
8297,9020.2,52725,33.794,228.42,262.43,-0.06928
8297,11612,53448,28.976,802.61,952.78,-0.085546
8297,11638,54932,32.556,276.77,216.13,0.12302
8298,11116,52916,31.854,798.18,866.99,-0.041322
8298,11542,54789,33.433,350.74,290,0.094797
8299,8738,54013,29.229,339.96,367.11,-0.038394
8299,11410,54723,33.424,329.84,472.55,-0.17785
8301,10668,54328,19.601,549.74,296.28,0.29959
8301,11206,55337,25.868,310.51,203.99,0.20704
8303,9170.5,53882,25.034,584.45,685.99,-0.079925
8303,9670.6,53918,25.171,418.74,280.42,0.19783
8303,10223,54328,32.366,631.39,658.43,-0.020959
8304,8927.5,53776,27.906,402.13,509.1,-0.11739
8304,9486.8,53830,28.377,601.75,423.91,0.17339
8305,9399.7,53835,28.423,702.97,607.17,0.073122
8305,10399,54755,35.339,194.5,198.32,-0.009727
8305,11143,55109,33.073,193.96,155.78,0.10916
8306,11112,54253,27.182,334.69,406.33,-0.09669
8306,11512,55131,27.738,486.12,425.41,0.066601
8307,11325,54238,33.201,456.8,311.96,0.18841
8308,11284,54313,26.871,511.53,571.39,-0.055273
8309,11217,54272,22.035,369.03,312.42,0.083073
8310,11179,54428,25.072,538.87,288.14,0.30317
8311,9342.1,53396,30.383,490.31,366.9,0.14396
8311,11115,54387,33.003,494.41,351.38,0.16911
8312,9813.7,55045,28.372,509.27,253.4,0.3355
8315,9600.3,53376,34.855,917.62,515.62,0.28048
8315,9688,54624,32.216,477.48,538.84,-0.060368
8315,10638,53655,15.256,403.98,138.73,0.48877
8317,9445.9,54436,39.043,439.23,240.12,0.29309
8317,10640,53632,27.207,575.94,253.86,0.38814
8317,11237,52814,23.88,279.71,114.58,0.41879
8319,10983,54563,21.652,393.28,174.36,0.38568
8320,10416,52829,22.986,491.58,255.54,0.31593
8321,8923.4,54421,25.822,584.15,293.32,0.33145
8321,10733,53689,33.511,261.93,122.72,0.3619
8324,9022.2,54965,28.88,1019.6,582.76,0.27262
8324,10836,53858,27.168,497.14,567.84,-0.06639
8325,9089,54952,29.737,468.41,286.07,0.24167
8326,9350,55033,23.485,626.44,389.81,0.23284
8327,9490.5,55065,25.955,870.79,442.93,0.32568
8328,9109,54449,31.375,461.07,254.96,0.28784
8328,9874.6,53977,32.617,282.42,233.64,0.094519
8329,9147.4,54647,22.078,490.67,254.15,0.31755
8329,9889.3,53997,26.621,209.79,188.99,0.052164
8330,9036.9,54368,26.52,795.87,986.72,-0.10706
8330,10473,53157,31.651,185.62,120.4,0.21313
8332,9894.1,53888,26.693,353.8,206.47,0.26296
8333,9061.2,54911,31.659,543.36,230.54,0.40421
8333,9443.6,53662,35.235,1088.8,671.63,0.23697
8334,9801.2,53996,30.247,272.72,178.33,0.20927
8334,11162,53283,27.374,533.99,241.37,0.3774
8335,9516.7,53597,35.974,596.38,654.04,-0.046117
8335,11576,54412,36.999,638.21,629.47,0.0068956
8336,8822.3,54959,21.203,618.97,411.22,0.20166
8336,11266,54374,22.436,718.82,439.34,0.24131
8338,8745.8,55052,24.326,1347.9,1134.2,0.086091
8338,11190,54572,28.487,428.67,152.57,0.47502
8340,8833,53127,39.03,408.63,565.24,-0.16081
8340,10342,54672,34.708,391.39,257.47,0.20639
8341,9204.2,55317,23.515,784.58,385.89,0.34063
8341,9504.6,54133,39.028,424.53,264.22,0.23276
8342,9036.1,55381,32.485,367.91,207.11,0.27964
8342,10489,54933,30.646,474.95,576.54,-0.096616
8343,8750.9,55325,33.566,273.03,254.58,0.034966
8343,9699.5,55354,35.449,422.86,346.08,0.099847
8343,11260,54756,32.363,638.64,522.73,0.099798
8344,9620,55241,27.948,566.73,494.16,0.068403
8344,11053,54786,36.528,574.73,456.27,0.11489
8345,10329,54250,24.174,1050.9,808.45,0.13039
8345,10393,54978,29.406,725.65,512.34,0.1723
8346,10279,54894,34.626,457.04,259.39,0.27588
8346,10494,54238,31.958,359.3,382.29,-0.031004
8347,10532,54697,28.55,917.76,680.63,0.14836
8347,10950,53096,36.079,421.45,350.61,0.091758
8348,9959.2,54553,33.49,285.56,308.66,-0.038865
8349,10919,54926,35.655,342.62,222.83,0.21185
8350,10083,55060,22.125,452.82,134.59,0.54174
8352,11024,54385,26.487,213.37,127.08,0.25345
8354,9686.6,54789,9.8602,592.04,286.45,0.34786
8355,9721,54717,26.525,315.43,303.09,0.019943
8355,10627,53534,30.323,411.68,202.44,0.3407
8356,8902.3,55198,26.25,645.16,678.88,-0.025465
8356,10763,53479,30.838,692.1,360.04,0.3156
8356,11641,53074,34.487,722.13,624.67,0.072365
8358,8778.2,55231,33.704,505.37,324.33,0.21821
8358,9821.5,54073,13.476,618.9,336.06,0.29618
8358,10845,53858,30.732,621.97,527.26,0.082415
8358,11082,54661,28.37,492.51,420.7,0.078632
8358,11633,54418,30.893,270.8,201.69,0.14626
8359,9976.9,53949,22.807,611.09,533.58,0.067715
8359,10348,54109,28.017,624.75,547.14,0.066223
8359,10953,54741,30.53,353.33,178.47,0.32882
8360,8688.9,55331,22.873,345.56,304.84,0.062605
8360,11519,52817,23.686,606.99,581.23,0.021685
8361,8794.1,54329,25.467,505.51,271.71,0.30082
8362,11235,55007,23.623,495.47,260.7,0.31048
8364,11543,54309,27.214,738.93,599.39,0.10427
8365,10039,53979,30.215,254.52,140.99,0.28703
8366,11321,54542,30.358,569.86,551.83,0.016068
8367,9912.1,53933,33.796,240.43,176.06,0.15456
8367,10985,53893,28.191,407.45,257.94,0.2247
8368,8958.2,53661,37.574,285.04,454.66,-0.22931
8368,9847.4,53864,29.513,555.44,487.06,0.065586
8368,11244,53860,29.48,278.75,187.24,0.19637
8368,11593,54513,35.055,169.15,294.44,-0.27026
8370,10713,54042,32.174,198.65,157.8,0.11459
8371,9759,54802,37.933,276.72,206.61,0.14506
8371,10943,54296,25.213,415.91,369.51,0.059071
8371,11256,53351,29.172,412.11,239.5,0.2649
8372,8728,52861,26.371,436.24,328.61,0.14071
8372,11122,53624,21.965,423.23,293.18,0.18153
8373,9539.2,54952,22.374,618.55,489.51,0.11646
8373,9665.4,52615,46.469,1159.2,834.17,0.16308
8373,10368,52728,28.426,669.05,363.72,0.29564
8373,10741,53671,16.051,802.18,596.79,0.14681
8374,8758.7,52894,25.593,445.98,224.79,0.32975
8374,9647.7,55209,29.203,590.64,316.55,0.30213
8375,9679.9,55094,25.687,541.01,492.38,0.047051
8375,10655,53743,20.307,707.2,465.39,0.20622
8376,9397.1,53412,29.324,490.77,236.98,0.34874
8377,10243,54843,29.536,216.53,146.16,0.19402
8378,10731,53936,31.538,640.16,550.72,0.075106
8379,10819,53358,24.266,761.84,541.54,0.16902
8379,10815,53839,32.269,1079.2,579.94,0.3009
8381,10449,53196,32.627,375.45,295.27,0.11955
8382,10242,54146,36.002,232.78,281.19,-0.094187
8382,10326,53168,28.902,285.93,244.31,0.078493
8382,10309,54798,30.374,296.25,374.53,-0.11671
8383,10059,54144,25.871,553.72,544.01,0.0088434
8384,9316.8,53222,36.272,371.31,231.2,0.23255
8384,11597,53331,31.253,1055.6,796.1,0.14012
8385,9086.2,53175,36.021,349.9,257.34,0.15242
8385,9111.5,55295,29.063,579.97,367.7,0.22399
8385,9652.7,53873,30.079,635.44,493.51,0.12572
8385,11571,53296,22.213,570.91,184.06,0.51242
8386,8858.3,54397,23.333,424.35,133.58,0.52117
8386,9082.3,53122,33.297,556.89,228.17,0.41871
8386,9265.1,55340,32.392,896.97,430.62,0.35128
8386,9672.8,54808,21.55,820.31,220.14,0.57684
8386,11200,53185,35.308,269.18,103.03,0.44639
8387,11211,53394,27.115,338.73,177.4,0.31257
8388,11301,53318,29.99,357.8,141.54,0.4331
8389,8719.2,54399,24.606,635.22,335.1,0.3093
8389,9649.2,52496,25.758,806.44,553.58,0.18592
8391,8814.5,54365,27.119,645.78,398.85,0.23638
8391,9037.6,53053,32.81,456.73,334.53,0.15443
8391,10207,54033,27.214,738.41,450.48,0.24218
8393,9395.7,53445,22.167,513.52,233.5,0.37485
8393,10370,53477,29.873,149.92,129.33,0.073709
8394,9059.3,53646,30.552,193.49,186.71,0.017834
8395,10757,52604,19.985,943.71,813.78,0.073932
8395,10866,53638,26.734,447.41,340.59,0.13557
8396,8711.7,54876,29.631,494.3,517.72,-0.023148
8398,11187,53552,27.058,812.67,622.38,0.1326
8400,10953,53880,22.824,547.03,374.75,0.1869
8401,11266,55389,28.225,210.46,140.41,0.19967
8402,9901.7,53896,17.366,440.64,228.97,0.3161
8403,9865.4,53884,32.084,248.53,242.7,0.011867
8405,9968.2,54150,19.448,942.01,494.8,0.31125
8405,10186,54166,32.62,1299.6,745.04,0.27124
8405,10576,52896,36.958,731.96,424.35,0.26603
8405,11149,54770,28.674,469.48,227.29,0.34758
8406,8667.8,54999,26.539,834.31,643.42,0.12918
8406,10266,54064,10.189,1504.1,938.82,0.23139
8406,10537,52596,21.889,488.32,231.2,0.35735
8408,9135.7,54487,32.525,594.2,475.67,0.11079
8408,9325.7,52403,22.352,688.13,296.68,0.39748
8408,10508,52584,35.958,367.43,376.41,-0.012076
8409,9182.8,52485,23.255,466.06,187.03,0.42724
8409,11008,53660,34.913,606.22,263.1,0.3947
8410,9160.6,54150,25.037,524.8,400.1,0.13482
8410,9096.5,55351,32.442,379.33,172.22,0.37549
8410,10884,53701,20.841,671.9,271.87,0.42386
8412,9176.4,55236,23.116,1234.4,574.9,0.36451
8412,9653.7,53370,24.54,599.2,376.45,0.22831
8412,9921.6,54105,39.227,227.59,137.2,0.2478
8413,9670.5,53273,31.743,791.81,563.53,0.16843
8413,10649,53964,26.174,399.55,370.35,0.037927
8414,9048,55348,26.899,285.02,181.19,0.2227
8414,9340.3,52899,27.486,410.24,424.62,-0.017223
8414,11359,54601,29.596,449.27,379.62,0.084023
8415,9786.9,54821,31.568,151.37,102.48,0.19258
8415,11307,54207,32.733,409,421.35,-0.014869
8416,8745.1,55318,30.95,441.99,213.44,0.3487
8416,10810,54914,35.338,210.08,119.44,0.27508
8417,10926,54767,33.443,394.37,305.76,0.12657
8418,9013.7,55057,34.735,392.79,374.37,0.024008
8418,10837,53614,21.931,514.57,410.43,0.11259
8418,11237,54749,36.204,281.44,230.84,0.098775
8419,9124.6,55223,33.571,223.09,146.68,0.20665
8419,10873,53424,29.527,871.81,781.79,0.054439
8420,9558.3,55379,26.509,366.35,201.66,0.28994
8420,10805,53475,28.333,802.72,708.78,0.062148
8420,11153,53417,24.488,746.74,651.18,0.068357
8421,8889,53179,34.939,187.54,664.52,-0.55979
8421,9674,55211,20.9,620.24,402.44,0.21297
8421,10749,53515,32,468.73,388.85,0.093154
8422,9721,55089,35.263,280.86,168.03,0.25134
8424,9415.6,54812,30.348,264.47,208.63,0.11801
8424,9851.5,53933,32.78,240.33,240.05,0.00058642
8424,10513,55226,34.036,232,254.38,-0.046004
8424,10667,54126,35.558,192.3,176.07,0.044057
8425,9882.2,53962,22.416,337.03,244.04,0.16003
8426,9924.8,53862,18.656,433.76,298.76,0.1843
8427,9803.8,53742,31.541,411.82,322.09,0.12226
8429,9459.5,52588,27.91,765.29,452.05,0.25732
8433,9962.5,54103,27.969,599.11,791.05,-0.13807
8433,10292,52545,18.187,740.78,232.59,0.5221
8433,11569,52585,27.048,417.08,278,0.2001
8434,8900.5,53486,25.633,442.89,658.45,-0.19573
8435,11467,53416,31.757,661.78,322.09,0.34525
8436,8698.9,52842,32.393,558.93,414.94,0.14785
8436,9628.1,54987,30.681,298.31,210.47,0.17263
8436,10812,54421,20.875,604.65,317.29,0.31169
8436,11565,54696,28.33,399.94,398.05,0.0023564
8437,9710.6,54498,23.965,505.99,581.48,-0.069422
8437,11090,54455,32.758,483.02,383.56,0.11478
8437,11571,54719,28.457,291.95,372.04,-0.12061
8438,9887.7,54000,32.976,490.84,527.96,-0.036433
8439,9938,53935,27.032,329.56,124.83,0.45057
8440,10325,53985,29.389,505.6,246.22,0.34501
8441,9785.9,53971,29.363,738.58,406.21,0.29034
8441,11575,53647,30.037,556,752.77,-0.15034
8442,9602.2,53557,16.813,537.65,375.53,0.17753
8442,9783.1,54237,37.757,1086.3,796.83,0.15372
8442,11641,53776,31.97,548.3,787.56,-0.17911
8443,9453.6,53441,20.995,482.65,213.93,0.38577
8443,10664,53787,34.594,656,468.33,0.16692
8444,9501,54540,24.264,959.87,1001.4,-0.021177
8444,9713.3,53341,33.804,502.46,411.92,0.099017
8444,10748,53465,34.892,475.59,177.33,0.45681
8444,10741,53505,35.11,425.51,139.93,0.50507
8445,9577.4,54521,18.239,508.88,434.45,0.078896
8445,9728,53768,32.489,667.16,196.56,0.54484
8445,9949.7,52896,24.343,757.82,414.06,0.29334
8446,8797,54411,27.186,478.31,228.73,0.353
8446,9647.1,54875,19.709,1214.6,1134.9,0.033928
8446,9990.3,53300,27.413,1230.1,724.59,0.25863
8446,11236,53369,31.515,833.38,601.34,0.16173
8447,9570.7,54585,23.89,936.18,1009.5,-0.037669
8447,9695.6,53438,27.712,399.93,186.26,0.36451
8447,11374,53311,23.289,480.4,295.77,0.23786
8448,9802.1,54933,34.412,413.05,302.45,0.15458
8448,9999.7,54077,23.204,330.12,251.5,0.13518
8448,10732,52797,35.163,721.33,408.23,0.27719
8448,11529,53619,29.101,566.91,230.4,0.42206
8449,9615.1,54801,23.502,853.78,366.95,0.39881
8449,10667,55177,34.594,646.76,461.76,0.1669
8451,10148,53058,29.031,775.73,619.63,0.11187
8451,10176,53378,30.842,1127.9,735.93,0.21032
8451,10598,55147,18.769,784.94,538.41,0.18629
8451,11510,52825,21.149,345.58,113.06,0.50698
8452,10632,53227,29.645,884.1,711.92,0.10788
8453,9694.6,54344,27.306,715.61,275.46,0.44412
8453,10313,55285,31.032,286.36,203.1,0.17011
8453,10639,53351,17.035,1291.4,885.02,0.18671
8454,9610.5,54762,19.41,590.7,547.48,0.037974
8454,10607,53377,33.389,878.5,734.93,0.08898
8454,11480,54901,25.563,418.95,324.45,0.12711
8454,11552,54242,20.574,698.14,467.42,0.19795
8455,11326,54943,36.482,325.2,382.53,-0.081011
8455,11556,52762,27.896,322.2,223.62,0.18061
8456,8696,52631,25.172,604.86,586.65,0.015283
8456,8974.7,52719,35.709,797.72,666.06,0.089943
8457,8987.2,52573,36.689,429.62,221.92,0.31878
8457,9062.3,52706,37.246,736.36,428.77,0.264
8457,9650.3,54697,27.679,400.02,336.16,0.086744
8457,11269,55012,38.698,599.1,449.06,0.14315
8457,11667,53120,32.188,257,207.9,0.10561
8458,9669,54659,28.053,449.6,352.1,0.12161
8458,11019,54964,26.57,877.44,443.09,0.32892
8459,10892,54755,32.62,550.75,540.01,0.0098448
8459,11639,53067,31.694,377,438.08,-0.074934
8460,10886,54965,21.129,895.43,696.93,0.12466
8461,10809,54886,33.492,631.32,701.33,-0.052535
8462,9894.5,53930,28.212,326.23,173.07,0.30674
8462,10161,53265,33.292,361.89,150.85,0.4116
8462,10582,54632,20.454,742.95,502.88,0.1927
8463,10744,54430,31.238,324.71,192.58,0.25541
8464,10994,54460,26.182,721.09,508.07,0.1733
8465,9895.3,55060,33.357,278.46,1066.6,-0.58595
8466,10143,53939,27.279,526.03,285.47,0.29644
8466,10354,54421,28.774,406.38,303.61,0.14475
8467,9456,54909,28.101,331.23,428.19,-0.12768
8467,9753.2,53999,32.643,154.54,245.98,-0.22831
8468,9623.5,54664,30.112,298.17,187.31,0.22834
8469,10350,54085,18.513,472.82,567.71,-0.091187
8471,8943.4,54747,19.524,541.19,513.42,0.026323
8471,10723,53784,31.044,417.65,198.28,0.35615
8471,10713,53352,27.38,709.93,480.92,0.1923
8472,10022,53067,23.048,798.39,684.19,0.07703
8473,9960.8,54004,38.858,147.36,454.98,-0.51072
8473,10321,52593,26.275,588.65,268.02,0.37428
8474,9960.9,53935,19.318,264.31,153.52,0.26516
8475,10585,54551,34.337,325.01,154.69,0.35504
8476,9559.8,54857,34.265,489.36,364,0.1469
8480,8926.8,52730,19.229,317.99,116.56,0.46352
8480,10286,54268,35.344,391.33,350.86,0.054537
8481,10220,54201,21.644,557.88,392.23,0.17435
8483,9316.2,52409,34.798,278.35,199.65,0.16465
8484,9486.7,55210,32.314,324.82,104.65,0.51265
8484,11094,55205,24.123,419.31,247.72,0.25724
8485,9175.1,55209,29.097,418.19,240.09,0.27056
8485,11140,55281,25.038,256.92,238.14,0.037931
8486,9719.6,52843,31.524,279.99,172.37,0.2379
8487,9824.3,52797,27.998,535.66,485.42,0.049199
8487,11265,53008,32.09,330.58,248,0.14272
8488,9831.7,53061,28.587,584.37,565.01,0.016849
8488,9867.7,53960,24.205,344.94,410.21,-0.086426
8488,11246,54018,31.112,378.92,119.83,0.51949
8489,9148.2,54352,34.457,267.74,569.03,-0.36005
8489,9882.7,53938,18.15,353.24,206.56,0.26202
8490,9032.5,55349,36.872,433.16,191.4,0.38708
8490,9977.8,53962,20.967,495.09,190.39,0.4445
8490,11609,54031,25.877,959.44,417.31,0.39377
8491,9042.8,55190,25.766,631.09,430.42,0.18904
8491,11646,54485,18.575,644.29,303.84,0.35908
8492,8944,55258,25.06,469.53,351.12,0.14428
8492,11163,53257,23.943,427.63,175.43,0.41821
8492,11586,54464,18.421,664.88,510.62,0.13123
8493,9490,53619,22.41,733.86,318.43,0.39479
8493,11081,53068,32.614,638.56,464.69,0.1576
8493,11585,54612,22.81,577.69,347.25,0.24914
8494,11068,52935,19.822,1128.8,827.58,0.15395
8494,11548,54888,19.867,668.86,441.13,0.20517
8495,10959,52904,22.435,860.94,514.98,0.25144
8496,10177,52425,22.172,559.74,267,0.35409
8496,10289,54109,23.318,467.94,405.97,0.070911
8496,10918,52962,16.337,485.76,632.52,-0.13124
8496,11376,54933,35.54,235.31,263.51,-0.056524
8497,10952,52963,22.485,712.33,618.18,0.070766
8498,10951,53174,23.095,445.35,252.03,0.27721
8499,9331.8,55349,33.662,534.81,523.66,0.010534
8499,9598.4,54866,33.09,312.74,243.89,0.1237
8499,10796,53890,33.812,448.81,330.5,0.15181
8499,11012,53215,28.126,461.1,531.99,-0.071388
8500,9334,55241,30.028,390.14,144.41,0.45969
8500,11023,53833,27.462,598.41,269.32,0.37925
8500,11172,52947,24.867,401.73,189.08,0.35994
8501,9672.9,55082,29.962,742.81,416.18,0.28183
8501,10987,53653,28.26,243.93,355.91,-0.18669
8501,11107,52844,23.57,466.1,427.37,0.043349
8502,10019,54850,22.139,595.43,877.09,-0.19128
8502,10115,53619,39.316,405.79,272.2,0.19704
8502,10864,52901,32.325,252.56,142.51,0.27856
8502,11271,53466,27.814,181.98,410.08,-0.38528
8503,9060.1,52927,27.547,537.17,432.95,0.10743
8503,10776,53063,29.19,341.67,108.61,0.51758
8504,9840.9,54552,30.325,374.98,106.08,0.55897
8505,9955,54639,23.056,394.02,282.12,0.1655
8505,10823,54982,33.951,257.22,341.17,-0.14029
8505,11030,53607,20.417,537.56,382.84,0.1681
8506,11014,53438,14.569,1574.8,987.84,0.22905
8506,10960,54216,26.095,1033,617.69,0.2516
8507,8717.4,54107,37.805,215.73,165.18,0.13271
8507,9854.1,54061,20.647,563.08,396.37,0.17375
8507,10800,53446,17.204,816.97,420.84,0.32002
8507,11056,54280,24.812,1002.2,833.25,0.092057
8508,9914.3,54024,17.377,503.31,361.69,0.16372
8508,10935,53443,34.329,271.49,274.29,-0.0051387
8509,9911.2,54056,19.493,811.59,631.91,0.12448
8510,9905.2,54020,26.334,614.16,347.74,0.27697
8511,9941.9,53963,22.648,439.29,402.15,0.044143
8512,9861.8,53958,20.006,314.34,326.57,-0.019081
8512,10576,53824,32.766,231.18,283.35,-0.10139
8512,11626,53300,31.827,275.11,238.89,0.070484
8513,9063.7,54726,27.426,632.4,983.59,-0.21733
8514,9771.5,53601,32.637,463.47,355.94,0.13123
8515,9687.7,53791,26.236,442.61,335.68,0.13739
8516,10799,52858,30.342,305.8,173.52,0.27597
8517,10736,52607,31.687,538.59,259.51,0.34968
8518,9813.1,53350,39.18,229.45,309.28,-0.14818
8519,9589.8,53444,27.688,960.48,575.52,0.25063
8519,9902.4,54020,32.029,312,264.31,0.082752
8520,8913.2,53012,18.577,925.25,616.46,0.20029
8520,9768.2,53216,32.572,451.13,490.62,-0.041935
8520,11015,52428,32.151,376.15,320.38,0.08006
8520,11273,53211,20.805,811.86,599.71,0.15029
8521,9423.8,53330,28.657,526.64,832.43,-0.225
8521,9924.5,54013,14.982,608.28,346.82,0.27375
8521,10680,53551,25.647,839.36,672.63,0.11027
8521,11321,53348,30.494,489.59,468.06,0.022478
8522,9939.2,53927,13.039,577.17,359.97,0.23177
8522,11126,52854,15.914,643.5,433.15,0.19537
8523,10031,55135,35.987,447.3,490.87,-0.046444
8523,10593,53486,22.737,925.05,583.96,0.22603
8523,11003,52867,26.077,657.56,403.73,0.23917
8523,10939,54514,31.108,564.91,470.48,0.091203
8523,11606,53454,30.993,500.05,269.09,0.30029
8524,9908.8,53929,16.634,363.85,224.69,0.23644
8524,11130,52545,25.94,602.57,528.29,0.065683
8525,9983.7,53991,19.393,568.62,359.38,0.22547
8525,9924.6,55125,37.195,733.64,663.68,0.050065
8525,10504,53197,30.918,792.35,494.98,0.23099
8526,9833.5,54011,14.961,652.04,343.29,0.31019
8526,10815,54035,24.728,963.95,642.02,0.20045
8526,11014,52805,20.299,1016.7,856.08,0.085757
8527,9786.3,53916,18.593,704.06,594.3,0.084534
8527,10173,54408,28.697,696.07,512.77,0.15163
8527,11084,52833,29.761,643.63,400.53,0.23283
8528,8962.9,55375,23.287,527,461.86,0.065866
8528,9665,53948,20.563,1147.4,787.48,0.18604
8528,10758,54688,33.732,575.39,374.51,0.21148
8528,11151,53500,29.301,554.8,325.85,0.25997
8529,9709.7,54013,16.741,1482.7,748.06,0.32933
8529,10341,54781,29.916,235.55,143.72,0.24213
8529,10387,52536,34.686,778.24,572.06,0.15269
8530,10575,52776,39.19,224.4,283.37,-0.11613
8531,9691.8,53436,21.047,428.6,195.16,0.37423
8531,10636,52684,25.609,709.32,241.98,0.49127
8531,11224,53682,30.076,409.37,365.91,0.056064
8533,9693.9,53566,31.008,375.12,140.81,0.45415
8533,9885.3,52843,18.014,795.94,313.83,0.43442
8534,9702.8,53535,34.432,716.35,405.76,0.2768
8534,10190,52599,37.872,297.65,129.01,0.39526
8535,9693.6,53381,35.971,353.72,116.24,0.50533
8535,9722.3,53409,36.634,842.76,366.18,0.39422
8536,9468.9,53336,19.557,732.48,373.83,0.32419
8537,9338.8,53421,20.725,1219.5,582.93,0.35317
8537,10822,55164,29.767,321.06,381.86,-0.086487
8538,9370.2,52982,27.08,552.93,265.57,0.35107
8538,11581,52813,38.293,230.4,478.43,-0.34991
8539,9163.1,52873,35.065,616.64,417.04,0.19309
8540,9301.9,52773,27.888,256.3,170.93,0.19982
8540,11113,54574,30.57,371.94,310.59,0.089893
8541,10702,53432,36.685,486.74,307.09,0.22631
8542,9338.2,53720,25.693,428.32,319.98,0.14479
8542,10507,53203,28.465,369.51,175.62,0.35567
8542,11066,54267,33.004,659.44,990.27,-0.20054
8543,9249.6,53582,17.684,1030.1,385.31,0.45555
8544,9191.6,53780,25.211,397.85,189.14,0.35556
8545,9343.2,53891,30.597,439.86,337.66,0.13145
8546,11273,54229,33.497,547.9,364.45,0.20108
8547,9027.9,53971,26.14,735.97,518.47,0.17339
8548,10848,54101,23.289,574.83,427.05,0.14751
8550,10550,54469,33.741,485.14,312.08,0.21708
8552,11632,54179,25.164,564.47,474.2,0.086914
8553,9209.5,53984,35.923,293.31,245.08,0.089575
8553,10798,54949,36.913,302.46,202.73,0.19742
8554,8756.3,54652,26.459,419.79,259.3,0.23634
8554,8719.3,55386,29.61,435.97,278.59,0.22025
8554,9373.5,54031,33.219,502.19,225.02,0.38115
8555,9367.3,54053,11.916,1484.1,228.35,0.7333
8556,9407.2,54105,26.072,900.18,218.57,0.60925
8557,9495.5,54780,33.165,451.46,444.6,0.0076657
8558,10000,54849,29.073,951,799.78,0.086374
8559,9226,53107,30.706,281.33,208.91,0.14773
8559,10049,54869,29.174,783.91,649.64,0.093666
8559,11540,55103,31.425,279.07,174.6,0.23027
8560,10191,54578,29.744,792.13,615.06,0.12583
8561,10311,54839,31.013,639.73,514.41,0.10858
8562,8997.9,54644,18.637,444.92,390.39,0.06528
8562,9725,52982,33.88,363.53,329.76,0.048711
8563,8892.9,54666,27.653,476.53,516.94,-0.040679
8563,10471,54052,36.488,494.83,333.73,0.19443
8564,8817.2,54488,32.341,521.04,341.64,0.20795
8564,10449,54073,27.371,418.73,306.54,0.15469
8564,10845,54635,36.821,682.36,506.54,0.14788
8564,11183,53433,21.369,800.12,481.46,0.24865
8565,10283,54146,27.219,587.77,495.5,0.085183
8566,11178,53932,18.858,1153.9,474.25,0.41744
8566,11564,54955,26.889,883.91,656.85,0.14737
8567,9777.3,54070,18.102,763.56,623.22,0.1012
8567,11215,53844,27.842,342.01,257.18,0.14158
8568,10232,53727,36.309,527.61,153.66,0.54891
8568,11072,53703,26.155,568.65,402.44,0.17116
8573,9732.2,54497,19.127,320.15,228.79,0.16642
8574,8959.1,53149,26.086,635.14,664.09,-0.022279
8574,9643.4,54473,40.46,191.81,131.42,0.18683
8575,9116.2,55283,24.137,474.82,470.3,0.0047908
8575,10781,54918,39.448,182.79,209.26,-0.067508
8576,9274.8,55383,28.554,414.29,448.87,-0.040056
8577,9891.8,53953,32.631,488.41,443.21,0.048519
8577,10989,53674,25.619,408.74,306.16,0.14349
8578,11165,53789,25.556,476.08,352.79,0.14875
8578,11644,53653,30.637,638.98,593.41,0.036979
8579,9465.3,54712,32.536,425.3,322.97,0.13675
8579,9799.9,52453,29.687,144.48,107.05,0.14881
8579,10768,55124,28.585,161.04,144.18,0.055221
8579,11502,53878,21.289,1120.6,1006.4,0.053682
8579,11598,54072,34.244,861.45,789.99,0.043271
8580,11485,53714,20.428,1106.2,588.13,0.30575
8581,11420,53902,38.186,781.9,538.91,0.18398
8582,8992.1,54426,22.421,229.59,135.3,0.2584
8582,9826.7,55362,34.734,301.35,246.91,0.099293
8582,11387,53772,34.121,468.98,344.54,0.15296
8583,8936.6,54536,31.672,525.24,415.33,0.11685
8583,11430,53883,25.972,459.84,466.75,-0.0074546
8584,8737.2,54641,33.764,937.58,415,0.38636
8584,9164.8,55172,23.425,710.01,629.97,0.059728
8588,10719,54734,12.232,828.78,186.56,0.63252
8589,9417.5,52698,19.404,279.93,188.34,0.1956
8590,8810.3,55032,34.304,267.98,423.66,-0.22508
8590,11488,53892,22.961,310.28,297.45,0.021097
8591,8952.9,52826,26.291,420.38,151.23,0.47087
8591,9529.1,54910,21.284,365.78,281.64,0.12997
8592,9516.1,52648,11.808,1020,405.2,0.4314
8592,9543.5,54871,30.55,259.18,299.55,-0.072247
8592,10227,52940,36.308,328.44,176.39,0.30118
8593,9557.4,52723,30.913,931.36,665.06,0.16681
8593,10797,53556,34.795,629.98,419.16,0.20094
8594,9394.2,52752,36.345,562.48,188.79,0.4974
8594,9599.2,54808,26.328,334.55,168.17,0.33096
8594,10850,53425,28.586,497.47,457.17,0.042221
8595,9614,54745,19.1,643.85,313.69,0.3448
8595,10437,54771,22.101,448.59,191.12,0.40248
8595,10846,53961,28.561,326.65,267.46,0.099627
8597,9025.6,54737,32.03,666.11,771.67,-0.073425
8599,9091,53567,30.576,198.74,101.93,0.32195
8599,9185.3,55048,27.625,681.67,549.42,0.10742
8599,11026,55338,23.425,306.62,211.98,0.18248
8600,8868.7,53180,32.196,241.08,143.78,0.25283
8600,8989.8,55269,23.92,303.22,219.68,0.15975
8600,9512.7,54925,36.003,394.15,367.73,0.034681
8600,9783.4,53828,23.855,210.76,171.03,0.10406
8600,9702.1,54862,30.717,664.72,586.25,0.062727
8600,11087,55215,27.224,562.04,587.84,-0.022435
8601,9611.5,54873,24.202,433.48,527.89,-0.098197
8603,11023,53776,22.124,576.74,425.91,0.15043
8603,11100,54371,32.145,475.94,363.76,0.1336
8604,9524.6,53922,33.179,432.34,247.97,0.27101
8604,10980,53955,25.099,725.16,307.44,0.40454
8605,10856,53860,28.7,408.24,367.23,0.052877
8605,11444,52565,26.558,748.17,612.78,0.099481
8606,9773.4,53935,21.073,308.6,132.65,0.39877
8607,9909.4,53973,23.916,419.48,442.55,-0.026753
8607,10371,55144,35.765,203.21,157.95,0.1253
8607,10815,53736,24.56,958.18,868.58,0.049049
8607,11240,52560,31.107,586.14,256.82,0.39067
8608,9409.1,53214,13.821,724.49,633.98,0.066629
8608,9908.5,53876,25.356,673,654.71,0.01378
8608,10818,53896,22.225,322.06,228.66,0.16959
8608,11443,54882,26.618,453.17,283.41,0.23046
8609,9153.1,54293,31.083,236.86,157.84,0.2002
8609,10014,53702,24.584,368.77,400.97,-0.041827
8609,11297,53653,25.844,506.71,123.22,0.60877
8610,9140.1,54094,32.63,204.83,167.39,0.1006
8610,9594.9,53022,14.001,629.55,522.26,0.093144
8610,9890.1,53763,37.414,276.47,342.35,-0.10647
8611,10795,53935,31.257,468.81,125.36,0.57804
8611,11065,54949,35.089,598.23,484.41,0.10514
8612,8786.2,54438,27.813,453.43,287.52,0.22391
8612,10922,53809,16.975,555.46,522.37,0.0307
8613,8902.4,54453,20.421,347.57,350.94,-0.0048361
8613,10658,53273,24.89,344.35,227.08,0.20522
8614,9050.2,54439,34.14,274.96,382.75,-0.1639
8614,10133,54927,23.773,464.48,158.76,0.49055
8614,10184,54113,24.743,1157.8,527.46,0.37404
8614,10702,53367,27.574,421.07,400.26,0.02534
8614,11074,54560,19.474,691.39,469.8,0.19083
8615,8997.4,54515,20.802,236.06,349.96,-0.19437
8615,10009,54179,22.336,498.77,539.82,-0.039525
8615,10975,53489,29.614,349.36,378.2,-0.039632
8615,11013,54519,17.254,813.07,551.03,0.1921
8616,11075,54518,24.134,732.35,423.75,0.26694
8617,9021.7,52801,34.682,215.71,257.32,-0.08796
8617,11286,54286,30.907,951.62,908.53,0.023168
8619,10696,55175,33.375,218.1,111.25,0.32443
8619,11019,53824,26.604,420.87,525.78,-0.11083
8620,10020,54992,23.591,1104,896.33,0.10381
8621,9917,54828,16.444,875.16,537.4,0.23911
8621,11627,54836,20.267,545.29,313.77,0.26951
8622,9435.1,53185,32.208,419.54,503.16,-0.090632
8622,10084,54819,26.11,818.64,641.2,0.12155
8624,9199.6,53589,26.733,369.03,285.88,0.12696
8624,9729,54320,30.883,268.11,139.23,0.31638
8624,10647,54758,34.03,636.08,690.06,-0.040702
8625,10549,54654,28.496,441.9,223.4,0.32842
8626,10528,53156,17.333,574.74,490.56,0.079021
8627,9983.8,54056,18.326,709.14,383.37,0.29819
8627,10562,53148,22.298,371.82,261.24,0.17466
8627,10576,54711,27.43,188.89,118.57,0.2287
8628,8769.6,54992,38.681,223.45,191.6,0.076755
8628,9924.8,54222,23.365,739.38,328.8,0.38438
8629,9153,54903,28.876,429.73,425.97,0.0043947
8630,9826.4,54065,19.041,642,439.53,0.1872
8630,10934,53315,36.532,557.41,407.46,0.1554
8631,9861.9,54120,27.321,521.71,322.71,0.23566
8631,11096,53480,25.954,574.69,975.92,-0.25876
8632,9227.2,52996,31.855,191.19,106.52,0.28441
8632,11295,53481,29.44,1326,891.08,0.19617
8633,9623.5,52642,24.553,284.21,169.93,0.25163
8633,9885.4,53140,28.66,438.03,405.05,0.03912
8633,11023,53666,25.486,740.92,590.26,0.11318
8634,8677.5,54375,27.697,784.15,589.59,0.14162
8634,9611.7,52402,23.234,400.46,120.18,0.53833
8635,11418,53552,24.664,498.79,233.27,0.3627
8636,11281,53437,23.027,391.38,483.98,-0.10579
8637,10846,54840,37.537,272,193.79,0.16792
8638,10945,54640,30.42,818.24,446.68,0.29374
8639,9077.2,54958,37.861,349.97,404.21,-0.071918
8640,11242,54607,29.284,795.68,638.81,0.10936
8641,10413,54393,33.402,377.88,258.6,0.18741
8641,10975,54768,29.269,267.97,188.61,0.17382
8642,10312,52794,33.097,262.57,167.78,0.22027
8643,10364,52632,22.545,699.64,448.37,0.21887
8644,10036,52610,30.665,428.02,233.38,0.29428
8644,11065,54168,26.738,302.9,196.95,0.21196
8645,8996.4,53263,15.498,1215.7,697.9,0.27059
8646,8945.6,53082,16.958,1055.1,647.92,0.2391
8646,9900.5,52867,21.67,323.23,122.86,0.44919
8646,10955,53328,28.497,1251.6,710.59,0.2757
8647,8820.3,53010,31.319,539.86,353.77,0.20824
8647,10726,52446,29.177,445.95,333.6,0.14412
8647,10831,53358,21.79,961.64,503.12,0.31304
8648,10946,53502,25.381,779.83,485.5,0.23261
8649,10382,52781,29.339,235.77,292.78,-0.10785
8649,10913,53584,28.276,383.43,264.83,0.18295
8651,11655,54440,31.642,304.6,109.3,0.47184
8652,9581,53758,16.34,607.55,441.46,0.15833
8654,9912.3,54448,35.403,542.97,318.03,0.26125
8654,10872,53762,25.691,397.22,271.05,0.1888
8655,10953,53767,26.378,330.14,155.39,0.3599
8656,11140,54571,19.697,686.84,436.13,0.22326
8657,11180,54514,16.584,1043.2,517.49,0.33686
8658,11161,54183,27.468,294.33,288.61,0.0098136
8658,11604,52519,26.592,196.23,400.23,-0.34201
8659,8937.2,54572,37.465,212.09,130.33,0.23878
8659,10488,52781,26.327,460.57,271.32,0.25858
8660,10460,52810,20.692,590.85,433.74,0.15334
8662,10074,53234,32.946,671.62,382.35,0.27446
8663,10866,53941,17.937,1335,371.67,0.56445
8664,8837,54629,29.631,816.87,718.05,0.064381
8664,9256.1,54229,37.203,443.49,314.93,0.16951
8664,9869.7,54107,14.232,387.86,232.92,0.2496
8666,9073.7,54287,25.12,911.43,613.41,0.19544
8667,9551.1,52496,36.604,851.01,869.11,-0.010519
8667,10974,54815,20.381,470.4,404.99,0.074717
8667,11647,54045,45.489,379.49,395.3,-0.020403
8668,8738.8,54806,32.171,650.09,470.64,0.16012
8669,9227.4,54200,32.049,241.97,503.89,-0.35116
8669,10090,53110,16.534,718.73,366.7,0.32433
8669,10880,53815,33.635,418.17,350.3,0.088323
8670,10039,52939,27.171,836.82,671.25,0.10978
8670,10574,55343,33.897,227.9,116.38,0.32393
8671,9949.4,52614,20.974,1073,523.66,0.34404
8672,8842.9,55309,32.094,661.97,403.56,0.24252
8672,9943.6,52570,33.056,525.2,537.93,-0.011967
8673,9160.4,54049,38.105,224.7,251.12,-0.055519
8674,9366.9,54798,26.038,272.97,253.64,0.03672
8675,11563,53004,28.081,221.15,102.82,0.36524
8676,10312,54743,24.353,527.76,377.78,0.16563
8676,11498,53773,33.57,633.28,534.11,0.084953
8678,9703.8,54527,28.667,542.77,271.37,0.33336
8679,11236,53778,18.811,1171.5,864.5,0.15077
8680,10752,54752,36.595,488.31,212.34,0.39387
8680,11274,53785,34.338,526.09,493.72,0.031739
8681,10948,54731,23.379,400.01,246.1,0.23821
8683,9875.5,54006,32.582,433.08,639.24,-0.19225
8684,9919.6,54029,17.828,899.99,386.53,0.39911
8684,10805,55331,38.768,378.6,349.74,0.039626
8685,9594.9,53390,36.201,354.35,191.52,0.29831
8685,11224,52909,25.617,470.18,332.01,0.17225
8685,11345,54757,31.905,583.77,557.02,0.02345
8686,9466.3,53843,35.026,398.89,137.86,0.48632
8686,9802.4,52601,33.523,578.7,570.38,0.0072473
8686,11204,54779,23.047,402.33,307.44,0.1337
8686,11477,54179,28.011,340.57,369,-0.040063
8687,11257,54872,16.649,1130.8,412.93,0.46501
8687,11438,54108,19.088,568.03,556.05,0.010656
8688,11047,54836,14.373,829.27,181.2,0.64136
8688,11364,53342,15.465,1036.8,494.49,0.35417
8688,11359,54030,19.873,622.44,738.06,-0.084986
8688,11362,54812,34.179,1355.7,557.47,0.41722
8689,11273,53203,21.069,499.65,347.11,0.18015
8690,10001,53975,23.546,229.31,187.31,0.10081
8690,10010,54981,30.061,549.19,518.69,0.028564
8691,10017,54022,22.693,1261.2,1064,0.0848
8691,11344,53068,39.072,458.76,271.37,0.25665
8692,10113,54048,32.87,361.32,253.08,0.17618
8692,11400,54484,25.295,1209.1,727.97,0.24836
8694,9102.1,53863,28.977,469.7,203.48,0.39546
8694,10627,53116,26.963,502.34,398.3,0.11551
8694,11278,54047,29.811,750.12,519.96,0.18122
8696,11232,54542,27.466,289.59,115.34,0.43032
8697,8954.3,54379,24.078,758.05,388.4,0.32243
8697,9485.5,53867,31.441,720.12,398.94,0.28701
8698,9122.1,54445,26.256,608.66,292.99,0.35011
8699,10386,53232,31.941,591.44,440.76,0.14598
8699,11190,54599,30.452,406.26,151.87,0.45578
8700,9130.8,54864,30.832,314.58,240.87,0.1327
8700,10855,53798,35.753,339.51,286.25,0.085114
8700,11058,54823,25.862,508.48,277.68,0.29358
8701,8697.9,54366,25.463,742.76,298.76,0.4263
8701,9543.5,53765,25.164,549.21,314.57,0.27164
8701,11306,54916,24.05,373.2,208.18,0.28384
8702,8926.7,54743,25.926,553.4,240.46,0.39421
8702,9548.7,53643,34.328,183.94,173.19,0.030104
8704,9763.5,53839,32.321,411.51,145.98,0.47629
8705,11033,55389,27.434,474.63,314.39,0.20309
8706,9843.1,53811,26.852,424.16,358.35,0.084103
8706,10609,53375,20.77,551.34,375.54,0.18967
8707,8798.2,53476,32.904,442.29,636.46,-0.17999
8707,9874.9,54010,34.028,346.54,147.35,0.40331
8707,10259,54352,26.861,411.81,243.29,0.25724
8707,11171,55242,32.976,310.03,430.6,-0.16279
8708,9077.5,53309,21.745,543.87,308.43,0.27624
8708,9905.9,54004,21.777,361.81,199.66,0.28881
8708,10910,53664,25.587,511.55,398.78,0.12389
8709,10567,54553,32.968,521.23,345.8,0.20233
8709,10973,53934,31.313,479.19,370.92,0.12737
8710,11193,54132,26.307,623.64,410.34,0.20629
8711,10591,52904,12.407,879.09,641.85,0.15599
8711,11349,54076,24.265,432.25,260.36,0.24817
8712,9566.2,53813,23.452,561.83,354.84,0.2258
8712,11336,54410,19.261,784.27,468.86,0.2517
8713,10038,54366,33.127,482.62,415.96,0.074191
8714,9736.4,53323,34.617,385.56,195.6,0.32685
8714,10567,54825,28.3,414.71,170.31,0.41777
8714,11574,54131,27.523,269.85,169.1,0.22951
8715,8935.3,54333,33.605,343.53,190.68,0.28612
8715,9919.8,53972,27.022,229.81,143.22,0.23215
8715,10608,54741,22.138,552.86,525.37,0.02549
8715,11293,53676,29.937,290.72,120.02,0.41557
8716,9843.3,53258,35.715,449.41,151.7,0.49527
8716,11336,53723,31.242,306.43,137.48,0.38058
8717,9722.5,53068,23.284,366.9,212.54,0.2664
8720,8970.5,54129,36.776,238.33,191.82,0.10812
8720,9497.5,54048,36.394,338.25,326.91,0.017043
8720,9845.2,54824,21.041,466.54,359.03,0.13024
8720,10371,54260,31.126,360.62,295.85,0.098664
8720,11396,54328,28.83,493.46,279.13,0.27743
8721,8957.2,54110,31.235,131.62,176.44,-0.14548
8721,10019,54319,35.981,458.49,188.04,0.41831
8722,8993.9,54173,28.58,186.66,327.2,-0.27349
8722,10159,53069,21.667,192.28,184.33,0.02111
8723,8972.2,54156,33.494,167.33,125.22,0.14394
8723,9764.1,55391,32.031,489.13,340.28,0.17946
8723,10203,53005,26.017,187.49,205.18,-0.045061
8727,10082,53129,32.601,619.34,292.81,0.35798
8728,10503,54062,26.886,265.52,171.48,0.21518
8728,10636,52992,17.731,381.87,127.45,0.49952
8729,11051,55346,29.658,460.75,270.58,0.26003
8733,9468.9,53145,44.048,509.38,462.18,0.04859
8733,10129,54170,22.138,783.25,706.51,0.051509
8733,11193,55363,31.889,392.76,385.3,0.0095874
8734,9318,53101,23.869,441.76,183.9,0.41214
8734,9990.7,54222,31.365,778.64,730.35,0.032001
8734,11112,55168,29.153,269.51,219.73,0.10175
8735,9952,54149,27.488,367.6,187.07,0.32547
8735,11222,55014,31.207,998.75,328.25,0.50528
8736,9337.5,54990,28.384,370.75,320.48,0.072731
8736,10031,53953,24.965,474.9,222.44,0.36203
8737,9807.5,53967,34.225,180.96,127.64,0.17279
8737,9784,54731,22.584,382.38,225.35,0.25839
8737,11505,54945,24.478,527.69,407.57,0.12843
8738,9981.3,54665,23.199,404.34,250.52,0.2349
8738,11499,54921,20.115,596.14,261.21,0.39066
8740,10647,53756,35.907,312.48,101.6,0.50928
8741,10599,52801,24.617,556.81,266.84,0.35205
8742,9933.3,53927,31.552,441.34,390.53,0.061074
8743,9530.4,55315,30.076,774.01,166.26,0.64635
8743,10211,53189,33.243,494.81,325.59,0.20627
8745,9290.6,53132,23.749,218.09,173.52,0.1138
8745,10141,53220,26.208,517.05,358.32,0.18133
8746,10169,53167,22.509,452.12,339.73,0.14194
8746,10563,54441,27.726,484.6,411.49,0.081586
8747,9517.6,53969,37.664,496.12,279.82,0.27876
8747,10035,53253,15.813,764.48,506.62,0.20286
8748,9736,54111,37.832,311.05,451.35,-0.18403
8749,9715.5,54094,26.317,471.26,196.18,0.41216
8749,11139,54388,29.964,558.51,416.3,0.14589
8750,9726.8,54273,26.878,593.09,445.31,0.14232
8750,9761.3,52695,27.066,675.47,432.88,0.21887
8750,10608,53082,38.44,307.96,285.99,0.036985
8750,11389,54983,30.882,249.63,230.58,0.039664
8751,11239,55037,22.168,616.14,423.18,0.18567
8751,11560,53757,39.97,558.05,559.26,-0.0010817
8752,9429.5,52734,40.396,357.17,200.16,0.28171
8752,10288,54946,26.293,834.49,290.89,0.48304
8752,11074,55038,23.147,701.65,459.55,0.20849
8752,11467,53558,28.4,535.19,269.89,0.32953
8753,10104,54279,17.197,850.14,668.77,0.1194
8754,11434,53369,31.579,579.57,381.44,0.20617
8755,9191,55092,24.443,411.49,236.28,0.27048
8755,9916.9,54160,21.236,540.99,474.29,0.065694
8756,9819.2,53058,36.079,577.16,377.18,0.20955
8756,9929.5,54102,17.804,777.31,781,-0.0023679
8756,10831,53734,31.16,459.76,308.09,0.19753
8757,10928,53727,36.085,554.95,182.06,0.50596
8759,11060,54531,23.778,615.31,367.43,0.25223
8759,11344,53853,35.003,233.43,208.86,0.055547
8760,10145,54215,33.509,249.22,123.76,0.33638
8760,11346,53618,34.004,688.73,697.03,-0.0059866
8761,11282,55250,25.081,1048.7,726.41,0.18157
8762,9546.9,52572,30.888,584.78,714,-0.09949
8762,11168,53552,34.339,587.82,394.49,0.19681
8763,9411.2,54195,38.401,454.51,330.06,0.15862
8763,10052,54404,33.533,297.66,190.54,0.21943
8763,11009,53500,24.519,279.09,135.79,0.34541
8764,9649.3,53820,33.291,641.46,447.45,0.17817
8764,10863,53384,28.862,546.67,343.39,0.22839
8764,11139,54682,32.314,371.34,309.66,0.090575
8765,10753,53318,25.669,594.03,549.14,0.039274
8765,11256,54632,21.513,856.45,656.22,0.13237
8766,9621.6,53891,28.439,366.8,156.49,0.4019
8766,10952,53839,30.736,435.89,291.03,0.19927
8766,11274,54602,15.544,775.4,605.24,0.12324
8767,8869.2,53491,33.84,442.33,319.62,0.16104
8767,11312,54711,22.444,839.09,524.71,0.23052
8768,8804.4,53199,32.416,825.82,623.85,0.13932
8768,9528.6,53531,41.099,601.81,324.97,0.29871
8768,11236,54937,29.482,845.28,704.76,0.090661
8769,10866,53277,26.295,448.35,510.29,-0.064615
8769,11321,54868,23.151,451.75,385.47,0.079165
8770,8808,53430,29.182,561.11,385.85,0.18508
8770,8800.1,55101,24.565,496.14,370.25,0.1453
8770,10084,53321,26.327,215.45,157.65,0.15491
8771,10707,53368,24.483,894.44,760.83,0.080716
8771,11302,53893,34.915,148.22,177.78,-0.090666
8772,10563,53266,36.636,201.5,165.58,0.097845
8774,10563,52996,29.078,243.67,149.6,0.23922
8775,10618,52990,19.744,532.23,234.77,0.38781
8775,10876,54657,19.936,801.49,592.93,0.14956
8776,10696,53250,25.995,493.62,475.76,0.01843
8776,10979,54236,33.33,461.8,296.89,0.21736
8777,11359,54212,26.997,653.58,579.37,0.060193
8779,8964.8,55017,31.451,438.99,382.15,0.069217
8779,9971.1,54746,34.417,344.63,162.92,0.358
8781,10253,54379,26.273,299.21,269.87,0.051561
8782,9929.2,52564,28.863,586.78,536.93,0.044361
8783,9728.7,52402,19.32,1210.2,1447.7,-0.089351
8784,9693.9,52503,14.22,1286.3,1061.7,0.095674
8785,9483.4,52442,16.935,897.52,848.99,0.027787
8786,8729.2,53438,21.311,208.32,204.79,0.0085506
8786,9396.8,52424,32.7,342.16,360.38,-0.025927
8786,10199,53218,29.6,380.32,328.3,0.073419
8789,10665,55336,35.703,382.39,376.43,0.0078536
8790,9975.9,54794,33.001,386.06,552.33,-0.17719
8790,10972,52635,19.282,372.02,155.4,0.41072
8791,10939,52686,22.055,395.14,157.73,0.42942
8793,8896.3,52899,37.896,290.63,247.89,0.079371
8793,9874.5,54008,31.174,430.68,363.45,0.084663
8794,10833,55196,29.205,265.93,215.01,0.10587
8795,8735,54540,36.027,227.25,294.86,-0.12949
8796,10598,52892,30.614,609.57,476.4,0.12263
8797,8938.6,53187,30.504,572.3,212.85,0.45782
8797,10751,52939,27.475,550.44,363.91,0.20401
8798,9040.1,53161,24.09,580.53,191.71,0.50349
8798,10818,53047,23.194,682.73,309.89,0.37562
8799,9154.3,53415,27.633,382.53,144.6,0.45136
8800,8888.2,55370,26.834,348.48,258.71,0.14786
8800,9995.6,53178,38.286,328.23,321.22,0.010792
8800,10433,52718,17.059,704.7,387.32,0.29063
8801,10964,54310,29.872,403.11,253.52,0.22782
8804,10781,52658,29.505,523.92,257.33,0.34124
8808,9947.9,53967,21.185,428.65,204.72,0.35354
8808,10512,53027,30.014,254.41,150.54,0.25652
8809,9911.6,54099,25.719,419.73,338.78,0.10673
8809,10429,53409,18.94,357.88,296.64,0.093569
8810,10448,53407,22.055,378.92,295.77,0.12324
8810,10944,52836,28.972,233.42,219.22,0.031387
8810,10986,55370,26.124,462.12,301.38,0.21053
8811,10967,52659,17.954,418.12,338.15,0.10575
8811,11541,54829,34.675,358.97,279.78,0.12397
8812,11493,54874,30.322,1103.5,1103,0.00021537
8813,11485,54810,24.146,464.61,271.26,0.26275
8814,11255,55284,31.823,494.94,355.22,0.16435
8814,11408,54474,36.086,312.02,294.38,0.02909
8815,9896.6,53977,18.826,393.4,255.9,0.21177
8815,11407,55127,25.774,552.37,406.24,0.15243
8816,8779.3,54613,35.47,350.4,401.86,-0.068419
8816,9672.5,54860,14.897,582.03,401.74,0.18327
8816,9962.8,54078,25.538,533.43,195.88,0.46283
8816,11542,54918,23.783,1031.9,786.7,0.13484
8817,9858.5,53961,28.06,577.7,278.46,0.34951
8818,9876.5,53877,21.089,693.13,356.86,0.32027
8818,10550,54760,25.501,484.66,206.68,0.40208
8818,11052,53470,27.192,608.88,418.7,0.18508
8818,11639,54465,36.479,477.67,445.21,0.035174
8819,11056,53357,27.386,373.64,109.41,0.54702
8819,11270,55035,24.281,814.9,771.2,0.027554
8820,9538.5,54796,33.064,149.82,169.54,-0.061752
8820,11152,54022,33.484,618.23,561.85,0.047775
8820,11320,53282,29.697,301.85,159.1,0.30969
8820,11331,54969,36.671,568.64,350.72,0.23704
8820,11644,54370,16.646,334.17,324.89,0.014079
8821,9906.3,53923,23.6,887.07,616.31,0.1801
8821,11181,54615,31.768,405.57,313.4,0.1282
8821,11657,53540,36.197,412.38,386.89,0.031893
8822,8705.8,54980,29.371,945.71,629.67,0.20061
8822,9009.7,52882,27.941,550.09,377.81,0.18566
8822,9906.7,53953,23.352,586.09,375.99,0.21838
8823,9876.4,53946,19.345,301.55,340.99,-0.061381
8823,11569,54837,24.784,302.39,261.48,0.072554
8824,9303.2,52733,36.626,358.84,137.41,0.44622
8824,9904.8,53914,19.914,439.86,226.68,0.31983
8825,9936.9,54306,31.428,538.27,323.35,0.24944
8825,11664,54725,31.272,250.56,152.8,0.24237
8826,9901.4,54174,29.289,289.23,223.99,0.12712
8826,10113,54310,32.307,667.72,795.59,-0.087386
8826,11585,54783,26.217,297.35,151.56,0.32477
8827,10198,52415,27.47,1026,658.75,0.218
8827,11520,54865,30.178,420.4,337.2,0.10981
8829,11499,54343,19.029,276.61,269.48,0.013057
8830,10242,54320,29.288,323.36,240.52,0.14691
8831,11650,53277,33.443,451.75,328.76,0.15758
8832,10497,54203,25.445,384.82,158.76,0.41589
8833,8996.1,53691,27.528,390.78,171.95,0.38887
8834,8872.5,53736,35.396,632.57,169.08,0.57817
8834,10841,52660,30.429,244.93,133.69,0.29379
8836,9789.3,52508,32.185,337.09,290.59,0.07408
8836,10127,54107,28.56,437.91,597.24,-0.15391
8837,9831.1,54020,33.701,171.98,101.98,0.25551
8837,11028,52754,21.234,474.84,247.9,0.31401
8838,9326,52421,30.541,524.35,743.19,-0.17265
8839,9848.8,54105,36.333,248.61,170.93,0.18517
8839,10591,54377,31.914,898.77,301.99,0.49701
8839,10908,53575,34.382,824.38,810.9,0.0082446
8839,11312,53685,22.901,701.07,375.86,0.30198
8840,9333.8,52517,29.214,285.72,177.55,0.2335
8840,10511,54457,26.054,361.43,256,0.17075
8840,11494,53465,23.828,677.82,380.5,0.28094
8841,10971,52615,32.371,397.14,258.53,0.21141
8842,8763.5,54454,22.764,450.73,291.57,0.21442
8842,10829,54612,23.675,386.34,156.48,0.42345
8842,11299,52813,32.025,226.02,159.31,0.17312
8843,10009,52828,31.356,352.72,248.61,0.17314
8844,9930.2,52910,27.303,356.11,341.93,0.020312
8845,9332.4,54154,28.339,791.34,641.92,0.10425
8845,10524,54573,28.285,292.87,238.72,0.10186
8846,9410.9,54311,35.065,529.74,393.9,0.14708
8846,9994.8,54936,26.054,675.52,496.17,0.15307
8846,11466,55287,33.344,613.86,476.29,0.1262
8847,10995,52686,25.143,306.72,309.33,-0.0042355
8848,9891.3,53952,17.752,430.83,345.83,0.10944
8848,10025,53205,34.275,165.13,116.19,0.17396
8848,11046,52909,33.075,224.7,105.11,0.36262
8849,9766.8,53917,29.209,798.74,708.25,0.060046
8849,10843,53920,18.066,454.91,222.05,0.34398
8850,10883,53915,16.069,705.69,293.47,0.41256
8851,10862,53670,30.553,448.05,217.84,0.34571
8851,11368,55236,24.279,404.96,285.25,0.17344
8852,10953,53649,24.14,601.23,720.08,-0.089951
8852,10963,54497,24.705,303.7,204.25,0.19578
8853,9658.4,52746,30.885,428.94,291.6,0.1906
8853,11063,54599,27.133,582.19,318.77,0.29238
8854,8934.3,54433,39.299,272.12,148.7,0.29329
8854,10072,53322,34.8,405.27,324.62,0.11049
8855,8916.5,54832,23.941,675.77,372.32,0.28953
8855,10997,54683,24.542,320.56,104.19,0.50941
8856,8963,54829,22.444,766.27,316.4,0.41552
8856,11463,53432,24.899,370.25,215.48,0.26424
8857,11550,53415,20.899,269.26,249.5,0.038103
8858,8767.3,54845,32.576,692.62,221.62,0.51518
8858,9923.1,54754,33.456,500.52,329.93,0.20541
8859,8795.4,54735,32.093,287.72,204.83,0.16828
8859,11636,53593,17.426,764.18,537.26,0.17436
8860,10166,53156,31.075,336,178.27,0.3067
8860,10610,55359,32.238,212.07,170.51,0.10864
8860,11201,53667,44.115,936.11,1170.8,-0.11138
8860,11584,53393,23.296,515.72,450.06,0.067983
8861,10010,53162,29.871,422.74,524.92,-0.10782
8861,11293,53695,27.221,862.99,1051.1,-0.098278
8864,10556,52870,25.939,318.44,146.54,0.3697
8865,9006.8,54910,38.142,469.92,589.39,-0.11278
8865,10412,53061,31.512,507.96,345.42,0.19047
8866,10258,52942,25.017,672.5,301.4,0.38105
8866,10982,54932,29.619,386.83,244.39,0.22566
8867,8794,54647,28.545,811.99,376.67,0.36623
8867,10356,53051,28.135,799.96,262.78,0.50546
8868,9374.9,54601,19.304,290.48,208.78,0.16364
8868,10684,54683,26.272,598.07,498.88,0.090421
8868,10933,52905,24.284,670.05,500.6,0.14475
8869,9358.8,54527,24.85,361.64,448.17,-0.10685
8869,9722.3,53725,29.077,415.29,211.66,0.3248
8869,10662,54456,33.909,537.5,526.05,0.010764
8869,10908,52966,24.249,1421.2,968.02,0.18969
8870,10754,54437,32.229,282.52,143.57,0.3261
8871,9624.4,54731,40.314,524.55,325.28,0.23448
8872,10426,54069,29.516,363.22,158.94,0.3912
8872,11007,52740,15.647,966.01,715.8,0.14878
8873,10173,53966,23.315,258.88,177.13,0.18748
8874,9943.5,53931,34.021,239,292.44,-0.10054
8874,11101,52830,16.904,366.15,202.58,0.2876
8875,10035,53982,25.208,339.8,113.8,0.49824
8875,10556,54480,32.211,332.66,190.49,0.27176
8875,11043,52751,24.032,281.65,198.05,0.17426
8876,10421,54047,37.509,168.28,146.52,0.069108
8876,10581,54802,31.67,188.91,110.54,0.26171
8877,8784.6,54751,34.092,603.53,534.65,0.060518
8879,11062,52632,21.184,399.51,217.72,0.29453
8880,11074,52739,26.043,430.48,339.58,0.11805
8881,11048,52867,27.779,487.45,490.35,-0.002969
8881,11591,53547,24.445,326.63,198.51,0.24397
8882,11580,53440,26.84,513.38,434.37,0.083369
8882,11491,54367,29.52,478.15,306.49,0.21879
8883,9334.5,52394,23.774,354.11,453.32,-0.12287
8883,11568,53516,25.947,363.32,244.37,0.19574
8884,8975.6,54312,28.578,298.01,183.68,0.23737
8884,9528.4,52494,22.869,845.42,859.86,-0.0084722
8885,9072.1,54188,31.403,361.48,296.87,0.098136
8885,10350,52705,26.149,491.26,307,0.23084
8886,9436.9,52615,31.295,509.04,313.19,0.23819
8888,9071.9,53983,24.374,297.18,239.55,0.10738
8888,10368,52601,34.976,462.49,309.4,0.19833
8888,11207,53613,26.992,411.59,126.11,0.53091
8889,8848.6,54723,26.701,593.5,265.38,0.38204
8889,11598,53624,36.29,207.59,225.94,-0.042335
8890,9289.4,52815,28.641,391.25,261.36,0.19903
8890,10392,52450,36.641,526.28,424.94,0.10654
8890,10314,54144,22.68,737.64,516.81,0.17604
8890,11177,55215,31.617,316.48,173.97,0.29058
8891,9272.9,52764,38.937,458.78,516.96,-0.059628
8891,10298,54005,34.447,308.47,226.38,0.15349
8891,10329,54377,32.48,391.26,360.91,0.040358
8892,9778,54057,30.798,285.1,310.81,-0.043146
8892,10282,53018,37.545,267.94,130.74,0.34413
8892,10972,55373,36.519,313.2,243.62,0.12496
8893,9101.3,53147,36.587,676.73,694.64,-0.013061
8893,9999.1,53997,24.258,579.61,387.92,0.19812
8894,8981.1,55211,8.2843,968.91,182.24,0.68337
8894,10246,54339,35.039,593,249.1,0.40839
8894,10891,55157,23.621,461.7,298.79,0.21422
8895,8975.4,55187,10.648,705.35,160.42,0.62941
8896,9009.4,55173,12.883,523.88,134.94,0.59037
8896,10269,54568,24.944,538.94,488.08,0.049517
8897,9714.2,54826,24.402,294.85,145.08,0.34044
8897,10345,54730,30.998,345.75,210.85,0.24236
8898,8999.9,55187,7.3467,995.95,195.64,0.67163
8898,10339,54794,19.285,795.49,602.31,0.1382
8899,8991.9,55170,7.8303,1012.7,271.27,0.57746
8899,9179.2,53788,37.084,408.48,109.73,0.5765
8899,10423,54811,15.155,1242.1,913.28,0.15258
8899,11510,54660,30.862,147.19,111.95,0.13598
8900,9003.9,53577,35.068,228.83,131.02,0.27181
8901,9745,52643,34.506,443.47,261.48,0.25816
8901,11637,54364,37.36,239.38,313.44,-0.13397
8903,9020.4,55181,13.246,391.63,107.4,0.56958
8903,9269,53402,27.502,462.26,348.39,0.14047
8903,10598,53221,29.977,407.8,505.73,-0.10719
8904,9009.5,55209,8.1188,763.52,170.97,0.63409
8904,9685.7,55386,37.004,280.38,327.57,-0.077626
8904,10498,54467,36.321,471.7,539.12,-0.066691
8904,10748,53064,23.393,296.87,195.15,0.20675
8905,9790.5,55359,22.609,398.2,228.35,0.27108
8907,9028.1,55198,14.295,482.91,143.02,0.54301
8907,9845.5,52982,26.493,736.13,668.09,0.048453
8907,11638,54946,27.564,301.84,574.87,-0.31143
8908,9053.6,52459,30.938,233.03,484.97,-0.3509
8909,8805,54552,30.26,390.97,243.67,0.23209
8909,9239.6,55081,27.223,489.16,405.21,0.093865
8909,9237.9,52643,33.737,486.69,468.72,0.01881
8909,9725.3,52859,32.21,449.78,691.58,-0.21185
8909,11312,54859,24.277,287.89,267.26,0.037147
8910,9016.9,54862,33.122,486.56,520.77,-0.033964
8911,8941.3,54719,19.337,532.46,414.68,0.12435
8912,9629.7,52515,25.603,554.39,401.65,0.15976
8912,10695,54446,30.608,401.73,129.01,0.51384
8914,9634.6,52934,41.791,211.29,509.79,-0.41396
8915,9425.7,52785,33.896,488.62,1027.3,-0.35535
8916,9511.4,54238,25.056,512.12,258.93,0.32838
8916,9547.1,52983,34.67,671.33,427.81,0.22155
8916,10128,54109,24.418,809.87,783.44,0.016588
8917,9117.4,52906,35.534,906.17,714.26,0.11843
8917,9894.2,54096,27.681,1116.3,811.74,0.15795
8918,9545.8,52821,32.246,313.16,103.2,0.50426
8918,9742.2,54504,28.144,393.54,165,0.40917
8918,10692,53443,31.403,671.47,672.83,-0.0010142
8919,9355.3,52818,30.908,232.99,111.23,0.35375
8919,9816.9,53166,24.615,409.77,187.69,0.37171
8919,9876.1,54229,30.806,657.42,662.52,-0.0038692
8919,10930,54243,21.17,748.01,493.13,0.20536
8919,11660,53448,28.396,648.42,368.42,0.27536
8920,10256,52503,34.181,409.03,193.24,0.35828
8921,11249,54382,23.125,277.1,235.61,0.080942
8922,10342,52453,33.072,463.88,346.54,0.14478
8922,10789,55015,26.732,327.88,424.51,-0.12844
8922,11409,54314,29.648,450.08,261.99,0.26414
8923,10524,53951,20.407,635.35,369.27,0.26485
8923,11543,52837,32.653,265.9,161.97,0.24289
8924,10633,53899,36.711,585.58,574.59,0.0094757
8925,8855.2,53881,34.392,318.19,353.64,-0.052772
8925,9630.1,53394,31.081,490.18,416.1,0.08174
8926,9647.3,53357,24.853,832.45,596.98,0.16473
8926,11128,55308,41.372,1076.1,656.2,0.2424
8926,11569,55317,28.998,926.26,650.4,0.17497
8927,9178,53135,42.04,448.44,374.81,0.089438
8927,11449,55210,23.233,1492.9,1081.5,0.15981
8928,8908.4,53281,21.307,628.69,380.2,0.24629
8928,10868,53049,28.236,463.5,355.62,0.1317
8928,11322,55142,18.438,708.22,531.01,0.143
8929,8736.8,53329,20.631,1067.7,864.73,0.10502
8929,9624.2,53328,29.603,162.81,193.12,-0.085142
8929,11249,55210,21.559,840.55,449.59,0.30304
8929,11499,54726,43.715,821.53,609.77,0.14795
8930,9907.4,53986,16.699,459.42,484.78,-0.026862
8930,10816,53898,27.327,474.56,327.46,0.18342
8931,9968.5,54000,25.982,244.83,265.08,-0.039712
8931,10898,53844,19.873,357.54,193.81,0.29696
8932,9041.9,53261,22.073,436.7,269.6,0.23659
8932,9798.5,55293,22.684,297.65,335.69,-0.060066
8932,9816.3,52707,28.137,463.24,303.9,0.20771
8933,8892.4,53374,25.401,435.27,417.76,0.020527
8934,8763.1,53183,22.942,403.24,246.39,0.24145
8934,9518.3,54905,28.023,375.67,392.96,-0.022498
8935,9999.9,53890,32.102,188.86,180.87,0.021612
8935,11370,54311,26.726,252.27,378.07,-0.19958
8936,8946.1,53700,36.871,950.41,893.58,0.030819
8936,9431.6,55017,28.354,587.4,256.73,0.39172
8936,9832.3,53457,36.801,577.35,604.79,-0.023209
8936,9873.3,53958,21.893,623.16,246.68,0.43282
8937,8737.3,53870,23.059,498.59,425.17,0.079474
8937,9563.9,54095,29.454,549.28,399.83,0.15746
8937,9538,55200,33.667,322.38,313.44,0.014066
8938,9297.1,53640,20.647,1337.5,915.22,0.18746
8938,11563,53784,34.1,488.03,565.99,-0.073965
8939,8725.2,54013,30.319,593.45,587.11,0.0053695
8939,8760.7,53933,36.914,654.17,666.1,-0.0090299
8939,9333.3,53496,19.198,557.85,249.42,0.38206
8939,9710.5,55355,32.721,525.15,392.13,0.14501
8939,10446,54375,24.053,258.68,159.63,0.23679
8939,11446,53772,20.478,279.73,106.19,0.44968
8940,10697,54894,14.249,749.02,120.38,0.72308
8940,11358,53812,30.819,367.42,221.35,0.24809
8940,11503,54467,36.348,637.46,790.5,-0.10718
8941,9676.1,52574,23.237,449.74,240.07,0.30396
8941,9700.9,53384,35.911,183.98,154.83,0.086046
8941,10867,54115,29.483,251.73,208.12,0.094823
8941,11392,53743,33.153,456.35,269.8,0.25691
8941,11529,53259,47.984,740.98,785.83,-0.029372
8942,10980,54093,25.263,506.79,226.23,0.38274
8944,9204.6,53316,23.751,423.2,182.34,0.39776
8945,9324.8,53861,25.026,460.41,258.62,0.28064
8945,10980,53494,23.798,381.73,426.25,-0.055097
8946,9211.3,53698,21.861,319.04,185.61,0.26442
8946,9905.6,52453,40.029,328.02,223.94,0.18857
8947,9433.7,53465,35.944,291.1,174.44,0.25061
8947,9948.8,52931,35.866,449.24,221.1,0.34034
8948,8716.3,53087,26.541,597.17,200.23,0.49779
8949,8947.9,55157,24.584,464.46,518.94,-0.055408
8950,8973.8,55098,24.008,847.51,759.54,0.054742
8951,8943.9,54989,38.766,1148.3,1037.6,0.050643
8952,8703.1,54929,16.876,657.11,703,-0.033739
8952,8965.5,54840,25.048,1137.9,976.89,0.076133
8953,8704.6,54934,27.412,484.14,390.17,0.10748
8953,9472.1,53270,28.663,444.23,216.24,0.34518
8953,10289,54389,28.788,493.81,597.07,-0.094654
8954,9520.9,53227,26.034,1190.3,1050.1,0.06257
8955,10628,53430,27.34,385.52,410.03,-0.030813
8956,8856.5,53457,29.942,194.65,122.24,0.2285
8956,9704.7,53007,18.804,958.23,422.89,0.38761
8957,9078.9,53494,30.703,201.99,140.07,0.18102
8958,9601.7,52845,24.207,872.48,686.56,0.11925
8959,9656.7,52949,17.872,862.07,399.23,0.36695
8959,10577,53309,34.027,445.64,377.56,0.082702
8960,9809.2,53634,28.97,662.36,162.38,0.60622
8962,10502,52610,33.178,383.66,328.5,0.077455
8964,9855.7,53986,34.899,237.96,171.2,0.16317
8965,10795,55064,29.561,348.08,209.85,0.24776
8965,11523,53032,33.45,679.45,255.41,0.45359
8966,10602,52806,29.35,298.43,256.8,0.074965
8966,11575,53226,36.41,378.98,238.81,0.2269
8967,11637,52920,31.565,401.1,199.53,0.33559
8968,11102,53460,24.842,529.75,397.8,0.14226
8969,11084,53495,30.458,699.64,639.28,0.04508
8969,11628,53407,28.59,652.67,328.3,0.33067
8970,9110.1,54682,26.202,283.44,101.23,0.47369
8970,11520,52996,25.877,667.3,426.04,0.22066
8971,9240.5,55054,21.919,341.17,225.71,0.20368
8971,9522.5,54062,24.603,778.29,403.97,0.31661
8971,9848.8,52733,23.77,306.75,186.72,0.24323
8972,9365.3,54062,26.348,525.34,333.49,0.22338
8973,10689,54804,26.736,609.64,540.79,0.059849
8975,8838.3,52879,33.009,609.33,654.03,-0.035387
8975,9788.7,53057,33.86,262.67,141.1,0.30111
8976,10256,53228,37.326,308.13,268.95,0.067903
8976,10828,54688,24.4,646.91,443.61,0.18643
8977,9806.3,53333,28.638,516.65,348.01,0.19504
8977,10994,54554,30.836,917.18,626.46,0.18833
8977,11025,54560,38.455,954.51,620.05,0.21241
8979,8703.4,54741,20.374,514.22,318.26,0.23539
8979,10297,54112,27.067,363.49,200.89,0.28811
8980,8790,54865,21.326,467.51,136.13,0.54897
8980,11565,54789,27.7,839.43,614.51,0.1547
8981,9059.3,52920,37.376,278.8,247.4,0.059682
8982,9230.5,52713,27.145,423.81,296.24,0.17717
8982,9823,53408,35.468,461.79,254.58,0.28926
8982,10110,53031,37.519,516.38,233.35,0.37752
8983,8945.4,55293,32.149,610.49,666.33,-0.043739
8983,9258.2,52579,34.686,270.11,157.41,0.26361
8984,9547.8,52573,26.849,823.93,492.42,0.25185
8984,9510.4,53544,27.656,308.51,259.88,0.085557
8985,9664.8,52613,20.265,1075.3,655.58,0.2425
8985,9568.7,53456,17.186,455.81,269.05,0.25765
8986,9557.3,53508,18.284,338.39,279.95,0.094507
8986,9802.1,52618,20.909,1459.1,1193.3,0.1002
8986,10030,54016,35.389,330.07,142.3,0.39753
8987,9516.6,53435,19.484,720.39,545.71,0.13796
8987,9892.1,52462,27.825,1410.7,1353.4,0.02075
8989,8906.7,52566,34.931,340.52,149.77,0.38906
8990,8812.2,52504,29.185,239.64,244.41,-0.0098515
8992,10363,52392,35.949,692.75,534.13,0.12929
8992,11484,55022,27.81,235.71,234.61,0.0023478
8993,10204,52433,23.518,843.02,396.85,0.35985
8993,11193,53528,27.267,463.16,390.09,0.085638
8996,9550,55275,32.973,345.54,260.87,0.13962
8997,10244,55266,33.79,236.36,277.66,-0.080342
8999,10893,53242,26.6,653.74,521.2,0.1128
8999,11380,53858,29.61,337.75,180.04,0.30459
9000,9569.2,53787,28.699,393.18,240.22,0.24148
9000,10899,54700,32.113,379.68,125.44,0.50334
9000,11489,53864,28.977,185.58,104.17,0.28098
9001,8880,54536,31.062,562.84,287.04,0.32451
9001,11261,53716,24.95,596.83,529.34,0.059936
9002,9140.3,54537,29.484,282.39,155.45,0.28993
9003,9674.5,53763,30.803,384.19,231.92,0.24715
9003,9981.6,53085,25.703,417.35,373.74,0.055133
9004,9318.6,53136,40.021,276.62,178.28,0.21619
9004,9611.7,53816,28.93,301.86,148.88,0.33941
9005,9567.6,54049,22.508,602.56,377.52,0.22961
9005,10866,53702,38.723,341.31,317.65,0.035915
9005,11190,53738,36.215,203.19,215.32,-0.028987
9006,10969,53543,36.532,330.53,188.84,0.27282
9007,9879.7,54002,36.933,213.8,275.91,-0.12685
9007,10880,53467,36.984,246.05,256.43,-0.020653
9008,8753.7,54760,23.56,423.72,183.41,0.39581
9008,9913.8,54019,34.506,169.58,135.47,0.11183
9008,10923,53283,27.231,586.39,372.09,0.22359
9010,8886.9,55089,33.754,474.1,300.64,0.22389
9010,9885.5,54151,28.962,257.43,211.38,0.098232
9010,10422,55292,25.259,283.26,136.12,0.35085
9010,11467,53974,31.786,285.74,268.26,0.031554
9011,9847.5,54038,28.809,639.34,265.65,0.41293
9012,9990.1,54006,22.195,369.89,117.42,0.51808
9015,9643.3,55324,31.848,568.19,463.84,0.10111
9016,9128.6,52938,25.267,741.77,514.21,0.18118
9016,9964.3,53968,21.731,392.63,348.79,0.059132
9017,9797,54036,25.196,1078.1,909.34,0.084901
9017,11356,54043,19.061,618.25,474.97,0.13107
9018,11643,55080,35.109,387.5,252.36,0.2112
9019,10709,53292,31.917,514.6,670.75,-0.13173
9019,11510,53902,30.759,358.99,100.77,0.56164
9020,9097.1,55330,39.076,646.67,378.87,0.26113
9020,9906.1,54029,19.02,320.89,163.58,0.3247
9020,10787,53299,24.411,564.72,332.68,0.25857
9020,11280,54194,36.104,306.98,216.43,0.17301
9021,10063,52432,31.71,771.44,490.64,0.22249
9021,10686,53334,33.732,302.7,213.79,0.17214
9022,10832,53453,27.765,385.1,378.79,0.008264
9023,10115,52589,27.008,361.69,142.68,0.43422
9023,10530,53545,36.259,290.87,279.25,0.020384
9023,11136,54608,25.42,379.41,172.43,0.37508
9024,8994.9,54992,27.246,456.96,225.23,0.33969
9024,11417,54492,26.12,547.57,308.27,0.27961
9025,9012.2,55167,27.458,502.38,426.63,0.081535
9025,9967.5,52860,25.767,629.62,295.71,0.36086
9025,11083,54416,31.155,714.92,533.61,0.14522
9026,10649,54597,35.252,405.68,404.31,0.0016985
9027,10658,54857,22.149,887.48,436.75,0.34038
9028,10814,53544,27.827,1016.9,733.59,0.16182
9029,11036,52586,36.708,448.56,413.98,0.040097
9029,10844,54478,31.562,462.74,224.84,0.346
9031,8671.2,53928,31.996,195.87,147.17,0.14196
9032,9562.7,54910,28.116,170.13,111.5,0.20818
9033,9567.6,54905,25.302,275.64,123.78,0.38022
9035,11396,53148,27.927,336.79,125.3,0.45767
9037,10126,53377,36.422,208.26,204.06,0.010187
9037,11120,52876,31.301,516.81,474.18,0.043016
9038,8921.8,54661,26.407,426.01,166.34,0.43838
9038,10018,53423,37.85,516.99,214.85,0.41286
9039,10139,52637,22.789,299.87,138.98,0.3666
9040,10689,53179,31.25,191.16,156.8,0.098768
9041,9542.7,53192,35.233,983.03,805.2,0.099445
9041,9562.1,55005,13.185,348.92,248.15,0.16877
9042,9605.7,53275,25.619,572.39,411.94,0.163
9043,10153,52638,33.365,918.98,737.85,0.10932
9043,10347,54048,25.789,531.01,305.1,0.27019
9044,9135.1,54927,27.94,428.28,116.45,0.57245
9044,9740.6,53144,34.819,359.59,262.41,0.15625
9044,10264,52656,23.785,417.03,223.21,0.30272
9045,9588.5,54946,22.667,423.85,359.1,0.08271
9045,9851.7,53084,27.273,497.95,289.83,0.26419
9045,10262,53986,27.912,568.17,351.9,0.23505
9045,11418,53671,36.206,402.31,274.69,0.18852
9046,10260,54017,29.322,462.49,416.2,0.052677
9046,10313,52517,27.657,390.48,249.84,0.21964
9046,11003,54391,37.588,596.83,395.95,0.20234
9046,11605,53673,19.652,645.13,511.11,0.11591
9047,9456.9,54981,21.39,255.18,146.53,0.27045
9047,10130,54082,24.69,604.7,347.1,0.27064
9047,11192,54428,22.057,307.31,188.94,0.23852
9047,11654,53589,24.082,965,596.72,0.23582
9048,8778,53168,26.222,355.23,249.94,0.17398
9049,8913.4,52788,35.664,445.14,192.6,0.396
9050,9209.6,54607,26.516,397.83,291.24,0.15469
9052,9215.6,53684,31.275,375.38,186.86,0.3353
9052,9953.4,52988,26.691,372.6,168.44,0.37734
9053,8871.2,54050,33.578,648.12,282.42,0.39299
9054,9827.7,52565,24.479,609.18,425.57,0.17744
9056,9856.4,54044,29.443,401.99,282.41,0.17472
9057,9860.6,53906,28.419,193.86,110.83,0.27249
9058,8943.9,55068,35.428,437.98,113.54,0.58827
9060,11562,54295,22.119,410.2,404.55,0.0069335
9061,9063.3,55241,31.371,149.36,192.78,-0.12691
9061,9355.6,53466,25.583,475.1,247.87,0.3143
9061,11550,54071,29.761,304.4,180.52,0.25546
9062,10007,53904,19.176,315.46,178.49,0.2773
9063,9134.7,55211,26.135,527.3,315.4,0.25145
9064,8984,55101,24.633,588.25,504.09,0.077042
9065,8899.4,55006,14.009,982.69,738.67,0.14176
9065,11589,52490,32.248,731.67,642.87,0.064607
9066,8866,54921,21.469,1090.2,586.89,0.30013
9066,9193.5,53151,36.743,299.33,187.18,0.23052
9067,10559,54388,30.649,524.93,327.98,0.23091
9068,10531,53417,47.592,755.39,556.28,0.1518
9068,10503,54426,17.402,811.82,386.26,0.35521
9068,10549,53359,37.231,544.9,392.62,0.16243
9069,10617,54482,28.3,503.89,320.54,0.22239
9070,8964.5,52697,28.339,643.42,531.78,0.094998
9070,10387,53633,33.078,409.04,278.93,0.18912
9071,8822.3,52791,20.075,872.76,810.39,0.037055
9071,8730.6,53895,31.18,241.56,155.18,0.21772
9071,10000,52811,23.241,246.22,104.66,0.40344
9071,10770,54808,34.628,465.44,228.55,0.34134
9073,10614,53514,23.831,555.32,545.83,0.0086213
9074,8694.6,52567,25.896,614.51,258.5,0.40779
9074,10857,53443,20.392,1435.7,1462.1,-0.0090951
9075,9722.1,54914,32.803,283.99,111.26,0.43703
9075,10590,54652,26.099,247.34,140.96,0.27396
9075,10801,53149,16.528,1273.9,765.94,0.24903
9076,10713,54353,26.633,576.87,376.88,0.20969
9076,10836,53002,21.435,1358.1,868.09,0.2201
9076,10993,54383,28.605,528.37,472.73,0.055577
9077,11123,54462,17.309,733.54,613.92,0.088774
9078,10484,52650,27.89,451.1,428.38,0.02584
9078,11205,54431,17.494,893.14,720.04,0.10731
9079,8683.7,54814,13.544,1051,513.96,0.34316
9079,11385,53929,28.207,298.43,120.74,0.42392
9080,8727,54755,14.983,1379.6,861.88,0.23097
9080,10688,52986,19.635,748.92,557.98,0.1461
9081,8749.8,54348,26.07,286.14,115.69,0.42418
9081,11367,53703,28.845,410.36,261.49,0.22159
9082,11540,53747,29.169,421.45,292.05,0.18137
9083,11351,53306,26.405,814.93,563.06,0.18278
9084,9920.1,53926,26.038,363.81,274.51,0.1399
9086,9722.7,53426,30.25,533.3,573.86,-0.036643
9086,10356,55385,35.644,388.08,227.55,0.26075
9086,11655,52913,32.683,242.73,224.57,0.03885
9087,9702.5,53341,31.571,367.5,323.61,0.063512
9089,11471,54480,34.122,262.19,294.12,-0.057395
9090,9343.4,52580,32.992,390.95,462.11,-0.083411
9090,10125,53946,32.453,407.56,277.92,0.18912
9090,11397,54317,28.793,440.43,472.25,-0.034861
9091,10230,53885,33.839,292.49,173.1,0.25641
9091,11366,54210,29.983,632.87,764.82,-0.094404
9092,9414.6,53166,16.118,592.93,367.11,0.23522
9092,9776.5,52513,25.136,914.16,736.08,0.10791
9092,9748.8,54917,35.758,289.25,229.58,0.11501
9092,10288,54055,33.756,392.1,189.34,0.34872
9093,9897.2,52513,29.333,369.47,527.46,-0.17615
9093,9857.2,54053,37.507,852.44,600.76,0.17319
9094,8958.8,55006,30.592,212.92,395.01,-0.29952
9094,9371,54108,31.122,929.06,921.61,0.0040256
9094,10088,53987,27.193,327.01,137.58,0.40774
9094,10372,52764,25.652,380.46,336.31,0.061591
9094,11640,54609,31.413,384.45,273.48,0.16867
9095,9260.3,54047,33.763,479.15,422.67,0.062631
9095,9265.4,53894,30.727,784.67,754.97,0.01929
9095,9693.1,54660,31.936,659.09,726.46,-0.048624
9095,10489,52559,26.777,735.74,617.74,0.087181
9096,10528,52576,17.869,816.14,661.41,0.10472
9098,9765.7,53523,24.126,994.9,385.98,0.44096
9099,9286.7,52430,36.326,443.76,359.03,0.10554
9099,9888.1,53566,40.01,285.58,158.83,0.28521
9099,10267,54220,23.348,543.05,272.63,0.33153
9100,10251,54945,40.499,402.99,231.3,0.27068
9101,10943,53804,35.219,908.69,772.94,0.080725
9102,8926.6,53317,28.31,368.91,268.33,0.15784
9102,10870,53755,26.549,413.86,233.83,0.27796
9103,10937,53839,35.347,358,525.29,-0.1894
9106,9394.3,55341,33.298,187.54,113.27,0.2469
9107,10004,54336,30.761,243.6,148.8,0.2416
9107,11059,53610,24.364,438.1,494.82,-0.060792
9108,10878,53895,31.214,397.15,324.84,0.10014
9109,9661.7,53045,32.307,241.71,240.39,0.0027389
9112,9861.3,53937,26.936,248.96,168.23,0.19353
9112,10496,52913,33.41,217.7,136.76,0.22835
9114,8861.4,54998,25.723,166.51,175.11,-0.025157
9114,9909.6,53924,21.929,647.51,359.06,0.28656
9115,8939.2,55287,23.661,474.96,230.7,0.34615
9115,9832.2,52786,30.952,261.2,325.52,-0.10964
9115,9841.3,53860,24.529,635.16,302.23,0.35517
9116,9815.8,52720,24.256,530.94,639.27,-0.092574
9116,11620,53229,30.534,266.21,134.28,0.32941
9117,8887.4,54937,33.348,231.25,175.06,0.13828
9118,8708.2,54696,27.525,235.92,264.23,-0.056617
9118,9880.7,53960,22.361,390.68,203.83,0.31429
9120,10968,53860,28.054,914.15,415.57,0.37495
9122,9007.3,53751,33.067,267.05,183.73,0.18484
9122,10325,52506,36.577,271.16,104.04,0.4454
9124,10326,52486,22.32,320.3,109.07,0.49196
9126,9017.1,52969,38.496,343.48,515.98,-0.20071
9127,8927,54887,30.614,521.22,415.5,0.11286
9128,9268.6,53020,32.902,281.05,118.34,0.4074
9128,10886,52790,36.204,417.31,311.42,0.1453
9128,11014,54079,34.023,353.93,194.39,0.29097
9129,10805,52981,28.669,289.46,159.74,0.28879
9129,10999,54012,9.233,753.09,246.4,0.50694
9130,10300,53360,27.202,516.33,397.67,0.12983
9130,11045,54023,9.2067,832.45,393.71,0.35782
9130,11524,53515,27.843,322.55,161.35,0.33313
9131,11070,54048,11.237,690.34,422.37,0.24083
9131,11646,53459,25.916,218.96,142.89,0.21025
9132,9959.3,53957,29.345,364.98,122.81,0.49648
9132,11082,54014,8.8243,803.51,264.83,0.50422
9133,11046,54011,8.4117,1032.8,438.89,0.40357
9134,8761.7,53376,23.895,321.22,154.69,0.34991
9134,9752.5,53917,28.377,511.79,409.95,0.11049
9135,9533.2,52482,19.086,1260.9,767.25,0.24342
9135,11368,53694,27.579,312,165.63,0.30645
9136,10027,54068,27.843,714.76,407,0.27435
9136,11244,53831,30.443,275.62,209.78,0.13564
9137,10228,52528,26.011,373.63,327.24,0.066186
9138,11089,53712,30.131,465.97,613.87,-0.13697
9139,10976,53900,35.89,216.01,280.35,-0.12964
9140,9534.3,53318,28.187,350.4,240.98,0.18502
9140,10659,54559,31.561,365.18,290.32,0.11419
9141,9791.7,54452,37.245,200.97,101.66,0.32817
9141,10529,53373,29.799,276.6,443.36,-0.23163
9141,10784,54600,34.74,905.83,792.55,0.0667
9142,10493,53319,12.561,629.91,319.52,0.32693
9143,8705.9,53152,25.765,247.26,136.72,0.28789
9143,9793.1,54258,27.838,627.63,866.74,-0.16
9143,10551,54912,35.774,273.66,198.4,0.15944
9144,9866.5,54228,18.155,621.19,463.9,0.14496
9145,9906.2,54069,21.124,705.8,444.45,0.22722
9145,10846,53090,30.307,755.69,428.39,0.27642
9146,9866.4,53928,30.594,577.95,471.22,0.10174
9146,10574,53208,37.295,333.89,428.17,-0.12372
9147,9322.1,53382,28.647,885.14,294.82,0.50028
9147,9623.1,54900,30.871,362.39,171.34,0.35796
9147,9992,53021,28.579,278.83,181.18,0.21228
9147,10582,54580,32.149,362.04,417.08,-0.07064
9148,10385,54346,42.91,695.79,509.8,0.15427
9149,8810.7,53403,37.93,661.69,385.61,0.26361
9149,10431,54461,33.094,406.76,280.14,0.18433
9149,10833,53336,28.932,521.71,495.61,0.025655
9150,10968,53467,28.881,555.65,478.18,0.074943
9151,9686.2,53114,29.138,692.89,756.89,-0.044143
9151,11294,53591,30.882,556.21,321.21,0.26784
9152,9014.3,53285,37.44,260.61,192.78,0.14962
9152,9098.9,54029,32.066,282.09,336.32,-0.087696
9152,9997.4,53469,33.3,630.75,767.49,-0.097793
9152,11135,53384,30.436,580.52,595.23,-0.012509
9152,11204,54419,28.055,230.13,191.37,0.091955
9153,9414.4,52536,36.973,338.07,222.53,0.20611
9153,10048,53222,29.835,492.17,289.54,0.25922
9153,11209,53349,22.258,1254.3,789.17,0.22763
9154,11456,53516,17.652,986.62,570.33,0.26738
9155,11550,53540,18.997,951.06,547.98,0.2689
9156,11268,53609,39.649,592.04,436.61,0.1511
9157,9012.1,53249,29.889,583.57,483.64,0.093644
9157,9921.3,54585,23.559,561.67,347.24,0.23592
9157,10871,53810,29.036,658.95,418.44,0.22323
9158,9231,53440,30.776,464.14,480.82,-0.01765
9158,9970,54558,26.955,274.96,176.68,0.2176
9158,11559,53749,21,823.62,462.02,0.28126
9159,9099.1,53256,24.41,980.05,1005.3,-0.012743
9159,9936.8,54571,23.112,274.56,207.55,0.13899
9159,10399,52818,19.347,1007.2,474.47,0.35956
9159,11107,53679,21.018,1009.6,835.12,0.09457
9160,9448,53497,18.506,919.29,802.78,0.067661
9160,9924.9,54525,34.153,101.51,151.18,-0.19658
9160,10616,52410,29.671,626.83,455.03,0.1588
9160,10968,53515,17.986,537.13,465.81,0.071111
9161,9433.7,52423,23.715,405.87,628.91,-0.21555
9161,10630,53046,21.363,1464.7,940.18,0.2181
9161,10814,53480,20.296,1220.4,1002.4,0.098079
9162,9784.2,53725,25.131,726.1,546.29,0.14131
9162,10877,53597,15.664,806.94,615.47,0.13461
9163,9612.9,53770,34.148,337.75,120.01,0.47568
9163,10271,52487,32.868,411.31,225.54,0.29171
9163,10729,53505,27.625,1251.3,775.12,0.23498
9163,11617,54586,34.577,326.03,210.34,0.21568
9164,9931.4,54589,25.32,431.15,424.95,0.0072476
9165,9738.3,53705,33.373,381.32,171.02,0.38075
9165,10999,53116,27.544,290.89,186.76,0.218
9165,11433,54954,33.324,641.95,674.23,-0.024526
9166,9836,53193,28.67,420.24,184.18,0.39056
9166,9934.1,54563,20.909,451.28,456.63,-0.005885
9167,9881.3,54536,23.826,504.15,254.1,0.32977
9168,9612.2,55228,32.118,387.95,310.78,0.11044
9168,10720,53411,35.985,281.41,205.25,0.15651
9168,11086,52803,22.991,459.54,293.11,0.22113
9169,9525.9,55295,29.279,429.56,297.15,0.18221
9169,9822.6,54559,27.965,522.08,554.75,-0.030339
9170,11240,55173,23.879,697.76,573.62,0.097641
9171,9932.8,54575,24.843,364.15,227.33,0.23131
9171,11086,53254,30.263,260.87,264.21,-0.0063727
9172,10882,54816,25.313,619.3,260.93,0.40713
9174,9953.8,54570,23.425,222.05,157.92,0.16877
9174,10465,54292,35.27,276.93,266.25,0.019661
9176,11161,54451,21.112,422.87,184.15,0.39328
9177,10920,54521,31.712,421.54,226.16,0.30165
9179,10501,54047,37.148,568.28,285.17,0.33173
9180,8946,54610,25.282,381.18,108.75,0.55606
9180,9918.5,54572,33.742,382.13,556.4,-0.18568
9181,9717.8,52692,28.776,172.84,175.15,-0.0066489
9181,9988.2,54046,39.451,175.27,237.25,-0.15023
9182,10022,54587,29.59,442.65,503.06,-0.063874
9183,10008,54577,26.421,274.81,241.98,0.063519
9184,10516,54617,19.444,367.27,242.76,0.20411
9185,10639,54630,27.39,389.8,334.1,0.076946
9186,9917.1,54566,22.041,407.58,200.49,0.34056
9186,10928,54198,33.597,480.35,566.75,-0.082519
9187,9932.1,54588,23.384,375.31,311.13,0.093494
9187,11028,54290,30.156,854.48,755.13,0.061725
9188,10999,54404,27.955,716.04,699.72,0.01153
9189,9291.1,52945,25.843,345.86,157.01,0.37553
9189,10894,54486,37.856,648.61,591.55,0.046009
9190,11168,54578,31.126,805.83,652.36,0.10525
9191,8704.5,53386,27.027,277.34,204.24,0.15179
9191,9875.6,53326,25.103,440.33,333.38,0.13824
9191,11248,54742,23.52,734.82,354.12,0.34961
9192,9887,54617,22.194,369.29,213.23,0.2679
9192,11153,54519,24.371,750.53,564.12,0.14179
9192,11260,54721,25.095,1025.1,492.17,0.35125
9193,9858.1,54606,16.093,563.57,277.7,0.33981
9193,11117,54741,26.07,573.12,303.72,0.30724
9194,8774.8,53603,32.012,516.43,222.81,0.3972
9194,10493,53973,25.253,242.16,330.09,-0.15366
9195,9025.9,53522,14.133,1803.8,926.28,0.32143
9195,9912.5,54599,36.821,200.28,236.48,-0.082892
9195,11394,54839,29.545,444.89,264.01,0.25515
9196,8960.9,53126,41.532,606.7,605.52,0.00097386
9196,11267,55067,34.197,257.96,179.15,0.18029
9197,9879.9,54600,30.586,272.82,180.71,0.20308
9198,9146.6,52509,40.142,589.7,272.73,0.36753
9198,11173,55128,37.98,419.76,180.36,0.39892
9199,10506,52480,27.25,286.7,290.66,-0.00686
9200,8872.1,53342,19.211,445.05,265.4,0.25287
9200,10415,52511,32.035,506.81,148.53,0.54671
9200,11187,55245,33.386,219.78,160.65,0.15543
9201,9957.3,53290,32.006,297.66,312.99,-0.0251
9202,9754.9,53515,32.789,913.92,532.73,0.2635
9203,8918.3,54829,31.135,408.67,366.91,0.053843
9203,11230,54869,25.405,567.51,243.94,0.39875
9204,11324,54997,36.188,317.39,136.74,0.39779
9205,9928.6,54069,20.005,580.7,368.43,0.22365
9206,8833,53287,28.115,507.04,432.75,0.079052
9206,10015,54233,28.148,594.57,457.3,0.1305
9206,11666,55022,25.388,285.32,278.38,0.0123
9207,9047,54698,29.997,528.41,707.41,-0.14484
9208,9081.2,55103,39.015,556.88,583.2,-0.023085
9209,8962.8,55118,32.637,395.05,523.97,-0.14027
9210,9166.4,54980,33.946,283.71,248.34,0.066482
9210,9984.8,53977,25.602,448.87,158.23,0.47872
9210,10482,54669,31.53,673.98,398.42,0.25696
9210,11610,54830,35.576,294.62,175.14,0.25434
9211,8737.6,52890,32.777,427.93,410.99,0.020193
9211,9271.2,55102,37.25,204.15,187.3,0.04305
9211,10348,54750,24.092,368.4,381.21,-0.017096
9211,11042,52813,36.213,323.86,324.12,-0.00039957
9212,9359.5,54968,32.001,497.34,310.9,0.23068
9212,10152,54607,29.296,295.32,240.81,0.10167
9212,11006,52764,24.725,500.39,238.28,0.35483
9212,11095,55185,26.82,219.49,124.63,0.27564
9213,9136.6,53678,19.864,420.71,129.85,0.5283
9214,10907,53896,37.501,255.02,164.61,0.21546
9215,9161,54708,24.941,474.78,169.55,0.47372
9216,9093.2,55018,32.669,393.96,255.27,0.21362
9216,9266.5,54627,36.194,357.52,221.52,0.23486
9216,10354,54102,23.701,749.8,310.19,0.41473
9216,10908,55137,32.13,232.43,224.7,0.016918
9218,8985.3,54676,33.886,319.86,372.31,-0.075772
9218,10406,54546,29.525,248.74,140.77,0.27717
9219,11105,53456,22.054,486.43,348.54,0.16514
9220,11233,53932,32.073,348.63,215.12,0.23682
9221,8812.1,52865,26.618,272.51,227.43,0.09018
9222,8925,52809,23.424,195.19,110.48,0.2771
9222,10611,55047,28.603,232.69,114.25,0.3414
9222,11243,54784,40.374,293.15,172.75,0.25842
9223,11191,54523,32.098,772.18,521.34,0.19392
9224,8734.9,52872,27.42,555.57,382.01,0.18512
9224,9828.9,53950,26.789,270.33,105.39,0.43899
9226,9626.4,54012,30.054,405.46,230.32,0.27546
9227,9583.3,54106,31.574,272.56,154.41,0.27672
9227,11643,54580,28.07,367.25,313.99,0.078186
9228,9589.1,53959,34.309,236.92,178.07,0.1418
9228,11366,52973,28.766,225.85,145.48,0.21643
9229,9694.2,54170,37.45,280.25,273.6,0.012006
9229,10855,54639,33.592,578.67,263.99,0.37344
9229,11389,54045,29.241,233.25,142.68,0.24093
9230,9452.7,52761,33.023,405.2,271.67,0.19729
9230,9942.6,54147,21.783,354.37,221.07,0.23165
9230,10830,53479,27.009,656.16,463.61,0.17195
9230,11009,54525,26.971,468.06,319.79,0.1882
9231,9427.8,52555,37.11,654.72,310.51,0.3566
9231,10708,53502,28.141,681.64,373.83,0.29163
9232,10863,53439,26.597,695.46,520.48,0.14391
9232,11327,55301,14.062,798.73,763.94,0.022262
9233,9461.1,54009,28.822,212.22,161.17,0.13671
9233,11435,55302,29.211,605.07,535.19,0.061284
9234,9472.9,54080,34.681,523.68,256.39,0.34265
9235,8730.3,53062,33.364,357.81,269.53,0.14072
9236,9634.4,54249,25.991,837.89,754.72,0.052221
9236,9877.1,54776,34.305,420.74,365.14,0.070752
9237,10605,53613,32.322,256.2,165.74,0.2144
9237,11512,54859,22.467,784.28,464.3,0.25628
9238,9736,54107,36.018,420.87,266.82,0.22401
9238,10221,54178,34.983,666.54,348.86,0.31287
9238,10944,53470,27.599,547.87,429.94,0.12061
9239,9950.5,52704,34.99,655.52,590.01,0.052596
9239,11118,54982,24.904,625.95,526.08,0.086688
9240,9748.1,52723,33.367,721.62,582.51,0.10668
9241,11357,54082,29.771,416.13,320.8,0.12936
9242,8966.8,55347,27.289,333.37,213.1,0.22009
9243,8865.8,55255,31.062,582.42,613.37,-0.025884
9243,9754,52545,23.382,914.29,919.34,-0.0027561
9244,9739,54610,31.735,454.6,479.45,-0.026608
9244,10328,52606,35.303,738.9,211.31,0.55524
9246,8918.5,53245,23.678,458.87,227.88,0.33635
9246,9891.3,54493,24.616,310.58,139.36,0.38053
9246,10689,54464,20.909,383.57,213.03,0.28584
9246,10982,55337,29.239,1336.4,923.19,0.18288
9247,10421,54293,20.272,503.7,452.2,0.053883
9247,11176,53595,31.938,532.66,530.61,0.001934
9247,11072,55168,26.324,222.89,214.95,0.018143
9250,9029.8,55077,35.382,440.12,388.13,0.062775
9250,10378,54188,28.898,318.53,188.4,0.2567
9251,10470,54455,29.584,286.82,234.44,0.10048
9251,11513,53533,31.699,305.36,269.56,0.062277
9252,9459.5,53340,30.941,521.92,353.12,0.19291
9252,9753.8,53719,33.565,699.03,351.1,0.33132
9252,10555,54406,32.356,360.12,201.54,0.28234
9252,11570,53660,36.375,311.55,291.83,0.032675
9253,8757.2,54730,24.32,680.65,457.34,0.19623
9253,9717.8,53565,25.694,737.52,375.29,0.32551
9253,10470,53324,32.835,222.34,158.57,0.1674
9253,11444,52804,33.416,172.32,153.58,0.057522
9254,9845.4,53315,32.084,363.9,371.58,-0.010438
9254,9841.3,53951,15.202,727.63,584.61,0.10898
9254,10733,53197,27.459,365.81,314.87,0.074827
9254,11396,53867,31.593,269.74,348.35,-0.12718
9255,9800.6,53950,18.401,962.83,849.57,0.062491
9255,10812,53060,30.782,629.51,289.25,0.37035
9256,9752.9,54115,37.461,376.31,486,-0.12721
9257,9611.6,53831,28.913,848.22,499.01,0.2592
9257,10221,54857,31.594,224.55,117.46,0.31312
9257,11087,54043,33.877,145.85,172.21,-0.082849
9257,11648,53533,28.442,210.83,217.83,-0.016334
9258,11056,53839,30.33,400,141.96,0.47611
9260,9192.5,55313,33.791,383.47,323.25,0.08521
9261,9540.5,54728,29.237,439.16,298.84,0.19014
9262,9649.4,54763,19.996,449.79,387.06,0.074965
9262,10404,54882,26.903,442.37,347.57,0.12002
9263,10029,53179,34.788,228.3,248.98,-0.043331
9263,10032,54121,29.815,256.46,130.44,0.32574
9264,9533,54990,20.48,275.51,218.13,0.11624
9265,8686.3,52836,20.767,550.78,351.91,0.22031
9265,10388,52664,28.947,427.36,285.69,0.19868
9265,10697,53530,29.992,537.75,328.38,0.24172
9267,9454.4,54926,29.662,171.43,114.84,0.19766
9267,10741,53653,23.593,887.39,382.96,0.39708
9268,9783.4,54175,32.393,412.43,120.95,0.54647
9268,10033,52539,29.963,208.23,249.42,-0.090016
9268,10382,54805,33.277,270.16,279.14,-0.016343
9269,9965.1,53893,20.296,585.6,237.41,0.42306
9269,11149,53384,40.278,734.28,695.31,0.027262
9270,9927.6,53908,22.14,314.86,242.63,0.12955
9271,9439.2,55231,31.278,255.92,141.51,0.28789
9271,10543,53358,29.3,606.43,207,0.49105
9272,10685,53029,35.71,255.46,146.32,0.27163
9273,9508.3,55144,28.577,198.12,111.29,0.28065
9273,10117,53148,30.706,366.59,154.71,0.40644
9273,10425,53144,26.39,434.59,306.32,0.17312
9274,8763.9,54876,25.698,502.09,155.27,0.52759
9275,11146,54834,31.057,590.24,417.7,0.17118
9276,10796,53877,29.609,333.62,371.86,-0.054207
9277,10168,54086,24.981,227.31,167.43,0.15169
9278,8990.3,55165,32.559,825.19,543.21,0.20606
9278,9643.2,55023,25.227,500.2,427.19,0.078725
9278,9947.9,53235,29.978,460.64,367.83,0.11202
9279,8685.6,53115,33.512,392.11,282.66,0.1622
9280,9410.7,52610,31.279,777,487.07,0.22937
9281,10429,52776,38.135,213.44,184.7,0.072187
9282,8903.9,54312,39.36,392.15,273.77,0.17777
9282,9816.1,53039,29.919,218.52,137.98,0.22589
9283,10403,52513,24.708,461.52,404.02,0.066442
9284,9448.7,52833,30.205,1024.6,614,0.25059
9286,9435,53074,37.135,295.71,308.91,-0.021818
9286,10066,54113,22.416,539.87,234.67,0.39404
9287,9303.7,54596,25.242,725.73,384.66,0.30716
9287,10261,53322,22.621,606.38,331.18,0.29353
9288,9143.8,54561,33.878,767.58,532.07,0.18121
9288,10167,53249,20.505,1028.2,534.26,0.31611
9289,8890.5,53049,32.008,316.97,257.02,0.10443
9290,8722.1,53110,24.102,573.13,340.08,0.2552
9291,9860.4,54041,33.608,378.37,331.98,0.06531
9291,9991.3,52912,22.649,791.71,596.01,0.14102
9292,8809.7,52937,28.303,662.52,313.12,0.35812
9292,11368,53701,24.104,575.75,187.13,0.50942
9292,11456,54821,30.384,436.95,293.06,0.1971
9293,8976.6,53597,26.37,671.22,212.21,0.51958
9293,10495,52930,18.194,623.01,360.01,0.26754
9293,11252,54702,31.255,492.03,205.99,0.40979
9294,10245,52694,35.743,826.82,674.53,0.10143
9294,11281,53970,29.846,485.67,146.87,0.53563
9295,9250.7,53991,32.18,164.49,113.05,0.18536
9295,9724.4,52430,24.038,875.17,512.88,0.261
9295,11243,54513,25.667,387.81,193.59,0.33405
9296,9640.1,52423,23.169,633.44,483.68,0.13406
9296,11015,52980,37.111,480.54,377.8,0.1197
9297,9888.9,53975,31.635,358.02,302.71,0.083713
9298,9797.4,52564,36.638,524.17,588.42,-0.057747
9298,9963,53985,22.037,370.46,228.43,0.23715
9298,10422,53212,31.523,315.93,211.15,0.19881
9298,11623,53553,25.621,341.84,121.14,0.47671
9299,9647.7,52605,31.185,690.24,500.35,0.1595
9299,9950.4,53947,20.598,617.21,446.6,0.16037
9299,10912,53667,32.502,211.59,117.46,0.28606
9300,9730,52605,39.101,625.26,449.76,0.16325
9300,9902.4,54030,19.404,477.21,256.16,0.30142
9301,9730.3,52562,18.61,988.28,662.71,0.1972
9301,9928.9,54002,14.922,784.32,543.52,0.18135
9301,11091,53413,33.425,358.21,157.4,0.38948
9302,9591,53567,20.336,522.51,448.68,0.076018
9302,9963.5,54016,27.835,399.22,345.31,0.072415
9303,9948.5,52508,18.177,1023.1,305.38,0.54026
9304,9878.3,53961,14.91,689.25,381.99,0.28683
9305,9973.5,53965,16.092,599.37,337.45,0.27958
9305,11185,55279,20.848,584.84,459.43,0.12009
9305,11488,53282,25.892,196.11,215.06,-0.046067
9306,9932.1,53952,24.83,1187.6,641.08,0.29887
9306,10060,53433,35.762,557.34,249.79,0.38105
9307,8870.7,53187,26.536,348.56,358.44,-0.013964
9307,9935.2,54004,20.349,708.3,318.78,0.37925
9307,10431,54802,31.748,391.49,442.19,-0.060815
9308,9001.4,53411,21.623,385.69,195.9,0.32633
9308,9938.9,54109,22.056,650.43,173.51,0.57883
9309,9021.4,53249,20.947,385.46,384.82,0.00082359
9309,9131.7,55247,30.026,500.34,421.41,0.085632
9309,9932.5,54184,37.608,694.23,312.53,0.37914
9309,9798,55225,35.634,287.1,328.32,-0.066993
9309,11484,52519,32.613,223.72,128.39,0.27072
9310,11473,55221,34.156,246,193.61,0.11916
9311,9974.2,54175,24.728,436.47,327.47,0.14268
9311,10568,53166,14.612,669.86,461.9,0.18375
9311,11160,54388,27.47,307.65,252.33,0.098798
9311,11635,52448,30.427,404.76,170.76,0.40659
9313,9533.1,53455,28.251,277.84,149.58,0.30007
9313,10479,52796,32.767,188.25,205.65,-0.044184
9313,11187,54655,32.635,195.91,166.42,0.081403
9313,11612,52464,30.459,355.36,285.1,0.10971
9314,8758.8,53889,28.522,687.16,160.36,0.62158
9315,8867,53888,35.041,453.27,320.89,0.17099
9315,10276,52689,29.756,786.62,497.83,0.22483
9316,10385,52894,25.244,879.26,620.37,0.17263
9316,10400,52924,23.403,642.83,475.55,0.14958
9316,11048,54875,31.597,241.56,101.91,0.40659
9317,9456.8,53413,37.544,571.07,379.38,0.20168
9317,11172,54790,29.056,614.95,683.19,-0.052565
9317,11190,54092,30.344,657.85,427.6,0.21213
9318,8695,52647,27.732,834.13,751.12,0.052364
9319,10080,54988,19.067,592.87,121.8,0.65914
9319,10909,53290,23.963,206.98,102.98,0.33553
9321,9441.7,53408,23.102,743.72,248.33,0.49936
9321,10753,54522,32.741,478.55,360.58,0.14058
9322,9599.9,53472,16.5,357.9,312.24,0.068142
9322,10202,54131,28.141,695.69,792.45,-0.065022
9324,9878.4,52600,24.507,317.74,144.55,0.37463
9324,9931.3,54002,20.187,280.31,171.06,0.24205
9324,11483,53704,36.597,398.47,424.85,-0.032042
9325,10030,53956,27.282,201.88,222.31,-0.048171
9325,11068,52834,33.262,326.59,253.46,0.12608
9325,11614,53180,27.644,386.65,288.18,0.14591
9328,11110,52974,32.166,722.93,444.19,0.23883
9329,10394,54267,26.201,347.93,142.16,0.41985
9330,10661,52898,21.218,905.71,543.08,0.2503
9331,9077.7,55241,33.972,462.12,483.95,-0.023065
9331,9767.3,53890,30.355,740.41,456.3,0.23741
9331,10513,54162,26.941,294.69,249.1,0.083845
9332,9390.1,52537,29.878,406.98,294.32,0.16063
9332,9851.3,53788,30.634,651.76,395.4,0.24482
9332,10671,53254,30.957,326.04,310.98,0.023646
9333,8707,54882,20.925,987.98,488.47,0.33832
9333,9413,52470,20.844,607.84,368.08,0.24568
9333,9663.9,54840,33.8,716.83,236.66,0.50359
9334,10021,53562,30.2,367.61,364.87,0.0037354
9334,11079,52629,36.506,446.8,381.91,0.078294
9335,9128.5,54807,24.038,782.06,689.76,0.062713
9336,9246.3,54711,30.777,594.06,317.07,0.30401
9337,9375.4,53331,33.155,255.38,157.95,0.23572
9338,9235.2,54875,32.061,284.17,292.65,-0.014717
9338,10274,54140,31.732,168.29,110.6,0.20686
9340,10353,54064,32.631,141.43,155.97,-0.048874
9343,9538.6,54312,31.197,205.59,278.24,-0.15016
9343,10702,53170,29.457,390.93,412.17,-0.02644
9344,10569,53091,31.386,536.73,518.71,0.017071
9344,11528,55023,33.769,146.43,192.46,-0.13583
9345,10498,53229,23.743,471.21,315.82,0.19744
9346,10303,53194,38.766,401.48,480.45,-0.089534
9347,9382.2,53621,24.495,286.22,280.25,0.010536
9347,10084,53249,26.626,875.47,773.88,0.061594
9347,10210,53262,30.881,559.43,373.82,0.19888
9348,9211.8,52783,30.739,357.66,226.88,0.22374
9348,9326.2,53769,22.813,437.47,348.33,0.11344
9349,9044.7,53891,28.846,416.67,458.44,-0.047726
9349,9351.3,52878,33.317,1063.8,680.03,0.22008
9349,10363,53181,37.554,1144.7,724.82,0.22458
9350,10502,53146,23.249,906.41,505.05,0.28436
9351,10292,53291,35.058,728.6,376.48,0.31864
9353,10164,53112,25.346,894.43,830.67,0.036961
9353,10728,53162,22.508,1176.5,712.67,0.2455
9354,10052,53204,21.724,530.88,343.14,0.2148
9357,9554.8,53819,24.838,428.51,425.75,0.0032354
9358,10189,52674,37.61,462.1,141.42,0.53134
9359,8965.3,54750,31.358,223.12,213.08,0.023019
9359,9601.3,53752,22.773,430.75,296.34,0.18486
9359,10529,53966,34.26,424.23,413.37,0.012969
9360,11632,54624,35.38,355.08,240.87,0.19165
9361,10528,53338,25.705,302.07,254.07,0.086308
9363,10362,53234,32.253,210.28,246.89,-0.080083
9364,10245,52535,37.849,334.88,259.06,0.12766
9365,9277.5,53266,29.589,281.83,426.66,-0.20441
9365,10177,52567,26.682,506.91,160.59,0.51883
9365,10447,53651,44.738,431.69,446.06,-0.016373
9366,9263,53186,30.152,519.11,572.58,-0.048978
9370,9480.7,53513,32.627,365.74,682.32,-0.30207
9370,10218,54318,37.016,111.35,137.99,-0.10682
9370,10586,53602,21.767,300.39,226.32,0.14063
9371,9039.4,54769,30.168,336.59,180.76,0.3012
9372,9257,53461,28.043,506.11,676.68,-0.14421
9372,11633,54646,32.073,257.78,168.28,0.21007
9373,8997.2,53464,22.739,464.15,453.8,0.011275
9373,10596,53811,34.734,123.22,305.24,-0.42483
9374,9001.6,53665,25.807,533.57,352.13,0.20486
9374,10431,53097,35.463,149.96,154.81,-0.01589
9375,8799.1,53345,34.239,456.43,427.68,0.032519
9377,11549,53508,29.699,561.69,277.47,0.3387
9378,9646.4,54835,17.956,307.58,200,0.21194
9378,11468,53320,27.397,457.09,295.26,0.2151
9378,11491,54071,27.13,277.91,155.92,0.2812
9379,9038.9,53329,20.033,1195.1,725.28,0.24464
9379,11552,53290,30.676,327.08,358.13,-0.045313
9380,9658.5,52834,31.994,680.55,762.87,-0.05703
9380,10727,55228,33.144,525.55,441.36,0.08708
9380,11626,53546,22.24,747.31,511.87,0.18697
9381,8969.6,54708,28.255,1120.9,1078.6,0.019233
9381,9922,54168,28.967,576.59,314.84,0.29362
9382,9884.3,54210,27.143,671.84,247.54,0.46151
9382,11561,53387,26.125,664.24,525.12,0.11697
9383,9039.7,54657,22.031,555.92,356.12,0.21907
9383,10751,54952,35.272,421.68,292.2,0.18137
9384,8765,54486,30.573,640.22,210.28,0.50551
9385,8808.7,54417,25.806,656.04,429.66,0.2085
9385,9925.7,54012,33.489,369.95,369.25,0.00094786
9385,10748,54615,30.657,357.51,201.68,0.27868
9386,9342.5,53141,35.123,238.29,280.41,-0.081197
9386,9970.5,54167,35.488,216.08,169.68,0.12028
9386,10894,54816,25.6,320.76,166.6,0.31633
9387,9455.7,53179,26.799,374.05,315.77,0.084483
9387,9931.1,53991,33.329,214.81,263.73,-0.10223
9388,9248.9,53476,37.488,238.06,157.75,0.20292
9389,8700.1,55214,35.452,251.59,234.92,0.034271
9389,9428.7,53357,31.274,619.92,673.44,-0.041383
9389,10251,54705,38.146,339.64,267.75,0.11835
9390,9217,53214,30.916,408.29,152.95,0.45495
9390,9441.3,53267,31.452,543.52,493.83,0.047898
9390,9975.2,52522,37.518,159.03,284.77,-0.28334
9392,8854.2,53211,25.493,396.87,217.46,0.29204
9392,9938.9,54097,28.303,582.19,294.77,0.32774
9394,11128,55297,14.243,570.81,788.95,-0.16042
9395,9653.5,53427,22.352,349.62,288.21,0.096276
9396,9414.1,53403,33.303,357.42,427.52,-0.089307
9396,10811,53541,35.392,353.76,450.22,-0.11998
9396,11091,55310,20.708,409.7,669.27,-0.24058
9397,9540.7,53448,25.248,243.37,319.26,-0.13489
9397,11059,53325,26.875,636.75,317.17,0.33502
9397,11092,55363,14.57,672.01,1276,-0.31007
9398,9229.7,55139,31.886,174.08,1143,-0.73567
9398,11068,53537,18.56,617.32,414.53,0.19653
9399,10441,54869,35.937,572.34,731.07,-0.12178
9399,10931,53537,22.285,610.14,332.53,0.2945
9400,10912,53375,31.495,393.51,371.56,0.028688
9402,9306.7,53243,35.723,394.94,309.59,0.12114
9404,8792.7,54971,38.709,667.43,302.21,0.37666
9404,9175,53258,37.609,654.07,483.65,0.14978
9405,9109.6,53109,18.639,475.85,311.24,0.20913
9406,9075.6,53206,23.8,557.63,639.13,-0.068101
9406,10590,53284,31.851,310.14,200.95,0.21363
9406,11162,54631,29.846,299.87,189.39,0.22582
9408,8892.8,53440,22.004,256.34,468.28,-0.29249
9408,9461.6,53102,33.799,273.55,264.65,0.016535
9408,11418,54211,31.631,884.48,379.38,0.39965
9409,8910.4,53484,23.429,480.48,746.91,-0.21707
9409,11495,54378,34.583,313.53,225.94,0.16236
9409,11654,55323,25.028,499.26,221.9,0.3846
9410,9905.4,53180,24.865,534.94,438.73,0.098809
9410,10578,53321,34.724,247.23,237.07,0.020983
9411,11358,54226,31.772,414.2,317.31,0.13245
9412,11037,54962,32.743,353.08,381.38,-0.038527
9413,9819.2,53859,29.229,253.1,179.88,0.16912
9413,10315,52719,21.387,311.67,202.71,0.21184
9413,11589,54308,25.795,807.93,344.89,0.40166
9414,8696.4,55274,30.724,456.84,211.52,0.36704
9414,11648,54144,22.117,638.49,405.28,0.22344
9415,11151,54994,33.34,213.61,184.53,0.073038
9416,9005.4,52574,26.542,496.63,147.04,0.54312
9416,9986.9,53995,29.36,454.94,359.32,0.11743
9417,11035,54903,32.714,515.1,327.46,0.2227
9418,10089,54015,35.881,367.56,264.45,0.16313
9418,10749,52667,34.103,176.48,183.69,-0.020023
9419,10275,53373,30.131,228.76,582.21,-0.43583
9421,10711,53670,25.327,819.88,661.05,0.10725
9423,10348,52427,35.786,323.52,194.05,0.25013
9423,10571,54435,35.297,270.51,116.4,0.39829
9425,10480,54301,30.028,931.98,792.06,0.081157
9427,10747,54545,34.421,229.79,167.2,0.15766
9428,10550,54382,33.627,268.31,175.86,0.20814
9431,10852,53781,35.718,336.84,130.83,0.44049
9432,9276.5,52746,19.389,511.08,340.87,0.19979
9432,10973,53665,37.649,364.45,215.69,0.25641
9433,9059,52960,39.081,506.27,406.09,0.1098
9433,9215.1,52925,32.537,436.96,431.94,0.0057715
9433,11018,53701,35.735,490.83,476.38,0.014937
9433,11044,54490,26.345,431.86,388.58,0.052753
9434,11425,53546,37.392,491.89,327.5,0.20062
9436,10576,53177,27.077,656.69,282.64,0.39822
9437,10448,52737,20.791,1417.4,984.62,0.18018
9437,11106,53647,27.385,399.04,340.41,0.079283
9438,10353,52638,26.262,693.31,581.54,0.087671
9438,11105,52835,23.468,530.14,261.19,0.33987
9438,11498,55290,28.536,562.35,271.97,0.34805
9439,11101,52830,27.301,369.16,248.29,0.19575
9439,11222,54283,37.757,250.63,112.28,0.38123
9441,9119.1,55273,33.053,335.6,230.59,0.18546
9441,11053,54578,26.704,460.25,313.09,0.19029
9443,8897.4,53352,34.777,1221,843.69,0.18273
9443,10990,54614,18.581,517.61,290.59,0.28089
9444,8852,53180,31.739,922.69,641.86,0.1795
9446,11588,53107,28.863,292.35,178.35,0.24219
9447,9422.1,52799,19.777,779.78,545.91,0.17642
9447,11663,52907,31.848,562.71,290.49,0.31905
9448,8929.3,53448,23.627,266.8,523.84,-0.32511
9448,9548.1,52850,30.13,1139.8,780.62,0.18704
9448,10120,53318,36.212,753.35,426,0.27756
9449,8844.9,53428,16.574,728.83,1404.7,-0.3168
9449,10340,52617,30.867,218.78,144.65,0.20399
9450,9359.2,52703,27.469,461.49,331.17,0.1644
9450,10462,52703,27.083,723.67,401.82,0.28596
9450,10819,54019,37.234,384.02,310.02,0.10662
9451,10121,53222,34.639,752.96,252.64,0.49753
9451,11433,55020,29.652,341.27,201.7,0.25705
9452,10231,52637,30.125,267.5,261.14,0.012033
9452,11385,54948,40.719,584.19,499.37,0.078274
9453,8886.5,55230,37.258,316.77,300.1,0.027027
9453,10681,54658,25.613,316.34,462.4,-0.18755
9453,11307,54868,28.165,573.55,406.62,0.17031
9453,11432,53187,24.448,1171.3,617.35,0.30971
9454,10782,54294,34.716,262.98,376.01,-0.17689
9454,11165,53288,23.075,637.68,513.86,0.10752
9454,11372,54882,33.105,642.13,705.91,-0.047314
9455,11450,54925,27.75,577.12,644.12,-0.054866
9456,11487,53311,16.861,1458,740.04,0.32664
9456,11484,53506,33.678,1097.9,757.65,0.18338
9457,10843,53737,26.6,660.63,351.57,0.30534
9457,11583,53132,32.439,783.03,525.42,0.19688
9458,10931,53609,28.2,528.28,581.43,-0.04789
9461,8777.9,53103,32.397,508.09,458.11,0.051734
9461,10029,53424,30.438,447.4,365.94,0.10016
9461,10915,53669,35.563,502.09,118.05,0.61927
9462,8812,53649,35.885,318.36,274.9,0.073264
9463,10116,53286,32.343,396.7,175.62,0.38629
9464,8855.5,53223,30.65,237.13,177.41,0.14406
9467,9403.7,52591,29.843,430.35,182.86,0.4036
9467,10317,52544,26.816,644.47,434.12,0.19503
9468,9346.3,52762,18.56,352.64,112.36,0.51673
9468,10317,52586,26.332,570.63,526.31,0.040401
9468,10990,52716,29.184,239.5,113.38,0.35742
9470,9259.4,53692,33.032,525.55,493.88,0.03106
9470,10265,54330,33.126,795.31,406.71,0.32329
9471,9177.3,54854,36.492,350.73,323.03,0.041123
9471,10579,54450,37.079,524.54,275.8,0.3108
9472,11290,54740,32.055,414.86,264.49,0.22134
9473,11446,54730,19.853,462.68,416.84,0.052113
9474,11442,52455,42.09,989.29,957.91,0.016118
9475,9543.4,53384,37.101,435.6,380.31,0.067763
9476,11054,52773,23.527,379.96,321.05,0.08404
9477,9618.9,54799,31.336,212.49,288.39,-0.15155
9477,10999,52708,24.035,430.17,197.25,0.37122
9477,10979,54497,33.218,355.8,436.94,-0.10235
9478,9020.8,53759,13.941,2323.2,2438.3,-0.024186
9478,9700,54848,32.352,423.61,213.3,0.3302
9478,10783,55057,32.7,214.3,125.62,0.26088
9479,8801.6,53896,18.947,2582.6,2798.7,-0.040151
9479,9675.9,53001,30.342,244.86,393.86,-0.23328
9479,9638.2,54791,14.955,657.97,289.36,0.3891
9479,10521,54953,35.175,300.88,266.17,0.061208
9479,11113,52891,35.892,314.8,265.53,0.084896
9480,10436,55337,27.813,253.1,316.27,-0.11094
9480,11464,53471,29.815,358.26,374.8,-0.022567
9481,10087,54038,29.697,422.62,263.05,0.23273
9482,8695.1,54303,38.431,920.71,944.61,-0.012814
9482,10095,52643,31.348,512.74,261.74,0.3241
9482,11135,53163,20.853,299.02,203.07,0.1911
9483,8759.6,54453,31.587,901.98,577.42,0.21939
9483,10787,53555,32.666,221.87,100.83,0.37508
9484,8752.7,53803,20.969,1348.1,1623.9,-0.092809
9484,10841,52623,31.634,201.25,173.89,0.072931
9485,9816.8,53990,29.501,517.09,382.13,0.15008
9486,10102,52480,25.081,510.76,405.63,0.11472
9488,9168.7,52887,30.098,350.77,520.02,-0.19436
9488,11323,53806,28.01,150.96,201.3,-0.14292
9489,9263.8,52992,26.704,923.85,1203.4,-0.13141
9490,9198.8,53037,26.556,1007.2,1216.9,-0.094323
9490,10579,53614,28.339,257.4,130.04,0.3287
9494,10413,52690,22.922,458.25,235.36,0.32135
9495,9453.5,52648,30.978,108.58,305.41,-0.47545
9496,10455,52507,31.042,589.3,353.33,0.25033
9498,9183.2,55076,30.252,497.59,153.56,0.52834
9499,11404,53586,25.298,291.03,171.06,0.25962
9500,10817,53112,16.704,484.84,289.21,0.25273
9500,11480,54764,22.907,392.5,111.9,0.55629
9501,10791,53035,25.368,314.18,135.13,0.3985
9501,11342,54797,22.455,795.29,301.81,0.4498
9502,8788.2,53306,37.946,193.6,125.85,0.21209
9502,10770,53169,27.963,352.17,254.58,0.16084
9502,11276,54803,18.998,1095.5,666.61,0.24338
9503,8793,53361,27.502,414.61,124.17,0.53908
9503,9645.8,52471,33.653,511.56,338.18,0.20403
9504,9574.3,52421,36.345,365.53,365.79,-0.00036288
9504,11158,54476,32.729,900.99,519.35,0.26869
9504,11204,54590,28.744,774,501.2,0.21393
9505,8701,54584,20.622,1201.9,962.16,0.11079
9505,9241.4,52496,27.98,302.73,188.89,0.23157
9505,11061,54212,25.754,533.42,461.91,0.071846
9508,8722.7,53325,36.935,795.25,649.57,0.10083
9509,10922,54193,35.52,201.95,160.32,0.11492
9510,10028,52455,32.538,613.34,608.4,0.0040434
9511,10719,54250,33.271,645.04,166.18,0.59029
9511,11079,53010,27.169,427.95,340.97,0.11313
9512,9581.8,52756,31.252,203.33,151.99,0.14451
9512,10996,52979,34.879,529.23,320.85,0.24513
9514,10298,52757,35.974,245.27,237.91,0.015228
9515,10375,52971,27.438,440.95,181.04,0.41787
9515,10950,54536,29.569,248.03,173.19,0.17767
9516,8823,52581,31.552,427.09,483.94,-0.062404
9516,8841.5,55131,26.47,396.44,269.1,0.19133
9516,11203,54563,19.615,830.37,605.45,0.15665
9517,8743,55300,25.169,810.96,649.7,0.1104
9517,9357.1,52877,30.851,359.14,194.41,0.29759
9517,9209.2,54101,35.671,221.36,250.49,-0.061735
9517,11227,54722,18.403,386.91,205.12,0.30705
9517,11497,53625,28.912,435.93,382.4,0.065419
9518,9277,53891,30.939,342.93,261.19,0.1353
9518,10202,53202,27.057,503.13,201.98,0.4271
9518,10727,54333,35.353,309.75,139.63,0.37855
9518,11617,53635,22.32,380.94,300.77,0.11759
9519,10814,54432,21.546,356.15,131.83,0.45968
9520,10776,54468,20.173,497.97,287.67,0.26768
9520,11025,52464,37,1013.9,927.31,0.04461
9521,10676,54405,36.061,461.26,476.77,-0.016537
9521,11006,54867,27.172,454.96,515.71,-0.062586
9521,11044,52425,30.059,473.01,325.53,0.18469
9524,9044.2,53070,38.404,354.64,199.05,0.281
9524,11656,53259,29.944,538.51,306.48,0.27459
9525,10329,52456,35.517,374.89,108.47,0.55118
9527,10896,53823,39.812,258.44,252.64,0.011337
9530,8687.2,52911,18.737,952.77,512.02,0.30089
9531,8696.4,52927,35.431,548.81,415.97,0.13769
9531,10871,53726,27.353,351.6,324.38,0.040265
9532,8781.2,53158,31.713,480.97,361.14,0.1423
9532,10853,53631,23.787,444.46,260.09,0.26168
9533,8826.9,53486,28.049,415.66,325.14,0.12219
9535,9689.8,53817,28.657,356.47,244.03,0.18724
9535,11032,52826,34.727,131.5,105.34,0.11045
9536,8862.7,54731,37.322,276.63,478.66,-0.26749
9537,10062,54965,31.797,544.17,470.77,0.07232
9538,9119.6,53829,20.045,609.3,287.76,0.35844
9538,9788.5,53217,38.6,227.86,150.11,0.2057
9540,9541,52577,30.396,865.06,634.72,0.15358
9540,9940.2,54128,26.795,535.12,179.24,0.49819
9542,8949.6,54984,23.864,440.23,150.01,0.49169
9542,9572.5,53240,31.546,271.17,200.56,0.14967
9542,10834,54490,26.864,536.99,173.93,0.51068
9542,10966,53614,29.024,426.19,286.12,0.19664
9542,11478,52860,36.333,494.49,543.5,-0.047216
9543,8948.8,55103,21.637,282.01,121,0.39952
9543,10852,54718,29.309,496.31,216.4,0.39275
9543,11539,55339,30.024,585.09,366.37,0.22987
9544,9948.9,52432,25.439,375.76,149.94,0.42957
9544,11350,52650,25.303,509.14,264.83,0.31567
9545,10822,54218,29.888,308.78,189.09,0.24039
9545,11279,52606,27.792,241.02,172.38,0.16605
9546,9754.5,54074,33.137,751.47,652.68,0.070359
9546,11478,52603,29.458,338.36,234.79,0.18071
9547,10963,53817,30.158,568.77,497.64,0.0667
9547,11522,55109,36.952,344.39,199.22,0.26703
9548,10906,53745,25.96,734.71,632.78,0.074536
9549,9774.1,53433,24.818,240.46,149.69,0.23266
9549,10258,52455,38.297,222.71,110.86,0.3353
9549,10267,54372,38.869,308.6,394.5,-0.12218
9549,10968,53756,26.591,340.39,221.11,0.21243
9550,9783.5,53499,21.781,365.59,382.48,-0.022571
9551,9078.9,54652,38.222,388.77,293.56,0.13954
9551,9561.8,53196,21.533,441.82,284.67,0.21632
9553,9351.7,52838,34.917,372.71,252.14,0.19296
9553,9950.2,52517,18.249,530.16,332.25,0.22948
9553,11602,53312,25.732,241.44,121.26,0.33134
9554,9261.2,52860,45.069,455.27,474.6,-0.020786
9554,10901,53526,32.633,811.96,814.95,-0.0018387
9555,9296.2,52752,26.37,358.99,150.15,0.41017
9555,10957,53289,23.548,638.15,272.84,0.401
9556,10737,53758,26.445,456.06,209.89,0.36965
9556,10776,53403,36.643,596.93,327.07,0.29206
9557,10074,53875,29.948,243.32,156.88,0.21599
9559,9138.4,55043,32.811,324.09,360.7,-0.053469
9562,10532,53540,26.731,267.68,262.94,0.0089276
9563,11590,54069,19.435,1275,1118.6,0.065315
9564,10523,53496,32.097,120.95,260.15,-0.36527
9564,11298,53091,32.935,364.82,274.76,0.14081
9564,11474,54129,29.49,465.09,306.16,0.20607
9566,8715.3,53623,33.701,262.77,214.87,0.10028
9566,10006,53952,35.801,175.99,222.02,-0.11566
9566,11364,53807,33.608,419.99,264.96,0.22634
9566,11596,54371,29.762,256.05,148.84,0.26478
9569,9357.6,55069,38.414,375.83,418.85,-0.054138
9569,11625,53095,24.832,352.7,237.57,0.19505
9570,9574.7,55177,33.865,532.74,342.5,0.21735
9572,10002,53944,34.921,380.33,312.02,0.098654
9573,10144,54211,41.462,767.8,578.55,0.14056
9574,10576,53650,37.813,473.31,487.13,-0.014395
9575,8928.1,55010,28.996,933.05,597.97,0.21886
9575,9246.5,53813,31.464,294.36,194.12,0.20521
9575,10572,53520,29.84,182.82,210.1,-0.069429
9576,9822.1,53892,32.008,488.09,355.39,0.15733
9577,11394,53247,33.675,836.73,443.2,0.30746
9578,10443,52914,31.995,458.21,230.94,0.32978
9578,11635,53075,24.085,684.59,427.09,0.23163
9580,8810.7,55271,31.88,746.8,583.59,0.12268
9580,11274,53888,31.269,327.06,147.25,0.37909
9580,11306,55132,38.856,227.66,183.36,0.10779
9581,11238,55377,30.248,221.46,302.08,-0.15399
9582,11067,55368,33.803,287.92,471.52,-0.24175
9586,9856.1,54056,23.883,547.4,317.67,0.26556
9588,11610,53224,27.425,329.31,258.89,0.11971
9589,8707.1,53233,29.931,324.76,265.19,0.10097
9589,9650.1,53389,33.168,263.7,183.05,0.18054
9590,9009.6,54731,24.122,329.33,378,-0.068804
9590,10477,54976,30.497,475.38,242.21,0.32493
9590,11006,53631,22.37,594.89,410.17,0.18379
9591,8835.8,53655,24.321,1166.5,901.31,0.12824
9593,10009,53934,33.549,562.56,587.63,-0.021797
9594,9167.2,53970,30.491,614.75,402.02,0.20922
9595,9026.6,53383,36.803,334.45,278.33,0.091585
9596,8826,55286,35.988,401.1,237.1,0.25698
9598,10747,54726,34.109,247.95,128.74,0.31645
9599,9948,53993,30.574,659.92,345.83,0.3123
9601,11662,54525,33.008,471.78,296.25,0.22855
9604,11346,55373,37.802,302.26,272.16,0.052404
9605,9596.2,54722,32.946,194.19,108.72,0.28216
9608,8966,54760,30.022,287.67,213.85,0.1472
9609,9356.5,53792,35.922,424.67,237.03,0.28356
9610,9484,53885,34.553,406.01,223.53,0.28985
9610,10511,52415,31.04,762.96,458.21,0.24956
9611,9025.3,53482,26.333,472.73,434.69,0.041921
9611,9748.4,53995,29.326,220.48,241.31,-0.045114
9611,10036,53201,31.251,208.06,191.01,0.04272
9612,9881,54038,34.1,369.61,285.15,0.12899
9614,9703.1,53958,27.058,350.09,289.85,0.094138
9615,8994.7,53330,24.714,410.52,404.12,0.0078617
9616,8688.1,54548,26.725,363.01,246.05,0.19202
9616,9050.9,53420,23.916,889.03,718.09,0.10637
9616,11454,53432,21.012,314.01,244.6,0.12426
9617,9379.7,54133,27.601,584.57,729.53,-0.11031
9617,11582,54896,36.212,253.66,160.02,0.22635
9618,11368,54144,26.545,432.61,167.98,0.44062
9619,8733.4,53287,28.391,379.22,510.17,-0.14723
9619,9546.9,53997,25.433,403.21,169.58,0.40789
9619,11285,55056,23.045,720.76,681.6,0.027924
9620,8795,53378,29.073,193.6,212.47,-0.046475
9620,10369,52626,31.464,519.56,371.84,0.16573
9620,11194,54978,26.309,1199.5,873.65,0.15716
9621,11290,54177,34.35,270.55,122.95,0.3751
9622,9334.8,53630,19.562,389.3,136.64,0.4804
9623,9349.2,53518,28.821,650.37,446.32,0.18606
9626,9555.4,53469,21.285,250.89,151.79,0.2461
9626,10723,54801,33.728,324.28,146.46,0.37776
9627,9120.9,55075,31.056,748.14,388.68,0.3162
9627,11274,54524,34.942,361.88,151.43,0.40998
9628,9029,53709,32.273,291.24,526.61,-0.2878
9628,11026,53750,37.618,413.38,357.22,0.072879
9629,11427,54965,26.921,377.83,232.1,0.23892
9630,11469,55025,33.773,236.91,174.34,0.15213
9631,11114,53601,34.433,377.56,331.13,0.065517
9631,11294,54997,30.047,247.52,272.94,-0.04885
9633,9004.3,53932,29.957,286.56,209.07,0.15634
9634,9620.2,54933,34.155,320.63,382.41,-0.087865
9635,8897.8,52490,35.408,370.79,550.44,-0.19501
9636,9606.6,54939,38.594,393.15,495.96,-0.11563
9640,9163.3,55307,34.135,471.78,419.27,0.058924
9640,11206,53267,28.492,376.77,387.59,-0.014146
9641,8925.3,55097,30.677,490.95,447.75,0.046017
9642,10204,52402,29.405,422.39,379.75,0.05316
9642,10971,53426,28.144,271.04,168.66,0.23284
9642,11144,52741,24.18,354.01,223.91,0.22511
9643,10273,52616,34.12,554.94,641.07,-0.072015
9643,10985,53315,26.521,279.96,221.26,0.1171
9644,10990,52779,24.437,718.85,497.15,0.18232
9645,11024,52686,25.137,340.43,323.32,0.025781
9646,9875.3,52818,35.416,567.14,491.24,0.071716
9649,11239,53959,35.484,313.09,357.09,-0.065652
9652,11266,53681,34.984,223.07,276.55,-0.10705
9653,9859.1,54232,30.552,224.36,180.02,0.10966
9654,10884,54807,32.651,644.04,233.42,0.46796
9655,9491.3,54992,37.196,688.65,572.42,0.092168
9655,9865.3,54178,38.036,365.63,435.35,-0.087039
9656,10039,54153,34.704,489.37,492.71,-0.0034032
9656,10767,53080,33.148,992.39,704.86,0.16941
9658,10871,52868,35.787,375.49,544.93,-0.18408
9662,10542,53252,34.414,429.12,291.66,0.1907
9664,11111,54449,34.71,501.17,337.08,0.19575
9664,11139,55270,22.088,487.02,224.39,0.36917
9665,10479,53004,34.094,881.34,605.28,0.1857
9665,11046,55271,26.69,789.29,871.77,-0.049652
9666,8677,55105,24.823,580.83,567.6,0.011526
9666,9562.6,54915,35.226,207.51,219.01,-0.026956
9666,10458,52971,29.101,578.01,727.68,-0.11463
9666,10492,55094,34.072,514.38,637.75,-0.10709
9666,11112,54449,31.936,211.66,102.27,0.34847
9666,11092,55337,27.038,932.17,731.65,0.12052
9667,11178,54479,19.68,636.11,532.06,0.089069
9668,10022,53178,32.549,259.3,419.53,-0.23605
9668,10142,54348,28.368,485.4,164.35,0.4941
9668,11124,54413,31.932,244,243.67,0.00066678
9670,9578.9,54867,36.682,208.32,254.74,-0.10026
9670,11314,54107,23.112,290.87,217.73,0.14382
9671,11593,52674,33.576,430.24,652.08,-0.20497
9672,8781.8,53319,18.981,477.35,294.1,0.23754
9672,9932.8,53043,33.078,222.63,228.2,-0.012362
9672,11093,54443,24.307,457,320.23,0.17598
9673,11073,54359,30.993,553.66,439.69,0.11473
9674,9219.9,54181,35.229,289.61,140.84,0.3456
9674,10485,52812,32.616,398.75,218.93,0.29111
9674,11219,54259,37.405,357.78,322.14,0.052421
9675,9107.5,54219,30.674,667.34,204.91,0.53017
9677,8731,52942,28.955,428.48,262.34,0.24049
9677,10826,53034,27.639,331.73,199.26,0.24946
9679,10845,53823,30.699,459.9,570.08,-0.10698
9681,10897,53894,28.632,249.08,151.08,0.24489
9681,11123,55081,30.713,308.02,270.38,0.065069
9681,11375,54159,28.395,358.33,265.07,0.1496
9682,10909,53977,31.574,232.52,131.62,0.27709
9682,11136,53137,28.85,330.41,165.43,0.33273
9683,11213,54632,26.836,254.48,145.63,0.27204
9684,9319,53907,37.042,319.22,342.91,-0.035785
9684,11636,54682,19.213,376.88,534.52,-0.17296
9685,11052,53529,27.233,453.61,299.16,0.20518
9685,11584,54671,18.808,270.55,528.66,-0.32295
9687,10919,53578,37.932,210.87,118.34,0.28108
9690,9210.8,53129,38.123,673.7,161.36,0.61353
9691,10378,53020,33.582,245.19,123.3,0.33079
9697,10819,54935,29.961,285.44,204.78,0.16455
9698,11006,54851,30.383,219.32,175.51,0.11096
9699,8817.2,55129,33.818,378.57,121.19,0.515
9699,11299,54685,27.755,309.45,272.22,0.064007
9700,10728,52811,21.704,524.82,458.24,0.067731
9701,10704,52844,18.41,951.96,444.09,0.36379
9702,10738,52894,21.873,491.75,424.62,0.073248
9703,9083.1,53816,19.293,595.74,198.01,0.50108
9703,9298.8,52819,11.423,922.92,565.43,0.2402
9703,11256,54648,23.963,543,358.89,0.20414
9704,8974.1,53783,19.064,1875.9,1469.1,0.1216
9704,9360,52788,20.003,541.56,337.61,0.23197
9704,9239.4,55036,25.672,711.97,662.39,0.036073
9704,10213,52630,31.232,353.18,184.71,0.31321
9705,9040.9,53784,16.314,737.66,546.9,0.1485
9705,9310.7,52805,13.323,571.8,344.37,0.24824
9706,9026.1,53759,22.904,320.34,196.54,0.23951
9706,9299.8,52811,14.181,509.75,393.06,0.12925
9707,8986.4,53533,21.515,1253,734.19,0.26109
9707,9295.2,52813,16.139,543.03,405.25,0.1453
9707,10531,52533,27.645,455.1,315.49,0.18117
9708,9266.3,52788,16.905,437.23,155.49,0.47533
9708,10413,53263,31.481,227.83,118.46,0.31585
9709,9264.6,52843,25.579,295.37,165.19,0.28265
9709,10505,52602,28.545,352.23,724.46,-0.34572
9710,8887.9,54781,36.433,220.64,109.65,0.33603
9710,9319.6,52803,10.938,725.1,422.09,0.26413
9711,9278.8,52790,13.736,410.49,237.28,0.26741
9713,10017,53908,29.063,505.21,411.04,0.10278
9714,10401,53882,34.71,226.13,121.73,0.30014
9715,10271,54063,38.668,267.48,398.65,-0.19692
9716,10199,54166,35.768,319.08,272.54,0.078662
9718,9447.5,54154,24.754,197.43,193.51,0.010029
9718,10259,54087,28.11,799.35,714.31,0.056178
9719,8895.1,55004,29.002,460.23,388.79,0.084141
9719,10435,54712,37.035,451.99,372,0.097083
9719,10850,53088,38.997,330.68,238.61,0.16172
9720,8985.8,55252,35.06,164.44,190.21,-0.072664
9720,10677,54579,30.132,404.14,474.98,-0.08058
9721,9466.2,54245,32.926,155.04,183.1,-0.082996
9721,11026,55110,34.01,610.93,501.95,0.097922
9723,9455,54176,27.723,221.06,249.83,-0.061104
9724,9512.5,54050,36.929,214.94,221.46,-0.014941
9724,10644,53289,32.651,524.06,196.99,0.4536
9725,10825,53401,33.5,361.31,226.27,0.22982
9727,9174,53313,25.062,561.02,245.08,0.39194
9727,9966.1,52614,27.808,222.56,188.81,0.082046
9729,9413.1,53696,25.228,468.56,421.76,0.052562
9731,11509,54744,32.057,456.61,242.62,0.30605
9732,8917.1,53214,32.338,316.55,215.96,0.18891
9734,11396,54758,33.749,282.67,267.94,0.026742
9736,10211,52517,29.506,514.9,205.36,0.42975
9737,8894.9,54978,30.689,357.01,315.7,0.061402
9737,10279,52583,30.276,293.37,172.28,0.26004
9738,11175,54665,42.139,1161.5,876.13,0.14005
9739,9778.7,52559,24.207,553.57,244.82,0.38671
9739,11329,54787,37.939,570.61,591.56,-0.018028
9741,11215,54505,31.412,470.69,549.79,-0.077514
9743,9639.3,54308,35.021,602.02,345.34,0.27095
9745,9491.1,54079,35.065,607.86,591.14,0.013947
9746,11619,54286,39.493,433.26,406.22,0.032212
9747,9056.3,54347,24.103,917.54,617.53,0.19544
9747,9868.1,54178,31.44,321.48,153.65,0.35322
9749,11175,54707,29.717,414.72,287.13,0.18179
9751,8954.1,53582,32.798,152.78,120.11,0.11974
9757,10527,53122,30.373,321.99,210.77,0.20877
9758,9206.3,55324,24.581,577.84,261.82,0.37636
9760,9232.4,52616,34.892,296.25,141.21,0.35441
9760,9350.6,55342,35.454,388.05,104.97,0.57417
9762,9624,53833,31.335,512.29,330.24,0.21608
9763,9506,55012,29.336,271.77,141.53,0.31513
9768,9462.5,53381,23.845,1419.4,411.35,0.55063
9769,9433.5,53371,35.382,513.5,551.86,-0.036005
9769,9524.7,54853,32.237,559.65,231.58,0.41464
9770,9115,55249,31.597,267.17,252.04,0.029137
9770,9637.2,53985,22.748,698.93,677.33,0.015697
9770,9586.9,54882,22.289,366.55,250.49,0.18809
9771,9553.4,53898,26.925,334.58,213.16,0.22168
9772,10555,52730,37.321,345.93,178.27,0.31983
9772,10879,53424,30.65,192.23,149.96,0.12353
9773,10625,53094,24.176,1017.3,895.73,0.063566
9774,8776.8,55046,27.197,371.5,127.93,0.4877
9774,10533,52921,21.735,739.44,631.05,0.079094
9784,9733.6,53974,28.03,252.96,254.68,-0.0033962
9785,11629,54066,28.769,133.96,102.47,0.1332
9788,8741.9,53061,26.685,328.74,317.27,0.017756
9788,9498.2,54951,32.892,586.07,375.21,0.21936
9792,9275.2,55069,33.547,487.89,297.12,0.24302
9792,11195,53717,31.598,696.72,523.12,0.14232
9793,11102,53846,34.622,393.1,282.18,0.16426
9794,10531,54351,33.589,136.9,112.88,0.096152
9795,10879,54818,19.375,652.23,561.52,0.074733
9796,9313.2,54251,31.825,414.45,251.92,0.2439
9798,9302.7,54056,25.92,644.13,440.49,0.18775
9799,9527.2,54000,30.425,530.11,456.45,0.074657
9800,9811.2,54010,20.922,850.23,675.13,0.11479
9801,9337.2,53552,31.45,595.38,419.45,0.17336
9803,9243.9,53676,23.77,436.58,465.7,-0.032273
9803,9718,53983,21.442,905.21,542.13,0.25086
9803,9717.1,54292,35.442,858.79,668.81,0.12436
9804,9479.4,52434,30.135,405.42,411.06,-0.0069124
9804,9838.2,54004,26.626,845,431.24,0.3242
9804,11143,55192,31.95,499.16,370.28,0.14824
9805,8776.3,55005,30.256,281.28,170.77,0.24448
9806,9439.6,52413,21.763,451.31,204.02,0.37735
9807,8702.8,54807,30.996,356.64,312.48,0.066006
9808,9548.1,53927,24.634,415.54,216.47,0.31498
9809,9463.1,53665,31.126,238.21,154.57,0.21294
9810,9551,55162,39.167,189.65,225.08,-0.085432
9811,11595,53550,27.031,341.02,361.29,-0.028866
9813,9730.1,52673,27.304,421.4,250.6,0.25417
9814,9339.1,53651,34.273,248.31,349.45,-0.16921
9816,9563.3,54847,32.108,190.67,140.42,0.15176
9816,11539,54134,31.746,300.3,182.03,0.2452
9817,9929,54110,32.739,609.53,481.43,0.11742
9817,11166,52813,33.761,334.69,305.38,0.045788
9819,9114.9,53493,39.208,419.31,163.96,0.43779
9822,8887.1,53309,27.002,729.81,469.15,0.2174
9822,9569,52418,27.076,490.01,333.39,0.19022
9823,9744.8,52415,31.317,506.31,335.23,0.20329
9823,9810.9,54047,31.402,529.54,290.89,0.29089
9823,10943,54266,35.997,365.86,239.68,0.20838
9825,11109,54505,32.823,517.52,440.41,0.080501
9830,10426,54501,34.606,276.99,218.11,0.11891
9830,11156,54759,30.431,393.77,370.56,0.030374
9832,10111,53962,25.527,256.61,229.41,0.055962
9833,10548,52671,30.179,429.01,255.84,0.25287
9834,8712.5,54785,24.08,296.32,316.37,-0.032727
9836,9041,53386,34.79,274.91,378.55,-0.1586
9838,10526,53143,30.473,664.32,463.11,0.17846
9838,10960,53415,21.4,1305.9,1046.6,0.11024
9839,9832.3,53908,31.121,338.46,235.04,0.18034
9839,10890,53179,34.401,879.24,854.64,0.014185
9839,10956,53450,24.827,910.56,780.56,0.076869
9840,10882,53610,32.891,418.28,403.75,0.017678
9840,11480,54733,23.574,515.66,569.08,-0.049251
9841,9803.8,52638,32.667,396.12,273.31,0.18346
9841,11168,53644,34.331,681.64,458.59,0.19562
9842,9397.5,52602,31.299,463.65,232.66,0.33174
9842,11257,54743,28.361,144.12,159.19,-0.049661
9845,10665,54076,34.596,414.67,383.85,0.038597
9846,9689.2,53457,32.75,319.63,270.09,0.084009
9847,10417,52709,35.625,195.8,155.07,0.11609
9848,8820.2,53253,32.138,247.96,140.94,0.27519
9848,10296,53382,33.965,311.91,247.65,0.11484
9849,10239,52477,29.869,290.88,152.91,0.3109
9849,10297,53419,35.561,399.36,235.63,0.25784
9850,10236,53456,27.238,479.47,518.22,-0.038832
9850,11217,53700,33.138,264.27,180.17,0.18923
9851,10064,53213,33.736,366.22,283.28,0.1277
9851,11220,53720,26.408,357.02,271.75,0.13561
9853,8967.2,53582,29.961,628.56,618.91,0.0077317
9853,11209,54581,30.737,406.87,229.5,0.27873
9853,11257,53376,31.373,877.23,345.64,0.43471
9854,8979.1,53536,29.795,420.27,296.62,0.17248
9854,11152,54687,31.031,584.4,313.25,0.30207
9854,11297,53125,35.546,303.46,397.26,-0.13386
9855,11136,53254,38.717,501.5,436.32,0.069503
9856,10750,54296,32.431,815.21,896.05,-0.047241
9857,10987,53354,38.066,396,483.02,-0.098995
9858,10880,53409,20.897,254.27,285.27,-0.057455
9859,9813.8,53659,26.743,866.1,634.1,0.15465
9860,9747.1,53745,24.64,737.46,442.33,0.25015
9860,9956.5,53175,36.627,527.7,349.47,0.20319
9860,10833,53488,28.652,678.4,792.42,-0.07752
9861,9476.2,53515,29.591,646.16,354.35,0.29166
9861,10914,53432,23.528,382.53,391.2,-0.011202
9862,9403.5,53262,30.552,293.16,129.69,0.3866
9863,10245,54331,30.136,249.82,132.3,0.30756
9864,10275,54314,30.876,481.29,152.35,0.51912
9864,11430,53067,32.111,193.6,158.97,0.098206
9865,9062.3,55210,31.517,272.66,177.57,0.21121
9865,9841.9,54443,29.674,285.44,158.39,0.28627
9865,9940.9,53337,31.199,136.35,109.21,0.1105
9866,8836.9,55040,33.145,249.99,187.46,0.14296
9866,9046.2,53242,30.563,317.76,339.68,-0.033338
9866,9848.5,54490,31.938,266.34,115.78,0.39402
9866,10917,53521,26.862,291.28,311.32,-0.033255
9868,8793.5,54976,24.24,480.83,408.33,0.081541
9868,11015,52757,36.843,289.48,265.27,0.043654
9869,8698.1,54776,31.785,238.5,159.72,0.19783
9869,10086,54391,29.481,308.87,100.4,0.50938
9870,11080,53586,29.492,248.69,225.83,0.048171
9871,8910.4,53080,36.167,265.72,327.64,-0.10435
9873,8681.6,53085,24.62,422.12,252.11,0.25216
9873,10522,53445,36.596,589.83,640.48,-0.041168
9874,10509,53215,29.372,639.84,311.97,0.34447
9875,10087,54657,23.203,570.26,169.62,0.54148
9875,10598,53131,32.819,401.41,197.6,0.34025
9875,11120,53658,18.963,865.85,712.87,0.096899
9876,11067,53765,22.967,1098.5,1058,0.018766
9877,9160.5,52865,37.925,477.71,504.46,-0.027234
9877,10332,54737,20.047,738.7,353.84,0.35226
9878,10332,54696,22.174,998.13,215.22,0.64525
9878,10646,53248,25.259,204.18,122.98,0.24821
9880,8796.6,53148,33.526,272.7,251.54,0.04036
9880,10386,54560,23.766,904.72,617.59,0.18861
9881,10345,54578,23.292,876.3,545.68,0.23251
9881,11229,54600,35.189,337.74,211.02,0.23092
9882,10257,54633,18.593,558.88,195.43,0.48182
9883,10277,54497,24.375,834.73,289.74,0.48467
9885,11066,54100,23.861,677.57,844.53,-0.10969
9886,10285,54696,18.227,388.56,316.91,0.10156
9886,10763,53302,34.356,183.16,197.94,-0.038796
9886,11187,54223,29.989,302.5,197.98,0.20885
9887,10415,54580,35.722,428.19,226.97,0.30713
9890,9093.4,53580,17.624,924.52,150.52,0.71998
9896,11215,53492,40.896,211.69,322.76,-0.20783
9897,11160,53518,24.476,346.77,346.56,0.00029856
9899,10112,54573,19.114,344.15,105.62,0.53034
9900,10355,52437,36.557,378.59,260.21,0.18532
9900,11069,52857,31.471,256.33,143.79,0.28127
9901,10266,52616,37.008,115.2,147.75,-0.12381
9902,10269,54486,16.129,426.76,134.9,0.51964
9903,10356,54474,15.592,393.41,140.06,0.47492
9904,11096,53399,23.109,189.38,163.66,0.072864
9905,10337,54436,24.967,550.66,190.11,0.48673
9905,11169,53456,24.858,280.53,186.79,0.20057
9906,10297,54421,19.503,623.99,346.33,0.28616
9906,11122,53417,37.991,166.3,103.15,0.23438
9907,9033.3,53157,33.738,257.89,182.81,0.17037
9908,8832.4,55105,18.344,664.66,161.21,0.60961
9908,10336,54511,29.995,362.36,102.71,0.55829
9913,9295.9,52788,21.223,703.5,403.57,0.27092
9914,9686.1,53086,33.7,266.72,240.25,0.05221
9915,11134,53435,31.115,304.46,342.83,-0.059279
9916,9726.6,53071,32.997,574.19,241.23,0.40833
9916,11138,53458,21,437.48,389.35,0.058212
9917,9867.4,52711,25.339,568.6,512.34,0.05205
9917,11138,53528,30.781,144.83,154.99,-0.033886
9918,9855,52814,30.254,319.86,298.13,0.035155
9919,10236,52730,34.553,380.69,528.92,-0.16296
9922,10486,54839,32.378,514.73,294.12,0.27275
9922,11200,53414,33.343,284.3,118.28,0.41239
9926,8876.6,53270,30.58,326.84,395.92,-0.095568
9927,8862,53319,27.491,459.5,426.76,0.036938
9927,8912.8,53289,25.203,583.69,627.46,-0.036137
9927,10359,54766,24.224,519.69,141.67,0.57159
9927,10646,52678,27.695,502.24,283.97,0.27762
9929,8855.5,54560,20.163,676.99,372.77,0.28981
9929,10343,52844,31.429,736.45,488.84,0.20208
9929,10360,52858,34.607,480.14,285.32,0.25451
9930,8740.6,53165,26.862,555.86,308.04,0.28687
9931,10469,52889,32.345,279.5,126.65,0.37635
9931,10478,54530,38.839,293.64,129.11,0.38918
9932,10270,52689,27.711,574.45,683.93,-0.087002
9944,10814,54642,25.721,681.99,162.26,0.61561
9945,8746.2,55371,33.363,196.85,103.88,0.30915
9946,10389,54049,42.19,441.24,670.44,-0.20617
9946,10947,53491,29.438,327.84,380.45,-0.074269
9949,10610,54280,38.151,355.94,138.42,0.44001
9950,9229.5,53892,32.048,291.96,211.18,0.16055
9950,10409,54266,38.953,509.32,416.49,0.10028
9951,9894.9,53451,15.291,351.61,580.12,-0.24526
9951,10407,54262,29.531,784.84,465.32,0.25559
9951,11120,53748,30.57,167.73,140.22,0.089315
9952,9853.3,53449,14.511,687.46,777.01,-0.061148
9952,10374,54255,23.277,582.85,377.35,0.21401
9953,8801.7,52895,23.719,325.82,284.72,0.067318
9953,9836.3,53441,10.613,647.11,859.37,-0.1409
9954,9774.1,53396,33.933,172.77,106.93,0.2354
9955,11178,54260,32.195,323.78,502.93,-0.21669
9962,11058,52908,23.698,1060.5,668.29,0.22686
9964,11664,53521,42.667,660.19,554.32,0.087179
9966,10146,54127,34.058,327.93,142.63,0.39377
9967,9387.5,53492,32.695,394.24,228.46,0.26624
9974,9073.3,52700,39.83,652.35,596.79,0.044477
9975,10985,55049,14.288,484.39,108.11,0.63508
9976,10575,52781,35.302,334.83,197.32,0.25839
9976,11010,55036,14.424,536.89,128.63,0.61346
9976,11152,54281,33.353,362.17,588.14,-0.23779
9979,8712.5,53477,24.341,468.31,163.35,0.48278
9979,9657.4,54138,15.053,491,149.95,0.5321
9979,10342,54039,30.236,221.63,217.77,0.0087809
9980,8908.5,52730,30.418,321.58,397.81,-0.10597
9982,9031.2,53898,33.458,450.85,331.35,0.15278
9982,9661.1,54084,20.268,507.14,220.55,0.39384
9983,9047.4,53839,33.044,424.63,297,0.17686
9983,9805.5,53965,33.908,724.87,439.12,0.2455
9984,10065,53992,23.337,384.96,165.43,0.39886
9988,8962.4,53192,31.142,204.23,214.6,-0.024762
9988,10800,54375,42.568,552.63,480.32,0.070008
9989,9777.9,54823,27.181,318.42,196.5,0.23676
9989,11046,54350,23.478,319.13,429.04,-0.14691
9990,11221,53482,37.73,254.99,196.94,0.12845
9991,11354,53479,29.868,289.95,245.93,0.08215
9992,11297,53574,36.744,417.76,387.08,0.03812
9996,9676.8,54082,38.187,194.11,197.54,-0.0087796
9997,9590.7,53724,36.286,287.84,275.76,0.021438
9997,11220,53316,34.35,501.54,433.01,0.07333
9998,10828,53420,35.147,447.67,405.79,0.049061
10000,10343,52666,30.451,359.02,273.82,0.13464
