"frame","x [nm]","y [nm]","precision [nm]","green photons","red photons","GP"
400,13166,39227,35.117,325.32,264.79,0.10258
401,13153,39250,25.78,369.94,271.11,0.15418
402,14509,38118,20.457,698.03,264.73,0.45007
403,12134,39840,17.722,815.2,217.1,0.57938
403,13807,38700,36.684,886.56,608.25,0.18619
404,12141,39670,22.965,567.62,381.8,0.19572
404,13718,37599,27.743,528.32,349.58,0.2036
404,14510,38484,31.453,253.21,138.64,0.29239
405,14195,40328,32.067,356.29,171.15,0.351
407,13422,40117,25.303,524.14,409.35,0.12297
409,13659,39620,27.46,780.26,527.24,0.19351
410,12086,37639,25.896,282.21,154.78,0.29161
410,13575,39702,32.794,687.54,508.62,0.14958
411,13171,39107,20.043,1053.8,300.93,0.55573
412,12189,40110,25.766,670.02,293.39,0.39094
413,12349,39757,20.598,1197,553.03,0.36799
413,12658,38891,28.632,524.43,340.78,0.21227
414,11793,39558,22.986,903.53,486.86,0.29968
414,12348,39778,22.526,896.59,272.55,0.53376
414,13935,37625,28.144,503.16,176.16,0.48137
415,14327,37491,22.503,745.23,409.34,0.29092
417,13087,39825,16.007,537.82,150.32,0.56311
419,12257,39156,27.706,554.94,404.25,0.1571
419,14293,37442,22.369,400.17,377.72,0.028857
420,12524,39259,37.015,598.23,362.17,0.24579
420,13132,40318,19.996,842.52,518.49,0.23808
420,14189,37976,30.954,669.32,400.33,0.25148
421,13065,40136,33.122,435.07,174.13,0.42834
421,13844,38813,31.224,722.65,387.63,0.30174
422,13978,39068,23.684,853.38,366.57,0.39904
422,14666,39481,22.986,449.37,179.94,0.42814
423,14582,39548,15.74,449.93,284.63,0.22504
424,13702,39437,32.851,1201.3,531.1,0.38685
424,14084,39972,25.705,537.81,318.87,0.25557
425,13301,39419,30.038,286.34,119.39,0.4115
425,14059,39890,23.202,618.39,583.37,0.029146
426,13125,39357,34.55,237.42,146.33,0.23736
426,13712,40214,32.856,856.93,689.37,0.10836
426,13982,38957,27.547,443.84,342.18,0.12934
427,13193,39992,34.199,661.71,481.47,0.15767
428,13823,38156,32.802,380,151.7,0.42936
428,14629,39419,30.457,448.05,326.48,0.15696
429,12661,38398,23.844,655.7,497.94,0.13675
430,12923,39895,22.608,557.95,371.78,0.20024
432,12504,40147,30.032,289.74,213.11,0.15239
434,12943,40372,39.08,378.26,313.38,0.093803
435,12021,38333,38.948,198.44,470,-0.40626
436,12802,39532,23.658,709.03,235.36,0.50156
437,12032,38847,34.213,508.07,463.46,0.045911
439,12075,38997,29.295,436.59,123.05,0.56024
442,12924,39412,23.524,700.87,149.56,0.64828
442,12906,39829,13.197,1669.5,316.03,0.68166
443,13207,38727,29.902,589.86,108.73,0.68872
446,13607,39479,30.064,507.43,316.25,0.23211
446,14499,37506,29.261,492.48,165.5,0.49694
447,14455,37472,35.656,787.69,595,0.13936
447,14617,37885,19.017,871.37,561.21,0.2165
449,13136,38229,32.556,517.18,299.03,0.26727
452,11865,37523,22.041,508.62,306.09,0.24859
453,12252,39983,21.014,739.6,348.54,0.35938
454,12435,39856,17.561,766.23,452.22,0.25772
454,14018,40329,31.352,683.54,584.76,0.077886
454,14418,37458,27.313,736.01,329.72,0.38123
457,13620,40009,31.954,1309.4,681.84,0.31515
457,14018,38011,24.203,498.45,349.05,0.17629
458,13432,40044,24.651,649.69,301.97,0.36538
458,13876,38054,32.259,509.92,347.13,0.18995
459,14573,38151,19.737,536.36,233.3,0.39376
461,13007,39802,31.601,397.49,258,0.2128
463,12856,37988,32.699,917.12,591.59,0.21577
463,13517,39570,36.291,300.88,397.03,-0.13777
463,14161,40020,18.671,482.4,200.79,0.4122
464,13722,39353,25.441,529.6,381.2,0.16293
465,14116,39533,38.471,743.96,527.49,0.17025
466,11878,37461,10.295,791.05,439.1,0.28611
468,13212,39314,25.851,769.92,222.15,0.55214
472,12962,40192,26.773,461.66,237.63,0.32037
479,11909,38308,26.912,756.42,223.21,0.5443
480,11904,38370,21.097,546.99,324.42,0.2554
480,13331,38140,24.547,343.9,223.01,0.21324
481,13669,37765,24.873,874.22,288.65,0.50356
485,11957,39581,20.32,609,374.84,0.238
485,13180,38581,30.952,363.19,148.28,0.42019
486,14594,38351,17.765,1235,648.39,0.31146
487,11985,40040,30.273,391,222.26,0.27514
489,12309,39342,22.967,633.73,325.58,0.32122
490,12395,39215,26.94,553.98,649.21,-0.079146
491,12381,39018,18.511,972.03,591.98,0.243
492,12327,39056,20.491,803.91,379.9,0.35817
493,12186,39042,23.765,474.51,447.13,0.029706
494,14006,38836,27.937,371.66,219.33,0.25775
494,14667,39461,11.163,730.43,409.73,0.28128
495,12298,39025,31.78,558.07,245.38,0.38919
495,13369,38738,29.389,296.32,182.8,0.23693
495,14101,38588,20.052,1863,723.72,0.44043
496,12842,37467,36.227,357.33,343.72,0.019411
497,12870,37575,25.463,742.96,634.96,0.078381
497,13856,40363,16.808,558.58,441.43,0.11715
497,14048,38755,20.405,795.04,375.72,0.35816
498,13844,38662,20.565,671.74,511.11,0.1358
499,14183,38813,32.741,399.23,347.34,0.06951
499,14403,40363,15.316,1059.4,597.4,0.27886
503,12013,39674,30.186,435.87,448.6,-0.014398
504,11684,38282,17.828,976.36,450.84,0.36821
504,12024,39780,15.193,1267.9,428.75,0.49458
507,14525,40242,23.108,566.75,342.56,0.24656
507,14667,38422,16.3,711.53,156.98,0.6385
508,14244,37450,29.743,433.12,294.64,0.19028
509,13387,37542,35.941,315.32,205.66,0.21048
509,14027,38153,26.144,653.09,566.3,0.071173
510,13573,37723,28.542,667.85,484.76,0.15885
511,13762,37601,23.645,1022.9,427.88,0.41016
511,14491,39217,30.566,693.13,604.04,0.068686
512,13858,37405,20.505,1056.6,705.27,0.19942
513,12272,38430,21.345,349.62,146.92,0.40823
516,13644,38732,26.279,544.77,283.37,0.31565
516,13800,39566,27.601,702.86,394.2,0.28136
517,11757,38065,25.467,688.95,501.3,0.15765
518,13659,37602,20.992,546.51,248.97,0.37404
520,11721,37650,29.342,847.6,641.11,0.13871
521,11899,37415,14.383,559.92,357.9,0.22012
523,14208,37741,32.914,366.59,158.07,0.39743
524,12844,37630,22.925,881.94,615.13,0.17822
524,14650,37988,24.056,396.53,148.7,0.45455
525,12097,38430,36.228,781.48,418,0.30304
525,14581,38026,28.126,496.05,232.45,0.36183
526,11823,38566,35.921,702.55,348.51,0.33684
526,14452,38029,30.09,820.21,557.14,0.191
527,13242,39592,34.852,470.14,757.44,-0.23404
528,12665,39684,31.328,259.76,724.83,-0.47234
528,13208,39485,31.817,381.2,459.02,-0.092625
529,12185,38917,25.158,806.17,731.12,0.048821
529,12780,40267,23.683,502.33,387.23,0.12939
529,12947,37902,26.761,279.85,239.55,0.077587
530,12903,38025,37.209,258.03,179.14,0.18045
531,11948,39551,26.074,287.52,182.28,0.224
533,11920,39600,32.4,295.06,261.89,0.059552
533,14173,40142,24.065,396.96,162.8,0.41833
534,11947,39550,18.422,362.04,169.54,0.36212
534,12347,37733,29.035,523.09,208.05,0.43089
536,11925,37653,23.017,615.17,368.41,0.25088
537,11797,37510,27.623,334.28,116.46,0.48323
538,14636,39452,17.46,471.69,226.63,0.35093
539,14160,38407,29.597,362.97,259.99,0.16532
541,12119,38431,15.779,570.85,124.83,0.64112
542,12169,37601,22.311,1050.2,487.83,0.36564
543,11722,37551,12.611,994.58,686.34,0.18338
543,12106,38208,28.899,782.26,375.7,0.3511
543,13186,39155,28.95,514.57,244.86,0.35514
544,13106,38393,37.438,628.7,345.44,0.29078
545,13893,40240,23.348,850.87,411.8,0.34774
545,14636,40249,33.534,612.91,450.88,0.15232
546,12970,38055,23.744,668.41,578.5,0.072103
546,14146,40151,21.641,578.47,319.36,0.2886
547,11769,39963,17.625,620.04,460.97,0.14715
548,14502,39778,30.326,613.68,359.2,0.26158
549,13242,37468,26.569,641.5,459.37,0.16545
549,13701,40168,25.041,800.55,820.75,-0.012458
550,12415,38573,20.469,687.47,363.89,0.30777
551,11759,39564,27.573,649.55,380.98,0.26062
551,12237,38449,25.291,569.33,463.96,0.10198
552,11807,39465,27.288,760.82,280.78,0.46086
552,12370,38503,35.145,277.99,180.36,0.21299
553,14169,40078,13.91,555.46,269.34,0.34689
554,13851,38795,26.949,249.5,137.41,0.2897
555,14032,38768,26.217,384.58,323.18,0.086759
555,14205,40200,27.543,448.01,241.23,0.30002
556,12284,39085,30.233,407.94,198.88,0.34452
556,14155,38744,20.347,562.59,318.01,0.27774
557,12015,38948,27.705,541.79,264.57,0.34379
557,14350,39152,27.045,291.59,204.43,0.17572
561,11767,39141,20.481,584.68,366.2,0.22976
562,12455,38661,26.059,588.09,249.07,0.40497
562,12483,39995,29.817,432.27,383.29,0.060055
563,11942,37844,24.808,195.7,151.19,0.12833
565,14202,38052,33.969,726.69,419,0.26856
566,12269,39989,14.445,1616.6,828.77,0.32217
566,14235,40026,30.805,362.26,119.02,0.50541
573,12501,39646,26.93,483.82,475.36,0.0088208
575,12819,37662,24.734,374.64,231.18,0.23681
575,14589,38222,20.944,791.86,401.06,0.32759
576,14650,38401,18.509,368.37,199.06,0.29837
577,11810,37468,28.856,339.31,378.62,-0.054764
577,12544,39976,32.493,206.72,174.05,0.085814
578,13159,40169,37.741,361.58,209.9,0.26541
580,11865,37479,24.532,401.03,320.75,0.11123
582,13153,38142,28.988,529.81,256.1,0.34827
583,11834,37580,28.286,274.88,175.07,0.22183
584,12965,40005,28.28,468.56,370.19,0.11729
585,13305,39786,26.154,482.23,186.73,0.44172
586,13449,39920,30.918,238.69,240.07,-0.0028887
589,14378,40075,33.526,278.74,211.11,0.13806
590,14306,37430,11.745,576.26,406.72,0.17248
590,14437,40046,23.936,681.09,300.05,0.38837
593,12593,38821,23.054,1183.5,807.31,0.18895
593,12729,38053,31.609,569.68,317.29,0.28456
594,12140,37428,33.896,477.56,475.61,0.0020457
595,11923,38984,27.263,976.14,691.62,0.1706
595,11887,39059,31.894,954.23,682.84,0.16577
595,12364,37685,33.005,661.93,476.89,0.16249
595,14317,38483,34.341,283.82,245.48,0.07243
597,12883,37972,28.307,249.29,174.1,0.17759
597,14450,38339,22.7,571.78,201.08,0.47965
598,12632,37707,28.873,662.66,864.25,-0.13203
600,14113,39948,26.031,469.51,215.95,0.3699
601,13827,38217,31.295,587.12,559.6,0.023994
601,14168,40081,11.518,789.17,292.54,0.45911
601,14391,37454,32.25,323.32,278.99,0.073589
602,13645,38292,25.47,359.49,109.18,0.53409
602,14147,40161,23.821,754.63,294.74,0.43826
603,13458,38498,32.239,330.1,135.48,0.41801
605,13770,38928,28.466,230.34,236.41,-0.012994
607,12268,40080,37.79,450.23,269.6,0.25094
608,12665,38663,38.533,655.03,454.93,0.18027
608,14239,37462,23.427,688.6,315.74,0.37125
609,12488,38623,20.11,807.97,478.87,0.25575
609,12729,39318,34.199,676.48,215.84,0.51623
609,14348,37417,15.676,949.38,399.85,0.40729
613,13010,40356,28.793,1438.3,764.06,0.30613
613,14650,39526,28.932,392.56,167.75,0.40123
614,12980,40330,28.065,1351.1,481.91,0.47418
615,13024,38558,30.434,538.21,397.6,0.15026
618,14495,39452,19.556,475.6,135.05,0.55768
619,12018,39074,24.041,966.64,365.45,0.45132
619,14182,40228,29.697,209.97,142.45,0.19161
620,13141,39337,37.548,327,119.97,0.46319
620,14164,40223,23.719,672.75,403.84,0.24978
621,13179,38886,29.713,262.94,143.07,0.29525
621,14130,39988,14.58,576.93,212.53,0.46158
623,14624,37895,22.536,428.05,250.65,0.26139
624,12112,38344,34.944,285.55,120.45,0.40666
624,12739,39177,25.955,778.69,522.13,0.19723
624,14180,40327,10.717,1066.8,274.65,0.59054
624,14577,37795,24.741,501.12,303.98,0.24487
625,12491,39308,16.973,1094.1,756.06,0.18273
625,14187,40075,35.376,598.49,601.97,-0.0028981
625,14486,38535,37.63,344.88,248.08,0.16325
626,12539,39468,24.279,643.42,489.79,0.13557
629,14074,38814,26.939,378.31,132.32,0.48176
630,14654,39705,36.484,859.02,407.74,0.35625
632,14630,39147,31.548,336.01,306.27,0.046305
634,14277,39198,33.67,401.16,408.66,-0.0092664
635,13413,38126,25.99,720.06,284.49,0.4336
636,13164,38534,25.303,526.39,197.15,0.45504
636,13238,38076,22.982,866.91,331.18,0.44716
636,13840,39386,32.728,304.73,203.86,0.19833
636,14079,40125,21.2,471.26,175.82,0.45658
637,12146,39943,27.981,623.66,192.43,0.52841
637,13609,38106,28.93,446.39,378.75,0.081967
637,14133,40066,16.426,684.58,392.3,0.27141
638,13071,38933,28.758,768.22,409.23,0.30489
638,14104,39988,33.489,317.72,125.32,0.43427
639,11989,40088,23.826,509.55,304.76,0.25148
639,12945,38805,24.629,773.28,356.75,0.3686
640,11839,40033,29.3,722.42,410.83,0.27495
640,12974,38903,29.699,1120.9,655.47,0.26202
641,11846,39952,31.223,529.44,189.3,0.47324
641,12774,38714,23.307,893.23,650.51,0.15723
641,13979,38924,33.603,248.92,143.42,0.2689
643,12271,40002,36.893,1180.7,737.86,0.2308
643,13431,39071,27.011,250.39,278.52,-0.053176
644,13491,39181,26.116,240.63,116.99,0.34574
646,14253,37634,18.658,837.83,649.53,0.1266
647,14379,37638,27.792,365.42,155.88,0.40195
648,14073,37700,16.55,867.82,625.12,0.16256
649,14082,37829,15.634,821.84,547.99,0.19991
654,14479,37768,28.1,543.87,342,0.22788
655,12535,39862,15.519,712.42,502.54,0.17275
655,14476,37646,33.648,378.65,219.97,0.26509
656,14660,37980,23.781,459.27,226.56,0.33931
657,14598,38032,23.752,885.19,613.67,0.18115
659,14133,40173,32.864,418.98,243.1,0.26564
661,12565,38803,24.589,646.99,355.03,0.29137
662,12508,38795,27.063,476.45,331.42,0.17953
662,12518,40391,13.308,1852.3,1061.5,0.27138
663,12406,37691,18.513,546.74,184.56,0.49525
663,14615,39055,35.093,384.63,124.12,0.51207
665,12178,38803,36.025,908.09,325.87,0.47183
665,13509,37930,20.025,936.22,524.67,0.28171
666,12164,38784,27.305,611.75,185.79,0.53409
666,13724,37874,29.94,724.42,455.15,0.22828
668,13227,38223,31.579,256.38,141.48,0.28882
668,13263,39063,33.204,237.38,124.66,0.31137
668,14337,40115,24.682,604.78,226.36,0.4553
669,13284,39042,33.087,441.61,347.82,0.1188
671,12075,38583,26.914,398.79,253.21,0.22329
673,13585,38544,27.044,259.98,135.07,0.31618
679,12017,39913,35.267,513.29,228.24,0.38441
680,13155,37489,14.853,551.7,217.73,0.43405
680,13838,37515,19.333,1029.8,813.44,0.1174
680,14488,39435,29.35,530.82,487.37,0.042673
681,13173,37551,16.036,756.35,179.16,0.61697
681,13453,40112,25.594,804.33,571.95,0.16885
682,12497,39896,28.888,1167.3,703.8,0.24772
682,13147,37604,16.765,541.96,129.36,0.61461
682,13644,40168,34.58,272.98,212.12,0.12546
682,14214,38030,14.506,854.14,503.83,0.25796
683,13308,37602,15.971,714.63,199.39,0.56371
683,14510,38356,17.134,1099,569.27,0.31755
684,13154,37656,17.543,735.07,292.3,0.43097
684,14603,38373,25.047,632.73,527.84,0.090377
685,12609,39918,15.035,942.01,521.31,0.2875
685,13132,37504,17.56,1600.3,303.56,0.68112
686,12198,38117,23.392,506.68,404.8,0.11178
689,13559,39951,33.828,144.5,195.54,-0.15012
690,12911,40332,32.947,651.35,110.97,0.70886
692,11766,37809,37.912,831.81,430.61,0.31781
692,12309,37424,37.408,522.67,170.31,0.50848
693,12034,37504,34.982,817.69,159.84,0.67297
693,14616,37490,33.058,359.95,191.24,0.30607
694,11677,40307,32.189,532.19,200.52,0.45266
697,12679,37897,28.668,842.14,378.46,0.37988
698,11882,40346,35.927,214.35,350.78,-0.24141
698,13082,38117,30.567,682,234.04,0.48902
698,14320,38581,31.949,288.81,841.12,-0.4888
699,13020,38004,23.518,602.16,231.85,0.44402
699,14286,38618,37.325,314.37,754.45,-0.41175
701,12795,37932,22.919,479.54,244.06,0.32543
701,14283,40100,28.137,363.05,225.38,0.23396
702,11874,38967,25.139,691.72,242.3,0.48117
702,12678,37737,36.861,450.92,317.42,0.17375
702,13802,37507,17.21,1120.4,544.2,0.34617
703,14378,38543,31.375,136.45,356.22,-0.44609
706,12659,39605,28.055,460.83,246.32,0.30334
707,14354,38493,28.179,322.86,594.82,-0.29635
708,12529,40003,21.695,665.87,356.52,0.30257
709,12558,39921,16.749,1049.3,666.64,0.22299
711,12728,38003,25.297,641.49,167.21,0.58648
711,14621,39471,25.706,434.13,129.68,0.54
712,13172,38180,28.312,1064,930.9,0.066727
712,13175,38137,32.103,849.06,722.79,0.080329
713,13206,38256,32.235,460.12,499.49,-0.041031
714,13059,38198,32.045,328.56,210.6,0.21879
715,13772,39354,30.363,198.12,130.5,0.20576
716,12555,38899,29.694,285.62,175.19,0.23964
717,13909,40291,39.708,254.01,271.6,-0.033462
717,14037,39229,28.669,369.75,273.54,0.14955
718,12743,37649,30.925,544.77,350.22,0.21737
719,12012,39272,34.773,261.17,212.07,0.10375
719,12600,38120,27.884,725.66,338.47,0.36385
724,12593,40385,26.911,575.82,433.88,0.14057
724,13694,40146,28.741,685.33,343.46,0.33231
725,13890,39457,40.786,1092.5,543.46,0.33561
725,14024,39537,20.381,1030.1,490.05,0.35524
726,13483,38533,33.447,342.26,199.11,0.26442
726,13603,39535,33.917,397.03,226.76,0.27295
726,14446,39486,13.16,672.97,208.8,0.52641
727,13514,39585,25.809,407.27,255.34,0.2293
728,14403,39530,31.533,405.74,174.76,0.39791
731,12354,39043,21.402,451.38,296.69,0.2068
731,14472,37939,23.922,781.9,756.27,0.016665
731,14576,38576,28.701,396.77,346.64,0.06743
732,14530,38236,38.847,1478.6,704.45,0.35462
732,14600,38406,24,1043,453.35,0.39405
733,12472,38554,22.134,462,286.6,0.2343
733,13546,39137,25.574,476.24,322.71,0.19217
733,13583,38375,38.117,703.44,425.42,0.24629
733,13843,37646,33.02,746.14,499.06,0.19843
734,12612,39027,31.257,694.15,417.97,0.24833
734,14625,37999,29.492,722.9,276.39,0.44683
735,12633,39191,34.125,518.2,371.03,0.16551
735,13504,37750,32.861,585.35,359.69,0.23878
735,13598,38878,25.425,418.69,309.33,0.15022
735,14490,37859,15.996,1276,527.88,0.41473
735,14511,39450,16.988,504.86,252.24,0.33367
736,14113,38316,31.869,210.97,120.03,0.27474
737,13619,39242,36.554,619.8,660.78,-0.032002
737,14209,39590,15.999,444.96,436.2,0.0099416
738,11794,39796,18.061,475.94,305.94,0.21742
738,14178,39548,16.153,474.95,462.27,0.013528
738,14406,37471,30.602,521.6,202.18,0.44132
739,11841,39822,32.52,577.08,416.79,0.16127
739,14116,39124,35.576,218.61,212.32,0.014615
739,14197,39623,19.676,376.5,316.37,0.086783
741,12755,39471,27.678,337.82,190.49,0.27887
741,14362,40288,22.339,937.09,755.76,0.10712
741,14605,39362,20.589,552.36,380.92,0.1837
742,12770,39425,29.221,389.76,448.46,-0.070023
742,14258,40140,23.209,308.35,161.92,0.31138
743,12926,39947,35.491,215.84,148.64,0.18437
744,11768,37584,23.55,534.45,182.48,0.49094
745,11927,39183,22.73,894.6,522.52,0.26256
745,12419,39895,22.214,898.08,643.21,0.16536
745,14294,37437,14.629,501.89,233.96,0.36411
747,12647,38702,36.106,200.35,315.85,-0.22375
747,13387,39855,21.54,574.63,269.12,0.36208
748,14498,39302,24.411,309.87,131.56,0.40394
749,12239,38446,17.852,783.13,433.72,0.28714
750,12445,38393,19.087,1010.2,573.61,0.27565
751,12377,38492,32.505,403.3,356.49,0.061609
751,13256,37557,22.323,497.91,555.77,-0.05491
751,14173,37476,21.758,869.81,395.37,0.375
752,11678,39286,30.019,478.86,179.36,0.45502
752,13182,37634,12.773,591.04,517.08,0.066749
752,13954,39661,19.711,454.35,159.22,0.48101
752,14120,37874,32.626,519,330.86,0.22138
753,13713,37395,19.283,848.22,732.02,0.073535
753,13852,39665,26.396,687.09,444.93,0.21392
754,12736,37792,17.22,1074,777.4,0.16019
754,12972,39026,24.293,348.79,371.42,-0.031421
755,12684,37798,18.673,1068,680.06,0.22192
756,12515,37681,28.57,439.99,284.45,0.21471
756,12913,39246,25.78,424.21,201.52,0.3559
757,12971,39299,28.283,581.55,613.43,-0.026674
757,14187,37436,33.374,166.98,110.9,0.20181
764,13501,39015,33.27,264.33,122.57,0.3664
765,12928,40240,22.994,535.65,296.57,0.28728
767,14492,38760,33.982,353.38,401.46,-0.063689
773,12783,37798,31.234,617.74,749.66,-0.096476
774,12863,39197,24.127,608.68,236.34,0.44063
774,14174,37502,29.907,670.58,369.82,0.28909
775,13092,39333,28.761,323.59,113.16,0.4818
775,13720,37781,22.24,1114.1,648.39,0.26422
775,14217,40022,26.906,462.32,334.02,0.16111
776,14444,39551,17.143,631.19,352.79,0.28293
776,14555,40338,31.988,1139.8,854.34,0.14314
780,13204,38532,32.56,470.61,189.13,0.42665
781,13173,38448,21.731,965.26,398.29,0.4158
781,13441,40145,31.179,397.15,223.59,0.2796
784,14080,40041,21.534,423.96,172.42,0.42178
785,13193,37912,39.422,1114.7,775.62,0.17938
785,13341,38247,35.916,832.65,449,0.29934
785,13739,39891,29.506,459.36,196.74,0.40028
786,13540,40044,21.771,764.89,433.42,0.27661
786,13963,37404,30.449,889.7,565.51,0.22278
787,14589,38318,15.035,554.82,261.8,0.35882
789,14272,40223,26.573,718.29,485.76,0.19313
790,12620,38199,34.191,332.22,141.07,0.40389
790,14175,38888,40.321,230.41,450.24,-0.32297
790,14225,40016,24.998,371.97,203.15,0.29353
791,12740,37852,27.048,392.24,106.73,0.57219
791,14314,39983,25.661,424.02,176.65,0.41183
792,12865,38029,18.895,591.07,219.83,0.45782
793,12966,38013,16.898,888.18,466.63,0.31115
794,13235,38417,33.113,371.56,134.08,0.46967
794,13698,37965,33.594,647.06,407.18,0.22754
795,12732,39150,26.655,567.2,255.35,0.37912
795,13852,37725,23.781,748.12,276.78,0.45989
796,13952,37761,23.923,696.98,622.82,0.05619
797,11910,40025,22.059,558.14,369.19,0.20376
797,14371,40386,38.064,153.2,234.52,-0.20974
798,13099,39579,33.362,648.22,326.31,0.33033
798,14056,38048,24.519,250.33,112.69,0.37915
801,12700,38381,36.718,722.77,162.03,0.63375
801,12649,38968,24.391,537.91,534.8,0.0029013
801,12724,39704,25.109,199.87,128.99,0.21552
804,12668,38962,37.826,239.13,311.36,-0.1312
805,12501,39081,20.692,816.67,600.3,0.1527
805,14504,40020,34.215,283.95,109.37,0.44387
806,12376,40071,28.27,922.35,361.67,0.43666
806,13105,37723,36.173,501.95,394.43,0.11995
806,14499,40127,32.873,312.92,116.45,0.45759
807,12281,38201,30.774,247.85,231.05,0.03509
807,13088,37892,26.634,397.82,257.57,0.214
808,11672,39857,18.097,677.47,185.83,0.5695
808,12913,37996,28.863,639.23,446.98,0.17699
808,14541,37612,32.164,305.75,155.95,0.32444
809,12985,37932,27.252,226.52,168.84,0.14589
810,12567,40157,23.153,511.02,316.57,0.23496
810,14540,39289,25.488,341.44,277.49,0.10333
812,12105,40029,38.482,335.9,282.71,0.085984
812,14253,37403,15.673,426.01,227.08,0.3046
814,11784,38129,20.742,475.96,311.9,0.20825
814,13424,39752,34.69,663.78,217.97,0.50559
814,14482,37813,28.42,793.87,370.07,0.36411
815,13368,39862,29.928,603.16,367.82,0.24237
815,14469,39558,15.36,749.01,249.96,0.49957
816,14576,39683,26.693,498.01,375.11,0.14077
817,13257,39715,32.103,820.63,715.47,0.068456
818,13331,39779,26.165,510.32,225.28,0.3875
819,13306,39888,20.585,1200.6,764.99,0.22162
819,13403,38974,22.748,495.79,506.6,-0.010784
819,14513,39533,27.332,265.58,143.62,0.29804
819,14561,40185,30.741,427.66,235.62,0.28953
820,13323,38952,30.303,1356,750.5,0.28743
820,13364,39725,28.567,705.57,316.29,0.38095
821,13341,39826,26.19,555.36,251.01,0.37744
822,13409,39873,34.676,311.79,106.81,0.4897
827,14660,38129,31.141,773.69,104.62,0.76177
828,13298,37809,20.353,1248.1,719.53,0.26863
828,13355,39928,36.172,478.56,409.29,0.07802
828,14667,38211,22.752,488.74,220.71,0.3778
829,13235,39781,28.825,741.72,450.65,0.24411
829,13400,37492,17.983,1007.2,505.11,0.33198
831,11679,37916,26.282,405.38,219.76,0.29692
831,11855,39566,21.743,400.04,180.21,0.37884
831,13389,39772,20.194,597.81,425.3,0.16861
831,14513,40361,22.812,1038,437.8,0.4067
832,12346,38926,29.743,404.7,224.68,0.28602
832,13357,39806,18.168,475.12,220.67,0.3657
833,11813,39355,24.348,439.31,461.1,-0.024199
833,13396,39809,16.133,576.57,306.17,0.30632
834,12299,40008,28.271,245.65,134.45,0.29255
834,13380,39822,24.32,503.47,347,0.18398
835,13310,39625,15.451,1358.4,973.2,0.16523
836,12974,39297,38.067,510.75,525.49,-0.014224
837,12736,39204,26.659,684.73,744.15,-0.041583
838,12317,40270,36.964,339.98,314.43,0.039052
838,12572,39254,26.309,461.92,503.45,-0.043027
839,13352,37466,26.028,254.42,187.56,0.15127
842,13930,37727,22.938,696.87,431.12,0.2356
844,13195,38560,32.934,535.27,446.96,0.089912
846,11715,39421,33.625,516.59,348.38,0.19447
846,14454,37882,35.579,508.23,353.85,0.17908
847,12922,39077,29.848,527.3,397.38,0.1405
847,13873,40126,21.395,609.07,166.59,0.57046
848,12700,39124,36.563,706.1,363.14,0.32075
849,13969,39687,24.368,887.81,407.78,0.37051
850,13556,39915,24.818,447.97,147.3,0.5051
851,13556,40033,17.83,865.89,297.75,0.48825
852,11892,38404,26,642.72,250.88,0.4385
853,13487,40347,16.395,1851.7,1009.7,0.29425
854,13567,40307,14.66,1324.6,881.9,0.20062
855,12240,38416,29.059,1077.9,396.51,0.46214
856,14119,37465,29.93,496.22,353.62,0.1678
857,14262,37549,30.581,593.94,431.02,0.15895
858,13985,40003,38.671,326.2,139.84,0.39988
859,13329,40093,25.861,513.61,248.73,0.34745
862,12472,40165,22.09,747.37,226.1,0.53548
862,13882,37552,30.54,403.1,308.48,0.13296
863,12493,40225,31.075,294.61,105.66,0.47205
863,13507,39711,27.355,358.02,194.52,0.2959
863,14183,40347,33.107,555.04,286.13,0.31969
864,13561,40114,27.117,711.49,415.07,0.26312
865,13388,38583,19.788,360.53,139.16,0.44302
865,13847,40251,22.435,332.97,130.76,0.43606
866,13394,38542,35.352,526.89,374.3,0.16932
867,12922,38469,20.098,1307.5,387.93,0.54237
867,13986,39797,32.388,612.22,516.74,0.084575
869,13709,39806,31.663,192.81,147.25,0.13397
871,14296,38865,25.294,914.04,960.4,-0.024736
872,14461,38435,22.735,826.71,511.71,0.23535
874,12261,39901,29.438,1050.1,474.86,0.37721
875,12002,39896,27.724,465.65,173.56,0.45696
875,12592,37960,25.705,607.35,410.36,0.19356
875,14515,38565,34.659,647.38,391.79,0.24595
876,12567,37971,18.726,984.48,563.38,0.27205
877,14266,38581,26.835,241.67,107.23,0.38534
879,13468,38336,29.449,512.82,231.8,0.3774
880,13275,38323,27.792,329.86,213.6,0.21392
883,11678,37422,32.834,367.21,178.56,0.34567
883,12253,37643,34.305,230.1,134.38,0.26263
884,13506,37569,34.713,445.75,298.17,0.19839
884,14071,38416,25.43,1048.2,479.64,0.37214
885,14594,37543,34.981,305.85,191.42,0.23011
886,12246,40189,27.453,238.88,159.62,0.1989
886,13279,38132,31.836,407.47,155.45,0.44769
886,14460,37837,36.491,392.82,344.37,0.065724
891,13491,39028,28.803,561.45,232.33,0.41462
892,13532,38169,35.404,560.64,378.15,0.19439
892,14141,37724,23.635,448.79,191.21,0.40246
892,14253,37400,17.289,979.25,437.57,0.38232
893,13605,38256,33.461,406.94,305.38,0.14257
893,14122,39505,38.941,381.56,438.41,-0.069336
894,12311,39862,26.687,471.85,180.46,0.44671
894,13147,38273,34.584,369.88,247.87,0.19751
894,14173,39598,34.831,541.89,297.97,0.29042
895,13353,38438,29.518,421.28,268.92,0.22074
896,13584,38322,33.169,440.6,259.66,0.25838
897,13442,38302,33.208,631.67,270.84,0.3998
898,13098,37563,22.709,589.84,347.74,0.25822
898,14292,40057,27.36,376.26,314.91,0.088766
899,12798,40222,27.817,427.05,172.16,0.42537
899,13864,40043,35.849,427.88,235.5,0.29
900,12922,38384,24.746,296.93,137.26,0.36773
904,12011,40044,35.125,385.66,164.05,0.40313
904,12429,38911,22.231,568.62,336.84,0.25597
905,11947,39947,20.661,1032.4,305.35,0.54348
905,14346,39788,29.778,244.9,147.91,0.24692
907,13348,40089,20.423,1710.8,1016.1,0.25474
908,12973,39429,24.217,783.96,616.18,0.11983
909,13012,39514,24.271,843.72,414.74,0.34088
910,12586,38961,35.31,967,712.81,0.15132
910,13858,38262,29.813,1185.1,776.31,0.20843
910,14501,39375,17.39,560.2,374.08,0.19921
911,12518,38765,23.134,317.32,310.78,0.010415
912,12873,39875,20.03,558.5,288.3,0.31909
912,14304,37421,21.865,257.55,130.46,0.32756
913,12690,39788,24.229,846.12,333.08,0.43508
915,12674,40072,25.259,488.91,200.78,0.41776
918,14234,37426,19.557,334.87,213.21,0.22196
918,14366,40213,26.865,282.52,180.39,0.22064
919,12835,37535,32.085,526.69,228.79,0.39432
919,14272,39996,25.513,637.71,348.66,0.29305
920,11858,37426,33.08,230.37,203.15,0.062782
922,13453,37848,37.875,483.27,176.64,0.46466
923,12602,39412,32.588,134.21,115.66,0.074242
923,13438,37698,25.773,785.34,397.39,0.32802
924,12467,39568,35.915,446.38,384.48,0.074506
925,12386,39275,20.886,359.17,157.32,0.39081
925,14257,37489,25.908,408.36,217.49,0.30497
926,13260,37998,25.247,624.08,272.62,0.39196
927,12939,38094,22.291,585.52,316.87,0.29771
929,14291,38312,30.847,559.7,144.19,0.5903
930,14006,37867,33.875,245.99,162.04,0.20573
931,13302,38542,25.835,418.48,330.74,0.11711
933,11903,38737,16.521,647.12,512.03,0.11654
933,14325,39014,30.571,250.56,205.97,0.097672
934,11889,38766,10.501,771.38,597.77,0.1268
936,14663,39491,22.427,339.11,285.07,0.086576
937,11899,38747,28.842,275.86,318.48,-0.071709
937,13823,37993,30.809,659.19,352.18,0.30356
938,11914,38759,15.4,570.9,307.59,0.29974
939,11829,37676,30.965,739.83,618.43,0.089382
939,11917,38744,27.542,279.7,157.64,0.27908
939,13701,39232,26.403,362.59,145.7,0.4267
939,14181,37590,36.016,519.66,369.39,0.16902
940,11689,39719,20.589,942.24,997.99,-0.028735
944,12102,38845,33.475,313.55,181.81,0.26594
944,13987,37471,21.402,747.11,377.49,0.32867
945,13251,39118,31.562,443.54,280.96,0.22441
950,11846,39324,25.487,413.04,329.92,0.11188
952,14103,39982,34.26,477.22,143.32,0.53809
954,11710,37942,33.521,476.68,191.38,0.42705
955,11841,37820,27.945,625.28,280.38,0.38083
956,13112,39908,34.694,565.62,506.68,0.05497
956,13986,38871,27.913,408.94,255.18,0.23153
956,14628,39307,20.066,498.63,290.65,0.26351
957,14067,37400,38.593,610.25,431.85,0.17119
957,14135,38832,35.265,532.35,331.35,0.23271
959,13755,40234,34.518,448.78,294.04,0.20831
959,14530,39391,17.193,891.22,570.91,0.21907
960,13750,40086,27.278,881.56,944.71,-0.034578
960,14034,39329,36.063,556.56,438.48,0.11867
961,13761,40054,22.539,789.96,796.02,-0.0038238
961,14369,39427,19.726,494.08,294,0.25389
962,13695,39958,21.588,1196.1,1118.3,0.033627
962,14133,38097,33.167,653.86,480.64,0.15268
963,13629,40100,9.6601,1182.1,473.31,0.42818
965,13244,37750,26.783,506.79,272.29,0.30099
966,13205,37544,30.897,954,603.45,0.22508
966,13242,37954,26.86,758.71,430.39,0.27611
967,12128,39579,30.386,543.95,346.91,0.22119
967,13062,39675,12.397,513.49,419.07,0.10125
967,13314,38034,25.722,533.2,212.08,0.43087
968,12925,39590,33.689,469.98,294.04,0.23028
971,12060,38511,34.368,633.76,388.16,0.24033
972,11706,38453,17.11,814.49,311.9,0.4462
972,11930,38965,17.746,917.52,591.85,0.21577
972,12490,38690,25.91,647.7,381.75,0.25834
973,12425,38715,18.483,1829.8,786.1,0.39898
974,12211,38745,28.158,727.88,530.43,0.15691
974,12975,37969,19.992,628.7,492.4,0.12158
975,12248,38589,28.551,547.3,384.06,0.17526
975,14659,37498,33.758,337.4,330.06,0.011004
976,12180,38713,26.863,426.27,371.73,0.068344
976,12267,39291,28.409,571,349.5,0.24062
976,13906,40304,35.377,903.97,746.41,0.095469
977,14387,37666,33.895,345.05,284.2,0.096702
981,12793,37431,31.509,346.43,179.5,0.31741
981,14010,39379,34.631,200.47,130.73,0.21054
982,12737,37401,27.652,444.21,127.21,0.55476
982,13983,39442,21.528,483.95,324.09,0.19783
983,13583,38361,30.929,430.57,359.88,0.08943
983,13633,39236,27.103,366.29,385.07,-0.024996
985,12927,38925,29.56,743.58,574.47,0.1283
985,13386,37775,28.031,633.1,235.82,0.45722
988,14237,40265,33.571,302.55,220,0.15799
989,12307,37784,35.588,940.3,499.2,0.30643
989,12481,38144,22.018,1322.7,980.91,0.14837
990,14256,39180,28.911,337,160.39,0.35507
992,11792,37581,27.808,303.81,128.59,0.40524
992,14327,37456,19.583,834.68,419.21,0.33135
993,12563,40324,37.277,789.37,261.21,0.50273
993,12776,38569,28.212,638.38,294.25,0.36898
993,13281,38106,34.007,495.21,111.47,0.63252
993,14268,39700,27.586,942.38,430.46,0.37289
993,14514,37825,27.583,672.66,382.44,0.27506
994,12224,39999,19.895,693.01,303.76,0.39051
994,13876,39679,29.153,531.6,354.71,0.19957
994,14302,39689,27.27,470.1,209.93,0.3826
995,13362,38213,29.37,639.04,206.75,0.5111
995,13789,39451,27.196,447.12,279.79,0.2302
995,14176,39954,22.878,802.55,412.31,0.32122
996,14072,39415,27.968,694.52,347.2,0.33342
997,14406,39519,22.571,679.49,395.44,0.26425
998,11702,40070,31.657,410.04,270.6,0.20487
998,14376,40100,29.356,581.79,404.63,0.17959
1003,13376,38879,29.061,878.93,420.41,0.35288
1004,13394,39163,25.634,695.75,472.05,0.19156
1005,13968,40166,34.758,498.68,427.96,0.076325
1009,13638,37575,34.158,488.55,336.02,0.18499
1009,14493,37444,14.606,527.61,580.69,-0.047892
1010,13938,39980,30.932,528.95,244.01,0.36863
1010,14601,37437,26.467,384.4,170.12,0.38643
1011,13791,40091,25.25,447.55,209.02,0.3633
1012,13847,40088,34.717,411.02,139.39,0.49352
1017,14423,38446,22.031,656.47,266.68,0.42225
1018,14162,40029,36.104,533.46,484.39,0.048202
1019,13882,40061,30.2,908.84,410.25,0.37797
1020,13770,40158,36.486,277.16,237.76,0.076523
1023,13203,38187,33.823,518.92,177.18,0.49095
1024,11957,39714,32.304,368.23,339.27,0.040926
1024,13355,38296,24.721,1011.7,614.55,0.24422
1025,13146,38392,33.15,690.12,523.23,0.13755
1026,13101,38448,24.592,797.53,334.38,0.40918
1027,12885,38618,26.16,235.09,163.21,0.18048
1028,14511,39382,14.65,777.1,151.95,0.67289
1030,12242,39313,21.798,610.78,319.91,0.31253
1030,14587,40203,27.994,335.9,192.11,0.27233
1031,12569,39179,29.788,889.77,834.65,0.031969
1032,12410,39155,38.296,278.52,111.93,0.42665
1033,11844,39327,23.675,714.3,340.32,0.35462
1037,13845,39145,28.189,514.21,214.34,0.41161
1038,13296,39812,28.393,454.37,350.9,0.12849
1038,14332,37412,24.406,339.74,216.56,0.22144
1040,13879,37865,28.62,544.27,551.98,-0.0070311
1040,14046,40328,31.63,510.15,574.43,-0.059263
1041,12940,39673,34.511,632.14,200.21,0.51893
1042,12328,39725,21.161,661.6,307.83,0.36492
1045,11724,38039,35.447,794.92,489.1,0.23817
1047,13280,39730,28.931,327.19,279.57,0.078481
1049,12201,38038,13.271,1109.8,179.53,0.72152
1050,11695,39222,20.911,1164.8,251.41,0.64496
1051,12833,38031,21.976,621.78,389.1,0.23018
1052,12766,38290,27.624,477.69,164.3,0.48815
1052,14146,37876,26.487,552.43,303.45,0.29091
1053,12245,38503,24.227,644.41,420.94,0.20976
1054,12157,38526,37.583,543.43,246.56,0.37578
1056,12654,37466,36.451,478.87,226.37,0.35803
1057,12713,37404,23.7,484.58,148.51,0.53084
1058,12979,38353,22.531,563.06,286,0.32631
1059,12200,38840,37.059,459.34,345.97,0.14078
1059,14313,40223,31.364,442.9,305.2,0.18406
1060,14309,40162,23.255,491.29,287.46,0.26174
1061,12249,39098,22.813,511.88,297.62,0.26468
1061,14246,40193,31.368,178.94,221.73,-0.1068
1062,12384,39698,31.724,647.83,310.91,0.35141
1063,11722,39117,23.504,669.56,383.7,0.2714
1063,14211,40206,33.402,429.17,340.35,0.11542
1063,14612,39510,14.675,881.02,413.95,0.36068
1064,11980,39150,28.391,433.29,202.31,0.36341
1064,12928,38834,28.481,359.77,102.33,0.55711
1064,13004,39980,22.736,605.46,259.22,0.40042
1065,13084,40295,28.244,685.25,552.43,0.10731
1066,12609,39760,37.829,548.73,199.31,0.46712
1066,13409,40201,26.401,764.62,545.8,0.16699
1067,13603,40256,29.814,733.28,349.49,0.35445
1068,13231,37821,35.093,280.44,198.69,0.17064
1070,11853,38582,37.096,228.67,103.03,0.37878
1071,13701,37613,24.99,308.73,133,0.39783
1072,12942,37476,24.768,331.77,239.96,0.16059
1072,13281,40069,26.377,580.96,407.23,0.1758
1074,13606,39397,24.885,477.65,227.3,0.35514
1075,13519,39367,32.941,852.1,548.3,0.21693
1076,14665,38615,34.179,357.77,147.29,0.41675
1078,12883,39083,26.456,478.82,275.94,0.26879
1079,12900,39028,25.359,295.97,199.99,0.19352
1079,13693,37735,19.389,460.81,482.35,-0.022845
1080,12208,37425,33.559,380.48,295.97,0.12492
1080,12550,40311,27.781,512.81,321.22,0.22971
1080,13855,37911,24.118,958.38,464.54,0.34706
1081,12212,38594,25.932,355.61,166.98,0.36096
1087,13357,38347,31.881,271.7,143.1,0.31004
1088,12365,40220,23.879,623.87,379.13,0.244
1088,13554,38363,37.369,797.09,540.91,0.19147
1090,13274,38041,30.334,469.86,292.77,0.2322
1091,13453,37874,36.775,418.17,152.45,0.46566
1092,12903,40244,23.482,803.12,497.29,0.23518
1092,14185,39055,19.01,440.28,153.45,0.48309
1093,12099,38699,33.767,464.69,474.68,-0.010629
1093,12988,40203,32.862,323.83,191.3,0.25727
1093,13310,37664,25.592,461.96,111.15,0.61212
1094,13107,37781,34.52,793.18,475.6,0.2503
1094,13779,38866,21.294,1085.9,466.16,0.39931
1094,14483,39535,20.325,1019.6,460.12,0.37808
1095,12951,37886,27.541,525.05,321.11,0.24102
1095,13511,39079,14.653,645.64,152.89,0.61707
1096,13514,38975,18.998,458.39,219.84,0.35173
1097,13006,37509,30.839,402.08,195.94,0.3447
1097,13808,38985,36.332,473,278.27,0.25921
1098,13778,39067,34.775,558.98,520.08,0.036052
1099,13801,39009,28.807,252.31,267.12,-0.028528
1102,13372,40112,21.366,568.42,423.08,0.14659
1105,12559,39833,30.6,317.76,108.17,0.49205
1107,13638,38493,36.111,380.49,267.65,0.1741
1108,13375,38383,20.131,1207,801.27,0.20204
1109,12579,39820,36.808,271.99,181.13,0.20053
1111,11886,39078,41.404,205.64,174.9,0.080798
1111,13603,38433,29.355,590.01,124.88,0.65063
1112,11690,39063,35.422,364.42,225.23,0.23605
1114,12160,37399,33.157,1142.4,426.81,0.45601
1114,13907,39647,24.084,462.83,170.8,0.46088
1115,13702,39654,23.076,378.38,178.91,0.35793
1116,14640,39303,22.027,447.16,263.08,0.25919
1117,14306,40117,24.681,450.95,307.99,0.18837
1124,11830,38426,33.159,332.75,107.85,0.51045
1125,13592,37669,24.363,373.3,261.01,0.17704
1126,13227,39496,34.931,354.5,293.32,0.094436
1127,13878,37623,23.405,600.25,328.94,0.29199
1129,13717,40305,31.858,808.72,571.66,0.17173
1130,13519,38554,29.744,249.79,232.78,0.035242
1130,13826,40360,29.994,854.65,494.2,0.26723
1132,13159,38685,27.873,496.84,438.96,0.061845
1132,13647,39360,35.429,614.09,536.54,0.067395
1132,14476,38340,14.364,532.24,485.23,0.046206
1133,13586,39393,33.584,1381.9,583.84,0.40599
1134,13416,38007,30.379,630.09,306.92,0.34489
1134,13465,39282,24.289,1093,455.43,0.41173
1135,13089,38550,34.801,999.91,549.51,0.29069
1136,13191,38234,34.603,454.42,244.2,0.3009
1136,13257,38873,22.376,523.16,224.13,0.40016
1136,14034,39385,36.653,619.31,310.2,0.33255
1137,14155,39281,39.155,346,259.79,0.14232
1138,13218,39937,38.08,499.88,656.46,-0.13541
1138,13779,38241,21.977,620.96,437.66,0.17316
1138,13751,40317,17.755,458.46,263.57,0.26992
1139,12843,37622,28.465,502.88,208.64,0.41353
1140,12674,37652,21.842,938.5,369,0.43556
1140,13077,40040,36.173,428.99,322.87,0.14114
1141,11809,39773,27.73,820.89,452.01,0.2898
1142,12498,37752,31.685,392.16,277.47,0.17126
1142,13540,40302,29.022,469.73,322.49,0.18586
1143,12180,39229,25.483,602.92,422.08,0.17644
1143,13395,40354,25.146,663.66,476.55,0.16411
1144,12322,39261,10.853,616.84,435.68,0.17212
1145,11871,38693,24.909,537.9,334.34,0.23337
1145,12312,39242,13.578,426.61,405.2,0.025731
1147,13531,40298,35.223,475.45,275.48,0.2663
1151,12814,39439,25.617,425.84,324.96,0.13437
1151,13263,38138,37.242,152.75,165.61,-0.040382
1151,13496,39664,33.96,922.41,562.93,0.24202
1153,14264,40193,26.255,178.12,156.78,0.063692
1157,13829,38810,23.924,340.82,177.4,0.31535
1157,14269,37438,13.873,469.19,364.73,0.12527
1158,12236,40115,28.171,655.76,645.72,0.0077157
1159,12811,37975,28.104,793.92,395.02,0.3355
1160,12881,38381,20.955,756.58,436.41,0.26837
1162,12393,38748,23.156,467.95,282.73,0.24674
1163,12431,38839,20.712,447.1,321.93,0.16276
1164,12148,39075,24.136,591.21,386.92,0.20886
1165,11787,38968,30.499,674.8,383.94,0.27472
1165,14008,38348,30.108,562.44,323.85,0.26921
1166,12119,38921,33.679,556.16,356.43,0.21886
1168,14500,39598,36.251,383.81,322.44,0.086898
1170,13903,39461,29.719,354.79,183.07,0.31926
1171,12546,38450,23.06,257.35,133.4,0.31723
1172,12008,37421,32.412,401.36,267.97,0.19929
1172,12438,38813,28.153,574.92,523.99,0.046346
1172,14014,39589,26.045,349.8,286.54,0.099408
1172,14272,38373,34.437,278.71,137.12,0.34051
1173,11881,37461,16.335,856.37,518.69,0.24557
1174,11903,37517,15.123,956.72,653.77,0.18812
1174,14632,37985,27.145,618.56,479.57,0.12657
1175,12438,37776,18.829,369.17,132.09,0.47296
1175,12766,38294,31.257,393.77,186.99,0.35606
1175,14199,39870,34.63,529.22,216.66,0.41905
1176,12768,38410,18.604,854.88,275.27,0.51287
1177,14395,39562,19.016,509.56,275.03,0.29893
1178,14504,40341,29.987,576.5,460.22,0.11216
1179,13746,40283,38.197,466.27,459.75,0.0070409
1180,13072,38428,20.486,353.85,319.73,0.050659
1182,13833,39275,29.519,496.09,233.87,0.35922
1186,13184,38696,30.119,661.58,264.52,0.42874
1186,14264,37802,34.107,176.09,127.74,0.15912
1188,11879,37436,9.7687,694.66,461.31,0.20186
1188,14258,37397,31.9,286.97,164.03,0.27259
1188,14584,38244,21.499,571.14,294.29,0.3199
1189,14661,39583,17.466,1038,254.41,0.6063
1191,14618,38360,16.773,927.83,469.91,0.32761
1193,11891,38714,28.616,324.01,270.2,0.090564
1194,11904,38814,27.271,430.92,295.71,0.18608
1196,12102,39920,17.903,705.6,330.06,0.3626
1196,13863,37545,22.303,778.55,556.39,0.16642
1196,14306,37498,27.112,345.22,299.43,0.071045
1197,12448,37474,31.398,424.14,156.17,0.46176
1197,14196,37589,33.745,398,345.18,0.071071
1197,14513,39639,20.834,637.99,324.6,0.32557
1198,12224,39530,24.211,454.31,116.8,0.59098
1198,12432,37878,32.48,490.69,249.99,0.32497
1198,14350,37516,19.102,605.81,305.86,0.32901
1199,11850,39867,25.28,750.93,351.87,0.36187
1199,12364,37928,31.277,674.69,430.37,0.2211
1200,13926,37926,20.503,893.79,545.87,0.24167
1200,14341,40048,22.219,327.75,281.8,0.075379
1201,14246,40121,23.795,368.18,164.43,0.38256
1203,13379,39931,20.311,450.05,183.42,0.42089
1203,14195,38908,35.95,517.09,176.74,0.49055
1204,14198,40073,17.245,788.91,422.29,0.3027
1205,14143,39461,33.934,348.33,201.16,0.26782
1206,14587,38270,34.035,845.62,431.26,0.32451
1207,11749,40051,30.097,430.09,199.5,0.36624
1207,13366,38371,20.548,634.63,284.38,0.38112
1208,11766,39888,28.013,571.81,281.69,0.33992
1208,13195,38337,21.53,988.36,711.3,0.16301
1209,13135,38321,25.201,971.05,792.95,0.10096
1211,12335,37659,33.581,613.27,215.42,0.4801
1211,13048,38445,33.468,538.27,322.67,0.25042
1211,13302,39465,26.105,288.31,155.42,0.29949
1213,11891,37421,22.095,289.94,166.44,0.2706
1213,12457,37679,26.562,401.54,199.52,0.33612
1213,13405,38346,27.328,643.36,416.75,0.21376
1214,14544,39557,25.157,869.5,492,0.27727
1215,13156,38470,18.989,836.85,553.69,0.20363
1217,13297,39740,26.586,432.7,200.9,0.36584
1218,14173,39157,30.713,566.23,178.19,0.52127
1221,12963,40232,21.651,476.08,296.76,0.23203
1222,12156,39297,24.595,1006.9,564.37,0.28163
1222,13115,39278,20.718,457.24,186.5,0.42058
1222,14343,37535,27.473,631.85,379.92,0.249
1222,14642,37874,25.431,793.46,337.91,0.40265
1223,12396,39491,34.814,476.32,367.92,0.12839
1223,12757,40067,26.872,303.35,168.56,0.28564
1223,14563,37999,18.416,1626.8,862.12,0.30722
1223,14553,38116,20.554,1591.4,835.27,0.31158
1224,12532,39185,31.228,345.77,177.44,0.32172
1224,14413,37955,22.818,1185.4,406.77,0.48905
1226,14107,38012,18.285,1097,470.86,0.39938
1227,11996,39560,29.237,461.48,275.55,0.25228
1227,14174,37613,24.475,674.62,301,0.38295
1228,13108,39309,31.81,355.24,218.42,0.2385
1228,13543,38746,24.53,322.91,176.88,0.29219
1228,14147,37519,19.711,779.08,320.94,0.41649
1232,11797,38687,35.306,583.57,267.94,0.37068
1239,13680,40117,31.004,775.76,388.93,0.33213
1242,13063,38387,36.122,400.37,207.61,0.31705
1243,12869,40042,31.406,793.89,491.2,0.23555
1244,12603,40352,27.6,537.26,322.54,0.24974
1246,12829,37719,35.958,208.43,301.98,-0.18329
1246,14085,38862,33.511,266.04,189.41,0.16826
1248,13388,40351,29.672,630.5,627.39,0.0024756
1248,14392,37424,33.889,298.69,349.32,-0.07812
1252,12849,39554,23.999,568.23,447.11,0.11929
1253,12718,39647,28.106,626.5,263.98,0.40711
1254,12670,39621,29.322,672.66,542.63,0.10699
1259,13124,39614,22.344,400.45,232.37,0.26561
1259,13552,40286,38.959,294.13,169.62,0.26849
1260,13587,40217,20.357,648.24,400.91,0.23575
1262,12489,39850,14.702,834.83,369.24,0.38668
1263,12516,39825,20.581,800.8,208.31,0.58714
1264,12540,40048,17.426,566,389.34,0.18492
1265,12559,39944,18.009,849.11,357.87,0.407
1265,13704,39258,27.632,485.86,171.73,0.47769
1266,12547,38042,28.134,871.05,529.58,0.2438
1266,12680,37625,30.139,978.11,755.86,0.12818
1267,12456,37626,34.996,906.67,403.91,0.38361
1267,12559,38028,31.799,888.65,532.29,0.25079
1267,14588,39860,30.458,455.75,494.26,-0.040531
1268,12560,37413,24.534,434.39,220.98,0.32564
1268,13291,37688,28.813,648.6,317.78,0.34233
1268,14275,38526,19.396,599.25,443.47,0.14939
1269,12401,39900,37.175,263.37,146.59,0.28485
1269,12583,37980,25.398,488.55,294.43,0.24793
1269,13219,37626,29.274,507.83,544.69,-0.035013
1269,13462,40376,36.865,379.73,172.15,0.37614
1269,14292,38434,17.712,889.94,677.56,0.13549
1270,13244,37400,33.646,952.47,771.52,0.10496
1270,14279,38331,29.228,581.8,176.62,0.53424
1272,11902,38474,26.128,533.19,472.05,0.060821
1272,14636,37950,27.054,342.91,160.26,0.36299
1273,14275,40216,29.668,522.33,319.8,0.2405
1273,14587,37786,22.626,714.94,378.11,0.30815
1273,14567,39463,11.335,787.73,531.04,0.19464
1274,14563,39425,9.1431,859.84,531.25,0.23621
1275,14346,40210,25.682,916.32,369.38,0.42541
1276,13802,38227,31.589,750.75,588.42,0.12122
1281,12505,39185,29.764,255.56,174.93,0.1873
1281,14369,38330,24.877,559.75,170.16,0.53375
1282,12386,39273,20.985,577.84,409.82,0.17012
1283,12115,40204,24.646,388.53,794.76,-0.34331
1284,12275,40052,17.35,1233.9,823.65,0.19939
1285,12403,39926,13.934,928.76,575.67,0.2347
1285,14370,38574,23.803,798.29,633.3,0.11525
1286,12459,39130,27.197,413.13,196.33,0.35573
1286,12529,39942,11.43,1282.2,531.86,0.41362
1287,12531,39944,15.904,832.6,393.83,0.35776
1295,11845,37756,33.301,450.7,255.56,0.27631
1295,13102,37546,25.333,503.51,186.95,0.45847
1298,12436,38988,28.248,349.14,193.63,0.28651
1298,13832,39798,28.47,312.13,366.91,-0.080677
1300,12532,39213,25.297,600.1,394.1,0.20721
1300,13046,37716,34.838,273.8,151.77,0.28676
1301,12821,39247,37.94,757.93,846.36,-0.055124
1302,12349,39507,23.014,600.44,574.85,0.021781
1302,13558,39199,29.265,583.09,397.23,0.18959
1303,12461,39605,28.964,366.61,187.49,0.32326
1303,13749,39063,38.443,424.83,253.11,0.25329
1304,13728,38567,16.665,412.48,308.49,0.14424
1305,11833,37429,14.148,553.55,289.89,0.31259
1305,13576,38501,34.489,243.06,172.6,0.1695
1305,14662,39385,32.872,293.37,112.46,0.44577
1306,13740,38366,25.108,406.79,116.81,0.55383
1307,12177,40391,34.358,521.24,501.47,0.019327
1307,13928,38204,30.12,607.72,348.21,0.27148
1308,14030,38424,23.769,244.01,213.48,0.066724
1309,14553,37935,34.091,693.22,410.99,0.25559
1312,12953,37718,22.339,649.73,478.62,0.15164
1312,14061,38421,34.053,418.89,314.53,0.14229
1313,12766,37695,32.009,527.14,350.6,0.20113
1313,13581,37789,29.689,570.83,501.01,0.065145
1315,13584,38776,32.251,505.67,260.07,0.32073
1316,11781,37584,30.664,373.98,220.36,0.25847
1316,12791,39447,25.759,573.52,352.48,0.2387
1316,13850,38888,28.156,412,203.48,0.3388
1317,13275,39558,27.704,807.28,346.07,0.39989
1319,12879,37781,24.424,436.15,269.16,0.23677
1319,13939,37732,27.692,511.49,300.34,0.26009
1319,14605,38614,28.08,910.46,213.56,0.62
1319,14630,38705,33.948,913.77,192.66,0.65175
1320,12769,40177,34.129,1326.2,1078.3,0.10311
1321,12779,39944,17.974,1044.5,540.21,0.31822
1323,13062,37631,24.36,733.58,360.66,0.34081
1325,12842,39949,25.501,428.55,163.05,0.44878
1326,12757,40014,38.673,472.33,366.82,0.12573
1327,12698,37843,29.222,279.6,220.15,0.11895
1328,12301,39277,35.135,817.25,582.7,0.16755
1328,12823,37737,25.207,584.14,318.97,0.29362
1328,13044,39321,31.274,222.85,108.79,0.34393
1329,12279,38615,32.567,559.63,385.58,0.18414
1329,12216,39342,29.602,343.46,145.01,0.40627
1329,13174,38759,32.804,569.24,629.94,-0.050622
1330,12316,38504,29.676,550.39,312.14,0.27622
1330,12707,37822,17.113,844.12,498.42,0.25749
1331,12459,38679,34.012,615.27,336.8,0.29249
1332,12734,38066,29.834,408.97,225.12,0.28995
1334,13322,40379,23.957,303.13,200.53,0.20371
1336,14605,39431,24.572,400.23,313.89,0.1209
1337,13536,38926,31.449,460.76,149.38,0.51034
1337,14638,39332,16.075,466,239.9,0.32029
1338,14614,39375,20.63,320.98,148.99,0.36597
1341,14562,39384,22.951,569.81,424.45,0.1462
1344,12162,39936,30.731,398.98,336.01,0.085683
1344,12219,38720,25.206,345.33,242.72,0.17449
1344,13892,37882,30.624,270.23,189.58,0.17541
1347,13230,40028,32.472,267.14,122.65,0.37068
1348,12937,39571,35.086,311.98,214.28,0.18565
1349,13101,37522,16.009,499.81,407.53,0.1017
1349,14533,38443,35.444,367.31,169.38,0.36879
1350,13106,37496,17.344,341.53,321.02,0.030964
1352,13232,40200,29.422,595.89,430.13,0.16155
1352,13335,38160,30.744,335.81,166.97,0.33582
1355,13902,40370,27.825,359.43,111.26,0.52723
1355,14218,37432,28.72,235.08,169.28,0.16272
1362,13305,40312,21.121,315.45,191.14,0.24539
1370,13551,38979,32.997,268.35,126.37,0.35972
1372,13662,38902,27.072,1074.2,809.05,0.1408
1373,13517,38876,27.62,821.58,375.26,0.37291
1376,12431,37414,31.77,361.35,235.76,0.21033
1376,13416,40325,23.118,288.99,130.2,0.37882
1376,14660,38592,32.393,685.27,421.16,0.2387
1377,12016,37657,24.686,576.52,238.04,0.41555
1377,13013,37476,24.577,629.22,364.99,0.26577
1378,12936,37470,27.066,223.98,174.94,0.12291
1379,13947,38301,26.964,670.82,376.18,0.28141
1379,14655,38148,30.692,441.66,254.81,0.26828
1381,14146,40208,30.058,731.14,463.55,0.22398
1385,11946,37441,11.573,502.21,620.82,-0.10561
1386,13098,39787,30.111,493.75,302.31,0.24048
1386,14657,39350,27.646,611.71,352.02,0.26947
1387,13241,39688,31.309,180.71,139.42,0.12898
1387,14279,37395,10.523,996.24,598.3,0.24956
1387,14298,40261,29.426,375.49,166.23,0.38629
1388,14135,39856,32.287,721.27,335.75,0.36473
1388,14198,37395,18.672,660.46,365.67,0.28728
1389,13026,40312,34.108,872.15,224.32,0.59083
1390,13982,37622,29.121,530.34,334.84,0.22597
1390,13876,38801,29.727,234.86,198.22,0.084601
1395,11895,39849,21.924,658.04,449.96,0.1878
1396,11747,40077,25.768,1145.4,643.65,0.28047
1398,14208,40065,29.405,247.74,217.35,0.065348
1399,14296,40013,17.776,347.65,150.37,0.39614
1400,13443,40165,23.474,710.11,520.52,0.15406
1401,14196,39922,21.37,988.93,242.63,0.60598
1402,11866,39182,21.941,543.22,221.65,0.42042
1402,14219,40050,31.363,285.75,120.64,0.40629
1403,13570,38020,31.534,294.47,125.93,0.40092
1404,13512,38299,21.721,648.56,379.19,0.26209
1405,13456,38496,27.337,470.22,293.75,0.23099
1405,14098,37804,28.573,277.99,169.71,0.24186
1406,14248,37513,34.116,478.59,390.11,0.10185
1407,14662,37783,33.058,805.93,488.84,0.2449
1408,11927,39958,28.445,437.48,258.58,0.25702
1408,14176,38436,34.623,646.07,367.07,0.27538
1409,11954,39922,20.213,574.65,221.73,0.44315
1409,13541,37827,27.832,562.79,302.8,0.30036
1409,13996,40154,20.032,1449,203.51,0.7537
1410,11698,39750,26.448,533.16,393.21,0.15108
1410,13423,37650,24.731,848.74,693.25,0.10083
1410,13854,39336,26.459,664.01,117.66,0.69895
1410,14573,37942,38.24,356.84,144.71,0.42293
1411,11704,37775,33.013,434.57,417.01,0.020628
1411,13812,39450,37.948,389.89,124.95,0.5146
1412,13027,38983,34.969,286.86,129.55,0.37778
1412,13261,40117,10.108,1146.8,148.02,0.77136
1413,13475,39628,11.856,853.84,120.71,0.75227
1414,14650,37650,16.886,488.63,270.48,0.28737
1415,14263,40117,27.442,351.55,133.05,0.45088
1416,14404,40086,28.674,296.47,545.64,-0.29589
1417,13216,38417,23.788,616.51,545.05,0.06152
1417,14068,38120,31.301,645.85,170.38,0.58253
1418,12723,38530,26.799,518.41,196.82,0.44963
1419,12057,37973,33.778,411.22,475.97,-0.072978
1420,13837,39394,21.823,634.46,368.7,0.26492
1420,14301,40093,27.341,418.13,191.94,0.37076
1420,14652,39474,20.455,839.92,677.04,0.10737
1421,14214,40104,16.506,537.1,253.63,0.35849
1425,14627,37904,25.213,569.41,291.4,0.32296
1426,13044,37535,16.535,559.01,419.1,0.14304
1426,13269,40290,25.631,490.53,338.93,0.18277
1426,13516,38610,34.214,230.03,126.3,0.29111
1427,11909,37415,29.072,472.92,467.55,0.0057066
1428,13065,40269,23.033,651.58,347.75,0.30404
1431,12405,38349,35.58,683.37,470.67,0.18431
1432,12441,38057,28.965,438.16,375.96,0.076406
1435,14343,40389,31.576,427.02,240.75,0.27895
1436,11988,39073,28.298,458.04,183.96,0.42693
1436,14624,38602,31.035,192.36,120.78,0.22859
1436,14643,40196,30.137,589.84,523.69,0.059403
1437,11824,40064,30.661,301.68,115.32,0.44691
1437,14572,38509,33.722,560.79,266.53,0.35567
1439,13388,39508,33.124,330.12,143.23,0.39482
1440,12368,39840,31.278,200.36,205.81,-0.013401
1447,13345,37721,26.612,1078,549.67,0.3246
1447,14397,39417,31.94,643.5,415.51,0.21529
1448,13499,37738,17.263,852.87,283.64,0.50086
1449,12342,38859,29.962,442.6,271.21,0.24011
1449,13194,40254,28.566,602.66,380.68,0.22574
1451,14118,39071,35.222,837.85,349.1,0.41177
1451,14613,39390,27.131,439.29,191.38,0.39309
1452,13944,39110,36.756,258,143.81,0.28419
1454,12587,40039,31.579,556.03,352.52,0.22399
1455,12899,40310,21.017,863.76,528.29,0.24099
1455,14304,37455,30.338,272.56,106.99,0.43625
1456,12860,40348,20.582,965.15,371.95,0.44365
1456,13960,40007,29.474,488.94,263.83,0.29904
1460,14384,40365,23.196,1097.2,1322.6,-0.093146
1461,13283,39859,35.782,470.69,149.83,0.5171
1464,14308,38355,27.109,380.59,298.68,0.12058
1465,14561,37913,20.139,481.09,138.88,0.55198
1466,11980,40276,35.78,252.6,116.1,0.37024
1466,13091,38249,33.369,472.04,174.71,0.45972
1466,14593,37804,29.903,429.81,317.07,0.15095
1467,12832,37978,27.889,451.09,129.1,0.55499
1468,11969,40190,39.199,325.53,278.73,0.077444
1468,12807,37980,22.321,614.29,329.65,0.30154
1469,11840,40076,35.122,457.44,186.14,0.42155
1469,12895,39582,27.842,476.45,238.96,0.33197
1470,13231,37445,36.587,301.76,138.24,0.37164
1471,13031,39509,34.305,487.22,296.91,0.2427
1472,13015,39503,29.8,812.67,368.58,0.37594
1473,13020,39564,31.182,638.94,456.74,0.16629
1473,13417,37579,30.948,281.35,170.23,0.24608
1474,13187,39072,38.818,352.76,768.34,-0.37069
1475,11721,39795,26.292,635.59,286.57,0.37848
1476,12544,40346,26.327,964.61,398.96,0.41483
1476,13064,39175,35.012,394.44,154.7,0.43656
1476,14624,39430,32.913,364.23,364.43,-0.00026993
1477,12223,39941,16.856,746.3,498,0.19955
1478,12266,40047,15.997,677.05,107.31,0.72638
1478,14246,37422,34.979,597.43,296.64,0.33643
1478,14608,40238,24.711,582.42,284.48,0.34368
1479,12467,40126,33.208,276.69,195.04,0.17311
1480,11767,38954,12.723,889.12,400.65,0.37872
1481,11786,39165,16.678,554.35,243.86,0.38898
1483,12960,40289,34.856,528.8,494.83,0.033188
1483,14338,39249,16.666,356.35,296.81,0.091154
1484,12270,39054,35.172,274.86,168.67,0.23941
1484,14319,39267,16.932,520.52,485.15,0.035175
1485,14337,39261,13.773,762.91,704.58,0.039746
1486,13315,38341,26.42,1131.3,409.25,0.46871
1486,14095,40377,29.009,494.54,390.52,0.11753
1486,14550,39390,15.275,486.94,270.03,0.28655
1487,12897,38913,35.538,513.72,344.67,0.19694
1488,13125,38328,31.774,583.63,234.8,0.42622
1489,13069,38089,35.696,591.98,537.86,0.047899
1489,13174,40287,24.01,517.86,310.2,0.25078
1490,12494,40386,24.951,692.13,491.34,0.16966
1490,12939,38403,28.74,668.89,383.27,0.27146
1492,14090,40211,21.017,982.99,429.59,0.39176
1493,12555,38956,23.504,533.81,203.73,0.44754
1493,12775,39801,25.151,404.94,186.68,0.36892
1494,12365,38961,25.402,636.69,228.65,0.47154
1494,12594,40014,25.006,504.41,350.43,0.18014
1494,13879,38358,28.794,469.73,209.2,0.38373
1495,12117,38758,22.781,312.89,117.57,0.45374
1495,13875,38312,32.001,466.5,398.12,0.079094
1495,14506,40359,22.842,538.09,276.18,0.32166
1496,11954,39271,31.966,545.21,273.3,0.3322
1496,12107,38499,28.853,201.71,119.44,0.25619
1497,13349,37702,21.436,510.36,625.99,-0.10175
1498,12619,38545,20.346,1012.5,298.54,0.54459
1498,13372,37668,19.069,780.1,765.31,0.0095666
1499,13503,37657,16.618,808.21,635.65,0.11952
1500,13511,37638,20.434,595.2,583.89,0.009596
1500,13684,40349,29.896,504.23,660.79,-0.13438
1502,13281,37820,33.075,389.77,367.36,0.029605
1503,13133,40228,15.446,619.26,564.51,0.046249
1503,13983,40229,34.571,540.47,286.89,0.30649
1504,13114,40295,25.203,425.8,233.62,0.29144
1504,13950,40183,22.031,432.99,115.35,0.57929
1506,11997,39598,33.654,796.3,513,0.21638
1506,13048,39458,33.385,236.51,105.18,0.38434
1509,14294,37887,25.659,622.74,225.7,0.46797
1510,12291,40169,15.504,1810.9,1227.8,0.19189
1510,12307,40065,17.58,2157.9,1419.3,0.20648
1511,12334,39942,27.111,521.45,313.17,0.24955
1511,12774,38540,22.715,739.74,446.7,0.24699
1512,12437,39825,26.155,630.36,327.12,0.3167
1513,12739,38523,16.704,479.74,364.15,0.13696
1513,12767,38865,29.853,1034.1,554.57,0.30184
1513,13621,40165,31.351,461.75,284.93,0.23681
1513,14248,38141,20.614,499.32,282.76,0.2769
1514,12763,38977,21.499,640.65,445.56,0.17961
1514,13220,39829,29.442,329.15,139.97,0.40327
1515,12714,38978,19.127,931.4,722.42,0.12636
1517,12464,37863,29.882,667.75,696.41,-0.021006
1519,12603,38014,30.22,754.95,529.48,0.17554
1520,14201,38616,29.696,211.22,118.27,0.2821
1522,12408,38060,26.1,179.78,163.14,0.048535
1522,14363,38207,20.628,626.81,308.63,0.34014
1523,12390,37716,34.364,185.83,219.27,-0.082553
1524,11793,40158,32.106,405.35,256.95,0.22406
1525,14508,38999,28.752,433.86,354.86,0.10017
1528,14072,37576,36.469,527.34,245.59,0.36453
1529,13857,40266,27.542,622.76,617.32,0.0043855
1532,14262,37445,25.918,206.58,122.72,0.25467
1533,14623,38192,33.617,371.97,285.29,0.13188
1535,13377,37965,27.747,348.05,243.03,0.17767
1536,12159,39493,33.483,317.36,269.15,0.082194
1537,12099,39665,30.303,579.79,447.98,0.12824
1538,12343,39754,35.277,607.78,396.08,0.21088
1540,12307,39117,21.328,693.03,285.28,0.41679
1540,13141,38102,23.195,537.81,490.19,0.04633
1541,13835,38191,24.29,395.17,210.85,0.30415
1542,13230,40164,30.386,402.62,194.22,0.34916
1542,13614,38301,27.784,212.01,186.67,0.063569
1543,12962,37913,31.333,247.59,234.86,0.026386
1543,13369,39949,29.252,1016.2,695.84,0.1871
1544,13162,37922,36.214,428.43,481.74,-0.058565
1547,12288,38587,20.124,564.61,324.77,0.26967
1547,13207,37948,38.587,281.18,489.85,-0.27065
1548,12431,38673,38.404,393.87,372.32,0.028125
1548,12550,40354,35.196,871.54,436.22,0.33288
1549,13159,37889,31.713,436.49,597.31,-0.15556
1549,13505,37860,33.638,559.5,531.66,0.025514
1550,12302,40266,31.534,868.07,401.65,0.36734
1550,13539,38139,31.955,184.36,105.39,0.27257
1551,12854,39741,26.684,316.3,278.33,0.063841
1552,13111,37397,23.34,453.08,352.55,0.12478
1552,14098,39087,34.345,483.1,422.11,0.067386
1553,14546,37728,29.016,973.5,478.8,0.34063
1554,14038,40358,35.981,292.82,130.8,0.38248
1554,14570,38156,27.697,796.19,491.99,0.23615
1557,14265,38243,27.451,397.6,329.19,0.094113
1558,14132,39975,25.488,545.64,297.22,0.29474
1559,12327,39044,33.696,511.88,285.97,0.28315
1559,13948,39710,29.946,1049.4,339.1,0.51156
1560,11834,38267,22.304,535.71,394.96,0.15124
1560,13374,37549,32.339,436.56,222.7,0.32439
1561,13987,40066,37.256,658.29,318.34,0.34809
1564,13345,38550,33.897,502.42,146.32,0.54891
1565,13694,40385,31.435,392.92,256.65,0.20977
1566,11913,38804,24.136,460.25,169.54,0.46159
1567,14513,37436,27.426,676.38,349.24,0.31896
1569,11850,39073,19.289,884.89,405.13,0.37191
1569,13536,38964,27.135,303.54,202.09,0.20064
1570,14490,37714,27.819,421.96,470.82,-0.054737
1571,13646,40315,21.387,485.97,227.72,0.36185
1571,14347,37513,22.009,365.74,191.54,0.31258
1572,12850,39507,22.73,484.98,303.98,0.22941
1572,13450,40326,27.317,569.32,186.24,0.50702
1572,13832,39461,29.948,704.56,177.7,0.59717
1572,14543,37566,22.706,1199.6,823.54,0.18589
1572,14615,38305,14.883,746.46,311.38,0.41129
1573,12886,39563,27.527,346.33,164.63,0.35561
1573,13560,40159,16.317,922.84,479.97,0.31571
1573,14290,37530,26.512,1164.1,628.26,0.29896
1574,14506,37746,26.416,813.09,362.59,0.38318
1575,14362,40276,32.142,400,261.7,0.20901
1575,14452,39573,37.878,630.01,580.11,0.041234
1575,14661,38040,28.671,341.62,274,0.10984
1576,14162,39975,23.604,486.2,227.52,0.36244
1577,12403,40319,26.15,680.87,406.88,0.25189
1577,13951,38018,25.169,292.62,153.24,0.3126
1578,12344,40209,24.129,585.09,351.58,0.24929
1578,13981,37895,25.598,478.87,120.57,0.59773
1579,12146,40199,31.85,761.7,550.22,0.1612
1579,13986,38007,26.535,882.88,535.27,0.24512
1580,12183,40217,22.24,291.86,227.62,0.12366
1580,14177,38179,27.524,394.63,255.19,0.21458
1580,14301,40241,24.372,735.59,435.26,0.25651
1581,12190,40222,27.564,431,231.18,0.30176
1582,13148,38590,21.463,1198.3,776.51,0.21357
1582,14301,40147,26.156,206.04,305.64,-0.19464
1583,12636,39407,32.774,357.66,366.43,-0.012108
1583,14495,37884,30.049,524.33,220.03,0.40882
1584,12735,39491,21.803,674.09,192.17,0.55632
1584,14627,39383,14.118,579.92,244.67,0.40656
1584,14601,40204,36.094,517.73,452.21,0.067549
1588,14501,38407,22.271,552.8,219.54,0.43149
1590,14161,37423,25.452,271.12,266.96,0.007724
1592,12495,39982,25.251,401.4,333.74,0.092035
1593,12937,39605,25.262,1029,535.23,0.31568
1593,14078,40276,21.346,937.85,462.39,0.33956
1594,12909,39479,22.07,723.89,289.81,0.42821
1594,14149,40227,20.487,423.3,196.12,0.36677
1594,14229,37406,34.896,152.6,230.2,-0.20271
1595,12254,39213,32.68,690.41,520.04,0.14075
1595,13091,39405,19.957,1119.2,986.65,0.062937
1597,14207,37544,23.143,451.48,263.95,0.26213
1602,11796,37929,35.755,891.77,453.64,0.32565
1603,12043,37699,35.919,474.93,298.07,0.2288
1603,12542,38235,32.385,285.31,262.78,0.04111
1604,12147,39636,40.508,568.42,188.46,0.50201
1604,14227,39595,25.701,1354.1,319.92,0.61777
1605,11724,38278,17.749,621.85,440.86,0.17031
1605,13314,38502,44.66,689.51,316.85,0.3703
1606,13165,38439,24.197,1061,477.44,0.37932
1607,13307,37860,20.991,518.23,302.07,0.26351
1607,13437,38430,22.268,577.86,289.33,0.33272
1608,14637,39449,27.413,332.48,236.85,0.16797
1609,14560,39783,29.768,454.07,340.4,0.14308
1610,14659,39465,28.864,492.91,251.76,0.32384
1611,11829,37445,33.343,324.11,154.77,0.35363
1613,12016,38304,31.332,1150,798.86,0.18017
1614,12284,38885,31.458,492.79,186.24,0.45144
1615,12378,38679,19.424,468.28,250.97,0.30214
1616,12035,38871,24.019,321.12,139.67,0.39378
1616,14376,37753,25.426,475.95,349.39,0.15335
1617,13981,37760,31.541,371.42,138.3,0.45735
1620,14235,37419,15.116,450.66,228.58,0.32696
1622,12272,39237,27.044,602.75,328.01,0.29518
1622,13550,39062,36.594,411.37,310.16,0.14027
1622,14473,38669,36.236,456.94,279.11,0.2416
1622,14550,39459,27.808,468.18,239.41,0.32332
1625,12859,39734,34.559,472.34,449.48,0.024806
1625,13982,37659,28.328,206.04,229.02,-0.05281
1628,14500,37577,28.183,379.68,184.17,0.34674
1631,12744,39500,23.342,930.58,145.95,0.72886
1631,14036,37615,32.633,408.44,255.09,0.23112
1632,14127,37540,23.959,582,305.79,0.31112
1633,14503,40261,34.646,402.23,424.78,-0.027267
1634,14644,38023,27.886,423.96,190.5,0.37995
1635,12556,39798,27.865,404.42,173.22,0.40025
1636,13885,37843,29.41,504.97,317.25,0.22831
1637,14210,39609,32.601,201.51,106.64,0.30786
1638,12860,39013,28.021,275.33,160.43,0.26366
1638,13080,40009,27.227,378.77,112.8,0.54105
1639,12999,38993,36.834,378.71,177.22,0.36243
1639,13865,38020,23.944,239.16,118.29,0.33816
1640,13139,39005,27.653,427.15,282.08,0.20455
1642,12328,37829,28.527,362.93,142.92,0.43493
1645,14548,39831,31.597,517.49,335.25,0.21372
1647,14580,38053,33.694,495.02,329.35,0.20096
1648,13794,37650,32.776,464.76,271.34,0.26277
1648,14436,37690,27.085,647.39,273.95,0.40532
1649,14253,38085,26.417,691.52,234.17,0.49407
1650,12691,37992,24.707,542.62,338.43,0.23176
1652,12110,38520,30.636,671.74,518.63,0.12863
1653,12193,38462,33.118,429.98,197.3,0.37092
1654,11838,38464,35.508,434.14,303.52,0.17707
1654,13930,38771,38.639,271.23,161.4,0.25388
1654,14461,37476,30.836,468.86,252.82,0.29936
1658,14423,39001,28.708,616.54,316.61,0.32142
1659,12244,40021,37.281,311.71,144.23,0.36732
1659,14570,39322,23.179,354.56,225.5,0.22251
1662,12259,37807,26.215,511.07,373.45,0.15559
1662,14190,39388,34.386,509.38,688.96,-0.14986
1663,12350,37928,29.237,220.23,107.36,0.34457
1663,14429,39257,37.205,358.8,271.76,0.13803
1664,12380,37785,32.681,268.4,187.66,0.17704
1666,13623,40368,23.692,343.09,368.38,-0.03555
1666,13788,39520,27.519,571.77,452.44,0.11651
1667,13079,37943,30.906,440.76,212.26,0.34992
1667,13762,39598,22.235,561.62,268.62,0.3529
1668,13901,39420,22.137,1410.4,770.22,0.29358
1669,13994,39486,22.166,1218.6,853.94,0.17595
1670,14080,39511,27.062,600.12,278.36,0.36628
1671,11864,38058,32.644,328.19,178.27,0.29602
1671,13632,37780,30.134,788.86,489.71,0.23397
1673,13059,37975,24.237,671.45,648.23,0.017589
1673,14132,37985,22.255,983.59,1032.8,-0.024398
1674,13364,37580,23.875,727.38,533.51,0.15376
1675,13644,37823,31.94,1070.3,746.98,0.17793
1676,12860,40111,35.108,302.78,189.51,0.23009
1676,14159,39067,25.663,307.78,152.88,0.33626
1677,14010,39207,27.723,285.76,101.93,0.47417
1681,11994,37885,23.718,524.03,258.97,0.33852
1682,11986,37763,33.894,257.35,110.42,0.39952
1685,11880,38526,24.351,496.59,215.88,0.39399
1685,12111,37566,37.534,453.32,348.11,0.13128
1685,12697,38154,29.62,464.97,294.49,0.22448
1686,12745,38045,20.304,1041,493.22,0.35705
1690,11763,40095,17.918,821.87,348.15,0.40489
1690,12736,38546,20.37,776.34,443.12,0.27326
1691,12849,38017,28.697,455.06,339.55,0.14537
1692,12795,37983,19.645,719.2,604.51,0.086642
1693,12772,38096,25.173,347.58,255.18,0.1533
1693,14194,40179,13.071,1049.1,632.25,0.24794
1694,12738,39279,34.002,253.11,287.69,-0.063934
1695,12652,38285,28.865,314.59,213.36,0.19173
1695,12705,39448,18.795,425.66,220.67,0.31715
1695,14134,39303,22.881,389.12,297.76,0.13301
1696,12604,38373,25.928,389.19,147.07,0.45148
1696,12672,39466,7.6029,1075.3,314.31,0.54763
1697,12594,38307,22.853,371.84,261.46,0.1743
1697,12693,39382,11.135,764.18,291.54,0.44769
1698,11936,39641,22.711,417.55,241.55,0.26703
1698,12662,38194,21.204,374.69,196.5,0.31196
1698,12731,39354,8.765,1172.7,397.59,0.49362
1698,13062,38447,32.372,758.31,443.35,0.26211
1699,12784,39344,8.8261,993.65,447.16,0.3793
1699,13239,38531,23.109,291.74,359.99,-0.10472
1700,12796,39290,7.3074,1189.9,294.51,0.60319
1701,12814,39284,7.3033,1424.4,544.28,0.44705
1702,12728,38408,14.399,632.76,346.11,0.29284
1702,12842,39282,9.8484,628.33,799.69,-0.11999
1702,13488,39644,25.039,186.61,109.88,0.25877
1703,12821,38401,22.052,264.26,118.17,0.38202
1703,13663,39623,37.034,556.45,333.35,0.25074
1704,12866,38486,16.136,778.89,585.93,0.14139
1705,12344,38728,28.31,489.24,231.81,0.35702
1705,12871,38442,13.593,735.09,545.43,0.14811
1706,12180,37877,23.274,528.52,116.55,0.63864
1706,12797,38442,12.471,683.93,392.19,0.2711
1707,12844,38649,34.137,356.22,131.31,0.46132
1707,14197,37783,32.466,348.96,145.87,0.41041
1707,14477,38310,39.782,705.18,178.99,0.59512
1708,14600,38162,36.203,291.03,140.8,0.34789
1709,11937,37989,27.105,517.92,240.34,0.36608
1709,13886,37999,32.928,603.85,496.93,0.097124
1709,14268,38859,26.728,262.56,171.36,0.21017
1710,11856,38216,18.727,553.26,116.67,0.65169
1710,13015,38969,36.346,367.33,119.79,0.50817
1710,14255,37640,41.788,1154.3,743.66,0.21638
1710,14186,38033,31.293,1467.6,768.02,0.31294
1710,14272,38839,29.716,562.27,480.84,0.078063
1711,11723,38595,28.26,554.4,197.68,0.4743
1711,12909,38854,32.257,388.94,101.99,0.5845
1711,13793,39341,33.545,763.58,542.7,0.16909
1711,14422,37974,35.172,513.22,121.65,0.61676
1712,13989,40262,35.879,259.93,298.85,-0.069648
1713,13112,38862,35.725,338.81,223.98,0.20404
1713,14613,38344,27.113,547.38,531.8,0.014436
1714,11721,39297,36.498,360.7,302.57,0.087632
1714,13266,39476,34.543,622.39,414.49,0.2005
1714,13942,38685,29.794,389.19,222,0.27355
1715,13877,38372,21.493,648.73,251.32,0.44154
1715,14638,37808,22.751,673.35,166.83,0.60286
1716,13015,39479,35.781,452.27,219.84,0.34582
1716,13843,38355,37.341,251.23,144.01,0.27129
1717,13074,39503,28.628,568.21,301.83,0.30618
1718,13133,38643,21.42,621.91,258.79,0.41231
1719,13251,38735,34.637,226.23,291.97,-0.12685
1720,13327,38832,18.457,523.36,303.67,0.26564
1721,14022,39558,25.299,416.41,461.63,-0.051496
1723,13335,38566,16.587,803.9,606.35,0.14008
1723,13876,38931,18.319,1252,712.98,0.27433
1723,13909,39182,29.615,892.54,440.65,0.33895
1724,13363,38536,16.757,541.46,432.92,0.1114
1725,13315,38510,17.448,436.14,346.17,0.11501
1725,13290,38980,33.629,335.7,261.26,0.12471
1726,13322,39101,27.444,423.05,277.52,0.20774
1728,13384,39040,24.531,469.89,226.35,0.3498
1730,13413,39071,25.411,390.97,202.68,0.31717
1731,13353,39016,26.641,444.56,336.17,0.13883
1733,13506,39050,23.583,596.46,454.72,0.13484
1735,12059,38244,36.984,378.21,222.03,0.26019
1735,14523,39462,19.11,475.48,215.31,0.37663
1736,12295,38260,24.419,331.02,103.75,0.52275
1737,14309,38697,34.769,235.34,128.05,0.29526
1737,14586,39811,29.448,549.33,432.36,0.11915
1739,11779,40132,36.775,539.63,156.89,0.54949
1739,12512,37540,34.637,303.52,376.08,-0.10676
1739,12981,38448,25.421,500.6,299.76,0.25093
1739,14546,38586,33.84,767.96,584.82,0.13538
1740,13287,38830,36.426,199.55,196.67,0.0072552
1741,12106,38454,29.568,212.81,206,0.01626
1742,12036,38551,24.077,571.31,167.64,0.54628
1743,12484,38632,25.491,667.74,497.25,0.14634
1744,13299,38344,33.827,277.35,243.27,0.065455
1745,12813,38573,32.272,378.85,358.87,0.027088
1746,12586,38768,22.172,353.3,132.13,0.45563
1748,13053,39673,27.962,586.18,400.32,0.1884
1748,14491,39564,22.416,303.04,155.35,0.32218
1753,13138,39476,27.159,705.56,357.65,0.32722
1753,14443,37851,27.319,814.62,632.64,0.12574
1754,12816,38597,25.938,287.86,149.19,0.31727
1754,13256,39669,31.016,503.26,354.1,0.17398
1755,13195,39591,24.792,772.4,356.32,0.36863
1756,13415,39811,32.123,681.31,342.34,0.33113
1767,14091,40003,32.892,776.82,295.81,0.44844
1768,12362,39252,28.184,460.1,294.26,0.21985
1769,14250,38315,30.555,209.64,159.67,0.13531
1770,13636,37513,21.137,413.84,188.53,0.37403
1771,13691,37652,22.121,520.61,337.64,0.21319
1774,12963,39445,39.06,364.15,151.53,0.41232
1774,14387,38424,30.798,552.47,357.16,0.21471
1775,14154,39957,31.255,340.72,144.73,0.40372
1777,14167,37890,25.623,667.98,434.72,0.21154
1780,12567,39195,24.107,672.4,570.24,0.082212
1780,14159,40169,14.764,986.28,615.11,0.23178
1781,11748,38614,29.078,728.31,424.33,0.26372
1781,12471,38984,26.776,718.42,416.22,0.26634
1781,14178,40095,15.267,628.1,414.01,0.20544
1782,13710,40105,24.525,1623.1,1304.9,0.10865
1785,13726,39405,23.889,817.8,435.31,0.30524
1785,14232,40229,30.702,189.52,142.65,0.14111
1786,13673,39366,29.071,210.37,148.62,0.17203
1786,14179,37457,25.524,253.7,141.92,0.28255
1787,11794,38430,16.765,685.9,329.49,0.35101
1787,14162,37411,32.067,258.23,174.67,0.19303
1788,11936,38528,37.75,513.57,271.73,0.30796
1788,12637,39496,29.828,543.9,341.8,0.22818
1788,14466,39458,17.394,525.79,200.44,0.448
1789,13982,40090,31.317,600.6,491.72,0.099674
1789,14242,39092,32.483,367.62,216.63,0.25843
1790,12959,39070,39.888,924.7,418.39,0.37697
1790,13140,39212,36.868,815.97,496.17,0.24373
1790,13983,39940,35.331,969.71,624.58,0.21648
1791,14074,40278,25.232,809.91,335.22,0.41453
1793,13511,39112,37.1,474.68,526.19,-0.05147
1794,11781,40275,36.453,594.34,781.26,-0.13588
1794,12384,39887,17.621,549.44,177.88,0.51086
1794,13768,39799,35.188,266.89,300.19,-0.058725
1797,14015,38172,28.723,204.65,142.73,0.17825
1807,12135,38795,21.871,754.75,295.12,0.43779
1809,13209,38232,11.532,540.83,353.13,0.20997
1810,12149,40176,36.017,380.22,303.58,0.11208
1810,14024,37845,36.974,689.03,439.96,0.22062
1812,13815,39002,32.018,230.26,137.73,0.25144
1812,14511,37913,34.204,541.33,261.19,0.34907
1815,13474,38290,31.292,270.64,109.89,0.42243
1815,14018,37521,22.73,518.41,342.25,0.20469
1816,14057,37610,31.164,319.51,271.82,0.080657
1818,12171,38452,27.066,681.47,223.64,0.50582
1819,12059,38588,37.431,409.48,223.85,0.2931
1819,12368,39299,28.525,891.26,480.81,0.29915
1819,12957,40109,29.626,706.04,604.47,0.077507
1822,12003,40255,26.364,434.73,253.93,0.26253
1823,13298,38728,23.403,624.89,378.64,0.24539
1825,13064,38911,35.718,230.25,193.93,0.08562
1826,13226,39603,37.055,407.29,146.45,0.47103
1826,14192,37526,10.38,881.7,538,0.2421
1827,14043,37475,21.704,1070.3,515.04,0.35023
1827,14198,40391,17.011,1394.6,726.06,0.31524
1828,13475,37739,32.739,1122.6,514.36,0.37156
1828,13774,39309,34.52,316.27,286.08,0.050119
1829,12950,38305,34.817,536.76,215.18,0.42766
1829,13001,38297,35.457,631.86,264.16,0.41036
1829,13348,37755,34.241,420.25,207.91,0.33803
1829,14136,37484,12.949,715.93,338.54,0.3579
1829,14250,40155,19.017,418.78,191.74,0.37187
1830,12828,38312,24.206,691.67,193.1,0.5635
1830,13389,37465,28.203,1291.7,658.72,0.32454
1830,13935,37503,28.06,685.98,195.54,0.55635
1831,13196,37438,31.158,501.67,377.16,0.14168
1832,13964,37859,26.337,633.42,217.71,0.48842
1833,13709,37863,30.926,424.38,404.26,0.02428
1835,13317,40198,26.561,464.54,270.44,0.26409
1841,11972,38748,25.234,506.83,169.88,0.49792
1842,12713,39172,35.333,399.92,372.16,0.035951
1843,12746,37898,29.499,833.38,295.82,0.47606
1844,13569,39801,29.838,385.69,238.71,0.23539
1846,12922,39715,34.217,358.1,230.77,0.21623
1846,13256,38948,28.191,630.31,406.93,0.21536
1847,13402,38754,22.47,491.54,261.92,0.30476
1847,13228,39740,29.445,972.77,490.95,0.32917
1848,13425,39807,28.616,633.76,460.26,0.15858
1848,13487,38947,31.405,400.09,391.99,0.010224
1848,14659,39322,24.305,431.16,303.54,0.1737
1849,13364,38950,24.275,514.78,359.43,0.17771
1850,14026,39419,29.446,757.71,346.67,0.3722
1850,14502,40333,33.266,928.49,1022.2,-0.048044
1851,13533,37587,32.275,408.75,351.68,0.075046
1851,14512,40252,26.616,458.89,243.49,0.30666
1852,13710,39014,29.503,386.39,198.23,0.32184
1857,12650,40292,32.82,301.38,279.3,0.038025
1857,13531,39483,14.877,610.01,599.67,0.008548
1858,11849,37421,21.5,1200.7,809.84,0.19442
1858,13255,37574,23.385,1275.2,887.04,0.17953
1858,13512,39485,12.58,503.58,387.35,0.13046
1858,13664,37505,24.725,781.65,311.98,0.42947
1859,13453,39447,32.841,626.25,497.16,0.11491
1860,13691,39696,28.773,285.6,314.2,-0.04769
1863,13701,40156,18.864,672.96,257.3,0.44682
1864,12917,39244,29.944,391.59,204.36,0.31416
1864,14325,38359,31.23,532.81,243.7,0.37232
1865,13749,39836,26.518,341.81,110.48,0.51148
1866,12323,38199,33.586,329.39,111.79,0.49323
1867,12634,38597,17.48,1463.9,785.73,0.30145
1868,12723,38545,25.346,664.47,442.1,0.20095
1868,14215,40154,31.98,905.01,487.62,0.29971
1869,12873,38439,15.586,732.91,369.7,0.3294
1869,14175,39998,27.439,375.38,230.02,0.24011
1870,12816,38442,19.164,633.13,433,0.18771
1871,12361,37689,10.19,672.42,203.35,0.53561
1871,13171,38471,21.5,782.7,560.79,0.16517
1872,12352,37622,9.5285,966,221.75,0.62661
1872,12674,38964,36.552,725.68,567.05,0.12271
1872,13227,38509,21.775,1090.9,757.29,0.18051
1872,13961,37462,27.38,434.05,251,0.26721
1873,12369,37580,9.9926,745.77,197.91,0.58056
1873,12637,39166,17.306,552.51,265.94,0.35014
1873,13176,38744,23.153,317.39,214.1,0.19434
1873,14303,38499,34.055,464.15,319.08,0.18522
1873,14318,38462,33.974,771.16,593.15,0.13047
1874,12190,37527,10.304,1066.5,248.8,0.62168
1874,12904,39036,24.839,976.28,629.12,0.21625
1875,12487,39876,23.66,671.17,234.34,0.48242
1875,14040,40022,35.558,429.86,310.75,0.16082
1876,14666,39309,29.034,235.08,123.74,0.31031
1877,14656,39395,18.533,607.36,336.71,0.28668
1878,14268,37887,23.924,295.98,119.26,0.4256
1878,14663,39369,17.415,668.06,365.12,0.29322
1879,12118,39276,28.092,498.3,140.61,0.55984
1879,13012,38382,21.407,313.71,200.97,0.21905
1879,14260,37983,30.134,481.02,308.58,0.21838
1880,12640,39824,22.907,582.53,500.67,0.07557
1880,14626,39333,22.616,614.03,405.26,0.20481
1882,12531,38312,17.454,1075.4,645.13,0.25006
1882,14005,37985,24.173,619.27,503.2,0.1034
1882,14661,39331,27.251,331.81,213.34,0.21732
1883,12755,39709,32.936,359.38,303.17,0.084841
1883,12873,38570,34.495,791.71,705.31,0.057714
1884,13470,38930,26.868,938.71,595.26,0.2239
1884,14376,40264,32.642,919.25,633.82,0.18379
1885,13592,38842,17.056,1222.3,672.76,0.28997
1885,14207,37891,25.465,437.86,283.23,0.21443
1885,14440,40312,40.967,1887.3,1121.4,0.25454
1886,13387,38885,25.951,926.7,636.01,0.18602
1886,14337,37822,23.188,444.59,312.75,0.17409
1887,13256,38918,24.548,777.69,321.7,0.41476
1888,11723,38451,12.514,993.11,628.36,0.22495
1888,14553,37939,33.723,667.45,335.3,0.33124
1889,14449,38232,27.278,482.79,333.73,0.18255
1890,11769,39026,25.443,442.27,245.02,0.287
1890,14405,38239,25.135,314.27,158.89,0.32839
1891,11732,38589,17.195,777.63,367.41,0.35825
1891,14299,38645,27.243,466.54,329.02,0.17285
1895,13821,37997,31.136,545.79,772.74,-0.17213
1900,13259,38511,30.586,343.33,281.29,0.099338
1902,13216,38377,30.723,204.95,146.94,0.16485
1902,14435,40224,24.032,515.21,298.42,0.26645
1903,13350,38349,26.997,548.86,329.54,0.24968
1905,14141,40183,21.814,808.5,507.38,0.22884
1906,13403,39485,28.037,591.64,340.15,0.2699
1906,14184,40186,17.865,1157.4,701.01,0.24558
1906,14358,38473,23.869,665.85,316.63,0.35545
1907,12470,38122,22.514,867.61,502.17,0.26679
1907,13333,39564,23.595,547.24,309.08,0.27811
1907,14432,37907,28.83,377.4,103.77,0.56869
1909,12339,37972,27.869,368.54,120.63,0.5068
1909,13969,38064,35.223,354.09,322.18,0.047181
1910,12575,37879,25.923,475.96,373.19,0.12102
1911,12696,37953,27.849,912.92,416.82,0.37308
1912,13279,40299,25.441,663.85,316.22,0.35469
1913,13570,40201,14.287,872.04,498.78,0.27229
1914,13541,40272,19.607,768.62,389.11,0.32781
1915,14295,37487,39.983,564.44,413.07,0.15486
1919,13488,39793,37.223,225.48,225.23,0.00053606
1921,13543,39995,39.448,556.59,377.22,0.19209
1923,12886,40249,34.679,433.69,367.65,0.082422
1923,14565,39527,22.547,563.99,250.06,0.38564
1927,11981,37516,20.558,570.31,374.66,0.20704
1927,14330,40307,22.838,356.73,328.2,0.041657
1928,12651,38216,29.02,436.32,187.41,0.39907
1928,14389,40272,30.756,395,202.35,0.3225
1929,13454,38045,27.746,669.31,396.49,0.25597
1930,12839,38558,31.519,202.99,100.31,0.33852
1932,12084,39955,29.875,838.42,500.76,0.25214
1932,12265,39156,30.735,722.6,617.22,0.078648
1932,14178,37961,35.774,350.55,209.45,0.25195
1933,11837,39850,28.678,440.71,356.96,0.10499
1934,14060,38966,30.55,307.36,349.42,-0.064036
1935,12292,38804,23.868,293.93,181.57,0.2363
1935,13307,38822,36.696,580.4,329.41,0.27587
1935,14430,38536,21.677,759.28,483.73,0.22168
1937,13468,38218,28.568,585.94,670.12,-0.067018
1938,13402,38177,31.984,790.81,407.16,0.32025
1940,13296,39089,35.953,320.74,636.56,-0.32991
1940,14329,40324,24.119,354.72,172.82,0.34481
1941,12093,38893,33.599,325.95,163.64,0.33152
1942,12248,38376,28.589,295.63,625.82,-0.35834
1942,12445,39245,29.81,681.76,587.7,0.074096
1942,13966,39874,39.938,301.93,269.14,0.057415
1943,12388,39298,28.805,669.19,617.75,0.039974
1943,13532,40186,16.069,1132.3,406.11,0.47204
1943,14056,38284,28.559,870.59,453.73,0.31477
1944,12574,39196,20.937,489.53,454.97,0.036596
1944,13944,38127,33.497,265.16,219.72,0.093722
1946,12269,38153,38.745,219.7,422.72,-0.31603
1946,12473,39044,24.643,463.79,474.77,-0.011694
1947,12518,39111,29.734,226.26,183.81,0.10354
1949,11858,37875,31.742,374.81,1104.7,-0.49333
1949,11878,39335,23.611,796.8,594.78,0.14517
1950,11764,37674,24.208,281.59,626.54,-0.37985
1950,11801,39521,28.886,414.93,202.36,0.34435
1952,11770,38113,24.404,453.49,761.28,-0.25338
1952,14281,37399,15.676,676.4,465.81,0.18437
1954,11830,38388,32.763,124.29,138.79,-0.055113
1955,14151,38472,27.652,632.07,591.28,0.033337
1956,14161,38422,32.531,176.38,198.24,-0.058361
1960,11751,40274,28.38,463.32,237.01,0.32314
1961,12054,38454,38.565,131.85,160.91,-0.09926
1963,11753,39152,20.929,986.36,300.22,0.5333
1963,11823,39829,22.406,678.26,277.15,0.41983
1964,11797,39184,24.184,683.7,221.89,0.50995
1969,12317,39560,31.083,431.99,320.89,0.14756
1970,11963,38539,30.998,656.03,381.64,0.26443
1970,12078,39707,27.948,470.42,219.28,0.36413
1973,12940,38474,28.541,466.62,338.7,0.15885
1974,14018,37891,32.756,672.29,478.21,0.16869
1974,14162,38260,37.964,669.82,578.81,0.072891
1974,14558,39211,30.611,449.94,263.21,0.26185
1978,12349,39124,23.665,509.57,305.49,0.25038
1979,11896,37739,22.842,395.95,249.49,0.22692
1979,12902,38532,21.094,973.37,757.56,0.12468
1980,11758,37935,39.196,683.3,510.42,0.14482
1981,13272,39206,22.729,216.83,188.58,0.069681
1982,13187,39370,28.274,373.44,244.48,0.20869
1985,13462,40009,32.168,594.05,610.77,-0.013885
1985,13916,40121,30.101,747.27,463.66,0.23421
1985,14402,40222,21.943,487.45,293.78,0.2479
1986,11870,38190,31.749,551.13,254.39,0.36838
1986,13465,40067,42.031,759.18,696.25,0.043242
1986,14231,39472,18.728,399.55,333.2,0.090551
1990,14613,38011,27.803,546.46,260.95,0.3536
1991,14621,37824,18.749,534.02,265.8,0.33535
1995,13305,38455,24.22,454.45,404.57,0.058066
1997,13196,37443,8.2641,3110.5,456.89,0.74386
2004,12139,38606,32.923,806,494.77,0.23926
2005,12390,38486,22.712,411.25,230.75,0.28116
2009,12511,38559,25.239,358.82,335.27,0.033938
2011,13177,38662,20.29,654.18,452.48,0.18226
2013,12356,38521,25.882,476.55,296.72,0.23255
2014,12069,38529,29.44,254.79,140.7,0.28849
2015,14335,39378,30.69,367.36,198.48,0.29846
2016,14550,38249,35.154,521.34,214.93,0.41617
2019,14144,37450,31.461,400.62,289.96,0.16024
2020,13901,39013,24.927,240.89,217.89,0.050137
2023,12405,38701,27.971,489.12,365.41,0.14477
2023,13020,37502,34.895,420.08,328.29,0.12265
2024,11918,37937,29.788,478.13,437.61,0.044252
2024,12597,37876,23.677,913.52,572.49,0.22949
2024,13250,40145,29.583,457.58,297.66,0.21175
2025,12751,38445,24.955,1144.8,871.8,0.13536
2027,13603,38848,28.852,828.1,579.89,0.17629
2027,14142,39031,25.347,867.04,476.76,0.29042
2028,12567,38585,29.165,266.41,257.22,0.017568
2030,13998,39133,36.125,489.66,470.85,0.019577
2035,11722,39828,22.807,719.07,414.89,0.26825
2035,12083,38622,32.849,296.91,312.77,-0.026016
2036,11961,39695,17.687,483.14,339.04,0.17526
2037,12190,39568,32.93,309.97,217.5,0.17531
2037,13477,39366,34.126,339.43,188.51,0.28585
2039,13801,39480,30.704,377.07,268.08,0.16895
2040,12199,39956,36.096,331.3,264.38,0.11235
2040,13408,38919,25.887,324.77,167.95,0.31829
2040,13790,37457,28.931,379.88,328.93,0.071895
2040,13969,39563,32.47,250.3,177.23,0.17092
2041,12117,40100,33.455,355.6,221.47,0.23242
2041,12871,38889,26.646,738.05,635.85,0.07439
2042,13657,40127,24.851,555.43,377.25,0.19105
2043,12096,38032,37.262,371.75,273.01,0.15314
2043,13733,38830,32.638,216.01,202.57,0.032115
2044,13810,40289,32.896,768.13,391.27,0.32505
2045,13327,39681,26.477,429.89,115.36,0.57685
2046,13145,39359,22.574,345.75,188.66,0.29395
2046,14261,40176,29.662,392.66,348.34,0.059816
2047,14111,40144,26.892,697.64,342.09,0.34196
2048,11904,37723,31.925,696.4,186.92,0.57679
2049,13188,39494,29.462,407.43,255.33,0.2295
2049,13340,40101,28.757,629.72,184.3,0.54719
2050,13729,37456,34.323,346.97,237.19,0.18792
2051,14162,38939,33.711,281.68,125.45,0.38375
2052,12336,39237,12.501,811.75,820.41,-0.00531
2053,12313,39224,16.377,412.44,299.69,0.15833
2058,14240,37975,25.882,794.11,381.51,0.35097
2059,13023,38124,31.169,405.95,188.6,0.36557
2059,14380,37792,27.169,384,143.95,0.45467
2060,14212,40206,12.588,555.08,390.94,0.17351
2062,12357,38145,27.524,495.53,448.01,0.050356
2063,13930,38153,20.304,336.89,182.63,0.29693
2066,11943,40246,26.914,732.52,573.73,0.12156
2066,13149,38398,29.958,345.16,387.75,-0.058101
2066,13852,37588,18.64,1275.4,678.47,0.30549
2066,13866,40222,31.296,452.42,318.59,0.17358
2067,14039,37397,22.003,807.27,567.76,0.17418
2069,13486,39948,26.163,711.14,545.2,0.13208
2070,12376,39130,35.074,723.84,456.33,0.22666
2072,14283,39048,30.082,409.73,159.08,0.44066
2076,13555,38765,30.962,485.19,348.21,0.16437
2077,11714,38347,22.372,927.43,532.5,0.27051
2078,12415,38867,37.445,524.85,223.21,0.40323
2078,13673,37578,25.966,692.9,532.94,0.13049
2079,11684,39791,24.112,464.83,153.12,0.50441
2079,12279,38951,38.326,280.88,294.59,-0.023828
2080,12523,39887,20.516,714.66,413.54,0.26691
2083,11741,38169,26.399,1197.1,667.9,0.28373
2083,11858,37476,17.801,446.3,220.65,0.33834
2084,11763,37478,25.571,724.42,452.54,0.231
2085,11893,37428,23.968,455.95,299.04,0.20783
2085,11799,38379,24.715,897.15,480.16,0.30276
2086,11805,38416,28.438,623.12,251.62,0.4247
2086,14585,39377,22.283,351.21,156.21,0.3843
2088,12098,39206,32.61,415.74,335.73,0.10647
2089,12009,39288,18.586,921.65,446.94,0.34686
2090,11881,39205,34.522,609.38,516.26,0.082731
2090,12063,39111,40.975,840.91,687.76,0.10018
2090,13044,37495,25.774,549.71,432.18,0.1197
2090,14345,37701,32.767,656.1,172.12,0.58435
2093,11745,37681,18.035,577.96,324.15,0.28136
2093,12722,37419,31.105,285.58,241.87,0.082864
2096,13585,37516,33.018,324.25,121.04,0.45636
2097,12364,38564,32.562,513.28,423.27,0.096113
2097,14524,39482,17.325,514.76,299.57,0.26425
2098,14652,39338,33.147,758.39,587.72,0.12679
2099,13958,37568,35.673,497.02,425.79,0.077189
2099,14188,40304,24.596,450.06,207.95,0.36796
2099,14185,38102,31.201,630.25,508.14,0.10726
2100,14082,38119,29.135,212.29,108.38,0.32405
2100,14081,40206,30.181,248.14,171.73,0.182
2104,12503,39970,19.766,510.12,328.07,0.2172
2107,12191,39054,29.229,361.72,259.53,0.16448
2108,11832,38847,31.051,398.99,215.31,0.29901
2109,11939,38717,24.809,1117.8,720.63,0.21602
2111,14007,38260,28.753,627.49,583.39,0.036418
2111,14614,39444,30.082,362.1,115.59,0.51605
2112,14588,39131,34.317,358.47,324.71,0.049429
2113,11872,37404,20.474,1077.5,464.55,0.39749
2114,12672,38552,16.449,354.02,640.52,-0.28808
2114,13703,37791,31.867,626,146.03,0.6217
2114,14600,38978,31.974,487.2,162.06,0.50079
2115,11878,38837,23.251,427.08,165.38,0.44172
2115,14111,37805,37.97,336.98,280.4,0.091644
2116,11913,38849,31.43,378.49,233.66,0.23659
2116,13361,40290,20.681,714.76,443.1,0.23462
2116,14142,37780,28.271,236.43,115.64,0.34311
2116,14653,38510,28.68,374.95,221.3,0.2577
2119,13620,37485,28.841,535.55,283.91,0.30708
2120,14194,40148,20.218,683.34,477.85,0.17696
2121,13995,37427,26.518,693.8,423.2,0.24225
2122,13702,37575,12.845,697.24,596.84,0.077588
2123,13700,37588,14.617,452.83,309.97,0.18728
2123,14600,40379,24.974,561.98,250.31,0.3837
2124,13698,40316,37.573,310.92,106.22,0.49073
2124,14652,38502,32.484,284.15,183.08,0.21632
2125,13688,37596,23.257,457.16,818.62,-0.28333
2126,13797,37539,30.304,313.15,522.21,-0.25027
2127,13737,37553,23.886,216.93,322.71,-0.19602
2129,11924,37467,17.056,557.34,203.9,0.46429
2129,13236,39504,23.87,628.3,418.45,0.20047
2130,13157,39155,27.908,340.97,306.87,0.052637
2130,13222,39612,24.369,331.38,129.25,0.4388
2130,14591,38880,28.016,666.06,545.39,0.099609
2131,12526,38694,21.817,484.34,341.74,0.17263
2131,13377,39316,33.23,408.24,301.82,0.14988
2132,13532,39323,20.693,684.31,264.65,0.44223
2134,12717,38522,21.511,522.96,230.96,0.38732
2143,14187,40341,36.293,248.57,171.9,0.18234
2144,14192,38817,33.518,534.95,245.02,0.37173
2144,14239,40289,32.522,230.67,153.06,0.20225
2146,14380,38519,30.448,332.95,187.87,0.27858
2147,11936,39059,37.085,267.4,112.94,0.40611
2147,13288,39523,26.6,679.8,382.05,0.2804
2147,14351,38705,32.581,573.63,230.23,0.42719
2149,14223,40321,25.733,519.26,339.49,0.20935
2150,12866,40234,33.043,341.28,158.96,0.36446
2150,14282,40232,32.407,237.05,145.54,0.23918
2151,12247,38762,26.566,514.45,411.9,0.1107
2153,11956,38387,24.744,872.28,371.78,0.40232
2153,14229,37474,15.054,578.61,155.24,0.57692
2154,11852,38473,18.698,634.02,412.79,0.21134
2154,13231,39618,27.269,391.27,170.13,0.3939
2154,14075,37546,31.075,312.64,190.51,0.24272
2154,14482,38193,30.697,712.85,309.16,0.395
2155,13262,38141,31.656,447.47,434.79,0.01437
2156,13093,40360,27.627,507.44,312.6,0.2376
2156,13528,38102,23.938,924.42,558.8,0.2465
2156,14070,37543,30.259,550.55,336.07,0.24191
2157,14161,39571,26.36,195.27,140.7,0.16244
2158,12380,38653,24.051,265.34,156.15,0.25905
2158,12367,40195,22.241,791.38,392.83,0.33655
2158,13273,38273,18.163,1062.8,722.65,0.19049
2159,12886,38445,23.935,612.82,352.62,0.26952
2159,14661,38749,27.653,390.74,220.25,0.27903
2160,12790,38490,26.263,1143.3,612.2,0.30254
2160,14460,38592,32.482,432.7,261.49,0.24664
2161,12963,38541,24.317,748.95,576.09,0.13046
2162,12697,40223,21.184,1059.1,651.84,0.23803
2162,12924,38435,31.107,318.48,156.79,0.3402
2167,13478,40051,27.117,407.42,192.58,0.35807
2167,14254,38933,26.889,275.09,246.68,0.05445
2168,12534,37748,26.504,657.49,404.21,0.23857
2169,12193,37564,34.705,322.78,187.95,0.264
2169,12235,38731,25.257,499.45,139.24,0.56397
2169,12562,37893,35.023,292.51,228.47,0.12293
2169,13030,37525,27.234,426.56,350.97,0.097215
2169,13263,39836,33.327,266.84,107.13,0.42707
2170,11709,39896,24.273,1019.2,564.28,0.28727
2170,12296,38771,35.163,406.44,251.82,0.23489
2170,12597,38148,27.137,323.13,202.81,0.22878
2175,12173,38612,19.019,724.94,496.76,0.18677
2175,12576,40358,25.549,579.37,289.09,0.33424
2176,11973,37486,23.673,315.51,224.79,0.16791
2177,11686,38957,16.592,908.64,637.24,0.17556
2177,13139,39268,20.24,706.12,562.8,0.11295
2178,11708,38832,22.186,433.08,263.99,0.24257
2178,11933,39962,23.555,440.75,212.54,0.34933
2178,12953,39454,25.313,776.8,251.19,0.5113
2178,13642,39245,28.421,548.92,465.16,0.0826
2179,12086,40059,26.273,669.01,216.25,0.51145
2180,13835,39809,27.936,219.84,126.23,0.27048
2181,13230,37552,29.636,526.88,404.41,0.13151
2181,14562,39207,31.847,210.85,167.72,0.11393
2185,14657,39514,25.663,490.04,125.4,0.59248
2190,13108,38160,32.385,277.51,145.72,0.31139
2194,13128,38204,27.491,680.11,226.83,0.4998
2194,14455,39394,15.074,910.6,517.44,0.27531
2195,13002,38223,18.713,557.73,216.02,0.44162
2195,14527,39314,30.621,186.5,114.7,0.2384
2197,13024,37725,26.914,354.59,161.66,0.37372
2198,13058,38367,33.623,436.68,283.38,0.21289
2200,13417,37479,33.438,337.12,153.93,0.37307
2207,12801,38454,29.335,233.48,122.84,0.31049
2207,13456,40186,29.155,676.68,546.36,0.10655
2208,14627,37828,28.409,650.83,288.67,0.38548
2209,14085,37571,22.745,273.91,165.42,0.24693
2210,14053,37548,19.305,575.48,277.58,0.34921
2210,14253,38281,27.384,705.15,312.2,0.38625
2211,12772,38621,25.31,606.78,447.85,0.1507
2211,14051,37754,34.023,369.96,104.89,0.55822
2211,14342,38433,24.952,372.48,129.93,0.48277
2213,12894,38434,34.765,457.93,201.85,0.38814
2214,14649,38158,18.68,578.55,112.84,0.67358
2215,12348,40074,24.139,720.4,266.36,0.46013
2216,12657,40093,17.116,754.86,391.23,0.31728
2218,14570,40201,28.493,402.32,225.94,0.28075
2219,12175,38995,35.777,201.04,203.08,-0.005038
2219,12140,40273,26.678,314.42,297.64,0.027422
2221,12420,39703,25.231,587.78,102,0.70425
2222,11937,38740,25.148,262.32,142.09,0.2973
2225,12145,39685,36.482,240.01,108.27,0.37826
2226,11910,38126,29.548,240.16,205.88,0.07686
2228,13640,38684,26.201,247.69,160.94,0.21231
2229,11965,38544,21.563,676.06,268.16,0.432
2230,11717,38374,20.841,538.16,196.27,0.46552
2230,12090,39176,20.671,649.99,266.72,0.41809
2231,12474,39295,32.565,433.35,259.3,0.25127
2231,13711,39988,34.394,382.28,200.46,0.312
2235,11996,39467,32.014,306.01,175.13,0.27203
2236,12005,39381,29.176,379.12,103.67,0.57053
2236,12905,40378,23.435,763.87,382.18,0.33305
2237,12791,40319,27.367,1301.6,893.23,0.18608
2238,13011,38621,27.776,579.9,150.02,0.58894
2239,13132,40011,28.22,525.83,354.27,0.19493
2239,14229,37420,20.047,449.93,379.15,0.08536
2240,12215,39887,22.317,1298.3,918.22,0.17149
2240,13066,38804,19.012,549.27,264.28,0.35029
2240,14220,37396,22.895,474.02,308.6,0.21137
2242,14180,37419,27.161,214.81,256.11,-0.0877
2248,12866,38172,32.127,294.06,175.9,0.25143
2249,12413,39181,32.886,528.63,424.68,0.10903
2249,14009,37580,28.556,468.19,103.13,0.63897
2252,12814,39841,31.424,467.22,200.22,0.40004
2253,11920,38160,22.435,624.03,273.92,0.3899
2254,11710,38255,20.359,922.44,234.99,0.59395
2254,11979,39795,30.903,581.75,228.14,0.43661
2254,12751,40142,31.32,424.32,205.06,0.34837
2255,12720,40337,29.334,853.79,452.42,0.30728
2256,12237,40198,29.707,323.57,320.83,0.0042476
2257,12354,40244,23.543,343.43,236.14,0.18511
2258,12495,40029,16.836,1252.3,615.04,0.34126
2259,13903,40330,27.611,933.31,442.47,0.35678
2261,12051,37880,27.697,286.81,173.7,0.24563
2261,13436,37426,20.2,570.11,164.57,0.55199
2261,14560,39410,15.826,1140.9,562.96,0.33919
2262,14610,38300,27.34,383.27,303.03,0.11693
2263,11949,37673,30.109,299.96,213.74,0.16785
2263,14528,38377,28.961,421.64,424.77,-0.0036988
2264,12347,38870,30.274,505.27,367.83,0.15742
2265,12503,38674,25.489,571.15,312.11,0.29327
2265,14497,38158,31.885,401.39,171.5,0.40129
2266,12555,38754,26.886,718.84,460.33,0.21923
2266,14465,39048,31.367,191.3,101.01,0.30888
2267,12343,38680,18.534,314.55,159.42,0.32729
2267,14454,37910,24.805,271.03,610.07,-0.3848
2268,12418,38898,19.167,524,307.08,0.26101
2268,14069,38745,17.048,427.12,155.75,0.46558
2268,14519,37956,33.894,247.96,270.4,-0.043292
2269,12369,38653,29.561,315.64,348.92,-0.050074
2269,12495,39840,14.792,454.32,124.82,0.56894
2269,12937,38071,36.151,414.31,307.01,0.14875
2269,14422,38003,32.18,340.23,288.2,0.082792
2270,13321,38083,26.082,578.57,414.71,0.16497
2270,14609,37780,32.476,280.36,310.93,-0.051703
2271,13536,37925,27.959,356.62,184.28,0.31861
2271,14086,39303,25.504,552.23,314.1,0.27486
2271,14338,40362,14.33,453.01,188.13,0.41315
2272,12251,40165,32.409,202.42,135.65,0.19751
2272,13991,39216,30.953,395.77,333.51,0.085376
2273,14597,40307,20.569,451.64,128.83,0.55612
2274,13903,39035,29.766,357.23,276.54,0.12733
2274,14651,37546,29.297,497.8,139.47,0.56229
2275,13887,39027,27.113,643.29,402.07,0.23075
2277,11880,39188,29.164,533.5,383.98,0.16296
2277,13021,37610,25.086,409.51,234.11,0.27252
2278,13055,37660,28.41,694.24,613.07,0.062092
2278,13161,38411,25.221,615.35,311.18,0.32829
2278,13110,37713,34.007,865.86,746.1,0.074294
2278,13894,39465,32.081,324.44,427.79,-0.13739
2279,13634,39330,29.252,373.21,342.35,0.043121
2281,13843,39071,25.187,349.14,268.23,0.13106
2282,13904,39239,31.164,397.13,254.14,0.21955
2284,13844,38914,27.034,313.5,341.77,-0.043136
2288,11765,38519,18.085,798.63,247.02,0.52753
2288,12742,40229,25.781,521.45,240.43,0.36886
2289,11888,38450,26.542,771.35,499.31,0.2141
2289,12927,39079,24.924,501.93,451.18,0.053239
2289,13652,39440,35.168,205.07,234.5,-0.066949
2289,14396,39261,32.422,219.12,198.41,0.049612
2291,14424,39360,30.976,328.86,250.7,0.13487
2292,14617,39471,35.519,430.02,208.61,0.3467
2293,14574,39429,9.7548,817.86,540.99,0.20375
2294,14537,39424,15.558,718.83,410.77,0.27271
2295,14623,39416,13.897,1059.9,876.48,0.094705
2296,14648,39448,18.643,746.51,547.17,0.15409
2297,12970,39659,24.278,419.37,383.73,0.044385
2298,13752,40154,29.814,341.72,119.51,0.48178
2299,13300,38731,37.805,497.98,236.57,0.35588
2299,14164,37532,19.184,847.89,402.03,0.35671
2300,14183,37528,14.782,586.64,292.16,0.33509
2301,13440,38567,32.019,371.95,166.02,0.38277
2301,14018,37511,29.353,537.24,210.6,0.43678
2302,13162,38041,23.581,642.02,325.79,0.32674
2303,13101,38044,29.158,544.05,245.02,0.37898
2305,12215,39709,34.009,855.59,195.4,0.62816
2306,14004,39241,29.239,486.53,227.75,0.3623
2312,11894,37555,19.447,296.05,207.31,0.17628
2313,11848,37512,21.845,330.36,308.77,0.033776
2314,14492,37823,20.334,665.69,256.61,0.44354
2318,11787,39592,32.425,307.61,199.73,0.21263
2318,12290,39010,24.306,837,511.4,0.24147
2319,12952,38503,24.93,507.82,316.26,0.23245
2321,11757,38943,28.031,769.77,647.76,0.086073
2321,14159,37605,25.024,1136.6,924.23,0.10303
2322,13880,39958,20.642,1266.6,373.37,0.54468
2323,12111,38728,27.19,400.05,186.63,0.36378
2323,12780,37396,33.155,301.97,132.24,0.39089
2323,14053,39021,33.557,418.95,281.56,0.19612
2323,14046,40187,40.754,791.13,581.73,0.15253
2324,12360,39068,19.729,509.04,302.88,0.25391
2324,12385,39979,28.955,303.89,104.64,0.48772
2324,12663,40371,33.301,466.55,328.18,0.17411
2324,14077,39083,39.273,472.38,277.18,0.26042
2325,12394,38687,20.273,859.49,492,0.27192
2325,12642,40160,32.704,596.86,241.2,0.42438
2325,13944,39153,29.374,397.25,203.82,0.3218
2326,11904,39004,30.829,578.41,414.61,0.16495
2328,11872,40001,30.094,575.35,402.69,0.17654
2328,11878,39365,28.022,1026.3,571.58,0.28457
2329,12434,39050,32.401,256.41,187.96,0.15404
2329,12737,40311,35.168,288.35,191.57,0.20165
2330,12198,39013,25.837,586.64,298.87,0.32498
2332,12176,39266,21.485,643.64,368.46,0.27189
2333,11794,38059,23.117,935.15,430.39,0.36964
2333,11983,38996,36.278,576.61,419.09,0.1582
2334,11949,38452,20.949,834.95,300.94,0.47012
2334,12191,38905,31.925,498.61,389.67,0.12264
2335,12155,38899,31.043,491.48,440.08,0.055175
2338,11687,38871,25.839,516.8,388,0.14235
2338,11787,40157,28.714,254.43,155.23,0.24215
2338,13399,38804,31.596,564.72,473.43,0.087936
2339,11791,38944,31.855,600.53,192.43,0.51466
2339,11908,39882,27.101,473.71,334.66,0.17201
2340,11742,38990,29.999,349.32,135.19,0.44195
2340,11930,39822,35.605,507.77,310.65,0.24085
2342,13187,37515,21.503,561.41,290.92,0.31736
2342,13666,40360,31.407,515.48,424.41,0.096892
2343,13192,37425,30.014,367.35,124.19,0.49468
2348,12275,39712,24.247,409.35,330.4,0.10673
2349,14648,39439,24.155,361.28,305.23,0.084098
2350,13321,39683,21.203,461.66,256.28,0.28608
2350,14643,39493,26.669,361.98,241.4,0.19984
2351,11678,39884,33.282,456.57,163.8,0.47193
2351,12696,38501,18.073,476.42,183.11,0.44472
2353,12827,37950,31.162,746.34,538.93,0.16138
2354,12626,38100,31.106,477.65,523.16,-0.045475
2355,12592,38254,29.683,290.16,129.46,0.38295
2356,13333,38919,28.944,356.84,200.24,0.28112
2358,12595,40213,25.236,718.74,466.95,0.21236
2358,13311,38736,20.668,295.61,172.78,0.26225
2360,14251,38156,37.625,316.49,101.48,0.5144
2361,12785,37860,29.127,986.66,507.22,0.32093
2362,12991,37858,21.621,616.03,273.61,0.38489
2362,14275,37418,33.183,354.17,218.22,0.23752
2362,14222,38675,36.641,304.54,281.82,0.038753
2363,14205,38654,24.16,637.96,633.37,0.0036081
2365,11953,39006,30.488,906.93,418.28,0.36873
2366,12289,38879,29.241,419.64,234.78,0.28249
2367,12474,38851,30.718,597.75,337.67,0.27804
2367,12613,38098,31.855,519.06,495.69,0.023038
2367,14510,39164,37.113,208.12,107.78,0.31763
2368,12054,38817,26.204,450.99,157.22,0.483
2371,14162,39096,33.69,454.61,188.31,0.41422
2372,14287,39225,17.25,819.59,389.7,0.35549
2373,14285,39235,16.421,960.06,470.96,0.34178
2374,14406,39329,24.023,597.09,398.46,0.19952
2376,12687,37722,28.603,980.73,590.68,0.24821
2377,12668,40023,20.191,735.04,343.29,0.36329
2377,13076,37621,24.452,357.65,255.07,0.16742
2378,12992,37498,25.318,436.19,211.08,0.34778
2380,12915,37936,22.873,482.01,399.76,0.093283
2382,12794,38239,30.833,228.79,149.19,0.21059
2382,13544,40236,17.211,969.4,585.91,0.24657
2382,14592,39463,18.203,943.6,586.8,0.23314
2383,13768,40308,29.602,508.4,231.69,0.37389
2383,14580,39371,23.39,512.04,295.47,0.2682
2384,12454,38363,31.775,305.14,267.37,0.065974
2384,12761,40098,34.059,324.83,236.82,0.15669
2384,14572,39052,32.574,459.57,401.48,0.067472
2385,12433,38224,29.081,468.48,353.12,0.14041
2387,12557,38214,28.223,574.64,216.09,0.45345
2388,12446,38262,27.371,344.45,209,0.24474
2389,12005,38391,23.741,445.67,110.97,0.60129
2390,11878,38185,26.312,484.74,140.92,0.54952
2395,13233,37611,24.653,440.49,205.65,0.36346
2396,13368,37502,32.049,352.67,219.43,0.23289
2397,12591,37835,27.996,328.51,289.51,0.063103
2398,12531,38619,21.671,706.15,511.77,0.1596
2399,12386,38569,15.944,1264.9,768.81,0.24392
2399,14624,38771,37.671,929.58,857.9,0.040099
2400,12640,38467,24.046,779.02,317.17,0.42132
2402,11801,39729,22.747,700.29,390.2,0.28436
2404,14191,40221,19.23,512.73,347.28,0.19238
2404,14198,38702,38.258,549.92,148.53,0.57468
2406,13258,39234,30.791,273.33,145.29,0.30585
2407,13286,38878,30.873,242.51,113.41,0.36271
2408,12059,39529,29.532,792.58,700.32,0.061797
2410,14584,40329,19.963,650.86,382.08,0.26021
2412,11674,38924,22.205,473.32,326.83,0.18307
2413,12335,38112,33.128,312.97,220.82,0.17265
2414,11866,38894,30.776,729.09,327.61,0.37995
2414,12177,38355,26.62,397.72,148.35,0.45666
2414,13262,39535,26.205,592.53,418.24,0.17243
2415,11853,38971,22.416,310.5,110.89,0.47368
2415,12361,38234,31.903,476.98,160.49,0.49648
2415,13325,39539,23.713,337.77,285.6,0.083695
2415,14140,39248,26.02,704.94,386.64,0.29159
2416,11797,39072,23.252,428.08,350.35,0.09986
2416,12560,38361,31.786,371.34,363.13,0.011176
2416,13421,39702,37.588,363.3,320.67,0.062328
2417,11776,39087,22.016,721.58,672.16,0.035452
2417,12451,38312,26.58,269.83,127.27,0.359
2417,14153,40377,20.168,871.91,603.18,0.18218
2419,14448,40363,19.004,940.74,674.82,0.1646
2420,11797,39742,25.868,514.62,229.65,0.38289
2420,11912,38348,23.734,628.65,237.45,0.45168
2421,11727,39962,21.34,372.49,193.4,0.31648
2421,12908,39621,30.2,653.63,599.5,0.043195
2422,11968,40244,31.285,383.87,213.7,0.28476
2423,13509,40076,23.203,436.65,296.54,0.19109
2424,13076,39237,36.257,831.55,482.09,0.26602
2426,13081,39294,16.692,1027.1,541.82,0.30932
2427,13033,39420,31.16,505.22,350.86,0.18031
2429,11701,38351,16.692,529.54,372.77,0.17374
2430,13292,37424,28.159,278.1,197.89,0.1685
2431,11853,40145,25.977,414.95,552.88,-0.14252
2431,13433,40117,33.493,592.01,469.55,0.11536
2433,13301,38483,28.385,542.75,418.26,0.12954
2435,14254,37497,16.404,331.01,198.27,0.2508
2437,13432,37452,26.329,711.8,233.29,0.50631
2439,14147,40241,15.41,1071.1,648.9,0.24547
2440,14219,40292,10.81,1320.1,764.63,0.26645
2442,12485,40241,20.355,795.56,676.8,0.080657
2442,14246,37967,31.878,881.55,903.94,-0.012543
2442,14238,40325,12.707,931.62,588.36,0.22583
2443,12666,40348,31.13,715.1,644.01,0.052307
2443,14151,40227,15.754,479.66,255.91,0.30419
2443,14569,38047,31.5,286.68,218.14,0.13577
2444,13150,39164,23.19,755.23,309.78,0.41826
2445,12011,38057,29.057,351.37,223.81,0.22179
2445,12813,37992,27.613,791.11,418.23,0.30833
2445,13294,39082,18.383,693.27,345.32,0.33502
2446,12245,37668,32.578,563.11,449.2,0.11253
2446,14457,37550,34.825,591.66,210.19,0.47573
2446,14659,39344,18.344,555.71,406.68,0.15485
2448,14242,38686,34.775,322.46,211.55,0.20769
2448,14150,40279,28.605,233.77,153.45,0.20742
2449,12375,39887,17.006,650.34,193.23,0.54188
2449,12498,38476,29.535,391.5,344.13,0.064388
2449,14372,38810,28.387,254.95,120.66,0.35751
2452,14267,37544,11.797,661.31,510.89,0.12832
2453,14193,37557,32.636,397,238.97,0.24849
2455,12641,37466,36.779,473.5,488.71,-0.015802
2456,12593,37431,23.78,353.46,204.65,0.26663
2456,13195,39352,26.687,382.48,177.3,0.36654
2457,13289,39688,38.53,297.03,220.09,0.14878
2458,11717,37392,26.405,504.73,419.37,0.092375
2461,12513,39887,27.524,743.04,619.76,0.090461
2461,14299,40246,29.95,757.02,455.76,0.24841
2461,14531,40236,26.033,835.34,484.57,0.26575
2462,14244,40282,29.62,527.86,248.64,0.35959
2463,11867,37571,24.347,448.09,235.96,0.31012
2463,14169,40265,22.901,394.12,142.59,0.46866
2464,14176,40262,15.236,514.43,231.12,0.38
2464,14637,39380,23.812,318.73,154.93,0.34583
2465,14173,40299,10.562,865.03,339.18,0.43667
2465,14427,39435,20.852,644.18,345.82,0.30138
2466,14174,40321,26.299,221.48,100.04,0.37768
2469,14190,38182,34.346,254.45,148.36,0.26337
2469,14160,38582,31.176,252.45,116.55,0.3683
2470,14224,40339,19.687,530.65,400.57,0.13969
2473,14136,40184,39.053,306.45,210,0.18676
2474,13520,38036,27.765,412.22,418.1,-0.0070791
2475,13623,38131,27.094,649.62,346.73,0.30401
2476,13684,38003,25.502,269.89,191.1,0.17092
2477,14185,40308,23.126,240.16,225.01,0.032579
2478,14205,40309,32.05,367.91,547.57,-0.19625
2479,14315,39100,31.629,408.74,358.74,0.06515
2479,14217,40335,23.713,405.69,277.87,0.187
2480,12119,37959,33,317.88,135.52,0.40221
2480,14175,39285,33.873,374.75,267.04,0.16783
2480,14112,40267,17.436,501.91,330.16,0.20642
2481,11942,37496,21.826,531.48,379.27,0.16713
2481,12007,37773,29.403,795.19,582.03,0.15477
2482,12249,39793,27.879,927.21,927.33,-6.3552e-05
2483,12071,39774,22.427,930.13,508.73,0.29287
2483,14123,40347,35.062,448.95,135.18,0.53716
2484,12033,39813,36.546,231.23,138.36,0.25129
2485,13912,40255,23.997,788.53,463.07,0.26003
2486,14235,37684,33.847,733.28,256.13,0.48225
2487,11815,39116,25.348,545.72,429.28,0.11942
2487,14136,40382,31.13,322.47,152.99,0.35646
2487,14415,37841,19.823,936.12,657.76,0.17464
2488,11971,39269,33.735,677.17,403.98,0.25269
2488,12828,38432,25.368,461.48,279.65,0.24534
2488,13961,40355,25.377,556.19,586.07,-0.026165
2488,14366,37768,18.326,518.44,319.87,0.23688
2489,12058,39233,26.37,688.25,461.76,0.19694
2489,13997,40278,19.919,909.47,714.71,0.11992
2489,14408,37565,27.686,338.32,134.43,0.43128
2490,14388,37542,23.485,713.13,436.53,0.24059
2497,12383,38580,20.051,378.22,194.88,0.3199
2497,14219,39006,32.209,330.71,248.83,0.14128
2500,13441,39853,21.186,414.06,112.34,0.57318
2501,12558,38985,35.488,333.29,371.39,-0.054073
2501,13453,39958,19.232,515.15,201.01,0.43864
2501,14287,39962,32.393,315.71,152.06,0.34984
2502,12354,38618,29.434,586.54,189.95,0.51074
2503,12755,38432,25.907,623.45,453.63,0.15766
2505,13673,39662,28.089,248.55,227.19,0.044915
2506,13548,39471,26.033,410.87,194.57,0.35725
2506,14125,40335,20.386,418.39,230.97,0.28863
2508,13663,39274,25.977,310.82,148.38,0.35374
2508,14442,38147,36.406,1120,291.5,0.58695
2509,13703,39323,22.024,399.84,262.6,0.20718
2510,12482,39379,28.458,845.84,866.97,-0.012334
2510,13956,39502,37.678,318.85,293.26,0.04181
2511,12542,39342,29.444,454.47,413.79,0.046847
2511,13487,38600,16.9,1177.1,723.65,0.23855
2512,12619,39259,30.383,287.8,188.58,0.20829
2512,14157,37882,32.954,624.41,621.2,0.0025771
2514,12520,37913,34.587,340.42,123.74,0.46684
2514,12720,39672,30.488,494.38,336.03,0.19069
2514,14063,40251,16.843,468.97,242.31,0.31866
2515,12539,37781,30.371,598.72,633.22,-0.02801
2515,12549,39574,30.444,315.53,301.53,0.022686
2516,12698,37951,31.27,508.19,288.22,0.2762
2517,13597,38413,29.425,600.12,215.12,0.47225
2517,14501,37850,23.378,703.46,283.34,0.42573
2518,13315,40171,29.88,513.87,520.72,-0.0066155
2518,14579,37904,22.065,959.97,708.59,0.15066
2520,13892,38297,25.794,625.88,427.77,0.18802
2522,13716,37686,28.039,314.34,119.57,0.44887
2522,14231,39482,27.619,314.1,185.98,0.2562
2522,14556,37783,32.082,317.98,159.12,0.33297
2523,14324,39240,32.334,461.2,173.93,0.45229
2524,13109,39076,27.633,556.61,339.32,0.24253
2525,12296,39348,24.76,593.02,463.62,0.12247
2526,12325,39245,27.227,197.31,180.6,0.044226
2526,13470,39360,24.014,330,214.5,0.21213
2527,12418,38353,30.995,623.65,584.94,0.032028
2528,13030,37466,21.352,406.61,163.76,0.42578
2529,11831,39287,32.39,848.99,645.43,0.13621
2529,12998,37446,24.475,491.08,267.82,0.2942
2529,13729,39650,34.007,257.99,221.72,0.075613
2530,11758,39234,28.172,1778.1,953.94,0.30167
2531,11872,39133,14.908,1928.9,1084,0.28043
2531,13658,40226,31.106,409.51,154.35,0.45251
2532,11764,38766,31.212,1137.7,733.86,0.21577
2532,11753,39041,26.283,1222.5,782.47,0.21948
2532,13719,40113,30.91,596.76,344.02,0.26865
2533,11836,39506,28.215,1162.3,598.08,0.32052
2533,12030,38718,20.689,1363.8,799.23,0.261
2534,11694,39609,16.357,1404.2,1061.7,0.13888
2534,13868,40013,30.583,545.17,321.19,0.25853
2537,11800,40359,32.354,513.98,142.35,0.56623
2538,12388,38432,22.162,288.73,155.33,0.30041
2539,13031,39022,25.282,376.99,238.72,0.22457
2539,13796,38411,34.045,113.84,104.81,0.041271
2542,12878,39228,33.109,372.37,155.27,0.41144
2547,12712,40117,34.446,950.96,515.48,0.29696
2547,14100,38256,30.773,267.73,156.77,0.26138
2551,14627,39415,21.407,303.97,204.3,0.1961
2552,11871,37494,35.503,322.01,280.26,0.069322
2552,13679,39042,26.601,543.49,253.95,0.3631
2553,13738,39135,29.248,257.51,101.07,0.43629
2554,14013,39048,25.353,492.58,457.15,0.037307
2555,14343,38865,38.234,364.9,211.25,0.26669
2556,14553,39523,25.666,654.51,367.6,0.28071
2557,14538,39550,24.127,498.46,449.86,0.051251
2560,12974,38588,29.737,971.49,581.98,0.25073
2563,11995,39678,26.54,538.17,263.81,0.3421
2563,14200,37496,25.481,339.59,213.01,0.22907
2564,12323,39829,25.271,837.56,562.62,0.19636
2566,12650,38126,22.498,608.23,432.15,0.16925
2568,14610,39354,14.147,531.53,332.67,0.23011
2569,13656,40153,30.971,511.95,260.87,0.32489
2572,12162,39868,21.328,950.73,499.16,0.31145
2573,12621,39286,24.138,1128.3,489.42,0.39493
2573,14000,39676,29.711,481.58,303.11,0.22745
2573,14159,37886,40.546,371.13,103.16,0.56498
2574,12704,39218,33.736,944.03,454.9,0.34965
2574,14245,37470,17.44,364.09,231.17,0.2233
2575,14283,37491,16.914,424.41,196.64,0.36674
2576,12398,39658,32.178,480.83,246.94,0.32138
2577,12274,39650,23.5,432.94,356.39,0.096973
2577,13242,38447,22.724,491.61,378.73,0.1297
2579,11779,37869,28.514,595.24,543.88,0.045087
2580,13937,37965,33.481,385.81,320.29,0.09279
2581,12704,38049,23.729,316.07,146.14,0.36764
2581,13997,37889,30.724,778.06,671.21,0.073725
2582,13220,38046,31.04,229.4,205.45,0.055067
2582,14110,38030,25.113,580.36,537.34,0.038495
2582,14208,40370,22.032,554.38,442.54,0.11219
2584,12090,39294,23.632,566.08,460.68,0.10266
2585,11714,39110,19.946,1195.3,550.02,0.36973
2585,14126,37901,27.408,602.83,304.65,0.32858
2586,13414,37573,41.518,895.26,295.71,0.50342
2586,14228,37698,39.049,421.45,343.41,0.10204
2586,14561,39363,20.499,486.01,316.79,0.21079
2587,12933,40270,23.16,922.97,682.11,0.15006
2587,14304,40378,34.696,183.2,135.51,0.14965
2588,12859,40365,30.337,781.62,573.86,0.15327
2588,13328,40283,29.977,400.12,303.51,0.1373
2588,14492,38271,28.749,761.33,391.56,0.32073
2590,12700,39662,26.788,671.14,261.64,0.43901
2591,12629,39841,19.327,770.62,436.78,0.2765
2592,13662,39556,34.691,379.19,290.04,0.13322
2594,13360,37797,33.274,587.23,431.8,0.15253
2594,13480,40072,17.495,801.63,438.22,0.29311
2595,13406,37807,35.06,608.93,274.29,0.37888
2595,13421,39954,14.832,993.73,513.04,0.31902
2596,13511,39781,33.025,626.41,442.68,0.17186
2596,13536,40035,23.345,1042.1,773.82,0.14772
2598,12890,40321,25.299,703.26,207.18,0.54488
2598,13479,39970,32.134,487.58,325.94,0.1987
2600,14154,37510,22.191,543.18,358.29,0.2051
2601,14060,37761,23.246,322.45,302.17,0.032467
2601,14443,39456,30.359,632.56,185.12,0.54721
2602,13809,37688,22.718,507.56,279.8,0.28927
2603,13275,40064,37.826,379.5,347.07,0.044637
2603,13964,37628,31.032,546.01,254.15,0.36475
2604,13250,40095,33.166,667.44,351.77,0.30972
2606,12677,39814,23.386,668.14,363.29,0.29556
2607,12569,39545,24.92,607.37,514.52,0.08276
2608,12596,39480,33.211,581.8,298.58,0.3217
2609,12345,39867,36.317,125.36,476.49,-0.58341
2609,12653,39015,32.692,376.82,224.22,0.2539
2610,12941,38004,22.648,553.45,262,0.35741
2610,12906,39157,32.748,717.12,461.31,0.21708
2611,12473,38985,26.533,644.97,470.61,0.15629
2611,12854,38922,27.809,434.9,183.38,0.4068
2611,13119,37735,32.632,514.63,311.49,0.2459
2612,12818,38560,16.815,327.6,227.82,0.17964
2612,13197,37749,36.768,442.2,229.65,0.31637
2613,12856,38534,11.05,594.09,475.41,0.11096
2613,14256,38934,33.851,638.98,191.23,0.53932
2614,12843,38514,21.119,229.15,258.4,-0.060005
2614,14506,38902,33.86,279.61,104.66,0.45526
2615,12544,39886,14.581,700.81,369.28,0.30982
2616,12479,39983,22.058,392.83,211.69,0.29964
2616,14110,37414,23.855,610.29,304.21,0.33469
2617,12447,39076,32.641,321.86,169.01,0.31139
2618,12386,40213,27.175,733.6,420.75,0.27102
2622,12636,39864,22.416,1142.8,740.52,0.2136
2624,12442,40269,27.381,605.39,324.01,0.30276
2624,12942,39844,28.817,887.67,414.45,0.36342
2624,13678,37610,28.138,622.11,416.35,0.19814
2625,12844,39542,30.465,338.49,186.32,0.28996
2626,13548,37469,35.091,564.92,313.96,0.28555
2627,13558,37427,23.636,323.11,224.71,0.17963
2628,13488,37525,32.09,261.34,141.76,0.29663
2629,14491,37938,31.717,491.87,230,0.36277
2630,14583,37947,29.296,587.35,397.95,0.19223
2631,14123,37977,25.118,665.74,296.09,0.38432
2631,14652,38315,18.448,655.88,250.49,0.44727
2632,11850,37715,26.561,759.15,439.6,0.26657
2632,14084,40371,23.686,278.7,232.81,0.08971
2632,14236,38024,32.194,443.83,242.25,0.2938
2633,11957,39151,7.6626,1445.6,196.92,0.76023
2633,12003,37781,29.731,258.8,120.76,0.3637
2633,14165,40374,14.468,493.9,258.24,0.31332
2634,11904,38896,11.734,1041.1,152.74,0.74413
2634,14572,38956,28.613,218.36,264.43,-0.095432
2635,11893,37503,18.974,412.05,253,0.23916
2635,12654,38944,35.471,583.81,523.88,0.054109
2638,13942,40235,15.839,650.33,506.06,0.12475
2639,12546,38181,25.725,905.43,632.4,0.17754
2639,12518,40199,32.054,420.71,119.87,0.55651
2639,13880,40079,19.931,454.23,472.36,-0.019557
2640,11959,38643,8.762,782.62,162.8,0.65561
2640,13568,38641,26.746,407.38,280.47,0.1845
2641,11950,38635,7.555,1354.6,149.48,0.80123
2641,12350,40011,27.563,573.17,464.7,0.10452
2642,11947,38674,5.6123,1745.1,232.36,0.765
2642,12473,39845,20.672,1128.5,690.8,0.2406
2643,12059,38734,22.853,634.41,171.37,0.57464
2644,11674,40293,26.656,311.43,323.97,-0.019735
2644,12352,39041,27.853,289.24,218.27,0.13983
2647,14005,38766,34.692,433.92,390.23,0.053004
2648,11968,39271,29.534,640.13,374.53,0.26176
2648,12352,38795,26.544,284.48,197.22,0.18115
2648,13337,38014,34.75,457.08,189.33,0.41421
2649,11920,39489,36.842,106.61,122.19,-0.068086
2649,12483,38845,28.726,493.07,265.24,0.30045
2650,14591,38422,29.127,256.58,221.36,0.073676
2651,12008,37625,19.954,992.7,501.02,0.32916
2651,13743,37596,31.99,1239.9,746.15,0.24863
2651,14193,37529,16.391,471.51,182.13,0.44272
2651,14619,38405,28.985,397.36,309.17,0.12483
2652,11937,37417,16.357,504.94,237.44,0.36033
2652,12307,37877,39.171,573.28,239.77,0.41019
2655,13439,40051,25.776,895.69,344.17,0.44483
2656,13628,40182,28.719,728.77,605.57,0.092325
2657,14337,37445,13.584,377.21,126.28,0.49839
2658,13668,40176,19.815,811.27,441.42,0.29524
2659,12644,39470,30.074,374.66,246.67,0.20599
2660,14556,39554,28.385,609.43,285.56,0.36187
2661,12317,39596,33.28,646.94,560.73,0.071386
2662,13729,37427,21.668,822.45,507.88,0.23646
2663,12488,39412,24.521,948.18,382.6,0.425
2664,12363,39235,27.662,544.34,438.34,0.10787
2667,13451,38833,30.862,472.75,280.61,0.25504
2668,13309,38526,29.603,549.3,576.52,-0.024179
2668,14520,39418,18.819,687.78,349.3,0.32638
2669,11965,37867,23.332,267.75,185.26,0.18209
2669,13100,38977,27.028,620.11,280.45,0.37716
2670,12972,38908,27.129,443.57,289.5,0.21017
2672,12326,39700,34.889,316.81,197.75,0.23139
2673,12360,40197,29.902,564.26,328.89,0.26352
2673,14662,38366,16.737,708.46,364.63,0.32041
2674,12228,40062,27.002,388.12,413.32,-0.031442
2674,13422,39116,27.325,690.97,459.31,0.2014
2674,14571,38532,36.95,490.69,343,0.17715
2675,12124,38624,32.071,336.23,280.4,0.090538
2675,13854,38032,34.291,254.4,128.68,0.3282
2676,12135,38850,26.981,648.05,243.28,0.45413
2676,12105,40051,37.515,561,274.21,0.34338
2677,11736,37421,33.663,899.62,564.23,0.22912
2680,12392,39358,31.644,491.16,576.88,-0.08026
2681,13123,39645,27.817,369.45,267.16,0.16068
2682,14046,38823,25.774,288.89,159.57,0.28837
2683,13124,39555,22.342,1021.9,646.57,0.22498
2683,13801,38030,37.102,332.38,217.17,0.20964
2683,13974,38608,33.925,319.14,246.63,0.12816
2684,12223,39937,32.434,434.68,336.77,0.12692
2685,12027,39877,28.941,527.31,404.39,0.13193
2685,13842,40016,32.562,261.18,120.93,0.36704
2686,13799,40127,24.448,481.02,254.54,0.3079
2687,12679,40153,28.692,505.77,336.25,0.20132
2688,11984,39026,20.892,763.01,867.46,-0.06406
2688,12698,37892,34.149,694.3,277.74,0.42855
2688,14617,40258,35.224,350.9,130.51,0.45781
2689,11791,39242,21.401,1065.2,632.16,0.25513
2690,11714,39217,21.078,998.56,543.62,0.295
2690,12897,39106,31.854,388.5,152.86,0.43529
2690,13578,38274,27.398,505.3,475.88,0.029986
2691,12799,38966,22.128,673.51,266.95,0.4323
2692,13077,38129,31.566,253.57,204.03,0.10827
2692,14048,38187,32.081,630.39,256.36,0.4218
2693,11931,37706,28.722,550.38,244.53,0.38476
2693,12324,38603,31.43,239.34,223.56,0.034089
2693,14663,39720,25.991,581.98,339.17,0.2636
2694,11754,37880,23.305,697.97,343.22,0.34071
2694,11769,38482,20.243,630.89,195.71,0.52647
2694,13687,38217,27.173,503.1,222.7,0.38633
2695,11721,39918,26.015,850.72,462.4,0.29572
2695,13619,37967,25.512,623.07,446.76,0.16481
2696,13677,37803,18.107,1008.4,267.69,0.58046
2697,13727,37410,25.379,767.42,460.39,0.25006
2697,14436,37620,29.351,224.59,129.19,0.26966
2699,13862,37720,26.583,757.89,418.25,0.28878
2700,13967,37771,33.838,560.18,555.32,0.0043574
2701,11937,39380,15.728,863.97,545.45,0.22599
2707,12289,37809,31.855,534.85,198.05,0.45955
2707,13565,37817,23.223,428.69,341.77,0.11282
2708,13642,38297,35.705,922.38,655.91,0.16883
2709,13149,38509,17.04,331.79,174.9,0.30964
2709,13920,37951,26.818,558.09,310.38,0.28522
2710,13203,38434,30.192,313.07,112.79,0.47029
2710,14074,40166,22.937,334.21,233.99,0.17638
2712,13441,40111,29.565,974.08,607.86,0.2315
2712,14451,39519,34.418,568.05,335.76,0.257
2713,13423,39921,30.797,444.73,345.31,0.12584
2713,14508,39706,27.305,250.1,131.19,0.31186
2714,14499,40244,25.199,387.88,190.1,0.34219
2715,11682,38516,36.093,208.11,153.04,0.15249
2716,12950,39947,35.787,198.54,117.75,0.25544
2717,13654,38600,26.84,768.38,576.85,0.14237
2718,12852,39390,36.637,338.86,157.67,0.36491
2720,13302,38498,38.19,424.41,309.89,0.15595
2720,13430,40298,29.999,450.4,359.03,0.11289
2726,12578,40195,29.412,396.61,237.25,0.25141
2727,11947,40032,30.63,975.48,601.1,0.23747
2727,13914,39467,34.256,319.58,254.56,0.11325
2728,12446,40230,13.742,2085.6,1115.6,0.30299
2728,13753,39580,24.271,371.48,170.33,0.37126
2729,12626,40329,19.155,828.02,520.95,0.22763
2729,13684,39653,29.738,310.59,237.7,0.13296
2730,14099,37543,31.878,221.14,179.29,0.1045
2730,14615,39362,32.005,295.29,128.77,0.39269
2733,13138,38809,37.483,486.54,185.38,0.44821
2734,12758,37975,26.62,434.75,175.44,0.42497
2734,13946,37520,29.629,338.53,191.47,0.27748
2736,12462,37949,37.721,417.12,163.02,0.438
2736,13439,39760,29.915,1018.4,420.71,0.41532
2737,12693,38000,32.179,692.4,662.16,0.022323
2737,13548,39441,31.439,647.69,380.16,0.26028
2738,13036,37978,25.844,349.48,209.3,0.25086
2738,13751,39614,17.954,764.2,621.78,0.10276
2743,14606,39308,19.754,579.05,186.64,0.5125
2744,11784,37810,35.06,336.18,263.02,0.12209
2744,11757,39828,28.019,761.8,195.01,0.59237
2744,14005,39606,21.258,271.75,100.99,0.45812
2745,13436,38994,31.189,265.21,199.84,0.14057
2746,11912,37465,29.901,187.92,203.64,-0.040147
2746,14583,39226,29.671,502.38,568.16,-0.061445
2747,13280,39056,30.667,435.06,358.19,0.096898
2749,13323,38926,28.441,167.41,131.64,0.1196
2749,14562,39434,20.125,327.15,207.12,0.22467
2754,13806,38007,33.88,492.06,325.93,0.20309
2757,14453,37607,28.522,361.46,274.51,0.13672
2758,12121,40177,16.945,460.45,431.74,0.032177
2759,12417,40130,29.151,535.83,320.23,0.25185
2760,13238,39257,29.549,728.41,480.07,0.2055
2761,12425,40113,35.995,262.91,344.18,-0.13387
2764,11728,39268,28.783,797.15,375.63,0.35942
2764,12684,37508,21.973,651.29,317.8,0.34413
2764,12862,40035,33.483,516.36,278.4,0.29941
2765,12388,39297,31.444,1319.1,779.95,0.25686
2767,12064,38369,34.465,264.2,216.01,0.10036
2767,12411,40120,35.392,493.49,220.83,0.38171
2767,12656,39115,19.358,737.55,347.68,0.35926
2768,12106,39831,30.478,1185.3,873.29,0.15156
2769,12281,39850,21.547,608.22,294.04,0.34821
2770,12267,39028,32.971,549.29,410.85,0.14419
2770,14647,40267,31.169,191.58,150.99,0.11848
2771,12201,39147,35.577,211.54,120.69,0.27345
2771,14635,40344,37.841,717.75,697.17,0.014546
2774,13007,38807,32.038,631.59,609.37,0.017901
2774,14360,38548,29.36,330.47,153.09,0.36682
2776,13813,37526,26.691,244.23,157.97,0.21447
2777,12387,38176,30.438,282.39,167.99,0.254
2779,11948,39074,24.384,456.14,216.6,0.35606
2779,12650,38196,35.959,478.63,126.59,0.58166
2779,13172,39801,30.464,409.99,152.88,0.45679
2780,12092,38959,25.041,589.19,156.05,0.58121
2780,12483,40011,28.343,302.67,158.39,0.31293
2781,11876,38659,27.704,620.76,379.23,0.24153
2781,12553,37782,30.434,443.33,230.38,0.31608
2781,13062,38388,32.273,443.74,250.5,0.27835
2781,13536,37929,20.476,332.82,235.33,0.17158
2782,11787,38483,23.508,1073.3,320.92,0.53964
2782,12832,37977,21.892,982.1,559.11,0.27446
2782,12991,38492,15.534,1058.4,722.78,0.18843
2783,11782,38409,18.121,928.05,399.55,0.39808
2783,14305,40282,38.055,833.43,563.41,0.1933
2784,11848,38581,27.637,612.41,423.55,0.18231
2784,12013,37901,34.314,402.24,392.56,0.01217
2784,13229,38734,21.838,851.95,812.14,0.023923
2784,14318,40372,18.416,657.46,610.31,0.037192
2785,11985,37777,35.279,979.55,1007.9,-0.014247
2785,13272,38611,17.034,619.72,529.65,0.078367
2786,13262,38664,18.791,323.87,328.46,-0.0070346
2787,13338,38658,24.649,402.46,285.7,0.16968
2788,13327,38755,19.51,441.72,355.14,0.10865
2789,11921,37946,22.903,533.55,321.94,0.24735
2789,12499,40063,22.758,1069,381.12,0.47437
2789,13321,38765,14.575,380.57,198.59,0.31421
2790,11991,37853,27.322,377.43,302.67,0.10992
2790,13285,38730,16.35,430.89,235.23,0.29374
2790,13401,40337,28.522,586.2,535.34,0.045348
2790,14628,39326,15.003,578.37,173.15,0.5392
2791,11954,37507,25.643,301.32,254.48,0.084273
2791,13341,38685,24.333,405.4,328.41,0.10492
2792,11881,37577,19.601,484.44,237.3,0.34242
2792,13441,38659,20.734,493.71,453.97,0.041932
2793,12382,37863,29.849,286.37,162.6,0.27567
2793,13276,38569,17.68,488.81,271.08,0.28653
2794,13176,38579,16.97,352.46,259.73,0.15146
2796,12624,38467,27.844,223.49,233.7,-0.022324
2798,11750,39208,20.126,594.74,640.01,-0.036663
2807,11750,40372,34.2,283.65,278.69,0.0088248
2808,14371,38383,22.247,1196.9,743.01,0.23399
2809,14281,38555,9.3109,697.79,598.7,0.076425
2810,14341,37407,22.818,348.66,102.63,0.54516
2810,14287,38528,9.8828,795.98,741.17,0.035655
2811,14353,37523,22.562,299.81,114.12,0.44861
2811,14384,38417,11.324,607.16,672.71,-0.051213
2812,14264,37528,17.357,328.87,154.11,0.36185
2812,14382,38390,12.969,665.52,641.42,0.018444
2816,13483,38598,38.958,328.27,293.36,0.056159
2817,14159,40342,19.562,868.35,812.82,0.033033
2819,12380,38214,31.007,351.82,391.55,-0.053445
2820,11822,38363,27.245,616.73,466.83,0.13833
2820,13960,39469,31.161,409.66,155.28,0.45029
2820,14628,39318,25.701,465.34,329.09,0.17152
2821,11680,38522,16.237,524.91,259.15,0.33895
2822,14658,39500,34.024,270.86,162.99,0.24864
2826,12420,39935,16.071,558.25,360.66,0.21503
2827,12368,40161,22.983,567.18,355.22,0.22979
2828,11947,38550,27.423,385.93,110.51,0.55477
2828,12408,40247,24.024,748.09,485.12,0.21324
2828,14563,38342,19.794,995.07,626.3,0.22745
2829,14196,37526,31.678,568.18,512.54,0.051489
2829,14664,38429,32.202,788.52,667.16,0.083372
2831,12259,39970,27.994,453.73,356.57,0.1199
2833,12283,39181,21.796,482.09,306.9,0.22205
2834,12382,39080,25.441,380.11,189.18,0.33538
2835,12523,38275,27.949,552.14,375.64,0.19023
2835,14419,39638,34.596,206.1,163.54,0.11514
2836,12570,37975,36.949,415.85,360.42,0.071406
2838,11855,37460,20.304,379.24,331.76,0.066776
2839,12727,39257,33.329,434.47,558.33,-0.12476
2839,14119,37836,31.809,1084.6,1198.2,-0.049739
2840,12582,38977,35.67,741.43,600.9,0.10469
2841,12512,39147,25.354,550.36,307.62,0.28293
2842,12413,39201,23.788,613.54,316.56,0.3193
2842,14418,37933,26.487,512.16,269.44,0.31053
2845,13462,38565,34.852,422.07,315.67,0.14421
2846,14631,38423,18.515,1189.3,827.52,0.17938
2851,11995,39011,32.296,716.3,634.98,0.060185
2860,11712,39179,31.898,401.49,296.28,0.15078
2860,12854,39523,26.818,397.56,227.17,0.27275
2861,12706,39607,32.85,702.97,700.89,0.001482
2861,13775,38879,26.391,178.77,128.44,0.16382
2862,12532,38793,33.828,298.59,276.51,0.038397
2863,13115,38853,34.033,553.95,257.64,0.3651
2863,13604,38847,26.224,208.23,121.96,0.26125
2863,14625,39839,35.204,635.78,338.98,0.30449
2864,12778,37407,32.437,512.18,272.75,0.30504
2864,14272,37473,11.625,769.97,461.76,0.25023
2864,14264,39112,25.593,279.47,141.79,0.32683
2865,13678,38803,27.137,267.28,264.1,0.0059816
2865,14272,37460,19.406,802.72,379.24,0.35828
2866,11715,39108,14.626,911.24,364.27,0.42882
2866,14313,37408,24.897,574.35,402.31,0.17615
2867,12866,39744,28.61,644.82,327.27,0.32666
2868,12676,39852,29.399,414.92,164.56,0.43203
2870,14601,40013,38.697,223.71,191.97,0.076358
2875,13803,37444,21.083,526.96,193.6,0.46264
2880,12299,39815,17.163,931.4,460.41,0.3384
2881,14021,37812,34.883,337.28,284.61,0.084708
2881,14077,40356,30.415,912.47,498.72,0.29319
2884,13439,37880,28.247,312.04,141.49,0.37603
2887,14532,37653,21.078,717.7,300.6,0.40961
2888,14570,37782,20.989,850.1,338.28,0.43069
2889,13754,37975,27.264,418.7,125.52,0.53872
2890,14605,38422,37.567,232.68,134.67,0.26681
2893,12331,37520,36.756,389.96,392.74,-0.0035478
2894,12450,40140,30.194,415.08,298.7,0.16305
2895,12558,37722,18.169,575.67,348,0.24648
2895,12417,40221,32.036,201.05,165.22,0.097831
2896,12822,37716,25.59,520.74,172.76,0.50177
2896,13064,39199,31.343,1329.5,677.42,0.3249
2897,12924,39231,23.501,873.5,566.67,0.21306
2898,12490,38810,32.094,740.61,406.6,0.29114
2899,12474,39180,29.09,391.84,231.21,0.25781
2899,13300,37772,34.164,864.76,594.92,0.18486
2900,12821,39301,34.697,333.68,194.28,0.26403
2900,13269,37928,41.849,501.45,318.88,0.22255
2900,14200,37485,23.904,497.14,181.29,0.46555
2900,14322,38831,34.251,398.31,113.07,0.55778
2901,11819,38247,19.644,507.28,202.87,0.42867
2902,11769,38011,26.154,453.39,332.8,0.15338
2902,12538,39828,30.072,356.47,252.33,0.17105
2903,13650,38354,34.77,412.3,185.93,0.3784
2904,12064,38266,25.715,945.54,400.36,0.40506
2904,13690,38460,29.336,462.3,243.93,0.30921
2904,13899,40048,32.204,194.01,177.75,0.04372
2905,12152,38242,31.207,619.98,321.88,0.3165
2906,12205,37928,26.345,554.52,363.38,0.20825
2906,13839,40180,20.993,462.63,227.18,0.34132
2907,14249,38996,28.91,616.52,414.06,0.19645
2908,12006,39858,22.604,678.23,483.04,0.16809
2908,13305,40120,36.067,311.31,292.75,0.030736
2909,13476,40069,26.528,320.11,150.86,0.35936
2910,11979,39394,25.269,316.15,105.31,0.50027
2911,12216,39447,30.283,289.97,216.16,0.14584
2911,13655,38090,20.807,675.82,355.87,0.31012
2911,14352,39598,32.871,457,469.42,-0.013407
2912,13313,38223,26.324,568.07,419.04,0.15097
2913,11697,39974,28.337,537.63,491.53,0.044799
2913,13490,37847,32.593,643.98,359.08,0.28403
2913,13769,39517,29.746,498.87,512.83,-0.013804
2913,14205,38254,26.061,367.58,155.47,0.40553
2914,12787,38549,21.165,422.86,402.13,0.025132
2914,13866,39643,27.404,342.48,223.86,0.20945
2915,13833,40172,32.463,333.06,175.55,0.30967
2915,14437,38224,23.99,401.07,299.94,0.14427
2917,13218,40321,19.999,546.65,136.14,0.60124
2917,14366,38038,29.038,292.6,193.8,0.20313
2918,12785,39691,28.143,493.76,129.88,0.58347
2919,13011,39644,24.592,372.75,245.72,0.20541
2919,14643,39303,18.099,471.5,332.5,0.17289
2920,12872,39518,18.193,722.6,305.89,0.40517
2920,14619,39419,27.568,516.87,359.6,0.17942
2921,12836,39540,21.451,583.21,215.19,0.46095
2921,14278,39002,32.658,252.81,177.24,0.17573
2922,12864,37453,34.628,285.07,111.26,0.43856
2922,14265,39120,25.543,751.68,340.67,0.37627
2923,13131,39899,31.021,348.03,152.05,0.3919
2923,13873,37532,27.296,474.82,370.08,0.12397
2924,13007,39941,17.604,663.38,487.52,0.1528
2924,14122,37626,32.737,679.54,490.09,0.16198
2925,13905,37780,22.89,343.58,122.02,0.47587
2927,13215,37780,24.145,370.39,118.71,0.51457
2928,12734,37530,17.917,319.9,459.24,-0.17884
2928,13990,38319,26.532,464.03,531.58,-0.06785
2929,11891,37469,19.295,536.08,376.35,0.17506
2929,12833,37582,26.83,203.31,236.69,-0.075875
2929,13997,38073,24.689,570.68,422.95,0.14867
2930,13870,38092,24.39,578.33,312.06,0.29905
2931,13731,38034,25.963,609.51,436.39,0.16552
2932,13583,38197,28.566,274.38,187.52,0.18806
2934,12465,39680,27.884,387.65,181.86,0.36134
2935,14639,38028,36.748,351.4,203.33,0.26691
2936,12211,38392,34.059,579.96,294.16,0.32696
2937,13677,38138,26.442,472.83,426.71,0.051277
2938,11864,37616,27.748,504.1,250.9,0.33536
2939,13754,37608,19.643,445.12,493.69,-0.051736
2941,13335,39852,33.142,636.28,293.02,0.36938
2942,11680,38341,32.307,1346.2,883.47,0.20754
2942,12706,39675,31.641,775.9,398.95,0.32085
2942,14605,39380,10.589,792.37,384.96,0.34604
2943,12829,39764,27.9,568.37,569.92,-0.0013645
2943,14609,39391,29.551,473.31,306.86,0.21334
2944,12891,39999,28.345,377.68,237.53,0.2278
2945,11897,37784,25.444,486.9,311.48,0.21972
2947,11887,37474,26.019,289.85,151.45,0.31362
2947,12819,39260,21.596,675.53,302.84,0.38093
2948,12943,39332,19.879,529.62,235.48,0.38445
2948,14161,40024,37.45,633.5,402.24,0.22328
2949,14078,39885,23.53,268.94,192.52,0.1656
2952,13173,38086,32.257,229.6,160.56,0.17696
2955,13466,39937,26.896,776.36,723.39,0.035318
2955,14359,39561,26.079,259.38,291.26,-0.057897
2956,13117,40269,19.599,728.57,606.62,0.091341
2957,11747,38845,31.98,568.72,603.11,-0.029343
2958,12055,38822,27.149,613.33,452.44,0.15096
2958,13213,39520,32.335,679.21,424.59,0.23068
2959,12166,38682,32.899,690.32,360.08,0.3144
2959,14216,39639,26.705,578.2,457.28,0.11678
2960,12079,39911,32.02,717.14,638.58,0.057941
2960,14479,39470,28.569,513.33,340.86,0.20191
2962,14162,37542,24.787,1425,482.2,0.49434
2963,14056,37793,22.647,708.66,272.99,0.4438
2964,14094,37856,29.574,476.52,205.87,0.39662
2965,12815,38583,28.843,303.35,267.93,0.061985
2966,12841,38594,11.018,700.79,654.75,0.033959
2967,13521,37828,26.998,365.57,183.98,0.33044
2969,13496,37523,18.709,581.14,202.22,0.4837
2969,14024,39734,26.953,284.49,104.03,0.4645
2970,12121,38289,37.759,170.95,169.53,0.0041748
2971,11744,37725,29.552,233.38,126.65,0.29643
2971,12060,40316,29.508,458.28,237.68,0.31697
2971,14313,37861,32.795,775.8,441.38,0.27475
2972,14138,38039,28.309,463.29,136.02,0.54608
2976,14610,39272,27.83,589.46,288.32,0.34307
2978,13990,40302,21.614,531.64,403.71,0.13677
2979,13297,38522,33.698,431.83,259.28,0.24967
2979,13868,40274,21.846,442.25,318.81,0.16219
2979,14245,38267,22.854,637.95,252.85,0.4323
2980,12317,38032,32.361,352.44,316.92,0.053059
2980,13675,40233,14.41,789.38,527.88,0.19852
2981,11704,38831,29.613,554.45,398.79,0.1633
2981,13458,40152,21.727,714.55,299.03,0.40995
2982,11776,38739,29.181,731.93,506.35,0.18217
2982,13403,39994,22.111,606.72,268.05,0.38715
2983,13511,40050,31.223,1000.9,557.8,0.28426
2983,14157,38049,27.515,421.71,189.27,0.38044
2984,13405,40056,31.718,643.9,172.38,0.57765
2986,11752,39377,23.018,737.51,422.79,0.27125
2988,12483,40344,29.693,835.61,351.88,0.40736
2988,12689,38509,29.532,338.99,179.67,0.30719
2988,14628,39395,38.252,134.17,253.02,-0.30695
2989,12477,40299,22.772,334.37,483.91,-0.18275
2989,12580,38524,20.877,505.29,303.44,0.24959
2990,13265,38937,35.019,383,240.66,0.22824
2992,14627,39348,28.364,530.45,299.28,0.27861
2995,12688,37467,30.57,551.55,462.25,0.088089
2996,12555,37557,31.619,481,244.86,0.32532
2998,12218,38944,36.699,868.66,554.12,0.22107
3000,12678,39874,26.408,431.17,329.27,0.13399
3000,13652,38876,32.49,303.97,228.16,0.14246
3001,12936,40001,26.23,238.52,155.4,0.21099
3008,13950,39871,28.861,223.79,119.41,0.30416
3010,14542,37608,25.724,367.93,254.38,0.18247
3012,13349,38807,39.009,396.77,352.3,0.059361
3014,14623,39396,27.269,660.58,472.05,0.16645
3015,12817,39071,36.508,714.73,252.81,0.47742
3015,14640,39474,21.135,673.11,616.34,0.044024
3016,12723,39288,27.949,439.63,196.72,0.38171
3019,11682,38536,15.71,781.14,318.68,0.42049
3019,13361,39569,28.44,244.14,237.37,0.014065
3019,14495,38786,22.826,1005.4,609.48,0.24515
3021,12519,39069,20.865,603.98,377.28,0.23102
3021,13539,38681,22.776,790.21,328.35,0.4129
3022,12409,39172,36.233,316.51,220.97,0.17776
3022,13683,38964,31.223,436.93,326.62,0.14447
3024,12838,40144,24.228,510.19,153.91,0.53647
3024,13566,38553,29.7,335.71,247.61,0.15104
3025,13754,38418,28.256,389.55,338.51,0.07011
3026,12802,40315,26.154,594.58,248.68,0.4102
3026,14532,39997,30.939,496.72,416.02,0.08841
3027,13317,38575,31.323,303.84,280.35,0.040214
3027,13900,37844,24.553,356.58,245.3,0.18487
3037,11989,39074,27.405,417.06,369.12,0.06098
3037,14637,38427,21.463,1028.3,628.52,0.24127
3039,12726,40213,23.491,733.01,597.06,0.10221
3039,13614,37674,29.896,594.93,300.97,0.32811
3041,11712,39953,22.257,585.75,267.99,0.37219
3041,11840,37959,26.395,345.22,248.46,0.16299
3041,14532,38380,22.208,613.05,154.07,0.59832
3041,14640,39382,34.84,364.29,277.79,0.13472
3042,11702,37780,24.116,465.5,239.78,0.32004
3042,13543,40129,32.595,478.03,253.28,0.30732
3042,14573,38205,32.149,437.07,348.44,0.11282
3043,11756,37655,40.221,874.83,811.49,0.037562
3043,14636,38174,27.002,575.65,272.35,0.35767
3044,13001,39389,22.918,569.65,270.97,0.3553
3045,12955,39337,16.033,852.02,279.68,0.50573
3045,14489,38178,26.1,714.8,190.84,0.57855
3053,13884,39321,36.955,535.94,268.25,0.33287
3053,14415,38371,31.368,453.29,261.98,0.26747
3054,11733,38666,17.635,461.5,217.67,0.359
3054,13905,39190,33.072,225.61,207.75,0.041213
3055,12328,39873,22.125,550.94,176.49,0.51475
3055,13037,40351,22.35,725.76,255.82,0.47876
3056,13557,39396,27.498,305.63,247.53,0.10504
3056,14226,37506,26.198,380.81,160.21,0.40776
3058,13959,40342,30.539,860.77,768.96,0.056334
3059,12541,37847,23.815,753.8,308.41,0.4193
3060,12260,40135,26.119,234.85,153.38,0.20985
3060,12604,37604,39.965,858.18,470.35,0.29193
3061,12560,37799,27.73,601.23,309.66,0.32009
3061,12851,39320,38.949,509.22,287.43,0.27841
3061,13978,40282,22.851,527.48,378.61,0.1643
3062,12460,37863,28.017,337.72,275.64,0.10121
3066,12954,38935,26.352,364.85,232.3,0.22197
3066,14648,38773,32.62,833.4,1515.3,-0.29032
3067,13501,37401,25.311,555.41,351.4,0.22497
3069,12355,39567,36.547,359.71,336.7,0.033043
3069,12477,38657,36.645,516.92,432.14,0.089334
3070,12498,39400,27.43,352.69,385.96,-0.045047
3070,14504,38529,21.939,242.37,127.05,0.31217
3070,14575,40094,33.564,134.26,104.92,0.12267
3071,13136,38083,25.958,431.44,277.97,0.21634
3072,13193,40019,28.492,299.26,205.64,0.18541
3073,12426,39159,21.401,701.04,531.31,0.13772
3073,13266,37912,30.387,944.13,1140,-0.093993
3073,13450,40146,37.119,309.69,233.48,0.14031
3074,12010,40031,20.305,752.79,409.6,0.29525
3074,14222,37450,20.52,341.09,144.67,0.40437
3075,12071,39971,23.916,887.52,347.07,0.43776
3077,12538,40114,15.105,1055.7,730.46,0.18208
3078,12275,40058,25.641,639.82,443.66,0.18104
3078,12873,38519,22.267,581.32,404.31,0.17959
3078,13242,39031,25.462,843.68,675.99,0.11034
3079,13349,40364,33.064,300.27,292.54,0.013046
3079,13806,38992,29.81,804.2,716.81,0.057457
3080,13312,37900,34.277,533.42,262.02,0.3412
3081,13373,37918,30.629,444.27,316.3,0.16826
3083,11975,39862,24.604,486.95,269.27,0.28786
3084,11737,38598,18.839,842.97,228.81,0.57303
3084,14581,40204,36.011,623.45,286.26,0.37066
3085,11924,38568,25.961,376.99,198.56,0.31
3085,13971,37913,25.352,240.53,132.36,0.29008
3085,14523,39108,34.157,453.76,296.22,0.21006
3086,14108,39954,34.735,253.21,281.31,-0.052587
3088,14241,37520,14.834,679.25,502.58,0.14948
3091,13958,38077,38.373,400.1,246.14,0.23823
3091,14421,37646,16.02,596.9,580.12,0.014251
3092,14491,37495,17.037,649.67,669.31,-0.014889
3094,13461,39366,28.743,566.38,282.39,0.33458
3095,11781,37996,31.331,427.05,450,-0.026163
3095,13409,39064,23.569,584.81,318.01,0.29552
3101,11677,40092,30.832,377.13,217.65,0.26813
3106,12335,39633,33.005,912.66,276.26,0.53528
3107,12322,39863,20.318,1522.6,793.61,0.31474
3108,11897,39881,25.461,263.01,140.82,0.30259
3108,12673,39960,23.617,757.31,424.07,0.28207
3108,13314,37961,42.203,227.45,141.86,0.23176
3109,12089,40001,48.089,979.66,395.4,0.42489
3112,13511,38261,31.709,355.39,164.87,0.36621
3112,13400,39824,24.908,417.55,153.25,0.46304
3113,13306,40222,37.796,417.77,234.41,0.28114
3114,13454,37515,32.388,431.42,363.08,0.086011
3115,13229,39919,33.484,625.17,210.16,0.49683
3115,14609,38380,21.1,272.13,146.2,0.30103
3117,14296,38759,33.624,439.1,254.59,0.26599
3119,12085,38591,32.211,295.98,234.79,0.11528
3119,13638,37791,11.642,576.17,402.08,0.17797
3119,14402,38565,33.912,379.19,179.05,0.35851
3120,13594,37821,20.155,479.48,589.43,-0.10286
3121,14544,38782,35.673,421.81,328.59,0.12424
3124,11745,37609,9.6983,1095.8,150.1,0.75906
3125,13883,37414,29.374,811.93,670.73,0.095239
3125,13828,37938,29.065,527.76,336.34,0.22152
3125,14632,39312,34.981,582.76,274.31,0.35989
3126,13836,38116,32.108,737.09,544.98,0.14984
3126,14616,39377,17.001,820.37,271.55,0.50262
3127,12857,37824,28.545,459.36,214.72,0.36292
3128,12459,38370,37.92,625.29,322.2,0.31988
3128,12807,37926,33.594,662.78,266.98,0.4257
3128,13574,40386,20.148,1059.2,561.45,0.30714
3128,13756,39416,29.184,624.54,346.04,0.28694
3128,14218,37544,11.325,663.03,381.04,0.27009
3129,12342,38396,24.755,592.82,375.82,0.22403
3130,12019,40332,35.7,290.21,100.24,0.48653
3130,12802,38851,29.824,956.75,538.12,0.28004
3130,14664,39247,30.864,839.15,560.94,0.19871
3130,14651,40330,24.79,538.52,389.4,0.1607
3131,13207,38043,30.623,343.01,129.05,0.45325
3132,11859,39143,33.243,842.98,632.99,0.14227
3132,12108,37541,10.274,1024.3,107.18,0.81056
3132,13227,37934,27.459,313.96,177.69,0.27718
3132,14624,39267,27.332,586.78,286.02,0.34459
3133,12026,38771,24.17,537.39,399.85,0.14674
3133,12087,37529,20.995,516.81,100.22,0.67514
3133,13293,39548,24.8,469.3,344.34,0.15359
3134,13178,39552,26.665,680.77,418.12,0.23902
3134,14637,39284,27.109,964.84,392.68,0.42147
3135,13183,39654,22.292,757.04,314.29,0.41327
3136,13159,39400,27.284,659.97,246.28,0.45648
3137,11911,37483,20.403,247.32,207.73,0.086999
3138,11928,37465,19.828,384.74,320.38,0.091278
3138,12903,38470,36.686,295.54,833.03,-0.47626
3140,11878,39181,24.693,403.09,179.32,0.38422
3140,14602,37620,26.158,449.08,132.39,0.54463
3142,14327,37445,34.568,199.08,227.75,-0.067153
3142,14634,39370,12.899,492.55,185.73,0.45235
3143,13871,39279,28.755,467.41,228.67,0.34299
3143,14641,39289,13.552,675.92,266.52,0.43441
3144,13642,37771,30.471,521.15,431.95,0.093587
3144,13731,39385,35.004,411.22,234.08,0.27451
3144,14634,39381,15.81,511.01,353.04,0.18283
3147,11803,39730,29.588,445,478.66,-0.03644
3150,12698,37773,20.52,466.19,673.3,-0.18176
3151,12482,38042,33.048,419.5,319.91,0.13468
3151,13691,39127,25.179,377.24,408,-0.039171
3153,13242,38654,35.402,258.11,191.21,0.14888
3154,13245,38652,29.026,447,218.72,0.34291
3155,12963,38847,21.731,413.05,241.81,0.26149
3156,13011,38813,27.957,179.25,135.86,0.1377
3158,13095,38684,28.695,248.5,143.89,0.26661
3159,12922,38461,27.512,354.15,323.09,0.045861
3159,14003,39949,23.782,426.54,158.65,0.45779
3161,12763,40147,25.661,960.16,609.96,0.22304
3161,14394,39340,32.943,380.97,532.19,-0.16559
3163,13926,38596,34.423,370.94,384.33,-0.017729
3164,13866,39408,33.456,636.49,627.02,0.0074962
3164,14570,39340,28.271,573.16,275.72,0.35039
3165,14468,39426,26.244,290.72,252.99,0.069397
3166,14634,38284,25.227,483.8,162.2,0.49784
3169,12571,38763,14.404,662.56,117.2,0.6994
3169,14310,38628,31.986,413.67,152.75,0.46064
3172,13034,37946,36.074,460.25,293.95,0.22049
3172,14049,38317,27.752,179.37,151.14,0.085425
3176,12426,37812,21.984,310.73,144.89,0.36399
3177,11772,38718,30.985,338.83,184.54,0.2948
3177,12351,37780,29.955,202.41,206.71,-0.0105
3177,14647,37714,20.997,437.29,258.2,0.2575
3179,11854,37516,20.392,443.24,197.12,0.38435
3179,14648,37732,35.267,439.46,384.8,0.066321
3181,11898,37409,24.46,538.77,374.42,0.17997
3184,12099,39683,38.616,215.74,107.6,0.33444
3185,14430,39308,29.182,310.12,196.47,0.22433
3186,13630,40096,33.588,545.92,517.84,0.026393
3186,14401,40035,34.23,389.92,331.87,0.080433
3188,14583,40368,16.95,761.92,244.82,0.51363
3189,11832,37440,34.341,167.92,144.31,0.075616
3189,13498,37536,22.279,544.03,245.24,0.37856
3189,14373,38908,23.589,289.19,203.55,0.1738
3190,12339,39756,22.436,577.2,570.38,0.0059402
3191,12467,39996,28.085,961.4,829.45,0.073681
3191,13735,38256,29.706,357.91,237.34,0.20255
3191,13891,37484,19.504,441.25,225.99,0.32262
3191,14662,40312,22.207,656.03,291.11,0.38528
3192,12332,40111,21.974,587.6,441.81,0.14162
3192,12912,40306,28.179,707.09,606.41,0.076649
3192,14195,37482,36.909,403.78,370.71,0.042698
3193,13295,40213,26.653,604.14,377.95,0.23031
3193,14524,40285,29.855,407.53,221.53,0.29568
3194,12438,39509,29.635,528.77,536.87,-0.0075997
3194,12639,38592,32.276,254.52,114.16,0.38073
3195,11861,39228,23.27,591.74,345.32,0.26297
3195,11903,37784,30.372,454.42,244.95,0.29951
3195,13748,39041,27.253,366.24,282.18,0.12964
3196,12795,39638,30.755,659.12,292.24,0.38564
3196,13414,40044,27.316,663.39,381.94,0.26924
3196,13653,37989,34.953,371.57,180.89,0.34515
3197,11716,39036,27.556,416.47,403.16,0.016232
3197,12652,39051,33.946,394.42,308.9,0.12159
3197,13041,38968,33.811,889.11,553.14,0.23294
3197,13541,38039,29.497,201.33,138.03,0.18654
3197,13790,39628,30.228,334.48,212.69,0.22259
3199,13544,37847,31.095,156.66,116.1,0.14869
3199,13690,39580,23.561,861.27,587.29,0.18914
3199,14664,40232,26.805,830.39,529.17,0.22156
3200,14543,40227,29.489,325.63,230.27,0.17154
3201,13150,37748,34.797,444.07,334.13,0.14128
3202,13669,40124,23.314,306.8,254.04,0.094079
3203,12568,38700,34.362,439.1,291.91,0.20136
3203,12827,40086,32.049,707.1,372.26,0.31022
3203,13554,37762,29.769,322.23,182.9,0.27584
3203,13448,39286,31.482,329.57,137.09,0.41246
3204,12840,38502,31.436,363.12,207.73,0.27221
3204,12892,38509,34.5,479.13,252.18,0.31033
3204,13053,39792,24.844,391.78,413.84,-0.027381
3205,13935,38932,34.849,488.81,353.16,0.16111
3206,13470,38004,31.283,234.08,121.61,0.31619
3213,14231,37494,15.002,652.8,594.84,0.046462
3215,13747,37469,27.434,582.88,565.11,0.015474
3215,14490,37473,31.549,532.03,418.48,0.11946
3216,12662,40235,30.761,633.18,512.75,0.1051
3216,13727,37437,24.9,829.29,450.07,0.29641
3217,14495,38440,35.305,846.51,494.69,0.26232
3219,11930,38699,28.35,506.44,305.57,0.24737
3219,14621,38528,26.384,419.38,178.13,0.40376
3220,11943,38789,22.402,797.51,216.61,0.57281
3220,13090,40276,31.181,579.18,225.27,0.43993
3220,13783,39277,31.814,396.49,154.84,0.4383
3221,11923,38791,30.834,305.72,230.82,0.1396
3221,13611,40251,20.404,1002.8,725.15,0.16068
3222,13747,40280,22.12,579.07,307.04,0.30699
3222,13973,38078,29.038,299.15,154.2,0.31972
3223,11704,39020,34.766,445.9,289.61,0.21249
3223,12272,39977,27.584,718.82,332.87,0.36698
3223,13684,40224,23.682,621.58,607.65,0.011334
3224,11737,39318,23.391,600.95,382.51,0.22211
3225,11870,39755,24.937,564.4,388.49,0.1846
3225,12337,40250,25.705,1062.2,812.37,0.13326
3225,13548,40385,18.21,900.31,524.64,0.26364
3226,12251,40093,25.395,681.23,429.32,0.22683
3227,11883,39800,27.007,766.23,456.37,0.25344
3227,14121,38023,21.298,274.26,114.9,0.40949
3229,12218,39729,29.621,525,209.9,0.42876
3230,12425,39775,21.08,556.94,294.33,0.3085
3230,13482,39341,29.111,587.35,624.22,-0.030432
3233,13048,39791,38.761,334.5,134.62,0.42607
3234,13760,37508,17.04,567.24,257.64,0.37532
3236,13564,39977,24.607,812.22,553.84,0.18915
3236,14010,40285,27.02,837.75,532.97,0.22235
3237,13510,40171,21.025,1104.7,678.69,0.23889
3237,14032,39089,20.225,1017.8,771.82,0.13744
3238,13580,40282,20.949,407.89,302.21,0.14882
3238,14078,39111,24.235,682.76,464.2,0.19055
3241,13940,39358,36.644,360.13,218.76,0.24421
3243,12017,38573,33.415,343.17,157.94,0.36965
3244,12302,39307,14.885,518.57,400.05,0.12902
3245,12276,39261,12.25,541.91,475.85,0.064912
3246,13335,39956,24.458,876.34,801.68,0.044494
3247,13247,39899,29.579,293.88,184.34,0.22907
3247,14434,39569,31.232,270.87,177.95,0.20702
3248,13250,39855,21.283,578.98,341.55,0.25793
3249,13120,39800,25.937,284.24,232.56,0.099998
3249,13972,38158,33.781,613.82,291.7,0.35572
3249,14243,39707,34.87,459.98,330.36,0.164
3250,12097,40264,32.864,342.44,282.64,0.095672
3250,12815,39992,32.095,315.86,101.46,0.51374
3251,12665,39987,21.605,1347.2,831.65,0.23662
3251,13518,40220,14.567,698.24,157.11,0.63264
3254,12627,39902,33.615,150.67,133.9,0.058927
3254,13408,39093,22.414,485.08,229.11,0.35841
3255,13545,39016,20.631,738.59,183.14,0.60261
3256,14606,38530,38.149,248.66,227.68,0.044034
3258,12471,40060,21.071,532.1,363.76,0.1879
3258,12918,38480,23.416,338.52,139.78,0.41551
3259,13736,38369,29.386,247.43,214.68,0.070882
3260,13482,38433,23.462,306.82,138.33,0.3785
3261,13194,38143,30.477,748.48,286.84,0.44589
3261,13245,38146,35.969,744.26,172.29,0.62404
3263,12470,38233,30.965,246.55,184.96,0.14273
3267,12844,39481,25.422,509.97,365.12,0.16552
3270,12010,39241,32.359,579.93,369.62,0.22148
3270,11882,39837,22.945,514.16,210.43,0.41918
3274,12846,38007,19.86,830.37,472.42,0.27475
3276,12889,38486,30.567,597.12,449.58,0.14096
3276,14376,38522,20.649,504.46,274.08,0.29591
3277,14620,38426,37.478,413.04,536.33,-0.12987
3278,14646,38368,27.135,444.73,191.57,0.39787
3279,13428,39620,33.463,253.38,122.1,0.34965
3280,13808,39057,34.421,364.32,175.27,0.35035
3281,12064,38331,30.584,689.04,743.75,-0.038186
3281,13569,39870,32.417,353.09,142.68,0.4244
3281,13939,39091,27.064,522.83,321.21,0.23888
3281,14498,40317,35.161,438.08,398.85,0.046872
3282,11827,38487,23.976,922.26,454.34,0.33991
3282,12386,38243,34.382,383.97,234.41,0.24186
3282,13569,39745,33.195,444.03,452.56,-0.0095175
3282,14044,38143,33.615,606.97,373.17,0.23854
3283,12344,37983,29.614,411.02,234.43,0.27359
3283,13437,39339,33.28,767.92,562.71,0.15422
3283,14491,39108,32.719,618.06,323.09,0.31341
3284,13364,39067,24.664,558.76,251.29,0.37957
3284,14201,40041,33.262,389.6,175.94,0.3778
3286,12663,38228,27.555,888.99,469.01,0.30927
3286,13069,39483,35.454,320.72,163.29,0.32526
3287,12933,40263,28.257,361.9,236.7,0.20915
3288,12699,39061,31.9,411.31,307.62,0.14424
3288,12859,40237,22.062,783.7,486.86,0.23363
3288,13035,39633,29.21,437.51,349.51,0.11181
3288,14507,37817,30.115,250.26,191.12,0.13398
3289,12827,38860,31.919,463.99,290.21,0.23042
3293,12307,39597,31.195,215.84,124.43,0.26862
3294,12228,39486,30.49,429.56,371.86,0.072005
3295,12487,39469,31.127,423.26,200.82,0.35644
3297,12600,40011,21.616,985.7,777.64,0.11799
3300,13537,39653,34.838,501.97,383.15,0.13425
3300,14487,40345,30.23,220.43,147.6,0.19789
3304,13835,37406,24.057,452.76,253.22,0.28265
3304,14602,37451,24.465,495.43,394.94,0.11287
3307,12795,39649,27.628,558.13,211.28,0.4508
3307,13031,38351,35.609,438.66,101.88,0.62305
3307,14460,37625,29.737,1157.5,887.64,0.13193
3308,12771,39768,15.711,1115.1,482.73,0.39576
3309,11939,37871,34.127,296.25,175.27,0.25657
3309,12986,39661,23.676,1897.9,1020.6,0.30057
3309,13254,39662,26.273,1372.2,488.81,0.47468
3309,13947,38065,31.365,575.58,432.9,0.14148
3310,11851,39943,28.5,376.87,202.75,0.30039
3310,12863,39150,35.946,832.54,480.17,0.26843
3310,13444,39573,32.954,861.78,175.35,0.66185
3310,14244,38362,24.883,518.5,490.12,0.028136
3311,12003,37816,39.187,754.18,565.72,0.14278
3311,12754,39016,19.086,911.63,461.41,0.3279
3311,13385,39608,35.685,370.82,126.65,0.49081
3312,12201,39735,37.91,509.84,477.9,0.032333
3312,12266,37778,34.705,469.06,215.04,0.37133
3312,12734,39031,23.53,1120.9,860.74,0.1313
3314,12246,40256,28.246,360.19,137.11,0.44857
3317,13734,39415,31.364,195.68,115.92,0.25595
3320,12568,37460,21.353,470.42,203.75,0.39556
3321,12730,37512,23.759,562.38,426.14,0.13782
3322,12885,37511,27.501,458.69,197.43,0.39818
3322,13600,40275,33.79,315.66,229.43,0.15819
3323,13538,40234,22.639,962.95,550.21,0.27276
3323,14142,37506,27.343,856.61,571.27,0.19984
3324,12711,37706,24.16,596.66,837.62,-0.168
3324,13351,40144,26.885,697.72,451.92,0.21381
3325,13665,37654,25.563,431.11,387.62,0.053119
3326,12747,39252,30.122,471.53,412.22,0.067118
3326,13592,37804,33.074,324,301.46,0.036032
3327,12815,39083,22.653,737.81,384.49,0.31482
3328,12744,39015,26.494,837.13,465.75,0.28504
3329,12717,38742,27.071,449.25,246.83,0.2908
3330,12696,38798,32.278,207.7,158.58,0.13411
3330,12919,40141,23.119,279.47,130.47,0.36347
3330,13396,39732,37.63,307.69,262.09,0.080037
3330,14515,39117,29.083,1015.1,973.12,0.021107
3331,13433,39773,18.647,614.98,182.12,0.54304
3331,14516,39130,25.441,472.64,255.19,0.29876
3331,14572,40058,34.068,425.3,155.35,0.46491
3332,13580,39862,36.932,617.77,446.41,0.16102
3336,12258,39168,34.631,1108,554.08,0.33328
3336,12833,38102,29.864,725.37,357.85,0.33928
3336,13497,38530,28.616,674.24,588.35,0.068028
3336,14599,39372,37.271,143.39,182.06,-0.11883
3337,14476,38011,40.414,301.58,169.6,0.28009
3338,12833,39678,29.492,708.24,583.37,0.096679
3338,13317,39640,28.37,369.14,229.34,0.23359
3339,12838,39844,32.979,525.63,201.36,0.44604
3341,14290,37468,36.65,441.32,211.35,0.35235
3342,14547,39384,23.825,1154.5,690.43,0.25156
3343,13084,39678,26.609,719.15,431.57,0.24991
3344,13681,37696,36.867,400.51,171.37,0.40069
3344,14295,39245,34.587,220.24,189.1,0.076086
3345,12856,40057,28.759,287.18,176.95,0.23749
3345,13594,40344,20.775,556.6,310.21,0.28425
3345,13822,37774,20.478,702.39,329.68,0.36113
3347,12877,40023,37.794,540.6,358.29,0.20282
3347,14255,37494,21.34,477.56,502.53,-0.02548
3348,12978,40159,27.771,442.43,181.01,0.41931
3352,11851,38330,36.905,604.74,459.88,0.13607
3353,12183,38295,32.655,508.2,308.12,0.2451
3353,13600,39580,31.714,497.87,212.63,0.40146
3355,11819,39235,32.411,483.31,318.48,0.20559
3355,12370,38986,30.316,229.14,112.12,0.34293
3355,12879,40144,27.606,445.24,158.4,0.47518
3355,13093,39545,32.562,439.3,203.31,0.36724
3356,12759,40167,17.568,1290.6,516.59,0.42831
3357,11725,39778,28.566,1026.5,591.04,0.26923
3358,13335,39671,32.85,249.57,108.57,0.39371
3360,14148,38753,30.193,252.17,176.05,0.17775
3361,13477,38321,29.091,452.26,203.58,0.37916
3361,13607,39961,35.906,283.93,452.36,-0.22876
3363,12870,40204,29.501,189.41,140.51,0.14823
3363,13163,37392,25.165,380.1,193.04,0.32639
3363,13589,38453,35.078,238.59,264.18,-0.050897
3363,14155,39397,39.873,375.71,407.41,-0.040479
3365,13504,38886,30.155,278.74,181.37,0.21163
3366,13508,38715,30.226,268.24,289.69,-0.038439
3366,13897,37882,23.023,601.9,588.67,0.011114
3367,12990,39685,34.426,469,412.27,0.064366
3367,13641,37874,35.228,954.07,852.03,0.0565
3368,13049,39577,34.772,441.74,358.01,0.10469
3369,13498,39476,32.619,685.78,574.08,0.088657
3371,13331,39686,32.634,284.12,250.06,0.063754
3371,13739,38198,22.95,534.64,434.81,0.10297
3373,11739,38582,26.154,810.16,640.08,0.11728
3373,12658,37636,21.514,972.82,744.98,0.13263
3373,14276,39401,29.641,372.64,104.05,0.56344
3374,12459,40337,33.463,439.26,496.84,-0.061507
3374,12588,39430,34.081,371.79,339.61,0.04523
3374,12648,37607,34.686,503.18,395.6,0.11969
3374,13866,39164,29.821,330.37,359.96,-0.042864
3374,14660,39465,28.536,986.64,505.49,0.32246
3375,12808,37613,29.233,528.14,240.74,0.37379
3375,12656,39490,34.289,1307.6,984.82,0.14078
3375,12733,39784,12.348,577.73,431.56,0.14482
3375,14622,39363,12.321,771.67,623.07,0.10654
3376,11865,37515,14.407,533.55,293.51,0.29023
3376,12636,39691,26.546,602.36,663.85,-0.048566
3376,13373,39566,35.337,363.89,458.23,-0.11475
3376,14597,39359,16.172,723.74,458.79,0.22405
3377,11763,37742,24.33,615.31,298.62,0.34652
3377,12511,39964,19.628,724.19,451.07,0.23239
3377,14142,39733,24.874,1370.6,864.64,0.22637
3377,14479,39517,34.596,796.22,586.07,0.15203
3378,12596,39958,20.322,729.87,529.98,0.15867
3378,14183,39672,23.439,693.45,593.76,0.077452
3379,12846,39484,37.014,487.19,282.53,0.26589
3382,12939,38295,33.312,294.22,179.26,0.24279
3382,13688,37591,35.246,200.62,253.2,-0.11586
3384,13564,39057,22.627,928.28,704.42,0.13711
3384,14260,39126,27.832,804.37,470.57,0.26181
3385,12923,38329,30.408,231.04,209.81,0.048146
3385,13536,37440,19.283,1089.8,382.86,0.48005
3385,13708,39126,25.787,917.02,734.7,0.11038
3386,13658,39151,21.682,606.37,380.03,0.22946
3387,12199,38737,32.979,313.06,128.08,0.41932
3387,13992,38880,30.062,847.61,466.22,0.29029
3388,13601,39151,32.048,313.3,192.02,0.24002
3388,14395,39258,30.93,273.71,111.31,0.42181
3389,12728,38903,23.578,437.53,160.54,0.46313
3389,13819,38330,36.993,691.51,622.33,0.052654
3390,12807,38932,33.194,812.37,362.92,0.38242
3390,14249,38654,36.953,634.02,305.62,0.34951
3391,11881,38032,33.536,809.44,404.18,0.33393
3391,12527,38981,24.581,312.3,145.31,0.36491
3391,12523,37938,25.119,434.26,210.41,0.34724
3391,13196,38570,21.12,906.72,553.1,0.24223
3391,14269,38667,28.784,528.16,259.5,0.34109
3392,12662,40151,16.868,389.17,301.48,0.12698
3393,12672,40134,14.966,446.46,543.3,-0.097845
3395,13551,39114,28.104,513.54,247.76,0.34911
3397,14651,37993,39.109,683.45,514.92,0.14063
3398,12505,39141,27.88,649.93,254.77,0.43679
3398,12878,37986,42.346,736.01,335.06,0.37435
3399,12465,39092,18.678,506.86,501.41,0.0054071
3399,12790,38343,33.427,345.03,169.08,0.34224
3400,12469,39058,21.977,358.53,405.04,-0.060916
3400,14068,38813,36.814,127.82,102.11,0.11184
3402,12429,39047,26.27,416.96,1039.2,-0.42733
3405,12541,39021,29.707,605.93,483.18,0.11271
3405,14162,37438,29.451,337.98,177.42,0.31153
3406,12534,38296,33.423,281.44,259.02,0.041492
3406,14645,39835,33.605,267.99,120.08,0.38113
3407,12615,38635,21.092,415.68,228.7,0.29017
3407,14100,38955,35.062,364.96,145.19,0.4308
3408,12184,40035,26.437,819.35,707.1,0.073538
3408,13586,40381,19.206,989.53,599.52,0.24543
3409,12563,39122,23.19,339.82,118.13,0.48409
3409,13491,40371,19.507,505.86,244.99,0.34744
3409,13757,37578,26.873,591.21,752.81,-0.12024
3410,12488,39568,28.905,409.54,163.04,0.43052
3410,13406,40294,23.324,909.42,424.24,0.3638
3410,14500,38341,30.244,602.05,686.42,-0.065481
3411,12021,39929,31.306,486.8,234.48,0.34982
3411,13557,38458,25.252,762.7,560.14,0.15312
3412,13621,38428,26.502,273.58,241.34,0.062595
3413,11788,37534,31.493,327.51,146.37,0.38226
3413,13315,38188,32.019,385.73,251.12,0.21136
3416,14166,37508,22.456,667.09,430.09,0.21601
3416,14663,39377,29.988,162.4,112.7,0.18067
3417,14156,37563,24.995,596.02,301.28,0.32848
3418,14076,37499,35.23,611.58,450.95,0.15117
3419,12181,38987,33.954,553.81,282.2,0.32489
3420,12252,39019,30.586,518.67,351.77,0.19174
3420,14273,37524,10.98,654.1,328.63,0.33119
3421,14258,38360,34.963,643.19,292.92,0.37418
3421,14269,37509,20.702,633.45,542.78,0.077079
3422,14107,38184,29.543,782.63,364.96,0.36396
3425,11815,40086,25.611,785.96,646.87,0.097078
3426,12046,40037,27.489,761.45,479.34,0.22736
3427,12466,40085,16.068,959.57,541.01,0.27893
3428,12616,40202,29.804,1434.2,995.01,0.18079
3429,12627,37431,22.78,405.48,134.71,0.50125
3429,12784,39962,34.314,484.84,242.08,0.33397
3429,14385,37426,26.727,496.89,365.88,0.15185
3432,12701,39032,21.57,554.68,466.88,0.085945
3433,13355,40339,25.72,412.1,222.63,0.29851
3435,11743,40161,20.191,802.84,636.83,0.11531
3436,11979,39699,12.829,825.76,201.9,0.60707
3437,11947,39734,10.451,785.07,127.23,0.72108
3437,14651,39400,28.424,208.93,150.37,0.163
3438,11971,39738,7.5491,1077.6,224.65,0.65497
3438,14201,38272,26.233,305.27,137.48,0.37897
3439,12108,39811,36.4,969.19,1042.2,-0.036284
3439,12481,39966,19.93,1086,800.3,0.15147
3439,12919,38066,24.093,350.17,118,0.49593
3439,14187,38409,27.45,570.46,441.46,0.12748
3440,12280,39952,23.773,1323.8,709.39,0.30218
3440,14588,38526,20.578,1748,1064.8,0.24292
3440,14618,38358,16.686,1581,817.79,0.31816
3442,13682,37569,20.909,526.7,459.69,0.067933
3443,11672,39997,17.111,850.62,654.17,0.13055
3443,13021,38238,25.242,247.95,135.2,0.29426
3446,11865,38225,27.515,486.25,321.23,0.20435
3447,12992,38003,32.424,593.83,439.84,0.14897
3447,13545,38976,30.541,526.14,342.25,0.21176
3448,13613,38930,24.52,728.35,337.57,0.36662
3449,11987,39956,25.125,297.15,133.79,0.37908
3449,14365,38518,28.417,432.97,157.48,0.46659
3450,11673,38636,24.672,351.42,241.3,0.18579
3450,14201,37552,25.832,275.41,112.23,0.42095
3451,12487,38151,22.816,485.96,227.35,0.36256
3451,14288,37599,28.504,597.63,552.14,0.039563
3451,14234,40111,26.866,406.22,265.23,0.20998
3451,14636,39312,25.18,1316.8,471.36,0.47278
3452,12471,38054,28.127,576.95,336.16,0.2637
3452,14225,37573,20.688,590.46,352.87,0.25186
3452,14525,39156,24.224,743.12,446.16,0.24969
3453,12541,37903,20.737,749.31,312.53,0.41134
3453,14220,37416,25.295,270.15,157.51,0.26338
3455,12625,38067,44.473,363.5,384.77,-0.02843
3455,13305,39948,35.276,586.27,437.12,0.14574
3455,13682,38379,32.998,405.82,256.93,0.22465
3455,14111,37674,37.351,391.15,367.52,0.031141
3456,12879,39959,31.765,810.35,358.8,0.38622
3457,12484,38222,29.185,629.44,435.32,0.18232
3457,12952,39962,31.082,758.89,560.71,0.15019
3458,12126,38618,32.286,525.74,260.43,0.33747
3458,12583,37843,20.093,347.14,256.02,0.15106
3458,12977,39920,27.266,411.99,287.61,0.17779
3458,13263,38165,27.759,606.78,237.89,0.43672
3458,14615,40190,36.476,597.62,322.87,0.29848
3459,12069,38765,28.706,539.77,187,0.4854
3459,12671,37831,24.052,545.14,356.64,0.20904
3460,12693,37863,30.603,325.08,122.47,0.4527
3460,14544,37526,28.311,439.92,308.99,0.17483
3461,12074,38391,26.85,696.36,324.63,0.36409
3462,12279,39237,25.777,786.68,586.49,0.14578
3462,13710,39278,35.641,205.5,256.93,-0.1112
3462,14666,37818,26.046,822.42,898.14,-0.044006
3463,12041,39185,23.889,497.01,377.27,0.13696
3463,14634,39299,20.104,286.99,182.17,0.22343
3464,11933,39013,24.884,468.71,448.87,0.021625
3464,14662,39347,18.497,488.62,275.17,0.27945
3465,13242,39274,28.279,383.65,236.72,0.23685
3466,12958,40327,27.072,646.7,494.09,0.13378
3467,11982,38628,34.021,368.78,151.21,0.41841
3467,12875,40382,18.637,794.78,465.6,0.26118
3468,12138,38443,33.882,290.45,133.19,0.37122
3468,12318,39906,23.294,481.14,429.9,0.056241
3468,12944,39991,32.585,376.91,196.5,0.31462
3469,11790,37637,25.127,752.44,602.26,0.11086
3470,11768,38545,23.145,771.28,554.55,0.16347
3470,12430,40320,24.023,991.31,523.26,0.30903
3470,12769,39338,29.954,514.12,390.29,0.13691
3470,13094,37713,23.665,279.37,101.96,0.46522
3471,12018,38103,33.82,282.68,142.77,0.32886
3471,12732,39362,36.645,237.31,266.52,-0.057967
3471,12875,37788,35.32,488.44,461.18,0.028708
3473,14506,39465,37.342,148.15,137.55,0.037113
3474,12405,38750,27.819,382.05,380.84,0.0015852
3474,12528,40131,31.558,536.88,319.7,0.25354
3475,11844,38637,27.353,644.56,262.4,0.42136
3477,12947,39114,31.255,510.24,330.67,0.21353
3480,14440,38055,31.198,238.15,112.67,0.35767
3485,13969,37546,27.112,1483.5,625.34,0.40693
3485,14187,37561,22.293,784.49,325.15,0.41395
3486,14101,38742,36.518,343.82,225.23,0.2084
3486,14173,37594,19.427,1393.3,800.26,0.27035
3487,14440,37977,24.459,441.73,703.63,-0.22866
3493,12657,40113,23.588,739.15,665.32,0.052567
3494,12972,40376,36.417,439.52,346.31,0.11861
3496,13282,38962,25.533,610.41,439.63,0.16265
3497,12214,39038,25.828,645.01,254.19,0.43462
3497,13424,38957,16.736,1014.8,703.65,0.18104
3498,12429,38912,32.849,329.25,295.11,0.054691
3498,13695,38953,25.465,835.59,375.84,0.37951
3499,12319,38604,28.215,711.27,466.49,0.20783
3499,12414,38926,33.151,881.81,694.1,0.11911
3499,13638,38994,33.73,824.78,306.48,0.45816
3500,12385,38663,29.261,677.98,541.2,0.11219
3500,13594,40225,26.601,548.39,529.14,0.017857
3500,13629,39194,34.094,245.05,160.66,0.20802
3501,13577,40162,24.777,509.81,323.8,0.22315
3502,12026,38671,31.903,431.34,282.36,0.20874
3503,13668,39355,31.299,219.44,126.12,0.27004
3504,11735,37998,24.946,388.89,309.6,0.11351
3504,12667,40168,26.749,406.32,252.15,0.23412
3504,13766,38237,27.227,302.41,191.9,0.22356
3505,11798,38047,22.158,699.75,270.8,0.44196
3505,12960,40182,23.089,463.79,307.37,0.20284
3506,11926,38125,23.169,438.63,161.11,0.46274
3507,11852,38545,25.327,454.41,262.54,0.26762
3509,13019,40137,26.24,601.65,339.01,0.27921
3510,12598,38394,29.185,490.09,235.41,0.35105
3511,12781,38254,21.293,973.34,397.61,0.41995
3511,13463,39488,31.839,273.25,215.98,0.11706
3513,12471,39659,34.121,127.91,131.71,-0.014633
3513,13091,38445,35.702,215.81,121.16,0.2809
3514,12262,38950,26.471,443.16,145.76,0.505
3514,12419,39652,25.558,529.03,324.86,0.23911
3515,12860,38587,23.126,330.97,122.26,0.4605
3516,12993,39406,29.781,319.56,174.62,0.29328
3517,12226,39071,26.965,404.3,252.21,0.23166
3517,13036,39334,20.843,341.11,227.14,0.20056
3518,12254,39043,28.366,447.13,280.44,0.2291
3520,12108,37738,26.373,300.36,127.54,0.40388
3520,12298,38433,34.41,356.95,432.18,-0.095327
3522,14632,38276,30.742,405.77,309.83,0.13406
3523,13441,40155,27.071,636.24,140.86,0.63747
3524,13929,38506,29.735,1210.4,562.31,0.3656
3526,13732,38410,33.885,1018.7,180.47,0.699
3527,12805,37467,21.438,2768.6,732.62,0.58151
3529,12081,37502,35.926,668.3,245.99,0.4619
3529,13698,38404,26.973,399.69,133,0.50064
3530,12644,40261,30.911,250.56,915.69,-0.57031
3531,12745,40250,31.792,441.07,1842.3,-0.61366
3532,13546,38240,33.179,267.32,137.68,0.3201
3533,13595,38243,32.295,494.31,112.46,0.62932
3533,14046,38397,33.051,668.22,524.51,0.12049
3534,12468,38017,26.339,660.37,247.35,0.45501
3534,13643,37991,24.93,319.85,116.52,0.46596
3534,13749,38505,27.074,477.41,194.92,0.42017
3536,13876,38476,27.889,433.63,141.53,0.50786
3537,13765,38970,31.909,505.06,282.12,0.28321
3538,13271,38047,28.226,431.56,123.16,0.55596
3539,13401,38065,26.145,235,141.4,0.24867
3540,12711,40045,20.502,693.63,356.22,0.32139
3540,13512,37672,25.93,324.77,182.06,0.28159
3540,13950,38575,27.336,423.7,127.21,0.53819
3540,14648,39801,30.763,336.63,270.4,0.10912
3541,11981,39017,20.786,694.28,434.34,0.23032
3541,12396,40041,26.352,709.13,589.01,0.09253
3541,13546,37536,25.194,729.62,628.79,0.074227
3542,12000,38973,32.832,447.64,654.13,-0.18742
3542,12275,39969,14.508,773.96,458.17,0.2563
3542,13022,38214,24.15,409.66,333.69,0.10219
3542,13514,38831,31.12,438.69,175.96,0.42745
3543,11771,38859,31.362,220.54,180.65,0.099439
3543,12938,38174,25.659,555.96,360.2,0.21367
3544,13014,38380,34.754,357.22,302.83,0.082404
3544,13444,38856,34.656,283.28,315.17,-0.053282
3545,12163,37671,33.552,222.59,276.54,-0.10809
3546,12414,37401,32.614,212.82,142.95,0.1964
3546,14072,38126,23.887,450.51,452.26,-0.001931
3548,13617,38019,31.665,163.6,230.9,-0.17058
3548,13778,40069,31.652,279.57,152.53,0.294
3549,13657,39292,32.267,517.82,334.15,0.21558
3551,13760,39136,35.433,334.9,289.52,0.072675
3552,13156,37800,37.355,515.22,212.78,0.41544
3552,13759,38923,25.296,320.71,249.46,0.12496
3553,13216,37591,32.039,403.88,305.99,0.13789
3555,12167,38306,27.954,317.3,294.6,0.03711
3555,13426,40308,31.882,379.17,310.2,0.10004
3556,12080,38360,36.308,600.61,399.4,0.20121
3557,12080,38553,33.624,491.01,360.9,0.15272
3557,12843,38373,30.597,539.71,388.18,0.1633
3558,12417,37679,31.923,427.85,250.16,0.26208
3558,13081,38362,35.016,289.79,192.48,0.20176
3559,12507,37444,28.185,453.78,175.94,0.44122
3559,12975,38493,30.759,379.88,240.63,0.22442
3560,12836,38463,27.702,423.12,334.15,0.11748
3560,13444,39647,33.191,323.69,306.58,0.027138
3562,12837,38522,24.953,475.73,350.94,0.15096
3562,13501,38527,27.771,735.73,496.15,0.19448
3563,12158,40384,44.587,681.61,414.97,0.24315
3564,12717,38211,23.434,488.11,264.77,0.29664
3564,13704,39303,25.097,460.5,535.83,-0.075601
3565,14030,37865,30.601,497.16,482.88,0.014571
3565,14458,40202,35.067,376.14,217.55,0.26712
3566,12128,38425,34.162,232.11,149.73,0.21575
3566,13906,39414,28.336,357.97,173.16,0.34796
3567,13786,39425,26.424,687.93,738.99,-0.035788
3568,14063,39633,32.114,972.15,727.74,0.14378
3568,14145,39625,34.444,627.88,389.33,0.23452
3569,11837,37550,15.149,400.07,287.29,0.16408
3569,13973,39710,29.337,380.83,300.94,0.11718
3570,13906,39569,24.007,531.6,249.53,0.36111
3571,11769,38932,19.643,1150.3,178.07,0.73189
3571,13496,39342,20.663,498.87,241.18,0.34821
3572,13230,39540,32.15,958.8,684.17,0.16715
3573,13127,39518,27.361,268.89,160.95,0.25111
3575,13209,39423,35.49,585.17,386.42,0.20456
3576,12729,39634,19.448,539.96,389.82,0.16148
3577,12717,39590,30.718,769.04,662.08,0.074738
3577,12804,39583,28.231,660.06,589.59,0.05639
3578,13773,38498,35.835,337.81,170.45,0.32929
3579,12567,39386,22.795,551.43,540.03,0.010444
3579,14268,38910,27.498,538.64,475.62,0.062127
3580,12570,39252,23.392,720.84,307.91,0.40139
3580,14251,38974,28.316,573.6,382.7,0.19962
3581,12609,39327,16.876,646.29,343.9,0.30538
3581,14248,38966,33.689,394.84,288.27,0.15601
3582,12515,39016,26.434,344.74,305.97,0.05957
3585,12918,38727,31.904,535.49,384.14,0.16457
3585,13287,37543,35.693,324.98,129.04,0.43158
3586,12694,39130,34.296,546.13,553.16,-0.0063968
3586,12685,39195,30.625,717.01,701.33,0.011055
3588,11725,38129,28.94,718.81,256.06,0.47468
3588,13547,40039,38.59,469.9,198.38,0.40629
3590,11869,38237,28.015,475.26,296.26,0.23201
3590,13371,39636,32.318,308.94,252.58,0.10037
3591,13458,39549,33.213,722.98,489.43,0.19263
3592,13507,39655,32.544,650.87,414,0.22243
3593,13657,40214,30.526,475.01,246.9,0.31598
3593,13813,39288,33.303,522.77,287.72,0.29
3593,14510,39643,37.264,274.39,287.11,-0.022663
3596,11794,38552,27.562,758.19,455.21,0.2497
3596,13355,39249,29.866,666.45,474.54,0.1682
3596,13695,37943,25.65,406.82,169.74,0.4112
3597,12002,38887,35.479,237.02,106.29,0.38081
3597,13276,38988,21.418,933.6,388.02,0.41281
3598,11924,38982,34.536,244.21,118.7,0.34585
3599,11738,39695,23.699,880.13,619.76,0.17359
3599,12417,38876,11.681,614.79,500.1,0.10287
3600,12430,38890,12.216,514.28,250.38,0.34512
3601,11854,38438,31.102,541.52,403.25,0.14635
3601,12427,38858,14.259,474.24,231.73,0.34351
3601,14087,38930,36.863,320.67,192.02,0.25093
3602,11984,38347,34.446,229.53,397.13,-0.26744
3602,12438,40061,26.238,1080.6,508.38,0.36012
3602,12947,37393,16.503,381.98,407.96,-0.03289
3603,13024,37398,28.956,170.76,194.07,-0.063875
3603,13983,39746,27.601,655.26,369.28,0.27913
3604,11735,39762,26.621,347.8,364.3,-0.02316
3605,12005,39133,27.074,485.61,191.69,0.43396
3605,12233,37770,24.076,277.77,104.34,0.45387
3605,14581,39869,34.873,215.28,199.61,0.037779
3606,12164,39145,30.945,691.34,207.3,0.53864
3606,12206,39159,30.213,580.61,167.11,0.55301
3606,14232,37561,30.793,503.38,262.46,0.31458
3607,12081,39341,26.028,389.28,315.89,0.10407
3608,13677,39832,15.903,560.35,507.31,0.049679
3608,13953,37699,21.742,718.21,583.72,0.1033
3609,12771,38506,22.314,405.39,117.03,0.55198
3609,13652,39931,12.197,941.29,1068.9,-0.063501
3610,12393,40027,34.112,174.1,125.99,0.16032
3610,13533,39909,26.259,569.42,210.57,0.46007
3612,13582,40121,32.276,462.62,307.34,0.20168
3613,14202,39179,33.979,285.81,216.92,0.13702
3616,13722,39088,37.185,551.16,502.98,0.045701
3617,11890,38226,32.456,352.07,277.41,0.1186
3617,13220,39846,27.896,364.28,375.26,-0.014846
3618,13002,37908,33.261,238.87,251.76,-0.026269
3618,13387,40056,34.701,584.2,365.61,0.23013
3618,14528,37595,34.42,295.55,105.85,0.4726
3620,13336,39705,24.218,766.4,720.2,0.031076
3622,13312,40010,31.628,469.71,424.72,0.050307
3623,14095,38840,34.791,301.68,260.73,0.072809
3626,13091,39548,33.662,216.08,424.63,-0.32549
3627,13395,40259,31.603,334.49,284.24,0.081213
3628,11984,40151,25.169,409.55,330.12,0.10738
3629,12060,40257,27.48,475.18,323.29,0.19023
3629,12378,37755,26.094,316.3,235.02,0.14742
3630,11708,39484,28.489,679.95,574.94,0.083682
3630,13449,38966,34.437,320.98,295.41,0.041471
3630,14307,37547,14.597,368.61,225.17,0.24157
3631,12331,37795,24.486,733.97,433.99,0.25684
3631,13686,40179,32.836,462.99,183.53,0.43225
3632,11885,39910,18.915,865.46,346.4,0.42831
3632,12480,37925,23.476,410.53,362.98,0.061472
3632,13224,40121,21.016,799.92,479.27,0.25067
3632,14282,37757,36.448,334.02,253.79,0.13647
3633,11805,39995,22.122,830.88,654.93,0.11842
3633,13234,40083,25.971,764.08,539.54,0.17225
3633,13710,40212,19.164,941.6,573.21,0.24319
3634,12375,38241,27.004,348.76,203.6,0.2628
3634,13966,37639,27.164,647.31,547.96,0.083118
3635,13063,38963,32.652,278.67,127.94,0.37069
3636,12999,39111,30.41,340.27,188.18,0.2878
3637,13017,39139,25.403,764.03,500.7,0.20821
3638,12344,38486,27.933,1193.3,522.05,0.39131
3639,13377,39190,28.095,341.67,331.36,0.015321
3640,14647,40096,36.358,318.14,233.12,0.15422
3642,13553,37715,39.031,405.96,131.9,0.50953
3644,11715,39959,25.698,696.83,468.36,0.19608
3646,12757,37442,29.356,533.15,422.69,0.11556
3646,13756,37600,20.152,857.46,588.04,0.18638
3647,13748,37623,20.785,937.31,608.89,0.2124
3648,12491,37784,28.796,454.44,531.75,-0.078395
3649,12560,37893,28.775,482.17,299.71,0.23336
3649,13232,37412,30.544,248.71,277.53,-0.054759
3650,12753,37852,23.849,240.27,144.53,0.24883
3650,13464,37441,36.211,772.08,254.2,0.50463
3651,12833,37571,24.135,547.21,463.97,0.082323
3652,11901,40007,21.409,425.02,245.14,0.26841
3653,11857,40017,26.278,561.69,433.16,0.1292
3654,11760,39973,26.293,583.11,450.57,0.12822
3654,12484,39091,13.558,628.55,597.08,0.025676
3654,12873,38551,32.27,474.77,393.6,0.093476
3654,13910,38701,30.318,305.34,380.73,-0.10988
3655,12435,39170,11.395,937.61,884.85,0.028947
3655,13193,38725,30.439,361.38,456.29,-0.11608
3656,12500,39156,16.447,741.01,960.21,-0.12885
3656,12894,38519,27.094,261.05,121.46,0.36494
3657,12541,39182,12.306,684.17,633.46,0.038482
3658,12350,40132,27.534,722.5,349.74,0.34764
3658,13308,39156,34.085,759.08,609.15,0.10958
3659,13510,39103,28.467,652.51,597.46,0.044038
3660,13301,39053,31.035,505.68,444.34,0.064567
3662,14248,37422,19.071,438.47,270.06,0.2377
3663,13613,39787,33.006,250.11,180.75,0.16099
3663,14256,37538,17.211,563.76,418.6,0.14777
3666,12522,38818,30.195,419.46,327.37,0.12332
3666,14434,38609,27.796,237.53,361.78,-0.20731
3667,13792,38951,36.547,263.54,230.12,0.067691
3667,14294,38640,16.9,462.12,308.01,0.20011
3668,12535,39230,32.915,318.56,392.13,-0.10352
3668,13819,38899,23.452,630.84,227.03,0.47072
3669,12628,39548,34.536,236.2,138.08,0.26214
3670,13573,38648,15.676,1102.5,468.33,0.4037
3671,13579,38615,20.367,1130.4,568.37,0.33085
3671,14605,37690,27.326,287.03,114.81,0.42856
3672,13502,38600,23.94,371.11,152.78,0.41675
3673,12482,39004,13.882,770.56,577.48,0.14323
3673,13596,38348,30.987,899.04,750.67,0.089935
3674,11956,40076,30.758,612.1,338.74,0.2875
3674,12523,39063,11.346,691.27,755,-0.044064
3674,13541,39561,34.686,554.49,496.2,0.055479
3675,11739,40166,33.996,439.83,255.82,0.26452
3675,12582,38985,16.559,736.5,805,-0.04444
3675,13288,37906,31.519,354.4,263.93,0.14631
3675,13392,38618,32.938,996.93,577.17,0.26667
3677,11836,40292,30.141,572.34,374.42,0.20905
3678,12783,39045,15.14,621.35,386.09,0.23352
3678,13836,39778,19.163,338.92,151.35,0.38258
3678,14111,38745,35.72,241.04,140.97,0.26197
3678,14542,40329,20.8,296.8,124.78,0.40805
3680,12737,39093,16.266,573.66,662.75,-0.072057
3681,14150,37986,23.58,472.81,133.1,0.56066
3682,11861,39772,28.051,965.36,674.77,0.17717
3682,12731,39087,15.702,367.82,470.11,-0.12207
3682,13181,39893,28.543,396.95,193.32,0.34498
3682,14368,37973,27.125,1153.9,797.22,0.18282
3683,11801,39911,31.796,795.23,669.7,0.08569
3683,12727,39125,15.455,494.94,458.47,0.038253
3683,14371,37889,28.036,718.71,340.36,0.35725
3684,12717,39147,21.69,260.5,325.6,-0.11107
3684,14604,38120,25.005,358.12,111.93,0.52376
3685,11822,39574,28.369,926.88,445.82,0.35045
3685,14014,38188,32.229,650.81,808.24,-0.1079
3686,14248,37485,13.355,570.25,650.95,-0.066086
3687,14136,37553,20.179,462.35,551.52,-0.087954
3689,13931,38773,32.589,525.42,343.12,0.2099
3690,13917,38048,32.334,447.17,312.63,0.17707
3691,12974,39356,21.899,489.42,402.91,0.096949
3694,11837,37694,31.049,753.91,443.58,0.25915
3694,12655,38654,30.788,513.19,301.09,0.26047
3695,11806,37488,23.868,495.16,305.4,0.23704
3695,12623,37518,35.615,582.21,466.41,0.11044
3696,12584,40178,38.39,578.82,416.69,0.16286
3696,12777,37730,26.014,564.85,441.99,0.12202
3697,12759,37466,32.084,967.7,717.4,0.14854
3697,13985,38441,32.622,643.41,278.8,0.39537
3698,11779,39786,23.603,493.53,231.35,0.36168
3698,13012,39164,31.382,167.04,234.87,-0.16877
3698,13820,38383,29.748,580.13,163.14,0.56101
3698,14653,39469,32.2,478.04,161.24,0.49555
3699,13394,40287,11.678,1599.1,1054.6,0.20518
3699,14029,38476,27.142,371.03,120.1,0.51094
3699,14642,40311,26.038,440.46,298.62,0.19192
3700,12498,38890,30.626,319.22,159.24,0.33437
3701,12791,39982,19.287,800,543.03,0.19133
3701,13597,40223,19.418,814.57,444.08,0.29435
3702,11829,38960,29.173,655.65,544.5,0.092606
3702,12762,39838,28.571,288.35,188.83,0.20856
3702,13164,38726,36.705,366.42,270.04,0.15144
3702,13671,40221,32.615,491.98,511.23,-0.019189
3702,13925,37662,28.953,612.35,394.04,0.21693
3703,11703,38884,23.818,671.82,473.12,0.17355
3704,12929,39030,22.322,446.49,240.15,0.30052
3705,12685,38663,21.358,483.45,295.52,0.24126
3705,12892,39959,34.654,317.33,267,0.086145
3705,13788,37808,24.301,442.78,487.64,-0.048213
3706,12030,38372,26.242,448.17,289.58,0.21497
3706,13832,37951,38.969,256.05,521.85,-0.34169
3707,13717,38089,34.916,662.99,712.22,-0.035798
3708,11788,37552,29.068,272.07,277.36,-0.0096259
3709,11945,37470,27.926,552.77,317.19,0.2708
3709,13839,39374,33.45,228.72,168.64,0.15118
3710,12600,39653,28.508,403.84,195.45,0.34772
3710,13140,37928,27.879,831.12,490.9,0.25735
3711,11805,38133,38.854,478.6,286.18,0.2516
3711,13063,40280,27.338,525.44,293.5,0.28322
3713,12350,38771,35.944,416.54,354.45,0.08053
3713,12523,40296,32.748,719.18,531.66,0.14992
3713,12978,38014,24.896,441.61,184.69,0.41023
3714,12295,38446,32.703,213.22,121.52,0.27396
3714,12896,37810,31.67,515.68,440.64,0.07847
3715,12723,37916,26.983,1315.7,882.99,0.19681
3715,12839,38201,33.193,972.56,732.46,0.14082
3715,13158,39046,32.811,533.52,379.99,0.16806
3716,13174,39235,21.225,416.95,325.41,0.12331
3717,13231,39186,20.903,481.14,331.25,0.1845
3718,11735,37620,24.275,400.25,231.77,0.26657
3718,12118,39992,21.478,584.92,225.89,0.44281
3719,12972,39420,29.908,597.75,388.85,0.21174
3719,13741,39270,22.643,335.82,260.53,0.12625
3720,13022,39472,33.283,814.25,761.63,0.033389
3720,13758,39435,30.438,632.8,321.11,0.32676
3721,13293,37505,29.249,274.08,226.05,0.096034
3722,13247,39382,35.506,301.68,199.15,0.20473
3722,13943,39702,29.39,906.74,864.44,0.023883
3723,14539,40042,26.955,250.67,157.96,0.22688
3724,11974,40074,22.847,638.13,378.66,0.25519
3724,13448,39822,23.223,700.92,742.17,-0.028589
3725,13309,40209,31.589,170.3,207.23,-0.097827
3725,14259,37718,34.577,517.87,423.31,0.10048
3726,11740,37994,29.532,445.09,201.56,0.3766
3727,11723,38389,22.953,464.54,417.68,0.053117
3727,14196,37628,16.418,889.39,457.56,0.3206
3728,14081,38466,18.373,323.87,164.72,0.32573
3728,14327,39541,34.37,283.64,280.9,0.0048545
3730,12038,37724,25.102,558.29,497.44,0.057636
3730,13876,38692,21.528,537.62,756.59,-0.16919
3731,12037,37653,30.837,435.33,113.11,0.58752
3731,13895,38627,25.679,601.4,391.35,0.21158
3733,12603,40336,27.1,763.56,319.41,0.41012
3733,12823,38060,31.595,247,175.46,0.16934
3733,14655,37904,23.315,500.31,400.38,0.11095
3734,14655,37979,29.258,266.68,116.02,0.39367
3736,12281,37722,34.663,545.44,328.91,0.24765
3737,14631,39579,26.529,260.04,142.87,0.29079
3738,12193,37488,30.724,350.06,193.7,0.28757
3739,11955,38322,28.235,824.21,501.89,0.24306
3740,12269,37494,31.55,801.08,140.19,0.70213
3740,14102,39114,32.219,184.61,140.91,0.13426
3741,12513,37402,29.677,1112.6,620.32,0.28409
3741,12535,37540,26.997,869.28,461.42,0.3065
3742,11752,39420,33.437,759.27,689.86,0.0479
3743,11811,39584,20.158,545.23,377.9,0.18126
3743,12114,38774,23.466,500.01,335.45,0.19697
3743,14576,39060,28.533,954.47,645.55,0.19307
3744,11672,38299,26.215,563.92,446.27,0.11646
3744,12238,39808,28.982,344.22,149.53,0.39432
3746,11989,37715,20.107,606.46,507.49,0.088847
3746,12097,38908,29.143,417.35,358.26,0.076179
3747,13699,38485,24.737,415.4,258.97,0.23196
3749,14289,38214,9.2919,1328.9,153.85,0.79249
3750,14262,38293,10.835,734,181.24,0.60395
3751,14231,38277,15.751,805.41,264.93,0.50497
3752,11748,38416,23.69,561.06,285.77,0.32509
3753,11770,38455,19.103,806.86,569.07,0.17282
3753,11858,40358,35.649,169.89,151.75,0.056401
3753,12942,38876,24.05,369.2,237.68,0.21671
3754,11737,38402,20.942,688.02,448.37,0.21088
3754,13093,38627,19.658,950.41,405.42,0.40196
3755,11864,40228,33.97,669.4,368.44,0.28999
3755,12718,38717,28.283,403.26,146,0.46838
3755,13016,38726,35.081,1280.2,579.5,0.37677
3756,12713,38728,23.34,821.93,412.62,0.33154
3757,11717,39006,22.962,583.15,332.51,0.27373
3758,11826,37657,19.411,323.33,166.72,0.31957
3758,11802,39126,35.942,490.49,317.16,0.2146
3758,13239,39110,25.249,704.9,145.6,0.65761
3759,11816,37563,25.537,697.41,174.92,0.59896
3759,11915,39080,14.775,982.39,470.67,0.35216
3759,13609,40221,25.415,627.04,577.54,0.041091
3762,14519,40372,32.911,604.95,233.15,0.44362
3767,13529,39327,23.254,217.87,154.37,0.1706
3768,13557,38969,27.908,483.12,341.18,0.17219
3768,14437,38257,34.864,285.23,252.02,0.061814
3769,13979,40099,31.364,477.66,497.82,-0.020662
3770,12882,39862,31.468,370.06,186.4,0.33004
3770,13683,38830,31.844,456.95,285.1,0.2316
3771,13841,38715,31.711,237.49,187.83,0.11675
3772,13296,40384,24.892,586.46,489.62,0.089993
3772,13696,37457,22.774,656.84,567.45,0.073018
3773,11790,39600,29.716,591.72,245.93,0.4128
3773,14234,40326,30.544,455.52,359.13,0.11832
3774,14284,40230,30.565,425,418.28,0.007972
3776,12652,40294,33.485,762.06,424.13,0.28488
3778,12603,40160,28.607,844.73,550.33,0.21103
3778,13924,38014,36.885,605.1,363.55,0.24937
3779,12082,38456,20.317,270.84,171.26,0.22524
3780,11682,38137,36.021,878.37,187.55,0.6481
3780,14056,37662,21.278,620.13,438.49,0.17158
3781,14027,37620,21.448,405.38,125.5,0.52722
3782,13904,37616,28.176,626.04,495.02,0.11687
3783,12736,39514,28.628,465.08,232.73,0.33297
3783,14084,37682,29.236,449.62,246.37,0.29203
3784,11743,37406,23.025,881.76,828.66,0.031045
3784,12775,39967,30.204,715.27,457.55,0.21975
3785,11740,37547,26.671,644.73,415.14,0.21663
3785,11986,38624,32.323,403.17,295.65,0.15386
3786,14194,37602,29.378,432.06,223.06,0.31901
3787,11892,37991,28.745,234.39,144.52,0.23717
3787,13856,39760,31.028,559.07,218.25,0.43846
3787,13939,38643,25.729,401.34,236.16,0.2591
3788,13916,39910,23.518,316.94,244.19,0.12965
3789,11984,37799,45.153,464.41,513.79,-0.050488
3789,13908,38541,27.769,454.91,284.89,0.22982
3790,12174,37761,39.053,434.66,296.41,0.18911
3791,12004,38990,36.716,581.81,527,0.049431
3791,14410,38656,24.423,480.32,129.96,0.5741
3792,14423,38717,19.203,361.99,177.7,0.34148
3793,12494,38050,25.076,473.66,149.78,0.51951
3793,14272,38517,24.081,635.18,280.81,0.38687
3795,14372,38397,26.76,539.2,198.54,0.46176
3798,12662,40323,31.044,127.26,107.41,0.084568
3798,13815,38230,23.172,573.98,404.82,0.17282
3800,13711,37900,36.281,376,578.77,-0.21238
3803,14193,37837,33.866,203.17,436.76,-0.36503
3805,12688,38560,27.21,302.72,129.71,0.4001
3805,13024,38609,39.383,996.44,390.26,0.43714
3806,13140,39825,33.133,1186.7,603.79,0.32557
3807,11905,37650,18.071,1147.9,681.75,0.2548
3807,12795,40008,20.235,1067.7,896.57,0.087145
3807,13314,39972,24.305,985.93,940.18,0.02375
3808,11825,37688,15.371,806.72,490.16,0.2441
3808,11817,40340,28.679,559.19,148.64,0.58
3808,13655,40134,25.97,498.48,154.31,0.52721
3809,11954,37709,19.725,896.49,423.41,0.35842
3810,11889,37476,12.031,1019.9,578.07,0.27649
3810,13879,39926,36.755,279.88,239.7,0.077334
3811,14340,38222,34.972,232.66,153.83,0.20396
3812,12492,38869,34.88,294.85,188.82,0.2192
3812,12907,38303,28.421,325.4,118.84,0.46498
3813,12409,38915,27.123,665.36,519.79,0.12282
3813,13038,38231,24.165,374.26,159.51,0.40231
3814,12321,38824,21.47,513.39,243.56,0.35647
3815,11987,37723,30.597,422.63,339.3,0.10937
3815,12386,38693,21.095,637.32,344.5,0.29825
3817,12955,38015,25.949,774.19,568.55,0.15315
3818,13357,37994,31.112,457.09,337.71,0.15019
3819,12430,37894,29.095,593.68,354.31,0.25251
3819,13262,38084,26.597,1205.2,913.85,0.13749
3820,12380,37596,28.55,436.98,183.83,0.40779
3820,13292,38161,29.213,412.65,172.58,0.41023
3822,14275,38281,28.518,593.63,336.98,0.27579
3824,12645,39404,20.366,634.78,469.39,0.14979
3825,12786,39731,29.481,367.55,256.19,0.17854
3827,12199,39774,33.581,286.85,308.07,-0.03566
3827,13975,39685,28.8,533.96,403.86,0.13872
3828,13462,40106,31.825,443.02,316.47,0.16662
3829,11926,38547,29.272,271.25,149.25,0.29012
3829,13496,40153,27.381,1106.7,473.39,0.4008
3831,13104,37788,25.846,591.02,229.74,0.44018
3834,12971,39664,28.811,435.81,260.01,0.25266
3834,13309,37858,23.196,608.8,367.92,0.24662
3834,13901,38676,35.239,360.69,216.41,0.25002
3835,12529,38601,29.112,331.71,168.33,0.32674
3836,12647,38557,24.045,394.4,141.54,0.4718
3837,14327,38731,33.009,665.93,641.73,0.01851
3838,14223,37663,31.376,461.35,373.37,0.10541
3838,14436,38878,22.778,646.67,488.95,0.13888
3839,14234,37618,32.136,241.93,107.26,0.38564
3840,14231,37532,25.486,223.14,221.25,0.0042603
3840,14300,39097,34.154,326.22,245.92,0.14037
3841,14433,37598,35.177,306.74,258.01,0.086286
3842,13974,39583,30.747,309.02,167.09,0.29809
3843,11822,39957,28.037,610.57,231.86,0.44955
3843,14093,39087,33.071,215.57,270.58,-0.11314
3844,11739,39613,37.45,610.24,469.03,0.13084
3844,14429,38821,32.329,392.09,316.77,0.10627
3846,12240,37942,25.936,895.97,506.51,0.27769
3846,13128,38083,36.137,807.6,706.7,0.066634
3847,12330,37960,27.78,535.18,157.09,0.54615
3849,12006,39252,22.875,874.57,586.56,0.19711
3850,12137,39064,23.784,380.57,143.34,0.45282
3850,13677,37619,26.054,747.37,549.49,0.15259
3851,12041,39193,27.829,580.51,631.13,-0.04178
3851,12050,39744,29.362,451.42,135.71,0.53772
3851,13918,37681,31.614,536.69,417.72,0.12465
3851,13932,37680,30.186,600.28,472.24,0.11938
3852,12440,37911,26.314,362.34,186.59,0.32017
3853,12303,37908,34.53,521.53,291.6,0.28277
3853,13572,39308,31.849,376.7,292.47,0.12586
3855,13407,38833,31.553,409.68,355.71,0.070516
3856,11836,37467,33.973,301.28,300.81,0.00076987
3856,12298,38053,26.628,415.77,303.18,0.1566
3857,11918,37564,23.258,492.67,306.95,0.23226
3858,13519,39146,31.273,398.1,146.93,0.46084
3858,14465,38420,35.035,381.01,170.42,0.38189
3859,13787,39167,27.616,228.99,159.94,0.17753
3859,14360,37928,33.429,207.3,192.1,0.038055
3861,13909,38575,22.224,593.27,505.89,0.079491
3862,13795,38269,28.126,668.62,431.02,0.21607
3863,12200,38010,35.86,232.63,159.61,0.18616
3865,13207,40286,18.926,550.7,261.86,0.35547
3865,13881,37767,22.57,710.07,545.38,0.13118
3866,13135,40147,25.154,448.33,358.06,0.11194
3866,13593,37550,37.775,282.3,311.5,-0.049178
3867,13268,39755,26.192,322.24,208.89,0.21342
3867,14294,38780,30.985,408.93,123.85,0.53508
3868,13080,37664,27.053,460.33,180.92,0.43572
3869,13176,37506,29.791,440.72,299.21,0.19126
3870,12993,39470,30.219,379.93,151.03,0.4311
3871,13082,39509,26.257,458.2,239.16,0.31411
3872,12994,39287,30.702,1066.2,823.85,0.12823
3873,12353,40145,22.761,386.03,393.76,-0.0099154
3874,12471,40248,18.984,673.86,312.68,0.36611
3875,12581,40345,26.264,536.95,744.92,-0.16224
3875,12803,38802,30.002,596.29,370.59,0.23343
3876,12459,38846,19.669,867,670.93,0.12749
3876,12513,40218,18.762,648.67,547.72,0.08438
3876,14585,37855,35.322,346.87,170.13,0.34186
3877,12534,40173,24.66,534.68,532.77,0.0017828
3877,14640,38081,23.871,877.98,800.77,0.045988
3878,11735,38110,31.054,759.47,550.46,0.15956
3878,12478,38916,29.73,424.45,270.55,0.22143
3879,12465,40308,26.262,425.93,400.98,0.030176
3879,12607,39382,26.661,290.03,219.65,0.13809
3880,12192,37987,29.99,181.48,136.94,0.13991
3880,12504,38667,24.784,609.89,446.36,0.15482
3881,12728,38620,17.805,745.55,233.91,0.52237
3883,14112,38404,27.461,308.01,145.35,0.3588
3884,14098,38479,36.028,417.5,186.6,0.38221
3884,14355,37679,33.575,590.18,485.14,0.097679
3885,12625,39834,19.819,296.22,152.84,0.31929
3886,12886,39655,33.976,294.1,263.33,0.055195
3886,14490,38822,30.924,227.59,132.75,0.26322
3887,12827,38761,26.11,452.18,223.04,0.33937
3887,12776,39766,26.853,363.26,177.57,0.34334
3887,13588,38639,31.914,187.61,107.23,0.27265
3888,12839,38863,29.773,466.53,311.13,0.19983
3890,12202,38031,24.615,238.82,125.43,0.3113
3890,13137,39051,13.661,839.41,366.15,0.39257
3891,11825,37482,28.565,627.83,620.82,0.0056144
3891,13446,37410,32.243,1012.6,497.47,0.34114
3892,11883,37480,15.643,725.17,403.49,0.28502
3893,11879,37435,21.481,360.25,212.99,0.25688
3893,12878,38642,37.011,690.93,803.58,-0.075381
3893,13798,37689,33.159,363.67,247.4,0.19028
3894,12213,39449,27.561,366.41,208.61,0.27442
3894,13097,38619,28.952,505.57,324.53,0.21809
3895,12238,38072,17.185,637.58,294.95,0.36742
3895,14457,39770,27.132,325.66,134.49,0.41546
3896,12238,38120,23.73,655.2,466.24,0.1685
3897,12059,38118,26.778,628.29,236.66,0.45278
3898,12145,38521,33.848,490.4,200.53,0.41954
3899,13885,39180,33.806,454.32,165.21,0.46665
3900,13886,37987,29.028,319.4,116.92,0.46407
3902,12011,40231,32.095,634.76,512.93,0.10615
3902,12042,39370,32.672,1949.5,859.98,0.38779
3903,11712,37592,33.856,556.05,681.73,-0.10154
3903,13435,38644,32.155,260.98,159.25,0.24208
3904,11853,39079,32.413,335.55,276.78,0.095991
3904,12267,39383,27.312,364.29,204.33,0.28131
3904,13236,38894,34.635,255.31,219.08,0.076382
3905,11838,38875,26.129,429.81,206.41,0.35113
3905,13042,38833,29.391,354.24,204.18,0.26873
3906,13706,40031,35.874,238.4,127.53,0.30296
3907,11897,38257,34.968,290.56,258.09,0.059187
3907,12966,38630,32.558,500.82,280.84,0.28142
3908,12130,39416,30.357,766.28,213,0.56499
3909,12137,39379,19.254,791.01,424.62,0.3014
3910,14066,37626,19.713,466.62,272.17,0.26319
3911,14167,37673,29.477,298.18,258.55,0.071183
3913,12648,39599,23.643,618.74,267.23,0.39675
3913,14080,37672,19.454,349.09,204.76,0.26059
3914,12356,39429,23.443,548.11,343.17,0.22994
3914,14152,37639,21.32,660.76,445.02,0.1951
3918,13018,39344,29.772,340.32,254.64,0.14402
3918,13444,38014,20.38,1043.7,552.08,0.30807
3919,13620,38013,35.346,989.35,518.67,0.31212
3920,13466,38180,28.49,567.72,294.38,0.31706
3920,14121,37758,33.825,674.26,310.8,0.36898
3920,14268,38950,31.187,327.64,300.82,0.042673
3922,11696,39618,34.11,262.27,295.64,-0.059808
3924,14122,38665,23.204,315.8,229.35,0.15859
3925,12560,38484,24.433,441.31,183.46,0.41272
3927,11863,40389,15.348,941.63,545.17,0.26665
3928,11803,40304,22.747,881.14,637.43,0.16048
3928,12937,38091,37.006,301.69,236.96,0.12018
3928,13948,38335,29.955,252.97,123.5,0.34389
3930,12631,40063,28.672,841,452.03,0.30082
3930,13592,40343,18.237,614.05,516.37,0.086412
3933,12546,38578,27.862,626.33,605.55,0.01687
3933,13405,40347,22.233,472.33,383.63,0.10363
3937,11692,37941,29.702,901.36,636.83,0.17197
3938,11718,37858,31.716,363.61,139.27,0.44611
3939,14149,37678,25.373,304.98,195.47,0.21883
3940,14158,37631,14.253,497.84,384.98,0.12784
3941,12147,39051,24.92,598.57,259.64,0.39492
3941,14159,37656,32.045,537.51,424.71,0.11724
3943,14068,37597,25.133,446.66,442.44,0.0047468
3944,14094,37739,23.754,491.5,346.17,0.17349
3945,12864,38807,35.905,683.24,315.31,0.36846
3945,13861,37835,24.737,840.86,928.39,-0.049476
3946,13829,37817,31.027,338.93,329.41,0.014251
3947,13686,37592,22.537,540.26,444.41,0.097337
3947,14218,37816,22.434,830.53,621.93,0.14362
3948,12318,38616,26.268,373.61,212.92,0.27397
3948,13840,37446,30.912,298.53,164.36,0.28985
3948,14032,37881,27.694,781.28,546.94,0.17643
3950,13874,38460,27.61,442.89,204.58,0.36806
3953,12864,37621,37.735,399.76,419.12,-0.023644
3953,13835,38019,32.789,496.62,494.55,0.0020941
3954,13778,38276,26.496,437.65,253.87,0.26576
3955,13779,38331,20.065,561.07,246.43,0.38965
3956,11692,37965,33.082,223.13,126.55,0.27619
3956,14033,38141,30.916,322.08,295.32,0.04334
3957,14123,37685,14.475,590.99,310.08,0.31175
3961,12030,39285,27.726,574.3,456.31,0.11449
3962,12374,39228,29.883,466.2,370.06,0.11497
3963,12191,38863,25.674,317.55,210.62,0.20245
3964,12273,38830,24.068,452.12,313.38,0.18125
3965,12388,37606,36.623,384.02,427.9,-0.054046
3965,12374,38867,36.55,651.11,579.74,0.057985
3966,12645,38852,20.42,587.56,207.02,0.47892
3969,11701,39234,24.825,827.09,541.91,0.20831
3969,11795,37481,18.372,494.33,156.55,0.51896
3970,11855,39626,25.515,624.57,338.84,0.29659
3970,12039,37766,26.92,667.5,442.6,0.2026
3972,11930,39526,31.103,298.65,194.19,0.21195
3973,13319,39773,29.346,325.41,201.27,0.23572
3974,12317,39476,21.16,587.26,454.96,0.12694
3975,13537,39513,20.527,317.88,203.33,0.21976
3976,12711,37493,34.908,313.69,357.04,-0.064637
3977,11886,37625,16.376,477.83,392.65,0.09785
3978,14414,37962,32.266,578.16,443.44,0.13188
3979,14153,37627,34.011,407.02,285.03,0.17627
3980,14131,37717,22.452,794.81,569.59,0.16507
3980,14641,39310,14.935,725.77,373.47,0.32049
3981,11683,38697,19.214,741.62,479.44,0.21472
3981,12460,38019,31.079,285.03,163.69,0.27042
3981,14285,37821,26.474,734.19,589.87,0.109
3982,11773,38723,26.106,725.06,262.65,0.46817
3982,14176,37978,23.467,810.64,515.25,0.22278
3983,11961,38710,28.52,513.21,464.83,0.049462
3983,13200,38280,29.839,434.73,407.2,0.032697
3983,14165,37654,31.592,273.48,374.04,-0.1553
3984,12096,38775,29.081,339.01,209.24,0.23669
3984,13928,37616,20,1041.8,875.38,0.086805
3985,13825,37645,22.87,828.35,598.41,0.16116
3986,12215,38550,34.52,612.56,358.06,0.2622
3986,13425,38220,32.978,510.53,746.25,-0.18756
3986,14140,37641,17.956,307.72,269.13,0.066897
3987,14163,37573,19.744,679.68,467.24,0.18523
3988,12842,39363,24.96,441.82,203.66,0.36896
3988,12855,38216,26.572,443.94,374.62,0.084682
3988,14242,37630,18.811,362.88,338.24,0.035141
3989,12955,38140,28.189,673.78,715.57,-0.030079
3990,11915,37442,18.079,1055.1,736.75,0.17769
3991,11807,37604,25.681,613.94,243.37,0.43224
3992,11747,37559,25.596,1196.6,1020.1,0.079629
3992,13265,37880,27.216,703.02,331.26,0.35943
3992,14125,37619,12.548,622.82,283.56,0.3743
3993,12546,39151,27.859,380.62,144.95,0.44842
3993,13078,37915,24.722,864.44,648.53,0.1427
3994,12980,38150,22.667,779.65,526.18,0.1941
3995,12976,39530,33.229,416.73,332.41,0.11256
3995,13106,38062,23.843,947.52,470.06,0.33682
3996,12532,38537,28.623,665.42,241.24,0.46786
3997,12606,38517,25.186,565.95,277.3,0.3423
3997,13070,37829,28.205,554.4,520,0.032014
3997,13647,37616,24.591,299.7,123.62,0.41595
3998,12758,37558,26.779,537.87,262.4,0.34423
3998,13611,37452,29.381,798.56,290.56,0.46643
3999,12140,39260,24.577,633.95,255.8,0.42501
3999,12517,37674,25.402,538.63,342.57,0.2225
3999,14159,37652,14.741,626.09,301.41,0.35006
4000,12800,37714,24.681,442.62,391.31,0.061531
4000,14199,37873,25.387,456.11,194.78,0.40149
4002,13321,38131,27.255,226.02,162.88,0.16236
4002,14190,37674,19.437,355.28,381.11,-0.035087
4003,13418,38178,27.323,267.23,244.49,0.044435
4006,13797,38566,28.671,708.04,444.88,0.22825
4007,12003,39224,34.364,617.15,472.49,0.13277
4009,13447,39197,32.072,474.85,189.07,0.43043
4009,14169,37687,28.51,465.47,588.19,-0.11647
4010,13996,39274,40.113,276.8,118.9,0.39904
4010,14170,37602,28.163,383.21,348.68,0.047178
4012,14619,37637,20.357,1022.1,308.64,0.53614
4013,13173,37517,29.648,243.56,125.77,0.31893
4015,13696,40361,23.033,910.24,568.36,0.23122
4018,13370,37413,26.927,551.49,179.2,0.5095
4019,13150,37419,31.496,302.18,230.22,0.13517
4022,11847,38318,29.203,270.83,132.39,0.34335
4022,13372,38640,32.285,245.94,151.78,0.23673
4023,13267,38796,34.655,770.52,559.86,0.15834
4023,14038,37812,28.652,330.68,258.28,0.12294
4024,12494,38029,23.184,297.55,243.71,0.099481
4024,13169,39061,34.097,393.66,299.1,0.13649
4024,13875,38634,29.444,306.05,182.41,0.25311
4025,13062,39031,34.326,336.82,215.54,0.21958
4025,13394,39954,32.976,287.44,461.12,-0.23201
4025,13668,38497,25.341,385.57,231.13,0.25043
4027,12987,38847,32.31,355.5,161.93,0.3741
4028,11930,37632,25.745,469.04,209.27,0.38297
4028,11957,38301,32.003,179.82,354.3,-0.32666
4028,14139,37604,12.233,447.47,237.69,0.30618
4029,13185,38649,32.41,631.91,365.27,0.26739
4029,14111,37636,22.284,401.89,273.62,0.18988
4030,11784,37743,27.838,436.07,292.79,0.19658
4030,13106,38781,27.45,328.98,104.38,0.51828
4030,13676,39780,22.69,402.25,155.79,0.44166
4031,12858,38783,23.338,512.04,219.38,0.40012
4031,13610,39762,33.92,458.23,272.67,0.25387
4032,12081,37942,35.345,757.51,725.1,0.021862
4032,12898,38906,38.538,363.82,312.09,0.076537
4033,11905,37472,24.924,503.45,305.65,0.24447
4033,12245,38133,35.983,287.13,158.56,0.28848
4034,13354,40318,22.291,502.94,358.13,0.16817
4034,14608,39273,28.781,467.81,287.12,0.23935
4040,14039,37699,26.264,181.65,193.73,-0.032179
4045,13921,39838,27.629,363.48,207.9,0.2723
4052,11697,39306,29.059,430.23,344.25,0.11101
4052,12959,38889,31.894,494.89,277.57,0.28133
4054,13631,37629,23.47,664.55,379.93,0.2725
4054,13901,40358,38.72,253.69,378.52,-0.19745
4055,11784,38346,27.166,642.2,448.71,0.17736
4055,13674,37707,19.357,987.98,469.77,0.35549
4056,13776,37776,23.537,466.4,278.1,0.25292
4057,13825,37832,30.745,650.74,596.25,0.043691
4058,12218,38013,29.667,534.09,706.26,-0.13881
4058,13590,37537,25.607,646.97,431.35,0.19997
4059,12437,37874,29.526,408.38,246.16,0.24784
4059,13416,37417,31.332,336.47,357.26,-0.029973
4060,13210,37435,23.183,350.27,239.28,0.18825
4061,12419,39244,29.974,165.04,111.62,0.1931
4063,12197,39103,33.387,275.71,148.85,0.29881
4063,14197,37654,28.436,596.28,496.63,0.091179
4064,12252,39011,32.952,358.38,219.5,0.24033
4065,11813,37481,20.519,284.24,112.94,0.43128
4065,12191,39101,29.083,339.15,302.4,0.057294
4066,11750,37406,28.242,520.49,425.77,0.1001
4066,14105,38148,29.965,588.82,459.82,0.12302
4067,11714,39820,28.587,514.45,373.94,0.15816
4067,14159,37940,26.12,437.39,405.62,0.037689
4068,11734,39897,28.126,263.17,137.81,0.31262
4073,13411,38613,33.642,367.34,277.35,0.13958
4074,13289,37532,30.398,704.72,717.94,-0.0092919
4074,13462,38652,24.953,405.63,239.36,0.25779
4075,12305,39668,24.897,544.04,247.76,0.37419
4076,12430,39973,21.544,854.62,557.74,0.2102
4076,13801,38170,34.67,328.02,258.98,0.11763
4077,13837,38102,27.443,758.65,567.25,0.14436
4077,14357,39602,32.437,510.17,312.49,0.24029
4078,14351,39533,26.555,383.98,305.79,0.11336
4080,14101,39437,36.701,237.6,144.35,0.24414
4082,11680,40074,31.768,564.12,321.09,0.27455
4083,11698,40195,23.742,789.62,378.34,0.35213
4083,13968,39026,31.922,333.36,245.65,0.1515
4084,12474,40192,35.848,257.95,116.44,0.37796
4084,13987,38894,35.583,269.75,233.18,0.07273
4085,14194,39050,31.018,571.5,186.33,0.50824
4086,11708,38802,33.483,362.82,333.96,0.041427
4086,13183,38315,30.258,905.35,412.15,0.37435
4086,13610,40298,18.964,1421.6,717.63,0.32907
4086,14259,39021,40.038,594.04,748.37,-0.11496
4087,13161,38314,29.067,366.71,146.76,0.42837
4088,13070,38237,37.324,652.47,404.26,0.23489
4089,13074,38399,27.14,346.04,168.59,0.3448
4089,13740,40269,35.731,482.84,543.9,-0.059471
4091,13493,39296,28.437,692.61,374.29,0.29836
4091,13677,39923,32.376,385.6,254.04,0.20567
4092,11808,39708,29.089,716.27,136.97,0.67893
4092,13641,39248,18.76,732.13,605.31,0.094816
4092,13659,39901,32.08,348.66,337.59,0.016141
4092,14602,40197,30.186,551.47,504.1,0.044878
4093,12587,37907,24.686,406.65,245.88,0.24637
4094,12757,37905,29.434,377.54,294.8,0.12307
4095,12694,39343,37.966,240.68,268.98,-0.055531
4096,12800,37465,31.995,245.11,219.86,0.054308
4097,13724,38159,29.95,226.33,148.47,0.20774
4098,12771,40092,21.445,371.81,236.3,0.22284
4098,14487,40287,33.278,449.92,355.88,0.11671
4099,13013,40029,33.384,420.87,358.59,0.079893
4099,14054,38885,32.55,401.5,244.01,0.24398
4100,12322,38645,35.859,553.86,507.06,0.044112
4100,13161,40015,23.749,385.86,233.22,0.24655
4101,12003,39674,33.098,422.32,450.33,-0.032091
4101,14079,37602,17.952,784.43,867.98,-0.050567
4102,12030,38626,27.604,408.97,285.02,0.17861
4103,12145,38739,33.247,434.9,227.84,0.31244
4104,12049,39949,20.487,700.08,513.54,0.15371
4104,14391,39353,30.729,228.94,272,-0.085963
4108,13375,39340,27.467,454.27,107.66,0.61683
4108,14143,37656,17.369,304.29,147.04,0.34842
4109,14115,37647,17.489,433.9,178.39,0.41731
4110,12749,40152,27.135,413.35,343.13,0.092834
4110,13509,39676,14.901,430.71,195.3,0.37605
4110,14128,37617,17.285,558.22,254.3,0.37404
4111,13471,39694,17.52,516.68,294.36,0.27411
4111,14058,37732,19.545,458.69,357.8,0.12357
4112,11752,37714,32.169,270.01,364.44,-0.14882
4112,13211,39696,27.468,450.49,238.51,0.30766
4113,13087,39769,32.734,633.49,318.26,0.3312
4114,11807,37638,38.486,267.08,303.14,-0.06324
4115,11773,37715,22.677,320.78,222.88,0.18008
4116,11804,37643,24.694,259.02,145.77,0.27977
4116,12808,40294,33.466,1002.9,884.56,0.062713
4116,12787,37841,31.482,644.26,389.22,0.24677
4116,12803,37906,43.851,1048.9,677.72,0.21499
4116,13011,40002,36.458,834.19,673.78,0.10637
4117,13095,40299,26.357,553.88,308,0.28528
4118,11670,39925,23.735,463.63,487.48,-0.025077
4118,11846,37617,18.189,315.38,129.96,0.41635
4118,12583,39794,31.985,250.57,176.86,0.17245
4123,12424,38321,32.89,270.08,102.72,0.44894
4123,12419,40216,24.388,675.82,395.39,0.26179
4124,12786,40272,31.027,753.08,573.22,0.13561
4125,12758,38681,21.047,551.42,231.9,0.40791
4126,11690,37884,24.625,897.02,393.17,0.39052
4126,12669,38633,24.819,282.16,167.07,0.2562
4127,12528,40275,32.135,394.51,247.52,0.22895
4128,11879,39908,22.547,542.57,378.97,0.17753
4129,11931,39923,19.027,528.71,216.46,0.41903
4130,11875,39874,19.415,572.46,354.87,0.23464
4130,12986,38347,23.734,475,191.08,0.42625
4131,11682,39954,39.112,415.66,620.59,-0.19777
4132,14139,40288,27.342,347.19,220.91,0.22227
4133,12433,39565,36.858,553.07,504.94,0.045494
4135,13888,38422,28.234,602.92,449.08,0.14623
4136,13946,38427,30.023,278.51,147.51,0.30751
4137,14048,38496,27.042,415.04,191.79,0.3679
4139,13498,38695,22.469,219.65,219.15,0.0011456
4140,13495,38739,30.721,194.6,125.56,0.21565
4141,11858,40199,38.073,317.86,233.77,0.15244
4141,11910,39332,19.556,899.56,415.2,0.3684
4142,11687,39370,26.538,501.45,392.82,0.12148
4142,12088,39490,29.25,434.95,253.79,0.26304
4142,12582,40278,21.29,445.98,177.88,0.42975
4142,13423,38575,37.478,334.27,162.35,0.34616
4144,13527,38292,35.075,212.28,159.94,0.14064
4146,11774,39375,19.53,1212.7,597.57,0.33979
4147,11944,39367,15.746,1022.1,694.49,0.19086
4148,12046,39454,21.52,630.7,289.59,0.37066
4149,12458,40202,31.37,974.24,678.62,0.17885
4154,13630,37632,29.158,292.71,187.32,0.21956
4155,11980,40339,24.394,309.95,221.81,0.16576
4156,14345,40323,30.201,360.43,150.06,0.4121
4156,14468,37811,19.823,739.21,505.56,0.1877
4157,14025,40240,30.275,573.46,411.37,0.16458
4157,14495,37965,23.47,912.81,608.3,0.20019
4158,12084,37485,34.818,800.75,683.8,0.07878
4158,13886,40341,31.326,252.89,183.74,0.15836
4158,14225,37834,16.726,743.91,351.71,0.35797
4159,14288,37801,22.001,920.13,403.6,0.39021
4159,14239,40205,27.947,457.4,296.66,0.21317
4160,11788,37680,23.747,357.73,271.78,0.13654
4160,14232,38189,33.442,824.48,506.07,0.23931
4161,11765,40309,24.58,412.09,191.84,0.3647
4162,11790,38669,23.858,421.06,268.85,0.22062
4162,11988,39919,26.616,634.79,355.15,0.28248
4162,13056,39691,23.827,693.76,474.39,0.18779
4163,11920,38886,40.318,644.9,833.97,-0.12785
4163,12160,39957,22.685,604.67,425.47,0.17396
4163,13903,38257,23.34,1124.6,904.68,0.10837
4164,13818,38257,36.373,1028.7,634.73,0.23682
4165,13761,38283,17.432,698.55,507.73,0.15819
4165,14560,37767,41.438,818.59,799.36,0.011886
4167,13920,38342,30.776,590.33,439.85,0.14607
4167,14107,37508,27.911,427.25,200.33,0.36158
4169,11987,39126,25.084,317.23,200.25,0.22607
4170,12157,39174,29.782,508.49,458.8,0.051364
4171,11815,39234,30.509,646.45,442.72,0.18705
4173,14503,38896,29.401,330.72,159.74,0.34862
4174,12617,40117,34.226,315.66,296.6,0.031138
4175,12570,39997,33.922,506.81,417.27,0.096891
4177,13270,40171,22.807,438.8,354.96,0.10563
4180,12765,38391,30.383,413.87,153.54,0.45882
4180,14070,37764,19.928,501.34,384.1,0.13241
4181,13030,38393,35.027,651.86,815.45,-0.11149
4182,13223,38269,33.287,648.36,486.32,0.14281
4182,13783,38297,26.586,830.04,431.98,0.31541
4183,13292,38369,18.944,892.85,808.39,0.049646
4183,13742,38410,25.907,634.92,497.89,0.12097
4184,13062,38507,22.782,854.64,366.28,0.39999
4185,13088,38706,28.589,620.02,352.39,0.27522
4186,14114,38879,31.784,308.32,164.73,0.30354
4188,13800,37412,23.408,669.92,335.93,0.33205
4191,13330,40043,32.454,445.49,237.03,0.30543
4192,13228,37588,36.592,639.53,333.78,0.31414
4195,12545,40055,30.655,991.89,679.57,0.18685
4195,14661,39536,26.442,1109.9,625.48,0.27915
4197,12633,38980,30.483,344.59,108.42,0.52132
4198,12730,38998,26.623,311.58,200.63,0.21661
4198,12809,38256,29.443,457.35,212.53,0.36546
4199,12520,37763,23.401,340.16,180.98,0.30543
4199,13831,39161,32.933,375.89,252.58,0.19621
4200,13152,38295,28.334,368.8,142.69,0.44207
4200,13300,39071,31.345,253.49,129.78,0.32278
4200,14274,37772,19.626,1094.1,575.67,0.31047
4200,14295,40017,25.866,467.45,215.11,0.3697
4201,13471,38214,32.928,145.35,127.83,0.064145
4201,13823,37566,21.78,922.86,448.3,0.3461
4202,12417,38038,26.971,260.98,115.57,0.38618
4203,13556,37514,24.637,975.98,520.72,0.30418
4204,13439,37766,19.028,1142.7,286.55,0.59903
4205,13576,37501,21.155,701.63,302.78,0.3971
4205,14085,37680,26.048,875.1,435.64,0.33528
4206,13697,37517,18.89,938.76,686.11,0.15549
4207,14084,37682,34.542,155.76,164.53,-0.027362
4209,13082,39203,29.452,528.73,337.2,0.22118
4209,14295,40376,15.267,738.58,376.01,0.32529
4210,12513,37896,26.836,366.32,188.71,0.32
4211,12000,38605,25.926,310.85,183.96,0.25644
4211,12440,38126,25.002,362.5,129.34,0.47407
4212,12259,39989,21.022,471.94,157.97,0.49844
4213,11952,37689,31.729,390.24,228.02,0.26239
4213,12910,38053,20.079,751.47,407.71,0.29655
4214,12945,39956,31.669,439.26,102.26,0.62231
4214,13924,40254,31.541,222.18,102.42,0.36894
4215,13316,40170,28.792,569.81,349.54,0.2396
4217,11697,38307,26.862,553.8,343.9,0.23382
4217,12388,39263,35.585,230.47,210.48,0.045334
4218,13559,39787,27.29,567.9,577.69,-0.0085456
4220,12199,40120,23.616,350.86,144.58,0.41636
4222,13798,38716,34.133,194.96,111.81,0.27106
4225,11766,39854,24.539,719.52,299.32,0.41243
4225,11981,37780,24.899,456.8,192.12,0.40788
4225,14326,37738,30.27,636.53,214.29,0.49628
4226,11707,40208,19.078,326.17,266.28,0.1011
4226,14268,37754,35.861,312.21,397.01,-0.11956
4227,14045,37757,29.686,257.28,172.33,0.19773
4228,14035,39804,29.545,498.59,324.07,0.21213
4229,11842,39735,30.04,763.34,677.08,0.059887
4229,14274,37486,37.55,449.17,365.15,0.10318
4229,14510,39905,35.645,302.51,337.57,-0.054768
4230,14132,37572,35.561,319.52,247.95,0.12613
4232,11970,39457,19.818,856.21,549.04,0.21859
4233,13255,39931,32.196,309.54,241.78,0.1229
4234,12519,37954,28.21,381.45,250.94,0.20637
4234,13897,40321,24.972,210.15,128.61,0.24071
4236,13150,37688,35.138,552.9,597.93,-0.039127
4237,11822,37741,32.623,460.03,126.31,0.56915
4237,11842,40066,27.105,567.07,497.95,0.064906
4244,13399,37812,40.037,333.3,345.98,-0.018675
4245,13575,37862,26.539,358.13,225.71,0.2268
4247,13256,37985,21.271,526.51,434.89,0.095302
4247,13802,39017,18.351,360.67,400.94,-0.052882
4248,13789,39070,31.005,220.93,309.68,-0.16726
4249,13893,40295,37.058,256.55,375.29,-0.18792
4250,11726,38577,27.906,381.72,315.7,0.094664
4251,12410,38392,38.99,449.49,290.2,0.21534
4253,13608,40278,35.498,301.02,242.62,0.10742
4254,14343,37903,39.23,429.17,364.02,0.082137
4256,14450,38126,33.502,911.32,674.93,0.14902
4257,14390,37703,28.794,697.12,367.43,0.30969
4258,11937,37662,13.769,441.06,280.26,0.22292
4259,12478,38175,25.669,347.38,256,0.15145
4260,12725,37941,35.361,330.44,326.12,0.0065821
4261,11968,40140,34.185,635.04,360.69,0.27553
4263,12454,38667,32.805,359.67,287.43,0.11163
4264,13029,40043,30.965,534.29,577.53,-0.038887
4264,14190,38053,28.539,384.97,335.9,0.068069
4264,14207,38034,36.316,359.56,215.08,0.25143
4265,13011,39893,38.757,687.33,514.07,0.14422
4265,13962,38108,33.409,310.02,198.5,0.21931
4266,12057,38594,29.648,538.56,198.66,0.46106
4266,13745,37993,34.447,518.58,259.65,0.33272
4267,12045,38648,26.522,593.06,269.11,0.37574
4268,12150,39579,27.967,641.89,585.54,0.045915
4269,12220,39558,34.308,385.38,224.08,0.26467
4269,13514,40106,36.33,164.66,223.75,-0.15212
4269,14042,37652,26.887,553.35,545.27,0.0073539
4270,11823,38967,33.234,352.3,121.23,0.48796
4271,13384,39210,21.558,584.41,255.05,0.39235
4271,13846,37736,30.987,607.72,397.91,0.20864
4272,13300,39567,31.31,562.02,375.64,0.19876
4272,14166,37725,28.203,229.99,160.14,0.17903
4273,13442,39743,31.316,677.69,528.49,0.12369
4273,13458,40241,27.136,488.69,321.43,0.20646
4274,13004,37853,36.708,251.28,217.88,0.071177
4277,14402,39161,32.59,252.56,206.05,0.10142
4279,14233,38711,41.018,507.75,288.33,0.27564
4280,14227,38376,26.409,470.75,159.75,0.49326
4283,13420,39091,29.587,776.38,373.54,0.35032
4284,14091,37670,30.252,164.53,164.5,0.00010819
4285,13423,39330,25.483,353.55,319.83,0.050067
4286,11969,37702,35.158,180.9,195.7,-0.039311
4286,14085,39684,37.732,405.64,295.44,0.15719
4287,13649,39356,24.861,400.04,257.36,0.21703
4288,13680,39308,23.752,558.68,695.16,-0.10885
4288,14085,40126,32.419,308.87,343.59,-0.053221
4292,11953,40338,33.824,362.31,214.13,0.25706
4292,12374,37514,23.894,655.54,394.54,0.24855
4293,12106,37541,39.23,572.22,307.18,0.30138
4295,11911,37509,20.809,974.95,692.77,0.1692
4295,14363,38523,20.582,1248.3,786.95,0.22666
4296,13191,37990,31.517,484.91,196.78,0.42267
4296,14646,38410,24.242,743.14,539.13,0.1591
4297,13421,40350,23.068,680.73,584.9,0.075713
4299,13689,40101,31.184,187.31,126.43,0.19405
4299,14350,37984,34.439,259.23,174.17,0.19625
4301,14416,38027,22.123,793.18,308.79,0.43956
4302,14214,38660,23.169,343.89,138.46,0.42588
4302,14585,37943,28.795,721.87,412.41,0.27283
4304,11907,39785,21.97,612.62,430.33,0.17479
4304,13724,40333,30.527,512.85,351.76,0.18631
4305,13940,40349,32.549,450.93,447.27,0.0040758
4305,14431,37801,22.882,644.82,329.7,0.32336
4306,12000,37767,35.593,301.87,228.2,0.13898
4306,14154,37777,42.442,585.32,437.17,0.14489
4308,14575,39740,32.757,523.25,537.94,-0.013841
4309,14533,39997,36.119,369.98,196.38,0.30652
4311,14509,39156,36.409,357.94,193.92,0.29721
4312,11753,39628,24.543,735.98,410.53,0.28386
4313,12366,39975,21.283,846.16,437.48,0.31837
4314,14129,40181,25.219,403.15,147.6,0.46401
4314,14401,39363,31.269,683.52,649.57,0.025462
4315,12360,39663,36.952,448.49,199.55,0.38414
4316,13374,37695,37.805,352.98,279.48,0.11622
4316,14607,38660,32.501,295.85,356.04,-0.09232
4317,12243,39320,25.205,807.52,450.41,0.28389
4318,13038,38228,36.195,356.9,260.11,0.15688
4319,12865,39777,37.585,823.91,393.4,0.35365
4320,12821,39826,27.032,304.77,274.33,0.052572
4320,12936,38191,36.041,275.68,150.84,0.2927
4321,13898,37952,26.202,516.2,231.8,0.38022
4323,14489,37967,26.237,348.99,300.64,0.074428
4324,13690,39989,37.987,346.46,233.61,0.19455
4327,12165,38428,32.522,240.83,143.39,0.25359
4328,12108,38268,35.687,400.75,205.34,0.32241
4328,13384,39485,36.662,813.42,925,-0.064181
4329,11955,38246,31.16,291.15,176.48,0.24523
4330,14514,38304,33.224,244.2,211.78,0.0711
4331,11735,38669,24.472,662.16,220.45,0.50045
4331,14589,38440,20.494,259,124.48,0.35079
4333,14063,38724,26.631,354.08,338.29,0.02281
4333,14321,40212,40.292,512.72,512.75,-3.3033e-05
4334,13915,38866,32.634,394.28,283.72,0.16307
4334,14291,40359,28.384,693.84,545.63,0.11958
4337,13024,40066,31.161,379.78,246.58,0.21265
4337,14333,37828,31.25,483.04,403.77,0.089391
4338,13181,40013,30.342,504.74,355.94,0.17288
4338,13325,39047,38.249,362.51,210.39,0.26553
4340,13356,39576,23.092,700.26,478.24,0.18839
4341,13241,40286,28.479,359.68,312.28,0.070539
4341,13791,39829,26.483,667.77,497.13,0.14648
4342,12216,37878,31.907,235.03,132.31,0.27966
4343,13382,40306,24.179,491.76,258.27,0.31131
4343,14506,39714,32.862,276.57,261.33,0.028324
4344,11944,37524,20.14,661.14,374.84,0.27636
4344,12658,40390,25.888,659.08,499.35,0.13789
4344,14511,39897,30.935,527.39,485.12,0.041739
4345,13875,40267,18.56,569.95,373.75,0.2079
4345,14544,39762,24.903,746.77,216.74,0.55011
4346,13771,40024,37.184,422.66,522.25,-0.1054
4346,14620,39713,36.959,324.93,273.27,0.086347
4347,13260,39393,21.46,797.68,456.34,0.27219
4347,14621,39542,27.119,550.91,645.62,-0.079156
4348,14025,40372,29.352,410.98,404.92,0.0074268
4348,14579,39353,24.962,676.85,375.26,0.28665
4349,13778,40332,23.105,667.47,667.4,5.2994e-05
4351,12842,39561,30.793,326.84,297.65,0.046748
4351,13374,37805,31.549,533.92,461.78,0.072445
4351,13386,40233,20.032,854.06,785.28,0.041953
4352,12823,39596,32.118,300.57,259.31,0.073693
4352,13123,38718,31.241,334.25,173.16,0.31747
4352,13372,40134,12.97,1055.8,686.62,0.21188
4353,13923,39065,33.024,383.67,124.64,0.50959
4355,13450,39588,35.84,316.1,274.87,0.069761
4356,13578,39270,29.752,257.35,288.5,-0.057077
4357,12886,39609,32.408,245.45,137.15,0.28305
4357,13700,39591,29.783,515.26,658.26,-0.12186
4358,14573,39707,35.677,205.99,294.36,-0.17661
4359,12574,37630,27.466,641.54,597.25,0.035753
4359,13695,39755,27.916,443.41,585.87,-0.13841
4360,12672,37693,26.502,396.92,290.57,0.15468
4360,13747,39772,22.681,550.05,600.07,-0.043494
4362,13571,39271,37.573,396.7,334.91,0.084453
4364,13039,39812,27.702,611.83,396.35,0.21373
4365,13020,39987,29.179,659.92,462.19,0.17621
4366,12597,37654,32.52,546.41,380.79,0.17863
4368,13404,39434,24.96,434.14,244.54,0.27937
4368,13837,40303,23.367,305.61,129.09,0.40606
4369,12435,38320,35.452,254.47,112.95,0.38519
4369,13118,37938,29.9,313.24,189.78,0.24544
4370,12892,37923,31.87,217.68,103.48,0.35558
4370,13170,39861,24.84,495.57,382.56,0.1287
4371,12780,38955,35.832,393.57,254.41,0.21476
4371,12940,37907,21.427,902.51,656.08,0.15811
4371,13286,39875,24.106,310.54,112.38,0.46857
4372,12745,38726,22.149,531.3,319.07,0.24958
4372,12715,40096,23.165,883.15,534.11,0.24628
4372,14522,38622,36.416,331.16,338.77,-0.011351
4373,12429,40050,20,866.52,513.21,0.25607
4373,12732,38389,30.542,376.27,156.12,0.41351
4373,13402,37535,17.277,408.28,213.85,0.31253
4374,12331,40099,28.776,432.18,387.25,0.054834
4375,13222,37939,34.31,351.8,326.18,0.037786
4376,12506,39813,30.566,348.48,219,0.22816
4376,14618,38176,24.259,862.63,385.51,0.38226
4377,12100,39833,23.011,344.02,241.3,0.1755
4378,12141,39931,27.087,432.46,320.8,0.14823
4379,11935,39937,22.202,779.27,664.24,0.079688
4379,13471,39459,31.125,387.46,232.27,0.25042
4380,12289,40070,16.609,601.71,472.46,0.12032
4380,13480,39490,33.553,251.84,152.41,0.24597
4384,14572,37741,31.961,288.68,418.6,-0.18369
4386,13523,37648,29.934,388.35,275.34,0.17027
4387,11936,37817,23.28,635.97,271.9,0.40102
4387,13730,38232,18.276,688.07,338.94,0.33995
4388,13957,39098,34.463,467.28,195.97,0.40905
4388,14099,38501,27.507,676.41,372.91,0.28923
4389,12406,37896,36.892,274.1,229.65,0.088235
4389,14082,38414,25.903,311.86,257.87,0.094762
4389,14649,39449,13.401,978.37,542.6,0.28651
4390,13589,38913,33.827,325.26,268.24,0.096062
4390,13973,37990,34.948,332.22,318.07,0.021773
4391,13741,37986,18.752,1044,772.52,0.14946
4394,11975,38447,35.734,307.5,171.11,0.28497
4394,13796,38488,28.808,360.23,180.05,0.3335
4397,11780,40377,28.324,329.84,142.91,0.39541
4398,12542,38234,34.326,232.47,152.4,0.20803
4400,12361,38522,39.504,368.83,120.69,0.50689
4401,13206,40032,32.704,769.87,468.3,0.24356
4401,14187,40135,32.556,319.36,154.95,0.34663
4402,13273,40031,26.963,387.21,231.53,0.25161
4402,14142,40213,29.841,495.24,275.96,0.28433
4403,12552,39465,26.278,322.37,172.89,0.3018
4403,13270,40046,28.959,544.22,606.67,-0.054261
4403,13986,40108,29.864,274.38,171.62,0.2304
4403,14131,39003,23.611,615.61,523.93,0.080453
4404,13698,40327,25.572,580.89,316.42,0.29474
4406,13578,37708,31.542,250.52,211.19,0.085178
4406,14359,40008,25.753,839.45,294.07,0.48114
4407,13558,37699,21.877,816.56,546.94,0.19774
4408,13646,38130,28.646,628.33,306.21,0.34468
4411,14053,37624,20.029,319.51,278.79,0.06805
4411,14644,40078,24.634,276.6,234.34,0.082711
4412,11970,37701,22.875,307.47,182.9,0.25403
4413,13203,38774,28.603,465.99,449.49,0.01802
4413,13317,39304,33.721,214.8,169.64,0.11746
4414,12074,37998,19.687,719.47,247.67,0.48784
4414,14205,38410,31.698,361.91,231.59,0.21959
4416,14237,39746,33.777,571.05,487.6,0.078828
4417,13314,39019,28.034,593.09,440.57,0.14756
4417,13502,38592,34.157,942.58,808.1,0.076818
4417,14150,39848,30.255,872.13,731.72,0.087547
4418,12355,39983,23.623,426.99,363.75,0.079973
4418,13536,38950,26.661,629.44,432.07,0.18593
4419,12382,39752,31.808,631.38,432.85,0.18654
4419,13469,38957,36.208,462.67,306.71,0.20271
4420,14095,38599,29.958,748.34,498.64,0.20025
4421,11777,38800,20.545,946.73,565.48,0.25212
4421,13542,39631,24.316,322.68,273.9,0.08176
4422,14465,38549,40.321,703.04,758.31,-0.037821
4423,14235,38409,34.079,755,359.97,0.3543
4426,12596,39488,28.1,559.92,450.16,0.10866
4426,14211,37913,31.448,277.54,181.95,0.20804
4427,12560,39721,24.988,519.1,563.04,-0.04061
4429,14081,39083,32.874,346.2,350.7,-0.0064544
4431,13281,37492,32.184,323.87,163.31,0.32956
4437,12813,38294,24.501,401.86,188.67,0.36101
4439,12906,38383,21.052,993.92,667.82,0.19624
4440,11823,37857,31.119,276.05,183.9,0.20035
4440,12905,38412,25.802,538.63,413.97,0.13086
4440,14661,39531,26.732,717.77,504.96,0.17405
4441,11980,37675,30.483,775.86,513.36,0.20361
4441,13140,39348,28.116,909.17,611.74,0.19556
4441,14640,39534,19.505,794.64,446.46,0.28054
4442,13199,39351,41.249,714.12,398.19,0.28403
4442,14438,39397,31.323,275.29,210.42,0.13354
4443,11991,37454,25.812,548.97,413.88,0.14031
4443,12404,39282,24.279,236.91,237.5,-0.0012444
4445,12140,39675,33.619,432.9,290.58,0.19673
4446,12301,39738,31.629,292.18,259.56,0.059131
4449,13597,37797,27.684,785.23,491.11,0.23044
4452,12657,40260,19.826,325.78,152.41,0.36254
4453,13520,37671,14.774,488.74,101.29,0.65666
4454,12103,40322,30.741,590.04,375.31,0.22244
4455,12452,40169,13.789,948.6,648.95,0.18757
4456,12427,40263,34.119,413.43,360.54,0.068343
4457,12421,39197,38.452,156.12,166.39,-0.031858
4458,12409,39384,38.726,324.1,182.46,0.27961
4460,13079,38899,26.119,168.82,106.44,0.22663
4461,13247,40354,27.708,271.89,131.65,0.34751
4462,14381,37767,30.14,634.46,431.24,0.1907
4463,13128,40217,29.461,820.43,504.05,0.23887
4463,14004,40322,29.61,381.81,416.31,-0.043234
4464,13992,40363,30.511,431.7,202.25,0.36195
4467,12392,39277,19.527,331.44,115.48,0.48322
4467,13846,39356,27,352.22,254.91,0.16027
4467,14428,37812,33.429,827.51,619.14,0.14404
4467,14408,39979,21.277,1106.7,583.08,0.30989
4468,13458,37908,31.75,445.3,307.76,0.18263
4468,13772,39435,22.152,734.42,519.17,0.17171
4468,14220,37920,30.308,758.7,902.35,-0.086483
4469,12296,39002,24.024,854.29,503.08,0.25874
4470,11947,38753,23.965,263.92,171.13,0.21329
4470,13600,37687,21.127,597.83,404.88,0.19242
4471,12563,39043,31.972,844.42,404.75,0.35197
4472,12890,39873,32.295,470.62,233.2,0.33734
4472,13707,37664,21.817,383.04,171,0.38273
4473,12491,39074,37.954,1039,879.55,0.083131
4473,13399,37464,30.622,942.52,484.19,0.32125
4473,14481,38291,23.881,547.93,324.31,0.25637
4474,14635,38225,40.497,670.35,692.79,-0.016465
4475,12453,39352,22.983,578.11,149.67,0.5887
4475,12914,38564,32.889,832.56,424.41,0.32471
4476,12712,40323,27.062,512.11,347.22,0.19188
4476,12842,38491,26.477,1063.1,587.05,0.28849
4477,13076,37975,33.791,439.05,220.34,0.33168
4477,14477,38587,34.577,228.26,152.29,0.19962
4479,13188,39532,29.124,385.41,138.94,0.47005
4481,14666,39503,26.033,324.92,306.36,0.029397
4483,14634,37647,38.936,591.42,338.4,0.27211
4486,12427,37433,21.723,954.47,472.04,0.33819
4487,14624,40329,29.168,306.75,266.69,0.069858
4488,12490,40199,24.4,1104.3,733.81,0.20158
4489,12435,40288,34.691,538.89,421.4,0.12235
4495,12930,38923,23.508,560.32,289.51,0.31867
4496,12529,39856,22.14,726.27,433.65,0.25228
4501,13910,38329,21.334,371.63,172.43,0.36613
4503,14312,38651,29.399,550.3,253.18,0.3698
4504,12662,39240,23.929,719.7,574.99,0.11178
4505,12568,39367,18.114,1018.3,478.55,0.36061
4506,12613,39393,23.598,645.82,384.14,0.25407
4506,13135,38701,36.193,227.71,245.27,-0.03713
4506,14325,38491,24.403,407.51,247.01,0.24522
4507,13545,39994,29.163,336.95,134.15,0.43049
4508,12525,38388,25.24,232.64,226.53,0.013303
4509,13680,39561,26.435,976.11,515.18,0.30908
4510,12286,39570,13.773,539.06,599.36,-0.052968
4510,13605,39555,23.786,975.78,445.63,0.37298
4511,12251,39533,24.403,259.08,242.37,0.033328
4511,13420,39443,33.854,179.66,100.79,0.28119
4513,12291,39640,18.731,1014.4,1034.7,-0.009863
4513,12300,39723,17.924,781.5,639.27,0.10011
4514,12292,39586,16.561,607.66,856.66,-0.17004
4516,12772,37730,34.98,482.44,413.45,0.07701
4518,13986,38750,27.561,252.56,129.46,0.32223
4519,14185,38838,29.479,555.54,331.04,0.25322
4521,11792,40036,25.054,520.91,434.51,0.090433
4521,14188,38641,36.394,447.93,372.95,0.091342
4523,11751,39979,25.029,282.36,153.92,0.29439
4523,14199,38790,24.039,666.81,522.27,0.12156
4524,12454,39735,27.868,317.91,250.11,0.11937
4524,14246,38149,32.27,512.28,426.99,0.090802
4525,12500,39669,24.56,514.85,220.07,0.40111
4525,13837,39532,28.074,376.58,264.8,0.17428
4527,12529,39865,31.196,515.33,138.25,0.57695
4527,13053,37878,35.431,850.92,331.34,0.43948
4527,14116,39407,37.666,326.96,269.1,0.097077
4528,12903,37882,32.381,639.14,296.04,0.36688
4530,13617,38267,32.109,513.93,484.34,0.029649
4530,14203,39210,32.216,238.33,191.53,0.10888
4532,14111,37540,24.579,1433.3,803.58,0.28153
4532,14075,40156,28.102,927.73,647.64,0.17779
4533,14143,37699,25.35,789.99,995.89,-0.1153
4533,14460,40347,35.352,434.51,372.09,0.077381
4536,14383,37653,36.775,601.41,573.21,0.024013
4536,14397,37647,32.81,547.14,512.86,0.032342
4537,12708,38776,36.898,289.96,118.03,0.42141
4538,14102,37750,18.116,455.95,267.75,0.26006
4539,13213,38688,35.944,278.59,241.46,0.071405
4539,14127,37743,18.541,284.07,166.4,0.26122
4540,12282,39918,23.641,721.04,571.76,0.11547
4540,14122,37877,35.42,304.16,262.91,0.072741
4541,12344,39876,27.219,680.95,402.17,0.25739
4541,13821,39031,35.497,113.92,355.82,-0.51497
4551,14640,39402,18.107,424.5,342.58,0.10679
4552,12000,37562,27.278,352.45,234.45,0.20105
4553,11997,37692,26.006,685.75,507.05,0.14982
4554,12003,37601,20.307,910.73,448.54,0.34003
4554,12404,39300,36.51,214.81,109.23,0.32583
4554,12422,37651,28.946,525.59,445.33,0.082672
4554,13572,39696,32.496,774.7,449.61,0.26553
4554,13675,38306,35.235,225.22,104.25,0.36717
4555,13646,39268,28.258,262.11,128.13,0.34332
4556,13605,39387,31.656,477.6,556.32,-0.076144
4560,12854,37796,26.13,502.84,228.74,0.37466
4560,14319,39818,38.344,395.97,265.99,0.19635
4562,12726,40050,19.621,1242.3,230.88,0.68656
4563,12913,38249,34.222,505.09,164.54,0.50857
4564,14170,37674,26.041,341.36,280.63,0.097637
4565,13194,38001,30.968,335.49,187.03,0.28412
4565,13576,38715,31.949,296.49,212.04,0.16608
4566,13302,37909,30.653,439.35,347,0.11744
4567,14001,38740,34.772,151.41,142.78,0.029329
4568,13070,37535,42.347,604.79,295.58,0.34343
4568,14177,37830,30.064,453.64,431.18,0.02539
4568,14355,38184,34.804,254.24,241.74,0.025202
4568,14640,39408,18.797,410.15,312.53,0.13508
4569,12366,39127,26.696,491.92,393.13,0.11162
4569,14263,38297,29.227,803.82,501.99,0.23114
4569,14640,39411,25.969,432.1,399.71,0.038946
4570,12302,39266,24.128,1039.8,827.22,0.11385
4570,14155,38271,20.391,820.02,404.56,0.33927
4571,14287,38400,22.01,586.08,293.98,0.33191
4572,12144,39078,28.263,670.92,429.62,0.21926
4573,12079,40090,19.867,898.12,708.96,0.1177
4573,13793,38298,34.684,452.51,313.96,0.18077
4574,11785,38255,30.576,147.87,101.23,0.18723
4574,12073,40349,30.107,388.14,165.08,0.40321
4574,14621,38902,30.962,152.16,119.73,0.1193
4575,12287,40369,29.032,698.31,343.37,0.34075
4584,13203,38501,29.571,435.39,187.62,0.3977
4585,13146,38717,24.13,770.47,558.57,0.15944
4586,11950,37652,29.89,575.47,453.24,0.11882
4587,12048,37634,20.232,359.75,145.31,0.42459
4588,11945,37611,12.102,808.16,229.34,0.5579
4589,11909,37589,17.279,345.03,218.24,0.2251
4589,12605,39644,27.618,463.44,257.46,0.28573
4589,12846,38709,29.536,445.23,336.58,0.13897
4590,12547,38684,15.688,1581.7,325.5,0.65866
4590,12887,39441,31.587,476.49,374.38,0.12001
4591,12590,38621,33.822,730.37,442.07,0.2459
4591,12954,38235,32.533,1105.5,349.56,0.51953
4592,12340,38027,33.402,451.72,455.38,-0.0040431
4592,12934,39740,33.152,277.97,381.07,-0.15644
4592,13237,38220,27.478,484.93,364.93,0.1412
4593,12160,38017,23.88,787.88,260.23,0.50343
4594,12192,38186,29.873,1126.5,765.55,0.19076
4594,13610,37829,24.953,728.1,480.53,0.20484
4595,12291,38211,43.589,522.63,440.79,0.084945
4596,12235,38274,27.114,686.54,553.2,0.10756
4596,12263,38768,12.451,680.42,246.2,0.4686
4599,13319,39954,30.297,447.27,133.25,0.54092
4601,13169,37463,25.987,567.72,440.46,0.12622
4602,11829,37503,18.945,401.32,244.78,0.24229
4602,14086,37687,23.408,541.85,564.95,-0.020869
4603,11841,37543,24.086,671.57,540,0.1086
4603,14123,37727,7.8986,1043.7,706.93,0.19237
4604,14150,37735,11.982,969.23,512.49,0.30825
4605,14133,37703,14.932,411.15,265.39,0.21544
4606,12382,37502,28.996,352.37,213.99,0.24433
4607,14613,39393,35.126,486.19,315.2,0.21336
4608,12761,38638,21.515,810.54,567.36,0.17649
4608,12856,40202,32.988,597.83,328.52,0.29071
4608,14565,37504,21.755,406.43,205.26,0.32887
4609,12845,40111,17.75,1336,926.2,0.18114
4609,12820,38105,29.783,741.87,523.29,0.17277
4610,12478,38283,34.853,304.54,219.2,0.16295
4613,13440,38250,26.111,628.63,688.23,-0.04526
4613,14110,37746,22.396,234.57,181.25,0.12824
4615,11870,38156,28.269,243.85,214.17,0.064799
4615,13478,38639,21.338,523.37,384.83,0.15255
4615,14650,38425,24.628,428.19,246.73,0.26886
4616,11884,38024,22.873,342.85,260.76,0.13599
4616,13669,39160,27.824,253.4,208.94,0.096153
4617,13228,38361,28.969,472.62,630.34,-0.143
4617,13570,39279,24.706,258.06,138.34,0.30202
4618,12416,39286,32.733,254.73,353.54,-0.16244
4619,11809,38257,33.948,314.59,413.56,-0.13593
4619,12579,39862,21.241,981.4,501.28,0.32382
4619,12659,38799,26.435,328.57,121.18,0.46111
4619,14662,39407,20.609,353.66,217.67,0.23801
4620,12411,40089,25.951,757.78,576.94,0.13549
4620,12748,39296,28.91,384.93,374.07,0.014308
4621,12813,38907,30.367,413.37,285.39,0.18315
4622,12481,38950,38.815,766.78,661.62,0.073623
4624,12433,39571,22.658,884.11,204.85,0.62377
4625,11981,38965,26.453,464.28,406.12,0.066824
4625,12483,39599,22.091,459.21,147.86,0.51287
4628,13604,38188,33.898,391.98,176.15,0.37989
4629,12885,38755,29.266,550.37,197.02,0.47278
4629,14182,39696,19.605,600.42,328.42,0.29284
4630,12680,38896,25.133,596.1,448.27,0.14155
4630,13951,39626,26.436,234.77,130.9,0.28407
4630,14204,40016,33.029,391.87,218.77,0.28348
4630,14576,37619,34.753,295.1,195.89,0.20206
4631,11933,39882,16.966,922.64,515.1,0.28346
4631,12872,37871,32.742,682.68,228,0.49928
4631,14113,40226,13.751,602.88,357.75,0.25519
4632,11903,39950,22.36,390.81,313.41,0.10991
4632,12323,39046,24.804,682.17,452.81,0.20209
4632,14064,37770,15.278,908.03,469.55,0.3183
4632,14210,40156,17.374,578.22,323.9,0.28192
4633,12311,39108,30.371,336.3,266.67,0.11547
4633,14003,37874,19.019,858.45,470.39,0.29203
4633,14271,40178,16.019,643.44,533.11,0.093778
4634,14050,37752,17.126,824.86,605.45,0.1534
4634,14295,40122,13.796,795.38,540.17,0.19109
4635,14129,37647,29.322,308.32,328.23,-0.031287
4635,14330,40306,26.172,670.37,567.24,0.083327
4636,13411,39449,32.489,388.02,269.93,0.17948
4636,14455,40259,35.963,467.94,232.97,0.33524
4637,14646,39826,33.247,560.17,428.23,0.13349
4638,13429,39324,23.769,734.87,235.08,0.51528
4639,11789,38125,33.229,284.27,194.73,0.18693
4639,14646,38337,30.369,566.03,513.83,0.048339
4641,13226,40067,24.314,557.87,206.9,0.45893
4643,12551,39648,31.917,287.83,160.23,0.28478
4643,12779,40124,40.658,454.02,219.38,0.34845
4644,12612,39555,32.339,600.41,574.1,0.0224
4645,12630,39418,23.277,470.79,358.15,0.13588
4646,14015,37679,22.064,697.4,505.44,0.15959
4647,12419,38921,26.628,748.65,293.15,0.43722
4647,12456,39094,43.591,1168,397.64,0.49204
4647,14612,38493,27.21,371.24,404.45,-0.042815
4648,13403,38102,25.475,426.47,402.53,0.028871
4648,13853,39279,31.282,291.48,184.49,0.22479
4649,14599,40246,31.114,288.52,112.84,0.43771
4650,14555,40265,24.582,532.95,411.68,0.12837
4652,11832,39984,22.081,1116.7,874.67,0.12155
4652,12713,39326,26.212,330.9,165.24,0.3339
4653,13427,37986,31.528,246.62,251.93,-0.010639
4653,14069,39126,32.979,202.93,145.61,0.16444
4654,13913,39138,35.264,442.17,258.88,0.26146
4655,13183,37394,28.782,218.64,159.82,0.15542
4657,13795,39114,23.913,633.69,294.12,0.366
4660,14016,39319,22.979,443.68,217.51,0.34207
4661,14087,39324,34.624,518.76,519.99,-0.0011799
4662,11957,38344,18.063,602.21,298.92,0.33658
4663,13396,38983,36.683,367.91,360.47,0.010222
4664,11680,37880,28.154,883.49,364.93,0.41537
4664,14403,38226,37.218,318.73,184.56,0.26658
4666,11894,37832,35.875,980.39,479.35,0.34324
4666,14289,39130,27.933,175.28,136.89,0.12298
4667,12046,37778,21.879,387.23,225.02,0.26493
4667,13972,39354,32.553,352.79,334.74,0.026247
4668,14035,37484,31.46,308.57,340.3,-0.048902
4669,12467,38964,23.047,636.87,351.45,0.2888
4670,11746,39438,31.654,840.54,380.21,0.37708
4670,12117,40273,30.245,513.72,170.89,0.50077
4670,12470,38704,28.39,450.95,142.48,0.51981
4671,12083,40100,19.137,663.69,327.51,0.33917
4672,12459,38572,33.399,488.92,361.99,0.14916
4672,14119,37703,17.978,649.43,469.14,0.16118
4674,11809,39124,34.149,632.94,651.69,-0.014595
4676,14570,39274,19.525,762.53,546.94,0.16464
4678,14270,39020,26.396,651.08,468.74,0.16283
4679,13270,38069,28.823,513.74,456.76,0.058712
4679,14455,38714,31.796,182.34,164.87,0.050312
4680,13455,38155,26.714,699.97,348.59,0.33511
4681,13514,38058,26.275,408.04,173.74,0.40273
4682,12384,38936,30.049,528.15,364.82,0.18291
4685,14620,39980,32.426,288.41,349.9,-0.096332
4686,12381,40366,26.636,358.88,173.53,0.34814
4688,12891,38553,33.533,683.83,583.6,0.079082
4689,12101,39856,35.314,280.63,158.78,0.27731
4689,13994,38561,35.448,667.87,438.89,0.2069
4690,13685,37757,34.208,294.69,108.35,0.46235
4690,13974,38559,28.371,541,482.52,0.057134
4691,14064,38255,27.823,464.74,347.01,0.14503
4692,12242,39658,25.666,331.87,140.46,0.40524
4692,12263,39284,23.008,442.99,380.44,0.075962
4692,13939,38335,36.976,517.27,536.98,-0.018695
4693,12362,37861,32.147,644.64,315.86,0.3423
4693,12269,39444,33.746,571.1,545.14,0.023258
4693,13894,38480,21.306,726.18,346.78,0.3536
4694,12360,38076,36.169,267.61,264.57,0.0057183
4694,13040,37788,26.723,377.09,397.65,-0.026549
4695,13969,38396,28.27,587.75,296.17,0.32988
4696,13528,37487,31.436,612.46,464.95,0.13692
4696,13544,38205,28.416,712.11,470.77,0.20402
4699,13384,40322,29.487,1105.5,730.91,0.20399
4700,11964,37711,33.718,210.82,275.41,-0.13284
4701,12061,37696,21.735,434.53,279.56,0.21701
4701,12175,39467,22.852,570.93,238.29,0.41106
4701,13122,40329,36.01,390.37,224.39,0.26999
4701,13690,37414,28.821,191.79,135.42,0.17228
4702,11892,39534,30.515,223.65,207.49,0.037499
4702,13035,40203,25.527,540.64,318.52,0.25854
4703,13900,37925,31.804,400.85,172.28,0.39881
4704,13672,37818,26.47,237.5,253.83,-0.033229
4705,13375,37945,31.023,227.36,349.14,-0.21122
4705,13902,39144,30.204,337.42,177.96,0.30942
4706,13424,38124,27.53,766.06,553.79,0.16082
4707,13443,38245,26.241,197.61,190.2,0.019121
4709,12147,38915,29.166,544.09,230.65,0.40458
4709,13530,38446,31.335,521.05,634.37,-0.098072
4712,11681,40281,20.992,815.51,353.21,0.39556
4713,12268,39493,30.342,245.63,130.02,0.30776
4713,13867,37719,29.342,1126.2,830.24,0.15126
4714,11825,40249,29.127,731.3,439.12,0.24964
4714,12359,39473,23.172,602.32,332.07,0.28923
4714,13623,38021,26.735,600.74,436.1,0.15879
4715,14069,38018,25.83,601.23,143.88,0.61381
4716,12149,39648,28.688,349.67,165.73,0.35689
4716,14103,38289,32.096,562.12,496.45,0.062038
4717,11984,37774,32.962,562.69,253.54,0.37876
4717,12489,39914,29.705,286.39,127.5,0.38388
4717,13590,39398,33.791,206.54,206.87,-0.00081935
4718,12465,39891,21.115,259.32,146.06,0.2794
4718,13272,37998,32.481,327.89,204.89,0.23086
4719,12164,39412,35.834,332.9,253.93,0.13458
4719,13298,37938,26.537,397.65,319.33,0.10924
4720,13377,37939,16.121,933.08,543,0.26427
4720,13421,38648,26.73,260.54,145.19,0.28431
4721,13257,37901,17.49,588.31,287.35,0.34371
4721,14158,39526,33.714,401.68,245.11,0.24207
4722,13333,37996,31.294,1343.3,1145.7,0.079399
4724,11719,38705,32.424,531.22,329.29,0.23466
4725,12707,38216,36.93,454.14,408.48,0.05293
4726,12849,38221,25.1,773.66,388.06,0.33192
4727,13146,38194,31.346,301.31,162.34,0.29972
4727,13486,40088,27.874,583.5,233.92,0.42766
4728,13400,39993,38.363,722.28,677.33,0.032123
4729,12547,39875,23.7,775.16,445.84,0.26972
4730,12666,40097,26.172,250.74,258.58,-0.015387
4733,12838,40381,33.92,295.79,268.05,0.049197
4734,12935,38855,28.407,375.92,293.59,0.12297
4735,13003,40230,25.359,1229.3,863.44,0.17482
4735,13028,40211,28.084,1371,949.08,0.18186
4737,11793,39629,34.973,497.32,212.74,0.40079
4737,11992,37454,29.08,159.57,580.17,-0.56858
4737,13711,39796,28.409,843.11,531.25,0.22691
4738,13124,37959,29.559,218.31,109.16,0.33332
4738,13546,40316,20.212,783.41,436.6,0.28427
4739,11960,39176,37.338,253.62,281.1,-0.051397
4739,13218,37937,27.815,454.84,106.24,0.62131
4739,13413,40216,23.444,718.43,437.03,0.24354
4740,13210,37934,31.282,314.05,343.01,-0.044072
4741,14070,37698,25.094,590.14,529.79,0.053885
4742,11748,40365,35.008,150.64,111.6,0.14887
4742,12212,38755,22.118,466.99,222.04,0.35549
4742,13989,37427,32.883,225.13,104.56,0.36569
4743,14336,39941,34.081,463.82,207.94,0.38091
4744,12350,38295,21.364,672.61,601.57,0.055751
4745,12054,37802,25.904,451.47,167.7,0.4583
4745,13511,40310,33.577,239.49,168,0.17543
4745,14024,37767,21.144,334.53,183.59,0.29132
4746,14075,37798,18.983,629.23,402.37,0.21991
4747,12423,38032,24.873,884.75,868.99,0.0089839
4747,13088,38019,37.581,609.19,572.36,0.03117
4747,13698,39826,25.843,304.7,101.45,0.50045
4748,12072,37970,33.367,270.94,138.94,0.32206
4748,14097,37714,25.376,293.86,306.31,-0.020745
4749,11876,37868,32.822,203.44,158.75,0.12339
4750,11903,37728,27.388,540.49,307.38,0.27494
4750,12857,38689,28.65,249.09,127.98,0.32117
4751,12788,38901,30.148,547.35,175.8,0.51379
4755,12300,37883,36.892,230.02,249.44,-0.040513
4755,13232,38600,30.028,285.94,206.23,0.16195
4755,14164,38366,30.964,348.2,144.48,0.41351
4756,11891,37629,20.578,459.8,375.2,0.10131
4756,12379,38190,38.053,553.64,258.97,0.36262
4757,11908,37603,23.118,918.96,659.09,0.16468
4759,13094,39662,37.05,573.74,135.93,0.61692
4759,14639,39380,23.978,235.64,135.48,0.26991
4760,12415,38169,36.293,270.78,271.4,-0.0011441
4760,12926,39635,27.143,673.07,415.79,0.23628
4760,14119,38566,29.949,536.92,397.81,0.14883
4760,14637,39376,24.493,839.68,429.15,0.32356
4761,12832,39830,35.98,479.51,447.41,0.034627
4762,12843,39601,31.289,322.21,343.34,-0.031753
4762,13810,39828,29.571,390.45,287.73,0.15147
4763,11807,40095,35.977,656.31,532.77,0.1039
4763,13115,39208,30.568,506.49,396.8,0.12143
4764,11741,39686,31.343,693.08,480.08,0.18156
4764,13745,37717,23.958,762.67,549.67,0.1623
4764,13723,39857,25.858,307.57,224.62,0.15587
4765,11820,39450,32.24,606.35,495.28,0.10082
4765,12149,37772,23.471,231.89,110.37,0.35505
4765,13167,37576,33.925,367.98,228.64,0.23354
4766,12237,39288,22.706,567.94,556.89,0.0098267
4766,13369,39324,19.842,1459.1,881.22,0.24692
4767,14616,39118,33.831,180.96,122.1,0.1942
4769,13140,38613,19.069,920.35,624.91,0.19119
4770,13274,38744,30.545,846.33,557.74,0.20554
4772,14129,37937,23.646,220.58,174.57,0.11643
4773,14085,37862,29.365,340.42,148.32,0.39304
4774,13081,38503,10.662,1713.4,127.89,0.86109
4774,13370,37405,35.802,536.41,504.12,0.03103
4775,13016,38708,31.674,799.78,104.92,0.76805
4775,13410,37577,29.512,710.28,400.25,0.27917
4775,14122,37785,33.549,404.62,346.95,0.076726
4776,12915,38760,24.083,480.9,257.9,0.30185
4776,13068,39215,32.776,470.02,699.13,-0.19597
4776,14358,38587,31.91,324.9,400.27,-0.10393
4777,11830,39840,31.821,619.76,331.98,0.30237
4777,13215,39278,36.92,437.27,177.48,0.4226
4777,13241,37844,35.531,327.28,360.4,-0.048154
4778,13157,39147,30.83,287.32,247.63,0.074186
4778,13539,38007,25.33,592.36,234.2,0.43332
4779,13182,38957,26.633,498.65,268.86,0.2994
4781,13035,38726,30.351,275.43,123.88,0.37953
4782,12340,39738,30.248,613.42,269.55,0.38945
4782,13245,38417,20.424,544.9,183.08,0.49701
4783,12162,39637,38.742,511.9,419.96,0.098666
4783,13183,38458,27.912,410.09,196.67,0.35174
4784,12991,38390,33.688,385.83,165.36,0.4
4785,13298,38699,15.064,930.02,325.11,0.48195
4787,13033,37540,34.442,690.35,442.33,0.21897
4787,13943,38137,27.518,369.16,411.25,-0.05394
4788,12442,37900,38.294,914.02,524.46,0.27081
4788,13027,37626,21.807,675.11,630.25,0.034361
4790,12379,38353,29.357,413.79,309.54,0.14412
4790,13916,38207,35.409,199.71,130.3,0.21035
4791,11668,37958,28.659,633.47,384.44,0.24465
4791,12289,38396,26.133,222.61,161,0.16059
4792,12119,38388,35.042,187.02,120.76,0.21527
4792,14124,37722,19.433,211.59,129.69,0.23997
4794,12115,38912,24.691,592.69,291.99,0.3399
4794,12731,39424,30.993,479.53,171.59,0.47294
4794,14060,37818,28.682,207.32,219.82,-0.029286
4795,12156,38862,24.107,673.42,358.57,0.30509
4795,13773,39836,33.086,459.16,334.45,0.15714
4796,12224,38835,31.059,487.35,292.82,0.24934
4797,14120,37780,17.489,451.59,253.56,0.28084
4798,13651,40066,38.302,451.48,348.22,0.12912
4799,13680,40055,37.712,458.08,556.02,-0.096575
4799,14124,37845,25.188,259.47,352.1,-0.15145
4800,12826,39363,29.462,478.14,333.09,0.17881
4800,14107,37761,13.919,522.5,362.98,0.18015
4800,14663,39671,31.552,284.47,203.5,0.16593
4801,12975,39449,29.114,563.55,379.08,0.1957
4801,14295,39582,24.772,754.41,562.12,0.14605
4801,14630,39686,33.456,370.82,585.06,-0.22413
4802,14187,39533,22.387,247.39,148.87,0.24863
4803,12977,37418,32.029,372.35,245.23,0.20583
4803,13394,40046,35.535,367.67,265.25,0.16182
4803,14622,39456,20.086,781.64,344.22,0.38852
4804,13619,39858,33.486,473.01,255.52,0.29854
4804,13907,40142,35.842,620.78,446.58,0.1632
4804,14630,39498,29.97,563.04,544.38,0.016849
4805,14625,39380,21.621,510.78,359.72,0.17354
4806,13104,38077,31.146,280.13,191.78,0.18722
4806,13307,40099,36.12,141.01,115.78,0.098232
4807,12333,38595,29.244,220.34,163.46,0.1482
4808,12312,38783,27.34,322.72,212.5,0.20592
4811,13941,39270,34.235,310.13,324.3,-0.022336
4813,13422,37464,36.441,944.72,487,0.3197
4814,13661,37465,28.366,428.62,253.38,0.25694
4815,13494,38646,34.766,262.17,361.2,-0.15886
4816,13573,38441,36.282,327.66,183.57,0.28186
4817,13388,40306,30.395,358.88,111.71,0.52524
4817,13495,38365,21.632,692.91,455.69,0.20653
4818,13156,40248,32.263,473.02,760.72,-0.23319
4818,13531,38471,27.488,759.65,464.1,0.24151
4819,13212,40333,35.655,478.99,398.49,0.091745
4819,13719,38495,32.128,553.22,290.65,0.31115
4819,14111,39501,24.697,320.03,207.25,0.21389
4820,13735,38253,29.028,678.45,501.91,0.14956
4820,13932,39513,35.29,457.18,384.15,0.086811
4821,13325,38171,19.5,464.27,438.58,0.028461
4821,14066,38321,20.714,1270.6,652.02,0.32174
4822,12102,38312,33.56,257.13,254.94,0.0042828
4823,11982,38315,35.816,419.12,186.07,0.38509
4823,12071,38255,31.513,329.66,125.47,0.44865
4823,13518,38441,28.41,455.3,215.02,0.35845
4824,12003,38206,29.681,366.95,320.38,0.067763
4825,13736,37713,34.239,348.68,179.93,0.31924
4825,14138,37784,31.269,612.46,457.89,0.14441
4826,12568,38222,29.538,318.21,172.89,0.29592
4827,12753,37963,31.487,482.44,353.28,0.15455
4828,13743,39988,31.618,149,126.73,0.080772
4829,13758,39789,23.713,558.65,599.88,-0.035581
4832,11842,37401,21.59,318.71,120.25,0.45212
4834,11701,40262,33.537,441.99,259.44,0.26026
4834,12017,37501,23.166,462.19,200.69,0.39449
4835,12107,37600,21.319,331.64,251.1,0.13821
4836,12103,37495,25.287,240.94,112.88,0.36192
4836,12019,39936,33.455,551.3,297.17,0.29951
4844,14599,38198,33.469,1197.2,1058.6,0.061444
4845,12641,38160,24.066,558.44,345.81,0.23514
4845,13245,40141,24.774,839.12,710.55,0.082963
4846,14363,38052,34.856,497.82,282.72,0.27557
4848,13082,38786,22.379,351.57,142.52,0.42309
4849,13072,38113,29.807,262.95,203.54,0.12737
4851,12276,39522,36.771,407.7,220.46,0.29807
4851,13614,39405,32.684,706.57,575.15,0.10253
4852,12472,39854,34.851,250.68,190.72,0.13583
4852,13866,39442,30.354,467.59,307.99,0.20578
4854,12759,38117,23.745,485.3,326.13,0.19616
4854,14232,39790,32.514,811.51,608.84,0.14269
4855,14195,38266,32.898,323.89,207.97,0.21794
4856,13997,38317,23.459,454.96,298.59,0.20751
4857,14101,37905,28.095,858.94,697.52,0.10371
4858,14049,38269,26.201,904.77,689.69,0.13489
4858,14458,39614,24.348,573.9,246.48,0.39911
4859,12107,37612,32.81,243.92,121.45,0.33518
4860,12873,39119,34.228,449.36,156.93,0.48232
4861,12709,40036,28.635,679.71,344.7,0.32703
4862,12556,39896,35.279,504.61,434.9,0.074195
4865,14176,37776,19.45,342.96,319.75,0.035022
4866,12947,39397,32.154,248.1,309.83,-0.11065
4870,13712,40040,28.635,570.69,119.07,0.65476
4871,11913,39908,27.593,355.9,223.21,0.22914
4871,12649,39555,21.773,381.13,174.91,0.37087
4872,12165,37992,16.663,505.71,468.86,0.037809
4872,12832,39484,26.29,466.11,353.34,0.13761
4872,13680,39480,38.692,238.36,133.47,0.28209
4872,14276,39030,27.967,300.34,233.28,0.12568
4873,11901,40063,28.116,805.74,497.24,0.23676
4874,12545,39844,30.969,884.77,490.57,0.28662
4874,14078,39399,28.872,376.85,309.15,0.09869
4875,12485,40279,35.318,670.67,171.99,0.59179
4875,13635,38068,32.955,472.42,480.78,-0.0087685
4875,14537,38126,34.555,202.53,263.84,-0.13147
4876,12037,37556,27.926,676.63,399.87,0.2571
4876,13264,39200,27.284,261.09,153.66,0.25904
4876,13629,38213,19.397,1072.1,629.85,0.25987
4877,13707,37990,26.926,488.86,382.71,0.1218
4878,12395,37738,24.205,961.23,456.5,0.35601
4878,13955,40177,16.452,552.03,365.3,0.20356
4879,12423,40325,12.894,1002.5,163.25,0.71993
4879,13951,40203,30.375,596.79,427.61,0.16516
4880,12396,40359,11.153,1339.7,145.14,0.8045
4880,13935,40109,16.396,589.9,468.48,0.11473
4883,13531,39831,29.628,330.96,134.08,0.42336
4883,14622,40138,33.415,290.54,243.81,0.087465
4884,12613,39116,34.104,673.33,543.11,0.10705
4884,13456,39763,30.688,292.79,335.64,-0.06819
4885,12416,40357,8.4295,1864.2,283.87,0.73569
4886,12354,40363,10.523,1446.9,320.04,0.63774
4889,14302,40057,36.489,263.77,167.79,0.2224
4889,14617,38124,25.008,674.46,476.93,0.17156
4890,12588,40241,14.135,930.08,402.9,0.39549
4891,12617,40209,20.39,738.74,322.73,0.39192
4891,13086,38332,33.345,731.47,614.7,0.086741
4891,13697,37522,29.211,445.82,321.6,0.16187
4892,12595,40330,20.748,956.69,215.48,0.63234
4892,12926,38286,35.948,406.05,243.93,0.24943
4892,13706,37476,35.316,558.41,272.89,0.34347
4893,11726,38436,28.997,390.55,167.2,0.40046
4893,11722,39766,27.717,533.64,457.36,0.076968
4893,12630,40285,21.974,454.55,120.89,0.57985
4893,13693,37441,24.607,324.49,155.44,0.35224
4894,12614,40379,32.281,456.07,175.47,0.4443
4894,12766,38181,27.705,436.03,117.64,0.57505
4894,14539,38886,34.008,378.08,278.2,0.15219
4895,11728,39795,23.406,1194.7,980.18,0.098654
4895,14252,38789,28.683,337.16,318.53,0.02842
4896,12862,38292,25.042,418.64,230.56,0.28972
4896,14225,38997,28.957,269.72,272.92,-0.0059007
4897,13141,38096,34.911,289.7,197.92,0.18822
4898,11727,38515,23.261,376.24,270.59,0.16334
4898,12680,40353,9.5919,1981.5,282.58,0.75038
4898,13070,38385,33.112,292.29,372.36,-0.12048
4899,11833,38509,27.093,656.61,268.27,0.41989
4900,12603,40315,20.18,508.2,148.32,0.54817
4900,13318,38546,31.616,458.71,159.71,0.4835
4901,12680,40305,12.281,1411.2,344.11,0.60792
4901,14610,39339,24.709,516.21,486.61,0.02952
4902,11845,38346,27.306,564.87,510.1,0.050944
4902,12007,37824,28.259,270.05,128.21,0.35613
4903,12669,37565,34.184,323.14,244.6,0.13833
4903,12638,40334,13.347,1850.5,622.51,0.49655
4904,12648,37873,19.314,479.79,244.13,0.32553
4904,14487,38590,33.994,290.13,172.02,0.25556
4905,12171,38381,29.465,480.31,271.61,0.27756
4905,12733,40300,8.6744,1385.3,187.72,0.76132
4906,11955,38378,29.654,437.55,445.41,-0.0089049
4906,13334,38878,24.367,759.56,504.69,0.2016
4908,12754,38465,32.787,674.29,540.44,0.11019
4909,11913,40389,32.051,476.03,447.73,0.030632
4910,11797,40192,26.657,760.55,537.88,0.17149
4911,14250,37805,26.064,727.23,410.6,0.27827
4913,12609,39491,26.032,311.33,304.84,0.010536
4915,13764,40145,32.65,251.38,102.47,0.42083
4916,13735,39795,24.628,412.34,358.56,0.069762
4917,13864,39715,23.254,338.79,229.22,0.1929
4918,12368,37952,29.337,349.45,206.52,0.25709
4918,12605,40217,26.059,504.08,492.72,0.0114
4918,13344,38939,35.98,362.49,302.55,0.09012
4918,13833,40325,26.743,430.39,414.94,0.018278
4919,12309,38206,36.866,373.46,320.3,0.076635
4920,12285,38200,31.604,382,225.4,0.25782
4920,12716,39922,32.332,373.41,461.09,-0.10507
4923,14642,39478,28.018,312.24,176.04,0.27893
4924,12929,38070,29.55,669.63,374.19,0.28304
4925,11998,39904,25.773,428.59,284.31,0.20238
4925,13013,38326,36.244,381.46,276.36,0.15976
4926,13158,38661,30.312,689.35,679.62,0.0071103
4927,11766,38042,31.069,638.13,564.35,0.061357
4927,12875,38776,29.748,384.54,204.88,0.30482
4927,14162,37790,22.804,294.53,156.55,0.30591
4928,11825,38024,26.836,506.53,451.66,0.057271
4928,14665,39338,30.173,240.22,195.75,0.10199
4929,12529,38924,24.535,877.87,494.85,0.27902
4929,13268,38718,34.764,233.8,109.83,0.36077
4930,12810,38744,17.735,842.14,381.2,0.37678
4931,12694,38702,21.219,872.7,580.58,0.20101
4932,11903,39767,30.813,557.04,179.2,0.5132
4933,11848,39846,34.829,245.23,125.69,0.32229
4937,12190,38715,25.826,564.44,176.1,0.5244
4938,11928,38884,35.877,432.21,301.46,0.17821
4938,13370,40258,38.575,252.36,282.38,-0.056131
4938,14281,38501,29.077,285.21,181.69,0.22171
4940,13739,38106,34.596,750.62,377.89,0.33029
4941,12428,40071,26.32,399.42,252.07,0.22617
4945,12949,37656,34.323,492.21,453.62,0.040797
4946,12026,38032,31.035,507.95,219.39,0.39673
4947,13373,38453,27.938,324.11,267.4,0.095869
4948,12046,39374,36.033,410.49,578.38,-0.16978
4949,11971,39134,40.544,1219,1443.3,-0.084244
4949,12756,37958,31.307,686.7,685.83,0.00063617
4949,13599,40122,32.76,460.91,247.38,0.30146
4950,11942,38988,27.814,1369.8,1426.4,-0.020216
4950,12181,37561,36.324,346.77,226.33,0.21016
4950,12349,40375,26.637,742.29,434.87,0.26115
4951,12396,38512,33.568,295.23,168.87,0.27227
4951,13348,37856,34.641,429.06,367.31,0.077546
4951,13358,37787,32.874,540.03,445.43,0.09599
4951,13608,40144,30.553,691.24,274.99,0.4308
4951,13654,40144,25.533,777.58,276.92,0.47479
4952,12149,37555,28.831,469.53,399.65,0.080406
4952,13534,39878,36.335,864.63,479.37,0.28665
4953,11818,37721,27.02,532.98,287.54,0.29913
4953,11826,38672,37.069,720.97,369.21,0.32266
4953,12460,38398,30.394,519.27,324.63,0.23065
4954,11879,37578,27.542,258.39,249.86,0.016784
4954,12446,38094,36.262,308.58,224.69,0.15731
4954,13778,39364,30.11,235.32,158.99,0.19359
4955,12055,37486,32.613,455.43,181.58,0.4299
4955,12652,37612,16.15,564.65,710.92,-0.11467
4955,13577,39235,29.692,396.66,219.59,0.28734
4955,13603,40025,31.748,199.91,142.78,0.16671
4956,12040,38106,18.464,729.38,400.86,0.29066
4956,12788,37615,14.028,447.76,475.13,-0.029657
4956,12878,39730,27.834,818.94,537.31,0.20766
4956,13297,39148,29.204,273.77,116.18,0.40415
4957,12318,38051,32.792,680.99,584.08,0.076609
4957,12701,39612,26.763,909.24,1037.8,-0.066016
4958,12907,37549,16.747,578.51,738.96,-0.12179
4958,12787,39582,22.387,906.43,477.37,0.31006
4959,12816,39699,19.996,780.08,281.14,0.47016
4959,12863,37628,17.767,414.86,332.58,0.11008
4959,13489,40250,26.997,640.29,427.17,0.19965
4960,12787,40021,22.755,1408.1,1021.7,0.15903
4961,12880,37525,20.546,276.45,283.39,-0.012388
4963,13609,39936,36.895,750.43,309.24,0.41634
4964,13645,39904,26.028,346.05,284.04,0.098414
4964,14614,39379,27.796,496.6,393.77,0.11549
4965,13676,40000,23.126,417.5,283.58,0.19101
4965,14447,39474,32.113,319.02,107.46,0.49606
4966,11878,37400,21.013,762.3,432.88,0.27563
4966,13647,40071,36.375,396.22,230.84,0.26375
4967,12989,39599,31.48,340.81,238.82,0.17597
4968,12836,39410,30.364,359.85,237.89,0.20404
4972,12756,40142,25.868,839.19,449.28,0.30262
4972,14162,38369,36.315,199.61,255.03,-0.1219
4973,12516,40153,22.943,476.85,278.86,0.26199
4974,12226,40339,34.675,395.74,235.69,0.25348
4978,14527,40245,31.616,287.46,172.31,0.25046
4979,13946,39184,34.667,209.2,206.34,0.0068779
4981,12140,39036,33.621,843.61,664.84,0.11851
4983,11943,38739,21.319,1217.1,751.06,0.2368
4983,12368,40352,38.537,337.8,314.06,0.036414
4983,13597,40128,28.276,1383.9,827.31,0.2517
4983,13854,39438,21.896,1149.2,855.98,0.14623
4985,12551,39518,30.054,443.37,319.27,0.16272
4986,11863,38777,30.628,197.56,363.76,-0.2961
4986,12571,39667,33.474,550.29,417.59,0.13711
4987,12269,39605,26.217,420.81,241.66,0.27043
4987,13082,38433,32.997,371.61,253.34,0.18925
4989,13836,39791,32.677,238.12,189.58,0.11349
4990,13678,39811,36.287,431.47,224.34,0.31584
4991,11805,38806,33.859,397.98,805.67,-0.33871
4994,13831,39591,35.227,495.07,196.1,0.43256
4995,13952,39512,36.159,207.13,114.65,0.28739
4997,13219,37688,32.503,385.02,247.9,0.21664
4997,13889,39417,34.222,442.03,389.55,0.063107
4998,13212,37756,26.122,370.59,215.02,0.26566
4998,13780,39497,33.952,265.63,285.34,-0.035779
4999,13092,39598,37.684,354.53,409.13,-0.071487
4999,14076,37742,34.798,409.75,254.61,0.2335
4999,14588,38917,32.312,327.29,303.7,0.037374
5000,14100,37718,25.281,307.52,174.75,0.2753
5001,12138,37791,28.329,455.39,334.59,0.15291
5004,12310,40269,34.827,477.14,325.29,0.18924
5004,14586,37456,32.746,455.93,385.87,0.083221
5006,14143,37512,29.929,288.04,314.32,-0.043619
5009,13420,38083,29.712,380.4,204.62,0.30046
5011,13547,37681,23.031,473.99,319.14,0.19523
5012,13614,37648,19.742,394.24,236.42,0.25024
5015,12490,37483,26.849,339.15,226.67,0.19879
5016,13021,40013,28.857,529.65,525.24,0.0041789
5017,11897,39778,26.015,351.97,271.59,0.1289
5017,12988,40035,25.463,568.24,391.94,0.18361
5018,12792,40022,35.382,457.1,360.3,0.11843
5018,13683,39437,30.7,361.97,148.01,0.41956
5019,12818,40102,21.022,764.67,572.82,0.14344
5021,12701,40035,24.073,445.53,234.08,0.31114
5022,12881,40365,24.946,273.79,163.58,0.25198
5024,12533,38631,25.948,758.24,362.32,0.35333
5025,14354,40188,29.678,546.77,133.46,0.6076
5027,11826,39351,32.923,414.25,158.88,0.44557
5028,11753,39252,25.123,702.65,378.69,0.2996
5028,13373,38161,28.911,731.19,632.12,0.072665
5028,14186,37705,29.613,248.95,128.75,0.31824
5028,14259,38473,27.243,371.41,236.93,0.22106
5029,12027,38249,28.73,293.65,204.5,0.17896
5029,11980,39352,24.974,597.73,211.33,0.47759
5029,13396,37930,21.29,979.83,740.01,0.13945
5029,14145,37639,25.224,622.18,387.95,0.23188
5030,12124,39351,23.92,548.25,248.84,0.37562
5030,13305,37965,28.229,836.5,594.48,0.16913
5031,12115,37604,20.908,338.69,242.75,0.16501
5031,12102,39368,31.153,386.44,177.97,0.36935
5031,12470,38196,33.565,495.24,329.19,0.2014
5031,13197,37675,27.093,365.95,309.69,0.083271
5033,12181,37656,30.139,141.94,147.87,-0.020456
5033,12604,38090,18.56,453.6,461.75,-0.0089036
5033,12852,37465,25.056,694.95,475.16,0.18784
5035,14567,39879,29.398,994.1,457.3,0.36985
5037,11986,37924,23.858,572.06,297.09,0.31636
5037,14231,39017,17.009,821.92,320.73,0.43862
5038,12138,37811,34.53,224.65,178.16,0.11542
5038,14007,38946,14.555,822.31,143.24,0.7033
5038,14525,39537,28.342,710.53,610.81,0.075471
5040,14623,39534,26.178,451.88,236.31,0.31324
5041,12538,39864,36.207,349.07,250.34,0.16471
5042,12087,39780,31.518,516.93,346.93,0.1968
5042,13967,39699,27.12,452.69,237.43,0.31192
5043,11885,39864,23.348,364.51,239.68,0.2066
5043,13525,40013,31.168,340.03,178.49,0.31154
5044,11715,39923,36.612,285.29,162.11,0.27532
5044,13492,40065,24.314,437.21,219.31,0.33191
5046,13378,40091,28.712,1252,718.21,0.27091
5047,13133,39800,35.562,458.89,547.89,-0.088405
5049,11706,38031,22.481,444.31,216.87,0.34398
5049,13817,37650,26.553,333.8,276.8,0.093351
5052,14636,39399,19.907,397.07,325.38,0.099232
5054,13983,37619,37.008,229.46,136.21,0.25501
5055,12643,38829,32.46,227.67,166.4,0.15548
5056,12693,38903,23.972,505.97,468.16,0.03882
5057,12047,38166,31.753,655.18,426.92,0.21095
5058,12290,39455,22.139,1125,934.18,0.092657
5059,12388,39506,21.194,783.27,804.63,-0.013446
5062,12765,39749,29.395,291.45,235.53,0.10611
5062,12921,37623,17.157,631.36,366.13,0.2659
5063,13005,37667,25.852,656.79,413.97,0.22677
5065,12309,39550,21.745,599.24,429.57,0.16491
5066,12967,38028,21.437,492.36,388.73,0.11762
5067,12888,37942,20.07,679.63,361.73,0.30527
5067,14184,37642,26.262,238.45,120.55,0.32841
5068,12506,37938,36.896,315.82,342.94,-0.04117
5068,12858,39780,20.851,317.29,123.41,0.43994
5068,13232,38687,29.916,395.25,115.21,0.54862
5068,14160,37406,29.681,458.56,473.34,-0.015861
5068,14286,39279,35.021,238.05,219.56,0.040406
5069,12388,38124,33.712,189.89,103.2,0.29577
5069,12925,39916,24.521,493.94,381,0.12909
5070,12427,38084,31.12,385.48,147.44,0.44667
5070,12590,40022,14.189,712.33,453.1,0.22243
5070,13366,38618,28.946,304.69,178.01,0.26244
5070,14075,39674,32.363,438.3,216.66,0.33839
5071,13706,39637,33.612,618.58,507.58,0.098566
5072,12075,38342,36.371,516.19,426.12,0.095579
5076,14141,37745,20.833,604,427.45,0.17117
5077,13749,38679,25.965,1025.5,541.93,0.30853
5077,14121,37790,13.381,632.75,369.79,0.26229
5078,13775,38580,18.051,301.39,213.11,0.17158
5078,14352,37650,36.88,436.69,291,0.2002
5079,13703,38515,23.518,216.82,193.24,0.057518
5081,14428,38394,28.296,388.87,384.97,0.0050432
5083,12288,39541,24.216,631.84,581.84,0.041196
5083,13479,40386,30.856,416.13,302.1,0.15876
5083,13774,38112,34.14,545.8,275.69,0.3288
5083,14403,37931,34.768,737.37,205.95,0.56335
5084,11849,39810,13.471,1148,277.98,0.61012
5084,12011,37811,33.143,597.57,245.04,0.41839
5084,13886,37981,31.435,562.81,499.7,0.059401
5085,11851,37775,26.683,288.68,174.23,0.24723
5085,12856,40231,29.321,487.99,261.88,0.30154
5085,13942,37801,28.332,206.86,181.07,0.066487
5087,12425,40351,27.216,438.67,259.32,0.25694
5090,11722,39126,21.352,438.2,379.23,0.072142
5093,14174,37483,29.048,344.9,124.68,0.46898
5094,14111,37560,31.676,522.73,383.46,0.15369
5096,13919,37973,34.165,1054.4,845.19,0.11015
5097,13795,38118,23.32,381.17,258.97,0.19089
5099,14532,37577,31.17,404.33,333.3,0.096286
5100,13167,39611,32,325.37,339,-0.02051
5100,13851,40078,38.413,203.25,138.57,0.1892
5101,13354,39426,36.908,367.26,269.68,0.15321
5101,13890,39243,35.229,588.7,708.57,-0.092399
5102,13825,39187,29.661,317.85,213.4,0.19662
5103,13804,39071,38.149,310.99,278.4,0.055298
5103,14253,40289,27.012,705.26,627.3,0.058506
5104,12266,40217,27.205,742.83,296.78,0.42905
5106,11874,38760,25.148,524.76,398.51,0.13674
5106,14051,37717,27.767,323.48,214.04,0.20361
5107,11700,38840,19.477,627.93,531.24,0.083411
5107,12210,40195,24.004,689.44,440.27,0.22056
5107,14153,40289,29.72,116.87,136.75,-0.078358
5108,12470,40349,28.767,405.84,306.33,0.13973
5109,12377,40260,33.138,323.89,265.92,0.098289
5109,12933,38145,30.365,276.66,264.06,0.023304
5110,13107,38066,30.321,228.76,147.08,0.21732
5111,13996,38646,35.07,259.08,228.38,0.062967
5112,13036,37634,32.761,423.63,224.85,0.30652
5112,13976,38747,34.752,280.12,267.39,0.023256
5114,13863,38281,26.785,250.51,122.5,0.3432
5118,12598,40082,28.967,714.74,446.99,0.23047
5119,12108,38329,22.131,338.91,145.2,0.40014
5119,12476,40047,24.437,561.65,480.7,0.077661
5120,11808,37487,31.899,670.03,678.95,-0.0066085
5121,11687,37789,33.25,205.82,137.23,0.19994
5121,12590,40016,28.641,643.57,420.08,0.21012
5124,13432,39903,33.057,446.55,296.86,0.20136
5126,13904,39591,37.124,459.68,380.23,0.094583
5129,13371,38579,39.719,624.15,533.24,0.078549
5129,14039,38516,25.689,987.46,573.2,0.26544
5130,11820,37800,34.518,808.15,619.9,0.13182
5131,13955,38632,23.832,1448.5,807.77,0.28396
5132,12094,37678,29.566,780.33,504.92,0.21428
5132,12958,37592,31.59,320.5,239.68,0.14428
5132,13928,38729,37.796,474.49,235.06,0.33744
5133,13872,38312,27.193,444.12,402.19,0.049541
5134,13809,38524,30.816,491.16,502.56,-0.011472
5135,12991,37507,25.399,460.77,211.33,0.37114
5135,13548,38234,26.743,275.05,163.74,0.25369
5136,13344,38280,38.96,501.97,464.33,0.03895
5136,14277,37631,32.519,892.74,377.37,0.40577
5137,13146,37584,28.46,237.15,125.17,0.30906
5137,13997,37755,22.246,286.5,153.02,0.3037
5138,11815,38359,34.501,446.93,443.45,0.0039137
5138,13081,40137,35.997,955.87,622.48,0.21122
5138,13191,37613,25.832,374.43,139.22,0.45793
5139,12092,38404,20.607,788.56,376.38,0.35383
5139,12929,40119,22.272,786.68,401.41,0.32428
5140,12126,38618,15.504,496.37,142.82,0.55312
5140,13217,40194,37.879,204.08,224.54,-0.047757
5140,14143,40273,17.226,583.32,911.56,-0.21957
5141,12006,38667,14.999,926.27,605.35,0.20953
5141,13463,40017,33.61,227.17,156.99,0.18269
5141,14263,37485,21.035,491.65,448.67,0.045706
5142,11751,38783,28.748,390.88,259.46,0.20209
5144,14078,38477,33.267,184.9,108.16,0.26184
5144,14659,38475,26.956,279.32,117.19,0.40892
5145,12591,39955,25.772,515.34,369.24,0.16517
5146,13465,37999,26.882,263.17,106.94,0.42212
5146,14277,38684,28.553,501.15,373.55,0.14587
5147,13656,38173,28.339,184.23,151.09,0.098823
5147,14400,38486,34.869,204.66,101.87,0.33532
5148,13592,38052,30.416,435.65,580.55,-0.14258
5149,12051,40350,35.561,316.6,236.26,0.14532
5149,14574,38005,29.091,503.06,422.6,0.086924
5150,12239,40206,29.214,543.56,410.07,0.13998
5150,14581,38090,28.523,580.09,160.1,0.5674
5153,13552,39618,22.765,239.5,197.03,0.097271
5156,13338,39946,24.784,865.41,508.85,0.25946
5157,13112,38260,34.368,652.3,471.94,0.16043
5160,11931,38165,31.741,281.99,103.67,0.46239
5160,13100,39299,26.785,303.33,203.06,0.19802
5160,13220,37787,43.142,728.07,660.76,0.048469
5161,14600,37469,32.806,444.45,102.85,0.62417
5162,13315,37452,29.032,259.92,122.16,0.36056
5163,13548,37649,37.843,446.51,255.71,0.27172
5165,12490,39055,32.819,867.75,253.55,0.54775
5165,12571,39157,42.412,495.09,212.67,0.39902
5165,13537,38118,28.379,764.78,377.34,0.33922
5166,12610,39222,19.959,743.67,422.08,0.27586
5166,13449,38069,25.95,533.84,499.41,0.03333
5167,12741,39307,30.5,825.36,313.89,0.44896
5167,13322,38042,21.568,764.81,659.04,0.074289
5167,13979,40320,31.283,636.03,645.37,-0.0072873
5168,13833,40247,20.566,948.86,593.76,0.23019
5169,13048,37921,28.458,726.01,402.24,0.28696
5169,13846,37819,32.47,290.05,251.33,0.071526
5169,13930,40232,23.987,362.93,278.24,0.13209
5170,12601,39372,39.226,371.09,421.2,-0.063244
5170,13346,40177,34.265,609.26,503.82,0.094729
5171,12601,39539,31.408,550.53,262.13,0.35489
5171,13783,38126,31.306,296.62,195.74,0.2049
5172,12147,39043,30.283,956.18,846.2,0.061017
5172,13539,39669,34.502,271.56,201.71,0.14761
5173,13646,37426,28.047,238.78,412.74,-0.267
5174,11881,38760,23.201,550,458.46,0.090768
5174,14226,39908,28.095,206.61,160.21,0.12651
5175,11929,39746,20.342,560.61,481.4,0.076013
5175,12195,38599,26.432,549.42,412.9,0.14186
5176,12053,38469,25.767,351.31,146.36,0.41181
5176,12311,39755,31.853,544.45,559.88,-0.013974
5177,11685,38467,23.33,667.75,249.54,0.45593
5177,13993,37685,26.806,322.48,277.98,0.074103
5178,12677,38006,30.874,667.89,263.96,0.43347
5179,14116,38492,26.036,367.95,468.8,-0.12052
5179,14594,37793,29.491,446.07,379.93,0.080065
5180,14443,37792,28.833,276.74,205.52,0.1477
5183,11973,37498,25.893,483.13,225.41,0.36374
5187,13905,38255,26.204,684.77,332.95,0.3457
5188,13591,38174,22.038,339.91,170.2,0.33268
5189,13279,38243,27.628,489.02,332.32,0.19078
5191,13115,38121,41.285,459.82,315.16,0.18666
5191,14162,39175,26.81,337.05,292.27,0.071158
5191,14403,37926,28.792,430.36,150.04,0.48297
5192,13207,38132,38.799,532.31,335.64,0.22659
5192,14123,39522,26.964,476.85,447.52,0.031731
5192,14375,37889,31.662,775.76,401.49,0.31792
5193,13940,40164,30.156,471.36,134.45,0.55613
5193,13983,38437,28.149,367.44,344.16,0.032726
5193,14505,37762,28.396,808.05,256.85,0.5176
5194,12887,37945,34.752,417.23,393.55,0.029208
5195,12949,39492,24.823,1266.8,845.13,0.19966
5195,14392,37937,32.437,428.57,304.06,0.16995
5196,12944,39557,22.294,896.77,723.52,0.10692
5196,14346,38226,31.376,219.08,103.32,0.35906
5197,12797,39529,34.473,545.58,522.49,0.021621
5198,12362,39409,30.099,663.83,528.52,0.11348
5198,13553,40268,24,584.61,322.84,0.28847
5199,12611,39303,24.536,839.39,284.67,0.49349
5199,13506,40286,24.975,806.39,367.8,0.37352
5200,14665,38215,31.043,387.73,320.99,0.094165
5201,12246,38278,28.32,460.53,253.41,0.29012
5201,13598,39786,29.35,317.2,255.88,0.107
5201,14589,37985,35.379,233.8,129.19,0.28821
5202,14637,37733,29.78,299.88,294.66,0.0087727
5203,13505,40271,27.793,411.68,270.77,0.20648
5204,13394,38354,19.365,771.55,532.47,0.18334
5204,13242,40364,32.875,321.29,309.83,0.018167
5205,13131,40288,23.954,981.73,410.32,0.41048
5205,14221,38748,21.357,322.94,262.5,0.10323
5206,11847,37572,32.829,501.31,572.27,-0.066096
5206,12300,38612,28.942,1251.6,1039.6,0.092487
5207,14251,38708,41.106,499.09,482.53,0.016861
5208,13181,38256,28.943,418.2,494.47,-0.083571
5210,12863,38797,21.357,442.11,238.86,0.29847
5214,14392,37550,32.539,241.27,167.28,0.18111
5215,14600,40333,26.3,235.33,159.87,0.19093
5219,12273,40175,22.228,936.23,221.13,0.61787
5220,11714,38462,22.156,470.59,137.1,0.54878
5222,12036,40378,32.968,300.48,201.75,0.19658
5222,13199,37612,23.013,289.03,139.18,0.34995
5223,13124,38552,20.199,704.44,453.97,0.21621
5223,13226,37499,25.831,874.18,641.99,0.15314
5223,14257,40362,29.178,890.13,492.6,0.2875
5223,14384,38811,33.47,356.34,294.02,0.095814
5224,12058,39239,28.38,608.86,264.24,0.39471
5224,12600,39977,21.091,601.28,461.41,0.13162
5224,13213,38984,36.001,539.31,710.49,-0.13696
5225,12016,39107,23.209,436.88,252.79,0.26693
5225,12685,40011,25.718,375.5,361.16,0.019476
5225,13197,39045,39.887,563.65,683.67,-0.096223
5225,14208,38896,41.236,517.49,413.35,0.11188
5226,12659,39698,26.561,387.93,295.26,0.13564
5226,14221,38836,32.699,354.04,219.18,0.23526
5227,12679,39450,29.596,615.3,590.93,0.020206
5227,13383,37556,21.007,849.4,588.97,0.18106
5227,14099,37741,26.716,316.54,198.83,0.2284
5227,14180,38830,31.112,391.11,341.33,0.067963
5228,12649,39534,21.527,373.27,196.15,0.31107
5228,13179,39122,31.802,426.3,440.45,-0.01633
5228,13445,37616,42.064,945.17,969.65,-0.012782
5228,14093,37747,16.771,503.07,289.36,0.26969
5229,12753,40355,18.613,631.99,497.23,0.11934
5229,13202,39160,30.202,796.12,758.46,0.024226
5230,12037,37451,31.83,377.73,111.37,0.54459
5230,13342,37435,29.357,1121.6,744.07,0.20236
5230,13756,37556,34.263,509.11,397.5,0.12311
5230,14086,38553,35.227,282.95,326.25,-0.071073
5231,13712,39327,14.004,431.37,333.39,0.12812
5232,13686,37401,28.789,785.94,681.51,0.071165
5232,13858,38837,26.261,232.42,408.82,-0.27509
5232,14661,37894,25.77,358.3,174.68,0.34453
5233,11671,38587,26.137,503.74,227.36,0.37803
5233,13268,39960,21.334,469.34,249.52,0.30579
5233,14493,37832,31.255,568.14,270.72,0.35455
5236,11944,38859,32.385,529.53,317.06,0.25097
5237,11739,38849,17.335,748.85,773.11,-0.015943
5237,13499,39598,34.444,313.89,111.21,0.47679
5239,13253,39929,40.099,471.05,333.49,0.17098
5240,11698,39128,31.861,560.65,355.13,0.22443
5240,13225,37928,36.002,451.48,381.14,0.084488
5240,13924,38040,32.217,286.46,152.95,0.30383
5241,12408,39249,23.788,870.27,644.68,0.14891
5241,13207,37964,19.746,546.82,427.77,0.12216
5241,13122,39576,35.788,281.01,262.75,0.033592
5242,12153,39124,18.729,737.83,606.18,0.097956
5242,13299,37927,24.518,315.37,228.73,0.15923
5243,13221,39857,26.017,372.97,196.89,0.30898
5244,12382,39975,21.698,518.95,152.56,0.54563
5244,12519,37749,41.436,329.03,268.96,0.10045
5244,13065,39786,23.343,637.09,383.97,0.24789
5245,11972,38920,24.933,239.16,261.2,-0.044059
5245,12004,40237,23.632,1216.7,840.34,0.18297
5246,14486,38111,34.447,362.41,326.11,0.052722
5247,12432,40131,17.084,1076.6,547.26,0.32597
5248,12527,40236,25.625,314.32,196.05,0.23174
5248,14510,38242,23.131,444.57,194.44,0.39144
5249,12580,40349,33.005,231.76,152.21,0.20718
5250,14136,37977,33.432,642.68,427.5,0.20108
5251,12531,40331,26.531,512.62,112.83,0.6392
5251,14052,37750,25.932,267.14,143.64,0.30064
5252,14134,37766,12.742,661.18,415.09,0.22865
5253,14168,37793,13.954,520.87,275.51,0.30809
5254,12233,40376,25.629,331.52,295.14,0.058051
5254,13405,40162,25.862,304.87,147.96,0.34652
5254,14149,37743,10.509,751.83,615.5,0.099701
5255,11736,37507,28.17,422.97,180.14,0.40263
5255,13260,40317,34.161,335.34,226.38,0.19399
5255,14128,37724,25.753,337.8,183.31,0.29645
5256,12184,40021,23.499,441.33,511.83,-0.073966
5256,13708,40224,33.642,269.75,150.77,0.28293
5257,13515,40310,36.409,271.22,237.84,0.065573
5258,12221,39846,28.192,495.06,217.88,0.38879
5259,11680,38867,34.574,435.64,232.18,0.30465
5259,12337,39732,24.152,446.34,258.42,0.26664
5260,12334,39669,25.439,431.92,294.47,0.18923
5260,14229,40305,18.808,1084.8,728.44,0.19651
5261,14251,40180,25.703,1228.1,680.76,0.28673
5261,14617,39375,23.275,380.66,225.79,0.25537
5263,13930,37914,30.015,366.41,181.69,0.33703
5264,13494,39213,31.346,437.37,572.13,-0.13349
5266,11687,38161,39.023,381.22,193.75,0.32605
5267,11836,37822,29.909,360.26,419.43,-0.075892
5269,14113,37766,17.519,406.16,273.87,0.19454
5270,14048,37779,19.679,428.51,317.77,0.14839
5272,11720,38184,25.647,355.17,155.28,0.3916
5273,13666,37396,33.406,363.16,464.56,-0.12251
5273,13912,38477,34.081,498.93,296.19,0.25498
5274,12706,37702,29.062,350.05,237.38,0.1918
5275,12223,39145,31.348,452.01,350.72,0.12618
5276,13458,38102,31.888,434.44,416.2,0.021444
5278,12522,39091,32.535,158.83,169.02,-0.031059
5279,12600,39056,29.405,372.44,149.4,0.42742
5282,14019,37820,28.387,355.46,297.97,0.087983
5283,14054,37871,34.219,690.41,498.04,0.16186
5284,14021,37487,32.795,319.9,215.78,0.19438
5285,12485,39412,22.598,515.18,369.37,0.16484
5285,13927,40168,25.848,259.5,131.27,0.32817
5286,12128,37972,22.915,443.47,165.05,0.45753
5286,12517,39215,20.123,607.42,540.09,0.058677
5287,11983,37974,28.376,333.28,186.45,0.28252
5287,12428,39079,15.903,1005.7,750.86,0.1451
5288,12481,38899,26.553,457.85,249.08,0.29532
5288,13437,37414,29.161,898.69,326.18,0.46741
5289,12158,37886,38.448,423.19,465.89,-0.04803
5290,11935,37980,28.694,976.28,832.93,0.079229
5290,12621,38360,29.796,214.02,125.45,0.26089
5291,12324,39294,33.11,519.39,554.71,-0.032878
5291,12330,39392,29.747,244.18,214.49,0.064721
5291,12573,38394,28.736,622.13,418.89,0.19523
5291,12970,39240,30.445,600.35,427.05,0.16868
5291,14329,38799,27.234,568.07,691.8,-0.098209
5292,13706,38073,34.652,534.64,505.51,0.028002
5292,14657,37876,36.527,361.51,200.93,0.28551
5293,12191,39435,29.95,609.56,191.85,0.52122
5293,13715,37809,37.763,332.45,258.57,0.125
5294,12268,39493,29.196,586.44,325.6,0.286
5294,13457,37905,29.655,449.69,323.37,0.16341
5295,12347,39655,24.433,283.95,132.94,0.36224
5295,14486,38153,34.842,743.85,575.71,0.12743
5300,14321,38375,31.283,539.07,249.18,0.36776
5303,11729,40296,28.934,1062.9,1065.2,-0.0010781
5303,11766,39972,19.463,713,584.53,0.099008
5304,11762,39897,21.904,670.86,194.53,0.55043
5304,14573,39314,24.554,484.07,846.77,-0.27254
5310,14098,37730,14.487,403.07,315.38,0.12206
5311,13304,39922,23.867,833.04,263.21,0.5198
5311,14104,37761,22.347,334.14,216.98,0.21258
5312,14130,37849,35.51,342.27,329.23,0.019408
5312,14313,38841,15.522,970.06,854.11,0.063561
5313,14306,38811,15.981,1064.3,1040.6,0.011262
5314,11777,37848,26.443,546.59,253.33,0.36661
5314,13530,39908,31.302,397.58,238.45,0.2502
5315,14421,38602,36.888,255.95,238.52,0.035247
5316,14064,38890,32.106,288.68,199.7,0.18218
5317,13904,39885,18.759,390.13,209.76,0.30068
5317,14070,38725,33.627,344.31,198.9,0.26769
5318,13636,39847,24.833,866.2,479.42,0.28743
5319,13774,39823,18.183,949.92,708.58,0.14552
5319,13846,38459,31.773,690.24,580.78,0.086121
5320,13740,39869,17.474,890.62,471.19,0.30799
5321,12030,39100,27.172,804.62,616.95,0.13202
5321,14000,38741,28.231,226.95,170.46,0.14216
5323,11767,38934,30.554,315.18,131.81,0.41024
5324,13940,40315,25.733,394.17,175.47,0.38392
5325,13020,38021,40.621,400.48,347.72,0.070512
5326,13392,37889,31.725,321.6,319.74,0.0028886
5327,13821,40348,35.819,728.51,766.9,-0.025671
5327,14058,37765,25.964,312.31,200.87,0.21716
5327,14512,38945,34.175,269.37,208.62,0.12709
5328,13525,38037,29.123,794.65,577.42,0.15832
5328,14094,37815,24.038,1134.3,1052.6,0.037343
5330,14093,37727,13.814,802.71,444.9,0.28679
5331,14053,37531,23.038,501.79,201.17,0.42765
5332,13820,38796,18.489,503.96,252.35,0.33268
5332,14164,37578,32.821,181.66,111.89,0.2377
5333,12214,38986,36.934,589.53,491.16,0.091028
5334,13054,39650,25.504,363.16,212.39,0.26197
5336,12129,39914,40.518,407.43,473.55,-0.075057
5337,11867,37507,25.07,419.75,218.93,0.31442
5337,13790,39236,32.018,375.84,231.19,0.2383
5338,13744,39300,25.862,304.47,203.56,0.19862
5339,11767,37809,22.208,652.03,494.47,0.13743
5339,13723,39328,22.785,370.57,426.14,-0.069752
5342,12343,39786,31.902,516.56,384.74,0.14625
5343,12394,39595,26.116,231.08,217.48,0.030318
5343,12484,37885,39.904,342.77,492.7,-0.17945
5344,12010,38773,30.301,412.1,271.03,0.2065
5344,12412,39586,29.332,190.3,296.31,-0.21786
5345,12185,38937,22.525,576.83,431.52,0.1441
5347,14144,39168,23.868,332.04,140.21,0.40621
5348,14371,39208,33.555,578.34,535.35,0.038599
5350,14354,37680,31.053,567.03,335.47,0.25658
5350,14426,38961,35.323,260.17,125.29,0.34992
5351,14289,37628,31.663,665.87,429.82,0.21544
5352,13571,39812,33.875,566.04,389.51,0.18474
5353,11717,37885,24.356,227.43,266.44,-0.078993
5356,12187,38982,28.146,684.81,366.61,0.30264
5358,11672,37882,42.18,636.87,473.51,0.14713
5359,12354,38808,37.794,139.65,105.53,0.13915
5361,13558,40061,33.118,349.02,425.8,-0.099096
5361,14135,39702,33.656,328.97,222.51,0.19306
5361,14337,37999,35.64,332.19,201.09,0.24584
5362,14114,39452,30.905,373.68,122.72,0.50556
5363,13554,39868,38.996,401.53,275.34,0.18642
5364,14414,40310,36.49,650.95,516.14,0.11551
5365,13578,38523,31.39,543.73,356.25,0.20831
5366,13644,38354,25.163,556.96,257.31,0.368
5366,13777,39847,28.528,423.14,361.31,0.078821
5366,14659,39335,8.9479,1139.9,610.12,0.30274
5367,14512,37857,32.886,556.34,227.64,0.41927
5367,14664,39259,13.908,821.6,423.11,0.32015
5368,12625,37746,29.219,426.91,262.9,0.23777
5369,12651,37702,26.031,711.35,473.44,0.20081
5369,13762,38124,33.758,270.88,244.81,0.050559
5370,12605,37745,35.799,363.17,391.19,-0.037148
5370,14018,40318,23.451,504.71,435.22,0.073933
5371,12689,37646,34.066,483.72,491.16,-0.0076348
5371,13294,37563,39.162,445.45,361.18,0.10447
5373,12722,40060,32.952,747.17,560.52,0.14274
5373,13503,37714,31.169,942.39,593.14,0.22744
5373,14138,38693,33.818,466.04,374.56,0.10883
5374,12599,37434,17.776,1203.2,759.37,0.22617
5374,13532,37735,24.533,535.68,329.64,0.23811
5375,12549,39949,26.263,593.53,326.14,0.29075
5375,12679,37692,28.877,947.32,610.77,0.216
5375,13163,39330,35.354,260.46,124.44,0.35338
5375,13918,39774,30.161,421.22,400.23,0.025561
5376,12219,38690,33.423,463.25,385.69,0.091366
5376,13509,37924,33.376,551.11,411,0.14563
5376,14153,39907,41.324,154.26,190.65,-0.10549
5377,12448,37625,27.991,532.97,539.88,-0.006443
5377,13551,37942,25.751,383.92,138.01,0.47116
5378,13450,38060,22.146,499.19,844.59,-0.25703
5379,11701,39619,28.888,450.88,285.2,0.22508
5379,11909,37920,31.852,439.1,335.38,0.13392
5379,13961,39512,33.561,317.06,335.98,-0.028972
5380,13843,39421,22.349,426.01,280.94,0.20521
5381,13808,39540,22.736,490.97,227.3,0.3671
5381,13975,37875,36.232,252.92,119.67,0.35763
5383,13263,37613,30.374,366.62,338.61,0.039712
5386,11693,39056,38.823,582.32,425.53,0.15556
5387,12199,38959,30.468,541.5,519.31,0.020916
5388,14142,37743,29.182,349.35,342.02,0.010591
5390,13233,38684,24.638,561.31,438.01,0.12338
5391,13191,38694,26.328,379.7,213.39,0.2804
5392,12441,37402,25.744,769.08,471.15,0.24022
5393,12976,39170,31.467,255.29,233.99,0.043534
5393,14652,39103,31.276,552.86,216.01,0.43811
5395,13010,38799,32.204,509.46,376.02,0.15069
5395,13370,39988,21.53,663.12,266.44,0.42674
5398,12546,39550,23.271,273.95,136.05,0.33635
5399,14054,38273,21.212,551.17,426.89,0.12707
5400,12110,39554,28.715,347.62,383.56,-0.049156
5400,14023,37477,25.935,634.47,468.55,0.15042
5400,14113,38466,28.838,483.45,272.39,0.27925
5402,11734,37718,26.054,433.13,424.18,0.010437
5402,13895,37912,28.004,592.91,421.8,0.16863
5403,12300,39161,16.953,962.59,418.3,0.39416
5403,13907,38116,19.544,688.04,497.37,0.16085
5403,14026,37563,28.22,363.57,304.74,0.08802
5404,12020,39226,25.624,753.18,163.74,0.64285
5404,12469,39522,21.805,574.98,438.96,0.13415
5404,13786,37567,39.125,237.49,254.75,-0.035067
5404,14007,38216,34.543,283.55,301.38,-0.030483
5405,11779,39060,30.104,308.71,103.66,0.49726
5405,12430,39417,30.156,287.23,140.12,0.34425
5405,12902,38395,33.31,193.25,133.09,0.18436
5405,13780,38242,31.506,258.96,261.5,-0.0048831
5406,13959,38223,27.797,201.57,124.03,0.23815
5409,14253,39014,34.468,296.58,288.13,0.014462
5410,14502,40092,32.197,401.85,434.46,-0.038993
5412,13743,39321,17.084,404,373.22,0.039609
5413,13669,39335,14.428,474.58,383.57,0.10606
5414,14030,38078,23.462,355.06,284,0.11119
5414,14410,39361,26.253,217.23,120.64,0.28589
5414,14573,38352,30.37,309.21,165.06,0.30396
5417,12309,39549,33.768,409.87,136.9,0.49923
5418,11685,37410,33.206,549.46,382.23,0.17949
5418,11769,37810,17.295,511.17,254.34,0.3355
5418,14084,37478,35.274,392.91,389.91,0.0038346
5419,11682,37782,14.745,856.31,615.12,0.16391
5419,12521,38823,26.492,611.25,359.25,0.25967
5419,13277,38024,36.129,377.02,292.88,0.1256
5420,11747,37784,12.554,1653.4,1043.9,0.22594
5421,11740,37787,17.549,725.32,466.48,0.21719
5421,12127,40229,29.984,791.52,449.82,0.27527
5421,13191,37778,34.744,355.13,265.47,0.14448
5423,13632,37683,36.198,379.26,358.75,0.027798
5424,11755,37955,28.155,326.68,278.91,0.078893
5424,12097,40107,19.63,600.58,437.9,0.15665
5424,13932,38083,36.456,477.01,263.72,0.28795
5425,12045,39979,35.193,369.1,445.37,-0.09364
5425,14134,37733,17.823,931.82,652.6,0.17623
5426,14005,37830,32.596,1490.1,1037,0.1793
5429,14368,38742,32.388,307.64,276.47,0.053373
5430,11771,39741,23.987,705.79,471.57,0.19894
5431,14038,39677,29.053,769.21,503.48,0.2088
5433,12253,39560,17.506,716.23,268.88,0.45411
5434,13019,37395,32.562,349.83,167.98,0.35118
5435,12566,39484,25.101,1073,291.98,0.5722
5436,12025,39325,39.24,697.42,371.79,0.30455
5436,12746,37428,32.214,379.01,300.38,0.11575
5437,12551,38533,23.631,516.86,457.4,0.061033
5437,12861,40111,17.454,803.69,795.66,0.0050221
5438,12382,38638,26.253,328.83,348.4,-0.028899
5439,12636,40197,22.921,436.44,180.71,0.41438
5440,12719,38744,26.397,297.5,166.58,0.28212
5441,12259,39601,26.58,603.17,375.1,0.23314
5441,12544,40106,23.711,511.76,222.67,0.39362
5442,12456,39483,28.325,487.52,274.62,0.27934
5443,12484,39328,29.47,470.2,643.23,-0.1554
5444,12582,39075,27.365,387.71,260.88,0.19555
5445,12821,38855,32.334,343.63,197.97,0.26893
5448,12707,39474,29.988,488.12,291.16,0.25275
5450,13081,37493,26.253,609.57,554.78,0.047057
5451,12554,39251,26.857,332.37,303.33,0.045687
5451,13167,37421,29.722,483.33,206.98,0.40032
5452,12568,39379,18.884,402.12,227.4,0.27756
5452,14409,39347,25.738,530.98,255.69,0.34995
5453,14005,40057,28.544,1149.9,780.19,0.19153
5454,12805,39488,24.935,670.96,291.83,0.39378
5454,14171,40077,23.236,783.77,529.6,0.19353
5455,12840,38013,27.417,198.43,205.45,-0.01737
5455,12865,39694,31.01,361.78,252.9,0.17712
5455,14556,39852,34.475,679.52,829.18,-0.0992
5456,14004,39552,31.627,552.18,235.12,0.40271
5458,14117,39615,22.572,313.9,272.46,0.070687
5462,14278,38573,33.19,596.08,214.7,0.47038
5462,14381,40142,37.089,440.69,156.7,0.47539
5462,14493,39157,32.149,300.15,108.75,0.46807
5463,12750,37465,31.379,401.83,353.1,0.06455
5463,14290,38399,33.375,344.35,143.08,0.41291
5463,14567,39411,29.355,408.1,155.2,0.44896
5464,12242,39519,29.948,620.2,367.31,0.25609
5464,13510,39555,32.375,331.1,658.12,-0.33059
5465,14157,38611,27.064,369.8,181.06,0.34264
5467,12469,39849,25.319,335.81,103.42,0.52908
5468,14573,39526,21.639,916.41,660.23,0.16249
5469,12553,40161,26.002,704.76,444.74,0.2262
5469,14340,39350,26.084,449.56,330.87,0.15209
5470,12466,37952,23.424,502.51,340.08,0.19277
5470,12539,40332,36.497,371.16,251.56,0.19206
5470,14385,39320,33.029,425.44,453.24,-0.031634
5471,13355,37913,37.473,337.14,341.7,-0.0067195
5473,13582,38271,26.78,477.09,463.84,0.014084
5473,14127,37628,27.623,275.16,250.43,0.047045
5474,13441,38278,34.537,557.3,516.81,0.037694
5476,14176,37523,30.058,723.8,436.42,0.2477
5476,14267,38218,23.548,503.08,292.96,0.26396
5477,13541,38401,28.22,218.87,180.32,0.096575
5478,11717,38913,33.778,235.82,188.95,0.11034
5478,13439,38514,31.752,521,591.85,-0.063665
5479,13981,37506,33.949,434.33,183.1,0.40691
5479,14303,38386,34.55,223.09,104.54,0.36182
5482,12711,37528,25.295,344.27,218.03,0.2245
5485,14474,40231,21.943,610.01,405.95,0.20086
5486,13147,39194,30.107,256.74,175.19,0.18881
5486,14243,38762,35.931,305.53,198.79,0.21165
5487,12766,39611,39.036,912.33,438.48,0.35079
5487,12911,39598,39.23,1062.5,483.87,0.37419
5488,11697,37659,24.252,296.36,448.41,-0.20416
5489,11757,39023,31.703,557.72,244.61,0.39025
5499,11850,39961,29.916,369.43,207.9,0.27979
5502,14112,37750,29.537,313.31,259.26,0.094403
5503,13747,37668,33.539,214.91,164.85,0.13183
5504,13415,38399,37.95,432.67,553.39,-0.12243
5505,13903,37697,36.047,532.12,451.78,0.08165
5509,12537,38003,37.958,490.29,469.69,0.021453
5509,13753,39216,28.509,436,495.93,-0.06431
5510,12232,37908,33.053,309.5,166.16,0.30136
5511,12306,38080,26.434,516.19,328.74,0.22186
5512,13672,39213,32.466,526.27,462.96,0.063992
5513,14461,38916,31.533,204.41,106.92,0.31312
5514,12302,40391,36.565,343.05,330.65,0.018412
5514,12879,38241,31.831,360.33,208.91,0.26601
5514,12805,40189,21.722,653.42,443.52,0.19135
5514,14513,38217,31.954,368.01,471.26,-0.12302
5515,12657,37979,25.128,589.32,349.46,0.2555
5515,12769,39985,27.346,555.21,513.34,0.039177
5516,12640,37767,25.132,277.36,114.54,0.41547
5516,12891,40098,31.809,936.98,605.5,0.2149
5516,13607,37537,31.247,634.89,486.55,0.13227
5517,12317,40380,22.587,667.51,402.86,0.24725
5517,12963,40091,22.634,630.29,351.15,0.28442
5517,13769,37591,29.044,664.92,335.07,0.32985
5517,14148,38278,30.947,427.61,255.14,0.25262
5517,14535,37454,16.418,483.95,436.55,0.051494
5519,14131,37648,26.725,258.8,171.9,0.20177
5521,13268,40245,38.96,151.88,128.72,0.082548
5523,12500,38837,24.001,788.23,205.29,0.58674
5525,14220,40363,26.768,587.02,760.95,-0.12903
5525,14293,38472,33.398,849.9,520.09,0.24073
5527,14016,39445,36.003,549.85,391.99,0.16761
5527,14594,40383,17.392,934.39,550.78,0.25829
5528,13514,40191,32.125,552.69,450.73,0.10161
5530,13260,38114,31.807,591.69,368.16,0.23288
5530,14260,40028,22.79,844.97,679.42,0.1086
5531,13399,38245,32.536,234.56,214.27,0.045218
5532,13929,40371,26.281,754.4,526.18,0.17821
5533,12720,38119,35.328,490.63,371.29,0.13845
5534,12001,40028,21.507,479.4,282.33,0.25872
5534,12665,37994,25.278,375.15,299.37,0.11235
5535,12142,40111,34.341,320.57,165.27,0.31964
5535,12522,38028,24.108,481.43,232.83,0.34805
5536,11920,40045,32.894,361.31,273.51,0.1383
5537,12073,38171,22.665,559.56,474.39,0.082381
5538,12028,38059,20.569,1102.7,678.72,0.23802
5539,12198,37862,27.765,1111.6,1105.9,0.0025977
5540,12165,37852,28.956,414.96,448.39,-0.038722
5542,12403,37701,32.989,279.06,291.38,-0.021589
5542,14146,37749,26.833,218.92,100.27,0.37174
5542,14287,38216,24.971,299.64,215.85,0.16255
5545,12316,37937,34.928,393.93,213.26,0.29754
5546,14152,38797,27.277,280.66,216.77,0.12844
5547,11749,38434,36.396,515.24,324.64,0.22694
5547,14188,38567,31.294,892.04,601.01,0.19492
5548,13180,37520,36.929,307.43,224.84,0.15517
5549,11687,37991,26.058,667.27,299.48,0.38044
5550,11849,38077,36.945,226.56,351.41,-0.21603
5550,13069,37961,23.549,426.74,362.47,0.081435
5551,14173,39436,31.775,171.86,148.71,0.072214
5552,11688,38201,28.836,260,187.85,0.1611
5552,11671,39855,29.457,690.74,615.19,0.057853
5553,13002,38366,25.744,529.67,408,0.12976
5555,13098,38416,30.801,630.15,267.89,0.40339
5555,14410,38634,36.137,362.93,378.59,-0.021118
5556,12871,38558,35.659,261.13,121.03,0.36659
5556,12716,39960,33.647,696.1,572.28,0.097623
5556,13563,38177,33.017,290.14,301.95,-0.019957
5556,13781,40217,35.013,246.45,229.75,0.035071
5556,14562,38810,32.894,660.38,585.95,0.059717
5558,13776,38642,30.892,361.77,181.34,0.33221
5559,12608,37669,36.948,278.69,178.73,0.21851
5559,14620,39495,29.552,553.05,509.35,0.041134
5562,12775,38850,36.367,392.6,316.88,0.10672
5562,13159,39614,33.592,240.83,210.01,0.068371
5563,13140,39700,26.381,343.81,131.9,0.44545
5563,13535,37482,28.723,351.75,333.76,0.026246
5564,13103,39823,34.174,790.97,640.32,0.10525
5565,13186,40087,24.45,561.12,371,0.20397
5565,13865,37655,29.736,523.03,559.38,-0.033586
5566,14147,37861,37.99,884.81,651.97,0.15152
5567,14210,37680,33.632,448.76,469.96,-0.023084
5568,11747,37860,32.192,856.29,613.35,0.16531
5568,13505,39518,33.39,606.3,323.17,0.30461
5568,14071,37796,15.917,866.51,500.75,0.26751
5569,13934,38045,35.734,1360,739.86,0.29532
5569,13994,37767,25.465,1007.3,670.01,0.20111
5571,12340,38368,37.836,548.02,359.79,0.20734
5571,13299,39944,25.426,1056.3,591.58,0.28199
5574,12201,37747,36.225,326.36,158.36,0.34659
5575,13499,38657,32.166,585.6,448.74,0.13231
5578,12497,39164,31.646,627.22,692.64,-0.049564
5579,12671,38908,30.341,733.51,482.08,0.20684
5580,12745,38884,35.53,304.7,164.76,0.29809
5583,12822,39694,34.331,551,528.55,0.020798
5584,13338,37419,27.782,244.21,277.22,-0.063314
5585,12148,39459,25.844,683.44,509.79,0.14553
5585,13623,39500,24.125,541.34,267.45,0.33864
5586,11745,39672,30.833,705.29,621.7,0.06299
5586,13680,39453,20.328,1048.6,507.56,0.34769
5587,11781,39740,35.742,1311.8,875.13,0.19967
5587,11862,39775,28.069,1163.9,786.08,0.19378
5587,13541,39517,33.024,648.87,373.52,0.26933
5588,12163,39901,21.044,338.92,173.51,0.32281
5589,12212,40066,19.258,762.61,292.86,0.44506
5589,13197,39607,24.991,313.89,238.41,0.13666
5590,14494,37610,23.967,324.57,131.12,0.42452
5591,12109,38953,22.307,786.18,526.31,0.198
5592,12071,38845,22.805,776.35,617.17,0.11423
5592,13090,39545,25.447,380.22,246.42,0.21353
5593,13718,39405,29.783,428.8,316.04,0.15139
5594,12100,37733,31.833,670.48,383.7,0.27205
5594,13667,38179,37.663,491.43,492.46,-0.0010448
5595,13709,38283,31.435,761.07,390.5,0.32179
5595,14658,38870,34.361,439.41,233.23,0.30651
5596,13475,38279,28.03,538.96,443.99,0.09661
5597,14208,37688,28.434,346.56,215.54,0.2331
5599,14071,38419,27.262,452.45,295.7,0.20952
5600,12292,37619,30.375,445.13,176.07,0.43313
5600,12667,39603,26.485,410.91,197.11,0.35164
5600,13645,40320,27.416,436.32,228.55,0.3125
5600,14192,38269,32.112,361.74,261.5,0.16083
5601,12176,37741,37.192,194.04,231.3,-0.087599
5601,13473,40234,29.309,379.56,302.83,0.11244
5601,14204,38350,29.639,546.75,351.19,0.21779
5603,13049,40035,37.655,406.55,303.81,0.14463
5603,13802,40278,36.674,401.8,226.63,0.27874
5604,13277,39961,22.773,276.35,159.38,0.26843
5604,14102,38775,33.52,539.38,549.59,-0.0093745
5605,14034,37400,33.853,380.02,335.03,0.062915
5605,14113,38678,25.757,344.08,198.2,0.26901
5606,14160,37653,24.642,341.06,152.18,0.38295
5607,14092,37735,28.46,254.46,204.68,0.10843
5609,12054,39724,28.717,474.56,370.12,0.12364
5609,12411,39679,33.85,766.09,371.19,0.34723
5609,13627,39515,35.399,407.66,301.07,0.15039
5610,12118,39671,26.889,803.9,312.72,0.43988
5610,12624,39839,31.182,874.68,438.28,0.33238
5611,12731,39932,25.458,468.42,302.42,0.21535
5611,13834,39266,27.477,250.26,167.82,0.19718
5615,12605,40297,22.47,585.92,351.67,0.24984
5616,12359,37571,33.466,445.18,310.16,0.17875
5617,13132,39518,37.333,314.44,266.2,0.083071
5617,13654,37600,35.629,552.38,400.37,0.15956
5621,11958,40002,34.603,523.84,231.99,0.38614
5622,11918,40060,24.19,383.04,118.29,0.52809
5622,13518,39555,25.097,787.68,870.48,-0.049937
5622,14417,38417,30.716,461.01,568.06,-0.10403
5623,11888,40053,23.749,582.73,397.86,0.18853
5623,12917,38744,30.722,530.38,569.1,-0.035214
5623,14129,39546,27.008,317.4,151.84,0.35283
5624,11827,40026,15.777,655.34,340.9,0.31563
5624,12644,37711,29.952,299.4,205.87,0.18512
5624,12593,39517,29.396,246.25,161.71,0.20725
5624,12838,38872,30.66,446.28,267.03,0.25128
5624,13657,39420,32.481,453.15,243.38,0.30117
5625,12700,39151,32.418,187.71,232.74,-0.10709
5625,14608,39364,24.632,800.45,322.68,0.42539
5626,14614,39343,19.33,445.37,414.73,0.035634
5627,12182,37773,25.032,343.9,211.74,0.23785
5629,11991,37963,23.921,709.21,511.5,0.16197
5631,11941,38210,14.739,494.08,330.57,0.19828
5631,12364,39055,20.926,649.2,326.77,0.33037
5631,13350,40121,23.151,573.72,458.35,0.11179
5631,14583,39917,34.666,381.97,116.77,0.53173
5632,11755,40319,27.801,265.11,174.03,0.2074
5632,11926,38159,13.24,457.18,454.64,0.0027873
5633,11852,39962,27.529,389.78,308.69,0.1161
5633,11894,38179,13.966,477.16,320.59,0.19626
5633,13767,40388,28.583,358.35,159.34,0.38442
5634,11781,39900,33.676,348.56,225.31,0.21477
5635,11786,39835,25.361,631.57,379.5,0.24931
5636,12666,38820,43.503,1001.3,1220.4,-0.098615
5638,14183,40273,31.167,364.79,419.71,-0.070012
5638,14523,38341,25.972,187.35,164.42,0.065181
5639,13688,39255,25.198,321.98,308.62,0.021174
5641,12919,40181,36.103,446.22,328.46,0.15202
5642,12297,37852,30.412,431.07,299.63,0.17988
5642,13037,39845,24.347,591.43,423.03,0.166
5643,12947,39488,30.617,507.77,286.03,0.27934
5643,13103,39819,33.973,560.76,373.16,0.20087
5644,14180,40160,31.088,498.1,644.91,-0.12844
5645,14108,40340,34.862,1474.5,1193.1,0.10551
5645,14652,37749,35.551,268.82,214.55,0.11226
5646,13384,40181,33.318,345.77,151.1,0.3918
5647,13195,40033,34.958,350.55,113.13,0.51202
5648,13027,39930,34.467,336.69,202.3,0.24933
5649,14294,39708,37.325,315.8,238.97,0.1385
5650,14237,39951,30.77,287.22,175.31,0.24195
5651,14171,39925,37.987,206.82,246.72,-0.087992
5651,14436,38696,33.412,280.84,261.08,0.036458
5652,13927,37816,28.261,454.6,351.45,0.12797
5653,11706,39848,40.247,577.31,1031.7,-0.28238
5653,12496,39725,33.986,427.31,320.41,0.14297
5653,13896,39619,24.927,328.89,300.78,0.044644
5653,14035,37856,32.312,631,623.09,0.0063065
5654,11824,39877,26.399,469.58,567.75,-0.094642
5654,12888,39381,23.481,717.35,469.99,0.20833
5654,13973,37692,22.8,492.88,309.73,0.22819
5655,11869,39689,19.599,521.26,315.91,0.24529
5656,13381,39683,38.002,829.05,735.48,0.059804
5656,13533,39689,38.571,817.56,668.91,0.1
5658,11746,39493,16.124,462.19,105.11,0.62943
5658,12326,38094,32.363,852.98,391.79,0.3705
5658,13539,39567,15.93,1072,366.39,0.49057
5661,14609,39008,28.625,556.85,549.29,0.006828
5662,12523,39902,27.55,986.82,494.32,0.33251
5662,13193,38495,37.544,188.87,143.38,0.13692
5664,12936,38127,33.162,597.55,280.28,0.36142
5665,12784,38006,27.046,462.42,174.89,0.45115
5667,14544,38490,27.793,796.63,577.36,0.15959
5668,14316,38354,31.519,379.66,318.72,0.087257
5669,14425,38214,32.529,208.15,247.87,-0.087093
5670,13494,38195,37.464,341.93,196.94,0.26907
5672,13328,38763,25.982,891.01,572.25,0.21784
5672,14242,40234,25.726,344.87,190.62,0.28805
5673,14142,40311,28.748,390.1,482.57,-0.10597
5674,13749,39317,25.378,252.56,174.8,0.18195
5674,13994,38447,26.062,1173.8,817.39,0.179
5674,14105,37691,29.121,509.2,483.25,0.026144
5675,12001,38766,22.423,360.46,195.92,0.29572
5675,14025,38230,25.378,1107.7,657.07,0.25534
5675,14615,39485,36.349,424.19,329.07,0.12627
5676,12621,39171,27.054,548,252.19,0.36967
5676,13988,38231,22.298,686.43,395.39,0.26904
5676,14558,39831,28.555,416.86,230.72,0.28744
5677,12628,39214,25.537,617.14,400.78,0.21255
5677,12809,38094,32,216.47,112.88,0.31454
5677,13924,38157,27.31,441.27,356.98,0.10559
5677,14418,38626,21.926,732.13,564.65,0.12915
5678,12753,39121,39.458,302.47,296.31,0.010292
5678,13007,38253,28.09,611.85,320.36,0.31269
5679,12905,39083,31.142,325.69,132.52,0.42157
5679,13056,39647,33.986,369.11,221.36,0.25022
5679,13626,40031,31.937,323.77,362.99,-0.057104
5680,13093,38196,29.257,675.36,379.32,0.28069
5681,14529,38499,25.074,188.82,164.83,0.067842
5682,13598,38428,31.638,278.47,302.31,-0.041037
5683,12240,40260,19.899,461.19,278,0.24783
5684,12224,40149,30.856,372.13,259.58,0.17817
5685,12858,37781,32.615,362.38,342.85,0.027693
5686,12604,38025,30.527,516.63,430.23,0.091251
5687,14105,37774,29.45,285.06,259.4,0.047128
5689,13673,40337,33.475,281,128.2,0.37341
5689,14151,37786,20.039,276.8,100.65,0.46667
5690,13718,39317,14.206,446.16,415.68,0.035367
5691,11929,38660,29.81,559.25,464.41,0.092644
5691,14071,37743,21.05,391.05,254.8,0.21097
5694,13121,39904,23.802,671.15,370.08,0.28915
5695,11908,40053,28.19,672.85,363.92,0.29797
5695,12974,39720,38.382,782.55,503.57,0.21691
5695,13232,39941,30.28,412.01,291.16,0.17187
5696,13382,40087,26.341,323.92,176.77,0.29391
5697,13256,39896,19.905,735.28,324.12,0.3881
5698,11877,38854,21.501,308.94,200.18,0.21362
5699,11728,38874,21.834,498.67,317.6,0.22183
5699,11869,37721,19.923,362.16,122.42,0.49474
5700,12007,39898,35.216,345.36,344.36,0.0014425
5703,13678,39137,32.303,290.4,514.27,-0.27822
5703,14396,39448,31.358,219.82,163.46,0.14705
5705,11934,40196,28.58,279.19,160.81,0.26904
5705,12170,38993,24.224,682.14,538.16,0.11799
5705,13411,37443,30.921,446.15,287.61,0.21607
5706,12315,38976,28.625,325.24,199.65,0.23927
5706,14547,38880,33.151,627.48,601.09,0.021484
5706,14624,39332,25.216,425.49,243.57,0.2719
5708,11710,39043,31.903,711.6,340.01,0.35335
5708,14647,39259,20.321,252.91,237.8,0.030774
5709,13056,38669,37.896,771.66,443.61,0.26994
5710,12816,38864,33.708,231.31,132.5,0.2716
5710,14435,39335,31.182,345.28,173.53,0.33105
5711,12211,39597,21.515,283.25,170.21,0.24928
5711,12390,38898,30.566,278.34,307.1,-0.049127
5711,14554,37982,37.295,686.86,558.68,0.10292
5711,14550,37975,34.025,756.11,623.21,0.096352
5714,12988,39359,23.685,352.35,155.09,0.38872
5715,12665,39147,33.329,403.38,289.81,0.16383
5715,13435,38391,34.682,723.01,681.8,0.029335
5715,13568,37804,26.994,423.86,365.01,0.074591
5717,11722,37622,27.271,333.33,107.89,0.51094
5717,12415,38943,29.224,633.3,404.27,0.22074
5717,13383,38447,31.997,581.75,217.34,0.45602
5718,12499,38728,30.886,361.85,242,0.19848
5726,11880,39920,28.032,474.94,309.77,0.21048
5727,11891,39919,24.576,551.55,158.82,0.55286
5727,13590,40359,26.122,394.36,219.68,0.28448
5728,11950,39723,16.947,1023.8,577.11,0.27904
5728,13447,40311,34.109,376.9,176.13,0.36305
5728,13463,37650,29.043,972.29,630.91,0.21294
5729,13416,37851,35.306,291.88,152.83,0.31267
5730,13730,39259,34.319,362.67,373.83,-0.015157
5731,13526,40124,36.86,361.35,288.19,0.11264
5731,14160,37802,23.069,243.09,146.33,0.24847
5731,14482,39171,40.368,486.44,228.64,0.36051
5732,13667,40223,28.53,304.08,204.92,0.19481
5732,14135,37708,36.047,454.72,344.29,0.13822
5733,13675,40069,28.763,508.8,518.83,-0.0097555
5734,13907,39847,25.624,571.75,298.27,0.31434
5737,14542,39739,33.738,184.32,133.25,0.1608
5738,12573,37483,34.607,352.71,177.07,0.33153
5738,13595,37580,23.306,381.35,202.28,0.30681
5738,14193,38081,37.649,393.18,312.51,0.11431
5739,12679,37748,33.746,428.65,161.68,0.45223
5739,13626,38083,34.282,535.61,739.61,-0.15997
5741,12442,38671,29.68,505.98,482.31,0.023947
5743,12313,37961,28.922,551.75,510.18,0.03914
5744,13415,38580,25.976,521.77,297.43,0.27385
5747,13595,40277,25.967,879.69,633.78,0.16248
5750,12363,38478,29.208,574.9,526.72,0.043735
5751,11860,39670,22.952,432.83,372.82,0.07449
5751,12539,38871,24.977,284,214.3,0.13989
5751,13293,39844,26.436,572.53,531.27,0.037379
5752,12318,38934,30.315,576.22,431.73,0.14335
5752,13301,39536,28.602,318.09,288.47,0.048821
5752,14185,38740,30.329,186.46,159.92,0.076648
5753,12559,39443,22.37,500.32,281.4,0.28005
5753,14003,39800,28.236,1290.2,817.79,0.22411
5754,12649,39580,22.286,338.23,235.8,0.17844
5754,13549,39599,30.157,696.11,719.04,-0.016205
5754,13704,40105,27.425,984.06,490.44,0.33477
5755,12254,38305,23.094,795.47,752.25,0.027928
5755,12518,39670,24.753,309.19,233.8,0.13883
5755,13667,40146,30.171,621.35,296.34,0.35416
5757,11834,37562,14.071,1045.1,647.26,0.2351
5757,13640,39692,30.113,625.21,361.89,0.26676
5757,14150,37774,26.99,372.92,301.56,0.1058
5758,12745,40045,23.785,702.6,394.9,0.28037
5760,12587,39993,21.35,1240.6,1012.2,0.10139
5760,12770,40002,27.992,1025.9,984.83,0.02044
5761,12585,40015,25.751,687.84,390.83,0.27535
5761,13186,40239,30.844,548.89,460.87,0.087172
5763,12985,40268,28.939,302.71,143.5,0.3568
5765,13635,40270,23.713,444.57,302.58,0.19004
5769,13642,38394,27.047,310.58,124.36,0.42814
5770,13658,38488,26.091,475.75,464.22,0.012258
5772,13980,39524,34.96,370.34,242.88,0.20785
5773,14037,39587,32.024,261.64,174.17,0.20072
5776,14022,39675,35.821,546.82,273.55,0.3331
5777,14041,39835,37.84,299.7,315.23,-0.025253
5778,11965,40129,26.854,1064,721.51,0.19182
5779,11695,37976,28.363,578.07,334.15,0.2674
5780,11777,38005,32.545,792.75,528.32,0.20016
5780,12457,40082,21.448,602.66,284.67,0.35837
5781,12261,40101,16.875,1134.6,989.23,0.068466
5784,14020,37690,28.867,392.53,403.28,-0.013507
5785,13994,37889,28.406,414.44,139.08,0.49747
5786,11740,38992,31.376,926.01,527.77,0.27393
5786,13852,37769,38.022,393.89,256.45,0.21134
5789,14163,40198,25.569,296.36,231.85,0.12212
5790,12752,39586,34.437,490.33,202.9,0.41463
5790,14194,40303,32.014,398.02,213.3,0.30217
5791,14269,40364,27.009,345.93,184.3,0.30483
5792,13864,40182,32.782,429.33,398.43,0.037339
5796,14283,38515,22.925,393.01,377.15,0.020602
5797,14117,37705,18.513,278.28,176.3,0.22435
5798,14447,37828,34.887,337.03,294.56,0.067255
5799,13268,40034,28.293,231.86,125.76,0.29669
5799,14298,37906,35.321,255.23,172.61,0.19311
5800,11714,40066,28.297,774.41,558.3,0.16216
5800,12011,39013,36.523,203.84,132.99,0.21033
5800,14077,37756,34.756,415.07,212.64,0.32248
5801,14145,37519,36.665,354.64,105.06,0.54292
5802,13092,39595,34.478,214.41,207.53,0.0163
5803,14485,37547,42.312,710.91,332.74,0.36235
5805,12705,37922,29.944,534.65,291.94,0.29363
5806,13575,39377,37.417,665.24,895.62,-0.1476
5806,14633,40370,37.019,324.9,333.24,-0.012676
5807,13573,39423,35.798,430.84,178.24,0.41472
5811,12013,37531,32.063,303.85,206.48,0.19079
5813,12941,39062,39.598,356.67,521.01,-0.18724
5815,12212,40091,36.182,511.14,481.35,0.030008
5815,13766,40025,36.031,190.15,113.54,0.25226
5816,13860,40137,29.454,308.52,196.47,0.22188
5818,14618,40375,32.635,226.28,114.07,0.32971
5820,14036,39977,33.088,579.18,476.74,0.097015
5820,14154,39559,36.904,341.35,219.75,0.21671
5821,13885,39075,24.806,1012.9,658.85,0.21177
5822,14599,37933,33.511,210.67,122.45,0.26484
5824,13706,40324,35.27,480.33,469.86,0.011019
5826,13499,40381,33.625,608.18,496.99,0.10061
5826,13760,39722,30.477,403.94,251.52,0.23254
5828,13821,39958,36.131,373.34,412.25,-0.049523
5830,12570,37539,20.876,609.94,187.33,0.53008
5831,12229,38951,25.669,632.83,431.63,0.18902
5833,13599,39574,28.046,449.18,206.66,0.36978
5834,13536,39557,35.206,304.01,289.72,0.024068
5835,13418,39726,33.183,339.4,419.31,-0.10533
5837,12178,37667,33.598,419.11,282.03,0.19552
5837,12918,37799,34.662,246.06,105.49,0.39988
5837,12941,40156,27.13,537.14,560.66,-0.021419
5837,14619,37465,35.092,444.98,305.83,0.18533
5838,13125,37844,31.768,435.58,418.59,0.019893
5838,14174,38701,25.952,441.75,379.74,0.075484
5839,13357,40173,19.902,652.08,359.08,0.28977
5841,12370,37959,18.693,588.81,259.09,0.38887
5841,13851,38555,26.225,363.29,241.15,0.20207
5843,13610,38332,26.737,385.74,170.32,0.38741
5844,12954,38738,33.206,524.34,352.43,0.19608
5844,14402,38727,28.99,465.81,448.04,0.019454
5844,14550,40290,32.717,371.52,232.35,0.23047
5845,12100,37801,30.637,362.88,127.73,0.47929
5846,13663,39797,34.003,248.63,201.59,0.1045
5846,14359,38529,33.65,283.38,284.22,-0.0014757
5847,13131,38180,30.136,1054.6,693.13,0.20683
5848,11718,40380,35.617,240.52,277.3,-0.07102
5848,13251,38187,21.079,953.67,741.77,0.12498
5850,13667,38215,24.208,516.04,361.17,0.17655
5851,12560,40048,25.377,757.71,456.05,0.24853
5851,13538,38196,33.994,473.63,325.39,0.18553
5852,11954,39833,27.407,530.62,268.45,0.32808
5852,12904,37557,32.728,383,284.4,0.14774
5852,12985,40206,20.142,268.93,126,0.3619
5852,13465,38328,30.005,331.05,212.37,0.2184
5854,12086,40084,22.186,499.21,477.11,0.022632
5854,12191,38923,25.5,810.66,606.44,0.14411
5854,13279,40382,29.759,313.52,430.72,-0.15747
5854,13395,38478,31.26,355.33,172.72,0.34582
5855,11763,38284,39.156,406.76,304.62,0.14358
5855,11873,39868,35.028,677.98,488.26,0.16268
5855,14624,38816,32.894,272.76,136.34,0.33346
5856,12270,38736,28.689,807.36,901.53,-0.055109
5856,14492,38673,34.184,267.43,199.44,0.14562
5857,11813,39477,30.868,817.65,364.2,0.38368
5857,12609,38793,20.327,593.93,323.45,0.29483
5858,11757,39604,23.743,527.32,255.94,0.34648
5858,12441,38655,39.543,1014,707.21,0.17823
5858,14645,39327,20.929,363,158.62,0.39183
5859,12573,38727,23.078,1307.3,912.57,0.17783
5860,12772,38913,27.551,652.68,562.16,0.074511
5860,14424,38729,33.976,624.14,500.98,0.10946
5861,12313,39813,28.958,518.96,352.7,0.19074
5861,12743,37584,31.178,405.85,649.94,-0.2312
5861,12644,38896,32.315,641.53,621.69,0.015704
5863,13151,37903,36.32,343.48,277.2,0.10679
5863,14145,38635,34.208,297.58,201.73,0.19197
5864,12646,39566,36.214,455.57,420.55,0.039965
5864,12850,37871,29.53,600.96,692.61,-0.070847
5864,14598,38467,29.348,394.84,312.66,0.11616
5868,12936,39192,31.076,506.86,237.82,0.36127
5869,12871,39037,21.822,620.72,531.73,0.077218
5869,13141,40292,35.732,275.91,249.49,0.050277
5870,12583,37409,33.5,454.82,347.26,0.13411
5870,12708,38857,36.951,461.08,524.68,-0.064518
5871,12572,37395,37.66,470.57,349.3,0.14791
5871,13531,38104,32.515,466.48,245.67,0.31005
5872,12722,37482,25.132,513.37,217.11,0.40556
5872,13386,38060,28.079,393.46,325.75,0.094142
5875,14261,38601,31.002,714.35,451.18,0.22579
5876,14236,38421,34.204,510.21,235.44,0.3685
5878,12359,37662,28.721,293.59,294.36,-0.0013179
5879,12353,37934,33.299,294.43,172.61,0.26083
5880,11953,39354,20.306,600.47,503.23,0.08811
5880,14250,38205,29.852,573.63,360.43,0.22826
5881,14273,38007,33.853,496.86,467.27,0.030693
5883,12900,38312,28.612,834.5,840.87,-0.0038005
5883,14590,37881,22.384,663.67,402.68,0.24474
5885,14652,39367,25.479,334.82,312,0.035283
5886,12619,39988,20.153,794.4,437.67,0.28954
5886,14636,39318,22.449,787.74,298.55,0.45033
5889,14214,37782,32.856,350.15,385.14,-0.047596
5890,14105,37879,35.729,389.43,501.63,-0.12592
5891,13492,37989,39.394,625.93,279.94,0.38194
5893,12172,40062,31.229,1097.8,589.38,0.30134
5894,13403,38567,26.163,595.41,507.69,0.079517
5894,14270,38926,37.288,245.13,105.12,0.39974
5895,13159,37931,23.552,721.03,643.17,0.057072
5898,12212,38921,29.735,678.92,344.35,0.32696
5898,13134,38151,33.354,564.24,551.65,0.011276
5898,14287,38405,26.322,723.95,430.9,0.25376
5899,12370,39103,32.359,693.67,648.72,0.033484
5899,13972,37776,21.82,972.3,1549.7,-0.22894
5900,12679,39377,37.5,210.71,220.1,-0.021801
5900,13110,38207,27.799,383.66,278.18,0.15937
5900,14520,39957,28.096,593.39,328.45,0.28741
5901,12610,39533,24.995,220.03,143.32,0.21113
5901,13423,37494,25.382,449.9,190.32,0.40545
5902,13493,37618,27.754,404.79,239.4,0.25675
5902,13828,37758,31.389,435.97,291.37,0.19881
5903,14207,38868,24.879,427.11,360.41,0.084693
5904,13435,38812,31.94,198.13,150.27,0.13736
5904,14112,38819,18.944,446.78,251.21,0.28018
5904,13980,39688,33.936,261.74,292.82,-0.056043
5905,13210,38711,36.368,351.19,345.02,0.0088721
5905,13832,39509,32.856,291.97,271.09,0.037087
5906,14009,39115,37.928,428.79,224.77,0.31215
5907,14082,39306,33.413,505.82,537.71,-0.030551
5910,14599,39411,30.748,1058.1,628.18,0.25497
5911,12053,38114,21.196,596.35,367.6,0.2373
5911,14616,39571,25.245,696.93,418.85,0.24923
5912,11720,38127,33.822,1016.4,894.06,0.064063
5912,13280,39340,27.52,470.63,255.56,0.29616
5913,14639,39351,23.119,612.46,406.75,0.20183
5916,13234,39993,26.415,633.23,305.53,0.34908
5916,14545,37860,39.404,240.8,145,0.24831
5917,13484,38528,39.691,137.43,334.73,-0.41785
5917,13315,39947,28.685,587.88,508,0.072896
5918,13635,39017,30.117,190.82,114.13,0.25146
5920,12858,39111,24.832,397.24,320.53,0.10688
5920,13483,39121,29.546,490.2,376.33,0.13141
5921,12010,39068,24.716,492.35,428.65,0.069164
5921,12954,38929,25.977,737.29,390.66,0.30731
5922,12266,38942,25.772,445.61,211.29,0.35671
5925,12162,39393,23.031,409.81,202.75,0.33803
5926,12151,39304,29.598,733.11,622.41,0.081665
5926,12686,38225,34.515,566.24,465.47,0.097671
5926,13281,37473,35.616,857.46,419.98,0.34246
5927,12357,38961,23.411,476.28,344.22,0.16094
5927,14376,39838,26.243,392.06,517.37,-0.13779
5928,13139,39789,27.784,625.98,424.64,0.19164
5929,12049,38326,30.195,255.32,133.43,0.31356
5929,12568,37514,32.886,431.03,329.81,0.13304
5929,13396,38104,27.527,542.38,275.1,0.32695
5931,12124,40132,22.369,683.66,412.43,0.24745
5931,13736,37618,21.611,894.91,418.93,0.36228
5932,14287,39248,26.913,395.31,163.23,0.41553
5933,12233,39639,31.498,733.26,199.85,0.57164
5933,12261,40332,19.093,560.33,499.43,0.057462
5933,13584,37885,25.263,669.31,391.61,0.26175
5933,13705,39294,34.632,666.85,696.73,-0.021912
5933,14378,39218,18.974,738.56,670.59,0.048235
5934,13716,39307,18.707,724.05,549.85,0.13674
5934,13764,38065,34.43,1072.6,689.48,0.2174
5935,13278,37648,31.972,574.11,259.8,0.37691
5936,12896,37701,32.004,467.35,315.64,0.19375
5936,14396,39879,35.921,289.96,169.16,0.26311
5937,12136,39665,23.376,509.56,132.37,0.58759
5937,12114,40203,31.563,596.42,327.95,0.29044
5937,13411,39383,21.052,385.82,231.74,0.24951
5938,11690,37563,35.227,380.11,456.62,-0.091436
5938,13408,39202,31.623,354.7,152.82,0.39777
5939,11793,40231,32.493,658.98,310.83,0.35898
5939,12232,40226,31.296,384.35,180.29,0.36139
5939,12639,37793,27.081,1027.1,770.43,0.14278
5939,13436,39007,24.012,275.47,158.22,0.27034
5940,12751,39561,33.959,391.18,351.76,0.053052
5940,12804,37404,33.379,445.66,255.73,0.27079
5941,12620,37744,26.449,357.63,246.82,0.18332
5941,13661,40263,17.302,597.48,323.04,0.29814
5942,12289,39610,26.377,319.29,235.85,0.15031
5942,12789,40243,20.366,675.76,302.45,0.38163
5943,12191,39389,26.581,490.64,357.45,0.15705
5943,12950,40192,32.788,939.48,781.43,0.091839
5946,12709,37788,35.443,494.12,301.98,0.24135
5946,13562,38125,11.813,861.54,112.07,0.76979
5946,13905,37955,42.908,1331.5,605.79,0.37459
5947,12720,37926,32.914,326.06,187.4,0.27005
5948,12206,40343,32.206,372.87,297.02,0.11323
5949,12391,40346,19.791,791.91,478.17,0.24703
5951,13728,39257,27.683,381.38,188.01,0.3396
5951,14042,37693,31.779,146.46,164.18,-0.057049
5952,13457,38106,5.4251,1284.4,122.45,0.82591
5954,14401,40163,29.889,474.16,354.93,0.14381
5955,14600,40172,29.291,248.79,211.13,0.081879
5957,14665,39404,20.808,596.33,552.94,0.037757
5958,11675,38439,20.608,573.38,249.98,0.39278
5959,13392,40379,18.363,466.51,155.45,0.50013
5959,13950,39978,29.517,537.31,364.15,0.19209
5960,14000,39901,38.02,315.75,187.91,0.25382
5962,13176,39652,32.084,365.6,260.73,0.16744
5963,11786,38744,22.004,603.98,420.8,0.17876
5963,12098,39403,28.202,353.77,308.57,0.068241
5964,11828,37941,29.714,473.71,290.83,0.2392
5965,11854,37992,25.354,737.92,582.54,0.11767
5966,13338,38152,6.7046,961.48,100.94,0.80998
5967,12913,38665,36.995,755.67,443.98,0.25982
5967,14003,38949,37.294,446.52,151.83,0.4925
5968,13205,37994,7.8531,983.46,163.5,0.71489
5968,13941,38864,31.516,704.66,407.43,0.26727
5969,13986,38686,32.758,342.62,347.69,-0.0073473
5970,12388,39586,34.588,502.45,123.73,0.60481
5970,14346,38623,29.468,449.4,300.5,0.19856
5971,12477,39604,27.678,371.73,200.89,0.29835
5971,13264,37854,30.647,367.28,401.04,-0.043944
5971,14579,37741,33.963,373.55,239.24,0.21918
5973,12513,39350,19.938,1089.7,736.9,0.19317
5974,12304,39569,32.199,341.74,330.08,0.017357
5975,12449,38107,33.487,341.33,116.93,0.4897
5975,13536,38395,28.446,641.42,474.61,0.14947
5977,11781,38191,27.711,389.59,187.1,0.35113
5978,13215,38670,33.117,289.03,158.94,0.2904
5979,14647,39407,20.979,854.55,354.41,0.4137
5980,12344,38752,29.495,293.5,183.01,0.23187
5982,13177,37997,10.954,831.65,205.42,0.60385
5983,13154,37968,24.308,370,320.13,0.072251
5985,11727,40332,34.761,535.44,436.72,0.10154
5986,11840,40212,37.147,734.66,724.89,0.0066909
5987,14197,39791,32.457,377.08,216.32,0.27093
5988,11952,38743,25.691,419.75,209.85,0.33339
5988,12838,40012,29.313,643.88,706.86,-0.046625
5988,14339,40034,28.83,235.29,188.33,0.11086
5989,12806,40125,27.377,925.98,579.44,0.23019
5990,12630,40322,19.566,307.58,195.47,0.22288
5990,14087,39487,37.099,322.31,163.04,0.32815
5991,12305,38835,24.817,422.83,400.29,0.027387
5993,11956,38831,22.248,532.04,349.32,0.20732
5993,14176,39830,30.324,241.3,220.81,0.044338
5994,14639,39473,24.141,452.39,224.84,0.336
5995,12217,39006,14.068,1445.8,907.82,0.22859
5996,11845,39687,19.012,478.33,326.16,0.18914
5996,12268,38703,35.07,244.86,209.99,0.076674
5996,13665,39690,22.968,698.82,602.06,0.074381
5996,13671,39905,28.096,512.41,418.5,0.10088
5997,11749,39587,27.877,422.03,159.18,0.45225
5997,12010,38732,22.481,376.67,235.09,0.23143
5997,13571,40132,19.364,1106.5,762.74,0.1839
5998,12204,39095,24.454,583.38,414.73,0.16896
5998,13511,39960,36.31,436.15,209.46,0.35113
5999,11945,38379,30.962,867.35,576.14,0.20174
5999,12269,39114,37.171,306.23,298.34,0.013055
5999,12772,37657,34.976,370.63,335.12,0.050312
6001,12288,38681,36.702,312.73,228.53,0.15556
6003,11949,38969,33.371,497.9,283.39,0.27456
6004,12810,40187,21.192,278.66,196.45,0.17304
6005,14571,39447,21.114,697.6,476.73,0.18808
6009,13021,39096,36.597,320.67,262.96,0.098878
6010,14016,39540,32.833,705.38,261.22,0.45951
6011,14109,39711,30.807,705.28,159.55,0.63102
6013,13286,39345,32.586,391.65,562.5,-0.17906
6013,14138,37715,27.245,562.78,214.99,0.44717
6014,13331,37714,31.303,461.67,413.13,0.055486
6014,13356,39328,23.966,288.81,291.79,-0.0051337
6015,11997,37859,24.41,318.94,194.03,0.24351
6015,14453,37398,30.262,431.28,195.16,0.37691
6016,11723,40209,29.225,396.49,271.58,0.18697
6016,14602,38384,24.523,538.18,440.01,0.10035
6019,13397,40304,29.965,563.68,226.85,0.42608
6019,14457,38519,31.617,550.41,391.1,0.1692
6020,12661,39570,29.076,390.16,337.42,0.072479
6020,14388,37494,24.125,346.55,377.07,-0.042171
6021,13638,39687,27.005,488.96,280.12,0.27155
6022,11732,39210,29.577,278.12,302.09,-0.041307
6023,12666,39305,21.406,441.83,288.08,0.21064
6023,13028,37737,33.901,285.24,313.89,-0.047818
6023,13825,37491,30.488,234.01,161.06,0.18465
6024,12575,39145,28.306,495.03,268.13,0.29732
6024,13717,39287,18.06,651.86,568.69,0.068135
6024,14122,37757,35.636,346.32,182.54,0.30969
6024,14657,39336,18.698,704.97,543.29,0.12953
6025,13710,39316,20.753,471.37,498.71,-0.028184
6026,13239,39737,25.239,1032.9,454.33,0.38903
6026,14027,37677,19.386,402.75,372.14,0.039509
6027,13348,39749,17.779,826.28,713.21,0.073449
6027,13859,39516,27.755,438.39,379.85,0.071543
6028,12567,39075,27.836,639.94,269.84,0.4068
6028,13027,39842,24.331,519.85,330.74,0.22233
6028,14079,39706,31.087,482.78,378.73,0.12077
6029,12518,40386,22.051,527.58,375.26,0.16872
6029,14116,39675,31.827,551.66,448.2,0.10348
6030,12373,38868,24.836,401.25,156.49,0.43885
6030,14444,39768,24.216,796.56,674.81,0.082747
6031,12833,39186,35.471,320.91,125.72,0.43703
6032,13882,39712,26.376,703.42,539.23,0.13212
6033,13903,39730,30.895,317.99,369.47,-0.074889
6034,13749,39991,35.501,462.65,174.39,0.45249
6036,14231,38187,35.144,377.31,230.72,0.24109
6036,14620,39344,23.438,415.36,194.18,0.36286
6037,13021,40193,25.759,270.41,156.79,0.26597
6037,14353,38199,28.667,292.24,220.37,0.14021
6038,13100,40253,27.992,270.89,129.9,0.35177
6039,14023,37769,36.899,370.72,320.12,0.073239
6039,14429,39442,35.903,168.12,157.82,0.03161
6040,12353,39883,24.142,547.21,395.23,0.16126
6041,12122,38559,26.073,881.26,791.75,0.053504
6041,12213,38783,30.285,713.92,587.41,0.097217
6041,12207,39889,16.56,496.25,1049.1,-0.35775
6041,14071,39324,30.935,486.58,332.23,0.18851
6042,14192,39382,36.606,373.14,272.86,0.15523
6043,12140,38567,28.253,873.07,482.43,0.28819
6043,12240,39824,23.545,416.86,479.97,-0.070368
6044,12356,38641,34.073,453.29,276.24,0.24269
6044,12402,40066,23.584,697.32,206.35,0.54331
6045,13432,39185,30.397,323.12,190.73,0.25764
6045,14083,39238,35.531,239.28,244.98,-0.011775
6047,13625,38243,29.712,232.87,154.35,0.20278
6047,13967,39185,28.119,455.88,347.83,0.13444
6050,13590,38495,26.923,344.79,199.52,0.2669
6050,14532,39150,31.551,353.11,316.57,0.054563
6051,13083,40351,20.838,659.51,231.62,0.48017
6051,14603,39264,26.345,387.41,438.95,-0.062373
6052,12914,40282,14.439,929.8,120.36,0.77078
6053,14634,39302,14.951,760.47,420.71,0.28764
6054,11952,37766,26.185,593.02,512.68,0.072662
6054,14587,39287,22.573,460.12,307.65,0.19859
6060,12998,37746,32.013,227.4,225.4,0.0044204
6061,12459,39087,36.276,550.54,250.59,0.37441
6062,12139,39210,36.235,367.44,220.23,0.2505
6062,14294,38426,26.307,682.45,345.12,0.32827
6062,14627,39317,24.139,506,346.31,0.18736
6066,12569,40099,29.821,843.82,742.46,0.063899
6067,12538,39982,16.615,485.88,414.65,0.079094
6068,11766,37580,24.076,439.77,390.98,0.05873
6068,12633,39962,25.064,677.52,518.59,0.13288
6069,11722,39792,34.552,391.53,288.69,0.15119
6069,14047,40224,26.081,348.29,413.31,-0.085377
6070,11866,37680,31.536,395.71,286.82,0.15953
6070,12754,39544,33.345,493.61,416.86,0.084293
6071,11733,39054,31.837,202.67,120.91,0.25268
6071,12398,40328,25.227,844.52,456.04,0.2987
6071,12705,39363,31.869,262.9,141.49,0.30023
6072,12554,40143,23.589,472.79,277.32,0.26058
6072,12776,39375,28.095,311.55,112.89,0.46806
6073,12586,40087,18.991,505.77,289.25,0.27234
6073,12880,39576,32.904,620.09,446.18,0.1631
6074,13165,39322,30.128,537.21,383.26,0.16726
6074,14449,39743,31.909,298.73,383.53,-0.12429
6078,14601,39119,28.617,345.37,128.32,0.4582
6080,14522,38868,33.161,311.42,148.14,0.3553
6082,13476,38691,27.867,348.09,204.22,0.26048
6083,12563,39695,20.202,574.42,352.84,0.23897
6083,13280,38670,32.652,232.38,105.32,0.37625
6083,14154,39146,32.879,255.72,185.56,0.159
6084,12901,38577,25.393,804.54,340.68,0.40504
6085,13338,38474,38.089,357.3,241.59,0.19322
6085,14196,38949,29.715,408.81,228.58,0.28277
6086,13241,38426,34.942,216.75,152.86,0.17285
6087,14617,39269,33.031,599.33,754.48,-0.1146
6088,13659,38638,34.063,418.49,296.77,0.17019
6090,13351,39180,33.262,235.57,193.62,0.097736
6092,12287,39999,33.688,636.73,389.08,0.24142
6093,12295,40295,32.213,465.07,434.24,0.034275
6093,13924,39142,34.078,339.03,227.41,0.19706
6094,12306,40350,26.628,525.32,539.64,-0.013451
6098,13927,40055,26.62,402.61,245.71,0.24201
6098,14549,38126,24.933,460.67,137.57,0.54009
6099,12127,37640,32.54,515.52,296.85,0.26918
6100,12039,37470,34.64,188.89,297.72,-0.22365
6102,12054,37463,35.322,422.95,298.55,0.17241
6103,12302,40350,23.425,564.32,328.37,0.26431
6104,11805,37399,32.459,618.11,184.53,0.54019
6115,12597,39813,27.813,260.02,157.18,0.24651
6116,12034,37700,20.309,534.17,335.45,0.22852
6116,12733,40083,27.352,902.96,376.73,0.41122
6117,12338,37739,36.963,420.47,438.24,-0.020689
6117,13034,37475,26.57,486.34,323.43,0.20117
6120,12625,39016,33.496,468.68,254.4,0.29634
6121,12578,39105,33.712,385.72,336.57,0.068052
6121,12772,37427,35.447,746.64,711.17,0.024334
6121,13358,37478,34.171,409.57,229.91,0.28096
6122,12385,38983,28.07,339.62,234.06,0.184
6122,12997,37571,29.981,396.03,355.79,0.053531
6123,13209,37583,27.103,310.33,120.33,0.4412
6123,13855,38746,28.872,412.68,420.78,-0.009717
6124,12086,39871,22.761,473.72,214.86,0.37593
6124,13416,37574,29.478,355.21,263.15,0.14888
6126,12733,38661,33.237,147.17,178.81,-0.097072
6126,13148,39825,32.237,938.53,669.98,0.16695
6127,11715,39743,33.71,1753.3,915.13,0.31411
6127,12705,38730,25.629,249.76,234.35,0.031842
6127,13088,39897,29.461,1340.1,1295.8,0.016808
6128,13005,39886,33.799,275.45,224.13,0.10273
6128,13536,39775,28.816,316.86,144.54,0.37346
6130,13097,39676,19.857,559.01,426.21,0.1348
6132,13125,39825,29.327,1041.7,781.15,0.14291
6133,12364,38579,38.706,147.43,155.63,-0.027062
6134,12963,40117,30.989,223.02,238.66,-0.033885
6135,13083,40031,32.858,375.41,328.2,0.067097
6135,14007,40204,30.454,421.03,303.28,0.16257
6136,12079,39250,31.167,438.07,387.2,0.061642
6136,12243,37551,35.94,415.1,254.22,0.24036
6136,13063,39848,28.277,566.37,577.29,-0.0095501
6136,14282,40072,29.912,426.66,205.24,0.35042
6137,11863,37577,20.38,693.64,629.16,0.048748
6137,14546,40356,22.479,836.95,808.9,0.017046
6138,11832,37498,17.654,905.3,633.3,0.17679
6138,11876,38973,34.209,398.25,178.27,0.38156
6139,12136,39418,23.065,626.65,496.1,0.11628
6139,13000,39482,28.469,469.7,249.6,0.30599
6140,12233,39600,16.187,535.21,289.21,0.29839
6140,13227,39592,28.476,355.65,335.58,0.029042
6140,13321,38356,31.181,641.98,293.48,0.37253
6140,13560,37896,33.674,235.86,120.53,0.32359
6141,11829,37534,20.954,587.62,321.46,0.29278
6141,12182,39516,25.385,658.63,618.57,0.031361
6141,13056,37849,31.795,290,238.02,0.098441
6141,13079,39388,23.743,333.19,212.75,0.22061
6141,14644,39230,37.561,599.76,478.25,0.11272
6142,12249,39435,21.471,796.77,545.87,0.18687
6143,12506,39137,32.232,315.54,258.16,0.10001
6146,13813,38402,23.968,414.29,241.56,0.26337
6147,13738,38988,25.304,280.98,192.66,0.18647
6148,14352,38143,25.034,673.39,157.91,0.62009
6149,12314,39179,32.687,508.65,707.61,-0.16359
6149,13498,39231,22.38,970.23,627.93,0.21418
6150,13435,38443,30.273,377.59,277.81,0.15225
6151,12998,39430,33.967,241.23,300.8,-0.1099
6152,12668,38260,38.483,552.01,715.53,-0.12901
6153,13473,38059,22.229,567.73,526.53,0.037653
6154,13332,37746,36.651,611.2,268.46,0.38962
6155,14450,37574,35.619,240.75,143.08,0.25446
6156,13182,37865,39.306,554.23,510.13,0.041434
6156,13329,39520,24.864,950.32,356.8,0.45406
6156,13616,40309,25.541,483.25,298.14,0.2369
6157,13243,38810,29.937,463.61,166.66,0.47116
6157,13458,39470,29.392,1311.9,1055.4,0.10837
6157,14465,39215,25.441,430.53,178.33,0.41421
6158,13138,39362,30.146,863.33,842.65,0.01212
6160,13410,39283,23.129,956.09,612.64,0.21894
6160,14106,39196,31.849,514.97,522.34,-0.0071066
6161,13572,39166,31.975,499.67,392.41,0.12023
6162,12296,39986,17.712,789.01,513.65,0.21138
6162,14204,39267,24.1,500.37,636.38,-0.11965
6165,12917,38369,30.821,342.87,262.81,0.13219
6165,14334,39476,21.113,624.94,561.09,0.053832
6166,12897,38076,27.651,361.57,105.37,0.54868
6166,14435,39395,26.394,730.26,278.42,0.44794
6166,14550,37603,24.332,1004.5,761.84,0.13737
6167,14541,37572,18.912,1242.4,996.95,0.10961
6168,12524,39241,30.327,328.38,406.84,-0.10672
6169,13730,39383,40.779,140.46,168.97,-0.09215
6170,14318,38357,28.757,433.37,189.91,0.39061
6173,14538,38255,36.033,231.75,154.89,0.19877
6174,14117,37887,27.181,356.4,166.44,0.36332
6176,11848,38895,21.931,1130.6,862.66,0.13442
6177,12519,38102,35.609,488.58,189.52,0.44102
6178,14563,38006,34.098,266.02,521.84,-0.3247
6179,12593,39026,19.927,442.04,164,0.45878
6180,12563,39053,31.946,942.34,316.29,0.49741
6183,13502,37889,17.031,633.67,955,-0.20226
6185,13180,37814,37.166,378.03,395,-0.021957
6185,13699,40025,32.325,269.7,106.57,0.43356
6186,12592,39016,28.537,697.9,494.44,0.17064
6186,13564,37840,39.761,465.5,208.18,0.38197
6186,13814,40368,29.694,432.6,296.1,0.18731
6186,14662,39297,18.655,459.98,390.68,0.081466
6187,13548,37860,30.536,309.75,162.98,0.31048
6187,14200,38383,37.732,693.7,370.49,0.30372
6188,12749,37626,33.691,627.09,390.51,0.23249
6188,13284,37939,32.476,260.82,114.58,0.38955
6188,13337,40217,33.225,674.74,546.16,0.10531
6189,11751,38096,28.399,279.95,121.23,0.39564
6191,13851,39893,35.048,244.71,198.98,0.10308
6192,12581,40221,21.576,466.24,317.87,0.18922
6192,14112,38653,29.754,444.47,314.91,0.17061
6193,12797,39046,38.6,424.66,240.13,0.27758
6193,14213,38731,33.55,586.39,438.55,0.14425
6194,12266,40091,30.427,969.22,643.85,0.2017
6195,12466,40153,22.178,403.08,279.22,0.18153
6198,11901,39160,36.718,440.99,730.03,-0.24683
6201,13870,38330,31.473,229.38,108.22,0.35886
6203,12581,39313,18.433,354.35,326.77,0.040488
6205,12189,37984,33.11,318.73,213.22,0.19834
6205,14574,39780,29.04,281.56,138.12,0.34179
6206,14617,39919,28.291,636.42,457.93,0.1631
6207,13295,38247,34.076,599.51,423.65,0.17188
6208,12769,38227,30.777,1011.8,527.91,0.31427
6208,13154,37879,34.261,902.42,602.65,0.19917
6209,12477,39058,21.959,970.82,565.13,0.26413
6209,12860,37915,25.088,709.95,414.77,0.26244
6210,13633,37996,35.546,417.12,217.86,0.31381
6210,13511,40304,37.706,658.54,448.87,0.18934
6210,14470,39287,28.687,406.82,260.45,0.21936
6211,13739,40184,29.779,240.61,184.61,0.1317
6212,13625,40031,33.098,412.31,344.29,0.089903
6213,12401,37568,21.985,470.01,168.35,0.47256
6214,14534,38671,37.073,402.49,201.93,0.33182
6217,12752,39868,17.503,634.47,258.44,0.42113
6219,12811,39752,31.68,338.61,179.92,0.30604
6220,12944,39834,25.972,396.59,189.2,0.35404
6221,14039,38429,23.868,728.44,470.4,0.21524
6222,14175,38473,16.811,787.86,301.35,0.44667
6223,13926,39829,30.143,387.33,286.9,0.14897
6223,14358,38321,23.507,691.04,539.26,0.12337
6224,14594,38265,30.391,373.02,280.75,0.14113
6228,11746,37942,24.588,655.18,612.51,0.033659
6228,11828,40268,11.559,655.01,135.41,0.65736
6229,11863,40295,12.011,612.48,208.3,0.49243
6230,11705,40220,14.732,556.78,161.83,0.54959
6230,12177,38229,19.257,265.6,111,0.4105
6230,13332,39678,29.976,345.72,167.65,0.34687
6231,12970,40072,29.156,545.2,275.91,0.32796
6231,13418,40177,21.22,702.42,208.98,0.54141
6232,13247,40113,22.033,574.57,467.94,0.10228
6233,11882,40031,19.047,730.53,313.87,0.39895
6233,13369,39923,27.235,569.77,391.11,0.18593
6234,11980,39874,16.222,768.3,205.54,0.57788
6234,13131,40150,31.368,389.98,334.87,0.07602
6235,11914,39735,11.502,605.64,237.77,0.43617
6235,13034,37701,22.435,577.52,367.73,0.22195
6235,14466,39389,20.427,532.64,374.36,0.17451
6236,11785,39699,12.684,601.53,161.35,0.57699
6236,13615,38644,27.482,603.04,390.66,0.21373
6236,14591,39400,25.524,341.62,211.08,0.23619
6237,11711,39824,14.05,853.12,295.6,0.48535
6237,12277,39389,21.514,541.3,443.27,0.099569
6237,14155,37930,36.465,547.31,253.62,0.36669
6238,11761,39963,18.927,498.8,212.88,0.40175
6238,12789,40199,36.871,571.28,279.03,0.3437
6238,13959,38001,31.52,481.68,295.31,0.23985
6238,14621,39272,25.715,535.89,689.57,-0.1254
6239,12509,40130,24.881,623.63,489.41,0.12059
6239,13159,39959,30.584,364.11,140.24,0.44388
6242,11926,37598,26.624,714.62,493.01,0.18351
6242,12121,39907,34.52,399.47,369.07,0.039551
6245,11860,37622,21.408,1058.9,549.55,0.31668
6248,11937,37461,24.634,1034.3,722.17,0.1777
6248,12698,38214,32.695,615.99,574.89,0.034517
6249,12886,38196,36.075,592.63,403.82,0.18949
6251,12272,37851,23.812,346.5,298.62,0.074211
6251,12289,37812,23.357,578.23,517.57,0.055359
6251,14649,39328,24.709,547.7,373.57,0.18901
6252,14632,39319,24.376,657.67,432.82,0.2062
6253,14603,39301,20.796,323.26,122.12,0.45159
6254,11811,39692,32.23,326.73,224.19,0.18613
6254,14600,39324,15.532,705.22,351.77,0.33439
6255,11886,39659,14.132,539.83,383.74,0.169
6256,11865,39633,15.58,356.97,201.44,0.27852
6257,11813,39655,18.898,348.76,192.62,0.28841
6257,12284,40317,23.065,375.59,239.74,0.22078
6258,14509,37757,28.742,704.6,403.07,0.27222
6260,14147,38665,30.731,500.86,362.19,0.16068
6261,14253,38970,30.693,346.84,542.37,-0.21989
6263,11782,37714,37.082,364.29,268.52,0.15134
6267,11897,37801,31.143,336.15,187.61,0.28361
6268,12099,37680,27.003,288.78,194.07,0.19614
6271,11864,37688,33.319,319.22,284.26,0.057916
6273,12864,39052,31.158,385.25,422.1,-0.04565
6273,13930,38385,35.026,547.92,386.89,0.17226
6274,13805,38617,22.722,348.31,280.39,0.10802
6275,12676,37447,28.51,604.11,425.79,0.17314
6278,12599,37558,28.278,500.57,180.64,0.46965
6279,13250,38482,26.79,291.41,257.09,0.062576
6279,13995,38254,29.97,160.89,191.81,-0.087661
6280,12475,37735,35.531,453.66,212.38,0.36227
6280,13394,40046,35.844,263.74,108.94,0.41537
6280,13523,37617,34.432,557.47,293.91,0.30956
6280,14033,38331,37.331,283,286.4,-0.0059739
6281,13042,39582,36.711,345.84,178.89,0.31817
6281,13280,37676,27.753,800.88,206.98,0.58927
6283,11855,39307,32.137,436.75,579.22,-0.14023
6283,13291,38538,21.545,618.37,393.46,0.22228
6284,11919,39139,20.125,589.67,462.11,0.12128
6285,12871,38935,37.271,839.38,663.45,0.11707
6285,13039,39016,32.825,693.24,412.87,0.25347
6286,12877,38846,23.725,845.13,661.56,0.12184
6286,13614,37704,26.503,329.18,188.67,0.27135
6287,13956,37715,30.418,364.22,275.41,0.13885
6287,14141,40323,31.405,446.03,114.96,0.59014
6288,12772,38348,34.084,671.95,463.13,0.18397
6288,13339,38348,35.02,500.87,373.81,0.14526
6288,13768,37656,22.135,887.66,750.55,0.083695
6289,13153,38525,24.387,663.85,664.93,-0.00081375
6289,13688,37626,33.537,451.36,473.9,-0.024365
6292,13979,37703,31.383,271.47,118.44,0.39248
6293,11882,39744,21.456,703.54,694.14,0.0067267
6293,13885,37941,28.916,400.27,187.29,0.36248
6294,11830,39834,21.321,592.15,500.06,0.084308
6295,11742,39582,28.277,782.13,556.56,0.1685
6295,12782,38801,22.121,454,423.85,0.034348
6295,13317,40167,29.54,274.34,118.59,0.39639
6296,11844,39663,21.961,833.73,489.66,0.25999
6296,13116,40234,23.583,348.96,245.95,0.17316
6297,11861,39648,17.357,437.93,249.64,0.27386
6297,12777,39605,32.574,316.75,258.75,0.10077
6298,11848,39395,33.95,818.45,444.53,0.29607
6300,14074,39386,32.78,237.19,144.1,0.24413
6306,14585,39508,34.579,661.58,733.66,-0.051665
6307,11808,37419,26.904,246.11,286.57,-0.075955
6307,13955,40115,29.392,383.59,256.26,0.199
6307,14017,37975,27.185,764.85,550.61,0.16286
6308,14049,38231,24.651,363.84,185.31,0.32511
6308,14121,40352,25.882,983.67,685.63,0.17854
6309,14105,37838,26.606,616.4,598.88,0.014414
6310,13188,39748,24.757,211.34,164.8,0.12372
6310,14386,37640,33.894,555.08,458.95,0.0948
6311,13023,39734,27.064,475.14,456.67,0.01982
6312,13033,39616,35.898,678.94,286.81,0.40604
6312,14621,39406,25.734,515.25,520.93,-0.0054795
6313,13290,39603,24.532,1075.6,635.3,0.25737
6314,13402,39640,21.811,1008.5,589.39,0.26228
6316,12977,39579,25.682,350.25,279.67,0.11204
6316,14007,40225,27.978,256.76,171.95,0.19784
6317,13885,40200,36.986,717.82,337.85,0.35994
6318,11988,37694,28.438,703.4,165.34,0.61936
6318,13382,40008,35.167,563.43,218.89,0.4404
6319,13346,39976,25.724,653.41,340.84,0.31438
6321,14634,39351,22.009,531.23,338.44,0.22167
6323,13990,37978,33.118,330.55,114.64,0.48499
6323,14618,39414,13.451,901.38,779.85,0.072284
6324,13372,38523,27.132,425.74,252.54,0.25535
6324,13901,37803,20.473,658.51,463.07,0.17425
6325,14614,39498,23.985,448.88,404.61,0.05187
6326,13392,37433,16.101,557.23,362.98,0.2111
6327,12194,38264,32.358,483.24,689.85,-0.17613
6327,14640,39336,18.457,477.35,200.39,0.40865
6329,12236,38270,35.178,253.87,299.73,-0.082837
6330,11906,40162,29.136,266.55,138.27,0.31687
6330,13820,38342,30.818,444.57,373.02,0.087523
6331,12173,40220,23.682,291.16,173.15,0.25418
6331,12221,38119,28.781,187.84,300.35,-0.23044
6331,13977,38322,23.775,358.03,155.32,0.39489
6332,13252,38240,29.518,476.31,680.99,-0.17686
6332,13783,39473,32.717,178.24,266.36,-0.19821
6333,12861,38303,35.7,468.7,453.99,0.015945
6334,13685,37968,33.894,743.6,521.35,0.1757
6335,13429,37980,17.599,886.94,462.43,0.31459
6336,13351,38067,36.774,302.67,255.8,0.08393
6338,14465,39400,33.21,383.01,106.54,0.56473
6339,13067,38527,13.986,379.37,625.74,-0.24512
6340,12176,38276,33.688,303.21,607.26,-0.33395
6341,12206,38164,27.055,269.98,231.09,0.077623
6342,12955,38728,32.698,301.1,106.26,0.4783
6345,14649,37603,33.609,352.16,165.33,0.36103
6347,13597,40235,33.135,1231,1020.9,0.093324
6348,12623,37471,35.485,631.9,264.71,0.40953
6348,12888,38731,27.43,525.19,268.98,0.32261
6348,14425,37454,34.125,331.7,254.77,0.13117
6349,12720,37452,24.946,659.77,470.85,0.1671
6349,13650,40353,24.998,453.12,404.54,0.056643
6350,13113,38595,27.393,429.92,129.77,0.53629
6350,14040,37992,33.767,233.12,210.47,0.051067
6351,12889,38736,27.992,343.46,121.36,0.47781
6351,13878,38259,26.171,461.37,420.43,0.046421
6353,11785,38755,21.858,781.88,399.18,0.32403
6354,11748,38802,21.043,1078.3,570.26,0.30818
6354,12601,38580,28.807,725.9,262.59,0.46871
6355,11763,38793,24.338,759.46,412.33,0.29624
6355,12362,39386,34.074,735.42,578.74,0.11923
6355,14057,37657,22.928,408.28,439.76,-0.037122
6356,14640,39358,12.273,700.45,310.77,0.38536
6357,12227,38674,31.895,539.09,423.19,0.12044
6357,12826,39465,29.9,266.31,243.43,0.044894
6357,13908,38905,28.52,428.9,256.59,0.25136
6357,14582,39344,16.893,621.52,436.22,0.17519
6358,12178,39305,23.071,523.47,403.13,0.12987
6358,14523,39312,28.941,868.88,743.07,0.078051
6359,13564,37485,35.876,365.15,248.94,0.18924
6360,11939,39325,28.64,463.37,319.85,0.18324
6363,13116,40327,25.109,306.62,173.91,0.27618
6364,12071,39942,20.671,613.24,359.49,0.26087
6365,12153,39875,27.393,754.84,790.61,-0.023144
6365,13797,38006,27.69,246.57,181.58,0.15179
6366,12589,37420,27.447,204.95,119.15,0.26474
6367,12749,37486,31.626,736.69,285.74,0.44105
6368,11966,39728,36.261,398.91,395.32,0.0045115
6368,13461,40156,29.57,279.83,121.82,0.39342
6369,13567,39875,32.2,456.65,472.11,-0.016656
6369,14151,38273,34.609,681.3,398.67,0.2617
6371,11698,40191,29.09,459.41,428.77,0.034491
6373,12126,40377,37.917,352.23,142.5,0.42392
6376,14374,37953,30.127,238.6,147.9,0.23469
6379,13450,38518,33.558,267.68,100.63,0.45357
6380,12879,39775,29.827,985,259.63,0.58281
6380,13481,38537,34.796,358.37,353.34,0.0070637
6381,13573,38629,29.817,581.83,362.03,0.23287
6382,12561,40321,14.261,801.49,244.14,0.53303
6382,12753,38720,22.021,630.88,257.87,0.41971
6383,13985,39964,26.2,722.99,552.36,0.1338
6383,14284,38191,31.556,499.03,305.35,0.24078
6384,13842,39697,35.992,351.09,243.84,0.18027
6384,14080,38306,28.471,170.48,107.91,0.22476
6390,13193,40389,23.996,241.19,109.04,0.37734
6390,14109,37495,34.301,301.34,214.26,0.16889
6390,14653,39739,30.865,347.89,333.09,0.021724
6391,14567,39863,28.756,529.07,315.53,0.25283
6393,13676,39840,26.952,558.52,532.35,0.023988
6393,14016,38079,38.087,340.69,341.54,-0.001239
6394,11922,38962,25.836,522.77,371.41,0.16927
6394,14647,38430,38.639,718.53,575.4,0.11062
6395,12073,38957,19.756,663.74,686.94,-0.017177
6395,12602,39064,31.003,313.94,290.41,0.038942
6395,14077,38063,20.883,505.55,422.12,0.089938
6396,14533,38369,28.248,563.19,850.43,-0.2032
6397,12236,38686,27.873,596.95,697.75,-0.077859
6397,12632,40331,20.435,434.7,146.37,0.4962
6397,14568,38173,25.437,343.06,162.26,0.3578
6398,11970,38609,23.096,881.36,870.31,0.0063105
6398,14497,37888,29.068,344.39,132.99,0.44284
6399,11783,38847,24.069,329.64,145.05,0.38885
6399,12089,38418,24.004,429.42,223.67,0.31503
6399,13430,38350,31.664,356.96,223.96,0.22894
6399,14465,37939,36.453,300.77,258.78,0.075043
6400,13458,38220,33.031,304.29,262.51,0.073716
6401,12473,39023,34.305,389.17,591.16,-0.20604
6403,12192,38868,19.221,906.83,838.85,0.038938
6403,12416,38873,29.875,834.57,768.12,0.04146
6404,12643,38757,21.697,683.43,288.95,0.40569
6404,13791,38728,33.778,304.65,158.75,0.31485
6404,14640,39328,20.7,342.85,141.39,0.41605
6405,11884,39661,16.397,759.1,189.65,0.60021
6405,12615,38950,32.891,553.99,348.65,0.22748
6405,13751,38517,36.694,322.71,297.37,0.040872
6406,11941,39633,15.999,584.33,188.79,0.51161
6407,12038,39601,14.123,1007.4,494.45,0.34153
6407,13434,39588,25.025,472.34,338.32,0.16532
6408,11852,39691,24.528,462.78,206.98,0.38192
6411,12549,38924,21.627,654.82,210.57,0.51335
6411,13357,39406,30.299,536.23,353.85,0.20491
6412,11908,39771,12.981,427.86,139.46,0.50836
6412,12476,38910,15.68,404.61,122.89,0.53406
6412,13483,39353,21.504,378.3,299.67,0.11598
6413,12410,38980,10.646,500.28,153.72,0.52991
6413,13858,39614,25.494,493.98,356.1,0.16219
6414,11794,39751,22.267,719.38,595.63,0.094103
6414,12414,39031,13.814,594.25,222.64,0.45491
6414,12327,40200,33.919,164.05,110.73,0.19404
6414,13674,39592,32.725,606.1,246.75,0.42134
6415,12334,39000,12.431,464.19,168.98,0.46624
6415,14651,39351,15.548,927.31,478.25,0.31949
6417,13936,39961,36.398,440.79,490.8,-0.053685
6417,14667,37961,27.786,399.37,178.12,0.38312
6418,13936,40096,34.49,838.49,856.92,-0.010872
6419,13225,39857,28.744,936.1,814.48,0.069473
6419,14002,38849,21.186,488.22,199.76,0.41928
6419,14591,39305,21.158,684.63,536.08,0.12169
6420,11683,39166,25.214,517.1,322.2,0.23222
6420,12465,40309,29.134,253.59,102.68,0.4236
6420,13790,40236,31.143,504.31,491.01,0.013366
6420,14660,39310,13.238,823.77,595.09,0.16117
6422,13072,39900,29.986,829.77,810.2,0.011934
6422,13842,40256,28.295,242.32,510.91,-0.35657
6423,12643,39472,33.138,335.66,214.95,0.21922
6423,13083,39669,17.316,803.66,505.93,0.22734
6424,12986,39634,20.591,736.74,532.03,0.16135
6424,13864,40254,24.465,302.97,647.2,-0.36229
6425,12407,40118,26.291,266.29,496.02,-0.30136
6425,13073,39607,24.301,598.37,603.62,-0.0043663
6426,13118,39676,16.611,833.32,462.33,0.28634
6427,13088,39546,29.335,607.32,407.02,0.19747
6427,14157,39047,33.044,569.54,300.71,0.30891
6431,13325,39662,33.91,276.77,181.55,0.20776
6435,12503,39473,28.213,406.02,334.03,0.097282
6436,12043,39528,27.865,420.57,460.41,-0.045224
6437,12036,38802,30.933,794.46,1057.4,-0.14198
6437,12002,39603,32.533,245.35,189.73,0.12783
6438,12334,38774,21.3,317.36,259.6,0.10011
6439,11697,37535,14.098,755.65,295.01,0.43844
6439,13891,40051,21.897,364.44,217.82,0.25182
6440,14663,37643,27.265,545.53,386.29,0.17089
6441,11737,37523,22.553,360.97,281.47,0.12375
6441,14571,38131,37.577,266.42,107.8,0.42385
6443,14500,40125,33.724,250.39,122.96,0.34131
6444,11742,40325,32.763,577.84,418.64,0.15976
6444,12303,38754,23.095,439.95,272.5,0.23503
6444,13712,38726,34.633,539.61,361.42,0.19776
6445,12334,40372,27.701,551.29,529.18,0.020461
6446,11916,40240,23.211,708.97,608.61,0.076167
6446,12460,38607,25.542,495.3,430.96,0.06946
6446,13511,39073,32.128,171.93,113.2,0.20594
6447,11801,40222,28.411,541.21,558.83,-0.016012
6447,12357,38481,19.996,858.81,628.31,0.155
6447,13743,38658,32.094,402.13,350.49,0.068614
6448,12398,38470,23.69,508.67,287.3,0.27811
6448,13766,38721,24.622,532.51,237.55,0.38303
6449,12420,38586,16.82,761.78,458.41,0.24862
6450,14552,39779,31.402,226.82,201.35,0.059489
6453,11755,37488,22.432,530.4,419.89,0.11629
6453,12215,39645,19.815,710.13,610.9,0.075112
6454,13031,37838,32.668,649.99,284.82,0.39064
6454,13903,40309,37.337,471.95,340.81,0.16136
6455,14093,40276,25.167,549.99,340.76,0.23488
6456,14263,38846,29.706,552.06,265.1,0.35117
6457,12518,38383,35.589,296.51,200.58,0.19299
6457,14260,38834,26.969,372.73,299.52,0.1089
6458,12482,38562,29.905,167.4,206.43,-0.10439
6459,13915,38225,18.185,445.68,119.37,0.57749
6460,11982,39278,28.705,275.47,181.82,0.20478
6460,13955,38229,24.563,576.15,301.35,0.31316
6461,13945,38252,16.061,782.3,326.52,0.41105
6461,14409,39553,34.169,329.32,392.93,-0.088082
6462,13983,38171,28.078,706.91,205.88,0.54889
6462,14614,39408,25.435,568.86,316.18,0.2855
6466,13010,39584,34.667,478.59,310.8,0.21256
6468,12394,40181,36.35,363.27,266.77,0.15315
6468,13440,39320,30.291,399.02,210.56,0.30916
6468,14565,39818,31.311,512.21,499.31,0.012754
6469,11756,39370,24.795,1023,710.26,0.18044
6470,11905,39266,18.272,630.7,277.53,0.38885
6471,11860,39178,20.906,666.25,249.73,0.45472
6472,13687,39925,29.861,444.53,228.49,0.32101
6473,13738,39847,32.396,642.48,337.17,0.31165
6474,13724,39270,20.495,707.37,536.98,0.13693
6477,12473,38857,35.28,619,188.6,0.53294
6477,13318,37964,28.251,522.87,371.22,0.16961
6477,14048,37692,22.544,359.06,194.55,0.29715
6478,11882,39607,14.729,354.62,257.48,0.1587
6479,11896,39744,28.87,453.75,293.35,0.2147
6479,13681,39630,21.95,245.68,274.65,-0.055671
6479,13840,37606,31.977,474.23,396.92,0.088746
6480,11943,40134,22.36,269.06,249.28,0.038158
6480,13689,37570,28.449,506.45,332.67,0.2071
6481,12076,39129,24.471,813.81,885.48,-0.04218
6481,12257,39975,28.204,685.36,395.43,0.26826
6482,12395,39910,15.855,1101.7,767.36,0.17888
6482,12772,37614,26.838,450.89,482.65,-0.034023
6483,12398,40179,20.123,751.93,409.27,0.29509
6484,11945,39111,23.156,380.24,169.52,0.3833
6484,12391,40202,19.373,471.25,224.99,0.3537
6484,12800,39772,29.597,583.73,671.87,-0.070196
6484,14566,38980,35.158,334.38,213.25,0.2212
6485,14021,38886,30.193,446.58,344.34,0.12927
6486,11906,39285,23.479,286.95,157.19,0.29215
6486,13592,37678,29.921,661.88,392.64,0.25532
6488,11925,39627,31.631,545.45,347.6,0.22154
6488,13424,37477,23.984,541.47,232.88,0.39851
6489,12077,39074,43.438,485.22,305.13,0.22786
6491,13725,37636,32.923,921.07,609.6,0.20349
6492,13606,37714,30.123,676.07,451.06,0.19963
6493,13952,37536,29.445,778.23,537.78,0.18271
6494,13361,39404,32.812,585.07,257.83,0.38823
6494,14054,38666,30.182,681.19,359.14,0.30956
6494,14157,37501,31.677,651.14,528.09,0.10435
6496,12741,38997,24.216,282.62,131.65,0.36441
6496,13949,37493,40.68,622.68,336.64,0.29818
6497,13351,37540,25.538,753.72,336.29,0.38295
6497,13434,39038,29.916,501.91,352.63,0.17469
6498,13489,37676,29.236,396.04,211.16,0.30448
6499,12819,39157,25.669,295.54,135.39,0.37163
6499,13571,37554,34.624,507.41,451.25,0.058577
6500,12919,39301,24.261,392.87,411.79,-0.023515
6501,13209,39157,30.367,353.62,187.96,0.30587
6502,12014,39479,29.552,355.49,189.89,0.30364
6502,13301,40041,29.194,527.67,121.13,0.62659
6503,13062,40356,26.531,537.26,107.16,0.66742
6503,13479,37848,36.01,398.73,456.21,-0.067233
6505,13971,37465,33.212,630.34,550.65,0.067484
6505,14662,39319,21.639,396.62,318.13,0.10982
6506,11938,40341,37.554,189.39,210.84,-0.053589
6507,11897,40236,29.916,645.61,335.9,0.31554
6507,13914,37675,19.713,652.24,360.98,0.28745
6509,12200,38396,33.252,386.62,358.3,0.038013
6509,13393,37670,23.823,352.16,384.72,-0.044199
6509,13804,38274,32.332,333.75,281.6,0.084747
6509,13902,37501,29.327,699.98,549.69,0.12027
6509,14658,39293,14.583,580,277.25,0.35316
6510,13431,37640,20.185,978.39,1023,-0.022274
6510,13703,37597,24.255,840.26,999.25,-0.086429
6510,14617,39302,10.814,615.27,248.9,0.42395
6511,13617,37711,17.761,899.96,839.42,0.034804
6512,12276,39030,28.109,454.17,387.88,0.078733
6512,13513,37740,29.978,600.73,493.77,0.097729
6513,12102,39401,26.199,970.79,668.37,0.1845
6513,13386,38059,28.243,465.59,267.29,0.27057
6515,11669,37639,31.217,243.85,100.36,0.41688
6517,12594,39088,29.437,452.66,669.6,-0.19331
6518,12367,39840,28.375,269.12,225.97,0.087153
6518,12510,39167,19.737,743.69,460.52,0.23515
6518,13715,39797,15.564,392.37,110.52,0.56047
6519,12332,37956,26.087,498.15,445.51,0.055775
6519,13198,37925,38.118,453.52,450.51,0.0033299
6520,11913,38441,30.01,485.83,251.73,0.31741
6521,12316,37842,31.384,364.95,199.04,0.29417
6521,13667,37623,28.604,601.69,333.59,0.28665
6522,12053,37826,29.676,547.96,209.16,0.44748
6527,14149,37823,38.289,170.37,159.89,0.031733
6528,13051,40208,31.196,435.35,456.34,-0.023539
6528,14465,39422,32.411,330.31,188.83,0.27252
6529,12916,40191,20.767,1253.2,854.02,0.18942
6531,14601,37444,33.489,453.84,123.7,0.57162
6532,12253,38971,34.861,322.23,226.7,0.17403
6533,12667,38295,34.607,669.94,798.17,-0.087344
6533,12562,39079,31.42,277.04,264.66,0.022842
6533,13072,39836,28.249,928.52,756.5,0.10209
6533,13318,38114,36.95,655.37,594.95,0.04832
6534,12399,38286,31.636,410.54,409.71,0.0010138
6534,12568,38962,31.494,686.52,546.76,0.11332
6535,11791,37519,26.498,563.71,395.36,0.17554
6535,13451,38456,31.352,380.28,215.04,0.27756
6537,11779,37444,21.205,544.89,324.73,0.25317
6542,13276,40107,25.199,238.74,196.55,0.096941
6542,13504,38001,16.102,361.79,152.17,0.40785
6544,12637,38170,35.02,579.97,476.14,0.098314
6544,14607,39351,21.307,609.77,457.19,0.14301
6545,12670,37975,34.179,429.39,534.69,-0.10922
6545,13463,38559,32.064,277.84,160.9,0.26654
6545,14666,39399,33.639,280.76,343.4,-0.10036
6546,12774,39092,25.369,875.37,731.26,0.089694
6547,12854,38715,25.661,1026.4,563.14,0.29145
6547,12961,37473,38.059,1091.5,444.18,0.42153
6547,14585,39409,33.853,398.05,245.84,0.23638
6549,12931,38029,37.781,275.85,138.78,0.33059
6549,13534,37855,28.087,221.48,130.05,0.26009
6549,13972,38731,33.487,662.21,223.57,0.4952
6550,13561,37824,33.764,529.13,351.91,0.20115
6551,13017,39688,26.922,364.42,323.82,0.058983
6551,13469,37882,22.335,605.08,530.21,0.065951
6552,12599,37531,22.596,465.14,114.53,0.60483
6552,12914,39502,21.449,355.5,273.36,0.13061
6553,13337,37913,35.887,466.81,173.24,0.45866
6553,13536,39232,39.033,318.51,124.25,0.43875
6554,12197,39515,27.591,702.33,489.52,0.17855
6554,13060,39463,35.613,636.66,437.16,0.18579
6554,14010,37751,19.593,343.02,172.23,0.33148
6555,13394,38333,30.397,444.26,210.42,0.35719
6555,14061,37738,21.893,352.46,201.61,0.27225
6555,14526,39296,29.382,417.84,230.11,0.28973
6556,14644,39338,16.476,653.34,315.45,0.34877
6557,11867,39622,20.626,350.4,223.07,0.22204
6557,14152,37392,30.503,661.41,441.19,0.19973
6557,14664,39400,32.406,421.03,278.02,0.20457
6558,11917,39592,31.681,210.84,196.18,0.036018
6558,13722,37986,35.336,330.86,314.42,0.025479
6559,12495,39419,19.47,808.38,272.4,0.49592
6560,12224,38356,34.321,277.34,226.16,0.10165
6560,12709,39365,35.78,379.37,492.71,-0.12996
6561,14472,40201,32.671,439.72,370.47,0.085471
6561,14553,38926,27.75,422.65,417.14,0.0065677
6562,11813,37993,31.044,429.41,363.58,0.083011
6562,14130,40364,28.864,432.8,315.02,0.1575
6562,14474,39257,28.395,340.24,292.54,0.075386
6563,11875,37922,30.158,318.6,214.85,0.19448
6563,14586,39321,21.332,617.31,419.63,0.19065
6564,11974,38132,29.023,461.44,397.13,0.074898
6564,14073,39516,22.792,939.75,750.76,0.1118
6566,13784,39745,22.019,958.65,552.32,0.26892
6567,11687,39815,38.376,504.33,320.45,0.22295
6567,12153,37944,23.531,362.6,248.3,0.1871
6568,13155,38665,29.002,474.14,238.11,0.33139
6568,13910,39629,26.985,566.5,369.87,0.20999
6569,12180,40202,34.057,355.92,218.44,0.23937
6569,13162,38460,26.652,805.89,504.59,0.22992
6571,13387,38365,30.537,771.15,376.35,0.34405
6571,13958,38200,27.002,1002.2,598.36,0.25231
6571,14616,39326,22.578,435.91,371.04,0.080387
6572,14102,37427,33.765,295.64,142.87,0.34839
6572,14664,39323,20.358,477.28,291.5,0.24165
6573,12642,37639,32.279,398.83,199.56,0.333
6573,14165,38355,35.103,354.69,249.19,0.17469
6573,14205,40358,32.028,337.08,356.64,-0.028187
6574,13854,37555,34.675,390.67,361.38,0.038944
6575,13870,39664,33.329,329.8,283.59,0.075326
6575,14140,38254,24.469,752.22,308.75,0.41799
6576,13671,40346,27.174,386.02,300.55,0.12448
6577,12542,37550,32.232,254.59,136.74,0.30115
6577,13500,40083,37.709,855.24,765.96,0.055073
6578,13394,40194,23.757,409.35,249.74,0.24216
6578,14619,38780,37.665,272.18,234.67,0.074011
6579,12146,37488,38.838,257.99,273.36,-0.028922
6579,14409,39978,27.759,507.6,411.84,0.10414
6580,12544,40042,26.329,237.21,229.8,0.015857
6581,14391,39763,31.268,158.65,102.54,0.21481
6582,12383,40066,18.436,964.54,585.6,0.24446
6584,12872,39377,41.671,840.12,521,0.23445
6585,14243,40331,25.007,648.86,634.37,0.011287
6586,13899,37774,25.395,480.79,282.23,0.26022
6587,11817,38134,31.446,300.05,259.51,0.072443
6587,12208,39002,26.686,289.48,164.91,0.27416
6588,13488,39423,32.591,809.45,358.81,0.38574
6588,13948,37838,30.049,214.22,106.98,0.33388
6589,13380,39600,37.265,281.86,179.89,0.22084
6589,14480,40303,34.091,418.84,474.43,-0.062236
6591,12235,40027,29.421,521.72,135.62,0.58738
6591,13707,40022,32.696,304.1,117.45,0.44276
6591,14569,39446,25.495,835.69,764.63,0.044404
6593,13232,40054,29.647,597.45,296.58,0.33653
6594,12484,37436,26.295,695.36,274.97,0.43325
6594,13152,39464,34.471,347.89,171.84,0.33872
6595,12382,38307,33.617,397.29,437.97,-0.0487
6595,14199,37841,27.46,295.24,233.42,0.11694
6596,12643,39246,34.018,363.23,215.61,0.25502
6596,13265,37894,24.66,349.07,227.73,0.21037
6597,13850,38821,32.314,406.37,109.23,0.5763
6598,12688,39408,26.19,469.26,253.75,0.29808
6598,13976,38821,36.089,190.7,288.27,-0.20372
6598,14254,37565,22.77,611.76,430.92,0.17344
6599,13380,37802,36.503,266.92,214.58,0.10869
6599,13951,38535,31.372,681.52,1019.2,-0.19855
6599,14218,37684,28.246,892.52,878.28,0.0080415
6600,12498,39333,26.72,599.47,545.94,0.046735
6600,14373,37772,36.639,312.56,230.24,0.15164
6601,12418,39094,21.78,413.63,247.65,0.25101
6601,13226,37615,23.95,520.05,388.55,0.14473
6602,12512,39115,18.068,688.3,470.08,0.18839
6602,14087,39980,33.397,330,356.52,-0.03862
6603,12446,37716,22.799,298.69,237.32,0.11449
6603,12418,39057,26.354,740.85,283.53,0.44643
6603,13661,39795,35.193,506.87,523.56,-0.016197
6603,13773,39840,31.255,519.36,493.03,0.026005
6604,12501,38846,26.3,340.77,448.09,-0.13605
6604,12534,37729,18.757,448.28,667.09,-0.19617
6604,13700,39849,30.321,486.84,597.18,-0.10178
6605,13722,40023,34.616,288.55,175.42,0.24383
6606,13071,38706,32.679,397.12,286.47,0.16187
6606,13746,39682,24.194,438.76,427.12,0.013444
6609,13590,40056,24.482,311.37,314.71,-0.0053426
6611,11727,39006,36.402,240.83,282.81,-0.08017
6611,12746,38736,33.891,240.4,166.63,0.18125
6612,12841,38716,26.71,361.03,210.4,0.2636
6613,12374,40209,19.765,1137.9,736.91,0.21389
6614,12653,40265,34.178,687.92,435.61,0.22456
6614,12860,40119,34.764,943.76,556.08,0.25848
6614,14578,37687,31.876,472.95,316.97,0.19747
6615,13322,39237,37.532,392.4,340.96,0.070147
6615,14501,37897,35.884,570.98,322.66,0.27788
6617,13331,40149,27.43,353.77,221.54,0.22984
6618,14089,39950,37.997,282.35,141.91,0.33104
6619,13986,40154,30.393,530.44,443.72,0.089014
6620,14358,39920,39.033,369.89,412.77,-0.054779
6620,14632,39373,21.443,730.73,866.25,-0.084859
6621,12791,38329,33.967,343.68,324.49,0.02872
6621,13625,40375,29.457,479.17,311.72,0.21172
6622,14479,39839,30.887,207.71,192.91,0.036938
6623,11854,40255,32.889,180.23,142.82,0.11579
6623,12839,38222,30.167,516.6,465.54,0.051988
6624,14307,39219,36.331,645.67,440.39,0.18901
6625,13353,39898,45.727,722.55,551.49,0.13426
6626,13262,39842,24.738,857.84,801.08,0.034213
6627,13060,39851,26.678,430.09,167.23,0.44006
6628,13695,39419,29.751,655.47,396.91,0.24569
6629,13746,39330,33.462,287.87,164.51,0.2727
6629,14660,39346,32.58,302.4,224.15,0.1486
6631,11694,40303,30.971,409.77,290.03,0.1711
6632,11712,40282,31.525,502.73,240.6,0.35264
6632,14043,39199,32.635,203.65,155.38,0.13445
6633,12184,40274,26.04,530.28,470.65,0.059577
6634,14585,39334,19.523,333.82,160.47,0.35071
6635,12896,38668,22.973,742.82,311.06,0.40968
6636,13777,38352,35.258,579.75,421.64,0.15789
6636,14605,38074,21.869,430.8,143.95,0.4991
6636,14605,39388,19.234,513.71,330.06,0.21766
6637,12880,38678,31.682,380.57,480.58,-0.11613
6637,13707,38334,30.431,734.78,462.49,0.22742
6638,11846,39700,14.874,805.44,571.44,0.16996
6638,12783,38752,26.627,672.47,416.61,0.23493
6638,14632,39407,29.953,432.94,261.91,0.24614
6639,11869,39713,18.091,550.89,266.88,0.3473
6639,12599,38949,29.281,577.43,517.19,0.055032
6639,14465,39312,30.749,460.97,220.17,0.35351
6640,11925,38024,38.527,312.74,305.28,0.012075
6640,11935,39136,25.06,544.65,417.82,0.13178
6640,12541,38786,19.129,409.96,327.96,0.11112
6640,13126,38210,30.149,213.27,174.39,0.10029
6641,11799,37832,24.124,299.48,152.15,0.32623
6641,11999,39216,28.12,834.49,343.66,0.41662
6641,12929,38143,36.144,273.81,145.74,0.30526
6642,11964,38911,27.172,899.06,494.52,0.29029
6645,12513,38108,31.977,606.6,402.72,0.20199
6647,12268,38021,32.59,335.87,271.4,0.10616
6647,12884,40158,25.457,747.42,624.44,0.089646
6648,12540,38121,27.323,616.9,410.01,0.20147
6648,12743,39379,33.589,1215.3,693.07,0.27364
6648,14523,37679,21.979,379.21,228.04,0.24893
6651,13645,40107,28.513,764.92,627.5,0.09869
6652,12001,37649,27.772,187.32,157.34,0.086987
6653,12088,37712,30.369,371.85,324.37,0.0682
6653,12044,38690,24.848,480.81,271.39,0.27842
6656,12531,38058,28.782,439.54,624.87,-0.17411
6656,13701,39775,33.151,259.27,106.01,0.41957
6658,11844,38468,30.767,355.96,253.42,0.16827
6658,12753,39497,33.642,650.18,305.65,0.36044
6658,14018,39310,32.527,541.83,248.58,0.37101
6659,11912,38414,25.122,688.23,435.15,0.22528
6659,12680,39501,20.21,408.83,173.32,0.40456
6659,13123,38137,27.947,308.72,165.68,0.30152
6659,14080,40148,30.714,508.99,563.22,-0.050571
6660,12172,38305,35.105,436.36,283.37,0.21257
6660,12458,39651,33.864,283.36,190.71,0.19546
6661,13763,39789,29.181,572.61,454.79,0.11467
6662,12231,37803,21.944,1211.8,939.42,0.1266
6662,13616,40204,33.351,396.41,382.08,0.018395
6663,12385,37694,28.741,1358,942.29,0.18072
6663,13428,40322,24.262,487.69,334.76,0.18594
6664,11880,37897,26.618,301.85,253.98,0.086123
6665,11789,37803,23.447,995.68,508.46,0.32392
6665,13585,39815,27.43,292.46,182.87,0.23056
6666,13618,39631,27.301,667.38,199.57,0.53961
6666,13725,37629,30.487,417.5,445.62,-0.032574
6666,13917,40354,34.536,215.54,188.05,0.068099
6667,13638,37452,32.192,302.9,211.58,0.17749
6667,14585,39461,25.032,641.52,581.57,0.049017
6668,14119,39902,34.587,161.59,198.36,-0.10214
6668,14610,39348,30.936,356.49,240.62,0.19405
6669,12720,38324,31.081,397.87,328.85,0.094974
6670,13963,39282,24.449,329.62,200.97,0.24247
6671,13760,38778,30.994,255.23,173.96,0.18935
6672,13274,39507,31.747,224.72,145.96,0.21249
6674,13127,39704,33.879,594.48,536.05,0.051686
6675,12586,38812,25.713,341.74,148.97,0.39283
6675,13074,39353,25.116,901.38,750.27,0.09149
6675,13297,39894,27.064,793.04,624.27,0.11908
6675,14517,39184,34.234,273.28,148.77,0.295
6676,12943,39180,32.09,844.06,966.53,-0.067639
6676,14418,38842,32.904,423.89,244.41,0.26856
6677,12300,38456,36.402,599.15,471.36,0.11937
6677,13765,38622,30.487,512.13,311.67,0.24333
6678,12299,38426,30.688,670.41,623.85,0.035976
6680,12120,38141,36.648,970.15,797.22,0.097846
6680,12549,38255,27.634,798.44,412.62,0.31859
6680,13233,39479,23.122,639.11,296.52,0.36617
6681,12288,38326,31.694,692.42,565.37,0.10101
6681,13373,39478,32.17,288.95,292.43,-0.0059842
6682,13244,40198,23.92,348.14,229.09,0.20624
6683,12660,38586,28.693,840.18,437.7,0.31496
6684,12644,38273,28.491,841.81,702.87,0.089952
6685,12520,39524,34.163,253.08,154.42,0.24212
6685,13296,39644,29.741,437.08,575.84,-0.137
6686,12632,39343,36.201,320.06,140.25,0.39064
6687,14171,39468,39.219,316.94,299.6,0.028138
6688,13230,39893,38.208,637.58,735.53,-0.071335
6689,13489,40245,24.216,452.5,207.64,0.37092
6691,12573,38389,28.126,407.29,298.21,0.15462
6691,14630,39252,29.779,863.36,657.63,0.13526
6692,13260,39619,28.549,372.42,332.19,0.057085
6693,13192,38595,35.549,254.75,191.86,0.14082
6696,13614,40083,35.031,204.46,200.54,0.0096785
6697,12497,37935,26.584,371.58,275.31,0.14882
6697,13894,39864,26.307,1206.6,730.48,0.24578
6697,14560,38118,33.192,733.29,458.36,0.23071
6698,13978,39916,31.132,450.95,277.77,0.23765
6699,13754,39627,29.94,615,191.56,0.52499
6700,14520,39383,31.033,350.95,164.9,0.36066
6702,14604,39469,34.54,378.14,147.91,0.43766
6703,14525,39487,35.967,227.85,107.84,0.35751
6704,14100,39233,39.744,407.75,344.25,0.08444
6704,14533,39339,28.196,247.61,156.78,0.2246
6705,13515,39198,34.17,361.21,300.92,0.09106
6706,14501,39513,24.288,348.6,264.59,0.137
6708,12007,40015,26.088,832.15,345.27,0.41352
6709,11823,39898,25.544,620.42,488.08,0.11939
6709,12505,40209,23.841,447.98,137.28,0.53086
6710,12162,39649,26.973,415.58,349.97,0.085708
6711,13207,40083,21.677,587.6,161.77,0.56826
6714,11801,39062,26.097,660.5,720.4,-0.043377
6715,11761,39141,20.498,762.81,476.25,0.23127
6716,12915,39814,20.018,860.79,153.42,0.69746
6716,13144,38417,31.83,217.03,157.94,0.15759
6717,12059,39692,34.958,466.63,420.25,0.052304
6718,12042,39729,39.126,497.03,459.79,0.038923
6718,13839,37811,37.339,797.33,595.23,0.14513
6719,12160,39418,30.21,622.69,419.92,0.19448
6719,12986,39443,22.553,274.04,110.39,0.42571
6719,13653,37483,30.374,546.84,499.12,0.045625
6720,11885,39151,23.359,423.79,373.78,0.062692
6720,13464,38456,31.737,278.66,224.16,0.10839
6720,13801,37405,38.406,350.83,256.33,0.15564
6720,14191,40213,29.202,590.83,571.07,0.017003
6721,11938,38953,14.447,1210.6,611.1,0.32909
6721,14136,40077,24.116,440.57,284.81,0.21472
6722,12022,38944,16.13,1378.6,661.67,0.35139
6722,13220,39090,27.991,595.13,267.12,0.3804
6722,14209,40322,27.382,655.38,513.61,0.12128
6723,12183,38927,28.863,893.34,564.08,0.22592
6723,13109,38296,25.393,405.98,345.53,0.080433
6723,14327,40383,21.01,456.91,339.84,0.14694
6724,11912,38889,25.107,646.33,464.45,0.16374
6725,13694,38251,27.413,506.83,420.87,0.09266
6726,11787,38560,35.836,264.49,353.26,-0.1437
6727,11823,38384,31.602,338.94,382.09,-0.059853
6727,12804,37771,31.623,455.25,231.15,0.32649
6727,13625,37711,28.313,448.24,386.68,0.073733
6727,13954,38815,24.31,305.04,200.73,0.20625
6728,12571,37714,29.715,323.77,187.05,0.26764
6729,11885,37922,31.892,259.89,174.99,0.19523
6729,14630,37661,28.63,518.98,661.9,-0.12103
6730,11806,37825,30.483,483.51,303.23,0.22914
6730,13458,37971,33.501,477.89,425.41,0.058095
6731,13693,38680,33.267,498.71,258.11,0.31791
6731,14581,37780,21.734,484.91,307.73,0.22353
6732,14550,39712,35.131,303.53,315.46,-0.019275
6733,12564,38233,27.708,353.94,251.54,0.16913
6733,14273,37872,33.422,652.94,447.44,0.18675
6734,11693,39712,5.7669,1410.5,102.57,0.86441
6734,12703,38288,33.379,381.3,399.07,-0.022762
6736,13302,37937,27.29,168.81,135.17,0.11066
6737,13471,40211,28.113,539.77,690.85,-0.12277
6737,14601,39365,21.294,283.47,185.6,0.20864
6740,14573,37790,35.787,357.29,413.9,-0.073405
6741,14424,37614,36.766,721.42,365.33,0.32766
6742,12020,39126,32.165,412.02,572.32,-0.16285
6742,14238,40156,35.534,256.84,254.86,0.0038705
6744,14071,40158,29.155,1113.8,920.39,0.095072
6745,13483,40386,23.011,729.45,895.97,-0.10245
6745,14370,39869,24.311,701.53,741.68,-0.027814
6746,14193,39924,34.623,728.8,637.96,0.066467
6746,14472,39529,32.595,837.63,642.14,0.13211
6747,14157,40096,19.746,1236.7,891.19,0.16236
6748,14476,40106,18.81,960.5,729.27,0.13684
6749,12739,40011,33.017,846.92,453.68,0.30236
6749,14622,40216,23.254,668.42,378.11,0.2774
6750,11798,40169,31.606,445.96,385.31,0.072964
6750,12581,39686,25.988,779.84,531.79,0.18911
6750,14667,40321,22.501,1454.4,914.42,0.22794
6751,14522,40318,26.838,241.82,109.04,0.37846
6752,11690,39458,32.907,420.18,236.81,0.27912
6752,11921,40091,21.677,434.75,466.58,-0.035312
6752,12861,39869,29.042,434.6,450.9,-0.018413
6752,14649,39534,19.657,788.36,511.59,0.2129
6753,11707,39200,23.738,815.1,455.99,0.28252
6753,11828,39918,23.522,635.8,584.51,0.042034
6754,11982,39211,18.179,757.77,579.92,0.13296
6754,14618,39643,24.528,565.47,362.6,0.2186
6755,11912,39166,16.613,830.81,586.83,0.1721
6756,11997,39164,20.295,873.95,932.75,-0.032545
6756,12725,37885,31.426,336.77,248.07,0.15167
6756,12839,39374,32.291,966.32,422.96,0.39111
6757,12161,39112,29.818,396.21,605.27,-0.20875
6757,12635,37842,28.773,339.28,238.5,0.17443
6758,12849,40128,37.822,372.29,282.38,0.13734
6760,12440,38206,38.12,317.45,567.88,-0.28287
6761,11852,40043,36.046,338.17,118.8,0.48004
6762,12582,40155,29.279,153.04,319.59,-0.35241
6762,13491,38226,24.885,275.69,189.33,0.18571
6763,12350,38006,36.17,508.73,997.13,-0.32434
6763,12426,40018,32.894,479.41,654.33,-0.15428
6764,12444,38818,27.055,341.1,157.71,0.36765
6764,12410,40067,29.653,271.28,826.79,-0.50589
6764,14557,37405,28.276,393.69,235.44,0.25154
6765,12215,39275,33.507,523.42,385.49,0.15176
6766,12543,40044,26.287,277.12,379.02,-0.1553
6767,12576,39960,23.49,538.35,681.21,-0.11714
6768,12526,39903,17.614,508.23,805.26,-0.22614
6768,14299,38190,26.807,537.26,317.06,0.25774
6769,12507,39961,22.688,571.31,993.76,-0.26992
6769,14511,38032,24.853,236.95,135.15,0.27357
6770,12521,39873,22.232,663.96,761.64,-0.068525
6771,12464,39884,28.522,544.66,1207.1,-0.37816
6772,12496,39937,34.473,161.58,661.41,-0.60733
6772,14299,38215,30.478,581.24,272.98,0.36087
6773,12374,38374,23.149,490.63,324.66,0.20357
6773,13332,40306,36.906,295.82,346.04,-0.078248
6774,12377,38398,32.407,471.13,397.72,0.084489
6774,12459,39416,31.042,307.45,491,-0.22988
6774,14389,38065,33.476,450.21,245.3,0.29462
6774,14483,39161,30.595,344.94,254.08,0.15168
6775,14245,37926,32.734,1003,635.39,0.22436
6776,12513,39125,37.111,387.94,541.8,-0.16549
6776,14549,39563,19.213,549.86,432.99,0.11892
6777,14551,39973,29.877,543.89,484.68,0.057571
6778,14556,39901,32.416,400.93,213.31,0.30545
6779,12470,39782,29.648,436.32,142.07,0.50873
6779,12761,37998,26.402,621.94,411.43,0.20371
6779,13171,40004,32.695,687.95,373.83,0.29585
6780,13159,39960,26.413,771.41,293.02,0.44943
6780,14001,37469,33.292,204.83,228.87,-0.055427
6781,11973,39648,26.739,810.95,667.59,0.096964
6781,14037,37429,27.788,407.3,295.67,0.15881
6783,13249,39704,28.94,371.84,361.9,0.013552
6784,12063,38454,29.604,245.83,107.39,0.39193
6784,13937,37586,37.891,552.5,412.18,0.14546
6785,11887,38445,30.491,261.52,353.37,-0.14938
6785,12319,39360,33.016,141.04,365.61,-0.44325
6785,13126,39255,28.303,414.48,180.8,0.39256
6785,13407,37796,35.747,1047.3,452.03,0.39703
6786,11711,38159,25.684,974.43,752.53,0.12849
6786,12667,37648,26.441,418.07,318.61,0.13502
6787,11967,38275,30.529,487.66,370.16,0.13698
6787,12422,37499,34.49,664.7,577.98,0.069786
6788,12215,38204,21.556,590.59,447.49,0.13785
6788,12275,39338,26.119,521.12,553.36,-0.030008
6789,11698,38673,37.812,799.81,361.23,0.37775
6789,14561,39287,28.272,256.22,107.66,0.40825
6790,14407,39343,31.679,225.96,159.63,0.17203
6791,11708,37885,18.411,981.84,633.68,0.21551
6791,12025,38962,21.264,877.61,1034.1,-0.081862
6792,11752,37998,13.774,1676,1367.2,0.10149
6792,11812,39137,28.938,442.5,520.38,-0.08088
6792,12267,38767,24.579,198.58,129.38,0.21101
6793,11809,37928,18.667,1048.5,722.86,0.18382
6793,11744,39374,28.508,370.55,258.06,0.17895
6793,13797,39473,27.983,626.56,641.31,-0.011633
6794,11937,37868,32.321,411.28,161.42,0.43629
6794,12575,39433,20.807,356.53,309.04,0.071345
6795,11955,37622,32.14,350.91,241.01,0.18566
6795,12419,39187,24.118,404.72,189.42,0.36238
6797,13741,37709,28.406,296.26,255.59,0.073689
6798,12633,39183,28.164,433.4,463.89,-0.033986
6801,13569,39962,33.489,260.85,264.76,-0.0074518
6802,13468,39946,26.49,471.1,485.94,-0.015508
6803,13300,37964,18.615,633.22,359.18,0.27614
6803,13486,39872,30.754,417.77,380.46,0.046746
6804,14122,38569,33.391,299.38,236.47,0.1174
6806,13049,39895,31.41,464.39,213.16,0.3708
6807,12644,38324,21.843,400.83,320.9,0.11074
6808,12534,39612,34.761,356.49,247.43,0.18059
6808,14346,37965,29.871,1067.5,607.77,0.27443
6809,12460,38869,35.18,303.83,310.65,-0.011098
6810,12755,38713,22.747,288.57,131.85,0.37276
6810,14370,37857,28.158,394.09,295.22,0.14343
6811,12623,38735,31.703,707.99,415.86,0.25994
6811,14554,38007,34.539,610.61,314.83,0.31961
6812,11878,39588,23.292,415.29,117.51,0.55889
6812,12697,38641,27.705,430.69,281.55,0.2094
6813,14587,38568,29.346,370.45,177.56,0.35199
6814,13400,38012,29.972,435.89,352.95,0.10514
6816,13315,40060,29.87,485.67,269.34,0.28652
6817,14575,37759,29.767,312.82,116.36,0.45775
6822,13449,40352,24.697,220.31,167.28,0.13683
6825,14454,39310,29.599,358.9,174.27,0.34629
6826,14391,39108,32.601,296.38,127.06,0.39987
6827,14314,39065,31.903,387.34,353.63,0.045488
6829,12919,39341,32.818,407.25,229.27,0.27961
6829,13833,37802,21.48,555.01,372.23,0.19712
6830,13196,39751,33.749,876.04,283.31,0.51126
6830,14448,39146,37.685,333.91,160.17,0.35165
6831,13229,39662,25.095,414.39,252.74,0.24231
6832,11708,39018,30.491,381.62,178.23,0.3633
6832,14661,40125,30.763,212.59,119,0.28223
6833,11847,39280,21.226,567.15,253.26,0.3826
6834,11727,39191,27.081,696.34,426.86,0.23992
6834,12985,39564,27.669,345.34,252.51,0.15527
6835,12667,38998,28.614,458.72,364.41,0.11458
6836,12705,39063,29.091,373.43,256.24,0.18611
6838,12010,37396,29.443,648.03,506.52,0.12257
6838,12088,40092,15.998,1178.4,952.43,0.10607
6838,13981,40012,25.025,239.08,106.57,0.38336
6839,12160,39937,32.111,806.1,455.15,0.27825
6840,12358,39472,37.017,640.53,513.4,0.11017
6841,12378,38428,29.619,677.46,398.61,0.25914
6841,12448,39448,18.199,703.46,470.35,0.19859
6841,14381,40208,32.626,294.35,203.19,0.18321
6842,11826,38923,31.248,234.34,205,0.066782
6842,12319,38299,25.613,920.59,632.42,0.18555
6843,14472,40131,33.452,371.07,146.33,0.43437
6844,14337,39950,31.623,375.2,183.69,0.34266
6844,14622,39343,19.92,462.32,385.18,0.091017
6845,14575,39396,21.954,593.79,321.65,0.29728
6846,12364,40197,30.751,765.11,576.35,0.14071
6846,14285,39293,35.296,260.85,347.56,-0.14251
6847,12169,37561,28.549,215.86,274.32,-0.11926
6848,12233,37613,34.111,803.83,848.25,-0.026888
6848,14406,38091,30.194,365.78,150.8,0.41616
6850,13912,37416,35.084,590.46,168.84,0.55526
6853,11900,38152,33.799,189.75,125.43,0.20408
6854,13821,40314,26.237,842.44,543.68,0.21553
6855,13215,39949,29.766,512.32,396.23,0.12777
6855,13964,40328,22.479,732.13,314.86,0.39854
6856,13364,39717,25.704,372.08,289.13,0.12546
6856,13940,40344,18.655,670.65,494.62,0.15107
6857,12185,38983,22.503,594.19,445.14,0.14341
6857,13357,39692,22.793,808.39,606.06,0.14304
6858,13113,39747,28.692,475.85,347.73,0.15557
6859,14230,40194,32.131,1211.9,912.06,0.14117
6860,11747,39290,38.19,574.09,519.1,0.050307
6861,13653,40371,21.525,639.23,157.04,0.60556
6862,11728,40035,27.104,373.18,202.6,0.29626
6862,13552,40372,33.944,433.58,409.01,0.029164
6863,11728,37567,36.874,192.64,176.58,0.043494
6863,12423,38077,34.527,197.68,231.11,-0.077946
6864,11870,39659,15.836,607.22,417.48,0.18517
6864,14349,40134,25.77,377.99,284.28,0.1415
6865,11872,39635,15.69,788.54,713.77,0.049773
6867,11828,39681,20.9,685.07,741.75,-0.039726
6869,12699,39950,21.162,1221.1,668.26,0.2926
6870,12835,40050,18.468,721.84,523.77,0.15901
6870,13547,40302,37.361,394.55,623.93,-0.22522
6871,12188,38843,20.624,800.6,584.42,0.15608
6871,12865,40043,25.582,1508.6,877.63,0.26441
6871,13897,38781,33.174,523.64,469,0.055045
6872,12195,38701,29.01,374.5,415.89,-0.052367
6872,12651,40357,28.383,440.67,222.39,0.32921
6872,13067,39556,16.697,937.52,144.58,0.73277
6872,13628,39888,32.291,661.96,574.68,0.070584
6873,12641,38400,31.176,276.37,141.96,0.3213
6874,13867,38843,33.971,743.9,511.46,0.18516
6874,13996,40355,34.375,295.33,161.86,0.29194
6875,11909,37474,30.323,507.3,374.67,0.15038
6876,12994,39675,37.241,494.39,376.39,0.13551
6876,14398,37987,31.705,839.6,449.49,0.30262
6876,14569,40158,30.882,300.51,131.69,0.39061
6877,11957,37787,29.035,877.2,440.02,0.33189
6877,14644,40315,21.934,446.54,277.42,0.2336
6878,11845,37970,24.686,851,336.97,0.4327
6878,13427,38166,26.971,393.05,246.39,0.22936
6878,14513,37738,29.678,352.02,290.28,0.096119
6879,12578,37914,37.178,291.27,256.95,0.062589
6879,14629,37735,30.555,307.38,287.63,0.033199
6881,11827,38957,26.76,418.44,424.81,-0.0075441
6881,13456,38582,29.521,447.33,659.17,-0.19145
6882,11893,38790,35.022,443.49,398.9,0.052933
6883,11691,38429,8.7509,851.67,203.9,0.61366
6883,14583,38380,37.949,346.51,308.43,0.058144
6884,14022,37512,25.704,463.21,659.04,-0.1745
6884,14549,38336,34.212,437.1,262.11,0.25027
6885,11839,37982,30.829,990.93,1028.4,-0.018554
6885,11963,39533,34.832,395.81,244.11,0.23705
6885,14339,37818,35.571,454.96,420.75,0.039062
6886,11688,38338,39.894,533.21,862.03,-0.23567
6886,11775,37870,32.512,429.78,407.02,0.027207
6887,11670,37855,32.749,269.86,239,0.060646
6887,11724,38623,23.786,528.27,218.89,0.41408
6887,13520,39863,22.233,609.88,412.93,0.19256
6888,12314,39940,30.83,821.77,391.99,0.35408
6888,13479,39881,24.579,404.9,345.58,0.079042
6889,12176,39972,18.031,910.71,492.97,0.29761
6889,13124,39947,20.54,488.21,217.27,0.38406
6890,12103,39974,29.134,520.95,433.47,0.09166
6890,13019,40085,35.256,381.18,482.1,-0.1169
6891,13005,40127,21.544,450.91,324.21,0.16345
6892,12803,37484,28.399,288.07,265.33,0.041105
6892,12941,40247,29.008,399.3,170.84,0.40071
6894,12236,37999,21.259,720,1273.5,-0.27765
6894,12814,39994,26.143,310.03,195.18,0.22732
6895,12985,40058,29.556,275.58,262.96,0.023451
6896,11731,39099,23.544,504.94,188.46,0.45642
6896,12662,38263,37.665,518.16,428.52,0.094692
6898,12377,38221,29.348,513,469.62,0.044148
6898,13897,38460,29.531,582.29,292.24,0.33166
6899,12803,38268,22.963,764.52,240.36,0.52162
6900,12672,38212,30.358,564.46,414.38,0.15333
6900,12529,39224,22.26,310.15,132.79,0.40042
6901,13446,38519,27.809,714.76,519.33,0.15836
6901,14618,37957,33.299,372.13,183.24,0.34013
6902,12094,40226,34.717,513.37,187.68,0.46458
6902,14580,39362,22.515,454.52,202.42,0.38375
6903,12155,40099,24.17,954.91,552.2,0.2672
6903,13134,38503,39.922,269.31,127.77,0.35644
6903,14447,37950,35.29,195.6,225.48,-0.070966
6904,12522,39264,18.057,393.05,123.31,0.52239
6905,12592,37453,31.929,375.9,249.1,0.20288
6905,12592,39248,20.606,427.36,110.68,0.58858
6905,14639,40085,29.504,551.62,429.59,0.12437
6908,12534,39230,14.998,700.72,132.92,0.6811
6911,12884,38703,26.111,691.81,503.68,0.15736
6911,14667,40116,33.523,518.4,479.69,0.038782
6912,14526,39988,25.578,486.47,532.37,-0.045049
6913,12514,38942,28.906,1121.2,827.16,0.1509
6914,12415,39229,29.205,687.23,485.63,0.17189
6914,12881,39112,23.12,359.72,283.17,0.11908
6914,14565,39780,27.004,283.77,183.56,0.21444
6915,12121,39137,28.283,387.77,466.54,-0.092197
6915,12876,39280,21.405,597.23,488.2,0.10045
6915,14413,37442,28.59,264.87,312.65,-0.082742
6916,12989,39373,20.57,972.52,457.75,0.35991
6917,12811,39506,31.4,434.32,381.86,0.064271
6918,13032,39096,32.378,300.25,147.88,0.34003
6919,12856,39156,27.821,249.8,309.54,-0.1068
6920,12461,40238,30.939,446.24,230.88,0.31805
6920,12733,39379,32.594,749.39,888.54,-0.084955
6920,13480,38056,28.601,255.86,158.17,0.23596
6921,11716,38425,34.951,257.59,108.36,0.40779
6921,12410,39331,23.263,426.55,515.14,-0.094069
6921,12557,40332,35.146,550.66,596.87,-0.040267
6921,14441,38424,34.333,905.56,688.96,0.13584
6922,12738,40383,32.45,646.46,508.55,0.1194
6922,14537,39935,30.871,258.82,183.48,0.17033
6923,12982,40234,29.98,436.31,189.46,0.39447
6924,14529,40031,29.955,443.83,250.2,0.27898
6925,11801,38955,28.521,178.45,238.26,-0.14353
6925,12157,40220,21.813,342.12,105.57,0.52837
6925,14197,37958,28.852,914.69,799.21,0.067379
6926,11874,40109,23.113,511.71,196.91,0.44425
6927,11679,39218,24.293,749.28,901.6,-0.092267
6927,13216,39325,32.376,423.66,277.69,0.20813
6928,12020,39268,24.605,758.78,1168.3,-0.2125
6929,11901,39350,36.15,675.94,767.24,-0.063265
6930,11837,39457,23.078,800.56,552.54,0.1833
6930,13128,39445,30.551,304.04,324.96,-0.033256
6931,12754,39552,32.282,497.91,410.97,0.095648
6931,13605,38633,32.613,591.23,551.72,0.034568
6931,14500,40174,35.198,446.06,221.73,0.33594
6932,13028,39390,31.86,191.39,116.83,0.24192
6934,14506,40372,31.127,379.42,337.39,0.05864
6936,14093,38565,25.102,459.74,349.56,0.13614
6937,12630,38664,24.576,719.73,387.77,0.29974
6938,12910,37503,31.411,490.11,327.25,0.19926
6939,12613,38729,19.466,533.01,373.57,0.17588
6940,11685,37436,26.237,538.3,431,0.11069
6940,13613,37485,24.612,728.13,202.49,0.56482
6940,13626,37857,24.474,745,411.76,0.28808
6941,11861,37512,21.579,390.25,195.7,0.33204
6942,11832,37500,24.404,481.18,302.87,0.22742
6942,12093,40293,30.223,1003.9,578.18,0.2691
6942,14255,39735,22.31,941.42,722.61,0.1315
6943,12470,39367,25.58,1008.7,586.97,0.26428
6943,14218,39737,25.05,785.23,600.34,0.13345
6944,14111,39967,24.02,322.9,151.98,0.35991
6945,14127,38638,34.897,428.35,255.39,0.25297
6947,13410,37979,23.653,213,199.52,0.032691
6947,14387,40389,27.364,685.43,1013.6,-0.19316
6948,12086,38181,22.727,466.5,369.35,0.11623
6948,13449,37682,28.764,430.12,246.66,0.27107
6948,14612,39374,30.437,672.1,301.22,0.38104
6949,11920,39999,17.195,649.01,417.34,0.21725
6949,12335,39856,23.905,1038.6,475.43,0.37199
6950,12463,39965,32.495,523.01,416.35,0.11354
6951,13067,38357,34.508,404.87,222.23,0.29125
6951,13602,37502,26.8,397.09,170.32,0.39965
6952,12708,39509,26.595,315.59,103.28,0.50686
6952,14040,38957,32.178,216.47,146.41,0.19306
6953,12521,39352,28.672,519.9,359.47,0.18243
6953,13391,37838,26.955,272.51,104.43,0.44588
6953,13820,38621,30.206,431.77,349.97,0.10464
6953,13809,38718,29.227,375.8,276.8,0.1517
6957,13027,39000,37.168,889,258.92,0.54889
6957,13063,40152,35.053,297.09,232.9,0.12112
6960,12100,38726,30.057,677.24,216.44,0.51562
6963,12408,38570,26.805,485.09,328.98,0.19176
6965,11854,37468,24.952,270.71,194.46,0.16391
6965,11847,38076,34.829,811.97,633.43,0.12352
6969,11805,38675,37.142,228.69,258.25,-0.060702
6971,14095,38619,19.834,388.89,250.6,0.21625
6972,13021,39615,27.385,402.12,290.43,0.16127
6973,13106,39630,32.536,374.77,243.73,0.21186
6973,14066,37531,26.227,406.17,306.53,0.13982
6974,13929,37732,32.969,370.82,234.37,0.22548
6975,12902,38798,29.63,379.18,192.16,0.32733
6975,13321,39898,36.355,383.01,351.28,0.043219
6976,13653,39669,31.732,605.28,315.81,0.31427
6976,14523,38591,24.955,319.57,182.25,0.27364
6977,13652,39948,25.604,946.9,720.92,0.13549
6977,13648,39914,29.135,614.2,476.14,0.12662
6977,14223,40278,34.147,486.03,361.7,0.14666
6979,13317,38613,36.604,660.93,309.33,0.36238
6979,14173,40142,40.355,844.05,849.89,-0.0034468
6980,14651,39351,20.806,562.12,311.11,0.28745
6981,13627,39657,39.53,660.06,370.54,0.28093
6981,14647,39352,15.53,739.45,475.29,0.21746
6982,13284,39067,18.43,655.8,346.94,0.30802
6982,14555,39271,26.234,1029.8,967.85,0.031002
6983,13390,39236,32.898,499.58,548.22,-0.046415
6983,14249,38186,27.254,492.24,371.74,0.13947
6983,14616,39347,14.295,885.66,618.08,0.17794
6984,14091,38206,35.404,227.54,167.39,0.15229
6984,14522,39343,24.39,551.15,347.82,0.22618
6985,14620,39313,14.911,526.37,310.25,0.25833
6986,11888,39556,17.759,806.13,598.82,0.14756
6986,14620,39327,17.566,372.55,109.55,0.54555
6990,12195,39206,18.321,623.69,338.6,0.29627
6991,12205,39077,25.483,604.07,419.02,0.18088
6991,12378,37449,35.061,278.6,1124.3,-0.60284
6992,13004,39237,29.988,244.72,178.93,0.1553
6992,13842,38512,32.759,358.25,318.15,0.059292
6992,14203,38964,34.647,285.6,190.63,0.19942
6993,12602,39842,19.289,437.13,270.61,0.23528
6994,12564,39865,30.677,285.27,139.95,0.34176
6995,13237,40217,31.102,278.37,172.89,0.23376
6996,12489,39228,23.348,568.21,301.3,0.30697
6997,12409,39035,29.454,214.6,173.33,0.10641
6999,12298,40310,29.999,839.59,423.28,0.32966
6999,12501,39273,21.46,1279.4,791.4,0.23568
6999,14214,38599,35.326,323.34,282.71,0.067043
7000,12342,40159,27.83,388.75,258.04,0.20208
7000,12572,39298,17.409,794.32,491.42,0.23559
7001,12023,38948,17.279,457.02,119.84,0.5845
7001,12159,39991,25.117,342.57,199.11,0.26485
7002,13347,37541,35.011,364.12,102.86,0.55947
7002,13843,39499,24.77,321.35,162.71,0.32774
7003,13752,39551,28.651,199.35,192.61,0.017188
7004,11946,39011,25.411,770.08,472.74,0.23925
7004,13699,39807,29.636,440.42,339.6,0.12926
7004,13873,38042,25.06,364.56,389.98,-0.033691
7005,12432,38885,35.652,248.58,163.16,0.20746
7005,13641,39649,23.581,299.79,321.68,-0.035221
7005,13801,38183,32.258,355.74,206.24,0.26603
7005,14604,37492,35.652,263.68,128.28,0.34546
7006,13979,37630,22.751,1446.2,725.55,0.33182
7007,12783,37811,37.023,471.45,459.68,0.012641
7007,13904,37745,20.601,1378.8,981.16,0.16851
7008,12133,38401,34.644,400.18,269.4,0.19531
7008,12691,37804,35.747,658.29,408.27,0.23442
7008,14011,37873,19.394,697.09,520.8,0.14475
7008,14526,39362,26.359,579.15,397.63,0.18584
7009,12712,37535,33.154,713.31,473.8,0.20175
7009,13922,37999,29.093,350.33,319.2,0.046494
7010,12894,37445,25.741,620.37,525.45,0.082839
7010,13977,37876,27.117,246.8,185.62,0.1415
7011,14031,37718,19.321,428.04,322.7,0.14032
7012,13158,37393,26.971,522.36,330.51,0.22495
7012,14008,37697,22.906,496.91,555.05,-0.05527
7013,13685,37982,25.206,584.14,194.21,0.50096
7014,11783,38091,31.829,243.97,108.53,0.38422
7018,13753,37977,33.64,829.4,729.94,0.063782
7019,13602,38014,29.349,251.27,119.37,0.35588
7020,13702,38028,28.69,190.88,127.39,0.19948
7020,14638,38223,18.474,531.48,323.34,0.24349
7021,11689,40369,33.549,538.14,216.65,0.42593
7021,13732,37972,26.584,338.04,261.77,0.12714
7024,12579,37420,34.052,296.08,251.85,0.080728
7027,13801,39190,30.293,401.87,335.65,0.089794
7028,11738,39071,24.803,1234.9,733.73,0.25458
7029,12063,38976,21.569,723.13,391.3,0.29776
7031,12073,39043,29.823,421.27,198.42,0.35961
7036,14306,40061,31.29,564.21,354.6,0.22813
7037,11950,38988,33.109,319.69,108.69,0.49257
7037,13530,38440,30.796,314.76,172.58,0.29175
7038,11898,38920,35.198,294.04,165.39,0.28002
7038,12361,40377,28.948,447.94,325.4,0.15845
7038,13571,38493,37.476,205.31,147.84,0.16274
7038,14566,37414,30.431,375.17,368.33,0.0091986
7039,14465,40216,21.985,577.23,402.95,0.1778
7040,12295,38878,26.404,300.56,243.99,0.10389
7040,13760,40249,29.218,502.07,292.41,0.2639
7040,14522,40111,30.254,365.49,168.49,0.36892
7041,12305,38952,32.898,202,134.33,0.20121
7041,13058,39108,33.21,537.09,372.62,0.1808
7041,14257,40346,29.501,656.2,462.65,0.17299
7042,11908,39102,23.101,748.04,691.49,0.039289
7042,12960,39174,27.938,426.85,235.82,0.28828
7042,13812,37407,30.325,417.45,328.21,0.11968
7043,13461,40094,25.386,924.98,822.45,0.058672
7044,13011,39836,34.556,653.9,584.84,0.055752
7045,12961,39678,25.761,1281.8,949.89,0.14874
7045,14245,37634,30.209,484.49,306.03,0.22576
7046,12664,39570,24.144,1132.1,732.06,0.2146
7046,13078,38330,31.641,403.9,329.63,0.10126
7046,13284,37644,26.021,461.01,506.33,-0.046851
7047,12633,39579,19.63,1249.1,1008.4,0.10662
7047,13185,37588,36.824,696.98,519.52,0.14588
7047,14058,40322,32.004,580.44,374.81,0.21526
7050,13568,37660,38.218,565.54,323.72,0.27194
7052,14082,40289,26.472,241.71,290.78,-0.092152
7058,12044,37489,26.325,596.68,360.82,0.24633
7058,12302,38294,24.996,326.76,186.98,0.27208
7058,13706,39252,26.676,323.53,462.82,-0.17713
7060,13626,39605,28.893,457.35,388.14,0.08185
7061,13726,39805,27.089,558.66,444.14,0.1142
7061,14361,40295,25.809,403.99,170.22,0.40711
7062,13451,38315,33.816,301.81,125.31,0.41324
7063,13170,39748,31.047,370.84,296.26,0.11179
7064,13996,40224,33.309,463.68,455.57,0.0088149
7064,14392,38037,35.781,303,162.08,0.30301
7065,12885,39831,30.728,257.41,165.46,0.21743
7067,13411,39471,36.451,697.95,799.1,-0.067562
7069,13105,39868,37.847,229.66,339.19,-0.19256
7069,13954,38989,28.525,804.29,883.58,-0.046974
7070,12210,40191,22.04,839.13,590.9,0.17359
7070,12500,37946,31.486,419.08,308.78,0.15153
7070,12626,38844,23.234,279.3,149.7,0.3021
7070,13334,37844,34.345,294.69,177.49,0.24821
7070,14120,37955,24.552,554.71,477.82,0.074464
7071,12302,37956,25.633,536.45,331.9,0.23556
7071,14070,37907,21.111,400.67,242.31,0.24629
7072,12724,38625,21.141,923.71,309.82,0.49767
7072,13869,39703,38.102,1265.3,658.91,0.31515
7072,14134,37779,36.497,295.13,241.21,0.10052
7073,12135,38110,31.484,326.04,195.88,0.24938
7073,13891,37643,34.345,826.89,707.73,0.077648
7074,13091,38310,31.972,522.34,326.59,0.23058
7074,14077,39575,28.783,829.26,646.69,0.1237
7075,12340,38063,32.247,250.37,148.17,0.25645
7075,13284,40364,26.148,372.55,195.96,0.31061
7075,14091,39808,20.394,655.8,417.44,0.22209
7075,14615,38250,23.933,512.49,372.71,0.1579
7076,14555,38317,25.161,422.37,256.07,0.24512
7077,12416,37543,25.307,564.05,544.23,0.017881
7077,14604,38217,26.585,599.95,590.77,0.0077103
7078,12700,38346,38.687,379.33,286.22,0.13991
7079,12777,38710,26.918,859.53,568.12,0.20411
7079,13188,39069,33.335,810.97,517.26,0.22113
7080,12948,40342,32.435,506.38,230.47,0.37445
7081,11685,37801,34.203,576.54,204.13,0.47704
7081,12877,37943,32.6,387.88,347.18,0.055374
7081,13661,38612,27.091,178.92,118.77,0.20205
7082,12766,38019,29.978,327.37,108.79,0.50113
7084,13530,37888,32.401,160.2,313.8,-0.32405
7084,13653,39298,24.947,283.43,182.72,0.21605
7085,13573,37547,28.543,488.09,506.09,-0.018097
7089,13590,37872,29.559,416.27,349.19,0.087636
7089,14483,38025,30.996,298.36,218.33,0.15489
7090,14618,38314,27.154,315.46,158.33,0.33163
7092,11854,39664,20.447,662.1,440.76,0.2007
7092,14423,40165,34.744,258.32,265.51,-0.013719
7092,14623,38128,38.07,312.06,262.3,0.086628
7093,11918,39727,25.919,846.09,776.98,0.042584
7094,13918,37849,31.453,385.61,298.11,0.12798
7095,14161,38015,35.244,244.62,260.68,-0.03178
7097,12116,39584,26.957,672.63,502.35,0.14492
7097,14422,37423,28.839,346.92,318.04,0.043428
7097,14616,38090,20.344,391.05,242.99,0.23353
7098,11953,39588,37.382,253.62,135.93,0.30213
7099,14035,38014,41.351,733.26,621.73,0.082314
7100,13819,37913,28.555,600.29,371.78,0.23507
7101,12955,38281,31.392,160.47,203.73,-0.11877
7101,14092,38218,34.325,308.13,119.87,0.43988
7102,12519,40206,32.911,500.31,331.36,0.20315
7103,14161,38135,26.264,363.04,205.9,0.2762
7104,12927,38667,24.641,510.58,358.06,0.17559
7105,13037,38742,15.037,613.79,118.83,0.6756
7105,14183,38767,30.008,513.04,312.41,0.24306
7107,13222,39193,9.052,722.2,153.26,0.64988
7108,13155,39292,21.023,302.7,201.54,0.20062
7108,13782,39192,33.273,379.52,200.07,0.30961
7109,12672,37609,28.411,486.15,378.23,0.12486
7110,12622,37633,29.931,466.12,319.2,0.18708
7111,13798,39265,28.151,419.93,254.27,0.24572
7113,11783,38572,31.79,413.3,185.16,0.38121
7113,13709,39280,29.058,720.06,202.31,0.56133
7115,11808,38658,39.71,401.22,162.92,0.42242
7116,11900,38744,31.171,844.38,741.07,0.065161
7116,14558,38452,26.876,237.79,107.26,0.37829
7116,14625,39354,14.056,574.1,325.21,0.27676
7117,11824,40264,30.247,332.79,171.64,0.31946
7117,11971,39132,31.813,392.08,365.05,0.035695
7117,13930,38109,31.066,344.7,211.13,0.24031
7118,14142,37981,31.16,201.95,116.95,0.26652
7119,11892,39353,27.387,378.76,278.21,0.15305
7119,12456,37806,35.774,287.08,234.9,0.099955
7119,13091,39841,29.901,461.75,154.14,0.49945
7125,12203,38944,32.907,564.19,493.44,0.066898
7125,13614,40368,28.655,302.8,351.74,-0.074766
7125,14522,38204,31.848,599.42,264.64,0.38745
7126,12005,38973,32.143,579.77,419.46,0.16044
7126,13552,37638,30.36,409.05,307.96,0.14098
7126,14352,37702,28.645,1402,736.7,0.31109
7128,12028,39139,28.175,276.91,215.93,0.12373
7129,11997,38915,27.448,630.15,375.95,0.25266
7129,13589,40322,23.967,382.33,107.46,0.56119
7130,11974,38701,35.181,305.24,295.8,0.015703
7131,12103,38588,26.868,504.78,417.49,0.094647
7131,14607,40368,33.867,463.88,377.07,0.10323
7132,12677,37495,20.605,649.02,445.48,0.18597
7132,14616,40385,19.963,845.29,769.55,0.046903
7133,11766,39744,28.333,504.78,397.84,0.11848
7133,12530,37464,29.616,628.78,486.54,0.12754
7134,11828,38001,31.789,431.41,547.84,-0.1189
7135,12137,37880,35.206,406.22,442.4,-0.042625
7135,12194,38923,22.702,533.21,160.67,0.5369
7135,13712,38294,31.321,495.96,688.7,-0.16269
7136,12081,40287,30.46,422.93,336.47,0.11385
7136,12478,37833,26.72,647.18,458.94,0.17018
7136,14605,38997,27.036,1504.2,1094.3,0.15774
7137,14113,38074,34.148,319.71,300.45,0.031054
7137,14449,38870,17.972,1071.7,826.23,0.12935
7137,14523,39406,32.102,844.57,599.15,0.16999
7138,12270,39969,18.345,654.17,328.72,0.33112
7138,14632,39275,18.162,523.91,276.3,0.30944
7139,12251,40011,18.233,693.31,449.72,0.21311
7139,12598,37903,25.595,1086.4,887.94,0.10052
7140,12569,38510,27.084,499.23,229.68,0.3698
7141,11859,39855,30.778,522.03,272.57,0.31393
7141,12141,38287,36.535,489.31,297.68,0.2435
7141,13197,38215,29.037,404.07,353.54,0.06669
7143,12504,38591,16.985,390.9,104.1,0.57938
7145,11896,40220,26.221,507.55,275.16,0.2969
7145,12467,38391,28.823,1066,153.81,0.74781
7146,13312,38173,22.905,500.25,398.48,0.11324
7146,14656,39330,13.433,620.79,410.29,0.20415
7147,13241,38296,17.094,1113.6,982.39,0.062618
7148,12651,40135,33.816,401.91,296.52,0.15089
7148,12944,38431,29.228,321.87,278.47,0.072302
7151,11781,39953,23.878,415.77,214.31,0.31974
7153,12082,39100,25.801,265.45,207.14,0.1234
7155,13599,38822,28.223,439.13,209.75,0.3535
7156,13613,38647,26.674,573.16,302.88,0.30852
7156,13795,37970,29.516,577.26,285.53,0.33812
7157,14614,39559,35.628,359.36,304.21,0.083098
7158,13799,38762,32.372,254.48,248.58,0.011738
7159,12081,39689,27.88,225.46,155.27,0.18436
7160,14431,37457,31.736,437.57,202.76,0.36669
7161,11741,39276,33.974,208.36,125.66,0.24759
7162,12782,39175,31.725,302.5,189.9,0.22866
7163,13888,37970,31.881,730.2,240.27,0.50484
7165,11747,39005,35.393,583.06,415.68,0.16759
7165,14627,37785,33.478,689.48,367.12,0.30509
7166,13118,38260,35.657,456.37,386.11,0.083398
7166,13247,39076,31.428,185.26,182.97,0.006232
7167,13792,39351,29.508,545.43,379.67,0.17917
7168,12545,37400,34.605,642.05,761.12,-0.084853
7169,13802,39406,34.501,346.99,326.37,0.030632
7170,13240,39036,31.69,179.91,105.43,0.26102
7170,13821,39884,31.563,368.84,534.83,-0.18369
7171,14560,38221,28.695,392.96,294.24,0.14365
7172,14285,38231,22.176,532.18,152.91,0.55362
7174,14528,40100,33.094,267.48,173.94,0.21192
7176,14234,39062,26.603,456.88,249.45,0.29367
7177,14185,38960,25.578,684.22,502.5,0.15313
7178,13266,40168,27.503,609.12,351.16,0.26863
7184,13877,38315,36.341,233.94,296.03,-0.11716
7185,11758,37812,24.595,588.5,526.52,0.055585
7186,14395,38773,35.019,417.01,287.8,0.18333
7187,12403,37951,16.028,465.58,113.33,0.60846
7187,12674,38797,19.783,365.79,126.12,0.48722
7188,12626,38714,23.166,784.3,293.2,0.45577
7189,12654,38731,18.522,678.79,423.37,0.23174
7190,12305,38014,32.834,305.81,314.58,-0.014143
7190,12673,40048,29.743,287.78,230.28,0.11098
7191,14347,38259,17.319,272.03,121.69,0.38184
7194,14452,38996,33.307,544.9,155.88,0.55512
7195,13279,37991,28.21,534.48,317.27,0.25501
7195,14251,39145,35.462,459.61,221.29,0.35001
7196,13424,39641,31.985,593.81,303.52,0.3235
7196,14297,39969,35.042,573.11,465.57,0.10354
7197,11699,37953,32.186,539.46,500.32,0.037643
7199,12530,39954,22.186,724.95,550.87,0.13645
7199,13479,40368,29.371,591.14,332.56,0.27994
7200,12340,37964,16.57,373.05,167.46,0.38035
7200,12522,39856,14.41,533.04,226.67,0.40327
7200,13378,40044,45.192,368.56,350.49,0.025142
7201,13148,40013,19.174,712.02,561.08,0.11856
7202,12333,37941,20.962,240.3,114.39,0.35498
7202,13300,40034,18.215,766.21,397.75,0.31656
7204,12416,37602,30.481,567.2,328.77,0.26612
7204,12387,37819,33.27,750.52,506.18,0.19444
7205,12335,37925,23.79,288.83,199.13,0.18382
7205,14538,37535,34.916,329.88,247.59,0.1425
7206,12331,37961,24.972,394.78,271.8,0.1845
7206,14517,37547,30.305,343.36,172.48,0.33126
7207,12455,39900,19.938,234.38,105.25,0.3802
7207,14649,39262,34.458,439.18,249.55,0.27534
7209,12387,37904,32.156,531.02,112.41,0.65058
7209,12804,38770,27.894,475.13,281.69,0.2556
7213,12341,37967,16.922,478.91,107.14,0.63436
7214,12590,39974,26.375,583.86,236.6,0.42325
7214,14635,38860,27.83,554.14,446.36,0.10772
7215,12626,40024,22.75,962.02,506.93,0.30981
7217,12207,39193,26.56,413.23,350.65,0.081928
7217,13023,37393,26.039,381.69,185.37,0.34621
7219,11780,37991,26.793,315.97,178.49,0.27803
7219,14020,39477,31.317,324.77,180.15,0.28641
7220,12120,38898,33.471,430.57,393.61,0.044838
7220,14556,38917,26.666,461.81,211.7,0.37135
7223,11761,37804,27.41,465.64,239.24,0.3212
7223,12445,40177,19.264,539.44,209.76,0.44004
7223,13148,39284,21.379,348.43,201.99,0.26605
7224,13126,39384,33.538,317.87,434.19,-0.15466
7226,11932,38344,35.956,318.4,316.21,0.0034532
7227,14152,39003,35.182,213.73,194.26,0.047733
7228,14230,39034,31.111,517.5,325.16,0.22825
7230,13796,39747,27.63,412.76,327.35,0.11541
7232,12078,40032,23.524,498.93,264.7,0.30673
7232,14216,39983,30.679,187.43,115.32,0.23818
7234,12436,38435,35.112,294.2,253.03,0.075219
7234,14491,39666,33.692,227.17,189.52,0.090349
7237,14071,38332,29.385,369.16,465.38,-0.1153
7238,12944,39112,39.062,299.98,193.22,0.21647
7238,14302,39999,25.261,196.36,207.55,-0.027698
7239,13627,38637,29.175,340.2,265.05,0.12417
7239,13975,39453,38.511,335.39,295.65,0.062971
7239,14296,40043,32.725,348.9,308.19,0.061952
7240,13246,39039,14.792,656.65,523.25,0.11306
7240,13370,38457,33.624,303.99,261.23,0.075652
7240,13724,40289,28.856,538.38,421.46,0.12181
7240,14120,39025,35.211,269.97,240.4,0.05794
7240,14495,37698,27.922,541.95,363.91,0.19655
7241,12126,38202,31.791,504.56,304.05,0.24798
7241,14021,39120,31.76,399.72,223.12,0.28353
7241,14282,40013,29.924,478.5,329.83,0.18392
7242,11923,37850,24.592,397.42,228.75,0.26937
7243,11899,37940,25.166,1097.9,678.32,0.23624
7244,11701,38929,27.532,613.49,403.19,0.20685
7244,12016,37994,36.442,983.06,960.87,0.011415
7244,12845,38303,29.848,950,255.11,0.57662
7244,13197,39548,34.365,466.56,267.94,0.27041
7245,12118,38223,32.506,555.66,329.53,0.25547
7246,14635,38253,19.192,794.71,520.93,0.2081
7247,12690,38222,30.062,351.65,236.4,0.196
7247,14609,38152,38.842,753.83,528.4,0.17581
7248,13593,38117,33.234,504.71,404.58,0.11012
7249,13652,38333,21.773,734.09,482.69,0.20661
7249,14243,37771,43.465,936.1,660.42,0.17267
7250,13633,38130,24.265,834.64,686.21,0.097597
7251,11699,38774,22.984,773.81,392.75,0.32665
7251,14260,37698,33.257,492.72,353.21,0.16492
7252,11735,39105,22.629,1139,1046.7,0.042239
7253,11920,38768,24.155,411.1,347.97,0.083163
7253,13836,38354,30.256,587.73,428.47,0.15672
7254,11813,39781,24.52,957.88,530.46,0.28718
7254,12706,37400,26.783,521.41,347.12,0.20067
7254,13834,38059,25.611,772.81,512,0.20299
7255,11704,39710,21.374,339.27,241.89,0.16756
7255,12567,37456,24.519,713.44,542.12,0.13645
7255,12709,40360,27.322,857.43,629.75,0.1531
7255,13488,40372,18.699,939.23,650.37,0.18172
7258,13158,39150,35.753,265.12,266.98,-0.003496
7258,13617,40390,26.268,844.4,479.04,0.27606
7259,13244,39137,23.041,266.93,107.08,0.42741
7262,12274,38460,17.8,882.37,636.91,0.16157
7262,13454,39140,34.777,442.21,164.56,0.45759
7263,12296,38571,29.402,305.59,223.56,0.15501
7263,14035,37666,22.849,276.76,129.18,0.36354
7264,13628,38873,36.441,343.51,276.47,0.10813
7265,11996,38629,30.961,591.51,383.02,0.21394
7265,12498,39689,28.29,305.17,140.45,0.36963
7265,13418,38962,24.968,404.35,219.69,0.29591
7265,14042,37709,25.737,382.7,396.43,-0.01762
7266,12077,37884,32.931,689.11,535.68,0.12527
7266,12176,38513,24.298,382.69,303.64,0.11518
7266,13337,39970,22.996,281.11,226.78,0.10697
7266,13468,39191,27.09,319.44,167.16,0.31294
7267,13472,39698,33.243,518.31,338.31,0.21012
7267,13911,38117,39.676,782.93,486.58,0.23344
7268,12082,38493,25.547,476.61,520.58,-0.044088
7268,12235,39600,28.048,546.73,324.52,0.25505
7269,12006,39619,27.358,293.49,323.58,-0.048757
7269,12192,38928,30.515,227.9,204.46,0.054226
7269,13359,39849,29.545,617.71,724.62,-0.079649
7270,11800,37906,29.74,244.21,188.87,0.12777
7270,11879,39671,24.203,294.53,160.28,0.29519
7270,12099,38837,35.36,280.24,284.77,-0.008002
7270,13210,39785,25.361,327.99,273.88,0.089902
7271,12022,38991,22.92,350.96,223.72,0.22142
7272,11990,38992,24.617,445.22,199.85,0.38037
7272,13366,39935,31.72,447.53,313.63,0.17591
7273,12141,39039,24.273,375.53,309.21,0.096846
7273,12472,38112,32.515,277.1,246.53,0.058373
7273,13089,38035,38.602,199.21,146.75,0.15161
7273,14172,37823,28.982,285.14,205.8,0.1616
7274,12587,38194,37.763,460.08,373.06,0.10446
7274,12564,39041,34.671,330.45,150.77,0.37338
7274,13212,38088,24.83,434.86,356.21,0.099425
7274,14185,37938,17.687,969.35,761.47,0.12011
7275,12479,39192,30.643,420.54,374.89,0.057388
7275,13047,38253,35.513,448.16,309.35,0.18324
7275,14140,37805,26.998,526.66,369.58,0.17527
7276,13743,39283,34.756,336.04,328.79,0.010901
7276,14286,38248,34.219,739.39,606.05,0.099107
7277,14051,37808,30.516,402.54,200.58,0.33486
7278,12143,39529,25.61,859.33,503.59,0.26101
7278,12993,39516,30.381,618.03,361.63,0.26173
7278,14044,39304,32.895,429.18,146.12,0.49202
7279,12010,39551,24.926,852.39,619.44,0.15827
7279,12824,39583,25.979,461.3,237.81,0.31968
7279,14603,40366,28.168,429.96,286.78,0.19977
7280,12080,39413,31.136,471.1,364.15,0.12804
7281,12265,39228,24.357,706.92,572.66,0.10493
7281,13075,39530,38.713,444.23,513.19,-0.072027
7281,14088,38876,32.643,428.64,294.41,0.18564
7283,13161,37407,24.437,261.54,170.15,0.2117
7283,13994,40098,34.194,239.05,116.28,0.34552
7283,14392,38231,30.157,363.44,219.71,0.24647
7284,14162,39949,31.654,556.13,138.04,0.6023
7286,12695,38799,33.454,482.43,320.17,0.20217
7290,11942,40356,17.721,1164.8,649.69,0.28388
7290,12688,39307,27.529,265.85,141.56,0.30507
7290,14189,38133,37.051,270.62,199.13,0.15219
7291,13855,38488,25.466,797.5,749.19,0.031234
7294,14531,38305,30.138,490.01,503.82,-0.013889
7295,12986,39600,31.351,333.36,256.06,0.13115
7297,11705,38954,23.306,1689.6,929.4,0.29027
7297,13227,39097,27.508,241.01,156.95,0.21122
7297,14607,38888,24.188,444.42,225.75,0.32628
7298,11886,39000,29.123,697.6,313.16,0.38034
7298,14625,38679,22.133,489.74,393.56,0.10889
7299,12090,37760,26.665,311.73,147.59,0.35735
7300,12496,40112,27.532,421.2,257.22,0.24171
7301,12451,40121,22.202,454.75,227.44,0.3332
7301,14578,38716,20.198,798.09,413.41,0.31752
7302,14205,38588,21.721,532.02,319.32,0.24984
7303,11909,37683,26.558,530.42,279.5,0.30981
7305,14658,38507,25.276,473.28,227.67,0.3504
7306,11975,40021,28.355,574.54,392.71,0.18799
7306,14621,39350,27.122,725.22,436.24,0.24881
7306,14632,39699,30.53,449.98,271.77,0.24692
7307,11672,39181,26.969,254.81,257.46,-0.0051656
7307,14612,39800,26.172,617.24,421.95,0.18792
7310,13014,37936,29.189,396.44,369.57,0.035069
7310,13292,40179,32.742,330.9,141,0.4024
7310,14341,38286,34.135,286.99,222.62,0.1263
7311,11931,38245,28.216,384.27,267.26,0.1796
7311,13015,38153,36.947,312.12,156.29,0.33268
7313,13699,40257,24.202,239.8,127.27,0.30658
7314,11751,38435,30.406,612.22,501.11,0.099803
7314,12710,40172,32.417,392.55,115.18,0.54629
7316,13460,40378,30.264,850.4,465.76,0.29224
7317,13144,40124,25.716,261.74,228.98,0.066749
7317,14625,38222,19.346,479.89,378.82,0.1177
7318,13078,40011,31.29,404.99,358.39,0.061054
7321,12299,37523,27.05,408.04,327.44,0.10959
7322,12321,37503,19.193,340.19,112.54,0.50283
7324,12241,37426,19.127,458.55,321.85,0.17517
7324,14576,38107,25.543,345.95,144.34,0.41119
7325,12138,37580,24.541,408.4,109.84,0.57609
7326,11743,38970,23.639,443.2,318.41,0.16385
7327,13917,38179,22.806,618.24,382.57,0.23548
7328,13605,37730,30.948,252.11,122.16,0.34721
7329,13571,37740,24.042,431.41,213.31,0.3383
7329,14064,38389,33.319,476.67,250.91,0.3103
7330,13238,39170,22.93,1067.3,511.37,0.35215
7330,14565,40242,28.754,404.59,358.96,0.05976
7331,12904,37504,30.146,651.36,384.11,0.25809
7332,14640,39594,28.832,368.29,103.02,0.56283
7333,13638,39324,24.705,626.96,297.84,0.35588
7333,14050,37892,34.512,326.64,290.3,0.058909
7334,13612,39301,24.75,329.31,245.52,0.14577
7334,14114,37702,27.223,327.86,186.86,0.27394
7334,14292,39532,32.921,641.91,411.61,0.2186
7335,14413,39394,30.579,393.59,280.04,0.16856
7336,14535,39408,22.884,412.12,192.8,0.36256
7337,14382,39401,28.342,196.83,151.83,0.12907
7341,13528,38090,30.777,388.4,194.66,0.33228
7343,13377,38249,30.761,399.04,300.57,0.14076
7344,13544,38066,31.472,399.29,245.39,0.23872
7345,11750,39900,8.6028,1071.9,136.8,0.77363
7345,14435,38424,22.947,566.85,345.48,0.24264
7348,12501,38887,20.425,478.42,296.55,0.23469
7349,12465,38765,30.077,617.74,257.99,0.4108
7349,13400,38162,28.688,412.04,259.08,0.22792
7349,13333,40231,29.185,731.53,530.78,0.15904
7350,12652,38728,31.351,219.64,122.54,0.28378
7354,11892,39677,34.922,338.9,238.87,0.17315
7357,12033,37930,34.572,571.43,433.73,0.13699
7357,12705,38331,36.066,332.79,192.74,0.26649
7358,11934,39953,20.43,866.78,717.16,0.094459
7359,14576,39163,35.351,275.34,251.55,0.045153
7360,14639,39389,28.888,516.5,457.13,0.06098
7361,12772,38737,29.411,287.51,162.93,0.27657
7361,13187,38629,46.939,481.51,314.38,0.20999
7363,12663,38799,28.416,193.99,149.22,0.13046
7363,13108,38775,37.004,528.1,376.9,0.16708
7364,12932,38790,34.765,434.15,254.64,0.26061
7366,12388,39041,26.131,516.93,409.01,0.11655
7367,12703,39034,30.136,396.54,203.9,0.32083
7367,13990,38863,25.574,732.29,286.42,0.43768
7368,14626,38509,28.092,574.25,651,-0.062645
7369,12113,37786,31.85,552.68,481.94,0.068377
7369,12510,39408,26.574,690.95,464.83,0.19565
7369,14586,38638,34.053,274.54,200.05,0.15695
7369,14638,39250,33.877,474.7,597.14,-0.11423
7371,11676,39662,23.527,612.73,346.63,0.27736
7371,14636,39328,25.84,240.61,183.94,0.13348
7372,11793,39384,22.735,463.07,245.11,0.30778
7376,13105,38130,31.995,337.64,446.66,-0.13899
7377,14020,38515,35.073,423.76,257.84,0.24343
7378,13252,39196,29.265,255.17,210,0.097088
7378,13947,38612,26.172,350.93,245.85,0.17609
7379,13420,38680,27.086,1024.4,911.51,0.058304
7380,13458,38622,27.035,598.35,378.97,0.22447
7381,14496,38462,19.632,901.89,1036.4,-0.069387
7382,12340,37972,34.571,544.14,308.87,0.27582
7383,12195,37848,32.627,657.14,624.01,0.025856
7384,14202,38586,25.249,733.17,923.94,-0.11512
7385,13367,37933,24.894,302.88,152.42,0.33046
7385,14096,38800,32.21,288.22,876.34,-0.50502
7387,14377,38406,30.899,446.41,276.41,0.23519
7388,13364,38699,27.533,281.54,242.84,0.073816
7391,13993,39664,35.442,469.72,464.96,0.0050962
7392,13770,39782,23.266,524.1,241.9,0.36841
7393,11949,39191,32.897,644.67,506.54,0.11999
7393,11934,40351,25.439,780.05,517.91,0.20197
7394,11810,39044,20.723,718.71,308.98,0.39869
7395,12936,40311,38.43,652.14,633.36,0.014607
7396,11862,39361,33.76,189.7,105.11,0.28696
7396,12662,40296,34.543,582.43,369.28,0.22397
7397,11792,39223,29.155,315.18,114.66,0.4665
7398,11681,38168,33.747,473.3,316.87,0.19797
7398,14609,39523,22.282,607.78,145.42,0.61386
7399,14349,39724,32.743,609.66,300.34,0.33992
7400,14010,38655,32.173,335.6,176.07,0.31178
7401,12381,39276,21.72,532.16,388.51,0.15602
7401,12579,38689,21.841,565.17,362.68,0.21823
7402,12093,37668,25.386,429.71,275.79,0.21817
7403,12031,38836,21.56,250.85,136.78,0.29428
7403,12747,39834,32.334,398.52,263.55,0.20386
7404,12068,37558,24.634,238.87,145.61,0.24255
7404,12602,39803,23.213,530.31,205.28,0.44187
7406,12303,40170,25.631,702.34,580.21,0.095226
7407,13994,37650,30.602,283.84,236.01,0.092015
7408,13992,39862,33.854,619.21,504.17,0.1024
7411,12583,40144,35.08,687.14,606.26,0.062533
7412,12477,40079,26.254,841.18,547.18,0.21176
7413,13147,38062,25.896,525.31,569.36,-0.040244
7413,14543,38380,27.736,819.58,661.06,0.10706
7414,14232,40187,32.444,492.56,431.27,0.06634
7414,14547,38213,25.513,614.78,445.52,0.15963
7414,14591,39301,18.755,268.52,172.1,0.21881
7415,13779,40184,25.171,503.61,121.58,0.61105
7415,14599,39189,36.165,373.07,158.65,0.40326
7416,12761,38100,40.698,528.16,364.02,0.18398
7416,12837,37895,35.513,588.01,305.92,0.31557
7416,14302,38844,37.677,601.25,487.88,0.10409
7416,14613,39278,23.444,275.41,215.83,0.12128
7418,13707,39039,29.986,201.01,117.42,0.26252
7418,14513,39320,16.118,825.47,480.04,0.26459
7419,14457,39307,20.174,879.91,397,0.37818
7420,14587,39303,26.622,713.1,285.37,0.42838
7421,14476,39191,28.008,682.33,456.09,0.19873
7422,13284,38676,36.102,319.96,124.84,0.43867
7423,11906,38768,25.531,613.79,393.17,0.21909
7423,13316,38766,35.172,518.53,222.83,0.39887
7424,12644,37502,30.909,229.65,102.98,0.38082
7424,13347,38651,33.494,185.46,179.04,0.017614
7425,14495,38912,17.418,788.78,102.22,0.77054
7426,14399,38979,18.852,1438.8,196.04,0.76017
7427,13286,38194,24.539,639.32,519.21,0.10367
7428,13144,37993,26.773,582.64,311.07,0.30386
7428,14432,40274,13.834,701.03,128.29,0.69062
7429,13235,39612,30.865,812.56,533.21,0.20758
7429,13322,37883,36.162,577.92,416.4,0.16245
7429,14258,37901,32.508,344.66,172.19,0.33369
7430,13264,38211,39.067,642.05,303.97,0.35737
7432,13165,38677,34.051,420.71,349.92,0.091855
7434,12698,38206,23.37,523.38,382.58,0.15541
7434,14135,38337,33.861,393.3,361.51,0.042129
7436,13312,38181,32.229,359.37,235.1,0.20904
7437,12268,37721,25.415,497.07,385.91,0.1259
7438,12376,37859,21.928,1028.4,700.14,0.18991
7438,13519,38191,29.703,826.26,747.45,0.050077
7438,14453,37949,25.503,372.68,176.79,0.3565
7439,12443,37550,27.81,297.97,164.18,0.28948
7439,13424,38303,33.134,234.51,276.08,-0.081408
7439,14665,37743,31.313,512.16,343.96,0.19647
7440,12193,37769,32.08,206.53,151.92,0.15236
7440,13851,37571,30.136,560.37,502.27,0.054676
7441,12138,39701,31.43,769.08,705.85,0.042873
7442,11979,39609,22.214,983.56,713.52,0.15912
7443,11790,37564,31.3,281.31,244.12,0.070772
7443,11908,39651,25.243,1183.2,746.3,0.22641
7443,14523,40028,32.538,325.16,356.24,-0.045604
7444,11702,39352,19.082,1196.8,674.8,0.2789
7444,12573,40303,27.948,655.96,712.39,-0.041243
7446,12248,37828,26.814,609.64,394.56,0.21419
7447,12354,37940,27.444,525.37,401.27,0.13393
7447,12905,37576,29.982,965.18,598.29,0.23466
7447,14460,37704,36.864,353.08,183.25,0.31665
7448,12308,37957,18.734,320.17,256.69,0.11004
7448,12842,37675,31.304,372.25,768.26,-0.34723
7449,12669,37684,20.881,643.35,868.75,-0.14907
7450,12760,37454,34.312,283.53,342.4,-0.094066
7454,12681,39173,22.307,903.88,633.45,0.17591
7455,12290,38924,21.393,1004.4,589.57,0.26026
7459,11743,40232,30.436,485.35,326.3,0.19596
7461,12431,38953,26.08,417.19,177.4,0.40329
7462,12253,39219,35.093,288.73,161.75,0.28189
7462,14282,37747,30.291,800.28,645.25,0.10725
7463,12876,37880,25.944,540.03,396.34,0.15346
7465,12326,38562,35.449,443.12,199.55,0.37899
7466,12056,39536,22.321,921.79,791.24,0.076209
7467,12005,39797,29.454,329.31,383.11,-0.075511
7467,12271,38166,20.729,665.5,216.63,0.50885
7467,14578,39392,24.498,660.61,604.42,0.044424
7468,12157,38159,26.318,428.17,236.75,0.28789
7468,14109,40389,32.598,540.52,524.19,0.015337
7468,14593,39338,23.841,532.04,598.23,-0.058563
7469,11850,37699,24.704,977.78,515.51,0.30956
7470,11933,37525,19.478,829.66,377.96,0.37404
7470,12657,40219,30.211,536.56,321.94,0.25
7471,11918,37492,23.135,1218.8,852.56,0.17679
7471,13380,39648,25.292,402.89,222,0.28947
7472,11769,37508,18.837,760.89,531.22,0.17775
7473,11672,37539,21.743,453.49,336.57,0.14798
7473,12621,38327,29.092,873.86,103.35,0.78849
7474,11814,37924,20.145,940,914.56,0.013713
7474,12546,38139,34.253,330.23,194.47,0.25873
7475,11703,38002,33.906,243.03,241.88,0.0023869
7475,12614,38007,32.573,734.41,311.28,0.40464
7476,13012,37398,22.465,917.78,727.38,0.11573
7477,13447,39558,27.13,598.77,436.84,0.15637
7478,11858,39974,32.057,535.25,301.14,0.27991
7478,12601,38709,36.695,310.06,276.46,0.057283
7479,12313,40102,23.59,596.07,416.58,0.17724
7479,12489,38908,39.582,292.77,294.28,-0.0025754
7481,14592,39280,20.821,476.83,338.22,0.17006
7483,14319,39047,28.584,396.29,355.65,0.054052
7484,13352,38869,27.261,481.57,377.22,0.12151
7484,14260,38272,22.018,314.04,148.64,0.35748
7485,12469,37808,28.234,598.68,325.79,0.29519
7485,13714,38553,23.923,974.73,827.91,0.081446
7486,12510,37897,33.307,398.14,267.01,0.19715
7486,12634,39059,30.811,259.41,235.81,0.04766
7486,13788,38384,23.891,487.37,314.19,0.21606
7487,13552,38521,30.861,453.04,383.09,0.083659
7487,14439,38203,30.596,638.15,626.33,0.0093462
7488,13914,39690,22.944,883.65,549.89,0.23282
7489,13442,38553,25.244,255.27,199.27,0.12321
7493,13332,39910,31.116,369.77,376.36,-0.0088392
7493,14605,39411,28.321,346.41,389.41,-0.058433
7494,13258,40063,23.305,641.26,352.23,0.29092
7494,14654,39133,38.604,457.97,388.01,0.082695
7495,12612,38609,31.822,364.95,202.05,0.28731
7496,12241,38921,22.049,565.71,308.23,0.29462
7496,14645,39273,17.604,563.42,422.91,0.14245
7497,12139,38994,23.885,897.3,640.71,0.16683
7497,12651,37659,35.486,213.51,114.08,0.3035
7497,14586,39105,21.744,566.19,329.32,0.2645
7498,11840,39880,24.868,661.98,364.39,0.28995
7499,13856,40346,28.771,408.96,439.96,-0.036517
7499,14196,38142,31.55,429.51,392.41,0.045142
7501,12783,38683,29.889,554.66,295.2,0.3053
7501,13205,38850,29.762,442.75,207.12,0.36258
7501,14198,40312,35.775,429.17,430.41,-0.0014359
7502,12712,38577,32.37,304.7,256.83,0.08525
7502,14546,38846,27.148,247.34,211.42,0.078285
7502,14596,37886,30.213,261.67,323.78,-0.10609
7505,14623,38069,29.094,413.99,241.47,0.2632
7506,12873,39638,8.3753,922.94,190.61,0.65766
7507,12882,39621,8.8294,784.54,129.42,0.7168
7508,11941,39450,31.199,899.97,651.97,0.1598
7508,12483,37584,24.73,479.45,197.98,0.41549
7508,12870,39623,8.9149,821.19,116.98,0.75062
7508,14457,38408,24.702,379.55,140.55,0.45952
7509,12252,37604,35.343,569.18,330.1,0.26586
7509,14561,38308,34.954,229.34,130.03,0.27634
7509,14648,39333,21.974,376.35,164.5,0.39171
7510,12251,37439,29.63,337.18,169.22,0.33168
7510,14581,39314,14.708,634.79,408.53,0.21686
7511,12446,38132,31.458,443.26,357.43,0.1072
7512,12031,38946,26.031,293.17,255.05,0.069529
7513,12475,39894,35.27,507.73,456.31,0.053334
7514,14621,40171,28.755,937.95,759.11,0.10538
7516,13102,39934,28.901,263.5,120.7,0.3717
7517,13296,39508,21.75,358.45,213.73,0.25291
7518,13425,39554,32.544,381.59,372.59,0.011937
7519,13932,37812,26.885,498.06,149.58,0.53809
7519,14615,38982,25,612.56,270.18,0.38786
7520,12768,39963,28.866,252.36,208.93,0.094148
7520,13124,38545,26.957,493.49,507.09,-0.013588
7520,13490,39563,24.968,561.83,266.35,0.35677
7520,13630,37686,32.345,411.59,283.48,0.18431
7520,13614,40176,34.571,284.79,210.76,0.14938
7521,13490,39852,29.087,624.13,309.11,0.33756
7521,14510,38923,28.83,871.72,622.51,0.16678
7522,13633,40172,15.2,533.69,164.69,0.52838
7526,13582,40184,18.005,640.7,286.23,0.38241
7529,14287,39104,27.662,792.32,467.37,0.25796
7529,14346,38239,22.083,419.85,201.65,0.35109
7530,14504,37737,33.945,667.89,477.38,0.16635
7531,14003,39988,37.48,428.05,252.85,0.25731
7532,12309,39891,30.802,504.64,215.89,0.40075
7533,13882,39889,30.144,361.12,262.21,0.15868
7536,13946,39588,36.241,327.12,280.71,0.076365
7537,11840,37542,15.72,626.1,553.57,0.061487
7539,13077,38093,28.233,495.7,267.36,0.29924
7541,12586,40108,36.039,322.53,156.44,0.34675
7542,12676,40148,28.88,232.87,224.4,0.018536
7543,12472,37532,34.103,298.88,376.47,-0.11489
7543,12658,40177,18.929,509.19,366.16,0.16339
7544,12477,37441,28.204,578.89,697.95,-0.093243
7544,12803,39852,31.322,426.86,425.79,0.0012564
7544,14182,40207,23.917,325.74,122.21,0.45435
7545,12443,37561,31.291,348.73,432.07,-0.10673
7546,12255,40188,25.669,582.57,375.95,0.21557
7548,12420,39361,28.75,489.91,344.19,0.1747
7549,12420,38920,26.996,1087.5,698.29,0.21794
7550,12220,38268,32.471,646.54,471.6,0.15646
7550,13636,39718,28.431,313.46,169.46,0.29819
7551,12148,39213,31.815,606.84,603.7,0.0025867
7551,13439,40130,31.29,448.93,383.34,0.078804
7552,11889,39317,19.906,257.55,207.19,0.10837
7552,12335,38520,28.633,363.53,172.64,0.35604
7552,14242,39884,23.075,190.37,160.45,0.085276
7553,12438,38649,26.074,313.48,143.64,0.37154
7554,12469,38931,19.512,457.03,252.89,0.28755
7554,12447,39423,25.785,601.72,484.31,0.10811
7555,12341,39420,27.658,674.36,355.95,0.30904
7555,13193,40322,21.703,483.44,281.2,0.2645
7555,14465,39948,26.833,262.9,185.08,0.17372
7556,12243,39150,33.064,585.43,272.73,0.36438
7558,12410,38552,26.485,329.61,252.15,0.13315
7559,11672,38119,32.583,169.9,123.54,0.15798
7559,13524,37951,29.994,367.4,382.38,-0.019982
7560,13532,38021,35.958,285.9,220.51,0.12913
7561,12633,38983,31.566,438.45,368.7,0.086418
7561,13363,38267,38.832,639.06,462.81,0.15995
7562,13427,38418,23.793,544.24,395.04,0.15885
7563,14578,39310,22.996,435.31,288.24,0.20326
7567,13639,38041,35.743,407.57,236.37,0.26588
7573,13506,38157,30.493,200.33,126.17,0.22711
7574,12717,39565,36.323,344.1,418.34,-0.097371
7574,13408,38040,27.429,917.72,333.62,0.46678
7578,11807,39884,11.725,1013,133.27,0.76748
7579,13882,39709,34.284,228.7,145.07,0.22374
7582,12354,38933,32.393,288.93,139.2,0.34974
7583,12340,38949,34.605,357.01,336.74,0.029222
7584,12061,37600,30.177,294.38,105.45,0.47251
7586,12856,39426,25.741,356.48,268.08,0.14155
7586,14572,39347,24.947,693.04,577.06,0.091312
7587,13356,38382,32.288,628.65,457.98,0.15707
7587,14532,39320,34.581,456.17,189.54,0.41292
7588,12207,37571,29.22,224.71,170.5,0.13717
7588,13418,39294,30.768,326.19,281.25,0.073976
7588,14584,39205,35.879,324.19,457.94,-0.171
7589,13704,39332,38.178,642.51,530.46,0.095532
7592,11769,37932,30.133,493.32,382.51,0.12652
7592,14094,39201,27.501,606.68,803.46,-0.13955
7594,11680,37565,23.768,285.51,219.99,0.12961
7595,14076,39344,26.492,467.73,458.71,0.0097417
7596,13510,38180,35.046,274.71,104.08,0.45048
7596,14240,39287,39.488,388,221.45,0.27328
7597,14212,39660,31.953,481.42,347.8,0.16114
7598,13272,38364,38.726,816.7,324.08,0.43183
7598,13544,37703,34.356,569.64,430.31,0.13934
7598,13866,37650,35.768,869.79,642.42,0.15036
7599,14014,39464,26.825,615.76,370.17,0.24909
7599,14041,37684,29.6,265.19,186.8,0.17343
7601,12247,38559,28.503,378.9,146.95,0.44109
7601,13518,37479,33.859,580.55,332.24,0.27203
7602,12465,38599,33.464,397.42,195.49,0.34058
7603,12127,38323,30.56,246.23,194.2,0.11815
7604,14118,38325,31.499,350.16,305.98,0.067338
7606,13246,38463,12.212,718.77,197.93,0.56816
7607,13055,38455,12.311,880.36,206.6,0.61986
7607,13844,39282,28.084,350.1,374.9,-0.034207
7608,13042,38494,9.873,777.46,218.22,0.56166
7608,13184,40281,32.101,795.43,589.64,0.14858
7608,13770,39083,30.066,573.39,555.52,0.015827
7609,13074,38626,13.73,880.68,106.3,0.7846
7609,13193,39304,21.89,1127.4,561.38,0.33515
7609,13627,37613,31.049,203.55,169.38,0.091613
7610,12918,38656,17.252,684.72,234.97,0.48902
7610,13727,37623,21.106,411.9,162.59,0.43398
7611,12933,38705,18.022,769.76,257.65,0.49845
7612,11851,37802,35.517,955.98,563.15,0.25859
7612,12851,38000,46.694,617.88,940.6,-0.20707
7612,12934,38736,24.522,318.21,262.59,0.095753
7613,11895,37664,30.62,968.58,706.72,0.15631
7613,12107,39518,35.856,407.34,234.39,0.2695
7613,13483,37734,27.008,361.31,367.22,-0.008117
7614,13441,37766,38.535,163.58,126.51,0.12778
7614,14508,38900,26.737,326.65,174.58,0.30338
7615,12160,37487,31.026,265.97,178.24,0.19751
7615,13185,38516,34.909,462.49,429.64,0.036818
7616,12008,37431,35.392,358.71,299.92,0.08926
7616,13372,38236,38.747,423.57,225.49,0.30518
7617,13271,38431,26.637,720.99,752.79,-0.021573
7620,12508,38017,24.679,372.93,272.88,0.15493
7620,13901,38403,34.747,387.41,343.6,0.059932
7621,12908,37534,24.911,269.68,114.45,0.40412
7622,12316,40215,29.892,857.38,725.28,0.083468
7622,12741,37450,26.672,380.74,354.41,0.035814
7623,12601,37564,18.063,691.94,634.62,0.04321
7623,14057,40341,11.721,1064.6,466.09,0.391
7624,12759,37744,23.255,537.56,354.17,0.20565
7624,13335,38048,29.639,251.71,156.38,0.23361
7626,11847,40144,30.598,537.06,454.15,0.083647
7628,12651,37654,29.606,303.64,215.78,0.16915
7628,14053,38793,31.019,341.35,266.41,0.1233
7632,11992,37851,17.009,553.01,137.32,0.60216
7633,13207,38716,38.034,284.79,230.34,0.10571
7633,13364,40362,27.928,651.75,598.45,0.04263
7635,13827,38402,33.885,325.9,228.2,0.17633
7636,14178,38308,37.641,562.17,469.28,0.090062
7637,12269,37716,43.778,342.45,531.94,-0.2167
7638,12274,38331,28.659,442.31,371.23,0.087379
7639,12237,38010,29.151,441.03,338.05,0.13218
7639,12782,38808,31.874,340.06,132.89,0.43805
7639,14042,38795,35.101,327.65,151.43,0.36782
7640,12816,38837,21.322,283.01,118.81,0.40863
7640,14415,39757,33.092,519.04,272.66,0.31121
7643,13737,40241,35.27,241.26,268.61,-0.053639
7643,13941,37714,34.745,399.76,385.38,0.018322
7644,13801,37851,28.475,738.27,666.9,0.050788
7645,13693,38005,32.163,512.38,190.87,0.45718
7646,13459,38033,40.505,729.7,766.29,-0.024462
7646,14601,39309,25.774,685.3,756.72,-0.049525
7647,14505,39218,20.179,547.63,538.86,0.0080743
7648,13014,37493,24.186,497.91,234.23,0.36015
7648,14467,39183,19.864,417.61,481.61,-0.071175
7650,13892,38178,29.461,603.67,453.23,0.14234
7656,12662,38567,29.398,463.51,340.12,0.15354
7657,12449,38565,29.541,427.54,250.84,0.26048
7658,12331,38683,32.914,313.33,307.96,0.0086536
7660,14137,39515,38.056,352.36,247.39,0.17501
7660,14585,38256,33.338,242.99,138.84,0.27275
7661,14268,39806,29.571,611.56,383.1,0.22968
7661,14539,38299,20.736,246.81,188.35,0.13434
7663,12745,38802,28.808,474.99,366.91,0.12838
7663,14147,40043,30.519,1144.5,624.92,0.29363
7663,14425,39009,32.078,176.59,170.6,0.017244
7664,12761,38924,23.191,474.86,256.5,0.29856
7664,13082,40221,29.433,786.31,541.36,0.18449
7665,12024,39342,35.366,587.49,405.27,0.18355
7665,12166,38338,24.406,738.43,212.81,0.55256
7665,12855,40359,23.213,879.05,743.41,0.083603
7665,14512,39384,28.762,785.74,737.72,0.031522
7667,12255,37403,20.209,1082,110.92,0.81404
7669,14145,39213,33.186,508.74,342.27,0.19562
7670,13957,39322,21.733,1000.2,795.96,0.11373
7670,14657,39327,30.872,309.17,158.47,0.32226
7671,11861,37720,26.453,632.25,465.92,0.15146
7671,12006,39303,28.452,531.47,269.43,0.32719
7671,13452,37882,21.677,279.37,124.3,0.38416
7671,14561,39413,29.88,552.65,488.5,0.061612
7672,11830,37721,29.432,319.66,185.95,0.26445
7672,12007,39171,22.892,577.91,470.61,0.10233
7672,13034,39507,37.22,428,335.86,0.12062
7672,13704,37911,25.321,345.01,193.55,0.28124
7673,13986,37771,23.038,396.03,212.81,0.30094
7674,12150,37797,30.278,798.38,604.91,0.13787
7674,13788,39466,26.292,476.5,426.17,0.055758
7674,14394,39259,32.488,261.82,247.3,0.028515
7675,12304,40325,32.344,485.83,328.24,0.19359
7675,12595,37420,27.554,823.28,308.39,0.45498
7675,13892,39347,17.184,552.89,256.4,0.36635
7676,12074,40065,28.733,847.78,596.04,0.17436
7676,12681,38530,29.224,348.52,336.95,0.016879
7676,13944,39347,35.77,618.33,463.46,0.14316
7677,14293,39280,33.105,190.5,101.39,0.30531
7678,12140,39563,22.858,553.12,588.39,-0.030895
7678,12326,37607,32.456,706.89,559.24,0.11661
7678,13496,39329,33.568,743.63,348.9,0.3613
7679,12266,37832,26.775,1147.7,311.27,0.57331
7679,12152,39483,12.171,512.63,602.7,-0.080754
7679,12402,37547,27.947,995.17,525.91,0.3085
7680,12283,37951,20.67,506,202.22,0.42894
7680,12121,39528,25.991,581,565.07,0.0139
7680,12295,40230,29.596,593.86,407.94,0.18559
7681,12036,39668,26.424,600.06,684.55,-0.065772
7681,13103,38823,35.834,347.67,313.67,0.051407
7683,13186,39901,33.011,433.22,285.25,0.20596
7685,12967,40082,33.753,1560.2,1018.4,0.21013
7686,12232,39049,31.321,385.17,273.45,0.16962
7688,11741,37619,11.225,840.1,616.1,0.15383
7688,12935,39668,30.609,381.27,435.01,-0.06584
7689,11795,37627,22.479,958.44,531.51,0.28654
7689,13163,39866,29.415,488.53,510.83,-0.022313
7689,14479,39570,23.389,312.72,330.55,-0.027715
7690,12069,37833,21.695,622.78,360.43,0.26683
7690,12984,39868,37.025,325.74,215.25,0.20423
7690,13442,37829,37.13,592.67,202.47,0.49073
7690,14641,39369,29.327,373.9,222.94,0.25292
7691,12098,37920,27.069,702.11,334.79,0.35425
7692,12118,37931,22.848,652.95,317.33,0.3459
7692,12533,38730,34.269,224.48,287.09,-0.1224
7694,14504,38933,27.757,313.55,155.52,0.33689
7695,14612,39233,24.485,761.58,572.41,0.14181
7696,12507,38566,31.668,341.69,188,0.29016
7698,12530,37686,23.399,713.93,518.04,0.15901
7698,12812,39177,26.788,702.68,783.75,-0.054539
7699,12556,37660,33.931,457.21,391.66,0.077214
7699,12942,38979,26.734,614.41,406.63,0.20349
7700,12727,39227,35.247,391.49,260.66,0.20061
7700,14499,38268,28.76,225.83,224.66,0.0025903
7701,13041,39796,29.459,430.01,414.53,0.018328
7701,14611,38288,24.899,414.49,385.44,0.036318
7702,12662,39783,30.974,539.15,216.22,0.42751
7702,14051,38763,31.578,366.09,282.36,0.12911
7702,14529,38296,18.613,485.38,323.57,0.20002
7703,14489,38310,18.492,557.03,643.1,-0.071712
7704,13619,38515,27.952,731.15,214.96,0.54559
7704,14502,38302,18.14,530.96,361.99,0.18922
7705,13625,38647,27.812,400.77,207.78,0.31713
7711,14656,38675,25.292,374.5,262.26,0.17628
7712,14665,38839,24.236,625.13,416.53,0.20025
7713,14324,38583,32.288,190.51,175.14,0.042054
7715,12487,39780,18.548,470.84,316.14,0.19657
7715,13396,37976,29.644,470.39,437.98,0.035677
7716,13557,38102,31.001,423.04,350.01,0.094471
7717,13411,39195,28.833,520.73,630.08,-0.095016
7718,14154,38146,35.64,781.84,697.98,0.056668
7718,14486,39329,32.844,234.44,193.34,0.096061
7719,13666,37553,33.587,466.72,585.87,-0.1132
7719,14069,39940,33.915,345.01,130.92,0.44983
7720,12575,38715,21.637,869.5,513.02,0.25785
7720,13677,37573,29.309,435.57,262.26,0.24836
7720,13896,40035,28.273,232.52,200.32,0.074377
7720,14377,38012,29.728,750.45,271.96,0.468
7721,12510,38682,31.243,508.02,305.05,0.24963
7721,14342,38297,26.4,332.76,353.96,-0.030871
7722,12942,37439,25.618,357.3,319.08,0.056511
7722,13547,39988,20.73,1148.2,828.9,0.1615
7724,13195,37959,18.362,635.41,609.53,0.02079
7725,14627,38950,38.586,452.25,474.32,-0.023825
7726,13957,39729,37.38,584.99,374.13,0.21984
7727,14567,39314,15.971,695.73,399.3,0.2707
7727,14663,38584,27.41,258.36,164.9,0.22079
7729,14470,38054,29.672,474.91,591.45,-0.10928
7730,12237,40006,34.625,981.35,297.45,0.53479
7730,12286,39956,33.114,1096.2,435.57,0.43129
7730,14066,39396,36.246,390.13,173.82,0.38356
7730,14425,38213,23.016,236.57,132.93,0.28048
7731,13132,40259,26.293,425.99,263.17,0.23626
7733,13102,40259,32.33,250.7,175.32,0.17693
7733,14205,39068,30.077,319.74,447.11,-0.1661
7736,13288,39995,28.355,688.17,629.01,0.044915
7737,14645,38203,34.289,401.32,604.24,-0.2018
7738,12071,38789,37.592,247.35,194.35,0.12
7743,11875,39455,29.702,335.5,121.87,0.46707
7744,12950,39387,30.307,443.27,207.88,0.36151
7746,13504,37570,16.009,1068.2,430.4,0.42559
7749,14645,37937,33.415,413.51,187.64,0.37573
7750,12384,38026,30.951,569.7,468.67,0.0973
7750,14498,38296,15.937,514.72,401.42,0.12367
7751,14481,38387,22.916,1050.2,794.25,0.13879
7752,14365,38422,21.353,789.08,589.85,0.14448
7753,12294,38469,37.674,379.12,267.04,0.17345
7753,14391,38385,27.607,856.88,601.8,0.17487
7754,14315,38417,16.697,845.63,816.14,0.01775
7755,14447,38507,23.342,1041.4,465.76,0.38194
7758,12814,40147,27.486,478.18,375.06,0.12085
7759,12435,38405,34.959,414.67,381.84,0.041216
7759,12577,39743,33.123,655.47,610.3,0.035689
7760,12255,38106,24.922,947.97,760.32,0.10985
7760,12397,39531,23.217,439.66,373.19,0.081778
7761,12332,39532,23.793,736.62,403.53,0.29214
7762,11798,39669,34.637,890.53,509.83,0.27186
7762,13367,37646,25.729,870.24,772.24,0.059665
7762,13545,40166,35.621,598.5,204.15,0.49131
7763,12273,38021,32.203,471.41,483.26,-0.012415
7763,13783,38711,33.027,600.01,631.42,-0.025505
7764,12375,39239,19.39,1236.8,935.45,0.13871
7764,12437,38684,20.945,1320.4,830.1,0.22799
7764,14657,37494,30.908,661.1,695.01,-0.025004
7765,12612,39452,20.979,766.61,617.11,0.10804
7765,12868,38856,32.416,511.28,414.98,0.10397
7766,11840,39808,39.04,428.94,169.28,0.43405
7766,12431,38834,29.891,236.73,155.51,0.20707
7767,11795,39893,31.429,375.14,276.09,0.15211
7768,14121,40267,32.87,345.14,224.67,0.21142
7769,12347,39321,30.545,290.93,218.53,0.1421
7770,12240,37474,30.45,431.05,293.99,0.18903
7771,12390,37527,28.846,714.08,573.86,0.10887
7771,14191,39819,24.524,880.3,676.95,0.13058
7772,12515,37501,32.092,564.98,408.16,0.16115
7773,12023,38900,27.357,413.67,361.21,0.067693
7773,12864,39669,25.946,323.3,397.73,-0.10323
7773,14328,38400,25.545,553.03,514.93,0.035677
7774,11871,39060,27.251,561.02,437.53,0.12367
7774,14557,38440,30.74,635.35,404.29,0.22224
7775,12394,38368,34.313,254.31,125.67,0.33854
7776,12501,38368,25.686,228.86,122.63,0.30222
7776,14088,38877,25.861,278.36,226.82,0.10202
7778,12924,37398,31.4,432.77,412.53,0.023947
7778,13746,38530,31.784,449.59,271.12,0.24763
7779,13687,39507,30.817,342.46,117.77,0.48821
7779,14662,38493,22.924,553.53,283.56,0.3225
7780,14150,38553,37.144,553.01,415.44,0.14205
7781,13796,39545,23.409,373.68,225.36,0.2476
7781,14533,38042,30.705,501.28,237.18,0.35763
7782,11995,39789,37.121,326.64,216.08,0.20371
7782,13013,40133,24.168,639.87,355.49,0.28571
7783,12099,39710,35.018,534.61,351.67,0.20642
7783,12429,37398,33.723,345.96,347.65,-0.0024438
7784,12097,39517,19.684,581.67,310.98,0.30325
7785,12288,39683,29.635,626.97,435.72,0.17996
7785,12918,40222,29.599,429.59,252.36,0.25989
7786,11774,37644,24.393,663.4,379.79,0.27186
7787,11852,37617,27.399,294.59,278.33,0.028375
7789,12183,40370,29.69,281.66,175,0.23356
7793,12625,39187,24.258,617.71,490.63,0.11466
7795,12572,39488,23.838,772.89,208.9,0.57445
7796,12433,39527,24.688,289.09,165.39,0.27218
7796,14269,37424,37.159,414.26,307.46,0.14799
7796,14291,37891,34.064,566.33,311.61,0.29014
7798,14469,38224,21.028,803.65,445.37,0.28685
7799,12306,37974,25.624,552.76,359.17,0.21229
7799,14368,38191,24.395,734,569.8,0.12594
7800,13476,39670,19.308,592.94,445.9,0.14155
7800,14435,38343,25.687,418.93,325.32,0.12578
7801,12146,38429,28.037,416.26,217.41,0.3138
7802,12316,39291,24.696,238.73,167.28,0.17598
7802,13200,39313,18.439,856.21,850.21,0.0035154
7803,13441,39335,20.968,663.19,435.6,0.20713
7804,13545,37696,27.771,318.26,199.68,0.22894
7804,13521,39234,20.684,481.49,353.01,0.15397
7805,13511,37704,24.164,263.5,150.65,0.2725
7806,13419,37837,31.584,549.81,478.1,0.069768
7806,14002,38909,29.461,532.17,439.53,0.095338
7807,13191,38040,37.153,312.48,214.94,0.18493
7809,14267,39894,33.637,463.34,225.25,0.34577
7810,14279,39894,30.787,430.41,322.38,0.1435
7811,11685,38487,29.725,341.68,322.95,0.028184
7812,13169,38054,30.166,526.45,256.79,0.34429
7815,14286,39496,20.397,884.48,538.68,0.24298
7816,14317,39592,21.342,1166.7,1029.3,0.062569
7817,14610,39281,31.55,237.25,252.14,-0.03043
7819,14643,39290,20.149,327.13,133.43,0.42059
7821,14587,39483,29.966,354.19,141.33,0.42958
7823,13014,38693,32.342,286.11,115.72,0.42404
7824,12782,38535,31.548,317.28,123.36,0.44007
7825,11706,39707,29.327,458.53,263.67,0.2698
7826,14389,39252,34.94,421.34,324.81,0.12937
7827,13139,39653,30.253,674.91,475.21,0.17363
7828,13060,39804,36.703,448.42,176.81,0.43442
7828,14107,39657,27.309,410.98,343.37,0.089628
7829,13925,39626,30.67,208.83,254.87,-0.099286
7830,13749,39682,28.532,358.59,365.57,-0.0096397
7831,13677,39735,30.915,445.19,223.45,0.33164
7832,14171,38941,28.954,680.51,237.6,0.48241
7833,14007,37755,17.968,492.85,173.62,0.479
7833,13998,38695,34.512,223.9,228.13,-0.0093612
7833,14618,39339,27.36,1063.6,755.21,0.16957
7834,13788,38918,29.271,515.88,480.58,0.035425
7834,13995,37756,27.535,594.45,538.66,0.049231
7835,13655,37744,29.07,397.79,337.45,0.082057
7836,12266,37538,30.835,302.63,216.57,0.16577
7836,12348,40323,29.887,573.69,472.51,0.096706
7836,14498,38835,32.813,384.17,297.54,0.12709
7838,12443,40351,23.482,316.7,129.37,0.41995
7838,14511,39798,26.1,516.64,451.35,0.067443
7839,14171,40153,26.222,248.32,113.53,0.37249
7841,14212,38687,33.57,177.93,164.39,0.03954
7841,14445,39994,33.015,623.45,729.55,-0.078412
7845,13098,39699,22.307,408.24,206.95,0.32721
7846,13193,39407,22.618,296.89,165.77,0.28341
7848,12001,39509,38.34,304.04,346.73,-0.065598
7848,12725,39482,36.292,521.81,610.14,-0.078035
7850,12164,39729,32.364,248.66,197.33,0.11508
7852,13628,38431,35.422,263.57,351.53,-0.143
7853,13546,38340,31.878,389.95,439.73,-0.05999
7853,14469,39762,37.124,801.68,407.77,0.32569
7853,14563,38269,32.125,558.84,622.81,-0.054132
7854,12328,39470,20.454,808.66,687.45,0.081017
7855,12495,39477,24.922,410.09,367.11,0.055298
7855,14366,39981,38.955,957.59,521.86,0.29452
7855,14475,39699,24.917,740.02,380.59,0.32074
7856,12316,39440,29.15,532.29,614.6,-0.071771
7856,14270,40159,32.808,635.17,591.88,0.035283
7857,13064,40267,29.755,559.49,424.78,0.13687
7858,13600,37401,22.751,378.65,102.36,0.57441
7859,14041,38543,34.345,753.06,430.17,0.27289
7859,14158,39718,32.928,764.19,630.49,0.095865
7860,13909,39727,21.467,664.65,575.02,0.072302
7860,14064,38456,34.2,828.94,538.25,0.21262
7861,11937,38321,28.64,325.95,246.81,0.13819
7861,12381,37436,26.8,374.45,200.15,0.30334
7861,13942,39738,33.907,355.21,158.48,0.38297
7862,13800,39361,35.388,239.84,105.33,0.38972
7865,14162,40368,33.451,447.83,362.48,0.10532
7865,14306,38193,34.717,523.31,108.89,0.65553
7866,11779,38023,31.862,514.34,201.2,0.43762
7866,12476,40372,18.581,832.5,406.9,0.34339
7867,12324,40278,24.428,566.98,420.61,0.1482
7867,13409,39216,34.474,772.37,340,0.38869
7868,12241,40209,16.98,1139.6,674.31,0.25653
7868,14632,39396,24.186,856.89,633.02,0.15026
7869,12238,40131,19.606,700,562.16,0.10921
7869,14100,38326,27.679,320.39,140.71,0.38968
7870,11784,40202,32.709,811.69,563.06,0.18085
7870,13258,38627,38.226,493.8,520.45,-0.026272
7870,13609,37700,18.393,345.79,109.6,0.51865
7871,11711,40215,22.332,806.36,355.39,0.38818
7871,13242,38691,25.47,635.22,453.76,0.16663
7871,13900,37866,30.022,426.76,274.43,0.21725
7872,14607,39343,24.49,399.86,364.35,0.046466
7873,11815,40171,27.793,776.79,697.04,0.054117
7873,11852,38692,24.324,716.85,692.03,0.017614
7873,13338,38576,27.845,320.67,172.73,0.29984
7874,14376,38325,18.12,736.15,732.38,0.0025651
7875,11798,40138,23.294,886.04,710.91,0.10967
7875,13125,37587,39.784,477.91,441.55,0.039539
7875,14483,38440,25.247,465,328.22,0.17244
7876,13793,39693,33.506,223.48,208.52,0.034632
7877,12177,40204,32.62,359.79,332.76,0.039031
7878,12580,40160,34.039,456.17,305.7,0.19751
7881,11844,37712,32.088,120.04,507.3,-0.61731
7882,13430,38180,28.095,347.27,256.22,0.15086
7883,13203,37935,21.798,455.27,218.17,0.35208
7883,14362,38416,28.883,362.28,263.15,0.1585
7884,13101,38028,27.221,404.27,335.25,0.093337
7884,13618,38616,21.435,396.61,222.72,0.28077
7885,11794,39141,24.409,369.83,187.88,0.32624
7886,13907,38833,20.833,365.52,241.04,0.20523
7886,14400,39382,32.553,302.43,169.83,0.28077
7888,12209,39097,33.412,354.03,199.2,0.27986
7889,13165,40226,26.881,670.78,402.05,0.25048
7890,13159,40243,33.152,360.5,221.42,0.23901
7891,13133,39951,27.401,437.88,148.94,0.49238
7894,12830,39958,29.259,305.8,185.57,0.24469
7895,13017,40124,37.551,143.34,277.59,-0.31894
7899,11859,40167,36.885,284.85,205.61,0.16155
7899,12058,39622,30.326,467.62,160.12,0.48985
7899,14014,40130,29.911,500.67,388.26,0.12646
7900,13815,37705,34.524,270.19,335.91,-0.10843
7900,13846,40014,28.298,189.96,108.3,0.27376
7901,12349,40324,22.788,464.14,273.21,0.25893
7901,13056,39289,37.417,262.99,107.12,0.42113
7901,14283,37959,27.16,282.06,141.02,0.33335
7902,12317,40210,24.353,625.31,521.88,0.090153
7902,13228,38286,35.451,212.41,218.08,-0.01317
7903,13183,38322,36.261,515.08,170.67,0.50223
7907,13605,38491,18.486,495.13,354.71,0.16523
7908,13556,38428,25.125,507.4,261.26,0.32022
7909,13729,38356,30.38,511.03,613.17,-0.090851
7910,13733,38421,25.848,210.18,328.38,-0.21948
7911,13557,40244,28.034,280.14,140.07,0.33335
7912,13531,40241,32.606,308.14,162.83,0.30853
7912,14600,39326,20.98,370.86,215.58,0.26478
7913,13679,39738,31.121,302.2,172.06,0.2744
7913,13867,38081,23.588,313.55,468.84,-0.19848
7913,14585,39324,16.021,334.55,178.85,0.30329
7914,13462,40270,23.482,619.57,287.97,0.36539
7914,13761,39532,20.914,730.41,328.34,0.37976
7915,14449,37507,32.079,476.72,254.56,0.3038
7915,14607,39388,29.088,271.08,361.18,-0.14251
7917,11882,39520,29.465,288.92,277.95,0.01936
7918,12036,39530,21.751,526.62,358.07,0.19052
7921,13685,38132,33.161,252.59,183.28,0.15902
7924,11839,40172,29.212,646.06,418.32,0.21397
7926,13931,38890,27.966,494.42,333.15,0.19487
7927,12166,40356,31.578,246.86,195.95,0.11498
7929,14521,39779,26.078,326.11,248.38,0.1353
7931,12444,40260,22.682,490.22,354.3,0.16095
7932,13190,39462,29.918,732.53,303.89,0.41358
7932,14013,37805,21.987,399.18,373.49,0.033253
7933,14032,37764,23.527,258.62,131.5,0.32584
7935,11857,39298,31.814,423.17,273.05,0.21562
7935,12587,40299,22.344,720.6,586.36,0.10272
7936,11806,39401,25.829,840.96,327.21,0.4398
7936,12417,40193,21.563,372.72,210.92,0.27723
7939,12545,38042,33.063,316.34,202.83,0.21864
7940,12542,38066,33.216,406.37,259.41,0.22074
7940,12898,39687,26.144,243.34,103.86,0.40174
7942,11810,37983,24.696,775.22,310.29,0.42831
7943,13461,39227,28.194,623.02,764.95,-0.10226
7943,13691,37999,29.709,403.85,206.73,0.32283
7944,11878,37835,27.217,275.12,155.01,0.27925
7944,12268,39129,24.398,365.04,242.36,0.20198
7944,12987,40366,32.168,250.59,108.23,0.39674
7945,12076,37931,28.32,317.36,226.64,0.16676
7945,14411,39691,37.886,338.25,121.35,0.47192
7946,12155,38063,34.491,512.58,553.92,-0.038762
7947,13835,40368,28.1,340.9,298.94,0.065585
7948,12389,38839,31.784,499.33,169.3,0.49359
7950,13824,39969,31.813,527.15,647.08,-0.10213
7951,13091,38742,33.583,375.85,227.47,0.24592
7951,13201,39647,31.511,256.98,271.65,-0.027765
7952,13029,39660,30.144,440.58,186.94,0.40419
7953,12933,38769,36.384,313.1,335.98,-0.035246
7953,12916,39582,22.569,267.86,111.43,0.41242
7953,13626,38594,28.988,432.77,361.54,0.089676
7954,13161,39563,34.555,292.76,210.95,0.16241
7954,13843,38426,33.997,571.45,389.49,0.18935
7955,12696,38924,29.68,351.44,142.06,0.42429
7955,13527,37572,31.71,409.2,311.92,0.13491
7956,13902,40015,26.249,680.01,478.31,0.17413
7958,13678,37749,26.081,372.72,218.18,0.26154
7958,14082,40098,33.9,358.21,519.77,-0.18401
7959,13650,37644,26.783,482.78,318.94,0.20436
7960,13366,37625,21.658,401.21,310.22,0.1279
7960,14199,40208,28.616,604.63,495.35,0.099348
7961,13466,37535,30.164,458.13,428.42,0.033511
7961,14031,40172,32.282,332.09,266.57,0.10945
7962,14016,40261,32.305,1216.9,774.52,0.22213
7962,14081,40363,33.274,1186.8,711.29,0.25054
7963,11763,39508,29.697,405.89,222.28,0.2923
7963,13754,39326,31.616,499.5,401.56,0.10869
7964,12483,38323,24.647,367.1,172.42,0.36084
7964,13482,39079,37.523,268.52,140.79,0.31207
7965,12458,37765,28.775,1060.2,1287,-0.096617
7966,11854,39652,22.401,530.1,321.05,0.24561
7967,11779,39455,33.952,532.17,512.01,0.019306
7967,14046,38614,26.841,461.52,349.87,0.13761
7967,14567,38116,33.431,194.78,127.3,0.2095
7967,14589,39321,15.919,366.94,212.87,0.26572
7968,12011,39108,23.126,482.43,366.36,0.13674
7968,12487,40102,19.985,821.95,790.57,0.019464
7969,12333,40229,24.048,799.86,843.74,-0.026701
7969,13172,37394,32.909,399.14,265.44,0.20118
7969,14592,39973,28.285,517.35,449.86,0.069782
7970,12343,38025,24.913,314.33,183.71,0.26227
7970,14604,39394,24.515,455.27,223.97,0.34053
7971,12141,37781,33.064,611.26,471.36,0.12922
7973,12225,37894,38.53,1195.6,1127.2,0.029421
7973,14636,38122,28.76,582.25,362.09,0.23313
7974,12305,37928,14.398,700.52,517.2,0.15054
7975,12234,37943,19.11,705.21,562.42,0.11265
7975,14518,38075,33.341,713.75,522.94,0.1543
7975,14590,39320,13.794,497.55,295.85,0.25422
7976,11857,37784,25.221,426.57,244.2,0.27188
7976,12623,38337,29.166,725.11,504.64,0.17928
7976,14404,38142,23.56,622.89,313.97,0.32974
7977,11684,37557,26.551,502.25,346.88,0.18297
7977,11956,40212,33.31,292.85,219.09,0.14408
7977,12682,38247,29.777,321.24,160.95,0.33242
7978,12379,39733,24.338,306.4,183.25,0.25152
7980,12476,37737,33.813,529.46,479.73,0.049279
7981,12495,39005,17.849,599.03,232.37,0.44102
7983,11954,40272,41.986,284.79,278,0.012054
7984,14089,39701,34.332,734.81,290.32,0.43359
7985,13171,37716,32.198,281.55,189.47,0.1955
7985,14099,39694,37.011,298.63,259.9,0.069347
7987,12028,38226,22.801,780.8,396,0.32699
7988,13921,38356,23.705,846.82,285.1,0.49626
7989,13596,38332,30.796,420.53,462.19,-0.047194
7990,13738,38322,36.379,572.34,514.75,0.052975
7990,14205,40292,29.811,537.43,473.46,0.063275
7991,12863,38349,31.298,597.26,312.22,0.3134
7991,14150,40118,28.55,292.4,370.2,-0.1174
7992,12827,38241,33.242,776.78,160.84,0.65693
7992,13586,38194,31.341,461.86,352.02,0.13496
7992,14284,38771,36.843,633.9,518.98,0.099681
7993,11962,40307,18.72,676.61,381.14,0.27934
7993,12859,38204,24.911,307.87,163.94,0.30506
7993,13768,38111,32.313,319.14,332.62,-0.020687
7994,12986,38272,28.717,339.83,183.07,0.29978
7994,13924,38250,28.186,625.19,652.87,-0.021656
7995,12577,38330,26.145,435.3,232.89,0.30292
7995,14124,38326,23.528,329.15,145.69,0.38637
7996,11738,37576,21.149,611.21,455.09,0.14641
7996,14110,38239,28.541,400.17,326.22,0.10181
7997,14316,38234,24.896,551.76,167.12,0.53506
7998,11936,37605,34.223,347.02,343.88,0.0045531
8000,11966,37890,36.816,221.83,140.4,0.22481
8000,13834,39970,42.09,514.58,509.12,0.0053293
8002,13846,39444,24.888,265.68,168.65,0.2234
8003,12262,39255,40.016,472.14,613.37,-0.1301
8003,13543,39391,25.74,277.79,205.13,0.15045
8004,11846,37416,24.889,246.07,448.29,-0.29123
8005,13011,38599,37.082,291.58,129.46,0.38505
8005,13397,39321,33.255,290.96,230.54,0.11586
8006,12493,38980,29.018,346.98,101.08,0.54879
8007,11766,40286,33.289,379.89,246.04,0.21385
8007,12154,39017,15.182,655.54,537.34,0.099092
8007,13318,38401,22.87,465.84,568.43,-0.099184
8008,12215,38881,28.382,334.51,125.57,0.45414
8008,13400,38390,29.888,557.51,232.15,0.41203
8009,12274,38801,30.811,667,498.16,0.14491
8010,12254,38800,23.219,759.13,607.37,0.11106
8010,14644,39303,15.639,1225.1,884.61,0.16138
8011,14640,39332,28.073,799.36,463.96,0.26549
8012,12710,38777,20.317,487.47,346.48,0.16907
8012,14574,39331,13.506,487.94,253.24,0.31665
8013,14614,39352,23.69,247.78,194.44,0.12063
8015,11795,39674,31.587,802.94,416.92,0.31644
8015,12021,39113,26.948,448,444.82,0.0035665
8016,12388,39181,39.891,1068,703.03,0.20608
8017,12725,39101,33.784,281.77,291.13,-0.016349
8017,14630,39302,24.797,402.21,287.18,0.16686
8018,12249,38004,23.744,404.7,365.14,0.051394
8019,12148,38197,31.906,249.13,262.03,-0.025253
8023,13349,37720,34.512,257.16,219.26,0.07954
8024,11897,37416,32.126,455.08,272.43,0.25106
8027,14395,37853,30.04,595,515.9,0.071203
8028,14054,37999,36.572,426.82,244.84,0.27094
8028,14131,39334,39.46,497.67,313.1,0.22765
8029,14046,38174,29.711,542.56,486.3,0.054677
8030,12743,38489,33.399,242.63,221.41,0.04573
8030,14218,37856,21.126,878.06,485.01,0.28836
8031,14537,37831,24.201,1281.3,1000.6,0.12298
8033,13992,37667,27.815,569.47,216.85,0.44844
8035,11991,39962,27.833,571.83,515.78,0.051534
8035,13968,39174,36.436,206.58,361.87,-0.27318
8035,14651,39972,18.504,980.03,724.13,0.15016
8036,12108,39962,23.796,649.1,676.54,-0.020699
8036,13825,39430,22.62,264.22,259.5,0.0089992
8036,14463,40273,27.397,260.28,210.17,0.10652
8037,11916,39777,18.721,835.97,536.8,0.21794
8038,11785,38765,24.215,255.14,204.13,0.11107
8039,13953,39429,25.434,212.48,181.22,0.07941
8041,11999,39917,22.671,515.37,337.95,0.20792
8043,11830,37669,23.766,487.87,377.37,0.12771
8043,12032,40101,30.357,359.21,137.27,0.44704
8044,11741,37734,32.647,568.28,496.76,0.067148
8046,12562,38405,37.181,586.34,338.1,0.26853
8047,11738,38025,32.373,295.03,387.23,-0.13514
8047,12348,38929,30.81,352.72,253.89,0.16292
8051,11879,37468,33.811,738.57,606.29,0.098355
8054,12945,37876,32.987,629.27,813.33,-0.12759
8055,12161,40181,31.799,415.45,277.62,0.19886
8055,12627,37524,34.43,284.96,151.48,0.30585
8055,13270,38272,30.623,560.67,596.3,-0.030792
8056,12400,40081,22.675,528.46,510.58,0.017211
8057,12186,40106,22.266,926.23,712.7,0.13029
8057,14428,38924,28.663,375.88,230.68,0.23939
8058,12225,39984,35.666,322.94,237.77,0.1519
8058,13271,39785,24.68,391.08,176.7,0.37758
8059,12289,39995,22.366,696.32,398.83,0.27164
8061,11862,39580,27.962,561.71,364.5,0.21292
8061,14624,37693,26.081,378.81,374.11,0.0062436
8062,11837,39553,33.058,873.4,530.36,0.24437
8062,14533,37496,21.774,644.16,445.61,0.1822
8064,13092,37438,28.272,467.21,299.44,0.21883
8065,12756,37627,25.674,610.57,733.17,-0.091238
8065,12999,39948,29.524,492.76,447.35,0.048295
8066,12833,39898,15.305,470.71,283.06,0.24896
8067,12547,38668,30.567,772.81,380.79,0.33982
8068,13199,39913,34.338,356.84,247.06,0.18178
8068,14583,38282,34.26,258.53,194.59,0.14113
8069,12024,40318,9.9618,1105.5,653.22,0.25716
8069,12303,39534,31.034,224.68,122.85,0.293
8069,13320,39753,26.973,885.79,775.34,0.066494
8070,12016,40333,12.585,596.86,247.21,0.41424
8070,13431,39856,23.838,553.88,350.71,0.22459
8071,11818,37672,33.042,363.39,306.69,0.084609
8071,13335,39765,35.399,378.92,348.44,0.041908
8074,13639,38753,30.433,430.35,207.85,0.34863
8077,11841,39489,34.671,650.48,507.53,0.12345
8077,14499,37795,21.393,574.8,184.85,0.51333
8078,12485,39537,31.798,186.14,110.7,0.25414
8078,12672,38779,23.225,395.23,278.27,0.17366
8078,13443,39363,31.918,301.88,187.43,0.23391
8078,14507,38217,28.145,558.87,383.73,0.1858
8079,12669,38795,25.181,314.69,219.48,0.17823
8079,13542,39381,14.682,466.33,162.99,0.48202
8080,12312,37839,37.7,372.63,222.83,0.25157
8080,13697,39271,33.54,421.88,192.18,0.37407
8080,14585,38200,38.395,336.93,409.63,-0.09739
8081,13548,39707,24.102,295.15,147.72,0.33289
8083,12229,38788,23.732,728.15,482.06,0.20335
8083,14539,38599,33.616,307.43,126.1,0.41826
8084,12110,39103,26.832,880.18,805.16,0.044511
8084,14127,38567,32.242,502.67,383.56,0.1344
8085,12217,38891,31.993,599.22,472.28,0.11846
8086,12254,38820,33.267,654.03,383.45,0.26081
8086,12604,38942,27.797,562.05,271.65,0.34834
8087,12625,38844,24.2,971.04,780.29,0.10892
8087,13605,38182,29.525,370.43,359.2,0.0154
8088,12149,38756,31.82,506.14,491.83,0.014341
8090,14296,37430,40.012,207.4,174.13,0.087193
8091,12189,38979,17.686,666.24,502.29,0.1403
8092,12135,38973,13.02,1290.3,876.53,0.19095
8092,13012,38127,32.506,600.86,245.24,0.4203
8093,12063,38858,29.378,786.74,727.13,0.039372
8093,12074,39753,24.359,688.74,314.07,0.37362
8093,12943,38777,31.693,451.61,165.63,0.46332
8093,13177,37997,36.953,697.68,332.09,0.35502
8094,11988,39672,25.357,509.73,308.39,0.2461
8094,12166,38609,35.986,385.84,156.07,0.42402
8095,12481,39120,31.451,236.81,114.54,0.34802
8095,12976,37819,27.66,240.09,139.42,0.26526
8096,13004,40311,29.92,422.53,302.35,0.16579
8096,13270,37756,34.331,338.19,238.64,0.17258
8097,12089,38784,20.633,454.91,260.27,0.27216
8097,12990,40158,36.306,377.89,315.66,0.089725
8097,13449,37798,36.454,229.78,214.82,0.033641
8098,12926,40184,29.559,250.26,237.59,0.02598
8102,12886,39676,33.342,402.72,191.11,0.35636
8103,12548,40195,27.792,787.56,597.06,0.13759
8106,12115,40131,23.338,583.21,285.71,0.34238
8107,12134,40114,28.905,512.56,475.09,0.037935
8108,13632,38772,32.447,521.26,763.72,-0.18868
8109,12076,37453,28.805,378.76,315.83,0.090609
8110,13336,40050,28.071,285.01,238.53,0.088783
8110,14128,38068,37.138,489.18,322.44,0.20544
8111,12648,37477,26.36,383.01,370.87,0.016102
8111,13352,39969,20.967,615.68,564.97,0.042947
8111,14245,37942,24.661,659.52,460.56,0.17764
8112,12567,37601,25.096,513.51,357.45,0.17918
8112,14598,39894,37.919,212.8,322.46,-0.20489
8113,12465,38564,35.603,482.61,402.41,0.090628
8113,12691,37500,29.043,333.39,281.04,0.085207
8113,13346,39794,30.115,439.69,331.58,0.14017
8114,12087,39041,27.723,1033.9,695.53,0.19567
8114,13528,39701,36.898,326.51,328.34,-0.0027884
8115,12328,37977,17.896,827.34,487.19,0.25876
8116,12277,37960,20.307,915.18,709.53,0.12658
8116,12478,39283,23.118,445.77,403.86,0.049319
8116,13372,38599,32.06,335.88,339.95,-0.0060295
8116,14148,40026,35.13,510.11,473.3,0.037431
8117,12230,39244,35.765,627.23,358.22,0.27298
8117,13110,38466,32.042,230.67,108.18,0.36146
8117,14325,40071,28.447,256.7,204.56,0.11304
8118,14446,40061,23.966,357.9,190.77,0.30462
8120,14002,38324,16.707,703.64,419.09,0.25344
8121,14213,38403,32.097,591.48,421.64,0.16764
8124,14311,38025,27.641,281.98,268.31,0.024838
8125,14412,38030,27.884,190.09,119.85,0.22663
8126,14566,38081,29.87,414.78,240.1,0.26673
8127,12906,39514,28.436,485.05,309.33,0.2212
8128,14054,38851,25.531,199.47,180.36,0.05031
8131,13624,39832,31.831,293.96,225.2,0.13244
8132,13147,39880,29.533,667.07,642.45,0.018806
8132,13640,37771,32.309,1043.1,548.22,0.31098
8134,13900,39730,32.497,427.35,252.9,0.25645
8135,13715,39531,28.384,851.42,371.65,0.39226
8135,14129,38882,24.913,687.98,474.07,0.18409
8137,12241,39479,26.846,393.06,157.84,0.42697
8137,12981,40225,36.839,877.96,587.65,0.19808
8138,14089,37892,29.033,210.6,114.79,0.29444
8139,13656,38544,32.665,576.17,352.68,0.2406
8140,12318,38156,30.898,640.72,462.65,0.16139
8140,14078,37862,35.037,375.41,323.95,0.073579
8142,13318,38332,32.405,335.38,170.26,0.32656
8143,13303,39570,32.605,435.32,499.9,-0.069053
8144,14577,39711,24.467,341.72,243.36,0.16811
8145,13564,38131,25.551,431.93,447.99,-0.018254
8145,14402,39989,28.66,447.05,210.13,0.3605
8146,12701,40325,27.619,418.37,167.38,0.42851
8146,13555,39947,44.063,555.77,286.64,0.31948
8146,14178,38953,34.797,379.88,391.8,-0.015447
8146,14472,39961,28.335,650.86,565.13,0.0705
8147,12865,39643,35.159,230.03,107.77,0.36191
8147,13364,38001,34.508,259.61,114.94,0.38624
8147,14357,39463,31.022,420.54,219.74,0.31362
8149,12600,40302,15.376,1241,1456.5,-0.07991
8149,13698,38340,30.472,431.7,274.96,0.22181
8150,12132,37863,37.538,300.36,285.92,0.024614
8150,12512,40383,24.686,867.31,1024.3,-0.083
8151,12278,40340,40.715,732.24,955.44,-0.13225
8151,13172,40271,16.768,386.63,125.92,0.50865
8151,14349,38378,26.254,514.52,346.62,0.19497
8152,12209,40119,38.847,286.51,173.01,0.247
8156,13667,40374,20.61,294.08,152.25,0.31777
8156,14213,38857,31.453,524.28,618.1,-0.082127
8156,14589,39377,36.322,263.34,105.19,0.42915
8158,14639,37853,31.973,437.33,215.49,0.33981
8159,14034,37772,15.163,632.15,500.06,0.11666
8159,14614,39189,34.432,605.52,338.85,0.28237
8160,14051,37812,20.993,551.54,432.83,0.1206
8160,14371,39082,21.778,642.8,389.38,0.24552
8161,14624,40362,32.458,238.24,113.07,0.35631
8163,12272,37814,30.869,218.4,294.12,-0.14775
8163,14056,38639,27.732,322.55,104.2,0.51167
8164,12548,37799,22.667,225.37,312.26,-0.16161
8165,12557,37790,30.038,852.58,924.32,-0.040371
8165,13537,38467,20.224,1111.3,794.5,0.16621
8166,14358,39621,22.919,446.01,379.88,0.080071
8167,14024,39683,30.249,411.12,312.02,0.13704
8169,14054,39972,34.31,306,314.17,-0.013176
8173,13808,39617,24.613,608.19,306.26,0.33018
8173,14442,38259,32.436,287.79,209.93,0.15643
8174,12380,38837,36.232,945.29,356.21,0.45261
8175,14215,38853,25.91,550.99,407.86,0.14927
8176,12170,37914,32.791,162.19,229.02,-0.17082
8177,12188,37750,34.591,355.81,276.29,0.12581
8177,12992,39837,34.35,597.94,233.09,0.43903
8178,13271,39753,31.484,395.25,699.2,-0.27772
8178,13803,38034,38.355,213.06,122.79,0.26879
8181,14300,38424,27.134,976.04,442.53,0.37609
8183,13465,39806,32.276,485.85,457.41,0.030153
8184,13479,39615,26.721,562.91,460.04,0.10056
8185,14553,39651,8.5851,1223.4,209.7,0.70736
8186,13773,39386,28.795,281.87,176.62,0.22956
8187,13155,37656,21.286,571.72,325.53,0.27439
8187,13209,40283,31.461,509.8,281.33,0.28879
8188,14376,39344,27.573,335.52,243.45,0.15903
8189,12605,38010,22.913,506.66,243.92,0.35005
8189,13104,40350,35.007,310.19,147.63,0.35508
8190,12835,40317,28.024,319.56,206.41,0.21511
8191,11801,37549,29.882,324.22,348.89,-0.036662
8192,13208,40162,28.524,415.33,243.28,0.26124
8197,13209,37599,43.257,733.76,215.76,0.54554
8197,14362,38248,28.253,211.25,110.4,0.31355
8198,14317,38300,31.452,359.79,120.96,0.49678
8199,13525,39848,33.194,735.17,292.79,0.43035
8202,14030,39970,35.4,224.36,205.49,0.043889
8205,13281,40390,22.766,869.24,670.82,0.12884
8205,13483,40384,34.153,1117.5,843.21,0.1399
8206,13379,37588,35.209,300.87,418.47,-0.16348
8207,11763,39069,29.277,282.35,136.76,0.34738
8208,11872,39146,29.663,499.77,254.92,0.32443
8209,11900,39467,24.437,796.83,724.2,0.047748
8209,14036,38772,30.899,256.7,202.61,0.11776
8211,12352,39986,11.522,581.29,149.21,0.59149
8214,12174,39568,16.241,746.96,633.23,0.082397
8214,13058,39179,34.212,632.27,332.21,0.31111
8214,13227,40137,25.124,498.96,450.97,0.050522
8215,12540,39558,24.085,342.09,183.29,0.30225
8215,13367,40236,26.653,353.85,127.69,0.46964
8216,12434,39731,29.262,336.1,219.01,0.21093
8217,12670,38964,19.304,763.25,313.47,0.41773
8218,12569,39615,32.577,192.09,516.97,-0.45819
8219,11920,37432,33.509,198.12,580.78,-0.49129
8219,12574,39611,12.352,387.52,125.67,0.51023
8219,13117,38813,34.137,269.47,146.82,0.29461
8219,14001,39681,35.093,360.8,337.43,0.033472
8220,12551,39658,17.779,582.53,336.9,0.26716
8221,12570,39600,19.797,308.69,226.68,0.15319
8221,13184,39198,30.389,390.33,160.53,0.41718
8221,14092,40187,27.682,642.66,581.83,0.049671
8222,12595,39631,17.774,371.62,320.42,0.073988
8222,13305,39303,33.534,268.7,329.45,-0.10156
8223,12508,39602,20.85,270.46,268.64,0.0033694
8224,14191,38031,24.2,776.98,510.52,0.20696
8226,12747,38072,38.565,338.09,252.53,0.14487
8226,14529,39505,34.281,1347.8,810.94,0.24868
8227,14512,39519,23.706,456.63,227.05,0.33579
8228,12591,39616,17.915,374.74,298.69,0.11293
8228,13909,40361,25.475,454.78,250.87,0.28897
8229,12488,40105,29.468,695.87,338.86,0.34502
8229,12658,38863,28.624,391.38,358.15,0.044342
8229,12640,39625,21.014,521.1,474.53,0.046779
8230,12521,38860,24.257,376.8,222.08,0.25834
8231,12390,39010,28.443,701.61,663.41,0.027984
8232,12349,38844,12.243,550.45,400.46,0.15773
8235,12594,39631,31.179,210.13,108.68,0.31823
8236,12501,39568,30.335,284.84,125.79,0.38734
8237,11686,40385,26.394,437.69,161.4,0.46117
8237,12208,39834,24.248,602.02,496.61,0.095945
8237,13288,39831,16.879,308.48,118.57,0.44468
8237,14544,38384,25.485,785.26,527.37,0.19646
8238,13059,39765,25.443,528.76,301.48,0.27376
8240,12707,39655,41.955,491.69,198.03,0.42576
8240,12865,38928,28.776,420.21,424.76,-0.0053814
8240,12881,39706,27.057,645.72,287.42,0.38397
8240,14419,39534,32.202,333.6,450.75,-0.14936
8242,13299,39463,27.438,539.06,302.44,0.28119
8243,13323,39552,30.695,878.34,626.15,0.16763
8243,13875,40268,36.207,489.53,222.99,0.37408
8244,13397,39748,18.229,746.8,497.5,0.20035
8246,11953,39264,30.727,579.94,535.4,0.039932
8247,11984,39572,31.222,726.3,648.74,0.056404
8248,11743,37835,26.858,261.14,238.53,0.045261
8248,12075,39383,24.119,337.4,164.11,0.34553
8248,13981,40333,36.549,253.04,103.25,0.42042
8250,12117,40344,34.843,462.48,426.45,0.040538
8250,12611,39603,22.14,232.32,186.03,0.11065
8250,13979,40257,38.527,486.85,383.21,0.11911
8250,14020,40044,35.392,430.64,342.77,0.11361
8251,12568,39615,21.279,319.97,295.1,0.040436
8251,14001,37872,30.327,492.71,435.56,0.061566
8251,14425,38679,35.481,403.05,249.12,0.23603
8252,12591,38903,24.623,290.92,316.94,-0.042803
8252,14527,39802,31.051,355.7,527.59,-0.1946
8253,13367,37729,28.109,621.8,482.7,0.12594
8256,13813,37942,27.896,551.1,264.55,0.35132
8256,13918,40323,27.655,297.36,291.07,0.010701
8257,13707,38334,31.658,333.32,314.03,0.0298
8257,14494,37433,30.535,460.65,544.26,-0.083206
8258,14432,37593,36.659,588,254.55,0.39576
8259,14575,40319,32.974,861.85,757.39,0.064508
8260,14142,38729,32.329,448.59,304.46,0.19139
8262,12434,39895,30.483,280.48,165.46,0.25794
8263,14059,39584,33.762,548.86,234.02,0.40217
8264,13706,39337,34.149,629.76,428.18,0.19054
8264,14581,39317,23.132,460.8,429.16,0.035553
8265,14525,39396,21.621,675.15,340.25,0.32982
8266,13080,40352,30.029,543.85,443.03,0.10215
8266,13576,39377,34.164,469.03,399.76,0.079736
8268,13413,39228,36.857,436.08,155.04,0.47544
8269,11713,37691,35.094,565.29,383.95,0.19104
8270,14374,39865,23.619,395.7,254.11,0.2179
8271,11763,37495,30.665,896,424.03,0.35755
8271,11881,37499,29.488,746.84,373.27,0.33351
8272,12615,39627,29.043,519.51,497.75,0.021383
8273,11721,37425,26.57,444.14,217.57,0.3424
8273,11801,39111,26.288,759.62,726.46,0.022313
8274,11849,39224,18.243,780.11,616.13,0.11744
8274,12565,39665,22.935,614.86,334.17,0.29576
8275,12727,37638,22.49,793.84,435.74,0.29124
8276,13078,39503,27.796,357.9,189.54,0.30754
8277,13257,39578,23.626,631.96,540.61,0.077902
8277,13271,38081,31.93,433.28,257.86,0.25382
8277,13864,37595,38.057,431.45,843.38,-0.32312
8279,13594,39516,32.092,443.08,233.02,0.3107
8279,13774,37746,21.289,290.6,778.96,-0.45659
8280,13549,39473,21.241,949.97,454.41,0.35287
8281,11682,39205,33.657,490.6,359.29,0.15451
8281,13430,39474,28.377,532.75,397.8,0.14503
8281,13465,39046,38.113,515.99,291.42,0.27814
8281,14661,39640,31.488,406.1,269.3,0.20255
8282,11775,39643,15.793,561.88,465.01,0.094333
8283,11783,39643,14.655,634.4,588.57,0.037481
8284,11791,39640,19.372,407.92,406.91,0.0012505
8287,13487,40187,42.317,612.26,471.69,0.12968
8287,13722,40063,40.123,649.76,564.41,0.070294
8289,11684,39098,33.523,520.82,339.02,0.21144
8289,13129,38024,23.932,474.98,236.36,0.33545
8291,13114,40249,29.246,439.43,228.87,0.31506
8292,13763,38500,23.326,484.26,392.04,0.10523
8293,13856,38599,22.856,692.88,600.26,0.071624
8294,12907,40365,33.635,527.48,420.59,0.11274
8294,14014,38644,33.961,762.25,911.72,-0.089291
8295,14601,39351,19.959,408.88,293.41,0.16442
8296,13961,37790,37.113,298.21,329.48,-0.049826
8296,14580,39225,17.833,332.83,206.98,0.23313
8297,14002,37768,19.859,313.65,250.61,0.11172
8299,12373,39245,33.916,191.64,294.07,-0.2109
8299,14226,38300,28.281,424.68,332.62,0.12156
8299,14516,39276,16.344,709.95,486.17,0.18709
8300,13584,39486,26.218,354.07,133.7,0.4518
8300,14222,38542,33.579,243.79,187.68,0.13005
8301,14416,39268,34.894,139.39,155.87,-0.055828
8303,14507,38091,32.068,360.05,229.18,0.22209
8306,12632,38510,30.112,423.61,270.07,0.22134
8307,12510,38308,30.711,452.49,358.02,0.11655
8307,14170,38294,31.593,484.53,243.21,0.3316
8309,12623,37494,28.945,315.08,202.51,0.21748
8311,13152,39567,33.773,254.1,256.64,-0.0049805
8312,13442,40121,34.17,874.95,649.66,0.14776
8313,13592,40148,30.101,389.16,275.99,0.17013
8317,13998,39692,40.186,722.98,494.74,0.18743
8318,12212,39909,26.78,317.74,221.68,0.17807
8319,11880,39692,28.706,451.62,363.41,0.10822
8319,14064,39804,27.285,492.16,338.68,0.18473
8321,12160,40035,24.176,560.89,285.65,0.32513
8321,13254,37612,30.314,274.45,129.82,0.35774
8321,14163,39679,35.457,312.78,215.02,0.18522
8322,14007,38349,19.84,622.95,352.65,0.27705
8324,13567,39374,22.703,421.64,220.74,0.31275
8325,13445,39245,22.816,853.22,575.09,0.19473
8326,13499,39378,16.621,914.83,914.2,0.00034578
8327,13582,39353,18.965,540.57,350.93,0.21272
8329,11728,38086,21.294,599.51,345.05,0.26939
8329,14596,38983,24.836,585.01,535.78,0.043921
8330,14483,38882,21.915,397.18,288.7,0.15816
8333,13243,39632,31.649,335.83,487.28,-0.184
8335,12416,37518,30.749,321.55,242.11,0.14093
8338,11970,39407,32.84,864.58,687.84,0.11385
8339,12108,38966,35.144,496.12,202.72,0.41984
8339,12126,39650,28.625,486.3,416.6,0.077203
8339,13117,39353,28.15,389.24,140.89,0.46847
8340,14644,37733,29.669,1197.2,1090.3,0.046733
8341,12199,39415,26.333,533.05,360.96,0.19249
8342,12022,39423,32.435,252.07,326.16,-0.12814
8342,12704,38800,29.234,329.84,237.71,0.16232
8349,13297,38413,31.698,505,433.78,0.075867
8351,12165,39818,24.852,436.62,287.5,0.20594
8351,13283,38497,31.294,621.7,467.48,0.14159
8352,12362,39941,23.501,831.36,381.03,0.37144
8353,12264,40290,27.311,911.41,886.44,0.01389
8354,11898,39455,33.332,398.4,221.63,0.28509
8354,12350,40179,22.441,457.09,214.09,0.36204
8357,11739,39460,30.876,448.85,238.79,0.30548
8361,13693,39844,29.63,393.72,291,0.15001
8362,13749,39773,27.165,539.89,343.1,0.22287
8363,13739,39889,32.879,678.43,593.61,0.066677
8365,13064,38726,36.005,518.83,223.04,0.39872
8365,13110,39462,32.078,353.69,215.54,0.24269
8366,13833,38473,30.375,193.02,103.23,0.3031
8368,14598,39953,24.899,545.87,427.46,0.12166
8370,14611,39356,21.359,393.09,262.1,0.19992
8371,14591,39417,30.095,466.51,266.41,0.27302
8372,12359,37507,24.061,286.42,122.19,0.40193
8372,14635,37709,35.115,258.72,143.18,0.28749
8373,12268,37508,33.078,259.46,108.94,0.40859
8375,11814,37761,30.283,514.44,494.86,0.019394
8375,12299,39974,30.109,853.49,475.15,0.28476
8376,12291,37522,20.756,347.15,256.85,0.14949
8380,13357,38052,23.504,571.96,573.95,-0.0017324
8381,13479,38004,25.897,558.68,361.77,0.21393
8382,13577,39317,26.821,290.14,236.02,0.10286
8383,13948,38668,26.145,341.79,153.72,0.37956
8384,13622,38626,21.972,450.48,160.22,0.47529
8386,13617,38804,30.314,447.1,326.88,0.15532
8387,12014,38800,26.026,347.99,160.93,0.36755
8387,14189,37811,35.9,203.04,145.57,0.16487
8387,14358,39364,37.32,298.68,211.53,0.1708
8389,13216,38742,29.307,337.1,337.43,-0.00048247
8390,12628,38178,33.325,309.33,232.11,0.14262
8394,12762,37458,30.49,494.68,453.89,0.043001
8395,14577,39364,27.197,594.51,424.5,0.16684
8396,12874,37485,24.344,485.46,422.43,0.069423
8397,12911,37453,26.923,699.28,609.56,0.068547
8398,12779,37590,20.793,790.35,439.72,0.28505
8398,14581,38298,25.711,954.82,804.93,0.085176
8401,13866,39661,30.163,269.9,205.97,0.13435
8401,14227,40223,33.688,163.67,307.73,-0.30561
8402,14596,37815,32.999,335.26,262.65,0.12144
8403,11864,38526,35.165,257.07,155.05,0.24755
8404,13705,38761,36.823,169.78,120.13,0.17127
8405,12394,40340,28.671,205.95,120.91,0.26018
8406,12225,38608,29.053,240.83,170.53,0.17092
8407,12485,38846,32.324,518.1,619.06,-0.08878
8408,12544,39016,29.189,399.45,448.14,-0.057443
8408,13620,37774,38.364,535.45,542.01,-0.006093
8409,11805,39400,27.083,665.1,671.96,-0.0051266
8409,12270,40327,23.902,640.41,600.11,0.032489
8409,12522,38775,33.309,329.6,574.02,-0.27049
8409,14160,37823,27.476,799.46,641.96,0.10927
8410,12219,40300,18.674,564.95,208.88,0.46015
8411,13043,37588,40.252,661.09,510.08,0.12894
8411,14460,38262,32.86,402.61,146.53,0.46632
8412,12869,37624,35.158,532.52,422.74,0.11493
8412,14626,39378,25.566,365.81,193.96,0.30701
8413,12889,37499,29.889,745.09,336.84,0.37734
8413,14534,37744,20.708,603.18,553.75,0.042726
8414,12740,37547,30.344,313.59,155.2,0.33786
8414,14260,37447,32.717,344.44,215.23,0.23088
8415,13397,38360,22.531,432.78,281.67,0.21151
8416,12479,39568,31.014,504.5,157.48,0.52423
8418,11887,37574,29.436,356.36,293.99,0.095901
8418,14389,38288,38.25,718.34,615.08,0.07744
8420,12515,39928,21.562,429.94,334.23,0.12525
8421,12448,40041,17.029,643.35,472.69,0.15292
8422,12272,37615,29.254,694.15,405.55,0.26243
8423,12472,39083,37.528,293.86,334.72,-0.065019
8423,13252,39128,32.494,521.8,642.01,-0.10329
8424,13615,38776,35.454,329.85,334.11,-0.006426
8426,12598,38201,29.037,543.03,352.09,0.21331
8429,13065,38451,31.473,150.59,118.61,0.11881
8430,11685,40261,32.646,245.74,161.7,0.20627
8431,11990,40052,22.602,444.06,276.72,0.23218
8431,12952,40185,26.064,353.18,257.71,0.15629
8432,12120,39916,22.01,706.24,394.66,0.28302
8432,12310,38783,38.651,401.63,311.16,0.12692
8432,12921,40250,36.307,516.16,470.56,0.046213
8432,14558,38526,39.186,405.74,147.71,0.46622
8433,12156,38701,26.018,339.31,211,0.23315
8433,12558,40301,24.587,678.99,629.13,0.038114
8434,12456,40300,26.34,773.51,676.12,0.067185
8435,13515,38512,24.472,1175.3,593.45,0.32895
8438,12617,39954,19.483,1615.7,477.38,0.54385
8440,12030,38754,26.061,458.4,325.52,0.1695
8440,12345,40220,33.929,595.18,355.88,0.25161
8441,11754,39078,28.583,395.34,208.42,0.3096
8443,12069,40016,24.02,723.91,365.92,0.32848
8444,12085,39961,5.6942,1838,309.38,0.71185
8444,14462,39717,35.86,412.36,265.5,0.21665
8445,14557,39797,23.868,282.72,226.57,0.11024
8446,11911,39754,16.312,447.19,242.8,0.29623
8446,14121,38189,31.911,362.63,305.27,0.085887
8447,11936,39948,18.812,376.14,277.5,0.15091
8447,12262,38699,33.234,366.58,205.49,0.28159
8447,14584,38375,23.449,1323.9,1160.8,0.065647
8448,11902,40034,17.566,428.25,195.09,0.37406
8448,12651,38754,36.614,345.65,245.4,0.16963
8448,14652,38317,16.956,1035.5,532.14,0.32111
8449,14347,38253,18.524,410.86,279.36,0.19052
8450,14260,38148,27.139,755.86,438.58,0.26563
8451,11668,39631,37.792,194.5,204.63,-0.025377
8451,13804,37682,31.496,634.42,590.99,0.035444
8452,12154,38789,34.979,253.23,191.28,0.13938
8452,13066,39685,30.107,240.12,260.15,-0.040027
8452,13806,37727,27.028,597.37,647.45,-0.040231
8453,12179,39387,26.092,504.52,381.45,0.13891
8454,11751,40011,24.832,601.81,444.22,0.15066
8454,14021,38041,35.318,486.34,391.33,0.10825
8455,13698,39541,25.418,555.29,252.12,0.37549
8455,14343,38064,38.158,669.02,508.51,0.13631
8456,12182,40200,19.814,357.95,219.04,0.24076
8456,13571,39696,17.279,737.06,815.92,-0.050779
8456,14471,38301,26.981,438.32,445.49,-0.0081185
8457,11901,40139,22.563,353.45,206.93,0.26146
8457,13566,39810,14.3,1249.5,914.36,0.15486
8458,13724,39840,17.097,1193.9,1096.1,0.042723
8459,13723,39882,20.904,620.66,814.54,-0.13509
8461,13653,39867,25.577,503.69,453.83,0.052074
8464,12352,39987,30.495,976.45,535.12,0.29197
8468,13191,40031,39.139,252.29,105.89,0.40874
8469,12839,40311,32.362,299.44,209.87,0.17587
8469,13114,38273,37.731,376.32,224.71,0.25225
8471,13956,38301,25.4,461.31,241.38,0.31298
8472,13269,39358,25.954,540.59,344.73,0.22122
8472,14204,38293,37.335,856.8,649.48,0.13764
8475,12769,38841,25.932,291.12,209.26,0.1636
8476,11974,38281,24.032,412.02,243.6,0.25689
8476,12737,38846,29.225,271.12,180.22,0.20138
8477,11859,38254,32.391,328.25,182,0.28663
8478,12104,39549,31.477,467.99,435.26,0.036241
8478,12715,40281,26.517,452.08,312.36,0.18277
8479,12463,40360,26.9,461.9,349.38,0.1387
8480,12237,40090,20.896,1161.4,1123.9,0.016394
8480,12534,37932,35.689,314.9,148.49,0.35912
8481,12431,40233,19.966,767.56,498.18,0.21282
8482,13617,39442,31.359,313.74,341.12,-0.041804
8483,11695,38843,34.029,1352,746.35,0.28862
8483,12908,39639,25.396,358.75,260.55,0.15857
8484,12869,37424,26.065,237.47,129.19,0.2953
8484,12945,39518,38.024,528.25,514.47,0.013214
8484,13690,39257,27.358,406.57,241.99,0.25376
8484,13876,37947,38.727,210.53,220.78,-0.023768
8485,12589,39412,15.982,691.26,300.68,0.39375
8485,13838,38229,27.883,455.18,209.89,0.36881
8486,12625,39398,18.928,755.04,321.29,0.40299
8486,13991,39963,19.035,650.98,486.28,0.14482
8486,14366,39378,37.758,195.71,268.76,-0.15727
8487,12549,39244,24.454,292.89,192.36,0.20717
8487,14007,39977,13.499,675.96,217.4,0.5133
8488,12568,38437,30.214,426.93,365.71,0.077234
8488,12643,39773,36.051,342.95,331.52,0.016951
8488,14015,39987,15.598,551.6,343.94,0.23188
8489,12612,39999,15.642,998.83,691.69,0.18168
8489,12707,38282,34.879,585.2,532.07,0.047557
8489,13187,39496,35.398,644.87,265.08,0.41738
8489,14013,39995,14.804,639.7,464.26,0.15892
8490,12368,39628,32.691,845.1,367.92,0.39339
8490,13228,39649,20.456,732.4,413.3,0.27852
8490,13956,39979,19.97,578.58,321.75,0.28527
8491,12342,39398,20.67,476.01,207.06,0.39374
8491,14056,40002,17.674,513.78,199.99,0.43962
8492,14070,39907,18.255,445.75,321.16,0.16245
8493,12721,38698,20.569,719.37,377.01,0.31226
8493,14102,39966,24.478,700.62,385.44,0.29021
8494,14010,39985,15.05,660.08,409.36,0.23445
8495,14021,40019,19.226,339.71,296.83,0.067373
8496,13969,39992,17.219,648.52,281.38,0.39481
8497,13931,40058,16.638,774.87,465.1,0.24982
8498,13178,37923,24.981,326.55,187.77,0.26983
8498,13506,40066,15.16,625.32,188.56,0.53664
8499,11830,39331,17.001,598.7,324.93,0.29641
8499,13205,38063,27.956,285.6,218.49,0.13313
8499,14032,40001,21.672,416.22,235.55,0.27719
8500,11824,39632,17.621,335.92,288.18,0.076484
8500,13975,40032,14.748,517.32,265.9,0.32101
8501,13521,37954,22.193,563.11,273.92,0.34549
8502,14027,38626,25.298,351.5,234.67,0.19931
8502,13973,39987,15.249,525.58,269.13,0.3227
8503,13974,40032,20.948,482.96,385.43,0.11231
8504,13973,40022,13.079,548.03,217.18,0.43236
8506,14023,40043,11.372,798.42,357.84,0.38104
8507,11851,38640,25.765,939.69,901.85,0.02055
8507,14020,40055,12.307,734.25,478.74,0.21064
8508,14358,37924,39.444,955.89,657.72,0.18478
8509,13793,40378,31.069,237.46,160.42,0.19361
8510,11688,38981,26.131,416.68,403.6,0.015943
8511,12380,39978,30.098,741.12,698.17,0.029839
8511,13669,37516,26.503,259.2,304.44,-0.080274
8512,12978,40334,26.764,215.58,120.8,0.28175
8514,13211,37533,29.309,584.52,438.97,0.1422
8515,12978,37453,29.487,680.5,468.24,0.18478
8515,14647,38252,23.11,523.22,330.19,0.22619
8516,14193,37921,26.933,289.27,144.13,0.33489
8517,14626,39876,32.153,643.04,607.19,0.028676
8518,13013,38723,31.033,390.66,192.94,0.33879
8520,12682,38845,25.431,322.25,254.73,0.11702
8520,12607,39828,27.808,320.05,226.05,0.17213
8521,12504,39726,26.699,529.73,510.58,0.018408
8521,12612,39199,33.583,698.02,553.24,0.1157
8522,12365,39600,23.69,658.02,400.3,0.24352
8524,12993,37947,26.984,839.72,699.83,0.090868
8525,12840,37896,35.357,497.6,255.66,0.32119
8526,12723,37773,36.926,734.66,621.22,0.083667
8527,12812,37480,32.45,285.65,106.46,0.45699
8527,13122,40245,36.364,576.75,284.28,0.33968
8528,11802,39433,31.283,305.01,327.66,-0.035799
8528,12880,37592,30.919,534.99,305.17,0.27355
8528,13134,40170,20.478,550.84,282.97,0.32126
8529,11818,39407,32.373,217.34,175.51,0.10647
8529,12692,37572,32.471,442.07,335.62,0.13688
8530,13345,39890,35.353,652.81,318.94,0.34357
8531,13090,38499,29.144,369.77,361.92,0.01073
8531,13604,39681,28.211,241.03,105.07,0.39282
8532,11804,37907,28.419,812.44,161.29,0.66872
8532,13345,38382,35.384,369.21,303.39,0.097854
8533,11924,38103,11.233,1805,332,0.68928
8533,13030,38523,24.779,243.54,117.59,0.34877
8534,11775,38027,9.7516,970.09,143.47,0.74232
8535,12266,39192,14.511,822.55,168.87,0.65933
8536,12263,39183,5.9308,1433.8,166.23,0.79222
8536,14600,38325,29.027,272.05,203.71,0.14364
8536,14581,40343,31.951,448.07,244.81,0.29336
8538,13279,38092,27.576,438.27,268.3,0.24055
8538,14406,40038,29.276,688.31,576.65,0.08827
8538,14661,39354,31.326,338.23,242.11,0.16562
8539,13494,37827,27.03,476.23,140.23,0.54505
8539,13535,38706,36.46,284.59,476.42,-0.25207
8540,13543,37615,35.998,421.65,315.7,0.14369
8541,13410,37653,39.92,558.87,471.26,0.085053
8541,14153,38794,30.753,960.17,736.63,0.13174
8544,14530,38227,30.275,443.64,231.24,0.31472
8544,14582,38865,28.012,400.55,272.76,0.1898
8545,12212,40154,22.02,229.33,112.89,0.34026
8545,14027,38849,31.797,350.42,233.86,0.1995
8546,14523,38287,34.04,341.29,280.87,0.097117
8548,12386,38370,31.429,216.59,103.31,0.3541
8548,12735,37653,32.437,613.64,369.09,0.24885
8548,14333,38425,25.307,811.36,232.17,0.55503
8550,11722,37629,18.584,285.12,222.91,0.12245
8550,12846,39528,28.59,327.7,275.48,0.08657
8550,14185,38421,34.27,287.5,291.13,-0.0062666
8550,14445,39947,34.892,313.52,451.25,-0.18009
8551,13157,38100,31.741,388.33,301.98,0.12509
8551,14650,40142,27.078,348.52,287.51,0.095937
8552,11668,37791,31.866,398.33,178.45,0.38122
8553,11713,37909,25.344,654.14,499.21,0.13433
8553,14121,38409,31.323,361.49,289.6,0.11042
8553,14626,39360,31.707,242.41,174.44,0.16306
8554,13281,40336,20.14,341.14,104.15,0.53221
8556,12011,39880,33.802,393.47,322.32,0.099388
8556,14452,37920,27.038,585.07,432.99,0.14938
8557,14551,37692,28.229,385.57,200.06,0.31677
8558,14532,37868,24.367,518.53,289.41,0.28359
8559,14410,40133,31.341,878.69,594.3,0.19307
8562,11841,39630,16.754,329.64,277.05,0.086678
8562,14189,39817,30.134,464,134.34,0.55095
8562,14517,38807,34.896,362.37,148.85,0.41767
8562,14589,38011,30.492,375.88,320.93,0.078849
8567,12584,39819,26.949,380.13,244.93,0.21631
8567,13141,39260,21.188,289.03,211.98,0.15378
8568,12239,39940,16.728,1065,698.14,0.20808
8568,14520,38295,21.701,480.86,422.69,0.06437
8569,14556,38006,28.363,558.28,584.1,-0.022603
8570,14474,37896,25.899,412.67,364.96,0.061352
8571,14316,37793,21.093,449.4,224.39,0.33394
8572,14498,37841,21.438,754.55,603.83,0.11096
8576,14610,39304,19.059,431.97,251.12,0.26474
8577,13183,39804,39.43,716.28,397.49,0.28622
8578,13020,40029,6.5762,1317.7,465.76,0.47769
8578,14470,39236,31.86,651.68,351.28,0.29951
8579,13051,39965,31.216,308.84,100.56,0.50874
8579,14092,39230,25.516,321.27,178.92,0.2846
8579,14446,37810,34.532,455.99,142.55,0.52368
8580,14099,39188,26.334,538.22,261.93,0.3453
8583,12309,40044,24.747,927.18,569.55,0.23894
8583,14104,38274,24.497,372.18,155.75,0.40996
8584,14578,39969,34.1,347.94,304.92,0.065899
8587,12637,38084,35.652,554.93,337.67,0.2434
8588,14371,37648,35.239,647.63,402.1,0.23389
8589,12047,39989,21.192,704.77,498.98,0.17096
8589,12531,37942,30.211,637.67,464.38,0.15724
8589,13336,38570,37.586,630.67,499.7,0.11586
8590,11872,39653,31.606,1293,771.72,0.25247
8590,13596,37931,33.198,435.63,276.45,0.22355
8591,11762,39806,18.818,1356.9,856.52,0.22606
8591,12324,38076,20.126,787.93,635.63,0.10699
8591,12447,40270,33.041,1400.6,995.76,0.16892
8591,13404,37789,32.09,232.07,160.11,0.18349
8592,11707,39639,28.172,693.8,455.33,0.20752
8592,12393,38311,32.572,212.42,123.22,0.26575
8592,12908,40356,37.916,326.02,486.79,-0.1978
8593,11793,38850,11.366,661.98,127.06,0.67793
8593,12520,38469,24.774,189.27,182.26,0.018859
8594,11881,38665,13.044,603.62,128.3,0.64941
8594,12239,38009,9.787,776.56,485.01,0.2311
8595,11675,37689,32.427,575.6,425.23,0.15025
8595,12277,37985,12.231,522.04,358.8,0.18532
8595,13621,39381,25.574,319.17,341.13,-0.03326
8597,13234,37423,32.606,316.92,269.34,0.081165
8598,11965,38264,23.978,390.96,147.14,0.45311
8599,12029,38321,27.09,370.87,291.84,0.11925
8599,12929,39560,36.598,218.28,138.26,0.22443
8600,11821,38545,33.651,219.38,207.88,0.026919
8603,11711,39456,17.187,925.43,516.15,0.28391
8603,11906,37779,32.132,277.72,131.95,0.35581
8607,13659,39379,35.959,199.91,187.72,0.031452
8607,14575,40227,30.381,571.47,658.37,-0.070661
8608,12684,38311,18.623,367.83,167.99,0.37297
8608,13923,39229,30.398,409.85,239.07,0.26319
8609,13785,37851,24.072,651.08,598.45,0.04212
8611,11829,37551,18.745,456.51,569.31,-0.10996
8611,12467,40298,23.075,527.11,439.86,0.090238
8612,11695,37521,17.465,528.97,590.09,-0.054618
8612,12454,40202,23.187,523.16,393.5,0.14145
8612,13525,37987,25.103,231.41,123.65,0.3035
8613,11788,39033,21.583,1039,751.1,0.16085
8613,12983,40150,27.196,334.81,147.43,0.38857
8614,11685,39105,33.971,426.26,410.03,0.019409
8615,11698,39279,22.219,730.82,298.9,0.41945
8616,11811,39524,30.759,439.15,266.86,0.24404
8616,13674,37662,26.88,459.26,400.06,0.068892
8616,14410,39871,31.34,670.4,390.33,0.26403
8617,11856,39513,19.992,1371.4,944.6,0.18428
8617,14412,39890,32.092,684.86,474.46,0.18149
8618,11779,39283,31.365,530.24,198.94,0.45435
8619,12275,38260,30.712,445.11,281.19,0.2257
8623,13351,38679,30.468,322.66,167.85,0.31562
8624,13303,38593,28.94,644.96,554.62,0.075314
8624,13554,37508,27.15,255.91,108.45,0.40469
8625,13687,38258,28.779,478.75,246.48,0.32027
8626,12248,39585,37.865,342.46,405.54,-0.084327
8627,13338,37487,30.287,642.19,744.88,-0.074032
8627,14352,38766,26.649,241.12,149.54,0.23443
8628,12946,39668,27.092,601.68,301.36,0.33257
8628,14652,37728,28.32,192.8,113.83,0.25752
8629,12619,39524,33.254,1023.2,785.08,0.13168
8629,14388,38771,36.163,274.23,140.28,0.32314
8631,13078,39796,29.904,488.3,254.47,0.31482
8633,14357,38774,31.074,304.49,158.22,0.3161
8635,11900,38823,30.881,721.14,466.54,0.21436
8635,14314,38741,30.173,328.65,177,0.29993
8636,11923,38869,18.319,539.79,427.81,0.11573
8636,11839,39752,27.976,676.38,235.96,0.48273
8637,13549,38175,29.934,364.12,262.24,0.16267
8638,12058,38621,30.402,927.42,851.47,0.04269
8638,13858,40099,29.713,306.71,234.65,0.13312
8639,11953,40344,31.973,142.73,131.51,0.040909
8639,12202,38472,31.694,814.63,407.07,0.33359
8639,13553,38415,25.037,574.76,393.96,0.18663
8639,14008,40229,25.717,327.96,200.94,0.24016
8640,11991,40027,28.76,450.38,398.95,0.060548
8640,12198,38844,34.186,419.98,384.42,0.044207
8640,12513,39304,36.418,1024.5,900.28,0.064541
8640,14342,38763,32.604,360.27,167.96,0.36407
8641,11855,38957,39.781,632.14,390.4,0.23641
8641,11829,40064,22.733,703.48,378.79,0.3
8641,12471,39447,29.426,575.31,618.6,-0.036259
8641,12613,38400,33.844,383.25,290.29,0.13802
8642,12529,39383,28.008,385.4,207.96,0.29903
8642,13902,40241,39.305,743.98,596.43,0.11007
8644,11672,39834,31.511,426.66,145.11,0.49243
8645,14198,39684,35.866,211.95,104.88,0.33795
8646,11681,37707,31.097,218.46,136.87,0.22964
8646,12297,38364,33.054,279.02,308.84,-0.050716
8646,13060,38697,35.003,255.21,159.53,0.23068
8647,14390,38660,26.071,513.98,235.5,0.37157
8648,11863,38126,34.935,332.92,402.93,-0.095144
8648,13827,37408,35.279,491.53,340.72,0.18121
8649,11920,38076,30.37,399.3,215.23,0.29953
8650,11906,38413,30.379,244.97,230.34,0.03079
8651,14488,39471,26.554,481.87,404.2,0.087659
8654,12088,37464,31.575,237.86,116.1,0.34398
8654,14490,39880,21.901,737.18,540.28,0.15414
8655,12353,37446,25.573,716.18,574.89,0.10943
8655,13134,38270,33.321,787.37,463.43,0.25898
8655,13701,39782,31.618,248.18,147.85,0.25334
8656,12548,37550,29.007,467.86,187.83,0.42707
8656,12730,38696,34.52,354.77,218.04,0.2387
8656,14162,40256,26.551,798.95,614.45,0.13054
8657,12583,37614,24.486,356.9,359.28,-0.0033319
8657,13814,37587,12.695,702.26,151.98,0.64417
8657,13797,40012,13.09,525.8,332.96,0.22455
8659,13425,40391,21.689,902.17,396.9,0.38895
8659,13876,37587,10.448,727.93,228.37,0.52239
8660,13941,37586,4.5046,1937.9,143.81,0.86183
8661,14026,37662,4.1818,2483.9,141.54,0.89218
8662,14147,37448,4.274,2416.7,270.51,0.79867
8663,12290,38043,31.76,231.22,321.04,-0.16265
8664,14205,37440,4.3087,2374.1,357.93,0.73797
8664,14451,40195,22.87,401.62,259.93,0.21418
8665,12741,38292,30.783,187.31,180.99,0.017155
8665,14238,37559,4.5948,2030.6,230,0.79651
8666,14361,39475,19.879,824.62,364.47,0.38698
8667,12699,38888,29.66,186,145.38,0.12258
8667,13493,39399,32.197,375.6,204.02,0.29603
8667,14340,38779,26.487,255.5,164.74,0.21597
8668,13201,39565,29.657,1049.3,704.82,0.19636
8669,12860,39356,22.932,333.81,311.76,0.034153
8669,14463,40081,31.689,175.99,146.97,0.089866
8670,12891,39270,24.479,599.57,515.45,0.075442
8670,14433,40207,27.999,227.42,111.05,0.34382
8672,12254,37993,20.434,270.52,410.87,-0.20597
8672,14388,38721,16.797,443.14,198.35,0.3816
8672,14510,40275,33.492,221.37,127.67,0.26845
8673,12233,37998,15.278,458.98,408.29,0.058439
8673,13668,39858,31.349,384.9,119.72,0.52549
8676,14413,40255,31.059,274.38,251.79,0.04293
8682,12829,39498,28.047,361.56,273.03,0.13952
8682,14231,39613,25.429,412.85,258.56,0.22981
8682,14613,38386,21.596,1172.3,671.34,0.27172
8684,14541,39407,27.458,338.31,178.36,0.30958
8685,12912,40046,23.336,432.58,268.68,0.23371
8685,14482,37722,32.996,304.48,117.75,0.44225
8686,12078,37933,38.443,462.15,317.54,0.18548
8686,13678,39323,17.998,340.34,258.86,0.13598
8686,14498,38450,30.909,693.13,370.97,0.30275
8686,14429,38628,27.713,412.53,120.19,0.54877
8687,12170,37740,25.187,292.98,108.23,0.46046
8687,13633,39372,19.225,384.47,250.81,0.2104
8687,14378,38648,36.346,253.8,201.02,0.11604
8688,12132,37492,34.408,501.88,307.23,0.24057
8688,12353,40103,17.574,653.03,505.97,0.12688
8689,11893,37577,25.299,549.25,366.3,0.19982
8689,12910,39798,25.629,1180.5,1020.7,0.072618
8690,12514,39891,28.629,1458.6,1608.7,-0.048964
8690,12810,39899,27.73,1332.9,1576.1,-0.083602
8691,12406,39999,23.213,579,416.98,0.16267
8693,14241,38754,27.272,647.77,323.89,0.33333
8694,12431,38321,33.664,817.85,932.43,-0.065461
8694,12373,39117,38.238,349.9,613.03,-0.27326
8694,12773,40047,35.258,224.53,181.39,0.10629
8694,14318,38735,33.667,433.84,152.51,0.4798
8695,12215,39270,36.322,463.85,582.04,-0.113
8695,12498,38450,30.79,556.63,272.87,0.34209
8695,14415,38731,18.32,839,274.23,0.50733
8696,12088,39495,28.659,640.43,701.36,-0.045407
8696,12341,38631,31.932,375.61,281.99,0.14236
8696,14435,38717,24.803,1001.2,724.27,0.16049
8696,14477,37882,31.782,810.36,525.67,0.21309
8697,12336,38695,29,532.28,163.71,0.52957
8699,13566,38418,19.112,474.02,504.9,-0.031548
8699,13634,38162,31.714,664.43,500.63,0.14059
8700,13782,39417,22.134,381.13,270.34,0.17006
8701,13489,39604,25.793,507.32,342.67,0.19371
8701,13782,37899,32.611,191.13,115.21,0.24785
8701,14547,37754,25.953,873.89,653.16,0.14455
8702,13644,39621,25.511,277.79,260.43,0.032243
8703,13007,37579,34.087,363.86,290.11,0.11278
8703,13730,39374,27.385,481.99,285.78,0.25556
8704,13160,37697,25.347,730.37,322.63,0.38721
8705,13087,37685,20.904,518.41,411.93,0.11445
8705,14323,38728,26.829,295.06,225.92,0.13272
8706,12700,40162,37.276,544.23,270.46,0.33604
8706,12964,37484,27.775,706.39,427.27,0.24621
8706,14050,38489,24.122,301.6,132.44,0.38974
8706,14652,39428,29.064,769.73,199.84,0.58777
8707,14157,38845,34.01,244.76,233.32,0.023943
8710,11954,37743,29.898,1326,804.98,0.24451
8710,12414,37546,24.429,1598.6,1328.9,0.092146
8711,12579,37712,19.575,1163.3,717.64,0.23695
8712,14430,39343,30.558,342.26,266.68,0.12413
8714,13214,39908,18.041,379.92,154.94,0.42064
8715,11792,39798,32.915,645.14,191.31,0.54257
8715,11805,37418,28.319,716.03,292.44,0.42003
8715,11841,39793,31.214,889.71,366.11,0.41693
8715,13298,37862,30.818,385.31,148.66,0.44318
8715,14592,38219,19.822,928.73,418.58,0.37864
8716,12853,37552,24.308,992.38,607.39,0.24065
8716,13751,39779,32.444,362.34,253.48,0.17677
8716,14592,38339,17.157,1012.1,850.59,0.086695
8717,11957,37948,28.415,368.33,235.31,0.22037
8717,14002,37829,21.361,613.13,432.44,0.17281
8717,14537,38282,29.927,677.07,567.44,0.088091
8718,14657,38226,20.691,827.11,520.32,0.22768
8720,11860,38779,25.944,540.31,487.72,0.051153
8721,14651,38251,15.961,728.88,565.93,0.12585
8722,12453,37596,24.838,324.4,257.21,0.11552
8722,12975,40179,31.929,245.61,147.73,0.24884
8725,12205,38238,28.696,373.44,130.74,0.48137
8725,13853,39815,23.364,1264.7,811.8,0.21811
8726,14291,37731,27.402,405.63,314.63,0.12635
8727,11798,38138,33.166,480.22,513.39,-0.033389
8728,12521,39666,35.345,337.81,228.38,0.19327
8728,14607,39713,26.871,353.35,199.39,0.27854
8729,12515,39677,20.79,761.13,417.1,0.29199
8730,11799,39581,23.926,238.2,300.21,-0.11516
8730,12447,39594,29.973,669.49,553.11,0.095186
8731,12491,38156,34.807,160.89,292.2,-0.28981
8731,12506,39457,18.831,810.1,370.95,0.37183
8732,12473,38131,30.774,308.17,209.83,0.18986
8732,14331,38574,34.13,319.96,284.27,0.059082
8733,14552,38310,24.03,724.52,464.72,0.21846
8734,14570,38259,31.377,845.75,730.59,0.073058
8735,12563,39997,36.664,274.31,221.46,0.1066
8735,14496,37612,22.561,516.01,179.03,0.48485
8735,14553,39527,37.178,187.41,188.64,-0.0032817
8736,11769,38617,24.15,224.95,117.57,0.31352
8738,11754,38545,32.731,283.41,215.29,0.1366
8742,12387,39391,34.289,396.36,306.57,0.12774
8742,12981,37466,36.633,299.78,179.49,0.251
8743,12361,39309,29.102,438.42,417.53,0.024404
8744,12236,39422,16.695,1203,987.29,0.098477
8744,13602,40327,29.32,348.67,298.91,0.076834
8745,12010,39296,24.641,795.35,966.94,-0.097368
8745,14500,38120,28.421,610.42,412.8,0.19314
8749,14363,37799,34.29,235.59,121.29,0.32027
8750,14453,37679,23.282,386,338.51,0.065553
8752,14030,37771,22.245,310.06,176.99,0.27321
8753,12119,38382,35.421,451.81,164.8,0.46546
8755,12154,37958,30.508,500.51,358.25,0.16566
8755,12356,40217,21.281,1362.3,938.94,0.18398
8755,13473,37619,15.6,701.34,706.65,-0.0037676
8756,12398,40194,16.048,1037.6,682.41,0.20652
8756,13437,37599,34.5,1146.7,999.32,0.068667
8757,12370,39654,38.252,175.32,259.01,-0.19268
8758,12293,39477,36.186,210.53,191.73,0.046737
8758,13746,37897,33.08,269.96,395.65,-0.18884
8758,14345,40033,32.646,241.87,163.84,0.19232
8759,12264,39692,32.295,455.56,502.9,-0.049395
8759,14222,39868,35.21,295.74,170.69,0.26812
8760,12137,39523,26.03,445.82,649.24,-0.18576
8760,12605,37680,24.675,306.72,166.86,0.29533
8760,14168,39913,33.399,557.5,339.72,0.24273
8761,12008,38373,35.537,279.13,194.93,0.17762
8761,14375,39368,33.918,487.85,440.63,0.050861
8762,12141,39390,42.33,715.61,795.57,-0.052912
8762,14612,39316,28.061,282.67,248.09,0.06515
8763,11797,39406,16.218,1670.4,1535.7,0.041998
8763,11908,40101,13.899,2387.3,1397.4,0.26154
8763,12820,38893,30.598,264.85,224.94,0.081489
8764,12618,38872,29.996,408.69,270.43,0.20359
8764,12463,39628,30.072,668.07,426.81,0.22036
8765,14033,37873,24.03,608.22,335.96,0.28835
8767,12744,37727,35.788,415.18,127.12,0.53118
8767,14143,37617,38.684,250.75,233.43,0.035774
8768,12727,37664,30.434,318.85,120.89,0.45016
8769,11862,38318,27.438,358.17,123.56,0.487
8769,13800,39777,24.653,578.78,300.91,0.31587
8770,11783,38155,30.742,333.97,314.51,0.03001
8770,14286,38261,24.219,584.97,338.3,0.26716
8771,12166,39429,32.169,455.66,181.12,0.43113
8771,14156,38232,21.059,613.54,359.42,0.26118
8772,14214,38416,32.478,269.8,240.74,0.056927
8772,14575,39333,31.656,318.61,266.42,0.08921
8773,12559,39348,22.58,570.99,647.46,-0.062759
8773,14245,38240,20.852,459.65,283.5,0.23703
8774,12568,39343,38.116,210.19,247.1,-0.080722
8774,14361,38301,30.187,478.46,217.04,0.37588
8777,11753,39761,33.663,210.53,241.92,-0.069376
8778,11791,39825,31.466,281.73,169.54,0.2486
8779,12568,40171,28.603,348.8,337.65,0.016236
8779,13256,37440,36.071,461.45,368.28,0.11229
8780,11790,39829,27.471,603,307.24,0.32493
8780,13394,37494,33.808,650.57,406.11,0.23135
8782,13282,37743,32.215,387,160.64,0.41333
8784,12583,37719,28.614,657.84,182.06,0.56646
8785,13694,38384,28.144,781.04,622.54,0.11293
8785,14232,39191,36.265,601.35,459.96,0.13322
8785,14485,39827,31.088,394.35,292.76,0.14786
8786,12295,38416,38.057,568.54,422.81,0.14701
8786,13868,37716,28.543,435.76,359.06,0.096502
8789,14632,39390,26.984,677,585.47,0.072502
8792,12882,40330,35.731,624.93,367.43,0.25948
8792,14572,39412,30.272,222.54,321.74,-0.18227
8793,12331,39273,25.013,439.96,270.39,0.23871
8794,13593,38418,26.033,499.55,312.32,0.23062
8794,14643,38754,26.268,504.81,264.04,0.31315
8795,12345,39442,19.544,890.22,456.92,0.32165
8795,12389,40124,23.048,774.34,455.5,0.25925
8796,12399,38009,34.996,423.8,381.28,0.05281
8796,12493,39306,25.188,685.98,471.39,0.18541
8796,13331,38647,34.347,607.62,496.83,0.10032
8797,13311,38695,32.692,536.45,543.35,-0.0063953
8799,12440,39168,30.39,170.04,221.7,-0.13188
8799,13186,39957,31.091,161.71,111.61,0.18332
8799,13410,38614,31.713,320.66,362.21,-0.060845
8800,13478,38702,25.265,378.09,546.78,-0.1824
8801,12471,39878,31.127,488.13,359.92,0.15118
8801,13482,38779,32.233,228.04,232.46,-0.0096019
8802,12371,39785,23.217,600.6,485.12,0.10636
8802,13653,38651,29.826,407.92,364.81,0.055787
8802,14109,39766,33.802,341.32,200.56,0.25978
8803,12404,39439,17.535,849.36,481.65,0.27626
8803,12409,39874,22.362,1126,605.49,0.30063
8803,13912,37541,31.865,434.07,100.38,0.62437
8804,12410,39545,26.615,642.29,267.74,0.41158
8804,12463,40144,20.812,1611.6,1308.1,0.10393
8805,14062,37839,35.73,418.63,346.29,0.094579
8806,12395,39466,15.896,647.17,285.98,0.38707
8807,12864,39747,24.995,297.57,126.1,0.40472
8807,14399,38442,31.801,368.07,738.08,-0.3345
8808,12619,37878,35.955,481.15,200.96,0.41077
8809,11964,38889,30.672,519.94,378.63,0.15726
8809,12784,39725,31.973,449.47,184.58,0.41776
8811,12984,39753,31.988,403.14,316.08,0.12105
8812,11822,39195,20.79,412.16,217.6,0.30894
8812,13241,38371,38.224,375.33,175.59,0.36256
8814,11705,40369,24.617,655.72,613.47,0.033295
8815,12462,37411,33.693,544.57,488.91,0.053852
8817,12447,37734,30.929,488.68,281.87,0.26839
8818,12497,37492,22.635,493.23,292.07,0.25616
8820,12491,37532,29.207,377.13,127.69,0.49413
8824,14496,40046,36.291,418.82,344.34,0.097599
8826,14458,37816,32.985,254.76,176.31,0.18197
8826,14521,40221,32.157,508.42,371.78,0.15524
8827,12201,38489,23.593,461.8,381.11,0.095727
8827,14330,40081,31.864,500.16,365.78,0.15519
8827,14546,37884,20.164,740.92,443.68,0.25092
8828,14240,40053,29.524,755.87,584.94,0.12748
8829,14080,39741,31.844,301.91,226.12,0.14354
8829,14593,38054,22.449,657.41,481.86,0.15409
8830,14476,38764,26.527,824.62,593.59,0.1629
8830,14631,37979,22.674,410.42,218.63,0.30488
8831,12568,38012,37.28,480.44,366.47,0.13458
8831,14360,38543,31.746,416.39,219.22,0.3102
8831,14486,39090,37.386,700.46,515.77,0.15185
8832,14416,39401,33.725,572.7,357.3,0.23162
8833,14442,38769,30.11,325.12,299.61,0.040842
8834,14360,39639,31.202,572.17,519.49,0.048259
8834,14386,38433,27.318,557.58,436.99,0.12125
8835,14324,38502,27.257,313.66,125.84,0.42733
8836,13474,39159,43.691,462.81,235.66,0.32521
8836,13503,37740,37.353,558.05,563.31,-0.0046892
8838,12259,39537,36.982,287.16,197.57,0.18482
8838,14490,38460,34.057,442.56,201.32,0.37466
8839,12379,40219,19.565,532.4,384.8,0.16092
8839,14424,38528,29.87,277.01,160.09,0.26749
8839,14652,39283,14.83,413.83,261.38,0.22578
8840,14537,39779,29.589,421.48,370.46,0.064424
8841,11712,37577,30.442,627.5,857.04,-0.15462
8841,13255,37422,26.319,241.05,163.62,0.19134
8841,14626,39572,31.34,562.66,433.01,0.13021
8842,11893,37796,30.278,286.01,122.94,0.39877
8842,13327,39561,36.296,411.96,492.93,-0.089479
8844,13662,39747,32.511,403.85,293.32,0.15854
8845,12854,40257,37.226,644.82,713.3,-0.050424
8847,13409,39911,31.135,286.42,244.62,0.078703
8848,12216,40262,27.567,772.31,625.87,0.10473
8850,14300,38970,34.167,294.27,117.26,0.43014
8851,11958,39455,26.194,461.92,451.37,0.011548
8851,13953,37610,27.152,471.16,469.18,0.0021132
8851,14345,38969,35.835,313.84,269.56,0.075898
8852,12024,39547,13.6,1167.5,695.57,0.25329
8852,13616,37972,27.302,703.57,583.19,0.093554
8853,11892,39932,21.663,678.2,463.26,0.1883
8853,13907,37548,33.075,326.65,179.01,0.29197
8854,11971,40206,30.203,431.09,143.26,0.50114
8855,12486,40371,27.166,742.42,344.98,0.3655
8856,11764,37821,28.949,225.57,144.65,0.21856
8856,12204,40094,35.527,600.11,299.98,0.33344
8857,13533,39589,27.95,329.12,321.7,0.011401
8858,13498,39871,23.323,373.76,268.27,0.16431
8859,13693,39590,22.702,623.9,521.52,0.089382
8860,13689,39546,30.589,669.04,503.25,0.14143
8861,11997,38428,33.534,451.42,271.47,0.24892
8861,13794,39617,32.371,614.2,834.44,-0.15203
8861,14278,40277,35.837,184,100.51,0.29345
8862,14042,37497,33.03,449.58,306.72,0.18888
8863,11777,39636,20.889,302.3,316.57,-0.02306
8863,12482,37582,36.287,448.11,222.06,0.3373
8863,12405,39751,28.324,253.4,355.89,-0.16821
8864,14429,38738,27.574,323.11,286.76,0.059617
8865,12864,37638,18.933,863.95,351.85,0.4212
8865,13551,39296,17.045,456.55,255.54,0.28229
8865,14480,38938,30.122,683.73,359.71,0.31053
8866,12057,40204,22.2,480.42,147.92,0.52916
8866,12820,37532,35.522,613.01,265.41,0.39572
8866,13630,39441,21.06,506.81,365.32,0.16223
8867,12452,40093,28.465,480.72,372.84,0.12639
8867,12694,39633,31.541,353.24,257.19,0.15735
8868,12570,40190,23.804,488.25,386.68,0.11609
8869,12686,40191,32.659,457.99,403.71,0.062994
8870,14569,38564,36.917,175.15,107.79,0.23804
8871,13446,37939,37.358,300.93,164.65,0.29271
8872,11757,39549,23.563,619.55,540.14,0.068469
8873,11763,39447,22.248,564.8,241.57,0.40085
8873,13641,39502,29.764,429.4,310.16,0.16123
8874,11782,39339,22.931,534.79,358.71,0.19707
8875,11786,37494,31.516,537.72,326.19,0.24485
8876,11709,37499,18.119,564.61,289.09,0.32273
8877,14483,39306,26.573,1052.4,603.34,0.2712
8877,14399,37450,25.78,419.79,273.7,0.21066
8877,14636,38451,30.193,369.02,168.88,0.37206
8878,14429,39509,25.235,816.73,494.59,0.24566
8879,14021,38087,36.831,415.81,349.06,0.087274
8879,14414,39563,23.989,391.05,166.44,0.40289
8880,14132,39381,32.738,255.32,201.73,0.11725
8880,14606,38303,22.45,720,478.64,0.20136
8881,13186,39979,34.98,855.79,508.44,0.25461
8883,13075,38681,22.808,431.98,332.86,0.12959
8883,14310,38452,36.041,274.12,190.96,0.17882
8884,13519,39789,24.878,405.64,239.22,0.25807
8888,13835,39659,32.701,296.72,118.55,0.42905
8889,12031,37567,32.315,250.56,139.56,0.28452
8890,12433,39849,32.579,395.93,374.93,0.027236
8890,12716,38998,34.196,423.28,224.24,0.30739
8890,14614,38112,24.132,283.73,209.61,0.15024
8893,13187,38849,28.605,563.65,411.39,0.15616
8893,13525,39723,22.956,367.6,224.12,0.24248
8894,12224,39541,24.598,555.98,308.9,0.28567
8894,13429,39710,23.422,349.72,217.75,0.23257
8895,12179,39558,25.646,436.81,456.96,-0.022553
8896,13808,38138,29.51,608.6,123.73,0.6621
8897,11829,39264,34.604,668.16,791.68,-0.084616
8898,14291,38166,24.744,241.62,132.57,0.29145
8899,13321,40005,30.15,308.31,137.5,0.38314
8899,14281,38417,33.4,814.87,637.11,0.12243
8900,14270,38779,30.284,232.2,149.86,0.21553
8901,13064,37952,28.265,406.57,267.99,0.20544
8901,13722,38202,30.814,444.15,363.19,0.10028
8902,13918,38821,35.606,322.91,322.83,0.00012831
8903,11889,39139,32.041,686.66,355.49,0.31778
8904,11969,39278,31.346,394.94,452.48,-0.067897
8904,13125,40213,25.711,583.99,264.57,0.37642
8904,14008,40384,37.454,519.61,279.73,0.30009
8904,14213,38307,34.075,380.47,112.15,0.54469
8905,13267,40095,22.281,937.83,524.48,0.28267
8906,11868,38931,34.057,278.77,181.04,0.21254
8907,12177,38626,34.284,251.73,189.8,0.14026
8907,13198,40224,24.746,414.96,380.07,0.043882
8908,13831,39520,30.474,226.04,226.14,-0.00021388
8910,12371,38518,31.768,470.41,495.41,-0.025884
8911,14409,38176,33.131,212.41,150.98,0.16903
8911,14618,39781,20.063,263.82,119.3,0.37723
8915,13672,39298,30.055,368.19,365.1,0.0042149
8918,13896,38472,26.623,259.1,162.38,0.22947
8919,14652,39295,27.072,352.21,272,0.12851
8920,14022,37419,24.71,357.43,224.86,0.22766
8920,14637,39317,22.697,354.85,252.48,0.16856
8921,14583,39328,17.044,549.34,472.91,0.074765
8926,11757,37849,36.557,456,531.41,-0.076373
8926,11856,39315,24.404,263.08,240.52,0.0448
8926,13737,39927,33.044,226.37,214.13,0.027787
8927,13669,39745,22.552,749.12,605.43,0.10608
8928,13062,37692,21.371,459.77,290.84,0.22505
8928,13607,39752,20.06,744.59,490.59,0.20564
8929,13611,39814,26.16,597.17,417.86,0.17666
8929,13898,38304,33.964,452.98,187.77,0.4139
8930,14220,38924,33.618,253.72,184.57,0.15778
8934,12694,37546,32.649,513.15,283.82,0.28775
8935,13263,37530,32.646,488.99,412.4,0.084967
8936,11909,38984,22.252,326.59,244.38,0.14398
8937,12200,39224,16.97,988.47,546.96,0.28755
8938,12079,39047,19.507,507.94,187.08,0.46165
8939,13728,37815,24.134,1037.9,611.36,0.25862
8939,14366,38533,25.243,463.36,224.92,0.34642
8943,11803,39257,19.457,590.02,408.57,0.18171
8944,11850,39226,20.753,873.21,521.89,0.25183
8946,14224,38479,32.806,458.63,173.08,0.45203
8949,14431,37918,20.25,404.3,142.1,0.47986
8950,14315,37904,30.248,433.37,190.64,0.38899
8950,14574,40345,28.321,357.39,214.64,0.24954
8951,13991,40165,33.839,500.15,353.37,0.17196
8951,14337,37899,15.599,796.08,474.71,0.25289
8953,13361,39354,33.603,814.26,498.61,0.24042
8953,14124,38766,29.851,216.47,158.54,0.15447
8955,13508,38314,31.435,376.35,381.66,-0.0070085
8956,13258,39911,36.658,665.5,800.17,-0.091881
8957,13312,39584,37.395,380.05,355.71,0.033076
8958,12686,38747,28.87,402.6,259.96,0.21528
8960,11933,39496,16.3,882.07,562.02,0.22163
8961,11914,39439,20.641,741.47,600.41,0.10512
8961,12738,38125,39.48,594.94,575.95,0.016225
8962,11995,39536,26.297,988.4,626.36,0.2242
8962,13001,38765,29.98,262.79,111.6,0.40384
8963,12241,39570,23.175,381.64,426.68,-0.055715
8963,14058,37783,27.067,157.1,261.72,-0.24978
8964,12117,39739,30.533,339.58,303.24,0.056524
8965,12070,39752,39.987,545.37,349.33,0.21911
8965,14065,37764,27.027,201.25,368.84,-0.29398
8967,12875,40044,33.165,610.92,636.26,-0.020315
8967,14014,37740,21.326,403.13,539.37,-0.14455
8968,12459,39461,17.243,568.4,283.68,0.33415
8968,14024,37691,25.706,225.22,251.92,-0.055959
8969,12413,38038,26.036,648.47,411.56,0.2235
8969,12543,39321,19.235,765.48,613.61,0.11012
8969,14031,37733,15.911,364.77,369.33,-0.0062094
8969,14297,40212,32.166,543.85,515.91,0.026364
8970,12291,37950,23.064,521.1,583.71,-0.056673
8970,14014,37833,25.294,460.52,615.63,-0.14414
8971,14004,37766,29.511,375.95,344.63,0.043466
8973,12304,38373,27.207,421.65,229.83,0.29443
8976,12101,38968,13.344,729.08,426.49,0.26185
8976,14455,37992,22.368,451.03,245.48,0.29511
8977,12115,38960,12.242,726.23,168.74,0.62292
8977,14484,38039,34.724,880.93,397.37,0.37828
8978,12151,39026,12.201,779.43,417.63,0.30224
8978,13877,38862,32.395,337.6,211.09,0.23057
8979,12125,39088,12.362,637.23,190.09,0.54047
8979,13540,40350,26.207,715.3,637.43,0.057563
8982,13741,39170,32.192,252.68,170.99,0.1928
8984,14411,38172,25.392,403.69,259.69,0.21708
8985,12091,39539,19.832,304.67,217.24,0.16751
8987,13493,39472,24.023,687.35,288.45,0.4088
8990,13120,37449,24.383,333.81,135.83,0.42156
8990,14476,37869,33.843,387.56,229.25,0.25665
8991,12992,37438,23.304,517.14,238.04,0.36958
8991,13543,39571,24.958,530.09,457.27,0.073754
8991,14464,37879,28.631,387.72,192.21,0.33713
8991,14592,40371,30.024,430.36,331.98,0.12904
8992,14344,37950,42.407,981.79,1269.9,-0.12795
8993,14398,37933,14.624,914.05,945.51,-0.016921
8993,14540,40094,27.765,322.67,316.19,0.010149
8995,13090,40144,37.305,156.85,209.07,-0.14272
8996,14244,38657,24.357,368.49,458.93,-0.10931
8998,13493,40188,35.662,420.26,583.03,-0.16223
8998,14629,38550,16.075,542.92,603.87,-0.053152
9000,13230,38832,31.421,687.97,562.93,0.099964
9002,11847,40259,17.179,1003.6,457.24,0.37401
9003,12562,40165,32.534,207.81,122.48,0.25837
9003,14411,39092,31,440.51,290.68,0.20491
9004,13479,40237,21.36,327.11,222.09,0.19121
9004,14565,39257,31.554,516.29,300.95,0.2635
9006,14096,38982,25.741,536.16,701.31,-0.13345
9007,11753,38570,27.292,378.24,172.77,0.37289
9007,13948,38975,30.943,406.01,872.72,-0.36498
9008,12118,39945,23.007,211.72,173.12,0.10031
9009,14076,38960,32.134,461.04,645.62,-0.16679
9015,12108,39514,20.039,465.45,393.69,0.083524
9015,14571,37950,29.451,564.99,291.18,0.3198
9017,11740,38526,23.502,415.54,216.72,0.31446
9017,12033,39619,24.595,1101.4,627.28,0.27426
9023,13490,39709,19.798,1036.8,504.04,0.34575
9028,12351,39893,22.551,651.76,584.61,0.054311
9029,11792,38741,34.762,394.3,324.81,0.096623
9029,12440,40031,23.928,648.63,381.78,0.25898
9030,12021,39554,22.669,501.14,293.81,0.2608
9031,12987,38304,31.908,269.33,161.34,0.25076
9032,14661,40353,23.769,375.63,345.71,0.041471
9033,14606,40353,29.816,673.14,542.26,0.10769
9034,12069,37599,31.863,432.81,116.92,0.57464
9034,14593,40282,31.482,508.42,508.7,-0.00027748
9039,13473,37860,35.785,597.79,521.38,0.068269
9040,14439,39333,29.933,418.69,158.98,0.44959
9040,14574,39316,29.09,578.49,324.63,0.28109
9041,11676,38684,26.367,396.34,255.35,0.21635
9042,12569,38965,29.394,230.76,179.59,0.1247
9043,13260,40198,31.214,403.74,293.65,0.15785
9044,14463,37530,31.263,574.15,284.03,0.33807
9045,12301,39685,37.4,460.05,279.53,0.24409
9045,14066,38256,26.213,870.88,720.41,0.094561
9045,14584,38899,34.594,247.71,181.93,0.15311
9046,14230,38261,32.551,1676.6,1333.1,0.11414
9047,13530,37799,27.484,517.65,311.45,0.2487
9047,13606,38617,27.905,1316.1,1081.4,0.09789
9047,14317,38291,24.416,1143.2,1095.5,0.021288
9048,14476,38339,31.141,663.49,608.13,0.04354
9049,12731,37905,23.886,245.24,149.59,0.24224
9049,14667,38289,27.828,695.2,485.24,0.17787
9050,13472,39690,28.188,639.73,489.93,0.1326
9051,13464,39728,27.715,575.04,529.42,0.041305
9051,14483,38274,35.06,287.21,244.52,0.080282
9052,12269,37973,20.331,625.19,497.95,0.11329
9052,13313,39646,36.479,447.46,297.59,0.20116
9053,13046,39387,26.426,802.26,628.79,0.12122
9053,14602,37403,23.781,301.63,135.69,0.37943
9054,13087,39380,29.968,192.09,103.68,0.2989
9057,14537,38214,19.763,393.14,139.63,0.47584
9060,12280,39743,36.001,139.89,116.01,0.093323
9062,13727,39261,36.739,226.75,235.01,-0.017889
9063,13993,39829,32.453,691.58,500.63,0.16017
9066,13141,38998,39.662,269.94,280.38,-0.018967
9068,14134,37438,25.765,466.45,181.76,0.4392
9068,14406,39080,31.011,560.64,217.11,0.44169
9069,13598,38678,38.46,239.74,133.76,0.28375
9069,14640,37442,35.639,269.32,147.73,0.29155
9073,12770,40015,29.758,478.57,398.07,0.091823
9075,11866,39792,28.737,888.38,748.08,0.085735
9075,11824,40027,30.012,787.07,765.09,0.01416
9075,12038,38151,39.527,290.7,224.34,0.12885
9075,13102,39296,35.49,554.89,345.68,0.23231
9075,14605,37944,18.892,614.56,287.11,0.36316
9076,12213,39377,35.667,224.84,124.71,0.28644
9077,12158,39347,34.693,374.06,150.41,0.42643
9077,12502,40181,19.351,482.04,218.29,0.37661
9077,14547,37707,29.897,627.22,418.11,0.20005
9079,12378,39767,11.083,1284.6,357.75,0.56434
9082,13328,40373,36.133,471.47,379.56,0.108
9082,14458,38097,29.002,277.32,151.93,0.29213
9082,14381,39761,32.575,438.96,350.64,0.11187
9083,12122,39473,21.196,552.67,399.67,0.16065
9083,12678,38251,29.684,270.78,280.72,-0.01803
9083,13338,40011,34.22,307.53,162.17,0.30949
9083,14131,39672,36.117,291.54,112.16,0.44435
9084,11692,38311,29.981,678.32,360.03,0.30653
9084,11819,39140,14.213,1570,1083,0.18355
9084,12648,38383,32.501,265.36,134.78,0.32635
9084,13314,40207,34.144,309.09,265.9,0.075107
9084,14288,39449,35.31,193.93,122.87,0.22432
9085,11766,37546,27.49,527.8,391.78,0.14792
9085,12129,40310,26.935,465.14,320.75,0.18373
9086,12248,40283,20.585,696.04,446.17,0.21876
9086,13038,40167,32.406,417.48,396.28,0.026057
9087,12609,39458,26.617,509,354.28,0.17923
9087,13270,39966,24.104,395.17,237.16,0.24989
9088,11842,37453,25.805,1041.8,586.37,0.27972
9088,12651,39402,31.423,292.74,219.37,0.14327
9088,13953,39956,37.274,491.35,117.79,0.61326
9089,11695,39755,32.527,470.94,217.51,0.36812
9090,11812,39643,30.633,366.17,286.26,0.12249
9092,13224,39603,38.658,502.08,372.29,0.14843
9096,13396,38332,18.372,447.78,151.58,0.4942
9097,12880,39136,24.828,325.26,521.2,-0.23148
9099,12710,39040,32.636,304.64,267.4,0.06509
9099,14398,39302,36.247,427.99,657.25,-0.21126
9100,12249,39959,38.54,278.57,204.37,0.15365
9102,14633,39318,18.804,315.59,295.2,0.033381
9103,13957,38751,29.079,338.89,277.85,0.098971
9104,13904,39902,38.451,504.69,345,0.18793
9106,13978,38431,32.522,403.14,244.76,0.24446
9106,13910,40006,28.643,923.32,353.36,0.44644
9107,13932,38428,35.756,253.96,353.33,-0.16364
9108,12642,38811,24.848,513.92,313.88,0.24165
9109,14270,38356,32.726,356.54,289.26,0.10419
9109,14455,37524,20.505,359.52,148.8,0.41454
9110,13525,39298,33.442,214.84,121.6,0.27713
9110,14526,39999,29.519,374.03,228.5,0.24153
9111,12452,40124,26.261,525.16,482.83,0.041986
9111,14313,37625,29.787,381.66,266.52,0.17764
9111,14306,40057,21.065,428.92,713.72,-0.24925
9112,14389,37756,34.956,333.29,208.11,0.23121
9112,14591,40206,18.416,794.86,880.55,-0.051148
9113,14428,39995,30.279,636.31,659.22,-0.017683
9114,14111,39383,30.584,488.51,364.26,0.1457
9114,14425,40077,24.388,589.09,352.86,0.2508
9115,11825,39277,26.895,867.63,785.49,0.049687
9115,13479,38400,32.712,405.82,268.43,0.20377
9116,14277,40000,32.714,377.23,391.55,-0.018635
9117,13421,38406,27.115,812.61,357.89,0.38848
9117,13779,39021,30.502,523.09,238.81,0.37313
9119,11898,40206,29.079,472.83,537.68,-0.064169
9119,13067,38092,25.991,453.28,314.45,0.18082
9121,13117,39740,27.585,384.23,256.15,0.20001
9122,12947,37574,30.893,556.79,410.08,0.15173
9123,12154,39370,30.408,352.18,337.05,0.021959
9123,12987,37397,24.737,492.11,290.83,0.25709
9124,12982,37439,28.421,373.02,275.59,0.15022
9125,12354,39636,31.264,484.78,474.17,0.011057
9126,14094,38794,32.374,343.64,184.26,0.30191
9128,14598,40345,32.862,439.6,442.47,-0.0032556
9129,12220,39523,39.073,203.08,284.45,-0.1669
9129,12630,38768,37.757,385.91,119.28,0.52778
9131,11729,37499,19.17,660.2,329.33,0.33437
9134,11803,39665,36.825,304.36,476.29,-0.22024
9134,13693,39986,32.914,379.95,286.58,0.14009
9135,13703,37753,29.79,689.28,650.69,0.028802
9137,13466,37695,32.551,195.53,334.74,-0.26253
9137,13560,39901,35.297,258.82,181.75,0.17494
9139,13037,38628,30.521,311.59,115.94,0.45763
9142,13510,39725,32.316,439.23,305.73,0.1792
9142,14399,38026,33.404,302.83,142.46,0.36015
9143,12374,40364,27.535,679.55,503.27,0.14904
9143,14574,38016,36.22,314.29,144.6,0.36979
9143,14594,39986,33.62,761.45,426.01,0.28249
9144,12262,40195,20.652,594.2,515.21,0.071197
9144,13429,39694,27.944,371.06,310.77,0.088432
9148,13089,39764,32.207,592.11,319.14,0.29955
9149,13213,39796,33.846,182.44,149.16,0.10036
9151,13845,39055,38.171,520.42,185.67,0.47409
9152,12106,39946,25.745,383.77,182.63,0.35512
9152,13142,37546,30.604,568.6,569.3,-0.00061486
9155,12186,40375,36.765,305.89,159.56,0.3144
9156,14224,38222,35.848,354.17,222.88,0.22752
9157,11812,40079,24.842,239.22,157.2,0.20689
9157,14555,39845,37.303,273.83,172.14,0.22803
9160,14464,37450,30.265,596.97,694.99,-0.075864
9161,12734,37500,31.732,347.9,347.4,0.0007224
9161,13167,39986,33.215,312.01,262.59,0.08602
9163,14235,39080,32.582,299.88,425.13,-0.17275
9166,11674,40152,29.782,684.31,595.91,0.06905
9168,13318,37837,30.447,352.4,468.18,-0.14109
9168,13330,38707,30.499,383.38,263.38,0.18553
9170,13633,39324,27.448,252.33,174.43,0.18252
9171,12772,38598,32.53,613.38,255.39,0.41206
9171,13621,39306,21.697,359.78,269.03,0.14432
9172,13322,39836,38.841,445.62,331.69,0.14657
9172,13638,39390,31.746,406.2,240.89,0.25546
9173,13574,39514,28.542,535.28,538.85,-0.0033255
9174,13672,39804,32.471,621.1,609.72,0.0092504
9174,13858,38742,42.217,847.24,771.66,0.046685
9175,11797,39640,32.632,759.08,399.51,0.31035
9176,13471,39814,26.56,293.62,117.24,0.42928
9176,14015,38713,32.911,337.17,200.47,0.25426
9177,11854,39797,21.446,633.56,492.53,0.12523
9178,14527,38092,17.669,374.75,210.71,0.2802
9179,12372,39465,18.941,693.17,485.29,0.1764
9179,13405,39749,22.385,213.65,127.28,0.25334
9179,14509,39559,24.856,356.19,131.23,0.46155
9180,14581,38075,22.162,424.09,370.15,0.06792
9181,13432,39748,31.6,358.09,110.53,0.52828
9181,14527,38099,18.13,928.37,534.45,0.26928
9186,14534,40085,29.232,459.66,293.21,0.22108
9187,11981,37410,24.746,248.32,137.73,0.28646
9190,11694,40347,35.474,404.03,408.04,-0.0049321
9190,14483,38907,26.329,447.21,363.96,0.10262
9191,14075,38796,34.038,534.24,354.17,0.20269
9192,13201,40205,18.238,643.11,467.18,0.15845
9192,13382,37730,32.851,498.52,373.57,0.14328
9192,14052,38806,33.829,508.48,124.32,0.6071
9193,13574,37651,29.826,531.31,399.43,0.1417
9193,13738,38562,34.176,423.24,280.72,0.20247
9194,13292,40345,35.556,491.65,604.11,-0.10263
9196,12784,37632,33.105,513.23,342.25,0.19986
9196,13390,38100,31.994,481.3,295.67,0.23892
9196,13851,40044,37.171,633.34,459.74,0.15882
9201,13092,40290,30.658,460.69,122.71,0.57934
9201,13966,39715,35.766,475.23,606.27,-0.12117
9204,13577,39773,34.35,503.44,426.75,0.082449
9205,13567,39672,31.63,442.47,381.78,0.073637
9206,13523,39773,29.048,324.19,364.17,-0.058077
9210,13770,39993,29.452,275.58,248.27,0.05212
9212,12365,39405,30.335,436.02,364.59,0.089212
9213,12388,39451,31.835,283.95,177.22,0.23142
9213,13263,38816,39.325,488.16,393.54,0.10731
9214,14355,39453,33.03,228.64,144.64,0.22505
9222,12370,40136,36.577,303.33,267.63,0.062511
9223,14662,39421,31.701,267.17,106.37,0.43046
9226,12334,38019,25.356,401.27,351.84,0.065632
9226,14191,38794,24.536,341.84,131.6,0.44408
9230,13650,37835,35.068,655,716.68,-0.044963
9234,13710,37621,31.075,408.61,318.9,0.1233
9236,13521,37828,28.444,364.95,244.37,0.19789
9237,13205,38602,38.477,309.91,146.12,0.35916
9238,13914,37793,31.119,688.56,725.25,-0.025953
9238,14506,37912,28.179,752.84,339.18,0.37881
9239,13033,37469,24.041,642.35,585.48,0.046317
9239,14017,37781,14.581,700.24,592.37,0.083457
9240,13699,39498,27.315,265.4,256.19,0.017653
9240,14107,37827,19.775,994.34,1099.8,-0.050362
9242,13651,39597,30.377,412.93,377.55,0.044759
9243,13694,39354,33.332,198.59,151.7,0.13385
9246,11761,38927,25.819,765.38,578.79,0.13882
9246,13467,39467,26.765,590.66,177.15,0.53856
9247,12022,38908,31.931,286.53,365.78,-0.12149
9249,12695,40153,27.456,238.7,266.63,-0.055264
9250,12258,39451,24.184,526.79,507.98,0.018179
9251,12271,39158,34.865,352.58,314.05,0.05781
9252,12143,39208,27.266,441.27,247.05,0.28216
9254,12480,39012,37.056,433.53,405.74,0.033121
9254,13397,37918,24.165,556.26,434.06,0.12339
9260,14032,40272,26.943,225.64,178.11,0.11771
9261,14623,39350,26.125,244.73,193.68,0.11644
9263,14546,39998,27.141,704.98,523.98,0.14728
9264,12381,39774,37.197,331.07,266.22,0.10857
9264,12459,40181,28.708,552.9,311.73,0.27892
9266,12399,40156,20.589,599.09,436.16,0.15738
9267,11810,39995,29.651,209.07,198.54,0.025826
9271,14458,38361,36.475,248.2,186.14,0.14287
9272,14315,38454,35.602,306.83,215.31,0.17528
9273,14253,38316,35.226,355.42,157.99,0.38455
9277,13048,39196,38.247,369.9,161.28,0.39274
9277,13130,37453,34.809,726.69,504.39,0.18057
9284,13920,40151,19.696,526.51,256.79,0.34435
9284,14050,38819,33.57,526.21,172.61,0.506
9285,12225,40361,23.082,379.53,145.04,0.44701
9285,12773,37424,26.799,328.61,257.3,0.1217
9286,11789,39122,35.157,357.95,464.46,-0.1295
9287,11674,39191,16.32,1327.2,868.5,0.20892
9287,13786,39687,26.129,421.4,257.79,0.24089
9288,11858,39140,21.115,807.96,616.96,0.13405
9288,11914,39865,35.652,214.96,103.63,0.34945
9288,12717,38838,26.544,347.22,173.03,0.33481
9288,12805,37393,37.91,716.89,499.91,0.17832
9288,13776,39674,40.127,742.98,444.81,0.25103
9291,12128,39967,30.742,220.62,293.94,-0.14249
9292,13188,37925,33.607,559.77,305.46,0.29392
9295,13686,37730,20.884,879.49,568.89,0.21445
9298,12647,39034,30.67,280.74,144.81,0.31943
9299,11715,37449,26.309,430.41,246.84,0.27104
9304,14455,38162,28.666,462.42,350.4,0.13782
9306,14181,38816,34.625,251.07,105.87,0.40677
9307,14096,38708,32.955,382.54,309.44,0.10564
9314,14516,40071,31.631,529.75,621.8,-0.079939
9317,12884,37413,31.83,279.86,427.88,-0.20915
9319,13073,37567,29.825,572.98,384.62,0.19671
9321,13473,39737,31.077,335.87,494.47,-0.191
9324,12348,39389,25.483,508.5,279.48,0.29064
9326,11915,39472,18.517,983.88,683.87,0.17989
9326,12483,38976,20.867,342.47,175.5,0.32236
9327,12351,40138,29.962,552.46,394.07,0.16734
9327,13279,38997,28.929,866.16,829.36,0.021701
9328,12323,40323,24.973,786.49,406.45,0.31858
9328,14617,39331,21.64,781.68,551.84,0.17235
9329,13334,39346,11.568,729.09,134.46,0.68859
9330,12979,39037,30.058,225.89,154.6,0.18736
9331,12718,37555,27.423,764.76,669.55,0.066378
9331,13250,39341,26.068,622.19,150.82,0.60979
9332,13248,39487,30.615,399.94,405.28,-0.0066264
9333,13287,39520,30.616,242.33,150.22,0.23466
9335,13723,37478,36.577,555.18,249.66,0.37961
9336,11710,40007,31.904,151.04,160,-0.028793
9339,14417,38161,38.511,576.04,614.17,-0.032036
9341,12597,37561,33.331,834.22,630.11,0.13939
9341,12600,37578,34.039,602.21,435.75,0.16037
9342,12838,37631,35.988,550.8,484.29,0.064259
9343,12224,39057,35.371,352.13,282.58,0.10959
9344,11743,39932,39.439,542.62,455.41,0.087376
9344,13845,37855,23.273,514.57,373.98,0.15822
9345,11677,39665,35.39,470.27,375.82,0.11162
9345,13872,37831,32.544,372.22,343.51,0.040116
9346,13008,38242,31.29,296.23,229.27,0.12741
9346,13869,37853,29.226,397.36,242.49,0.24204
9346,14407,37586,31.019,252.67,184.64,0.15557
9347,14129,38003,33.727,239.16,151.89,0.22317
9347,14593,40376,18.442,510.82,260.82,0.32398
9349,13906,37797,36.75,390.89,393.36,-0.0031519
9350,13353,38591,28.39,534.57,477.78,0.056101
9355,13656,38600,20.523,636.35,497.2,0.12275
9356,13798,38585,30.925,328.15,410.39,-0.11135
9356,14098,40365,38.49,690.9,613.11,0.059652
9358,13735,38676,25.917,257.46,212.94,0.094648
9360,11710,39027,37.077,313.46,105.02,0.4981
9360,12296,39288,33.395,280.18,191.47,0.18807
9360,13511,39852,34.27,241.12,116.19,0.34966
9361,13705,39953,42.531,464.34,385.8,0.092386
9363,13655,39828,29.523,578.81,437.88,0.13861
9364,11766,38883,31.868,344.21,398.85,-0.073531
9364,14520,39954,35.725,473.36,529.75,-0.056218
9366,12150,38761,32.3,183.05,135.58,0.14899
9367,13130,39786,33.863,329.84,213.46,0.21422
9370,13731,38467,30.659,215.95,212.95,0.0069949
9371,13943,37627,31.987,815.13,302.67,0.45846
9374,12110,39347,27.515,789.63,478.26,0.24558
9375,11849,39468,16.016,1028.5,568.23,0.28828
9375,13287,40161,35.128,1038.6,541.81,0.31435
9375,13294,40189,32.25,891.71,478.99,0.3011
9377,14138,37906,23.873,790.49,607.74,0.1307
9378,14370,37828,22.573,510.15,425.44,0.090536
9379,13400,40304,24.698,475.07,133.14,0.56219
9379,14425,37908,32.957,326.71,168.22,0.32022
9380,14544,40315,26.4,722.32,328.32,0.375
9382,13927,40371,31.839,578.82,333.48,0.26892
9384,13823,39819,35.56,375.12,261.41,0.17864
9385,13648,39732,22.546,351.79,210,0.25239
9386,14653,38223,29.109,262.63,155.16,0.25723
9391,11767,38232,33.788,551.37,216.41,0.43628
9391,13629,39344,24.687,334.88,298.91,0.056751
9391,14118,38906,36.397,141.4,141.37,0.00012228
9393,11759,38953,28.63,602.8,287.84,0.35364
9396,14107,38574,33.542,575.85,333.16,0.26698
9397,12284,39256,25.118,964.78,463.45,0.35101
9397,13995,38775,26.818,407.17,283.97,0.17825
9398,12215,39495,22.391,1301,821.27,0.22605
9398,14025,39014,31.501,672.53,588.18,0.066903
9399,11939,39637,28.248,381.88,193.07,0.32839
9401,13130,40106,34.791,225.76,148.81,0.20542
9402,14251,39466,30.898,369.94,234.36,0.22436
9403,13007,38294,29.806,144.08,222.09,-0.21305
9405,12913,40329,37.553,512.63,481.64,0.031167
9408,12831,37829,34.617,560.6,107.15,0.67907
9408,13416,38598,22.757,463.4,267.87,0.26738
9409,13097,37787,22.972,417.41,224.2,0.30114
9411,12116,40137,34.74,191.08,170.08,0.058132
9418,11829,39415,36.307,443.97,149.69,0.4957
9419,11679,38080,33.368,322.69,151.86,0.35999
9419,13534,39834,31.68,350.88,426.51,-0.097286
9421,13602,39521,31.468,326.47,186.39,0.27313
9422,13523,39632,29.12,710.64,442.02,0.23304
9423,12408,39822,18.655,337.97,305.76,0.050034
9424,13021,40179,30.953,221.26,230.5,-0.020455
9425,12241,38284,31.911,492.16,502.6,-0.010492
9425,13773,37654,35.095,605.36,469.59,0.12631
9427,13141,40110,37.609,253.39,295.91,-0.077412
9430,13010,39420,30.084,374.88,214.1,0.27299
9431,11708,37850,34.467,529.41,238.28,0.37923
9435,13194,39020,35.675,290.63,258.58,0.058352
9437,13818,38407,34.453,571.95,190.78,0.49975
9443,13396,39802,36.109,208.2,198.18,0.024654
9447,14164,39222,30.635,542.63,526.79,0.014817
9449,11727,37444,23.967,270.71,182.59,0.19439
9449,13550,39786,37.532,258.61,230.49,0.05749
9449,14248,39722,34.145,495.23,542.17,-0.045246
9450,13560,39587,31.649,336.78,229.64,0.18916
9450,14508,39621,18.434,666.9,605.63,0.048148
9451,12339,38933,26.656,594.25,510.87,0.075448
9452,13566,39797,37.061,172.28,137.92,0.11078
9453,12296,39444,25.676,482.61,420.06,0.069294
9453,12487,37520,31.085,637.07,455.61,0.16606
9453,13435,39267,32.47,172.68,137.34,0.11397
9455,11976,39414,27.955,659.96,437.84,0.20233
9456,11956,39301,24.328,513.98,500.03,0.013756
9457,12251,37979,34.854,255.81,321.12,-0.11321
9457,12358,39673,27.425,556.29,428.56,0.1297
9458,12173,39728,31.949,415.76,309.82,0.14601
9458,13022,40071,10.23,567.37,156.45,0.5677
9459,13036,40099,9.528,665.12,232.12,0.48259
9460,13040,40081,9.9812,668.81,264.78,0.43277
9460,14556,37734,28.241,665.79,619.02,0.0364
9461,11776,40330,34.372,198.09,156.72,0.11661
9461,13014,40056,10.3,594.32,232.5,0.4376
9461,14016,37877,31.118,394.68,248.4,0.22747
9464,14324,39946,31.82,333.52,326.48,0.010656
9466,12174,40214,26.118,970.68,748.47,0.12926
9468,11670,37930,26.397,268.16,344.37,-0.12442
9469,11714,37740,32.71,510.81,811.7,-0.22752
9469,12568,38973,31.329,615.52,207.06,0.49655
9471,13953,37496,29.934,239.79,189.13,0.11811
9472,13264,37664,30.655,232.69,106.07,0.37378
9472,14571,39404,26.27,525.18,165.5,0.52076
9473,12395,39399,34.741,344.09,202.98,0.25793
9473,13967,38244,23.889,519.64,338.51,0.21107
9476,12612,38790,31.619,168.15,120.17,0.16642
9476,14314,37918,26.641,339.83,216.1,0.22256
9477,13274,40381,37.47,386.85,296.87,0.1316
9479,11713,39614,20.896,539.32,225.73,0.40989
9480,11708,39671,25.898,656.18,330.36,0.33027
9480,13372,37727,31.15,673.68,449.21,0.1999
9480,14486,37653,32.724,306.95,295.68,0.018708
9482,13442,37502,32.878,227.93,150.41,0.2049
9483,14662,39322,21.954,458.62,138.34,0.53653
9485,12482,39720,15.561,587.35,617.09,-0.024698
9485,14181,39482,28.355,1054,226.94,0.64566
9486,14227,39400,32.588,647.66,273.74,0.40582
9486,14542,38107,28.463,353.36,345.61,0.011088
9486,14658,39354,23.491,1251.6,844.41,0.19427
9487,12108,39742,26.684,197.36,156.61,0.11511
9488,13749,38808,36.313,220.88,123.32,0.28344
9489,14614,39411,31.334,463.39,430.68,0.036579
9490,11744,39452,19.499,541.82,307.75,0.27552
9492,11961,39103,34.687,445.54,350.19,0.11984
9496,12383,39503,28.918,678.02,325.31,0.35153
9497,12331,39649,29.816,522.29,335.01,0.21845
9499,14633,39296,29.214,197.81,116.57,0.25843
9500,14541,39247,23.052,478.97,200.68,0.40945
9501,14568,39225,36.567,435.97,592.12,-0.15189
9502,14590,39370,27.856,426.65,251.85,0.25763
9507,13029,39994,28.904,426.39,176.32,0.41492
9508,11803,39633,27.818,423.14,188.31,0.38406
9508,14018,38907,32.821,234.87,113.57,0.34813
9509,13071,40346,32.139,213.14,176.46,0.094155
9509,13876,38716,27.295,255.49,115.76,0.37636
9510,11834,39666,24.314,810.16,502.06,0.23479
9511,11769,39611,13.201,497.88,414,0.091987
9512,11777,39640,21.571,394.9,213.26,0.29866
9512,14462,37994,32.668,440.6,273.78,0.23352
9515,11790,39419,22.189,659.8,262.75,0.43038
9515,14663,39556,30.657,515.36,654.38,-0.11885
9516,12631,37515,28.547,350.17,103.31,0.54436
9518,12632,37640,26.782,511.42,465.66,0.04683
9519,12232,37876,32.136,221.78,216.03,0.013143
9520,14642,39311,26.843,359.71,249.16,0.18157
9521,14621,39290,21.047,277.03,183.98,0.20183
9525,14589,37409,33.682,581.99,454.1,0.12343
9525,14624,39282,24.144,356.28,128.36,0.47029
9526,14652,39335,20.653,245.72,168.02,0.18779
9527,13548,39564,27.456,571.61,397.48,0.17968
9528,13562,39451,30.659,473.89,533.23,-0.058919
9529,12118,39608,32.113,430.49,381.3,0.060594
9529,14497,38301,33.469,485.98,564.03,-0.074326
9530,12111,39577,28.895,312.62,370.4,-0.084602
9530,13563,39586,20.808,789.95,582.2,0.1514
9531,11791,38115,34.139,771.89,675.27,0.066768
9531,13531,39539,27.676,744.06,777.81,-0.022178
9532,13510,39512,20.448,660.32,727.12,-0.048144
9533,12216,39461,39.461,528.18,493.32,0.034129
9533,13269,40251,34.805,425.57,292.01,0.18612
9533,13433,39502,38.668,427.9,753.23,-0.27545
9535,13133,39970,21.012,654.9,579.99,0.060665
9536,12718,38840,33.35,480.93,282.42,0.26005
9536,13137,40001,27.084,462.65,264.68,0.27219
9537,11771,40055,35.261,823.89,526.92,0.21985
9537,11824,40086,32.098,785.49,500.41,0.22169
9537,12750,40086,33.822,855.68,590.05,0.18374
9538,12090,40287,31.998,1071.5,546.46,0.32451
9538,12761,40086,29.004,767.2,548.94,0.16583
9541,13659,39425,24.53,552.61,351.31,0.2227
9541,14599,39331,26.833,381.65,178.48,0.36272
9543,12383,39623,29.27,552.69,175.99,0.51696
9543,13608,39302,38.54,480.11,532.92,-0.052128
9544,12336,39594,27.991,386.34,280.81,0.15818
9545,13455,39597,32.833,311.85,404.13,-0.12889
9545,14639,39342,24.666,280.73,180.65,0.21691
9548,13004,39930,37.655,441.93,309.08,0.17691
9549,13364,40190,34.066,340.08,405.41,-0.087642
9550,13200,40381,39.105,234.99,168.61,0.16447
9555,12369,38032,14.663,1049.8,240.39,0.62735
9555,12494,39640,36.306,355.46,179.14,0.32981
9556,12405,38052,9.2198,1299.4,124.53,0.8251
9556,14127,39992,29.904,471.95,389.25,0.096035
9557,12069,39937,28.734,281.68,136.23,0.34805
9557,14091,40245,33.665,676.74,867.65,-0.12362
9558,11735,40120,30.304,816.19,310.6,0.4487
9559,12560,38418,15.046,332.54,104.79,0.52078
9559,13836,40213,32.674,241.49,186.15,0.1294
9559,14222,39803,31.08,227.25,180.71,0.11407
9560,13766,40044,30.431,649.2,325.64,0.33192
9560,13978,37734,31.183,444.27,418.9,0.029397
9561,13828,40087,31.868,512.52,313.4,0.24109
9561,13990,37770,22.889,346.73,322.08,0.036867
9564,12486,40160,39.492,371.95,126.53,0.49233
9569,12222,39423,29.175,223.02,139.55,0.23023
9569,12604,40016,34.463,452.49,279.56,0.23623
9569,13647,40025,39.087,355.8,385.01,-0.03942
9572,13701,39518,37.025,439.55,239.47,0.29467
9572,14578,37999,35.087,183.83,218.23,-0.085544
9573,14577,40315,32.152,634.31,747.35,-0.081809
9574,12420,38201,31.255,412.66,686.27,-0.24898
9574,13811,39265,25.474,279.76,146.56,0.31244
9579,14615,39342,20.756,496.54,278.05,0.28207
9580,12449,39794,29.926,566.07,627.4,-0.051386
9580,14608,39316,26.678,444.12,399.41,0.052996
9581,11803,37557,26.932,271.04,154.26,0.27458
9581,12695,39732,30.639,308.21,234.21,0.13643
9581,14421,38669,25.078,310.9,100.09,0.51292
9582,14447,39945,29.48,185.16,218.32,-0.082187
9583,12428,39481,28.658,474.28,279,0.25924
9584,14151,38004,34.984,258.68,101.58,0.43607
9588,14480,37926,21.937,289.85,259.04,0.056133
9589,12804,38214,36.736,275.1,141.61,0.32036
9591,12784,37852,36.218,212.14,195.58,0.040623
9594,14561,38016,21.481,440.06,329.11,0.14424
9596,11779,37517,26.306,263.92,137.58,0.31469
9597,14514,38065,18.777,854.8,711.75,0.091315
9598,14503,38098,26.999,527.27,348.26,0.20446
9599,13755,39330,30.084,652.81,430.94,0.20472
9599,14616,38124,15.663,753.3,407.84,0.29752
9600,14304,40009,30.57,424.35,349.32,0.096976
9601,12493,39966,32.605,461.98,276.16,0.25175
9604,14642,39359,30.028,419.33,346.49,0.095116
9604,14651,40173,33.182,187.99,104.43,0.28575
9606,12518,40086,23.937,415.47,200.18,0.34969
9607,11814,40358,26.755,172.44,133.82,0.1261
9607,14532,39991,46.266,493.6,347.5,0.1737
9610,14525,40126,38.044,198.85,168.32,0.08316
9613,12086,40360,30.631,567.69,372.76,0.20727
9614,12052,40007,22.894,366.89,345.02,0.03072
9615,12118,40098,22.956,733.73,717.76,0.011003
9615,14649,39344,30.234,449,321.13,0.16604
9616,11985,40108,19.268,524.99,398.69,0.13673
9616,14637,39412,19.763,609.12,468.74,0.13025
9617,14625,39311,24.988,341.73,259.52,0.13673
9618,12763,40071,27.599,360.79,315.56,0.066878
9618,14591,39318,19.463,626.18,361.86,0.26753
9619,11697,39260,33.083,631.08,513.12,0.10309
9619,12032,40328,27.328,464.72,347.57,0.14422
9619,14592,39374,19.439,500.32,152.54,0.5327
9626,14155,38068,16.524,645.96,240.44,0.4575
9628,13304,39020,34.171,900.82,171.43,0.68024
9628,14444,38064,36.69,448.06,322.22,0.16336
9629,14447,37999,26.635,510.47,411.95,0.1068
9633,12680,40305,18.144,564.07,119.77,0.64971
9634,11715,40148,34.117,493.99,447.06,0.049871
9634,12749,40318,6.1083,1173.4,202.17,0.70605
9635,12301,39448,38.147,338.61,168.7,0.33493
9635,12748,40297,7.9615,1101.9,156.03,0.75192
9636,14514,37997,35.775,538.73,395.46,0.15336
9637,12382,38876,34.996,309.98,375.27,-0.095281
9640,12240,39406,22.896,236.8,294.92,-0.10932
9643,11804,37515,24.968,216.3,127.41,0.25861
9649,11859,40090,21.833,616.81,563.79,0.044911
9649,13418,39520,32.997,346.92,120.65,0.48392
9649,13974,37488,27.464,452.84,233.11,0.32034
9649,14657,39801,16.325,607.18,184.43,0.53405
9650,11829,40098,22.188,521.56,384.58,0.15117
9650,12235,38892,38.622,263.72,154.63,0.26076
9650,14650,39742,12.356,990.23,354.93,0.47228
9651,11996,40171,28.737,341.44,290.42,0.080741
9652,13720,39076,33.327,145.86,127,0.06913
9654,12437,39209,30.642,525.68,392.74,0.14475
9655,12463,39516,31.164,320.47,494.03,-0.21308
9659,12805,37700,27.698,980.28,359.86,0.46294
9662,13671,39639,34.002,402.47,317.29,0.11835
9665,12770,37879,31.191,261.09,149.6,0.27148
9666,12221,39504,31.395,465.58,155.98,0.4981
9668,13317,38753,36.054,383.63,252.91,0.20537
9670,13676,37688,28.487,267.81,119.31,0.3836
9672,14647,38133,26.834,376.79,456.8,-0.095981
9673,11732,37507,29.561,688.59,478.48,0.18003
9674,14525,38127,33.699,192.38,263.74,-0.15645
9676,11703,39014,28.822,737.73,710.39,0.018874
9677,11876,38895,39.686,452.95,550.94,-0.097618
9677,14602,38333,21.81,592.18,671.8,-0.062989
9677,14558,39916,37.155,216.3,189.49,0.066069
9678,12326,37425,28.192,290.4,167.05,0.26964
9678,12275,38992,38.885,381.54,272.66,0.16643
9678,14520,38366,26.854,486.57,491.96,-0.0055076
9680,12371,38737,26.773,244.73,227.3,0.036917
9680,13495,38090,29.757,339.99,342.71,-0.0039746
9680,14451,38349,20.043,215.37,309.99,-0.1801
9681,11793,39267,18.616,354.66,288.11,0.10353
9681,13650,37999,36.346,550,469.01,0.079479
9681,14433,38495,26.42,263.84,383.65,-0.18504
9682,11985,39459,25.853,540.59,443.51,0.09864
9682,12315,40320,31.009,331.05,244.39,0.1506
9682,14413,38513,24.336,332.64,319.09,0.020787
9683,13409,39490,26.857,213.97,114.79,0.30169
9683,14555,38587,32.977,165.09,306.9,-0.30044
9684,12265,37957,39.509,180.81,203.48,-0.058989
9685,13408,39451,28.608,405.71,168.77,0.41245
9685,14490,38480,18.129,272.49,227.15,0.09073
9686,12894,38011,35.869,304.73,140.35,0.36932
9686,14400,38381,22.624,302.95,257.17,0.081742
9687,14370,38413,31.604,121.49,153.71,-0.11707
9692,11988,40349,29.267,401.69,115.56,0.55318
9692,12955,38733,35.335,324.28,237.99,0.15347
9693,12192,37700,30.658,226.23,189.41,0.088568
9693,13952,37805,29.809,346.94,253.9,0.15485
9694,11983,39580,33.728,249.44,110.62,0.38553
9695,11900,39489,23.373,769.69,293.57,0.44779
9696,11991,39527,23.53,1067.7,332.89,0.52464
9701,12159,37652,28.678,220.22,170.21,0.12808
9701,14492,39897,25.755,514.87,462.67,0.053403
9702,12174,37627,33.27,144.88,169.55,-0.078471
9702,12781,39203,33.024,220.48,155.08,0.17413
9712,11984,39470,34.14,160.29,218.97,-0.15472
9714,12380,39850,23.047,387.64,222.73,0.27018
9714,13370,39116,35.376,371.29,618.01,-0.24939
9715,12567,40088,20.961,610.4,524.3,0.075884
9715,13228,39119,23.135,239.47,146.09,0.24219
9716,12730,40196,14.582,737.67,423.94,0.27008
9717,12768,40218,14.033,1018.9,690.39,0.19221
9717,14406,37566,10.563,1358.4,140.9,0.81205
9717,14469,40134,34.247,215.71,132.61,0.23858
9719,14442,37462,16.361,1116.9,150.7,0.76223
9720,14456,37491,10.716,1165.1,104.65,0.83516
9721,13606,39655,30.211,331.23,140.62,0.40395
9721,14403,37537,8.876,1358.9,137.27,0.81651
9722,14412,37499,15.704,765.07,101.78,0.76517
9723,13606,39786,33.296,422,361.43,0.077312
9723,14426,37488,12.463,1482.4,247.4,0.71396
9724,13497,39682,31.168,208.62,149.93,0.16369
9724,14476,37646,17.659,526.5,144.97,0.56821
9725,14525,40129,38.991,219.39,281.09,-0.12329
9728,12349,40388,22.227,489.69,529.73,-0.039274
9728,13678,37822,33.255,411.35,416.79,-0.0065625
9728,13823,38868,33.477,531.25,393.86,0.14851
9729,13072,37449,28.613,352.72,176.7,0.33249
9731,13621,37729,32.277,380.7,351.14,0.040389
9737,14582,38278,25.311,303.19,166.17,0.29193
9738,12282,40101,18.858,908.03,653.13,0.16327
9739,12430,40190,35.864,282.8,353.69,-0.11137
9741,12391,39392,27.296,252.54,206.16,0.10111
9741,13704,38616,34.592,151.74,121.32,0.1114
9742,12352,39531,35.422,396.55,278.67,0.17458
9742,13991,37772,30.357,200.43,352.9,-0.27555
9744,12369,39295,36.3,548.89,406.02,0.14961
9748,12467,39268,29.672,191.43,122.98,0.21771
9749,12479,39285,28.373,257.18,164.67,0.21929
9752,12379,39279,30.364,201.81,140.31,0.17975
9752,12803,38191,27.755,405.01,181.86,0.38024
9754,12825,38164,25.31,396.31,136.36,0.48801
9754,13225,39093,28.882,218.19,163.77,0.14248
9757,12461,39415,29.787,267.03,195.26,0.15526
9757,12782,38103,24.957,436.37,197.36,0.37714
9757,12780,40220,33.091,310.24,233.19,0.1418
9765,14553,37661,23.368,381.55,217.61,0.27363
9768,13189,39254,36.109,302.57,263.19,0.069616
9770,14606,38239,31.717,422.91,315.4,0.14561
9781,13680,39264,31.286,342.92,179.15,0.3137
9782,11898,39744,20.328,495.45,242.86,0.34211
9785,11939,40083,17.898,481.05,251.76,0.3129
9792,13345,39924,37.481,327.7,128.67,0.43612
9792,13685,38266,30.763,947.89,463.92,0.3428
9793,14023,38449,22.691,1006.1,785.09,0.12337
9794,13964,38395,22.051,711.1,479.01,0.19501
9796,13193,38682,39.545,332.53,221.3,0.20084
9797,14250,38216,31.309,378.9,101.25,0.57825
9801,14562,40313,33.549,302.29,261.92,0.071551
9802,13686,38156,25.192,337.68,311.41,0.04047
9803,12816,39108,32.779,207.1,112.71,0.29515
9805,14580,38239,23.077,297.71,115,0.44271
9806,13813,38168,31.52,220.04,198.81,0.050683
9810,12336,39501,36.977,476.39,236.66,0.3362
9811,12156,40376,23.955,496.89,172.05,0.4856
9812,13206,38753,31.897,287.88,185.48,0.21631
9813,12002,39834,11.53,626.71,289.68,0.36778
9816,12441,39596,31.542,257.84,295.85,-0.068652
9817,14148,39907,34.438,285.56,165.57,0.26596
9821,13353,37868,20.679,244.19,123.37,0.32872
9824,12201,40366,20.069,527.83,383.5,0.15836
9826,11857,40014,28.519,433.13,312.84,0.16126
9826,13643,39248,34.114,107.25,157.55,-0.18999
9831,12186,39638,34.348,367.88,178.67,0.34618
9833,12933,37495,26.176,637.91,649.55,-0.0090458
9834,12145,39538,24.986,664.91,234.27,0.47893
9834,14648,39765,35.162,826.85,803.24,0.014481
9836,12285,40255,39.256,257.67,203.87,0.11657
9839,13117,37472,38.162,292.17,128.44,0.38927
9840,13270,37725,26.502,610.18,522.61,0.077304
9842,13299,39906,30.136,287.31,178.42,0.23381
9842,14064,38180,37.118,295.23,223.63,0.13801
9843,12104,40102,33.282,157.36,173.77,-0.049543
9845,13284,37803,28.917,268.87,111.76,0.41277
9846,13345,37903,24.852,667.54,460.32,0.18373
9847,12442,39434,35.019,345.51,357.45,-0.016989
9847,13345,37838,24.252,296.46,271.11,0.044653
9848,14263,38297,32.471,245.29,273.85,-0.055013
9853,14229,37978,29.433,365.56,280.31,0.13199
9855,13117,37698,34.548,246.39,179.7,0.15653
9856,11837,39383,28.319,329.63,351.68,-0.032373
9857,11841,39447,14.81,750.53,263.47,0.48034
9871,14301,39684,27.705,542.87,264.92,0.34409
9875,12815,39374,35.605,157.48,145.03,0.041172
9875,14655,39877,29.082,298.32,257.96,0.072559
9879,12445,38530,34.844,229.87,103.19,0.38036
9883,13997,40052,27.521,238.66,142.66,0.25177
9886,14459,39339,37.171,140.86,117.99,0.088335
9889,11825,38156,34.195,302.92,106.81,0.47864
9889,12411,38619,37.753,426.55,365.27,0.07738
9890,12516,39502,27.287,592.21,334.28,0.2784
9891,14634,39536,35.016,196.43,236.14,-0.091794
9892,12172,38499,37.007,315.68,114.89,0.46634
9894,12032,39491,20.61,274.46,240.26,0.066449
9895,12030,39526,20.024,341.97,328.26,0.020457
9896,12564,39297,27.449,329.69,277.58,0.08581
9896,14514,39044,28.559,727.73,448.47,0.23742
9897,11856,40125,30.195,318.56,109.8,0.48735
9898,12497,39185,36.32,302.97,216.64,0.16614
9899,11776,40384,23.228,852.1,399.26,0.36188
9899,13953,38546,29.72,619.78,232.26,0.45481
9900,11785,40376,28.867,290.87,171.1,0.25926
9905,11779,39674,21.417,681.1,546.12,0.10999
9906,11724,39495,22.372,580.73,304.43,0.31215
9907,11721,39453,36.116,564.66,359.69,0.22175
9907,13006,37679,28.529,497.48,227.14,0.37308
9909,12878,37600,31.014,175.53,177.7,-0.0061598
9910,12575,40029,12.213,714.44,226.32,0.51886
9911,12333,40104,34.995,281.63,193.81,0.18469
9911,14037,38106,35.477,315.85,292.39,0.038576
9912,11911,40125,32.975,339.74,326.87,0.019297
9913,11704,39490,24.105,480.68,215.89,0.38014
9913,11892,40360,36.527,277.96,141.59,0.32503
9914,11795,39461,19.393,705.19,352.62,0.3333
9914,14070,38023,30.147,423.46,279.79,0.20429
9915,11724,38924,33.543,164.99,125.36,0.13649
9915,11880,39497,18.533,583.95,340.94,0.26274
9924,14652,39428,25.671,278.51,116.68,0.40951
9925,12287,37971,28.781,151.2,151.28,-0.00027755
9925,14606,39438,26.693,636.46,308.57,0.34697
9926,14484,39800,34.441,241.74,112.2,0.36599
9927,11682,37536,32.694,286.45,201.01,0.17528
9927,11852,39114,26.306,463.66,496.59,-0.034287
9936,12416,39586,27.455,263.12,176.76,0.19633
9940,14524,39682,32.927,259.49,165.43,0.22136
9941,12342,39714,34.823,258.13,256.75,0.0026883
9941,13772,37912,34.617,540.21,169.39,0.52258
9943,12271,40225,27.538,345.56,363.66,-0.025519
9948,13170,39074,25.233,284.39,123.83,0.39333
9955,11766,39817,36.998,604.15,235.64,0.43881
9961,11869,39398,20.642,465.49,225.16,0.34798
9962,11823,39392,18.172,423.52,276.3,0.21036
9963,11845,39523,24.421,415.89,304.28,0.15498
9971,12387,39582,28.297,419.98,205.6,0.34268
9976,12232,37954,35.095,191.44,231.89,-0.095558
9977,14603,39840,28.35,208.05,177.45,0.079388
9979,11735,38921,18.993,258.06,144.93,0.28073
9985,11740,38122,35.627,372.24,404.26,-0.041238
9990,11860,39635,28.588,429.81,444.78,-0.017116
9996,11901,39961,35.429,289.02,216.85,0.14267
9997,11957,39938,32.959,331.52,323.17,0.012748
9998,11819,39519,33.567,478.16,414.27,0.071591
9999,11760,39350,21.266,822.47,436.61,0.30646
10000,11693,39357,30.726,467.4,456.81,0.011464
10000,12876,38207,37.21,279.04,221.83,0.11423
