"frame","x [nm]","y [nm]","precision [nm]","green photons","red photons","GP"
400,7650,57370,27.171,255.72,219.09,0.077149
401,7958.5,58187,30.455,481.53,228.73,0.35593
402,7823.4,57036,32.664,269.92,282.92,-0.023521
402,7966.5,58078,27.947,758.1,605.27,0.1121
403,7733.4,58243,21.461,605.52,408.82,0.19392
407,6838.1,56046,26.95,422.79,211.41,0.3333
408,5943.9,56420,21.703,690.22,470.67,0.18912
409,7214.8,55998,35.61,1070.3,458.41,0.40028
409,7301.6,56318,36.062,780.78,387.46,0.33668
410,5722,56466,37.921,338.81,235.41,0.18006
410,7985.7,56836,25.085,657.33,206.66,0.52162
412,6061,58380,23.717,334.37,117.2,0.48091
412,7600.3,55997,11.328,1596.2,806.92,0.32845
412,8361.8,56762,23.39,362.11,116.52,0.51312
413,8223.4,57071,32.498,896.08,687.06,0.13202
414,7552.8,56504,17.446,1073.9,650.72,0.24537
414,7615,57688,32.128,330.35,268.42,0.10343
414,8288,57265,27.298,691.16,524.07,0.1375
415,7881.1,56760,16.266,688.63,379.34,0.28961
416,6375.3,56503,33.349,614.04,384.55,0.22981
416,7181.3,56510,23.582,533.59,275.27,0.31935
416,7600.5,57982,29.476,326.69,252.08,0.12892
416,8054.6,56867,29.265,322.29,184.13,0.27283
417,7187.8,56566,22.529,413.01,172.66,0.41038
417,8018.4,55966,33.566,380.85,270.71,0.16903
417,8362,56856,30.781,430.38,254.21,0.25734
418,6446.3,57081,28.415,321.56,219.14,0.18942
418,8549.2,56789,24.073,526.11,178.89,0.49251
419,6515.5,57434,34.15,235.28,243.11,-0.016384
419,8182.7,55502,35.056,571.04,352.48,0.23666
420,7137.3,58295,46.861,582.31,369.09,0.22411
421,7008.6,58123,35.218,183.99,106.1,0.26852
424,6600.9,57759,37.435,302.87,327.8,-0.039526
425,6472.6,55932,24.537,365.95,231.03,0.22601
425,8345.4,55845,33.015,306.18,301.82,0.0071766
427,6253.2,58040,33.074,573.25,257.02,0.38087
427,7189.6,58292,32.921,264.1,112.08,0.40412
428,6230.8,58311,17.718,732.31,376.14,0.32133
428,6381.9,55504,31.22,542.17,170.33,0.52188
428,7374.4,58266,23.901,249.12,113.76,0.37303
430,8520.7,55577,25.772,724.23,367.37,0.32692
432,8328.7,56160,18.916,1007.2,779.62,0.12735
433,7468.2,58192,25.006,322.47,245.85,0.13482
433,8178.5,56153,20.284,576.16,248.26,0.39773
434,8566.2,55714,20.526,302.68,136.12,0.37959
436,7875.2,57900,19.287,563.27,266.56,0.35755
437,8172.1,56468,31.367,297.59,206.92,0.17973
438,6327.8,56797,32.551,170.06,126.01,0.14877
438,8544.3,57416,25.287,869.21,476.51,0.29182
439,7142.3,55558,35.148,460.45,326.42,0.17033
442,6975.8,55992,32.395,481.94,227.21,0.35921
444,6054.4,56098,24.136,941.23,801.14,0.080401
444,7369.9,57921,35.449,323.8,192.99,0.25312
445,6174.1,56305,31.272,362.46,177.21,0.34327
445,7095,58083,30.588,225.27,203.33,0.05118
447,7561.6,57736,33.268,272.96,117.31,0.39883
448,6298.4,57220,35.212,324.46,143.86,0.38565
448,7874.6,57537,28.799,406.98,255.05,0.22949
449,7872.9,57173,22.759,722.77,261.28,0.46898
450,7564.1,55973,28.603,250.64,142.41,0.27536
451,7172.6,56386,18.142,359.15,378.29,-0.025955
451,7265.8,57741,29.642,447.95,264.64,0.25725
451,7963.2,55946,38.617,587.57,412.98,0.17449
451,8096.8,55626,30.734,612.09,470.46,0.13084
451,8318.2,57146,29.746,536.93,294.71,0.29125
451,8528.5,57577,26.562,335.99,386.81,-0.070311
452,7182.5,56388,18.631,355.06,373.28,-0.025016
452,7365.1,58369,22.148,394.1,201.79,0.32273
452,7806.3,55863,24.759,483.15,126.63,0.58467
453,6104.2,58096,34.685,419.9,103.83,0.60351
453,7969.4,57382,28.115,566.75,353.55,0.23166
453,8207.8,56424,37.466,326.14,202.87,0.23301
454,6063.3,55404,37.206,965.85,747.74,0.12728
454,6065.9,55629,39.349,908.37,549.09,0.24651
454,7938.1,57264,28.595,402.16,247.63,0.2378
455,6119.7,58343,16.686,1339.3,593.23,0.38605
456,6335,58181,17.783,902.7,580.21,0.21747
456,6859,57907,26.596,496.18,201.91,0.42154
456,7642.6,57208,25.096,274.73,140.45,0.32341
457,6078.8,56350,34.07,484.92,312.58,0.2161
457,7760.3,57709,18.215,445.62,195.93,0.38919
457,8468.5,55716,32.863,762.12,449.39,0.25813
459,6138.5,57339,27.45,995.19,445.09,0.38194
459,8499.1,57989,27.719,442.48,421.44,0.024358
460,8179.2,57811,33.699,347.07,265.14,0.13383
463,7354.7,56479,17.089,533.31,326.07,0.24116
463,7431.9,57895,31.406,460.94,514.46,-0.054863
466,7766.5,58231,29.473,278.49,236.88,0.080748
467,6789,57523,29.599,227.1,194.5,0.07732
468,6891.1,57382,20.883,306.62,323.21,-0.026348
468,8182.2,56623,28.586,238.19,108.2,0.37527
469,6931.2,57446,29.79,583,478.69,0.098248
470,7160.1,56572,25.041,535.33,227.97,0.40267
471,7204.7,56524,26.431,680.83,427.27,0.22882
472,6425.3,55426,30.492,378.07,186.8,0.3386
472,7193.3,56591,14.303,513.86,215.05,0.40994
472,7813.9,57706,20.771,1400.1,1064.3,0.13624
473,6407.7,55825,23.477,799.75,429.39,0.30131
473,7258.4,56467,16.031,602.05,404.95,0.19573
474,6614.9,55718,27.669,505.1,293.95,0.26425
475,6103.7,55908,34.835,305.25,183.32,0.24955
475,6026.6,58326,31.8,319.75,135.84,0.40367
476,6169.3,55898,29.425,543.79,447.56,0.097066
477,6573.9,56192,29.848,943.87,501.65,0.30592
480,5780.5,57793,36.734,294.52,104.6,0.47584
480,6392.7,55647,34.175,405.73,250.64,0.23629
481,6445.2,55759,37.385,1091.3,560.96,0.32098
484,6281.3,57661,40.866,478.65,376.26,0.11976
485,7060.4,57532,33.453,1034.9,620.19,0.25057
486,7904.8,57468,26.208,237.87,127.65,0.30153
487,8191.5,57255,28.146,852.81,551.87,0.21424
488,7536.4,56221,35.6,304.5,108.6,0.47423
488,8030.6,57193,22.226,665.32,346.72,0.31481
488,8551.9,55936,34.306,283.71,195.28,0.18461
489,6190.4,58272,34.188,206,148.75,0.16137
489,7897.1,57139,29.185,339.6,157.72,0.36571
491,7632.5,57633,35.475,255.77,242.11,0.027428
492,7531.9,57484,24.445,341.51,216.8,0.22338
493,6138.3,55627,26.973,363.57,155.76,0.40017
493,6933.9,56656,23.865,891.77,357.6,0.42755
493,7986.7,57358,30.922,280.6,232.09,0.094623
494,7144.7,56568,13.343,932.03,690.09,0.14915
495,6045.6,55676,33.306,500.66,358.99,0.1648
495,7184.3,56471,15.828,623.99,535.47,0.076344
495,7674.4,55737,28.246,931.28,608.33,0.20976
496,7170.9,56676,22.328,706.97,551,0.12399
496,7637.2,55859,20.918,538.7,609.84,-0.061938
496,8442,56773,32.881,462.39,544.7,-0.081728
497,6029.9,56302,32.208,678.64,636.07,0.032383
497,7697.4,55900,13.613,481.34,420.81,0.067095
498,5963.9,56303,30.779,685.48,306.19,0.38249
498,7463.6,58339,33.012,567.19,198.41,0.48168
499,5910.9,56179,21.183,569.41,192.34,0.495
500,6537.2,56917,29.275,239.74,102.25,0.40204
500,7032.4,55788,24.739,324.28,145.7,0.37997
500,7297.8,56536,26.628,606.56,391.15,0.2159
501,7345.6,56507,31.614,227.47,151.93,0.19908
501,7965,56284,25.786,878.76,532.22,0.2456
501,8047.6,56054,35.793,630.25,452.6,0.16405
502,6086.6,56721,33.872,435.56,458.27,-0.025414
502,7930,56313,22.823,961.98,575.71,0.2512
503,6206.7,56413,18.745,1680.2,818.39,0.34491
505,7137.7,55771,26.194,350.87,119.48,0.49195
505,7744.2,57562,23.44,554.15,319.59,0.26846
507,7820.9,57613,12.873,585.85,219.25,0.45534
507,7798.7,56686,30.546,243.57,151.23,0.23389
508,7816.9,57587,12.922,561.17,301.78,0.30059
509,7219.6,56926,24.236,848.82,529.86,0.23135
509,7708.1,55807,19.953,378.77,281.09,0.14804
512,6689.2,57169,36.002,286.03,230.5,0.10751
512,7606.5,57993,30.531,148.05,121.49,0.09853
512,7679.1,56759,27.451,439.89,383.23,0.068844
513,5868.9,58341,28.913,321.02,140.95,0.38979
516,5952.3,55774,29.007,652.28,492.39,0.13968
516,7364.8,56678,28.433,829.8,393.72,0.35641
518,7277.5,58381,29.835,406.21,407.25,-0.0012757
518,8265.5,58032,28.276,385.3,231.49,0.24938
519,5710.3,55486,23.006,662.27,384.71,0.2651
519,6295.1,56438,26.588,571.53,571.01,0.00045172
519,8464.4,58016,32.483,427.57,242.59,0.27602
520,5885.6,55519,38.054,401.24,343.73,0.077189
520,6956.6,57351,31.306,288.14,243.87,0.083216
520,7173.7,56570,32.964,505.84,156.08,0.5284
521,5875.8,55626,25.647,412.9,234.38,0.2758
521,7194.5,56720,32.373,670.65,637.68,0.025199
523,6176.8,55616,30.302,369.78,244.16,0.20462
523,8103.8,56812,30.096,511.78,484.97,0.026901
523,8027.7,57902,28.266,374.16,250.61,0.19774
524,8211.4,56905,21.588,1007.3,767.42,0.13516
525,7204.4,56407,27.949,226.56,268.62,-0.084934
525,8348.6,56956,27.522,254.72,200.38,0.11941
526,7190,56374,17.824,269.06,315.11,-0.078825
527,7224.5,56360,13.049,543.32,431.12,0.11514
528,7214.5,56385,15.441,618.68,452.74,0.15488
529,7142.5,56443,13.474,811.81,603.1,0.1475
530,6794.3,55858,33.454,442.66,281.77,0.2221
530,7175.4,56419,14.838,485.43,462.11,0.024608
532,6982.5,56202,16.696,548.68,193.08,0.4794
533,8027.9,56559,27.916,482.19,505.27,-0.023377
534,6632.5,57818,33.855,183.54,119.13,0.21278
534,8225.8,56744,28.12,290.85,122.78,0.40634
535,8223.6,55568,26.381,700.23,311.92,0.38364
535,8133.1,56675,24.951,483.11,443.01,0.043301
536,7531.3,56209,18.019,476.24,383.57,0.10777
537,7587.7,55990,19.917,928.49,709.12,0.13396
537,8351.9,55736,19.784,794.11,528.58,0.20075
538,5969.6,56505,33.903,241.53,155.57,0.21646
538,7491.8,56152,27.637,702.34,878.51,-0.11144
538,7604.7,58130,21.816,366.75,220.19,0.24971
538,8355.5,55761,19.847,559.06,421.58,0.14019
539,7500.2,56182,27.818,529.59,334.04,0.22644
539,7553.6,58127,22.474,461.33,353.59,0.13221
540,6867.8,57551,33.287,663.46,409.23,0.237
540,7708.7,56295,35.397,302.63,132.33,0.39152
540,8413.3,55856,23.492,370.94,263.39,0.16955
541,6731.3,57601,25.225,335.86,326.12,0.014718
541,6765.2,56277,37.742,931.98,570.85,0.2403
541,7327,57711,31.389,461.28,385.37,0.089657
542,6244.1,58330,33.218,433.77,429.65,0.0047696
542,7100,56669,20.018,1092.3,480.93,0.38862
544,8020.3,57900,30.556,702.76,363.85,0.31774
547,7644.9,56033,38.862,249.95,178.8,0.16594
548,7057.3,57309,26.407,249.06,122.25,0.34154
548,7746.7,56021,12.898,488.22,332.01,0.19045
549,7735.3,55988,11.262,768.29,504.62,0.20714
550,7774.1,57698,18.939,291.11,201.01,0.18309
550,7841.8,56084,25.889,608.43,213.56,0.48038
551,6217,56102,34.713,153.36,189.12,-0.10442
552,7863.7,56774,32.712,446.19,255.37,0.27201
552,7814.8,57609,42.59,751.51,441.99,0.25934
552,8292.7,58329,25.916,618.16,250.57,0.42314
553,7705.5,57854,38.567,447.67,311.01,0.18013
554,7311.1,56601,28.467,295.2,258.72,0.065857
554,8262,56471,30.505,474.61,129.87,0.57031
555,5674.2,57693,35.224,204.81,153.94,0.1418
555,6540.1,57948,32.062,615.83,478.47,0.12553
555,8004.3,57000,31.917,433.63,288.4,0.20115
556,7637.1,56803,30.496,563.78,251.72,0.38266
557,7668,56604,21.317,612.29,330.61,0.29874
558,6192.2,58111,27.634,908.38,578.37,0.22196
559,8075.2,55822,20.762,1239.6,657.6,0.30677
559,8208.7,57553,31.331,337.66,176.45,0.31357
560,6515.9,57262,31.096,327.43,213.68,0.21021
560,7806.4,57578,21.678,529.73,382.09,0.16191
561,7439.3,56026,32.49,654.12,528.67,0.10606
561,7899.4,57416,30.555,384.1,219.67,0.27235
561,8395.5,55454,30.29,343.73,306.16,0.057811
562,7929.1,57349,29.107,1026.7,460.53,0.38069
564,6816.9,56146,28.06,972.77,706.65,0.15846
564,7334.5,57642,28.487,561.66,546.34,0.013832
564,8271.2,58246,23.203,244.06,109.9,0.37901
565,7378.5,57581,23.639,397.01,395.58,0.0017999
567,7558.7,57737,27.433,821.31,731.03,0.058155
569,6384.4,58340,29.475,412.04,296.02,0.16385
569,6514.6,55561,28.432,265.37,239.75,0.050724
569,7211.1,57693,19.213,898.75,447.92,0.33478
575,8073.6,56666,30.509,526.59,484.97,0.041136
576,7408.7,56981,33.653,414.95,507.05,-0.099889
578,6708.1,57917,30.545,264.43,266.34,-0.0036043
578,7315.8,56430,13.815,448.71,255.65,0.2741
578,8598,56491,28.837,672.68,482.72,0.16441
579,7203,56612,15.497,331.45,239.29,0.16148
579,8659.7,56487,16.35,918.51,518.19,0.27864
580,7466.8,56453,15.069,665.7,328.37,0.33934
580,8035.5,57392,21.885,516.4,383.25,0.148
582,6808.9,57278,28.165,541.87,394.74,0.15709
582,7760.5,57086,29.752,464.38,326.86,0.1738
583,5989.9,56555,21.637,421.91,223.37,0.30768
584,5824.9,58283,31.367,460.21,483.94,-0.02513
584,5791.1,56507,34.018,405.38,312.98,0.12861
584,6291.2,58103,34.483,569.81,498.56,0.066685
585,6043.9,56306,28.34,752.24,418.05,0.28557
585,8640.7,56729,13.128,1182.6,817.69,0.18243
586,6231.4,58071,30.206,733,409.27,0.28341
586,6393.8,55650,26.686,713.53,531.94,0.1458
587,6385.1,55759,31.712,227.42,102.16,0.38008
588,7699.6,55887,18.861,435.8,466.21,-0.033709
589,7109.1,56564,29.697,441.08,331.72,0.14151
590,7885.6,56965,37.178,516.49,278.47,0.29942
591,7395,56586,21.155,1096.5,575.09,0.31192
591,8633.8,55553,17.86,741.76,395.91,0.304
592,6234.9,58130,30.239,247.48,278.26,-0.058544
592,7561.4,55864,22.636,255.63,269.08,-0.025634
593,6779.9,57531,31.811,316.88,235.92,0.14645
596,8362.4,57351,30.055,737.79,432.89,0.26044
598,7460.8,56126,32.502,258.64,185.52,0.16464
599,6165.7,56034,21.46,326.33,190.41,0.26304
599,7746.9,57163,26.958,573.95,296.12,0.31932
600,7998.8,56759,32.243,787.45,654.04,0.092547
600,7989.2,57038,35.168,685.43,519.62,0.13759
601,7965.1,57226,14.41,983.97,554.82,0.27889
602,7438.6,56521,15.522,758.16,496.1,0.20894
602,8546.8,57239,32.777,259.34,100.24,0.44246
603,7430,55932,32.574,315.85,181.45,0.27027
604,5789.9,55830,39.516,639.97,447.02,0.1775
605,5931.2,56082,23.747,907.58,651.7,0.1641
605,6406.7,57376,36.392,217.76,103.48,0.35572
605,7203,56438,25.217,267.53,342.67,-0.12313
606,5939.7,56144,31.249,566.86,276.17,0.34481
606,6549.2,56072,36.389,410.75,221.35,0.29963
606,7727.5,55855,29.106,481.9,437.83,0.04792
607,5967.3,57025,29.57,753.8,512.01,0.19102
607,6427.7,56399,32.111,324.99,160.18,0.33968
608,5782.8,58090,37.321,678.34,240.1,0.47716
608,8476.3,57129,27.574,468.38,490.8,-0.023371
610,6918.4,56336,27.405,299.29,234.33,0.12174
610,7703.7,55855,36.293,235.09,482.44,-0.34472
610,7815,57236,32.224,609.15,412.92,0.19199
611,7631,57659,27.573,655.97,540.39,0.096614
611,8025.9,55698,34.333,296.37,163.96,0.28764
612,7742,55664,29.194,548.16,537.99,0.0093695
613,7451,57766,36.121,520.25,355.59,0.188
614,7586.2,55955,40.306,254.35,212.65,0.089297
614,7546.9,57780,35.272,392,266.21,0.19111
615,6081.2,55617,31.701,500.85,269.59,0.30016
615,7467,56479,27.172,469.41,228.4,0.34537
615,8384.8,58035,21.134,672.34,295.48,0.38939
616,7562,56489,16.276,960.13,523.67,0.29415
616,8380.7,58120,31.282,498.89,543.27,-0.042583
617,7475.1,56485,27.505,356.82,201.91,0.27726
618,6227.8,56639,35.294,322.77,248.58,0.12985
620,8587.5,56164,32.63,332.92,149.28,0.38084
621,7275.7,55931,28.682,245.56,295.59,-0.092446
623,7708.1,55887,17.884,805.89,842.68,-0.022316
624,6476.7,58246,29.359,385.65,245.43,0.22219
624,7913.8,55943,32.906,655.54,647.4,0.0062521
625,7560,57711,31.493,355.55,418.23,-0.080995
626,7286.4,56643,26.473,257.51,138.49,0.30056
627,7658.6,57652,33.243,353.9,220.12,0.23306
628,7523.7,55988,27.979,283.2,290.14,-0.0121
629,8521.1,55997,32.657,356.73,217.57,0.24232
630,7405.1,55813,19.53,832.41,1188.6,-0.17625
631,7413.1,55870,18.658,625.6,780.41,-0.11011
631,8612.5,55538,19.857,528.5,382.51,0.16025
633,7615.7,58368,29.664,820.33,669.27,0.10141
633,8508.3,57038,27.135,704.38,397.75,0.27821
634,6140.3,57931,19.942,448.87,423.19,0.029446
634,7440.4,56484,24.293,296.12,152.93,0.31886
634,8354.6,57261,19.779,489.1,117.22,0.61334
635,6193.2,58061,24.734,564.99,610.14,-0.038419
635,8223.9,57173,35.852,424.95,128.93,0.53446
636,6209.6,56607,32.752,405.39,340.75,0.08663
636,7326.1,56626,22.571,394.01,195.72,0.33623
637,6038.8,56800,31.332,437.52,311.01,0.16902
637,6920.8,57235,33.406,1026.7,410.62,0.42862
637,7261,56556,15.431,812.46,534.54,0.20632
637,7672.1,57218,19.707,717.23,192.48,0.57683
638,6026.7,56791,33.364,374.48,252.46,0.19463
638,6812,57279,26.314,760.42,404.46,0.30558
638,7735.4,56940,33.336,231.66,158.79,0.18664
638,8417.6,58307,27.126,547.67,156.06,0.55648
639,6185.7,56797,33.908,368.39,315.35,0.077576
639,6793.6,57126,29.267,514.79,238.51,0.36676
640,6252.2,56745,29.759,592.35,326.73,0.28901
640,7902.9,56161,31.891,305.43,130.32,0.40185
641,7133,56470,22.637,409.63,197.02,0.35046
641,8152.5,56044,20.404,424.62,136.74,0.51282
641,8610.5,55577,18.105,432.48,120.01,0.56556
642,5725.1,58096,34.246,443.96,147.28,0.5018
642,7954.6,55835,20.486,253.82,124.71,0.34109
644,8196.1,57662,34.34,512.34,242.95,0.35667
645,8197.4,57549,25.175,574.43,389.85,0.19143
646,7686.7,56568,30.066,439.58,114.48,0.58676
649,8399,57059,29.679,365.49,128.3,0.48034
651,8290.3,57268,35.314,227.99,106.38,0.36369
652,6572.6,56762,31.418,428.71,151.32,0.47825
653,7566.5,57095,30.662,283.63,159.53,0.28005
653,7605,58344,35.053,474.35,426.84,0.052724
653,7953.6,55674,26.087,298.35,193.14,0.21406
654,6030.7,56738,29.163,441.36,318.08,0.16232
654,7216.3,56988,46.016,716.27,453.54,0.22459
656,6834,55831,27.668,693.65,543.38,0.12147
656,6770.1,56824,34.724,308.61,181,0.26063
658,8458.7,56708,29.665,501.78,338.64,0.19411
659,7797.1,57653,10.603,1142.3,696,0.24277
659,8311.5,57901,27.981,633.57,462.81,0.15575
659,8611.3,56792,36.124,746.15,319.96,0.39976
660,6297.9,56941,33.569,497.04,444.8,0.055465
660,7793.5,57771,22.62,1128.5,697.33,0.23613
661,6463.1,56850,24.496,609.7,412.37,0.19307
661,7284.6,57595,38.996,560.95,590.49,-0.025652
661,7744.6,57679,17.356,715.87,453.76,0.22409
661,8299.2,57811,31.742,509.93,142.55,0.56305
662,6370.6,56463,35.498,501.15,288.65,0.26907
662,6525.3,56994,26.896,699.43,479.29,0.18676
663,6207.3,56349,25.217,1089.6,505.63,0.36607
663,6129.1,58348,23.055,1152.9,667.14,0.26688
663,7415.9,55851,38.635,475.75,256.26,0.29984
664,6309.2,56107,27.548,466.15,182.52,0.43725
665,6249,57015,28.245,428.83,355.32,0.093739
665,6944.5,57265,16.466,432.24,406.07,0.031213
666,6153.3,56859,29.231,428.95,192.08,0.38141
666,6373.6,56130,25.338,517.72,109.88,0.64984
666,7052.7,55999,30.294,913.25,482.02,0.30907
666,7373.6,56510,25.487,376.75,125.81,0.49931
667,7318.9,56292,17.872,914.62,415.64,0.3751
669,7375.1,55991,34.803,365.04,185.74,0.32555
669,8609,56848,20.298,550.77,327.03,0.25488
670,6627.2,56959,35.661,315.88,107.66,0.4916
670,7299,55916,18.955,380.49,399.78,-0.024718
671,7420.8,57433,28.62,240.8,591.48,-0.42135
673,7329.1,56838,31.358,578.45,599.09,-0.017525
673,7852.3,56601,16.744,1176,787.49,0.19786
674,6392.5,58227,29.378,578.55,471.71,0.10172
675,8205,56332,23.34,659.82,398.31,0.24714
678,7030.8,56393,29.363,566.21,107.17,0.6817
679,8524.7,57681,23.305,462.01,256.96,0.28519
681,7829,57373,27.112,468.44,218.89,0.36306
681,8619.5,57822,20.296,1343.2,1016.2,0.13861
682,7606.1,57157,32.933,687.13,356.49,0.31682
684,7631.3,57575,24.25,824.38,636.95,0.12826
684,8236.6,57440,31.408,530.32,245.79,0.36661
685,7790.1,57818,27.575,842.88,457.78,0.29608
687,6676.3,56192,33.24,222.14,158.68,0.16663
687,8578.2,58063,18.951,737.02,353.77,0.35135
688,5926.4,55653,17.001,1165.1,339.8,0.54841
688,6499.7,56446,31.58,363.61,490.11,-0.14818
688,7403.8,56448,25.128,219.66,120.04,0.29326
688,7535.4,57830,21.713,614.32,683.64,-0.053407
689,5864.4,55443,23.104,720.36,251.77,0.48202
691,5735.9,55691,26.298,447.79,323.89,0.16057
691,7855.6,57498,9.3735,837.25,447.28,0.30359
692,8078.7,56724,34.542,1077.1,883.31,0.098857
693,7555.1,55907,23.601,422.31,302.53,0.16524
693,7755.8,56743,20.095,1005,645.94,0.2175
693,8131.4,57747,26.758,1059.8,659.48,0.23286
694,7650.7,57947,38.647,974.91,380.07,0.439
694,7610.1,55885,15.118,631.81,307.87,0.34474
694,7766.8,56909,18.505,1521.1,1196.5,0.11944
694,8498.6,57736,26.273,706.59,406.37,0.26975
695,6344.2,58316,32.688,500.15,108.07,0.64465
695,7619.9,58037,27.038,772.84,408.03,0.30893
695,7690.6,55465,34.4,821.56,720.22,0.065728
695,7666.1,55895,15.819,424.66,356.96,0.086623
695,7579.5,57599,30.757,871.45,543.53,0.23175
696,7706.3,55944,26.895,688.03,679.82,0.006002
697,7689.5,55994,19.962,860.22,734.05,0.07914
699,7370.8,57640,14.401,542.51,445.44,0.098252
700,6088.2,56934,32.766,401.67,242.82,0.24647
700,8559.4,56969,32.207,458.18,290.73,0.22358
701,5774.1,58032,33.282,221.15,139.66,0.22584
701,6554.2,57314,31.663,148.25,150.84,-0.0086666
701,7541.7,56635,20.367,650.74,294.62,0.37671
702,8021.6,58164,33.076,380.43,306.51,0.1076
703,6491.7,56049,20.472,1179.8,325.97,0.56705
703,7763.4,55990,26.785,608.21,485.66,0.11202
704,7764.3,55982,18.564,475.46,586.93,-0.10492
704,7772.1,57586,18.093,503.09,223.27,0.38523
705,7782.1,57686,21.528,349.76,110.43,0.52007
706,7967.4,57812,33.589,155.77,105.71,0.19143
707,7300.2,56662,27.596,547.9,169.8,0.52683
707,7958.1,56528,31.213,342.99,244.13,0.16838
707,8212.2,57874,39.421,349.73,205.86,0.25894
708,5730.3,57358,28.224,700.12,339.78,0.34651
708,7131.8,55482,26.85,315.49,109.72,0.48394
709,6706.1,56654,29.222,578.5,388.3,0.19674
709,7116.4,55568,21.33,459.93,499.28,-0.04102
710,8279.2,55931,28.663,304.2,121.9,0.42782
712,8228.5,58233,28.624,742.22,389.18,0.31203
713,8285.9,58146,32.142,402.76,211.43,0.31151
713,8552.3,55567,23.248,379.08,253.16,0.19916
714,6470.3,57295,28.055,951.74,449.65,0.35828
714,7145.4,56716,20.41,671.12,358.42,0.30372
714,8624.5,55483,29.114,327.02,153.33,0.36158
715,7038.7,55684,31.249,532.88,222.53,0.41083
715,7324.2,56554,21.264,442.25,289.09,0.20943
715,7954.2,57932,26.032,812.31,393.36,0.34749
716,6499.9,57382,35.1,483.38,422.12,0.067646
717,8193.2,56554,29.376,417.52,308.98,0.1494
718,8418.9,57818,36.086,411.24,120.18,0.54771
719,7840.8,56665,24.549,730.01,419.54,0.27008
720,7922.3,56058,27.032,457.1,308.15,0.19464
722,7388.4,57455,33.783,795.16,476.35,0.25073
722,7616.7,55931,16.557,724.08,352.93,0.34462
723,6260.4,57566,25.371,399.02,292.51,0.15402
723,7616,56016,21.143,610.98,472.04,0.12829
724,7627.3,55944,14.556,635.04,412.14,0.21285
725,6222,57570,35.184,329.61,277.06,0.086621
725,6867.8,56687,33.541,401.63,532.68,-0.14027
725,7578.1,57752,33.189,318.08,355.08,-0.054954
726,7317.7,57137,26.366,592.67,869.44,-0.18929
727,8062.2,57428,26.21,1245.8,753.79,0.24604
727,8613.1,56775,41.936,797.21,429.47,0.29979
728,6811.9,56774,34.091,621.16,304.86,0.34157
728,8085.5,57913,32.235,716.98,539.22,0.1415
728,8247,56074,26.836,366.87,162.44,0.38622
729,6309.8,57170,30.154,296.99,141.6,0.35429
729,7952.1,57863,30.059,270.7,144.43,0.30417
729,8331.9,56196,28.2,356.91,296.66,0.092174
730,7727.1,57887,22.887,380.54,153.92,0.42403
731,7423.1,57074,34.989,320.51,213.53,0.20033
731,8157.4,55894,28.404,476.51,284.72,0.25195
732,7053.2,57502,23.528,458.41,280.35,0.24103
732,7566.8,56495,35.733,335,139.42,0.41226
732,8154.6,55525,28.069,1029.7,474.4,0.36918
733,7096.5,57586,31.294,434.87,245.65,0.27804
733,7172,58314,28.097,836.53,553.74,0.20341
733,7666.4,57068,28.995,335.35,341.05,-0.0084248
733,8152.3,55512,31.531,665.01,370.82,0.28402
735,6368.8,56726,31.441,331.73,181.3,0.29321
735,7098.4,58309,47.53,844.74,391.69,0.36641
736,6392.7,56732,21.457,699.31,395.05,0.27803
736,7298.9,57891,25.967,884.5,397.64,0.37973
737,6737,57447,38.398,281.03,103.39,0.46211
738,6046.5,58033,28.027,406.51,254.6,0.22978
739,6064.9,56288,24.145,487.2,423.78,0.069619
740,6198.3,56894,28.532,499.59,456.39,0.045188
740,8354.3,56287,35.538,276.51,119.93,0.39496
741,8009.2,55881,32.65,706.98,331.85,0.36111
742,6144.9,56236,30.666,582.56,445.55,0.13326
742,6152.2,57120,26.986,425.31,401.03,0.02938
742,7620.1,55871,33.064,400.15,169.21,0.40562
743,7838.4,57543,16.984,492.11,485.05,0.0072227
744,5710.9,55710,36.276,185.81,186.88,-0.0028709
744,7063.5,56058,27.851,284.07,174.66,0.23852
744,7857.4,56302,36.319,421.55,173.51,0.41684
745,5968.7,55485,39.44,215.54,409.74,-0.31059
745,6912.6,55506,18.824,730.66,356.66,0.34397
745,7988.8,56134,30.958,399.55,314.63,0.11891
745,8016.9,57447,23.399,547.72,409.25,0.1447
746,6807.1,55447,33.303,461.22,207.71,0.37898
746,7968.6,57379,20.14,373.15,244.82,0.20768
747,7918.2,57432,28.785,242.28,159.7,0.20542
748,7293.2,55819,20.978,761.88,453.83,0.25339
749,7162.4,58168,32.501,452.22,303.85,0.19624
750,6956.5,56639,26.26,371.48,276.52,0.14654
750,7118.4,58017,22.872,591.35,398.36,0.19499
751,7306.9,56883,31.042,279.27,261.38,0.033089
751,8524.6,56356,32.158,554.39,249.23,0.37973
752,6454,57801,26.299,764.63,439.05,0.27049
753,6471.5,55919,21.994,494.27,350.31,0.17046
753,6536.8,57114,30.769,407.99,322.58,0.11691
753,8099.2,58322,31.604,203.42,138.94,0.18833
756,7596.6,58101,21.537,214.34,129.12,0.24813
759,6647.7,55803,21.229,880.53,581.05,0.2049
761,7162.9,56473,28.389,495.05,387.91,0.12134
762,6224.2,55478,26.137,364.96,248.27,0.19029
762,7745.3,56554,26.135,618.47,421.76,0.1891
763,7338.8,56494,21.425,751.31,445.51,0.25551
763,7872.6,56668,33.738,955.9,687.87,0.16306
764,7290.8,56455,13.441,726.78,427.23,0.25957
766,7082.5,56837,30.451,503.27,416.58,0.094239
767,8320,57285,32.985,161.81,239.64,-0.19386
769,7945.8,57292,22.571,628.35,339.23,0.29881
770,6260.1,56958,23.434,411.76,220.41,0.30268
770,7924,57266,16.333,841.66,511.56,0.24394
771,6119,56902,28.807,307.75,152.7,0.33673
771,6612.6,56251,33.357,353.34,321.98,0.046436
771,7554.2,55936,16.455,483.73,483.94,-0.00022316
773,5729.2,58165,24.9,968.35,325.75,0.49656
773,7638.2,55964,30.432,366.77,154.78,0.40646
774,6248.2,58337,29.954,472.61,118.53,0.59898
774,7512.6,55963,28.064,373.33,239.02,0.21934
775,7468.3,57156,23.96,585.56,468.31,0.11125
777,6393.8,56711,35.032,393.23,415.94,-0.028072
777,7604.2,57160,24.892,620.39,345.34,0.28481
778,5864,58315,33.526,246.54,161.67,0.20791
778,6423.7,55709,36.533,347.11,310.1,0.056316
778,7323.3,56384,14.719,510.14,267.48,0.31207
778,7700.4,57090,14.022,1114.8,760.95,0.18864
779,6393.6,55741,30.54,748.62,595.36,0.11403
779,6396.3,55816,32.243,702.84,637.47,0.048769
779,6509.2,57296,19.675,1196.6,675.85,0.2781
779,7225.7,56236,17.889,613.74,223.15,0.46671
779,7834.8,57010,24.039,402.07,202.31,0.33052
779,7970.1,56463,26.614,481.57,104.47,0.64347
781,6474.4,56808,29.933,442.51,375.41,0.08204
781,7814.6,56342,35.96,255.67,178.88,0.17671
782,7628.8,56453,27.07,373.46,224.43,0.24926
783,5727.6,58060,30.305,460.43,239.91,0.31487
783,7682,56503,28.812,330.67,165.93,0.33174
785,8664.3,57384,25.903,300.04,177.19,0.25743
786,7224.2,57381,26.462,593.73,261.92,0.38779
786,8203.6,57363,28.806,460.82,372.13,0.10648
787,6274.1,57382,27.447,687.68,425.99,0.23498
787,7496.5,57127,34.967,646.9,554.53,0.076887
787,7943.8,57426,16.332,524.59,467.81,0.057216
788,6169.6,58182,27.107,289.94,223.16,0.13015
788,7962.2,57415,14.875,414.67,366.16,0.062126
789,6207.7,58153,29.73,559.61,123.83,0.63763
789,6340.6,56962,25.158,437.49,303.2,0.1813
789,7377.1,57210,30.515,378.44,198.17,0.31263
789,8068.2,55488,37.035,296.24,185.31,0.23035
791,6039.1,58354,21.199,484.31,301.52,0.23261
792,6844.5,56328,28.639,439.97,381.1,0.071701
792,7653.2,56742,33.625,835.07,469.5,0.28022
792,8462.2,55804,26.184,326.44,206.38,0.22533
793,5787.7,58128,21.108,483.4,176.35,0.46541
793,7722.6,56395,18.449,562.27,341.89,0.24374
794,6301.5,57755,34.284,351.54,262.45,0.1451
794,7042.3,56667,31.3,295.83,396.78,-0.14575
794,7493.3,56052,35.775,446.39,512.63,-0.069075
795,7266.9,56503,22.222,765.72,883.61,-0.071479
795,7569.8,58281,39.761,524.46,445.4,0.081519
795,7996.9,56540,30.876,404.75,292.05,0.16174
796,7555.1,58308,31.847,375.99,131.18,0.48269
799,6305.4,57199,21.918,693.55,252.11,0.46682
799,6532.5,58087,34.745,247.85,106.93,0.39721
800,7392.8,55468,30.725,308.68,372.67,-0.093911
801,6198.7,58276,39.326,133.12,142.32,-0.033404
801,6320.2,56885,29.44,268.61,223.98,0.09061
802,6114.6,56751,37.423,263.06,263.62,-0.0010616
803,5963.4,56817,24.071,320.27,212.38,0.20256
804,6511.4,58310,33.53,383.73,105.06,0.57013
805,6594.5,56316,35.089,346.23,293.92,0.081719
806,7241.9,55839,31.669,271.41,298.17,-0.046968
807,6711.9,56055,32.872,423.98,169.5,0.4288
808,6625.7,56158,23.528,492.55,284.38,0.26794
808,7693.6,56395,32.8,454.4,453.6,0.00088145
809,6400.6,56944,28.075,361.45,176.8,0.34307
810,6020,55969,28.803,513.2,642.82,-0.11213
814,8413.5,57938,28.943,445.25,457.62,-0.013696
815,6179.1,58075,32.506,550.72,409.07,0.14758
816,8655.1,57860,31.166,350.19,223.32,0.22122
817,5928.6,55629,26.927,615.18,278.23,0.37715
818,5999.9,58013,31.217,500.24,432.68,0.07242
819,5846,58200,36.533,438.5,365.75,0.090451
820,6787.6,57558,26.229,590.9,282.23,0.35353
821,5747.7,57873,27.479,756.36,600,0.11528
822,6303.2,56134,26.214,866.58,535.94,0.23574
822,7542,55851,19.467,335.46,182.7,0.2948
822,8465.7,57288,34.606,343.31,177.5,0.31837
823,5828,55477,30.88,887.69,497.08,0.28208
824,7175.9,56590,27.167,297.73,219.99,0.15017
825,5687.3,58132,31.476,767.8,471.69,0.23889
825,7850.6,57660,31.335,239.15,194.02,0.10419
826,7825.1,57466,26.516,310.31,366.2,-0.082616
827,5698.7,57994,37.71,641.44,460.63,0.16407
827,7315.7,56432,20.495,471.55,338.5,0.16425
828,6005.9,55440,28.776,292.21,128.68,0.38854
828,5892.3,58041,32.518,367.07,115.93,0.51995
829,6168.3,55642,29.394,348.54,115.7,0.50154
831,6844.6,57142,31.018,236.47,193.6,0.09966
831,6838.7,57860,28.07,426.8,327.67,0.13138
831,7576.3,56445,32.087,446.22,327.16,0.15395
832,5786.7,55473,32.664,270.99,163.18,0.24831
832,7745.3,56434,22.557,613.35,396.61,0.21461
835,5692.6,56125,33.447,501.65,533.82,-0.031065
835,7928.1,55517,28.964,301.76,149.01,0.33885
835,8603,56688,15.394,1590.2,833.64,0.31212
836,6556.9,57814,32.218,140.11,101.47,0.15995
836,8656.2,56699,29.254,554.07,299.14,0.29878
837,6684.5,57788,32.696,332.58,398.53,-0.090209
837,6851.4,56868,21.378,469.23,360.97,0.1304
838,6983.4,55653,35.175,266.35,264.77,0.0029663
839,5714.4,56454,19.784,1124.9,729.18,0.21344
841,6118.7,55857,31.36,403.89,186.04,0.36927
843,8635.9,57719,19.346,500.07,394.37,0.11818
844,6463.6,56447,27.991,377.26,282.28,0.144
844,7004.5,56194,31.305,842.32,769.79,0.04499
844,8506.9,57695,33.279,315.2,161.32,0.32292
845,8665.3,55852,31.126,681.24,290.06,0.40274
848,5800.8,57463,36.245,280.99,186.26,0.20273
849,5777.4,57379,29.267,265.8,148.98,0.28165
849,6556.1,57228,28.527,520.88,350.15,0.19601
849,7857,55947,23.868,311.16,151.77,0.34431
850,6359.3,57344,28.279,773.45,103.42,0.76412
850,7940.4,56056,32.346,602.91,364.08,0.24698
851,8214.9,56135,31.056,471.3,330.3,0.1759
852,6205.3,58213,34.185,620.5,267.06,0.39822
853,5832.8,55587,27.676,365.3,190.45,0.31463
853,7848.2,56415,33.89,264.86,113.83,0.39884
854,5936.2,56085,26.957,641.1,364.5,0.27506
855,7785.6,57119,26.752,421.62,169.82,0.42576
858,6945.2,56735,35.88,331.13,181.66,0.29149
860,7259.1,56347,26.163,475.62,310.03,0.21078
861,5798.3,56594,30.83,266.85,188.44,0.17223
861,7407.3,57142,35.516,462.92,172.59,0.45684
863,6802.2,56079,29.015,475.09,344.51,0.15933
863,7997.7,57400,29.399,353.1,231.67,0.20766
863,8639.2,57694,23.391,1192.4,594.01,0.33496
864,6524.6,58249,38.784,426.85,174.52,0.41958
864,7119.3,57130,33.895,259.51,125.29,0.34882
864,7340.2,56453,26.068,590.17,457.82,0.12629
864,8547.5,55600,17.932,1025.7,516.99,0.32976
865,6859.7,57287,29.184,867.27,429.12,0.33798
865,8574.5,55489,34.662,242.11,191.39,0.11701
867,6315.5,56775,20.894,822.19,504.37,0.23958
868,6214.5,56908,39.755,1098.1,631.14,0.27005
868,7675.9,55886,35.071,660.59,221.31,0.4981
869,6041.1,56974,23.871,978.3,530.57,0.29673
869,8482.2,55508,26.808,167.16,101.99,0.24213
870,5868.5,57065,27.814,585.09,244.76,0.41011
871,7576.7,57061,30.467,503.08,284.57,0.27742
871,7670.4,55904,25.261,291.87,278.6,0.023262
872,6584.4,56686,25.275,748.98,461.41,0.23759
872,7872.8,55534,33.045,356.77,261.2,0.15464
873,6515.3,56885,31.909,506.9,448.31,0.061339
874,6152.8,55433,23.705,803.01,300.61,0.45523
874,6637.1,57235,26.465,1178.4,289.86,0.60516
875,6491.8,57470,22.986,972.72,424.56,0.3923
876,6168.8,57615,29.065,515.92,334.62,0.21316
876,7180.6,55576,30.247,292.49,324.95,-0.052581
876,7259.2,58319,25.337,389.2,393.41,-0.0053863
876,7849.6,57274,26.822,523.43,443.54,0.082628
877,7363.8,58377,31.67,580.57,842.33,-0.18396
877,7950.8,57363,12.005,547.48,376.86,0.18458
878,7198.9,55495,29.331,533.57,391.35,0.15376
879,7398.7,57748,27.775,347.17,118.39,0.49141
880,7310.7,58204,34.576,475.68,379.37,0.11264
881,5858.5,58171,34.557,1010.9,806.57,0.11243
881,6142.2,56653,32.183,497.87,443.43,0.057829
881,8305.2,57104,29.165,299.11,136.09,0.3746
882,5767.4,58126,23.999,746.31,157.83,0.65088
883,7441.9,58207,31.992,533.77,267.7,0.33197
884,5855.4,57902,27.122,449.81,338.12,0.14175
885,5970.9,57597,34.542,380.73,262.29,0.18419
886,6209.3,57771,29.329,946.84,987.46,-0.020998
886,6384.4,56647,24.455,393.72,177.68,0.3781
887,6392.6,55410,36.128,258.18,145.7,0.27849
887,7214.2,55409,39.285,284.5,179.64,0.22591
887,7757.3,57081,27.44,668.43,456.56,0.18834
887,8006.8,58383,32.917,201.44,125.54,0.2321
888,6114.1,56876,29.3,374.85,331.78,0.060961
891,6329.7,58296,27.71,244.28,167.24,0.18721
891,8616.5,56628,29.755,566.17,256.45,0.3765
896,7897.9,58364,32.662,145.53,165.37,-0.063799
898,5955,56575,18.818,357.24,229.47,0.21777
899,6187.4,56208,38.541,348.37,356.16,-0.011049
899,7197.9,55836,13.232,617.92,536.36,0.070656
900,7915.8,58331,30.439,528.7,283.96,0.30116
900,8495.3,55498,29.608,332.43,109.67,0.50385
901,8376,55688,30.016,328.1,269.95,0.097225
902,6959.1,57512,38.991,236.22,164.75,0.17824
902,7434.1,56455,24.13,556.09,545.77,0.0093627
902,8418.4,55438,32.974,470.05,208.79,0.38485
903,6322.3,56310,31.37,369.84,132.97,0.47108
903,6951.1,57534,28.455,307.65,317.26,-0.015371
904,6936.5,57935,33.11,357.16,368.92,-0.016192
904,7087.7,56159,25.388,506.99,232.6,0.37099
905,6091.5,56148,33.1,263.31,152.11,0.26769
905,6775.1,57672,25.526,248.14,140.36,0.27741
906,5995.3,56053,32.713,652.95,289.21,0.38606
906,6870.1,57809,32.493,259.17,162.63,0.22887
907,6733,57893,28.252,226.56,132.08,0.26346
907,8324.7,57883,36.013,391.76,215.22,0.29084
909,5976.9,55740,30.552,627.3,444.11,0.17099
909,7065.9,57666,23.599,489.46,216.36,0.38692
911,6469.1,57063,39.665,675.34,495.06,0.15403
912,5912.3,58063,29.099,260.68,219.52,0.085707
912,6034.5,55864,30.979,687.43,371.64,0.29818
912,6976.1,57637,26.325,335.29,204.53,0.24223
913,6307.2,55745,31.785,528.61,371.28,0.17483
913,6785.3,57244,26.571,269.58,114,0.40561
914,5933.3,57963,30.282,337.32,300.77,0.05728
915,7698.8,57438,31.907,387.92,239.17,0.23721
916,8494.4,57605,20.201,505.92,286.74,0.27651
917,8505.5,57437,33.075,408.16,341.68,0.088656
918,8305.1,57424,24.61,617.63,517.8,0.087923
919,7745.6,58375,31.385,474.17,282.52,0.25328
919,7979.2,57305,30.267,684.99,972.24,-0.17333
923,8213.5,55452,32.862,511.44,257.76,0.32981
926,7150.5,56584,21.932,379.72,178.59,0.36024
927,5916.8,56320,40.166,313.51,202.71,0.21464
927,6649.2,56746,38.913,253.95,163.23,0.21745
928,7183.8,55847,18.322,618,642.01,-0.01906
928,8322.8,56243,28.578,355.53,152.04,0.40092
929,7321.5,56442,30.791,355.72,174.86,0.34086
929,7568.1,58123,26.881,294.28,158.98,0.29851
930,6809.5,56995,28.825,197.5,125.17,0.22416
930,7595.5,58156,29.88,289.49,200.89,0.18068
931,5718.4,55522,24.668,572.91,390.08,0.18986
931,8661.5,55496,28.66,308.75,154.52,0.33292
932,5828.8,56188,30.534,1017.4,695.96,0.18759
932,6512.1,55854,25.288,704.54,262.82,0.45663
932,7142.2,56301,24.64,578.46,369.56,0.22036
933,6611.8,56071,27.453,482.52,349.31,0.16014
933,7289.3,55795,27.75,423.44,230.81,0.29443
934,7442.9,58065,26.559,266.03,103.26,0.44077
934,8201.7,56725,20.511,893.19,335.44,0.45396
935,6945.6,57914,33.056,327.45,172.19,0.31075
935,8262.3,57017,26.712,752.03,610.81,0.10362
936,7194.7,57746,32.818,545.19,285.7,0.3123
936,8268.1,56051,32.794,699.6,464.68,0.20178
937,7322.7,57709,25.38,475.57,121.44,0.59317
937,8069.6,56588,18.812,1540.5,959.05,0.23261
938,7029.6,57591,24.175,725.76,284.29,0.43709
938,7626.4,56651,24.395,721.64,435.37,0.24742
939,6650.7,57506,30.004,777.42,491.72,0.22512
940,6676.2,57601,34.67,717.52,539.53,0.14159
940,7879,55796,20.554,577.74,389.74,0.19432
941,6718.5,57224,27.327,635.44,323.44,0.32538
941,7865.2,57593,14.382,715.44,407.01,0.27478
942,6055.3,55570,26.476,451.51,107.12,0.61649
943,5707.8,56626,37.21,489.98,264.69,0.29854
943,6719.4,57119,30.735,346.25,558.06,-0.23422
943,8240.8,56769,31.703,617.63,631.28,-0.010926
944,6134.5,55437,34.177,362.15,279.06,0.12958
946,6652.4,55873,21.213,730,304.81,0.41089
946,7631.9,57870,37.046,251.53,186.4,0.14873
948,6040.3,56443,37.333,535.01,524.06,0.010341
948,8449.7,57474,27.058,793.23,510.82,0.21656
949,7708.9,57738,27.55,363.15,198.95,0.29212
950,7320.9,56363,21.132,390.28,294.05,0.14062
951,7319.6,56403,15.384,420.82,395.41,0.031127
952,5782.3,57493,31.252,374.19,246.85,0.20504
952,6870,57720,19.811,575.17,429.96,0.14447
952,7454.1,56394,35.354,397.33,477.14,-0.091264
953,6903.8,57744,30.072,263.75,281.63,-0.032774
954,5871.1,55639,14.377,908.64,141.46,0.73058
954,7255.5,56395,17.447,427.64,185.09,0.39585
955,6836.5,57721,24.294,290.49,366.01,-0.11503
955,7238.4,56528,34.7,652.8,332.39,0.32523
956,6930.4,57723,34.251,179.65,236.56,-0.13672
956,8624.8,57947,27.152,493.83,184.59,0.45583
957,7193.8,56388,30.27,313.34,213.13,0.19033
959,6802.1,56014,32.324,267.13,217.1,0.10333
959,7080.1,57659,19.489,998.05,789.16,0.11688
959,7419.9,56463,14.611,1202.5,544.59,0.37658
960,6839.4,57809,16.248,807.2,577.51,0.16587
960,7550.8,56554,23.651,1016.5,463.04,0.37407
961,6724.4,57810,29.975,1040.6,934.3,0.05385
961,7622,56413,28.153,1002,761.09,0.13662
961,8011.4,55775,28.834,464.81,241.78,0.31564
962,6968.1,57883,35.189,440.5,200.21,0.37503
962,7763.8,56331,37.892,1004.8,597.68,0.25407
963,7175.7,56000,18.473,558.75,522.27,0.033746
963,7435.6,56535,27.68,1512.3,926.77,0.24007
964,7208.9,55923,20.386,415.73,242.08,0.26398
965,8129.8,58017,34.404,332.61,143.06,0.39848
966,7894.8,56082,34.903,322.98,203.48,0.227
967,7976.1,58267,26.604,227.65,132.3,0.2649
968,7418.8,57805,26.226,405.4,253.01,0.23145
969,7239.7,56547,29.059,316.14,164.46,0.31562
969,7810.4,58391,21.985,544.57,457.17,0.087241
970,6360.7,58098,35.15,426.64,279.82,0.20784
971,6178.5,58132,26.032,344.28,149.81,0.3936
975,8089.7,57976,35.55,551.5,358.16,0.21253
975,8338.4,56359,36.752,350.23,228.8,0.20973
976,6581.3,55409,31.732,180.37,154.11,0.078513
976,6764.4,57470,31.194,444.15,126.79,0.55585
976,8452.6,57014,31.344,281.89,112.59,0.42918
977,7628.5,55954,20.227,454.42,117.36,0.5895
977,7791,58380,19.509,476.56,290.28,0.24291
978,6376,55769,27.169,468.55,343.1,0.15456
979,6006.8,57396,22.913,706.54,318.56,0.37848
979,6426.2,55826,28.097,881.46,399.46,0.37629
979,6871.8,56715,33.141,396.63,112.56,0.55788
981,8050.1,56847,26.867,349.78,195.86,0.28207
982,5805.1,55842,28.939,343.4,187.56,0.29351
982,6956.7,56812,25.928,378.36,221.95,0.26054
982,8565.8,57611,20.125,646.8,278.52,0.398
983,6043.4,56836,23.077,587.83,329.51,0.2816
983,6806.1,56944,33.732,641.63,383.43,0.25188
983,6820,57004,32.51,543.04,324.96,0.25124
984,5985.6,56749,39.084,624.99,361.75,0.26678
984,6424.7,55664,31.765,268.09,194.6,0.15882
984,6697.3,56718,30.561,365.62,157.96,0.39661
984,6834.1,57231,18.074,613.94,358.83,0.26225
985,6496.1,55925,29.749,675.76,503.47,0.1461
985,6814.1,57129,28.771,570.85,450.35,0.118
986,7088.1,58079,35.744,236.85,131.66,0.28546
988,6438,55941,34.048,287.98,275.94,0.021351
988,6824,57130,23.14,1386.9,893.76,0.21623
994,5762.8,57585,32.601,389.37,134.28,0.48713
996,6208.2,57114,33.906,430.56,223.16,0.31726
996,7316.1,56491,22.296,371,289.74,0.12299
997,7233.8,56705,22.034,497.76,204.77,0.41704
998,7137.6,56612,30.411,394.98,312.09,0.11722
999,6591.8,57229,19.874,895.14,307.83,0.48822
999,7072.2,56557,26.385,557.33,273.33,0.34189
1000,6840.7,56627,27.612,351.86,293.67,0.090137
1001,8086.8,57854,24.404,271.79,236.77,0.068866
1003,6739.4,57156,36.895,448.28,208.17,0.36578
1004,5881.3,57989,23.517,433.71,153,0.47845
1004,6784,57259,34.37,435.96,182.93,0.40885
1006,7519.3,56057,31.621,229.15,146.13,0.22121
1006,7901.7,57390,31.656,137.19,180.42,-0.1361
1007,8541,55570,20.474,281.85,105.42,0.45558
1008,5742.1,57987,31.566,714.66,217.19,0.53385
1009,6152.1,58277,36.534,270.93,235.27,0.070454
1009,6833.8,56375,34.605,449.58,254.46,0.27715
1010,7154.7,56342,20.995,755.54,514.01,0.19024
1011,7430.6,56380,37.172,533.1,303.93,0.27379
1012,5682.8,56530,24.642,439.33,165.63,0.45243
1012,7620.2,56334,33.742,712.08,282.96,0.43126
1012,8279,55738,33.971,310.34,300.25,0.016524
1013,8360.9,57786,37.085,791.13,249.48,0.52052
1014,7608.5,56123,31.208,255.67,197.4,0.12863
1015,6726.3,55873,30.519,556.68,376.66,0.19288
1015,7537.2,56113,15.229,741.71,683.25,0.041028
1016,7642,56101,32.884,252.22,253.91,-0.0033296
1018,8463.8,56829,30.359,809.67,535,0.20427
1020,6295,57018,25.688,564.58,389.65,0.18333
1021,6305.4,56848,37.134,391.77,596.03,-0.20678
1021,8287.5,56586,34.207,557.1,429.67,0.12914
1022,6246.7,56745,24.706,404.75,309.83,0.13284
1022,7915.6,55444,36.941,460.75,408.68,0.059883
1023,6823.3,56732,28.415,289.21,131.53,0.37476
1025,6535.8,57240,34.512,186.74,117.57,0.22729
1026,6581.4,55608,25.552,649.64,205.78,0.51888
1028,5748,56507,38.295,476.45,285.11,0.25125
1029,6383.1,58345,32.77,327.1,341.53,-0.021575
1030,8167.5,55868,29.656,519.14,347.12,0.19857
1031,8084.1,55856,30.324,544.04,212.45,0.43832
1032,7986.2,55763,28.398,464.54,255.74,0.28988
1032,8643.5,57096,30.296,398,204.27,0.32167
1033,6349.7,55623,35.974,480.8,380.26,0.11676
1033,8438.1,57141,33.94,376.49,161.2,0.40039
1034,6455.8,55737,29.027,350.67,266.78,0.13587
1034,8316.5,57746,31.763,490.92,258.35,0.3104
1035,6400.7,56529,29.977,399.21,219.02,0.29145
1036,6394.7,55686,30.442,396.18,384.63,0.014796
1036,6441.6,56430,29.7,406.37,141.39,0.48376
1037,6941,56292,30.272,810.88,572.29,0.1725
1037,7192.1,56356,25.921,560,459.02,0.099099
1038,7045.5,56204,28.447,745.29,396.3,0.30571
1039,5718.4,58088,29.456,532.4,342.61,0.2169
1040,7258.3,55850,27.163,606.9,401.82,0.2033
1040,8493.5,57258,32.634,541.27,460.55,0.080566
1041,5902.2,56134,26.823,533.56,339.16,0.22275
1041,8075.4,55789,30.756,506.08,380.83,0.14122
1041,8410.8,57057,19.998,364.32,229.54,0.22696
1042,8356.4,57441,30.377,226.54,224.33,0.004894
1043,7960.8,55704,33.973,218.89,106.37,0.34593
1045,7470.4,57573,26.495,430.86,227.79,0.30831
1046,7123.4,56516,18.074,589.8,240.58,0.42056
1046,7912.7,57782,35.295,763.4,455.32,0.25279
1047,7359.6,56667,31.732,895.34,487.46,0.29496
1048,7301.1,56462,31.248,492.06,488.15,0.0039931
1048,7380.5,57704,23.803,456.4,330.41,0.16012
1049,6142.5,56360,38.815,329.21,224.85,0.18836
1049,7384.7,57738,27.765,388.7,210.46,0.29748
1050,6591.7,56122,28.305,663.83,266,0.42786
1050,8093.5,55601,36.18,227.29,130.16,0.27173
1052,7208.2,57788,31.826,159.32,146.67,0.041354
1053,6868.3,56048,34.104,400.53,375.63,0.032085
1054,7100.7,55823,27.202,274.13,276.03,-0.0034456
1055,7145.2,55762,18.817,284.96,269.38,0.028096
1055,8119.1,55496,38.805,215.89,141.92,0.20674
1057,7240.4,55775,19.319,488.95,342.62,0.17596
1060,7646.1,58162,35.465,355.64,424.56,-0.088325
1062,5820.9,56786,32.229,472.17,158.25,0.49795
1063,6503.1,56044,30.152,712.8,633.1,0.059214
1065,8047.7,57856,29.479,645.35,335.38,0.31606
1068,8131.7,56587,37.259,532.38,481.68,0.050004
1069,7784.9,56535,20.589,495.48,413.09,0.090683
1070,7500.7,58258,35.569,548.66,260.76,0.35569
1070,7642,56860,24.548,497.88,245.28,0.3399
1071,7650.5,56813,20.048,464.79,246.99,0.306
1071,8484.9,57648,29.108,843.49,493.71,0.26158
1072,5931.8,56692,33.55,201.85,102.84,0.32496
1072,7500.8,56661,28.827,562.76,403.43,0.16491
1076,8109.2,57779,39.109,518.92,400.37,0.12895
1077,8360.1,57247,27.15,462.9,179.97,0.44012
1079,8611.5,55522,32.922,375.8,362.36,0.018207
1081,6718.6,56072,37.294,843.02,209.57,0.6018
1081,8469.7,57224,31.149,700.59,286.98,0.41881
1082,8541.8,57309,23.624,443.35,209.1,0.35903
1083,7594.1,55901,32.726,330.68,249.35,0.14021
1084,7607.2,55900,21.392,243.26,222.35,0.044897
1085,7611.6,55733,27.288,732.08,1035.3,-0.17155
1086,7584.3,55881,10.195,750.93,852.68,-0.06345
1087,7172.7,56570,27.883,441.61,207.13,0.36144
1087,7632.5,55904,28.022,231.4,461.29,-0.33188
1088,7604.9,55889,13.307,388.68,288.17,0.1485
1088,7790.2,57684,20.04,547.75,543.13,0.00423
1089,5841.3,55473,33.227,375.55,286.66,0.13423
1089,6849.4,57713,31.954,640.92,614.45,0.021086
1089,7566.2,55898,13.266,400.48,315.44,0.11878
1089,7882.4,57570,14.948,358.09,292.35,0.10107
1090,5690.7,55579,33.109,264.45,177.9,0.19566
1090,7340.1,57714,29.188,558.87,268.46,0.35102
1091,5792.7,55462,37.018,295.03,284.23,0.018635
1091,7613.3,55873,28.809,231.15,328.31,-0.17367
1093,6517.4,57073,25.542,765.14,635.33,0.092691
1094,6567.6,57191,29.066,477.79,240.44,0.33046
1094,8603.6,55636,23.704,595.66,323.18,0.29655
1095,6275.9,57367,34.672,349.89,237.03,0.1923
1097,6380.1,57090,26.362,483.37,160.49,0.50148
1097,7920.1,57595,37.059,226.97,227.04,-0.0001507
1098,7996.7,56998,33.938,651.41,428.49,0.20643
1098,8262.4,58080,32.351,388.73,395.4,-0.0085068
1099,8372.3,57444,28.523,345.41,297.3,0.074852
1099,8510.8,55717,25.932,456.68,197.78,0.39559
1100,7237.7,56441,16.383,337.14,114.58,0.49268
1101,8238.8,55813,31.009,1002.3,461.23,0.36971
1102,8324.2,55773,19.996,885.73,574.4,0.21321
1103,6814.6,55808,26.785,365.26,254.16,0.17935
1103,8616.8,56512,27.669,309.31,196.39,0.2233
1104,7306,56468,11.818,712.03,381.2,0.30262
1105,7287,56593,22.434,494.15,361.17,0.15548
1106,7285.2,56654,24.201,236.21,215.23,0.046479
1106,7862.9,56521,24.686,374.36,300.15,0.11002
1107,5752.3,58029,32.049,461.33,327,0.1704
1107,7638.9,56438,22.733,391.15,206.95,0.30798
1108,6488.2,55463,29.026,469.01,267.51,0.27358
1108,7362.6,57288,24.655,561.06,603.33,-0.036306
1108,8378.2,56832,39.303,248.99,221.5,0.058424
1109,6450.8,55393,23.901,530.43,233.43,0.38881
1112,7623,56989,35.595,508.31,255.06,0.33175
1112,8253.6,56069,32.576,214.92,163.47,0.13598
1114,7702.3,57090,24.296,601.01,182.36,0.53442
1115,7920.6,56921,26.526,252.41,149.2,0.25701
1117,8286.8,57438,25.106,426.03,287.9,0.19348
1118,8280.9,57996,27.324,530.77,162.63,0.53092
1119,6764.6,56549,24.663,457.2,365.39,0.11161
1120,7001.8,56440,28.035,757.36,577.17,0.13502
1121,7625.2,56396,22.109,396,368.17,0.036429
1122,7705.3,55980,34.067,370.22,135.24,0.46488
1124,7046,57604,30.454,560.44,290.93,0.31656
1125,6257.4,56452,22.633,415.02,279.16,0.19571
1126,5883.3,57856,29.515,411.34,195.01,0.35677
1126,6920.2,55821,32.253,603.2,315.2,0.31358
1127,5856.3,58334,29.352,255.49,138.18,0.298
1128,7654.9,57929,33.856,182.21,143.69,0.1182
1129,7164.7,55615,30.233,359.2,256.72,0.1664
1129,7682.5,57750,27.787,581.53,498.71,0.076676
1129,8430.2,55621,26.023,270.65,255.85,0.028106
1130,7070.6,55564,31.25,197.24,209.46,-0.030056
1131,6055.7,58026,27.15,588,413.01,0.17481
1131,7218.8,55774,21.083,377,154.58,0.41841
1131,7274,56410,12.618,646,356.88,0.28829
1134,8526.5,56886,30.012,633.31,392.56,0.23468
1136,5729.3,58000,31.404,632.06,229.88,0.46659
1136,8351.5,55576,22.401,1055.1,649.41,0.23801
1137,8524.5,57735,28.144,859.79,691.88,0.10821
1138,7700,55413,27.523,248.01,141.66,0.27291
1138,8542.5,57974,29.756,894.49,639.61,0.16614
1139,8045.6,57639,23.91,873.6,806.43,0.039981
1139,8497,57836,28.977,327.3,112.15,0.48958
1140,5988.8,56375,32.529,408.96,332.14,0.10366
1140,6446.7,56011,25.986,645.43,520.85,0.10682
1140,7394.6,56558,31.564,333.48,365.17,-0.045364
1141,6380.3,57992,31.836,186.25,134.95,0.15972
1141,7722.4,56862,29.98,778,670.78,0.074005
1142,7551.9,56631,21.43,527.65,273.56,0.31714
1144,6838.2,56851,30.747,248.53,199.85,0.10858
1144,7747.7,57673,19.859,307.45,230.94,0.14211
1145,5814.8,56299,31.938,423.13,106.94,0.59649
1145,6900.6,56848,26.526,396.8,205.7,0.31719
1146,5824.7,56630,41.456,401.09,422.57,-0.026073
1147,7856.8,56527,26.986,517.91,184.63,0.47438
1148,7000.3,58050,33.029,217.56,207.93,0.022625
1149,6333.9,57164,27.619,363.84,365.78,-0.0026556
1150,7254.9,56548,22.94,298.82,328.49,-0.047298
1150,7982.7,57065,24.423,412.83,336.6,0.10171
1151,6551.6,56063,28.989,516.48,232.25,0.37961
1151,6471.4,57317,25.773,360.92,222.83,0.23655
1151,7310.7,56467,13.113,671.91,388.67,0.26707
1152,6622.7,55908,31.826,263.59,134.79,0.3233
1153,6298.6,57835,28.234,833.87,568.58,0.18916
1153,6262.5,57875,29.4,798.43,539,0.19398
1153,8202,56580,18.983,808.82,460.83,0.27408
1154,7567.7,57392,27.321,459.36,447.57,0.013
1154,7554.3,58155,31.572,281.08,109.75,0.43838
1154,8195.3,56544,26.914,584.22,326.09,0.28356
1155,7386.2,58134,25.435,331.81,182.51,0.29028
1157,6976.4,57897,18.678,1323.3,762,0.26917
1158,7037.3,57657,18.878,1032.4,410.79,0.43072
1159,7166.3,57973,26.832,468,308.46,0.20547
1160,7385.8,55773,37.251,749.95,725.74,0.016409
1161,6921.4,57496,32.322,460.55,146.93,0.51626
1162,6812.7,58068,31.178,429.24,110.69,0.58997
1164,8364.7,56624,24.203,393.61,128.34,0.50823
1165,8307.5,56618,27.45,962.04,704.11,0.1548
1166,8011.2,56502,24.323,545.46,539.19,0.0057811
1167,6908,57782,30.892,440.46,348.52,0.11653
1167,7664.2,55898,21.878,631.58,344.86,0.29363
1167,8559.1,57983,31.323,372.43,231.37,0.23363
1168,5934.2,57146,25.567,927.32,400.95,0.39629
1168,7803.8,56636,21.226,489.72,234.19,0.35299
1168,8519.8,57851,33.154,565.62,413.09,0.15585
1169,7254.1,56402,22.147,359.83,551.52,-0.21034
1170,7379.3,56457,38.83,397.49,656.41,-0.24568
1171,7471.8,56509,15.705,1233.6,945.28,0.13234
1172,7430.7,56432,21.901,475.1,220.87,0.36529
1173,8092.5,57188,29.541,379.01,236.76,0.23102
1174,6041.5,56559,33.692,321.95,289.66,0.052798
1174,6797.4,56592,27.146,496.85,334.75,0.19493
1176,6985.6,56231,26.254,481.52,178.51,0.45909
1176,7707.2,57057,32.078,436.54,309.28,0.17063
1177,6073.6,56188,25.19,644.53,118.88,0.68855
1178,5852.6,56032,34.653,381.18,410.67,-0.037238
1178,7690.4,58139,39.743,264.18,296.29,-0.057295
1179,8311.8,57338,29.173,356.51,120.15,0.49588
1180,6851.8,57774,27.753,304.54,298.7,0.0096775
1180,7680.5,58263,36.87,223.53,281.76,-0.11524
1180,8096.2,55470,23.456,555.15,365.69,0.20574
1181,7977.6,57131,34.606,518.01,501.16,0.016533
1181,8135.6,55486,20.748,657.39,339.04,0.31948
1182,8170.3,55579,20.433,833.92,291.05,0.48256
1183,8277.7,57039,31.205,311.64,143.09,0.37065
1184,8272.1,56798,36.646,449.87,249.77,0.28601
1185,6269,58363,27.479,523.82,312.29,0.25299
1185,7712.7,56838,26.323,529.05,250.13,0.35797
1186,6210.8,58198,22.774,575.66,169.94,0.54416
1186,8127.8,57368,25.256,427.24,326.73,0.13331
1186,8298.4,56635,24.208,427.57,112.73,0.58272
1187,5746.6,55737,21.526,1022.2,314.07,0.52994
1187,7722.1,57760,28.498,403.1,121.06,0.53808
1187,8480.1,56632,23.982,498.42,158.39,0.51769
1187,8442.7,57599,32.565,288.26,105.44,0.46437
1188,5892.1,55739,30.416,414.15,303.53,0.15415
1188,7377.8,56358,22.054,665.33,482.62,0.15916
1188,7685.7,57479,19.333,370.92,188.63,0.32579
1189,5906.7,58195,36.751,551.97,300.9,0.29438
1189,7549,56099,24.219,514.27,173.52,0.49543
1189,7868.2,57580,19.872,435.33,525.45,-0.093798
1191,5910.2,58210,30.87,631.24,406.32,0.21677
1191,6937.7,57448,23.814,482.5,372.94,0.12807
1192,8091.8,57497,23.106,365.98,566.39,-0.21494
1193,7853,57653,15.62,479.41,369.06,0.13006
1194,6915.1,57495,28.479,353.92,150.82,0.4024
1194,7520.3,58317,29.745,478.28,364.96,0.13439
1195,6180.6,56007,23.707,364.03,267.91,0.1521
1195,6644,55742,33.109,554.91,597.76,-0.037172
1195,7484.2,58158,25.752,515.16,314.48,0.24189
1196,7353.7,56722,28.525,477.48,317.01,0.20199
1198,7563.1,56399,36.501,284.19,105.08,0.4601
1199,7110.2,56630,22.713,370.51,150.88,0.42123
1200,6758.9,57172,21.388,470.58,258.74,0.29047
1201,6788.2,57038,23.981,407.02,235.01,0.26791
1201,7534.8,55784,35.422,404.16,434.69,-0.036392
1202,6966.2,57005,40.359,717.02,253.69,0.47731
1202,7293.1,56467,21.249,381.61,301.64,0.11703
1203,6804.8,57460,34.513,302.95,252.53,0.09078
1203,7108.9,56915,36.144,245.65,236.31,0.019381
1203,7301.1,56403,15.279,334.04,259.02,0.12651
1204,6721.7,57423,38.287,717.02,353.26,0.33987
1204,7327,56419,18.442,438.27,415.08,0.027178
1205,6913.1,57359,22.318,922.37,316.09,0.48954
1205,7289.1,56373,15.992,360.21,281.15,0.12328
1205,7422.5,57667,24.621,773.07,334.78,0.39563
1206,6578,57408,30.642,419.08,357.19,0.079728
1206,7280,56432,14.246,550.18,383.44,0.1786
1206,7500.6,57612,10.679,657.46,520.74,0.11604
1207,6631.1,57288,26.569,285.7,145.49,0.32516
1207,7153.8,55582,28.092,531.65,281.77,0.3072
1207,7224,56672,13.127,457.27,127.14,0.5649
1207,7531.4,57621,15.199,1029.4,1557.3,-0.20406
1208,6157.7,58054,26.956,507.94,266.54,0.3117
1208,7240.3,57694,7.1172,1046.6,307.91,0.54536
1209,7264,57730,11.857,582.12,171.76,0.54432
1209,8419.7,57761,22.154,652.78,252.27,0.44253
1210,6104.4,58075,34.443,254.43,598.96,-0.40372
1210,7615.9,56922,23.907,387.1,231.15,0.25224
1210,8458.3,57655,29.971,435.15,219.18,0.33007
1211,7000.5,55971,24.106,305.9,102.35,0.49858
1211,8408,55459,22.582,324.86,135.8,0.41041
1211,8414.6,58143,32.263,359.12,242.82,0.19322
1212,6182,57886,31.464,344.59,304.54,0.06169
1212,6742,55756,29.938,909.86,452.03,0.33617
1212,8626.1,58082,23.535,790.21,627.15,0.11504
1213,7975.7,56641,32.911,193.92,125.61,0.21376
1215,7267.6,56553,14.147,821.67,510.58,0.23351
1215,8503.6,57944,44.232,564.2,353.86,0.22911
1216,7205.4,56549,15.642,665.26,255.49,0.44504
1217,7162.3,56585,10.608,890.99,309.88,0.48391
1218,7081.4,56707,17.217,1432,654.16,0.37286
1219,7094.5,56920,19.444,1121.5,512.26,0.3729
1219,7141.7,57048,25.598,1027.5,433.15,0.4069
1219,8555.7,57797,22.982,858.74,407.67,0.35618
1220,6878.7,57827,32.297,437.81,409.97,0.032846
1220,7290.6,56642,24.089,1648.6,800.68,0.3462
1220,7238.7,57062,18.868,1248.6,760.92,0.2427
1221,6679,55996,35.828,284.65,230.12,0.10593
1221,7386.3,56419,17.276,1272,595.49,0.36226
1222,7194.6,56343,18.23,765.1,238.54,0.52465
1223,7164.8,56267,12.037,1578.9,635.42,0.42609
1223,8304.2,57186,35.602,1207.1,741.48,0.23895
1224,8011.1,57368,34.424,1380.4,686.92,0.33546
1225,6990.6,56789,34.999,311.79,149.67,0.35132
1225,7966.9,57371,17.182,724.23,233.36,0.51261
1225,8613.2,57494,24.773,451.25,285.76,0.22454
1226,7249,56657,21.602,1359.2,970.09,0.16707
1226,7809.3,57291,36.64,325,143.23,0.38823
1226,7946.9,55426,39.241,541.69,285.01,0.31048
1227,7493,56649,24.648,951.12,444.62,0.36289
1227,8394.1,56947,31.516,513.29,359.2,0.1766
1228,7242.7,57859,37.686,254.41,212.78,0.089095
1228,7513.9,56376,29.307,506.08,534.36,-0.02718
1228,8646.4,57974,33.296,231.24,177.04,0.13275
1229,6804.6,57858,24.132,533.96,419.67,0.11986
1230,7867.1,56070,37.929,354.92,164.58,0.36638
1233,5913,55658,34.045,524.25,179.34,0.49021
1233,7120.2,56715,35.75,648.53,464.8,0.16502
1234,5772.8,55658,29.528,450.4,433.97,0.018584
1234,7036.7,56664,33.912,944.72,764.21,0.10563
1234,7061.5,56657,29.264,803.24,638.86,0.11399
1235,6832.7,56791,25.257,399.27,329.34,0.095982
1235,7469.4,58311,30.101,306.68,172.93,0.27887
1235,7470.2,56343,35.495,402.23,381.06,0.027028
1236,7377,55939,29.768,840.1,678.62,0.10632
1236,7272.5,56409,18.229,555.76,290.65,0.31321
1236,7450.4,58312,25.009,382.43,201.79,0.3092
1238,6522.9,56393,37.012,354.7,329.37,0.037028
1239,6297.2,55582,27.558,587.83,319.13,0.29626
1239,7374,55746,33.151,238.99,203.72,0.079673
1240,6091.1,55503,36.445,552.72,234.74,0.40381
1240,7632.7,57080,26.822,418.88,216.63,0.31825
1241,6569,56288,32.823,332.97,214.04,0.21743
1242,7046.9,57734,33.092,385.5,305.02,0.11654
1244,6631.3,58004,22.815,652.66,475.8,0.15673
1244,7262,55785,35.347,273.9,291.04,-0.03033
1245,6476.6,58104,21.353,668.64,389.78,0.26347
1246,6185.2,58107,27.066,394.64,220.43,0.28323
1246,6762.8,58019,36.878,227.7,219.68,0.017941
1246,7307.8,56615,23.447,442.92,230.98,0.3145
1246,7736,56538,20.461,775.63,441.49,0.27454
1247,6925.8,57916,28.028,637.73,477.63,0.14354
1247,7298.9,56467,8.9361,1018.2,506.47,0.33563
1247,7768,56595,25.66,974.96,729.88,0.14375
1248,7676.4,56041,29.338,296.79,278.98,0.030934
1249,6893.8,57747,30.059,354.11,271.07,0.13283
1250,6356.5,56312,26.653,543.06,313.29,0.26831
1250,6703.5,57662,29.31,202.05,121.88,0.24748
1252,7091.1,58329,32.027,421.41,476.55,-0.061402
1252,8245.3,56588,30.053,493.54,239,0.34749
1253,7472.6,56513,16.621,599.24,304.78,0.32572
1254,6038.9,58073,31.51,329.63,124.88,0.45048
1254,7736.1,56599,26.885,880.86,262.97,0.54019
1254,8491.6,56569,24.769,418.63,211.53,0.32864
1255,7608.1,56819,20.888,1482.1,956.07,0.21576
1255,7642.5,56570,37.567,1136.9,901.72,0.11537
1255,8572.5,56717,31.398,668.08,349.25,0.3134
1256,7403.6,56854,25.316,992.9,629.64,0.22388
1256,8614.1,57633,24.987,645.27,313.72,0.34573
1258,5774.2,56106,33.403,477,296.4,0.23351
1258,6086.9,57268,32.217,693.55,556.83,0.10934
1258,7063.6,56751,30.774,319.65,234.74,0.15316
1259,6367.5,57444,31.221,744.19,393.5,0.30825
1259,7919.7,58391,24.269,684.34,460.04,0.196
1260,7249.9,55576,35.553,690.38,715.47,-0.017847
1260,7765.1,56581,29.031,740.1,600.52,0.10412
1262,6482,57596,36.92,333.93,197.43,0.25689
1263,5866,57584,28.934,382.18,460.25,-0.09267
1263,8580.5,55669,30.559,492.88,484.07,0.0090141
1265,6230.4,57047,27.51,370.88,290.77,0.12107
1265,8231.1,55749,31.461,367.63,235.36,0.21937
1266,6119.3,56968,30.421,280.53,162.34,0.26687
1266,7823.7,55491,30.655,286.59,144.6,0.32931
1267,7157.7,58367,35.944,667.46,596.47,0.056161
1268,7817.7,57709,17.839,393.65,396.24,-0.003274
1268,8662.2,56378,20.319,389.41,202.58,0.31558
1269,7562.3,56339,33.816,253.25,232.1,0.043579
1269,7922.5,57828,26.532,229.71,164.26,0.16614
1273,7950.9,57360,19.773,695.68,531.64,0.13365
1274,7874.1,57256,30.606,328.34,260.63,0.11497
1275,8292.3,56064,33.847,340.23,188.89,0.28602
1276,7229.4,56478,18.389,566.3,394.82,0.17842
1276,7539.5,57854,37.608,459.38,254.02,0.28786
1277,7278.8,56429,21.433,326.05,168.53,0.31849
1279,6817.7,56317,26.174,712.84,468.92,0.20641
1281,6302.3,57964,32.873,280.71,160.93,0.27123
1281,6404,56085,22.983,1123.1,632.58,0.27939
1282,6304.9,58025,32.413,569.43,374.71,0.20625
1282,7620.7,56006,13.731,464.99,276.49,0.25422
1283,6023.6,56617,36.106,767.8,462.8,0.24784
1284,8419.7,58085,36.173,480.92,322.04,0.19787
1286,6028.9,57907,41.931,566.42,397.8,0.17488
1286,7169.1,56805,36.289,416.34,316.59,0.1361
1286,7908.7,57038,27.088,605.81,260.5,0.3986
1287,7351.8,57747,25.525,452.01,200.81,0.3848
1289,7303,56558,32.332,309.38,192.8,0.23215
1290,5841.8,58081,28.04,492.2,318.68,0.21399
1290,7269.8,56521,25.231,299.44,223.61,0.14498
1291,7102.5,56743,21.631,753.34,459.4,0.24237
1292,6760.5,56048,24.759,754.86,411.51,0.29437
1293,6836.2,55962,24.968,335.65,143.65,0.40058
1293,7259.2,56642,20.057,336.16,259.02,0.12961
1295,7512.2,57460,31.773,824.5,323.8,0.43603
1296,6121.6,56591,27.414,275.51,157.22,0.27335
1296,7509.2,57640,33.003,572.13,363.45,0.22304
1298,7477.2,58054,33.776,630.28,146.48,0.62285
1299,7122.3,58004,33.618,1192.1,654.61,0.29106
1299,7288,56384,25.779,301.3,235.8,0.12195
1299,7747,55764,33.914,430.69,188.73,0.39061
1300,7209.5,57779,24.293,601.88,381.88,0.22363
1301,7358.1,55705,29.522,432.5,594.05,-0.15737
1301,7425.2,57271,31.214,265.11,174.48,0.20616
1301,7665.2,57748,29.367,258.81,106.52,0.41688
1301,8280.9,56853,34.364,430.19,220.94,0.32136
1302,7260.2,55708,26.451,474.85,427.57,0.052392
1302,7279.6,57658,19.738,662.56,413.56,0.23139
1302,7500.4,57067,30.364,565.35,283.93,0.33137
1303,6154.1,58011,33.204,301.43,302.92,-0.0024603
1303,7261.9,56989,35.809,349.3,253.79,0.15836
1303,7338,57003,29.399,419.4,318.16,0.13726
1304,5886.8,56336,32.802,334.48,269.57,0.10745
1304,7495.8,57014,27.616,688.64,549.94,0.11198
1305,7373.9,55965,28.382,328.25,167.44,0.32442
1306,7448.6,56037,23.649,418.31,501.06,-0.090007
1307,7175.3,57656,24.482,745.89,633.45,0.081515
1308,7143.2,57753,22.985,483.77,243.24,0.33085
1309,6705.2,57134,30.758,584.18,527.23,0.051244
1310,6636.3,57135,29.63,404.32,216.7,0.30212
1310,6980.3,56012,31.653,351.24,258.5,0.15208
1310,7521.4,58117,31.885,241.71,101.31,0.4093
1311,6966.6,56137,22.243,978.27,790.9,0.10591
1312,5880.8,56456,30.042,446.33,122.41,0.56955
1312,6865.5,55981,27.914,626.73,330.03,0.31011
1313,6806,56235,31.359,1116.3,410.04,0.46271
1313,7405.7,57815,28.936,381.95,334.04,0.066916
1314,6745.6,56385,32.079,566.75,275.35,0.34604
1314,8642.1,55451,23.199,223.64,115.54,0.3187
1315,6318.2,57417,31.453,787.1,606.37,0.1297
1318,6351.8,56942,28.297,1005.3,461.01,0.37119
1318,7614.8,55436,35.538,462.94,384.68,0.092325
1320,8412.9,56644,23.601,526.49,160.7,0.53229
1321,8402.6,56327,23.782,377.01,234.73,0.23257
1323,7509.1,57292,34.667,306.95,182.69,0.25377
1323,8619.3,55471,16.444,1044.5,588.07,0.27959
1324,8494.6,57437,25.561,643.2,465.12,0.16068
1325,8381.5,57528,22.196,633.8,307.25,0.347
1326,7070.7,56848,30.725,423.75,241.55,0.27386
1326,7172.6,57703,22.654,440.4,200.3,0.37474
1327,5921.6,56605,32.138,428.09,214.65,0.33208
1327,6157,58086,21.613,534.96,212.49,0.43143
1327,6433.1,55655,28.684,626.73,435.21,0.18034
1327,8363.8,57242,33.326,600.64,242.8,0.42427
1328,6275.5,58154,35.188,284.71,135.04,0.35657
1329,7818.8,56463,24.163,798.81,192.82,0.6111
1329,8640.3,55459,32.972,160.35,119.04,0.14786
1330,7973.8,56450,32.524,394.85,206.3,0.31365
1330,8590.2,55515,21.975,600.45,510.93,0.080554
1333,5710.7,57054,24.755,403.59,240.72,0.25279
1333,6789,56454,25.298,321.55,191.96,0.25237
1334,7304.8,56721,19.366,351.88,322.21,0.044005
1335,6631.5,57605,30.148,402.56,173.48,0.39768
1335,7742,57498,13.268,417.41,108.02,0.58882
1336,7748.7,57487,12.659,497.49,160.74,0.5116
1337,6921.7,57401,28.547,295.61,162.68,0.29006
1338,5674.3,56433,33.265,380.19,266.81,0.17524
1338,8320.3,57384,36.845,309.14,109.38,0.47731
1339,7746.8,55426,23.437,1028.4,580.75,0.27818
1340,7846.2,55521,32.405,994.19,831.77,0.08895
1341,7024.6,57820,31.788,366.04,131.11,0.47256
1341,8145.5,56865,31.831,324.54,213.04,0.20742
1342,6502.5,58330,31.381,568.21,392.59,0.18278
1342,7995.8,57539,37.953,451.28,382.63,0.082318
1343,6395.2,58234,27.267,714.15,553.52,0.12671
1344,6244.5,58245,18.242,654.27,277.57,0.40425
1344,7717.5,55440,32.794,798.3,520.49,0.21065
1344,7899.6,56799,32.938,275.99,224.13,0.1037
1345,6222.7,58362,33.496,220,185.97,0.083817
1346,5863.1,58046,30,862.15,440.47,0.32372
1346,7118,57444,32.662,344.04,201.53,0.26122
1346,7529.5,55861,27.867,595.19,353.62,0.2546
1347,6002.3,57948,28.862,1043,693.35,0.20137
1348,8475,58326,25.892,355.41,154.82,0.39312
1350,6035.6,56645,30.378,333.86,154.16,0.36821
1350,6085.5,57440,29.253,195.06,124.48,0.2209
1350,7449.9,57170,30.213,502.03,357.42,0.16826
1351,6300.9,58056,36.159,205.99,214.4,-0.020012
1351,7373.4,56500,21.489,616.63,452.09,0.15396
1351,7939.7,57316,12.305,808.11,609.15,0.14038
1352,7428.8,55663,23.523,992.71,559.85,0.27881
1353,7266.1,55792,22.857,702.64,402.06,0.2721
1353,7455.7,57838,34.155,270.24,200.51,0.14812
1354,7593.9,57702,36.872,456.34,347.92,0.13481
1355,7736,57696,20.851,1221.8,787.47,0.21615
1356,7518.4,57780,22.167,578.1,437.81,0.13809
1356,8196.1,57700,33.919,417.84,164.64,0.43469
1357,7265,57706,34.432,297.05,166.47,0.2817
1357,7493.1,58055,29.105,335.97,198.93,0.2562
1358,6044.3,55570,32.022,266.08,120.77,0.37562
1359,7335.6,56403,17.713,576.25,339.03,0.25919
1359,7701.8,55961,26.706,825.45,728.36,0.062489
1359,7625.3,57167,27.459,458.17,302.71,0.20431
1360,7684.7,55919,21.714,483.34,464.53,0.019848
1361,6235.9,58164,26.774,449.65,314.76,0.17646
1361,7212,56619,24.62,258.71,159.25,0.23798
1361,7724.7,56035,27.689,769.62,590.81,0.13144
1361,8658.7,56136,32.32,186.69,111.18,0.25349
1362,6490.2,58038,31.568,393.01,278.48,0.17056
1362,8558.4,56242,36.027,759.42,658.08,0.071492
1363,6713.9,57463,28.151,333.77,235.57,0.17248
1363,8512.8,55540,13.792,748.71,390.12,0.31488
1364,6863.8,57422,25.136,739.55,428.58,0.26621
1364,7288.3,55800,24.166,663.54,402.97,0.24432
1365,7249.8,55744,35.933,303.4,118.54,0.43812
1367,5743.7,57505,35.568,570.76,291.26,0.32425
1367,6915.8,58208,32.14,206.73,111.21,0.30045
1368,8254.8,57217,29.52,392.75,217.11,0.28799
1369,7696.6,56592,37.307,474.75,332.7,0.17592
1369,8206.4,57257,30.944,478.85,471.14,0.0081097
1371,7617.1,55858,22.646,276.64,393.44,-0.17431
1375,7684.9,57744,21.992,322.74,259.88,0.10788
1376,7662.7,57873,25.936,409.04,219.37,0.30182
1377,6137.4,57296,29.725,568.69,248.95,0.39105
1377,7458.4,58044,32.163,467.29,344.19,0.1517
1377,7402.3,58320,23.99,808.4,316.21,0.43765
1378,6734.4,56517,34.529,465.69,105.45,0.63073
1379,6327.8,57498,35.754,263.81,133.27,0.32874
1379,7232.7,56632,13.351,705.21,341.69,0.34723
1382,8365.6,56872,21.159,622.51,307.84,0.33822
1384,8502.5,57106,31.604,488.45,158.93,0.509
1385,8117.1,55540,31.766,1107.5,619.4,0.28263
1385,8527.6,55982,34.875,968.31,661.99,0.18789
1386,7022,56458,26.71,663.64,573.94,0.072485
1386,8233.2,56114,43.827,818.45,332.31,0.42245
1386,8338.6,55636,29.306,787.48,579.2,0.1524
1391,7808.2,56435,32.766,223.56,116.78,0.31373
1391,8558.8,56720,30.318,450.37,134.47,0.54014
1393,8218.6,56937,27.769,440.18,327.1,0.14738
1394,6213.9,58091,22.697,617.82,266.83,0.39675
1394,8025.4,55559,36.264,321.27,351.95,-0.045566
1394,8425.7,58140,21.468,614.7,263.72,0.39955
1395,8538.2,58356,42.265,438.9,236.93,0.29884
1396,6197.6,58170,33.278,349.97,149.66,0.40093
1396,7604.3,55928,18.371,642.92,264.71,0.4167
1398,7000.5,56168,22.751,668.81,252.3,0.45218
1399,7127.1,56127,22.493,817.39,334.86,0.41877
1400,7176.1,56282,23.832,964.98,619.64,0.21793
1401,7228.1,56231,33.619,401.24,209.19,0.31461
1401,7421.4,58282,28.604,683.99,285.1,0.41162
1402,7037.2,56052,23.843,552.55,284.96,0.31951
1402,7435.4,58334,25.083,1269,871.04,0.18594
1403,6801.3,56905,17.515,1578.2,653.66,0.41426
1403,6842.4,56030,23.136,571.4,192.87,0.49529
1405,6820.2,57245,37.842,445.71,207.05,0.36562
1405,8269.3,57164,28.496,407.37,354.38,0.069558
1405,8508,58114,25.536,701.91,485.42,0.18233
1406,6506.5,56725,29.578,497.48,342.3,0.18478
1406,8076,57222,22.948,770.46,387.68,0.33051
1406,8644.9,58275,32.736,463.68,449.57,0.015449
1407,8585.2,58299,27.555,342.15,308.12,0.052345
1409,6761.4,56528,29.03,285.52,454.81,-0.22868
1409,7523.6,58243,36.554,362.31,154.04,0.40334
1409,7749.5,55919,30.777,576.22,822.12,-0.17585
1409,7985.2,55599,29.613,330.82,266.16,0.10831
1410,6995.4,56519,26.71,729.93,434.35,0.25388
1410,7653.4,56016,19.34,261.69,253.99,0.014932
1412,7378.9,56925,29.817,288.87,172.1,0.25331
1412,8525.6,57093,34.001,311.96,104.96,0.49651
1414,7890.1,56512,21.562,873.1,516.02,0.25705
1416,6007.3,58180,28.218,552.33,459.9,0.091313
1416,7639.9,58144,26.795,243.84,195.75,0.10939
1416,7974.2,55577,29.44,212.17,135.52,0.22048
1417,6388.8,56284,34.572,325.39,159.07,0.34331
1418,5931.1,57311,36.745,452.48,226.84,0.33216
1418,6200.8,56346,24.71,783.21,333.69,0.40247
1419,7638.7,56815,29.286,466.28,214.97,0.36889
1419,7541.5,57791,22.452,195.4,117.09,0.25058
1420,5677.1,57844,25.856,435.68,341.78,0.12078
1421,7626.7,56627,34.159,287.23,207.88,0.16028
1422,6305.6,57121,34.014,561.76,154.92,0.56767
1422,6521.6,55548,36.109,187.49,343.98,-0.29446
1425,6532.3,57493,29.272,503.36,449.06,0.057005
1425,7172,55642,36.423,730.97,830.64,-0.063821
1425,7212.5,55802,25.628,861.01,1082.3,-0.11386
1426,5723.6,56595,36.046,195.59,185.46,0.026588
1426,6346.4,58324,28.512,284.9,103.8,0.46591
1427,6803.3,57490,36.446,242.89,190.86,0.11997
1427,7120.4,55882,10.09,667.41,340.33,0.32456
1427,7778.8,56169,33.845,656.9,342.6,0.31445
1427,8055.2,56118,26.723,512.34,364.4,0.16874
1428,7437,56464,20.688,393,342.91,0.068059
1428,8588.6,56798,29.054,249.18,101.61,0.42066
1429,7168,55893,11.322,907.79,756.11,0.09116
1429,7382.2,56641,25.719,659.23,855.21,-0.12941
1430,7299.5,55848,35.738,410.8,522.49,-0.11967
1430,7900,57588,17.744,279.89,258.42,0.039891
1431,5764.6,57730,23.56,378.93,214.8,0.27644
1431,7474.2,55516,24.37,902.71,521.88,0.26733
1432,7484,58102,24.232,240.53,126.6,0.31031
1433,6067.3,58348,34.249,314.59,141.57,0.37929
1434,6163.1,56954,30.107,1189.8,407.31,0.48994
1436,8626.4,56783,32.655,331.85,392.69,-0.083973
1437,8261.3,57193,33.317,392.27,265.61,0.19253
1438,7304.5,57063,37.76,227.64,183.57,0.10717
1439,7635.8,56747,29.113,865.45,543.46,0.22854
1439,7788.1,56720,26.067,954.91,558.03,0.26232
1440,6550,55698,30.805,609.33,570,0.033353
1440,7341,56698,39.695,917.01,443.89,0.34766
1440,7814.9,56780,17.646,1482.4,956.42,0.21567
1441,6410.8,55770,37.681,951.23,297.73,0.52324
1441,7377.8,57186,37.729,467.26,280.22,0.25023
1441,7972.2,56854,33.95,452.59,248.27,0.29153
1442,6252.4,55718,20.95,457.72,304.83,0.20049
1443,6956.3,57238,31.314,280.94,144.01,0.32222
1443,8116.8,57824,34.474,706.7,207.06,0.5468
1444,7612.6,57651,27.027,362.45,264.51,0.15622
1445,8483.4,55539,24.706,854.76,397.02,0.36568
1446,7366.3,58170,32.1,968.9,425.53,0.38967
1447,8597.5,55749,32.708,706.15,295.53,0.40993
1448,8060.8,55863,32.355,365.38,333.03,0.046331
1449,8642.6,56573,25.253,295.78,252.95,0.078055
1450,6043.6,58259,30.729,395.16,184.97,0.36233
1450,6927.4,55813,31.228,535.61,381.45,0.1681
1451,6991.2,56098,29.434,551.55,305.34,0.28733
1452,5855.9,57830,31.945,582.75,466.3,0.11101
1452,7231.3,56469,12.078,788.62,416.51,0.30877
1452,8540.2,57216,36.845,430.71,252.48,0.26088
1453,8482.2,57374,20.603,700.47,291.64,0.41208
1455,7055.5,57919,39.532,359.89,262.15,0.15713
1456,6042.4,58312,36.498,447.06,244.64,0.29264
1458,7617.1,55439,30.806,287.05,139.26,0.34667
1459,7214.1,56602,20.732,483.33,238.1,0.33993
1460,6149.2,58008,32.943,572.57,236.15,0.416
1460,7350.4,56620,18.042,987.46,398.02,0.42544
1463,7793.9,56407,21.144,441.06,264.23,0.25072
1466,7323,57130,35.512,435.26,244.73,0.28019
1467,6431,55905,33.225,607.66,309.8,0.32466
1467,7682.2,57433,31.609,629.81,404.22,0.21816
1468,6523,56025,28.95,559.94,478.29,0.078636
1468,7968.9,57138,32.479,587.38,304,0.31792
1469,6757,57196,35.951,231.37,264.59,-0.066984
1469,8136.9,57118,32.111,267.76,107.46,0.42722
1469,8225.3,57985,18.834,1132,783.78,0.18175
1470,7990.1,57166,22.196,622.35,395.72,0.22261
1470,8263.7,57819,18.649,1122,666.99,0.25436
1471,8377,57590,13.124,1393.6,874.73,0.22874
1472,7452.6,56506,11.758,1197,573.35,0.35228
1472,7700.3,57892,28.326,474.29,379.73,0.11072
1472,8356.2,57763,16.885,1450,947.53,0.20958
1475,7566.8,57796,28.023,263.3,263.27,4.8625e-05
1476,6694.9,55537,25.363,206.94,555.47,-0.45714
1476,7319.4,56768,25.902,415.93,201.72,0.34681
1477,5726,56630,39.227,414.04,267.95,0.21421
1477,6717.7,55440,29.618,225.26,655.81,-0.48866
1477,6981.2,56516,29.61,922.1,856.52,0.036871
1477,7258.8,56553,29.977,741.66,609.59,0.097735
1478,8160.3,55968,34.942,323.84,117.71,0.46684
1479,6657.6,55687,28.281,197.29,774.51,-0.59397
1480,6634.2,55587,21.265,652.95,1224.3,-0.30437
1481,6774.1,55611,27.734,366.39,786.65,-0.36448
1483,6536.4,55748,31.503,805.69,1428.9,-0.27889
1483,7113.8,57278,30.001,299.66,179.04,0.25198
1483,7445.4,57821,34.615,150.28,112.31,0.14461
1483,8411.5,55621,30.678,435.22,291.14,0.19835
1484,6562.6,55793,31.861,893.6,1512.2,-0.25714
1484,7256.5,56445,19.95,644.05,382.32,0.255
1484,7422.4,57054,29.695,557.82,342.48,0.23918
1484,8327.3,55879,22.584,547.45,404.21,0.15051
1485,6616.7,55845,32.503,490.63,1007,-0.34478
1485,7238.2,56236,20.959,1209.1,766.25,0.22419
1485,7504.4,57683,38.217,419.98,243.33,0.26631
1486,6683,55861,26.388,473.87,942.16,-0.3307
1487,6782.1,55760,21.435,449.15,770.25,-0.26332
1487,7427.5,56478,26.027,1031.6,671.66,0.21134
1487,8372.5,58333,24.865,430.41,236.2,0.29134
1488,6768,55561,23.804,464.34,786.71,-0.25767
1488,7176.6,57657,29.523,424.26,563.87,-0.14129
1488,7320,56392,11.605,807.07,644.66,0.11187
1488,8445.4,58138,32.584,645.49,594.12,0.041435
1489,6702.8,55672,22.984,306.66,544.38,-0.27933
1489,7264.8,56401,12.144,1091.9,733.25,0.19649
1490,6824.2,55647,25.905,285.18,748.32,-0.44813
1490,7328.5,56379,18.385,623.08,342.09,0.29113
1491,7303.7,56651,32.571,521.28,350.53,0.19586
1492,5741.3,55510,18.937,356.51,202.01,0.27661
1492,6174.4,56263,28.074,802.7,286.56,0.47384
1492,6776.8,55786,32.511,438.72,993.8,-0.38749
1492,7775.3,55873,31.096,802.31,432.03,0.29998
1493,7253.3,56579,10.55,516.28,148.11,0.55415
1494,5871,58318,42.031,304.68,227.07,0.14596
1496,8129.4,55466,32.63,389.84,429.33,-0.048211
1498,5959.5,57983,30.241,369.95,374.07,-0.0055385
1498,8578.8,55577,28.485,873.73,273.13,0.52369
1499,6148.9,57889,26.342,381.99,208.46,0.29389
1499,8185.7,55844,29.9,474.98,381.37,0.10932
1500,7765.9,57654,14.125,606.78,345.15,0.27485
1500,8408.2,55894,34.622,343.3,288.03,0.087554
1501,8035.7,56626,26.971,544.78,580.53,-0.031768
1502,7983.2,56639,29.084,338.85,176.93,0.31392
1507,7256.4,56518,24.013,565.4,485.84,0.075685
1508,5985.4,57376,12.579,456.94,112.16,0.60582
1508,7127.7,56666,29.417,682.29,429.09,0.22783
1509,6007.5,57373,21.335,425.54,177.43,0.41149
1509,7373.9,56763,24.497,674.42,606.15,0.053312
1511,6993,56088,35.719,323.69,597.76,-0.29743
1512,6032.8,57385,26.428,321.12,138.68,0.39679
1512,5990.7,58099,29.106,975.69,365.17,0.45532
1512,6791.8,56080,28.103,216.46,229.42,-0.02906
1513,6006.6,57394,14.742,857.01,182.96,0.64814
1513,7557.3,55920,27.709,397.57,316.3,0.11384
1514,7877.2,56659,26.647,322.24,178.53,0.28699
1515,5882.9,57641,37.799,438.48,323.88,0.15033
1515,6393.4,55431,35.048,973.21,633.59,0.21136
1515,6474.7,56200,30.082,687.99,189.66,0.56779
1515,8053.6,56580,27.557,569.88,658.54,-0.072173
1515,8169.3,56036,32.775,345.83,375.31,-0.040877
1516,5911.6,57449,35.105,274.45,246.63,0.0534
1516,6299.4,56044,26.702,319.25,215.24,0.1946
1516,8132.6,55975,19.273,860.87,624.27,0.15931
1517,6276.2,56003,31.134,709.83,498.83,0.17458
1517,7817.1,55829,28.154,984.34,601.56,0.24136
1518,6106.2,55966,32.108,469.23,220.66,0.3603
1518,6314.6,56919,35.594,429.03,733.54,-0.26192
1518,6303.1,56875,33.758,438.6,774.04,-0.27662
1518,8058.1,55801,18.841,784.46,464.95,0.25573
1519,6422.9,56884,34.967,421.67,358.35,0.081173
1519,8073.7,56605,24.596,754.05,436.45,0.26678
1520,7762.4,57688,21.542,384.95,139.06,0.46923
1520,8298.7,55805,23.347,624.69,347.48,0.28514
1521,7525.4,56457,23.937,508.13,309.78,0.24252
1521,8253.3,55887,28.318,636.07,244.24,0.44511
1522,6093.5,56199,29.565,950.81,643.98,0.19239
1522,7329.6,56347,21.807,403.47,280.66,0.17951
1522,7798.9,57581,15.839,763.31,523.16,0.18667
1522,7874.4,56874,23.219,396.95,149.44,0.453
1522,8296.5,55705,28.019,652.98,335.3,0.32145
1523,6321.5,56868,22.064,408.95,218.45,0.30364
1523,7743,57496,20.897,423.52,200.01,0.35847
1524,6146.9,57062,38.363,330.98,186.71,0.27867
1524,7757.5,57605,23.262,305.86,171.94,0.28028
1525,6515.6,57736,33.507,543.21,207.2,0.44777
1525,8206.8,57142,30.304,338.14,245.27,0.15919
1526,6855.1,57598,25.278,273.38,124.67,0.37359
1526,7740.4,57695,12.336,409.27,189.41,0.36724
1527,6340.2,56925,37.32,300.17,396.15,-0.13783
1527,7032,57636,27.432,782.23,558.88,0.16654
1527,7406.1,55551,33.007,359.68,460.03,-0.12242
1528,6108.1,56671,27.816,245.08,125.59,0.32237
1528,7261.3,55729,22.305,1194,906.3,0.13698
1528,7715,57753,24.058,436.68,153.26,0.48043
1529,6340.1,56529,35.651,773.15,558.11,0.16153
1531,6443.7,56768,25.595,453.42,241.12,0.30566
1531,7308.9,55510,29.319,663.34,589.97,0.058544
1531,7491.9,55807,34.139,464.01,180.16,0.44065
1531,8154.5,57843,27.169,500.72,455.71,0.047059
1532,7332.5,55582,31.933,1035.8,721.51,0.17884
1532,8105,57801,35.681,232.94,138.49,0.25428
1533,6648.2,58074,32.216,131.19,145.24,-0.050815
1533,8548.8,57834,27.612,374.92,206.34,0.29003
1535,7507,56443,28.73,1206.2,1080.9,0.054769
1536,7355.8,56334,12.867,560.09,391.14,0.17761
1537,7564,55835,13.81,661.94,249.31,0.45281
1538,5713,57203,26.957,248.9,268.37,-0.037641
1538,6214.3,57696,36.797,183.36,157.44,0.076058
1538,7320.6,56330,14.581,633.86,527.19,0.091879
1538,7542.5,57284,33.976,786.46,544.51,0.18178
1539,6138.3,57517,35.79,375.56,178.64,0.35531
1541,7525.3,55926,26.122,220.21,175.57,0.11279
1542,7583.1,55905,24.715,578.48,544.86,0.029928
1542,7987.5,56715,37.459,734.19,387.99,0.30851
1545,6504.1,56097,33.487,496.85,270.84,0.2944
1545,7734.4,56371,31.104,417.8,384.62,0.041349
1547,7201.9,55764,36.084,383.21,108.47,0.55877
1547,8557,57300,29.286,359.65,357.8,0.0025788
1548,6305.4,56768,29.229,200.64,191.5,0.023295
1548,7357,58114,30.554,393.56,108.03,0.56924
1548,7962.9,58377,32.463,592.38,537.3,0.048754
1549,7498.9,57096,35.108,647.15,278.02,0.39899
1549,7976.6,55827,39.083,458.8,293.92,0.21905
1550,7526.7,57126,35.599,797.84,243.04,0.53301
1553,6012,55568,33.832,291.22,250.9,0.074364
1553,6675.4,57690,27.687,244.84,108.7,0.38508
1553,8288.6,57095,33.517,336.47,217.48,0.21479
1556,6877.7,57014,30.999,470.64,374.03,0.11438
1557,7189.2,58223,30.748,900.03,292.5,0.50945
1558,6796.4,57699,33.784,640.2,451.03,0.17335
1560,8299.7,56617,33.569,660.9,263.69,0.4296
1561,6035.5,55601,34.373,518.62,272.95,0.31036
1561,7655.6,57015,27.081,489.64,268.55,0.29159
1561,7652.8,57630,26.866,269.84,167.76,0.23328
1561,8506.9,56620,25.313,866.06,740.93,0.077867
1562,7660.9,56857,27.492,617.83,425.59,0.18424
1563,7695,56864,22.627,605.43,262.47,0.39515
1564,6561.2,58367,29.632,300.52,200.79,0.19893
1564,7312.9,58165,28.37,1033.4,996.52,0.018182
1564,7741.6,57632,32.103,601.5,282.05,0.36155
1564,7880.7,56761,31.105,528.87,290.11,0.29154
1564,8124.5,56034,24.027,1050.3,755.38,0.16333
1567,8039.7,55881,29.696,432.95,167.8,0.44136
1568,5742.8,57979,32.926,282.87,201.52,0.16794
1570,5689.5,58045,36.199,515.39,443.72,0.074732
1571,7838.4,57525,23.525,687.5,567.15,0.095924
1571,8062.9,56192,31.903,218.42,200.71,0.042245
1572,6293.7,56695,33.612,795.28,759.43,0.023058
1573,7041.3,56126,16.814,944.19,491.42,0.31539
1574,7005.6,55994,23.163,894.33,469.06,0.31192
1575,6872.6,57297,35.098,376.24,311.76,0.093725
1577,7073.5,58149,24.953,354.99,320.45,0.051141
1577,7274,56225,26.371,463.31,398.54,0.075158
1579,8634.5,57879,24.666,525,307.44,0.26136
1580,8587.8,57585,30.414,1346.6,1057.8,0.12013
1581,8576.2,57609,34.193,242.27,257.33,-0.030141
1582,7210.6,55774,28.368,283.32,175.1,0.23606
1582,7929.3,57295,16.352,567.34,344.74,0.24405
1583,7289.2,55732,20.371,431.22,561.57,-0.13129
1583,7785,56369,25.775,601.61,306.45,0.32505
1584,7360.5,55716,18.629,901.85,823.49,0.045416
1584,7758.5,56457,24.864,436.18,213.19,0.34339
1585,7349.5,56447,14.672,468.25,259.21,0.28735
1585,7629.4,55803,27.717,1005.3,544.61,0.29723
1587,8271.2,55806,32.06,323.09,121.61,0.45308
1588,7940.3,55450,29.464,1263.7,364.89,0.55189
1590,8541.9,57407,27.339,626.11,628.75,-0.0021103
1591,8495.5,57292,22.973,939.87,726.99,0.12771
1592,5740,56404,24.448,334.46,164.91,0.33951
1593,7975.5,57759,27.52,352.76,218.23,0.2356
1596,7436.1,57999,14.129,1596.2,973.41,0.24236
1596,7861.9,56718,21.037,519.27,138.92,0.57786
1597,6826.7,57447,27.174,1254.5,429.35,0.49004
1597,8111.6,56722,29.289,394.09,310.04,0.11937
1599,6882.2,55851,23.846,627.07,201.83,0.51303
1599,7688,57770,20.887,1250.6,364.8,0.54834
1600,7838.2,56802,33.525,541.69,528.02,0.012786
1601,6875.9,57480,34.052,320.87,107.87,0.49681
1603,6179,58037,35.55,302.64,312.51,-0.016039
1604,7982.1,56506,33.923,294.24,229.85,0.12287
1605,6229.5,58323,33.515,679.4,602.96,0.059614
1605,7723.4,57621,18.263,435.5,209.08,0.35127
1605,8593.3,55458,24.062,442.74,225.41,0.32527
1606,7517.6,57672,26.594,541.57,531.08,0.0097741
1607,6534.8,58381,24.708,986.63,687.02,0.17902
1607,6937.4,57330,35.503,522.21,225.17,0.39744
1607,7608.2,57687,26.544,636.32,420.27,0.20448
1608,6369.1,58389,22.316,586.55,101.45,0.70508
1609,8518.4,57236,26.048,471.1,375.99,0.11227
1612,8191.2,58378,37.342,342.47,411.05,-0.091012
1615,6775.4,55905,32.671,288.05,125.16,0.39419
1615,7484.1,56625,17.011,822.63,376.43,0.37212
1616,7529.7,56498,14.655,549.91,253.77,0.36848
1617,8075.5,55415,23.288,532.57,193.6,0.46679
1618,6851.7,57589,36.101,248.87,173.7,0.17789
1620,7453.5,56204,28.497,470.22,273,0.26536
1622,7977.9,56686,29.84,839.73,496.23,0.25711
1624,6244.7,57053,30.865,165.82,119.23,0.16345
1624,8524.6,56808,30.607,1019.1,707.29,0.18059
1625,6081.8,56869,24.971,320.49,163.65,0.32395
1628,6238.6,58254,31.047,612.87,386.22,0.22685
1629,6320.1,58255,37.719,266.28,253.49,0.024609
1629,8009.2,56702,25.969,482.29,388.04,0.10829
1630,7721.4,56476,31.552,781.64,586.15,0.14293
1631,7875.5,56410,26.946,319.52,139.98,0.39074
1632,7132.3,57107,31.674,327.83,131.24,0.42824
1635,6047.9,58345,35.689,307.01,141.56,0.36883
1639,8201.2,57152,38.439,727.54,338.78,0.36458
1643,6085.6,58234,25.209,372.46,116.06,0.52485
1643,7560,57125,35.582,334.39,162.9,0.34484
1645,6930.4,55780,34.44,589.44,520.95,0.06169
1645,7405.2,56417,15.505,741.36,470.08,0.22393
1646,6498.2,55707,24.729,220.73,154.93,0.17514
1646,7271.1,56393,18.509,543.18,317.87,0.26167
1646,7959.1,57266,17.12,417.47,104.51,0.59957
1647,7209,55776,22.934,488.77,258.84,0.30756
1647,7341,56348,16.256,555.22,466.12,0.087245
1648,6579.3,56704,31.56,199.63,184.83,0.038489
1648,7313.9,56370,15.692,473.04,352.9,0.14546
1648,7708,57122,32.227,556.58,326.14,0.26106
1649,6593.8,56575,34.363,390.93,104.64,0.57772
1649,7277.4,57048,37.885,254.09,218.1,0.076218
1649,7370.3,56304,25.721,466.04,210.85,0.37701
1650,7450.2,56328,35.925,337.24,285.23,0.083548
1650,7841.1,57715,16.488,830.81,510.13,0.23914
1651,6820.1,56586,34.849,275.3,108.2,0.43573
1652,7744.6,57688,26.336,241.48,123.79,0.3222
1653,7255.2,57568,31.007,495.24,206.18,0.41211
1653,7672.4,57268,38.07,749.05,511.78,0.18818
1656,7291.5,56521,10.714,860.18,518.76,0.2476
1657,6028,56774,21.543,805.05,371.36,0.36866
1657,7277.3,56627,26.667,305.46,261.38,0.077756
1657,7554.4,57618,31.545,278.21,241.91,0.069787
1658,6963.7,57479,21.926,418.53,246.05,0.25954
1658,7258.4,56470,33.473,296.26,286.07,0.017502
1658,8219.6,57708,37.999,267.1,139.55,0.31365
1659,8576,57297,32.897,829.97,511.43,0.23747
1659,8609.7,57400,24.035,755.09,455.9,0.24706
1660,7787.7,57792,27.24,698.5,374.67,0.30175
1660,8013.1,57780,36.358,776.78,441.12,0.27561
1661,7729.4,57829,30.562,235.72,214.84,0.04634
1661,8403.7,57976,27.936,440.65,386.89,0.064972
1666,6140.6,57009,27.462,441.54,309.78,0.17536
1667,7237.1,55712,30.835,298.23,188.04,0.22662
1667,7415.5,58129,27.301,268.22,124.58,0.36569
1667,8126,57325,26.382,563.65,201.54,0.47322
1668,5906.3,55407,17.83,847.18,395.77,0.36317
1668,7302.4,55668,25.297,477.5,244.31,0.32306
1668,8076.1,57273,24.321,197.86,107.66,0.29525
1669,5899.3,55525,17.796,2049.3,1041.9,0.32591
1669,5956.8,55720,29.757,1822.1,1053,0.26748
1670,7321.8,55811,32.969,354.13,130.49,0.46147
1671,5810.1,55550,25.372,877.87,446.91,0.32531
1671,6218.6,55570,30.52,941.01,476.17,0.32801
1671,8126.7,56722,29.425,657.48,424.95,0.21482
1672,5814.5,55663,28.917,513.47,111.89,0.64217
1672,6257.5,57228,35.074,280.63,201.14,0.16499
1673,7071.4,56482,34.17,465.64,315.7,0.19191
1674,5876.2,55809,28.278,288.64,114.1,0.43339
1674,6697,58177,33.144,601.96,290.49,0.349
1674,7844.4,57643,15.057,613.88,611.21,0.0021735
1675,5935.5,55845,23.128,695.51,300.88,0.39606
1675,7866,58004,34.502,376.47,159.44,0.40498
1676,5862.7,55949,24.746,528.01,249.23,0.35868
1676,8279.1,58073,22.923,532.37,278.28,0.31344
1677,6233.2,56146,29.864,524.75,304.72,0.26527
1677,8329.8,58041,24.926,216.63,204.12,0.029721
1678,8166.9,56158,34.392,344.57,254.12,0.15109
1679,5883.8,55892,28.542,563.11,593.22,-0.026043
1679,7536.6,56650,28.276,348.34,287.76,0.095242
1679,8262,58309,29.794,664.35,386.29,0.26465
1681,7031,56779,24.764,452.18,277.26,0.2398
1681,7732.4,57116,31.811,227.03,161.14,0.16975
1682,5865.3,55563,17.732,705.85,257.58,0.46529
1682,8395,57951,36.937,206.71,221.34,-0.034176
1683,5966.4,55554,14.633,919.83,269.5,0.5468
1683,7590,55850,21.889,550.77,284.25,0.31919
1684,5784.1,55478,19.038,616.84,156.55,0.59517
1684,7666.6,55834,20.127,416.71,239.6,0.26986
1684,8397,58335,31.989,301.91,340.68,-0.060341
1685,5733.4,55432,20.538,533.73,359.43,0.19515
1685,7657.9,55872,23.855,334.32,178.87,0.30289
1686,5674.1,55584,17.807,844.22,331.7,0.43585
1686,7278,56630,20.67,604.7,417.52,0.18311
1687,7182.6,56671,25.191,417.5,197.58,0.35754
1688,5685.7,55656,18.521,310.71,207.45,0.19929
1688,7227.1,56610,18.176,409.13,441.74,-0.038322
1689,7342.5,56608,22.816,672.74,525.96,0.12245
1690,5691.4,55771,29.332,413.18,245.11,0.25531
1690,6316.8,56485,38.187,141.68,233.86,-0.24547
1690,8329.1,57472,28.079,466.77,143.18,0.5305
1690,8576.6,55663,19.856,413.76,201.94,0.34403
1693,8649.3,55442,22.737,339.53,268.05,0.11765
1694,6522.5,56200,29.6,659.16,348.77,0.30794
1694,8578.3,55439,30.352,540.58,696.57,-0.12608
1695,8643.7,57761,23.675,888.76,428.7,0.3492
1696,7088.6,58281,34.241,409.74,248.37,0.2452
1696,7526.6,57134,30.844,699.22,429.77,0.23866
1696,8636.4,57675,23.125,625.82,357.8,0.27248
1697,6289.6,55844,25.344,333.41,184,0.28877
1697,8447.7,57190,38.382,789.63,430.78,0.29404
1698,5906.6,57641,30.345,331.5,150.49,0.37555
1698,6646.9,58307,29.124,446.27,285.83,0.21915
1698,7323.2,56639,16.82,566.34,397.57,0.1751
1699,6563.2,58294,23.56,585.7,463.38,0.1166
1699,8646.9,57014,22.562,703.08,654.23,0.035991
1702,8393.1,58136,35.428,249.3,139.62,0.28203
1703,8311.9,57677,35.507,501.06,471.15,0.030765
1706,6757.4,56178,33.902,516.89,185.48,0.47184
1708,6273.8,55881,24.731,252.5,133.83,0.30717
1708,6303,57583,35.905,421.68,298.01,0.17184
1708,7595.7,55890,19.741,485.9,394.82,0.10342
1709,7311.5,55788,20.92,318.8,324.62,-0.0090541
1710,6044.7,55863,38.719,391.75,267.9,0.18775
1710,6577.4,57797,36.261,303.39,278.69,0.042432
1710,7323.3,55785,17.034,531.53,525.34,0.0058524
1710,7379.2,56451,12.514,600.61,518.29,0.073573
1710,8029.5,55877,25.401,664.35,324.33,0.34392
1711,7320.8,56321,25.588,218.72,190.27,0.069538
1711,7543.7,55860,31.514,257.33,140.88,0.29241
1711,8528.5,58339,29.969,407.94,160.23,0.43598
1712,7788.4,57418,31.801,588.18,432.72,0.15227
1713,6806.4,57017,26.832,551.66,450.18,0.10129
1713,7746.7,57056,24.182,430.91,176.25,0.41944
1714,6481.8,56934,23.459,693.32,494.8,0.16709
1714,7375.9,56494,14.622,872.56,526,0.2478
1714,8620.9,56808,37.343,460.23,639.41,-0.16295
1716,8173.2,56853,28.667,658,769.45,-0.078076
1717,7902.3,58389,10.68,752.59,323.79,0.39837
1718,5954,56714,32.41,295.75,222.45,0.14145
1719,8092.6,56668,29.528,686.58,628.51,0.044164
1720,8156.8,57526,27.171,741.99,333.33,0.38003
1720,8271,56308,24.843,711.58,418.48,0.25937
1721,8084.8,57600,19.94,1022.3,388.68,0.44907
1721,8449.8,56048,26.407,602.7,407.63,0.19308
1722,8545.4,56996,32.498,464.18,214.41,0.36807
1723,7895.3,57553,15.702,752.67,345.71,0.37051
1724,7865.5,57586,25.262,748.72,465.52,0.23323
1725,7873.5,57557,24.338,551.19,291.78,0.30773
1725,8318.6,56068,30.507,624.62,378.18,0.24575
1727,5872.8,56324,33.807,200.59,136.25,0.19101
1728,8373,58312,29.996,379.7,209.46,0.28895
1732,7914.6,57697,25.376,370.36,325.44,0.064557
1734,6159.8,56340,16.921,628.66,175.66,0.56321
1735,6380.1,55563,26.048,342.63,121.06,0.47784
1735,8048.4,57916,9.2158,959.59,172.28,0.69558
1736,6262,55673,34.981,341.24,221.17,0.21351
1738,5899.2,56510,31.793,516.09,281.85,0.29357
1738,7668.3,57695,24.985,156.54,182.41,-0.076314
1739,5992.4,56381,22.518,355.12,152.45,0.39931
1739,6539.8,55742,35.458,447.7,185.54,0.41401
1740,5925.8,56282,22.591,323.21,108.26,0.49819
1740,6469.4,55867,44.395,614.87,486.67,0.11638
1740,7447.1,58221,29.498,656.06,370.64,0.278
1740,8082.8,56764,27.657,343.24,178.99,0.31452
1741,5940.3,56443,21.895,515.5,262.61,0.32501
1741,8128.7,56811,28.759,203.05,176.78,0.069153
1743,7675.2,56006,17.166,448.51,380.19,0.082437
1744,7693.6,56003,12.572,617.98,399.38,0.21486
1745,6219.8,55988,37.459,445.59,242.91,0.29437
1745,7069,56386,20.031,1320.6,976.32,0.1499
1745,7689.9,55872,32.546,366.37,310.16,0.083085
1746,6102.7,55555,28.498,343.97,186.32,0.29729
1746,7152.1,55828,23.715,382.16,404.83,-0.028807
1746,8341.4,56934,33.321,424.76,406.35,0.022155
1747,5877.1,57303,36.253,244.27,108.52,0.38481
1747,6743.4,57608,32.04,571.56,442.72,0.12703
1747,7179.8,55850,17.54,423.1,577.42,-0.15424
1747,8617,56425,29.488,672.33,454.54,0.19327
1748,8554.8,56335,21.308,694.07,603.03,0.070187
1749,6760,56296,34.305,543.65,352.03,0.21393
1749,8514.3,56445,25.468,529.44,564.14,-0.031739
1750,7156.9,56334,28.34,1056.6,641.45,0.24449
1750,7186,58320,29.779,411.49,140.85,0.48999
1750,7681,57266,27.977,307.94,249.77,0.1043
1751,7780.4,57287,24.251,450.44,230.67,0.32266
1752,7755.6,57262,24.15,547.32,397.39,0.1587
1753,7628.4,58339,32.955,261.59,165.49,0.22501
1754,7979.2,57644,24.516,258.98,105.31,0.42183
1754,8520.7,56156,27.153,686.5,470.8,0.18638
1755,8393.2,56236,24.644,330.35,102.2,0.52745
1756,7255.6,56590,31.772,233.45,154.61,0.20316
1758,6413,57587,31.963,556.22,606.71,-0.043424
1758,6559.6,56886,36.154,488.86,307.95,0.22703
1758,7262.6,57715,25.42,708.39,275.69,0.4397
1758,7526.4,55920,27.1,389.52,216.19,0.28615
1759,6262.1,56569,22.351,883.63,729.49,0.095557
1761,8536.6,56727,23.108,384.48,427.59,-0.053086
1762,6127.7,58038,26.627,406.97,181.66,0.38277
1762,6794.9,57408,30.408,733.94,478.19,0.21099
1763,8608.5,56508,25.983,322.63,319.96,0.0041567
1764,5827.2,55607,19.768,404.2,161.37,0.42937
1764,7487.8,57630,29.375,433.67,278.68,0.21757
1764,8532.8,56564,35.749,258.53,172.92,0.19842
1765,8199.8,56816,40.92,505.69,258.66,0.32319
1766,6170.7,56645,31.602,372.58,383.81,-0.01485
1766,7706.5,55868,33.073,248.27,366.09,-0.19178
1766,8375.8,57124,37.75,676.68,618.97,0.044543
1767,8323.4,57396,33.331,675.38,329.41,0.34432
1767,8419.3,56737,21.991,745.85,714.45,0.0215
1768,6619,56876,26.985,670.81,634.48,0.027828
1768,8182,57612,31.49,801.56,460.28,0.27046
1769,6500.4,55553,30.802,191.02,109.75,0.27019
1769,6755.8,56914,28.709,334.73,351.81,-0.024881
1769,7917.2,55725,34.422,218.25,142.76,0.20912
1770,8136,58241,24.271,349.19,150.5,0.39761
1770,8354.5,56363,31.209,173.26,164.53,0.025833
1771,6404.5,57064,31.089,282.94,127.9,0.37736
1772,7870.7,58374,37.27,670.66,617.27,0.04145
1772,8607.9,56226,26.518,511.95,341.65,0.19952
1773,7005.3,56568,35.32,453.59,371.52,0.099457
1774,6867.1,56218,22.529,1026,475.51,0.36664
1774,8053.6,57287,24.8,558.81,369.17,0.20435
1774,8452.3,56474,32.505,393.12,195.92,0.3348
1775,6900.4,55895,24.79,703.21,374.28,0.30527
1775,7881.3,57515,25.851,636.93,304.43,0.35321
1775,8428.3,56507,32.876,270.91,187.24,0.18261
1776,8563.1,56538,30.298,427.15,341.7,0.11114
1777,8442.6,56610,28.407,247,137.48,0.28485
1778,7203.3,55595,18.175,1288.2,875.69,0.19063
1778,8529.8,56797,32.109,378.4,264.36,0.17742
1781,6893.2,55843,41.552,774.44,713.73,0.040799
1781,7251.8,56555,29.957,399.83,369.73,0.039115
1781,8064.7,57973,39.385,425.45,535.32,-0.11436
1781,8238.9,56172,32.613,358.17,233.63,0.21043
1782,7138.4,55684,32.677,701.93,642.46,0.044234
1782,8085.5,56557,36.948,362.68,556.87,-0.21118
1784,5964.5,57795,26.737,308.8,211.48,0.18704
1784,7310.1,56397,16.17,343.3,171.82,0.33291
1785,7333.6,56367,21.982,286.19,236.67,0.094712
1786,7414.7,56781,32.517,369.59,373.34,-0.0050399
1786,8275.3,55742,32.082,516.76,225.15,0.39306
1787,7468.6,56717,24.944,427.06,160.56,0.45352
1787,8459.8,55549,23.446,459.62,250.86,0.29382
1788,7505.2,56688,39.229,236.34,156.87,0.20211
1789,5766.8,57415,24.46,333.38,122.66,0.46206
1789,5814.1,58021,38.36,285.7,199.38,0.17795
1789,8031.6,55802,36.588,571.59,334.41,0.26179
1789,8458,55615,18.502,954.1,521.75,0.29295
1790,5744.5,57952,27.466,498.32,328.43,0.20549
1791,5838.8,57688,28.676,579.88,280.59,0.34782
1791,7603.5,55871,16.441,620.83,565.26,0.046851
1791,8011.5,57844,33.42,632.29,516.02,0.10126
1792,6730.4,57698,21.611,520.06,211.11,0.42253
1792,7598.9,55865,36.938,154.73,219.59,-0.17327
1792,8158.8,58201,35.049,337.97,168.78,0.33387
1793,6068.2,57805,32.968,196.6,173.31,0.06297
1798,7153.7,56297,26.204,185.87,181.44,0.012067
1799,7717.2,56261,32.596,241.97,138.01,0.27359
1801,7980.7,56124,31.636,533.54,539.38,-0.0054378
1802,5979.5,56253,20.484,907.47,612.16,0.19433
1802,6617.4,57628,32.06,502.72,386.32,0.13093
1803,6141.6,56179,26.267,1247.9,707.49,0.27638
1804,6199.7,56231,23.136,353.12,252.85,0.16547
1804,6227,58023,36.378,485.28,541.43,-0.054688
1805,6280.3,56489,26.017,1030.6,650.36,0.22619
1806,7998.7,57046,31.54,591.24,615.35,-0.019985
1808,6524.5,57314,40.826,555.62,290.47,0.31338
1808,8237.6,57322,31.175,447.77,196.48,0.39005
1809,5797,56331,33.515,376.22,232.15,0.23681
1809,6453,56780,33.891,641.41,470.08,0.15414
1809,7605.7,56462,36.405,825.45,402.94,0.34395
1809,8066,57222,21.825,494.31,222.29,0.3796
1811,7909.4,57352,15.953,761.72,489.9,0.21717
1812,7873.4,57577,26.374,474.41,413.38,0.068744
1813,7779.6,57664,13.294,581.23,455.66,0.1211
1815,7281.5,57203,34.556,281.56,269.07,0.02268
1816,7649.2,57468,22.467,445.04,308.64,0.18098
1817,5689.4,58300,37.82,235.49,249.27,-0.028426
1817,7344,56406,16.128,504.53,326.49,0.21424
1818,7212.6,56572,16.518,484.93,227.7,0.36096
1819,5987.4,58251,34.342,443.25,684.91,-0.21421
1819,7705.8,55818,25.722,643.22,793.74,-0.10475
1819,8633.1,56015,32.364,222.25,108.92,0.34221
1820,6122.7,58226,28.805,307.22,312.9,-0.0091542
1820,7421.2,55641,27.345,501.25,297.75,0.25469
1821,6307,58228,26.129,207.11,122.78,0.25562
1822,6710.7,55667,33.798,250.54,342.56,-0.15516
1822,7522,57486,26.626,476.48,167.83,0.47903
1822,7918.7,55891,18.979,971.54,716.11,0.15135
1823,6523.7,58028,34.276,242.56,448.19,-0.2977
1824,6514.9,57976,28.396,330.18,700.26,-0.35915
1824,8414.2,56019,28.252,676.75,323.66,0.35295
1825,7629.4,55887,35.499,449.22,295.24,0.20684
1825,8401.6,56176,33.944,437.31,294.27,0.19551
1826,7534.1,56064,31.821,322.43,164.03,0.32561
1826,7382.2,58120,33.59,304.15,141.5,0.36498
1827,6258.4,58096,25.285,499.25,554.1,-0.052069
1827,7641.4,55539,37.956,501.14,266.27,0.30606
1827,8078.4,56459,18.149,449.58,426.35,0.026526
1828,8071.7,56526,17.309,602.86,427.57,0.17012
1828,8181.9,55940,35.202,535.65,282.98,0.30866
1828,8283.3,57525,26.33,612.54,208.19,0.49267
1829,6231.3,58081,24.328,917.59,663.81,0.16048
1829,8293.4,56957,28.56,806.8,416.45,0.3191
1830,6184,58084,23.463,499.85,357.07,0.16663
1831,6446.9,58158,36.614,548.57,683.09,-0.10922
1831,8508.7,55593,20.001,527.38,280.23,0.30603
1832,5908.9,55406,30.276,290.6,169.11,0.26428
1832,6460.4,58187,28.434,317.86,407.27,-0.1233
1832,7913.6,56458,31.854,398.36,219.51,0.28946
1833,8147.3,55654,33.413,173.41,139.25,0.10925
1835,7227.7,56676,15.328,659.22,284.67,0.39682
1837,6699.1,55418,26.332,231.32,130.15,0.27987
1837,6972.2,58321,26.764,460.65,114.86,0.60084
1837,7217.9,56427,20.699,358.79,257.83,0.16372
1837,8194.3,58113,24.218,202.56,126.93,0.22952
1838,6959,56031,28.81,373.57,130.1,0.48339
1838,7220.8,56441,18.885,328.49,291.89,0.05899
1839,6812.3,56117,28.667,692.96,354.07,0.32367
1839,6888.1,56662,39.345,518.64,433.1,0.089878
1840,7155.2,56713,31.543,1250.7,768.12,0.23905
1841,6012.4,58091,27.132,750.35,249.78,0.5005
1842,7154.8,56705,19.695,640.6,255.22,0.4302
1842,7257.1,57908,26.482,703.77,498.94,0.17031
1843,7496.1,56474,21.213,1015.2,855.41,0.085422
1844,6518.1,56585,31.214,445.42,243.16,0.29373
1845,6042.8,55418,17.073,778.05,359.43,0.36802
1845,6772,56504,29.491,466.92,287.18,0.23836
1845,7843.4,57524,17.943,588.44,460.4,0.12208
1845,8285.6,57246,37.152,402.2,305.53,0.13659
1846,8146.9,57377,34.98,572.29,566.12,0.0054184
1847,8026.5,57513,23.151,515.05,387.55,0.14126
1848,7375.6,55806,20.56,925.71,642.48,0.18061
1848,8052.3,57580,18.95,960.22,496.85,0.31802
1849,8138.5,57646,27.225,562.42,215.9,0.44521
1850,7143.3,57702,37.079,308.95,180.86,0.26151
1852,6290.3,57076,34.961,518.03,277.98,0.30156
1853,6468.9,56396,28.191,857.04,580.55,0.19233
1853,6550.9,57402,30.304,504.58,327.28,0.21314
1853,8556.4,56966,31.625,371.86,249.3,0.19731
1854,8508.4,57167,29.363,443.42,217.51,0.34181
1855,5946.9,57906,29.654,243.89,224.2,0.042063
1856,5981.5,57974,35.985,364.31,311.17,0.078665
1858,6659.8,56256,22.269,531.07,357.66,0.19512
1858,7924.3,56797,28.502,334.24,168.18,0.33052
1858,8240.8,55620,39.572,713.01,417.98,0.26086
1859,6130.1,56863,34.035,345.16,277.98,0.10781
1859,6497.4,58155,32.316,259.1,236.72,0.045132
1864,6912.6,57196,37.697,559.52,266.79,0.35426
1865,7275.8,57219,26.268,278.62,216.88,0.1246
1865,7880.2,56311,35.954,291.81,241.62,0.094092
1866,6881.8,55732,31.381,166.39,280.23,-0.25489
1866,7356.7,57330,29.203,436.7,377.02,0.073343
1867,5825.7,55895,31.496,376.15,139.11,0.46005
1867,7454.3,56065,30.007,275.04,225.88,0.098145
1868,6851.8,56991,23.128,562.96,429.02,0.13502
1868,7707.3,57192,29.239,451.22,395.89,0.065315
1868,7941.2,55420,33.415,301.38,201.65,0.19827
1868,7941.8,58371,30.859,249.33,138.37,0.28618
1869,7073,55608,28.679,340.24,147.18,0.39609
1869,7580.2,56990,29.884,1091.1,921.15,0.084471
1869,8064.4,58336,36.601,592.57,314.17,0.30703
1870,6944.1,55947,30.62,274.36,154.01,0.28095
1870,8396.4,56686,35.727,515.11,500.26,0.01462
1870,8340.7,58334,25.648,292.09,132.24,0.37673
1871,7145.5,55940,28.931,524.08,217.32,0.41377
1872,7044.9,55985,30.741,486.43,238.46,0.34208
1873,7871.7,55664,30.629,766.48,527.89,0.18433
1874,7722.6,56102,36.34,411.95,165.54,0.4267
1874,7626.3,58288,31.548,209.83,116.18,0.28724
1875,7321.8,55491,31.469,244.76,217.74,0.058421
1876,6844.4,57157,30.218,650,571.62,0.064163
1878,7373.2,56442,9.5729,1669.5,986.64,0.25708
1879,6846.6,55456,35.121,140.82,107.87,0.13251
1879,7215.2,56493,13.546,1239.1,959.09,0.1274
1880,7266.5,56405,9.3424,1238.9,875.25,0.17202
1881,7406.2,55601,27.56,613.35,302.07,0.34004
1882,6738.6,57528,35.759,317.14,105.96,0.49912
1883,7294.2,56485,15.791,504.17,245.68,0.34473
1884,6189.3,56229,34.015,503.81,243.81,0.34776
1885,7300.7,56807,31.711,260.68,242.16,0.036847
1887,5929.9,55470,32.881,563.03,303.69,0.29922
1887,8078.6,56631,30.851,799.41,401.04,0.33185
1888,5934.4,55518,27.18,789.69,343.17,0.39415
1888,7559.2,57867,32.977,618.48,424.05,0.1865
1888,8230.5,56623,23.665,793.71,439.36,0.28737
1889,7593.8,57693,23.469,757.18,627.62,0.093558
1890,6188.1,55523,17.545,1558.4,934.25,0.2504
1891,5682.6,55661,34.687,785.05,763.95,0.013618
1891,7861.2,58115,32.845,593.78,364.04,0.23985
1892,5935.9,55430,37.383,486.4,169.06,0.48414
1892,6214.2,55964,34.02,858.97,1235.7,-0.17986
1892,7727.7,57728,21.194,450.42,257.03,0.27336
1893,6429.5,56490,27.874,529.81,260.71,0.34041
1893,7270.1,56381,30.638,229.46,149.54,0.21088
1893,7286.8,58110,33.226,414.07,292.47,0.1721
1893,8535.7,58239,33.038,625,149.66,0.61361
1894,6448.9,55619,29.452,107.17,242.2,-0.38651
1897,7273.3,57857,27.551,913.84,426.22,0.36389
1899,7332,57574,26.271,560.93,176.88,0.52053
1899,7667.5,57722,32.697,729.34,219.23,0.53776
1899,8266.2,56463,30.138,386.55,193.35,0.33317
1899,8629.1,55477,29.697,844.74,689.98,0.10084
1900,6886.1,57913,31.793,285.83,121.46,0.40357
1900,8119.3,57794,33.476,691.55,346.44,0.33248
1900,8276.7,56282,34.491,352.84,179.53,0.32555
1900,8334.6,57811,33.211,700.16,446.82,0.22088
1901,7827.9,57599,24.912,465,402.75,0.071732
1901,8445.2,58065,34.243,339.19,253.67,0.14425
1902,6947.3,57377,33.809,248.67,224.73,0.05056
1903,6490.9,55697,26.373,356.51,184.99,0.31676
1903,6772.5,57463,29.929,511.99,250.99,0.34208
1903,7801.4,57532,35.056,602.43,430.61,0.16632
1904,6350,55872,21.125,721.72,414.34,0.27057
1904,7908.5,57560,13.015,765.95,344.69,0.37929
1905,7829.7,57746,28.205,238.92,201.75,0.084349
1905,8131.3,56557,26.426,898.04,704.35,0.12088
1906,6094.6,57780,40.712,476.04,581.3,-0.099547
1906,6922.1,58190,29.898,381.79,193.68,0.32689
1906,8173.7,56644,29.197,623.1,476.14,0.13369
1907,7085.6,58155,23.319,491.68,192.11,0.4381
1907,7669.4,55838,28.039,349.31,299.2,0.077269
1908,5730.8,57958,28.256,223.94,158.49,0.17115
1908,5836.7,55394,32.487,520.75,491.74,0.028656
1908,7364.5,58100,22.942,503.04,131.16,0.58638
1908,8020.1,56995,19.936,555.13,355.05,0.21982
1908,8076.3,56425,21.768,573.89,372.85,0.21234
1909,7181.8,56866,29.039,796.56,576.44,0.16032
1909,8170.3,56382,28.006,575.4,264.27,0.37055
1910,5979.6,56708,27.951,300.54,137.59,0.37192
1910,8580.4,57773,26.793,448.67,438.81,0.011109
1911,7139.7,56961,20.289,276.36,145.93,0.30887
1911,7217.9,55402,37.473,257.37,246.44,0.02171
1912,7144,56927,15.836,390,149.53,0.44569
1912,8368.3,56879,28.796,175.88,104.32,0.25539
1912,8634.9,57707,23.929,620.84,311.25,0.33214
1913,5718.7,58302,18.066,752.45,526.95,0.17625
1913,7769.9,58276,25.916,386.54,223.02,0.26825
1913,7866.3,56382,24.233,444.84,135.46,0.53314
1914,6229.9,57040,31.302,215.72,127.44,0.25725
1914,7025.4,55726,32.27,715.81,773.13,-0.038495
1914,7146.4,56934,20.855,380.64,222.77,0.26163
1914,7124.8,55727,32.974,661.41,627.4,0.026382
1914,8600.4,56170,36.266,356.56,171.03,0.35165
1915,7138.7,56970,14.677,369.52,213.77,0.26703
1916,6523.4,58142,29.29,324.2,353.69,-0.043498
1916,7134.4,56955,21.989,486.3,189.75,0.43864
1916,7304.1,56508,23.064,677.32,195.43,0.55215
1917,7128.5,56938,15.994,443.44,113.81,0.59153
1919,7139.9,56962,26.42,254.51,102.94,0.42402
1920,7097.8,57062,23.501,563.68,168.41,0.53993
1920,8332.1,56692,35.297,479.5,415.66,0.07131
1921,7950.1,58377,36.283,347.29,318.18,0.043744
1921,8384.7,56580,20.735,735.01,515.34,0.17568
1922,5975,56727,31.495,249.78,209.34,0.088085
1923,7396.8,57227,43.375,754.26,330.65,0.39046
1923,8019.9,56460,20.078,496.17,501.86,-0.0057026
1924,7800.2,57472,30.526,575.07,544.77,0.027056
1925,5735.6,56414,32.577,588.25,477.93,0.10348
1925,7098.3,56911,22.743,408.63,226.33,0.2871
1925,7235.1,57819,29.42,183,114.83,0.22891
1925,7386.3,55555,33.65,529.28,545.58,-0.015163
1925,8317.2,57154,25.312,686.11,346.64,0.32871
1926,7189.7,56944,17.649,228.5,121.45,0.30589
1928,6076.3,55838,29.336,397.7,197.86,0.33554
1928,8406.2,55865,25.733,547.61,484.49,0.061158
1929,6331.9,55673,29.743,665.63,479.46,0.16258
1930,7923.7,55925,31.71,411.91,170.81,0.41376
1931,7160.7,56912,15.237,314.67,154.94,0.34014
1931,7221.9,58333,19.429,624.7,317.13,0.32657
1931,7725.1,55940,32.675,561.25,437.74,0.12363
1932,8101.3,58185,32.581,374.26,172.66,0.3686
1933,6996.3,56762,33.612,472.33,272.46,0.26836
1935,7307.4,57648,23.251,780.34,729.63,0.033585
1936,7194.9,57305,29.11,546.53,272.87,0.33397
1937,8600.9,57711,19.001,970.57,602.13,0.23427
1938,7550.3,58247,34.774,702.81,412.52,0.26027
1939,8536.7,55523,33.929,470.79,435.64,0.03878
1940,7448.3,56714,21.644,630.91,380.76,0.24727
1940,8292.7,55479,28.114,153.96,187.15,-0.097319
1941,7164.3,56900,31.779,259.93,192.01,0.15029
1941,7560,56503,16.514,616.55,288.34,0.3627
1941,8615.2,55455,27.085,289.2,239.51,0.093975
1943,7041.4,57128,27.147,522.55,124.23,0.61586
1944,7070.2,57072,23.084,959.46,555.24,0.26687
1945,5938.4,56070,31.641,562.32,224.13,0.43002
1950,8336.8,58326,29.016,493.56,233.6,0.3575
1950,8597.3,55406,30.485,186.09,187.19,-0.0029452
1951,5709.5,56554,32.309,209.35,105.13,0.3314
1951,7077.1,56938,26.554,268.03,215,0.10977
1952,5777.9,56422,27.493,366.32,227.81,0.23313
1952,7042.3,56883,31.223,263.65,272.17,-0.015897
1952,8269.2,55983,18.28,644.19,322.87,0.33227
1953,8265.2,55925,26.047,619.59,336.53,0.29605
1954,5789.5,55637,28.738,347.59,179.06,0.32001
1954,7848.4,56824,28.672,535.01,291.29,0.29496
1955,6392.2,56678,28.019,413.63,314.85,0.1356
1955,7758.5,57017,23.72,784.5,707.29,0.051754
1955,8110.2,56428,29.779,778.86,504.56,0.21372
1956,8285,56350,23.433,860.06,271.92,0.51956
1957,7344.5,56463,16.102,302.05,227.04,0.14178
1957,8313.9,56233,24.715,418.98,213.34,0.32521
1958,7252.3,56651,10.92,711.49,303.23,0.40234
1959,7246.7,56499,14.613,1048.5,498.84,0.35524
1959,8437.4,56706,28.031,455.91,399.21,0.066308
1960,6814.9,57583,35.027,406,350.57,0.073265
1960,7321.8,56452,22.659,335.19,274.64,0.099304
1961,6983.1,57753,29.218,398.71,348.77,0.066821
1961,7401.6,58199,21.879,361.76,197.59,0.2935
1962,7478.5,58249,22.9,298.63,182.86,0.24044
1963,6748.8,57254,33.59,286.55,164.03,0.27192
1963,7795,57564,18.435,341.29,100.89,0.54368
1964,6962.8,57063,33.27,424.9,180.1,0.40462
1964,7558.3,57564,33.005,584.31,283.25,0.34702
1965,7384.7,57739,27.484,437.19,268.76,0.23858
1967,7801,55855,21.909,578.51,360.73,0.23187
1968,7656.4,55935,29.293,414.26,228.54,0.28892
1969,6508,57669,37.332,345.82,269.79,0.12351
1970,7432,58187,23.373,219.79,173.58,0.11747
1971,7043.8,55797,37.152,479.88,279.04,0.26464
1971,7307.7,56547,11.067,1098.4,670.13,0.24218
1971,7419.1,58216,15.612,572,384.73,0.19575
1971,8048.1,56516,30.343,395.94,190.14,0.35116
1972,7225.3,56583,12.731,1276.1,572.6,0.38053
1973,6226.7,56386,35.145,345.74,235.56,0.18953
1973,7288.9,56496,13.879,1070.4,1015.2,0.026493
1974,6021.7,56140,30.782,707.28,511.47,0.16066
1974,6040.4,58315,35.248,443.86,333.93,0.14134
1974,7172.7,56451,15.822,777.5,499.69,0.21752
1975,6247.2,57660,32.015,696.22,480.1,0.18373
1976,6120.8,56227,30.99,236.51,209.7,0.06009
1976,7172.6,56409,28.344,289.17,393.93,-0.15335
1977,6002.4,56237,26.518,354.58,140.03,0.43376
1977,6369.1,56697,26.395,425.77,161.18,0.45079
1977,7985.3,57574,17.906,944.66,656.73,0.1798
1977,8478.7,56160,35.299,364.57,157.26,0.39728
1978,6106.3,56328,35.257,421.24,227.37,0.2989
1978,7637.1,56827,21.921,741.93,486.47,0.20796
1978,8239.1,57949,27.163,975.29,480.21,0.34014
1979,7824.8,57785,28.198,1256.5,888.68,0.17146
1980,7768.9,57765,18.998,936.66,502.5,0.30167
1981,7712.6,57708,14.981,612.37,309.49,0.32856
1981,8606.5,56902,35.469,273.23,227.71,0.090868
1982,7466.7,57733,23.851,1191.8,646.34,0.29675
1983,7277.5,57703,26.848,300.85,316.79,-0.025801
1984,6664.7,56129,29.022,348.48,173.59,0.335
1985,7356,58254,19.018,688.13,216.89,0.5207
1985,7496.1,56036,22.115,228.37,352.76,-0.21404
1985,8159.6,57632,33.692,312.41,252.65,0.10576
1986,6893.5,56011,25.555,672.48,304.45,0.37672
1986,7323.8,58304,21.446,305.6,214.34,0.17552
1986,7463,56067,15.33,495.75,539.13,-0.041913
1988,8407.6,58291,40.003,471.18,329.17,0.17745
1989,6117.4,57344,30.577,212.9,143.27,0.19549
1989,7610.4,57773,31.895,396.18,227.54,0.27038
1990,7616.1,57962,36.84,227.24,111.41,0.34205
1991,6063.3,56073,22.514,497.98,241.94,0.34604
1991,6384.8,56942,26.766,429.53,219.92,0.32274
1991,7843.7,57449,32.996,295.9,254.59,0.075037
1992,6509.3,55415,26.796,414.36,316.48,0.13392
1992,7312.5,58354,32.628,457.11,433.1,0.02697
1993,8535.2,56825,29.597,347.81,166.94,0.35137
1994,6239.9,56923,29.929,264.41,149.4,0.27793
1995,7208.6,55774,33.462,197.81,163.73,0.094277
1996,6512.3,55783,26.175,422.23,390.11,0.03954
1996,8031.9,56827,29.059,182.55,140.7,0.12946
1997,6657.9,55626,31.363,484.12,232.7,0.35075
1998,7491.5,57496,31.058,479.5,160.52,0.49839
1998,8397.8,57557,29.895,549.3,515.03,0.0322
2000,6590.3,56810,30.09,508.46,120.55,0.61669
2000,8148,57727,27.374,451.4,347.94,0.12943
2001,8346.4,57591,30.144,726.84,474.2,0.21035
2002,6574.3,55428,28.602,625.34,440.15,0.17381
2005,7834.2,58333,21.358,367.07,213.14,0.26529
2006,7563.8,57750,28.084,386.22,302.24,0.12198
2007,7361.2,56412,24.075,378.29,307.36,0.10345
2008,7317.9,56526,19.018,418.39,269.81,0.21589
2008,8390.9,56575,24.425,410.03,195.38,0.35456
2009,5993.1,58020,28.368,421.78,246.42,0.26245
2009,6527.3,58342,37.062,415.83,414.4,0.001719
2009,7175.4,56613,21.508,507.21,411.66,0.10399
2009,8450.8,56684,26.625,568.68,292.92,0.32005
2010,7215.5,55623,22.947,667.26,203.98,0.53174
2010,7291.7,56393,21.929,624.33,433.33,0.18058
2010,8662.8,55588,28.06,325.06,295.44,0.047729
2011,7205.6,56256,24.898,916.61,595.02,0.21274
2011,7231.6,55676,14.991,1006.1,488.1,0.34667
2012,6065.2,57090,33.057,401.07,210.66,0.31125
2013,8485.5,56040,32.91,269.62,234.73,0.069172
2014,6323.7,57273,36.634,293.4,146.19,0.33489
2016,7243.1,56050,28.831,514.26,535.65,-0.020375
2017,7198.2,56226,29.394,145.14,157.23,-0.039984
2017,8027.9,56414,21.347,967.87,597.37,0.2367
2017,8110.8,55799,31.929,650.92,221.87,0.49159
2018,8331.1,55664,28.884,263.75,111.07,0.40733
2019,6194.7,57646,35.137,272.81,174.83,0.21886
2019,7793.2,56615,29.985,303.35,437.07,-0.18061
2021,7707.3,58111,36.233,501.52,416.01,0.093202
2021,8107.2,57042,26.039,405.81,245.25,0.24662
2022,7893.8,57181,29.31,484.36,212.02,0.39107
2023,7520.4,58264,29.916,441.55,336.55,0.13494
2023,8352.5,55871,31.441,207.8,249.9,-0.09199
2024,8376.9,56039,26.528,1322.9,285.86,0.64461
2025,7256.5,55692,20.589,598.7,812.17,-0.15131
2025,7835.5,56729,28.187,742.08,514.68,0.18094
2026,6453,57775,31.702,424.38,593.04,-0.16578
2026,7267.9,55681,16.049,375.12,288.82,0.12998
2026,7732.3,56924,16.584,637.84,272.22,0.40175
2026,8342.8,55471,29.104,403.37,416.79,-0.016354
2027,6389.6,57794,26.583,592.94,573.44,0.016714
2027,6688,57825,26.796,703.89,530.25,0.14069
2027,7723,56914,19.067,967.92,633.68,0.2087
2028,6419.5,57700,33.079,596.7,634.1,-0.030384
2028,6629.9,57784,36.548,698.91,667.52,0.022972
2028,7728.6,56930,29.878,266.16,308.29,-0.073344
2029,6383.2,57756,22.442,366.8,358.59,0.011324
2029,8214.8,58263,23.154,491.33,236.31,0.35047
2030,6380,57752,22.589,501.35,619.34,-0.10528
2030,7796.6,57660,14.036,494.55,474.16,0.021043
2031,6767.9,57833,23.311,1307.4,806.24,0.23712
2031,7660.4,57851,27.073,481.66,185.88,0.44308
2033,6999.4,57938,20.524,519.28,328.71,0.22474
2033,7628.4,57715,24.464,279.37,148.4,0.30616
2034,5772.7,55515,30.839,904.11,304.69,0.49588
2035,8346.7,58376,35.483,338.43,128.96,0.44816
2036,7421.5,57602,28.92,363.01,410.17,-0.060993
2036,7597.5,56090,27.249,283.41,118.79,0.40929
2037,7384.6,57625,22.593,647.38,103.32,0.72474
2041,6323.7,55501,26.645,950.69,495.15,0.31507
2041,6674.2,56160,24.925,635.97,373.2,0.26037
2041,7761.2,55406,36.458,630.04,284.86,0.37729
2042,6059.3,55524,41.365,836.24,631.4,0.13957
2042,6721,56046,26.551,544.71,313.85,0.2689
2043,5986.4,56140,34.387,300.24,286.2,0.023933
2043,7020,56171,19.696,554.35,373.89,0.19442
2043,8572.9,55433,21.532,1287.8,566.86,0.38872
2044,5706.6,55471,26.042,417.49,144.12,0.48677
2044,7098.3,56780,26.029,377.11,195.02,0.31828
2044,8109.6,55767,34.192,710.37,638.34,0.053407
2044,8408.5,57721,25.053,890.2,673.29,0.13873
2045,5950.1,58240,28.642,254.63,147.4,0.2667
2045,8612.1,57450,26.691,437.99,284.64,0.21221
2046,6871.1,57943,35.829,190.72,120.72,0.22475
2048,7855.8,57457,14.671,1017.4,596.88,0.2605
2049,6375.7,57069,33.203,654.89,753.29,-0.069878
2049,7029.1,57102,30.536,444.1,211.78,0.3542
2050,7433.1,58298,32.954,312.89,457.25,-0.18745
2053,7800,55739,29.114,349.45,126.56,0.46826
2054,7959.5,57673,34.273,351.48,479.66,-0.15422
2055,7684.3,57774,33.241,427.11,343.5,0.1085
2055,8402.3,56838,29.287,921.95,530.32,0.26967
2056,5773.9,55599,27.917,451.17,173.44,0.44465
2056,6706,56209,20.702,393.82,135.25,0.48872
2056,7728.3,57695,12.257,553.05,355.42,0.21754
2057,5708,55632,26.453,757,544.63,0.16316
2057,6642.6,56056,18.724,1214.4,684.13,0.2793
2057,7197.2,56620,33.657,329.31,149.06,0.37679
2057,7440.1,57822,39.859,565.85,420.68,0.14715
2058,5732.5,55787,22.072,827.44,369.88,0.38216
2058,6720.6,56009,20.925,1021.8,528.45,0.31826
2058,7209.6,56590,11.294,621.7,234.54,0.45216
2059,5886.8,58130,27.989,722.23,260.27,0.4702
2059,6969.1,55975,27.641,300.35,183.33,0.24193
2060,5672.8,56431,31.241,466.05,402.9,0.072674
2062,6562.8,55779,32.989,699.62,360.4,0.32001
2063,8639.7,57942,31.761,444.69,209.69,0.35912
2066,7061.2,55678,31.543,401.58,353.98,0.063005
2070,7752.8,57205,33.457,822.95,522.59,0.22323
2070,8128.3,56336,31.893,426.76,260.95,0.24111
2071,6375.5,57433,27.555,209.71,363.99,-0.26892
2071,7576.4,58178,29.795,583.92,232.3,0.43079
2072,7641.2,57710,10.21,869.3,392.07,0.37834
2073,6189.6,57245,36.593,618.53,478.11,0.12804
2073,6955.8,57076,31.268,502.82,233.75,0.3653
2073,8103.2,55576,25.99,562.42,425.7,0.13836
2074,8597,57917,20.224,496.6,247.85,0.33414
2075,8435.1,58002,19.026,664.79,410.78,0.23616
2078,8036.2,55969,28.194,373.72,139.25,0.45708
2081,8504.9,58224,32.621,442.71,225.4,0.32526
2081,8633.5,55488,25.25,432.14,289.65,0.19742
2082,8475.1,58076,25.73,380.04,260.02,0.18752
2082,8648,55641,28.388,297.24,272.29,0.043801
2083,5730.6,56518,34.449,725.08,445.68,0.23865
2083,8550,58159,30.586,421.2,119.86,0.55694
2085,8260.9,57397,29.748,469.59,209.25,0.38351
2086,8150.2,57510,23.31,587.64,327.49,0.28427
2087,7987.4,55444,30.373,244.75,197.29,0.10737
2087,8472.2,57446,31.456,410,303.96,0.14852
2088,6249.9,56683,26.283,346.06,152.97,0.38692
2088,7285.9,55433,20.947,673.51,372.47,0.28781
2088,8038.2,55532,28.21,314.41,211.34,0.19605
2088,8365.8,57816,17.633,777.16,365.06,0.36079
2089,6963,55490,32.02,365.01,169.75,0.36512
2090,7461,58197,24.524,352.97,126.65,0.47186
2091,7495.9,58285,34.311,241.29,179.3,0.14739
2093,6168.3,57084,26.585,485.78,170.38,0.48068
2093,7280,58142,28.946,490.22,313.03,0.22059
2093,7346.2,57509,32.904,311.01,113.89,0.46393
2098,6305,58283,26.437,931.13,419.17,0.37914
2099,6395,58028,30.757,237.1,167.69,0.17148
2100,8488.2,55506,26.828,415.33,201.65,0.34632
2101,7378.5,56498,17.701,646.56,411.02,0.22271
2102,7029.5,58310,25.121,694.73,408.25,0.25973
2102,7240.1,56583,16.45,548.06,285.07,0.31567
2103,6241.7,55702,30.697,272.12,230.78,0.082196
2103,7253.3,56582,17.082,409.84,302.43,0.1508
2103,8527.2,58247,21.092,1234.1,616.11,0.33403
2104,6677.6,56454,36.499,453.55,249.61,0.29004
2104,6726.8,55922,29.794,471.34,199.89,0.4044
2104,7572.2,56115,32.054,361.9,154.44,0.40177
2105,6876.8,56009,31.938,452.97,317.23,0.17625
2105,8339.6,57169,29.921,644.62,561.54,0.068877
2106,8297.5,57237,33.5,663.71,508.59,0.13232
2107,6378.1,57520,32.961,356.8,209.01,0.26119
2107,8156.5,57063,28.342,218.82,124.66,0.27411
2108,8152.5,57022,26.243,384.31,110.31,0.55395
2108,8666.9,57841,44.244,607.11,256.42,0.40611
2110,7970.3,57111,34.819,444.17,301.69,0.19103
2112,7669.8,57690,18.747,232.55,153.52,0.20469
2112,8653.5,56241,31.334,212.59,160.54,0.13951
2113,7631.4,56733,27.197,838.97,677.29,0.10663
2113,7773.6,57710,35.391,316.51,224.19,0.17074
2114,6928.5,56133,19.883,1034.8,504.4,0.3446
2114,7975.5,58061,34.303,444.44,306.94,0.18299
2115,6135.8,57021,32.183,505.54,253.61,0.33186
2115,6363.4,55528,25.139,787.48,379.89,0.34916
2115,6831,56042,25.791,1095.1,319.55,0.54824
2115,8400.8,57944,31.63,411,407.22,0.0046221
2116,6881.1,55962,29.315,474.22,219.46,0.36725
2117,6467.7,56564,26.719,685.45,323.41,0.35886
2118,6474.7,56389,22.825,1787.1,1028.2,0.26956
2118,7086.2,55851,18.484,1574.3,1274.4,0.10527
2119,6175.8,57124,27.343,450.63,204.77,0.37513
2119,6896.3,55915,25.492,838.15,292.82,0.48219
2119,7040.3,57386,24.16,676.84,273.81,0.42395
2119,7585.7,56926,29.151,549.43,179.74,0.507
2120,6612.8,56009,17.151,751.92,192.36,0.59258
2126,6369,56766,29.864,490.28,397.02,0.1051
2128,6342.4,55406,30.493,290.23,274.31,0.028211
2130,7641.7,58310,24.672,797.79,684.38,0.076513
2130,7978,56330,27.492,819.61,525.65,0.21851
2131,7847.3,56641,25.866,522.25,498.33,0.023439
2131,8580,56989,33.673,429.17,549.92,-0.12333
2133,5684.4,57970,36.518,417.71,144.8,0.48517
2133,6403.6,56357,24.147,565.69,175.63,0.52617
2134,6454.2,56200,17.916,990.3,369.3,0.45676
2135,8634.8,56191,24.543,290.81,125.15,0.39828
2137,5813.4,55760,32.737,441.21,391.31,0.059949
2141,7698.9,57818,34.561,405.45,217.02,0.3027
2142,5808.5,56239,35.142,514.54,564.47,-0.046274
2142,5867,58282,24.209,307.66,208.2,0.19279
2142,7099.9,57830,35,315,481.25,-0.20879
2143,6095.3,55663,12.833,776.98,180.34,0.62324
2143,7785.7,57729,33.786,382.25,184.9,0.34797
2144,6114.9,55647,9.1361,1196.4,299.21,0.59988
2145,5906.1,57329,28.741,893.28,543.35,0.24357
2145,6130.2,55625,8.8283,1457.7,289.2,0.6689
2145,6950.3,58046,22.735,410.86,135.63,0.50364
2145,8504,56569,28.643,384.46,231.98,0.24736
2147,5913.7,56110,17.649,625.18,321.56,0.32071
2147,7835.1,57678,17.989,515.16,144.19,0.56263
2147,8452.6,56633,27.071,880.45,652.5,0.1487
2148,6881.2,57159,29.593,619.95,412.21,0.20126
2148,7833.3,57552,15.23,713.86,397.71,0.28442
2149,6447.7,57472,29.907,119.93,328.58,-0.4652
2151,6316.7,57496,26.615,156.45,285.16,-0.29146
2151,6595.5,56599,28.45,402.8,312.09,0.12688
2151,7401.6,58299,20.468,734.2,425.73,0.26594
2152,6819.6,56821,27.27,441.26,255.97,0.26576
2153,6755.6,57157,26.223,552.4,1115.3,-0.33751
2153,8075.8,56654,21.023,757.4,533.95,0.17304
2154,7788.5,57169,21.832,580.54,184.47,0.51773
2155,7687.2,57165,33.132,652.08,560.03,0.075942
2156,6123.5,55528,33.561,252.96,372.65,-0.19133
2157,5861,55393,24.627,321.74,254.98,0.11577
2157,7766.3,57716,24.309,276.42,156.61,0.27667
2157,8506.7,57030,36.205,247.28,155,0.2294
2158,6113.3,55436,29.874,239.65,285.86,-0.087929
2158,6792.5,56564,21.922,651.45,677.97,-0.01995
2161,6081.7,58128,27.162,395.07,117.76,0.54074
2162,6422.5,56676,35.883,489.14,137.09,0.56218
2162,7703.9,57081,28.68,815.09,759.28,0.035452
2163,5820.2,55454,35.297,264.61,201.79,0.1347
2164,7269.9,56550,20.807,253.55,237.07,0.03358
2166,6354.6,58385,27.956,207.82,148.43,0.16673
2168,7269.4,56604,26.912,420.63,396.27,0.029825
2169,6512.4,56942,33.471,288.25,408.55,-0.17265
2171,5894.7,57771,30.854,764.9,461.15,0.24775
2171,5915.7,57831,27.512,951.95,627.52,0.20541
2173,6102.1,58279,18.992,570.78,218.9,0.4456
2174,5898.5,58381,27.46,577.14,342.91,0.25459
2174,5942.3,57323,25.106,245.1,131.07,0.30315
2174,7548.8,57683,39.707,148.78,183.41,-0.10425
2175,7742.4,57820,25.987,331.35,220.53,0.20081
2178,6168.7,56486,14.285,578.87,603.07,-0.020473
2178,8154.6,58312,37.336,418.94,385,0.042215
2179,6154.1,56514,23.26,760.01,644.67,0.082115
2184,6077.6,57185,33.223,484.84,110,0.63015
2186,7852.8,55878,31.979,517.55,505.59,0.011695
2189,8437.8,56511,27.94,608.69,422.29,0.1808
2190,8621.9,56331,23.55,1197.7,316.32,0.58215
2192,5983.9,55757,31.503,556.63,388.92,0.17737
2193,6084.4,55741,28.47,616.77,194.86,0.51984
2193,8504.7,56468,26.132,423.32,182.13,0.39837
2194,5767.5,56306,23.793,570.4,324.99,0.27408
2194,6542.4,57631,29.853,301.81,145.3,0.35004
2195,5842.3,55647,33.334,369.53,265.82,0.16324
2195,7085.5,56910,34.682,398.92,522.95,-0.13454
2196,5854.8,55562,19.381,326.67,211.56,0.21387
2196,7453.1,57354,24.37,259.55,103.27,0.43073
2197,7458.1,58233,15.796,374.4,220.67,0.25834
2197,7516.5,57627,24.138,380.64,227.22,0.25239
2198,6499.2,55836,36.075,303.91,340.73,-0.057111
2198,8605.1,56863,29.844,358.99,194.14,0.29804
2199,6561.5,56282,28.237,609.06,483.84,0.11458
2199,7978.3,56576,31.482,651.53,331.92,0.32499
2200,6951.5,56567,27.209,418.81,299.95,0.16536
2200,7820.1,56599,19.439,475.2,267.61,0.27947
2201,8149.4,56386,24.833,445.58,262.12,0.25923
2202,8233.4,57653,22.955,776.35,320.99,0.41497
2203,8267.2,57521,27.035,668.76,540.51,0.10606
2205,7320.3,56760,27.816,617.67,370.79,0.24975
2206,7766.1,57776,35.778,176.02,190.84,-0.040415
2207,8594.5,57546,28.457,755.22,497.58,0.20566
2207,8517.3,57847,27.062,798.64,643.49,0.10759
2208,8494.9,56070,33.856,234.32,174.86,0.1453
2209,6326.1,58057,32.946,763.2,384.2,0.33031
2209,6605.6,56325,30.896,672.75,450.83,0.19752
2209,7339.3,56842,33.377,315.5,208.16,0.20499
2209,7907.5,57525,12.656,807.56,407.05,0.32975
2210,6343.6,57737,31.121,446.12,194.59,0.39257
2210,7802.7,57626,20.243,548.39,217.13,0.43274
2211,7980.1,55447,15.577,365.76,311.71,0.079784
2212,8030.6,55474,20.205,491.75,385.41,0.12122
2213,6845.5,57194,32.524,230.24,155.41,0.19403
2214,6285.4,55476,37.512,272.25,135.7,0.33471
2215,6214.8,55704,32.075,333.34,110.35,0.50259
2216,5876.3,57839,29.565,367.75,195.38,0.3061
2216,7359.4,55747,19.225,612.67,198.25,0.51104
2217,7372.3,55671,31.795,427.12,387.98,0.048024
2218,7064.3,56002,32.131,198.3,121.31,0.24086
2219,8565.9,57555,36.862,512.04,304.5,0.25417
2220,6256.9,55404,27.017,276.39,296.89,-0.035764
2223,7190,55783,11.83,541.69,507.68,0.03241
2224,5863.2,56769,16.925,432.38,372.24,0.074734
2225,5899.5,56829,18.419,460.96,540.47,-0.079397
2229,5833.5,57938,31.37,830.6,485.59,0.26213
2230,5826.6,57920,22.633,838.22,327.48,0.43814
2230,6415.7,56058,26.401,407.51,224.61,0.28933
2231,6386.8,57589,33.702,450.63,244.25,0.29701
2231,7483.1,57342,37.404,256.64,180.18,0.17503
2234,7241.4,55669,18.322,414.7,442.13,-0.032014
2234,8512.9,56624,31.85,207.32,191.22,0.040385
2234,8436.5,57594,28.135,639.2,376.79,0.25828
2235,6703.6,57658,29.882,451.95,268.41,0.25479
2235,7006.5,55417,36.002,245.76,203.59,0.093854
2239,6602.8,56146,18.554,291.09,174.65,0.24999
2241,6724,56292,28.266,423.55,267.96,0.22501
2241,8361,58053,32.118,416.42,139.63,0.49778
2241,8478.5,57060,31.322,477.4,371.25,0.12508
2242,6475.3,57251,21.05,1108,419.42,0.45082
2242,6715.9,56329,29.433,519.18,528.02,-0.0084466
2242,6571.7,58321,34.489,255.96,170.23,0.20116
2242,7327,56763,33.756,524.4,468.2,0.056618
2242,8601.5,57765,32.322,568.83,216.58,0.44849
2243,6388.3,57272,25.868,420.9,151.99,0.46939
2243,7630.4,56731,20.634,1004.8,547.99,0.29418
2243,8564.1,56749,24.295,489.86,304.47,0.2334
2244,6689.8,58372,29.775,222.5,228.13,-0.012487
2244,6718.6,56221,33.565,366.56,158.7,0.39573
2244,7409.3,58300,29.41,620.53,229.75,0.45958
2245,6542.8,56943,26.676,758.08,510.2,0.19544
2245,6981.7,56411,35.199,892.35,598.74,0.19691
2246,5739.5,56575,34.887,365.62,290.64,0.11427
2246,5942.5,58217,34.808,444.46,442.14,0.0026231
2246,6842.4,56475,25.418,466.29,217.24,0.36437
2246,8573.7,58080,21.844,804.36,136.61,0.70964
2247,5875.1,58209,36.691,290.64,161.81,0.28476
2247,6907.8,57540,19.251,754.99,469.76,0.23289
2247,7696.4,55840,14.708,807.51,379.32,0.36078
2247,8208.5,57398,20.622,305.29,145.57,0.35426
2248,7584.3,55861,19.161,1251.9,1133.5,0.049654
2248,8626.8,55515,23.787,475.86,148.6,0.52406
2250,8374.7,58046,26.086,759.72,589.99,0.12575
2253,7411.4,56433,13.982,801.29,270.11,0.49578
2254,6847.9,57982,26.919,323.04,180.89,0.28209
2254,7370,56468,18.688,857.94,625.54,0.15666
2254,8464,57830,33.656,777.76,389.84,0.33224
2257,7330,57816,23.057,372.26,179.68,0.34891
2258,7054.7,57972,38.648,354.61,372.45,-0.024534
2260,7328.1,57315,23.709,275.6,279.42,-0.0068732
2260,8641.5,57891,25.641,543.43,411.09,0.13865
2261,6386.9,57019,28.842,367.38,306.79,0.089874
2261,7878.1,56834,24.454,332.22,106.71,0.51378
2262,6421.4,57673,34.424,357.25,264.34,0.14948
2262,6529.5,58373,32.515,611,753.13,-0.10419
2262,7812,56826,20.732,611.49,284.42,0.36507
2263,6261.6,56138,30.499,849.9,388.8,0.37225
2263,7811.2,56737,22.218,879.81,445.52,0.32768
2264,6320.6,56249,24.097,707.53,363.93,0.32068
2264,6831.4,56372,23.231,1041.7,782.79,0.1419
2264,7670.4,56710,18.926,870.73,567.87,0.21052
2264,7965.6,55701,32.195,329.14,161.7,0.34114
2265,7118,56311,22.997,1346.3,833.06,0.23552
2265,7471.2,58279,37.562,319.78,129.99,0.42197
2265,7717.5,56768,25.037,1106,697.08,0.22679
2266,5715.3,57392,35.019,454.21,294.13,0.21391
2266,5702.6,57740,33.106,769.27,496.14,0.21584
2266,6085.8,56197,35.684,711.61,415.82,0.26235
2266,6884.3,56195,26.655,687.48,240.27,0.48204
2266,7247.6,56277,23.143,518.62,182.76,0.47885
2266,7844,56517,26.11,514.38,421.12,0.099697
2267,5738.7,57574,36.966,586.85,517.54,0.062759
2267,6667.1,55901,26.197,594.83,297.72,0.33288
2267,7945.4,56338,29.171,557.99,420.72,0.14026
2268,7460.7,56248,24.87,455.41,410.34,0.052061
2269,7032.9,56445,29.269,653.58,547.04,0.088739
2269,8549.1,55552,32.561,357.28,160.07,0.3812
2270,6938.6,57386,31.881,606.72,245.4,0.42402
2271,6766.5,56069,25.957,334.36,208.07,0.23282
2272,6697.5,57162,35.796,503.62,231.97,0.36929
2272,6842.4,56056,24.492,404.83,301.12,0.14692
2272,8554.4,55733,21.266,800.62,460.9,0.26929
2273,8602.1,55926,25.797,243.55,102.12,0.40914
2274,8604.5,55698,33.102,522.25,201.93,0.44232
2275,8474.8,58334,33.391,309.31,302.54,0.011066
2275,8582.8,55706,24.426,515.62,130.78,0.59535
2276,7236.8,55728,32.897,390.35,326.71,0.088751
2277,5872.4,55504,31.682,550.98,495.64,0.052876
2278,7221.7,56353,17.87,1313,724.39,0.28891
2279,7393.1,57084,33.008,329.75,383.76,-0.075708
2279,8176.9,55851,29.273,761.89,480,0.22699
2280,7301.7,56279,14.978,823.98,644.78,0.12201
2281,7297.3,56374,16.454,354.62,339.5,0.021774
2282,6275.9,58388,33.681,240.94,175.99,0.15579
2282,7267.8,56365,34.168,603.41,775.06,-0.12452
2282,8139.8,56104,29.117,470.59,200.77,0.4019
2283,7210.4,56393,18.532,517.79,483.71,0.034026
2283,7403.3,57759,18.727,584.75,222.36,0.449
2283,8033.6,56328,34.663,408.84,345.86,0.083444
2284,6041.3,56177,15.712,1059.7,753.87,0.16864
2284,7166.9,55768,20.048,271.93,267.45,0.0083051
2284,7329.8,57603,19.062,941.53,402.67,0.40088
2285,5953.8,56145,21.966,658.68,598.48,0.047889
2285,7285.8,56402,7.8647,1029.1,657.93,0.22003
2285,8099.1,55818,31.069,491.34,270.09,0.29057
2286,5932.9,56111,29.948,312.99,104.9,0.49797
2286,7296.3,56415,7.5447,990.38,485.75,0.34186
2287,8029.9,57025,23.911,593.81,229.97,0.44168
2288,7686.9,56961,13.946,946.04,944.96,0.00056639
2289,7496.5,56832,21.871,676.22,771.64,-0.065906
2289,7527.4,58308,23.98,607.23,188.05,0.52709
2290,7560.1,56662,20.363,715.65,604.28,0.084375
2290,7719.7,58143,35.657,224.44,166.77,0.14741
2290,8561.9,57535,27.069,424.35,305.99,0.16207
2291,7580.3,56446,17.918,661.03,427.22,0.21485
2291,8576.6,57494,18.274,690.7,585.8,0.082173
2292,5770.5,55584,35.53,527.15,246.53,0.36271
2292,7594.9,56529,16.454,600.3,489.23,0.10194
2293,7425.9,56538,18.705,617.78,587.1,0.025467
2294,6687.7,57074,34.999,655.65,539.45,0.097233
2294,7229.3,56620,17.432,334.72,204.85,0.24068
2294,7717,57802,35.749,354.96,204.93,0.26797
2294,8111.6,55707,28.603,359.5,341.3,0.025962
2295,5905.5,55772,23.214,182.8,199.84,-0.044523
2295,7228.1,56592,31.821,219.05,122.3,0.28342
2295,7355.8,57347,24.095,1119.4,711.86,0.22255
2295,7951.4,57859,25.984,409.14,284.29,0.18004
2296,5904.9,55755,15.907,392.66,352.34,0.054115
2296,7199,56700,27.206,573.82,317.65,0.28736
2296,7444.6,56103,30.515,239.74,201.41,0.086894
2297,5776.9,55809,21.604,467.82,466.18,0.0017598
2297,6313.2,57539,21.047,562.53,211.58,0.45336
2297,8262.8,55884,29.261,301.61,197.32,0.20902
2297,8222.1,57470,23.6,628.37,283.97,0.3775
2298,5810.2,55856,13.618,376.52,378.78,-0.0029925
2299,5842.3,55781,19.318,358.23,409.28,-0.06651
2299,6259.3,57379,24.327,952.08,438.12,0.36971
2299,6295.3,58301,28.991,389.13,158.65,0.42076
2300,5785.5,55829,16.27,385.54,325.61,0.084268
2300,6407.7,56161,30.252,523.48,238.69,0.37366
2300,8038.5,55478,31.922,432.82,234.84,0.29652
2301,5748.6,55894,18.127,387.63,353.08,0.046635
2302,5840,55999,20.799,354.53,340.35,0.020407
2302,6656.6,56788,33.763,204.54,140.54,0.18546
2303,7018.4,57099,22.565,729.26,443.67,0.24349
2303,7687.7,55560,29.226,257.74,274.21,-0.030972
2305,7443.7,57683,40.671,319.33,190.29,0.2532
2306,7028.4,57087,31.996,258.05,147.06,0.27395
2306,8494.6,56237,24.288,300.31,123.97,0.41561
2307,7077.5,57981,33.001,512.74,204.73,0.42931
2309,6507.4,57466,37.458,474.67,614.48,-0.12836
2309,8285.5,56821,31.874,298.39,209.73,0.17449
2310,7667.6,55957,34.021,436.71,189.63,0.39447
2310,7827.6,57712,24.431,318.99,222.97,0.17716
2310,8159.1,56865,33.918,517.26,440.14,0.080548
2311,6270.4,56465,33.321,419.58,374.46,0.056824
2311,6602.3,57340,33.494,281.97,111.85,0.43196
2312,6514.3,57283,31.569,446.48,169.23,0.45028
2312,7369.3,58378,24.632,604.37,407.24,0.19487
2312,7830,57662,16.21,443.5,144.29,0.50903
2313,6208.8,56998,27.788,348.62,185.97,0.30426
2314,6446.2,56859,37.241,218.8,129.32,0.25704
2315,6900.5,56650,28.547,439.54,383.31,0.068345
2316,7631,57737,30.709,573.42,343.02,0.25141
2317,7746.5,57679,31.686,451.71,295.31,0.20937
2319,8276,57159,32.765,287.8,307.84,-0.033646
2321,6273.9,56564,32.497,403.04,256,0.2231
2322,7210.8,57911,29.172,215.82,146.75,0.19051
2325,7865.1,55963,34.875,185.13,166.67,0.052465
2326,5854.3,58329,30.277,142.34,116.67,0.0991
2327,5867.3,58363,29.915,288.9,108.94,0.45236
2329,6157.8,58003,30.215,496.96,181.99,0.4639
2329,8625.7,56304,36.377,678.34,353.34,0.31502
2330,6538.2,56230,28.992,448.86,150.28,0.49835
2331,6564.8,56244,21.781,632.57,338.05,0.30343
2332,7063.1,56117,25.645,523.33,631.11,-0.093356
2334,7239.8,56416,22.267,436.05,430.64,0.0062377
2336,6672,56521,35.679,856.62,792.81,0.03869
2336,7257.2,56559,22.079,798.57,588.84,0.15117
2337,6872.8,56521,24.252,484.99,329.94,0.19026
2338,6930.7,56669,35.379,301.1,121.02,0.4266
2338,8066.9,57260,27.381,567.63,463.58,0.1009
2339,7114,56532,37.854,294.71,302.03,-0.012269
2339,8072.9,57215,27.688,456.9,366.9,0.10925
2340,7723.7,57096,37.065,608.02,371.18,0.24187
2341,7745.2,57111,24.165,960.28,394.42,0.4177
2342,7564.8,57187,14.01,1452.2,600.57,0.41487
2342,8276.9,57270,34.431,526.7,382.05,0.15917
2343,7293.7,56356,23.25,269.4,199.83,0.14826
2344,6245.6,57624,30.703,551.82,306.53,0.28577
2344,7276.6,56368,14.087,732.63,625.03,0.07925
2345,6247.9,58202,30.397,535.11,292.5,0.29314
2345,7211.4,55884,34.786,311.42,216.81,0.17911
2347,7185.1,58178,31.992,631.3,742.42,-0.080892
2347,8549.6,58157,31.539,649.54,650.5,-0.00073958
2348,7339.9,58250,18.612,729.4,488.24,0.19805
2349,5760.8,57818,29.926,795.12,277.17,0.48304
2350,5701.7,57734,28.144,846.87,468.82,0.28734
2350,7288.4,55556,33.357,257.74,321.17,-0.10957
2350,8663.7,55502,31.242,295.54,359.99,-0.09831
2351,5771.5,57774,34.528,545.48,106.34,0.67373
2351,6491,58225,23.303,1054.4,655.11,0.23355
2351,8636.4,55439,16.284,390.18,222.36,0.27397
2352,5709.5,57926,27.497,494.26,223.96,0.37635
2352,6774.5,58155,32.4,424.94,196.53,0.36754
2353,5865.8,57867,35.525,491.55,192.69,0.43678
2353,6340.3,58139,34.913,342.25,148.8,0.39396
2354,6491.9,58100,28.465,379.31,236.09,0.23273
2354,8609.5,55513,29.443,374.96,323.81,0.073189
2355,7682.1,56408,19.425,978.64,466.23,0.35464
2356,6548.2,56861,31.719,466.09,162.11,0.48389
2356,7760.7,56588,35.087,424.03,334.13,0.11858
2356,8218.8,57945,38.542,270.92,253.46,0.03329
2357,7513.8,58346,29.664,523.79,438.53,0.088606
2357,7738.2,56543,29.42,449.38,437.15,0.013796
2358,6387.5,55736,30.214,686.36,220.39,0.51389
2358,7144.7,55747,22.301,475.28,498.61,-0.023947
2358,7833.1,56556,21.415,1256.1,774.23,0.23734
2359,6421.9,58326,31.612,199.1,132,0.20268
2359,6500,57448,36.048,703.09,707.01,-0.0027821
2359,7229.7,58224,24.999,287.91,299.29,-0.019392
2361,5805.7,57580,31.978,314.58,185.6,0.25785
2361,7369.6,58318,33.276,463.69,110.02,0.61647
2363,6952,56739,30.034,486.39,398.32,0.099543
2364,6960.3,56803,33.424,519.78,443.94,0.078689
2365,6171.9,58055,29.813,647.7,407.72,0.22738
2365,7096.3,57034,34.26,405.5,276.54,0.18908
2366,6296.5,58384,31.391,561.48,185.26,0.50381
2366,6925.5,57069,23.904,439.7,277.53,0.22611
2366,7273.5,58116,35.355,374.1,179.4,0.35176
2366,8303.2,56943,30.974,495.73,504.96,-0.0092222
2368,8446,58058,30.564,611.7,390.04,0.22127
2369,8525.6,57828,33.555,824.15,398.49,0.34814
2370,7763.9,58358,23.34,535.77,386.7,0.16159
2372,8498.4,56777,30.958,486.76,357.26,0.15344
2373,6646.3,56905,30.65,416.57,254.19,0.24208
2374,6758.3,56989,33.053,553.06,357.97,0.21414
2374,7246.9,56539,28.108,827.91,436.25,0.30982
2374,8443,58380,28.865,346.18,180.75,0.31394
2375,7295.7,56609,16.203,549.73,344.32,0.22975
2376,7255.9,56549,17.958,433.17,163.1,0.45293
2377,7351.9,56483,16.686,457.64,168.39,0.46203
2381,6636.3,55739,35.606,249.8,159.16,0.22164
2382,8367.2,57431,22.044,527.51,269.58,0.32359
2383,7215.7,55591,33.438,256.03,137.31,0.30181
2385,8336.1,57178,29.67,620.99,467.36,0.14116
2386,6204.9,58315,26.182,508.89,212.43,0.411
2386,6824,56190,24.274,634.79,354.75,0.283
2386,7798.5,57170,34.502,432.76,281.09,0.21247
2386,8420.3,57053,28.218,567.94,493.16,0.07048
2387,7138,56105,36.486,354.68,171.41,0.34837
2387,7666,57350,30.154,495.61,323.92,0.2095
2388,7994.9,57464,23.011,336.11,229.37,0.18876
2390,7214.1,56532,17.628,697.56,469.03,0.1959
2390,7645.6,57097,24.376,514.51,293.46,0.27359
2391,5985.6,55470,33.727,336.73,145.61,0.39622
2391,7190,56586,20.512,542.86,189.94,0.4816
2393,6853.3,56809,37.643,278.21,157.22,0.27787
2393,7296.8,55758,28.87,524.97,478.9,0.04589
2393,7540.5,58304,24.622,289.35,105.95,0.46396
2394,6224.1,55649,20.146,931.91,884.74,0.025968
2394,7673.1,57709,19.345,563.54,184.09,0.50754
2395,6190.9,55640,20.841,784.9,485.33,0.23584
2395,7634.6,55657,32.182,213.21,217.96,-0.011018
2396,6866.1,56698,35.526,346.71,166.07,0.35229
2396,7755.9,55515,33.571,668.27,511.82,0.13258
2399,6468,57424,23.723,263.96,249.24,0.028687
2399,8355.8,55812,29.376,238.44,153.81,0.21577
2400,6514.3,57466,25.174,261.99,363.66,-0.1625
2405,7368,56347,21.724,357.69,158.22,0.38665
2406,6372.6,56509,23.491,188.81,115.37,0.24143
2406,7300.7,56402,20.031,415.16,334.57,0.10749
2407,7312.6,56400,15.602,477.04,347.67,0.15687
2407,8576.3,55510,13.128,587.49,389.05,0.20321
2408,6364,56646,26.862,267.87,197.7,0.15072
2408,7295.5,56355,14.025,422.78,426.2,-0.0040363
2408,7603.1,57386,24.77,841.82,498.19,0.25643
2408,8610.4,55424,21.65,383.21,414.57,-0.039309
2409,7259.2,56397,21.961,559.29,441.4,0.11781
2409,8309.4,56567,21.012,575.24,295.56,0.32117
2410,6241.1,58310,35.998,425.32,228.91,0.30022
2410,6550.1,55432,27.652,185.59,329.79,-0.27978
2410,7050.8,56428,27.493,460.31,255.25,0.28657
2410,8330.3,56661,30.462,468.57,470.75,-0.0023214
2411,7008.6,57009,26.587,533.23,355.82,0.19954
2411,7420.6,58314,31.539,274.16,248.22,0.049657
2412,6868,57030,26.108,636.67,377.85,0.25512
2413,7460.9,56503,28.649,782.19,330.38,0.40609
2414,6051.2,57628,27.626,406.94,378.71,0.035935
2415,5935.1,57524,28.212,589.69,323.88,0.29096
2416,6051.5,58124,28.086,518.15,335.14,0.21449
2416,7309.3,55619,33.414,285.77,351.34,-0.10292
2416,8373,56233,21.256,399.71,389.6,0.012806
2417,5801,58317,32.202,1250.2,726.27,0.26507
2417,5947,57461,34.404,510.35,413.89,0.10436
2417,7303,55772,12.896,513.53,524.18,-0.010263
2418,5724,58114,21.792,433.66,171.47,0.43329
2418,7302.6,55776,12.162,510.09,485.41,0.024783
2420,6104,58322,31.984,628.22,442.74,0.17319
2420,6956.9,56138,28.404,521.38,193.13,0.45941
2421,6090.7,58288,16.781,625.85,213.38,0.49148
2423,6337.6,58312,31.175,290.84,114.48,0.4351
2425,6571.7,55456,33.233,699.4,991.92,-0.17295
2426,5782.5,55478,36.121,465.85,298.6,0.21879
2426,5730.8,56487,30.93,940.58,524.13,0.28432
2426,6460.5,56580,34.813,353.69,155.81,0.38838
2426,7728.1,58273,32.474,431.65,383.38,0.059228
2427,5783.7,56423,18.931,914.64,578.14,0.22542
2428,5696.9,56306,16.852,1016.5,480.45,0.35807
2428,6608,55807,29.557,1073.1,611.01,0.2744
2428,6818.2,55484,41.832,1068.8,872.43,0.10117
2428,7218.6,58113,29.733,348.7,251.95,0.16109
2429,7078.2,58013,24.626,354.83,184.65,0.31545
2429,7220.1,55786,27.876,434.05,198.58,0.37221
2429,8204.8,55875,30.257,666.23,205.96,0.52771
2429,8573.5,57705,22.188,707.64,260.4,0.46201
2430,7807.8,55949,31.184,519.18,425.72,0.098913
2430,8452.5,58065,29.275,268.84,265.61,0.0060342
2431,8514.9,56599,34.225,659.73,571.35,0.07179
2433,8658.4,57163,17.657,282.64,168.59,0.25274
2434,6158.5,56370,30.22,735.23,318.99,0.39482
2435,7758.8,58277,29.864,436.14,139.56,0.51515
2436,6468,56812,29.991,442.76,202.72,0.37188
2436,7665.9,55741,29.177,843.52,838.88,0.0027564
2436,8504.8,55979,17.001,398.97,253.55,0.22287
2437,7593.2,55837,18.787,781.77,492.28,0.22722
2437,8649.2,58270,30.861,365.09,204.24,0.28252
2438,6038.8,58019,31.969,674.11,370.52,0.29062
2438,6366.2,55418,27.656,342.03,121.36,0.47622
2438,8465.2,55602,25.13,622.47,406.85,0.20948
2439,5866.6,57835,25.886,1110.6,533.4,0.35108
2440,7675.6,55820,23.529,409.71,310.94,0.13706
2443,6191.4,58069,28.487,377.59,328.92,0.068889
2444,6095.4,58315,20.11,566.07,328.2,0.266
2445,7661.4,55815,23.361,512.88,389.71,0.13646
2447,6883.3,58171,31.531,285.06,323.49,-0.063157
2449,6518.7,55842,35.638,365.48,309.75,0.082537
2449,7877.1,55944,31.784,785.3,596.05,0.137
2450,7714.5,55997,24.639,524.81,180.02,0.48919
2452,6362.5,57036,35.638,513.71,301.82,0.25981
2452,6781.3,57765,33.971,289.3,271.06,0.032557
2452,7301.9,55794,13.695,524.61,273.99,0.31382
2452,8614.5,57257,33.63,424.17,106,0.60012
2453,7309.8,55806,25.196,321.06,198.93,0.23486
2453,8078,57224,33.851,115.79,151.76,-0.13446
2454,7185.7,55739,34.618,489.58,375.37,0.13204
2455,8141.6,56047,24.996,261.04,117.71,0.37844
2456,8098.9,56926,28.025,310.79,144.17,0.36623
2457,6262.9,55986,28.201,491.99,480.54,0.011767
2457,8101.6,56961,24.433,546.35,240.1,0.38941
2458,6181.6,56080,23.655,677.76,467.33,0.18376
2458,7117.1,55763,30.794,744.74,573.96,0.1295
2459,6139.7,56066,19.002,807.66,699.18,0.071994
2459,6752.4,55693,35.399,463.26,504.91,-0.043018
2460,6096.7,55974,20.765,755.11,426.3,0.27832
2460,6315.3,55560,30.803,487.83,156.72,0.5137
2460,7473.1,56645,17.05,756.28,257.96,0.49133
2460,7555.7,58315,21.628,504.47,148.45,0.54526
2460,8531.5,56171,27.012,267.33,127.26,0.35497
2461,6132,55875,31.451,881.19,715.42,0.10383
2461,6235.9,58262,36.131,942.88,361.86,0.44532
2461,8569.2,56031,25.663,590.96,235.16,0.43069
2462,6016.5,56005,21.397,1100.7,705.35,0.21889
2462,6143.7,58361,31.031,723.58,499.76,0.18295
2462,7277.2,55685,20.168,729.89,540.98,0.14864
2462,8410.6,57730,35.591,601.67,332.45,0.28821
2463,5937.9,55928,30.813,407.01,338.51,0.091885
2463,6677.7,57846,34.111,474.34,704.79,-0.19544
2463,7412.2,57835,23.859,572.78,290.21,0.32743
2465,6094.2,55864,37.431,629.39,501.39,0.11319
2465,6734.2,58033,28.706,368.09,530.79,-0.18101
2465,7676.7,57296,33.972,518.17,281.23,0.2964
2466,6906.8,57939,26.277,314.36,282.36,0.05363
2466,7099.3,55894,34.726,558.39,249.31,0.38267
2466,7222.6,55420,36.867,759.59,625.68,0.096663
2467,6566.1,56817,33.326,316.28,269.42,0.080011
2468,5968.2,57904,20.471,308.84,162.6,0.31022
2468,7957,55710,40.26,401.43,244.32,0.24329
2469,5839.1,56086,36.261,160.15,106.44,0.20146
2469,5904.9,57992,31.548,278.11,120.42,0.39566
2469,7967.2,55444,25.498,583.11,348.26,0.25216
2470,5864.1,56049,28.82,267.74,102.04,0.4481
2471,5858.7,56180,16.11,760.56,561.76,0.15034
2472,5802.2,56313,21.462,519.23,269.02,0.31743
2472,8574.8,55443,22.854,321.4,208.42,0.21324
2473,5695.9,56238,18.747,524.68,362.22,0.18318
2473,6749,58224,35.831,268.12,198.38,0.14948
2474,5785.6,56162,36.96,310.25,451.69,-0.18563
2474,8573.6,55442,24.782,571.03,221.74,0.4406
2475,6361.4,56343,25.3,336.03,301.59,0.054015
2478,6066.1,56002,31.451,566.77,483.56,0.079223
2478,7446.5,56650,30.808,425.6,211.61,0.33582
2479,5983.3,55831,35.752,201,128.88,0.21862
2479,6688.6,57584,26.63,790.79,319.01,0.4251
2479,7309.2,56721,24.886,618.36,563.75,0.046194
2479,8544.7,56621,22.155,950.21,636.7,0.19756
2480,6139,58384,29.15,264.92,389.09,-0.18986
2480,6868.2,57529,27.258,753.14,264.58,0.48006
2480,6988.9,56608,24.26,664.68,437.22,0.20643
2480,8067.8,56681,30.341,537.54,462.53,0.075004
2481,5986.4,56107,36.16,421.58,609.28,-0.18207
2481,6761.9,57398,24.319,946.83,489.49,0.31841
2481,6855.7,55760,32.291,201.53,189.59,0.030529
2481,7035.2,56458,22.005,582.63,350.44,0.24885
2482,7212.9,56585,16.955,789.2,433.02,0.29142
2483,5894.5,56052,17.855,398.51,231.37,0.26534
2483,6359.2,56695,35.03,307.64,229.72,0.145
2483,7384.5,56389,35.246,178.53,198.92,-0.054006
2485,5879.2,56092,22.781,495.1,301.32,0.2433
2486,5964,56155,26.097,321.5,443.93,-0.15995
2486,6894.9,55859,29.261,268.71,249.94,0.036191
2487,5723.6,56153,30.604,673.07,397.38,0.25754
2487,6171.5,55471,30.298,410.96,140.91,0.48935
2488,5850.2,56301,26.527,582.28,125.11,0.64627
2488,5834.6,57068,36.488,400.64,127.1,0.51833
2489,6042.7,56290,21.086,783.71,790.73,-0.004463
2489,8214.1,56482,30.478,574.14,272.37,0.3565
2490,6048.8,56350,27.762,338.47,294.5,0.069478
2491,5959,56514,28.711,221.2,118.21,0.30341
2493,5772.1,57678,35.783,470.04,201.76,0.39934
2493,7561,55883,12.534,655.1,284.01,0.39515
2494,7147.6,55705,36.578,759.41,502.7,0.2034
2494,8617.9,56552,21.189,394.62,121.66,0.5287
2495,6211.6,56708,29.855,269.94,134.24,0.33573
2495,8591.1,56291,35.41,361.36,231.62,0.21879
2496,7084.1,55632,37.074,439,319.17,0.15804
2497,5939.9,55458,20.362,596.55,315.88,0.3076
2499,7150.6,55447,31.726,760.42,411.43,0.29782
2500,6111.2,55425,23.512,260.52,127.39,0.34319
2501,5986.4,56581,28.891,286.49,142.03,0.33711
2501,7840.1,58327,21.355,468.79,359.31,0.13221
2502,6312.6,56658,33.296,647.47,658.97,-0.0088012
2502,8051.2,56878,34.996,701.05,197.28,0.56079
2503,6157.6,55428,19.423,347.38,101.39,0.54814
2503,8163.7,56840,34.622,369.94,157.79,0.40201
2504,6987.3,56329,21.711,369.52,101.6,0.56868
2504,8093.2,57634,21.654,369.85,282.27,0.13431
2505,5704.7,56150,32.41,253.74,128.56,0.32743
2505,7834.1,57456,18.65,877.09,562.8,0.21827
2507,7405.2,56888,32.161,381.33,236.8,0.23383
2509,7278.4,55506,33.106,394.97,144.39,0.46458
2509,7391.8,56541,21.48,733.83,364.76,0.33595
2510,7244.7,56456,17.083,482.73,147.3,0.53239
2512,6705.3,55839,33.071,153.77,168.54,-0.045808
2513,7087.8,58262,36.256,392.99,190.25,0.3476
2513,8119.7,56994,32.018,684.18,373.93,0.29321
2514,7252.1,57308,25.97,254.24,130.3,0.32232
2514,7759.6,56361,28.943,446.59,205.45,0.36982
2515,7672.3,56351,20.753,994.82,391.24,0.43547
2515,7822.3,57626,22.438,689.55,433.76,0.22772
2515,7867.9,55553,18.37,971.44,395.12,0.42173
2515,8454,57924,27.386,446.7,273.58,0.24035
2516,7613.4,56517,23.919,932.85,562.86,0.24737
2516,7878.7,55400,24.064,705.39,501.53,0.16891
2517,6021,57066,30.798,242.32,102.86,0.40404
2518,6098.9,57035,28.386,354.3,206.3,0.26402
2518,7319.5,57673,32.922,270.32,153.96,0.27424
2519,6180.5,56952,30.104,314.9,202.65,0.21689
2519,7329.5,57901,26.994,999.21,642.88,0.21699
2520,5953.4,55654,27.569,371.34,300.9,0.10478
2520,6400.1,56762,36.272,346.66,181.92,0.31166
2520,7448,55846,24.782,556.94,878.09,-0.22379
2521,6066.6,56075,20.713,363.65,287.31,0.11728
2521,6797.3,56296,31.992,396.45,276.85,0.17762
2521,6791.4,58167,36.551,195.63,101.61,0.3163
2521,7329.4,55691,35.249,117.2,154.5,-0.1373
2521,8405,58338,31.419,516.91,624.98,-0.094634
2523,5757.3,56098,29.566,274.21,222.03,0.10514
2523,7879.7,57435,27.979,774.55,743,0.020794
2524,7367.3,56420,34.509,339.6,163.75,0.34937
2525,7242.4,56289,19.398,736.75,539.78,0.1543
2526,7321.5,56410,14.613,635.44,300.58,0.35774
2526,8067,56510,22.05,506.9,234.31,0.36777
2528,6876.9,57038,38.312,470.79,378.63,0.1085
2528,7348.8,56617,26.609,362.37,197.19,0.29519
2528,8309.1,57850,31.496,272.49,231.66,0.080978
2530,7197.6,56303,14.937,1536.9,926.45,0.24782
2531,7224.7,56183,21.537,799.58,411.68,0.32024
2534,8485.4,57725,29.464,410.92,115.23,0.56199
2540,6234.1,56412,31.117,390.13,241.95,0.23444
2541,8508,56300,31.365,319.75,274.64,0.075903
2542,5721.1,57799,36.697,544.77,525.15,0.018333
2542,8259.2,55571,35.883,457.53,146.69,0.51446
2543,7235.7,56111,35.936,245.43,132.98,0.29719
2544,5838.2,58300,32.121,393.37,342.32,0.069389
2544,6389.9,57148,30.942,417.07,263.69,0.22531
2545,7973.9,57521,24.93,364.35,220.72,0.2455
2546,6859.6,56079,24.713,518.88,476.89,0.042164
2546,7936.3,57493,34.128,589.69,557.72,0.027866
2546,8457.5,57683,26.944,276.18,235.9,0.078666
2547,6702.6,56087,24.624,617.61,424.48,0.18533
2548,6480.4,56223,32.639,439.88,254.36,0.26722
2550,8283.7,56828,34.75,212.15,106.96,0.32963
2551,7645.8,55871,35.161,582.47,352.92,0.2454
2552,6033.2,57208,30.901,418.32,262.88,0.22818
2552,8110.7,56840,22.849,444.04,288.28,0.21269
2553,8093.2,56817,30.641,516.16,370.69,0.16403
2553,8301.8,57810,26.026,655.22,568.91,0.070507
2554,6332.6,56630,37.06,438.12,400.09,0.045366
2554,8311,57901,22.385,293,292.63,0.00064518
2555,6408.6,56546,31.66,374.4,300.47,0.10954
2555,7813.1,56698,22.948,583.2,395.86,0.19134
2556,8556,56645,28.54,638.03,301.75,0.35782
2557,8244.8,57021,35.003,763.37,383.23,0.33154
2559,5793.9,56207,32.938,1318.6,1158.7,0.064547
2560,5696.9,56201,22.71,511.8,325.66,0.22227
2560,6780.2,55944,29.249,518.13,281.61,0.29575
2561,7641,56128,21.664,776.53,211.41,0.57201
2563,6584.2,56744,26.04,599.93,725.81,-0.094949
2564,6591.4,56754,29.795,336.94,258.76,0.13124
2566,6978.9,56489,33.21,605.48,374.34,0.2359
2566,7193.6,55828,38.904,679.38,338.78,0.33453
2567,7691.1,56269,34.321,672.3,404.67,0.2485
2568,7205.6,58010,25.136,642.32,447.93,0.17829
2568,8655.1,56991,30.482,474.28,239.92,0.32815
2569,5718.1,55980,33.79,513.59,508.62,0.0048666
2569,5734.6,56471,28.823,676.56,514.32,0.13624
2569,7496.3,56536,16.634,1679,807.99,0.35024
2570,5887.2,56462,29.71,802.76,474.76,0.25674
2570,7936.7,55844,26.83,914.14,853.78,0.03414
2571,5910.6,57855,35.042,378,225,0.25374
2571,5983.6,56401,23.55,414.94,168.94,0.42132
2571,6371.1,55767,33.598,646,328.96,0.32518
2571,7338.2,56890,20.305,1951.1,1185,0.2443
2571,7381.2,58264,24.979,847.33,396.48,0.36248
2571,7804.6,55919,20.876,1095.1,524.12,0.35261
2572,7335.7,56929,24.483,1381.7,843.21,0.24203
2573,7408.4,56601,23.235,1530.2,871.37,0.27432
2573,7425.4,56698,23.906,1669.8,940.66,0.27931
2573,7965,55521,31.773,747.5,683.91,0.04442
2574,5810.6,56538,22.682,321.21,179.43,0.28319
2574,7296.3,56554,12.576,789.45,379.13,0.35113
2575,7203.9,56464,26.127,293.2,269.69,0.04177
2575,7835.1,55798,29.254,274.48,148.3,0.29845
2576,7221.2,56436,17.25,385.47,345.16,0.055169
2576,8570.7,55758,25.406,592.77,359.49,0.24498
2577,7209.1,56419,20.144,327.85,285.14,0.069666
2577,7976.2,55854,28.32,793.16,320.48,0.42445
2577,8477,55790,29.311,685.22,282.34,0.41638
2577,8598.1,55406,18.158,720.31,371.09,0.31997
2578,7272.9,56402,9.3489,776.48,471.06,0.24482
2578,7857.3,55962,36.356,688.31,460.68,0.19812
2578,8642.7,55443,28.663,196.27,124.25,0.22469
2579,7248.8,56384,12.063,513.12,346.37,0.194
2579,8482.3,57660,35.228,825.11,326.1,0.43346
2580,7131.1,56397,20.028,852.15,875.39,-0.013449
2581,7230.5,56411,13.592,453.07,431.63,0.024239
2581,8310,57790,33.584,713.71,227.68,0.5163
2581,8539.6,55475,31.699,239.17,194.03,0.1042
2584,5697.5,56206,24.728,581.6,272.88,0.36129
2584,5748.6,57765,30.42,570.62,424.08,0.14732
2585,5779.3,56200,33.028,567.93,166.13,0.54738
2586,5790.5,57952,30.077,626.19,414.04,0.20395
2586,6022.1,56205,28.17,602.57,233.08,0.44216
2586,6077.8,55458,23.185,366.24,170.41,0.36491
2587,6177.3,55864,31.647,361.15,154.24,0.40146
2587,6704.5,56125,30.518,614.87,486.55,0.1165
2590,6516.6,56272,26.763,402.19,280.32,0.17855
2592,8119.5,57043,30.755,489.5,397.57,0.10363
2593,6555.9,56935,32.053,245.17,157.98,0.21629
2593,6783.6,56080,27,801.29,348.11,0.39427
2593,7620.1,55683,36.558,308.11,116.67,0.45068
2593,7826.8,58365,30.918,348.45,383.27,-0.047599
2594,6474.9,56999,28.299,827.39,523.21,0.22521
2594,6670.3,56036,15.991,335.43,263.01,0.12101
2594,7392.6,56382,13.751,693.55,367.75,0.30698
2595,6393.9,56830,26.959,900.74,767.17,0.080085
2595,6670.4,56020,16.629,326.42,505.8,-0.21553
2596,6328.6,57026,33.141,853.88,481.62,0.27874
2597,5761.2,55522,21.87,409.7,158.31,0.44257
2597,6282.5,57088,26.233,474.41,205.37,0.39578
2597,6660.5,56026,29.492,208.41,381.41,-0.29332
2597,7477.3,56297,25.158,1136.7,811.12,0.16715
2597,7601.8,55906,23.244,721.46,336.3,0.36413
2597,7843.8,57643,29.942,188.96,187.67,0.0034205
2597,8154.6,56558,26.837,368.34,139.72,0.44999
2598,7366.7,56376,28.77,282.08,228.66,0.1046
2598,7581.5,56035,27.809,1094.1,563.35,0.32021
2598,7773,57594,30.977,223.86,188.92,0.084657
2598,8512.7,56932,37.119,627.66,305.15,0.34573
2599,6397.9,56855,35.362,250.46,134.58,0.30095
2599,7400.6,56489,13.441,439.28,262.78,0.2514
2599,7833.7,57559,11.184,1100.9,1063,0.017527
2600,7376.3,56633,33.659,301.05,285.98,0.025669
2600,8498.8,57196,19.14,324.26,173.75,0.30223
2602,7571.4,56548,22.29,670.98,355.53,0.30731
2603,6504.3,56029,33.546,746.09,591.18,0.11584
2603,8048.8,55623,34.485,633.7,315.37,0.33541
2604,7805.7,57845,26.282,1033.8,653.07,0.2257
2604,8083.5,57298,29.723,265.31,147.46,0.28553
2605,6627.6,56016,15.879,849.56,337.79,0.43102
2605,8149.1,57342,34.033,478.74,119.94,0.59931
2606,8035.1,57314,34.523,670.64,382.16,0.27401
2608,6550.2,57292,29.906,405.97,273.51,0.19495
2608,7336.6,56419,22.084,536.1,448.99,0.088423
2609,7311.1,56364,18.856,341.26,301.98,0.061064
2610,6504.1,58237,32.528,470.98,437.51,0.036845
2610,7365,56397,22.833,407.66,413.61,-0.0072406
2611,8355.5,57972,29.291,264.9,126.23,0.35455
2612,7664,57396,36.858,353.09,180.66,0.32305
2612,8292.8,57931,36.402,458.07,290.15,0.22443
2613,8131.7,56488,25.291,915.65,402.01,0.38981
2614,6308.4,58193,30.785,446.65,224.24,0.33151
2614,8299.4,57001,33.092,360,334.98,0.035991
2615,6392.8,55585,30.479,333.99,207.95,0.23258
2615,7072.5,57297,34.635,313.66,249.65,0.11365
2615,8239.9,57186,31.547,308,223.49,0.159
2617,7931.7,57325,16.017,682.71,386.49,0.27705
2618,7882.7,57297,17.249,552.96,320.59,0.266
2620,8644.9,56400,28.425,329.37,231.41,0.17469
2623,6415.2,57340,28.554,416.32,239.77,0.2691
2623,6892.2,56531,31.21,272.33,268.61,0.0068787
2623,7761,55888,18.42,730.73,280.14,0.44574
2623,7852.6,57611,19.603,279.96,221.64,0.11626
2624,6540.7,56428,30.791,305.07,253.33,0.092653
2624,7249.6,57371,30.071,376.25,364.26,0.016183
2624,7686.4,55916,17.932,757.75,375.69,0.33708
2628,6320,57457,33.857,387.12,170.93,0.3874
2628,7609.7,57572,21.278,560.11,437.93,0.12242
2629,8575.1,57885,26.338,732.09,611.53,0.089726
2630,5749.5,57656,32.287,893.67,451.79,0.32842
2630,5920.4,55476,19.852,1025.2,667.95,0.211
2630,7576,57125,34.101,792.75,542.3,0.1876
2631,5987.4,55792,24.796,840.2,567.82,0.19345
2631,6306.1,57297,33.004,668.75,410.94,0.23878
2631,7909.7,57241,32.01,285.24,143.43,0.33082
2632,8067.7,57376,27.785,611.58,402.69,0.20595
2633,7074.5,55475,35.749,281.79,317.67,-0.059859
2635,6921.1,57309,31.678,327.14,354.49,-0.040118
2636,6956.9,56787,30.022,443.23,309.93,0.17698
2636,7346,58204,23.256,335.53,117.37,0.4817
2637,7042.8,56561,20.055,771.59,507.15,0.2068
2639,7890.8,57015,28.627,689.59,482.85,0.17634
2639,8616.3,57404,34.53,684.4,410.24,0.25045
2640,7888.1,56833,25.385,720.17,604.3,0.087487
2642,6273.9,55439,28.098,868.2,337.81,0.43978
2642,8537.8,55518,17.773,776.31,609.82,0.12011
2642,8584.4,56368,28.133,271.44,166.91,0.23846
2644,7185.4,58032,47.638,308.5,354.62,-0.069546
2644,8087.9,55861,23.749,543.14,522.37,0.019499
2644,8355.5,56906,30.923,507.19,182.04,0.47176
2645,7161.2,57804,22.36,659.41,560.67,0.080929
2646,7209.4,57782,15.528,669.92,292.6,0.39201
2647,6371.2,56087,34.086,505.11,406.38,0.10832
2647,7280.8,57784,30.002,435.21,397.59,0.045183
2647,8278.5,57638,34.15,388.01,286.8,0.14999
2649,8088.7,56395,32.648,325.07,212.04,0.21044
2650,6476.8,58036,37.699,278.94,336.2,-0.093085
2650,8250.5,56901,31.571,636.08,429.84,0.19348
2651,6756.5,57831,34.847,671.08,391.58,0.26301
2651,8002.2,56926,30.104,370.4,271.84,0.15345
2652,6773.8,57759,29.772,434.65,194.66,0.38135
2653,6070.5,57965,31.766,321.16,104.7,0.50831
2653,6246.5,56619,29.027,610.01,218.01,0.47341
2653,7082.4,56847,27.08,741.68,455.31,0.23924
2654,8056,57266,30.196,334.07,123.02,0.46172
2655,6299.1,58346,36.743,461.91,451.36,0.011546
2655,6540.5,57352,31.925,485.4,279.23,0.26963
2655,7634.6,57117,33.34,327.95,140.8,0.39927
2656,6679.4,57369,28.329,1456.3,885.9,0.24353
2656,6681.1,57606,33.437,1238.4,791.22,0.22033
2656,7622.2,57176,23.762,643.14,492.59,0.13256
2657,6551.7,55766,23.744,377.16,276.36,0.15423
2657,7250.3,56416,34.242,284.09,269.04,0.027206
2657,7901.1,55884,29.877,400.46,233.24,0.26387
2658,8018.3,55675,19.122,616.93,322.92,0.31283
2658,8337.6,56921,34.609,254.59,149.68,0.2595
2658,8598.3,56099,31.997,224.99,146.1,0.21257
2659,6397.4,56195,25.204,517.62,579.07,-0.056028
2659,8349.4,56863,35.708,205.24,198.48,0.016744
2660,6279.9,56234,31.747,783.35,610.15,0.12429
2661,6243.7,56426,37.233,665.65,482.4,0.15962
2661,7342.2,57695,22.974,479.53,308.39,0.21721
2662,7509.4,57656,24.609,898.75,555.08,0.23639
2663,6931,57115,37.928,496.64,390.41,0.11975
2666,7355,57935,30.062,326.04,201.33,0.23649
2667,7233.8,56363,21.304,274.4,206.56,0.14105
2668,5990,55432,32.861,245,157.43,0.21759
2668,7222.9,57889,28.37,250.34,180.42,0.16232
2668,8007.3,57554,24.802,799.88,267.13,0.49929
2668,8414.1,57622,27.727,904.6,383.32,0.40475
2669,7048.2,57512,29.365,542.4,471.3,0.070139
2669,7267.1,56407,11.602,423.41,339.6,0.10984
2669,8531.8,57607,28.025,490.75,482.06,0.0089305
2670,7269.2,56396,13.281,392.64,263.28,0.19722
2670,8346.9,57580,32.474,627.6,309.64,0.33926
2671,7212.5,56558,19.995,634.62,351.98,0.28647
2672,5950.7,56347,35.148,199.89,133.58,0.19885
2674,8501.5,55457,24.166,207.01,119.84,0.26669
2675,5844.4,56199,25.646,413.33,165.72,0.42761
2676,8286.5,55842,29.116,456.72,264.79,0.26602
2678,6375.2,57343,34.546,304.98,187.61,0.23826
2679,6324.3,57342,27.304,775.14,365.64,0.35896
2679,7911.3,58239,23.278,284.43,195.7,0.18481
2679,7965.1,57310,12.397,671.38,659.73,0.0087537
2680,6273.1,57317,32.027,537.65,499.15,0.037132
2680,7818.1,56407,29.765,194.01,190.47,0.0092019
2683,7203.9,57491,30.575,491.39,145.74,0.54252
2683,8608.7,56568,31.723,627.53,300.32,0.35266
2684,7227.9,57432,29.801,565.48,305.59,0.29835
2684,8280.1,57314,28.325,719.73,295.87,0.41735
2685,8383.9,58313,28.26,222.77,128.9,0.26693
2686,7380,57232,29.538,491.57,133.72,0.5723
2686,8365.4,58254,34.561,225.07,135.8,0.24737
2688,5804.6,56338,27.033,638.03,351.98,0.28894
2689,6013.4,55536,36.986,1124.6,626.35,0.28455
2689,8419.5,56148,30.969,309.37,307.15,0.0036044
2690,5949.1,55396,27.323,407.48,157.47,0.44254
2690,5919.5,58191,29.308,232.51,139.03,0.2516
2690,7286.9,57823,28.665,500.27,336.77,0.19533
2692,6688.7,56181,21.643,588.75,280.73,0.35426
2692,8004.7,56925,27.542,360.91,128.13,0.47601
2693,6574.9,56133,23.18,453.92,359.09,0.11663
2694,7136.1,58391,29.394,1271.7,722.46,0.27542
2695,7295.8,56210,22.077,846.96,651.03,0.1308
2696,7336.1,56361,18.557,417.5,325.68,0.12355
2696,7875.4,57682,36.546,273.08,405.78,-0.19547
2697,7406.6,56385,17.271,328.09,258.33,0.11895
2698,6953.4,56171,29.237,1149.7,753.56,0.20816
2698,7781,56769,28.882,900.99,941.67,-0.022081
2698,8438,56430,36.292,442.33,174.78,0.43355
2699,7089.2,56371,26.14,442.35,334.47,0.13888
2699,7572.9,56726,21.937,537.11,357.59,0.20065
2700,7071.9,57626,30.798,606.64,547.94,0.050845
2700,7706.6,56547,34.741,462.72,353.04,0.13446
2700,8104.2,57290,29.132,450.35,401.68,0.057126
2701,5947.4,57570,33.904,397.31,353.2,0.058772
2701,7344.8,56648,23.033,647.18,307.41,0.35594
2702,7287.5,56610,10.549,928.07,407.12,0.39017
2702,8606.8,57379,23.551,690.73,386.08,0.28292
2703,6831,58234,31.769,208.94,200.76,0.019951
2703,7408.9,56435,23.263,700.45,481.03,0.18572
2703,8021.1,57136,24.115,457.87,353.91,0.12807
2704,7001.7,57863,33.392,497.9,554.11,-0.053434
2704,7127.8,55585,33.626,187.88,108.98,0.26578
2704,7460.8,56448,20.25,443.43,222.15,0.33247
2704,7862.8,57085,29.288,808.32,613.08,0.13735
2705,6232.8,55593,37.576,343.64,340.91,0.0039759
2705,7232.7,55799,24.959,308.5,153.37,0.33586
2708,8432.1,57951,22.505,666.88,429.9,0.21607
2710,5769.4,55665,25.9,652.72,441.07,0.19351
2711,6968.9,57967,36.936,370.28,184.18,0.33563
2713,6709.6,57254,23.664,915.46,653,0.16733
2713,8125.9,55916,20.476,693.51,368.66,0.30583
2714,6800.1,57157,35.22,586.81,306.63,0.3136
2714,7937.6,55915,27.524,601.37,305.88,0.32569
2715,7465.7,57214,28.943,481.26,461.03,0.021473
2715,8560.9,58291,36.584,713.53,353.33,0.33762
2716,7525.6,57028,34.144,521.37,146.37,0.56159
2717,5877.5,57737,31.509,334.88,267.64,0.11161
2719,7918.1,57280,23.165,333.96,161.4,0.34836
2720,8025.8,57215,26.438,270.71,144.88,0.30276
2721,6236.4,57339,31.835,528.74,338.67,0.21912
2721,7445.6,57899,34.952,453.7,186.23,0.41796
2722,6346.3,57367,24.628,442.16,235.79,0.3044
2722,6446.9,57002,39.579,537.96,452.99,0.08575
2722,7790.8,58313,26.061,525.92,259.89,0.33855
2723,7669.9,58359,23.984,495.17,253.94,0.32202
2724,7409.5,58040,33.595,458.39,232.13,0.32766
2725,5922.8,56032,31.483,603.29,490.42,0.10319
2725,7222.8,55595,22.812,382.45,391.85,-0.012138
2725,7736.7,57861,17.348,992.74,571.24,0.2695
2726,6014.9,56935,31.761,368.8,327.43,0.059422
2726,7764.2,57877,25.095,1044.3,436.95,0.41004
2728,7732.1,57606,18.138,384.23,112.05,0.54843
2729,7776.8,55958,31.524,231.84,108.21,0.36355
2729,8604.4,56675,27.333,784.19,458.16,0.26243
2730,7965.5,57629,12.622,845.41,483.64,0.2722
2730,8298.2,56109,32.279,331.65,171.26,0.31893
2731,7945.6,57761,30.281,597.8,394.63,0.20473
2731,8237.8,56029,22.176,576.65,413.74,0.16449
2732,6068.8,56316,31.078,399.39,301.74,0.13928
2732,7953.7,57774,23.807,299.88,191.6,0.22032
2733,7439.3,58303,23.434,621.72,428.63,0.18383
2734,5815.4,56332,30.003,390.52,355.44,0.047023
2735,5775.1,56320,26.41,256.06,129.52,0.32818
2735,6061.6,55665,29.522,400.22,322.65,0.10732
2735,7029.4,57713,35.048,668.66,297,0.38487
2735,8249.6,57168,28.173,344.71,110.91,0.51315
2736,6157,55790,33.53,321.32,118.91,0.4598
2736,6541.9,57267,30.336,305.37,220.69,0.16096
2740,7849,57537,23.172,335.92,220.4,0.20764
2742,6150.5,56330,28.015,905.28,795.33,0.064654
2743,6578.7,57084,33.058,567.51,264.89,0.36354
2744,5851,56573,40.896,613.01,464.1,0.13825
2744,6089.5,55775,33.816,741.32,298.54,0.42581
2744,6876,56220,22.062,433.74,317.05,0.15542
2745,7191.3,56691,29.206,280.79,230.27,0.098849
2745,7896.5,56755,17.981,531.79,246.35,0.36682
2746,7836.9,56699,21.648,493.63,134.2,0.57248
2747,6161.3,58145,23.273,510.38,337.64,0.2037
2747,8658.2,58114,28.852,274.19,165.37,0.24756
2748,6420.4,55647,27.99,276.08,148.12,0.30166
2749,7812.3,57761,19.1,486.86,166.09,0.49126
2750,7890.7,57640,20.977,613.76,108.35,0.69991
2751,7660.8,57533,21.201,453.74,142.43,0.52219
2752,7870.5,57006,17.319,883.59,429.95,0.34536
2752,7873,57166,31.509,1012.2,492.34,0.34554
2753,7948,56696,21.303,725.17,171.66,0.61719
2754,7861.5,56634,31.45,442.21,113.2,0.59237
2755,6255,56913,27.653,309.08,175.16,0.27656
2755,7704.5,56879,19.026,545.12,141.94,0.58681
2756,7585.7,56981,17.281,526.85,149.87,0.55707
2756,7878,58377,15.237,528.75,413.61,0.12218
2757,6751.5,56583,34.946,335.95,181.36,0.29885
2757,7832.7,56834,25.045,691.62,159.74,0.62475
2758,6847.3,56684,23.251,528.39,230.68,0.39221
2758,7287.7,56420,22.204,249.89,110,0.38872
2758,7652.4,58205,33.546,391.96,198.77,0.32703
2758,8038.2,56758,22.214,336.55,138.54,0.41678
2759,6751.4,56730,28.526,430.16,133.88,0.52527
2759,7653.7,58174,31.962,797.02,756.64,0.02599
2759,8224.5,56784,29.363,534.92,354.78,0.20247
2761,8495.5,56867,32.498,749.21,508.38,0.1915
2762,8288.6,56955,17.244,285.46,195.33,0.18744
2763,8483.5,56975,12.443,654.04,620.28,0.026489
2764,6177.8,58153,31.783,418.78,187.96,0.38044
2765,8629.9,57225,16.432,1476.8,860.5,0.26367
2767,6181.7,58350,31.124,503.24,288.33,0.2715
2767,6533.6,56278,22.084,821.14,203.96,0.60207
2767,8658.7,57207,26.925,682.3,322.05,0.35869
2768,6478.8,56182,19.759,1052.4,434.72,0.41537
2768,7068.7,58099,29.25,512.03,322.3,0.2274
2768,8076.5,57570,22.208,377.78,237.87,0.22727
2769,5776.3,57371,30.023,373.91,256.39,0.18645
2769,7100.1,58066,24.489,938.13,667.58,0.16849
2770,6025.6,55841,23.982,899.17,191,0.6496
2770,6765.1,57751,34.038,852.75,439.39,0.31991
2771,6611.4,55902,21.179,560.59,319.65,0.27371
2772,6389,57494,23.681,345.75,219.92,0.22244
2772,6808.2,58166,33.646,519.26,149.37,0.55321
2773,5857.1,56703,28.041,503.26,548.66,-0.043153
2773,6514.3,58225,34.106,534.74,300.12,0.28102
2774,7343.2,56673,24.762,461.82,370.95,0.10911
2774,8572.2,56260,35.072,253.39,122.32,0.34886
2775,6129.9,57895,38.493,249.62,142.49,0.27321
2775,7288.1,56549,24.833,356.81,429.25,-0.092151
2775,7234.4,58016,32.864,1181,707.57,0.2507
2776,6317,58182,31.708,440.81,185,0.40877
2776,7354.3,56380,14.628,433.65,408.66,0.029673
2776,8502.2,57310,28.213,485.14,305.01,0.22797
2777,6582.3,58350,31.084,181.53,138.29,0.1352
2778,7401.8,56533,32.02,382.54,432.02,-0.06075
2779,5707,57418,34.712,339.36,253.05,0.14569
2779,7460.8,56643,31.801,951.43,717.03,0.14049
2780,5903.4,56222,37.049,494.43,310.21,0.22895
2780,6612.8,57089,32.683,355.59,416.14,-0.07846
2780,7634.9,56494,22.099,677.03,558.21,0.09619
2781,6559.7,56491,33.866,505.56,321.56,0.22247
2781,7308.9,55732,22.033,564.8,304.88,0.29887
2781,7859.5,56537,28.408,494.28,319.34,0.21501
2781,8428.8,55598,37.289,734.87,638.49,0.070178
2782,6154,56100,29.845,397.62,218.58,0.29056
2783,6208.2,55429,23.167,849.58,366.12,0.39768
2783,8074.9,56999,24.289,599.84,418.47,0.17811
2784,6870.5,56661,33.858,510.69,529.21,-0.017815
2784,8029.2,57270,24.856,854,584.79,0.18711
2785,6877.2,56612,20.491,683.47,302.65,0.38618
2785,7941.6,57405,13.97,920.82,412.84,0.38089
2786,6794.9,56590,30.292,647.7,381.61,0.25852
2786,7362.5,56363,30.171,554.69,379.49,0.18755
2787,7354.1,56283,18.952,1040.7,442.28,0.40352
2788,6240.2,57673,36.883,395.11,381.06,0.018095
2788,6833.9,56485,30.344,193.75,165.48,0.078715
2788,7386.1,56693,27.276,712.58,385.84,0.29747
2789,6591.5,57919,32.05,1063.2,743.55,0.17693
2789,6898.8,56527,24.373,386.06,131.94,0.49059
2791,6404.8,58228,31.415,697.11,471.97,0.19258
2792,6477.5,58145,27.704,880.63,608.45,0.18278
2792,8406.2,56957,28.34,361.57,185.61,0.32158
2793,6582.5,58113,25.574,850.43,674.32,0.1155
2794,6044.5,58280,34.168,873.68,503.81,0.26851
2794,8220.4,56099,25.946,612.47,262.19,0.40048
2795,5937.2,58147,19.552,1175.7,449.12,0.44718
2795,6276.4,56114,27.824,390.99,105.28,0.57573
2795,7074.9,57674,32.999,454.63,202.67,0.38332
2795,7124.7,58057,32.782,508.04,181.14,0.47433
2795,8341.4,55906,25.486,594.27,423.15,0.16819
2795,8476.5,57237,23.301,626.18,261.36,0.41104
2796,5761.6,58090,21.6,601.1,345.66,0.2698
2796,8188.8,55750,35.481,591.1,235.16,0.43078
2796,8240.8,55724,33.262,485.17,188.9,0.43953
2796,8620.4,56319,35.258,198.96,231.81,-0.076251
2797,7323.5,56624,22.049,435.51,282.2,0.21361
2797,8088.5,55591,30.833,289.99,104,0.47207
2797,8521.2,57959,20.102,503.86,101.09,0.6658
2798,7641.7,56455,19.586,865.12,376.45,0.39359
2798,7713,55894,17.763,414.54,315.49,0.13568
2798,8401.4,57247,36.795,397.99,346.51,0.069155
2799,7718,55896,22.672,439.53,402.27,0.044259
2800,7686.8,55882,16.129,314.02,290.47,0.038962
2801,7704,55893,16.931,392.27,245.93,0.2293
2801,8277.3,56289,30.902,328.97,376.78,-0.067749
2801,8556.9,58078,20.053,723.29,346.8,0.35184
2802,7733.5,55901,18.119,362.47,257.94,0.16848
2802,8591,58029,23.648,1301.3,633.59,0.34508
2803,7732.5,55838,20.627,633.26,509.62,0.10818
2804,7680.9,55895,16.303,500,365.99,0.15475
2804,7879.3,57741,35.302,491.17,372.94,0.13682
2804,8468.1,57398,31.398,743.5,416.56,0.28183
2805,7665.4,55912,12.109,516.37,391.95,0.13698
2805,8403.3,57438,21.191,812.58,524.52,0.21544
2806,8285.9,57181,25.817,340.2,293.77,0.073238
2807,8072.8,57028,24.575,630.04,735,-0.076887
2809,7811.4,58261,26.069,661.33,594.96,0.052832
2811,6896.4,57571,23.695,375.53,150.62,0.42747
2811,7372.8,56393,24.073,310.61,236.57,0.13531
2812,7242.7,56208,33.066,353.02,385.74,-0.044289
2813,6656.3,57746,36.586,826.8,102.27,0.77984
2813,6871.5,56482,16.628,1297.8,869.59,0.19757
2814,5948.3,57278,31.473,522.2,275.5,0.30927
2814,6978.3,56518,20.736,1042.2,934.78,0.054358
2814,7966,56693,28.772,512.61,371.17,0.16004
2815,6065.1,57277,29.916,769.21,729.83,0.026268
2815,7276.9,56526,19.797,754.55,444.34,0.25874
2815,7865.2,55887,32.44,209.49,227.45,-0.041101
2815,8036,57736,30.334,412.99,127.25,0.52892
2816,6172.8,57087,33.533,463.31,250.53,0.29808
2816,7215.3,56660,31.341,1157.8,768.84,0.20189
2817,6289.3,56873,36.942,281.16,338.32,-0.092278
2817,6662.3,58108,25.008,832.32,538.54,0.2143
2817,7311.2,56356,23.046,413.7,546.14,-0.13798
2818,7275.1,56385,15.944,376.86,368.49,0.011217
2819,6733.7,57441,33.068,237.81,274.77,-0.072098
2819,7322.4,56358,13.519,408.24,283.66,0.18005
2819,7850.2,55914,38.169,564.91,184.72,0.50718
2819,8491,55565,23.705,512.39,240.56,0.36101
2820,6886.8,57348,37.993,274.97,125.92,0.37182
2820,7331.8,56358,13.45,463.47,314.54,0.19143
2820,8199.3,55807,27.312,630.94,407.66,0.21498
2821,7339.1,56331,17.061,303.07,207.96,0.18611
2821,8236.7,55953,36.808,289.63,161.41,0.28428
2822,5676,56730,30.857,356.73,293.33,0.097526
2822,6869.3,56933,26.806,485.94,500.74,-0.015003
2824,5758.4,56837,33.049,348.39,205.85,0.25718
2824,7483.2,57591,33.218,261.22,225.82,0.07269
2824,8582.7,57533,24.664,891.27,721.51,0.10526
2826,7664.4,55904,10.582,589.39,118.87,0.66434
2827,8351.8,57013,25.63,440.28,302.53,0.18544
2829,7822.2,55825,23.04,332.57,143.27,0.39782
2830,7156.1,58161,22.563,356.65,227.12,0.22187
2830,7709.3,55900,12.98,569.07,477.49,0.0875
2830,8537.7,56292,27.204,283.7,236.37,0.091016
2831,6072.1,57407,32.09,403.78,237.41,0.25947
2831,7124.3,58173,24.595,391.36,179.81,0.37037
2831,7686.7,55908,15.537,589.36,602.03,-0.010636
2831,8134.2,57263,25.22,734.92,458.01,0.23212
2832,5825.3,57502,32.463,320.54,167.64,0.3132
2832,6621,58015,25.575,160.29,103.56,0.215
2832,6702.6,56412,34.997,323.92,276.43,0.079094
2832,7306.6,56433,27.537,516.02,194.87,0.45176
2833,6649.2,56533,28.384,414.59,316.69,0.13386
2833,7455.1,56419,25.75,939.02,920.14,0.010157
2833,8340.5,58058,38.535,407.35,325.32,0.11195
2834,8566.7,57156,38.247,343.87,178.28,0.31713
2836,5978.3,56738,26.553,370.63,267.48,0.16166
2836,7330.4,56638,28.337,291.21,197.43,0.19192
2837,7216.1,57653,27.123,328.36,192.84,0.26002
2837,7457.5,56472,17.727,786.95,350.73,0.38343
2837,7945.7,58305,21.805,1104.7,872.05,0.11771
2838,6040.4,56449,24.553,1105.9,729.82,0.20485
2838,7018.9,57474,39.617,590.64,194.07,0.50537
2838,8016.4,58322,24.613,1302.3,736.82,0.27731
2839,7861,57584,25.37,441,360.27,0.10075
2840,5903.8,56167,16.312,1152.9,720.89,0.23053
2840,7923.9,58339,41.538,714.76,477.11,0.1994
2841,7918,58367,20.077,512.45,348.16,0.1909
2841,8248.3,55624,28.14,337.8,136.11,0.42558
2842,6278.8,55561,29.662,812.52,322.72,0.43145
2842,7994.1,58303,32.634,148.84,154.45,-0.018485
2843,6336.8,55618,33.474,790.44,712.06,0.052164
2844,7805.1,58289,31.204,190.95,109.3,0.27196
2844,8525.8,55487,25.447,296.7,102.38,0.48691
2845,7258,56388,30.514,288.48,210.12,0.15714
2846,5733.8,56239,25.782,692.71,293.89,0.40424
2846,6822.1,56799,19.105,762.93,349.72,0.37138
2846,7833.5,55969,26.237,234.55,311.9,-0.14154
2850,8501.6,56948,30.035,437.39,267.12,0.24168
2852,6217.6,57378,30.054,387.28,363.49,0.031682
2852,7173.6,56514,17.784,1212.6,711.55,0.26042
2852,8458.5,55742,34.5,1179.2,611.43,0.31709
2853,5939.7,57231,28.622,535.83,262.05,0.34314
2853,8503.6,55656,22.932,787.65,207.83,0.58245
2854,8265,55723,27.985,641.92,374.25,0.26342
2854,8216.6,58277,26.093,590.28,174.64,0.54339
2855,6668.8,56690,38.548,699.08,617.68,0.061813
2856,7188.9,55770,15.086,613.66,447.92,0.15613
2857,7165.6,57932,33.821,329.54,359.85,-0.043976
2857,7204.3,56582,41.544,436.02,548.98,-0.11468
2859,8624.7,55437,13.589,407.9,283.31,0.18025
2860,5911.5,57275,31.596,247.26,140.92,0.27394
2860,8414,57197,27.277,324.52,218.47,0.19531
2863,7423.1,56521,31.799,580.45,460.51,0.11522
2864,6366.1,58386,33.092,308.01,272.05,0.061993
2864,6821.1,57396,25.444,594.33,291.42,0.34198
2864,7576.5,56456,24.405,661.73,413.91,0.2304
2864,8629.7,57173,33.219,423.09,233.24,0.28927
2865,7545.3,57769,29.499,455.97,161.75,0.47629
2866,5803.2,56086,18.016,918.18,124,0.76204
2866,6567,57080,27.421,1052.2,514.43,0.34325
2866,7569.8,57882,24.152,396.29,260.33,0.20706
2867,6284.1,56849,29.451,235.84,161.41,0.18739
2867,7423.1,57660,37.32,508.93,347.72,0.18818
2868,6368.8,56204,35.713,221.11,109.31,0.33835
2869,6603.9,57507,26.502,507.7,303.81,0.25125
2869,7509.9,56512,20.382,858.55,473.18,0.28937
2870,6662.8,57534,28.765,454.48,239.01,0.3107
2870,7137.1,56017,22.784,849.82,555.83,0.20915
2870,8621.3,55536,24.108,759.89,323.21,0.40318
2871,6652.6,57553,34.851,351.32,415.44,-0.083625
2871,7189.4,55679,17.317,404.5,328.13,0.10424
2872,6080.7,57530,33.348,353.23,232.89,0.20532
2872,7312.5,55703,30.124,442.31,549.08,-0.10769
2872,7255.6,56605,13.126,587.57,270.91,0.36886
2872,8193.5,55652,22.433,570.23,389.81,0.18794
2873,7027.2,56724,24.793,459.24,230.3,0.33201
2873,8595.2,55538,23.545,487.35,300.4,0.23732
2874,6835.5,57462,33.01,629.55,405.39,0.21659
2874,6947.3,57422,37.588,729.74,475.63,0.21082
2875,6386.7,58254,36.441,618.38,465.72,0.14081
2875,6775.7,57606,21.786,735.72,638.96,0.070388
2875,8242.5,56326,29.547,386.13,334.95,0.070977
2876,6881.4,56024,29.797,336.81,345.53,-0.012779
2876,8417.1,55785,38.451,311.9,163.35,0.31258
2877,5912.4,58002,26.957,363.53,250.58,0.18393
2877,8562.9,55824,19.851,703.13,761.77,-0.040033
2878,6574.5,57959,28.572,346.44,235.61,0.19041
2878,8540.6,55755,17.544,953.44,583.08,0.24104
2881,8207,55744,30.872,638.73,429.88,0.19544
2881,8217.2,56891,36.062,174.87,149.83,0.077145
2881,8629.1,55550,25.285,343.11,123,0.47222
2882,8120.1,56781,34.626,585.51,492.92,0.085853
2882,8604.9,55699,26.756,592.98,562.23,0.026618
2883,7755.1,56638,19.952,892.32,781.14,0.066435
2884,7228.2,56614,22.531,338.21,583.6,-0.26621
2885,6678.7,55965,27.777,390.35,290.73,0.14626
2885,8029.3,57590,24.394,341.18,243.63,0.16681
2886,6894.4,56174,26.658,445.31,122.04,0.56978
2886,8232.5,57328,31.441,723.83,677.53,0.033039
2887,7897.5,57549,22.19,375.39,181.95,0.34707
2887,7936.9,58335,24.391,283.37,166.62,0.25946
2887,8408,57149,28.087,400.64,165.56,0.41518
2888,8292.7,57174,25.73,486.19,488.53,-0.0024079
2889,8157.1,57065,32.168,411.1,343.89,0.089027
2891,5778.1,56496,38.71,209.3,217.05,-0.018187
2892,6588.7,57607,30.112,457.16,366.82,0.10964
2892,7469.8,56673,26.585,550.11,355.39,0.21504
2893,6922.3,57886,31.818,404.49,244.68,0.24616
2893,7627.6,56514,19.06,688.39,458.17,0.2008
2895,5693.3,57060,31.766,759.4,351.15,0.3676
2895,6999,57999,31.734,672.18,293.22,0.39254
2896,6365.7,58338,25.184,315.11,122.86,0.43896
2896,6884.1,57963,33.024,412.75,485.4,-0.080893
2897,6262.2,56393,38.442,709.14,636,0.054371
2897,7626.5,56880,25.677,427.25,447.21,-0.022823
2898,7334.6,55813,31.791,379.37,194.38,0.32242
2900,7582.1,56600,20.955,676.94,274.74,0.42262
2901,5879.3,57291,28.12,261.07,145.63,0.28384
2901,7369.1,56481,15.622,1114.4,530.11,0.3553
2901,8471.5,55700,31.882,525.85,301.31,0.27147
2902,6031.1,57148,39.115,205.02,201.01,0.0098898
2902,8587.8,55638,17.346,1070.7,767.57,0.16492
2903,5740.4,57231,26.777,1069.2,708.42,0.20296
2904,8048.5,57435,25.1,611.2,239.39,0.43711
2905,8623.9,57242,31.172,565.76,375.2,0.20252
2906,5916.7,55928,34.2,239.49,161.92,0.19325
2906,6365.3,58320,27.209,819.22,473.83,0.26711
2908,6895.2,56315,29.136,846.84,557.03,0.20644
2909,6934.1,56321,14.009,1056.2,687.3,0.21161
2909,7659.9,58278,12.925,414.08,228.82,0.28816
2909,8323,57021,34.472,381.98,337.27,0.062159
2910,6973.6,56153,20.847,511.4,179.66,0.48003
2910,7607.8,58281,38.507,201.87,173.59,0.07533
2910,8437.5,56540,31.102,642.98,389.71,0.24525
2911,7025.3,56252,33.412,309.38,224.78,0.15838
2911,7599.5,56904,36.132,437.99,169.35,0.44233
2912,7156.5,56515,21.096,1019.5,1220.6,-0.089786
2913,7192.5,55810,18.93,620.63,621.67,-0.00083533
2913,7397.6,56607,18.366,810.4,651.26,0.10888
2913,7873.1,57613,19.028,446.89,460.83,-0.015356
2914,7226.5,56400,32.319,348.12,215.31,0.23572
2917,6077.7,57202,25.96,329.75,155.78,0.35831
2917,7273.4,55929,27.685,401.15,434.47,-0.039873
2918,6003.9,57124,37.141,166.79,124.72,0.14429
2918,7411.8,56411,14.121,1118.4,594.78,0.30564
2918,8609.9,57668,28.763,734.29,587.21,0.1113
2919,6842.4,57746,28.856,410.21,199.43,0.34576
2919,7309.8,56312,18.635,1034.4,605.24,0.26175
2920,5915.8,57572,22.239,783.21,668,0.079392
2920,6653.9,57077,28.223,386.28,243.93,0.22588
2921,6248.5,57495,28.624,413.44,230.42,0.28425
2921,7385.2,55849,40.223,711.01,934.65,-0.13589
2921,7822.9,56607,34.538,442.27,390.8,0.061788
2922,5756.8,56767,34.989,323.28,374.21,-0.073014
2922,7783,55948,25.812,658.53,252.92,0.44501
2923,7387.5,56431,22.674,256.61,169.47,0.20452
2923,7390.9,57934,35.867,323.15,349.75,-0.039543
2925,7217.5,56506,26.601,612.08,328.45,0.30156
2925,7314.4,57739,28.876,273.96,162.2,0.25622
2927,6912.9,58161,34.894,226.39,128.22,0.27683
2928,5876.2,56685,30.353,404.83,322.27,0.11354
2929,5993.3,56990,33.949,281.3,331.18,-0.081441
2929,7691.3,56120,23.566,419.16,174.73,0.41157
2929,7916.5,57613,12.843,954.11,613.9,0.21697
2930,7571.1,58002,28.294,404.03,370.89,0.042756
2930,7854.3,57610,17.45,405.36,437.73,-0.038391
2930,8159.6,57109,28.148,530.2,448.39,0.083595
2930,8390.8,57637,25.264,578.05,426.48,0.15089
2930,8634.3,55648,19.056,718.13,556.83,0.12652
2931,8202.7,57654,35.197,392.01,278.92,0.16856
2931,8328.1,56922,35.804,773.39,755.39,0.011771
2933,8363.2,58364,15.565,788.28,305.18,0.44181
2934,6437.3,57727,25.589,207.44,229.9,-0.051357
2934,7126.5,56351,22.58,775.15,325.95,0.40796
2934,7325.2,55557,32.606,375.77,192.42,0.32269
2934,8236.7,57320,32.46,587.67,269.45,0.37127
2934,8556.6,58215,30.831,1440.3,952.14,0.20403
2935,8624,58295,23.841,499.35,186.23,0.45673
2937,5919.1,58363,38.005,511.56,315.87,0.23651
2937,7192.7,57406,33.013,494.95,445.88,0.05215
2938,7505.1,56252,26.883,268.23,169.21,0.22635
2939,5836.4,56063,31.522,669.35,524.79,0.12106
2939,8322,58011,32.328,321.45,170.27,0.30744
2940,5765.3,56051,33.962,275.17,136.82,0.3358
2940,8495.8,58156,26.644,506.37,152.69,0.53663
2941,5952.3,55709,23.047,772.48,296.62,0.44511
2941,7087.7,55760,32.684,407.08,354.1,0.069605
2942,5815.4,57106,34.995,510.82,401.16,0.12024
2942,5884.7,55769,25.994,1294.7,589.82,0.37404
2942,7007.2,55712,34.106,335.23,223.7,0.19955
2943,7958.8,57946,34.966,407.13,254.03,0.23156
2944,6918.5,57274,35.001,401.78,330.31,0.097632
2944,8214.3,56891,32.493,365.54,110.18,0.53678
2944,8229.6,57942,39.034,459.65,228,0.33687
2945,6392.4,55927,23.339,736.87,491.97,0.1993
2945,6792.3,57679,34.235,874.98,621.59,0.16931
2945,8065.6,56586,29.459,496.86,203.49,0.41888
2946,8510.1,57502,25.928,635.09,221.18,0.48339
2947,6385.7,55749,32.839,276.6,218.16,0.11811
2947,8415,55743,27.734,318.16,179.32,0.27908
2948,6396.7,55640,27.116,817.5,416.71,0.32473
2949,6678.3,55747,36.371,421.54,319.26,0.13807
2949,8053.7,56454,37.515,611.09,452.94,0.14863
2950,6471.8,55796,28.078,588.71,288.99,0.34149
2950,7947,56549,25.271,518.15,422.82,0.1013
2951,6706.6,55964,27.638,356.92,242.67,0.19056
2951,6686.1,57871,36.379,565.58,466.03,0.096503
2951,7700.3,56612,20.745,601.02,385.2,0.21883
2952,8470.8,57998,34.016,650.86,456.02,0.17603
2952,8474.6,55545,34.305,931.1,705,0.1382
2953,5690.2,58285,33.927,167.68,262.02,-0.21956
2953,6114.1,57001,27.689,281.66,245.23,0.069143
2953,6968.6,57684,21.749,430.33,234.89,0.29379
2953,8530.8,55465,22.543,577.34,329.42,0.27342
2955,7832.7,56518,17.023,493.98,304.63,0.2371
2955,8176.4,55803,35.458,277.98,126.68,0.37389
2955,8156.7,57619,26.304,381.96,330.52,0.072197
2957,6758.1,56265,34.699,304.79,157.22,0.31941
2958,6671,56256,28.202,341.94,197.32,0.26819
2959,6857.4,56302,30.386,623.3,327.45,0.31117
2960,6765.3,56243,34.889,400.66,277.94,0.18084
2961,8202.5,57113,30.673,237.72,184.02,0.12732
2961,8394.2,57935,22.888,519.26,199.12,0.44564
2962,7633.2,56633,26.161,417.45,190.41,0.37352
2963,7217.9,55674,31.778,520.67,134.68,0.58899
2963,7657.2,56471,30.372,318.96,122.11,0.44629
2963,8555,58098,31.573,190.4,282.97,-0.19555
2964,6397.7,56628,30.147,452.95,353.15,0.1238
2964,7550.4,58167,33.601,243.02,222.84,0.043325
2965,5748.4,55645,37.047,343.65,242.22,0.17312
2967,7215.3,56463,34.08,599.64,458.2,0.13371
2967,8661.2,58371,31.34,361.13,153.61,0.40315
2968,7543.5,56796,32.276,472.01,184.23,0.43853
2968,7497.1,58253,37.779,386.71,394.39,-0.009831
2969,5672,57919,29.366,242.47,115.16,0.356
2969,7231.9,58233,30.189,407.69,252.23,0.23557
2969,7913.6,55947,32.304,570.52,337.06,0.25723
2970,7261.4,58228,32.219,591.36,281.92,0.35435
2970,7546.6,57375,22.071,520.4,188.26,0.46869
2970,8101.6,55868,26.447,1119.7,361,0.51239
2971,5752.9,57964,28.805,321.24,152.9,0.35504
2971,7626.9,57661,27.079,968.79,409.01,0.40628
2972,7967.2,57158,29.481,602.83,450.65,0.14446
2972,8093.2,55918,32.76,561.79,416.13,0.14895
2973,6274.9,58345,20.53,1057.2,308.1,0.54867
2973,7957.1,57152,34.632,311.56,595.96,-0.31338
2974,7950.3,57258,20.461,322.2,448.97,-0.16438
2975,7944.7,57528,16.938,858.55,528.34,0.23809
2976,6236.2,57915,30.945,553.39,305.6,0.28847
2977,6169.5,56919,32.703,821.02,517.06,0.22716
2977,8159.7,56913,35.087,358.9,393.9,-0.046493
2978,7111.3,57965,35.88,271.1,245.14,0.050274
2980,8628.7,55557,35.801,204.04,377.21,-0.29794
2981,7564.5,56160,27.734,552.49,574.56,-0.019581
2981,8598.2,55534,20.495,293.26,115.4,0.43522
2981,8506.2,56786,29.508,368.64,184.28,0.33344
2982,7716.8,56209,26.574,472.37,303.16,0.21818
2982,8388.7,57775,26.589,336.32,223.63,0.20124
2982,8473.6,55755,29.629,1037,724.75,0.17724
2983,6702.3,56581,32.404,331.92,274.6,0.094506
2983,7842.9,55915,21.541,785.01,457.04,0.26406
2983,8277.8,55837,33.234,338.04,217.16,0.21772
2983,8360.8,57706,21.944,684.03,395.45,0.26734
2985,6797.9,57003,22.67,536.02,145.43,0.57318
2985,6723.4,57688,26.461,260.61,153.1,0.25987
2986,7331,56966,31.222,746.43,354.08,0.35652
2987,6614.5,57895,21.363,387.53,319.5,0.096223
2988,7326.3,56252,41.935,609.65,525.47,0.074162
2989,6833.3,57052,29.503,513.66,368.08,0.1651
2989,7318.6,56690,20.891,489.26,283.61,0.26608
2990,6607.5,57923,18.879,253.04,256.06,-0.0059302
2990,7416.9,56476,24.498,890.88,556.32,0.23118
2993,6530.7,56981,26.047,622.63,423.56,0.19028
2994,7343.5,58280,34.964,522.13,317.28,0.24404
2994,7642.9,57239,23.811,970.06,596.53,0.23843
2995,6695.8,57081,30.782,241.71,184.43,0.13443
2995,7407.7,57293,25.975,530.46,280.61,0.30805
2995,8661.5,57627,22.401,275.56,157.23,0.27341
2996,6843.5,57151,30.692,385.75,199.52,0.31819
2997,6705.2,57153,26.993,925,559.11,0.24654
2997,8269.6,56635,39.008,445.23,373.53,0.08757
2997,8665.1,55415,18.776,358.6,236.4,0.20536
2998,5685.5,56555,31.992,450.03,120.52,0.57754
2998,6183.9,58304,37.666,658.56,593.29,0.052139
2998,6913.3,57012,31.338,307.63,181.44,0.25803
2998,8622.9,56546,26.668,594.51,293.61,0.3388
2999,6070.8,58143,27.348,674.35,395.24,0.26095
2999,8581.1,56735,27.448,285.47,170.34,0.25258
3000,5924,58124,24.139,702.09,321.22,0.37219
3000,6853,57170,30.097,371.61,254.52,0.187
3000,7515.2,55573,33.537,301.06,243.74,0.10522
3000,7682.3,58280,20.322,464.19,268.98,0.26626
3001,5720.1,57850,31.782,353.82,139.38,0.43479
3001,6623.1,56623,31.301,308.55,141.41,0.37147
3004,5681,56493,37.748,230.99,191.85,0.092566
3005,6361.7,56377,29.567,420.82,220.83,0.31169
3005,7724.8,57152,31.971,742.14,468.82,0.22571
3006,7713.9,56562,23.057,602.82,315.58,0.31276
3007,6303.6,56454,30.719,1107.2,946.98,0.077993
3007,6443.4,56316,30.152,1013.8,784.44,0.12752
3007,7472.6,57812,26.088,359.47,201.95,0.28058
3007,7662.8,56514,20.657,903.19,422.65,0.36244
3007,8458.6,55803,28.674,244.09,164.19,0.1957
3007,8335.3,57049,29.202,464.22,144.1,0.52624
3008,6139.5,58014,17.172,424.28,329.44,0.12583
3008,7898.1,56451,32.735,531.26,395.2,0.14686
3009,5852,55486,19.146,785.56,492.19,0.22959
3009,6128.1,58115,21.823,758.16,215.79,0.55687
3009,6460.9,56912,29.797,418.11,288.82,0.18288
3009,8387.3,57206,37.681,348.94,453.49,-0.13029
3010,6619.7,57015,30.114,198.66,125.87,0.22429
3011,7582.8,58213,22.073,444.45,420.56,0.027619
3012,7555.6,58033,25.766,555.67,296.68,0.30386
3012,8205.6,56522,24.931,445.68,373.9,0.087579
3014,7984.8,57294,18.547,604.35,280.05,0.36669
3016,7565.3,56817,34.843,275.88,349.09,-0.11713
3016,8279,57946,36.642,284.28,246.6,0.07097
3017,6226.4,55484,27.151,678.57,499.47,0.15203
3017,6901.5,56158,23.165,965.66,285.41,0.54373
3017,7529.3,56822,24.855,643.44,378.67,0.25905
3018,7458.5,58275,25.943,334.77,242.92,0.15899
3019,7349.6,58290,34.396,141.31,140.76,0.0019555
3024,6858.7,57730,35.797,367.52,288.27,0.12085
3024,8548.7,56262,29.357,252.66,291.48,-0.071334
3025,6818.6,57853,30.264,352.7,207.82,0.25848
3025,7942.3,57821,34.182,188.93,128.59,0.19004
3026,7939.6,57646,21.391,499.01,384.98,0.129
3028,8464,57855,22.887,864.71,568.06,0.20705
3029,6677.9,57189,32.605,550.53,617.11,-0.057018
3029,8645.1,57716,24.878,495.26,249.98,0.32913
3030,6034.8,55940,36.174,574.46,298.61,0.31595
3030,6466.4,56902,24.753,1267.6,946.09,0.14523
3030,8048.6,57385,22.665,428.26,282.45,0.20517
3031,5913.7,55609,24.099,579.96,331.77,0.27221
3031,7893.7,57201,27.089,702.59,541.98,0.12904
3032,6022.3,55575,29.503,770.93,342.87,0.38433
3032,8278.8,58024,35.531,520.44,440.8,0.082851
3033,7165.2,55568,34.272,336.25,158.28,0.35987
3033,7851.4,57298,17.431,1113.7,790.13,0.16996
3034,7361,56256,25.478,496.3,418.3,0.085285
3034,7532.7,57786,36.094,1505,780.82,0.31681
3035,7210,56402,14.644,335.53,353.63,-0.026268
3036,7238.7,56455,11.583,1002.2,679.92,0.19158
3036,7585.8,57788,31.138,421.43,307.02,0.15706
3037,5824.5,56072,35.488,342.49,244.8,0.16634
3037,7303.2,56485,24.027,811.3,839.24,-0.016927
3037,7417.3,57876,26.395,652.78,534.43,0.099691
3037,8032.8,57555,34.205,424.76,440.62,-0.018327
3037,8655.3,55472,28.568,694.62,214.84,0.52754
3038,6049.6,57490,28.368,591.37,623.38,-0.026354
3038,7283.7,56386,28.08,468.07,602.33,-0.12543
3038,7436.1,58040,36.513,333.37,108.06,0.51039
3039,5724.7,56222,28.524,636.15,369.22,0.26551
3039,6013.9,57662,19.087,312.4,238.9,0.13332
3039,7355.6,56543,35.799,562.2,406.29,0.16098
3039,7501.2,58001,35.955,402.78,214.31,0.30543
3039,7805.7,56803,27.193,599.83,376.12,0.22923
3040,6722.2,57634,24.068,440.93,176.3,0.42873
3040,7599.3,58007,29.859,424.91,210.53,0.33737
3040,7596.9,56611,24.823,1021.7,614.06,0.24921
3041,7283,55650,24.27,625.02,299.13,0.35264
3041,7364.7,56389,17.68,929.43,527.57,0.27581
3042,6748,57775,37.942,110.66,155.23,-0.16763
3042,7561.5,58184,16.921,399.24,182.37,0.37289
3043,6221.2,55888,26.56,526.83,294.06,0.28355
3045,6413,55408,24.204,744.14,517.7,0.17945
3045,6589.4,57583,30.477,561.24,165.07,0.54545
3046,6244.3,55596,25.221,471.22,278.28,0.25743
3046,6501.6,57528,32.351,508.8,405.82,0.1126
3047,6498.2,56880,32.702,526.48,262.88,0.33393
3047,7489,55579,36.588,250.46,262.91,-0.024257
3048,7869.4,57579,23.321,329.66,138.62,0.40795
3050,6159.5,55911,23.703,465.43,371.38,0.11239
3051,6302.1,55911,30.391,230.94,146.01,0.22532
3051,8027.9,57242,18.481,696.67,336.57,0.34852
3052,5862.9,55739,36.915,194.06,156.45,0.10731
3053,6021.9,57158,26.645,411.36,381.22,0.038026
3053,8405.3,58390,23.5,810.1,317.58,0.43675
3054,6156.9,57158,22.341,776.91,380.53,0.34246
3054,6623.2,56083,23.749,385.72,237.08,0.23866
3054,8430,58176,22.86,759.35,402.3,0.30737
3055,6527.8,56126,24.379,530.94,265.67,0.333
3057,6531.6,57018,28.825,628.75,378.78,0.2481
3058,6097.4,58040,28.718,271.54,139.66,0.32073
3058,6385.9,56575,36.984,488.89,492.7,-0.003876
3058,6454.8,57136,31.365,539.5,182.31,0.49486
3058,7182.4,55815,9.5729,624.74,626.89,-0.001718
3059,5962,55851,36.951,280.47,223.95,0.11207
3059,6135.2,58266,23.71,390.95,199.84,0.32348
3059,6693.7,57669,27.546,405.75,243.12,0.25063
3059,7703.5,58119,29.103,250.79,198.3,0.11689
3060,5676.8,56570,32.588,930.02,389,0.41017
3061,5751.8,57968,22.908,770.7,607.96,0.11804
3061,7231.1,57688,16.503,1258.4,671.32,0.30424
3061,8297.8,57400,30.029,653.21,315.14,0.34912
3062,6844.5,57496,18.25,1064.2,570.07,0.30235
3062,7343.1,58138,32.513,793.55,643.54,0.10439
3063,6692.2,57296,30.154,774.31,554.26,0.16563
3063,7071.3,55444,33.108,182.1,179.53,0.0071059
3063,7537.5,58269,30.381,576.96,194.37,0.49601
3064,6272.2,56655,38.518,287.92,186.45,0.21392
3064,6642.3,57117,27.32,369.7,158.1,0.4009
3064,7045.5,55549,37.042,221.73,115.93,0.31332
3064,7929.7,57324,13.348,505.13,149.87,0.54237
3065,6539.4,57324,31.397,239.27,225.11,0.030495
3066,6934.3,55659,35.156,286.21,139.29,0.3453
3066,8612.9,55473,21.527,415.1,173.86,0.40959
3066,8565.3,57911,30.058,475.34,276.89,0.26381
3067,6047.1,56445,35.426,203.1,412.48,-0.34013
3067,7499,58164,24.798,427.03,293.69,0.18501
3067,8208,55820,26.659,534.5,478.65,0.055125
3068,5870.8,56496,28.948,763.89,479.46,0.22875
3068,7608.2,57323,30.277,588.95,376.73,0.21976
3069,5798.4,56468,28.57,703.93,263.77,0.45486
3069,6132.9,56610,37.319,657.02,361.57,0.29005
3069,7004,55774,16.804,678.26,1211.6,-0.28223
3070,7312.8,55636,31.374,790.25,872.38,-0.049396
3070,7216.2,57634,28.041,781.58,788.25,-0.004247
3072,6923.3,57498,32.585,206.15,293.09,-0.17415
3073,6092.3,55407,27.636,310.7,335.5,-0.03838
3076,8323.6,56125,31.407,429.05,273.8,0.22089
3077,7732.7,58140,24.158,459.83,381.8,0.092709
3077,8088.8,55974,31.231,859.29,437.43,0.32533
3077,8641.6,56631,22.183,470.43,340.73,0.1599
3078,8013.4,57203,23.907,449.42,253.79,0.27821
3078,8635.8,56586,35.004,886.73,594.28,0.19747
3079,7812.1,56081,33.856,427.61,221.68,0.31717
3079,8103.2,57287,31.696,476.16,254.66,0.30307
3080,6994.8,56159,19.709,967.9,590.78,0.24195
3080,7222,58200,27.595,739.15,459.69,0.2331
3081,6986,56058,15.884,671.15,363.04,0.29792
3082,6194.9,56316,27.07,283.68,200.63,0.17147
3082,6981.3,55813,27.123,314.82,154.8,0.34074
3082,7322,56423,36.284,302.2,131.14,0.39473
3082,8078,55666,21.728,701.9,532.08,0.13762
3082,8268.8,57756,23.679,1275.3,715.76,0.28103
3083,6493.1,55621,29.57,854.43,553.88,0.21341
3083,7416.5,56536,19.501,617.67,357.02,0.26741
3083,8241.1,57634,31.92,1133.4,483.79,0.40168
3083,8554.9,57752,29.319,591.33,245.54,0.41319
3084,7340.5,56590,35.519,208.25,258.51,-0.10768
3084,8101,56246,29.666,427.98,220.4,0.32015
3085,6117.7,55661,26.594,259.16,168.94,0.21077
3085,7022.8,55557,32.431,332.63,161.21,0.34712
3085,7969,55877,32.798,347.47,171.38,0.33939
3085,8074.5,57902,31.627,266.26,136.37,0.32261
3086,5845,56180,29.188,344.59,296.44,0.075117
3086,7231.2,55670,23.801,273.27,145.23,0.30595
3086,8183,57698,34.701,415.69,190.27,0.37202
3088,7314.7,56514,26.958,361.77,222.29,0.23881
3088,8038,55843,26.648,813.93,533.77,0.20788
3089,6201.9,57397,33.145,389.83,143.72,0.46128
3089,7143.8,57336,27.696,755.12,746.64,0.0056459
3089,7599.2,57349,37.962,736.42,677.74,0.041493
3091,6407.4,57898,30.513,241.31,113.16,0.36153
3091,7804.7,57524,23.205,467.36,444.46,0.025115
3092,7939.5,57486,16.388,721.47,228.44,0.51902
3092,8242.8,55955,22.644,437.61,295.79,0.19338
3093,7853.6,57535,13.503,792.58,457.55,0.26799
3094,7644.6,55828,12.311,732.72,502.09,0.18677
3095,8614.5,57239,23.18,692.47,419.1,0.24593
3098,6422.4,57372,28.562,714.93,509.76,0.16753
3098,7942.9,56987,20.363,320.9,180.8,0.27923
3099,6346,56854,28.656,672.87,269.84,0.42752
3099,7750.9,56948,22.47,357.41,234.38,0.20789
3099,8465.2,58349,29.172,271.1,130.09,0.35148
3100,5773,56783,25.236,552,238.36,0.39684
3100,7170.9,56529,16.208,453.55,105.19,0.62348
3100,8404.3,56365,25.375,265.34,162.22,0.24118
3101,6082.6,55404,35.621,305.29,150.82,0.33866
3101,7246.7,56445,19.091,707.26,463.36,0.20835
3101,8050.4,56797,33.472,337.79,175.91,0.31512
3101,8363.6,56117,31.84,442.38,200.94,0.3753
3102,7526.8,58253,21.708,664.53,260.14,0.43734
3102,8042.3,56964,30.913,407.08,281.48,0.18241
3104,6031.7,55640,18.36,460.89,265,0.26987
3104,6793.6,56808,27.552,404.65,175.66,0.3946
3104,7906.6,57512,12.147,884.45,406.01,0.37075
3105,5947.4,55639,29.167,181.98,209.38,-0.070006
3105,6763.7,56868,29.16,521.21,314.83,0.24686
3106,7600.2,57918,30.356,342.98,286.52,0.089695
3107,5816.1,55508,26.283,550.24,288.06,0.31276
3107,6169.4,58042,28.163,235.92,156.16,0.20344
3108,6171.2,58337,28.183,631.79,385.86,0.24166
3108,6339,56783,28.114,493.75,440.09,0.057464
3109,6244.2,56755,31.985,178.36,156.41,0.065582
3109,7774.7,58155,26.911,297.68,255.99,0.075293
3110,7649.9,58307,18.806,723.74,525.93,0.15829
3111,7663.9,58279,20.717,329.85,125.98,0.44724
3112,6619.8,55821,34.655,507.48,375.94,0.14889
3112,7532.7,55951,27.341,389.45,269.14,0.18269
3112,7628.9,58291,26.369,266.06,146.87,0.28864
3113,6533.2,55902,25.446,518.55,275.97,0.30531
3114,6683.5,55806,30.577,344.44,240.85,0.17699
3115,6624.8,55695,30.577,382.45,410.69,-0.035603
3116,5895.6,57317,26.87,546.86,402.23,0.15239
3122,7041.7,55404,37.141,465.78,192.69,0.41474
3122,7261.5,56353,24.032,357.68,489.81,-0.1559
3124,5758.9,55630,35.043,221.57,242.02,-0.044117
3124,7280.9,57978,26.417,337.47,300.34,0.058208
3125,5855.1,55480,22.056,683.11,278.08,0.42139
3125,6760.1,57993,29.815,1037.8,346,0.49992
3126,6280.9,58183,24.28,792.29,371.68,0.36136
3126,7480.8,55524,35.16,339.06,396.33,-0.077883
3126,7857.2,57679,11.268,490.87,211.39,0.39797
3127,6351.3,58387,27.368,507.57,201.2,0.43225
3127,7441.9,55458,31.818,173.66,192.06,-0.050319
3129,6163.7,55537,17.783,467.17,168.18,0.47059
3129,6386.3,57782,40.571,320.51,154.64,0.34908
3129,7276.2,56217,38.395,374.13,364.21,0.013434
3130,6275.7,55550,22.747,439.34,162.04,0.4611
3131,6639.9,56228,30.425,344.8,179.53,0.3152
3131,7621.7,55820,19.838,520.55,474.41,0.046371
3132,6584.4,56212,29.94,395.32,383.43,0.015274
3132,7338.5,56437,18.652,693.78,534.1,0.13004
3132,7840.4,55866,28.386,454.42,264.04,0.26498
3133,6649.2,56030,23.984,477.3,186.28,0.43856
3134,6679,55984,34.418,218.91,330.84,-0.20361
3134,6747,57334,31.106,256.47,187.85,0.15444
3134,8614.5,55531,29.973,671.23,344.66,0.32145
3135,6732.3,57344,28.828,494.26,316.46,0.21931
3136,6960.3,56000,16.422,994.21,394.21,0.43214
3137,6467.1,57461,28.631,674.32,604.64,0.054484
3138,6072.6,56959,29.368,282.23,200.44,0.16946
3138,7366.9,57663,25.773,525.29,257.34,0.34238
3138,7412.2,56452,14.863,697.17,372.04,0.30408
3138,8300.4,56987,32.114,461.32,246.31,0.30385
3138,8281.3,56243,26.99,586.37,246.41,0.40823
3139,8284.6,57265,34.543,566.42,214.66,0.45035
3140,5821.7,57299,22.706,205.26,152.33,0.14801
3140,6267,56762,23.04,477.21,648.48,-0.15215
3141,6252.4,56830,18.201,449.92,382.04,0.081595
3141,7501.3,56152,28.725,474.04,275.5,0.26488
3141,8133.8,56633,35.031,360.41,200.03,0.28617
3142,7260.8,56031,29.225,229.35,175.79,0.1322
3144,5931.2,56771,27.253,395.01,335.54,0.081392
3146,8640.9,55446,17.428,412.25,235.85,0.27217
3148,8311.5,56057,31.217,409.75,236.11,0.26886
3148,8631.3,57625,29.907,1087.4,782.98,0.16276
3148,8628.5,57873,36.294,961.87,671.54,0.17775
3149,7947.2,57381,18.919,501.37,618.24,-0.10438
3149,8595.4,57500,25.848,895.92,381.07,0.40318
3150,7288.6,58388,27.039,401.23,293.7,0.15473
3150,7870.3,57586,28.574,253.06,151.64,0.25061
3150,8418.7,55627,28.676,462.02,327.45,0.17045
3151,7776.3,57386,27.763,504.41,457.14,0.049167
3152,7251.9,56557,23.234,267.88,134.14,0.33266
3152,7331.5,55407,34.653,353.86,274.95,0.12548
3152,7711.9,55866,27.468,248.9,277.47,-0.054278
3152,7946.1,57301,12.202,636.8,539.9,0.082351
3153,7952.6,57301,13.245,788.44,613.98,0.1244
3154,7617.6,56498,13.363,1302.6,562.23,0.39701
3154,8444.2,56512,30.365,350.41,113.23,0.51157
3155,7156.7,56433,22.447,1404.7,676.74,0.34975
3157,6740.6,56061,22.31,699.95,480.29,0.18611
3157,6799,57759,31.878,473.59,393.26,0.092669
3158,7924.5,58272,22.301,550.03,420.72,0.13321
3158,8019,57406,17.289,726.64,468.88,0.2156
3159,7933.4,57530,18.646,785.76,644.38,0.098858
3161,7964.3,57325,25.538,215.78,223.84,-0.018343
3162,6246,56027,30.754,601.93,607.88,-0.0049155
3163,7307.4,57808,25.26,287.23,210.82,0.15341
3164,7162.2,56428,28.195,624.41,533.86,0.078171
3165,6825,56732,24.811,756.12,431.34,0.2735
3166,7648.9,55998,20.864,545.03,119.94,0.63926
3166,8562.7,56797,31.522,439.73,213.44,0.34645
3167,6823.4,56924,25.333,309.71,146.16,0.35877
3168,6820.1,57122,22.352,512.54,256.29,0.3333
3168,7638.9,56000,38.258,151.51,102.45,0.19317
3169,5679.9,57402,37.042,679.31,338.02,0.33548
3170,7640.4,55975,31.82,219.59,182.29,0.092804
3170,8338.3,58128,27.347,538.89,425.14,0.11799
3171,6891.8,57620,37.331,505.84,352.11,0.17918
3172,6359.9,56072,29.906,394.65,319.91,0.1046
3172,6919.5,57108,29.008,807.5,471.76,0.26245
3173,6517.8,55974,29.897,508.2,313.97,0.23624
3173,6446,57639,31.618,422.95,337.21,0.1128
3174,6240.4,55803,30.926,368.48,167.57,0.37478
3174,7154.8,56164,25.598,404.86,265.01,0.20877
3174,8492.2,57415,24.395,885.8,263.17,0.54191
3177,5962.2,56324,31.389,499.75,249.63,0.33378
3177,6465.5,57213,16.588,1489.5,820.18,0.2898
3178,6207.4,57091,24.626,1068.5,596.23,0.28367
3179,5966.8,56203,25.132,773.16,454.38,0.25969
3179,8369.9,56047,26.435,690.21,585.99,0.081662
3181,5799.5,56618,35.476,1201.1,569.49,0.35671
3181,6363.8,57183,29.357,458.8,284.69,0.23417
3181,7079.1,56252,28.522,535.81,782.85,-0.18734
3181,8298.6,57432,22.846,605.8,427.36,0.17272
3182,5825,56527,22.991,854.81,294.58,0.48742
3182,7166.7,57675,27.613,580.63,473.11,0.10204
3182,8258,57452,22.254,565.57,284.66,0.3304
3183,6639.9,57117,31.596,341.74,288.62,0.084281
3183,6752.6,57782,31.986,330.18,361.4,-0.045147
3184,6242.2,55956,30.224,445.81,195.57,0.39016
3184,8126.2,55742,20.429,346.29,266.3,0.13058
3184,8274.5,57555,35.229,435.48,290.01,0.20051
3184,8590.8,57486,30.948,672.85,519.15,0.12894
3186,6012.1,56146,22.297,206.82,102.54,0.33709
3186,6403,57314,21.079,828.22,399.12,0.34962
3186,7038.4,57462,26.596,733.34,273.3,0.45701
3186,7561.1,58355,27.01,448.31,241.35,0.30008
3187,6191.1,56156,29.279,798.41,699.98,0.065689
3187,8271.9,56757,29.185,325.81,109.24,0.4978
3187,8598,56121,32.347,214.2,106.42,0.33615
3188,6375.1,56163,31.845,507.81,304.55,0.25021
3188,7784.8,58131,21.106,346.92,193.81,0.28317
3188,8343.9,58318,29.607,333.76,186.87,0.28213
3189,6416.8,56239,34.115,421.26,247.3,0.26021
3189,7698.3,58218,29.486,474.41,348.94,0.15239
3189,7990.2,56265,24.941,532.16,227.47,0.4011
3190,7888,58272,20.06,1332.7,1155.6,0.071188
3190,8083.6,56004,26.734,505.89,163.77,0.51088
3190,8081.3,56107,30.965,639.37,286.28,0.38145
3191,6036,56530,28.77,236.91,127.85,0.29899
3191,7008.4,55702,32.704,237.79,143.16,0.2484
3191,7817.7,57756,27.477,553.78,203.6,0.46235
3191,7974.2,58319,28.556,1034.3,989.33,0.0222
3192,7866.4,57646,12.258,540.09,599.81,-0.052389
3193,6109.6,55614,28.26,341.92,215.81,0.2261
3193,6684.3,56901,28.676,991.11,675.04,0.1897
3193,7850.8,57435,31.159,1171.6,1146.9,0.010629
3194,5898.6,55619,31.634,673.39,547.33,0.10326
3194,6556.8,57071,19.001,707.28,329.32,0.36462
3194,7299.9,56406,8.9948,808.78,549.1,0.19124
3194,7569.9,57386,25.668,522.03,355.78,0.18939
3194,8429,57212,30.656,1291.5,848.12,0.20722
3195,5935.4,55681,30.739,562.4,322.01,0.27181
3195,6553.1,56778,39.01,269.7,181.56,0.19531
3195,7284.5,56396,14.55,442.25,306.7,0.18098
3195,7399.8,57107,38.331,702.94,359.79,0.3229
3196,7248.5,56472,20.089,906.95,512.76,0.27766
3196,7730.6,58277,29.334,526.51,271.91,0.31889
3196,8516.4,56883,33.395,307.46,159.54,0.31676
3197,6244.7,56269,27.344,235.36,179.94,0.13344
3197,6683.4,57277,33.453,325.15,196.49,0.24665
3197,7036.1,56591,20.699,999.5,626.38,0.22949
3197,7778.5,58143,22.948,232.91,183.58,0.11843
3198,6110.1,56166,34.859,363.03,211.67,0.26338
3198,8300.2,56465,34.595,680.16,334.6,0.34054
3199,5875.1,56151,28.786,412.25,270.53,0.20757
3200,5848.5,56141,23.352,273.87,189.19,0.18285
3201,5939.8,56155,25.91,433.75,369.22,0.080362
3201,6968.6,56524,22.553,923.4,539.53,0.2624
3202,8003.5,58193,27.32,615.36,252.58,0.41798
3202,8479.3,55466,21.648,882.11,1028.8,-0.076759
3203,8335.4,56506,33.95,564.8,873.54,-0.21465
3204,7211.5,57814,26.32,216.79,169.96,0.12108
3204,8398.2,56487,32.05,210.13,443.03,-0.35658
3205,7323.9,57318,29.642,550.12,236.36,0.39894
3205,7335.6,57791,26.472,594.33,573.88,0.017507
3206,7181,57290,25.851,485.37,104.61,0.64538
3206,7875.2,57642,21.311,295.72,240.77,0.10241
3206,8663.1,55557,20.434,396.41,202.88,0.32292
3207,7831.6,57671,14.573,546.66,277.76,0.32617
3207,8594.9,58195,26.739,664.45,318.82,0.35151
3208,7282.1,55705,21.004,364.76,424.41,-0.075576
3208,7851.3,57681,17.471,318.8,261.71,0.098335
3209,6627.9,57146,32.396,427.3,229.54,0.30108
3209,8667.4,56559,32.877,331.05,140.58,0.40385
3211,5876.9,57842,29.603,181.31,104.44,0.269
3211,6113.5,55871,30.684,189.19,158.96,0.086825
3211,6817.5,56934,27.266,875.65,169.13,0.67624
3212,7903.2,56915,30.473,661.43,283.8,0.39951
3214,5914.4,57950,33.786,100.88,134.73,-0.14368
3214,8573.8,56614,22.684,519.64,323.51,0.23261
3215,7440.5,56574,20.433,720,483.83,0.19619
3216,5834.2,57244,26.763,230.56,263.55,-0.066771
3216,6898.3,57279,27.868,376.97,156.18,0.41412
3218,5668.8,55468,29.672,454.36,258.7,0.27439
3218,6547.8,55764,14.009,488.26,189.67,0.44043
3218,7905.9,57492,15.137,795.11,447.71,0.27952
3219,7893,57537,17.804,708.34,380.73,0.30082
3221,6221,55680,14.109,808.66,901.18,-0.054112
3222,7052.1,55619,31.73,531.47,341.96,0.21697
3222,7165.6,56397,28.563,600.2,360.33,0.24972
3223,7171.4,55732,20.081,459.92,294.31,0.21957
3224,7084.9,55709,26.317,535.19,416,0.1253
3225,7215,56551,17.436,392.06,318.18,0.10401
3225,7329.4,55737,21.182,618.45,566.42,0.043914
3226,6090.6,55576,28.85,419.69,270.54,0.21609
3226,6916.4,55646,35.701,299.18,327.27,-0.044843
3226,7247.4,56469,33.155,298.24,243.25,0.10156
3226,8225.4,56564,30.433,620.09,335.55,0.29774
3227,7308.1,56470,26.646,319.3,182.19,0.2734
3227,8275,56525,27.708,670.79,470.31,0.17568
3228,7238.3,57738,29.477,249.26,103.52,0.41312
3229,7015.4,57611,24.391,376.2,287.47,0.1337
3230,7453.3,56554,22.966,387.67,176.7,0.37383
3230,8273,56524,35.298,341.67,214.93,0.22771
3231,8595.6,57419,26.076,309.56,180.86,0.26245
3232,6380.4,55413,32.868,421.27,267.73,0.22285
3233,6357.6,55396,28.62,746.38,233.71,0.52308
3233,6521.4,57716,31.456,289.45,291.01,-0.0026885
3235,7223.7,55844,32.76,313.04,198.21,0.22461
3236,6583.5,56580,39.351,287.75,184,0.21993
3238,6966.6,56307,31.382,374.01,292.8,0.12178
3238,7589.2,55958,20.068,567.1,306.48,0.29834
3239,6844.2,56178,30.214,511.99,101.01,0.67045
3240,6877.8,56076,24.872,480.63,175.74,0.46452
3240,7732.1,58383,26.457,445.33,196.82,0.38699
3241,8572,55565,21.18,383.1,240.17,0.22933
3242,6207.6,55410,32.085,203.6,134.63,0.20391
3242,6763.5,56985,32.309,268.4,201.73,0.14182
3242,7024.3,57761,36.403,420.41,248.5,0.257
3242,8627.5,55413,13.535,459.08,220.03,0.35201
3243,5728.7,57820,32.683,432.85,341.07,0.11858
3244,5718,56719,26.457,786.38,471.76,0.25007
3244,7356.8,56471,19.484,574.89,324.17,0.27887
3245,7218.3,55501,38.665,321.97,361.95,-0.058448
3245,7765.9,58183,28.271,530.18,303.68,0.27163
3246,7828,56226,25.069,657.26,463.81,0.17256
3246,8488.1,55531,23.964,493.48,383.97,0.1248
3251,7577.4,58043,27.38,442.91,369.03,0.090985
3252,6118.4,55750,36.982,288.29,341.4,-0.084335
3253,5974.4,55868,34.326,572.95,386.04,0.1949
3253,7486.4,56456,36.988,565.79,706.87,-0.11085
3253,7839.7,55594,31.851,406.01,255.33,0.22785
3253,8613.9,56218,23.205,1869.8,665.21,0.47519
3253,8626.5,56202,28.247,1699.5,611.02,0.47109
3254,7558.8,57545,31.288,343.06,188.58,0.29058
3254,8340.1,56565,28.311,733.01,253.5,0.48607
3255,7437.7,57579,24.09,647.88,341.5,0.30968
3256,6912.3,57304,33.199,620.59,456.19,0.15268
3256,7256.4,56478,11.496,639.55,355.7,0.28521
3256,7394.1,57496,24.747,1001.4,679.7,0.19135
3256,7605.4,55872,24.057,426.67,315.81,0.1493
3257,6543.5,56051,28.829,470.4,202.37,0.3984
3257,6588.9,57403,26.621,879.06,583.02,0.20248
3257,7392.4,56475,16.588,941.8,559.92,0.25429
3258,5882,58117,35.645,353.87,211.19,0.25249
3258,8122.5,56893,25.282,469.3,208.85,0.38406
3259,7231.7,56588,15.305,501.21,282.03,0.27984
3259,7712,57024,21.147,1319.9,637.67,0.34851
3260,7285.1,56407,10.578,845.65,364.59,0.39749
3260,7588.9,57140,20.678,477.69,266.26,0.28419
3261,5873.4,57855,36.005,556.33,358.85,0.21579
3261,7248.6,56370,9.8107,1153.9,503.68,0.39226
3261,7643.7,57190,24.197,593.88,243.02,0.41924
3262,7561.5,57221,28.766,512.43,343.01,0.19806
3262,8348.6,56239,30.917,241.71,214.82,0.0589
3263,5729.2,56391,25.958,620.95,280.82,0.37719
3263,7486.7,57540,29.319,633.16,520.4,0.097748
3264,6456,57407,22.304,591,312.36,0.30844
3264,7641.2,56155,32.983,239.89,284.37,-0.084842
3265,7432.1,56450,19.337,550.64,312.49,0.27592
3266,6776.2,57391,27.201,272.55,137.09,0.3307
3266,7509.3,56664,21.705,415.23,131.39,0.51927
3267,6929.2,58067,27.811,388.6,193.74,0.33461
3267,7840,58330,25.755,710.91,327.2,0.36962
3268,7975.4,57256,30.023,217.62,113.36,0.31499
3270,8043.6,55923,34.772,258.17,219.64,0.080627
3270,8129.2,56674,38.41,244.89,197.86,0.10624
3270,8225.2,57185,25.806,510.29,265.01,0.31638
3272,7097.8,57739,24.998,541.16,209.89,0.44108
3275,7847.3,57294,32.799,317.75,157.08,0.33838
3276,7941.7,57346,11.787,533.12,310.68,0.26362
3277,7561.3,55905,21.871,408.75,594.35,-0.18503
3277,8645.3,57111,35.738,300.31,177.59,0.25679
3278,7589.7,55903,14.47,463.26,464.43,-0.0012607
3279,6316.7,57886,28.807,292.62,215.38,0.15205
3279,8619.9,57869,28.673,376.05,230.26,0.24045
3280,5832.2,56381,31.007,426.79,262.51,0.23833
3284,7542.3,56809,20.992,833.27,498.38,0.25148
3285,7329.4,57582,28.304,804.62,629.94,0.12177
3285,7524,56751,25.143,1387.3,1020.6,0.15233
3286,6655.6,56691,28.985,645.16,508.61,0.11835
3286,6682.5,57228,26.64,373.13,108.99,0.54786
3286,7584.8,56862,27.774,671.2,421.2,0.22885
3287,7539.3,57178,31.584,759.13,301.08,0.43204
3288,7484.8,57298,30.116,445.87,327.81,0.15259
3289,8571.3,57112,36.295,459.9,115.36,0.59893
3290,8513.4,57187,31.4,357.04,272.54,0.13421
3291,6708.9,57833,35.629,481.44,296.3,0.23805
3291,8380.5,57155,23.001,579.08,275.01,0.35602
3295,5818.3,55594,29.955,461.09,394.89,0.077346
3296,5763.8,55401,33.943,423.88,303.54,0.16544
3297,7558.1,56625,24.548,540.47,216.73,0.42755
3298,7394.6,56459,13.861,605.68,277.48,0.37162
3299,7194.6,56220,34.328,747.75,249.56,0.49953
3300,5951.6,56761,28.423,265.78,224.85,0.08342
3301,5891.7,55498,22.295,524.39,271.32,0.31804
3301,8502.1,56819,25.515,287.76,109.51,0.44869
3302,8244.6,55507,25.434,386.08,220.98,0.27198
3302,8381.8,57088,20.864,1366.5,429.38,0.52182
3304,7267.6,56403,15.936,437.1,447.04,-0.011239
3304,8564.9,56118,31.258,481.88,323.76,0.19627
3305,7234.6,56426,14.805,406.36,429.68,-0.027895
3306,7205.9,56529,19.788,1002.9,791.72,0.11767
3307,5975.4,55485,39.304,1025.9,594.04,0.26661
3307,5967.7,58035,27.545,531.94,592.37,-0.053746
3307,7768.3,58347,14.835,1036.5,809.78,0.12279
3308,5864.5,57975,36.358,352.49,181.21,0.32092
3308,6871.9,56890,27.336,218.01,146.12,0.19743
3310,7464.9,58390,21.744,365.34,224.56,0.23864
3311,7536.4,57976,28.892,531.59,210.53,0.43263
3311,8543.2,56709,35.305,628.06,344.53,0.29153
3312,6282.6,55768,29.944,501.23,381.15,0.13608
3312,8300.8,57250,35.015,552.25,325.79,0.25791
3312,8552.3,56606,27.114,584.79,367.82,0.22775
3313,6257.5,55736,26.477,505.06,408.9,0.10521
3313,8185.3,56662,26.423,952.13,586.44,0.23768
3315,6890.2,57966,35.725,338,272.64,0.10704
3317,7429.1,56391,34.371,454.36,390.95,0.075014
3318,8578.4,58291,21.137,1144,953.43,0.090853
3320,6284.3,56508,32.482,397.01,185.84,0.3623
3322,6043.9,56913,25.994,443.93,263.48,0.25508
3323,6102.6,57118,28.406,394.88,239.29,0.24535
3324,5918.4,56753,41.317,386.33,235.46,0.24264
3325,6687.8,57062,27.721,620.43,400.89,0.21496
3326,6493.6,56992,22.754,341.71,175.29,0.3219
3326,8245.5,58264,33.017,253.22,245.67,0.015149
3327,6230.5,56702,25.755,356.85,333.69,0.033542
3327,7253.6,56594,22.864,563.37,572.91,-0.0083948
3328,7237.6,56521,16.379,568.21,397.91,0.17628
3329,5689.5,57465,29.839,639.33,526.17,0.097086
3333,8300,58064,35.574,414.63,232.84,0.28077
3334,7294,56578,17.836,449.36,421.83,0.031604
3335,6314.8,56392,29.224,1265.7,783.46,0.23532
3335,7270.7,56466,30.877,374.23,526.21,-0.16879
3335,8534.6,55457,30.922,236.16,141.49,0.2507
3336,5968.8,55473,19.219,2110.3,1325,0.22858
3336,7193.7,56573,25.6,308.75,286.16,0.037957
3338,6404.7,57086,23.982,524.21,188.14,0.47178
3339,6313.1,57094,32.185,433.08,165.94,0.44596
3339,8465.4,57027,33.251,356.31,155.22,0.39312
3343,7915,56947,30.566,457.34,201.19,0.38896
3344,6321.1,56238,26.432,516.75,276.29,0.30322
3344,7233.1,56448,37.405,147.6,311.1,-0.35644
3344,7595.2,58137,36.014,513.1,339.96,0.20297
3345,6046.1,56260,31.009,621.99,446.74,0.16398
3346,7392.7,56888,32.605,542.36,439.17,0.10513
3346,7418,57745,20.196,906.25,398.31,0.38936
3346,8640.7,57125,31.944,810.63,197.68,0.6079
3350,7317.3,56698,26.666,260.99,200.22,0.13177
3350,8157.6,57199,26.68,361.82,229.34,0.22412
3351,7305.5,56440,20.94,697.79,284.62,0.42057
3351,8184.2,57350,23.497,594.61,489.48,0.096982
3352,7545.3,57570,19.142,696.51,264.55,0.44947
3355,7763.3,57597,25.301,572.14,624.34,-0.043627
3356,7028.7,57444,36.324,497.01,241.03,0.34684
3357,7036.4,57706,32.518,300.49,397.14,-0.13854
3358,7042,57524,26.496,300.08,268.41,0.055698
3358,7149.7,55642,29.626,274.03,262.84,0.020849
3358,7540.3,56302,27.763,366.25,216.29,0.25742
3359,7089.9,57468,32.503,398.12,188.5,0.35733
3359,7304.9,55794,30.477,529.38,406.74,0.131
3359,7444.7,56305,26.176,450.81,409.62,0.047867
3359,8660.9,56697,32.576,551.24,371.53,0.19475
3360,6971.9,56412,38.088,592.09,317.79,0.30146
3360,7150.1,57615,31.892,766.18,552.04,0.16245
3362,6687.5,57361,34.184,380.62,266.7,0.17598
3362,7188,56464,23.324,1240.1,655.16,0.30862
3363,7016.4,56253,24.435,1116.9,528.97,0.35722
3363,8533,55475,26.884,552.09,216.35,0.43691
3364,6593.4,58361,25.332,575.52,491.08,0.079168
3364,7003.6,56222,22.52,836.06,500.08,0.25146
3365,6469.9,56370,32.885,380.17,193.14,0.32621
3366,8060.2,57395,19.199,496,271.1,0.29319
3367,6154.6,57458,33.393,533.12,269.81,0.32793
3367,8086.9,57221,25.814,534.62,608,-0.06422
3367,8281.8,56497,32.726,216.23,255.21,-0.082696
3369,7090,56433,20.253,457.51,212.35,0.36599
3370,6722.9,57713,27.953,616.05,306.74,0.33518
3370,6854.3,56515,34.242,554.71,167.09,0.53702
3371,6895.7,57741,29.649,562.35,387.05,0.18464
3371,7339.9,55736,30.515,215.71,154.28,0.16602
3371,7814.2,57010,28.643,313.18,174.54,0.28425
3372,6518.5,56667,36.774,221.81,197.52,0.057922
3372,7261.4,55665,33.343,293.5,224.79,0.13257
3372,7838.2,56876,23.641,491.34,279.94,0.27409
3372,8533.3,55723,24.506,622.31,605.88,0.013377
3373,8478.4,55810,36.609,225.59,246.68,-0.044651
3375,7300.9,57411,24.235,446.02,165.8,0.45801
3376,5836.6,57990,35.468,295.54,134.12,0.37571
3377,6075.3,56176,21.773,488.1,268.18,0.2908
3378,5966.6,55401,21.03,1161.7,484.3,0.41153
3378,6042.3,56442,25.896,597.39,526.32,0.063247
3378,8264,58278,35.201,254.53,162.95,0.21935
3379,6134.3,56332,31.044,567.07,384.59,0.19175
3379,8605.7,57831,33.415,784.23,329.12,0.40877
3380,5904.5,57928,34.487,326.37,163.48,0.33254
3380,6125.8,56537,23.547,1202.2,777.63,0.21443
3383,6462.8,56510,33.067,584.37,330.52,0.27747
3384,6131.7,57968,20.817,373.7,158.67,0.4039
3385,6281.8,56488,31.145,488.87,363.55,0.14701
3386,5716.6,57775,36.655,231,131.35,0.27499
3388,5705.6,57977,29.047,249.85,136.67,0.29283
3388,6523,57659,28.138,550.55,369.05,0.19737
3388,7599,57204,35.705,372.46,210.67,0.27746
3389,7674,57259,30.319,581.5,336.19,0.26731
3389,8369.6,55653,41.115,510.97,462.05,0.05027
3391,5926.1,57794,28.143,397.02,220.41,0.28604
3391,7226.1,55735,26.259,337.18,393.55,-0.077143
3391,7759.4,58192,21.128,369.21,295.4,0.11106
3392,5876.2,57721,28.772,855.16,457.01,0.30343
3392,7222.9,55605,28.972,234.33,164.16,0.17609
3392,8175.2,56562,34.363,443.53,103.33,0.62209
3393,7808.3,58171,29.767,194.91,130.39,0.19836
3393,7987.2,55700,34.074,342.08,180.26,0.30979
3394,7779.2,58175,22.017,683.87,652.78,0.023259
3395,7692.6,58173,13.301,595.59,357.69,0.24956
3395,7966,55394,32.222,275.14,194.43,0.1719
3396,8592.1,55755,36.609,285.88,211.66,0.14918
3398,7361.2,56442,19.615,300.97,244.72,0.10308
3398,7803.5,57655,18.504,446.49,216.16,0.34759
3399,5720.7,56582,33.967,364.47,468.75,-0.12515
3399,7247.9,56470,29.719,247.19,218.41,0.061817
3399,7872.6,57565,10.759,919.64,674.51,0.15377
3400,5859.5,55718,29.209,203.41,132.18,0.21226
3400,7907.8,57594,23.381,477.01,421.9,0.061299
3404,7788.4,55878,28.428,526.04,477.77,0.048077
3405,7891.8,55750,39.083,498.8,224.02,0.38015
3406,6439.4,55637,32.622,475.92,134,0.56059
3406,7704,58181,19.702,362.28,132.57,0.4642
3407,6650,55954,25.398,425.88,270.26,0.22355
3407,7575.7,58163,29.412,1212.3,895.47,0.15033
3408,6676.6,56025,18.815,528.94,341.18,0.21579
3409,6822.9,56216,31.422,398.68,154.93,0.44028
3409,7691.4,57792,31.915,703.73,264.36,0.45385
3409,8322.4,57866,30.708,753.32,429.38,0.2739
3410,5814,56271,27.026,821.05,602.02,0.15391
3411,7649.3,55908,16.816,317.37,165.74,0.31385
3411,7811.7,58269,20.485,688.39,419.22,0.24302
3412,7437.6,56544,32.139,480.1,406.83,0.082612
3412,7666.8,55878,16.865,359.21,253.59,0.17235
3413,7261.6,56273,36.06,274.72,281.71,-0.012565
3413,8043.1,57410,22.03,725.57,349.37,0.34997
3413,8653.4,58023,27.845,590.84,310.56,0.31094
3414,6049.5,56262,29.26,475.3,290.82,0.2408
3415,6922.5,57171,30.076,350.83,223.72,0.22124
3415,8490,57787,40.258,266.52,211.31,0.11556
3416,5851.3,57969,28.385,297.04,316.63,-0.031931
3416,6841,57297,28.203,661.66,485.2,0.15386
3417,6854.8,57251,25.119,840.71,430.87,0.32231
3417,7172,58194,34.623,709.47,678.05,0.022649
3417,8298.2,57297,27.046,543.97,380.43,0.17691
3418,5843.9,56368,32.16,782.94,554.12,0.17113
3418,7024.4,57188,31.38,504.73,306.98,0.24363
3418,7122.8,58013,31.345,681.09,573.17,0.086041
3418,7920.9,57634,34.735,214.59,296.32,-0.15997
3419,7016.7,57693,26.918,799.87,426.76,0.30418
3419,7267.6,56173,34.106,423.76,202.03,0.35432
3419,8309.1,57692,25.007,512.13,423.54,0.094683
3420,5836.5,56039,34.653,1112.4,334.08,0.53808
3420,7164.1,56250,17.371,505.57,274.7,0.29589
3420,7259.2,57134,28.107,256.93,177.62,0.18252
3421,6906.4,55907,26.573,599.51,221.94,0.45964
3421,7539.5,55924,19.784,326.14,286.19,0.065238
3422,6034.7,55713,28.767,356.04,152.96,0.39898
3422,6952.7,55738,25.249,873.9,815.79,0.034391
3422,7534.8,55947,18.616,599.98,450.16,0.14267
3422,7637.4,57189,25.69,235.26,129.77,0.28897
3423,6024.9,55754,26.536,549.93,327.12,0.25404
3423,6832.7,55922,24.73,774.41,648.8,0.088261
3424,6193.8,55732,33.052,189.68,193.24,-0.0092978
3428,6399.4,58321,21.877,348.58,136.8,0.43632
3429,6476.1,58383,28.975,452.09,572.98,-0.11794
3430,6593.9,58264,37.995,261.25,273.38,-0.022692
3432,7547.7,56433,29.122,1003.2,652.5,0.2118
3433,7293.5,56533,20.834,1240.3,901.84,0.15799
3434,6122.7,56094,30.688,356.7,277.55,0.12479
3434,8636.9,57166,25.546,943.75,654.29,0.18113
3435,7438.4,56628,29.442,509.33,356.76,0.17616
3436,6324.1,56609,29.933,287.26,254.73,0.06002
3437,7242.2,56561,25.225,255.78,189.4,0.14912
3438,6439.3,56446,34.51,239.27,128.24,0.30211
3439,6462.3,55684,22.297,392.3,218.67,0.28418
3439,8663.7,57335,34.151,398.91,364.5,0.045079
3440,6160.5,58286,32.528,492.22,164.6,0.4988
3440,6632.1,56296,33.446,300.11,259.48,0.072606
3440,6644.2,55492,23.384,761.82,926.51,-0.097545
3440,8345.3,57413,37.769,304.33,172.65,0.27607
3441,7292.9,56358,27.091,1173.3,702.53,0.25095
3443,7593.3,55842,33.831,673.65,488.37,0.15945
3443,8384,56963,25.49,679.99,512.17,0.14077
3444,7654.6,55967,41.552,738.52,448.35,0.24449
3444,8472.3,57169,24.692,700.56,193.16,0.56774
3444,8500.2,55634,30.238,336.27,217.06,0.21543
3445,7625.9,55940,25.343,286.75,297.46,-0.018319
3445,8533.1,57256,30.234,338.77,176,0.3162
3447,7442.2,55759,25.084,381.6,393.07,-0.014808
3447,8263.8,57868,33.671,331.2,172.02,0.31633
3448,7337,55650,24.174,456.07,363.45,0.11301
3449,7090.4,57105,21.674,835.24,633.13,0.13764
3449,7444.6,55892,32.515,446.43,532.68,-0.088094
3450,7922.8,58343,32.236,221.01,167.46,0.13785
3451,7722.8,56746,26.157,667.68,527.87,0.11694
3451,8612.8,55572,34.45,336.88,184.86,0.29137
3452,7263.4,56946,28.622,240.96,298.88,-0.1073
3452,8254.5,58303,25.879,508.11,335.21,0.20502
3453,6125.5,56329,31.424,642.81,727.46,-0.061775
3453,7950.5,57465,35.498,591.81,454.47,0.13126
3453,8610.7,56237,23.181,926.4,318.07,0.48883
3454,6291,56224,28.828,283.74,177.86,0.22937
3454,7347.4,56467,28.469,354.19,192.55,0.29564
3454,8005.6,56298,29.435,494.08,247.33,0.33282
3455,6116.9,55756,30.683,495.22,297.95,0.2487
3455,7686,57792,31.944,295.44,170.02,0.26947
3456,7363.6,56504,12.6,1964.8,1055.8,0.30092
3457,7285.6,56536,10.086,1490.2,862.03,0.26706
3457,7732.7,55889,17.936,831.69,606.48,0.15659
3458,7232.2,56643,11.94,983.9,660.63,0.19657
3459,7250.4,56651,12.235,741.16,429.21,0.26654
3460,7214.8,56703,19.753,717.18,431.22,0.24901
3460,7692.9,58154,22.665,316.61,273.08,0.073805
3460,8351.8,57841,22.93,297.59,121.08,0.4216
3461,7207.1,56731,17.971,662.25,270.07,0.42065
3461,8377.9,57730,19.92,673.08,484.02,0.16339
3462,5953.4,56577,24.481,359.74,127.93,0.47533
3462,7463.6,56838,14.981,996.26,621.76,0.23145
3462,8510.3,57683,21.959,359.41,152.24,0.40489
3463,6061.1,56330,23.148,466.27,254.85,0.29319
3463,7471.1,57010,24.327,652.24,276.18,0.40505
3463,7961.1,57327,17.792,675.43,362.92,0.30096
3463,8553,56238,35.346,304.73,234.59,0.13004
3464,6072.7,56311,33.687,320.93,299.4,0.0347
3464,7492.8,57049,32.345,481.51,251.18,0.31436
3464,7905.9,58333,23.743,524.33,560.9,-0.033697
3465,7653.6,56731,22.84,520.62,271.72,0.31413
3466,6659.1,57603,36.424,451.97,312.95,0.18175
3466,7041.8,58360,34.794,493.97,238.18,0.34938
3466,7306.5,57823,24.197,396.12,166.86,0.40722
3466,7511.4,56655,18.607,1211.4,747.22,0.237
3468,6658.8,57422,33.485,380.84,232.63,0.2416
3468,6939.1,56470,22.693,289.16,184.61,0.22067
3468,7326.4,57852,26.142,358.64,136,0.45009
3469,5811.4,57511,39.648,678.34,462.94,0.18874
3469,7163.8,57755,26.171,526.78,378.62,0.16364
3470,5819.3,55677,28.454,194.9,112.52,0.26797
3470,6184.3,57281,27.306,328.82,163.86,0.33481
3471,6935.3,57595,30.377,229.45,146.77,0.21977
3471,8297,58281,28.313,340.6,337.88,0.0040117
3472,6927.3,57393,20.377,776.72,388.17,0.33355
3472,7576.9,55820,30.066,583.91,514.09,0.063595
3473,5770.7,56838,29.495,256.34,177.18,0.18261
3473,7257,56615,25.162,380.13,373.05,0.0094057
3473,8537.2,57881,21.12,518.04,162.94,0.52145
3475,6635.9,55952,21.755,679.25,509.54,0.14275
3477,7807.7,57302,21.392,615.75,394.45,0.21907
3477,7885.4,58372,21.615,298.65,230.54,0.12871
3478,7898.9,57414,30.511,657.05,500.04,0.13569
3481,8105.8,56749,30.936,457.1,244,0.30395
3481,8108.5,58092,35.489,344.79,237,0.18527
3482,8177.3,57817,35.019,418.24,283.31,0.19234
3483,6783.3,57493,26.886,390.49,254.68,0.21051
3483,8171.9,56828,26.854,296.44,146.73,0.33783
3483,8211.7,57487,28.278,339.64,104.79,0.52842
3485,6952.3,57610,24.027,217.39,115.13,0.30753
3485,7831.7,57516,13.741,814.54,337.34,0.41428
3486,6731.7,56988,20.458,722.55,260.78,0.4696
3486,7013.7,55569,29.74,436.77,203.83,0.36362
3486,7799.9,57614,22.957,487.1,457.1,0.031769
3487,6708.3,55899,28.448,410.07,297.61,0.15892
3487,6916.3,56970,20.784,686.31,373.09,0.29566
3487,7861.6,57530,27.757,368.28,274.67,0.14559
3488,6949.5,56723,24.411,534.45,322.92,0.24672
3488,7855.6,57270,19.36,760.28,296.93,0.43828
3488,8594.3,55432,36.793,506.01,411.63,0.10285
3489,6891,56720,27.948,262.54,108.84,0.41384
3489,8015.6,57326,16.313,589.75,362.95,0.23806
3489,8621.5,55402,21.894,400.03,195.4,0.34366
3490,6698.3,55771,28.717,395.74,168.01,0.40395
3490,7488.4,58230,33.227,239.02,125.63,0.31097
3491,6247.4,58223,31.378,313.14,259.85,0.093004
3491,8307.7,57293,23.717,681.84,541.63,0.1146
3492,6922.7,56322,30.891,507.78,275.13,0.29716
3492,7498.7,58031,26.075,506.35,290.48,0.27092
3493,8483.8,57766,28.646,298.06,324.27,-0.042115
3494,6974.1,56428,29.558,391.63,214.6,0.29202
3495,8134.6,56046,29.405,274.89,107.41,0.43811
3496,5725.6,55585,31.877,734.26,288.98,0.43516
3496,6238.2,55782,28.943,442.15,250.79,0.27615
3496,8040.4,55856,23.475,704.61,372.41,0.30844
3497,7751.6,55914,24.724,714.13,366.89,0.32122
3497,7994.6,58278,24.891,341.14,196.9,0.26808
3498,7611.4,55887,16.792,605.87,375.11,0.23523
3499,7258.5,56665,28.093,329.26,240.04,0.15673
3499,7603.1,55819,33.421,575.07,483.65,0.086355
3502,6629.6,56144,24.894,485.96,362.64,0.14531
3502,6594.9,56937,25.516,683.07,261.47,0.44636
3503,6048.1,56196,29.99,435.08,186.77,0.3993
3504,6099.4,56181,23.439,408.29,265.25,0.21238
3505,6126.8,56205,28.618,224.87,199.72,0.059239
3505,7584.6,57785,32.83,617.8,502.55,0.10287
3506,5982.9,57940,29.475,295.18,127.45,0.39687
3506,7243.9,56250,38.641,450.89,514.93,-0.066305
3506,7499.7,57905,20.298,348.94,280.57,0.10861
3507,5878.9,58023,31.93,186.92,161.57,0.072723
3507,7320.6,56288,14.256,689.21,504.27,0.15496
3508,6069.7,56149,29.927,355.69,163.55,0.37003
3508,6018.4,58371,36.128,792.2,434.91,0.29116
3508,7287.8,56315,16.276,667.82,646.74,0.016036
3509,6735,56243,31.564,617.32,336.86,0.29393
3509,7346.5,56442,31.697,727.95,648.47,0.057743
3509,7722.1,56472,27.024,1112.5,698.05,0.22892
3510,5955.7,55823,33.636,347.94,178.22,0.32255
3510,6070,58352,30.2,427.11,428.94,-0.002133
3510,7940.7,56749,32.807,738.64,305.49,0.41484
3510,8298.7,56167,36.613,400.71,237.58,0.25557
3511,8235,55956,22.264,895.81,523.68,0.26216
3512,6817.6,56069,31.793,455.07,231.48,0.32567
3512,7987.3,57145,24.325,279.35,192.46,0.18416
3512,8263.7,56069,18.371,1114.4,538.35,0.34853
3513,8204.4,57303,21.426,1050,770.03,0.15382
3513,8362.8,56126,18.569,424.77,291.28,0.18643
3515,8305.6,56134,31.332,388.22,234.48,0.2469
3515,8481.7,56939,31.233,494.19,116,0.61979
3516,7940.8,58314,24.789,731.65,482.15,0.20555
3516,8477.7,57230,29.199,743.54,209.49,0.56037
3516,8624.4,55545,23.288,634.41,429.55,0.19255
3517,7233.9,57165,22.179,534.74,206.41,0.443
3518,7284.7,57164,20.611,472.82,287.68,0.24345
3518,7940.1,57496,15.333,982.16,528.53,0.30028
3519,7166.8,57222,29.655,424.13,205.97,0.34624
3520,7196.6,57143,33.986,659.55,170.31,0.58955
3521,5675.2,56757,22.588,613.42,368.46,0.24948
3521,7680.3,58179,26.362,431.42,162.64,0.45244
3522,8299.9,58049,33.583,834.29,397.11,0.35503
3523,5691.2,57917,20.819,785.95,785.39,0.00035638
3523,8417.7,57739,33.541,554,150.1,0.57364
3524,5761.9,58142,32.194,722.96,520.56,0.16276
3524,5990.1,55513,24.191,344.04,122.25,0.47564
3525,6023.6,55559,29.482,612.88,437.38,0.16709
3525,6971.3,57358,30.487,300.51,118.87,0.43311
3525,8339.3,57639,23.856,611.02,147.31,0.61148
3526,6098.6,55511,25.865,548.82,428.55,0.12305
3526,6176.3,56835,27.98,504.67,162.96,0.51183
3526,7131.8,57574,28.924,563.69,269.7,0.35277
3526,7851,56881,30.53,375.42,245.53,0.20918
3526,7818.8,58279,19.05,636.63,295.38,0.36614
3527,7712.3,58164,31.122,245.25,110.52,0.37871
3527,8079.9,56849,32.793,584.16,318.5,0.29432
3528,6905.2,55833,29.82,345.05,196.35,0.27467
3528,7485.9,57617,34.111,309.4,192.15,0.23377
3528,7664.2,56091,27.425,378.54,168.31,0.38443
3529,6074,57202,33.196,201.68,100.21,0.3361
3530,7384.8,56334,34.296,371.65,267.13,0.16363
3531,8042.7,56133,30.167,686.06,307.77,0.38063
3532,7688.2,56241,30.02,641.7,629.73,0.0094204
3532,7679.1,57624,36.556,235.97,143.88,0.24242
3532,8492.3,57214,35.307,512.45,270.86,0.30843
3533,7536.8,56112,33.587,292.54,177.14,0.24569
3534,6252.1,56616,31.994,775.67,418.9,0.29866
3534,7354.7,55751,20.699,585.27,592.34,-0.0060108
3535,6019.4,56595,31.248,315.1,207.04,0.20696
3535,6605.6,56741,40.098,644.02,340.56,0.3082
3535,7591.3,56036,30.566,1016.2,694.02,0.18841
3535,7637.1,58043,32.767,704.91,213.81,0.53454
3536,5946.8,56450,26.294,421.2,307.87,0.15545
3536,6616.3,55512,28.788,212.73,139.08,0.20935
3536,7015.5,56624,26.349,385.9,309.04,0.11059
3536,7503,55949,19.91,260.58,196.22,0.14089
3536,7564.4,57471,28.559,348.69,249.76,0.16531
3537,7454.5,57433,27.968,391.66,252.98,0.21514
3537,7574.2,55890,25.484,208.5,189.34,0.048171
3538,8486.9,57414,19.391,864.44,468.47,0.29707
3539,7624.9,57338,25.508,268.11,154.64,0.2684
3539,8497,57429,30.112,461.9,304.72,0.20503
3540,7249.3,57857,34.863,212.86,248.49,-0.077227
3540,7307,56607,12.598,574.47,389.28,0.19216
3541,7274,56404,35.023,220.8,448.94,-0.34063
3542,7343.3,56378,17.794,290.4,239.04,0.097014
3543,7181.6,58164,21.922,495.36,256.01,0.31854
3544,5693.2,56479,32.471,482.25,280.75,0.26409
3544,6043.9,57121,37.414,348.93,217.33,0.23241
3544,7322.9,56333,23.677,282.35,270.78,0.02093
3544,7319.8,58317,33.705,386.45,378.21,0.010774
3545,7413.5,56298,29.434,970.11,1406.6,-0.18364
3546,7337.9,56366,13.914,425.25,354.33,0.090966
3546,8517.2,57189,37.288,385.22,298.48,0.12687
3547,6382.3,57610,31.004,376.89,290.78,0.12896
3547,7206.9,56318,17.314,1224.3,760.74,0.23351
3548,7289.9,56337,17.867,724.98,475.92,0.20739
3548,8136.9,58030,38.09,283.4,158.79,0.2818
3549,6900.7,56012,22.483,345.36,171.21,0.33713
3549,7100.4,57815,27.32,539.61,333.38,0.23623
3549,7568.6,55603,25.072,1111.8,820.17,0.15093
3550,7012.9,57674,21.018,562.09,475.99,0.08294
3550,7662.7,55752,20.442,1216.7,741.2,0.24286
3551,7900.9,55663,35.21,713.67,395.99,0.28629
3552,7496.5,57063,27.347,373.51,286.19,0.13235
3552,8142.7,56443,32.976,299.6,275.28,0.042312
3553,7216.2,56967,30.216,374.34,232.52,0.2337
3553,7571.1,55841,25.982,273.22,238.79,0.067238
3554,6559.3,57947,31.836,270.31,219.6,0.10351
3554,7397.4,55803,34.18,303.46,239.8,0.11718
3555,7402.3,56734,36.322,588.95,488.31,0.093421
3556,5725.5,58245,37.057,259.2,204.63,0.11765
3557,7361.7,56392,9.2446,1108.9,599.63,0.29809
3558,7325.2,56468,18.565,494.46,206.5,0.41081
3561,6569.9,56587,33.332,337.11,207.77,0.23738
3562,6004.4,58378,33.815,476.92,282.71,0.25567
3562,7186.3,57057,33.238,393.1,215.92,0.29094
3562,7609.4,57314,33.697,759.44,512.25,0.19438
3563,7134.6,57163,26.841,573.4,427.26,0.14605
3563,7567.2,56442,22.97,699.06,291.67,0.4112
3563,7577.6,57251,29.353,469.84,232.11,0.33867
3563,7977.3,58374,33.737,300.2,114.69,0.44713
3564,7418.3,56483,25.26,574.66,348.59,0.24487
3565,6350.6,57001,28.245,447.23,157.95,0.47799
3565,8455,58047,22.062,416.38,151.32,0.4669
3566,8299.4,57042,35.381,412.9,385.86,0.033856
3567,8009,57319,19.734,923.8,571.58,0.23554
3568,7956.6,57372,30.32,336.19,240.52,0.1659
3568,7976.7,58233,31.858,376.73,356.01,0.028277
3569,6964.2,57118,27.759,291.84,197.49,0.19281
3569,8472.5,57822,27.683,624.06,528.35,0.083053
3570,8067.6,57970,33.225,635.71,469.85,0.15002
3571,7931.3,57596,29.88,404.15,334.6,0.094144
3572,5800,58274,23.381,854.17,429.2,0.33113
3575,6588.7,58309,32.74,259.29,135.53,0.31345
3575,8607.9,56120,29.118,851.29,679.45,0.11226
3576,7142.9,57070,28.988,400.01,258.32,0.21521
3576,7172.2,56213,21.16,409.16,171.37,0.40961
3576,8164.4,56807,23.528,881.04,594.96,0.19382
3578,7902.7,57283,27.041,440.95,355.09,0.10786
3579,6452.8,56091,24.224,690.53,456.26,0.20428
3581,5688.8,58087,23.567,495.71,220.44,0.38438
3582,7191.7,56321,30.166,533.02,302.39,0.27607
3582,8165.7,57493,30.842,267.51,210.27,0.11981
3583,8227.6,57379,24.203,247.64,187.3,0.13873
3584,5673.4,57837,32.503,473.92,412.2,0.069655
3584,7587.4,58287,25.632,607.76,536.67,0.062117
3587,6364.6,56426,38.036,439.81,165.36,0.45351
3589,8289.3,57542,20.977,817.33,523.76,0.21891
3591,5782.7,56616,34.786,270.34,311.52,-0.070777
3591,8281.4,58290,30.781,927.76,826.03,0.058001
3592,5805.3,56755,30.626,338.85,268.15,0.11647
3594,6407.9,57032,27.932,1367.8,703.95,0.32041
3594,7288.7,56535,18.137,800.28,593.88,0.14805
3594,7317.5,56778,29.941,1038.5,651.07,0.22929
3594,8590.7,56051,41.384,368.18,421.82,-0.0679
3595,6256.2,56859,28.454,885.76,685.59,0.12739
3595,7338.2,56356,21.429,780.93,551.72,0.17199
3595,7637.4,58346,34.808,251.78,163.24,0.21334
3596,6465.6,56851,27.472,655.84,315.6,0.35025
3596,8149.5,57690,27.954,453.18,446.37,0.0075701
3596,8485.3,56035,23.318,609.45,420.64,0.1833
3597,6362.4,57417,35.077,343.17,128.52,0.45506
3597,6569.4,56683,21.065,745.09,427.45,0.2709
3597,6906.4,57626,27.288,428.43,292.04,0.18931
3597,7284.6,56606,15.27,539.8,337.78,0.2302
3597,8186.8,57401,25.01,888.43,566.88,0.22095
3598,6475,57036,31.84,284.74,276.68,0.014365
3598,8508.1,58063,31.107,372.2,102.82,0.56708
3599,5683.7,55699,20.598,536.06,262.67,0.34228
3599,8221.7,56531,26.368,326.37,207.68,0.22225
3600,7672.8,58097,20.781,290.76,105.74,0.46664
3600,8064,56849,33.648,747.74,534.2,0.16657
3601,6714.1,57488,29.199,784.54,220.71,0.56089
3601,8281.7,56689,28.097,396.59,340.68,0.075837
3601,8616.2,57204,29.78,210.71,115.25,0.29284
3602,6599.4,56998,32.381,386.21,133.49,0.48629
3602,7246.1,55881,33.157,284.5,150.02,0.30947
3603,8359.5,56887,38.852,334.45,218.49,0.20972
3604,6118.1,56317,28.59,524.27,293.9,0.28157
3605,6742.8,58365,30.071,291.75,201.3,0.18346
3605,8021,56815,27.633,467.25,259.57,0.28574
3606,5904.9,56647,20.143,607.1,331.19,0.29405
3606,6472.4,57557,31.621,562.63,518.07,0.041237
3606,7268.9,56448,16.287,518.31,446.04,0.074937
3606,7258.5,57672,33.724,402.61,251.76,0.23053
3606,7622.2,55840,23.183,686.11,392.31,0.27244
3606,8518.7,56913,25.072,507.63,386.55,0.13541
3607,5813.9,56570,31.395,914.51,733.9,0.10957
3607,6559.8,58285,22.587,682.58,325.74,0.3539
3607,7326.3,56461,18.811,510.96,507.79,0.0031189
3607,8563.2,56863,19.615,577.7,461.09,0.11226
3608,8554.1,57896,25.087,282.86,229.88,0.10333
3609,7180.9,56552,38.287,440.86,325.31,0.15081
3610,6772.6,56284,24.439,505.27,255.65,0.32806
3611,6476.9,56394,34.261,609.19,298.62,0.34211
3613,6746.7,56591,34.065,221.47,222.59,-0.0025124
3613,8545.4,56882,28.388,305.53,158.69,0.31633
3614,7691.8,58159,14.915,322.04,251.63,0.12275
3615,7632.3,58172,20.291,333.99,240.87,0.16199
3615,8381.7,56783,37.096,405.38,170.63,0.40754
3616,7585.6,58239,23.883,264.78,135.46,0.3231
3618,7317.5,56422,28.814,311.66,244.18,0.12141
3618,7752.2,58094,30.16,353.26,259.66,0.15271
3619,6461.7,58367,24.392,408.72,337.53,0.095401
3619,7275.9,56401,17.049,677.25,539.59,0.11313
3619,7656.2,55910,16.86,384.06,207.65,0.29815
3620,6495.4,56664,35.809,404.46,340.85,0.085344
3620,7523.4,55843,30.672,479.3,1080.5,-0.38544
3621,6126.4,58327,25.511,377.52,207.49,0.29063
3621,7571.1,55889,21.815,330.25,508.64,-0.21265
3622,6325.4,55616,24.357,701.19,780.24,-0.053366
3622,7662.7,55971,27.454,413.21,463.93,-0.057825
3623,6177.8,55510,26.003,576.77,207.25,0.47132
3623,6329.1,55518,28.131,734.32,264.7,0.47009
3623,7650,56178,34.955,236.06,217.96,0.039866
3624,7646.1,55790,24.685,507.74,425.79,0.087784
3624,8150.4,57010,23.294,314.15,214.52,0.18845
3625,6015.5,55859,34.01,709.94,452.3,0.22167
3625,7599.2,55924,18.591,545.47,518.74,0.025116
3625,7569.2,57102,28.31,217.03,120.95,0.2843
3625,8279.9,55646,31.497,322.94,271.51,0.086507
3625,8332.8,56533,17.519,1155.9,361.74,0.52327
3626,6030.7,55411,16.098,829.33,858.61,-0.017347
3626,7378.2,56601,27.004,246.67,147.43,0.2518
3626,8422.9,56376,33.935,301.09,256.49,0.07999
3626,8614,55602,32.609,742.24,718.83,0.016022
3627,6484.5,58353,32.489,328.47,673.64,-0.34444
3627,7216.3,56469,23.965,363.2,300.2,0.094971
3628,6046.6,55488,21.263,531.85,538.13,-0.0058668
3628,7322.2,56479,13.181,789.8,344.85,0.39214
3629,6447.4,57129,31.819,303.47,269.09,0.060056
3630,5788.7,55819,33.526,339.41,375.55,-0.050556
3631,6137.7,56001,31.581,688,346.77,0.32977
3631,8065.8,56644,37.831,195.6,127.91,0.20923
3632,5690.1,55462,32.719,573,311.45,0.29572
3632,5968.1,57445,32.033,416.2,410.34,0.0070881
3632,6030.6,56185,20.03,1145,674.37,0.25868
3633,5988.3,57899,28.849,918.6,359.11,0.43789
3634,8621.8,57119,30.411,381.01,235.26,0.23651
3635,5940.4,58059,23.055,557.93,490.68,0.064136
3635,6222.2,56402,24.979,638.92,590.65,0.03926
3635,8509.3,57107,32.738,662.34,136.53,0.6582
3636,5873.5,58188,23.682,381,228.22,0.25078
3636,8357.2,56854,32.63,634.43,399.02,0.22779
3638,5685.3,55407,38.973,263.47,110.6,0.40867
3638,8056.8,56958,30.71,822.16,432.31,0.31077
3638,8600.1,56571,24.032,393.79,143.94,0.46464
3639,5999.1,56895,26.721,507.22,217.52,0.39974
3639,7929.2,56842,36.601,429.68,174.86,0.4215
3639,8508.5,56507,31.01,422.35,248.19,0.25974
3640,7608.8,56133,38.261,310.82,532.2,-0.2626
3640,7695.7,58367,30.699,477.53,524.18,-0.04657
3640,7920.7,56818,34.055,431.34,437.62,-0.0072274
3640,8621.8,56808,29.777,541.5,326.95,0.24704
3641,7977.1,57003,18.612,447.17,215.69,0.34922
3642,7914.3,57047,32.884,540.99,352.22,0.21135
3642,8124.2,56085,38.274,316.87,249.1,0.11973
3645,7525.1,55783,31.981,714.11,458.49,0.21799
3646,6567.1,55496,33.299,846.57,232.37,0.56927
3647,6419,55690,29.727,917.63,124.86,0.76046
3647,6643.7,58321,24.904,681.36,581.83,0.078792
3648,6717.8,57646,30.866,397.44,278.94,0.1752
3651,6444.1,56115,22.433,647.2,328.65,0.32643
3651,7545.5,55954,30.814,354.29,722.77,-0.34211
3652,7206.1,55681,37.887,304.85,164.35,0.29944
3652,7271.2,57545,31.606,749.12,541,0.16132
3653,6883.5,57627,28.996,812.39,430.95,0.30678
3653,6917.3,57614,31.494,783.41,403.57,0.32
3653,7767.3,56970,24.994,722.47,549.23,0.13622
3654,6503.1,56659,35.971,540.29,524.61,0.014722
3654,7761.3,56801,20.164,671.18,368.72,0.29085
3655,7938,57575,21.732,643.43,537.49,0.089703
3656,6028.3,56840,32.22,205.01,311.15,-0.20563
3656,7998.8,57718,19.994,691.56,464.37,0.19654
3658,6136.1,56698,28.251,307.82,113.73,0.46041
3658,7906,57340,22.794,507.97,255.04,0.3315
3660,6671.1,56585,32.956,309.72,173,0.28322
3661,7313.6,56617,36.812,235.73,249.19,-0.027752
3662,5857.1,56331,20.866,1260.1,965.62,0.13232
3662,6598.4,55530,34.335,1142.1,633.61,0.28637
3662,6418,56659,27.753,559.7,532.54,0.024865
3662,8299.1,56902,29.137,591.39,555.88,0.030956
3663,7926.6,57423,18.959,1109.4,923.81,0.091267
3663,8151.6,58039,28.811,517.26,357.14,0.18312
3664,6489.5,56532,27.382,1181.6,763.23,0.2151
3664,8032.5,58000,24.612,518.28,337,0.21196
3665,6546.2,56286,32.989,623.42,274.82,0.3881
3666,6349,56477,40.638,674.39,360.39,0.30345
3667,6051.6,57566,35.267,280.06,280.09,-6.4832e-05
3667,6594.7,56479,32.753,294.76,286.01,0.015066
3667,6875.6,57465,32.036,283.78,189.47,0.19928
3667,7865,58365,13.632,889.3,732.09,0.096963
3668,6031.1,56066,33.407,232.76,142.71,0.23983
3668,6860,56734,33.054,361.84,397.24,-0.046634
3669,6525.1,55511,36.658,228.09,235.53,-0.016037
3669,7642.7,58091,31.545,245.07,204.9,0.08928
3670,5721.9,57655,33.75,966.59,1072.4,-0.051898
3670,7227.7,56610,13.078,544.03,317.63,0.26275
3671,5743.3,56379,31.529,360.74,315.11,0.067505
3671,6571,55670,38.894,246.85,239.87,0.014338
3672,5962.5,56340,33.192,426.71,369.86,0.07136
3672,7539.4,58239,30.516,467.18,264.33,0.2773
3673,7598.3,58184,19.927,450.43,179.55,0.42997
3674,6156.4,56125,24.82,325.86,354.69,-0.042357
3675,6412.8,58194,29.489,320.36,511.12,-0.22943
3676,6191.6,57192,30.92,629.97,257.31,0.42
3676,7245.2,57487,26.801,844.53,835.31,0.0054864
3677,6803.7,56011,34.734,398.78,409.75,-0.013564
3677,7123.2,57451,30.78,858.12,955.12,-0.053498
3678,6878.6,57495,33.256,533.32,324.91,0.24283
3678,7823.7,57658,30.664,197.21,173.97,0.062612
3679,6013.5,55563,27.798,533.54,200.34,0.45403
3679,6549.5,57570,32.573,423.11,499.07,-0.082366
3679,7628.9,57443,25.883,550.29,328.29,0.25269
3679,8294,57706,24.555,574.8,201.41,0.48104
3680,6038.6,55590,33.525,388.41,148.9,0.44575
3680,6492.5,57399,30.902,260.13,128.96,0.33712
3680,8375.9,57550,24.01,449.98,202.08,0.38018
3680,8411.2,58124,35.799,285.24,371.24,-0.13099
3681,7689.2,58141,16.868,362.11,192.69,0.30538
3681,8560.6,57330,25.408,280.04,163.05,0.26402
3683,6215,57043,28.984,388.94,219.11,0.2793
3683,8464.9,56890,31.684,365.53,259.98,0.16874
3684,6860.2,56256,25.232,878.95,672.01,0.13343
3685,6261.9,56503,32.167,424.15,223.5,0.30982
3685,7017,56372,34.632,325.11,100.41,0.52806
3685,7698,57076,27.583,409.74,327.44,0.11164
3692,5800.1,55827,17.393,696.97,601.03,0.07392
3692,7340.6,55763,19.108,462.1,279.35,0.24648
3692,8187.9,57308,29.536,483.85,178.45,0.46112
3693,5861.6,56086,31.999,472.83,369.14,0.12315
3693,7485.3,55801,27.129,480.31,196.57,0.41919
3693,7696.9,58093,13.581,631.15,218.79,0.48516
3693,8614.1,55500,17.425,489.13,331.12,0.19265
3694,5919.2,56252,28.297,628.02,351.43,0.2824
3694,7681.7,58137,11.092,599.83,280.39,0.36291
3695,6171.2,56345,29.466,332.81,173.05,0.31582
3695,8323,57897,31.994,358.11,259.05,0.1605
3696,7128,58006,28.436,304.12,158.81,0.3139
3699,5938.3,57683,21.436,809.98,584.1,0.16203
3700,6155.9,57565,24.572,385.48,212.7,0.28885
3701,6298.5,57645,36.14,313.78,154.25,0.34087
3702,7594.2,55716,40.108,540.86,407.7,0.14038
3703,7621.2,55841,19.684,390.3,329.1,0.085069
3704,8559.1,55459,16.132,1064.5,623.45,0.26131
3705,5961,57875,20.222,606.36,318.71,0.31095
3705,8624.3,55397,21.716,507.61,350.83,0.18263
3706,6090.8,55703,30.592,475,371.63,0.12209
3706,7247,56373,18.533,350.12,274.54,0.12098
3706,7561.4,58018,16.938,472.32,366.48,0.12618
3707,6009.9,55411,33.256,237.87,245.72,-0.016226
3707,7220.5,56414,17.648,714.92,350.39,0.34218
3707,7465.7,57887,36.25,1175.3,697,0.25548
3707,8150.9,56689,34.041,397.43,140.03,0.47891
3708,5843.6,55497,30.248,342.43,266.12,0.1254
3708,5900.3,57714,30.573,743,705.47,0.02591
3708,5928.8,58223,35.513,616.51,803.96,-0.13197
3708,6841.2,56258,27.779,286.73,254.67,0.059218
3708,7489.6,57703,20.325,860.73,493.12,0.27153
3708,7896.9,56691,27.661,315.92,245.99,0.12446
3709,8071.6,56773,25.62,660.07,586.91,0.058673
3710,6218.1,58384,24.553,302.38,262.06,0.07143
3710,7615.8,55849,15.889,486.28,593.45,-0.099255
3710,7997.9,57800,30.717,744.9,466.62,0.22969
3711,6344.2,58076,27.427,1048.9,490.41,0.3628
3711,6345,58194,29.485,918.78,452.68,0.33985
3711,7632.2,55828,31.154,241.36,306.28,-0.11855
3711,7758.2,57071,23.72,592.94,724.56,-0.099901
3711,7989.4,57836,34.213,457.96,428.17,0.033624
3712,6610.3,57923,26.363,558.66,512.1,0.043483
3712,8029.8,57073,19.811,542.5,730.29,-0.14755
3713,7761.2,58238,30.949,978.28,507.91,0.31649
3713,8094.2,57245,15.297,431.79,488.61,-0.061739
3714,5671.2,55954,20.759,570.62,442.9,0.12602
3714,7476.9,58305,32.063,384.07,155.49,0.42365
3714,8076.7,57266,17.117,403.21,454.41,-0.059696
3716,8080.4,56641,35.436,369.72,260.41,0.17346
3717,5674.8,55948,21.452,316.65,230.55,0.15734
3718,7670.5,58261,28.201,406.01,271.48,0.19857
3718,8429,56532,29.479,637.87,390.51,0.24053
3719,5714.7,55976,22.824,495.45,172.09,0.48442
3719,7477.2,58161,26.106,305.46,140.58,0.36966
3720,5936.3,56677,44.26,670.49,568.37,0.082435
3723,5772.1,56062,22.41,562.89,591.79,-0.025029
3723,5821.1,56924,32.732,814.6,453.57,0.28469
3723,6458.8,58162,27.968,551.77,460.11,0.090586
3723,8511,56761,25.481,349.02,100.13,0.55414
3724,5807.6,56124,18.219,719.92,418.76,0.26448
3724,5791.2,57081,23.877,464.41,199.51,0.39901
3725,7646,58366,29.544,484.83,442.1,0.046102
3726,5908.3,56136,23.632,335.3,178.65,0.30481
3727,5975.9,56098,24.915,380.06,175.69,0.36773
3729,5956.2,56224,19.045,546,282.34,0.3183
3730,6072.2,56182,23.08,496.79,153.56,0.52776
3730,8336,56024,21.726,1083.2,863.22,0.113
3731,6253.4,56157,30.587,361.99,224.27,0.23491
3731,7693.7,56799,25.035,674.49,313.12,0.3659
3732,6340.8,56281,23.34,366.47,244.39,0.19985
3732,7598.9,57003,26.023,351.81,287.38,0.1008
3733,6435.5,56446,22.908,476.56,153.68,0.5123
3733,7383.2,56801,30.296,1310.5,676.37,0.31915
3734,5711.5,55524,30.384,444.23,323.43,0.15736
3734,6189.6,56705,24.924,474.18,282.74,0.25293
3734,6468.3,56340,29.729,511.72,273.36,0.30362
3734,7400,56649,18.094,860.59,479.41,0.28446
3734,7406.4,56913,44.033,1251.3,1123.8,0.05369
3735,6484,56338,20.737,427.61,189.15,0.38663
3735,7316.5,56541,16.935,608.53,297.08,0.34392
3735,7638.8,57278,27.407,568.41,337.76,0.25453
3736,6355.3,56985,34.05,545.13,484,0.059406
3736,6500.2,56212,17.419,627.89,320.18,0.32457
3736,8586.1,57168,27.202,521.75,395.72,0.13736
3737,6473.8,56300,20.248,680.65,462.59,0.19074
3737,6982.7,57228,37.513,941.84,638.7,0.1918
3737,7503.5,56045,16.869,453.04,439.63,0.015018
3737,8567.8,57219,24.734,429.59,249.81,0.26461
3738,6398,56297,21.498,416.42,232.45,0.28352
3738,6718.4,57097,30.186,650.6,491.6,0.13921
3738,8468,56610,25.386,631.72,545.79,0.072974
3739,6477.7,56210,19.82,645.46,233.19,0.46922
3739,6654.3,56963,25.43,521.28,268.34,0.32033
3739,8293.2,56628,23.544,427.45,272.51,0.22136
3740,6437.4,56224,21.008,544.44,119.2,0.64077
3741,5686.8,57356,37.33,439.85,420.62,0.022344
3741,6495.3,56156,19.236,582.35,360.82,0.23488
3741,6503.6,57009,27.247,486.07,225.8,0.36561
3741,7742.7,58187,33.827,249.65,116.25,0.36458
3742,6587.4,57053,24.534,675.08,315.87,0.36249
3742,8476.4,55590,34.683,449.39,260.84,0.26547
3743,6555.8,56144,23.405,365.31,237.45,0.21213
3743,7324.8,58205,30.453,468.33,186.47,0.43045
3743,8522.5,55538,31.013,589.72,400.58,0.19099
3744,6599.4,55982,36.344,606.36,503.8,0.092381
3744,7420.6,58090,39.301,687.2,618.58,0.052549
3744,7916.3,57075,34.318,495.04,288.72,0.26324
3745,6923.5,57626,29.04,253.3,244.69,0.017289
3745,7189.6,56207,33.253,469.84,312.25,0.20149
3746,6853.5,57713,34.402,456.17,407.66,0.056158
3746,7158.5,56325,21.738,825.57,455.44,0.28894
3747,5700.2,55958,26.581,659.12,439.37,0.20005
3747,6618.9,57569,38.709,487.59,416.1,0.079107
3747,7832.1,57534,32.566,445.87,607.36,-0.15332
3748,6682,57310,30.664,353.18,159.9,0.3767
3749,6453.4,56028,31.122,266.43,227.94,0.077864
3749,6864.2,57425,36.744,251.43,172.23,0.18694
3749,8153.2,58357,20.393,997.91,579.94,0.26489
3750,6055.8,58042,40.121,350.05,293.01,0.088694
3750,6714.9,56103,21.668,828.77,600.43,0.15977
3750,7089.2,57414,37.089,398.03,338.51,0.080807
3750,7724.8,55933,26.452,171.39,108.75,0.22359
3750,8159.4,58237,23.882,1248.1,660.9,0.30759
3751,6175.1,57375,29.937,546.35,141.48,0.58862
3751,7922.7,57472,16.283,393.46,510.97,-0.12993
3751,8384.9,58021,19.531,586.41,404.44,0.18365
3752,6179.8,57146,39.768,612.35,287.36,0.36122
3752,7901.4,57395,21.496,394.05,548.12,-0.16352
3752,8575.1,57758,26.114,659.38,390.72,0.25584
3755,6260.7,57672,34.845,484.89,369.38,0.13522
3755,7170.2,56543,9.4379,1249.6,550.49,0.38837
3756,7181.5,56565,9.8489,1120.8,425.64,0.44951
3756,7633,57846,36.62,334.47,187.61,0.2813
3757,7066.8,56503,14.887,733.47,318.01,0.39513
3758,7008.5,56591,21.427,525.85,322.49,0.23972
3759,6652.2,55850,26.357,371.1,129.63,0.48223
3759,6797.8,56870,28.194,879.39,475.3,0.29829
3759,8638.6,57880,24.526,559.07,351.37,0.22812
3761,7100.5,56713,27.468,608.55,466.42,0.13222
3762,7075.2,56679,20.169,627.72,363.15,0.26701
3763,7032.4,56668,18.312,698.92,315.32,0.37821
3764,7003.7,56623,18.979,518.95,312.98,0.24759
3764,7842.8,56648,24.753,448.31,343.06,0.133
3765,7072.3,56610,18.185,474.35,245.22,0.31842
3765,8017.8,56758,35.583,225.71,193.71,0.076287
3766,7123.2,56626,18.421,769.29,274.83,0.47356
3767,7177.7,56593,16.419,713.52,231.01,0.51085
3768,7189.6,56604,16.615,916.15,279.61,0.53233
3769,7156.2,56577,17.296,371.07,102.69,0.56648
3770,7199.3,56667,18.086,687.82,318.32,0.36724
3770,7622.3,56091,28.66,524,218.94,0.41062
3771,5808.6,57895,38.151,499.47,422.92,0.082998
3771,7261,56624,17.144,461.56,180.54,0.43765
3771,7975.3,55889,36.828,243.2,175.86,0.1607
3771,8652.4,57040,23.281,1353.3,745.32,0.28971
3772,7209.2,56604,12.907,974.55,322.88,0.50228
3772,7606.5,57331,35.648,651.66,347.8,0.30402
3773,6505.8,55791,24.871,965.48,851.45,0.062759
3773,7884.6,57205,39.384,348.74,291.47,0.089467
3774,6513,55901,14.73,735.88,294.39,0.42852
3774,7078.3,56406,19.415,822.74,464.99,0.27782
3774,8662.7,55424,33.592,893.42,355.26,0.43099
3775,6560.8,55744,25.383,674.6,490.19,0.15832
3775,6949.5,56376,17.658,636.21,278.26,0.39143
3776,6993.4,56263,18.788,939.4,359.91,0.446
3776,7719.2,56724,29.739,463.07,532.16,-0.069427
3776,8176.9,55723,33.253,316.7,237.42,0.14307
3777,6664.5,57182,26.889,286.35,168.47,0.25918
3777,7073.8,56361,18.137,881.92,486.64,0.28882
3777,7363,55413,33.977,372.38,133.37,0.47259
3778,6802.1,57056,24.991,287.36,134.28,0.36304
3778,7108.7,56347,9.4973,1416.3,922.73,0.21102
3779,6969.6,56406,23.894,774.2,798.53,-0.015469
3779,8216.1,58326,22.999,536.78,265.37,0.33836
3780,6108.8,55870,38.743,348.78,177.23,0.32614
3780,6834,56510,26.941,672.91,561.51,0.090245
3780,6923.4,57182,31.228,794.8,537.41,0.1932
3780,7575.7,55986,18.606,601.34,337.67,0.2808
3780,8400.6,56311,27.851,444.47,120.23,0.57418
3781,6716.6,56592,25.196,501.91,287.78,0.27116
3781,7656.9,58188,21.694,680.71,541.57,0.11384
3781,8354.7,56174,27.738,326.15,271.35,0.091724
3782,5874.1,56141,24.034,394.73,296.33,0.1424
3782,6811,56594,17.719,496.54,179.93,0.46803
3782,7805.6,58121,29.683,231.69,166.67,0.16323
3782,8189.7,56119,29.589,700.08,458.32,0.2087
3783,5760.5,56174,24.824,419.69,290.3,0.18224
3783,6962.2,56628,25.693,1047.7,455.37,0.3941
3783,8046,56495,27.557,474.13,462.59,0.012323
3784,6734.8,56618,19.923,713.43,320.87,0.37955
3784,7631.3,56749,17.711,1947.3,1528.4,0.12051
3785,6378.8,56019,33.16,646.76,381.37,0.25813
3785,7377.2,56600,13.624,1056.1,529.35,0.33226
3785,7513,56149,27.924,759.93,624.53,0.097804
3785,8220.5,56781,22.632,790.48,466.04,0.2582
3786,6783,56716,28.181,431.69,148.42,0.4883
3786,7501.1,56824,17.05,948.79,804.54,0.08227
3786,8253.4,57114,39.193,570.79,189.49,0.50153
3786,8559.8,55403,31.604,943.04,427.39,0.37627
3787,6096.3,56002,30.757,404.52,316.33,0.12234
3787,6939.9,56745,26.207,346.39,103.83,0.53874
3787,7463.2,56966,26.759,423,256.56,0.24492
3787,8490.5,57297,29.379,798.3,685.41,0.076091
3788,5930.2,55583,24.185,606.99,366.62,0.24689
3788,7245.5,56601,16.795,340.2,141.89,0.41136
3788,7668.7,58267,16.599,504.73,247.14,0.3426
3789,6097.2,55537,35.701,438.81,106.27,0.61009
3789,6947.9,56728,21.175,307.26,212.88,0.18146
3789,7737.5,58244,22.801,626.2,386.96,0.23614
3790,6184.8,55612,35.957,387.14,207.69,0.30168
3790,7877.4,58355,21.425,403.41,352.96,0.066701
3791,6877.8,56863,27.851,602.54,218.16,0.46835
3792,6711.5,57870,31.313,407.22,192.77,0.35744
3792,6851,56872,23.533,380.08,318.09,0.088793
3792,7929,56502,29.57,439.97,326.59,0.14791
3793,7891.7,57170,26.175,453.36,392.09,0.072468
3794,5881.4,56194,34.066,836.91,346.09,0.4149
3794,6685.6,56746,26.724,614.02,229.03,0.45667
3794,8133.6,57332,37.164,539.86,353.36,0.20879
3795,6683.2,56728,20.886,482.41,323.95,0.19652
3795,8059.1,56967,22.807,863.01,415.99,0.34951
3796,7791,57389,24.747,595.99,307.38,0.31949
3797,6405.8,56602,33.417,329.37,303.4,0.041031
3797,6929.8,56773,32.398,318.97,122.89,0.44375
3798,5761.2,58373,38.628,332.93,323.06,0.015033
3798,6688.7,56813,17.909,908.36,290.05,0.51594
3799,6515.6,55535,30.291,310.08,122.65,0.43314
3799,6631.7,56787,20.483,405.36,167.46,0.4153
3799,8127.3,57257,34.043,363.53,131.52,0.46867
3799,8566,55445,29.465,298.07,181.97,0.24184
3800,6757.5,56805,20.954,580.83,432.53,0.14634
3800,7106.9,57408,32.626,170.25,195.49,-0.068989
3801,5788.4,56823,32.068,429.88,267.34,0.23312
3801,5976.8,57411,26.905,723.99,556.32,0.13097
3801,6835.8,56931,21.136,564.5,261.13,0.36744
3802,6965,57028,20.469,513.67,152.38,0.54244
3802,7711.4,57756,24.937,506.93,262.69,0.31736
3803,6885.6,57104,18.082,415.6,193.43,0.3648
3804,6407.1,56045,31.466,395.17,248.95,0.227
3804,6899.5,57071,22.559,642.63,222.53,0.48558
3804,8082.4,55605,27.854,334.09,255.94,0.13245
3804,8206.6,58212,20.207,965.95,568.09,0.25935
3805,5766.6,56725,30.909,917.53,204.66,0.63525
3805,6910.2,57046,18.84,564.94,274.92,0.34532
3805,8149.8,55602,29.659,393.7,190.67,0.34745
3806,6088.7,57193,31.491,1155.8,829.52,0.16433
3806,6926.9,56353,27.031,378.98,154.48,0.42084
3806,7054.5,57025,21.707,375.97,224.39,0.25247
3807,6120.8,57130,34.281,758.12,592.24,0.12284
3807,6173.9,58268,36.988,620.15,277.72,0.38138
3807,7059.6,57000,23.455,716.51,398.03,0.28575
3807,7057.2,56242,25.775,690.42,478.5,0.1813
3807,8444.8,58247,35.419,395.3,312.59,0.11684
3808,5677.3,57596,32.273,236.84,173.84,0.15341
3808,7067.9,56859,23.393,511.69,279.21,0.29395
3808,8171.6,58004,35.297,356.44,200.85,0.27918
3809,6639,55916,35.632,393.9,344.72,0.06659
3809,7150.3,56809,22.006,517.67,409.79,0.11632
3810,7101.4,56542,19.475,1046.7,427.15,0.42035
3811,6887.5,56561,16.966,582.87,236.21,0.42323
3811,6969.1,56983,34.49,568.12,314.27,0.28769
3811,8005.9,57317,35.911,157.64,112.82,0.16574
3812,5762.6,58325,30.917,586.11,420.14,0.16494
3812,6758,56686,22.382,900.84,468.56,0.31567
3813,6770.9,56572,23.161,527.51,149.34,0.55873
3813,8204.4,56006,26.768,544.71,417.97,0.13165
3814,5738.8,55842,35.318,365.27,142.44,0.4389
3814,7036.4,55829,31.273,227.61,150.19,0.20493
3814,8127.9,56162,25.305,425.71,486.84,-0.066987
3814,8248.9,56982,33.43,546.17,392.63,0.16355
3815,6572.2,56474,17.013,565.26,236.52,0.41001
3815,7195,56605,16.262,638.95,424.95,0.20115
3815,8039.7,57286,29.692,467.81,297.79,0.22206
3815,8168.5,56001,37.874,262.11,143.57,0.29221
3816,6164.3,55470,36.693,371.28,118.64,0.51566
3816,6500.6,56567,17.684,360.83,246.99,0.18729
3816,7225,56587,13.212,444.84,310.76,0.17745
3816,8176.2,57217,33.694,601.69,403.71,0.19692
3817,6524.1,56536,18.766,473.23,197.8,0.41047
3818,5835.8,55417,21.672,665.3,544.88,0.099506
3818,6563.2,56469,25.125,511.4,276.71,0.29779
3818,7331.3,57104,34.079,308.82,381.34,-0.10508
3819,6002.8,55795,33.991,790.39,748.1,0.027487
3819,6355.6,58343,35.281,294.82,256.61,0.069291
3819,6534.7,56223,23.474,511.23,223.69,0.39126
3819,7812.1,57544,21.873,1037.4,895.54,0.073374
3819,7956.2,57139,26.865,919.97,637.11,0.18167
3820,6520.2,56145,33.319,961.81,574.48,0.25212
3820,7759,57097,28.88,469.84,268.14,0.27331
3821,6363.8,56349,16.057,1211.4,654.55,0.29842
3821,7583.1,57078,24.402,348.85,145.81,0.41046
3823,6422.2,56273,21.24,723.64,561.42,0.12623
3823,7141,55781,14.935,488.52,446.63,0.044798
3823,8618.7,57353,30.945,466.02,195.74,0.40842
3824,5851.9,58324,34.425,563.86,356.87,0.2248
3824,6228.4,56360,14.56,1013.8,639.9,0.22611
3824,6486.4,56992,23.301,1394.6,1200.5,0.07479
3824,7117.6,55762,19.285,303.12,334.68,-0.04948
3824,7850.4,58387,13.94,612.01,542.42,0.060282
3824,8534.5,57322,36.088,638.6,272.09,0.40245
3825,6241.4,56286,20.16,822.3,562.45,0.18765
3825,6200.7,58220,28.914,324.92,191.39,0.25862
3825,6338.6,57039,10.78,1495.5,940.13,0.22801
3826,6205.4,57321,34.262,1290.8,1033.7,0.1106
3826,8593.5,56837,24.158,385.81,297.91,0.12857
3827,6167,57010,33.767,447.76,234.9,0.31182
3827,7736.1,58301,28.122,457.55,354.8,0.12648
3829,8016.2,57380,20.226,909.38,455.44,0.3326
3830,5874.6,57438,31.564,428.03,321.73,0.14179
3830,8003.9,57549,27.732,1200.8,482.47,0.42676
3831,5944.4,57296,27.678,401.81,345.39,0.075502
3831,6560.9,57026,33.399,486.42,262.43,0.29911
3831,7720.2,55910,17.928,1227.2,644.45,0.31135
3831,8155.5,56023,19.142,1311.3,868.65,0.20305
3832,5998.6,57203,18.556,929.09,850.15,0.044367
3832,8114.9,57700,29.492,382.35,318.16,0.091637
3832,8186.8,56093,31.18,347.57,159.66,0.37047
3833,6182.4,57267,19.63,889.79,493.08,0.28688
3834,8189.1,57867,31.033,359.31,289.48,0.10763
3835,6858.1,57230,33.509,376.07,299.48,0.11338
3836,8332.6,57626,26.925,595.04,545.4,0.04353
3837,6355.8,55716,19.907,495.95,422.99,0.079392
3837,8089.7,57594,33.634,518.68,300.52,0.26632
3839,6505.7,55870,39.642,651.06,608.44,0.03384
3839,7649.5,56124,22.556,554.87,290.1,0.31335
3840,5931.8,55766,32.22,522.35,317.63,0.24372
3840,7665.3,56303,38.805,389.74,237.19,0.24334
3840,7599.8,58255,23.548,768.93,357.19,0.36563
3840,8402.9,56648,26.645,334.17,181.33,0.29648
3841,6129.2,56055,32.631,453.42,232.02,0.32301
3841,6973.6,57965,32.36,278.3,222.32,0.11182
3841,7179.6,56198,28.5,643.34,264.96,0.41659
3841,7561.4,58231,16.382,986.04,748.7,0.13681
3841,8520.2,56648,21.288,406.38,195.36,0.35068
3842,5996.4,57314,37.449,218.09,188.02,0.074055
3842,7422.5,58325,29.172,843.45,492.06,0.26311
3842,8408.6,56875,20.299,600.94,314.97,0.31223
3843,5906.6,57369,31.946,262.13,118.99,0.37556
3843,6422.8,56084,38.896,621.3,395.86,0.22164
3843,8454.7,56824,24.107,433.4,461.84,-0.031768
3844,8642.9,57042,25.483,478.25,125.07,0.58538
3845,7915.1,58368,19.921,534.9,237.12,0.38572
3846,5960.8,56556,32.804,411.21,122.68,0.54042
3847,7125,56035,31.067,421.9,136.82,0.51023
3848,7110.1,56637,31.349,406.35,195.19,0.35102
3849,6670,56680,22.564,358.78,194.81,0.29619
3850,5756.2,58121,27.493,386.14,293.99,0.13548
3850,6341.2,55624,18.305,456.97,603.86,-0.13847
3851,7309.8,56460,25.875,190.37,172.39,0.049566
3852,6373.7,55869,32.799,217.23,103.8,0.3533
3852,7297.7,56612,17.985,471.15,269.35,0.27252
3854,5820.7,56753,25.259,470.54,345.22,0.15362
3855,6198.6,56673,25.264,290.83,117.35,0.42499
3856,6220.5,56664,35.589,280.13,144.3,0.32002
3856,7748.1,55450,31.095,378.65,227.81,0.24872
3857,6322.4,56209,28.784,198.63,134.47,0.19259
3860,5785.9,57259,34.289,486.16,472.15,0.014616
3860,7913.7,55462,23.581,614.48,581.99,0.027159
3861,7881.4,55429,35.128,425.54,526.43,-0.10598
3861,7978.8,55775,36.301,486.12,235.69,0.34694
3862,5735,55591,29.342,543.8,217.11,0.42934
3862,5840,56935,33.947,311.24,188.38,0.24591
3862,7891.6,55701,29.039,365.99,347.25,0.026283
3862,8367.4,56043,31.082,482.66,362.81,0.14175
3863,5924.3,56844,35.189,389.38,355.05,0.046124
3863,7952.6,55728,23.87,759.48,612.59,0.10706
3864,7136.3,56763,21.008,438.51,254.19,0.2661
3864,7315.2,57818,34.897,570.66,413.6,0.15957
3864,8041.5,55739,34.482,542.65,657.35,-0.095579
3865,7390.3,57802,25.633,575.74,474.58,0.096316
3865,7603.8,56871,34.088,808.13,775.35,0.020701
3865,7733.5,55768,32.051,238.6,128.28,0.30069
3866,8577.9,55577,29.835,393.2,267.55,0.19017
3870,6094.2,57182,29.022,276.89,143.86,0.31618
3870,7397.1,58188,31.108,484.35,171.86,0.4762
3870,7564.7,57043,34.932,603.99,404.5,0.19782
3871,6317.1,55911,39.698,591.63,510.17,0.073938
3872,5820.1,57400,30.009,260.41,122.97,0.35851
3872,6382,55740,34.195,410.08,271.05,0.20412
3872,7718.1,55962,23.288,703.64,480.74,0.1882
3873,6478.6,55585,37.42,492.23,382.11,0.12595
3873,7966.7,56361,35.56,350.55,332.54,0.026353
3874,8496.7,57883,37.344,300.14,161.8,0.29949
3875,8138.4,56459,26.915,698.27,479.82,0.18542
3876,8364.9,56313,24.892,466.21,254.09,0.2945
3877,5813.1,56793,29.396,287.41,172.41,0.25008
3878,7950.8,57109,30.831,668.33,539.26,0.10689
3879,6677.1,57892,33.35,238.63,112.96,0.35744
3879,7865.2,57354,34.093,1246.4,696.97,0.28272
3880,6711.8,57903,22.953,286.75,129.31,0.37841
3880,7921.5,57384,16.318,796.48,706.76,0.059685
3881,8070.4,57352,25.722,839.69,668.78,0.1133
3882,7141.4,57208,33.444,476.14,176.39,0.45937
3883,6163.3,56888,25.667,425.33,256,0.24852
3883,7503,57997,30.214,330.64,136.59,0.41532
3884,5683.6,56622,33.644,382.06,282.66,0.14954
3884,5726.8,55463,25.188,393.71,236.72,0.24902
3884,5856.7,57816,29.605,1116.7,419.87,0.45348
3885,7196.5,57244,32.957,392.52,140.74,0.47217
3886,5699.7,55438,27.358,449.22,252.94,0.27954
3886,8068.3,56129,32.815,510.56,359.53,0.17358
3887,6796.7,57540,29.994,358.14,279.34,0.12362
3887,7933.3,55947,32.207,488.89,203.28,0.41262
3887,8391.9,56581,20.719,667.52,181.47,0.5725
3887,8606.1,55511,19.547,281.01,189.82,0.19369
3888,7978.5,55742,24.821,328.36,167.93,0.32325
3888,8113.5,57779,36.287,399.73,307.16,0.13096
3889,7707.6,57956,34.512,320.99,184.62,0.26972
3889,8555.2,57018,34.625,363.74,422.78,-0.075061
3890,7215,57055,28.702,464.27,405.32,0.067795
3891,5962,57470,30.515,464.01,203.36,0.39056
3891,6720.5,56161,27.42,474.55,329.39,0.18055
3891,7858.5,57739,29.388,241.89,225.95,0.034067
3892,6366.6,55778,11.691,1062.2,254.79,0.61307
3892,7584.5,57942,32.784,396.11,216.42,0.29336
3892,8601.8,55483,21.785,424.07,261.46,0.2372
3893,6485.9,56025,11.017,1014.6,384.27,0.45059
3893,7170.8,57215,37.446,346.35,314.01,0.048978
3894,6407.2,56241,14.506,1519,207.07,0.76006
3894,7539.6,56042,13.631,1421.3,928.32,0.20982
3894,7482.5,56593,24.778,1427,1241.4,0.069553
3895,6112.8,56488,17.002,1502.4,182.2,0.78368
3895,7475.5,56731,26.266,491.7,490.1,0.0016321
3895,7813.5,58369,20.052,628.05,582.88,0.037306
3896,5864.6,56302,12.891,1157.3,193.74,0.7132
3898,6233.9,55498,12.053,1087,122.37,0.79762
3898,7694.8,55961,27.613,683.16,284.23,0.41237
3899,6083.9,55404,12.02,1060.2,138.95,0.76825
3899,7843.1,58261,30.379,604.47,314.94,0.31491
3900,8276.6,57185,30.712,347.28,175.96,0.32743
3901,6393.4,55448,13.861,676.75,105.52,0.73022
3901,8354.2,56690,32.087,815.83,153.46,0.68335
3901,8595.8,57177,32.524,391.64,145.47,0.45832
3902,6431.7,55733,15.573,985.08,369.91,0.45401
3902,7344.9,56385,15.108,536.75,262.13,0.34376
3902,7780.8,55575,28.442,513.31,241.61,0.35991
3902,7754.8,55760,24.126,923.01,359.03,0.4399
3903,7274.6,56623,24.863,354.11,277.86,0.12065
3903,8067.4,57130,23.707,501.91,158.15,0.5208
3903,8014.9,55663,35.376,636.9,253.07,0.43128
3904,5849.7,58085,38.499,289.39,286.6,0.0048443
3904,7286.1,56708,15.971,1191.8,1222.3,-0.01263
3904,7812.9,57245,28.194,381.1,366.5,0.019518
3904,8326.8,56002,29.631,652.63,454.69,0.17876
3905,5921.2,56178,19.212,315.11,178.01,0.27803
3905,7242.4,56762,20.634,861.37,643.81,0.14454
3905,7835.7,57227,32.705,377.38,156.19,0.41456
3906,7383.3,56582,10.942,709.91,551.29,0.12577
3906,8486.6,55762,22.065,1145.5,772.67,0.19436
3907,5711.2,55408,28.086,506.4,624.95,-0.10479
3908,6304.9,58195,25.274,397.1,147.54,0.45822
3908,6782.7,56127,34.235,196.42,158.13,0.10799
3909,7374.8,58065,24.97,594.51,375.38,0.22594
3910,8556.6,55569,35.236,455.56,833.75,-0.29333
3912,8175.2,57539,26.483,2048.8,1585.7,0.12744
3913,7893.5,57502,22.13,1193.2,878.22,0.15206
3914,6258.7,56867,35.109,480,292.1,0.24336
3914,7314.8,56987,35.082,750.81,517.02,0.18441
3914,7931.4,57654,15.556,1120,499.7,0.38298
3915,7748.2,58188,27.57,331.62,169.19,0.32435
3915,8073.3,57755,25.673,813.58,495.18,0.24328
3916,5758.7,58155,38.242,214.5,152.97,0.16744
3916,8007.8,57680,17.673,973.79,561.69,0.26839
3916,8483.6,56280,20.325,438.55,130.7,0.54079
3917,8297.3,56462,29.018,991.19,689.97,0.17918
3918,6758.5,56662,38.223,226.71,140.38,0.23518
3918,7764.5,58355,22.889,968.61,861.02,0.058808
3918,7958.2,56506,30.437,226.36,146.78,0.21327
3919,6529.8,55590,27.937,336.01,167.34,0.3351
3919,6706.8,56639,28.216,411.29,214.18,0.31513
3919,7544.8,57686,26.88,381.97,368.83,0.017495
3920,6277.5,56192,35.863,449.43,298.73,0.20142
3921,6174.2,56110,34.201,1669.7,942.72,0.27827
3922,6269.3,55859,16.389,1071.6,709.64,0.20319
3922,6381.8,56918,29.407,949.76,805.42,0.082239
3922,7281.6,55687,32.106,538.59,420.9,0.12266
3922,7238.8,57810,22.801,497.87,253.12,0.3259
3922,8517,57554,29.85,268.24,216.84,0.10596
3923,6270.6,56163,19.602,1598.9,1090.2,0.18917
3923,6299,56582,40.458,1181.2,1080.8,0.044383
3923,6341.4,58126,28.009,898.26,651.86,0.15895
3924,6147.7,56309,35.01,322.56,170.22,0.30913
3924,6536,58170,33.017,329.76,304.78,0.039353
3924,7212.7,56989,28.995,699.36,579.51,0.093717
3925,6245.8,56360,20.879,570.44,277.38,0.34566
3925,6388,58186,19.393,334.77,261.77,0.12237
3925,7339.3,56772,34.592,570.24,561.69,0.007555
3925,8374.3,57685,24.057,647.7,429.94,0.20207
3926,6343,56339,14.816,892.58,644.48,0.16142
3926,7367.5,56569,31.359,613.62,406.59,0.20294
3927,6293.2,56838,34.417,523.22,749.59,-0.17785
3927,7214.9,57126,30.822,166.77,136.37,0.10029
3927,7991.9,57072,19.942,869.75,747.44,0.075632
3927,8390.3,58192,22.406,307.59,168.19,0.29301
3928,5935.5,58049,32.025,657.41,367.05,0.28343
3928,6670.9,57340,36.079,483.1,204.49,0.4052
3928,8266.7,56210,31.367,585.14,598.48,-0.01127
3929,7027.2,56927,27.72,274.86,229.09,0.090832
3929,7668.3,58236,21.834,334.44,135.42,0.42356
3929,7931.9,56797,24.403,372.45,328.79,0.062258
3930,7648.6,56974,27.783,909.09,639.96,0.17374
3930,7680.3,58215,33.156,306.06,136.05,0.38456
3930,7713.2,57567,18.558,992.29,137.39,0.75677
3931,6659.6,57134,29.17,375.7,259.76,0.18245
3931,7513.4,56957,33.246,308.18,262.6,0.079861
3932,7240.6,56546,12.504,603.7,225.89,0.45542
3933,7265.8,56588,24.685,560.86,489.34,0.068098
3934,6349.6,57522,34.509,231.1,166.24,0.16324
3934,7389.3,56501,20.733,300.23,219.08,0.15625
3935,6540.1,57470,23.637,389.81,382.32,0.0097022
3935,7230.3,56611,16.084,991.45,981.19,0.0052026
3936,6695.4,57062,29.676,467.33,608.59,-0.1313
3936,7325.4,56523,14.096,1533,1169.5,0.13451
3936,7767,55510,29.078,298.45,243.4,0.10158
3937,6711.6,56969,33.114,273.27,157.19,0.26968
3937,7329.5,56422,16.951,846.16,823.59,0.013519
3937,8051.4,55553,32.534,282.97,152.58,0.29935
3938,6315.6,58182,31.54,583.24,338.85,0.26503
3938,7827.6,56918,23.597,601.52,259.83,0.39669
3938,7823.2,57648,20.466,658.52,701.41,-0.03154
3939,6107.7,56331,30.571,423.67,318.94,0.14103
3939,6698.2,56912,27.684,327.58,200.03,0.24174
3939,7767.8,57479,24.728,369.46,341.69,0.039049
3940,6687.4,57149,33.83,683.23,464.77,0.1903
3940,7317.3,55789,25.393,550.13,762.52,-0.1618
3941,6643.3,56997,26.161,216.34,146.81,0.19146
3941,7322.7,57562,19.484,985.33,697.06,0.17134
3942,6270.8,57317,21.42,651.5,673.47,-0.016581
3942,6648.8,56496,36.102,314.59,260.88,0.093343
3942,7257.2,57686,16.388,1067.1,725.45,0.1906
3942,8617.8,57288,27.982,489.03,349.25,0.16674
3943,6595.7,56284,31.682,369.32,151.73,0.41761
3943,7189,57357,33.79,629.43,258.43,0.41785
3944,5766.1,55613,22.252,551.54,280.09,0.32642
3944,7590.4,56637,17.727,594.23,252.7,0.40325
3944,7682.1,56945,41.287,729.46,347.73,0.35438
3945,5970.8,55596,34.929,389.8,353.65,0.048636
3945,7700.5,56572,20.435,469.22,220.71,0.36018
3946,8581.5,57762,22.57,736.62,417.47,0.27655
3947,8459.7,57647,38.874,726.52,483.5,0.20084
3948,5980.7,55712,35.504,464.82,233.35,0.33154
3948,6884.2,57949,23.406,707.51,525.95,0.14719
3948,8564.3,57966,29.946,543.7,584.74,-0.036363
3949,6590.9,55717,32.188,1473.2,957.49,0.21217
3951,7264.7,56974,21.56,462.38,224.04,0.34722
3952,6093,55757,37.034,384.77,205.98,0.30265
3952,8598,57941,21.319,606.61,422.29,0.17914
3953,8192.8,58196,29.837,457.34,342.51,0.14357
3954,8640.4,57799,22.618,446.81,323.35,0.16031
3956,6832.1,56116,24.373,505.08,278.97,0.28839
3959,8433.4,57763,27.445,558.75,586.7,-0.024407
3960,6467.2,58207,26.92,283.18,273.51,0.017382
3960,8374.4,57633,34.913,465.39,536.05,-0.070555
3961,6748.9,56028,27.068,712.86,411.09,0.26849
3961,7333.4,57678,31.239,399.26,124.58,0.52436
3961,8014.9,55769,20.957,666.01,602.12,0.050382
3962,6920.8,56896,25.426,1210.1,179.48,0.74167
3962,7232.6,57705,24.869,1246.2,412.83,0.50233
3962,7248.8,58328,25.105,518.96,254.37,0.34215
3962,8279.1,55846,30.212,551.45,246.84,0.38157
3963,7028.4,57033,32.838,694.48,410.4,0.25711
3963,8158.3,56017,31.176,285.36,123.41,0.39618
3964,6842.5,56992,25.938,574.74,274.43,0.35365
3964,6938.1,57506,33.829,648.14,505.33,0.12381
3964,7248.7,58267,36.582,406.11,273.57,0.19499
3965,6149.4,55393,24.471,582.67,399.4,0.18662
3965,6824.6,56941,29.983,675.16,511.57,0.13785
3965,6976.6,57414,23.756,270.25,219.48,0.10369
3966,6336.9,55402,30.891,384.65,403.98,-0.02452
3967,6335.2,58223,22.097,744.54,256.56,0.48744
3967,7840.8,57859,30.65,355.86,209.82,0.25816
3968,6396,58204,30.246,420.31,205.68,0.34287
3968,7129,56611,33.623,763.04,368.63,0.34852
3968,7825.6,56547,26.482,520.43,313.47,0.24819
3968,8535.8,55555,21.325,345.75,205.87,0.25357
3969,6123.1,55519,27.293,378.92,243.5,0.21757
3969,6422.4,58269,26.116,409.31,155.11,0.45036
3969,7899,56417,29.594,305.32,181.57,0.25417
3970,6131.6,57051,27.574,384.36,265.46,0.18298
3970,6187.7,55641,25.476,331.75,249.33,0.14184
3970,6630.9,57564,30.892,209.82,213.72,-0.0092052
3970,7179,56524,18.911,1082.6,512.7,0.35725
3970,8061.3,56493,32.032,776.85,690.96,0.058512
3971,6420.6,55965,30.12,460.36,153.21,0.5006
3971,8238.3,56574,26.949,549.8,468.89,0.079425
3972,6081.8,56752,30.417,712.27,558.4,0.12109
3972,6293.1,55907,36.241,412.22,348.28,0.084078
3972,6996,56590,30.141,282.73,181.57,0.21787
3972,8317.5,56371,32.284,579.67,232.93,0.4267
3973,6840.3,56689,31.554,636.9,455.7,0.16585
3973,7473.9,55920,25.846,680.63,672.7,0.0058627
3973,8452.7,56304,29.691,332.52,112.17,0.49553
3974,5898.1,57034,33.863,908.96,608.24,0.1982
3974,6848.5,56569,25.775,578.6,371.99,0.21735
3974,8585.4,56431,28.914,679.78,363.77,0.30283
3976,8118.8,57461,23.861,412.57,238.13,0.26807
3977,6967.9,56784,23.826,688.69,513.29,0.14593
3977,7173.8,56792,25.685,579.13,489.21,0.084168
3977,8376.9,56355,39.2,297.73,113.16,0.4492
3978,6498.5,58139,31.826,284.64,232.85,0.10007
3978,7670.8,58286,20.686,236.39,160.25,0.19196
3978,8167.1,56377,33.788,457.98,242.65,0.30734
3979,8659,57096,34.433,692.14,420.95,0.24364
3980,6782.5,57806,34.535,174.2,217.23,-0.10994
3981,7196.3,57787,29.272,492.19,319.97,0.21205
3981,8555.2,57635,32.902,260.16,199.8,0.13124
3983,7680,56044,24.575,703.62,411.14,0.26238
3983,7796.3,57658,13.567,538.26,316.99,0.25872
3984,7506.4,57520,28.178,1249,710.46,0.27483
3984,7626.1,56119,31.001,274.84,151.78,0.28846
3985,6159.6,56085,38.717,285.69,260.22,0.046663
3985,7645,56001,22.927,700.53,402.43,0.27027
3986,6121.9,55799,33.234,245.16,160.53,0.20863
3986,7580.6,57303,32.393,827.57,227.16,0.56925
3986,8300,56846,27.14,376.72,197.78,0.31147
3987,6322.7,55663,30.407,563.19,575.69,-0.010976
3987,7080.3,57377,35.758,446.02,218.72,0.34194
3987,7604.6,56102,27.235,298.12,214.82,0.1624
3987,8372.4,56824,24.89,351.56,217.55,0.23547
3988,7423.4,56052,30.908,182.98,180.45,0.006963
3988,7507.6,58321,36.528,422.19,229.19,0.29629
3988,7988.3,57083,29.283,635.88,532.17,0.088792
3989,6705.5,57104,33.147,457.13,425.61,0.035698
3989,6666.4,55905,34.441,1318.9,743.37,0.27908
3990,6397.8,56981,38.455,337.42,252.16,0.14462
3990,6644.8,55873,30.313,280.12,185.77,0.20253
3991,6096.4,57016,29.124,239.9,235.97,0.0082483
3991,6823.2,55914,32.362,371.35,378.15,-0.0090718
3992,6097.5,56189,32.029,745.36,592.7,0.11409
3992,7467.7,57807,33.958,606.04,208.25,0.48852
3993,7576.8,57622,27.094,267.6,101.66,0.44937
3993,7702.5,55785,34.495,274.15,153.84,0.28111
3993,8174.6,56414,24.381,388.18,176.05,0.37595
3994,7320.3,56475,23.225,431.24,263.99,0.24056
3996,6264.1,57545,33.449,458.48,128.57,0.56199
3996,7426.8,55833,25.684,760.12,700.96,0.040493
3998,7657.7,58266,23.056,459.8,119.66,0.587
3999,6373.8,56096,16.595,806.88,552.01,0.18756
4000,6276.2,56782,36.281,287.81,221.19,0.13087
4000,6516.2,55966,34.096,737.3,376.58,0.32385
4000,7790,58332,24.761,744.16,101.08,0.76082
4001,6227.6,56538,37.181,199.88,106.02,0.30685
4001,6693.9,57742,26.354,817.54,295.36,0.4692
4001,7308.6,56386,27.554,190.4,153.02,0.10883
4002,7283.9,56388,13.615,530.62,361.46,0.18962
4002,7816.1,57499,16.401,516.02,140.71,0.57149
4003,7333.9,56375,17.754,541.89,514.59,0.025848
4003,7459.5,55969,33.471,648.72,271.53,0.40987
4003,8542.8,57644,22.425,724.19,379.87,0.31187
4004,7401.5,56434,19.248,546.49,374.45,0.1868
4005,7676.1,55704,31.307,494.19,322.08,0.21086
4005,8655.2,57608,29.387,745.76,481.86,0.21497
4006,8289.9,56752,19.949,1064.5,527.08,0.33765
4008,7083.7,55739,30.051,312.67,149.38,0.35339
4008,8498.9,57134,31.773,654.82,325.23,0.3363
4009,6020.7,58011,30.752,194.23,203.94,-0.024391
4009,7235.9,56008,33.329,203.48,214.14,-0.025519
4009,8320.9,57136,30.378,460.95,373.71,0.10452
4009,8598.2,55803,34.367,370.62,306.12,0.095309
4010,8334.2,56660,30.975,273.54,139.48,0.3246
4010,8611.2,55619,16.583,540.02,347.98,0.21627
4011,8580.8,55684,15.477,624.09,125.57,0.66501
4012,8419.5,56387,29.17,488.52,419.95,0.075476
4014,6597.8,55598,31.921,297.36,356.3,-0.090165
4015,6421.6,55729,22.228,366.29,229.86,0.22886
4015,6683.9,57897,32.142,651.06,359.59,0.2884
4015,7471.2,58353,28.442,542.48,487.86,0.053019
4015,7616.8,56037,12.175,621.48,537.74,0.072239
4016,6199.8,55801,36.031,926.04,850.93,0.042269
4016,7587.2,58381,35.616,595.01,518.58,0.068641
4017,6139.2,56041,28.835,713.33,342.78,0.35086
4017,7566.6,58351,29.178,276.49,273.9,0.0047182
4017,8080,57135,32.084,325.78,447.16,-0.15703
4018,6275.8,56053,27.735,344.69,127.36,0.46042
4018,6662.5,57543,39.285,380.05,437.4,-0.070146
4019,7821.8,57295,23.571,385.41,348.24,0.050661
4020,7906.9,57229,23.605,627.79,511.06,0.10249
4021,7948.3,57447,25.018,488.29,360.61,0.1504
4022,6736.7,55893,24.777,291.3,166.94,0.27138
4022,7978.9,57373,15.925,713.2,452.8,0.22333
4023,6116.5,57170,29.948,412.73,140.61,0.49178
4023,8316.6,57516,28.342,419.39,670.02,-0.23006
4024,6539.4,55761,21.422,759.92,556.88,0.15419
4024,8309.8,57693,23.778,435.54,415.24,0.023865
4025,6981.8,56679,22.691,620.57,359.37,0.26655
4025,8431.3,57894,34.458,333.81,208.88,0.23021
4026,5759.4,58209,31.409,337.9,299.91,0.059562
4026,6044.5,56031,36.506,473.77,217.76,0.37021
4026,8539.1,55491,18.228,331.79,199.44,0.24914
4027,6087.9,57982,39.424,1068.6,931.02,0.068819
4027,8558.5,55592,11.848,507.66,289.93,0.27298
4028,6214.4,56258,25.504,437.17,339.38,0.12593
4028,6445.4,57887,32.42,968.66,831.78,0.076027
4028,8304.8,57579,36.927,537.55,360.43,0.19724
4028,8574.4,55479,19.725,312.3,102.24,0.50673
4029,6288.1,56239,30.72,358.43,254.56,0.16944
4029,6829.9,56941,26.118,475.01,315.13,0.20235
4029,6856.2,57864,26.727,329.33,179.58,0.29426
4030,6523.3,56388,29.087,266.87,139.41,0.31372
4030,6738.9,57033,20.88,320.63,243.46,0.1368
4030,6926.2,57740,33.193,316.06,361.14,-0.066573
4034,5667.6,56154,29.946,539.72,308.98,0.27188
4034,6170.3,58298,34.412,406.28,236.96,0.26324
4035,5741.4,56292,25.244,288.69,143.14,0.33706
4035,6324.3,58283,25.684,466.79,235.75,0.32886
4035,7918.7,55520,29.9,296.88,109.22,0.46211
4037,7800.3,55701,30.206,296.41,161.59,0.29435
4038,6072,58012,30.385,345.49,323.79,0.032421
4038,7574.2,56963,25.011,530.58,321.16,0.24588
4040,8655.2,55454,17.147,422.18,272.3,0.21582
4041,7229.6,56578,15.445,663.96,418.51,0.22675
4041,8467.1,55507,19.459,883.16,478.66,0.29703
4042,6663.2,57139,35.794,832.33,322.49,0.44148
4042,7307.3,56564,15.862,738.41,381.83,0.31831
4042,8562.2,55583,16.684,476.43,280.33,0.25913
4043,5712.3,55521,25.402,496.9,325.41,0.20855
4043,7186.4,56546,20.782,671.54,573.2,0.079009
4044,5742.6,55692,30.728,449.18,220.37,0.34173
4044,7207.1,56536,18.093,264.89,239.85,0.04961
4046,5690.9,56384,31.242,588.99,344.76,0.26156
4046,8591.4,56969,26.828,302.2,136.05,0.37911
4047,6603.9,57178,28.18,517.73,209.88,0.42309
4047,7663.6,58249,26.842,316.03,210.86,0.19961
4047,8400.5,57019,31.843,914.56,344.79,0.45243
4048,5866.6,56254,28.844,255.7,267.48,-0.022515
4049,7652.5,58301,20.797,235.87,102.72,0.39326
4050,6432.4,56492,30.079,202.07,118.32,0.26139
4050,8277.3,55894,25.295,307.47,200.29,0.21109
4051,8167.6,55908,28.237,741,596.77,0.10781
4052,6448.1,56548,26.023,433.9,161.05,0.45861
4052,8443.1,56105,30.454,230.54,103.66,0.37967
4052,8527.7,58343,32.74,312.15,296.66,0.025446
4053,6420.2,56595,31.11,305.09,167.69,0.29063
4053,7609.2,58276,21.403,621.24,534.2,0.075332
4053,8382.2,55974,27.099,638.87,469.21,0.15311
4054,7748.5,56570,26.593,365.58,134.28,0.46274
4054,8340.3,56221,32.93,435.28,404.26,0.036945
4055,6287.8,56133,27.447,547.09,381.01,0.17895
4055,8488.1,56391,27.978,346.65,283.61,0.10003
4055,8415.2,57791,23.937,1228.9,854.69,0.17958
4056,6723.1,56133,28.036,740.86,561.86,0.1374
4056,6777,56964,24.76,285.07,134.08,0.36022
4056,7597.6,56978,21.574,663.66,333.83,0.33067
4056,8377.1,56602,23.79,503.93,436.67,0.071516
4056,8421.9,58012,26.566,620.53,368.36,0.255
4057,6742.5,56000,25.474,544.47,341.71,0.22881
4057,6906.9,57162,38.625,394.65,186.61,0.3579
4057,7802.6,57048,25.565,399.57,297.83,0.14589
4057,8044.2,58081,34.401,982.35,580.78,0.2569
4058,6699.3,56072,24.961,551.74,434.65,0.11871
4058,7802.6,56810,24.921,809.96,713.16,0.06355
4059,5967.3,56607,31.108,385.94,211.66,0.29162
4059,7790.9,56802,25.745,324.3,283.84,0.066524
4060,5671.3,58115,36.006,269.48,324.08,-0.091975
4060,6777.4,56435,36.547,430.93,436.14,-0.0060098
4060,7693.4,56743,23.67,601.32,487.35,0.10469
4061,7676.4,57571,14.977,422,240.47,0.27401
4062,7642.4,57130,29.404,838.86,877.8,-0.022687
4063,5948,56957,27.777,584.27,597.37,-0.011093
4063,7613.9,57046,25.992,598.17,647.39,-0.039522
4064,6075.1,56895,29.633,450.35,343.1,0.13517
4064,7809,56878,28.533,839.07,481.22,0.27104
4064,8340.5,57312,28.71,293.37,194.22,0.20334
4065,6099.8,56962,35.978,332.42,108.63,0.50742
4068,5683.6,56296,28.285,535.6,225.57,0.40731
4068,7162.5,58335,34.316,311.42,208.26,0.1985
4070,8622.6,57922,23.742,881.44,549.6,0.23189
4072,7832.3,57578,19.141,675.45,329.96,0.34364
4074,7782.8,58208,25.752,635.93,305.94,0.35036
4076,7300.2,56397,17.514,650.6,376.85,0.26643
4077,5886.7,56105,19.823,1678,1319.9,0.11946
4077,7097.7,57448,31.589,242.37,183.61,0.13795
4077,7607,58350,25.047,189.34,101.98,0.29986
4078,5771.1,56152,32.304,810.9,464.91,0.27119
4078,8327.9,55924,27.528,698.65,531.29,0.13607
4079,6706.8,57406,27.345,606.23,420.82,0.18053
4079,7378.9,57153,30.351,455.33,276.4,0.24452
4080,5793.6,56466,31.645,1093.7,996.61,0.046463
4080,6508.9,57633,19.131,274.98,179.95,0.2089
4080,7640.7,58365,15.327,550.98,338.52,0.23885
4081,6054.4,56186,20.235,878.64,482.41,0.29112
4081,6260.7,58373,23.514,377.13,137.07,0.46686
4081,6643.5,57531,22.746,358.74,190.29,0.30681
4081,7672.9,57136,29.586,529.89,339.3,0.21927
4081,8111.5,58257,29.363,380.63,242.95,0.22079
4081,8486.9,55534,32.901,354.53,178.11,0.33121
4082,6502.7,56548,31.439,420.44,437.21,-0.019547
4082,6824.5,57357,28.777,462.72,256.33,0.28702
4082,7789.9,57216,24.948,560.96,302.09,0.29995
4082,8585.1,55569,24.004,273.19,289.28,-0.028608
4083,6077.5,56205,30.562,276.84,216.04,0.12335
4083,6793.1,57251,35.766,205.33,166.62,0.10407
4083,8422.8,58306,31.084,498.44,347.08,0.17902
4084,6169.3,56243,27.338,361.37,294.19,0.10247
4085,5795.9,58174,31.98,586.1,289.41,0.33888
4085,7188.9,55839,20.236,450.91,299.03,0.20252
4085,7448.7,57703,28.476,290.29,294.35,-0.0069286
4086,5873.8,55823,34.781,110.18,115.26,-0.022524
4088,6854.7,56103,23.906,555.83,246.59,0.38538
4089,6561.8,57562,31.867,451.24,527.3,-0.077723
4091,7520.1,55485,32.398,403.83,294.34,0.15682
4091,7542.3,57777,35.844,396.87,272.37,0.18602
4092,7448.6,57861,23.23,418.82,261.5,0.23125
4092,8335.7,57451,31.09,1009.2,825.92,0.099879
4093,7443.5,57731,20.303,517.49,274.7,0.30648
4093,8351.5,57449,36.668,828.97,545.76,0.20602
4094,7202.9,57689,23.239,586.66,432.79,0.15093
4094,8116.7,55599,32.112,536.25,389.78,0.15817
4095,7097.5,57717,33.641,460.48,256.14,0.28514
4096,6591.7,56158,35.155,407.21,502.32,-0.10457
4096,8082.1,55663,32.765,478.41,313.11,0.20884
4098,6849.7,56896,37.535,328.49,344.68,-0.024053
4100,6164.2,56145,32.88,298.65,213.54,0.16617
4101,5863.8,57915,27.042,341.97,182.51,0.30403
4101,6082.1,56586,31.831,327.23,349.17,-0.032428
4101,7086.4,56327,27.427,814.05,549.83,0.19373
4102,7254.4,56150,33.08,322.13,224.39,0.17884
4103,7239.3,56131,33.794,354.58,184.9,0.31452
4103,7278.9,56109,33.959,450.55,261.19,0.26604
4104,7196.5,56219,18.68,439.59,272.14,0.23528
4104,7598.2,58370,23.622,261.24,187.62,0.16403
4105,7343.5,56031,26.759,697.81,784.65,-0.058574
4105,8289.3,58221,33.01,607.31,424.51,0.17716
4105,8445.7,55494,31.105,281.93,171.49,0.24358
4106,7422.5,55997,27.435,588.2,546.08,0.037136
4106,8359.8,58118,23.782,562.41,275.99,0.34162
4106,8583.1,55469,16.039,525.18,388.8,0.14921
4107,6191,55395,22.478,476.36,322.65,0.19237
4107,7470.1,55929,28.968,293.96,208.28,0.17059
4108,7660.8,55964,23.991,588.11,110.79,0.68296
4108,7978.6,56916,21.559,1051.8,544.42,0.31786
4109,7302.2,56497,20.798,838.07,473.09,0.27836
4110,6039.5,56726,35.245,958.84,656.95,0.18684
4110,7322,55897,24.593,444.18,288.4,0.21265
4110,7400.4,56653,14.77,1401.1,695.23,0.33673
4111,7358.4,55824,36.215,392.3,226.45,0.26805
4112,7392.4,56560,31.793,527.3,408.07,0.12747
4112,7922.7,55852,28.904,486.17,296.85,0.24178
4113,6551.9,56181,20.889,682.53,384.95,0.27877
4113,7354.6,56619,22.231,834.69,354.7,0.40356
4113,7504.5,58062,35.916,415.38,329.91,0.11468
4113,8130.9,57135,28.468,386.34,356.97,0.039511
4114,6510.3,56041,29.494,456.67,314.33,0.18462
4114,6884,57640,36.423,404.91,353.22,0.068192
4114,8011.1,57020,24.628,611.78,212.57,0.48427
4114,8073.5,56074,32.345,417.67,453.86,-0.041529
4115,6141.9,58186,32.621,197.41,180.65,0.044325
4115,7541.9,56679,26.174,483.55,392.8,0.10355
4115,7709.4,58371,24.557,363.13,148.27,0.42015
4115,8286.6,56074,25.713,502.07,260.39,0.31698
4116,6994.8,55792,33.49,397.99,335.05,0.085867
4116,7565.2,56584,16.2,807.52,405.25,0.33169
4116,8330.4,56110,30.062,500,485.49,0.014721
4117,7442.7,56669,16.122,1032.3,669.87,0.21293
4117,8361.5,56150,30.764,347.3,171.37,0.3392
4118,7570.2,56600,23.246,280.35,139.46,0.33562
4118,7653.3,55609,37.683,262.85,336.55,-0.12297
4118,8312.5,55910,29.723,635.98,503.48,0.11629
4119,6155.7,56955,27.188,257.21,138.08,0.30139
4119,7369,56612,29.807,209.15,205.11,0.0097754
4119,7622.3,55691,32.322,304.01,286.82,0.029088
4119,8436.6,56369,22.467,449.05,326.24,0.1584
4120,7321.3,56602,27.216,331.96,192.83,0.26511
4121,6323.3,56748,28.622,420.91,311.8,0.14891
4122,7607.9,57429,35.077,357.34,342.06,0.021847
4122,7699.8,58359,34.51,788.21,619.17,0.12011
4125,8559.1,55565,18.182,562.95,357.58,0.2231
4126,7257.2,55734,15.609,476.99,398.58,0.089546
4127,7410.1,57350,24.532,243.62,113.9,0.36282
4128,8008.5,56962,30.75,479.59,481.96,-0.0024697
4129,6705,56145,36.1,405.76,168.17,0.41397
4130,6504.9,56264,25.688,564.95,188.04,0.50054
4130,7679.8,57077,25.027,431.61,389.88,0.050802
4131,6711,56355,32.541,535.27,130.13,0.60887
4131,7856.9,56982,28.893,582.2,524.87,0.051787
4132,6288.8,55455,28.953,423.07,449.61,-0.030405
4132,6550.7,57279,23.741,604.04,498.3,0.095928
4132,6944.7,56476,23.217,457.86,320.92,0.17584
4132,7288.4,57852,27.577,512.1,455.9,0.058054
4133,6406.5,57302,32.18,475.48,115.81,0.60828
4133,7246.2,57823,21.283,562.02,277.88,0.3383
4134,6085.2,56679,27.276,621.99,219.28,0.47869
4134,6481.6,57298,24.29,805.58,402.06,0.33414
4135,6233.3,56249,24.056,669.57,627.23,0.032652
4135,6558,57347,25.894,1032.3,837.34,0.10428
4135,7337.9,56479,21.914,370.3,226.62,0.24071
4136,5957.2,57847,27.966,456.95,497.58,-0.042571
4136,6297.5,56216,18.336,1098.2,722.19,0.20653
4137,6151.4,56344,44.449,813.71,493.18,0.24526
4137,6667.2,57129,20.34,719.37,451.16,0.22913
4138,6821.7,57282,26.538,859.31,346.24,0.42559
4139,6742.6,55625,19.022,391,206.27,0.3093
4139,8004.3,56907,28.849,421.49,176.31,0.41015
4140,7857.5,58295,25.624,338.51,178.32,0.30995
4140,8050.3,56819,20.27,1063.5,486.55,0.3722
4141,7865.3,58360,25.53,298.52,293.06,0.0092297
4141,8193.5,57177,26.038,910.41,820.41,0.052002
4141,8225.2,57168,29.471,852.81,726.63,0.079888
4142,5738.2,58039,34.015,236.15,186.95,0.11628
4142,7723.8,55868,19.33,1679.1,982.23,0.26184
4143,5680.1,58119,26.66,512.39,347.46,0.19181
4143,6659.4,57552,37.659,196.52,166.56,0.082514
4144,6747.9,57612,30.935,221.55,374.88,-0.25708
4144,7552.9,57217,30.981,437.84,246.04,0.28046
4144,8454.6,56813,18.34,556.68,192.88,0.48536
4145,6718.8,57594,26.408,353.72,226.71,0.21881
4145,7781.8,56537,22.097,448.11,297.28,0.20235
4145,8458.6,56915,29.709,544.66,327.04,0.24965
4146,6699.3,57617,32.869,256.24,338.64,-0.13852
4146,7730.7,56640,43.994,992.08,395.24,0.43022
4146,7805.3,55697,27.992,427.39,192.11,0.37979
4146,8376.1,56943,30.314,311.67,220.32,0.17172
4147,6671.7,57578,28.329,407.21,302.69,0.14723
4147,6893.7,55583,30.843,278.29,157.69,0.27662
4147,7061.4,57015,30.83,251.68,160.83,0.22024
4147,8027,57396,47.284,999.71,229.51,0.62658
4147,8041.3,55821,33.056,586.59,580.06,0.0055968
4148,6787.8,57622,26.453,310.49,244.31,0.11928
4149,6652.6,57611,21.933,286.16,258.23,0.051313
4149,8478.3,57564,21.881,453.78,245.63,0.2976
4150,6693.1,57534,27.041,762.02,689.18,0.050192
4150,7274.1,56380,16.409,445.76,388.95,0.068065
4151,6343.5,55928,29.418,448.56,326.63,0.1573
4151,6879.3,57131,27.395,337.08,142.43,0.40594
4151,7310.5,56399,18.004,400.8,549.7,-0.15666
4151,8289.4,55793,26.971,355.28,220.84,0.23336
4152,6410.3,55786,30.639,346.16,311.21,0.053177
4152,6727.6,57614,24.681,228.25,173.9,0.13513
4152,7011,57009,27.923,543.68,461.2,0.082085
4152,7224.2,56438,25.962,439.58,439.53,5.5438e-05
4153,6471.1,56134,35.832,435.28,459.44,-0.027003
4153,6663.8,57598,30.612,230.36,206.98,0.053465
4153,7161,56383,23.036,460.72,363.76,0.11759
4154,6697.2,56476,28.317,240.23,232.22,0.016948
4154,6706.3,57654,25.865,225.79,323.5,-0.17787
4154,7287.3,57066,31.349,108.08,141.68,-0.13451
4155,6685.8,57590,31.054,629.29,437.88,0.17937
4155,6970.9,56418,27.965,441.67,222.81,0.32936
4155,7856.3,57542,12.775,683.37,394.23,0.26832
4156,7198.4,56436,30.316,303.83,219.78,0.16052
4156,7964,57455,18.451,705.62,493.04,0.17735
4157,6750,57577,38.506,230.2,209.84,0.046253
4157,7283.7,56507,13.491,776.68,519.42,0.19848
4157,7804,57412,17.876,671.77,302.09,0.3796
4158,5722.6,56900,23.746,498.21,532.17,-0.032957
4158,6731.2,57608,30.966,356.64,328.37,0.041271
4158,7375.8,56605,20.171,1033.5,783.81,0.13739
4158,8011,58309,18.162,344.76,495.5,-0.1794
4159,5688.7,57114,35.373,515.12,575.16,-0.055063
4159,7306.5,55675,31.087,292.12,169.57,0.26543
4159,7491.2,56226,31.061,343.08,313.06,0.045759
4160,6686,57637,19.707,468.13,212.29,0.37601
4160,7250.9,55709,26.243,932.73,680.72,0.15619
4160,8475.7,56442,32.691,758.23,307.04,0.42354
4161,7092.7,55405,34.02,973.37,792.26,0.10258
4161,7554.3,56119,28.528,314.71,109.65,0.48323
4161,8448.7,56365,35.988,545.47,263.34,0.34881
4163,6598.4,55828,34.583,446.63,186.32,0.41126
4164,6127.9,56044,28.826,522.39,365.71,0.17642
4164,7732.6,56047,22.61,486.77,221.05,0.3754
4165,6142.9,56247,34.631,569.9,531.7,0.03467
4165,8456.4,58367,28.868,517.91,206.09,0.43069
4166,5827.1,55525,33.008,472.56,989.13,-0.3534
4166,6173.9,57499,38.508,693.68,514.13,0.14866
4166,6547.8,57576,31.868,476.61,254.35,0.30406
4167,5994.9,57327,25.61,557.52,162.15,0.54937
4167,6385.4,56255,25.143,428.34,284.96,0.20101
4167,6661.9,57592,27.923,504.01,406.01,0.10769
4168,6047.4,57194,30.825,367.09,194.42,0.30751
4168,6433,56299,35.183,676.35,313.09,0.36714
4168,6682.6,57638,18.239,285.72,112.54,0.43485
4168,8248.7,58329,34.934,544.09,578,-0.030221
4169,5861.9,56071,34.973,970.34,668.83,0.18394
4169,6648.5,56221,32.051,319.79,192.95,0.24737
4169,6792,57640,26.98,388.35,425.08,-0.045149
4169,7551.8,56048,17.63,472.07,374.84,0.11481
4170,5687.3,56888,30.163,403.74,290.2,0.16362
4170,6721.7,57553,30.46,391.18,531,-0.15162
4170,7186.9,56584,26.679,527.69,428.92,0.10324
4170,7542.1,56062,14.946,536.92,385.46,0.1642
4170,7964.8,58243,27.211,525.05,402.27,0.1324
4171,6643.5,56599,31.305,535.1,366.33,0.18722
4171,6733.3,57622,30.566,268.96,202.33,0.14139
4171,7527.7,56050,21.561,360.6,291.54,0.1059
4171,8033,57627,28.506,592.23,294.58,0.33563
4172,6685.5,57617,24.505,440.27,226.77,0.32007
4172,8058.4,57540,23.521,679.13,435.81,0.21823
4173,6706.6,57557,35.028,1203.8,686.03,0.27399
4173,7871.4,57406,28.04,579.03,374.93,0.21395
4174,6897.5,57646,23.058,845.31,666.59,0.11821
4174,7915.2,57346,24.999,617.47,340.85,0.28865
4175,6747,57700,24.84,524.22,359.34,0.18661
4175,7302,56497,23.13,350.09,276.86,0.1168
4176,5851.4,56700,30.204,292.05,221.68,0.13697
4176,6061.5,58031,24.072,568.54,322.56,0.27604
4176,6678.2,57675,28.473,512.76,349.23,0.18972
4177,6602.6,57723,36.937,544.17,547.08,-0.00267
4177,8200.3,56740,35.878,327.47,168.07,0.32167
4178,6340.6,58311,33.335,677.7,492.1,0.15866
4178,6678.7,57587,25.351,639.68,434.52,0.191
4178,7968.9,56617,25.324,429.15,238.65,0.28527
4179,6730.1,57651,21.466,597.37,271.81,0.37456
4179,7098.1,58205,24.74,655.03,370.55,0.27738
4179,7460.4,56142,33.111,225.09,224.42,0.0014831
4179,8349.4,56051,32.179,118.25,110.25,0.035026
4180,6802,55727,21.017,448.07,180.98,0.4246
4180,6757.7,57654,30.798,569.13,408.2,0.16467
4182,6250.4,57732,31.742,698.67,323.51,0.36702
4182,6289.7,58314,30.79,548.1,574.18,-0.023236
4182,6376.7,57775,32.75,711.52,403.35,0.27642
4182,7677.1,58359,23.746,266.59,174.56,0.2086
4183,6382.3,58197,29.061,305.43,261.27,0.077923
4183,7369.5,57800,35.612,401.05,390.29,0.013598
4184,5729.4,56900,32.76,286.68,176.69,0.23737
4184,7368.8,57751,24.766,363.22,223.65,0.23783
4184,7947.7,58362,23.901,439.03,238.05,0.29683
4185,7677.6,58327,23.231,573.45,447.26,0.12363
4186,6142.7,58193,35.47,298.63,226.21,0.13799
4186,7740.3,58324,17.526,739.17,550.69,0.14612
4187,7933.8,56047,33.158,470.72,176.74,0.45405
4190,6708.1,58086,31.023,311.27,404.82,-0.13063
4190,7454.8,57931,21.337,920.62,199.46,0.64384
4192,8650.5,57542,26.987,626.36,388.25,0.23468
4196,5722.4,55495,24.146,915.84,498.91,0.2947
4197,5847.4,55415,37.738,626.09,520.02,0.092549
4200,8465.5,56987,32.326,298.9,297,0.003192
4201,6273.1,57879,36.746,369.2,130.13,0.47878
4201,6625.1,56140,23.4,521.24,363.05,0.1789
4201,6975.8,56942,39.961,335.07,155.99,0.36469
4201,8454.6,58144,34.371,397.12,269.8,0.19091
4202,6515,58128,35.253,205.07,396.57,-0.3183
4202,6777.3,55617,29.014,762.56,620.86,0.10243
4203,6627.5,55475,22.332,743.44,428.35,0.26889
4203,7646.2,56598,23.64,385.15,151.88,0.43439
4203,8345.2,55864,31.638,536.97,280.01,0.31453
4204,5826.9,58080,32.779,253.47,111.9,0.38745
4204,6572.2,55403,34.835,503.57,197.69,0.43618
4204,6580.5,57962,18.593,781.69,783.15,-0.00093306
4204,7808.3,56597,26.065,561.85,338.15,0.24856
4204,8172.6,55941,37.938,610.66,333.52,0.29353
4204,8537.8,56977,30.222,266.88,251.95,0.028771
4205,7592.9,56576,19.437,553.32,183.27,0.50238
4205,8438.3,57270,20.572,533.35,402.17,0.14022
4206,7555.3,56611,18.903,662.53,255,0.44416
4206,8186.1,57683,28.223,981.22,802.16,0.10041
4208,6925.3,56604,19.964,1321,1090.3,0.09568
4209,6160.5,56220,34.669,261.99,294.68,-0.058727
4209,6277.3,57330,33.589,515.23,435.71,0.083622
4209,7062.8,56537,21.106,748.23,445.41,0.2537
4209,7128.6,58153,28.951,311.78,107.13,0.48852
4210,6406.1,55964,36.077,825.73,464.8,0.27968
4210,6310.7,58267,28.676,382.65,195.23,0.32434
4210,7162.3,58067,33.807,349.3,101.3,0.55037
4210,7195.1,56523,14.47,574.93,109.49,0.68004
4210,7918.8,57309,27.2,656.89,531.36,0.10564
4211,7224.2,56494,13.584,982.47,443.05,0.3784
4212,7033.2,58062,27.589,227,139.62,0.23833
4212,7098.7,56355,27.011,657.45,500.34,0.1357
4212,7324.8,56939,26.968,792.75,431.65,0.29492
4212,7680.9,57079,26.435,1037.7,523.61,0.32928
4213,6945.6,55458,45.526,1160.2,966.64,0.091022
4214,6785,55509,33.211,533.9,443.76,0.092206
4214,7626,55949,17.347,556.58,180.64,0.50994
4215,8111.5,57084,26.996,304.26,242.7,0.11255
4215,8511.4,55643,18.198,580.32,268.4,0.36751
4218,6256.1,57099,33.613,404.61,136.52,0.49543
4218,7755.2,58378,12.214,913.77,772.17,0.083989
4218,8661.9,55629,30.142,360.79,272.38,0.13963
4219,6194.3,55542,18.322,661.26,363.64,0.29039
4219,6254.6,57221,34.199,386.89,147.94,0.44676
4219,7727.1,58284,15.824,501.8,251.6,0.3321
4220,6615.7,56720,17.259,1529.6,243.2,0.72563
4220,7234.1,57915,28.718,354.03,238.83,0.19432
4221,5880,56658,33.259,235.51,110.6,0.36088
4221,6221.8,55452,26.605,1106.3,535.79,0.34743
4221,8321.3,56941,25.9,390.77,228.05,0.26295
4222,5819,57469,36.239,644.76,362.62,0.28007
4222,6319.3,55399,31.975,276.07,233.23,0.084124
4222,8451.3,57069,26.418,307.98,204.82,0.20117
4223,6460.5,55439,26.681,399.64,428.04,-0.034314
4225,8385.3,58093,36.218,371.03,242.38,0.20971
4226,5926.6,57842,32.875,300.12,177.88,0.25574
4228,5853.8,57678,31.05,338.99,272.63,0.1085
4230,6782.9,56202,34.323,267.23,173.68,0.21218
4230,6903.5,55454,24.329,626.5,281.64,0.37975
4231,6118.5,55605,24.966,526.48,535.29,-0.0082956
4231,6165.8,57593,40.504,702.3,380.53,0.29715
4231,7624.5,56066,37.042,484.63,331.48,0.18766
4232,5896,57670,28.533,281.42,144.01,0.323
4232,6367.6,56207,34.098,462,204.89,0.38555
4232,7650.6,55941,14.913,1073.6,958.4,0.056684
4234,6887.7,57963,29.08,473.52,351.14,0.14839
4235,6200.2,56299,36.555,261.41,207,0.11616
4235,6729.2,57870,25.799,727.13,443.96,0.24179
4235,7278.3,56603,33.213,337.39,344.8,-0.010854
4240,7396.6,55690,28.646,417.43,452.03,-0.039789
4241,6774.1,57484,23.524,409.68,307.65,0.14224
4241,8587.4,55885,28.308,360.69,167.5,0.36577
4241,8664.3,56660,23.784,333.36,258.85,0.12581
4242,6605.9,57133,22.957,449,379.04,0.084495
4242,6724.6,57662,21.309,512.69,351.11,0.18706
4243,6670.6,57309,23.186,949.75,680.74,0.16499
4244,5751.6,57759,30.163,229.12,149.93,0.20892
4244,6719.2,57207,21.133,600.93,437.33,0.15757
4244,7557.2,55970,22.809,391.24,227.75,0.26413
4245,6817.7,57287,22.963,712.6,386.33,0.2969
4245,7632.3,55957,26.05,479.78,320.46,0.1991
4246,5786.8,57853,31.809,203.48,269.41,-0.1394
4246,6827.8,57385,27.967,419.38,214.8,0.32259
4247,5879.9,57949,34.07,307.47,168.92,0.29083
4247,6312.3,56197,39.75,797.86,499.56,0.22992
4247,6556.6,57356,30.805,219.93,216.85,0.0070428
4247,6687.6,57939,33.252,255.49,104.25,0.42043
4248,6514,56418,31.952,536.54,328.4,0.24064
4250,5748.4,58343,26.463,488.98,172.14,0.47925
4250,6793.6,56004,42.715,553.56,315.88,0.27337
4251,6696.7,56941,32.619,230.75,242.2,-0.024212
4251,7696.6,58362,13.229,383.11,285.27,0.14637
4252,6426.6,56581,29.53,238.08,209.01,0.06501
4252,6947.7,55395,26.063,720.06,483.28,0.19677
4252,7694.9,58353,14.973,480.23,350.66,0.15594
4253,5768.6,58261,29.006,463.89,341.38,0.15213
4253,6640.5,56523,26.681,472.53,327.71,0.18098
4253,7181.1,55440,35.354,487.62,321.48,0.20535
4254,6560.6,56284,37.465,580.45,470.95,0.10414
4257,8578.1,57755,36.941,526.65,272.2,0.31852
4258,8507.3,55629,11.648,569.11,329.84,0.26617
4259,7276.2,56513,27.385,370.1,182.38,0.33978
4259,8503.4,55621,21.113,356.48,275.6,0.12796
4260,7280.2,56506,34.72,482.71,1087.3,-0.3851
4264,8020,57601,25.421,640.88,399.59,0.2319
4265,8003.1,57509,16.266,775.1,256.07,0.50334
4267,6098.5,58017,29.366,753.73,437.98,0.26495
4267,6953.2,57860,34.863,478.48,223.4,0.36342
4267,8606,55523,24.48,266.9,210.05,0.11919
4268,8022.5,58214,30.291,321.95,110.24,0.48986
4268,8512.4,55646,13.962,476.47,181.05,0.4493
4269,7239.6,57133,30.293,468.7,545.15,-0.075406
4269,8404.8,56365,35.023,404.37,344.6,0.079809
4270,6330.5,57546,25.656,614.59,316.97,0.31949
4270,7305.8,57328,35.812,190.96,160.75,0.085908
4271,6196.6,55423,26.235,350.23,104.16,0.54153
4271,6315.1,57633,31.263,497.81,440.35,0.061252
4271,7844.5,55934,31.512,383.21,100.36,0.58493
4272,6428.5,56989,28.378,655.18,247.43,0.45174
4272,8043,57005,20.841,827.24,423.6,0.32269
4272,8330.2,57540,29.697,904.12,388.86,0.3985
4273,7267.2,55805,20.995,417.01,292.87,0.17488
4273,8123.7,58056,25.659,853.07,475.38,0.28431
4274,6328,55686,24.063,948.03,652.15,0.18491
4274,6286.6,56755,19.337,893.06,576.99,0.215
4274,8385.1,57833,32.758,650.56,245.68,0.45176
4275,6234.5,56851,27.892,530.51,361.98,0.18883
4275,6280.4,55654,31.089,328.83,196.18,0.25266
4275,8629.7,57710,23.423,1364.3,1037.2,0.13623
4276,6818,56811,29.483,383.69,227.3,0.25596
4276,7504.7,57614,22.971,1200.7,700.25,0.26326
4277,6911.3,56516,30.628,897.45,529.93,0.25747
4277,7714.8,58147,30.824,1138.9,354.5,0.52524
4278,5712.9,56890,38.523,452.9,219.79,0.34654
4279,7247.2,57880,20.353,1152.9,310.22,0.57593
4279,8320.8,56748,34.59,383.53,227.55,0.25524
4280,6031.3,56495,28.181,935.71,579.47,0.23512
4281,7179.6,56250,25.582,579.18,372.43,0.21727
4282,5910.3,56139,34.9,241.74,234.02,0.016237
4282,6737,57035,27.183,499.55,357.95,0.16513
4282,6981.5,56233,28.16,402.02,251.03,0.2312
4282,8635.9,55487,29.74,228.66,195.52,0.078124
4284,6279.9,56264,20.048,338.67,279.96,0.094898
4285,6706,57413,24.007,1516.2,647.76,0.40132
4286,6708.2,57633,38.887,411.98,232.57,0.27834
4287,6549.2,57727,31.74,502.42,111.93,0.63561
4288,6433.1,56250,40.68,355.62,295.15,0.092915
4288,7511,58209,27.554,267.69,152.52,0.27406
4288,7652.2,56313,30.504,639.43,853.98,-0.14367
4289,7672.2,58375,33.236,610.97,260.24,0.40258
4290,8023.3,55601,34.661,351.6,439.42,-0.11102
4291,6131.2,57023,24.68,276.65,142.94,0.31866
4291,7759.3,55472,29.031,447.19,228.68,0.3233
4292,6257,57043,33.453,680.89,701.37,-0.014822
4292,6315.3,56411,32.652,760.02,461.31,0.24458
4292,6907.6,55434,29.329,228.17,155.89,0.18819
4292,7734.7,55478,26.312,556.39,224.96,0.42417
4292,8622.4,55502,22.098,645.9,507.65,0.11985
4293,7546.7,55903,21.906,698.1,618.8,0.060214
4295,6095.9,56381,25.219,425.03,224.82,0.30809
4295,6801.6,55398,29.581,981.84,164.09,0.71362
4295,7571.6,55958,29.534,418.24,334.59,0.11111
4296,5843.3,56298,29.235,1023.8,569.83,0.28487
4296,6432.1,57390,40.309,784.55,449.03,0.27199
4296,7235.4,56370,31.323,476.86,545.14,-0.066816
4297,5985.4,56335,25.669,434.77,302.8,0.17893
4297,6864.7,56478,32.145,432.78,343.82,0.11455
4298,5992.3,56242,26.007,506.11,277.09,0.29242
4298,6656.9,56697,26.898,596.17,257.32,0.39703
4298,7278.9,57834,23.009,638.39,320.45,0.33159
4298,8146.9,57280,32.343,328.07,274.26,0.089328
4299,6484,56545,27.939,311.85,161.98,0.31629
4299,7017.5,55647,24.471,1169.4,367.94,0.52132
4299,7034.7,55696,28.49,1234.1,423.75,0.48881
4299,7510.3,56589,23.131,286.24,220.7,0.12927
4299,7942.4,57195,28.435,394.25,215.16,0.29388
4300,5864,57440,29.869,649.83,647.81,0.0015574
4300,6094,56279,32.247,538.54,196.83,0.46467
4300,7229.9,57918,16.628,1139.4,350.58,0.5294
4300,8133.1,57426,35.367,432.15,140.64,0.50892
4301,7181.7,57917,23.047,745.11,347.21,0.36426
4301,7677,57364,34.975,433.73,134.92,0.52548
4302,6894.4,57793,22.879,763.12,543.47,0.16811
4302,7918.9,57469,31.089,522.55,529.33,-0.006444
4303,6352.8,56115,20.063,352.36,118.08,0.498
4303,6991,55975,35.523,164.45,178.09,-0.039805
4303,6996.2,57714,34.173,457.07,428.44,0.032336
4304,6005.5,58017,22.029,826.15,377.5,0.37274
4304,6221.9,56147,28.972,367.29,195.28,0.30575
4304,8561.2,55734,25.25,555.95,270.89,0.34475
4305,5811.9,58091,34.09,974.96,561.03,0.26949
4305,6099.1,55922,25.231,551.61,465.72,0.084428
4306,8630.2,55560,17.195,836.39,656.15,0.12076
4308,5989.4,56718,34.12,391.87,382.86,0.011634
4310,6001.3,57014,32.93,299.22,136.47,0.37353
4311,6160.3,56983,35.322,365.07,227.04,0.23311
4312,6141.1,56951,33.493,363.68,500.54,-0.15836
4313,5780.4,57926,20.919,938.95,120.2,0.77303
4313,8452.9,56820,32.727,435.85,399.66,0.043326
4314,8520.1,56551,23.834,457.26,295.62,0.2147
4315,5825.8,57811,16.369,904.02,156.73,0.70449
4315,7862.4,56542,23.227,362.36,286.7,0.11657
4316,5880.6,57591,26.028,1125.7,217.22,0.67651
4316,5932.8,57770,36.037,1060.5,235.01,0.63717
4317,6286.4,57694,24.947,366.27,194.11,0.30721
4317,6462.6,56122,30.633,618.91,372.37,0.24871
4317,6468.6,56146,25.26,765.03,460.54,0.24845
4318,6514.1,56170,24.169,357.44,164.65,0.36927
4319,8394.4,56740,25.361,470,429.44,0.045097
4320,7015.5,55764,22.997,479.44,291.14,0.24436
4320,7604.8,56581,24.906,612.66,570.32,0.035791
4321,7060.8,55889,27.908,392.39,164.61,0.40893
4321,7504.6,56647,26.928,578.75,448.08,0.12726
4321,7842.2,57674,23.122,875.02,750.7,0.076472
4322,5742.6,58078,18.5,787.38,203.39,0.58943
4322,7255.6,55701,21.476,855.18,580.56,0.19128
4322,7297.1,56573,21.696,650.21,626.72,0.018395
4322,8037,57432,30.086,518.25,249.17,0.35063
4323,7353.7,56455,14.712,687.94,368.3,0.30262
4323,8006.6,56862,15.133,1591.2,735.94,0.36752
4323,8461.4,55680,28.028,364.74,162.2,0.38435
4326,7370.8,57202,24.47,323.43,279.41,0.073031
4327,5674,56343,36.109,633.66,518.5,0.099954
4327,6610.1,56587,31.102,282.04,205.05,0.15806
4327,7294,57067,28.941,426,255.57,0.25006
4327,8019.4,57179,27.567,561.63,445.66,0.11513
4328,6701.8,56260,22.076,528.13,137.53,0.58678
4328,7500.9,56930,17.018,1400.1,936.7,0.1983
4330,7310.5,56840,17.172,1906.3,1514.5,0.11454
4331,6835.2,57162,27.92,871.8,845.9,0.015081
4331,7372.9,56930,33.195,652.78,737.51,-0.060944
4332,6756.3,56498,27.432,363.56,344.37,0.027107
4332,7743.8,55418,20.823,480.47,162.52,0.49449
4333,6315.9,56731,28.727,726.88,663.91,0.045276
4333,8335.5,56940,24.968,449.35,279.72,0.23266
4334,6159.3,55793,26.457,375.22,241.39,0.21705
4335,6087.8,57111,34.689,1109.3,539.16,0.34586
4335,7871.2,58305,26.537,279.44,146.37,0.3125
4336,5973.4,55980,31.504,352.79,293.6,0.091568
4336,6277.6,56964,14.414,858.87,656.24,0.13374
4336,7801.8,58218,18.794,353.44,260.26,0.15184
4336,7893.8,57356,27.74,391.8,203.96,0.3153
4337,6417.8,57040,29.637,502.07,281.46,0.28156
4338,6552.7,56264,25.5,561.46,323.12,0.26945
4338,6557.7,56543,36.734,892.81,500.32,0.28174
4339,7263.5,56669,26.286,524.64,324.8,0.23526
4339,7878.3,57042,31.766,571.34,448.56,0.12039
4339,8004.4,57296,37.236,706.77,546.89,0.12753
4340,8184.1,57420,26.729,605.62,388.86,0.21796
4341,7276.4,56479,12.474,436.55,217.49,0.33494
4342,6312.5,58245,29.194,455.02,411.07,0.050745
4342,7276.1,56543,18.226,398.6,182.96,0.37079
4343,5865,56218,28.878,504.7,518.29,-0.01328
4343,6274.3,56800,33.221,313.91,222.14,0.1712
4344,6322.1,56824,34.937,428.67,435.2,-0.0075608
4344,6202.9,58370,29.719,577.51,345.48,0.25139
4344,7242.2,55793,36.222,226.26,217.11,0.020649
4345,6007.2,57147,36.429,513.99,299.69,0.26338
4345,6956,56640,24.196,188.84,146.16,0.12742
4346,8261.8,57074,37.198,532.39,110.09,0.6573
4347,6117.8,56037,29.069,262.48,140.27,0.30343
4347,7068.6,55521,32.095,187.73,128.23,0.18834
4348,6638.6,57459,23.63,426.1,460.84,-0.039168
4348,7500.8,56588,13.418,1368.7,991.36,0.15987
4348,8301.6,58070,30.768,421.19,240.03,0.27398
4349,7203.5,56503,12.665,461.95,302.73,0.20822
4349,7761.6,57913,32.381,584.55,475.52,0.10286
4349,8631.9,57480,30.795,436.31,327.19,0.14292
4350,7265,56649,12.965,539.54,270.39,0.33231
4350,8612,56050,30.778,562.99,174.05,0.52771
4352,7972.1,55492,35.426,392.88,177.16,0.37844
4352,8197.9,57661,24.784,769.82,744.17,0.016942
4353,5999,55542,34.664,1006.8,652.1,0.21384
4353,7125.4,56545,28.132,137.08,177.01,-0.12714
4353,8077.4,57914,32.74,379.09,141.73,0.45573
4354,6270.2,55609,24.032,515.22,271.45,0.30988
4355,6252.7,55700,32.873,467.26,296.82,0.22307
4355,7291,57699,30.059,824.71,482.54,0.26175
4356,7758.6,57676,22.693,1082.5,818.78,0.13868
4356,7875.3,55934,26.558,512.34,400.25,0.12282
4357,7970.1,57576,18.802,549.76,288.36,0.31188
4358,6147.5,57033,28.147,318.15,208.53,0.20814
4359,5887.9,56468,33.036,441.88,222.69,0.32982
4359,6203.5,57005,32.044,326.88,176.1,0.29977
4359,7900.2,57089,20.666,819.72,547.42,0.19917
4360,8355.8,55425,29.607,472.39,347.08,0.15292
4362,6018.2,55558,33.449,282.98,233.22,0.096402
4363,8076.7,55651,25.532,576.53,385.6,0.19844
4364,6830.2,56080,33.382,310.16,161.84,0.31423
4365,6792.8,56077,38.341,548.84,378.83,0.18327
4366,6942.1,56043,30.835,574.27,548.81,0.022666
4367,6847.5,56468,26.482,391.95,279.81,0.16694
4368,6623.8,56718,29.121,487.16,379.58,0.12412
4368,6778.7,55727,31.32,469.94,555.43,-0.083376
4369,6549.8,57144,20.079,394.74,127.95,0.51041
4369,6760.3,56105,14.945,750.1,556.28,0.14837
4370,6814.2,56143,26.827,337.1,331.5,0.0083694
4370,7079.9,58112,31.794,358.09,440.24,-0.10291
4370,8399,55842,27.033,619.35,502.09,0.10456
4371,6861.8,57650,33.833,867.84,383.23,0.38735
4371,8249.7,56341,33.145,1166.3,427.76,0.46331
4372,6207.3,56592,31.795,419.51,399.9,0.023936
4372,6818.1,57765,29.885,292,253.66,0.070263
4372,8289.7,57969,33.345,339.8,283.52,0.090292
4372,8333,55928,45.631,872.19,430.93,0.33862
4372,8468.3,56289,41.734,1039.1,647.3,0.23232
4373,6333.3,56310,27.995,550.03,402.62,0.15474
4373,8135.1,58144,33.129,221.62,210.62,0.025439
4373,8504.5,56357,27.563,778.64,612.43,0.11948
4374,6517.2,56193,38.428,280.27,255.75,0.045749
4374,8145.4,58015,11.016,773.02,483.32,0.23059
4376,5796.4,55643,26.457,579.34,465.53,0.10893
4376,6865.1,56168,21.863,865.07,521.85,0.24748
4378,6861.1,56669,26.877,314.18,315.77,-0.0025323
4378,7291.8,55859,18.782,379.82,292.3,0.1302
4379,6020.1,57728,35.831,276.82,230.17,0.092019
4379,6710.2,56089,34.004,317.8,219.26,0.18349
4379,7269.7,55848,16.401,321.66,301.08,0.033047
4379,7544,57436,30.553,290.73,121.13,0.41181
4380,6954,56160,21.977,847.53,602.46,0.16902
4381,5875.6,58152,23.715,714.09,437.93,0.23972
4381,7119.5,56983,35.881,345.42,236.97,0.18622
4381,7278.9,55927,30.021,519.95,256.99,0.33846
4382,5994.6,56831,34.538,295.02,171.6,0.26449
4382,8038.9,55872,35.656,343.23,204.69,0.25283
4382,8417.1,58196,24.894,517.22,150.9,0.54829
4383,6262.1,56750,29.367,726.13,1149.8,-0.22584
4383,8201.5,58019,32.326,592.56,365.75,0.23668
4383,8474.6,56111,24.66,308.75,154.37,0.33335
4384,5782.7,55546,34.838,396.21,264.2,0.19988
4384,6262.8,56776,27.683,438.85,608.36,-0.16188
4387,6020.8,56920,33.918,479.13,524.75,-0.04544
4387,7340.7,57707,26.256,760.88,402.65,0.30788
4387,7492.4,55934,27.231,708.69,336.13,0.35658
4387,7642,58368,31.899,434.96,427.63,0.0084947
4388,6043.5,55599,23.908,518.66,384.59,0.14843
4388,7361.6,57362,31.216,192.92,133.89,0.1806
4388,8373.2,56677,26.544,520.08,423.11,0.10282
4389,7741.2,56439,32.054,455.82,295.29,0.21373
4390,8450.4,56695,26.463,672.83,414.99,0.23702
4390,8541.9,57544,27.919,382.51,153.36,0.42761
4392,7410.6,56707,19.831,1220,1036.7,0.08124
4392,7851.6,57546,12.666,911.49,413.15,0.3762
4393,7237.7,56605,24.936,471.41,436,0.03902
4393,7826.4,57462,22.483,296.54,140.53,0.35693
4394,7761.8,57968,23.314,610.6,382.42,0.22978
4395,5743,58338,27.896,867.91,746.88,0.074954
4395,7760.6,57929,26.413,225.19,117.7,0.31348
4396,7269.9,56561,20.531,316.12,258.96,0.099407
4396,7741.6,57762,24.485,416.99,292.57,0.17535
4397,7272.4,56586,23.505,305.89,278.88,0.046186
4397,7704.6,58062,33.21,527.31,361.31,0.18681
4398,7264.9,56609,22.802,237.31,148,0.23179
4399,6265.3,56697,25.068,752.03,355.39,0.35816
4399,7284.9,56530,31.359,337.39,344.51,-0.010455
4400,5991.8,56704,29.572,986.33,673.58,0.18841
4400,7289.1,56502,15.786,513.75,246.45,0.35161
4401,5700.9,56778,16.521,664.7,498.35,0.14303
4401,7346.2,56489,23.734,456.55,262.93,0.26911
4402,5787.3,56802,28.289,694.78,316.38,0.37423
4403,7549.9,56240,22.266,526.99,214.11,0.42218
4404,6312.4,57102,35.576,601.55,307.11,0.32404
4404,7523.9,56043,16.472,831.09,698.53,0.086658
4405,6596.8,57319,30.304,278.41,132,0.35676
4405,7613.6,56082,15.688,519.01,489.19,0.029574
4406,7991.8,56283,29.388,385.24,296.49,0.13018
4407,7995.5,56488,31.18,515.15,316.29,0.23918
4408,7395.5,57823,25.428,630.21,138.51,0.63963
4409,8662.3,56537,38.567,264.15,268.38,-0.0079362
4412,8554.2,55707,24.956,778.47,552.81,0.16951
4413,8307.4,56723,26.803,245.35,117.09,0.35387
4416,6256,57854,27.065,210.17,244.37,-0.075242
4417,6478.4,57417,35.742,370.22,321.23,0.070856
4418,6536.5,55614,31.943,346.39,152.97,0.38733
4419,5977.8,56228,24.151,693.87,431.79,0.23282
4420,6022.1,56255,23.107,709.09,517.36,0.15633
4420,7146.6,55819,32.999,308.63,225.35,0.15596
4420,7188.7,57478,32.132,436.13,147.29,0.49507
4420,7586.2,56891,21.834,679.86,462.65,0.19012
4421,6378.3,56875,28.389,329.14,124.59,0.45082
4421,7568.1,55915,18.599,483.52,636.32,-0.13644
4421,7593.9,56749,16.475,1105.8,924.18,0.089476
4422,6313.3,56976,35.046,637.94,573.6,0.053104
4422,7514.4,55967,9.6843,933.61,786.64,0.085432
4422,7695.3,56965,21.118,806.04,482.6,0.25099
4423,6367.9,57211,29.544,457.96,374.21,0.10065
4423,6853.7,56041,28.777,679.83,366.07,0.29999
4423,7475,57042,34.301,395.11,326.42,0.095202
4423,7616.6,55935,14.46,1043.7,623.79,0.25184
4424,6295.4,57322,30.078,267.3,197.49,0.1502
4424,7265.3,58096,20.659,704.1,503.51,0.1661
4424,7447.5,56856,19.842,937.96,795.81,0.081989
4425,6351.9,55846,21.083,463.91,216.29,0.36404
4425,6723.3,55511,35.125,317.23,236.13,0.14656
4425,7300.1,56777,26.935,204.35,111.64,0.29341
4425,7393,58035,27.716,728.48,587.34,0.10727
4425,8004.6,56517,29.01,257.63,360.17,-0.16597
4425,7961.3,57548,21.378,718.89,646.19,0.053253
4427,5751.3,55976,34.068,378.17,345.19,0.045601
4427,7190.3,55716,27.452,782.8,348,0.38451
4427,8568.3,57466,21.019,517.98,263.58,0.32551
4428,7165.9,55827,27.117,358.3,252.38,0.17345
4428,7431.5,56773,24.615,323.61,347.72,-0.03591
4429,7472,56705,20.406,937.94,780.43,0.091659
4429,7811.2,57281,25.316,518.83,269.29,0.31662
4430,7661.4,57035,21.762,830.21,632.77,0.13496
4431,6028.3,55612,26.102,722.29,334.47,0.36699
4431,7393.1,56718,36.773,422.96,614.96,-0.18498
4433,6103.6,58078,31.517,556.95,227,0.42087
4435,8174.7,56277,29.195,731.91,369.13,0.32949
4436,6125.5,58220,23.646,800.7,282.79,0.478
4436,7008.2,56151,26.414,292.61,183.89,0.22816
4436,8200.9,58054,32.602,263.08,183.31,0.1787
4437,6156,58230,24.213,726.23,189.52,0.58609
4437,8468.1,58081,29.78,681.66,575.75,0.084233
4438,6695,58221,35.398,333.3,225.06,0.19385
4438,7995,57006,26.841,690.86,460.09,0.2005
4439,5899,58119,26.182,594.55,352.53,0.25555
4439,6519.3,55998,27.937,503.15,108.23,0.64595
4439,7225.7,57011,39.809,360.94,198.11,0.29126
4439,7734.6,56745,26.536,628.02,565.45,0.052427
4439,8320.9,57820,22.065,846.32,653.07,0.12889
4440,5731.3,56239,35.81,276.11,187.12,0.19212
4440,6556.2,55941,33.224,283.48,190.45,0.19631
4440,7200.3,56832,31.133,527.26,468.05,0.059487
4441,6579.4,56144,20.485,290.4,116.79,0.42637
4441,7425.2,56936,36.326,276.32,153.67,0.28524
4442,6223.3,58181,34.014,524.03,210.42,0.42699
4442,6504,57297,31.18,258.18,139.55,0.29826
4442,7774.5,56894,29.263,585.87,212.2,0.46821
4443,6601.6,57456,34.595,450.94,418.04,0.037856
4443,7914.8,57009,27.514,534.61,253.49,0.3567
4444,5927.9,58014,24.33,532.05,542.66,-0.0098778
4444,7500.7,56107,38.85,238.74,312.45,-0.13371
4444,7869.1,58266,25.488,229.34,146.7,0.21976
4444,7925.7,57090,32.329,292.25,124.38,0.40292
4445,6013.6,57926,21.841,330,402.01,-0.09837
4445,7447.2,56414,31.086,241.14,134.37,0.28433
4445,8643.2,58012,23.939,393.71,318.13,0.10617
4446,5979.7,57946,20.092,361.69,464.52,-0.12446
4446,6105.6,56158,20.552,838.41,178.05,0.64966
4447,6023.1,57998,21.574,350.57,448.25,-0.12228
4447,7261.2,56259,27.676,447.24,290.36,0.2127
4447,7337,57798,28.157,579.51,434.39,0.14313
4447,8666.9,57117,33.95,181.18,139.46,0.13013
4448,6025.2,57986,27.57,351.41,696.85,-0.32954
4448,7152.9,57702,34.038,484.18,354.88,0.1541
4449,5995,55974,28.737,325.11,256.18,0.11859
4449,6029.2,57942,29.62,444.66,354.67,0.11257
4449,8523,58085,23.708,745.03,478.52,0.21782
4450,6361.6,57565,30.219,369.35,293.78,0.11397
4450,7261.6,56466,12.578,660.17,369.53,0.28225
4450,8649.5,58227,25.944,221.17,128.63,0.26456
4451,6085.9,56249,29.54,766.27,740.77,0.01692
4451,6401.6,57781,33.045,613.98,595.93,0.014918
4451,6962.8,57742,26.995,978.29,789.99,0.10649
4452,5823.5,56871,24.219,629.1,615.37,0.011034
4452,7008.1,57547,35.415,712.36,336.84,0.35792
4452,7580.1,56889,26.933,636.46,371.52,0.26284
4453,7514,56813,27.761,905.67,468.68,0.31796
4454,5745.5,56823,24.081,663.09,519.48,0.12144
4454,6536.6,57426,24.038,397.06,126.81,0.51587
4454,7645.7,55935,31.34,368.07,374.44,-0.0085774
4455,6214.6,58122,26.921,392.16,320.24,0.10096
4455,7667.1,55947,18.645,349.53,351.74,-0.0031494
4455,7894.7,56784,21.194,736.51,407.87,0.28718
4456,7343.2,55458,32.991,477.37,348.02,0.15671
4456,7959.4,57036,30.496,284.13,202.83,0.16694
4457,7406,55422,28.725,327.93,317.01,0.016932
4457,8228.8,57339,36.114,462.06,268.19,0.26548
4458,7043.1,57137,38.276,323.86,215.76,0.20032
4458,7825.9,58095,21.811,275.74,144.4,0.31261
4458,8656.6,56992,25.351,639.04,215.22,0.49613
4459,7198.7,57372,32.833,465.31,256.22,0.28979
4460,8499.2,56717,25.56,662.12,257.59,0.43985
4461,7621.7,58129,26.95,411.76,294.18,0.16656
4461,7766.3,56953,21.549,738.86,412.3,0.28367
4462,7252.9,57178,23.344,574.38,227.2,0.43311
4464,7344,56583,18.032,566.97,306.43,0.29831
4465,7345.6,56522,8.609,883.69,529.99,0.2502
4466,6376.6,55676,20.545,292.8,166.2,0.27583
4466,7355.1,56531,15.393,323.72,215.08,0.20162
4466,7540.3,55911,23.377,323.76,175.68,0.2965
4467,7280,56474,21.955,665.23,454.51,0.18819
4468,6241.1,55418,19.17,588.47,404.13,0.18572
4468,7266.5,56587,14.437,535.1,423.29,0.11666
4469,7269.5,56504,11.454,956.16,659.33,0.18374
4470,7273.7,56680,10.762,719.16,411.71,0.27187
4471,7307,56655,23.602,527.31,316.92,0.2492
4471,8094.2,55759,26.144,896.56,439.64,0.34195
4471,8566.9,56635,22.533,933.67,626.11,0.19719
4472,7540.8,57674,23.171,397.26,113.37,0.55596
4472,8171.7,55635,32.199,324.91,193.96,0.25237
4472,8410,56680,22.258,589.11,433.23,0.15248
4473,7545.1,57646,27.738,455.73,231.14,0.32698
4473,8302,56739,31.41,273.03,244.66,0.05479
4476,7894.1,57364,27.172,648.88,274.14,0.40599
4476,8501.6,56488,32.353,392.36,278.98,0.16889
4477,7972.6,57063,28.519,734.99,361.37,0.34078
4477,8274.4,56676,20.762,360.08,164.02,0.37409
4481,5977.3,57934,36.683,206.33,181.04,0.065289
4483,5967.1,57883,32.167,605.96,642.38,-0.029173
4483,6743.1,55795,30.893,352.96,306.09,0.071121
4483,7748.8,57833,24.205,238.79,154.88,0.21315
4483,7916.5,58375,24.261,246.05,116.49,0.35739
4484,7729.5,57946,16.268,902.41,627.18,0.17993
4485,5678.3,55949,29.402,356.71,367.86,-0.01538
4485,7326.4,56498,19.202,981.19,789.67,0.10815
4485,7785.9,57935,13.779,919.34,533.08,0.26594
4486,7200.1,56578,23.157,454.04,375.26,0.095003
4486,7779.2,57763,8.8235,1343.6,977.1,0.15792
4487,5922.9,55908,24.6,304.49,273.47,0.053675
4487,5883.2,57060,33.188,220.09,123.46,0.28127
4487,7198.3,56690,19.763,548.4,220.73,0.42603
4488,5798.4,57970,24.91,410.14,324.07,0.11724
4490,6171.5,58363,35.912,449.44,271.88,0.24615
4490,8044.1,57979,30.739,534.99,581.51,-0.041665
4491,6390.8,57229,17.738,1069.9,481.93,0.37889
4492,6335.1,56172,28.07,663.87,422.78,0.22186
4493,5815.2,56315,36.455,1032.7,890.74,0.073829
4493,6379.7,57300,33.569,1124.7,653.99,0.26464
4493,6919,56530,37.759,1430.6,689.5,0.34956
4493,8454.9,57908,27.437,579.71,257.07,0.38557
4494,6432.9,57375,26.496,993.72,768.68,0.12769
4494,6711.3,56614,21.169,1377.8,948,0.1848
4494,8371.2,57835,27.23,534.37,441.99,0.094616
4495,6030.8,57984,33.657,358.62,316.17,0.062915
4495,7470.9,57165,33.608,311.68,369.86,-0.085375
4495,8286.5,57803,26.775,338.11,223.21,0.20468
4498,7716.5,56519,29.503,351.01,187.02,0.30481
4498,8583.2,57963,33.26,567.91,356.02,0.22934
4499,6185.7,55426,19.585,933.12,709.66,0.13603
4499,7916.3,56702,28.184,872.26,593.5,0.19018
4499,7985.4,57254,19.512,717.32,701.95,0.010831
4500,6279.7,55643,27.343,460.69,487.84,-0.028625
4500,6342.3,57159,24.106,563.55,219.69,0.43903
4500,6450.7,56540,31.157,350.85,373.68,-0.031515
4500,8252.3,56649,29.727,437.75,176.72,0.42481
4501,5959.3,58038,29.327,297.41,272.62,0.043497
4501,6351.9,55707,27.136,463.43,291.67,0.22747
4501,6244.7,57201,24.147,312.92,129.42,0.41482
4502,6269.8,56088,21.049,523,316.77,0.24558
4502,6341.1,57127,21.662,473.02,206.59,0.39202
4503,7822.7,55785,24.367,539.31,394.21,0.15543
4504,6172.9,57185,31.582,705.18,336.74,0.35362
4504,7020.8,56149,37.42,678.51,489.04,0.16228
4504,7589.7,55858,32.344,847.39,736.14,0.070258
4505,6044.9,57214,31.055,514.99,124.96,0.60947
4505,6547.7,56352,26.34,510.21,550.32,-0.037818
4505,7096.7,56507,34.06,253.44,155.06,0.24082
4507,6052.4,57279,22.086,751.88,218.51,0.54964
4508,6134,57217,21.16,422.93,102.03,0.61129
4508,8584.6,56605,26.299,506.55,373.59,0.15106
4508,8622.2,58213,35.39,174.06,120.5,0.18185
4509,6008.8,57219,26.938,514.9,330.51,0.21811
4509,6737.4,55793,30.762,498.43,333.54,0.19819
4510,7570.2,55936,26.694,382.02,266.19,0.17868
4511,6546,58352,33.037,659.25,519,0.11903
4512,6476.8,58136,27.72,535.24,476.46,0.058103
4512,6838.3,55845,28.007,194,227.68,-0.079865
4512,8095.8,55609,26.584,352.44,351.87,0.00081902
4512,8192.5,56729,30.583,334.3,211.57,0.22483
4513,6098.8,57310,31.158,482.06,221.03,0.37127
4513,6955.4,55788,13.212,564.65,342.67,0.24466
4514,7391.6,57797,25.763,493.31,385.76,0.12234
4515,6247.5,57276,23.28,604.7,467.45,0.12801
4515,7324.3,56510,12.8,757.49,548.04,0.16043
4515,7369.5,57790,21.233,624.88,368.59,0.25797
4515,7956.7,56937,35.686,445.81,462.32,-0.018186
4516,6152.2,57276,21.236,639.65,246.97,0.4429
4516,7610.4,56004,15.919,437.48,428.15,0.010772
4516,7605.8,57630,31.36,346.1,355.58,-0.013503
4517,6170.6,57259,20.336,497.29,305.64,0.23869
4517,6166,57938,29.928,315.92,183.68,0.26469
4517,7982.4,56740,27.175,313.01,318.14,-0.0081262
4518,5976.3,57367,27.552,391.12,265.85,0.19067
4518,6136.1,58070,28.714,337.22,396.04,-0.080219
4519,5705.2,55926,26.331,439.67,408.59,0.036642
4519,5844.5,57845,29.202,298.1,272.04,0.045711
4519,6046.7,57427,33.352,223.91,112.27,0.33206
4519,6340.1,56245,28.38,440.78,247.81,0.28023
4519,7324.3,58286,32.599,791.64,424.65,0.30173
4520,6235.9,57537,36.701,304.31,180.79,0.25464
4520,7449.7,57227,24.999,581.47,304.52,0.31259
4521,5993.1,56223,32.335,426.43,320.76,0.14141
4522,6254.9,57425,28.285,244.19,110.3,0.3777
4522,7154,56301,24.88,679.51,280.83,0.41514
4522,7389.8,56667,23.62,1226.8,540.53,0.38831
4523,6202.8,57521,28.384,168.65,121.21,0.16365
4523,7165.4,56331,27.998,668.76,599.82,0.054343
4524,7638.3,58147,24.167,419.38,220.4,0.31102
4525,7444.1,58161,28.443,441.13,226.7,0.32108
4526,6730.5,57596,28.172,174.59,117.48,0.19551
4527,6879.6,55710,24.124,226.04,159.36,0.17302
4527,7703.2,57959,22.577,490.14,224.44,0.37182
4527,7998.4,57323,24.588,300.34,200.73,0.19879
4528,6748.9,55829,27.86,367.29,211.33,0.26953
4528,7444.8,57776,18.957,776.44,312.56,0.42597
4528,8565.9,55392,23.918,592.02,255.12,0.39769
4529,6507.4,55715,25.927,816.28,567.61,0.17969
4529,7384.4,57888,29.433,610.49,256.96,0.40756
4530,6355.6,55601,28.182,383.8,171.46,0.38241
4532,6177.7,56478,38.141,162.88,240.42,-0.19224
4532,7465.4,57849,25.268,555.45,159.92,0.5529
4533,7149.4,55735,27.33,317.41,189.77,0.25166
4533,7404.7,56822,37.32,586.79,348.03,0.2554
4533,7468,57931,24.343,1248.8,372.46,0.54053
4534,7213.8,55775,24.651,262.54,199.22,0.13714
4534,7468,57908,25.392,1245.6,215.9,0.70455
4535,6446.7,55526,34.208,603.61,635.45,-0.025694
4535,7282.8,57817,19.903,1265.9,705.85,0.28403
4535,7581.3,58200,37.602,1023.9,516.9,0.32907
4538,7925.2,55894,22.08,444.12,199.98,0.37905
4539,6757.6,56062,29.661,404.07,169.96,0.40784
4540,6706.6,56064,25.41,733.75,504.11,0.18551
4540,7792,57633,16.992,957.61,684.78,0.16612
4541,5933.8,56214,24.63,367.97,123.73,0.49672
4541,7616.7,57448,34.82,603.91,502.54,0.091623
4541,8403.5,55917,23.877,738.72,731.8,0.0047095
4542,7591,57262,29.735,395.7,227.99,0.26891
4542,8400.2,56037,26.798,741.47,518.8,0.17668
4543,7803.3,57193,21.256,397.03,279.04,0.17452
4543,8213.8,56091,23.28,622.54,227.99,0.46389
4544,7446.4,58233,29.338,287.74,138.64,0.34968
4545,6931.8,57926,33.614,279.55,412,-0.19153
4545,7560.3,57913,18.628,1116.7,363.6,0.50875
4545,8177.6,56038,29.025,372.47,495.38,-0.14162
4546,7582.8,57818,11.142,1012.1,351.95,0.48396
4547,5703.2,55570,26.124,727.59,453.83,0.23171
4547,7561.2,57853,17.693,621.64,128.57,0.65723
4548,5733.4,58301,28.156,246.73,140.69,0.2737
4548,5938.1,55523,27.382,546.71,481.9,0.063008
4548,7493.5,57870,23.988,542.97,136.49,0.59823
4549,5780.4,58265,38.253,550.45,235.6,0.40055
4549,5961.6,55445,35.171,343.66,386.61,-0.058812
4549,5976.2,57253,31.885,306.92,210.39,0.1866
4550,5938.6,58221,29.092,207.27,170.61,0.097
4550,8218.6,56647,28.672,563.93,489.79,0.070367
4551,7607.8,57832,22.778,382.19,128.89,0.49563
4552,7620.8,57818,14.149,735.44,142.27,0.67582
4552,8602.1,55589,19.081,820.73,538.41,0.20772
4553,7535.2,57012,19.234,933.12,300.27,0.5131
4553,7617.5,57788,17.319,605.99,174.44,0.55296
4553,8534.3,55695,16.873,654.33,461.92,0.17238
4554,7297,55825,15.904,379.94,408.11,-0.03575
4554,7411.1,56870,25.639,679.55,383.06,0.27902
4554,8529.1,55907,21.336,722.65,383.78,0.30627
4555,7118.9,55778,30.721,290.9,199.32,0.18681
4555,7499.3,57143,25.482,368.15,121.49,0.50375
4555,7638.8,57792,19.923,429.34,234.27,0.29395
4556,8547.2,55749,17.765,459.84,251.46,0.29296
4557,8466.3,57904,23.807,597.34,370.93,0.23384
4558,6492.2,57076,18.607,859.94,387.82,0.37838
4558,6864.6,56260,31.411,410.67,177.88,0.39554
4558,8472.5,57989,35.11,391.62,339.91,0.070678
4559,6310.3,57127,19.516,763.45,674.25,0.062038
4559,6274.7,58128,22.875,231.75,138.21,0.25284
4559,8556.4,57955,20.704,1095.7,867.62,0.11618
4560,8615.1,58050,32.61,414.36,350.98,0.08282
4561,7698.7,57824,14.479,840.03,342.06,0.42126
4561,8441.5,57201,37.539,394.22,314.57,0.11237
4561,8411.9,57274,37.59,671.96,490.52,0.15608
4562,7733.1,57789,13.66,552.45,238.57,0.3968
4563,6066.6,55398,27.667,346.15,133.53,0.44325
4563,7002.5,57790,28.843,310.43,286.5,0.040095
4563,7652.8,57769,14.917,476.43,262.37,0.28974
4563,7632.9,56517,24.07,883.13,574.3,0.2119
4564,7398,56557,17.482,747.15,372.59,0.33451
4568,6609.5,56075,19.788,560.81,355.08,0.22463
4568,7633.1,57797,17.47,382.61,165.8,0.39534
4569,6329.6,56322,29.782,458.88,459.12,-0.00026242
4570,6479.2,56270,21.767,430.9,161.51,0.45475
4571,7643.4,57784,18.394,329.63,146.42,0.38485
4572,5916.4,57052,38.831,412.3,314.61,0.13439
4574,6091.6,57286,31.969,619.06,231.54,0.45558
4574,8362.8,57333,27.647,433.3,313.5,0.16042
4575,6366.5,55888,33.207,435.47,386.83,0.059155
4575,6942.7,55394,25.262,224.78,123.36,0.29132
4575,7587.5,55947,14.504,649.45,585.8,0.051525
4575,7727.3,57736,14.79,999.18,314.93,0.5207
4576,7559.3,55856,34.885,303.7,251,0.095005
4576,7667.7,57082,18.915,989.59,590.55,0.25254
4576,7579.6,57817,16.22,1030.7,537.9,0.31418
4577,7653.4,57805,14.534,726.69,356.22,0.34211
4577,7798.9,57122,22.134,551.14,455.46,0.095056
4578,7859.4,57267,22.637,582.63,317.32,0.29481
4579,7829.8,57183,18.294,876.13,691.19,0.118
4580,6124.2,58263,31.465,548.37,500.19,0.045942
4580,8054.2,57997,33.923,282.97,148.05,0.31302
4580,8359.9,57933,29.176,458.68,145.74,0.51776
4581,6936.4,56379,30.247,554.49,251.44,0.37603
4581,7654.7,56795,25.352,608.9,433.52,0.16824
4581,7749.7,57728,14.341,1696.6,842.3,0.33648
4582,7389.5,56657,21.992,1134.3,722.92,0.22151
4582,7673,57712,11.994,1290.2,635.37,0.34008
4583,7447.8,56651,29.585,499.86,241.62,0.34827
4583,8375.1,55756,30.663,604.18,259.06,0.3998
4585,8048.5,57358,32.05,220.17,102.73,0.36373
4586,5699.1,55462,31.094,642.55,199.72,0.52575
4586,6839.9,58144,33.795,311.57,196.53,0.22642
4587,5800.9,55462,25.987,623.01,494.55,0.11494
4587,6659.2,56005,29.486,326.71,221.84,0.19117
4587,7671.3,57774,21.024,527.18,294.41,0.28332
4587,8574.4,57520,36.053,724.6,280.08,0.44245
4588,7631.7,57769,27.055,260.3,153.8,0.25717
4589,7689.4,57731,19.3,676.21,552.02,0.10111
4589,8349.6,57837,19.493,1396.1,875.06,0.22943
4590,7633.7,57748,23.052,782.83,546.54,0.17775
4590,8274.5,58095,31.045,842.04,674.02,0.11083
4591,7757.8,57483,29.06,646.37,385.41,0.25292
4591,8345.6,57993,18.864,1321.8,915.02,0.18187
4592,7143.8,56675,24.667,918.9,743.13,0.10576
4592,7635.8,57150,34.807,340.59,164.27,0.34924
4592,7617.1,57765,23.179,401.38,130.59,0.50902
4592,8594.9,57778,24.605,702.7,389.45,0.28682
4593,7089,56624,15.763,1205,690.89,0.27116
4594,6776.2,56403,18.331,1197,833.67,0.17893
4594,8000.6,57559,18.429,1029.7,599.46,0.26409
4595,6846.3,56328,20.059,1082.6,845.23,0.12313
4596,7072.9,56225,19.658,755.13,456.18,0.24679
4596,7616.9,57696,15.228,1002.4,364.47,0.46669
4597,7024.9,56137,25.609,561.6,674.5,-0.091336
4597,7568.4,57782,21.287,459.02,149.98,0.50746
4599,5736.6,57203,28.689,507.93,154.3,0.534
4599,8242.2,56026,21.752,690.84,477.5,0.1826
4600,6224,55603,31.09,509.78,528.02,-0.017583
4600,8408.4,56057,29.385,347.69,301.41,0.07131
4601,6196.8,55639,21.542,647.14,356.56,0.28951
4601,7715.3,57766,22.048,841.41,322.03,0.44642
4602,7715.8,55536,28.696,432.32,499.58,-0.072181
4605,7648.1,57533,16.371,896.27,352.78,0.43512
4606,6307.7,57470,28.223,203.08,175.6,0.072586
4606,8010.2,56882,24.92,637.62,479.01,0.14205
4607,6205.8,57684,27.244,672.59,480.33,0.16676
4607,7109.3,56691,25.832,280.21,393.42,-0.16806
4610,6079.9,56108,28.552,378.67,249.58,0.20546
4610,6977.3,56786,16.509,554.03,166.4,0.53805
4610,7820.2,57574,19,402.12,312.22,0.12585
4611,6942.4,55783,13.733,637.05,564.23,0.060614
4611,6927.8,56794,32.949,516.45,272.96,0.30845
4611,7832.3,57695,23.499,604.47,522.74,0.072507
4612,6125.6,55696,26.844,579.13,395.82,0.18801
4612,6908.3,55806,11.05,632.09,482.16,0.13456
4612,7813.8,56096,29.403,323.73,358.05,-0.05034
4612,7867.3,57819,21.596,586.48,501.88,0.077734
4613,5880.4,55625,33.095,526.34,394.78,0.14282
4613,6927.9,55809,14.608,432.54,387.15,0.055375
4613,7910.1,57866,15.436,832.74,624.11,0.14321
4614,5762.3,55548,32.19,869.47,431.34,0.33681
4616,8427.2,56687,30.576,141.62,364.56,-0.44044
4617,8252.1,58033,31.205,245.84,164.05,0.19954
4617,8342.1,56662,22.688,613.02,468.66,0.13346
4618,8215.2,57969,32.87,460.7,394.73,0.077119
4619,5784.9,57813,31.127,218.07,167.03,0.13251
4619,7958.1,56989,23.892,658.01,356.96,0.29661
4620,7051,58109,37.39,366.4,495.52,-0.1498
4620,8173.1,57872,27.681,366.6,190.22,0.31675
4620,8417.5,56064,27.649,787.54,244.44,0.52626
4621,7091.6,57820,34.576,330.71,284.4,0.075282
4621,8093.4,58348,32.922,529.91,422.31,0.113
4621,8281.1,56000,34.416,1292.9,809.07,0.23019
4622,7814.8,56105,27.675,387.41,320.11,0.095115
4622,8418.5,55642,33.413,1399.4,1048.4,0.14339
4623,7274.3,58003,30.594,264.44,203.59,0.13003
4623,7666.5,56138,22.78,934.53,566.86,0.24489
4624,7538,56151,28.378,759.98,666.38,0.065616
4624,8482.4,55690,19.24,1225.8,777.75,0.22363
4624,8528.4,56516,35.959,392.61,268.51,0.1877
4625,7380.4,58025,23.209,670.38,304.29,0.3756
4625,8607.9,57862,34.993,303.03,165.35,0.29394
4626,8359.4,56633,19.685,960.54,532.02,0.2871
4626,8526,55600,17.477,518.94,222.85,0.39915
4627,7216,57801,12.116,940.07,225.33,0.6133
4627,8575.7,55437,20.113,431.14,285.79,0.20274
4628,6122.1,56142,25.725,545.01,368.6,0.1931
4628,7097.4,57714,11.801,574.03,152.55,0.58008
4628,8516.6,55565,27.052,417.5,125.7,0.53718
4629,7352.7,57833,34.124,548.62,196.54,0.47249
4629,8530.3,55679,19.003,314.17,247.02,0.11965
4630,8507.8,55687,17.508,452.23,348.13,0.13008
4631,7009.2,57587,27.917,462.04,220.34,0.35421
4631,8626.4,56387,30.415,260.14,136.74,0.31093
4632,7763.3,57714,18.675,351.62,252.81,0.16349
4633,5828.9,56659,29.979,291.8,225.57,0.12801
4633,7818.3,57875,15.42,673.31,556.76,0.094756
4634,7862.8,57617,9.5073,1599.9,976.5,0.24196
4635,6881,57559,26.835,289.69,129.55,0.38198
4635,7839.3,57629,18.374,713.72,463.09,0.21298
4636,5722.2,57254,25.714,319.26,135.31,0.40465
4636,7296.3,56165,32.32,433.09,298.18,0.18448
4636,8354.1,56109,33.404,352.62,311.82,0.061409
4637,6862.1,57552,24.88,752.38,340.7,0.37663
4638,6943.6,57184,27.363,272.43,126.14,0.36704
4638,7470,56862,15.866,876.9,431.42,0.3405
4638,7780.5,58118,23.23,617.64,501.91,0.10337
4638,8419.1,56457,28.615,615.58,548.02,0.058058
4639,7296.8,56490,20.615,1542.7,1198.9,0.1254
4639,7788.8,57946,18.14,665.06,686.87,-0.016133
4639,8372.4,56579,22.991,219.57,195.05,0.059134
4640,6348.5,57318,38.389,861.5,710.21,0.096258
4640,6677.7,56620,34.648,308.08,258.58,0.087363
4640,7830.3,57941,25.88,366.42,236.03,0.21643
4640,8212.6,56399,23.364,264.28,149.47,0.27747
4641,6260.7,57569,39.266,582.6,363.72,0.2313
4641,6513.4,56172,19.19,1236.2,951.63,0.13008
4641,7293.6,57949,38.259,398.59,347.1,0.069048
4641,8092.2,56570,25.782,494.14,378.28,0.1328
4642,6546.7,56086,20.47,1357.3,818.56,0.24759
4642,7160.2,57517,28.237,419.28,347.59,0.09348
4643,6677.9,56796,33.894,612.94,386.22,0.22691
4643,7397.5,57462,26.955,714.47,187.47,0.58429
4644,5720.3,57488,36.174,424.35,299.15,0.17305
4644,6661,56669,25.514,720.71,459.98,0.22084
4645,5731.4,57447,31.963,1065.7,593.96,0.28424
4645,6855,56601,29.009,478,277.26,0.26579
4645,7502.6,57558,29.088,166.07,133.63,0.10826
4645,8404.8,57243,37.86,523.52,358.84,0.18663
4646,5692.3,57321,33.953,444.1,340.61,0.13189
4646,5755.8,57339,26.411,909.38,792.91,0.068418
4646,6480.9,55870,33.406,491.95,290.93,0.25677
4646,6866.3,56350,22.128,490.82,248.15,0.32838
4647,5802.2,57343,38.777,449.26,450.1,-0.00093321
4647,6957.3,56481,32.445,315.44,118.86,0.45262
4647,8533.8,57176,30.392,372.02,165.92,0.38313
4648,7144,57142,32.192,433.66,103.22,0.61549
4648,7600,57943,34.747,161.59,123.72,0.13273
4649,6677.5,57434,28.605,326.77,320.84,0.0091541
4650,7473.7,57954,30.408,269.53,231.9,0.075052
4650,8535,55715,19.74,241.16,107.87,0.38189
4651,7550,55815,32.887,267.81,219.57,0.098986
4652,6997.1,56373,29.999,673.75,442.2,0.20749
4652,8416,57874,25.466,368.43,243.25,0.20465
4654,6969.8,55576,31.454,584.03,319.79,0.29236
4655,6746,55444,30.144,754.74,706.65,0.032905
4656,6298,55749,32.723,207.94,136.39,0.20779
4658,7132.1,56507,28.306,464.38,452.08,0.013427
4659,6306.3,57546,19.189,556.52,560.27,-0.0033555
4659,7187.9,56527,19.127,620.26,445.02,0.16451
4659,8222.1,58236,27.497,867.38,479.45,0.28803
4660,6321.2,57546,26.564,332.58,457.16,-0.15774
4660,8157.7,58376,24.888,307.23,263.59,0.076457
4660,8470.4,55540,23.412,547.34,373.51,0.18876
4661,6313.1,57424,28.104,371.71,160.62,0.39654
4662,6771.8,56340,30.985,545.72,453.16,0.092669
4663,6576.7,56161,25.978,394.47,233.24,0.25686
4663,8513,55635,23.316,422.56,157.52,0.45691
4664,6810.5,56240,21.921,302.02,145.37,0.35013
4665,7370.9,56411,31.311,497.25,500.4,-0.0031538
4665,8196.6,57090,24.751,521.67,462.85,0.059744
4666,6331.5,58009,35.859,281.79,145.83,0.31793
4666,6505.5,56819,30.261,382.67,613.09,-0.2314
4667,6078.4,57081,22.044,397.02,225.5,0.27552
4668,6794.2,58157,15.892,985.46,501.63,0.32535
4668,7336.5,55830,33.579,710.08,376.47,0.30704
4669,6833,58070,28.116,997.63,916.95,0.042138
4669,6965.8,58018,24.866,1060.2,871.1,0.097906
4669,7357.1,55682,35.881,469.45,617.52,-0.13622
4670,6809.7,58040,32.286,618.94,481.08,0.12533
4670,7295.4,55525,30.075,494.73,180.61,0.46512
4671,6023,56863,28.599,533.87,640.88,-0.091091
4672,7241,55760,23.539,497.11,335.43,0.1942
4672,8607.7,55536,31.702,388.21,209.74,0.29847
4674,7373,55774,27.675,618.15,535.78,0.071379
4675,7256.7,55721,32.22,581.76,425.48,0.15515
4675,7233.7,56106,26.802,938.01,605.02,0.2158
4676,5746.3,58063,30.707,407.98,442.34,-0.04041
4676,7254.6,55679,33.039,671.03,662.88,0.0061108
4677,7191.7,55843,18.361,890.94,751.22,0.085085
4677,7403,57791,36.242,611.99,457.06,0.14492
4678,7235.7,55826,12.622,1096.1,805.91,0.15258
4679,6528.3,56765,29.358,516.02,482.47,0.033596
4679,7144,55875,21.716,401.92,227.04,0.27805
4679,8357.8,58289,31.624,147.25,145.66,0.0054288
4680,6177,58074,21.776,288.81,100.04,0.48547
4680,7538.4,56577,31.498,351.94,270.26,0.13128
4681,7143.5,55996,21.396,774.08,368.64,0.3548
4681,7353,57654,34.682,174.85,104.02,0.25397
4682,6426.5,58324,29.441,425.85,202.02,0.3565
4682,7219.2,56682,7.8504,992.89,449.15,0.37706
4683,7289.2,56695,13.925,493.9,301.69,0.2416
4683,8024.5,57507,24.629,317.75,161.36,0.32642
4684,7194.4,56585,10.519,918.34,286.08,0.52496
4684,8099.1,56777,32.293,354.97,250.74,0.17208
4685,7254,56484,7.9232,1122.9,403.24,0.47157
4686,6818.1,56794,38.307,567.4,421.55,0.14748
4686,7189.4,56356,20.835,728.95,412.67,0.27704
4686,8523.6,56154,27.734,451.84,334.7,0.14893
4687,6936,56580,16.897,556.4,379.86,0.18856
4688,7747.9,57025,21.78,601.09,306.68,0.32432
4688,8070.2,56164,32.471,722.22,687.44,0.024671
4688,8487.1,55609,23.668,321.78,139.68,0.39461
4689,6082.4,56943,19.165,932.24,585,0.22886
4691,7570.2,56772,21.753,782.7,233.5,0.54045
4692,6101.9,56525,23.395,376.69,182.16,0.34808
4692,7430.3,56816,22.886,631.55,435.39,0.18386
4693,7204.5,56544,19.207,277.06,230.99,0.090682
4693,7493,57195,30.567,251.83,204.45,0.10385
4693,8308.1,56573,22.995,423.32,264.37,0.23112
4695,6003.8,57947,26.71,560.88,244.57,0.39271
4695,7156.1,56360,33.348,690.43,430.34,0.23207
4696,6911.3,57028,25.258,626.76,451.35,0.1627
4697,6021.4,58031,27.784,526.26,350.93,0.19988
4698,6371.5,57313,28.299,333.19,163.93,0.34048
4698,7434.1,57427,33.566,247.92,185.89,0.14299
4698,8187.9,56786,21.878,1023,632.19,0.23613
4699,6150.5,57076,28.809,341.01,280.08,0.098102
4699,6664.3,56698,22.602,366.46,205.48,0.28146
4699,7753.1,56971,36.645,497.12,455.15,0.044078
4699,7717.1,57588,22.149,542.64,245.57,0.3769
4700,6027.3,57955,20.387,303.34,112.48,0.459
4700,7892.7,56757,33.144,385.68,175.68,0.3741
4702,6359.4,56150,22.633,460.04,368.35,0.11069
4702,6373.4,57711,23.919,244.59,154.22,0.2266
4703,6295.6,57455,27.569,450.61,419.03,0.036309
4704,6353.8,57480,25.18,317.48,139.99,0.38799
4705,6607.2,56772,20.456,451.69,138.09,0.53171
4706,6062.1,58163,37.358,340.02,115.2,0.49388
4706,6698.8,56697,28.777,320.7,252.06,0.11984
4706,7539.1,57074,30.204,148.79,100.1,0.19565
4709,6068.9,58099,35.791,593.7,463.92,0.1227
4709,7085.5,55844,29.444,308.96,213.02,0.18381
4710,7291.6,55912,32.657,591.54,340.13,0.26986
4711,7981.4,57785,30.767,283.76,254.91,0.053559
4712,7850,57827,29.525,320.08,243.17,0.13654
4713,6051.9,56507,23.977,424.29,222.6,0.31178
4715,8290.9,57273,20.835,566.98,124.95,0.63884
4716,8154.7,57137,25.385,520.34,279.29,0.30146
4717,8169.6,57088,24.196,654.78,679.91,-0.018826
4718,8093.1,57057,30.177,288.99,332.69,-0.070281
4719,6296.1,58325,28.767,480.06,346.33,0.16183
4719,7004.5,56397,23.776,664.76,628.97,0.027662
4720,7191.3,56400,14.29,1045,641.18,0.23949
4721,6941.1,57777,29.148,260.43,224.92,0.073148
4722,6991.3,55641,24.831,222.58,125,0.28074
4722,7856.1,57818,26.217,252.93,235.06,0.036622
4723,7047.3,55692,36.454,480.33,227.89,0.35643
4723,8512.3,55833,38.714,249.7,246.14,0.0071792
4724,8520.8,56717,29.453,591.58,425.37,0.16344
4725,5808,55618,21.909,498.97,228.27,0.37223
4726,7812.7,58303,28.156,355.52,244.9,0.18423
4726,8380.1,56626,22.121,547.39,326.88,0.25223
4727,5708.5,55630,29.789,496.34,360.02,0.15918
4727,7831.7,56763,23.753,597.31,473.99,0.11511
4727,8328.3,57836,24.664,552.28,347.42,0.2277
4728,7920.2,56566,32.268,539.16,399.61,0.14865
4728,8234.7,57674,18.496,584.51,324.87,0.2855
4732,7697.8,57511,33.266,820.97,973.56,-0.085028
4732,8651.4,56956,30.566,204.82,112.63,0.29039
4733,7869.7,57641,14.892,677.03,461.13,0.1897
4733,8583.2,56955,33.011,916.54,780.38,0.080238
4734,7233.1,55406,28.15,552.71,313.59,0.27602
4738,7755.2,56345,25.852,561.38,264.04,0.36023
4739,7157.7,57531,31.467,931.36,625.11,0.19675
4739,7743.9,56814,29.945,423.5,330.02,0.12407
4740,5767.3,56368,29.397,618.64,423.44,0.18732
4740,7900.1,56742,30.7,545.84,479.97,0.064214
4741,6936.9,56058,28.918,676.25,268.67,0.43134
4742,5776.4,56299,23.027,583.36,352.98,0.24604
4742,6876.2,55980,20.589,313.85,130.37,0.41305
4742,7178.7,57834,35.016,580.09,583.65,-0.0030663
4743,6119.9,56332,29.045,664.04,407.55,0.23935
4743,6547.2,57840,32.575,207.9,199.6,0.020375
4743,6779.1,55935,32.538,486,276.48,0.27478
4744,5787.2,56408,36.869,420.25,202.82,0.34897
4744,6779.3,55898,26.885,720.97,315.02,0.39185
4744,6828.2,57861,24.725,655.21,473.6,0.16088
4745,6612.2,55950,32.558,500.6,329.74,0.20577
4745,6677.5,58005,36.627,424.62,395.11,0.035994
4746,6112.8,55417,28.472,350.6,152.29,0.39433
4746,7270.6,56639,20.618,541.57,249.12,0.36987
4746,8328.5,57545,25.062,659.23,474.33,0.16312
4747,6028.2,55519,31.014,418.26,174.91,0.41025
4747,7293.9,56624,16.055,745.2,402.15,0.29899
4747,8291.7,57536,21.264,1333.5,836.69,0.22892
4748,5752.1,55620,31.558,502.71,300.96,0.25104
4748,7387.2,56451,32.901,864.59,516.4,0.25213
4748,7601.7,56084,26.924,796.31,563.19,0.17148
4748,8490.7,56468,38.161,495.54,255.51,0.31959
4749,8320.3,57682,18.246,1826.7,1142.9,0.23028
4750,7310,56108,22.518,806.16,941.78,-0.077592
4750,7798.3,57829,27.379,621.34,549.83,0.061051
4750,8332.9,56715,25.383,414.92,305.57,0.15178
4750,8376.2,57560,35.105,739.37,661.3,0.055743
4751,7253.6,56379,16.041,1029.5,868.92,0.084602
4751,7871.5,57668,16.414,1158.1,668.86,0.26779
4752,7204.1,56700,23.913,544.48,483.33,0.059493
4752,7255.2,57738,25.406,419.01,296.26,0.17162
4752,8184.9,57651,19.627,1422.2,841.9,0.2563
4754,6179.9,57007,24.905,445.24,409.51,0.04181
4754,7887.9,57747,34.307,517.5,482.82,0.034675
4755,8437.3,55609,32.805,219.23,178.85,0.10143
4756,7802.3,57934,27.03,351.04,245.96,0.17601
4757,7301.8,57566,32.06,413.64,200.23,0.34764
4757,7781.3,58001,22.6,349.33,354.79,-0.0077548
4758,7032.9,56204,31.05,347.42,329.64,0.026263
4758,7756.2,58012,21.989,513.86,273.62,0.30508
4759,8020.4,56342,24.636,559.8,406.71,0.1584
4760,8249.8,56352,26.744,595.61,567.27,0.024372
4760,8625.8,56775,24.653,435.32,184.79,0.404
4761,7780,57632,35.358,432.76,194.47,0.3799
4762,6447.1,55832,29.161,503.38,294.48,0.26182
4762,7279.6,57742,26.281,286.87,110.24,0.4448
4762,8665.6,57860,22.704,860.62,462.49,0.30091
4763,6014.1,57960,26.773,217,250.48,-0.071611
4763,8514.9,56500,20.871,699.56,382.01,0.29359
4763,8539.7,57715,21.122,764.53,498.87,0.21027
4764,5732.2,56282,17.229,934.61,782.77,0.088411
4764,5858.4,56221,26.333,1100.6,867.52,0.11841
4764,6069.6,58324,31.151,258.54,186.19,0.16267
4764,8128.7,58095,33.037,461.22,240.99,0.31363
4764,8250.4,56256,34.201,468.75,445.93,0.024948
4765,7824.7,57520,21.95,590.74,499.17,0.084021
4766,6749.2,56244,21.338,534.58,320.87,0.24983
4766,7374,56928,35.297,450.79,358.45,0.11411
4767,6309.3,55503,28.4,393.68,380.31,0.01727
4767,6342.2,56940,35.473,365.25,134.44,0.46191
4767,6686.4,56485,25.226,281.27,145.78,0.31727
4767,8234.1,56159,31.626,327.15,162.02,0.33756
4768,6364.4,57310,27.692,279.06,182.14,0.21015
4768,7201.2,56951,22.99,474.22,195.78,0.41559
4769,6167.8,55555,20.009,708.08,696.54,0.0082142
4769,7808.8,58375,24.026,441.13,339.41,0.13032
4769,8332.6,57312,36.897,487.06,478.93,0.008416
4769,8502.9,56224,35.839,354.57,233.53,0.20583
4770,5746.8,57295,30.849,240.06,115.77,0.34928
4770,8062.5,57651,26.483,509.78,554.81,-0.042297
4770,8486.2,56290,27.704,239.45,121.33,0.32741
4771,6073.5,55852,25.998,292.05,465.18,-0.22863
4772,5955.5,58322,30.409,276.91,198.77,0.16429
4772,6145.5,57354,23.603,201.17,193.58,0.019229
4772,7832.2,57965,24.207,217.96,384.65,-0.27662
4772,8232.3,56123,20.863,428.06,229.59,0.30179
4775,7258.6,56613,18.339,461.15,530.86,-0.070273
4775,7852.5,57258,27.259,440.82,383.03,0.070142
4776,5978,56031,27.845,558.94,415.86,0.14678
4777,6714.5,55664,26.121,226.06,101.51,0.38021
4777,7828,55398,27.214,342.12,154.66,0.37735
4778,6772.5,55731,38.427,305.85,289.33,0.027754
4778,8023.1,56539,28.408,671.24,487.16,0.15891
4779,8387.4,56628,19.325,326.6,113.02,0.48583
4780,6324,56819,28.802,494.09,237.06,0.35155
4780,7439.4,56216,34.903,412.04,247.74,0.24902
4780,8424.7,56607,26.779,432.93,337.41,0.12399
4780,8412.8,57467,19.622,600.52,156.98,0.58554
4781,6678.9,55837,36.019,337.69,179.24,0.30653
4781,7545.8,56385,29.5,727.33,327.92,0.37849
4781,8347.2,57791,24.174,340.84,107.71,0.51975
4782,6749.2,55943,25.94,547.08,301.3,0.28971
4782,6752.7,56991,22.095,435.09,262.78,0.24691
4782,7715.5,57924,23.154,417.58,253.76,0.24402
4782,8247.3,57948,35.688,371.98,331.44,0.057636
4783,6446.1,56211,28.814,375.14,392.98,-0.023221
4783,6632.6,58316,36.18,260.28,292.65,-0.058549
4783,8373,56419,29.752,245.89,302.19,-0.10272
4784,6377.7,56250,26.396,563.68,428.56,0.13617
4784,6616.4,56593,46.791,728.86,677.65,0.03641
4784,7506.4,55930,31.651,393.52,286.86,0.15676
4784,8112.4,57963,28.719,377.57,273.71,0.15947
4785,8269.4,58205,25.826,611.89,436.26,0.16756
4786,6304.5,56060,34.235,671.8,725.36,-0.038334
4787,6815.8,56131,23.001,306.58,242.12,0.11747
4788,6954.9,56121,27.642,480.79,335.98,0.1773
4789,6934.8,56287,22.574,824.12,753.07,0.045052
4791,7158.2,56155,20.518,410.16,248.43,0.24557
4792,6723.6,56818,28.318,429.02,293.88,0.18694
4793,6892.5,56128,32.97,837.84,592.78,0.17129
4795,6419.1,55822,32.37,808.12,492.15,0.24301
4795,6483.1,57210,24.506,461.27,441.86,0.02149
4795,7324.5,56535,20.685,467.33,381.07,0.10168
4796,7259.3,56534,18.632,324.22,251.12,0.12707
4797,6613.5,56086,24.014,723.55,150.29,0.65603
4797,7217.3,56598,34.022,348.27,477.69,-0.1567
4797,7749.6,57984,26.198,342.15,226.19,0.20403
4798,7232.2,56515,15.737,553.49,453.17,0.099664
4798,7972.2,57896,20.091,804.47,555.29,0.18326
4799,7940.1,57791,21.074,1610.6,1487.6,0.039695
4799,7938.8,57814,24.174,1255.8,1100.8,0.065799
4800,6637.1,57311,29.941,224.83,658.04,-0.49069
4800,7698.7,55790,19.583,645.29,199.47,0.52775
4800,7957.3,57988,19.798,617.7,362.08,0.2609
4801,7754.6,55751,36.811,581.25,175.34,0.5365
4802,7123.8,55867,36.349,928.1,530.01,0.27302
4802,7556.6,55934,19.347,391.76,243.58,0.23322
4806,6016.9,56783,33.021,656.35,542.75,0.094735
4808,6701.8,57574,21.306,682.2,458.71,0.19589
4808,7288.6,57675,31.436,365.57,274.19,0.14283
4809,6679,57619,25.277,783.07,413.41,0.30896
4810,5771.8,56027,25.758,400.24,437.94,-0.044984
4810,7022.5,57737,23.832,764.77,566.14,0.14924
4811,5751.5,56089,15.141,564.55,515.8,0.045122
4811,5829.2,57977,20.999,450.09,525.7,-0.077492
4811,5980.1,56597,35.04,408.48,600.8,-0.19056
4811,6780.1,57822,34.132,1101.2,503.21,0.37273
4812,5778.8,56109,23.5,470.76,360.91,0.13209
4812,7116.4,55508,26.101,335.13,188.12,0.28096
4813,5779.2,55885,23.767,682.3,427.68,0.22939
4814,6637.2,56980,37.902,348.88,400.57,-0.068968
4815,5973.9,55494,28.909,471.12,200.41,0.40313
4815,7014.5,56375,22.67,932.88,758.2,0.1033
4816,7135.7,56430,13.638,1191.6,793.53,0.20052
4817,8094.2,58285,30.379,270.8,189.89,0.17565
4819,6620.2,56264,28.688,824.97,481.55,0.26285
4819,8353.1,57413,22.699,354.76,234.46,0.20417
4820,6042.5,57116,28.792,484.7,184.49,0.44862
4820,6128.3,56262,17.088,1042.8,808.24,0.12673
4820,7956.7,58109,30.551,281.39,161.71,0.2701
4821,6184.1,56271,21.55,1112.9,518.5,0.36434
4821,6153.2,57170,25.256,398.16,238.36,0.25106
4821,7134.5,56434,18.06,722.23,312.63,0.3958
4822,6333.9,56195,13.123,1371.6,779.49,0.27526
4822,7164.9,56479,25.996,340.96,154.13,0.37736
4823,6409.4,56034,17.983,726.28,283.52,0.43847
4824,6335.7,55770,22.505,896.22,473.66,0.30846
4825,6470.7,55823,29.262,206.57,176.93,0.077297
4825,8069.2,58210,32.993,1027.2,727.05,0.17111
4825,8632.6,56326,26.578,367.67,250.79,0.189
4826,7553.1,57482,34.795,487.83,423.37,0.070738
4826,8044.9,58233,35.293,669.15,402.57,0.24874
4828,7454.4,56289,28.328,285.87,251.71,0.063545
4828,8334.4,58029,17.517,345.22,267.89,0.12612
4829,5719.2,57021,31.13,249.05,106.75,0.39995
4829,7368.6,56344,34.707,245.57,257.36,-0.023431
4829,8543.2,57838,32.078,319.86,375.44,-0.079928
4830,5956.8,56228,29.294,325.78,258.61,0.11493
4830,7841.1,57913,23.612,552.96,313.48,0.2764
4831,5912.6,55967,29.216,1467.1,825.76,0.2797
4831,6114,56052,15.789,922.92,513.32,0.28519
4831,7743.8,57035,23.519,906.97,585.54,0.21536
4832,6128.9,56147,35.426,925.6,369.19,0.42972
4832,7197.4,56520,33.344,672.75,697.71,-0.018219
4832,7522.8,57973,27.695,426.03,176.67,0.41375
4832,7577.6,56247,26.016,694.55,663.26,0.023038
4833,5968,56311,18.598,962.03,553.88,0.26925
4834,5917.2,56404,19.155,1081.1,422.13,0.43838
4834,7575.9,56260,22.007,733.56,468.91,0.22008
4834,7448.7,57927,27.311,442.78,224.48,0.32716
4834,8213.5,57997,29.178,428.15,259.04,0.24609
4834,8275,56096,17.89,887.25,527.79,0.25403
4835,5687.2,55932,37.837,185.58,113.17,0.24238
4835,6586.1,57659,38.134,365.12,105.75,0.55083
4835,7534.9,56298,28.392,178.96,176.55,0.0067808
4835,8164.4,56289,18.321,639.45,517.25,0.10565
4836,7045,56289,27.633,268.71,124.27,0.36755
4836,8167.9,58126,32.85,211.42,421.5,-0.33191
4837,6815.4,57286,32.104,492.08,250.54,0.32524
4837,8218.3,58061,18.686,437.96,251.03,0.27131
4838,7535.3,56454,24.082,380.82,351.26,0.040388
4838,8276.4,58090,19.445,393.73,206.41,0.31212
4839,6540.9,57113,27.554,281.91,147.01,0.31452
4839,7207.1,56418,30.14,741.62,616.88,0.091822
4840,6965.8,56285,28.181,251.71,128.38,0.32447
4840,8098.9,58056,32.463,368.36,278.19,0.13946
4841,8496.1,56654,20.393,877.75,553.64,0.22643
4842,6345.3,56917,29.412,826.81,547.19,0.20351
4843,8052.8,56685,30.658,653.83,398.98,0.24207
4844,6610.2,57215,25.983,431.57,307.28,0.16822
4845,7549.4,55896,28.347,270.03,263.78,0.011717
4848,7263.1,58180,31.877,417.95,302.66,0.15999
4848,8004,55946,23.051,290.21,139.84,0.34967
4849,7456,58250,38.416,469.11,238.23,0.32641
4849,8043.7,56383,20.22,823.64,350.88,0.40251
4850,7466.2,57983,21.641,765.7,799.72,-0.021729
4850,8020.5,56074,30.282,761.75,280.36,0.46194
4850,8024.8,56697,26.086,649.91,530.36,0.10129
4851,7628.5,58120,28.519,568.21,232.51,0.41924
4851,8129.4,56003,33.768,871.38,825.85,0.026832
4852,8429.5,56218,35.163,501.34,303.82,0.24533
4853,8026,58186,25.241,439.65,204.73,0.36457
4853,8517.8,55719,22.39,302.84,157.85,0.31471
4854,7612.4,56255,22.321,585.87,388.26,0.20285
4854,7976.2,58226,12.885,649.14,398.53,0.23921
4855,8000.8,58317,13.857,720.37,458.8,0.22183
4856,7972.9,58365,21.462,317.01,212.29,0.19783
4858,6515.3,57462,31.27,303.99,282.67,0.036332
4858,8014.3,57311,33.144,424.04,601.8,-0.17328
4859,8215.2,57705,32.455,594.71,121.44,0.66086
4859,8052.7,58354,19.708,411.54,283.89,0.18357
4860,6640.4,57355,34.479,658.68,382.16,0.26567
4860,8060.1,58372,18.688,405.73,548.15,-0.14931
4860,8477.7,57862,25.524,923.96,967.95,-0.023252
4861,8567.8,56119,31.807,242.61,193.67,0.11218
4863,6080,56989,29.073,475.88,304.59,0.21948
4863,6623.7,56893,33.428,700.77,194.77,0.56502
4864,6183.3,56825,34.591,769.21,496.86,0.21511
4864,6400.4,56798,31.915,653.05,442.09,0.19263
4864,7060.8,56505,25.166,283.76,258.41,0.046755
4865,6024.8,57007,19.658,916.05,455.77,0.33553
4866,6077.8,56969,31.806,635.53,413.13,0.21208
4866,7279.3,56957,28.158,962.2,389.5,0.42369
4867,7386.1,57019,37.962,472.03,201.04,0.40261
4867,8020.5,58158,25.306,585.95,369.73,0.22624
4868,7121.5,57930,22.391,1187.8,322.04,0.57341
4868,7435.6,56990,24.15,592.39,321.41,0.29654
4868,8038.3,58209,26.659,734.27,544.83,0.1481
4868,8011.8,56578,41.825,574.09,316.09,0.28983
4869,8112.8,58168,30.803,378.51,248.11,0.2081
4870,8065.7,58050,23.038,562.39,544.24,0.0164
4874,5857.4,56896,28.509,528.85,566.23,-0.034136
4875,7442.6,56520,28.724,304.63,175.88,0.26796
4875,8637.9,56842,26.365,530.91,427.39,0.10803
4877,7501.6,57780,33.052,727.26,386.78,0.30562
4878,7580.5,57622,26.528,466.5,291.04,0.23161
4878,8209.8,58094,35.281,333.39,144.78,0.39445
4879,5857.6,57871,28.652,569.25,676.6,-0.086162
4880,8207.4,57999,35.792,334.2,223.89,0.19766
4881,6507,55515,21.43,723.11,321.36,0.38464
4882,8618.5,56384,22.833,655.63,597.04,0.046766
4884,7556.7,57079,23.987,1002.8,420.54,0.40907
4884,8004.9,56261,29.965,726.82,366.15,0.32999
4885,5795.7,56549,31.633,758.41,597.75,0.11847
4885,7051.4,58093,34.588,366.06,388.48,-0.029712
4885,7988.4,56789,22.701,484.01,479.81,0.0043604
4886,7900.7,56962,25.835,315.3,189.96,0.24806
4887,6773.8,56137,26.476,513.88,317.27,0.23656
4887,7953.4,57034,22.23,920.22,631.13,0.18635
4887,8596.1,57565,37.325,378.52,128.02,0.49454
4888,5755.9,58356,32.486,417.73,263.44,0.2265
4888,7727.1,56394,38.311,382.36,149.38,0.43813
4888,8358.7,57947,33.998,741.33,551.22,0.14708
4889,7714.8,56792,17.649,1185.8,921.64,0.12535
4889,8438.8,57631,35.198,1335.8,899.47,0.1952
4890,7827.4,56965,20.851,1505.5,1075.2,0.16676
4890,8472.2,57639,22.25,440.83,166.23,0.45234
4891,6365.9,56347,20.649,610.95,326.23,0.3038
4891,7254.4,55796,31.044,640.15,432.49,0.1936
4891,8345.7,58111,29.395,344.03,223.69,0.21196
4892,6631.3,56232,20.794,715.23,490.53,0.18635
4892,7881.5,57351,20.31,509.36,372.69,0.15495
4893,7848,57271,23.034,548.04,316.51,0.2678
4893,8155.3,58287,31.735,159.93,295.15,-0.29714
4895,5916.8,56491,29.226,312.65,169.71,0.29632
4895,7329.8,58217,30.736,268,140.12,0.31335
4895,7477.5,56539,30.686,914.87,598.37,0.20915
4896,5923.7,56312,24.375,393.57,244.59,0.23346
4896,7444,56184,28.296,329.17,328.5,0.0010252
4896,8349.1,55881,30.116,516.62,207.11,0.42765
4897,7353.2,56159,29.755,578.6,652.26,-0.05984
4897,7458.1,58269,31.102,547.12,475.72,0.069806
4898,8422.1,55630,25.885,787.45,532.34,0.1933
4898,8387.8,56754,19.042,787.35,569.46,0.1606
4899,7531.6,56325,22.558,237.98,250.04,-0.024704
4899,8082.9,58378,30.705,502.93,691.68,-0.158
4899,8449.4,55679,20.154,776.02,446.24,0.26981
4900,6654.3,55531,27.452,630.29,604.89,0.020564
4900,7450.3,56217,26.018,246.58,165.14,0.19779
4900,8085.7,57402,36.592,214.61,230.82,-0.036403
4900,8562.4,55823,31.767,316,140.44,0.38462
4901,6049.6,57165,26.387,340.8,268.82,0.11808
4901,7519.5,56372,38.723,289.34,237.94,0.097492
4901,8603.4,55687,32.957,367.3,103.73,0.55956
4902,6103.4,56233,20.342,460.4,343.87,0.1449
4902,7393.7,56394,28.896,610.33,263.74,0.39653
4902,7452.3,56969,18.667,969.74,471.22,0.34596
4903,7730.8,55451,31.379,565.7,329.36,0.26405
4904,6135,55563,25.729,646.75,305.74,0.35802
4904,6779.6,57497,27.208,690.55,395.74,0.27139
4904,7425.7,56388,23.109,284.17,273.72,0.018741
4904,8088.5,58355,22.962,496.83,347.53,0.17682
4905,7299.8,56975,35.617,235.61,231.67,0.0084455
4905,8160.3,58091,26.414,413.46,225.28,0.29462
4906,7225,57130,38.916,654.35,291.06,0.38426
4907,6292.5,56985,28.223,352.29,140.9,0.42863
4907,7257.1,55818,25.485,557.53,338.17,0.2449
4907,7332.8,57188,26.412,545.64,462.15,0.082846
4907,8064.1,58291,15.645,537.68,339.8,0.22551
4907,8451.9,56204,32.2,317.93,266.33,0.088308
4908,6876.1,55808,33.623,390.45,245.22,0.22846
4909,7012.8,55621,27.863,360.95,253.9,0.17411
4909,7590,57209,36.64,316.61,123.48,0.43886
4909,8504.4,55629,22.205,287.95,205.5,0.16708
4912,6777.4,56144,31.967,322.29,195.55,0.24475
4912,7564.8,57248,34.933,403.18,263.04,0.21036
4912,8035.1,56426,31.989,473.93,138.62,0.54739
4913,6086.7,56594,32.284,646.17,474.25,0.15345
4913,8001.4,57317,21.092,856.96,561.35,0.20843
4914,5738.3,56645,23.528,448.27,304.68,0.19071
4916,8316.1,57205,25.535,547.23,209.07,0.44712
4918,7107.7,56619,27.516,384.48,219.57,0.27302
4918,8025.5,57446,36.668,341.83,101.14,0.54336
4920,6049.3,57172,27.256,379.54,190.01,0.33276
4922,5843,56933,28.786,326.52,201.6,0.23653
4923,5990.6,57032,30.79,264.87,184.64,0.17847
4923,7279.5,55441,36.673,273.44,156.96,0.27062
4927,7817.9,57494,20.371,393.84,621.66,-0.22435
4928,7826,57547,20.86,465.61,562.11,-0.093893
4929,6796,56266,32.335,612.37,437.54,0.16652
4929,7837.6,56372,31.766,296.71,149.21,0.33077
4929,7997.2,58340,31.574,237.96,225.37,0.027186
4930,7252.9,56497,21.805,455.75,363.59,0.11248
4932,7240.4,56703,24.083,492.43,206.29,0.40952
4932,7838.8,58321,36.585,664.88,386.53,0.26474
4933,6063.5,56467,26.451,665.03,295.7,0.38442
4933,7949.8,58091,38.193,236.12,217.71,0.040573
4934,6957.1,57088,34.873,479.22,564.15,-0.081403
4935,6169.7,58286,28.965,681.51,532.09,0.12312
4936,7517.1,56414,32.209,701.45,755.51,-0.037104
4937,7465.9,56518,27.24,610.61,510.67,0.089134
4937,8004.9,58215,26.201,562.56,467.88,0.091882
4938,7299.9,56656,27.753,510.13,206.35,0.42399
4938,7315.2,57668,30.822,321.19,184.46,0.2704
4938,7964.4,58208,15.994,995.99,631.79,0.22374
4939,7153.9,57689,26.342,358.08,181.39,0.32752
4939,8023.7,58188,11.498,1420.3,832.72,0.26081
4939,8140.9,55816,31.233,220.61,179.73,0.10211
4939,8513.4,55498,24.682,313.25,171.78,0.29168
4940,8084.6,58114,23.406,808.34,482.28,0.25264
4941,7269.4,56679,28.341,289.35,181.46,0.22917
4941,8119.8,58334,31.227,940.37,546.03,0.2653
4941,8562.6,55485,32.999,668.27,328.83,0.34043
4942,6064.9,58212,31.682,434.56,311.67,0.16469
4942,7491.7,56573,31.487,675.63,317.08,0.36118
4942,7913.3,57426,20.391,582.7,358.33,0.23842
4943,7357.4,55877,33.887,309.63,168.86,0.29418
4943,8491.8,55550,31.954,272.86,183.16,0.1967
4944,6004.2,55668,33.446,431.97,264.37,0.24068
4944,6025.8,58185,30.74,324.08,207.56,0.21918
4944,7586.7,55870,35.859,345.8,126.66,0.46382
4944,7571.4,56750,24.648,742.31,443.17,0.25233
4944,7865.7,58331,18.642,633.89,377.16,0.25393
4945,6071.9,55524,36.967,515.17,280.66,0.29467
4945,7031.5,57276,29.474,553.45,351.4,0.2233
4945,7891,58323,16.255,546.64,326.99,0.25142
4946,7876.2,58238,14.399,897.32,519.12,0.26701
4947,6908.6,57422,32.444,417.52,195.1,0.36306
4949,7608.3,56600,31.308,185.55,181.11,0.012101
4949,7892.1,58293,24.356,214.77,130.04,0.24575
4949,8227.1,55812,24.559,199.52,145.88,0.15528
4950,7882.8,58357,25.246,242.28,110.69,0.3728
4951,7939.4,55635,29.911,421.15,306.84,0.15703
4951,7911.5,56530,24.052,191.87,166.48,0.07083
4952,7107.4,58270,29.695,171.31,135.66,0.11615
4953,7126.9,58389,24.419,401.58,355.79,0.060458
4954,8401.4,56592,27.469,351.96,255.28,0.1592
4955,8332.9,58168,26.467,693.36,550.32,0.11501
4955,8642,56490,27.754,630.78,278.28,0.38777
4956,7670.9,55977,33.304,281.2,113.66,0.4243
4956,8299.9,58208,21.076,518.09,350.61,0.1928
4960,6119.1,55595,34.177,462.5,486.31,-0.025091
4962,6335.6,55557,26.694,366.48,177.9,0.34641
4962,6704.2,58137,37.773,197.33,105.8,0.30194
4963,6422.8,56855,27.586,402.79,319.4,0.11548
4963,6477.3,55652,26.656,356.28,317.29,0.057885
4963,7093.3,57062,32.277,461.75,174.5,0.45148
4964,6446.1,55672,30.72,394.84,449.42,-0.064653
4965,6353.5,55547,29.976,478.94,386.83,0.10639
4965,7296.9,57807,25.297,1095.1,642.99,0.26011
4965,7902.8,57620,18.953,490.56,422.25,0.074829
4966,6257.6,56718,29.82,355.87,295.27,0.093073
4966,6343.2,55772,23.134,385.09,204.62,0.30602
4966,7225.8,57693,28.972,721.56,499.83,0.18154
4966,7236.5,58095,19.959,592.92,374.25,0.22609
4966,7924.1,57649,12.358,593.19,612.11,-0.015693
4967,6464.6,56786,32.697,340.35,233.78,0.18562
4967,7377.8,57649,22.994,571.97,329.49,0.26899
4967,7810.8,56255,30.855,444.33,134.35,0.53567
4968,6543.1,56714,28.938,353.97,225.34,0.22204
4968,7339.2,57894,38.458,439.53,276.17,0.22825
4969,6553.8,56750,33.608,339.28,178.02,0.31174
4969,6647.3,58257,30.129,365.61,321.95,0.063503
4969,7599.3,56097,34.692,436.26,463.32,-0.030078
4970,7186.2,56649,11.238,498.02,260.23,0.31361
4971,7119.5,58024,31.158,261.44,223.01,0.079332
4972,7194.8,58055,28.073,522.97,181.75,0.48419
4972,7501.5,56642,15.13,568.37,418.21,0.1522
4973,7324.7,58055,25.401,419.08,133.8,0.51599
4973,7536.3,56541,15.586,1708.5,1104.6,0.21466
4974,6386.2,55778,29.631,576.01,329.84,0.27175
4974,7229.5,57999,33.713,306.78,327.61,-0.032831
4974,7729.2,56449,36.008,573.27,416.26,0.15866
4975,5935,55983,21.088,881.01,471.74,0.30254
4975,7212.3,57985,23.243,536.88,108.39,0.66404
4975,8582.6,56700,29.069,761.99,646,0.082381
4976,5816.2,55550,27.317,750.97,191.93,0.59289
4976,7208.5,57885,21.753,611.83,384.84,0.22775
4978,6194.6,58176,26.403,385.68,203.29,0.30968
4978,7232.6,57920,24.271,767.54,399.53,0.31532
4979,6565.8,55851,30.52,919.7,462.86,0.33043
4979,8553.5,57171,28.225,592.17,201.75,0.49176
4980,6280.9,57775,25.439,809.26,541.73,0.19802
4980,6576.5,55562,32.829,611.75,497.17,0.10333
4980,8296.6,57314,28.318,581.96,663.25,-0.065282
4982,6569.3,57783,32.102,452.19,223.78,0.3379
4985,7012.4,57586,36.401,481.65,156.83,0.50875
4985,7072.8,57955,34.979,398.59,294.82,0.14965
4985,8577.1,57958,21.563,627.42,433.73,0.18253
4986,7072.3,58125,26.292,383.72,153.64,0.42818
4986,7329.9,55405,31.802,507.78,341.71,0.19549
4986,8446.1,56151,42.416,733.76,810.37,-0.049611
4986,8558.8,56508,28.317,635.52,430.62,0.19219
4987,8358,56171,16.288,1379.6,921.85,0.19888
4988,7342.3,57731,32.531,679.88,314.54,0.36739
4988,8340.4,56243,15.146,784.12,726.97,0.037819
4988,8327.7,58308,29.112,421.7,307.78,0.15616
4989,7158.5,55885,33.387,386.76,122.14,0.51997
4989,7970.4,57438,24.874,648.33,353.48,0.29432
4989,8310.2,56246,18.414,397.08,328.07,0.095171
4989,8430.2,58267,25.435,417.81,145.68,0.48294
4990,7006.8,57345,26.203,503.81,465.63,0.039383
4990,7084.9,55729,27.864,588.61,152.4,0.58866
4991,7076.8,55506,24.119,660.27,296.32,0.38047
4992,6901.2,55516,29.547,479,294.43,0.23863
4993,6164.6,55628,26.399,432.31,267.23,0.23598
4993,7152.9,56510,17.275,464.79,473.13,-0.0088896
4994,5980,58142,29.963,534.23,396.55,0.14792
4995,6455.1,57801,30.673,314.11,233.21,0.14781
4996,6972.4,57857,24.639,516.19,325.89,0.22599
4997,6844.3,58012,31.744,215.59,135.94,0.22658
4998,7912,57667,33.141,294.16,115.45,0.43629
4998,7957.7,58388,14.143,1313.3,898.61,0.18748
4999,7028.4,57908,33.217,171.53,118.11,0.18446
4999,7956.6,58334,17.206,879.21,592.95,0.19445
4999,8246.8,56230,19.828,355.02,414.6,-0.077417
5000,5744,55913,25.738,435.8,372.59,0.078196
5000,7800.2,55430,29.641,402.97,270.17,0.19727
5000,8248,56150,28.565,295.66,326.89,-0.05017
5001,5745,55938,23.024,343.9,141.37,0.41736
5001,6648.4,57098,34.126,514.28,386.84,0.14142
5002,5843.6,55793,28.424,208.14,207.86,0.00067
5002,6576,57159,21.849,590.33,371.23,0.22786
5003,6458.5,57313,27.726,406.16,160.36,0.43387
5004,6094.7,56255,30.255,212.7,159,0.14448
5005,7914.3,56310,30.848,382.77,141.98,0.45886
5005,8134.6,57204,30.805,461.74,340.74,0.15078
5006,7982.1,56286,36.047,367.81,269.8,0.15372
5007,6470.1,57317,30.637,471.43,390.65,0.093704
5007,7000.8,56788,22.002,515.7,361.22,0.17616
5008,7055,56642,19.07,817.75,477.7,0.2625
5011,8038.6,57308,29.086,502.48,395.28,0.11941
5012,6454.2,55742,22.312,678.05,518.75,0.1331
5012,8435.5,57457,24.464,905.75,375.27,0.41411
5014,6826.9,55523,37.488,349.66,314.95,0.052234
5014,6855.1,58192,23.123,394.46,268.49,0.19001
5014,7737.5,58346,25.228,1421.7,799.34,0.2802
5016,7367.9,56519,30.903,313.24,171.06,0.29358
5016,8285.4,55402,34.908,681.81,913.06,-0.145
5017,6681.5,57874,28.296,333.11,361.05,-0.040259
5017,8604.7,57683,16.848,582.47,363.79,0.2311
5018,8616.9,56765,18.306,802.41,414.38,0.31889
5019,6857.5,56855,30.381,435.25,278.85,0.21902
5019,8334.6,56468,31.06,327.91,322.34,0.0085605
5020,6781.8,56861,31.163,208.06,114.36,0.29062
5020,8309,56233,28.312,415.74,147.61,0.47596
5021,6625.2,56160,32.267,423.3,233.2,0.28957
5021,8030.7,58289,29.78,215.68,177.66,0.096654
5021,8076.7,55582,31.758,357.3,178.53,0.33362
5021,8354.1,56576,19.325,1035.4,496.28,0.352
5022,6469.8,56118,26.527,421.81,227.18,0.29991
5022,8200.7,56562,24.519,838.68,909,-0.040237
5023,6713.3,56001,20.558,988.54,473.4,0.35237
5023,7019.4,56855,30.531,299.11,199.18,0.20054
5023,8459.6,57478,22.477,998.81,690.43,0.18255
5024,6234.2,57420,26.269,243.7,171.33,0.17436
5024,8619.2,57503,32.474,960.66,716.69,0.14545
5025,6715.1,55624,29.078,132.32,108.94,0.096885
5025,8360.1,55464,31.261,465.8,358.93,0.12958
5026,6591.1,55560,30.125,431.71,145.71,0.49531
5027,7438.3,57700,29.544,468.33,324.22,0.18183
5028,6102.6,57495,21.726,289.33,162.63,0.28034
5028,7454.9,57822,32.682,289.08,124.75,0.39709
5028,8417.8,55472,25.504,838.34,373.88,0.38315
5029,6610.3,55469,12.575,424.56,106.37,0.5993
5029,8481,55419,22.451,742.67,453,0.24227
5030,5989,57357,35.784,239.76,232.15,0.016124
5030,6613.1,55492,10.532,624.25,139.23,0.63528
5030,6600.4,56810,36.999,412.87,257.35,0.23204
5030,7667.9,57306,33.054,758.08,734.44,0.015837
5030,8386.8,55537,20.471,440.01,158.96,0.46921
5030,8536.5,58320,24.242,184.38,118.12,0.21904
5031,6640.4,56648,30.468,355.27,359.19,-0.0054846
5031,7725.7,57536,13.836,895.98,406.74,0.37555
5031,8511,55553,26.242,320.2,330.98,-0.016545
5032,7864.6,57145,27.934,1461.4,667.38,0.373
5032,7853.1,57316,16.489,2257.7,1119.9,0.33688
5033,7507.9,56776,15.632,1462.1,1189.6,0.10277
5033,7832.2,57394,17.193,1349.1,824.87,0.24115
5034,5874.4,57561,36.97,372.91,242.7,0.21152
5034,7720.7,56888,20.546,1593.4,1612.6,-0.0059737
5035,6128.3,57428,32.249,434.53,258.95,0.25319
5035,6142.8,58056,31.744,427.97,247.76,0.26668
5035,7626,57164,28.475,1307.7,972.32,0.14709
5035,8220.5,56445,32.727,440.84,376.48,0.078752
5036,6318.5,57386,34.054,449.06,296.89,0.20399
5036,8069.9,56203,33.665,452.36,165.52,0.46424
5036,8165.9,57242,24.273,506.21,219.89,0.39432
5037,6939.6,55881,28.229,485.92,121.38,0.60026
5038,7016.2,55874,10.6,700,124.14,0.69874
5038,8069.6,58358,23.84,511.48,563.44,-0.048333
5039,6423.6,57184,27.115,453.27,328.64,0.15938
5039,7581.2,57070,18.81,941.08,588.21,0.23074
5039,8072.3,58289,24.784,783.68,711.12,0.048542
5039,8407,55562,20.832,749.8,446.44,0.25359
5040,6743.4,57043,29.049,505.28,416.47,0.09635
5040,7424.3,57051,22.98,770.53,487.45,0.22502
5040,7842.3,56285,28.115,472.6,387.8,0.098566
5040,7934.4,58262,29.838,548.46,340.35,0.23415
5040,8224.8,57372,36.789,522.04,296.8,0.27507
5041,6862.7,56971,25.091,1289.2,826.57,0.21866
5041,7706.4,57109,37.968,636.63,321.76,0.32855
5041,7951.2,57796,29.053,641.57,244.54,0.44807
5042,6852.6,57047,16.496,1056.5,695.68,0.20592
5042,7940.4,57163,26.228,490.51,259.2,0.30854
5042,8412,58334,25.66,779.25,586.33,0.14127
5043,5690.8,57816,29.037,617.6,633.06,-0.012357
5043,7224.4,56496,13.461,844.3,432.6,0.32242
5043,8032.3,57172,24.439,430.22,147.3,0.48989
5043,8428.5,57984,23.856,442.56,347.9,0.11974
5044,5930.8,57638,30.023,555.18,311.13,0.28171
5044,8368.8,55628,27.11,1022.3,608.4,0.2538
5045,6058.6,58244,25.978,630.82,523.98,0.092517
5045,8456.4,55585,19.846,1110.7,865.72,0.12394
5045,8640.8,57541,25.543,817.88,540.97,0.20379
5046,8389.9,58284,28.393,353.52,229.15,0.21344
5046,8576.3,57505,15.665,1190.7,742.14,0.23207
5047,8402.5,57777,26.559,254.08,128.64,0.32777
5047,8665.4,55804,35.873,504,300,0.25374
5048,8450.9,55537,13.297,1160.8,741.1,0.22069
5048,8625.2,57853,19.341,528.9,171.66,0.50993
5049,8494,55672,22.069,507.78,211.97,0.41099
5050,6529.2,57172,23.329,487.51,297.36,0.24227
5051,6083,56319,29.522,295.06,177.68,0.24831
5051,6595.1,57133,18.77,473.51,215.95,0.37357
5052,6306.8,55503,30.47,258.1,111.22,0.3977
5053,7610.4,55431,25.965,411.62,233.13,0.27684
5054,6928.3,55906,29.953,384.8,158.66,0.41613
5056,7289.3,55518,32.852,198,241.17,-0.098301
5058,6085.5,57191,32.375,619.22,417.43,0.19466
5059,6560.6,56726,32.827,356.13,297.82,0.08917
5060,6846.8,56974,31.143,516.1,393.66,0.13458
5060,7350.1,56177,31.506,263.9,182.96,0.18114
5061,6902.5,57363,33.386,558.85,500.47,0.055112
5061,7618.6,57485,28.69,508.78,433.88,0.079459
5062,7510.8,57433,31.135,677.08,425.68,0.22797
5063,6178.8,56698,29.375,902.61,648.39,0.1639
5063,7469,57809,24.849,782.83,616.49,0.11887
5063,8115.8,56762,22.031,448.77,348.17,0.12622
5064,7485.1,57790,33.091,702.4,248.23,0.47775
5064,7661.9,56004,24.8,404.52,550.78,-0.1531
5064,8097.9,56599,23.29,452.75,361.08,0.11264
5065,6305,56659,37.386,542.6,413.73,0.13475
5065,7928.4,56620,33.255,284.68,140.15,0.34019
5065,8477.8,57461,24.171,455.53,160.45,0.47904
5066,6393.3,56689,39.107,214.74,265.36,-0.10544
5066,7339.6,57600,22.533,465.74,354.74,0.13529
5066,7408.5,58326,35.963,332.71,172.2,0.3179
5066,8512.5,57842,21.441,670.21,341.63,0.32473
5067,7478.8,57724,31.279,437.55,374.94,0.077065
5067,8277,57821,32.37,427.17,287.15,0.19601
5068,7521.2,57757,28.775,547.36,521.79,0.023915
5069,6543.6,56746,35.856,124.52,138.17,-0.05195
5069,8026.4,56998,20.439,694.77,324.75,0.36293
5071,6584.4,58069,39.631,233.08,204.15,0.066162
5071,7995.6,57478,30.315,759.5,426.45,0.28083
5072,7921.4,57471,23.808,677.04,458.48,0.19248
5073,5949.7,57114,26.844,293.82,132.92,0.37705
5073,7848.1,57472,24.451,525.32,408.28,0.12536
5074,6425,56170,22.995,701.44,318.62,0.37529
5074,7713,57556,24.914,732.96,392.97,0.30197
5075,6334.1,56576,28.226,889.55,554.91,0.23168
5075,7494.3,57639,18.286,577.29,317.21,0.29075
5076,6125.6,55444,27.143,511.69,320.46,0.2298
5076,6226.3,56429,29.585,469.01,225.89,0.34987
5076,7397.5,57578,14.404,1503,1154.7,0.13107
5076,7636.4,55955,22.682,413.57,214.07,0.31786
5077,6089.6,55459,28.219,937.23,696.88,0.14708
5077,7355.7,57468,30.414,456.23,295.21,0.21428
5078,6104.5,55625,24.382,741.84,487.81,0.20659
5078,6528.8,56515,34.781,479.8,362.61,0.13911
5078,7186.3,56541,11.555,1113.1,1125.4,-0.0054932
5078,8368.5,55441,24.728,331.67,225.84,0.18981
5079,6158.4,55546,24.162,396.85,246.8,0.23312
5079,6361,56818,29.028,301.85,225.73,0.14429
5079,7192,56487,13.55,763.3,583.61,0.13341
5080,6169.5,55531,28.177,559.17,577.55,-0.016169
5080,6430.2,57002,24.092,447.12,190.62,0.4022
5080,7149.8,56612,20.454,325.62,176.71,0.29643
5081,6353.3,57174,20.07,761.68,428.14,0.28033
5082,6342.2,57052,17.885,991.84,455.51,0.37056
5082,6692.3,58233,37.46,268.79,251.98,0.032272
5083,6563.4,57140,18.741,535.33,390.88,0.15596
5083,6787.7,57666,25.783,714.53,641.13,0.054145
5084,7867.4,57430,25.682,636.57,465.13,0.15561
5085,6835,57093,24.6,901.09,612.06,0.19101
5085,7995,57515,26.746,261.68,187.55,0.16502
5086,7536.9,55918,24.812,754.24,502.89,0.19994
5086,7891.5,57722,31.875,187.7,169.21,0.051812
5087,6306.5,57354,35.18,400.05,295.95,0.14958
5087,7566.2,55948,20.221,1073.1,355.01,0.50282
5087,7972.1,57715,36.71,420.41,317.51,0.13944
5088,6452.4,57477,20.175,271.07,125.99,0.36538
5089,7599.6,56198,29.525,646.72,423.21,0.20891
5090,6796.1,57368,26.388,1108.3,826.95,0.14538
5091,6801.6,57587,31.818,798.23,687.52,0.074513
5091,8494.7,57658,24.934,404.87,151.07,0.45653
5093,6114.2,56256,28.639,356.96,396.33,-0.052261
5093,6517.8,58151,36.038,516.8,355.19,0.18533
5094,6187,56099,26.311,452.9,273.67,0.24668
5094,6334.2,57507,26.694,412.44,209.74,0.3258
5094,8278,58205,28.917,379.79,374.76,0.006668
5095,6140.4,58165,25.097,320.95,194.47,0.24539
5095,6945.8,57982,19.667,535.31,236.8,0.38662
5096,7415.3,57773,32.596,447.7,317.96,0.16944
5096,8379.4,58165,23.493,593.25,492.62,0.09268
5099,6583.1,56078,34.253,570.7,200.11,0.48078
5100,5839.8,56371,26.717,297.73,120.02,0.42541
5100,6581.4,56135,33.334,489.34,303.39,0.23457
5102,5950.3,56666,22.128,448.14,381.33,0.08055
5102,6989.4,55768,26.473,712.45,290.31,0.42097
5102,8073,56562,25.823,676.83,283.92,0.40895
5103,6133.1,56648,38.49,312.91,270.08,0.073464
5106,7608.1,57069,35.138,264.14,144.87,0.29161
5106,8117.9,55834,27.03,534.87,229.19,0.40007
5107,7944.7,55794,29.565,328,759.91,-0.39701
5107,8228.6,58076,23.167,364.32,259.99,0.16712
5112,6400.5,55673,34.034,213.8,185.01,0.072206
5113,6744.8,55395,25.675,551.67,184,0.49978
5116,6617.4,56902,32.326,704.4,640.27,0.047692
5117,6048.6,55453,24.479,622,296.03,0.35508
5118,5818.3,55484,22.558,782.26,436.85,0.28332
5118,6243.8,56873,31.416,565.82,183.06,0.51111
5118,8412.9,56402,30.877,480.32,466.18,0.014937
5118,8642.2,56958,27.6,624.98,194.82,0.52472
5119,5983.9,57170,24.927,987.65,569.34,0.26867
5120,5962.4,55521,18.991,642.69,564.55,0.06473
5120,5964,57129,20.206,745.48,271.63,0.46588
5120,6799,56315,21.371,869.95,507.9,0.26277
5121,7068.9,56323,29.008,491.12,229.82,0.36245
5122,5854.3,55593,25.877,471.42,362.5,0.13062
5122,8495.7,55852,28.645,598.56,461.32,0.12949
5123,6066,56433,32.275,315.8,105.32,0.49982
5123,8107.9,56267,28.834,491.09,429.57,0.066829
5124,6288.5,56176,31.067,320.97,214.07,0.1998
5124,6305.8,57085,29.818,765.99,493.17,0.21667
5124,7941.8,55573,37.807,412.63,281.61,0.18873
5124,7973.9,56498,27.296,615.46,375.6,0.24202
5125,5702.3,55518,18.817,341.85,134.86,0.4342
5125,7983.1,55692,28.903,338.26,224.62,0.20189
5125,8209.9,56416,32.614,339.58,324.69,0.02241
5125,8271.7,55572,33.869,834.73,722.32,0.072196
5126,7250.2,56525,21.495,433.85,270.24,0.23237
5127,5801.9,55470,28.362,767.08,389.82,0.3261
5127,7269.2,56564,14.784,712.2,432.86,0.24395
5128,6393.8,58253,25.801,563.82,135.44,0.61262
5128,7201.9,56647,27.441,499.29,503.07,-0.0037767
5129,5826.2,55395,23.084,696.52,389.61,0.28257
5129,6656.8,58131,32.188,464.43,389.08,0.088288
5129,6898.4,56075,22.337,658.2,354.95,0.29931
5129,7527.7,56957,21.38,716.36,462.72,0.21512
5130,6040.8,55818,37.013,379.99,364.1,0.021342
5130,6638.6,58061,22.794,484.44,307.48,0.22346
5130,7240.5,55898,32.462,526.87,242.71,0.36924
5130,7619,56979,20.323,598.49,338.45,0.27754
5130,8428.3,56919,37.494,556.05,264.44,0.35541
5131,7618.1,56887,22.361,749.21,404.84,0.2984
5131,7976.4,57718,25.909,310.71,209.69,0.19413
5131,8644.5,57073,36.467,494.59,260.83,0.30944
5132,7334.7,58164,36.985,151.69,138.35,0.045983
5132,7721.8,56775,26.485,381.64,374.68,0.0091937
5133,6755.4,56966,26.285,546.16,247.66,0.37604
5133,8126,56744,28.875,391.46,263.82,0.19479
5134,6933.3,57061,21.473,335.33,215.49,0.21757
5135,7082.6,56046,32.114,621.06,261.66,0.40715
5135,7725.9,57653,31.861,809.54,120.1,0.74161
5138,5690.9,57222,27.186,447.58,259.41,0.26616
5140,6226.1,55592,27.506,806.93,523.13,0.21337
5140,6666.6,58227,28.572,304.18,194.5,0.21994
5143,6102.7,56828,38.927,515.18,359.55,0.17791
5144,6107.6,57190,33.295,484.2,191.85,0.43244
5145,5747.9,58381,37.545,289.43,243.59,0.086005
5146,5744.6,56195,26.862,1380.6,793.08,0.2703
5146,7852.6,55697,33.008,439.19,298.23,0.19115
5147,5687.6,56751,27.866,611.43,281.91,0.36886
5147,5992.5,55877,26.539,423.69,399.86,0.028935
5148,5985.8,56053,25.952,463.43,325.53,0.17478
5148,7212.8,57901,37.198,467.84,535.28,-0.067225
5149,6228.5,56019,20.047,511.85,243.89,0.35456
5149,7285.5,57903,28.609,381.51,249.55,0.20912
5149,7520.8,56438,22.458,453,429.16,0.027027
5150,6633.5,57127,28.808,707.4,304.63,0.39799
5151,7219,57853,23.835,425.54,274.07,0.21651
5151,7519.2,55743,32.913,353.58,173.79,0.34092
5152,8599.6,57428,19.546,485.48,301.06,0.23446
5154,7940.4,57082,30.383,502.03,427.07,0.080681
5155,6477.5,57877,22.711,435.97,520.6,-0.088477
5158,6556.7,55987,23.226,621.03,355.53,0.27187
5158,7037.1,56817,34.073,469.46,268.36,0.27257
5158,8436.2,55715,18.227,445.5,273.43,0.23934
5159,6642.3,55989,24.826,719.31,569.29,0.11642
5159,7137.7,56732,19.645,779.22,484.5,0.23321
5159,8404.4,55540,28.349,304.82,294.03,0.018023
5160,6045.4,58336,29.982,223.2,174.72,0.12184
5163,5749,57857,36.069,348.81,244.61,0.17559
5163,8230.8,56474,29.114,716.81,655.37,0.044775
5164,6144.2,55515,31.885,735.73,513.39,0.17799
5164,8358.4,56578,28.561,450.08,339.61,0.13988
5165,5803.1,57530,31.475,167.96,108.05,0.21706
5165,6070.8,55639,30.722,354.69,185.11,0.31414
5166,8182.7,58214,20.738,433.51,428.59,0.0057019
5167,8267.7,58197,27.116,293.31,154.1,0.31113
5168,5766.2,57974,26.354,668.74,408.06,0.24209
5168,7114.9,55780,31.259,883.21,584.49,0.20353
5168,7295.3,56560,23.844,552.95,319.4,0.26773
5168,8168.7,56617,28.001,679.06,508.1,0.14401
5168,8262.7,57211,27.108,1048.5,838.95,0.11102
5169,5795.7,58077,26.13,452.19,175.33,0.4412
5169,6443.4,57856,28.272,482.94,325.95,0.19408
5169,7010,56269,26.65,711.7,603.59,0.082194
5169,7661.4,57223,29.904,498.28,330.55,0.20237
5169,8284.8,58271,26.456,1051.9,1072.2,-0.0095702
5170,6035.2,58205,22.574,729.45,439.67,0.24786
5170,7182.8,55703,29.942,1212.1,655.31,0.29816
5170,7816.9,57306,27.271,468.11,364.15,0.1249
5170,8546.1,58093,29.984,462.75,400.13,0.072574
5171,6070.3,58288,16.569,598.82,147.76,0.60418
5171,6759.5,55983,35.41,839.9,530.39,0.22587
5171,7323.1,56027,25.379,626.54,447.54,0.16666
5172,6078.8,58326,26.321,920.12,326.54,0.47613
5175,6374.2,57175,28.952,563.1,376.93,0.19805
5176,6245.6,57680,32.67,302.02,132.78,0.38923
5177,6849.2,57328,26.597,520.21,138.43,0.57965
5177,8541.5,57412,22.485,597.05,274.7,0.36977
5178,8478.6,57472,25.382,694.83,522.88,0.14121
5179,7155.9,55523,27.055,291.68,208.96,0.16522
5180,6324.7,57545,36.729,352.86,204.5,0.26619
5181,7982.7,56146,28.571,364.26,199.45,0.29235
5182,7907.7,58380,19.307,555.32,327.01,0.25876
5182,8177,56062,29.154,640.03,271.01,0.40504
5182,8568,57458,31.156,415.18,346.96,0.089515
5183,7699.6,55845,36.474,194.74,151.95,0.12341
5183,8300.8,56077,26.395,366.02,276.74,0.1389
5184,7459.5,55706,28.462,311.12,380.39,-0.10016
5184,8492,55927,33.162,282.89,210.91,0.14577
5185,6173.2,55819,37.845,354.99,157.8,0.38455
5185,7285,55698,29.368,369.11,295.13,0.11138
5187,6077.2,55906,32.582,480.6,557.1,-0.073717
5187,8165.3,55598,35.28,364.92,288.97,0.11616
5188,7870.8,57437,18.142,682.61,715.27,-0.023363
5188,8618.1,56644,24.049,947.56,599.23,0.2252
5189,8504.4,56590,20.726,546.64,215.12,0.43521
5190,6083.8,55970,29.853,408.04,294.84,0.16106
5190,7452.2,56597,19.937,1005.9,667.56,0.20217
5191,6246.9,57766,34.687,364.41,312.86,0.07611
5191,7536.8,56549,22.716,664.6,471.33,0.17014
5192,6146.4,55595,32.494,501.73,545.45,-0.041743
5192,6128.8,58277,33.501,899.65,589.51,0.20827
5193,6231.4,58217,34.234,888.92,347.16,0.4383
5193,6238.8,58142,34.884,459.06,213.22,0.36568
5194,6269.1,58049,21.366,530.99,146.63,0.56723
5194,7150.3,56336,16.462,704.73,306.94,0.39319
5195,7426.1,55647,24.078,308.7,185.83,0.24847
5196,8069.1,57691,23.648,1007.9,545.95,0.29729
5197,6108.1,57365,34.308,489.93,277.75,0.27639
5197,8227.7,57472,30.864,439.25,258.72,0.25864
5199,5918,57541,27.218,340.2,203.13,0.25227
5199,7191.1,57903,34.225,403.88,291.79,0.16113
5199,7262.3,56502,29.545,345.78,191.62,0.28685
5199,8428.2,55773,32.383,293.16,287.56,0.009638
5199,8546.4,57015,22.243,497.53,248.42,0.33396
5200,6335.5,57548,27.689,582.35,671.14,-0.07083
5200,7176.8,57352,32.683,477.9,188.25,0.43481
5201,5720.5,57325,32.088,654.04,732.24,-0.05641
5202,5914.9,55651,29.41,438.35,377.24,0.074925
5203,5780.2,57493,25.954,381.6,319.16,0.089096
5203,5938.4,55619,33.787,373.34,311.03,0.091047
5204,5800.1,57418,26.69,586.61,538.19,0.043041
5205,6139,57287,34.323,539.4,191.24,0.47651
5205,7146,58252,38.455,488.66,292.08,0.25178
5205,7575.4,56423,21.966,903.5,733.61,0.10377
5206,6275.5,57024,27.877,297.71,129.15,0.39489
5206,7239.7,56696,33.485,1144.7,802.42,0.17577
5206,8179.3,57125,24.276,798.27,501.3,0.22851
5207,6694.3,57267,36.879,637.57,752.66,-0.082785
5208,7266.9,57006,29.282,276.86,206.03,0.14668
5208,8037.2,57287,23.007,548.37,306.47,0.28298
5209,6807.7,57137,34.905,534.68,383.03,0.16525
5209,8124.2,57239,27.006,574.89,433.54,0.14017
5210,6930.6,57159,24.711,483.78,256.77,0.30654
5210,8192.4,55451,28.31,184.74,106.72,0.2677
5211,7028.3,57171,27.311,514.37,584.12,-0.063492
5212,5875.6,56270,29.457,670.83,453.34,0.19347
5212,8625.3,56189,27.778,359.38,130.73,0.46651
5213,5754.9,56520,34.463,729.5,193.57,0.58061
5213,8513,56205,28.102,738.52,347.26,0.36035
5214,6516.3,57222,38.286,346.36,265.72,0.13174
5215,5776.1,56418,22.281,773.42,358.81,0.36619
5215,5698.3,58284,35.171,493.53,348.81,0.17182
5217,5815.2,55721,22.704,532.52,170.64,0.51465
5217,7493,55928,24.731,351.37,138.43,0.43476
5220,7483.1,57319,34.332,233.81,262.2,-0.057242
5222,7486.3,56941,27.517,333.18,127.29,0.44712
5222,7871.6,57407,28.033,965.21,542.15,0.28067
5223,5683.8,56183,35.119,606.26,544.88,0.05332
5223,7365,56733,17.525,1057.1,688.12,0.21143
5223,7655.2,57649,26.531,911.7,324.47,0.47504
5223,7592.9,58359,25.409,1636.2,1045.2,0.2204
5223,8559,56849,27.644,764.88,243.89,0.51646
5224,7828.5,57571,27.905,612.03,445.01,0.15801
5224,8453.3,56564,27.637,833.53,530.3,0.22233
5225,5937.4,56396,25.163,369.08,242.1,0.20776
5226,7446.2,57551,32.009,278.48,248.79,0.056315
5227,5845.6,56269,24.353,435.53,297.99,0.18751
5227,8466.2,57581,34.027,784.09,609.76,0.12508
5228,8192.4,56116,25.912,283.8,173.96,0.23995
5229,6585.5,56556,23.779,279.36,115.17,0.41616
5229,8446.7,58224,25.588,878.67,456.33,0.31636
5230,6652.4,57938,38.995,345.64,193.32,0.28261
5230,8510.5,57715,25.317,1231.7,1126.5,0.04459
5231,5996.1,57604,22.994,573.37,412.33,0.16338
5231,6094.2,56210,24.619,776.33,712.92,0.042579
5231,8359.5,57788,16.786,1408.1,789,0.28178
5232,6028.9,56123,28.683,303.21,211.33,0.17856
5232,6219.7,57393,34.025,177.48,112.37,0.22461
5232,8269.5,57193,38.866,269.4,219.3,0.10252
5232,8648.2,58041,27.838,554.3,322.06,0.265
5233,5995.3,56140,27.479,780.28,694.31,0.058296
5233,6281.9,57433,31.048,459.56,267.83,0.26359
5233,8116.1,57250,16.523,520.39,220.9,0.40402
5234,7406.4,56658,23.61,540.6,623.1,-0.070901
5234,8260,57438,23.225,767.5,432.46,0.27921
5235,8378.7,57544,23.42,831.22,453.51,0.294
5235,8612.2,56737,28.932,470.88,296.84,0.2267
5236,5984.8,58308,35.562,703.5,710.36,-0.0048521
5237,6034.5,58141,32.102,249.37,172.39,0.18252
5237,8394.5,57459,21.711,550.7,472.93,0.075971
5239,7344.7,56606,22.049,339.99,161.79,0.35514
5240,6971.2,58057,21.719,477.4,406.24,0.080534
5240,7448.3,56611,17.677,1012.6,533.39,0.30998
5241,7488.8,56651,17.212,698.65,296.05,0.40474
5242,7395.6,56569,35.879,387.42,242.19,0.23066
5245,6363.6,55482,28.036,271.89,128.59,0.35783
5247,6339.4,57218,27.262,499.11,471.49,0.028457
5248,8269.2,57955,28.122,339.96,174.02,0.32284
5249,5896.3,56848,27.054,315.19,149.9,0.35538
5249,8500.1,57730,19.239,964.06,522.63,0.29693
5250,5960.5,57106,36.264,822.27,708.64,0.074225
5250,7633.7,56579,38.754,485.67,636.76,-0.13461
5250,8028.2,55914,32.369,701.15,683.15,0.013002
5250,8519.8,57636,25.642,885.36,618.27,0.17763
5251,8219.3,56125,33.034,335.04,348.78,-0.020102
5252,5988,58134,25.246,572.98,374,0.21012
5253,6047.4,58023,30.91,403.69,371.53,0.041483
5253,7829.5,57211,28.284,536.69,324.46,0.24645
5253,8015.5,56037,12.172,648.34,426.33,0.20658
5253,8484.1,56850,21.184,539.64,251.57,0.36409
5254,5701.2,55688,27.684,940.01,748.01,0.11374
5254,7085.1,56439,24.777,358.16,457.44,-0.12172
5254,7946.9,57414,23.128,352.74,249.45,0.17153
5254,8048.7,56035,20.345,589.41,651.92,-0.050357
5254,8377.4,56925,26.718,313.22,214.14,0.18788
5255,7103.7,56513,26.508,653.61,927.05,-0.17299
5255,8045,57382,27.739,879.28,531.07,0.24689
5255,8163.4,55592,31.795,395.02,310.02,0.12056
5256,7422.3,55839,17.216,502.24,489.11,0.013243
5256,7952.4,57234,21.54,584.73,399.68,0.18798
5256,8337.3,55690,23.625,333.98,208.83,0.23057
5257,5953.2,57038,26.92,222.57,171.27,0.13026
5257,8542.5,57733,23.259,951.5,499.28,0.31171
5258,5792.3,57203,27.548,222.66,145.25,0.21039
5258,7458.8,57564,30.09,179.81,118.11,0.2071
5259,5744.3,57325,28.353,423.34,471.51,-0.05383
5259,7282.7,57614,23.698,503.57,278.23,0.28824
5259,8553.7,57760,16.027,2236.5,1281.7,0.2714
5260,7501.8,57678,25.439,840.09,585.18,0.17885
5261,6195.6,57661,29.645,289.33,285.38,0.0068821
5261,6691.1,56339,27.75,514.62,260.38,0.32805
5261,7615.1,57740,24.186,673.49,568.22,0.084781
5262,6694.1,56239,29.05,433.62,215.88,0.33525
5262,7739.8,57731,28.234,744.52,435.63,0.26173
5262,8411.8,55810,35.726,355.69,185.63,0.31415
5263,5875.4,57636,32.057,287.81,263.76,0.043609
5263,6850.4,56373,21.809,1356.3,750.73,0.28742
5263,8098.2,57609,24.96,342.88,206.02,0.24934
5263,8460.3,55636,28.87,581.21,463.71,0.11245
5265,7112.6,56656,28.283,652.4,378.92,0.26517
5265,7866.2,58062,27.375,369.94,281.74,0.13535
5266,8546.3,55730,33.565,440.74,423.84,0.019545
5267,7319.4,56522,24.596,520.19,432.77,0.091738
5268,5872.7,57469,37.147,272.35,102.56,0.45286
5268,7118.7,57906,25.308,394.32,272.2,0.18322
5269,8041.8,58371,36.24,375.26,212.93,0.27598
5270,5927.4,57815,36.564,372.8,400.68,-0.036041
5270,6027.2,55614,31.715,644.58,343.63,0.30455
5270,6759.7,56817,31.777,416.96,141.15,0.49418
5270,7041.2,57984,19.071,844,484.1,0.27099
5270,8066,58387,25.49,573.4,343.84,0.25027
5271,6168.2,55538,35.607,261.56,149.49,0.27265
5271,6096.8,56116,25.53,449.71,423.37,0.030169
5271,6821.6,57098,29.631,611.47,369.66,0.24646
5273,6089.6,56777,29.11,479.97,211.1,0.38907
5275,6212.2,56790,28.56,852.8,462.69,0.29655
5276,6335,56889,28.393,1164.7,573.84,0.33984
5276,6134.9,57977,31.18,643.32,366.87,0.27367
5277,6323.7,56659,30.65,388.18,201.68,0.31619
5277,7881.4,55926,26.922,479.33,378.39,0.11769
5278,6321,56651,40.044,497.87,214.51,0.39776
5279,7215.7,58338,29.864,629.89,353.47,0.2811
5279,8281.8,56888,28.244,588.29,376.03,0.22011
5280,8325.7,56949,32.036,705.58,609.95,0.072695
5281,7414.8,55397,29.291,666.01,582.69,0.066723
5283,6268,58185,36.444,356.7,516.97,-0.18345
5284,6149.5,58099,27.023,442.08,223.15,0.3291
5285,7257.9,56480,26.18,383.2,215.48,0.28016
5286,6629.3,56748,28.728,899.48,456.44,0.32674
5286,7654.8,58128,33.594,269.71,281.67,-0.021706
5286,8116.3,56802,38.09,338.02,338.27,-0.00037242
5287,6644.8,56728,24.736,679.33,335.31,0.33905
5287,7916.1,56296,26.68,282.67,233.86,0.094487
5288,6950.1,56895,24.571,667.92,649.93,0.013657
5289,7206.2,57006,29.153,493.25,278.23,0.27871
5289,7773.4,56887,22.724,587.59,276.57,0.35991
5290,5845.8,56185,20.536,600.89,342.52,0.27386
5290,6134.8,56885,21.895,1143.2,708.82,0.23456
5290,7093.6,56844,20.237,505.32,316.51,0.22975
5290,7842.1,56725,20.655,739.28,355.01,0.35116
5291,6205.8,56984,20.634,256.68,138.87,0.29783
5291,7691.9,56739,35.821,529.78,313.8,0.25603
5292,6018.1,56379,14.624,530.76,467.46,0.063409
5292,6167.9,56979,25.603,299.12,211.88,0.17073
5293,5922,56324,15.84,520.6,332.59,0.22037
5294,5801.9,56529,35.317,464.06,302.69,0.21046
5294,8594.2,58000,30.514,669.55,555.99,0.092655
5295,5746.3,56361,31.949,343.89,351.54,-0.010994
5295,8663.6,57950,27.159,901.63,498.33,0.28808
5296,8509.9,58067,35.854,697.94,730.89,-0.02306
5297,7887.8,55792,29.479,354.75,168.87,0.35499
5298,6539.2,57854,30.427,549.04,543.78,0.004817
5298,8295.7,58365,26.32,789.22,594.01,0.14112
5299,6348.4,57512,20.452,765.57,508.39,0.20188
5299,8292.7,58037,23.541,1038.7,786.6,0.13812
5299,8569.5,57906,28.294,937.4,722.08,0.12975
5300,6343.3,57514,30.062,327.67,233.59,0.16763
5300,7654.8,57038,15.082,1383.2,671.34,0.34649
5300,8248.7,55455,19.205,379.48,214.08,0.27865
5300,8256.3,58091,24.292,554.29,383.75,0.18181
5301,6140.2,57464,18.135,486.55,275.89,0.2763
5301,7617.6,57156,28.895,891.73,556.87,0.23116
5301,8282.8,55561,36.429,248,197.17,0.11417
5302,7628.1,57349,20.28,891.27,428,0.35116
5303,7484.2,57472,21.506,795.89,443.69,0.28413
5304,7081.2,56158,36.755,362.69,287.21,0.11614
5305,6499.9,57194,27.568,477.57,392.09,0.098299
5305,7065.7,56210,29.232,307.55,215.55,0.17588
5305,7253.4,57486,20.074,966.28,613.55,0.22327
5306,7228.6,57493,19.534,575.51,211.45,0.46262
5308,7308.9,56410,33.133,447.37,129.39,0.55132
5309,7447.2,56524,21.892,465.92,321.22,0.18382
5310,6846.4,57690,31.029,279.14,146.54,0.3115
5310,7496.5,57537,38.044,488.87,200.33,0.41866
5310,8396.8,57095,35.216,419.04,206.81,0.33909
5311,7239.7,56970,36.877,237.93,566.06,-0.40813
5311,8314.4,56757,22.407,405.41,263.52,0.21211
5312,7353.9,56936,27.639,527.88,937.42,-0.27949
5312,7370.9,57595,27.312,351.14,432.27,-0.10356
5312,8202.4,56768,26.694,575.29,377.59,0.20747
5313,7308.3,57714,26.389,433.56,215.29,0.33639
5313,8534.3,55551,22.602,568.05,516.1,0.047923
5314,8220,55887,34.022,575.5,498.99,0.071207
5314,8655.8,56899,37.04,690.87,418.83,0.24514
5315,8079.8,55557,27.909,650.59,415.82,0.22015
5315,8091.1,55563,24.815,654.06,417.15,0.22116
5315,8576.7,56710,31.676,536.04,223.11,0.41222
5316,7771.3,57166,27.773,1078.5,524.05,0.34596
5316,7902.9,57244,34.095,789.43,444.35,0.27969
5316,8018.3,55649,35.672,246.59,197.42,0.11075
5317,5877.5,57937,22.597,371.86,242.19,0.21117
5317,7835.2,57567,10.287,987.86,491.97,0.3351
5317,8491.7,58379,21.757,1216.3,919.72,0.13883
5318,5898.4,58131,38.75,270.25,211.06,0.12298
5318,6761.6,56791,44.612,298.17,410.28,-0.15824
5318,7379.4,56755,23.071,377.24,211.69,0.2811
5318,7941.2,57254,26.207,752.81,728.78,0.016215
5318,8121.8,58321,16.526,827.38,766.3,0.038324
5318,8169.8,56226,27.986,232.19,191.58,0.095832
5319,8016.5,58387,20.26,422.22,298.8,0.17118
5319,8166.3,57129,16.008,633.65,647.74,-0.010997
5319,8325.5,56242,29.544,694.84,401.07,0.26805
5320,7443.2,56633,21.025,1147.9,823.71,0.16442
5320,8249.2,56110,23.642,520.04,352.25,0.19235
5321,7503.7,56343,21.122,667.73,387.15,0.26598
5322,7868.6,58357,14.697,1430.1,1030.4,0.16242
5322,7989.6,56215,26.677,379.03,195.45,0.31956
5322,8469.6,55728,14.562,1029.4,604.87,0.25977
5322,8530.5,56798,18.246,755.5,528.81,0.17651
5323,6233.6,57175,27.321,673.61,301.68,0.38135
5323,8534,55703,15.799,854.87,600.95,0.17441
5324,6424.6,57422,26.069,603.81,878.92,-0.18554
5324,7868.7,57558,24.863,238.39,228.04,0.022195
5324,8045.7,58306,12.721,853.88,415.48,0.34537
5324,8437.9,55613,18.932,338.82,208.42,0.23829
5325,6333.7,58331,24.52,473.93,277.18,0.26195
5325,7514.9,55442,34.757,330.54,366.38,-0.051433
5325,7839,57630,38.33,277.76,123.98,0.3828
5325,8032.1,58276,10.963,1236.1,644.55,0.31456
5325,8633.6,57622,27.447,254.66,256.24,-0.0031014
5326,7326.2,55602,26.766,1079.5,996.1,0.04019
5326,7828.4,57452,29.316,923.77,650.5,0.17359
5326,7946.7,58296,31.629,398.94,372.17,0.034722
5327,7429.6,56431,32.998,606.91,353.52,0.26384
5327,7459.4,55640,24.453,1318.3,1130.6,0.076637
5327,7894.6,58390,27.051,689.61,285.19,0.41487
5327,8097.7,56851,36.501,713.57,459.32,0.21677
5328,7816.1,57235,18.699,556.07,377.9,0.19077
5329,7099.5,55857,33.551,745.23,829.48,-0.053501
5329,7753.6,56754,20.036,523.54,251.4,0.35118
5329,7829.6,57447,23.176,485.59,144.63,0.54102
5330,7716.5,55603,28.518,387.77,163.96,0.40564
5330,7649.7,57420,30.846,360.21,322.44,0.055333
5330,8414.9,57763,31.396,286.1,174.71,0.24172
5331,7489,55914,34.936,1017.8,457.37,0.37992
5331,7635.1,57124,23.911,421.29,337.64,0.11022
5331,8337.9,57567,25.795,404.99,124.37,0.5301
5332,7233.8,55796,14.526,1422.5,970.78,0.18874
5332,7577.8,56907,31.558,547.09,332.7,0.24369
5332,8423.5,57536,26.219,745.39,629.33,0.084427
5333,6710.2,55889,33.18,670.54,707.3,-0.026676
5333,7249.5,55795,19.639,1091.7,763.04,0.1772
5334,7444.3,55897,26.084,523.05,209.05,0.42891
5337,6593.5,56972,41.439,1039,451.52,0.39414
5339,8496.9,55712,33.044,319.71,299.24,0.033074
5340,7540.6,55972,21.159,590.56,360.22,0.24226
5341,6196.3,57898,32.371,382.51,275.31,0.16296
5341,7369.4,56128,36.182,354.57,294.94,0.091817
5341,7577,55668,35.034,351.77,242.29,0.18428
5343,6490.5,58134,36.804,900.71,642.09,0.16763
5343,8404.3,58042,33.554,1086.9,910.46,0.088322
5344,6882.9,58210,29.257,506.64,192.31,0.44972
5344,7389,56087,25.528,369.88,344.05,0.036185
5344,8536,57793,32.903,590.74,573.78,0.014571
5345,6868.5,58078,28.881,542.61,313,0.26835
5346,6887.5,58183,25.263,897.21,576.98,0.21722
5347,8000,57596,25.174,286.19,249.89,0.067718
5347,8667.4,56193,29.201,308.3,263.95,0.077499
5348,7507,56162,16.055,378.01,237.26,0.22876
5348,7909.2,57393,27.61,713.12,524.6,0.15232
5348,8306.5,55815,35.997,752.56,588.88,0.12202
5348,8393.5,56016,34.365,843.74,622.79,0.15066
5349,6140.5,57975,35.305,584.83,427.28,0.15566
5349,7467.4,56331,20.929,520.85,477.66,0.043254
5349,8073.7,57386,17.795,598.39,546.92,0.044941
5350,5831.3,58225,26.896,505.4,566.01,-0.056568
5350,6914.7,57903,28.843,324.48,265.67,0.099666
5350,7529.7,56296,13.689,535.53,434.2,0.10449
5350,7840.8,57585,18.237,624.55,497.92,0.11281
5351,5852.3,58138,31.172,688.89,198.84,0.55202
5351,5891.3,58086,27.807,886.02,290.18,0.50658
5351,6564.5,56060,23.093,460.79,388.33,0.085329
5351,7566.9,56320,18.47,351.26,369.7,-0.025572
5351,7588.8,57160,36.817,488.3,584,-0.089247
5351,7941.7,58377,19.908,628.26,584.78,0.035845
5352,6812.9,57188,23.269,637.76,238.21,0.45612
5352,7550,56264,15.417,456.78,498.84,-0.044007
5352,7582.6,56860,20.996,332.68,183.27,0.28959
5352,7562.2,57743,31.069,492.13,351.27,0.16702
5353,6969.2,57724,25.934,889.53,476.8,0.30208
5353,7393.1,58384,33.055,193.02,103.71,0.30098
5353,8302.1,55399,33.197,382.23,202.08,0.30831
5353,8456.5,56660,20.203,533.25,358.9,0.19543
5354,7124.2,57601,23.841,602.25,331.16,0.29043
5354,8667.4,56230,32.504,505.56,548.65,-0.040874
5355,6261.2,56717,35.359,491.62,268.05,0.2943
5355,7212.1,56701,11.463,949.01,529.44,0.28379
5356,5855.7,56940,35.759,669.22,560.4,0.0885
5356,7070.1,57572,29.106,488.69,299.61,0.23986
5356,8660.2,56120,22.655,937.61,417.84,0.38347
5357,7187.8,57478,23.24,548.18,373.53,0.18948
5357,7296.9,56664,17.402,643.75,550.12,0.078424
5358,7168.6,56607,16.384,571,492.98,0.073336
5358,7279,57671,28.13,476.42,408.01,0.077357
5359,7266.9,56546,14.189,358.74,219.67,0.24043
5360,7341.2,56605,20.655,449.32,455.78,-0.0071364
5361,7318.2,56393,35.598,439.58,372.15,0.083076
5364,5868.3,56566,27.848,634.58,285.44,0.37949
5364,7983.1,58327,25.603,276.26,178.52,0.21493
5365,8141,58316,31.895,319.38,163.06,0.32403
5366,8436.3,55449,33.602,569.19,276.99,0.34531
5367,7461.1,55842,21.858,639.14,256.75,0.42683
5368,7549.6,56211,30.239,1005.7,655.06,0.21111
5369,7791.7,58388,34.83,934.3,736.65,0.11828
5370,6299.9,56455,32.993,423.06,418,0.0060127
5371,7763.1,58374,15.72,614.1,575.18,0.032729
5371,7813.2,56912,23.833,548.73,258.3,0.35986
5371,8267.1,55506,30.23,483.65,261.37,0.29836
5372,6801.3,56139,36.449,241.9,150.68,0.23236
5372,7813.7,56986,37.44,487.46,328.25,0.19517
5372,7813.1,58332,29.131,325.99,205.56,0.22656
5372,8219.7,55646,14.705,821.85,562.17,0.18763
5373,8001.5,58289,29.042,578.21,449.71,0.12501
5373,8301.9,56494,33.075,406.81,414.7,-0.0095952
5374,8542,56601,21.275,757.79,590.61,0.12399
5375,6957.2,57777,20.151,888.68,786.74,0.060845
5375,8028.7,58332,21.726,566.8,275.13,0.34643
5375,8339.8,56149,32.573,692.57,491.14,0.17017
5375,8444.8,56526,26.508,804.49,571.93,0.16896
5375,8357.4,58324,35.139,753.37,343.86,0.37322
5376,7875,57597,27.452,541.89,184.78,0.49144
5377,6020.4,57813,29.41,281.43,255.79,0.047721
5377,8052.9,58184,18.203,329.21,121.89,0.45959
5381,6723.8,56542,24.714,528.3,426.1,0.10708
5381,8130.3,55595,24.807,277.99,337.41,-0.096559
5381,8603,57621,16.592,643.22,263.56,0.41869
5382,8580.5,57457,21.434,633.51,410.97,0.21307
5383,7083.2,56593,41.032,558.21,135.83,0.60858
5383,7449,56791,20.864,521.31,248.63,0.35415
5384,6280.1,56822,33.071,468.24,272.39,0.26444
5384,7989.4,58387,14.157,633.17,335.9,0.30676
5384,8365.7,56002,30.511,379.13,283.91,0.14362
5384,8630.4,57288,24.339,516.44,263.48,0.32434
5385,6849.3,55913,30.744,409.88,241.57,0.25836
5385,6875.4,56713,26.748,726.02,296.98,0.41939
5385,7991.6,58321,10.814,1319.4,715.43,0.29681
5386,7037.7,56680,23.229,453.55,186.47,0.4173
5388,7171.9,58289,30.806,424.58,307.65,0.15969
5388,8634.4,57363,38.391,1246.3,968.41,0.12545
5390,8584.4,58116,36.314,375.4,368.4,0.0094079
5391,8593.4,58109,34.387,717.06,587.87,0.099006
5392,8061.1,57754,23.401,906.79,606.05,0.19879
5393,7296,58275,26.286,247.59,150.53,0.24378
5393,7959.3,57856,21.761,687.61,523.91,0.13512
5394,6822.5,58052,30.209,320.37,107.55,0.49735
5398,8504.9,55964,9.4275,717.49,160.67,0.63407
5400,8485.6,55839,33.782,358.93,203.78,0.27571
5404,7719.5,57517,42.065,695.23,669.77,0.018649
5407,7217.3,57232,34.718,200.28,193.87,0.016244
5408,7344.4,57511,26.762,783.82,435.37,0.28581
5409,7152.7,56369,29.226,563.81,504.91,0.055113
5409,7332.5,57537,28.731,627.06,556.54,0.059585
5410,7307,56484,24.095,789.65,612.19,0.12659
5411,7314.9,56572,8.9949,1431.8,919.11,0.21807
5411,7402.2,57854,23.955,254.94,168.96,0.20283
5412,7189.1,56470,18.264,975.58,690.82,0.17088
5412,7461.5,57899,21.192,347.37,190.89,0.2907
5412,7966.4,57032,29.862,799.2,270.27,0.49457
5414,6103.5,58063,43.158,648.45,726.22,-0.056573
5414,6445.8,56644,25.485,520.84,215.09,0.41547
5414,8014.9,57268,30.936,331.38,316.47,0.023021
5415,6429.5,58206,33.102,658.86,473.6,0.16359
5415,6635.4,56652,27.348,660,447.52,0.19185
5415,6641.2,55452,28.087,454.14,227.13,0.33322
5415,7841.9,57346,23.228,744.38,441.23,0.25569
5415,7981.9,58381,35.094,338.14,364.98,-0.038169
5416,6845.9,56624,21.797,407.15,178.41,0.39064
5417,6343.8,55600,19.409,1042.6,635.49,0.24261
5417,6886.4,57949,31.051,233.81,115.18,0.33991
5419,8146.6,57703,31.034,968.42,507.25,0.31252
5426,6251.3,56476,36.997,297.79,238.78,0.10998
5426,7839.1,57163,26.829,613.45,520.67,0.081807
5426,8665.2,56238,27.726,664.72,296.08,0.38368
5427,6163.2,56217,28.493,729,555.81,0.1348
5427,6135,58379,18.076,583.48,157.59,0.5747
5427,7712,56819,35.884,624.35,552.29,0.061239
5427,8498.5,56510,23.531,1112.5,696.71,0.22984
5428,6207.6,56176,25.765,634.44,371.87,0.26092
5428,6084.5,58299,13.188,849.03,227.12,0.5779
5428,7076.9,56852,22.656,728.2,664.93,0.045413
5428,8155.7,57507,25.091,493.53,379.03,0.13122
5429,6953,56676,27.078,328.74,189.51,0.26864
5429,8259.4,57464,27.704,785.73,749.76,0.023425
5430,6016.6,58276,26.18,417.45,159.6,0.44683
5430,7098.6,56611,17.323,865.69,610.45,0.17291
5431,6878.4,56609,21.877,515.79,611.92,-0.085245
5431,7504.7,58347,29.887,355.92,148.33,0.41169
5433,6952.7,56538,24.956,784.42,889.03,-0.062509
5434,6976.3,56855,26.703,1411.2,1185.5,0.08693
5434,6983.7,56698,22.156,871.21,946.74,-0.041548
5434,8148,56241,29.747,484.76,409.91,0.083663
5435,7105.4,56749,13.504,1024.9,734.58,0.16502
5435,7426.6,57398,24.399,351.88,131.89,0.45474
5436,7148.6,56679,14.472,1201.3,977.59,0.10267
5437,5857.1,56246,21.737,717.96,450.68,0.22871
5437,7173.2,56497,22.697,719.75,678.58,0.029444
5438,5753.9,58349,27.299,387.51,234.32,0.24636
5439,5920.4,58383,35.794,327.49,227.68,0.17977
5440,6218.1,55919,39.099,252.09,288.41,-0.067192
5440,8411.2,56963,40.052,579.98,343.12,0.25659
5442,8234.8,57324,24.251,617.56,459.64,0.1466
5443,8117.3,57448,19.751,494.13,375.12,0.13691
5444,8025,57405,24.068,523.56,378.91,0.16027
5445,8091.5,57545,18.258,555.11,434.23,0.12218
5446,8123.8,57512,18.418,768.87,419.53,0.29396
5447,7097.5,57905,35.145,878.88,824.66,0.031826
5448,5927.9,58057,26.108,1130.9,602.21,0.30503
5448,6985.8,58138,27.602,619.51,529.72,0.078133
5448,7410.6,58107,29.863,486.61,578.66,-0.086416
5449,5747.9,57937,20.366,873.14,759.1,0.069867
5449,7053.3,57883,20.191,1018.5,572.19,0.28059
5449,7882.1,55458,34.855,596.73,241.66,0.42352
5450,6027,56138,30.509,389.09,284.35,0.15553
5450,8058.5,55679,30.237,338.18,348.28,-0.01471
5451,6900.4,57427,34.937,326.47,287.1,0.06416
5452,5693.9,56282,30.68,328.81,185.88,0.2777
5452,6360.9,57655,31.922,167.67,217.5,-0.12939
5453,7742,58262,28.316,407.99,283.01,0.18087
5454,6979.2,55789,25.172,394.96,381.13,0.01782
5454,7756.3,58055,33.786,235.34,251.66,-0.033502
5454,8148.2,55507,23.834,493.18,368.98,0.14405
5455,8178.2,57966,26.834,276.82,151.63,0.29219
5456,8401.2,55713,19.54,1314.4,835.09,0.22299
5456,8389.5,57248,30.953,281.73,293.63,-0.020672
5457,8574.1,55863,32.431,926.99,738.54,0.11315
5458,8450.1,55694,16.195,423.81,222.74,0.311
5459,5745.3,58146,24.353,372.23,254.68,0.18751
5459,7266.4,56460,15.502,581.83,401.32,0.18361
5459,7697.6,55602,29.498,572.16,404.55,0.17161
5460,5991.6,56252,33.345,332.93,154.38,0.36641
5460,7932.6,55735,31.476,365.08,339.26,0.036656
5460,8302.9,58281,29.177,575.57,294.28,0.32338
5461,5783.7,56053,30.627,258.41,164.9,0.22089
5461,7901.7,55832,19.25,1111.9,834.76,0.14237
5461,8300.1,55497,38.294,483.83,256.95,0.30627
5461,8392.4,58234,29.083,583.64,583.13,0.00043649
5462,8138.8,55611,34.057,639.6,557.03,0.069001
5463,7980.8,57986,35.813,933.22,583.45,0.23062
5463,8240,55828,30.542,243.15,159.13,0.20888
5464,8207.8,58352,36.673,664.92,515.27,0.1268
5464,8291.7,57687,20.7,1106.8,509.98,0.36914
5465,7400.6,57040,27.785,433.35,378.85,0.067101
5465,8400.8,57312,26.416,465.09,368.83,0.11544
5466,6318.3,56598,28.662,324.52,353.76,-0.043107
5466,7985.8,56805,35.577,398.54,280.19,0.17436
5466,8585.7,57168,28.529,495.05,466.7,0.029478
5467,6280.8,56724,21.339,493.77,415.42,0.08618
5467,8607.2,56743,37.075,754.94,194.24,0.59072
5468,7109,57446,21.911,372.63,202.97,0.29474
5469,6351.8,58145,36.668,493.39,369.15,0.14403
5469,6969.1,57638,28.535,376.8,359.17,0.02395
5471,6247.9,57523,35.37,378.67,295.91,0.12269
5471,8648,56498,16.691,586.47,181.38,0.52757
5472,5705.4,57227,26.041,734.22,177.15,0.61125
5473,6481.1,57871,28.618,638.92,682.08,-0.032678
5474,6197.1,58314,29.572,433.58,295.13,0.18999
5475,7272.5,57499,29.751,630.63,357.26,0.27672
5476,7209.9,57258,32.48,316.97,244.68,0.1287
5477,6139.7,56804,40.906,193.34,171.74,0.059174
5477,6933.1,56392,23.27,717.93,715.86,0.0014485
5478,5691.4,55499,25.709,330.75,162.79,0.34032
5478,7043.6,56344,22.603,1003.7,684.55,0.18904
5478,8241.1,56020,31.588,528.99,438.3,0.093752
5479,8272.6,55970,33.617,601.87,343.29,0.27358
5479,8450.1,56680,31.612,717.11,638.35,0.058106
5480,8401.8,55881,18.45,1522.2,950.82,0.23105
5481,7988.4,56567,37.218,474.37,452.19,0.023935
5481,8328.7,55671,26.811,523.5,609.28,-0.075725
5482,7611,56075,27.278,1037.3,650.86,0.22892
5482,8232.8,56513,25.473,556.24,441.38,0.11514
5483,7586.2,56147,12.103,819.81,520.98,0.22288
5483,8267.8,56526,26.322,276.18,180.5,0.20953
5483,8451.5,55494,28.872,694.89,438.07,0.22668
5484,6413.5,57193,31.521,762.92,595.99,0.12285
5484,7297.2,56756,37.343,586.41,534.58,0.046234
5484,7912.1,56099,22.234,565.67,531.35,0.031283
5485,6327.6,56814,35.867,354.8,122.05,0.48809
5485,6782,57621,35.212,802.93,474.32,0.25727
5485,7288.3,56557,18.916,1443.8,736,0.3247
5486,6757.3,57648,31.272,412.23,273.46,0.20239
5486,7309.9,56469,24.139,424.76,278.84,0.2074
5487,6577.6,56128,25.556,749.06,446.52,0.25305
5487,6939.6,57695,29.611,189.74,169.52,0.056283
5487,7240.3,56642,16.611,595.18,344.83,0.26633
5487,8239.5,57646,19.428,994.41,525.15,0.30881
5488,6524.9,55995,30.306,298.52,183.72,0.23806
5488,7259.9,56603,35.291,250.31,235.95,0.029545
5489,7162.6,56615,23.161,322.57,217.39,0.19479
5491,5872.5,55575,30.657,1474,1006,0.1887
5491,5928,55930,27.599,1097.3,953.42,0.070182
5491,6873.9,57789,30.48,551.25,356.27,0.21485
5491,8651,56122,28.218,700.09,492,0.17456
5492,5916.9,55712,25.72,862.69,421.4,0.34366
5492,6867.8,57855,20.413,658.19,361.39,0.29111
5493,6647.8,56957,32.721,317.1,250.25,0.11782
5493,7258.6,55778,29.939,483.58,166.13,0.48861
5493,8132.5,57465,32.925,573.38,490.78,0.077627
5494,5838.7,56226,36.37,748.34,572.06,0.1335
5494,6647.8,56769,22.697,363.02,152.1,0.40947
5494,6729.2,57961,34.324,116.21,121.45,-0.022051
5494,8210.5,57644,25.559,687.12,522.28,0.1363
5495,6361.2,56793,27.647,744.74,595.99,0.11095
5495,8053.1,57597,30.093,312.66,246.28,0.11877
5496,6902.6,57737,14.712,1021.5,608.68,0.25325
5496,7399.3,56038,36.258,426.61,145.07,0.49249
5497,5684,56823,26.988,783.62,353.89,0.37778
5497,6813.4,57664,20.896,737.45,836.85,-0.06314
5498,6614.1,57820,33.903,420.05,332.34,0.11658
5498,8546.2,57986,28.03,308.15,238.78,0.12684
5499,8408.8,58008,24.348,915.22,692.43,0.13858
5500,6710.7,56149,30.452,401.4,193.43,0.34964
5500,8472.9,58105,30.1,347.99,176.95,0.32584
5501,6064.7,55561,23.378,547.51,175.16,0.51525
5501,7020.1,56962,38.13,634.99,234.29,0.46096
5502,6516.6,57756,33.874,279.13,399.53,-0.1774
5503,6547.4,57731,18.821,319.01,184.72,0.2666
5503,7018,57012,35.021,409.57,354.55,0.072005
5503,7679,57366,33.077,195.62,125.49,0.21841
5504,5833.8,56763,26.612,425.55,136.22,0.51503
5504,8010.2,56550,26.42,491.11,606.3,-0.10497
5504,8642,55429,33.793,334.71,231.93,0.18139
5505,8075.4,56519,20.677,520.01,412.17,0.11569
5506,7783.2,56513,28.003,393.23,340.92,0.071241
5507,5699,56704,40.023,261.02,157.91,0.24612
5507,6391.4,55517,25.854,514.06,420.19,0.10047
5507,7986.5,56617,25.964,395.98,364.92,0.040821
5508,8069.5,56690,26.996,783.8,899.44,-0.0687
5509,8245.2,56704,32.865,445.48,428.7,0.019192
5512,5899.3,56743,22.28,696.95,296.89,0.40254
5512,6184.8,55639,31.901,525.42,611.52,-0.075732
5513,5951.2,56809,29.109,347.09,208.17,0.25019
5513,6167.6,56013,31.512,425.42,481.93,-0.062283
5514,6386.6,57365,28.252,332.85,127.03,0.44753
5514,6510.5,56707,27.158,572.49,415.85,0.15849
5515,7782.9,57683,23.295,1238.4,866.13,0.17691
5516,6333.6,55674,35.337,296.92,458.38,-0.21378
5516,6592.3,56692,25.223,816.76,666.14,0.10157
5516,6642.2,58155,32.258,163.47,197.99,-0.095498
5517,6515.7,55668,31.572,389.75,376.18,0.017716
5517,6756,58076,36.127,277.47,260.21,0.032099
5517,6909.7,56370,32.234,541.08,311.93,0.26864
5518,6633.4,56637,36.747,1021.8,761.31,0.14609
5518,7152.2,56385,19.363,1004.1,502.99,0.33252
5519,8447.1,56679,23.221,448.47,359.82,0.10968
5520,6653.5,58095,39.548,390.43,204.01,0.3136
5520,6947.4,56972,14.44,607.67,478.45,0.11897
5521,6514.8,55635,33.067,1022.4,515.02,0.33001
5522,6150.3,55740,21.975,348.94,147.43,0.40595
5522,7825.8,57765,24.841,929.85,666.37,0.16507
5524,6622.9,55451,26.75,524.03,369.67,0.17273
5525,6164.9,56862,35.168,183.26,124.87,0.18952
5525,6871.7,55578,18.164,896.96,484.23,0.29883
5526,6171.7,56855,22.857,308.13,247.66,0.10881
5526,6588.6,55756,27.115,990.37,727.44,0.15306
5526,7479.7,56880,22.909,754.16,434.91,0.26848
5526,7500.1,55645,32.593,631.95,501.75,0.11484
5526,8384.3,58149,18.213,1211,811.78,0.19735
5527,6236.7,56965,25.367,471.63,177.64,0.45281
5527,6539.3,55985,17.409,404.08,194.54,0.35004
5527,6779.3,55422,37.407,318,188.5,0.25567
5527,7490.3,56869,30.157,463.53,279.94,0.24694
5527,7557.2,55707,25.311,503.41,728.42,-0.18266
5527,8247.1,58053,21.132,623.09,224.29,0.47063
5528,5898.4,57010,35.679,452.34,368.15,0.1026
5529,6581.4,55551,25.232,291.1,130.62,0.38055
5529,8355,58102,25.323,508.01,371.04,0.15582
5530,5702,57949,36.274,463.89,167.5,0.46942
5531,8159.9,57838,14.402,707.06,360.65,0.32444
5532,6214,58340,22.84,459.67,100.1,0.64236
5532,8246.3,58041,25.516,595.86,560.86,0.030258
5533,6001.4,58243,34.87,782.52,451.87,0.26787
5533,7022.8,57134,25.704,621.62,395.56,0.22224
5534,6733.6,58152,34.639,341.88,147.33,0.39768
5534,7034.4,57011,35.276,410.92,223.77,0.29487
5535,6687.1,58186,32.382,362.66,119.09,0.5056
5535,7424.8,55535,37.864,229.5,143.02,0.23213
5537,6567,58119,29.103,188.48,186.68,0.0047824
5538,6000.6,55517,28.162,338.88,196.47,0.26602
5538,7319.4,57477,28.912,470.93,283.34,0.2487
5540,8545.7,56854,21.859,551.02,174.39,0.5192
5541,7880.7,55757,22.379,580.92,350.5,0.24739
5541,8442,56634,36.117,383.7,292.06,0.13561
5542,6321.7,57510,21.18,780.36,607.91,0.12422
5542,6741.9,56222,36.401,394.12,476.49,-0.094619
5543,6406.5,57542,23.522,769.69,429.07,0.28414
5543,6831,56265,23.398,718.01,509.78,0.1696
5543,7890.6,55420,26.938,735.03,406.19,0.28815
5543,8581.4,58165,34.399,219.33,289.94,-0.13866
5544,6080.4,58075,29.318,849.23,281.27,0.5024
5544,6141.8,56603,31.685,689.06,544.64,0.11706
5544,7979.4,58188,33.072,368.62,304.62,0.095071
5545,5709.5,58262,33.281,269.23,129.59,0.35014
5545,7181.5,57109,34.493,398.03,218.98,0.29018
5545,8015,58377,25.417,563.08,498.31,0.061029
5546,6802.8,56158,32.704,297.21,264.12,0.058959
5546,7274.8,55998,31.886,186.21,189.42,-0.0085366
5548,7772.8,57597,20.378,355.77,167.55,0.35966
5549,7724.2,57517,22.891,389.76,374.25,0.020292
5550,7349.1,56708,19.007,364.87,144.21,0.43345
5551,7602,56516,22.426,938.18,663.5,0.17149
5552,7682.9,56841,27.034,964.33,836.59,0.070933
5552,7891.2,57358,15.814,821.36,633.35,0.12924
5553,7551.7,56452,23.373,661.06,391.26,0.25639
5553,7948,57022,31.796,784.49,421.62,0.30086
5554,6109.9,55742,35.158,356.6,326.12,0.044653
5554,6284.2,56786,28.274,380.57,383.68,-0.0040666
5554,7498.2,56220,32.6,802.17,541.24,0.19423
5555,6199.4,57041,28.148,604.94,493.93,0.10102
5555,7422.1,56405,28.352,575.99,453.19,0.11932
5555,8390.7,57544,21.547,722.9,392.88,0.29578
5556,7240.7,56479,14.954,530.58,247.25,0.36426
5556,8215.8,57422,33.866,714.21,576.03,0.1071
5557,7231.8,56602,24.641,319.4,312.1,0.011556
5557,8126,57324,26.247,524.22,393.63,0.14229
5559,6342.4,56763,26.933,311.91,192.5,0.23673
5560,5766.5,57508,32.979,391.79,367.48,0.032014
5560,6392.7,56903,28.809,622.19,537.05,0.073447
5562,6994.5,57299,22.425,272.4,123.55,0.37591
5562,8069.2,58298,13.24,585.28,244.75,0.41027
5563,7087.2,57295,27.137,325.4,156.3,0.35106
5563,7781.4,57120,39.362,438.96,225.9,0.32046
5563,8071.1,58349,14.4,1183.8,628.71,0.30628
5564,6586.6,57167,30.408,234.3,146.46,0.23069
5564,7425.3,57264,27.561,465.73,339,0.15748
5564,8328.5,56333,27.957,410.27,544.09,-0.14022
5565,6646.3,57083,30.61,388.47,300.8,0.12719
5565,7590.2,55676,33.279,455.72,449.2,0.00721
5565,7650.4,57099,21.338,569.66,262.07,0.36982
5565,8319.7,56061,30.032,662.35,549.69,0.092946
5566,7194.5,56017,36.255,388.71,333.23,0.076848
5566,7889.4,57011,24.832,495.38,118.18,0.61477
5566,8354.1,56098,31.673,299.31,141.38,0.35838
5567,5717.6,57700,39.711,800.09,682.83,0.079071
5567,6229.9,56562,38.17,134.83,136.44,-0.0059101
5567,7986.5,56810,29.586,310.29,170.95,0.28954
5568,5750.7,56610,26.707,608.15,240.91,0.43252
5568,6076.8,57943,32.907,417.03,276.53,0.20258
5568,7221.3,55788,17.645,610.52,484.42,0.11517
5568,8170,56736,21.034,515.38,224.97,0.39227
5568,8334.9,55909,28.515,480.04,247.01,0.32051
5569,8315.8,58300,25.402,1089.4,556.03,0.32415
5569,8308.6,58306,28.583,1411,763.93,0.29752
5569,8619.5,56790,31.149,405.25,294.73,0.15789
5570,8003.6,58120,19.154,845.02,599.95,0.16961
5570,8528.5,55688,34.386,423.24,149.54,0.47785
5570,8560.7,56533,17.9,919.99,576.71,0.22935
5571,8019.7,58206,34.522,1036.4,690.98,0.19995
5571,8467,56616,19.941,735.09,536.65,0.15604
5572,7809.1,57060,25.111,507.8,292.34,0.26927
5572,8120.3,57867,34.431,374.85,264.81,0.17203
5574,6479.7,58329,30.4,316.33,195.5,0.23607
5574,8062.6,58257,14.354,597.61,378.83,0.22405
5575,6644.3,58390,29.983,341.37,305.87,0.054846
5575,7113.4,56472,29.749,320.09,107.43,0.49744
5575,8017.7,55645,35.841,440.38,346.92,0.11871
5576,8090,58380,30.06,701.03,781.85,-0.054501
5577,5914.6,55520,28.751,298.31,297.79,0.00086777
5578,5906.4,55633,19.222,695.84,760.4,-0.044332
5578,8198.6,58346,33.883,229.49,162.65,0.17045
5578,8359.4,56170,26.999,337.03,322.88,0.021444
5579,5954,55676,27.124,925.39,543.23,0.26021
5579,5887,56952,24.974,386.13,266.14,0.18396
5579,6069.6,58122,30.351,344.74,184.25,0.30339
5579,7161.9,56377,22.82,427.72,389.92,0.046225
5580,6015.5,55503,20.255,353.04,203.23,0.26932
5580,6218.7,56074,22.486,736.07,502.68,0.18841
5580,6357.2,57960,36.733,753.04,1037.5,-0.15886
5580,6417.6,57024,36.015,685.04,515.78,0.14095
5581,6036.4,57979,40.976,470.73,485.94,-0.015896
5581,5945.4,55523,22.978,365.65,342.51,0.032669
5581,6571.9,57229,27.802,424.52,334.82,0.11813
5583,6033.5,55892,31.156,197.48,135.39,0.18654
5583,7145.6,56850,27.34,599.94,751.36,-0.11205
5584,6245.4,55462,38.859,575.17,402.72,0.17634
5584,7074.2,56814,22.528,1203.5,857.48,0.16791
5584,7493.7,56720,25.445,732.12,419.67,0.27127
5585,6024.7,55873,37.289,384.75,413.24,-0.035711
5585,6994.7,56638,20.511,1277.5,946.3,0.14895
5585,7023,57552,30.574,379.49,334.97,0.06231
5585,7728.3,57477,25.663,260.6,228.61,0.065386
5586,6302.6,55965,28.867,549.65,477.22,0.070528
5586,6943.9,57633,19.326,507.39,923.6,-0.29085
5586,7151.2,56521,19.971,1462.5,1455.1,0.0025318
5587,6469.3,55942,19.606,1155.2,701.63,0.24429
5587,6919.4,57681,16.661,692.54,1465.8,-0.35826
5587,7173.4,56657,16.727,318.53,303.82,0.023644
5588,8019.5,58158,32.085,307.7,244.17,0.11511
5589,5679,55670,25.444,375.93,129.95,0.48625
5589,7922.4,57647,20.553,491.54,217.33,0.38682
5590,5692.8,55487,22.915,725.61,456.95,0.22719
5590,6758.9,56462,30.813,271.44,124.11,0.37246
5590,7863.5,57575,18.811,585.87,351.68,0.24979
5591,5776.7,55530,17.889,634.93,179.14,0.55989
5592,5991.7,55613,20.59,483.81,224.61,0.36589
5592,6767.9,56954,34.84,186.28,276.34,-0.19467
5593,6090.4,55725,30.758,663.55,434.96,0.20809
5594,5844.3,56008,31.353,258.63,132.35,0.32297
5594,6339.8,55503,26.227,449.96,383.53,0.079707
5594,8100,58125,25.197,326.13,284.66,0.067892
5595,6590.3,56739,25.904,328.92,184.33,0.28172
5595,6822.3,55804,34.717,383.09,200.21,0.31353
5597,6580.4,56117,33.057,242.1,116.56,0.35001
5597,7786.4,55950,30.294,436.98,239.79,0.29137
5598,6365.5,57610,36.566,459.14,337.64,0.15249
5598,6688.3,55949,18.807,712.9,413.72,0.26555
5598,6784.1,57682,27.138,268.47,135.11,0.33043
5598,7254.2,55475,30.662,485.24,334.07,0.18451
5598,7928.3,55895,30.929,1039.6,434.52,0.41046
5598,8040.1,58299,13.002,893.23,448.37,0.33159
5599,6321.4,56279,30.118,371.85,316.25,0.0808
5599,6731.1,55871,22.718,552.76,340.66,0.2374
5599,6845.1,57827,20.412,1044,620.35,0.25456
5599,8003.8,58267,16.864,629.96,417.56,0.20277
5600,6521.9,56109,35.057,413.67,354.27,0.07735
5600,6781.1,57604,30.832,391.61,254.81,0.21163
5600,7105.7,58246,30.764,314.8,161.85,0.32088
5600,7441.7,55982,21.443,698.57,477.34,0.18814
5600,7987.3,58346,30.795,331.09,301.91,0.046089
5601,7438.6,55936,15.696,396.35,262.5,0.20316
5601,7912.6,58376,26.026,125.04,226.4,-0.28839
5602,7440.9,56222,26.291,183.7,146.18,0.11373
5602,8048.7,58370,15.708,813.19,527.35,0.21323
5603,6895.8,55646,29.614,487.01,312.27,0.21863
5603,7404.4,56134,26.244,210.33,108.76,0.3183
5604,6245.1,57854,29.943,650.22,574.43,0.06189
5604,6275.3,58165,35.614,470.7,318.72,0.19252
5604,7430.1,56197,21.585,951.77,493.15,0.3174
5605,6304.5,57648,25.506,722.05,442.18,0.24039
5605,7334.8,56595,24.988,446.09,291.63,0.20938
5605,8491.7,55844,30.518,441.01,261.06,0.25632
5606,6438.4,56047,24.205,190.48,214.19,-0.058589
5606,7681.5,55889,26.363,511.74,263.61,0.32003
5606,7618.8,56657,31.958,506.86,487.93,0.019029
5607,6123.3,58106,21.916,379.44,153.22,0.4247
5607,6539.7,56019,25.628,220.83,400.36,-0.28901
5607,6920.8,57416,29.075,842.18,403.16,0.35253
5607,7779.2,56730,29.547,366.38,249.83,0.18914
5607,7864.9,55662,30.812,606.85,414.28,0.18858
5608,6892,57698,18.427,331.03,184.13,0.28515
5608,7735.2,56581,31.435,561.36,527.15,0.031427
5609,6851.8,57640,27.613,517.43,533.56,-0.015344
5609,7645.8,56532,15.751,887.81,619.12,0.17831
5609,8419.3,55614,31.852,231.34,196.68,0.080976
5610,7231.7,56619,9.3031,1466,711.38,0.34656
5610,7457.7,55943,30.66,286.3,115,0.42685
5611,6421.3,57544,34.375,262.97,260.2,0.0052983
5611,7344.3,56509,25.989,747.51,198.36,0.58058
5611,8507.2,55707,23.272,499.07,338.95,0.19108
5612,7623.9,56355,26.038,478.81,134.27,0.56199
5612,8470.2,55670,22.079,384.38,128.16,0.49989
5612,8441.5,57127,23.403,641.63,484.21,0.13982
5613,6328.7,57543,32.494,400.05,323.25,0.10618
5613,7075.6,55587,34.771,480.12,197.75,0.41655
5613,7443.5,57437,30.249,486.79,312.3,0.21837
5613,7871.9,55437,33.583,427.64,212.96,0.33512
5613,8367.7,57017,26.955,370.49,222.89,0.24875
5614,7334.6,58046,18.991,938.14,588.11,0.22934
5614,7494.5,56339,30.335,295.77,196.8,0.20093
5614,7851.5,55723,22.596,968.43,468.6,0.34782
5615,7591.8,55880,25.375,1358,770.22,0.27619
5615,7465.4,58046,20.341,570.79,303.82,0.30525
5616,6092,58320,17.56,664.84,311.52,0.36187
5616,7475.4,55915,15.171,855.18,511.7,0.25128
5616,7651,58206,26.048,185.94,131.3,0.17225
5617,7152.2,56567,18.881,485.17,398.73,0.097793
5617,7355.4,55855,24.211,975.52,518.9,0.30555
5618,7189.5,55900,30.985,510.04,222.27,0.39297
5621,5957.5,56226,27.751,505.59,260.37,0.32016
5621,7373.3,55473,34.437,472.53,555.14,-0.08038
5621,7702,56561,21.445,453.9,341.77,0.14093
5622,5805,56109,34.682,216.5,176.35,0.1022
5622,7817.9,56816,31.867,632.54,546.39,0.073074
5622,7846.2,56729,36.069,909.37,797.71,0.06541
5623,7088.8,55671,32.009,502.57,400.02,0.11362
5623,8513.9,56984,18.188,583.02,265.85,0.37363
5624,7052.4,55796,16.026,1030.9,664.28,0.21625
5624,8257.3,55443,27.068,488.42,367.4,0.14141
5624,8548.9,56978,28.057,442.92,199.34,0.37925
5625,8324.6,55487,12.59,795.26,612.02,0.13021
5626,6284.3,57598,26.65,291.42,271.84,0.034775
5626,7423.1,57279,33.339,688.61,585.74,0.08072
5626,7512.5,56847,22.777,575.05,401.9,0.17723
5626,7900,57439,35.021,325.31,224.25,0.18389
5627,7233.2,56656,23.893,1012.2,857.42,0.082801
5628,5723.8,57279,25.409,426.13,148.82,0.48233
5628,5919.6,56558,35.989,543.83,451.7,0.092549
5628,7552.4,57051,27.742,619.71,544.3,0.064788
5629,5996.8,56411,31.256,970.2,729.28,0.14176
5629,6326.5,58260,34.401,231.66,195.16,0.085511
5629,7646.7,57062,23.731,413.53,413.28,0.00029207
5629,8499.1,55448,25.061,481.01,323.18,0.19627
5630,5801.9,57343,35.604,214.94,161.04,0.14338
5630,5932.8,56427,24.503,452.46,390.22,0.07386
5630,6335.9,58307,22.718,475.42,420.5,0.061302
5630,8326.2,55437,19.733,586.08,250.62,0.40093
5631,5918.4,56530,31.051,543.68,513.21,0.028826
5631,5925.2,57520,27.781,232.29,184.84,0.11376
5633,5990.7,56612,27.087,645.73,379.46,0.25972
5633,6508.4,55393,23.443,488.11,194.62,0.42987
5633,7982,58216,28.802,292.69,156.02,0.30457
5634,7555.3,56482,34.257,683.65,497.66,0.15744
5634,7525.8,56447,36.775,807.37,491.19,0.24348
5635,7468.5,56545,21.376,446.33,327.4,0.1537
5635,8000.3,55842,21.384,345.15,103.95,0.5371
5635,8443.9,56529,18.76,1227.6,680.74,0.28658
5635,8479,57430,27.979,394.89,377.56,0.022436
5636,6470,55555,28.226,543.13,381.32,0.17503
5636,6620.5,56195,24.976,258.4,134.8,0.31433
5636,6624.2,57277,20.286,480.3,147.07,0.53115
5636,7964.4,55771,31.851,401.25,260.06,0.2135
5636,8321.4,56492,18.162,642.17,137.87,0.64651
5637,6674.2,57677,23.088,368,150.93,0.4183
5637,8362.7,55488,39.518,813.46,663.82,0.1013
5638,6199.1,56923,25.434,393.69,234.46,0.25349
5638,6914,57581,28.558,367.97,374.19,-0.0083772
5638,7933.9,56516,36.712,218.74,270.57,-0.10591
5640,7435.9,55931,23.004,456.99,538.6,-0.081966
5642,8302.8,57654,30.945,804.29,227.64,0.55881
5643,8437,57738,20.858,709.79,151.69,0.64783
5644,6839.9,55895,31.79,315.56,373.16,-0.08364
5644,7997,57291,24.86,426.68,420.94,0.0067637
5645,6841.2,55797,16.355,341.85,413.04,-0.094297
5646,6437.7,57107,25.368,555.82,444.3,0.11151
5646,6802.2,55814,15.578,377.11,374.85,0.0030099
5646,7632.9,58041,18.901,690.72,494.01,0.16604
5647,6576.3,57256,22.816,634.25,494.46,0.12385
5647,6873.2,55946,14.486,419.97,237.62,0.2773
5647,7659.4,58032,27.481,222.88,266.86,-0.089819
5647,7763.9,55462,18.346,934.11,236.69,0.59568
5648,6485.3,56854,22.64,538.64,363.56,0.19405
5648,7553.4,58010,32.687,401.37,589.41,-0.18979
5648,8061.9,55546,19.315,938.71,224.79,0.61359
5649,6383.2,57007,19.201,1154.8,573.02,0.33671
5649,7689.4,58077,26.652,369.79,378.77,-0.011989
5649,7897.1,57319,22.858,744.03,562.63,0.13883
5650,6214.4,56784,27.807,1484.8,800.94,0.29919
5650,6245.5,56956,18.856,1342.8,675.21,0.33082
5650,7666.8,56959,29.619,968.95,264.61,0.57097
5650,7647.6,58044,22.046,430.06,355.97,0.094251
5651,6364.6,56465,10.734,1304.2,139.38,0.8069
5651,7690.2,57133,33.172,533.88,470.59,0.063001
5651,7647.5,58090,27.04,308.82,499.69,-0.23607
5651,8068.5,56093,26.973,759.14,726.54,0.021945
5652,6355.9,56387,4.0148,2130.7,202.85,0.82614
5652,7908.1,57048,21.01,756.64,502.83,0.20152
5653,7639.5,58050,31.127,200.35,239.62,-0.08926
5653,8005.5,56949,27.232,337.67,135.84,0.42624
5654,6363.3,56394,3.7119,2671.4,224.64,0.84486
5654,7116.5,56484,29.313,521.41,272.95,0.31278
5654,7680.7,58091,34.031,162.91,205.55,-0.11572
5655,7210,56399,25.339,770.78,824.32,-0.033564
5655,7657.7,58137,27.302,348.3,411.1,-0.082701
5656,7723.7,58275,30.008,894.39,622.33,0.17937
5658,7252.7,55688,32.047,309.3,371.26,-0.091048
5658,8214.8,56113,31.576,441.46,136.72,0.52707
5660,6021.3,56826,32.169,361.14,133.43,0.46042
5660,6764.6,56629,33.623,492.74,239.86,0.34517
5660,8352.2,56014,32.983,790.13,461.98,0.26207
5661,5911.3,56877,29.351,365.15,117.11,0.51431
5661,6762.5,56635,28.912,297.6,253.01,0.080983
5661,7975.9,55812,34.917,814.89,626.46,0.13073
5661,8490,56090,26.123,422.64,264.95,0.22934
5663,8021.8,58387,25.946,368.19,288.47,0.1214
5663,8481.1,55519,29.522,290.69,156.4,0.30038
5665,6614.7,56176,18.294,735.17,388.77,0.3082
5665,7143.5,56649,28.661,564.81,473.61,0.087827
5665,8032.9,58294,16.426,822.7,514.69,0.23031
5665,8430.9,55458,27.508,269.28,329.57,-0.10067
5666,6512.3,56009,22.046,292.84,180.6,0.23707
5667,6528.4,56017,28.994,439.61,273.88,0.23228
5667,8226.9,58039,32.243,408.09,208.3,0.32412
5667,8477,55632,20.705,406.52,361.54,0.058574
5667,8656.6,57393,26.348,258.91,118.67,0.37143
5668,6604.5,56262,27.021,190.7,189.62,0.0028376
5668,8442.9,57391,20.065,594.5,507.22,0.079218
5668,8416.6,57944,33.788,706.44,573.31,0.10402
5669,8383.3,57205,22.544,563.58,278.45,0.33862
5670,6741.9,57410,27.334,364.05,219.14,0.24848
5670,8347.1,57008,24.766,400.75,218.26,0.2948
5671,8330.1,57329,28.145,374.78,545.83,-0.1858
5673,6281.1,58149,24.846,452.22,534.35,-0.083246
5674,7704.5,57440,22.837,603.68,539.21,0.05641
5675,7151.5,58263,28.157,515.15,234.84,0.37374
5675,7756.3,57403,23.032,583.44,373.51,0.21937
5676,7193.2,58144,35.103,419.92,195.51,0.36464
5676,7753.7,57316,24.379,703.07,545.08,0.12658
5677,8313.4,58389,34.243,744.69,663.76,0.057462
5678,7481.3,56321,15.568,1445.6,611.25,0.40564
5679,7464.1,56207,23.477,236.35,115.35,0.34403
5680,7920.4,58286,33.969,295.78,621.45,-0.35505
5681,7130.4,56211,27.303,447.17,353.6,0.11685
5682,6802,56132,32.855,439.13,357.7,0.10219
5683,7096.8,56838,29.655,307.54,194.04,0.22629
5684,8035.6,55692,27.888,555.81,255.04,0.37093
5686,7076.8,56495,34.923,224.21,154.61,0.18373
5687,7292.3,56444,19.195,400.31,166.16,0.41334
5689,7184.4,55991,29.679,423.24,344.81,0.10211
5689,7654.1,56699,36.749,346.02,168.34,0.34544
5690,7166,55969,28.137,240.73,116.09,0.34931
5690,7781.2,56611,32.326,639.41,600.02,0.031782
5691,7226.3,55807,14.014,539.26,449.46,0.090827
5691,7471.6,57036,35.1,590.68,431.95,0.15522
5691,7815.4,56575,26.629,739.57,416.71,0.27923
5692,6824.5,55948,30.8,372.05,178.91,0.35056
5693,8579.3,55729,28.817,359.13,211.04,0.25973
5694,6032.2,56357,31.728,732.82,545.24,0.14677
5694,6467.9,57002,37.136,644.43,324.18,0.33063
5694,6790.8,58338,30.23,481.93,291.83,0.24568
5694,8623.4,55609,26.308,257.25,142.28,0.28778
5695,6110.4,56319,24.539,528.5,222.62,0.40723
5695,7516.9,57386,25.9,757.92,454.32,0.25045
5696,6080.8,57728,33.494,478.15,292.23,0.24134
5696,7274.9,58297,32.808,372.1,244.27,0.20738
5696,7582,57585,28.648,971.71,728.52,0.14303
5696,8561.1,55479,35.255,537.37,208.66,0.44061
5697,5749.9,56256,25.861,725,742.24,-0.011755
5697,6045,57595,27.308,412.75,200.7,0.34567
5697,7137.7,57199,29.373,481.6,232.38,0.34905
5697,7283,57799,32,674,419.08,0.23322
5698,5669.3,56433,28.045,338.22,203.02,0.24978
5699,5684.9,56695,26.398,539.93,318.48,0.25797
5699,7209.9,57819,22.249,545.48,174.36,0.51557
5700,5849,56872,29.107,561.18,286.29,0.32437
5700,6736.6,56748,27.396,335.56,104.4,0.5254
5700,7762.6,56773,32.763,479.2,263.3,0.29077
5701,5891.2,56093,25.011,540.82,559.29,-0.016789
5705,8141.8,55747,34.425,445.35,459.22,-0.015339
5706,6193.4,56540,29.831,578.58,363.74,0.22799
5706,8472.4,55583,34.558,187.69,136.16,0.15914
5707,6107.3,56469,17.414,388.42,272.79,0.17488
5708,5698.2,55677,25.852,484.69,108.16,0.63513
5710,6260.6,57120,25.593,492.01,225.21,0.37199
5711,6171.8,55582,22.242,255.13,182.9,0.1649
5712,6665.3,56131,27.991,247.85,131.62,0.3063
5712,6635.9,58169,24.237,559.02,534.4,0.022516
5713,5816.3,57578,34.719,303.59,143.2,0.35898
5714,6841.8,55392,32.582,259.39,250.75,0.016941
5716,6417.2,56733,32.847,293.1,276.67,0.02883
5717,6484.5,57082,19.6,491.95,295.12,0.25007
5718,6121.2,57180,25.166,1009.3,363.84,0.47005
5719,5966.1,56427,35.971,600.8,490.29,0.10128
5721,6369.7,56577,28.682,836.73,639.85,0.13334
5721,6609.6,58017,42.644,350.51,101.04,0.55249
5722,5960.4,57840,35.197,209.62,195.83,0.034003
5722,7487.9,55783,24.614,343.69,528.24,-0.21166
5723,5913,57648,29.049,388.99,360.08,0.038593
5723,7446.2,58183,31.709,396.98,100.2,0.59692
5723,7796.9,57594,20.145,442.7,235.14,0.30621
5724,5862.8,57613,15.035,658.43,529.31,0.10871
5724,7681.1,58114,35.908,552.65,462.94,0.088329
5725,6102.9,58369,28.883,644.67,409.84,0.22269
5725,7892.6,58170,33.233,388.48,208.66,0.30114
5727,6745.2,57778,24.929,631.48,378.05,0.25104
5727,7172.9,56719,21.738,342.66,195.49,0.27347
5728,6125.7,56045,24.119,575.36,341.63,0.25489
5728,6949.4,57850,22.058,1256.1,891.62,0.1697
5728,7194.4,56394,34.833,315.71,268.62,0.0806
5728,7984,56860,26.9,987.6,662.01,0.19737
5729,6216.4,55942,29.562,485.29,368.23,0.13715
5729,6818,57863,20.314,767.87,639.12,0.091507
5730,6540.8,57734,33.307,679.13,716.95,-0.027093
5730,7904.7,57569,21.704,780.05,266.88,0.49016
5731,8168.6,57522,32.783,694.89,340.86,0.34181
5732,6382.6,56635,28.938,562.26,442.26,0.11945
5732,7004.2,58100,24.669,784.79,534.69,0.18954
5732,7743.4,57504,26.996,806.16,538.03,0.19948
5732,7864.4,56194,28.274,976.64,491.05,0.33085
5733,6397.8,56421,24.654,340.07,195.74,0.26936
5733,6377,58055,31.532,316.86,354,-0.055359
5733,8071.5,56282,36.712,707.4,458.11,0.21389
5734,6524.4,56605,24.942,600.37,444.26,0.14944
5734,7964.5,56536,17.481,752.19,278.36,0.45979
5735,6756.9,55828,27.597,596,261.38,0.39028
5738,7770,58352,18.836,584.85,225.3,0.44381
5739,6145.7,55688,34.177,248.5,156.35,0.22761
5739,7503.4,58278,21.847,841.64,317.85,0.45174
5740,6215.1,55810,34.812,444.69,447.52,-0.0031772
5740,7372.3,58313,28.669,791.83,619.21,0.12233
5741,7416.9,58155,28.885,685.85,484.79,0.17175
5742,7498.1,57942,23.229,332.15,186.62,0.28053
5742,7730.5,57130,25.819,451.73,190.19,0.40744
5742,8612.7,58136,22.388,513.16,299.46,0.26298
5743,6672.9,56503,29.213,404.67,431.19,-0.031718
5744,5678.5,56440,25.7,1201.8,882.09,0.15344
5744,6722.5,56656,26.763,552.03,307.04,0.28517
5744,7738.9,57574,16.182,701.92,510.86,0.15754
5745,7026.4,56359,25.124,534.55,493.27,0.040161
5745,8659.5,57941,33.341,466.55,160.69,0.48764
5746,6108.4,56407,21.459,855.39,378.13,0.38691
5746,7166.4,56366,18.051,411.9,351.65,0.078906
5746,7367.5,55432,29.918,255.06,100.54,0.43454
5749,7180.1,56433,20.522,673.33,365.56,0.29624
5749,7557.6,55982,19.502,436.19,250.16,0.27104
5750,7167,56591,18.904,859.23,368.91,0.39924
5751,7132.8,56445,18.648,696.4,472.3,0.19176
5752,7004.5,56591,27.033,723.21,467.09,0.21517
5752,8297.6,57572,24.943,1033.8,586.16,0.27634
5753,6856.6,56674,32.013,307.32,169.28,0.28963
5754,6148.5,56903,25.18,1145.5,868.33,0.13762
5754,8031.2,57203,23.194,931.45,883.53,0.0264
5755,8162.9,56712,30.415,741.02,469.99,0.2238
5755,8323.8,57993,21.492,600.09,285.08,0.35588
5755,8572.8,57270,26.152,953.48,683.77,0.16473
5756,6707.6,56019,25.427,472.22,252.5,0.30319
5756,7312.4,56731,20.08,1576.2,1103.1,0.17658
5756,7908.5,56743,30.704,1072.6,712.96,0.2014
5757,7528.8,56745,23.024,468.27,406.18,0.071003
5758,7209.8,56480,18.963,756.46,761.85,-0.0035445
5759,6796.5,56110,19.31,566.9,426.91,0.14086
5759,7882.6,56413,36.378,298.76,321.38,-0.036467
5760,7090.1,56024,28.116,518.54,495.69,0.022522
5760,7954.8,56349,30.077,375.01,511.8,-0.15425
5761,7349.5,56021,41.753,505.62,565.49,-0.055897
5762,7464.3,56075,29.115,400.29,267.24,0.19932
5763,6280.7,57368,22.811,595.76,423.81,0.16865
5763,7828.1,56654,21.668,360.17,157.35,0.39191
5764,6384.7,57424,19.067,1224.9,984.55,0.1088
5765,6566.4,57131,16.717,827.09,377.98,0.37269
5765,7205.2,58206,29.944,661.83,756.56,-0.06679
5766,5955.3,57956,31.132,270.14,181.26,0.19689
5766,6524.2,56087,29.205,488.85,290.32,0.2548
5766,6759,57406,33.451,209.15,176.72,0.084051
5766,7333.6,55917,34.469,237.12,143.82,0.24491
5766,7259.7,57997,24.439,1094.6,829.58,0.13775
5767,7288.7,58023,29.802,242.27,181.54,0.14329
5768,6161.6,56269,20.476,518.48,366.35,0.17194
5768,7351.1,57418,34.73,373.79,234.41,0.22918
5769,5906.6,57965,25.253,299.97,326.38,-0.042167
5769,7321.6,56088,24.127,351.05,337.26,0.020048
5770,5899.3,56000,26.75,447.85,267.89,0.25143
5771,7034.2,56239,19.113,961.84,492.05,0.32313
5771,8448.6,55476,31.631,490.82,416.45,0.081973
5771,8658,57717,23.498,715.64,546.7,0.13383
5772,6140.8,58268,23.11,267.55,184.21,0.18447
5772,7038.4,57694,26.343,469.44,181.01,0.44344
5772,7283.6,56157,39.073,478.1,237.14,0.33689
5773,6818.5,55890,28.695,170.57,155.94,0.044808
5775,6510.6,55846,23.601,710.71,411.65,0.26646
5775,8648.8,56129,28.655,326.69,179.38,0.29108
5776,8567.4,56144,21.907,435.03,321.02,0.15079
5777,6710.2,55606,28.28,374.06,205.23,0.29145
5778,6266.1,56948,30.228,539.55,383.19,0.16946
5778,6694.2,55525,29.44,244.36,173.05,0.17086
5779,7832.4,58173,38.823,124.79,164.49,-0.13725
5780,7194.2,56187,32.582,277.57,116.34,0.4093
5781,7170,55752,31.224,632.18,481.92,0.13488
5782,7120.8,55557,31.928,257.87,181.13,0.17481
5783,6547.8,58317,25.815,416.3,255.68,0.23903
5783,7311.6,55488,35.072,259.86,134.03,0.31947
5784,6501.4,58226,33.138,390.67,310.03,0.11509
5784,7215.6,57641,21.63,538.97,399.64,0.14844
5784,8425,55570,20.602,351.43,204.52,0.26425
5784,8642.1,57044,21.672,642.5,490.26,0.1344
5786,6378.5,58261,33.168,330.27,284.21,0.074958
5786,6880.8,55555,32.224,254.39,111.21,0.39165
5786,8451.5,55541,26.62,368.48,325.16,0.062456
5787,5674.2,56404,33.025,1174.2,747.36,0.22213
5787,6602.5,58206,30.366,258.15,141.66,0.29138
5790,6831.1,57633,20.202,477.31,305.11,0.22008
5791,5686,56262,20.382,888.62,300.94,0.49403
5792,7043.6,57765,26.619,515.44,426.46,0.094465
5792,8071,58211,15.425,520.39,247.5,0.35537
5792,8161.5,56502,35.374,628.41,542.56,0.073317
5793,7115.6,56432,30.325,335.12,354.95,-0.028733
5793,7622.2,57272,30.309,416.52,179.77,0.39703
5794,7157.8,57979,34.167,300.46,177.54,0.25717
5794,7826.1,57548,16.209,605.44,301.44,0.33521
5794,8290.2,55406,29.502,313.79,213.48,0.19024
5795,5742.4,56419,32.297,349.99,247.99,0.17057
5795,7325.9,58006,28.447,225.26,131.4,0.26315
5797,5760.6,56127,22.974,475.13,198.49,0.41068
5797,6457.2,57929,38.208,250.17,170.44,0.18957
5797,7218.9,57818,28.124,397.78,149.18,0.4545
5798,8136.6,55471,25.37,866.43,206.68,0.61481
5799,7609.7,57812,30.62,392.12,325.15,0.093365
5800,7282.9,57902,24.463,538.77,465.74,0.072705
5800,7488.5,56837,16.128,567.95,285.44,0.33105
5801,5696.4,55608,30.182,563.91,329.96,0.26173
5801,7541.8,57023,22.686,496.19,214.92,0.39553
5802,7557.4,57106,33.32,379.79,413.68,-0.042717
5803,7469.5,58267,30.49,632.64,378.96,0.25077
5804,5914.5,55557,26.58,532.68,213.09,0.42853
5804,8513.5,55571,25.514,493.87,239.33,0.34718
5806,7853.1,55620,24.917,421.23,248.83,0.25728
5806,8458.4,55713,38.003,297.51,313.19,-0.025682
5807,5709.4,58220,29.776,415.01,272.3,0.20764
5808,5684.4,56805,25.368,260.16,103.6,0.43041
5808,5865.8,58313,20.178,407.97,156.16,0.44637
5809,6792.2,55881,24.89,277.35,152.13,0.29156
5809,7979.7,55619,34.359,298.76,354.91,-0.085897
5809,8488.5,56254,30.144,319.35,346.45,-0.040709
5810,8542,56295,29.244,551.37,481.65,0.067498
5811,8283.6,55638,35.799,308.15,186.57,0.24574
5811,8657.7,56226,29.644,828.65,776.49,0.032499
5812,6961,56813,26.66,500.13,295.89,0.25658
5813,6913.7,56770,18.329,763.9,354.26,0.36635
5813,7014.1,56295,23.021,965.83,467.35,0.34782
5813,8451.6,55658,15.965,518.98,313.79,0.2464
5813,8424,56521,19.262,705.69,392.99,0.28462
5814,8425.6,55764,28.043,435.4,512.16,-0.080999
5814,8370.4,56457,24.078,357.82,190.97,0.30402
5815,5871.5,57986,34.465,478.96,393.14,0.098401
5816,5734.8,57239,28.292,413.05,282.66,0.18741
5816,6399.9,56021,26.601,623.76,320,0.32187
5816,7038.6,56357,21.081,352.12,205.88,0.26208
5817,6061.5,57355,48.92,796.59,630.49,0.1164
5817,6551,55989,28.271,590.14,300.81,0.32475
5817,7880.6,56488,23.653,512.16,316.11,0.2367
5818,6284,57476,31.657,446.21,232.01,0.31583
5818,7145.2,56598,22.499,244.51,192.5,0.119
5818,8054.1,56596,25.302,760.95,646.5,0.081316
5819,8055.2,56648,28.838,549.99,297.33,0.29818
5820,7207.4,56616,19.404,493.61,453.45,0.042407
5820,7798.5,56629,21.517,627.63,339.55,0.29786
5822,6204.7,58304,29.067,194.94,108.45,0.28507
5824,6634.7,58140,27.014,344.9,282.51,0.099436
5825,8060.4,58199,34.533,726.44,314.05,0.39634
5826,7432.5,56411,32.69,286.18,175.96,0.23851
5826,8136.7,55402,35.537,293.08,273.88,0.033875
5827,6711.5,57796,31.58,524.29,304.6,0.26504
5827,8164.4,57741,32.346,292.78,251.25,0.07633
5828,6450.7,57800,31.664,321.82,168.26,0.31334
5828,8481.6,55860,26.572,282.68,234.09,0.094019
5829,8059,56913,23.769,747.36,454.47,0.24371
5829,8398.9,55830,37.308,311.78,197.76,0.22376
5829,8416.5,56892,29.25,919.76,982.45,-0.032956
5830,6539.6,55729,34.612,688.78,365.24,0.30696
5830,7869.2,57257,13.386,1459.7,820.74,0.2802
5830,8614.5,56896,22.836,392.65,597.54,-0.20692
5831,6423.3,56062,25.307,511.39,319.18,0.23143
5831,8256.2,55978,25.172,524.34,186.74,0.47476
5832,6923.8,56494,29.806,492.38,419.77,0.079606
5833,7029.7,56725,21.465,1541,1327.3,0.074494
5834,8602.5,57206,20.517,853.12,355.65,0.41156
5835,6031.4,58244,28.875,580.15,559.94,0.017731
5835,8283.3,57351,22.997,621.28,433.81,0.17768
5836,5830.5,58304,26.585,607.06,611.12,-0.0033342
5836,8304.4,57620,22.419,642.8,458.1,0.16777
5837,6626,56569,25.612,356.15,205.75,0.26766
5838,5790.3,58298,27.896,313.43,225.76,0.16259
5839,6950.9,55781,34.362,389.68,286.19,0.15312
5839,8116.8,56818,24.415,421.2,161.58,0.44547
5840,6785.6,56241,26.443,612.83,348.83,0.27452
5840,8090.3,56620,21.618,790.07,696.48,0.062958
5841,6895.9,55710,32.028,309.66,252.99,0.10071
5841,8082.5,56373,30.536,586.14,348.55,0.25419
5842,6253.1,56814,32.651,595.61,652.91,-0.04589
5842,6818.7,55834,30.316,246.58,199.47,0.10561
5844,6531.2,56959,23.642,413.84,336.1,0.10366
5845,5734,56579,34.537,719.62,416.17,0.26717
5845,7398.8,56058,30.013,294.76,225.44,0.13327
5846,5924.3,56802,26.327,544.33,480.53,0.062247
5846,7913.6,55840,33.468,591.07,272.51,0.36888
5847,7781.5,55875,33.041,701.51,538.16,0.13177
5848,7535.3,55866,21.593,718.21,302,0.40796
5849,6317.5,58362,23.33,1105,514.18,0.3649
5849,8253.8,58284,24.99,249.44,246.64,0.0056463
5850,6115.7,56753,26.359,401,163.27,0.42131
5850,7635.7,57007,20.874,603.08,381.63,0.22489
5851,5995.2,56629,31.971,486.23,410.77,0.084124
5851,7653.2,57130,22.838,533.71,317.93,0.25337
5852,5700.9,56352,25.422,579.46,198.8,0.48911
5853,5827.2,56254,22.928,574.74,233.16,0.4228
5853,6729.9,57421,35.97,482.86,359.02,0.1471
5853,8516.4,56983,24.736,772.61,662.2,0.076948
5854,5740.3,56212,18.984,400.97,149.05,0.45803
5854,6667.4,57092,27.86,590.09,406.81,0.18384
5854,8218,56953,25.806,342.24,340.7,0.0022616
5855,6543.3,57092,30.125,331.14,134.67,0.42178
5855,7071.5,55590,32.241,211.32,175.44,0.092793
5856,5869.4,56093,32.827,350.38,126.61,0.46912
5856,8010.1,56641,31.701,361.78,280.25,0.12699
5858,7485.1,56872,25.776,485.85,316.97,0.21035
5858,7447.3,56182,31.156,594.59,302.31,0.32588
5858,8078.3,58239,22.333,632.14,477.82,0.13904
5859,6617.8,57111,23.795,410.96,257.35,0.22985
5859,7493.5,56108,27.901,333.13,228.4,0.18651
5859,8638.4,56023,24.193,311.2,294.99,0.02674
5860,7518.8,55994,30.32,353.21,221.95,0.22822
5861,6039.4,57165,32.213,286.12,132.86,0.3658
5861,7777.9,55826,23.124,404.28,321.01,0.11481
5861,7974.5,57002,23.58,489.82,406.61,0.092828
5862,6763.9,56275,22.62,628.78,471.73,0.14271
5862,7924.2,55856,36.939,468.71,373.06,0.11363
5863,7126.8,56385,17.503,1405.7,1043,0.14813
5863,7843.4,56866,36.874,347.57,212.12,0.24201
5864,6444.9,56808,18.928,818.93,450.19,0.29054
5865,6318.7,56412,34.513,629.69,524.69,0.09096
5865,7237.3,56423,11.962,675.32,422.33,0.23048
5865,8274.9,57592,32.031,638.71,348.38,0.29413
5866,6611.6,57131,33.458,303.3,256.1,0.08437
5866,7221.1,56610,29.378,371.19,220.14,0.25544
5866,7809.3,57995,29.442,569.41,397.18,0.17819
5866,8002,57563,26.093,402.33,250.2,0.23314
5867,8144.1,57434,29.218,534.46,386.88,0.16017
5868,6967.5,57456,28.825,289.31,293.33,-0.0068907
5868,7610,57001,27.009,468.55,192.46,0.41768
5868,8360.1,57325,20.729,718.31,462.2,0.21695
5868,8381.7,58280,24.981,291.39,118.9,0.42042
5869,5906.8,57736,26.817,749.59,467.45,0.23183
5869,6569.5,57330,34.032,381.81,363.21,0.024967
5869,8316.5,58291,26.951,461.58,317.16,0.18545
5870,6060,57992,32.72,573.13,501.63,0.06652
5870,8006.1,57167,23.028,735.16,358.86,0.34396
5871,6170.5,57276,14.489,1272.8,972.32,0.13385
5871,8021.8,57160,29.946,454.99,187.36,0.41664
5872,6463.9,57857,32.599,463.25,429.63,0.037658
5872,7003.7,56267,29.184,404.9,112.53,0.56504
5873,6620.7,57720,27.213,396.43,388.61,0.0099629
5873,8079.1,57111,23.211,621.08,468.35,0.14019
5873,8579.4,55432,34.92,455.36,606.73,-0.14252
5874,8415,57273,21.274,584.66,245.29,0.40891
5875,6411,57158,19.474,617.1,303.77,0.34026
5875,8434.9,57494,24.754,608.88,376.43,0.23592
5876,6023.8,57993,22.86,662.75,400.64,0.24649
5876,6758.1,56746,28.934,629.8,234.66,0.4571
5876,7392,57952,29.512,424.42,450.06,-0.029329
5876,8420.4,57737,22.008,585.14,274.51,0.36135
5877,6358.7,57147,25.741,725.17,277.85,0.44598
5877,6496.8,57991,28.335,589.44,650.89,-0.049539
5878,7356.8,56751,27.483,289.75,107.77,0.4578
5879,6710.6,57828,26.791,817.69,814.01,0.0022554
5879,8423,57390,36.606,508.72,382.33,0.14185
5880,6058.7,56232,37.825,699.34,271.9,0.4401
5880,6880.7,57753,31.079,543.85,294.49,0.29744
5881,7604.4,58390,28.367,281.46,171.84,0.24181
5882,8266.3,57921,19.621,912.56,550.56,0.24742
5883,6749.6,56132,15.435,717.71,391.52,0.29407
5884,7919.2,58353,30.461,429.8,355.59,0.094485
5885,8129.6,56912,31.73,636.43,842.39,-0.13927
5886,8115.9,57082,28.216,573.93,210.3,0.46368
5887,7670.7,56461,33.276,515.82,241.64,0.36197
5887,8046.1,57068,25.059,726.58,607.32,0.089404
5888,6213.4,56089,22.782,510.4,551.26,-0.038494
5890,5772.1,56326,29.81,565.59,449.71,0.11414
5890,5993.1,57624,28.622,1351.3,1174.1,0.07014
5891,5738.5,56372,32.239,181.85,182.92,-0.002934
5891,6031.6,57880,31.582,429.51,278.01,0.21412
5893,7528.4,56096,18.348,693.3,613.72,0.060884
5894,7490.7,56134,15.131,601.15,450.29,0.14348
5896,7691.4,56546,34.76,242.77,132.11,0.29517
5897,7196,56398,24.005,452.63,221.51,0.34284
5897,7719.9,57038,25.36,480.03,349.67,0.15711
5898,6604.4,56319,33.192,556.8,952.06,-0.26196
5898,7754,57442,18.762,1250.3,616,0.33986
5898,7761.1,57000,28.656,668.96,395.97,0.25635
5898,8102.2,55993,21.624,475.87,357.52,0.14201
5899,6725.7,56414,29.832,631.21,789.66,-0.11152
5899,7819.9,57277,15.765,822.59,454.56,0.28817
5899,8364,56127,33.34,435.61,339.51,0.12398
5900,6070.9,57362,21.527,512.3,372.14,0.15847
5900,8026.3,57324,24.382,282.76,208.82,0.15041
5901,6632,55943,33.337,268.77,348.34,-0.12894
5901,8580.9,55881,33.583,366.28,185.79,0.32694
5902,8153,56725,24.848,377.3,187.55,0.33593
5903,7347.9,55429,33.475,478.32,403.08,0.085361
5904,6662.3,56285,30.393,667.79,824.82,-0.1052
5904,6953.3,55430,28.647,192.94,167.85,0.069524
5905,7769.6,56753,37.114,560.95,386.03,0.18471
5905,7970.4,56017,29.833,727.71,363.21,0.33413
5906,7098.7,56826,32.61,459.1,221.06,0.34998
5906,7859.8,56446,14.773,1113.7,727.87,0.20951
5907,7722.3,56580,26.407,988.8,603.22,0.2422
5907,7725,56567,26.381,1002.8,623.1,0.23354
5908,6607.8,56067,19.521,383.16,159.71,0.41161
5908,7593.7,57539,30.772,328.14,295.83,0.051786
5908,8034.4,55904,28.817,311.3,117.96,0.45041
5909,6412.9,55829,34.628,327.06,115.83,0.47693
5909,7663,56488,19.962,477.48,343.24,0.16356
5910,7551.4,57418,34.29,533.82,412.73,0.12793
5910,7722.5,56537,28.7,260.91,248.67,0.024038
5910,8327.2,57427,24.555,344.3,161.44,0.36157
5911,5887.5,55524,29.39,323.94,181.18,0.28261
5911,7389.5,57529,25.878,655.91,657.51,-0.0012193
5912,7405.1,57921,19.811,1389.2,834.93,0.2492
5912,7921.2,55731,23.908,440.37,265.11,0.24843
5912,8280.1,56162,30.429,374.42,229.45,0.24007
5913,7293.5,57749,40.161,1010,862.29,0.078871
5913,8297.1,56051,25.714,285.9,328.59,-0.069465
5914,7070.3,57447,17.093,666.33,559.69,0.086978
5914,7999.7,57807,36.555,694.63,520.37,0.14342
5914,8380.1,55747,21.501,258.74,241.56,0.034342
5915,7013.6,57468,28.315,314.91,269.78,0.077195
5915,7092.9,57993,34.219,360.07,253.88,0.17296
5916,7161.8,55773,29.845,182.75,152.07,0.091653
5916,7629.7,58107,25.653,309.19,132.15,0.40113
5917,6233.2,58182,18.754,652.9,484.84,0.14771
5917,7587.7,58138,33.581,736.88,681.47,0.039067
5918,6146.8,57998,35.426,665.03,570.38,0.076615
5919,5768.7,55520,26.365,1263.9,445.57,0.47871
5919,7594.8,58078,21.468,707.4,275.95,0.43875
5920,7213.6,56584,18.251,460.82,252.39,0.29225
5920,7721.9,58253,19.979,637.53,182.36,0.55516
5921,6520.2,57461,20.207,293.8,109.35,0.45753
5921,7078.7,55793,20.082,476.13,177.58,0.45671
5922,6951.7,55686,19.361,1203.8,514.08,0.40149
5922,8414.4,55744,42.398,589.35,399.53,0.19195
5923,7139.9,55545,25.103,713.66,643.48,0.051711
5923,7421.9,56957,31.869,278.42,253.78,0.046303
5923,8496.6,55748,26.627,556.73,294.32,0.30833
5924,7519.7,58095,33.394,153.09,130.56,0.079428
5926,6107.8,57476,33.931,338.02,117.15,0.48525
5927,6025.6,57632,30.269,364.5,166.88,0.37192
5928,7797.3,55673,30.047,627.84,326.63,0.31558
5929,6344.7,55622,28.105,353.14,135.93,0.44413
5929,8014.4,55617,28.84,592.22,220.75,0.45693
5930,8115.1,55465,33.816,454.03,390.65,0.075034
5931,6078.9,56070,24.283,448.73,304.23,0.19192
5932,6327.7,56303,27.232,364.72,397.05,-0.042448
5933,6204.4,56377,32.552,483.94,293.25,0.24536
5933,7539.6,57110,37.627,465.37,335.95,0.16151
5933,8490.1,57695,17.987,919.25,718.89,0.12231
5934,7578.2,56989,23.642,533.11,343.21,0.21671
5934,8525,57634,20.218,876.93,413.63,0.35899
5935,6619,56389,18.123,743.44,505.54,0.19048
5935,8225,55690,26.639,429.26,186.89,0.39335
5935,8460.7,57503,19.33,932.58,691.04,0.14876
5936,7037,56550,24.217,567.84,470.87,0.093358
5936,7177.9,58064,35.952,308.13,205.74,0.19925
5936,8215.8,55564,29.894,807.83,863.31,-0.033196
5936,8348.4,57571,20.026,674.87,475.83,0.17297
5937,6995.1,56775,29.605,531.32,568.36,-0.033682
5937,8369.2,55920,29.389,329.8,179.56,0.29497
5937,8494.5,57477,30.946,711.77,316.66,0.38419
5938,6799.6,56545,24.868,889.61,714.64,0.10907
5938,7241.7,58236,42.601,291.31,357.91,-0.10258
5938,7885.4,57507,28.572,387.87,155.14,0.4286
5938,8555.9,55882,20.739,1265.8,677.42,0.30278
5939,7107.3,56949,30.289,810.93,304.93,0.45346
5939,8458.5,57442,31.714,615.08,123.57,0.66542
5939,8451.6,55785,21.619,1494.9,885.78,0.25585
5940,5742.1,57971,37.535,225.85,218.06,0.017544
5940,8247.5,55936,25.476,1017.2,719.85,0.17117
5941,6447.8,57897,28.826,230.93,112.82,0.34357
5941,8348.3,56012,32.78,336.22,139.26,0.41424
5942,6486.9,57992,35.506,565.91,465.17,0.097702
5942,6635.3,56159,31.259,306.86,205.1,0.19877
5943,6618.3,58274,30.979,601.71,289.48,0.35036
5943,8362.2,55943,41.887,622.38,474.77,0.13455
5944,7069.8,57764,27.804,496.81,607,-0.099826
5944,8118.6,56198,26.912,1012.5,798.88,0.11795
5945,8367.9,55792,22.987,1128.8,705.5,0.23076
5946,5735.9,55457,21.373,391.61,126.43,0.51188
5946,7845.6,55889,28.773,584.73,350.66,0.25024
5948,6762.3,56611,32.132,784.03,235.67,0.53777
5948,8427,58190,26.061,786.05,764.52,0.013885
5949,6674.9,56327,24.108,258.33,182.9,0.17097
5949,8443.6,58295,24.559,750.4,373.28,0.33561
5950,6257.1,56350,24.777,202.94,148.5,0.1549
5950,6783.3,56989,18.261,782.26,526.46,0.19546
5950,7515.8,56149,20.955,490.46,457.09,0.035221
5951,6269.8,56338,29.031,332.17,225.86,0.19051
5951,6516.8,57208,22.783,740.18,411.11,0.28583
5952,7638.1,55706,31.797,490.99,483.06,0.0081503
5956,7520.9,55892,18.975,702.46,462.28,0.20622
5957,7440.1,55919,31.573,458.74,229.09,0.33387
5958,5689.7,55531,22.834,718.85,595.61,0.093761
5958,6285.5,56630,27.006,742.36,502.9,0.19229
5959,5856.4,55551,34.174,413.12,323.48,0.12169
5959,6087.4,56690,30.788,433.78,347.27,0.11076
5959,6665.2,55700,27.24,382.59,331.59,0.07141
5960,6045.1,56677,22.96,562.04,297.91,0.30714
5961,5913.7,55571,29.072,452.71,491.65,-0.041236
5961,5970.4,56679,30.355,548.71,281.69,0.32156
5961,7848.9,56331,18.993,789.88,478.18,0.24581
5962,5894.7,56679,29.125,372.74,428.09,-0.069111
5962,7867.6,55571,38.428,419.01,188.23,0.38005
5963,6607.1,56410,27.568,737.06,480.44,0.21078
5963,8045.8,56569,17.184,1471.1,968.53,0.206
5963,8379.7,55733,19.727,1035.3,468.76,0.37666
5964,6609.8,56358,32.724,575.71,394.71,0.18651
5964,7653.4,56178,31.228,680.65,457.17,0.19641
5965,7009.9,56484,30.052,724.7,647.81,0.056015
5965,8170.6,57362,24.106,704.8,600.59,0.079838
5966,5772.7,56752,33.669,576.94,392.17,0.19066
5966,6802.8,56638,34.837,279.24,160.97,0.26868
5966,7129.2,55580,23.727,1291.9,930.16,0.16278
5966,8049.6,56434,38.391,315.23,219.51,0.17901
5966,8307.5,57581,18.937,969.18,757.5,0.12259
5967,5717.7,58358,29.047,397.49,328.13,0.095593
5967,5816.3,55683,31.951,381.62,111.38,0.54816
5967,7252.1,55603,26.425,609.02,380.27,0.23122
5968,5685.8,55876,30.386,416.24,193.46,0.36539
5968,7093.1,55716,28.631,358.03,301.56,0.085616
5968,8053.2,56632,34.084,264.57,173.67,0.20742
5969,6926.8,55873,26.748,590.22,390.23,0.20398
5969,7436,57342,31.327,207.62,163.04,0.12027
5970,6677.6,55661,30.621,406.36,252.4,0.23371
5970,7206.6,56362,13.47,683.15,474.16,0.18058
5970,8019,57624,22.249,326.14,139.54,0.4007
5970,8025.9,55499,38.508,510.01,383.58,0.14148
5971,7245,56566,17.322,950.58,707.31,0.14673
5971,8159.2,55811,13.972,425.88,346.61,0.10263
5971,8168.3,57651,18.77,820.63,449.72,0.29197
5972,7257.7,56541,31.521,597.31,316,0.30801
5972,7809,57034,24.027,582.56,324.47,0.28454
5973,6385.2,56423,35.93,331.76,270.82,0.10113
5973,6636.4,55623,29.2,489.86,343.95,0.17499
5973,7659.9,58336,21.641,738.1,763.48,-0.016901
5974,7851,57577,27.702,481.73,364.56,0.13845
5976,6609.2,55658,33.685,636.49,475.98,0.14428
5976,6634.9,57747,35.942,225.41,244.26,-0.040138
5976,8149.9,58228,31.599,495.05,476.76,0.018822
5977,6672.4,55763,26.668,693.22,461.93,0.20022
5977,7910,57987,37.598,426.24,243.87,0.27216
5977,8375.1,56861,36.763,435.9,321.41,0.15119
5978,7927.5,56908,31.038,642.83,531.32,0.094976
5978,7895.6,58133,28.326,593.26,517.94,0.067781
5979,8040.1,58146,18.86,1066.3,844.13,0.11627
5979,8511,57258,32.723,480.01,352.49,0.15318
5980,7951.4,58096,16.137,623.85,343.83,0.28937
5981,7714.8,57975,29.804,372.5,236.47,0.22338
5981,8480.2,57439,25.823,768.47,365.21,0.35571
5982,5745.4,57234,27.458,364.96,297.06,0.10256
5982,6312.4,55522,30.291,830.28,581.28,0.1764
5982,7586.4,57912,18.85,452.28,267.45,0.2568
5982,7803.7,56277,30.363,200.53,203.7,-0.0078543
5982,8354,57533,21.398,921.74,543.97,0.25774
5983,7741.9,56408,34.184,224.15,200.8,0.054953
5983,7686.1,57967,32.47,377.18,297.09,0.11878
5984,6400.5,55609,35.729,784.06,753.12,0.020133
5984,6536.1,55625,20.189,807.95,799.6,0.0051899
5984,7503.5,57977,13.065,1008.9,668,0.20328
5985,6181.8,56077,26.931,414.44,213.84,0.31929
5985,7563.8,57829,21.365,739.98,323.87,0.39113
5986,5899.5,57815,32.956,315.72,186.43,0.25746
5986,6034.3,56187,29.012,513.77,474.36,0.039885
5987,7759.6,58344,25.041,652.87,376.1,0.26898
5988,6180.7,58184,27.569,395.88,304.09,0.13113
5988,7425.3,56061,25.734,525.62,361.39,0.18514
5988,7924.3,58210,29.81,568.68,294.01,0.3184
5989,6904.1,57696,25.615,355.87,283.05,0.11398
5989,7319.9,56451,19.404,850.39,230.14,0.57402
5990,6663.2,55578,36.483,172.7,104.99,0.24384
5990,6899.5,57686,23.078,582.12,479.83,0.096321
5990,7390.7,56609,22.489,712.62,601.24,0.084776
5990,7930.2,58354,21.341,283.72,112.96,0.43048
5991,6606,55638,23.323,331.52,268.26,0.10548
5991,7260.3,57771,34.247,795.83,617.39,0.12626
5992,5771.5,56856,28.804,315.42,127.16,0.42535
5992,7178.5,56522,20.993,344.11,231.58,0.19546
5993,6145.5,56871,24.411,489.87,324.36,0.20327
5993,8478.1,55696,17.442,304.37,330.6,-0.041293
5994,6146.1,56957,25.411,1344.3,1281.3,0.02396
5994,6315.6,57398,22.673,1630,988.94,0.24478
5995,6039,55631,22.119,631.55,418.87,0.20247
5995,6278.5,57063,34.591,738.16,522.68,0.1709
5995,6256.4,57379,30.536,723.34,554.17,0.13243
5995,7673.7,56965,32.972,784.19,479.13,0.24148
5996,5889.8,58170,24.87,493.54,270.57,0.2918
5996,6007.1,55615,23.406,701.31,354.65,0.32829
5996,6162.2,57301,30.716,414.88,279.49,0.19498
5996,6452.1,56829,32.217,465.11,260.48,0.28202
5996,7563.2,57001,28.209,389.72,238.05,0.2416
5997,5960.2,55484,31.281,657.4,444.01,0.19375
5997,5981.8,58096,21.329,515.87,326.21,0.22522
5997,6674.8,56939,23.297,363.21,192.56,0.30705
5997,7638.3,56810,20.791,835.67,319.73,0.44655
5998,6209.8,57286,29.311,503.66,444.9,0.061943
5998,8231,55603,27.856,386.27,272.96,0.17189
5999,7641.2,57045,22.112,900.69,585.15,0.21236
5999,8370.1,55865,35.473,520.77,630.05,-0.094957
6000,8025.2,58219,15.161,563.35,284.92,0.32824
6000,8345.3,55482,28.915,183.95,101.65,0.28815
6001,7932.1,58338,17.949,878.36,553.95,0.22649
6003,6838.4,56353,28.682,260.34,136.98,0.31047
6004,7121.8,56471,16.999,1079.8,446.63,0.41479
6004,8048.1,57205,22.706,579.19,287.27,0.33691
6005,7178.8,56392,21.318,659.34,436.26,0.20362
6005,8352.4,57140,29.373,586.6,397.62,0.19201
6006,6276,57356,24.839,588.28,311.6,0.30746
6006,7089.8,56442,18.06,710.45,345.48,0.34563
6006,8354.7,57189,27.852,575.85,404.01,0.17537
6007,6963.9,56232,20.385,620.55,510.02,0.097765
6008,7035.2,56316,21.208,663.8,361.66,0.29464
6008,6927.1,57899,31.191,964.66,619.63,0.21778
6008,8292.9,55569,31.686,467.13,285.67,0.24106
6012,7529.8,55412,30.159,486.02,244.38,0.33083
6012,8287.2,57116,20.886,797.5,515.89,0.21442
6013,8273.3,57319,25.912,1349.2,701.04,0.31615
6013,8514.5,56170,35.057,323.58,216.42,0.19844
6014,6963.7,57505,31.954,560.34,145.77,0.58712
6014,7888,56575,33.699,185.37,211.32,-0.065422
6014,7965.4,57568,22.299,877.95,529.76,0.24734
6014,8602.9,57763,27.926,519.08,217.99,0.40849
6015,7811.7,56629,23.117,490.44,375.66,0.13252
6016,7880.2,57501,20.645,572.31,297.18,0.31644
6017,7941.1,57559,24.186,425.83,347,0.10201
6018,8025.3,57776,25.616,582.6,334.73,0.27021
6019,6302.1,57718,26.188,273.59,100.4,0.46309
6020,7825,57089,35.282,242.98,185.47,0.13423
6021,7664.1,56701,27.977,532.99,390.39,0.15443
6022,6358.5,57730,25.164,426.1,157.13,0.46117
6022,7638.3,56821,19.618,576.02,297.15,0.31938
6022,7750.3,57660,17.489,701.35,457.83,0.21008
6023,7761.9,56743,23.17,669.99,241.66,0.46984
6024,7530.5,56665,22.608,565.1,256.05,0.37636
6024,7633.1,57125,36.703,377.74,342.98,0.048229
6024,7775.9,58101,28.802,388.07,286.02,0.15139
6025,5944.6,57045,29.602,918.46,501.8,0.29337
6025,7859.7,58077,24.306,361.82,241.04,0.20034
6026,6468.2,57802,15.8,382.59,114.38,0.53969
6026,6613.5,57543,42.999,787.73,330.38,0.40904
6026,7830.3,57599,19.716,592.84,446.43,0.14088
6026,7743,58041,29.211,229.58,203.77,0.059574
6027,6567.7,57814,30.385,797.1,297.67,0.45619
6027,6678.3,56456,27.547,333.01,230.3,0.18233
6028,6680.2,57589,33.339,1081.6,617.14,0.27342
6028,6835.6,56398,25.552,502.16,245.32,0.34362
6029,7353.2,57558,29.102,893.18,381.13,0.40183
6030,7409.5,57571,16.298,768.83,249.08,0.5106
6030,8217.6,57642,18.207,370.7,138.98,0.45464
6030,8355,55516,34.737,187.96,167.49,0.057586
6031,6960.5,56244,20.426,1200.9,1237.2,-0.014882
6031,7533.5,57465,23.892,2169.6,894.69,0.41604
6031,8038.7,57573,27.274,1221.3,581.23,0.35509
6032,6995.5,56390,25.451,854.1,558.99,0.20884
6032,7938.9,57574,20.381,1374.2,696.52,0.32726
6032,8530.2,55672,16.287,725.11,449.36,0.23479
6034,6926.2,56218,24.319,598.67,439.74,0.15305
6034,7632.7,57549,21.96,267.34,123.75,0.36716
6035,6972.1,56286,33.07,396.08,240.15,0.24509
6037,6773.9,57478,32.533,515.66,485.93,0.029686
6038,6401.2,57608,34.59,354.98,310.28,0.067187
6038,7073.4,56525,21.347,455.33,260.95,0.27138
6039,6275,58308,20.162,536.99,197.56,0.46209
6039,8331.8,57413,36.091,220.62,203.9,0.039382
6040,6039,57046,35.881,357.18,218.71,0.24045
6041,8279.1,57588,26.685,360.87,230.81,0.21981
6041,8659.8,55978,24.849,344.09,288.39,0.088064
6042,8447,57504,32.328,637.68,436.05,0.18779
6043,6075.9,55685,27.026,332.2,277.65,0.089445
6043,8352.8,57482,29.392,725.1,424.15,0.26186
6044,8278.8,55518,31.314,327.02,149.53,0.37244
6044,8391.7,57352,24.771,540.76,144.3,0.57872
6045,6631.1,56614,33.842,503.03,263.25,0.31291
6046,6488.4,56525,26.516,677.66,304.92,0.37934
6046,7326.3,55968,21.529,381.75,222.42,0.26371
6046,7882.7,58328,35.372,361.38,203.76,0.2789
6047,6672.9,56831,31.062,548.49,290.93,0.30682
6047,7577.3,56065,22.884,345.76,202.25,0.26186
6048,6439.1,57139,28.188,549.72,386.69,0.17411
6048,7629.7,56598,18.029,1140.5,658.42,0.26799
6048,7811.7,57429,20.88,680.3,537.43,0.11733
6048,8542.7,57976,25.479,300.48,194.49,0.21413
6049,5868.5,57228,15.676,1415.9,523.07,0.46048
6049,7523.5,56519,18.986,1162.6,900.81,0.12688
6049,8584.3,57855,26.589,374.32,299.8,0.11054
6050,5742.1,55630,25.726,575,380.18,0.20396
6050,7590.3,56783,13.627,1077.2,720.32,0.19852
6050,8165.7,55497,16.89,397.72,183.68,0.36814
6052,6263.3,57524,30.762,461.82,255.19,0.28819
6052,7622.2,57447,28.224,608.38,174.34,0.55452
6053,6743.7,57331,27.793,414.29,312.4,0.14021
6053,7444.9,57469,27.657,463.97,281.26,0.24518
6054,7470,57647,28.793,366.44,122.44,0.49909
6055,5757.8,57763,23.95,679.43,472.14,0.18
6055,7184.8,57575,37.673,493.91,216.41,0.39066
6057,6111.7,57513,21.417,743.79,553.2,0.14695
6057,6371.4,56111,28.429,472.25,405.57,0.075958
6057,7035,57519,23.03,945.5,759.07,0.10937
6058,6094.9,57353,24.562,912.91,599.63,0.20712
6058,6401,55807,35.915,423.38,368.96,0.068687
6058,7238.3,57683,28.333,596.04,428.16,0.16392
6058,7701.3,56513,26.283,778.41,554.8,0.16772
6060,7572.8,58053,34.073,440.54,255.37,0.26608
6061,7640.5,58174,24.34,661.98,325.58,0.34063
6062,7688.8,58217,29.703,397.4,290.98,0.1546
6063,6389.4,56870,28.499,330.98,202.78,0.24019
6063,6574.6,58360,27.413,215.19,175.23,0.10235
6063,7336.3,57961,30.746,271.16,175.94,0.21297
6064,6529.8,56786,32.066,317.53,184.3,0.26548
6065,6392.7,56842,28.612,231.39,257.88,-0.054142
6065,7779.7,56385,34.243,256.51,147.19,0.27079
6066,5979.3,58243,17.787,1190.2,645.44,0.29676
6066,8078.6,57202,29.268,427.43,321.45,0.14152
6066,8490.4,57726,28.063,716.63,266.06,0.4585
6067,5955.4,58103,45.67,598.31,633.87,-0.028859
6067,6086.5,57606,30.544,570.87,322.86,0.27749
6067,7465.9,58271,30.284,810.37,305.02,0.45307
6068,6144,58265,27.947,318.24,205.72,0.21475
6068,7210.7,55660,32.373,249.54,141.68,0.27571
6068,7339.4,58298,36.957,332.76,138.06,0.41354
6068,7711.5,56199,36.885,375.66,216.48,0.26882
6070,7528,55864,28.154,364.13,271.54,0.14565
6071,6811.3,57207,35.014,164.68,545.1,-0.53597
6071,7384.6,57493,31.364,345.83,204.92,0.25585
6071,7751.8,58270,18.934,639.01,217.11,0.49281
6072,6090.9,57191,31.499,231.12,211.33,0.044731
6072,7276.9,57541,34.934,335,254.13,0.13727
6072,7823.9,58203,24.777,511.15,153,0.53927
6073,6435.3,56168,22.801,762.85,358.92,0.36008
6073,7179,57508,23.224,522.55,278.13,0.30527
6073,7658.1,58182,18.886,384.12,247.97,0.2154
6074,6462.9,55878,25.414,650.83,340.05,0.31364
6075,6055.3,56956,30.482,248.86,175.43,0.17306
6075,6411.1,55729,36.316,475.24,303.44,0.22063
6075,8034,58164,24.398,261.53,240.35,0.042198
6076,8003.7,58201,24.413,681.67,583.34,0.077727
6076,8371.2,56332,25.268,662.72,366.1,0.2883
6077,6123.3,56339,25.46,530.8,749.61,-0.17089
6077,6778.3,57022,25.294,529.72,386.46,0.15637
6078,8534,56297,31.601,329.58,226.43,0.18552
6079,6275.5,56729,36.061,291.56,213.49,0.15458
6079,8339.1,56214,28.244,492.28,406.86,0.095004
6080,7303.4,55464,28.729,627.6,395.28,0.22712
6080,8315.6,56253,25.709,740.56,629.93,0.080724
6080,8487.7,58317,25.998,509.34,239.11,0.36105
6081,8300.6,56272,24.31,572.33,517.62,0.050196
6082,7439,55513,36.633,564.32,328.15,0.26462
6082,8345.4,56330,15.336,503.57,417.28,0.093706
6083,7876.1,58065,28.457,263.11,117.98,0.38083
6083,8355.7,56350,23.77,669.81,683.14,-0.0098503
6084,6935.5,56754,26.537,447.26,565.01,-0.11632
6084,7835.8,57558,25.669,623.51,403.63,0.21407
6084,8109.1,55837,28.666,827.85,598.24,0.16101
6084,8314,56213,22.357,871.71,1081.9,-0.1076
6085,7949,57479,31.605,299.06,321.94,-0.036835
6085,8274.3,56401,20.878,515.28,380.27,0.15076
6086,5716,57851,33.411,270.32,244.04,0.051087
6086,6279.5,57234,33.216,617.47,695.61,-0.059514
6086,6969.2,57715,28.649,1090.9,1037.6,0.025058
6086,7851.7,55726,26.923,390.08,142.08,0.46604
6086,8305.2,56337,27.834,538.66,490.53,0.046762
6087,6518.2,55733,35.826,391.24,298,0.13528
6087,7359.9,57602,25.464,336.25,150.85,0.38061
6087,7453.6,56733,32.615,478.12,277.84,0.26494
6087,8286.8,56297,21.756,607.38,547.92,0.051469
6087,8665.6,57397,31.146,612.72,520.36,0.081513
6088,5690.6,57302,43.928,830.77,669.63,0.1074
6088,5963.3,57823,25.883,479.65,309.24,0.21601
6088,7165.2,56639,32.069,319.8,188.05,0.25941
6088,7569.3,55975,26.667,651.32,441.5,0.192
6088,7626.1,57476,33.307,414.65,182.26,0.38931
6088,8327.6,56328,23.95,514.51,599.93,-0.076645
6088,8583.6,57317,29.538,438.16,346.65,0.1166
6089,6627.8,57379,32.669,424.83,124.66,0.54628
6089,7619.3,55836,27.925,628.54,250.97,0.42929
6089,7640.6,57521,30.825,394.97,200.88,0.32573
6089,8376.2,56340,19.395,283.22,103.02,0.46656
6090,6082.3,58281,33.564,772.94,554.21,0.16481
6090,6660.4,57157,28.745,583.67,327.3,0.28143
6090,6950,55498,30.729,529.56,559.79,-0.027751
6090,7260.8,57795,33.606,287.89,183.31,0.22194
6090,8340.8,56335,19.309,340.79,185.95,0.29396
6091,6022.5,56977,29.734,562.37,271.29,0.34915
6091,6839,57386,21.559,476.94,338.04,0.17043
6091,7236.3,57650,25.785,815.1,358.61,0.38893
6091,8399.3,56297,17.161,647.98,463.59,0.16588
6092,7138.9,55681,31.722,284.94,177.11,0.23336
6092,7780.7,58085,23.93,653.73,367.16,0.28071
6092,8388.3,56310,16.207,515.05,480.35,0.034863
6093,7580.8,56480,35.109,305.5,153.58,0.33091
6093,7770.1,58194,16.256,539.75,121.39,0.63278
6094,6048.6,57355,36.243,446.13,318.15,0.16745
6094,7839.2,58192,21.594,423.92,189.78,0.38154
6094,8286,56271,15.521,403.94,289.6,0.16486
6095,8248.8,56292,15.847,758.62,508.78,0.19713
6096,6965.2,55667,37.521,484.14,285.51,0.25808
6096,8274.5,56276,22.365,376.63,310.38,0.096436
6097,8132.9,58253,16.253,989.19,705.85,0.16716
6097,8367.4,56338,27.212,232.5,229.66,0.006158
6098,5721.6,57231,32.745,238.16,124.95,0.3118
6098,8075.6,58319,17.67,1046.9,593.23,0.27661
6098,8266.1,56222,25.54,348.84,276.17,0.11628
6099,8298.9,56189,17.934,541.62,134.58,0.60196
6099,8531.1,58325,17.491,512.76,343.37,0.19785
6100,8120.3,58337,38.508,475.76,654.73,-0.1583
6100,8559.9,55824,31.177,410.94,196.18,0.35373
6101,7298.2,58330,35.881,270.25,340.87,-0.11556
6101,7991.5,58240,25.876,399.17,280.31,0.17493
6101,8061.1,58053,32.814,635.85,450.28,0.17086
6101,8506.1,55745,19.794,455.72,392.44,0.074615
6102,7116.9,58363,35.028,259.11,191.85,0.14916
6102,8024.4,58141,18.021,718.97,548.42,0.13457
6102,8360.4,55713,21.398,333.73,198.43,0.25425
6103,7663.9,56394,35.117,218.39,130.31,0.25261
6103,8148,55803,26.304,326.74,267.29,0.10008
6103,8493.8,57894,30.902,583,449.29,0.12952
6105,6766.5,56859,31.337,299.73,306.71,-0.011502
6105,6836,57923,32.084,304.37,281.72,0.038644
6105,8548.4,56963,23.14,532.07,554.03,-0.020224
6106,6977.8,58059,31.378,270.67,194.16,0.1646
6106,8498.3,56879,17.482,501.96,308.89,0.23811
6107,7117,56803,25.703,565.87,381.39,0.19475
6108,8602.3,56658,15.526,1052.1,615.98,0.26147
6109,7517.3,56318,34.255,490.12,303.86,0.23459
6109,8500,56824,30.447,308.44,196.3,0.22218
6109,8552.4,56365,36.221,335.73,295.95,0.062974
6110,5693.9,57221,29.757,456.13,349.32,0.13261
6110,7226.6,55851,19.391,615.7,684.67,-0.053042
6110,7195.8,57662,29.296,232.07,108.85,0.36144
6110,7477.7,56266,33.152,753.89,737.22,0.011182
6110,8646,56131,29.731,594.72,423.43,0.16824
6111,6967.6,57531,37.55,626.45,209.44,0.49888
6111,7151,55935,42.316,751.01,411,0.2926
6111,7107.3,57557,30.238,678.85,257.97,0.44926
6111,8565.7,55451,21.901,1031,739.3,0.16478
6112,7232.3,57691,23.925,556.29,428.98,0.12922
6112,8450.8,55566,28.474,399,308.13,0.1285
6113,5966.3,55513,38.151,293.29,339.51,-0.073044
6113,7436.6,55970,31.789,233.33,172.17,0.15083
6113,7837.6,57126,32.772,452.64,466.11,-0.014657
6113,8059.1,55635,36.672,327.78,133.52,0.42111
6114,5683.3,56649,26.134,493.56,260.14,0.3097
6114,7326.9,56137,27.268,388.49,197.94,0.32493
6114,7818.8,57226,27.669,217.05,272.2,-0.11272
6114,7897.7,55764,28.617,333.71,156.17,0.36241
6115,7657.7,55656,36.411,779.84,510.99,0.20828
6115,8494.6,56584,25.08,433.54,366.44,0.083881
6117,8652.6,57851,17.087,311.42,124.2,0.42979
6119,6410.2,56825,42.944,335.2,355.51,-0.029406
6121,6190.6,56954,23.357,323.17,135.73,0.40847
6121,6990.7,56823,29.24,563.59,274.44,0.34504
6121,8362.9,55560,27.416,322,239.74,0.14644
6121,8516.7,58313,34.302,588.81,198.94,0.49492
6122,6178.3,56869,34.532,363.43,117.97,0.50989
6122,7333.3,55517,36.91,337.7,194.93,0.26805
6123,6381.6,56151,28.109,965.98,584.77,0.24582
6123,6536,56090,22.887,872.24,487.74,0.28273
6123,7294,55458,35.111,341.18,177.33,0.316
6123,8636.5,56041,43.492,490.4,362.94,0.14937
6124,7001.6,56294,27.93,752.74,521.88,0.18112
6124,7072.7,56318,27.982,645.53,456.87,0.17113
6125,8066.4,58050,31.725,825.85,555.97,0.19531
6127,7686.4,55469,29.96,412.91,386.64,0.03285
6128,8443.4,55766,18.244,320.12,246.55,0.12984
6129,7291,55987,30.863,180.55,145.4,0.10784
6130,6423.2,56378,32.971,364.05,254.27,0.17755
6130,7404.5,55871,24.255,588.23,445.96,0.13757
6131,6365.3,56402,30.634,553.15,362.29,0.20848
6131,7983.3,58177,15.559,631.19,428.01,0.19183
6132,6171.8,55894,29.056,483.18,311.29,0.21635
6134,7252.9,57821,29.116,270.29,262.71,0.014229
6134,7564.1,57030,27.146,548.65,360.33,0.20717
6135,7325.7,57946,28.752,444.4,433.66,0.01224
6135,7816.9,56206,28.925,245.46,117.69,0.35184
6136,7062.3,58176,33.95,684.86,488.93,0.16692
6136,7205.3,55493,35.098,352.13,308.31,0.066355
6136,7447,56992,27.659,421.89,176.4,0.41033
6136,7738.9,58225,38.609,258.2,148.21,0.27063
6136,7815.4,57553,40.645,416.9,413.93,0.0035808
6136,8561.9,56650,20.127,466.39,257.07,0.28934
6137,7027.4,57175,35.984,601.05,542.82,0.050909
6137,8586.8,56623,33.555,480.55,140.28,0.5481
6139,7682,57468,21.58,346.54,294.44,0.08127
6140,7407,56851,21.454,613.96,342.75,0.28348
6140,7535,56084,23.993,621.94,327.16,0.31059
6140,7763.6,57467,24.835,1354.8,931.94,0.18491
6141,5734.5,58265,30.631,175.92,171.46,0.012857
6141,6037.6,55860,23.842,471.99,224.35,0.35562
6141,7611.2,57399,34.496,1015.6,1007.7,0.0038921
6142,5912.9,58310,30.023,575.29,584.3,-0.0077665
6142,6031.5,56019,35.4,239.75,233.08,0.014101
6142,8030,57142,26.701,1224.1,953.37,0.12432
6143,5794.6,56011,37.151,178.92,131.63,0.15229
6143,6248.5,55528,33.456,460.66,410.31,0.057805
6143,7581.4,57169,31.771,612.7,183.16,0.53973
6143,7695.2,55603,34.422,444.43,281,0.22529
6143,8567.1,56835,32.497,388.69,195,0.33182
6144,6820.5,55687,16.593,805.47,376.61,0.3628
6144,8591.4,57021,24.662,823.03,568.46,0.18295
6145,6975.3,57507,28.824,451.44,509.37,-0.060288
6145,7613.3,57277,24.246,549.53,390.2,0.16955
6146,6896.3,57670,45.442,759.3,411.66,0.29688
6146,7880.7,58374,30.969,265.07,382.8,-0.18172
6147,7399.8,56945,32.036,292.83,421.88,-0.18056
6149,6625.8,57663,18.489,484.17,881.21,-0.29079
6151,7936,58094,25.224,264.81,185.71,0.17556
6152,7469.5,55821,21.94,451.74,204.68,0.37637
6153,6923.2,57938,34.632,685.49,478.43,0.1779
6153,8461.6,57620,33.852,347.63,280.86,0.10624
6154,6851.1,56227,20.605,712.48,362.37,0.32573
6154,7165.7,58182,28.175,400.72,374.51,0.033801
6154,8513.2,57512,25.802,850.65,562.79,0.20366
6156,6055.5,55396,25.901,308.32,128.47,0.41176
6156,6489,56063,19.366,937.33,575.94,0.23881
6156,8398.8,55774,20.787,485.79,159.55,0.50553
6156,8643.3,57066,21.315,1705.6,1103,0.21454
6157,6121.8,56521,29.757,315.11,380.94,-0.094584
6157,7800.6,57461,21.343,623.33,250.78,0.4262
6157,8491.6,55929,31.136,630.32,160.41,0.59427
6158,6321.4,56350,35.263,379.74,110.28,0.54989
6158,8340.9,56188,28.909,759.18,487.95,0.21748
6159,6103,56506,29.793,444.17,185.37,0.4111
6159,8295.5,56285,27.631,628.37,534.01,0.081176
6159,8331.2,57541,33.848,480.43,581.54,-0.095208
6160,8432.3,56050,26.027,237.7,150.78,0.22373
6161,8407.3,55819,27.922,410.03,213.32,0.31557
6162,5746.1,56241,24.597,512.53,432.55,0.084626
6163,5978.6,56004,35.233,222.64,288.59,-0.12901
6164,5967.6,58353,34.628,240.06,125.51,0.31336
6164,7361.4,56748,23.542,359.41,137.26,0.44728
6165,5924.4,58176,29.388,352.32,219.04,0.23327
6165,7306.2,58292,32.09,286.56,332.64,-0.074422
6165,7394.7,56930,15.471,1465.1,1136.4,0.12635
6165,8041.8,57001,21.17,1092.6,462.22,0.40544
6166,5756.3,58346,28.817,885.84,706.76,0.11245
6166,7322.1,56892,17.282,885.8,395.13,0.38306
6166,7516.1,57929,31.627,353.27,271.86,0.13024
6166,8233,56718,35.438,303.63,123.73,0.42094
6167,7148,56573,14.976,1626.9,1543.7,0.026265
6167,7221.6,56781,24.426,1442.9,1292.3,0.055052
6167,8353.6,56778,32.63,545.2,357.44,0.20801
6168,8553.8,57486,19.7,759.47,375.14,0.33873
6169,7671.6,57266,43.296,1054,911.98,0.072232
6169,8574.4,57642,18.715,873.03,693.81,0.11438
6170,6838.1,56958,34.219,392.06,194.7,0.33636
6172,6011.8,57137,35.912,503.58,407.48,0.10549
6172,7648.9,57343,24.375,1076.6,1493.8,-0.16231
6173,7689.2,57499,33.081,770.62,1045.4,-0.15132
6174,7240,57279,8.2178,911.44,585.89,0.21742
6175,7147.4,56448,34.346,356.48,443.22,-0.10847
6175,7242.7,57304,7.8626,1191.5,543.21,0.37372
6175,7696.8,57380,30.273,1361.3,863.88,0.22356
6175,8127,55751,33.145,480.93,363.17,0.1395
6176,6032.2,55408,29.698,1177.4,926.32,0.11937
6176,6780.4,56467,29.315,470.17,342.01,0.15779
6176,7273.4,57265,17.818,471.41,418.46,0.059504
6176,8167.1,55660,33.249,405.13,340.67,0.086425
6176,8641.5,57778,35.385,643.76,442.76,0.18499
6177,5872.1,55458,29.835,479.21,262.29,0.29255
6177,6841.5,56535,18.129,729.69,330.48,0.37656
6178,6896.9,56411,23.853,594.44,342.75,0.26855
6178,8125.7,57413,24.461,922.94,473.45,0.32189
6179,6902.4,56464,23.205,903.92,380.59,0.40742
6179,8198.2,55510,31.859,851.81,566.77,0.20094
6180,7038.1,56453,17.189,722.05,622.85,0.073755
6182,5732.9,58326,32.006,504.51,439.37,0.06901
6182,5855.6,55534,38.377,291.91,338.21,-0.073476
6182,7099.2,56396,16.481,460.97,346.71,0.14147
6183,5806,55655,23.16,986.39,725.81,0.15219
6184,5875.2,55483,15.074,368.77,325.6,0.062174
6184,8382.2,57684,19.66,462.02,197.96,0.40011
6185,5857.3,55547,16.173,463.04,469.99,-0.0074507
6185,8319.5,57615,21.986,517.41,311.13,0.24897
6186,5852.6,55596,19.778,618.17,813.99,-0.13673
6186,8404.5,57669,24.892,576.5,188.41,0.50736
6187,8248.4,57581,19.967,624.09,455.88,0.15576
6187,8235.7,56535,32.28,750.37,747.2,0.0021164
6188,5992.6,55440,26.426,496.45,202.46,0.42063
6188,6292.3,56181,26.23,478.09,323.01,0.19358
6188,6878.6,57826,31.104,389.87,418.63,-0.035576
6189,6905.6,56508,24.766,666.13,337.7,0.32718
6189,7713.5,57128,29.636,285.28,235.82,0.094909
6190,6940.8,56777,19.71,609.49,283.8,0.3646
6190,7768.2,57176,19.868,638.95,451.88,0.17149
6191,5959.9,55399,31.388,503.97,419.8,0.091109
6191,6103.2,55421,35.688,475.13,327.27,0.18427
6191,7069.9,57862,23.55,474.15,486.39,-0.012742
6191,7675.7,57402,26.622,704.55,504.19,0.16575
6193,7190.2,55605,33.421,566.58,379.32,0.19797
6193,8526.3,56140,21.534,870.97,432.37,0.33653
6195,6150,57052,33.737,398.71,165.89,0.41238
6195,7590.9,58364,28.686,412.09,115.32,0.56269
6196,6550.8,57967,34.298,332.6,451.56,-0.1517
6196,8254.1,55698,35.896,491.92,385.47,0.12132
6198,6881.5,56162,23.976,700.81,303.8,0.39519
6199,7806.1,55962,35.848,612.25,529.03,0.072918
6200,7694.4,55811,28.904,554.65,370.93,0.19849
6201,6047.6,57883,35.023,653.06,684.3,-0.023362
6201,7990.9,58391,26.81,311.58,309.87,0.002766
6202,6318,57337,32.37,654.82,578.25,0.062097
6202,6444.6,58325,35.918,405.03,414.19,-0.011175
6202,7621.7,55611,33.85,346.2,107.06,0.52762
6202,7962.9,58220,23.025,706.28,313.23,0.38552
6203,6077.9,57174,30.195,709.76,504.11,0.16942
6203,7865.7,55877,29.883,538.91,149.43,0.56583
6204,6792.6,56784,26.872,386.78,502.38,-0.13001
6204,6912.6,57907,22.279,669.01,503.91,0.14076
6205,6895.9,57785,12.71,1007.6,564.62,0.28176
6206,6570.1,57720,21.598,611.24,175.3,0.55425
6207,6608.1,56533,31.493,429.63,140.66,0.50671
6208,6042.6,56648,34.658,626.44,355.07,0.27648
6208,7671.8,56593,23.799,1029.2,724.32,0.17388
6209,7595,55760,32.958,291.72,265.75,0.046593
6210,6077.4,57020,29.475,217.05,196.82,0.048887
6210,6567.5,57989,19.933,1537.8,1275.7,0.093164
6211,6318.4,58154,30.099,1454.1,1112,0.13335
6211,7544.4,56154,23.183,368.28,315.95,0.076477
6212,6320,58197,25.001,654.33,359.34,0.29101
6212,6916.3,57804,15.731,687.71,714.6,-0.019172
6213,6220.5,58207,27.752,744.28,653.58,0.064885
6213,7004,57789,16.432,460.09,602.86,-0.13432
6213,8184.9,58180,26.246,406.21,261.18,0.21731
6214,7013.2,57806,26.549,221.56,434.56,-0.32464
6214,7482.2,56133,34.606,710.8,374.37,0.31003
6215,7896,58335,18.659,371.79,216.96,0.26298
6216,7295.4,57579,28.104,413.28,324.88,0.11976
6216,8009.7,58218,14.34,422.29,190.44,0.37839
6218,6220.1,56330,27.033,510.72,368.42,0.16187
6218,7772,58346,14.778,578.67,377.73,0.2101
6219,6671.8,57000,18.334,563.66,114.98,0.66115
6219,8320.6,56655,19.462,947.01,476.13,0.33087
6220,5945.6,56063,24.535,337.94,181.9,0.30016
6221,5934.7,56112,15.127,1417.1,1179.9,0.091343
6221,6711.3,56811,31.827,440.57,203.83,0.36739
6221,7673.3,56900,25.967,413.79,346.3,0.08879
6223,5946.5,56010,27.263,453.7,323.29,0.16785
6223,8028.6,56822,29.694,520.55,607.82,-0.077339
6224,6570.7,57095,29.863,587.97,546.43,0.036625
6225,6768.4,57042,24.6,637.74,251.37,0.43456
6225,8560.4,57194,39.714,694.43,475.49,0.18714
6226,8423.7,56998,33.571,805.2,826.12,-0.012824
6227,8541.6,56545,30.71,572.77,358.28,0.23038
6229,5735.6,57115,26.535,402.94,256.31,0.22243
6229,6833.9,57100,22.1,430.79,172.83,0.42737
6229,8424.9,55864,11.884,537.72,297.88,0.28702
6231,5747.1,58162,27.181,309.1,241.38,0.12302
6231,7634.7,56050,28.472,169.3,123.02,0.1583
6232,8462.2,57808,33.511,309.27,401.91,-0.13026
6233,7416.6,57599,33.97,102.28,194.54,-0.31082
6233,8082.2,55576,35.187,760.14,647.73,0.079846
6234,5845.7,56526,35.23,376.05,458.16,-0.098439
6234,7892.1,58181,15.619,666.57,221.86,0.50055
6235,5960,57461,27.358,288.39,162.58,0.27897
6236,8441.8,55785,25.611,586.84,438.67,0.14448
6237,8429.2,55580,27.924,986.55,789.58,0.1109
6238,6196.6,58035,33.764,556.19,417.52,0.14241
6238,8053.5,58187,21.248,326.69,120.42,0.46133
6238,8390.1,55484,23.39,860.32,621.3,0.16132
6239,5702.9,57314,29.454,193.29,156.28,0.10586
6239,6263,58078,28.962,406.91,181.05,0.38415
6239,7998.5,58272,18.368,418.51,236.35,0.27816
6240,5993,57297,27.448,554.46,128.96,0.62261
6240,6803.8,55640,33.536,376.96,240.58,0.22084
6240,7978.3,58193,10.502,912.96,500.53,0.29178
6241,8029.6,58203,16.808,490.22,214.31,0.39163
6242,7504.2,57498,16.63,940.38,940.37,6.7501e-06
6242,7846.3,58343,13.111,594.29,171.54,0.55201
6243,6733.5,57348,32.938,324.29,233.54,0.16268
6244,6616.6,57422,28.937,383.05,353.25,0.040478
6245,6723.6,57615,18.843,802.63,449.22,0.28231
6245,7605.9,55806,36.815,415.13,194.21,0.36255
6245,7668.1,57140,25.766,341.88,219.57,0.21785
6245,8499.6,57751,19.367,571.19,473.51,0.093503
6246,7886.2,58386,18.918,296.69,157.43,0.30665
6246,8008.4,57008,34.216,517.84,431.51,0.090934
6247,7907.7,58322,31.881,389.39,327.76,0.085927
6248,6709.1,57741,23.008,463.08,301.36,0.21156
6248,8087.9,56995,16.954,1071.8,385.62,0.47083
6248,7958.6,58056,31.159,528.29,213.22,0.42491
6249,6170.7,55732,32.71,669.86,634.73,0.026929
6249,6252.5,56113,43.581,838.64,1058.1,-0.11569
6251,8352.6,56144,24.982,265.38,113.05,0.40252
6252,8081.6,56049,30.948,604.46,228.03,0.45218
6253,6314.5,56264,27.058,315.07,257.51,0.10054
6253,7719.9,58350,30.529,283.11,180.14,0.22227
6254,7939.6,58128,18.134,521.83,251.13,0.35021
6255,7538,56477,34.645,439.4,262.97,0.25119
6256,5795,58257,28.236,519.83,439.21,0.084062
6256,7435.3,56507,14.351,1335.3,763.77,0.27229
6256,7837.2,58321,21.684,258.65,144.1,0.2844
6257,7378.4,56502,19.15,1300.4,941.26,0.16021
6258,7008.7,57951,36.179,341.93,154.74,0.37688
6259,6012.7,56652,33.801,594.89,396.95,0.19957
6259,7941.1,58106,20.444,464.28,315.74,0.19043
6259,8603.2,55520,29.413,159.21,120.76,0.13731
6260,5930.4,57236,31.286,533.25,328.68,0.23735
6260,6061.8,56443,22.839,1216.1,1060.9,0.068157
6260,7132.3,56605,10.498,757.93,497.99,0.20697
6260,6981.3,58137,31.343,552.08,366.5,0.20203
6260,8086.6,58135,21.835,384.93,284.3,0.15037
6261,6181.9,56604,30.194,1392.6,1138.7,0.10032
6261,7284.6,56425,15.732,499.41,290.11,0.2651
6261,8019,55841,39.805,742.64,459.08,0.23596
6262,6388.4,56663,16.171,1108.9,544.09,0.34168
6262,7156.1,56422,23.166,862.01,595.44,0.1829
6263,5690.2,56676,25.425,332.67,109.6,0.50438
6263,6432.8,56535,26.453,1192.6,571.48,0.35209
6263,6889.2,56814,29.939,334.59,313.14,0.033113
6263,7012.2,57397,24.103,433.18,235.42,0.29579
6264,6891.6,56719,34.066,310.5,401.14,-0.12738
6265,6687.5,56403,27.184,368.76,114.49,0.52615
6266,6705.5,56524,33.83,507.72,331.16,0.21047
6266,7981.4,58139,11.585,919.37,493.25,0.30165
6266,8371,56612,22.586,864.96,545.07,0.22687
6267,7743,57245,29.361,348.06,226.15,0.21231
6267,8137,58361,27.899,402.65,235.22,0.26248
6269,7743.9,57502,23.938,781.97,988.65,-0.11673
6269,7928.4,58362,17.131,505.29,415.33,0.097711
6270,7787.3,57488,12.401,923.65,945.84,-0.011871
6270,7875.8,58085,21.032,380.07,144.5,0.44906
6271,7717.1,57804,35.527,336.65,265.82,0.11756
6271,8409.3,56472,30.947,489.02,394.08,0.10751
6272,5766.4,56280,25.425,555.83,512.62,0.040438
6272,7800.1,57915,23.592,769.5,592.34,0.13009
6273,5981.6,56877,26.674,447.53,360.39,0.10786
6273,7760.9,58328,24.453,584.09,528.23,0.050225
6274,8282.7,57510,30.823,678.89,568.09,0.088856
6274,8282,58071,21.78,450.53,275.33,0.24137
6275,5803.4,56698,25.343,428.11,241.93,0.27788
6275,7424.2,57868,30.575,312.3,207.76,0.201
6275,8413.7,57480,19.328,633.96,302.52,0.35391
6276,6186,56581,27.558,487.91,201.72,0.41499
6276,8629,58076,31.799,429.4,381.27,0.059371
6277,5977.5,56557,31.613,392.67,328.84,0.088465
6277,6917.5,56359,32.57,327.28,166.27,0.32622
6278,6442.3,57908,34.754,205.71,188.38,0.043968
6278,6951.2,56710,21.72,641.5,297.77,0.36595
6278,7935.9,55976,33.832,324.92,250.07,0.13018
6279,6193.8,56392,29.8,377.89,252.48,0.19893
6279,7071.5,56705,23.356,492.58,386.47,0.1207
6279,7910.6,55860,23.632,279.31,221.98,0.11438
6280,5688.2,55555,27.645,708.2,665.89,0.030794
6280,5732.5,56273,21.148,866.59,848.04,0.010816
6280,7121.7,56550,16.571,296.32,357.45,-0.093507
6281,5738.3,55566,22.124,586.78,359.58,0.24008
6282,5671.9,56055,25.914,755.14,532.48,0.17292
6282,5828.1,55543,38.083,503.17,173.22,0.48781
6283,5731.6,58218,34.529,342.47,369.6,-0.0381
6284,5754.2,56056,19.426,1440.5,923.2,0.21884
6284,6433.6,55538,33.19,333.49,390.17,-0.078326
6285,5793.1,56003,35.74,403.67,315.58,0.12248
6285,5834.6,57974,29.656,369.34,174.07,0.35933
6285,6553.3,57059,33.485,419.52,107.58,0.5918
6285,8082.4,57405,24.753,793.78,299.08,0.45266
6287,6148.6,55570,11.627,716.47,453.19,0.22509
6287,6739.1,56144,27.438,396.94,206.73,0.31508
6287,7552,56713,31.739,291.96,199.68,0.18771
6287,8660.9,57271,18.216,675.04,244.97,0.46746
6288,6131.2,55575,6.8401,1109.7,532.95,0.35109
6289,7400.5,56812,21.554,1349.2,1069.7,0.11557
6290,7370.7,56432,39.548,1081,699.65,0.21417
6290,7483.7,56751,21.737,964.51,569.05,0.25787
6291,7316.2,56259,20.673,894.57,821.44,0.042614
6291,7469.9,56863,30.574,622.73,654.31,-0.024729
6291,7978.9,58107,26.385,343.42,254.66,0.1484
6292,7319.7,56972,30.633,586.42,348.59,0.25436
6292,7438.9,56220,35.383,311.38,340.49,-0.044652
6293,6282,58191,30.677,338.87,290.32,0.077165
6293,6967.4,56302,25.853,495.66,402.59,0.10361
6293,7378.9,56972,31.813,862.43,687.22,0.11306
6293,7967,58200,18.021,803.08,408.5,0.32568
6293,8353.9,56468,34.759,257.42,102.13,0.4319
6294,6152,58093,27.266,560.89,239.5,0.40155
6294,7923,58343,36.346,1447,1007.5,0.17909
6294,8134.4,57377,13.393,613.21,154.12,0.5983
6295,6163,58027,31.33,344.73,212.77,0.2367
6295,8173.3,57452,12.939,557.9,124.32,0.63556
6296,6114.1,58093,24.58,653.59,643.03,0.0081434
6296,7538.7,55882,20.548,246.57,201.26,0.10118
6296,7763.4,57372,23.841,693.36,385.25,0.28566
6296,8098.9,57390,32.59,627.07,192.87,0.52955
6297,7864.4,57485,29.852,713.24,396.31,0.28563
6299,8549.3,57157,25.455,313.1,176.43,0.27918
6300,5905.5,56058,23.067,637.16,524.65,0.096838
6300,8426.4,56164,23.567,321.84,276.09,0.076518
6301,8534.1,56434,31.278,751.37,492.19,0.20842
6302,7819.4,57554,18.251,473.41,208.65,0.38817
6302,7943.6,56579,27.479,381.88,218.07,0.27304
6303,8023.6,56573,24.562,539.07,417.36,0.12725
6304,6141.4,58233,28.906,766.22,489.32,0.22054
6304,7791.2,56924,30.139,619.03,383.09,0.23544
6305,6349.4,56695,22.008,321.62,126.59,0.43512
6305,7532.8,56858,23.098,488.19,346.87,0.16923
6305,7892.4,58136,22.917,984.02,559.91,0.27469
6305,8550.1,56387,36.371,291.26,242.47,0.091405
6306,7540.3,56675,28.603,1141.1,710.95,0.23226
6307,7598.7,56623,22.574,239.76,108.37,0.37741
6307,8569.4,57324,29.718,522.71,465.16,0.058249
6308,8015.9,56617,24.016,549.74,308.63,0.28089
6309,7780.6,56510,31.811,562.13,453.42,0.10704
6309,8239.6,56235,25.858,210.37,122.04,0.26573
6310,6725.7,56825,33.528,385.26,369.23,0.021244
6310,7516.5,58058,24.263,336.05,356.55,-0.029602
6311,6961.3,56784,23.219,965.33,462.46,0.35221
6311,7933.9,56588,26.765,415.36,174.25,0.40892
6311,8467.3,58115,25.018,350.8,168.18,0.35189
6312,5715.4,55635,29.988,910.45,840.82,0.039756
6312,5888.6,58242,36.58,441.89,430.39,0.013178
6312,6734.8,57716,25.782,779.06,542.44,0.17906
6312,6907.3,56654,20.261,1172.2,1089,0.036826
6312,7512.4,57314,29.851,339.53,169.83,0.33316
6312,8550.6,57956,30.956,443.13,386.33,0.068481
6313,6144.9,56182,28.931,310.26,259.23,0.089607
6313,7700.7,57279,25.395,645.83,662.87,-0.013025
6313,8440.2,58081,18.814,998.69,944.91,0.027671
6314,7881.7,57437,25.586,968.55,688.97,0.16868
6315,6531.5,57968,24.995,170.03,152.21,0.055298
6316,7524.2,57407,27.507,507.56,352.78,0.17991
6317,7184.8,57496,25.437,829.09,168.5,0.66218
6317,8288.7,58391,23.489,1279.8,1041.3,0.10272
6318,8274.6,58043,13.57,1613.1,1066.8,0.20387
6319,8230.5,58171,18.046,1406.2,934.59,0.20148
6320,6081.5,57343,35.866,518.93,221.91,0.40092
6320,6494,55612,29.378,441.44,386.67,0.066136
6320,8204.1,56989,20.6,383.31,110.65,0.55197
6320,8147.3,58344,24.101,1152.5,700.1,0.24419
6321,6355.6,57103,29.645,400.25,269.01,0.19609
6321,7632.1,56489,23.513,398.63,118.21,0.54255
6321,7802.8,56003,31.503,842.64,516.47,0.23999
6322,6189.3,56759,31.176,742.24,840.19,-0.061905
6322,7285.2,56699,22.276,1311.6,672.26,0.32227
6322,7392.7,57054,22.79,961.48,228.53,0.61591
6322,7790.3,55865,25.664,595.65,249.32,0.40988
6323,6125.8,58092,33.271,427.99,284.16,0.20197
6323,6462.1,55864,29.865,493.28,319.68,0.21354
6323,6394.5,56546,22.573,222.35,151.53,0.18942
6323,7178.8,57186,33.458,1278,807.2,0.22578
6323,7948.9,55779,28.408,845.68,692.02,0.099931
6324,5995.3,57942,30.212,296.88,457.57,-0.21299
6324,7247.3,56901,26.928,550.41,214.91,0.43838
6324,7865.1,56562,29.721,324.21,237.01,0.15537
6324,8178.8,55961,31.655,628.61,569.54,0.049299
6325,7190.6,57482,27.852,333.78,266.05,0.1129
6325,7446.4,56762,22.818,352.67,195.58,0.28654
6326,6224.6,58303,19.928,689.12,493.01,0.16589
6326,7648.7,56705,22.867,460.44,193.76,0.40765
6326,8111.5,55916,34.301,499.2,397.36,0.11359
6327,5719.7,57256,29.345,516.37,504.4,0.011722
6327,6218.4,58345,22.517,722.69,1117.1,-0.21439
6327,7572.6,56906,20.866,746.94,483.88,0.21373
6327,7849.7,56016,23.542,497,418.28,0.086009
6328,6095.6,55790,33.255,195.54,124.11,0.22347
6328,7733.4,56990,23.577,975.69,417.1,0.40106
6328,7881.6,56074,19.84,380.79,262.18,0.18448
6329,5802,58163,22.826,676.1,720.29,-0.031646
6329,8146.6,57158,28.984,551.85,220.36,0.42928
6330,5711.5,56359,32.479,267.82,244.11,0.046324
6330,7836.7,58384,31.75,157.11,126.17,0.10923
6331,7979.1,58390,29.318,280.4,297.19,-0.029063
6331,8504.4,56442,33.538,438.27,357.4,0.10164
6332,6247,56210,31.178,374.51,274.43,0.15422
6333,8262.3,56109,26.053,422.51,254.33,0.24848
6334,7930.5,58384,33.347,134.6,160.27,-0.087058
6334,8295.2,56062,28.551,301.92,508.29,-0.25472
6336,7008.3,57207,26.113,1108,319.73,0.55213
6337,6402.7,58103,24.161,246.11,136.89,0.28517
6337,7642.7,56792,20.069,1281.6,149.8,0.79069
6338,5684,56064,29.477,483.13,286.18,0.25601
6338,6619.5,56066,22.992,594.62,319.97,0.3003
6338,7812.7,56720,32.402,1346.9,365.15,0.57343
6339,6416.4,56063,20.121,1293.3,594.57,0.37011
6339,7945.1,56850,16.638,1051.5,151.71,0.74784
6340,5696.7,56609,33.426,713.01,292.84,0.41772
6340,6209,58161,27.692,439.45,334.7,0.13531
6341,6008.4,58185,22.173,356.76,217.64,0.24219
6343,7397,57188,13.661,910.91,164.84,0.69353
6344,5764.7,57249,21.427,305.87,132.34,0.396
6344,7612.2,56751,21.901,414.24,395.71,0.022874
6346,8248.9,57264,12.524,1071,172.28,0.72286
6347,8228,57246,19.626,1270.2,214,0.71162
6349,5938.7,57704,34.939,726.27,816.95,-0.058755
6349,6256.2,56360,32.747,634.02,331.32,0.31357
6349,8173.5,57727,12.751,1759.8,325.04,0.68818
6350,6452.4,56264,29.963,252.67,111.98,0.38582
6350,7973.3,57126,19.296,1533.3,175.9,0.79417
6350,7979.9,57199,22.864,1211.8,154.43,0.77394
6352,6377.9,56669,34.82,322.73,348.62,-0.038552
6352,8035.5,57207,22.484,1033.4,273.71,0.5812
6353,6376.6,56715,30.772,491.96,546.58,-0.052591
6353,8382.6,57347,36.242,1012.1,415.45,0.41796
6354,8264.7,57293,18.911,998,173.58,0.70368
6355,6285.1,57339,35.074,673.57,606.97,0.052007
6355,6351.7,56702,29.103,396.92,228.57,0.26915
6356,6126.8,56952,31.884,295.81,275.24,0.036019
6356,8207.5,57009,32.665,467.85,293.69,0.22869
6357,7707.6,58329,19.769,618.63,382.08,0.23639
6357,8192.8,56811,27.379,377.12,466.64,-0.10609
6358,8521.4,56116,17.194,1614.5,462.37,0.55474
6359,7733.7,56511,33.196,300.77,172.69,0.27051
6359,8424.4,56011,16.099,970.24,194.92,0.66542
6359,8387.7,58089,28.607,707.6,640.31,0.049925
6360,7558.7,56501,25.449,530,313.33,0.25692
6360,8120,58157,24.083,1136.6,1041.9,0.043461
6361,7371.8,56224,29.478,457.2,360.67,0.11803
6361,8373.5,56127,22.128,460.26,262.7,0.27326
6362,5923.4,55906,29.999,272.03,199.66,0.15342
6362,8143.8,58131,23.487,1718.8,992.41,0.26793
6363,6641.2,55870,23.875,689.39,298.21,0.39609
6363,8163.3,56125,24.818,323.28,124.36,0.44436
6363,8223.4,58087,20.57,531.14,986.97,-0.30026
6364,6497.5,57130,28.014,670.5,470.95,0.17483
6364,7895.3,56182,18.233,1477.6,123.38,0.84587
6364,7928.2,56617,33.008,828.29,342.93,0.4144
6364,8233.3,58059,15.918,1042.4,1328.9,-0.12086
6365,6337.4,56925,32.442,422.66,592.08,-0.16696
6365,8249.9,58136,15.351,326.58,258.04,0.11723
6366,8189.2,56245,30.303,1327,442.52,0.49985
6367,8282.5,58081,25.844,198.7,158.63,0.11213
6367,8475.2,56441,30.741,989.22,261.65,0.58166
6368,8299.7,58189,36.693,225.65,343.85,-0.20755
6369,5958.4,56366,36.124,233.45,122.88,0.3103
6369,8554.8,56321,24.846,1046.8,760.32,0.15853
6370,5817,56611,35.508,699.41,515.86,0.15104
6370,5975.2,56184,24.062,691.63,450.54,0.21108
6370,8307.6,56270,23.318,650.48,345.31,0.30645
6371,6301.6,58249,32.59,423.62,188.36,0.38442
6371,7951,56039,29.185,389.72,291.87,0.14357
6371,8097.8,58211,30.107,162.52,152.94,0.030377
6372,6423.2,56640,30.875,511.08,293.58,0.27031
6372,6293.6,58040,36.583,782.22,541.67,0.1817
6373,5781,57226,32.313,490.18,585.98,-0.08902
6374,6088.4,58005,35.439,647.52,402,0.23394
6374,6447.8,56532,33.06,437.98,339.23,0.12707
6375,6317.7,57854,22.915,490.74,322.28,0.2072
6375,6488.2,56560,30.447,693.03,456.76,0.20549
6375,7250.5,57044,33.326,219.73,139.61,0.22299
6376,7022.6,57088,28.165,566.97,453.05,0.11168
6377,6451.9,57402,29.5,707.81,468.73,0.20321
6378,6001.3,58171,23.774,861.25,649.52,0.14015
6379,5931.6,57938,33.288,996.67,526.08,0.30904
6381,5677,57374,25.122,473.76,734.21,-0.21561
6381,6041.4,56209,24.053,413.94,451.76,-0.043689
6381,7173.8,56403,16.836,539.32,284.45,0.30939
6381,8293.1,57819,25.84,558.83,212.31,0.44936
6382,5731.4,57539,34.533,861.74,1336.8,-0.21609
6382,5858.4,56162,25.511,873.51,814.53,0.034945
6382,6755.7,55858,30.392,797.84,513.1,0.21721
6382,7954,56471,36.566,269.48,301.1,-0.055432
6382,8456,57658,25.397,691.54,513.35,0.14789
6383,5921.4,56260,25.953,714.93,661.87,0.03854
6383,6700,55673,30.682,324.35,322.53,0.0028055
6383,7233.2,56393,16.758,583.02,408.25,0.17631
6384,6019,56435,33.554,702.14,384.81,0.29195
6384,6192.3,56940,27.954,514.73,388.87,0.1393
6384,8266.9,55466,36.806,563.87,183.2,0.50955
6385,5928.3,55476,26.801,522.08,339.79,0.21151
6385,6082.3,57068,37.997,181.19,210.67,-0.075217
6385,6251.8,56321,28.491,465.43,308.54,0.20271
6386,6325.7,55411,28.471,301.43,116.66,0.44193
6386,8056.8,55870,30.077,770.61,555.32,0.16237
6388,6578.2,56199,32.201,277.09,208.71,0.14076
6388,8008.6,57237,15.885,1372.3,660.85,0.34994
6389,7989.6,57032,15.582,707.36,255.44,0.46938
6390,6187.9,55795,28.224,275.29,192.05,0.17811
6390,7089,57935,33.733,188.65,167.28,0.060053
6390,7268.3,56416,14.015,456.92,430.98,0.029211
6391,7799.5,55889,34.526,610.3,436.04,0.16654
6391,8269.1,57234,20.325,1483.9,750.52,0.32823
6392,5721.9,56123,31.185,688.28,783.57,-0.064744
6392,7067.3,56402,19.735,550.66,354.84,0.21626
6392,7364.2,55471,35.261,173.89,105.59,0.24435
6392,7815.7,58306,32.766,329.6,404.87,-0.10249
6393,5832.1,56052,20.194,673.02,433.93,0.21599
6393,7948.2,58170,22.851,526.48,338.01,0.21802
6393,8276.7,56938,26.17,378.76,274.05,0.16039
6394,5830.8,56226,17.722,1148.5,798.9,0.1795
6394,7201.3,57450,26.435,481.52,407.81,0.082883
6394,7917.8,58152,33.153,300.37,173.23,0.26847
6394,8583.3,56908,28.548,812.2,698.29,0.075417
6395,7320.3,57708,36.046,647.72,250.49,0.44224
6395,8396.3,56134,35.648,370.77,180.26,0.34573
6396,7356.2,57866,22.882,352.18,207.82,0.25777
6397,7303.4,56436,15.075,421.17,299.87,0.16824
6397,8258.6,58222,33.457,419.48,426.27,-0.0080348
6398,7472.1,56429,35.056,172.34,159.82,0.037683
6398,8355.3,58243,27.937,249.13,123.35,0.33768
6399,6681.2,57029,29.86,326.08,215.14,0.20497
6401,5832.5,57854,27.363,447.7,175.41,0.43699
6401,7723.9,56906,25.709,658.6,420.28,0.2209
6401,8113.5,57975,32.19,338.13,172.49,0.32439
6402,6827.7,55493,32.459,229.66,241.49,-0.025113
6402,7764,56749,21.921,521.5,196.71,0.45222
6403,5851,58221,29.101,778.4,460.43,0.25667
6403,6062.3,56281,32.647,362.79,175.92,0.3469
6403,7643.4,57426,22.757,252.04,165.26,0.20796
6404,5890.6,56279,29.575,244.11,170.71,0.17696
6404,6092.1,55574,18.905,875.35,605.21,0.18246
6404,6507.4,56794,28.334,488.9,175.21,0.47234
6404,6915.2,56070,37.411,731.76,670.5,0.043686
6404,7171.4,57547,31.915,1192.5,896.09,0.1419
6405,5799.6,56236,35.105,314.21,371.68,-0.083794
6405,7845.3,57586,24.449,402.15,694.93,-0.26687
6406,6845.5,56276,25.84,434.47,220.16,0.32739
6406,7262.7,55651,27.722,536.29,154.55,0.55257
6407,6043.2,55503,31.69,283.17,363.01,-0.12357
6407,7256,55513,31.906,268.64,229.24,0.079142
6408,6102.7,55394,17.96,510.37,312.91,0.23984
6409,7361.3,55798,30.918,186.89,142.18,0.13586
6410,7481.7,55854,17.808,364.45,199.96,0.29144
6410,8390.4,55613,31.977,1017.6,1083.5,-0.031353
6411,7572.5,55908,29.987,429.48,422.38,0.0083337
6412,6390.8,56482,32.29,389.3,319.88,0.097894
6413,8126.3,55717,25.374,878.88,370.02,0.40745
6414,7907.1,57010,24.096,412.38,175.69,0.40247
6415,7516.1,55874,21.28,610.23,266.46,0.39213
6415,7829.1,56759,30.86,661.45,317.49,0.35137
6416,7516,57362,31.262,732.27,586.19,0.11079
6416,7779,56516,27.628,691.1,378.23,0.29259
6418,7453.5,56265,38.924,259.44,255.59,0.0074729
6419,7593.2,56215,32.516,494.89,365.9,0.14985
6420,7538.1,56088,29.929,546.47,497.88,0.046529
6424,7071.4,57297,35.622,285.11,165.25,0.26614
6424,8066.9,55720,25.497,810.9,466.66,0.26945
6428,6096.8,55746,31.246,794.66,626.15,0.1186
6429,6014.3,55528,23.823,688.43,357.04,0.31698
6430,5824.5,55658,32.647,494.67,405.96,0.098497
6434,8118.4,58083,26.126,844.67,493.73,0.26221
6435,6939.6,55842,13.305,1555.3,343.17,0.63848
6436,7213.2,55745,20.381,458.18,230.29,0.33101
6437,6103.8,57924,29.137,294.22,148.86,0.32808
6437,6891,55814,8.6785,1489.7,301.18,0.66365
6437,7394.9,55809,30.293,800.47,189.25,0.61758
6438,5963.3,57852,30.979,475.84,361.21,0.13694
6438,6868.7,55864,11.294,2058.8,282.94,0.75834
6438,8137.4,57865,27.037,434.53,200.28,0.36901
6439,6716.9,57340,27.907,646.44,437.74,0.19249
6439,7935,57865,34.871,585.01,277.35,0.35676
6439,8377.6,56075,26.28,410.36,247.5,0.24756
6440,7235.7,56916,35.237,344.1,327.22,0.025141
6440,7573.5,55924,34.583,808.71,762.81,0.029206
6440,7789.8,57920,24.819,681.41,375.47,0.28947
6440,8334,56079,31.206,264.69,180.61,0.18882
6441,5760.6,56647,33.908,680.47,407.6,0.25078
6441,7143.8,56619,25.709,427.27,341.65,0.11136
6441,7804.5,57842,17.677,609.62,492.01,0.10676
6442,6587.9,56058,25.108,754.85,525.21,0.1794
6442,7808.8,57605,35.722,393.11,335.11,0.079639
6443,6035.4,56717,27.875,351.56,327.44,0.035522
6444,6025.3,56712,28.198,386.49,337.07,0.06829
6444,6449.2,56128,40.231,384.19,324.18,0.08471
6444,7375.9,57707,20.799,704.17,272.44,0.44208
6445,6117.5,56714,19.102,795.33,676.16,0.080983
6445,6797.5,56047,23.917,767.99,739.8,0.0187
6445,7360.2,57565,22.216,637.31,268.38,0.40734
6445,7965.8,58107,25.716,806.95,610.35,0.13871
6445,8234.6,57291,26.174,831.11,476.84,0.27085
6446,6118,56677,24.014,1259,1223.5,0.014312
6446,6462.3,55508,37.515,416.52,261.26,0.22907
6446,7332.5,57713,17.798,1166.3,854.7,0.15417
6446,8329.3,57227,33.758,468.65,345.33,0.15149
6447,6104.8,55421,32.348,459.73,339.12,0.15098
6447,6173.6,56678,29.793,378.66,244.77,0.21477
6447,8484.6,56142,22.932,536.11,677.26,-0.11633
6448,5748.8,56996,39.665,878.38,503.14,0.27161
6448,6120.5,55493,25.147,512.06,396.07,0.12773
6448,7237.8,57507,26.518,420.91,132.84,0.5202
6448,8015.6,58098,28.957,578.63,402.99,0.17893
6448,8382,56169,19.452,661.41,761.59,-0.070399
6449,8510.2,56317,20.142,1254.5,1059,0.084481
6450,5948.4,56782,35.759,366.76,225,0.23956
6450,6235.9,55650,36.748,302.37,106.42,0.47936
6450,7845.2,56481,32.369,441.89,368.7,0.090287
6450,8450.7,56281,20.298,1192.7,1168.7,0.010153
6451,7838.6,57518,28.849,364.49,249.23,0.18781
6453,8028.1,57225,32.45,119.76,123.15,-0.01397
6453,8285.5,56734,29.27,648.5,675.8,-0.020613
6453,8421.8,55753,33.595,407.68,255.79,0.22893
6454,6746.8,56179,24.83,234.49,282.08,-0.092128
6454,8436.5,56635,36.258,616.19,171.58,0.5644
6455,6204.8,56803,32.453,342.39,367.36,-0.035174
6455,8104.2,56641,20.531,772.08,461.41,0.25186
6455,8424.7,55613,29.741,513.43,452.86,0.06269
6456,6782.7,55590,34.744,386.62,252.22,0.21037
6456,7088,56547,15.568,449.53,246.62,0.29147
6456,7957.5,56266,30.806,301.42,167.12,0.28663
6456,8248.5,56796,30.75,454.72,185.92,0.41958
6456,8400.6,55721,32.177,280.64,335.33,-0.08879
6457,7873.3,58357,9.0991,995.57,415.63,0.41095
6458,7818,58349,17.121,680.02,142.12,0.65426
6458,8044.7,56220,24.43,390.08,104.48,0.57747
6458,8262.3,56745,26.505,568.24,203.05,0.47347
6459,5838.7,58267,28.008,348.95,188.1,0.2995
6459,7076,57652,21.45,326.53,119.7,0.46352
6459,8005.1,56459,30.926,839.56,430.48,0.32209
6460,6144.2,55508,26.563,532.93,294,0.28894
6460,7917.5,56472,20.653,1127.8,775.73,0.18494
6460,8468.6,56792,21.81,334.95,197.16,0.25896
6461,7899.6,55640,28.089,387.91,218.79,0.27876
6461,7949.4,56498,24.8,931.16,571.8,0.23911
6461,7935.4,58307,21.836,835.19,395.68,0.35707
6461,8192.6,56711,40.464,961.53,462.09,0.35083
6462,7905.7,58336,26.853,514.56,442.74,0.075021
6462,8175.8,55720,21.199,520.5,517.56,0.0028264
6462,8226,56736,19.398,780.45,509.02,0.21049
6463,6770.9,55493,23.178,601.64,217.64,0.4687
6463,8175.5,56674,28.481,644.87,489.55,0.13692
6464,6479.7,58374,32.538,205.72,183.86,0.056092
6464,6700.8,55466,31.628,616.95,381.42,0.23591
6464,8060.6,55523,30.207,1098,592.08,0.29935
6464,8395.2,57601,34.831,584.97,697.85,-0.087994
6465,7304.2,57146,28.617,586.76,335.72,0.27213
6466,7310.6,57075,32.868,311.35,195.22,0.22924
6466,7598.1,55909,26.897,614.34,147.76,0.61222
6466,7905.8,57188,30.634,159.82,125.44,0.12053
6467,7458.7,57124,39.387,554.62,350.8,0.22511
6467,7565.6,55970,32.186,336.44,191.81,0.27379
6468,6439.6,57381,31.197,185,101.73,0.2904
6468,7429.2,55995,25.202,472.74,370.87,0.12075
6468,7929.3,57368,27.88,356.78,340.17,0.023824
6469,6465.9,57189,26.891,550.38,527.12,0.021588
6469,7384.2,55872,31.514,516.11,542.03,-0.024496
6470,6520.7,57196,17.856,727.17,524.49,0.16193
6470,8344.1,57900,30.421,489.02,283.33,0.26631
6471,6155.8,56694,33.553,284.24,174.21,0.24001
6471,7932.3,55608,22.22,217.44,162.76,0.14381
6471,8408,57780,27.378,443.54,243.51,0.29113
6472,5702.9,57447,23.855,888.52,487.59,0.29135
6473,5856,56326,20.805,546,474.1,0.070486
6473,8399.8,58012,23.894,1114.5,548.36,0.34045
6474,5785.4,57416,25.592,588.81,467.62,0.11472
6474,8144.2,58180,21.491,299.72,215.09,0.16439
6474,8553.2,57354,26.225,412.02,324.14,0.11937
6475,5900.3,57572,32.921,725.51,544.96,0.14211
6475,5959.3,58187,25.114,584.45,217.15,0.45821
6475,8202.7,58222,34.241,751.02,437.31,0.26399
6475,8450.7,57573,29.259,272.97,266.82,0.011401
6476,6015.5,58068,29.905,394.93,366.03,0.037974
6476,7879.5,58330,22.039,333.67,260,0.12409
6477,5689.4,55821,30.451,657.1,713.07,-0.040849
6477,6554.3,57483,24.035,475.48,235.24,0.33802
6477,8004.9,58295,20.539,463.34,302.44,0.21011
6480,6159,56498,35.51,456.32,240.17,0.31034
6480,7795.1,58290,40.439,382.17,188.67,0.33898
6481,5690.9,57067,24.852,499.46,430.29,0.074392
6482,5926.4,57505,35.29,338.99,125.1,0.46088
6483,5974.9,56882,27.371,512.59,317.46,0.23508
6483,6019.8,57930,34.589,452.16,225.61,0.33426
6483,7266.1,57487,23.047,984.72,574.88,0.26278
6484,5812.8,58013,26.897,587.04,462.18,0.119
6484,6109.5,55680,30.771,495.35,144.93,0.54729
6484,6145.3,56866,28.903,653.75,383.28,0.26081
6485,6283.6,55753,33.68,607.61,480.66,0.11666
6485,7054.4,56630,27.377,508.83,474.88,0.034508
6485,7508.9,57469,23.219,313.09,177.13,0.27734
6485,7916.7,56623,28.556,304.51,220.86,0.15921
6486,6134.5,55993,34.605,596.92,566.43,0.026212
6486,6371.4,57788,34.04,467.33,342.71,0.15384
6486,6424.7,56290,33.556,880.93,969.19,-0.047702
6486,7203,56314,29.894,706.28,718.53,-0.0085944
6487,6380.8,57938,25.71,718.24,291.34,0.42285
6487,7233,56353,28.91,555.08,524.37,0.028448
6488,6946.8,57244,25.683,543.64,420.92,0.12723
6488,8168.8,56764,25.734,784.16,625.85,0.11228
6489,5812.2,57336,27.756,249.33,118.42,0.35597
6489,6771.9,57234,28.188,447.28,195.17,0.39242
6489,7862.8,58073,25.213,947.81,415.41,0.39055
6490,7835.7,57429,25.752,513.27,611.09,-0.087001
6492,6339.8,56624,30.153,508.04,210.97,0.41316
6492,6544.1,57620,25.905,264.82,252.51,0.023788
6492,7163.8,55768,32.539,322.1,380.75,-0.083451
6493,6256.5,57203,31.647,450.73,339.24,0.14113
6493,7016.8,57409,34.119,460.51,407.4,0.061193
6494,6149.5,57162,36.054,258.21,142.23,0.28963
6494,6644.8,56362,41.638,565.99,580.28,-0.012467
6494,6826.5,57220,31.407,431.04,308.43,0.1658
6495,6082.1,56988,33.044,183.36,346.83,-0.30831
6495,6816.5,56490,39.398,776.87,661.86,0.079937
6496,6412.6,56891,33.672,726.84,620.14,0.079213
6496,7007.9,55936,31.327,306.86,190.28,0.23451
6497,6077.5,56949,23.793,431.91,384.53,0.058038
6498,6191.2,57064,32.992,406.89,434.11,-0.032365
6499,7257.8,55666,37.593,342.2,156.16,0.37331
6499,7751.2,57457,25.606,371.1,297.79,0.1096
6499,8125.2,56214,34.478,750.73,613.03,0.10097
6500,5960,56128,31.573,478.58,192.33,0.42665
6500,7043.9,57230,23.323,666.49,245.25,0.46202
6500,8141,56275,31.998,408.62,419.1,-0.012668
6501,5971.9,56311,20.83,795.23,541.24,0.19005
6501,6379.1,56944,23.18,704.18,489.58,0.17976
6501,6673.7,55909,27.538,415.29,324.57,0.12262
6501,6941,57217,31.477,1566.6,963.37,0.23842
6501,7973.5,58187,10.01,1025.9,671.9,0.2085
6502,5787,57618,31.52,258.59,153.53,0.25492
6502,6136.7,56286,22.928,356.09,421.95,-0.084647
6502,6505.8,57038,25.11,253.64,243.09,0.021224
6502,6374.1,58353,31.626,365.1,223.48,0.2406
6502,7948.7,58193,13.477,805.66,547.55,0.19074
6503,6203.1,55621,20.701,535.96,288.3,0.30047
6503,6520.1,57207,20.039,216.98,239.77,-0.049882
6503,7413.3,56766,31.015,254.79,100.75,0.43325
6503,7876.6,58268,21.458,683.61,551.48,0.10698
6504,7943.5,58147,13.04,1013.1,700.13,0.18266
6505,6111.3,55726,27.645,996.28,785,0.11861
6506,5984.1,55852,30.516,242.13,190.76,0.11868
6506,7453.6,56798,23.234,759.89,510.4,0.1964
6506,7967.2,57819,24.723,1183.8,360.69,0.53292
6507,6218.5,57867,27.314,571.17,306.22,0.30197
6507,6420,55979,26.405,462.67,320.66,0.18129
6507,8198.6,57370,34.509,523.18,368.6,0.17334
6508,6589.5,56305,29.367,487.22,248.48,0.32452
6508,7197.8,55444,21.816,306.35,199.55,0.21112
6509,8021.2,55786,33.488,579.38,279.96,0.34843
6510,6580.8,56183,33.927,346.47,254.26,0.15349
6510,7985.3,55732,25.516,346.93,217.1,0.23017
6511,6431.9,55644,30.539,209.36,371.21,-0.27879
6511,6704,56223,26.112,574.75,506.2,0.063421
6511,8026.2,55837,25.698,722.12,375.53,0.31576
6512,6366.7,55636,29.35,201.84,166.62,0.095593
6512,6897,56334,37.273,202.74,306.22,-0.20332
6512,8122.8,55904,21.147,570.97,481.52,0.084988
6513,5917,58087,34.27,278.24,238.24,0.077457
6513,6329.2,55542,33.715,315.36,264.44,0.087818
6513,7013,55501,22.129,492.61,693.06,-0.16906
6514,5742.3,58036,35.053,272.55,140.92,0.31836
6514,6103.3,55929,37.778,166.63,158.51,0.02496
6514,7143.3,55434,38.162,246.81,177.74,0.16269
6514,8059.4,56150,27.542,625.42,123.05,0.6712
6515,8224.1,56355,33.077,334.02,188.07,0.27956
6516,8198.7,56567,23.743,532.39,310.64,0.26303
6517,8205.5,55640,25.797,719.54,266.09,0.46006
6517,8273.7,56523,22.655,651.63,289.18,0.38525
6518,8160.6,55476,27.896,973.93,445.28,0.37249
6519,6826.5,55685,23.837,494.08,321.1,0.21219
6519,8366.1,56587,13.659,1934.2,1185,0.24018
6520,8531,56582,15.434,1011.7,440.43,0.39339
6521,7015.1,55953,31.525,442.04,264.66,0.251
6521,7732.6,57043,30.009,366.22,318.18,0.070192
6522,7865.5,57476,23.985,496.03,272.79,0.29036
6522,8475.6,57079,29.515,498.72,455,0.045844
6522,8631.9,56262,35.918,265.31,179.99,0.19159
6523,7183.9,55741,19.72,704.59,406.48,0.26831
6523,7697.2,56595,30.423,399.93,331.65,0.093338
6523,8341.7,57060,29.07,458.5,211.55,0.36855
6524,5744.5,55455,27.284,384.55,211.81,0.28966
6525,7176.4,55673,39.116,368.88,302.99,0.098062
6525,7733,56846,24.321,463.1,217.68,0.3605
6526,7827.7,58089,25.808,1702.6,1271.5,0.14495
6526,7926.2,55927,29.635,420.16,178.69,0.40323
6527,7741.6,57585,27.496,667.99,412.18,0.23683
6527,8250.7,56502,23.102,339.5,176.55,0.31578
6528,6085.4,58319,25.908,399.3,183.92,0.36929
6528,8128.4,56023,22.762,991.38,803.1,0.10492
6528,8157.4,56157,28.393,1079,826.68,0.1324
6528,8074.8,58156,27.809,376.22,270.79,0.16295
6528,8338.6,57000,30.349,425.9,312.56,0.15349
6529,5725.4,55445,26.523,378.02,230.25,0.24293
6529,7492.4,56809,39.757,670.29,552.24,0.096568
6529,7733.2,58390,18.357,1328.6,780.24,0.26003
6529,8026,55990,14.895,481.05,454.18,0.028734
6530,5906,55435,23.965,724.18,436.95,0.24737
6530,6866.1,57239,27.278,341.76,146.91,0.39873
6530,8544,57213,34.757,262.07,201.51,0.13065
6531,5956.7,55459,30.768,343.4,197.03,0.27084
6531,7826,58250,24.849,503.29,354.64,0.17327
6531,8068.6,56521,28.62,364.75,230.35,0.22584
6532,6627.9,57676,37.187,301.08,205.18,0.18943
6532,7831.1,58233,34.645,369.31,212.86,0.26873
6532,7919.2,57179,23.091,637.65,632.12,0.0043607
6533,6064.4,58284,31.747,333.56,120.37,0.46966
6533,7873.7,57134,24.931,564.82,618.44,-0.045316
6533,8317.2,56788,30.206,336.87,348.58,-0.01709
6534,6652.6,57497,25.794,1849.5,1457.4,0.11856
6534,8283.5,57555,35.851,619.57,480.39,0.12653
6534,8369.1,55918,34.214,439.71,374.87,0.079602
6535,6575.4,57373,19.365,1114.7,837.05,0.14227
6535,7029.1,57605,24.381,638.37,250.39,0.43655
6535,8334.7,56983,34.258,537.96,285.19,0.30707
6535,8515,55722,30.144,278.7,168.54,0.24631
6536,6338,57560,23.022,724.98,637.21,0.064431
6536,7184.5,57808,26.038,398.95,209.32,0.31175
6536,8234.1,56763,26.707,304.47,120.58,0.43265
6536,8446.8,55495,33.528,382.22,376.88,0.0070424
6537,6277.1,57414,25.461,699.5,444.83,0.22255
6537,7506.2,57491,35.002,588.45,437.95,0.14663
6538,5903.3,56218,23.148,347.67,169.4,0.34477
6538,7200.9,57686,44.627,668.51,472.08,0.17222
6538,7246.7,57106,36.01,501.58,264.82,0.30892
6539,6094.7,57064,27.819,308.18,207.33,0.19563
6539,7256.8,57511,19.557,962.81,510.32,0.30716
6540,6250,57223,29.311,352.89,209.62,0.2547
6540,6528.7,55926,18.215,562.27,167.5,0.54096
6541,6403.8,56145,27.325,943.43,498.53,0.30854
6541,6966.1,57368,26.171,628.23,408.29,0.2122
6541,7725.1,57510,18.706,560.51,410.39,0.15462
6541,8024.2,58286,22.695,293.09,206.21,0.17402
6542,8049.6,55954,20.14,957.4,463.62,0.34749
6543,7758.3,57061,30.015,615.46,431.21,0.17604
6543,7779.6,56208,15.002,613.77,611.41,0.0019259
6543,7958.7,58255,19.208,704.71,570.65,0.10511
6544,7632.7,58343,24.164,309.86,248.82,0.10926
6544,7779.9,56356,28.146,363.9,356.05,0.010905
6545,7193.9,57164,34.184,310.42,208.72,0.1959
6546,6874.4,56927,22.197,298.07,160.86,0.29897
6546,7972.3,56568,18.032,911.52,416.02,0.37325
6547,6766,56975,26.17,259.74,142.87,0.29029
6547,7980.7,56516,33.117,163.59,111.4,0.18979
6548,5814.3,58345,30.455,269.21,274.02,-0.0088478
6548,6469.2,56193,21.787,656.04,294.52,0.38032
6548,7662,58236,30.27,499.79,270.56,0.29756
6548,7812,57484,24.954,503.21,345.39,0.18598
6549,5738,57990,26.504,891.33,820.95,0.041106
6549,6586.2,56095,17.804,911.17,427.17,0.36165
6549,6746.2,57540,27.466,263.38,113.17,0.3989
6549,7793.4,57424,34.184,648.96,315.95,0.34512
6549,7817.5,57357,30.841,767.17,374.51,0.34393
6550,8611.8,55686,34.679,643.55,446.63,0.18063
6551,7304.5,57966,29.196,277.72,190.42,0.18648
6551,7856.8,57716,30.565,331.44,194.94,0.25931
6552,6059.9,57769,36.258,183.93,146.24,0.11414
6552,6637.6,56792,30.436,640.09,467.23,0.15611
6552,8278.9,57630,27.687,879.78,628.98,0.16623
6553,5858.6,57841,23.897,286.57,120.88,0.40664
6553,6703.8,56666,31.351,348.95,194.78,0.28355
6553,6899.9,56124,29.971,692.44,447.55,0.21482
6553,8212.9,57484,26.417,403.16,264.21,0.20821
6555,7549.8,56371,32.448,511.71,233.78,0.37281
6556,6919.9,55506,29.876,508.72,543.96,-0.033481
6556,7910.1,57011,23.142,416.85,366.73,0.063957
6557,6360.2,56432,36.438,548.07,472.61,0.073931
6557,7303.1,56640,35.435,221.51,287.12,-0.129
6557,7786,57248,20.717,436.47,404.69,0.03779
6558,8069.3,58091,22.387,254.76,153.65,0.24756
6558,8506.1,57605,35.655,237.12,135.12,0.27402
6559,8507.6,57621,29.028,441.24,341.15,0.12793
6560,5785.2,56005,27.715,484.91,441.01,0.047413
6560,6604.4,56726,37.168,229.12,128.56,0.28116
6561,6403.6,57034,30.708,668.3,659.17,0.0068821
6562,5842.4,56206,22.005,595.82,257.42,0.39661
6562,6581.2,57190,18.038,970.46,701.14,0.16111
6562,7854.3,56554,27.537,325.47,128.56,0.43368
6563,6621.7,57022,22.858,525.02,338.21,0.2164
6563,7075,57684,38.919,257.55,145.62,0.27762
6564,5845,55404,19.238,950.57,496.74,0.31357
6564,6071,57029,37.097,341.33,194.73,0.27347
6564,6639.1,57423,31.477,356.61,184.58,0.31786
6564,7810,56562,25.848,292.75,231.19,0.11749
6565,5706.1,55410,35.38,524.64,108.15,0.65817
6565,6771.5,56809,23.836,653.42,417.45,0.22036
6566,6383.7,56380,26.872,797.71,575.76,0.1616
6566,6473.9,57505,26.279,860.74,629.34,0.15529
6567,5813,56626,30.533,379.55,217.74,0.2709
6568,7840,57282,24.098,600.02,445,0.14835
6569,7517,56112,25.261,339.19,226.64,0.19893
6570,6229.4,55854,32.091,816,228.43,0.56258
6570,7379.7,56070,39.358,450.39,446.35,0.0045077
6571,6539.5,56143,32.726,488.72,166.37,0.49207
6571,6437.3,57320,32.636,780.73,549.09,0.17418
6571,7407,56182,27.994,197.86,104.46,0.30892
6571,8305.3,56596,33.469,471.2,382.2,0.10429
6572,6281.5,57371,22.621,922.84,678.29,0.15274
6572,6656.6,56067,23.305,429.21,121.27,0.55941
6572,7451.1,56073,26.853,575.28,306.51,0.30481
6572,8179.9,56283,22.062,252.42,174.5,0.18253
6573,8247.7,56209,32.868,361,225.61,0.23081
6575,7244.4,56386,13.052,555.57,168.54,0.53449
6575,8250.7,58350,21.324,378.08,239.21,0.22497
6576,6156.9,57474,24.411,357.52,225.45,0.22655
6585,7207.2,58293,41.641,636.04,212.36,0.49939
6585,8240.7,57438,27.304,549.55,390.59,0.16908
6586,5997.3,58382,25.931,517.99,216.69,0.4101
6586,8221.9,57504,19.969,561.62,377.84,0.19561
6587,8377.4,57540,21.013,480.34,303.85,0.22505
6588,8363.8,57638,19.096,602.17,363.07,0.24771
6593,5837,55675,31.135,316.6,182.24,0.26934
6598,6955.7,56245,23.266,698.04,697.82,0.00015597
6598,8067.6,55903,33.017,457.93,403.07,0.063717
6599,5984.4,56813,35.248,317.5,465.38,-0.1889
6599,8048,55693,26.128,746.94,543.05,0.15806
6600,8098.3,55755,21.603,1238.2,993.02,0.10988
6601,8249.2,55808,21.91,482.68,297.13,0.23793
6602,6181.5,58321,19.554,493.15,156.86,0.51735
6602,6255.5,56123,24.376,556.48,347.47,0.23122
6602,8196.7,55628,25.817,248.97,214.69,0.073939
6603,6071.2,56161,30.727,973.87,689.81,0.17074
6603,7755.7,58228,32.255,257.31,194.56,0.13886
6603,8248.8,55603,26.543,231.93,422.08,-0.29074
6604,5805.7,55400,31.67,464.15,337.11,0.15854
6605,8128.3,55399,36.016,427.19,206.98,0.34724
6606,5715.7,55633,23.793,548.97,328.48,0.25128
6607,8639.3,56081,36.326,487.61,325.14,0.1999
6608,5843.3,58166,16.75,625.85,132.37,0.65083
6609,7092.4,56372,39.034,258.96,109.22,0.40669
6609,7183.3,55462,35.999,329.9,224.7,0.18968
6610,6005.7,58232,14.883,967.9,145.48,0.73867
6610,8131.1,56039,30.931,318.03,187.19,0.25897
6611,5879.5,57546,36.449,471.33,262.49,0.28459
6611,7163,57840,30.858,403.98,418.59,-0.017752
6611,7656.8,57046,33.412,589.4,450.36,0.13372
6613,8493.1,55859,21.289,674.06,796.51,-0.083267
6614,7115.6,56194,23.906,1092.5,664.75,0.24344
6614,8588.9,55864,23.507,838.31,640.49,0.13378
6615,6056.3,57433,26.632,597.17,414.58,0.18047
6615,6480.3,57529,22.93,719.03,453.81,0.22613
6615,7264.3,56392,17.17,623.98,631.03,-0.0056172
6616,5917.3,57263,26.338,344.87,302.79,0.064974
6616,6378.4,57298,34.42,606.94,541.03,0.057417
6617,8098.7,57181,20.491,517.25,118.1,0.62823
6619,6041.8,56873,22.864,544.51,211.24,0.44098
6620,7999.8,57385,22.205,520.9,490.41,0.030143
6621,5937.1,56946,20.071,269.5,420.14,-0.21844
6621,7903.1,57372,18.541,751.4,587.08,0.12277
6621,8266.9,56353,23.935,909.4,675.41,0.14765
6622,6005.9,57073,21.244,501.49,541.33,-0.038207
6622,6081.4,55497,27.262,856.36,411.09,0.35131
6622,6269,58342,23.816,356,211.4,0.25484
6622,7296.7,56437,18.393,509.96,370.48,0.15842
6623,6021.7,57113,25.697,392.49,789.99,-0.33616
6623,7310,56479,12.967,470.71,238.02,0.32833
6623,7640.5,57375,24.126,414.44,624.41,-0.20211
6623,8573.4,57891,30.807,313.68,199.33,0.22289
6624,6027,57208,20.597,394.19,334.88,0.081343
6624,7321.5,56467,16.022,447.57,488.47,-0.04369
6624,7572.2,57285,33.487,1272.4,1242,0.012077
6624,7511.7,57150,33.497,1402.5,1330.7,0.026249
6624,8189.8,56604,27.351,367.17,156.13,0.40328
6625,6454.8,55528,35.047,637.34,386.07,0.24552
6625,7257.3,56518,13.205,2162.3,1335.7,0.23631
6625,7558.5,57444,22.84,1499.5,1234.9,0.096781
6625,8417,56741,17.995,402.79,211.38,0.31165
6626,6188.8,57401,26.907,792.31,1645.4,-0.34996
6626,6342.6,55708,22.871,713.9,298.62,0.41015
6626,7270.4,56451,15.229,853.04,591.42,0.18112
6626,7741.8,57449,17.868,680.12,657.96,0.016563
6627,6344.8,57190,18.203,767.13,679,0.060943
6627,7349.9,56455,15.621,463.42,392.43,0.082949
6627,7745.7,57592,21.101,678.97,585.13,0.074231
6628,6297.8,57275,22.602,399.19,720.36,-0.28688
6628,6926.8,57038,39.749,557.93,420.9,0.13999
6629,6401.6,57240,21.72,767.86,1059.3,-0.1595
6629,6692.4,55501,33.043,663.99,743.76,-0.056665
6629,7255.5,56401,18.358,719.1,433.16,0.24815
6630,5833.1,57306,33.433,591.83,224.73,0.44957
6630,6356.9,57078,22.052,883.57,801.36,0.048792
6630,7310.6,56420,18.861,486.04,340.77,0.17569
6630,8179.7,57700,19.74,516.26,505.68,0.01036
6631,7215.8,56422,24.684,793.93,554.92,0.17719
6632,8385.2,55754,14.606,431.75,284.19,0.20612
6633,6663.6,55406,37.331,328.98,239.85,0.15669
6633,6708.4,57858,24.13,377.35,256.11,0.19139
6633,7889.6,57533,20.306,831.44,465.98,0.28168
6634,8623.4,57406,26.696,702.88,251.75,0.47258
6635,6848.7,55965,25.839,616.77,352.78,0.27227
6635,7122.2,57923,32.281,415.23,210.7,0.32677
6635,8287.5,57309,29.935,609.85,299.15,0.34181
6636,6947,56064,18.972,922.83,637.49,0.18287
6636,7961.4,57260,19.766,468.26,183.29,0.43738
6636,8462,56665,30.348,589.26,360.91,0.24033
6637,6969.5,56243,19.978,1014.8,754.11,0.14739
6637,8134.6,56989,28.09,674.35,360.7,0.30303
6638,7453.2,56015,21.396,473.6,295.36,0.2318
6638,7616.8,57058,20.15,797.22,179.93,0.63173
6639,7096.5,57755,19.106,258.44,136.69,0.30812
6639,8191.2,55966,24.705,290.6,113.88,0.43691
6640,6050.6,56068,32.517,316.48,257.75,0.10228
6640,8177.9,56005,26.109,831.88,670.08,0.10772
6641,8288.1,55996,28.999,492.33,364.25,0.14953
6642,7087.5,55584,37.203,246.53,184.52,0.14385
6642,8272.4,55919,19.066,345.13,110.85,0.51378
6643,7137.4,55816,34.345,275.09,111.68,0.42249
6643,8475.5,56022,27.78,408.83,410.39,-0.001907
6644,8431.4,56062,29.528,284.89,284.96,-0.00013699
6645,6340.8,56970,29.261,563.9,426.32,0.13894
6646,8029.9,56374,35.408,502.71,445.3,0.060561
6649,5869,55888,32.189,276.84,247.4,0.056149
6649,7983,58153,24.051,604.36,574.81,0.02506
6649,8618.5,55697,28.613,358.81,239.34,0.19974
6650,5832.1,55965,37.625,376.81,274.21,0.1576
6650,5893.2,58110,25.864,766.13,334.89,0.39167
6650,8379.1,55880,18.813,523.88,378.16,0.16154
6651,7348,56482,17.975,623.09,498.44,0.11114
6651,7852.8,58276,31.39,577.51,579.39,-0.0016241
6651,8538.2,55743,36.276,386.34,153.32,0.43179
6652,7213.1,56430,19.361,703.38,552.97,0.11972
6652,7880.7,58156,16.297,544.04,461.82,0.081739
6653,7166.7,56527,27.912,321.28,342.74,-0.032321
6653,8059.1,58219,20.982,515.74,499.31,0.016185
6654,7137.8,57709,31.67,392.38,225.8,0.26946
6654,8332.5,56535,30.333,313.45,426.35,-0.1526
6655,6407.9,56037,36.19,460.75,254.27,0.28877
6657,7139.2,58104,23.072,242.58,547.01,-0.38555
6658,6078.2,55531,30.188,278.96,278.78,0.00033612
6658,6436.5,56634,25.573,505.87,407.44,0.10778
6658,7227.7,58231,23.146,474.74,867.55,-0.29264
6658,8206.4,56102,36.084,181.5,109.29,0.24834
6659,6386.4,56786,29.275,592.64,413.55,0.17799
6660,6563.8,57114,31.639,701.97,408,0.26485
6660,8220,56811,30.867,468.52,314.39,0.19686
6661,6629.4,57044,19.516,888.44,629.66,0.17046
6662,5713.1,58321,34.341,312.85,259.19,0.093797
6662,6490.5,57063,16.301,1291.7,1014.7,0.12011
6662,6619.1,56063,34.37,370.22,222.45,0.24933
6663,6316.3,56924,38.935,745.48,695.81,0.034462
6663,6482.3,57204,39.731,908.4,666.99,0.15324
6664,6391.8,57471,30.825,265.53,113.06,0.40273
6664,7050.9,56633,32.155,1275.3,806.25,0.22533
6665,7508.2,56670,28.705,473.11,552.79,-0.077668
6665,8139.3,58246,30.49,231.53,169.89,0.15354
6666,6837,56204,17.789,405.01,318.86,0.119
6666,7642.7,56532,31.342,333.95,142.42,0.40206
6667,6827,55526,29.685,504.88,272.76,0.29849
6667,6904.7,56380,26.115,963.57,323.39,0.49744
6668,6441.4,55527,34.834,667.05,754.12,-0.061271
6668,8600.7,57776,20.826,628.84,296.9,0.35856
6669,6671.1,57703,19.796,919.59,589.75,0.21853
6669,8605.1,57873,21.376,424.06,257.08,0.24516
6670,5996.6,55561,30.016,461.57,472.69,-0.011896
6670,6292,56728,29.656,208.13,129.16,0.23412
6670,6726.1,57629,28.125,481.18,392.42,0.1016
6670,8557.1,57854,26.819,687.22,379.78,0.28813
6671,6518,56776,28.415,506.38,375.08,0.14896
6672,5929.6,58135,31.43,580.25,357.55,0.23748
6672,7528.8,56902,25.465,303.9,260.84,0.076241
6672,7940.3,58106,16.512,531.49,422.53,0.11421
6672,8147.7,58089,39.007,1034.8,740.61,0.1657
6673,5975.9,55454,18.105,1015.8,911.9,0.053896
6673,6045.1,57995,22.913,501.37,306.5,0.24121
6673,6862,56612,27.261,513.06,371.43,0.16013
6673,7710,56823,27.284,223.37,128.21,0.27066
6673,8117.3,57854,24.225,1032,284.03,0.56836
6673,8604.7,55714,29.311,360.76,113.27,0.52211
6674,8016.6,58386,28.287,665.51,488.25,0.15363
6675,6995.9,58222,30.031,465.97,219.7,0.35918
6675,7784.2,57138,24.421,496.83,255.79,0.32027
6675,8004.1,58173,39.639,310.2,165.72,0.30357
6675,8276.2,57330,34.631,424.38,222.2,0.31269
6675,8586.1,55424,27.155,554.9,232.24,0.40992
6676,7232.1,56559,27.387,347.03,142.9,0.41664
6676,8023,57191,23.141,508.01,351.25,0.18244
6677,6458.1,56901,32.627,243.08,106.37,0.3912
6677,7359.3,57793,26.082,572.29,306,0.3032
6678,5849.6,56051,24.772,655.01,266.9,0.42098
6678,6405.6,56921,26.281,588.33,483.61,0.097686
6679,6005.7,56886,18.949,1124.2,582.76,0.31718
6680,6047.7,56887,34.677,451.02,297.13,0.2057
6682,6330.1,57329,35.536,244.53,269.57,-0.048695
6684,5680.5,57505,28.227,314.28,380.94,-0.095883
6685,5965.9,57282,34.557,395.4,441.51,-0.055097
6685,7286.2,56520,14.185,466.96,164.7,0.47852
6686,6204.7,55726,25.824,484.71,105.61,0.64218
6686,6440.5,56829,31.846,722.15,237.81,0.50454
6686,7325.4,56435,18.424,784.7,497.12,0.22435
6687,6154.8,56051,22.437,664.08,513.74,0.12764
6688,6341.5,56944,35.036,368.33,266.04,0.16125
6689,5691.5,56036,23.901,270.02,180.69,0.19819
6689,7454.4,55886,23.281,456.03,195.79,0.39925
6691,7885.8,55946,17.234,603.83,269.98,0.38206
6692,6352.4,57401,30.311,457.6,257.89,0.27912
6692,7718.1,55963,31.811,625.11,639.31,-0.011228
6693,6883.1,56259,27.646,790.92,620.17,0.121
6693,8555.3,57971,23.612,489.91,330.74,0.19396
6694,7000.2,56579,21.464,526.29,382.51,0.15821
6694,8240.8,56358,20.768,381.72,255.71,0.19768
6694,8566.3,57873,24.011,688.47,353.78,0.32112
6695,6959.4,56539,21.385,415.88,542.25,-0.1319
6695,8435.1,56538,26.931,1314.5,939.5,0.16635
6696,7215.8,56657,27.887,695.78,441.52,0.22357
6696,8496.6,56500,35.349,1178,764.18,0.21308
6697,6062.3,55648,31.134,522.11,180.37,0.48648
6697,6946.4,58065,30.869,354.79,178.67,0.33014
6697,7256,56947,29.078,441.76,188.43,0.40199
6697,8521.4,56539,27.173,1271.5,869.31,0.18785
6699,6096.9,58136,29.446,632.35,303.88,0.35085
6700,5898.2,55597,32.06,450.23,356.52,0.11617
6700,6663.4,56300,32.474,546.25,438.1,0.10987
6701,5971.6,58054,31.028,317.14,148.38,0.36253
6702,7994.5,56287,28.842,483.87,285.34,0.2581
6702,8523.1,57241,24.412,769.06,437.14,0.27518
6702,8595.4,58334,30.393,258.19,293.38,-0.063792
6703,7846,56285,21.52,459.84,245.89,0.30316
6703,8515.7,58371,23.777,332.47,589.85,-0.27906
6704,7791.5,56405,25.929,948.15,677.3,0.16664
6705,7945.8,57474,27.811,637.71,495.11,0.12588
6706,7859.2,57545,18.241,476.96,406.53,0.079718
6709,5904.7,56887,25.668,885.05,584.94,0.20416
6709,6763.4,57276,34.671,1038.8,569.06,0.29214
6710,5881.5,56988,31.301,488.93,274.91,0.28018
6710,6889.1,57781,25.395,421.04,234.11,0.28532
6711,6552.3,57425,34.312,554.44,297.01,0.30235
6711,7107.3,57705,22.264,639.42,441.19,0.18344
6711,8453,57581,25.7,468.85,181.51,0.44181
6711,8555.4,58135,20.319,791.57,560.77,0.17067
6712,6229.4,57367,20.265,769.94,553.17,0.16383
6712,7411.9,57394,25.752,1057.5,722.06,0.18852
6712,7427.5,57366,25.723,1035.7,699.43,0.19382
6712,8182,58178,26.735,966.62,665.72,0.18433
6713,6879.6,58247,33.678,199.05,141.02,0.17065
6713,7238.7,55675,34.233,700.13,676.25,0.017348
6713,8163.6,58111,24.423,424.09,285.65,0.19505
6714,7309.7,55752,27.944,373.47,438.16,-0.079709
6714,7358.9,57629,22.794,336.67,102.03,0.53487
6714,7616.2,56545,25.731,505.6,369.42,0.15562
6714,8260,57944,24.386,303.42,177.19,0.26265
6714,8610.2,56374,29.586,420.55,192.33,0.37238
6715,7189.5,55726,30.644,384.44,425.33,-0.050502
6715,7802.2,57388,26.814,545.31,492.01,0.051377
6715,7972,56774,30.433,606.07,316.78,0.31347
6715,8318.1,58090,26.675,391.78,340.39,0.07018
6716,7266.8,55632,26.343,252.73,208.88,0.094982
6716,7328.6,57000,29.282,113.66,106.26,0.033617
6717,7206.5,55663,34.656,393.46,392.84,0.00078936
6717,7558.3,56946,22.279,761.52,438.73,0.26893
6717,8396.3,57466,18.956,643.13,290.71,0.37739
6718,7087.5,55619,34.476,750.69,696.24,0.03763
6718,7428.2,55865,33.358,309.93,516.49,-0.24995
6720,6105.5,58095,25.787,583.98,464.28,0.11419
6720,8031.4,57950,35.891,382.21,479.34,-0.11274
6721,6252.5,58304,29.522,501.06,223.5,0.38308
6723,7453.6,56461,29.144,307.16,208.25,0.19189
6724,8371.3,55765,27.079,618.78,318.57,0.32028
6725,6276.7,57442,32.595,638.39,436.16,0.18819
6725,7170.7,56479,19.258,498.57,413.15,0.093695
6725,8101.5,56124,38.481,468.97,559.21,-0.087765
6725,8624.4,57490,29.482,729.72,203.22,0.56435
6726,6667.6,57290,36.649,321.93,474.36,-0.19143
6726,7134.1,56540,11.189,744.54,516.53,0.1808
6727,5840.8,56998,30.295,409.54,506.98,-0.10631
6727,8344.4,57008,16.67,826.67,402.24,0.34537
6727,8574,57061,29.792,989.61,509.96,0.31986
6728,6856.2,57261,31.53,317.76,182.6,0.27013
6729,5716.1,57178,25.282,636.06,523.35,0.097219
6729,6829.3,57562,28.245,346.03,148.07,0.40064
6730,7814.9,55768,21.34,698.02,400.46,0.27088
6731,7220.7,55728,22.543,309.2,157.43,0.32526
6731,7824.7,56253,37.765,388.24,339.25,0.067341
6731,7914.4,55731,23.519,428.63,346.78,0.10555
6733,5978.2,56181,21.512,636.14,460.76,0.15989
6733,7495,57200,23.956,1243.1,959.18,0.12893
6733,8413.1,55953,22.82,377.79,292.58,0.12711
6734,5857.1,56100,23.418,500.6,322.83,0.21589
6734,7618.5,57247,26.972,1401.9,1281.5,0.04487
6735,7992.8,55543,33.49,447.98,292.68,0.20968
6735,8603.6,55642,26.828,646.62,394.8,0.24181
6736,8609.3,55687,31.998,813.2,555.34,0.18842
6737,6255.8,56660,31.863,327.97,216.25,0.20529
6737,7548.1,56540,29.358,372.98,135.73,0.46637
6737,8308,55700,18.378,1020.9,770.45,0.13981
6739,6211.1,56951,34.362,495.78,287.82,0.26539
6740,5735,58213,35.965,174.9,134.88,0.12916
6740,8200,57932,31.029,293.13,176.24,0.24904
6740,8527.9,55651,28.226,315.59,265.62,0.085975
6741,6162.5,56991,24.856,454.96,127.15,0.56313
6741,8537.6,55431,27.718,306.69,138.81,0.37682
6742,6295.9,57073,25.131,308.95,123.77,0.42797
6742,6435.7,56246,23.773,602,187.47,0.52507
6742,6504.4,55451,26.301,427.18,389.32,0.046373
6743,6484.3,57089,22.734,783.43,442.93,0.27765
6743,8463.7,58291,30.802,482.8,225.89,0.36252
6743,8576,57902,33.604,370.4,121.01,0.50749
6744,5828.7,57642,23.182,650.2,454.81,0.17682
6744,8275.9,56079,23.396,401.66,125.63,0.52349
6744,8421.3,58365,33.492,802.87,555.88,0.18178
6744,8573.1,56863,18.587,853.38,422.32,0.3379
6745,6217.2,56273,32.576,697.42,434.08,0.23274
6745,7013.1,57862,30.839,519.86,460.1,0.060985
6745,8473.1,57541,33.806,1101,804.7,0.15546
6745,8412.3,55915,24.94,560.38,528.22,0.029543
6745,8590.2,56904,15.779,849.27,551.62,0.21247
6746,7170,57890,36.005,348.8,333.14,0.022963
6746,8229.9,58243,30.622,349.73,282.53,0.10629
6746,8531.3,57580,22.08,736.17,434.75,0.25743
6747,5729.4,57445,25.063,465.88,233.36,0.33254
6747,6259.3,56448,31.629,304.4,242.86,0.11245
6747,7999.1,55611,26.226,386.33,176.04,0.37394
6747,8165.2,58285,27.871,446.96,500.44,-0.056447
6748,6135.1,56120,28.118,1310.9,890.34,0.19106
6748,7191,57452,28.134,525.66,564.15,-0.035325
6748,8458.4,57364,20.878,871.5,406.76,0.36357
6749,6192.5,56923,37.294,857.3,499.03,0.26414
6749,6211.4,55699,28.216,994.43,625.58,0.22768
6749,6868.3,57453,33.691,202.28,139.48,0.18375
6749,8467.3,57521,25.992,426.03,436.54,-0.012179
6750,6198,55563,25.627,1254.5,932.19,0.14741
6750,8446.4,57595,20.295,445.99,320.66,0.16348
6751,5803.6,57237,27.572,699.3,584.52,0.089405
6752,5911.7,56545,35.855,1125.9,1183.2,-0.024838
6753,5845.7,56524,20.577,956.48,521.32,0.29446
6753,7913.6,55861,32.162,599.19,443.95,0.14882
6754,7184.5,56323,17.44,1038,697.71,0.19606
6755,7910,58262,26.685,593.48,414.03,0.17812
6756,6935.5,56945,35.45,510.13,342.4,0.19674
6756,7118.2,56467,21.033,517.9,316.33,0.24161
6756,8550,56869,35.499,619.16,328.07,0.30731
6757,7038.7,56932,36.96,477.25,394.06,0.095481
6757,7151.9,56406,22.35,388.2,327.54,0.084751
6758,8023.4,58163,30.306,365.7,180.37,0.33939
6759,6139.6,56087,25.793,844.57,502.03,0.25437
6759,6829.1,55447,28.956,240.71,147.05,0.24153
6759,7199.7,57672,17.471,1077.4,429.14,0.43031
6759,7821.3,55632,28.48,593.09,249.47,0.40783
6759,8280.8,58041,25.741,660.38,320.59,0.34638
6760,7330.7,57753,16.108,1042.7,476.6,0.37259
6760,8018.1,58056,22.828,333.41,117.28,0.47955
6760,8311.3,55734,17.999,356.1,325.35,0.045115
6761,7107.4,55727,27.926,518.7,359.89,0.18075
6761,7460.4,57911,36.517,319.58,151.27,0.35745
6761,7864.3,56321,32.652,456.87,356.95,0.12278
6761,8310.7,55776,16.324,384.97,266.92,0.18108
6761,8417,56929,27.486,1188,740.05,0.23233
6762,6023.1,57906,27.74,356.16,157.75,0.38608
6762,7771.4,56595,33.252,600.56,579.41,0.017923
6762,8435.8,55755,18.094,481,340.28,0.17135
6763,7473.4,56583,30.311,300.81,234.73,0.12339
6763,8441.1,56985,17.221,993.35,813.27,0.099679
6763,8655.4,55758,21.871,743.44,425.57,0.27191
6764,7137.5,56309,23.166,433.31,314.78,0.15844
6764,8484.3,56789,28.535,374.13,425.85,-0.064656
6765,8417.3,56639,22.168,511.55,326.03,0.2215
6766,7125.3,56319,21.076,386.18,309.54,0.11016
6766,8204.7,56683,28.093,698.12,638.12,0.044899
6767,5716.7,57975,32.009,333.92,293.93,0.063685
6767,5776.1,56368,25.358,1021.8,888.66,0.069681
6767,7181.2,56323,27.42,368.37,410.6,-0.054217
6767,8241.8,56653,23.437,616.32,316.86,0.32091
6768,5745.9,58060,26.84,294.39,155.83,0.30774
6769,5974.2,57909,25.309,713.28,555.21,0.12462
6770,5981.7,56366,34.083,503.13,539.79,-0.035155
6770,7725.4,56779,20.85,535.18,277.32,0.31737
6771,6102.3,56707,20.74,353.02,220.43,0.2312
6771,8611.6,56627,28.909,307.53,276,0.054027
6772,8597.7,57420,29.541,150.47,207.84,-0.16012
6774,5831.2,56303,25.76,554.88,521.6,0.030914
6774,7810.2,58276,29.443,478.73,597.77,-0.11059
6774,8134.1,57706,38.635,180.33,173.59,0.019048
6775,5902.2,56171,23.092,883.24,644.11,0.15657
6776,8045.5,58277,32.781,147.31,162.38,-0.048657
6777,7809.5,57843,35.86,366.4,361.73,0.0064176
6778,8260.5,55957,32.588,380.5,396.7,-0.020839
6778,8480.5,57578,21.669,744.13,637.17,0.077429
6779,8466.6,57393,24.883,572.62,521.59,0.046639
6780,5684.5,55988,22.554,567.89,622.34,-0.045748
6781,7926.9,58124,20.778,753.49,762.59,-0.0060016
6781,8652.1,57058,20.923,643.1,365.01,0.27585
6782,7408.7,57150,19.383,605.67,183.02,0.53589
6782,8032,58170,30.982,479.4,362.46,0.1389
6782,8458.7,57006,14.604,1247.5,731.08,0.26099
6783,8453.8,56926,20.235,565.66,448.09,0.11598
6784,7628.7,57514,32.688,368.32,227.09,0.23719
6784,8520.5,56738,26.673,1003.3,654.57,0.21033
6785,6287.8,56670,38.958,294.28,225.49,0.13235
6785,8061.9,55911,24.402,858.47,570.26,0.20173
6785,8398.1,56594,30.269,659.54,401.71,0.24295
6785,8306.1,57275,18.706,1128.9,869.63,0.12971
6786,6428.1,56974,30.94,613.73,436.4,0.16886
6786,8579.7,57284,25.965,1219.2,573.28,0.36035
6787,6313.1,57154,34.395,309.12,197.15,0.22116
6787,7954.3,57334,20.39,856.78,491.62,0.27081
6787,7979.5,58186,19.75,798.33,558.63,0.17665
6787,8249.7,56495,23.707,579.36,383.86,0.20297
6788,7938.1,58343,17.398,371.86,313.85,0.084593
6788,8179.8,57493,23.015,1162.5,893.25,0.13097
6789,7753.5,56771,27.36,541.83,397.73,0.15337
6789,7987.9,58237,37.86,342.43,478.46,-0.16572
6789,8413.4,57533,23.602,842.22,587.42,0.17823
6790,8652.1,57848,27.838,817.16,646.72,0.11643
6792,6396.4,57053,18.784,378.3,255.62,0.19353
6792,8499.1,57830,23.586,546.77,251.8,0.36938
6793,7492,57334,31.147,1169.9,754.99,0.21557
6794,6091.3,56839,21.758,515.73,377.07,0.15531
6794,8179.6,57444,29.905,524.63,402,0.13234
6795,7886.4,56962,37.404,440.44,259,0.25941
6796,5721.2,57285,32.618,400.9,364.82,0.047123
6796,6108.2,56545,34.444,736.24,535.45,0.1579
6797,7452,57385,24.628,248.55,123.83,0.33492
6798,5782.5,57231,28.479,421.69,321.53,0.13477
6798,6642.9,57015,28.883,815.21,555.67,0.18932
6799,5956.3,56419,22.775,365.88,211.16,0.26813
6799,8388.1,56506,20.299,926.2,407.56,0.38886
6800,7508.3,56714,21.307,581.84,347.25,0.25249
6800,7497.1,57617,26.058,227.97,292.32,-0.12367
6800,8593.3,56588,22.71,533.81,479.68,0.053404
6801,7155.7,56292,25.737,951.15,516.57,0.2961
6801,7713.3,57542,24.013,240.31,243.76,-0.0071416
6802,7175.8,56137,34.554,783.47,761.79,0.014028
6802,7450.7,56782,22.429,439.96,170.68,0.44097
6802,7699.7,57581,18.387,721.8,515.34,0.16689
6803,6221,58062,29.364,262.7,235.16,0.055334
6803,7975.8,57803,13.386,585.29,185.42,0.51884
6806,7471.2,55862,19.917,590.31,436.39,0.14993
6806,8052.2,57854,18.939,529.53,289.49,0.29308
6807,8047.5,57870,16.323,629.02,164.71,0.58497
6807,8132.6,57427,22.953,916.34,419.48,0.37195
6808,7526.4,55805,37.093,312.6,153.77,0.34055
6808,8474.7,57777,27.842,485.2,445.82,0.042301
6811,6078,55419,36.148,346.47,191.27,0.28861
6811,7062.5,57542,14.2,606.74,490.51,0.10593
6812,5961.4,55593,24.058,282.07,122.76,0.39353
6812,8326.7,56232,32.549,399.7,221.69,0.28648
6813,7935.2,55961,31.29,280.89,158.37,0.27892
6813,8592.6,57689,24.125,414.83,318.57,0.13125
6814,6465.7,55730,33.357,565.15,250.66,0.3855
6814,8105.5,56026,26.978,527.45,473.14,0.054281
6814,8579.3,57752,20.442,834.56,768.39,0.041284
6815,6420.6,55799,31.772,451.93,305.79,0.19287
6815,8012.6,56349,32.637,843.87,400.19,0.35664
6815,8419,57651,27.203,145.1,163.53,-0.05973
6816,6433.1,57363,26.096,334.11,134.44,0.42615
6816,7972.2,56240,27.219,498.3,370.6,0.14697
6817,7221.4,56426,20.013,536.7,340.23,0.22404
6818,7177.2,56396,24.108,777.23,815.29,-0.023902
6819,7052.2,56389,19.332,1212.1,834.14,0.18472
6820,6666.1,56831,19.6,1003.5,635.3,0.22467
6821,6323,56753,19.434,1006.5,498.91,0.33716
6821,7402.5,57636,34.939,669.74,377.97,0.27848
6822,6233.9,56685,33.927,388.17,256.51,0.20424
6822,7919.3,55909,37.553,455.44,317.62,0.17828
6822,8502.9,57907,26.221,966.16,731.96,0.13792
6823,5992.7,56643,36.583,263.51,400.17,-0.2059
6823,5992.4,58150,28.632,267.1,211.57,0.11601
6823,8354.2,57924,24.977,737.42,496.38,0.19537
6824,8654,58109,31.052,560.31,243.47,0.39418
6825,7778.8,56636,19.695,586.51,145.46,0.60255
6825,8392,58170,23.765,1100.6,782.93,0.16864
6826,7926.4,56801,37.39,545.45,414.1,0.1369
6826,8021.6,58187,21.039,750.67,612.06,0.10172
6826,8296.5,57493,24.437,714.24,543.49,0.13576
6827,7947.1,58193,17.515,1071.6,713.6,0.20053
6828,6723.7,56789,29.478,454.66,170.93,0.45353
6828,8085.8,58331,24.732,1279.4,673.98,0.30992
6829,6105.1,58243,26.52,374.68,362.32,0.016773
6829,6621.4,56896,26.697,442.47,177.55,0.42727
6829,8178.2,58298,24.494,973.69,474.3,0.34488
6830,6045.1,58088,22.512,438.8,331.13,0.13984
6830,6522.5,56985,33.043,400.03,216.49,0.29771
6830,8155.3,58130,35.555,905.18,642.22,0.16994
6832,5872.4,55403,26.39,699.44,506.22,0.16026
6832,5898.5,58286,30.823,387.34,468.25,-0.094567
6832,7102.4,58174,33.465,588.85,561.41,0.023858
6833,5985.8,56464,28.583,516.93,420.18,0.10324
6833,6616.3,55809,35.306,499.86,564.97,-0.061143
6833,7267.8,58017,30.776,964.39,676.99,0.1751
6834,6555.2,55968,24.525,434.5,292,0.19615
6834,7898.6,55790,34.251,508.43,469.55,0.039757
6835,6186.3,57125,32.179,318.62,302.83,0.025408
6835,6558.3,56239,29.678,416.67,558.2,-0.14519
6835,6937.5,57747,17.602,396.12,499.37,-0.1153
6836,7001,57837,21.315,533.35,644.81,-0.094613
6837,6960,57799,13.678,441.39,467.73,-0.028966
6837,7586.9,55869,31.405,560,263.03,0.36082
6838,7216.5,57693,28.757,1488.9,2053.7,-0.15945
6838,8363.1,56442,33.292,754.63,694.31,0.04163
6839,7151.1,57686,15.071,1189,1368,-0.070013
6840,7000.4,57772,15.737,1035.9,1343.7,-0.12934
6840,7801.4,57062,20.5,1463.6,1115.5,0.13497
6840,8241.3,56456,22.943,1167.7,920.12,0.11858
6841,6459.8,57096,22.832,764.17,681.19,0.057413
6841,6968.1,57812,21.999,501.84,702.97,-0.16694
6841,7698.1,57262,25.687,260.49,119.49,0.37109
6841,8029.9,56327,22.311,574.92,269.54,0.36162
6844,6907.5,56818,35.805,1141.1,983.75,0.074066
6844,7478,55845,22.571,548.14,272.77,0.33544
6845,5695,57246,20.682,908.83,603.85,0.20162
6845,5699.9,57739,29.594,571.04,373.44,0.20922
6845,6583.5,56826,33.973,479.76,347.22,0.16027
6845,7098.5,57401,27.803,408.06,291.17,0.16717
6845,8002.8,57282,22.135,1021.3,325.62,0.5165
6846,6508.3,56676,28.272,395.21,278.11,0.17391
6846,7520.7,57118,19.005,1197.7,927.39,0.1272
6847,7268.5,56947,21.535,1274.9,693.73,0.29522
6848,5875,57682,19.188,1135.5,605.29,0.30456
6848,7564.9,57047,12.434,1222.5,563.21,0.36921
6849,5914.6,57513,35.337,438.82,343.67,0.1216
6849,7598.1,57038,15.276,1406,651.83,0.36649
6849,7959.7,58291,37.535,189.96,216.56,-0.065448
6850,5836.1,57625,29.31,860.5,753.88,0.066048
6850,6159.3,56701,25.954,249.89,209.71,0.087419
6851,5994.3,57522,30.95,480.82,397.49,0.094869
6851,6102.2,56719,17.133,321.99,341.25,-0.029033
6851,8277.3,57946,39.045,284.37,214.86,0.13924
6852,6111.5,56729,24.866,332.82,458.36,-0.15867
6852,6106.5,57388,22.149,557.34,418.89,0.14183
6852,7577,57186,26.064,243.39,432.91,-0.28022
6853,6138.6,56825,15.925,887.97,735.06,0.094212
6855,6156.8,55417,19.221,719.42,465.89,0.21389
6855,7207.5,56395,21.486,604.49,595.05,0.0078737
6855,8211.5,57314,28.475,342.89,236.72,0.18317
6856,7769.6,57518,22.061,671.81,284.1,0.4056
6857,8116.5,56898,23.745,478.81,231.27,0.34861
6859,6032.2,57972,19.247,549.44,341.16,0.23387
6859,7674.8,57514,16.62,487.58,345.77,0.17017
6860,5726.4,57836,32.989,296.37,109.68,0.45977
6860,7723.2,57453,23.775,946.95,651.93,0.18452
6861,6914.1,56872,30.387,450.98,212.77,0.3589
6862,6736.2,56599,34.203,634.94,609.65,0.020326
6863,7271.4,58067,27.835,329.85,152.29,0.36828
6863,8637.2,58302,30.85,173.98,113.11,0.21202
6865,7003.8,57774,31.246,563.86,184.03,0.50787
6866,6051,56272,32.836,793.91,702.39,0.061167
6866,6888.8,58229,29.767,471,211.14,0.38096
6868,6688.7,57871,28.231,744.62,366.48,0.34033
6869,6480.5,57694,29.263,417.02,308.64,0.14935
6869,7583.2,57342,32.271,685.66,501.73,0.1549
6869,7586.7,56727,32.505,825.37,626.27,0.13716
6870,6502.3,57588,24.119,931.5,675.3,0.15944
6870,7162.2,56361,12.61,607.37,461.43,0.13655
6870,8168.8,55716,28.221,455.6,376.29,0.09533
6871,6750,57623,27.819,941.73,611.3,0.21276
6871,8163.7,55668,26.151,287.26,129.21,0.37949
6872,6091.1,58013,23.372,711.45,719.53,-0.0056451
6872,6850.4,56506,24.184,611.02,496.66,0.10324
6872,7081.9,57627,29.228,523.6,293.09,0.28225
6872,8239.8,55506,22.174,817.03,298.06,0.46541
6873,6097.8,56225,24.934,982.15,1221.1,-0.10847
6873,8486.5,56209,27.739,483.68,437.29,0.050373
6874,5989.4,56209,21.265,457.11,333.07,0.15697
6874,6098.5,57817,28.948,749.29,519.51,0.18111
6874,7758.4,55638,25.214,355.69,228.06,0.21865
6874,8257.8,56102,36.479,388.71,267.33,0.18501
6875,6166.5,57806,28.424,291.54,256.33,0.064261
6876,5838.8,56515,36.047,456.93,395.14,0.072519
6877,6260.8,55681,31.01,336.36,198.29,0.25825
6878,7279.9,56123,32.663,332.31,209.76,0.22607
6879,6577.1,55768,38.026,735.38,451.27,0.23943
6879,7583.7,57542,33.246,385.46,452.04,-0.079496
6880,6635.4,55761,18.413,797.53,506.1,0.22355
6881,7314.3,57849,36.056,351.83,308.97,0.064855
6881,8527.7,56697,25.112,470.93,314.51,0.19915
6882,7247.3,57759,20.11,606.02,381.78,0.22701
6883,5875,56320,30.246,750.97,644.59,0.076232
6883,7944.4,55490,37.057,659.64,598.09,0.048941
6884,6469.6,55659,30.55,719.65,380.21,0.30863
6884,6879.1,57874,28.066,399.82,289.88,0.1594
6884,8567.4,56992,33.145,342.41,193.67,0.27747
6885,5670.6,56673,32.301,197.76,116.08,0.26024
6885,6709.9,57940,25.644,589.57,640.38,-0.041308
6886,5843.8,56651,33.461,318.41,235.98,0.14868
6886,6813.2,57983,25.126,495.19,459.65,0.037221
6886,8295.4,55663,29.008,585.9,412.05,0.17421
6887,6127.1,56610,25.55,382.79,282.45,0.15084
6888,6709.4,58152,35.187,311.7,267.03,0.07718
6888,8066,55687,19.383,893.39,852.77,0.023259
6890,6956.4,58111,38.461,139.28,144.33,-0.017823
6890,7172.3,55761,27.495,413.98,362.62,0.066134
6890,8637.7,57965,31.85,194.35,128.29,0.20474
6891,5869,56903,39.242,514.43,339.97,0.20418
6891,7258.5,55836,27.28,496.26,749.5,-0.20329
6892,5871,56917,30.219,252.72,141.48,0.28219
6892,7150.5,55781,19.865,474.93,316.02,0.20091
6892,8010.2,58085,27.18,308.96,319.25,-0.016378
6893,6505.6,57004,25.459,726.29,400.41,0.28923
6893,7091.5,55763,26.339,690.48,465.24,0.19489
6893,7544,56571,27.101,505.22,431.86,0.078286
6896,5670.6,55971,25.771,436.87,275.66,0.22626
6896,6072.9,58244,28.29,310.19,131.58,0.40431
6897,6044.4,58153,24.377,802.85,414.05,0.3195
6897,7850.3,55439,33.135,316.37,279.9,0.061156
6897,8646.5,58197,30.607,397.39,272.01,0.1873
6898,5793.7,55411,24.382,391.71,202.92,0.31749
6898,6071,58259,21.36,700.26,454.18,0.21316
6898,8574.1,58276,26.053,1057.3,749.1,0.17061
6899,8466.3,55436,23.327,590.63,461.17,0.12308
6900,6087.6,57790,38.422,212.33,253.35,-0.088084
6900,6716.1,55769,27.138,381.06,151.05,0.43225
6900,8380.7,55594,20.553,501.69,321.03,0.21959
6901,5802.5,58380,29.405,573.02,420.16,0.15391
6901,6464.6,55797,27.471,1033.1,1000.1,0.016239
6901,8334.9,58333,33.468,632.45,583.82,0.039989
6901,8622,55987,34.07,355.47,407.81,-0.068572
6902,5743.4,56160,28.658,619.88,516.27,0.091194
6902,6330.8,55689,25.604,663.62,576.78,0.070006
6902,6602.7,57481,28.692,207.28,165.27,0.11276
6902,7098.3,56572,21.06,693.79,461.26,0.20132
6903,5844.7,56100,25.292,326.18,205.31,0.22741
6903,6315.7,55695,16.823,575.92,253.49,0.38875
6903,6573.2,57388,36.874,393.24,442.91,-0.059398
6903,6835,56284,34.855,397.06,395.43,0.0020594
6904,6359.6,57498,29.792,343.59,280.28,0.10148
6905,5771.1,58202,25.873,343.68,155.01,0.37834
6905,5892,55618,37.498,315.15,324.42,-0.014502
6905,6792.9,56012,27.092,410.01,328.85,0.10985
6905,7519.5,57101,26.165,860.44,687.88,0.11145
6905,8292.4,58231,26.567,433.43,231.19,0.3043
6906,6073.8,57114,30.838,639.64,301.16,0.35978
6906,7710.6,57057,22.675,668.45,600.3,0.053715
6907,5946.4,57380,28.308,363.75,341.87,0.031006
6907,8057.6,58148,24.858,382.64,144.59,0.4515
6909,8056.6,58071,25.381,377.52,180.25,0.35368
6910,8079.2,58111,32.83,319.94,265.74,0.092539
6911,6029.4,57432,31.659,263.75,521.15,-0.32793
6911,6707.5,56045,33.278,202.71,163.91,0.10582
6911,7290.2,57705,36.741,206.04,165.66,0.10864
6912,5897.4,57585,23.373,339.57,103.28,0.53358
6913,6355.6,57164,34.77,333.43,147.13,0.38768
6913,6773,58319,33.541,417.42,426.79,-0.011097
6914,5819.6,56523,33.513,420.21,450.75,-0.035057
6915,6134.4,56614,28.963,477.6,541.03,-0.062275
6916,6829.5,57741,21.954,525.39,365.88,0.17897
6916,7342.7,56141,32.549,1488,1018.6,0.18726
6917,6688.3,57783,23.262,863.75,665.28,0.1298
6917,7425.2,55880,30.422,646.34,232.67,0.47061
6917,7275.1,56472,37.434,971.66,896.29,0.040348
6918,5688.2,56159,22.975,564.92,456.93,0.10569
6918,6762,57748,17.582,786.47,696.13,0.060934
6919,7343.8,57474,31.621,596.45,341.98,0.27117
6920,6666.3,57480,25.225,431,315.02,0.15546
6920,7874.2,58305,19.333,287.16,228.96,0.11276
6921,7796.9,58312,23.022,399.81,241.77,0.24633
6922,7140.7,55769,19.585,533.67,370.46,0.18052
6922,7814.6,58278,24.839,382.93,315.12,0.09714
6923,5840.4,55491,35.569,230.52,227.29,0.0070601
6923,7774.9,58175,34.68,221.35,220.21,0.0025792
6924,5791.1,55472,27.982,288.39,241.38,0.088735
6924,6204.3,58390,30.062,706.93,549.62,0.12519
6924,6792.7,55835,25.649,1027.6,895.85,0.068495
6925,7868.4,55756,32.816,670.31,439.88,0.20755
6926,7484.2,55774,35.382,434.23,299.68,0.18334
6926,7818.5,57064,32.508,446.52,217.67,0.34456
6926,7945.1,55510,26.207,765.09,335.36,0.39051
6927,6027,57879,33.115,425.65,331.08,0.12497
6927,7745.1,57086,32.571,424.76,410.01,0.017667
6927,8291.3,58043,32.432,645.92,528.73,0.099765
6928,7380.5,56074,25.098,917.36,625.29,0.18933
6928,8300.1,57953,22.73,406.38,226.2,0.28484
6930,7708.2,56727,27.365,815.95,659.96,0.10569
6930,7720.2,57002,23.56,854.68,649.31,0.13655
6931,6518.8,57491,32.232,281.46,239.36,0.080848
6931,7117,56556,19.283,431.57,327.18,0.13758
6931,7693.1,57056,16.893,796.97,581.97,0.15592
6931,8452.5,58011,28.321,446.5,249.35,0.28333
6932,6520.1,57539,30.759,340.22,249.42,0.154
6932,7032.2,56492,28.824,235.23,154.66,0.20665
6932,7681.1,57042,14.711,793.12,416.45,0.31141
6934,6452.1,57423,27.184,282.11,212.63,0.14043
6934,7733.3,57026,31.39,176.34,113.87,0.21524
6935,7692.1,57031,16.107,432.91,179.13,0.41465
6935,8003.4,55409,32.205,511.65,132.21,0.58932
6935,7976.9,58045,21.22,358.62,210.65,0.25994
6936,7748.4,57063,19.081,357.73,222.66,0.23272
6937,5908.6,57903,30.744,517,496.53,0.020198
6937,7694.4,57049,9.0437,1067.3,472.09,0.38666
6937,7987.4,55978,34.332,251.63,102.15,0.42253
6937,8657.7,56890,25.468,820.75,650.65,0.1156
6938,7724.2,57063,14.651,434.12,163.95,0.45173
6939,6485.9,57171,33.411,541.71,308.78,0.27388
6941,6247.9,57032,27.151,1099.3,732.35,0.20034
6941,6313.2,58235,43.635,600.13,464.05,0.12787
6941,8259.2,57191,33.952,354.2,250.4,0.17169
6942,6129,58019,34.159,335.7,278.44,0.093239
6943,6363.2,57227,28.942,543.02,409.85,0.13975
6944,7132.3,56382,18.31,423.25,217.45,0.3212
6944,7119.8,58288,37.404,291.36,120.01,0.41654
6945,6614.5,56736,28.038,402.18,176.49,0.39001
6945,7093.9,56357,15.07,472.22,278.2,0.25855
6945,7829,56483,31.664,868.95,526.07,0.24579
6946,6790.1,56873,27.595,297.89,202.53,0.19058
6946,7789.2,56084,29.383,963.88,644.3,0.19872
6947,5953.6,55393,31.401,286.03,117.53,0.41752
6947,6836.7,56832,40.38,762.98,517.52,0.19169
6947,7524.5,55885,24.368,475.74,204.2,0.39937
6947,8186.7,58334,28.525,280.97,129.05,0.37054
6948,6643.2,57233,30.323,470.85,377.92,0.10949
6948,7171,55761,19.354,789.62,665.43,0.085354
6948,7118.4,56466,22.611,668.49,608.44,0.047028
6949,6768.4,57121,32.992,659.73,266.62,0.42436
6949,7156,55680,12.691,1533.8,1101.4,0.16408
6950,6571.4,57259,26.324,315.39,181.37,0.26978
6950,7197.6,55684,22.187,642.95,415.83,0.21452
6951,6207.2,56027,24.601,267.53,186.23,0.17917
6953,6504.5,57135,25.067,523.8,420.15,0.10981
6953,7294.3,56413,20.748,425.39,208.45,0.34226
6953,8331.9,57224,26.917,332.94,174.02,0.31346
6954,6273.1,56881,24.986,259.66,216.14,0.091468
6954,8109.5,57129,30.381,741.15,570.06,0.13049
6955,6401.9,56901,31.398,471.27,156.6,0.50118
6955,8234.6,56118,23.784,355.96,214.79,0.24735
6955,8408.4,56768,31.093,552.93,209.09,0.45122
6956,5732.2,57284,29.562,343.47,165.91,0.34859
6956,8410.6,56595,28.064,1418,1045.3,0.15129
6957,6032.2,56200,24.735,579.01,545.73,0.029586
6957,6060.1,58019,35.825,175.86,120.5,0.18682
6957,8483.3,56373,27.619,1666.7,1236.8,0.14804
6958,6020.5,56111,24.02,421.29,238.97,0.27613
6958,8398,56482,15.823,1759.8,1130.3,0.2178
6959,6068.3,56039,17.352,372.63,190.77,0.32278
6959,7389.4,56089,34.075,455.77,360.69,0.11645
6959,8445.2,56344,26.286,1487.7,1101.8,0.14905
6960,6276,55908,29.722,797.9,615.03,0.12942
6960,7879.2,55545,25.925,408.54,164.54,0.42577
6960,8128,56548,32.754,380.2,264.55,0.17937
6961,7887.6,57130,30.506,407.71,445.64,-0.044456
6961,8528.3,56254,15.675,880.49,822.89,0.033817
6962,7442.5,55849,29.513,528.52,406.62,0.13035
6962,8475.4,56271,16.948,781.08,1292.9,-0.24677
6964,7530.8,58004,19.637,726.82,305.2,0.40853
6966,6263,56487,30.565,419.74,291.32,0.1806
6966,7243,57030,34.266,419.33,194.49,0.3663
6967,8026.7,57984,32.193,297.61,301.99,-0.0073116
6968,8269.7,57874,23.142,451.63,323.1,0.1659
6969,7271.6,56859,23.151,540.81,422.76,0.12251
6969,8217.9,57873,25.735,395.36,209.03,0.3083
6970,5894.3,55860,43.128,432.8,223.16,0.31959
6970,8191.6,57330,17.872,761.4,358.13,0.36021
6970,8144.1,57824,28.54,431.56,390.87,0.049479
6971,7383.7,56942,20.859,552.16,708.86,-0.12426
6971,8309.3,57226,25.894,881.74,496.3,0.2797
6971,8239,57836,31.013,657.3,449.2,0.18807
6972,7501.5,56957,24.597,294.4,198.58,0.19435
6972,8140.4,57962,23.898,440.07,150.57,0.49015
6974,6292.3,55935,26.429,1123.3,532.64,0.35669
6976,6186,55824,34.553,618.39,468.86,0.13753
6976,7994.8,58295,35.976,314.36,125.4,0.42969
6976,8251.2,55640,28.345,571,405.96,0.16894
6977,6593.9,57523,27.5,254.79,243.92,0.021805
6977,7269.5,58093,35.593,770.75,1159.2,-0.20126
6980,6083.9,56332,29.933,429.43,538.05,-0.11227
6980,8054.7,56330,36.759,489.5,381.79,0.12362
6981,6079.5,56276,33.432,292.57,197.66,0.19361
6981,8171.8,56781,31.405,966.1,631.54,0.20941
6982,6246,58034,25.174,169.98,120.74,0.16937
6982,7981.8,58351,28.619,375.31,240.3,0.21932
6982,8402.3,56669,28.994,456.04,302.04,0.20314
6983,8276,56066,29.343,370.35,311.91,0.085654
6984,8629.6,56725,28.916,556.53,442.1,0.11458
6985,7118.8,56154,38.37,481.88,271.9,0.27857
6985,7250.6,57626,29.165,551.23,267.56,0.34644
6985,8352.2,55829,19.168,444.16,163.86,0.461
6986,6936.1,56226,20.482,617.35,315.6,0.32343
6986,8360.9,55853,25.45,475.75,342.31,0.16311
6987,6890.4,56184,21.7,848.85,348.64,0.41771
6988,6936.5,56181,23.13,1076.5,609.84,0.27671
6988,7880,58256,19.426,239.38,164.24,0.18617
6989,7464.1,57799,20.277,827.93,488.71,0.25764
6990,7583.8,56510,26.963,315.49,168.28,0.30429
6990,7453.6,57742,17.246,1237.6,708.1,0.27213
6991,6536.5,57742,33.565,633.6,554,0.067025
6991,7349.4,56517,33.361,1306.1,842.91,0.21553
6991,7201.4,57709,25.747,526.18,248.57,0.35832
6991,7383.3,56524,29.795,793.35,506.57,0.22061
6992,7674,57300,25.333,1073.2,554.97,0.31829
6994,6148.8,55633,30.841,793.91,335.55,0.40582
6994,8010.5,56369,33.178,350.71,291.56,0.092093
6994,8595.4,56914,33.09,236.19,116.11,0.34086
6995,8219.8,56320,30.915,497.96,614.34,-0.10463
6995,8566.6,56942,25.725,379.78,286,0.14085
6996,8204.5,56417,32.253,701.7,575.87,0.098493
6997,7944.9,58339,16.39,439.26,273.02,0.23339
6997,8591.6,56544,29.031,1065.5,565.81,0.30633
6998,8114.7,58214,32.625,225.79,296.37,-0.13517
6998,8616.6,56583,32.549,369.82,101.93,0.56787
6999,7976.3,58324,28.026,417.19,424.37,-0.0085253
7001,7582.3,55865,20.013,527.46,243.95,0.36753
7002,6518.6,57006,35.687,265.46,144.8,0.2941
7003,6496.7,57111,21.552,639.78,181.4,0.5582
7003,7299.8,55392,32.369,152.78,177.9,-0.075965
7004,6629.1,57212,24.547,524.42,266.21,0.32658
7006,6089.6,58250,31.002,489.9,150.26,0.53055
7006,7132.2,57595,25.652,730.52,353.24,0.34812
7007,7364.2,57497,21.511,915.84,658.45,0.1635
7007,8592.9,55831,34.369,422.64,507.24,-0.090978
7008,7412.7,57529,26.084,1110.2,798.22,0.16348
7008,7489.1,58142,30.171,272.63,328.14,-0.092394
7009,7357.6,57596,19.409,931.71,622.28,0.19912
7011,5746.7,56168,25.614,504.46,381.48,0.13881
7012,5677.2,55981,28.225,417.34,473.93,-0.063488
7014,6365.3,57046,24.98,613.56,329.43,0.30131
7014,6953.9,56510,23.722,728.18,388.96,0.30365
7015,6535.7,56899,28.223,654.07,493.12,0.1403
7015,6966.7,56370,35.079,235.37,209.03,0.059268
7015,7686.1,56193,30.359,339.04,216.32,0.22099
7016,5697,58085,24.288,416.44,325.82,0.12209
7016,6290.8,56887,22.198,400.33,328.1,0.099158
7016,7649.7,56557,27.254,522.76,473.94,0.048982
7017,8060.1,58005,23.242,398.9,269.74,0.19318
7018,6392.6,57534,28.968,295.75,240.47,0.1031
7018,7406.1,56138,23.755,228.91,131.08,0.27176
7018,8052.6,57970,22.084,1100,669.85,0.24306
7019,6220.1,56937,26.197,559.5,431.51,0.12916
7019,6388.4,57555,32.269,614.7,304.19,0.33792
7019,8172.1,57753,26.283,678.98,496.31,0.15542
7020,7724.3,55773,35.702,766.62,543.13,0.17063
7021,6473.3,58226,28.575,319.63,128.31,0.42711
7021,7419.7,55956,20.891,596.63,164.76,0.56721
7021,7717.2,57731,32.194,270.57,226.56,0.088514
7022,7828.2,57905,33.217,523.71,406.02,0.12658
7023,7424.9,55609,29.387,367.54,231.64,0.22682
7024,7432.9,55561,23.309,453.78,128.5,0.55864
7025,7644.1,58285,24.004,620.74,630.7,-0.0079551
7025,8135.2,56457,29.933,343.22,430.73,-0.11307
7026,8007.9,56346,27.117,465.52,298.55,0.21853
7026,7928.4,58099,24.617,624.97,421.09,0.1949
7027,7454.7,56967,19.034,453.5,269.54,0.25443
7027,7906.4,58135,34.135,722.05,649.1,0.0532
7028,7427.8,56813,23.026,553.75,410.99,0.14798
7029,5687.3,55705,28.416,820.5,491.32,0.25094
7029,7244.3,56567,20.525,859.13,756.74,0.063365
7029,7957.9,58142,14.447,569.38,393.45,0.18273
7030,6236.9,58337,20.037,754.8,259.3,0.48861
7030,7144.6,56310,31.194,564.13,277.2,0.34105
7030,8013,58101,13.236,535.6,185.22,0.48609
7031,6147.1,56045,27.972,1507.3,919.38,0.24228
7031,6244.7,58349,22.261,936.53,470.51,0.3312
7031,7354.6,56379,31.828,372.04,220.7,0.25533
7031,7509,58343,25.98,378.37,257.38,0.19032
7032,7871.2,58323,29.907,670.42,642.29,0.021425
7032,8331.2,55537,37.205,245.96,187.8,0.13407
7033,6194.9,58340,19.592,747.73,325.18,0.39383
7033,6342.7,56212,31.017,508.04,335.01,0.20524
7033,7882.2,58310,26.043,412.99,530.68,-0.12472
7034,6241.1,56422,24.936,293.95,148.59,0.32846
7034,7912.6,58104,19.17,376.19,408.29,-0.040929
7035,6498.1,56306,31.657,396.11,329.38,0.091985
7035,7886.3,58116,13.778,447.78,267.78,0.25155
7036,6794.8,56144,45.686,1245,1018.3,0.1002
7036,7918.5,58151,12.267,548.04,505.16,0.040718
7036,8352.5,57167,26.037,872.46,637.13,0.15589
7037,6092.5,56263,29.233,227.31,196.97,0.071506
7037,8321.1,57112,28.897,401.22,192.54,0.35145
7038,6864.4,57698,32.285,415.13,417.53,-0.0028873
7038,7981.4,56306,30.775,239.96,116.06,0.34801
7039,7116.3,56529,16.107,841.63,464.69,0.28855
7040,7208.6,56517,21.338,1302.3,914.54,0.1749
7041,7061.1,56431,22.767,331.04,262.22,0.116
7041,8100.1,56732,36.416,2006.5,1258.9,0.22893
7041,8122.9,56549,14.869,1119,680.58,0.24363
7041,8595.6,57678,22.565,970.77,546.99,0.27921
7042,8481.3,57684,18.65,747.7,328.38,0.38968
7043,8372.1,57820,30.432,536.49,336.23,0.22947
7044,8080,58051,26.143,365.05,222.37,0.2429
7044,8388.4,56365,36.473,357.03,176.15,0.33924
7045,7136.7,58390,23.269,666.6,559.66,0.087206
7046,7572,56661,22.538,455.98,345.82,0.13738
7046,8393,58161,31.588,461.32,368.6,0.11172
7047,5786.6,55466,29.968,336.85,202.72,0.2486
7047,6336.8,57213,17.44,667.03,143.1,0.64672
7047,7360.6,56723,12.761,828.14,325.01,0.43631
7047,8515.6,58141,33.575,693.75,468.25,0.19406
7048,5800,55436,26.287,617.52,275.46,0.38305
7048,6295.3,57068,29.051,1000.9,511.62,0.32347
7048,7445.4,56884,20.266,1366.2,1010.3,0.14977
7048,8586.2,55478,24.911,614.8,357.72,0.26434
7049,6915.3,58118,29.683,406.57,296.79,0.15608
7049,7460.6,56974,21.97,953.82,390.41,0.41913
7050,5838,56202,18.283,1655.8,1049.2,0.22428
7050,6684.4,56072,21.278,604.57,435.15,0.16295
7050,7260.7,57006,34.065,323.24,300.59,0.036301
7050,7751.4,57325,25.775,539.48,336.94,0.2311
7051,6807.6,56062,30.353,507.04,363.64,0.1647
7051,6870.6,56876,31.015,330.34,270.32,0.099924
7051,6825.5,58138,29.392,186.48,157.85,0.083126
7051,7132.3,55448,30.815,527.67,328.54,0.23257
7052,6163.3,56276,22.772,547.16,402.24,0.15265
7052,6803.4,56817,32.031,243.53,294.06,-0.093991
7052,8293.3,55631,36.133,752.57,580.18,0.12935
7053,7505.3,55400,32.281,622.17,537.28,0.073218
7053,7532.5,57122,24.535,374.26,340.12,0.047794
7053,8031.2,55462,34.711,377.95,283.53,0.14273
7054,8336.7,56364,28.984,242.23,116.36,0.35101
7055,7528.5,57315,28.927,590.46,278.23,0.35943
7058,6128.2,56923,33.449,768.26,370.28,0.34955
7059,7852.1,55530,30.069,484.63,314.67,0.21264
7060,6853.6,57100,19.557,626.66,286.39,0.37267
7060,7856.1,55735,34.013,463.21,751.93,-0.23761
7061,6892.7,57112,13.537,561.46,178.05,0.51847
7061,7868.2,55788,29.26,446.54,252.14,0.27824
7062,6192.2,56112,22.765,462.99,568.95,-0.10268
7064,8189.6,58164,22.092,1382.3,917.77,0.20198
7065,6176.9,56289,24.324,256.88,136.42,0.30627
7065,7388.1,58280,27.09,436.22,385.5,0.061727
7065,7982.4,58103,27.232,355.4,133.95,0.45253
7066,7601.1,58320,34.734,846.35,491.75,0.265
7066,8159.3,57421,32.459,523.13,206.91,0.43315
7067,6537,56274,30.513,376.16,174.71,0.36571
7067,7860.3,58380,20.927,1039.3,644.45,0.23449
7067,8522.7,56544,28.964,895.53,625.26,0.17771
7067,8610.8,58239,29.434,381.97,175.44,0.37052
7068,6611.3,56061,32.635,349.47,290.31,0.092464
7068,8609.7,56511,22.858,907.12,746.14,0.097372
7069,6118.9,56092,38.105,516.8,573.43,-0.051937
7069,7002.2,56486,27.536,738.45,657.74,0.05781
7070,5853.3,58143,37.102,372.86,217.28,0.26362
7070,7144.5,56677,36.219,521.28,327.67,0.22806
7071,5758.3,58109,24.865,282.46,286.93,-0.0078474
7073,8629.1,55882,35.712,558.37,461.95,0.0945
7074,7244.9,56398,34.786,200.71,205.04,-0.010673
7074,8261.8,56415,27.224,224.08,183.69,0.099066
7075,7330.7,56547,16.346,829,560.38,0.19334
7075,8377.3,56572,26.889,543.1,733.12,-0.14889
7075,8580.3,57223,32.35,371.75,462.97,-0.10928
7076,7425.2,56522,15.051,1146.1,842.01,0.15295
7077,6113.7,58053,24.272,694.24,230,0.5023
7077,6066.7,56500,28.283,651.31,314.27,0.34906
7077,7374,56376,14.812,963.95,825.15,0.077582
7077,8204.8,56774,34.466,684.67,716.73,-0.022879
7077,8560.4,56215,26.861,244.43,183.87,0.14141
7078,7134.4,55744,25.179,903.68,788.64,0.067979
7078,7447.3,56351,30.491,670.02,524.02,0.12228
7078,8406.8,56912,29.926,612.93,449.22,0.15413
7079,5994.4,57935,32.114,816.78,414.55,0.32667
7079,7147.1,55835,30.605,534,540.09,-0.0056722
7080,5997.7,58061,26.822,621.34,438.62,0.17239
7080,6170.9,55429,17.674,870.08,800.86,0.041424
7080,7931.2,56876,28.909,450.61,320.03,0.16944
7080,8664.5,55762,35.392,332.57,212.27,0.2208
7081,6112.9,55440,18.588,798.26,589.11,0.15076
7081,6267.7,57974,33.191,477.8,247.3,0.31789
7081,8122.3,56659,29.025,574.03,374.43,0.21045
7082,6556.6,57766,29.668,507.13,347.04,0.18742
7084,8271.6,57088,23.06,258.04,137.55,0.30457
7086,8162.9,58153,28.559,303.27,360.24,-0.085868
7087,7667,57455,19.47,360.95,474.27,-0.13568
7087,8012.9,58153,24.347,388.78,457.06,-0.080727
7088,7980.7,58185,28.767,624.61,655.47,-0.02411
7089,7883.5,58116,26.219,569.73,610.76,-0.034753
7090,6990.5,56772,32.759,249.32,216.61,0.070207
7090,7439.7,57021,32.761,261.58,176.2,0.19503
7090,8379.6,57528,33.29,633.98,432.15,0.18931
7091,7182,56366,31.945,273.02,259.82,0.024781
7091,7593.4,57514,25.077,496.49,158.62,0.51574
7092,7146.6,56495,24.048,264.39,239.31,0.049797
7093,7390.3,56552,17.694,563.96,602.85,-0.033332
7095,8077.3,57581,28.107,572.33,265.82,0.3657
7096,7017.1,56533,23.398,887.94,539.94,0.24371
7097,6954.1,56588,20.931,897.87,444.51,0.33772
7097,7681.7,57304,28.066,651.84,405.14,0.2334
7098,6824.6,56492,27.97,516.59,329.84,0.22064
7098,7612.4,57471,20.159,526.65,188.81,0.47221
7100,6017.7,56373,24.047,334.88,195.03,0.2639
7100,6658,57058,31.181,421.28,407.67,0.01642
7102,6089.6,56213,37.573,153.48,128.52,0.088501
7104,7914.3,55990,25.724,422.67,257.84,0.24221
7105,6739.3,55907,28.253,413.64,207.86,0.3311
7105,7918.5,55807,27.717,518.02,376.94,0.15764
7106,6788.8,56002,27.468,637.38,454.38,0.16762
7110,6096.4,55751,34.831,286.57,253.51,0.061212
7110,6934.1,56599,31.757,218.19,204.96,0.031265
7111,7079.5,57280,34.176,396.58,114.03,0.55337
7113,5740.6,56855,35.467,306.99,361.85,-0.082022
7113,6280.1,55664,29.731,366.19,221.96,0.24522
7114,5734.3,57258,32.991,202.21,228.55,-0.061146
7115,6162.6,55513,15.916,1032.6,607.12,0.25949
7115,7029.2,56012,30.546,363.7,315.71,0.070625
7116,6238.7,55618,16.373,1125.5,676.03,0.24951
7116,6994.1,56010,21.891,364.82,296.29,0.10366
7116,7920.9,58358,42.289,695.15,768.4,-0.050049
7117,6251,55556,31.29,778.54,451,0.26639
7117,6182.8,57030,26.575,628.24,520.86,0.09345
7117,7994.9,58195,33.04,475.56,309.83,0.21102
7118,6957.9,56151,22.424,1270.4,813.17,0.21944
7119,5914.8,56728,35.59,294.29,116.88,0.43148
7119,6884.2,56713,21.687,564.63,370.11,0.2081
7119,7938.5,58166,38.219,179.83,142.86,0.11458
7120,5900.7,56706,26.718,225.58,243.75,-0.038708
7120,7047.7,56108,32.448,1276.5,864.09,0.19268
7121,8431.2,55850,22.159,413.03,353.15,0.078149
7122,7135.2,55850,39.171,397.42,230.94,0.26494
7123,6299.9,57304,34.075,354.54,169.83,0.35224
7123,7226.1,56121,17.716,695.55,473.74,0.1897
7123,7857.8,57628,24.44,665.06,310.69,0.36317
7124,5672.7,57817,36.498,436.4,117.73,0.57509
7124,6418.3,57140,34.565,352.29,118.88,0.49538
7124,7289.6,56127,13.494,836.26,456.16,0.2941
7124,7372.8,56629,21.07,821.57,550.23,0.1978
7126,7016.5,56135,22.646,452.2,349.81,0.12766
7127,6860.7,56091,18.096,538.01,302.58,0.28007
7129,5970.8,55531,32.909,337.32,189.07,0.28164
7130,7324.1,56344,28.114,404.45,230.11,0.27474
7132,8583.9,56261,32.656,215.53,219.35,-0.0087792
7133,8343.8,56512,32.258,447.56,379.26,0.082616
7133,8424,57565,20.836,558.99,414.05,0.14896
7134,7545.5,57303,36.873,354.39,196.03,0.28769
7134,8258,57727,25.168,481.94,357.69,0.14797
7136,7710.9,57687,35.337,444.27,270.98,0.24228
7136,8315.6,55507,33.93,353.75,128.65,0.46664
7137,8108.7,55692,29.375,473.42,178.44,0.45253
7137,8223,57669,18.786,614.22,389.98,0.2233
7139,8376.1,55423,22.557,915.72,570.55,0.23224
7140,7078.7,58325,26.052,266.76,118.82,0.3837
7140,8455.4,55464,30.158,304.71,308.17,-0.0056477
7141,7104.6,57652,32.636,224.7,193.16,0.075484
7142,6346.2,58076,13.693,466.45,460.63,0.0062793
7142,6824,57888,30.924,254.32,188.57,0.14845
7144,6116.4,56358,19.482,358.75,171.76,0.35248
7144,7074.5,56555,38.496,264.18,294.03,-0.053468
7145,7083.4,56489,11.776,679.62,466.57,0.18587
7145,7901.9,58145,14.618,496.05,248.61,0.33229
7146,6252.2,57011,36.967,1117,1027.7,0.041633
7146,7104.8,56499,9.5279,746.66,559.52,0.14328
7147,7029.7,56476,12.648,838.11,654.27,0.12318
7148,8474.5,55934,33.389,173.77,123.76,0.16809
7149,6631.4,56780,17.21,723.74,344.93,0.35447
7149,7785.1,56924,28.677,435.96,108.64,0.60104
7150,6456.9,56549,35.023,533.49,491.39,0.041072
7150,7257.7,56519,28.939,295.74,143.14,0.34771
7150,7288.1,57645,25.816,348.36,264.76,0.13635
7150,8287.2,56693,24.351,960.33,419.79,0.39166
7152,7182.3,56335,13.223,584.28,510.85,0.067052
7152,8143.8,56894,35.62,299.97,134.32,0.38144
7153,7143.1,56353,21.47,265.22,218.67,0.096188
7157,6826.5,57941,39.118,284.68,310.79,-0.043849
7159,6039.7,56822,23.07,783.29,416.45,0.30576
7160,5867.9,56714,29.44,446.13,259.56,0.26439
7160,6291.4,56667,25.668,386.28,414.27,-0.034968
7160,7419.7,55963,19.676,491.03,260.9,0.30605
7160,8349.4,57325,26.191,796.2,512.85,0.21646
7161,6241,56616,26.641,913.09,596.06,0.21008
7161,7553,55952,14.962,672.65,591.98,0.063789
7162,8441.6,57452,24.885,918.55,377.8,0.41713
7163,7084.7,56433,24.943,434.06,356.88,0.09758
7165,7530.6,57879,31.734,849.21,750.71,0.061567
7166,6148.3,56292,26.145,310.19,259.05,0.089826
7166,6889.4,55824,37.797,216.4,117.74,0.29529
7168,6106.3,56689,25.787,606.02,406.37,0.1972
7169,7313.6,56660,13.981,1270.4,976.59,0.13076
7170,7922.3,58042,25.133,558.67,379,0.19162
7170,8578.8,56679,30.308,1077.6,555.25,0.3199
7170,8653.1,57066,17.812,859.43,311.62,0.4678
7171,5689.8,55464,24.078,366.23,201.39,0.29041
7171,6911.8,57019,34.025,537.35,237.7,0.38662
7171,7855,58162,21.031,899.11,891.95,0.0039979
7171,8565.5,56944,12.651,1133.8,471.58,0.41249
7172,5951.8,55596,32.464,480.41,219.79,0.3722
7172,7163.6,56404,24.687,328.15,256.37,0.12279
7172,8495.6,56958,16.936,1463.1,605.68,0.41445
7173,8419,56856,17.928,890.44,225.8,0.59542
7174,6245.8,56152,30.344,539.66,230.57,0.4013
7174,7478,56555,23.591,549.55,510.84,0.036502
7174,8274.7,56744,20.155,1197.6,544.38,0.37497
7175,6347,56056,25.401,899.26,599.81,0.19975
7175,7340,56584,18.83,944.07,429.67,0.37445
7175,8334.2,56634,20.087,1317.5,550.24,0.41079
7176,8277.7,56612,14.949,1151.1,374.97,0.50859
7177,5862.1,56165,19.965,343.81,276.17,0.1091
7177,7506,56641,22.82,308.68,152.42,0.3389
7178,6005.8,56178,27.599,492.73,447.61,0.047988
7178,7229.1,56363,19.719,358.55,236.6,0.20492
7178,8373.7,57396,27.24,589.35,412.44,0.1766
7179,6825.8,55611,26.749,349.93,255.73,0.15554
7180,7201.5,56413,36.894,230.33,110.78,0.35045
7180,7798.8,58230,39.041,533.24,500.54,0.03164
7182,7321.3,58370,34.077,297.95,132.36,0.38483
7183,7952,58110,16.862,498.67,287.08,0.26929
7184,5699.5,56184,14.805,1210.6,853.25,0.17316
7184,6418,57897,21.064,465.89,243.38,0.31372
7184,7995.2,58159,15.33,351.28,115.7,0.50447
7185,6512.7,57880,30.118,429.4,321.5,0.14369
7185,7123.8,56367,14.272,496.87,249.92,0.33068
7185,7617.8,58362,29.097,413.95,279.56,0.19379
7185,8152.2,56974,32.222,350.21,216.31,0.23634
7185,8021.1,58159,26.28,317.73,259.47,0.10093
7187,8024.3,57186,10.734,661.55,161.43,0.6077
7187,8083.5,55525,28.498,598.04,636.9,-0.031467
7188,5877.4,56943,32.271,433.76,149.06,0.48848
7188,7358.8,55438,20.839,889.68,533.4,0.25036
7188,7934.9,56504,32.372,671.48,558.68,0.0917
7188,8051.9,57209,10.374,1065.7,178.01,0.71374
7189,8382.7,55540,23.437,439.69,378.43,0.074883
7190,7955,58272,25.776,526.73,302.76,0.27001
7191,7453.1,55807,22.633,532.22,484.24,0.047205
7192,7341.9,55983,30.288,624.8,475.55,0.13563
7193,6866.2,56306,28.328,589.42,433.79,0.1521
7193,7418.7,55866,32.49,293.27,132.52,0.37754
7193,7915.7,58106,12.389,639.45,338.71,0.30745
7194,5958.2,56377,35.082,572.58,155.71,0.57239
7194,7377.7,56061,30.051,773.27,634.6,0.098496
7194,7908,58144,23.189,605.75,431.16,0.16838
7195,6035.3,56411,29.991,937.01,692.07,0.15035
7195,7338,55858,27.409,1045.7,818.03,0.12217
7195,7541.7,57448,26.602,388.96,367.04,0.028988
7195,8059.6,58332,21.139,1305.1,1047.4,0.10954
7196,7348.1,55986,17.569,669.91,526.65,0.11973
7196,7597.3,57392,26.044,421.8,359.64,0.079545
7197,7610.7,57473,24.303,367.9,334.08,0.048178
7197,7843.3,58308,30.45,413.36,193.5,0.36228
7198,5964.7,56289,20.525,644.16,368.58,0.27212
7198,7582.6,57415,28.428,610.35,611.22,-0.00070845
7198,7956.9,55884,28.411,456.95,208.29,0.37378
7199,6098.8,56075,35.673,417.79,383.74,0.042474
7200,7863.3,58372,28.221,346.52,210.63,0.2439
7201,5917.9,57509,33.045,429.83,259.93,0.24633
7201,6194,56503,35.673,251.18,377.72,-0.20122
7202,6068.6,55658,35.127,599.89,490.99,0.099824
7202,6079.3,56631,30.9,188.37,112.88,0.2506
7202,6101.6,57951,21.053,694.03,417.58,0.24869
7202,7754.3,55589,30.21,859.52,669.85,0.12402
7203,5768.5,56697,32.355,263.02,264.96,-0.0036829
7204,5815.3,56741,17.351,399.21,153.87,0.4436
7205,6675.8,57607,26.345,699.65,389.84,0.28436
7205,7973.4,55576,28.705,288.92,230.43,0.11262
7206,6522,57110,31.331,585.15,465.79,0.11358
7206,6859,57657,29.128,748.78,416.91,0.2847
7206,7892.2,58236,22.172,322.89,254.58,0.11828
7207,6127.6,58106,31.356,381.57,367.51,0.018774
7207,6968.9,57964,27.393,293.16,135.25,0.36858
7207,7877.7,58263,20.373,276.07,235.34,0.079638
7207,8047,55788,20.953,538.54,242.63,0.3788
7208,6300.2,56930,23.752,1124.2,570.97,0.32636
7208,6830,57971,28.693,267.57,206.69,0.12836
7208,8100.3,55711,21.898,1102.9,739.86,0.197
7209,6212.6,56771,29.403,613.93,407.53,0.20207
7210,8243.8,58218,29.484,350.34,103.23,0.54481
7210,8604.8,57750,38.314,264.98,218.44,0.096256
7211,6195.9,58192,30.736,390.25,362.56,0.036786
7211,6926.9,55654,33.878,210.59,333.73,-0.22622
7212,5802.4,56691,29.883,605.7,384.96,0.22283
7213,5684.3,56589,18.829,634.91,484.17,0.1347
7214,5780.7,56648,24.927,744.28,681.15,0.044285
7214,7740.1,57525,31.615,513,332.22,0.21388
7215,6409,56177,25.571,871.5,671.51,0.12961
7215,6952.9,55670,30.372,767.94,541.63,0.17281
7215,8155.3,55679,35.77,245.74,187.43,0.13462
7215,8338.1,56906,24.743,411.42,198.06,0.35007
7216,7123.7,55621,20.507,283.67,300.7,-0.029129
7216,8243.7,57044,31.167,538.27,407.58,0.13818
7216,8404,55812,26.703,302.27,370.06,-0.10083
7217,6246.1,56674,21.703,832.24,443.45,0.30477
7217,7056.7,55631,33.612,381.77,185.5,0.34599
7217,7849.2,58265,44.734,573.55,724.47,-0.11627
7217,8432.4,55776,26.948,406.45,456.25,-0.057724
7217,8466.4,56996,27.232,514.82,384.26,0.14521
7218,7113.8,55726,17.901,500.49,203.97,0.42092
7218,7449.5,56791,32.153,306.83,229.09,0.14506
7218,7984,58068,23.015,744.15,527.14,0.1707
7219,7523.5,56758,34.594,227.77,181.02,0.11438
7219,8050,58135,21.204,489.8,277.41,0.27684
7220,8447.3,55750,17.773,308.83,237.43,0.13072
7221,7205.3,55645,35.559,292.03,250.33,0.076894
7221,8417.1,55797,23.756,198.6,144.2,0.15868
7222,7027.3,55615,34.817,479.65,522.18,-0.042453
7222,7341.7,57767,31.26,452.39,418.7,0.038675
7223,6965.8,55774,25.618,327.81,158.97,0.34687
7223,8392.7,58171,24.724,600.07,364.76,0.24388
7224,6899.4,56050,25.446,594.67,333.62,0.28122
7224,7726.5,57070,18.014,937.04,925.5,0.0061913
7224,8267.6,58300,22.022,503.89,377.08,0.14394
7225,6649.3,55790,34.549,503.61,324.75,0.21593
7225,7146.6,58279,40.362,471.76,308.35,0.20948
7225,7615.3,57141,16.551,1116.6,823.47,0.15107
7225,8270.5,57887,23.708,732.61,563.72,0.13028
7226,7648.1,57224,20.711,525.2,467.3,0.05834
7226,8197.8,57918,19.883,375.4,364.58,0.014612
7227,6460.1,58376,30.075,496.61,468.94,0.028661
7227,8557.8,57912,34.806,537.34,553.49,-0.014809
7228,6741.7,55822,31.122,301.79,223.43,0.1492
7228,7449.5,55857,18.405,300.56,256.05,0.079954
7228,7446.9,57699,31.525,892.92,1249.7,-0.1665
7228,8492,58078,31.82,365.81,308.19,0.085485
7229,7400.2,58017,31.781,269.63,158.56,0.2594
7230,6016.5,57197,27.08,464.46,275.04,0.25615
7230,7361.8,58132,31.851,144.5,161.16,-0.054501
7230,8556.1,56207,31.883,287.46,126.69,0.38818
7231,5676.8,56051,35.633,200.77,147.11,0.15424
7231,6088.6,57172,37.192,322.38,314.83,0.01184
7232,7434.4,58379,32.631,517.55,250.35,0.34796
7233,6147.4,56908,22.459,352.47,154.6,0.39024
7233,7862.1,57762,32.824,439.65,376.76,0.077036
7234,7472.5,58309,22.901,598.6,283.2,0.35768
7236,7890.9,56779,30.864,416.08,336.12,0.10629
7237,5747.5,57655,30.467,283.21,286.96,-0.0065674
7237,7135.1,57175,33.741,478.12,155.12,0.51008
7238,8595.4,56963,27.998,422.98,283.92,0.19671
7239,6259.6,57357,18.963,837.39,186.04,0.63643
7240,6245.4,57323,16.028,1048.5,176.45,0.7119
7240,7997.2,55989,19.198,897.89,673.88,0.14252
7241,5971.1,55639,33.092,332.61,176.12,0.30759
7241,6140.6,57367,17.661,1123.4,215.78,0.67774
7241,7869.8,56089,28.715,460.64,344.94,0.14363
7242,5846.2,57896,36.181,357.68,224.32,0.22915
7242,7478.2,57728,30.923,571.34,223.23,0.43812
7242,7954.4,56188,31.725,582.05,294.49,0.32806
7243,5935.4,58009,25.316,541.75,222.12,0.41844
7243,7991.6,58092,23.2,601.21,327.24,0.29508
7244,5948,57976,29.994,414.17,207.35,0.33278
7244,7994.6,56229,25.467,409.63,154.51,0.45223
7244,7964.9,58240,14.849,1231.4,926.19,0.14146
7245,5694.1,57971,24.844,507.81,281.96,0.28597
7245,5937,55446,23.025,395.7,126.48,0.51558
7245,7770.1,58358,23.413,680.8,482.89,0.17007
7245,8143,58388,31.332,683.32,503.08,0.15192
7246,6390.2,55563,35.856,534.64,365.6,0.18777
7246,8236.4,56211,26.357,463.76,301.73,0.21167
7246,8286.5,58283,30.353,215.96,121.08,0.28152
7247,6202.7,55486,37.379,478.71,340.2,0.16915
7247,6551.2,57620,33.857,297.93,229.92,0.12884
7247,8102.6,56266,22.329,802.92,490.15,0.24188
7247,8195.9,58117,37.261,319.95,147.44,0.36908
7248,6213.6,58322,32.275,539.06,498.69,0.038898
7248,6350.3,56606,33.814,388.62,144.24,0.45862
7248,6523.5,55613,24.573,527.23,464,0.063784
7248,6822,57670,26.699,251.36,178.91,0.16839
7248,6999.7,55602,36.195,333.34,298.69,0.054824
7248,8123.7,56188,17.859,706.08,347.6,0.34021
7248,8094.9,58302,13.783,687.95,411.05,0.25196
7249,6576.7,55788,32.051,561.54,261.04,0.36531
7249,6883.7,57459,22.021,285.47,262.17,0.042546
7249,8013.2,58336,15.385,863.56,589.09,0.18894
7249,8139.9,56393,22.632,623.43,378.41,0.24456
7250,6435.5,55884,26.922,347.38,168.6,0.3465
7250,6567.8,57545,27.971,597.47,339.92,0.27476
7250,7306.5,56434,31.078,302.19,169.62,0.28098
7250,8158.5,56483,16.395,667.28,354.48,0.30613
7251,6556.2,56220,31.123,281.44,278.47,0.0052955
7251,6797.2,57489,33.732,268.76,136.49,0.32641
7252,6254.6,55654,33.546,386.54,393.17,-0.0084993
7252,8295.2,55877,30.395,304.93,147.24,0.34873
7252,8598.1,57619,35.807,452,480.2,-0.030245
7253,6479.3,56164,23.872,530.58,316.73,0.25238
7253,6937.9,56904,23.991,442.4,637.65,-0.18077
7255,6742.2,57283,34.232,319.46,415.6,-0.1308
7259,7744.6,56308,34.77,270.01,273.83,-0.0070174
7260,7418.8,56509,23.374,828.13,543.04,0.20791
7261,7606.1,56503,27.849,626.42,476.16,0.13628
7261,8102.6,56517,28.566,314.98,111.69,0.47646
7262,7686.8,56586,29.811,532.87,367.99,0.18303
7264,8187.4,58340,34.721,655.92,421.79,0.21724
7264,8382.2,55797,22.615,407.69,459.03,-0.059234
7265,8365.7,55821,27.809,447.12,293.16,0.20797
7266,6057.4,57238,34.248,358.48,366.17,-0.010609
7266,6134.1,56212,24.161,610.99,437.08,0.16593
7266,8391.9,55943,33.096,383.94,255.91,0.20009
7267,6164.1,56274,18.394,415.87,212.61,0.3234
7267,6766.2,56921,37.017,526.73,332.47,0.22609
7267,7943.2,56301,34.322,370.11,364.71,0.0073518
7268,5751.9,57951,31.42,352.02,220,0.23079
7268,6399.9,57059,29.065,600.75,229.9,0.44646
7268,6862.5,55544,25.681,270.88,108.78,0.42694
7268,7768,56383,26.345,259.36,142.85,0.28967
7269,6285.3,56883,28.343,775.84,455.05,0.26062
7270,7216.6,58174,37.569,268.41,178.51,0.20117
7270,7885.1,56443,30.138,401.63,479.85,-0.088742
7270,7830.8,58131,31.282,365.55,344.12,0.030188
7271,6294.2,56539,31.742,446.91,392.81,0.064424
7271,6744,55880,28.854,403.98,472.71,-0.078403
7271,7645.3,56445,37.008,190.32,164.76,0.071977
7272,6283.4,56596,28.716,264.98,336.78,-0.11932
7272,6596,57615,30.447,207.27,155.49,0.14275
7272,7392.1,56351,23.354,328.93,292.98,0.057806
7272,7809.5,58034,18.92,561.25,598.01,-0.031711
7273,5914.2,56151,21.297,1050.8,758.45,0.16158
7273,7069.7,56518,21.412,405.55,246.86,0.24324
7274,5824.9,56089,27.521,586.75,444.79,0.13762
7274,7105.6,56718,16.501,1068.8,968.56,0.049201
7274,7858.6,58029,25.267,296.07,172.6,0.26345
7275,5852.8,55952,35.107,297.14,228.05,0.13154
7275,6841.1,57876,35.558,286.65,240.05,0.088474
7275,7229.8,56590,18.594,725.5,563.08,0.12605
7275,7943,58046,25.482,650.4,631.12,0.015046
7275,8514.7,56747,27.077,479.46,344.56,0.1637
7276,5817.3,56051,25.83,220.13,143.9,0.20943
7276,7951.5,58126,19.344,623.04,359.09,0.26876
7277,7083.7,56981,33.136,263.44,190.2,0.16145
7278,7030.1,55771,37.594,259.84,323.86,-0.10968
7278,8025.4,55869,25.952,872.59,453.57,0.31597
7280,6891.1,56934,32.024,233.5,344.41,-0.19191
7281,7292.2,55815,24.399,586.73,681.64,-0.074828
7282,5889.1,56195,27.751,210.05,159.79,0.1359
7283,6955.1,56755,33.702,281.55,258.11,0.043443
7283,7575.7,57765,34.781,219.54,180.58,0.09738
7284,6130.9,56853,30.666,867.4,656.24,0.13858
7284,7047.4,56789,27.153,437.71,295.98,0.19317
7285,5703.3,57822,32.037,717.18,686.52,0.021837
7285,5854.9,56203,28.854,670.6,593.32,0.061144
7286,5886.4,56278,26.501,508.8,487.43,0.021451
7286,6195.7,57417,29.497,228.69,322.91,-0.17082
7287,5791.8,56974,24.916,442.5,193.94,0.39055
7287,5849.6,58150,30.826,354.88,250.63,0.17216
7288,6323,57399,28.146,463,188.29,0.42179
7289,5832.3,56020,34.232,123.87,147.15,-0.085926
7289,6626.1,57119,32.015,448.47,237.36,0.30782
7289,7817,57208,34.336,398.35,203.71,0.32328
7290,5708.3,58240,33.053,327.86,209.86,0.21945
7290,7393.6,56080,33.792,359.04,227,0.22531
7290,7928.5,57360,27.705,591.56,254.07,0.39909
7290,8182.1,57289,25.297,1037.9,530.51,0.32349
7291,7439.3,56989,30.079,371.55,164.74,0.38564
7291,8008.5,57255,27.029,388.46,235.31,0.24553
7292,6717.9,55674,25.692,406.79,183.14,0.37911
7293,7707.9,57100,25.183,811.87,640.59,0.11793
7294,6884.2,55637,36.588,746.83,308.94,0.41476
7295,7054.7,55650,19.728,669.38,345.65,0.31894
7295,7635.3,56763,24.966,639.7,393.34,0.23849
7295,8017.3,58354,36.891,240.74,263.82,-0.045738
7296,7507.8,56011,24.782,1167.4,880.17,0.14026
7297,7379,56068,32.719,555.66,462.86,0.091113
7297,8089.2,56701,29.982,522.91,322.76,0.23668
7298,7760.1,58266,32.866,340.38,440.8,-0.12855
7298,8059.7,57057,22.765,339.08,286.06,0.084822
7298,8623.8,56550,27.267,214.33,207.01,0.017372
7299,6793.3,57371,32.417,253.07,241.69,0.023018
7299,7682.6,58157,28.125,531.86,747.07,-0.16827
7299,8079.9,57095,25.76,708.31,440.09,0.23356
7300,6593.4,56667,30.968,226.91,181.66,0.11075
7300,7492.9,55849,20.083,528.85,566.3,-0.034193
7301,6673.1,58291,38.663,1183.5,811.77,0.18632
7301,7290.1,56562,25.974,335.88,229.69,0.18775
7301,7645.2,56089,29.895,530.64,300.99,0.27614
7302,6110.4,56638,32.676,576.52,332.4,0.26859
7302,7307.1,56656,25.943,380.65,195.18,0.32209
7302,7756.1,56104,26.136,549.64,336.46,0.24058
7303,6301.1,58161,20.086,607.05,327.3,0.29941
7303,7767,55929,20.67,698.55,347.11,0.33609
7303,7718.9,56965,26.287,973.73,479.64,0.33996
7304,7827.1,55794,27.914,535.13,288.71,0.29911
7305,5722.5,57362,29.066,444.77,614.75,-0.16043
7305,7401.1,58107,23.652,255.83,214.29,0.088357
7306,5946.6,57546,31.161,318.5,241.56,0.13738
7306,7130.4,56368,22.309,243.38,218.97,0.052809
7306,8148.4,55646,31.422,927.06,378.62,0.42004
7307,7049.7,56369,20.087,753.72,627.49,0.091395
7308,7028.4,56315,18.991,1193.3,1128.9,0.027729
7309,5881.7,56006,30.723,194.42,186.27,0.021405
7309,7298.6,56527,14.475,798.19,826.86,-0.01764
7309,7866,55903,28.418,350.86,285.58,0.10257
7310,7323.9,56554,12.544,849.93,622.68,0.15431
7310,7965.6,55797,33.339,214.75,141.2,0.20663
7311,7252.3,56598,13.685,675.45,523.86,0.12639
7312,6558.4,56313,32.832,389.65,177.67,0.37365
7312,7626.3,57087,30.064,249.76,223.86,0.0547
7313,6629.6,56111,27.237,298.26,146.23,0.34204
7313,7641.8,55714,35.999,252.13,126,0.33358
7314,6490,57111,24.803,243.47,124.64,0.32281
7315,7331,55988,25.495,540.01,153.89,0.55645
7316,7108.3,56570,22.941,594.06,157.97,0.57988
7316,8561.8,58105,26.541,515.85,260.66,0.32863
7317,5981.6,55444,34.616,284.99,164.09,0.26923
7317,6139.9,57402,34.922,368.84,134.95,0.46427
7317,7372.3,56202,29.241,648.3,341.2,0.31036
7317,7891.7,58047,27.308,284.65,174.29,0.24048
7318,7439.1,56039,13.467,493.93,337.93,0.18754
7319,5742.2,57273,32.157,205.17,189.39,0.039988
7319,7442.5,55984,14.843,964.67,612.86,0.22302
7319,7352.4,57850,21.6,884.89,521.62,0.25828
7321,7421.4,56055,25.797,726.24,684.05,0.029913
7321,7970.1,58155,14.436,685.64,441.74,0.21635
7322,6769.2,57648,29.979,787.03,322.9,0.41816
7322,7404,56549,17.286,624.95,454.8,0.15759
7322,7482,55856,16.839,383.92,360.87,0.030938
7323,6694.7,56046,24.887,994.17,616.66,0.23435
7323,6917.3,57731,13.094,691.58,188.93,0.57087
7323,7503.3,56442,19.277,333.69,237.19,0.16903
7323,7516.9,57258,30.12,1437.3,771.52,0.30143
7323,8040.5,58100,21.294,749.31,757.18,-0.00522
7324,6673.9,57591,22.625,623.29,238.91,0.44581
7324,6867.8,55986,15.517,1396.9,656.87,0.36034
7324,7940.7,58191,28.848,480.94,528.46,-0.047082
7325,6605,57600,15.558,489.52,239.8,0.3424
7325,6780.2,56125,14.918,685.89,413.1,0.24821
7325,7611.2,57321,15.314,902.9,406.94,0.37864
7325,8112.8,57944,32.775,383.61,347.24,0.049762
7326,6583.7,56230,32.85,183.08,169.9,0.037355
7327,6047.8,57676,34.749,358.29,178.56,0.33479
7327,6659.6,56125,22.094,397.98,140.3,0.47871
7330,5867.6,58355,36.231,656.21,419.75,0.21977
7330,7405.2,56678,20.363,366,102.55,0.56226
7330,8079.8,55822,29.732,369.86,458.61,-0.10713
7331,5788.2,58347,28.935,427.72,313.82,0.1536
7333,6043.9,56904,34.867,450.63,216.3,0.35135
7333,7776.6,55803,40.454,292.81,170.63,0.26364
7334,6104.3,56866,36.327,238.93,133.62,0.28268
7335,5955.8,55594,22.411,334.83,165.82,0.33758
7336,6205.6,56577,27.547,1056.2,859.54,0.10265
7336,7582.8,55997,20.989,1041.4,778.72,0.14434
7337,7568.9,55981,29.189,441.37,244.5,0.28703
7337,8452.9,57573,23.575,678.82,307.61,0.37632
7338,7352.6,55913,23.924,760.06,566.46,0.14594
7338,8425.2,57404,29.333,938.06,380.77,0.42256
7339,6098.6,56792,37.055,612.6,220.32,0.47097
7339,5925.8,58102,34.135,387.1,382.05,0.0065642
7339,7460.8,55882,12.174,1441.3,857.48,0.25397
7339,8305.6,57419,18.938,513.28,272.76,0.30598
7340,8416,57283,25.856,833.56,648.58,0.1248
7341,6289.9,58080,32.917,181.57,157.13,0.072154
7341,7560.3,56857,26.474,747.75,688.57,0.0412
7341,8396.6,57274,22.591,963.15,853.54,0.060336
7342,7907.1,55881,31.113,599.87,407.36,0.19113
7343,7437,55663,29.911,465.18,564.19,-0.096183
7343,7367.5,56778,17.146,604.2,302.18,0.33321
7343,8027.5,55716,31.513,305.92,191.43,0.23021
7344,6682.9,57249,33.457,681.05,648.11,0.024789
7344,6897.5,57892,27.001,587.81,322.05,0.29209
7345,7943.9,56414,36.721,565.89,289.24,0.32351
7346,6692,56999,34.282,425.76,290.99,0.18803
7347,8463.5,57113,25.276,1167.7,2184.7,-0.30337
7348,7937.3,56340,31.934,1095.9,783.92,0.16598
7348,8204.5,56938,30.268,595.11,566.15,0.024938
7349,7834.9,56367,32.226,657.68,312.45,0.35587
7349,8164.8,57083,31.314,860.32,684.22,0.11401
7350,6125.2,56285,25.291,345.68,171.42,0.33699
7350,8068.9,56380,18.29,930.98,560.38,0.2485
7351,5710.1,58247,36.034,272.17,138.33,0.32605
7352,6783.7,57248,34.29,517.05,351.95,0.18999
7352,8182.3,56141,33.809,371.86,357.59,0.019553
7353,6597.8,58137,37.412,223.44,134.98,0.24681
7355,7590.7,55895,28.123,382.69,179.08,0.36245
7356,6346.6,55633,25.683,327.38,196.77,0.2492
7357,7620.7,58203,21.947,488.45,399.32,0.1004
7358,7564.1,58149,15.462,439.93,363.17,0.095577
7360,7563.7,58272,24.765,501.12,667.76,-0.14257
7361,5699,56560,23.086,376.48,526.99,-0.16659
7361,7589.2,58367,26.428,334.98,238.92,0.16739
7361,8521.6,57655,21.391,501.56,299.01,0.25301
7362,7543.8,58334,24.698,300.9,428.81,-0.17529
7363,6670.4,55915,26.849,858.52,527.97,0.23841
7363,6889.5,55930,21.627,1259,709.55,0.27912
7363,7916.3,56583,37.763,854.23,668.14,0.12224
7363,8641.9,57748,22.894,876.42,904.28,-0.015642
7364,8521.9,55696,20.806,1193.7,886.48,0.14768
7364,8422,57832,18.843,1053.3,708.63,0.1956
7365,8462.8,55746,11.14,805.9,509.69,0.22515
7366,7771.4,57558,37.734,393.36,215.51,0.29209
7366,7966.3,56368,34.869,273.84,271.96,0.0034566
7366,8462.2,55778,17.04,305.83,119.76,0.43722
7367,6015,57015,21.678,355.23,187.03,0.31018
7367,6128.2,56216,27.914,545.86,248.81,0.3738
7367,7699.8,57559,16.429,813.01,518.78,0.22093
7368,6151.9,57042,27.519,267.17,162.75,0.24288
7368,7844.4,57548,18.098,864.92,536.9,0.234
7368,8342.4,55862,22.807,634.62,382.64,0.2477
7369,7838.8,57458,28.579,472.29,272.4,0.26842
7369,7909.5,58077,14.197,935.28,547.12,0.26184
7369,8159.9,56732,36.739,546.63,468.31,0.077162
7370,5699.9,57984,33.102,352.66,360.43,-0.010894
7370,6092.4,56732,33.413,482.31,457.48,0.026422
7370,6512.1,57267,31.591,524.06,257.72,0.34069
7370,7885.5,57261,21.448,630.57,377.19,0.25142
7370,7902.4,58134,21.137,843.2,501.3,0.25429
7371,6415.3,57327,26.627,841.21,512.3,0.24301
7371,7461.9,58133,29.56,319.58,451.63,-0.17123
7372,6783.2,57198,29.029,622.19,262.35,0.40682
7373,6722.8,57166,32.65,205.36,173.84,0.083129
7374,6662.9,57296,33.862,405.35,415.34,-0.012164
7374,7644.7,57963,20.109,279.9,322,-0.06994
7374,8133,56170,28.612,276.26,111.57,0.42465
7375,6205.4,56668,28.822,355.59,392.85,-0.049788
7375,7600.4,57970,19.671,522.08,263.03,0.32994
7375,8045.4,56194,26.708,252.94,181.6,0.16418
7376,6323.6,57084,27.97,684.57,465.66,0.19032
7376,8051,56180,25.73,433.95,196.71,0.37617
7377,7843.4,56388,33.631,324.24,325.01,-0.0011966
7378,6361.8,56276,28.96,359.51,158.08,0.38917
7380,6326.6,56105,30.7,474.06,267.42,0.27868
7381,6347.4,56216,29.803,683.4,346.55,0.32705
7381,7022.5,55991,23.648,941.73,330.36,0.4806
7382,6104.6,56136,17.709,838.34,478.49,0.27327
7382,7143.3,56386,13.233,859.26,853,0.0036522
7383,5911.2,56085,33.495,850.32,321.27,0.45157
7383,7119,56373,13.722,485.15,402.52,0.093076
7383,8508.5,57287,23.585,861.2,626.84,0.1575
7384,7099.7,56352,17.04,587.4,651.94,-0.052072
7384,8233.3,57200,35.361,1187.3,496.42,0.41035
7384,8615.1,56947,26.883,729.24,271.51,0.45739
7385,8327.1,56312,34.071,338.76,180.44,0.30495
7386,7981.2,56216,31.445,648.71,475.26,0.15432
7387,8228.4,57812,26.347,1340.1,474.04,0.47739
7388,6414.9,56147,33.151,437.97,251.04,0.27129
7388,8397.9,57726,11.827,1450.3,862.43,0.25417
7389,6188.7,56181,26.372,557.69,266.32,0.3536
7389,8183.2,56444,24.001,773.26,646.14,0.089561
7391,5930.3,56264,32.018,375.69,446.08,-0.085661
7391,7902.9,56633,33.982,707.92,505.16,0.16714
7391,7815.8,58348,18.148,295.89,192.44,0.21183
7393,6398.4,57152,28.378,332.89,220.98,0.20206
7393,7547.6,55964,25.246,717.79,355.87,0.33709
7394,6841.8,56790,38.654,399.59,262.1,0.2078
7394,8366.8,55900,29.923,438.82,193.34,0.38832
7396,7061.8,55931,15.306,883.07,375.71,0.40306
7396,6959.1,56807,16.033,909.35,331.37,0.46584
7396,7465.9,55968,30.112,888.81,759.37,0.078538
7397,5852.7,58182,28.152,309.27,158.82,0.32141
7397,7554,57375,32.248,369.12,313.71,0.081156
7398,6074.5,58105,27.7,249.01,331.63,-0.14229
7398,7653.5,56417,23.329,483.54,222.61,0.36952
7399,7045.7,55905,21.527,399.03,142.31,0.47421
7399,7803.3,56507,25.879,515.61,338.3,0.20765
7401,8038.4,57695,22.635,589.33,285.17,0.34781
7402,8151.5,58068,18.879,827.96,454.33,0.29138
7403,8160.4,55523,26.831,370.82,136.33,0.46236
7404,6600.4,55560,19.939,372.59,114.13,0.53103
7405,6646.2,57111,24.394,493.71,252.35,0.32352
7405,7450.9,56028,34.382,200.69,160.51,0.11123
7405,7365.7,57712,23.062,318.61,109.22,0.48941
7406,6148.3,55701,29.291,355.91,246.71,0.1812
7406,7172.3,57706,25.917,322.82,114.48,0.4764
7406,7658.6,56561,33.071,568.45,626.21,-0.048349
7406,7884.6,57456,26.179,307.27,183.58,0.25198
7407,7453.6,56696,19.302,868.51,694.32,0.11146
7407,8250.4,55763,22.606,343.25,160.38,0.36312
7408,6103.5,56817,26.351,556.34,281.38,0.32822
7409,6118,56959,27.871,435.28,297.89,0.18739
7409,6376.1,55597,28.503,352.85,254.31,0.1623
7409,8232.8,57020,34.617,373.8,215.61,0.2684
7410,5959.6,56853,32.918,357.4,321.79,0.052423
7410,6229.8,55652,21.586,299.78,409.68,-0.15491
7410,8351.3,57214,31.011,345.31,259.8,0.14132
7411,8320.1,55536,36.673,365.84,376.33,-0.014124
7411,8464.5,57191,28.307,327.68,354.63,-0.039503
7412,7217.8,56857,22.543,651.66,205.41,0.52067
7412,8288.6,55478,35.307,343.81,294.08,0.077964
7412,8463.7,56740,31.656,502.14,478.06,0.024558
7413,7752.1,56965,33.528,461.38,434.72,0.029749
7413,8332.8,56632,20.082,961.75,557.54,0.26605
7413,8336.4,55578,23.876,285.7,242.48,0.081837
7415,8454.7,55608,29.811,414.72,334.04,0.10774
7416,7166.5,56567,14.946,535.09,311.49,0.26413
7417,6845.6,57215,31.637,342.42,244.38,0.16707
7417,8055.3,55826,35.898,407.39,559.03,-0.15692
7417,8417.9,58354,37.708,221.99,134.61,0.24505
7418,8141.5,55951,24.877,536.06,264.43,0.33933
7420,8019.6,58068,24.036,444.06,458.55,-0.016061
7422,7185.6,56291,29.686,350.16,259.14,0.14938
7423,8453.6,57582,26.317,480.14,438.35,0.045492
7424,6173.2,56307,40.992,580.06,386.32,0.20048
7424,8510.2,57762,23.044,436.77,339.7,0.12501
7425,5791.1,57725,29.189,908.65,709.21,0.12327
7425,6095.2,56312,28.419,878.76,806.93,0.042615
7426,6094.4,56355,20.969,494.71,280.75,0.27592
7426,6048.9,57393,42.941,1053,739.11,0.17515
7426,7512.1,57914,37.627,503.05,353.39,0.17474
7427,6067.9,56407,24.834,443.07,168.62,0.44867
7429,6229,56474,35.061,404.19,187.88,0.36536
7429,7892.4,58318,21.586,1041,581.78,0.28296
7430,6135.5,56565,28.304,504.7,427.07,0.083319
7430,7749.2,58342,27.419,714.16,474.63,0.20149
7431,7007.8,57932,17.384,481.37,306.48,0.22199
7431,8092.5,58314,27.556,711.83,342.79,0.34993
7432,5752.6,57846,27.193,776.51,322.88,0.41262
7432,6058.5,57032,29.628,176.11,148.05,0.086542
7432,7707.9,58364,22.184,1007,469.1,0.36442
7433,5920.5,57724,23.107,443.34,483.85,-0.043686
7433,7307.2,57696,28.176,457.08,109.34,0.61392
7433,8019,58261,27.63,432.88,268.77,0.2339
7434,5815.3,55431,27.712,472.29,391.73,0.093245
7434,6016.1,57740,30.863,717.97,447.4,0.23217
7434,8479.3,55404,34.604,412.95,279.55,0.19264
7435,6058.1,55442,36.552,282.55,325.28,-0.0703
7435,6307.9,57956,28.12,741.31,569.47,0.13109
7435,7160.9,57731,34.905,322.23,194.11,0.24814
7435,7687.2,55712,26.47,574.91,401.61,0.17746
7435,8284.5,57270,26.803,355.91,123.66,0.4843
7436,6036.9,57649,16.36,387.55,408.63,-0.026478
7436,6454.3,58106,25.025,642.47,470.16,0.15487
7436,7881.6,58337,20.025,446.53,227.25,0.32545
7436,8221.7,55557,32.2,1359.2,912.46,0.19666
7436,8384.2,57517,25.367,216.1,184.06,0.080068
7437,6907.9,55526,26.234,660.18,432.75,0.20809
7437,7964,55576,32.969,730.36,618.92,0.082593
7437,8520.8,57153,26.139,264.28,180.99,0.18705
7438,6328.1,58267,29.894,729.65,398.33,0.29373
7439,6228.3,57417,27.121,157.73,114.55,0.15857
7440,5835.6,56085,30.378,592.63,453.14,0.13339
7440,7446.6,56725,20.906,488.46,311.08,0.22185
7443,6767.4,57437,33.147,521.28,253.01,0.34647
7444,8511.5,58026,24.375,554.56,140.49,0.59574
7445,6895.7,55426,31.426,577.41,415.32,0.16328
7445,7701.1,56291,25.472,530.72,651.46,-0.10214
7445,8613.4,56867,23.707,503.66,186.15,0.46028
7446,6567.5,57816,31.433,243.28,202.92,0.090442
7446,7283,56942,24.93,685.96,564.47,0.097157
7446,7657.6,56453,23.52,355.14,303.04,0.079157
7446,8060.1,56611,39.868,830.05,747.82,0.052119
7447,7034.8,58059,36.769,134.52,110.22,0.09929
7447,7556.6,56120,22.114,427.27,232.25,0.2957
7447,8040,56395,30.71,348.79,449.75,-0.12643
7448,7138.4,57732,25.269,318.78,253.84,0.11341
7448,7415.1,56007,31.183,650.71,207.55,0.51635
7448,8056.8,56341,29.69,301.35,311.2,-0.01607
7448,8458.7,56865,22.634,325.24,137.72,0.40503
7449,6308.8,58370,28.917,579.08,505.36,0.067981
7449,7477.5,55978,19.929,496,240.37,0.34715
7449,8366.2,56611,24.142,675.62,462.65,0.1871
7450,7004.2,57701,29.869,843.65,708.12,0.087343
7450,8503.9,56595,30.225,455.13,260.63,0.27174
7451,7146.8,57616,32.577,344.44,132.99,0.44289
7452,7323,57797,32.34,472.1,332.77,0.17311
7453,7113,57578,24.207,418.59,245.12,0.26137
7453,7924.3,55652,27.474,278.99,130.06,0.3641
7454,6964.4,55679,36.782,303.91,156.37,0.32055
7454,6953.6,56706,23.168,652.59,313.88,0.35046
7455,5933.7,56298,35.077,278.49,265.83,0.023262
7455,7039.7,56956,20.196,1467.1,912.03,0.2333
7456,5978.4,56410,25.295,798.98,712.88,0.056943
7456,6936.8,55694,25.119,1080.9,605.77,0.2817
7456,6977.6,56677,24.389,853.94,556.57,0.21082
7456,7617.5,57811,38.623,223.01,139.64,0.22988
7457,6132.6,56910,33.482,1152.8,496.58,0.39785
7457,6189.3,56537,30.892,926.19,778.57,0.086592
7457,7078.6,57160,28.759,1020.8,631.9,0.23529
7458,5905.5,56827,25.179,934.17,760.9,0.10222
7458,6746.8,55531,37.753,420.1,277.45,0.2045
7458,7108.6,56725,18.139,1289.1,823.27,0.22053
7458,7630.4,57473,32.633,588.05,306.19,0.3152
7459,6104.7,57051,35.224,547.88,481.83,0.06415
7459,7319.4,56762,32.276,1056.6,567.52,0.30113
7460,6114.8,56831,25.648,993.92,941.52,0.027073
7461,5877.4,57880,28.174,386.86,250.62,0.21372
7461,5992,56750,15.641,763.72,545.64,0.16655
7461,7368.7,57592,25.726,540.96,345.02,0.22116
7461,7714.2,56820,26.729,903.82,492.42,0.29465
7462,5699.7,58126,37.697,409.27,414.35,-0.006168
7462,5952.1,56672,27.197,586.06,356.94,0.24297
7462,7142.9,57600,23.64,347.38,155.91,0.38045
7462,7670.1,57094,23.741,584.29,321.84,0.28964
7463,6595.1,57080,26.638,673.92,556.78,0.095182
7463,7010.2,55453,32.099,168.1,264.73,-0.22324
7463,7256.9,57121,29.448,823.84,539.02,0.20899
7464,5930,57205,39.541,464.02,457.2,0.0074063
7464,6510.7,56853,28.398,1035.5,1088.4,-0.024929
7464,6862.7,57531,28.966,698.51,485.4,0.18
7464,7007.2,55487,32.885,840.38,603.37,0.16417
7465,6604.7,56941,33.948,411.49,484.98,-0.081968
7465,6654.2,57796,30.515,403.51,152.75,0.45079
7466,6483.8,56409,27.386,959.76,891.69,0.036767
7466,7168.6,55488,32.48,442.66,622.74,-0.16903
7467,7226.5,55560,26.851,421.02,267.33,0.22327
7468,6306.2,56971,28.898,662.69,500.13,0.1398
7468,7526.3,57311,21.097,431.01,171.55,0.43061
7469,6596.2,55990,22.342,413.65,377.68,0.045454
7469,7337.9,57052,29.169,930.9,526.69,0.27732
7470,7261.2,57104,18.221,831.26,433.94,0.31404
7471,7831.9,55496,24.311,318.94,279.11,0.066592
7472,6894.9,57593,24.375,402.93,228.97,0.2753
7472,7271.5,57002,30.139,149.53,161.88,-0.039655
7472,8297.1,55757,19.778,429.61,295.3,0.18528
7473,8405.1,55779,15.825,786.49,478.91,0.24307
7474,8448.5,55711,18.287,435.79,317.45,0.1571
7474,8555.8,56661,35.369,130.99,115.37,0.063407
7475,6789.2,55527,32.922,345.79,557.54,-0.23441
7475,7259.7,55407,36.775,194.93,156.09,0.11066
7475,7514.2,58330,25.66,382.46,126.58,0.50266
7475,8433.7,55687,26.571,261.32,153.52,0.25986
7477,7903.8,58294,21.471,623.52,368.69,0.25683
7477,8304.3,56737,23.237,553.01,387.21,0.17634
7477,8408.3,55766,19.862,436.29,268.47,0.23812
7478,6525.7,55540,31.326,499.8,172.94,0.48587
7478,7282.8,55793,15.331,790.48,678.31,0.076374
7478,7731.9,58388,15.092,913.08,925.27,-0.0066331
7478,8376.1,56253,37.639,337.19,244.16,0.16002
7479,7049,55856,34.488,436.89,411.14,0.030362
7479,7827.1,58372,15.28,1423.8,1082,0.1364
7480,5992.6,55452,39.059,465.35,286.21,0.23836
7480,6759.6,57653,30.772,342.7,149.17,0.39346
7480,7079.4,55769,21.328,609.38,1100.3,-0.28713
7480,8156.6,57986,22.394,488.09,331.99,0.19035
7481,7132.9,56222,18.764,472.75,350.41,0.14862
7481,8438.4,57613,21.565,542.1,395.82,0.15597
7482,7009.2,56135,22.452,825.13,538.92,0.20983
7483,6803.9,55967,25.444,512.61,215.18,0.40867
7483,7869.7,57425,26.594,312.58,137.23,0.38984
7483,8012.9,58097,22.591,241.85,110.18,0.37403
7484,6197.4,55463,23.665,437.58,172.19,0.43523
7485,6109.7,55435,26.592,352.51,200.52,0.27483
7485,6999,56697,37.555,333.18,184.58,0.287
7486,7097.8,56636,20.606,889.68,527.97,0.25515
7487,7255.4,56839,25.234,597.29,662.07,-0.051439
7488,7433.5,56916,29.043,507.91,357.33,0.17403
7488,8620.7,57349,36.986,553.6,604.92,-0.044292
7489,8542.9,56716,35.759,246.46,179.38,0.15753
7489,8452.8,57627,21.845,602.37,412.3,0.18732
7490,6276.5,58154,32.226,685.24,754.94,-0.0484
7491,5780,56961,45.195,954.66,672.56,0.17337
7491,6234.9,58181,31.595,263.72,189.81,0.16297
7492,5803.7,57059,29.688,340.18,178.09,0.31275
7492,6034,57989,25.155,300.27,133.58,0.38421
7492,6487,56059,31.362,422.85,190.53,0.37875
7493,6593.7,57099,22.273,364.63,262.65,0.16258
7493,7941.7,58120,19.143,319.43,328.67,-0.014267
7494,6675,56842,34.237,298.27,351.3,-0.08164
7494,7827.7,58301,20.664,643.34,423.36,0.20622
7495,5905.1,57517,29.32,368.49,182.05,0.33864
7495,7001.1,56868,36.045,356.13,679.48,-0.31223
7495,7797.5,58225,28.964,482.17,362.42,0.14179
7496,6128.4,55426,36.021,202.08,212.47,-0.025066
7496,6166.2,56804,29.564,529.47,411.83,0.12497
7496,7618.8,55860,26.709,439.41,379.02,0.073789
7496,7843.2,58186,17.326,911.29,649.45,0.16777
7496,8377.3,55626,27.229,491.68,150.43,0.53146
7496,8609.9,56847,25.985,364.3,288.91,0.11541
7497,6150.7,56632,20.735,554.64,422.65,0.13506
7497,7462.1,55812,17.5,779.76,532.76,0.18819
7497,7774.5,58325,23.389,615.72,417.55,0.1918
7498,6056.6,55491,23.113,387.52,184.85,0.35408
7498,6960.6,56895,29.549,320.87,360.13,-0.057654
7499,8423.4,56390,35.523,175.53,133.48,0.13608
7500,5774.4,56196,23.135,412.76,323.78,0.1208
7500,7925.1,58075,16.482,644.25,175.36,0.57209
7501,5690.2,56022,28.347,404.15,345.03,0.078921
7501,8594.9,55762,31.916,412.16,499.2,-0.095502
7502,6013.6,56221,24.203,703.35,263.33,0.45519
7502,6815,55556,28.61,197.6,177.56,0.053412
7503,8347.7,55622,28.437,338.56,279.01,0.096423
7504,6675.1,56418,30.075,317.92,262.01,0.096406
7505,6752.7,56468,25.672,427.97,307.28,0.16415
7506,6901.1,55660,40.824,166.17,144.3,0.070435
7506,8605.3,55808,26.649,285.15,189.5,0.20152
7507,7923.4,58120,27.885,401.43,392.11,0.011754
7508,8590.6,55613,29.718,260.47,145.48,0.28326
7510,8206,57613,29.858,268.07,448.35,-0.25164
7511,6741.1,56107,25.585,849.23,601.85,0.17048
7511,8117,57764,22.343,225.49,170.27,0.13953
7512,6689.9,57087,33.121,210.29,184.69,0.064834
7512,7051.9,56367,20.388,371.45,146.29,0.43488
7512,7347,55882,38.346,436.3,205.03,0.36062
7513,6045.7,56917,25.863,354.61,166.88,0.35999
7513,7393.1,55815,34.279,295.9,309.98,-0.023237
7514,6095.3,56969,26.655,514.54,299.96,0.26345
7515,6263.8,56826,29.112,462.16,290.93,0.22737
7516,6480,56762,26.951,337.19,294.99,0.066757
7517,6408.5,56677,26.57,264.36,177.25,0.19726
7518,6438.2,56616,27.379,470.47,388.84,0.094997
7519,6677.8,56398,37.998,378.35,200.13,0.30808
7519,8096.6,57110,26.239,502.5,479.1,0.023835
7520,6703.3,56226,32.485,233.68,193.01,0.095319
7520,7559.5,55980,20.165,415.26,502.9,-0.095453
7520,7983.1,57013,23.547,1459.2,879.6,0.24782
7521,7623.1,55992,18.949,315.07,344.04,-0.043954
7521,7892.9,56803,21.346,810.89,511.58,0.22632
7522,5718.2,56195,34.074,619.72,469.81,0.1376
7523,7880.6,56498,32.717,381.79,299.19,0.12129
7523,8126.2,57709,24.595,542.23,353.96,0.21008
7524,8251,58035,24.157,492.87,323.7,0.20717
7525,8291.8,56589,34.342,297.69,141.65,0.35516
7526,5734.4,58351,24.877,517.8,210.36,0.42221
7526,7411.4,57106,29.471,449.56,266.98,0.2548
7527,6091.4,55531,27.274,235.67,153.02,0.21266
7527,6907.9,56951,24.718,451.59,282.65,0.2301
7528,7305.8,57778,21.042,439.67,207.59,0.35855
7529,6283.6,57089,32.876,353.35,166.3,0.35996
7529,7737.3,58329,34.899,183.83,150.04,0.10121
7530,7448.1,56391,32.625,425.83,322.13,0.13865
7531,7538.3,56542,26.752,376.89,191.22,0.32682
7532,7741.9,56806,28.578,890.78,589.82,0.20327
7533,7502.8,56976,33.703,307.56,138.4,0.3793
7533,8044.6,55998,30.6,250.53,102.61,0.41889
7534,6768.2,55804,31.523,308.41,244.6,0.1154
7535,7376.5,56460,21.222,590.62,373.29,0.22546
7536,7866.9,58138,17.189,914.87,709.12,0.12669
7537,7983.3,58210,13.27,1016.4,621.78,0.2409
7538,6444.4,56625,26.713,364.46,347.37,0.024002
7538,7025.6,57611,33.947,287.4,232.39,0.10582
7538,7179.7,58366,35.979,591.26,336.42,0.2747
7540,8132.5,58281,24.931,847.13,668.8,0.11764
7541,8054.4,58303,21.715,947.55,797.63,0.085902
7542,8190.2,58356,15.138,565.06,366.71,0.21288
7544,8220.6,58251,29.52,313.69,203.3,0.21353
7546,8038.6,57356,34.824,362.7,242.92,0.19779
7547,7869.5,57175,22.338,958.06,418.99,0.39147
7549,5785.7,58244,28.304,409.11,343.37,0.087359
7549,7729.3,56939,24.795,710.4,471.12,0.20252
7549,8443.4,56246,28.379,697.36,406.27,0.26376
7550,5915.6,57013,32.955,317.43,216.71,0.18857
7550,6251.5,56165,20.144,507.94,267.87,0.30945
7550,7857.5,57055,25.34,569.11,395,0.1806
7551,5805.6,58066,28.461,369.35,272.47,0.15095
7551,5996.8,57308,36.128,381.56,219.67,0.26925
7551,6462.4,56238,32.394,483.33,291.81,0.24707
7551,8651.3,55922,34.806,288.63,192.36,0.20014
7552,8024.7,56414,23.928,696.33,302.73,0.39397
7553,5719,57349,29.334,480.54,389.64,0.10446
7553,8460.1,55817,30.816,442.49,167.16,0.45161
7554,7803.6,56440,26.192,571.88,231.33,0.42399
7554,8411,55733,12.332,605.13,231.89,0.44592
7555,8415.7,55772,22.374,422.01,269.13,0.22119
7555,8636.9,57483,29.307,441.36,244.53,0.28698
7556,7696.7,57390,19.449,886.02,580.18,0.20859
7556,7716.7,58303,32.334,456.17,222.18,0.34494
7556,8617.8,55755,34.038,390.02,300.06,0.13035
7557,7766.5,58221,28.87,425.37,238.02,0.28241
7557,8004.5,56407,33.631,342.23,223.34,0.21021
7557,8110.4,58151,32.448,557.56,509.48,0.045058
7557,8667.5,55488,19.963,857.47,350.45,0.41975
7558,7026.9,56574,35.123,324.25,159.86,0.33956
7558,7743.2,58285,29.224,620.08,237.1,0.44678
7558,7964,58368,29.712,366.83,170.79,0.36463
7559,7012.4,56583,24.023,727.18,426.81,0.26029
7559,8009.1,56856,33.972,206.47,104.82,0.32657
7560,6964.8,56548,30.027,571.49,410.36,0.16411
7560,8525,57309,27.409,415,286.97,0.18239
7563,8651.7,56976,19.454,1446.2,284.06,0.67165
7565,6699.8,56327,34.592,354.07,248.11,0.17597
7565,7049.5,58318,29.171,375.57,240.22,0.21979
7565,7886.7,58170,19.878,662.14,398.39,0.2487
7566,5969.8,55461,21.275,533.07,307.17,0.26886
7566,7225,56438,39.505,415.09,327.2,0.1184
7568,7081.9,56526,12.769,714.82,368.89,0.31921
7569,6476,56195,34.739,203.11,268.14,-0.13801
7569,7928.3,58356,30.057,601.16,686.37,-0.066177
7570,6419.9,55952,21.211,367.04,264.14,0.16303
7570,7711.3,56899,30.133,526.67,511.45,0.014661
7570,7928.4,58160,29.394,351.95,323.94,0.041429
7571,6513.1,56039,24.603,669.49,414.17,0.23561
7571,7660.5,56821,26.004,356.35,521.68,-0.1883
7572,6574.4,57098,31.281,895.52,505.89,0.27803
7572,6687.1,55988,28.332,382.4,218.94,0.27184
7572,7607.2,56927,23.457,485.2,317.19,0.20939
7572,7930.8,58182,26.636,584.99,458.51,0.1212
7573,5782.2,56537,27.453,511.47,416.46,0.10239
7573,6640.8,56106,18.963,694.88,444.26,0.22001
7573,8358.4,55708,30.491,684.68,603.72,0.062845
7574,5980.7,56714,27.605,689.36,768.36,-0.054191
7574,7345.1,57844,32.146,415.63,366.49,0.062826
7574,8311.9,55790,31.869,529.85,593.4,-0.05658
7575,8195,56017,28.268,517.35,337.58,0.21027
7577,7227.3,58098,20.12,911.07,630.19,0.18224
7578,7239,58071,19.096,702.32,234.67,0.49909
7580,8498.7,57244,31.828,506.99,472.54,0.035166
7582,7411,55666,25.691,403,358.17,0.058888
7584,6597.6,56752,24.846,614.98,384.83,0.23019
7585,6691.2,56692,18.664,639.01,325.82,0.32461
7587,8385,55778,12.385,607.36,410.73,0.19314
7588,6780.7,56341,19.456,682.9,684.53,-0.001192
7588,7740.1,57466,29.205,627.88,569.44,0.048806
7588,8403.8,55779,19.393,318.96,109.8,0.48782
7589,6823.5,56283,14.975,658.99,731.65,-0.052245
7589,7859.6,57458,30.174,508.53,336.05,0.20423
7590,6408.2,56961,30.472,744.23,426.02,0.27192
7590,6856.7,56282,24.063,519.03,661.1,-0.12039
7590,7840.8,57404,18.306,992.85,625.91,0.22668
7590,8542.6,55607,29.973,485.78,199.08,0.41864
7591,5694.4,57809,32.143,503.71,533.02,-0.028269
7591,6081.1,56877,30.716,418.95,269.78,0.21659
7591,6877.5,56239,15.563,441.36,397.81,0.051896
7591,7698.7,57323,21.182,1211.9,1064,0.064994
7592,7035.4,56388,15.574,447.33,452,-0.0051871
7592,7424.2,57085,28.485,606.88,446.78,0.15194
7592,7667.6,57512,31.321,898.03,431.5,0.3509
7593,6977.6,56303,20.301,512.32,599.11,-0.078086
7593,7433.9,57048,22.757,633.27,232.55,0.46282
7594,7112.5,56213,16.562,895.41,1014.7,-0.062445
7595,7033.6,56182,19.414,1019.1,1185.6,-0.075501
7595,7161.2,57404,30.378,515.21,356.4,0.18221
7595,7836.2,57191,14.002,813.52,465.97,0.27163
7596,6586.2,56446,32.557,272.31,120.8,0.38542
7596,6924.3,55515,30.43,230.8,160.31,0.18025
7596,7827.5,57149,15.533,709.95,304.98,0.39902
7597,5712.8,56692,23.771,392.56,124.28,0.51908
7597,7779.4,57265,12.696,768.84,236.73,0.52916
7598,5838,56574,31.024,1084.4,1039,0.021392
7598,7642.9,57345,16.22,615.94,333.36,0.29767
7599,5880.5,56958,41.311,516.59,207.58,0.42671
7600,6120.6,56620,28.018,365.33,473.56,-0.12902
7600,7405.9,55890,18.694,338.24,152.95,0.37724
7601,7502.4,56108,21.058,536.37,225.99,0.40714
7601,8063,58159,35.795,401.31,350.87,0.067058
7601,8585.8,56137,31.043,158,188.73,-0.088632
7602,6885.3,55452,28.913,314.6,176.56,0.28107
7603,5945.5,57016,23.21,331.71,132.4,0.42944
7603,7336.1,56294,28.501,500.36,307.41,0.23886
7603,7234.7,57901,32.472,424.06,244.74,0.26813
7604,6049.5,57162,33.108,446.59,284.96,0.22095
7604,7119.4,56426,21.052,497.3,336.84,0.19236
7604,7890.7,56370,35.323,295.56,350.84,-0.085525
7604,8553.6,56960,23.833,497.99,239.3,0.35087
7605,6087.7,57104,28.886,368.22,276.75,0.14183
7605,6845.7,56031,33.793,437.24,154.21,0.47855
7605,6969.4,57650,30.943,434.47,224.65,0.31834
7605,7775.1,57354,34.217,236.02,115.38,0.34333
7606,7089.3,56706,40.49,786.02,667.3,0.081687
7606,7230.4,55876,32.682,166.39,291.17,-0.27269
7607,6835.4,58059,33.334,313.04,267.57,0.078304
7608,6490.5,56491,32.444,375.97,213.51,0.27558
7608,7547.9,55938,29.836,375.62,105.3,0.56207
7609,6693,56466,30.048,429.14,262.4,0.2411
7610,6269.3,56238,21.655,824.91,749.73,0.047747
7610,7291,56529,11.812,765.14,514.31,0.19604
7610,8508,57771,28.923,265.27,121.11,0.3731
7611,6303.9,56126,29.804,775.74,672.54,0.071255
7611,7264.7,56567,10.518,733.37,462.47,0.22654
7611,7887.5,55902,37.372,919.79,556.61,0.246
7611,8259.9,57856,35.184,290.56,172.67,0.25449
7612,5953.3,56177,30.784,376.68,317.49,0.085269
7612,6182,55652,31.107,549.85,274.06,0.33473
7613,6246.9,56874,33.696,765.32,622.46,0.10294
7613,7890.9,55550,23.283,918.32,762.22,0.092886
7614,6397.9,56858,30.833,325.72,334.8,-0.013752
7614,8486.8,57120,30.078,320.28,230.54,0.16292
7615,6246,55472,27.594,763.04,439.62,0.26892
7615,6658.2,55554,31.402,525.14,373.81,0.16834
7615,8460.5,57642,32.236,867.81,206.48,0.6156
7616,6182.1,55441,25.539,296.27,238.09,0.10888
7618,8092.4,58140,34.846,194.61,212.6,-0.044159
7619,6153.7,55409,31.712,954.69,875.82,0.043087
7619,7868,58240,26.632,336.49,310.71,0.039828
7620,6167.9,55984,32.548,715.27,488.12,0.18875
7620,6459,56639,29.412,619.16,331.59,0.30246
7620,7796,58222,22.023,408.16,268.68,0.20607
7621,6606.2,55955,38.777,490.94,295.36,0.24873
7621,6683.6,56819,26.485,505.34,257.68,0.32457
7622,5883.6,55667,35.779,526.45,333.42,0.22449
7622,6908.7,55990,37.156,549.67,282.63,0.32084
7622,7930.9,58213,15.524,1485,1073.5,0.16083
7622,7988,57899,29.218,1141.8,924.5,0.10517
7622,8232,56418,29.24,648.89,445.68,0.18566
7623,6013.1,55581,23.034,576.7,348.01,0.24731
7623,6544.1,57093,34.207,742.4,463.96,0.2308
7623,8430.5,56323,34.154,392.68,348.88,0.059073
7625,7297.7,58172,35.025,274.07,177.66,0.21344
7627,5831,56649,24.226,534.5,448.43,0.087563
7628,6030.2,56855,18.834,747.37,363.8,0.34519
7628,6609.4,57480,31.834,364.07,133.09,0.46461
7628,6696.1,56084,33.279,353.47,145.59,0.41656
7628,7861.7,58211,31.413,336.66,196.65,0.26253
7628,8506.8,57702,33.018,600.21,326.26,0.29569
7628,8590.1,57241,22.92,580.97,323.2,0.2851
7629,6137.8,57031,28.527,267.74,211.17,0.11813
7629,8624.1,57625,22.375,734,374.17,0.32471
7630,8012.7,56398,32.437,422.79,377.45,0.056647
7631,5795.9,57195,34.214,380.69,303.36,0.11305
7631,6303.5,57058,26.465,439.98,383.67,0.068372
7631,7817.9,56673,33.222,557.05,447.07,0.10953
7632,6393.7,57148,20.575,649.15,160.78,0.60298
7632,7778.5,56723,32.459,266.64,397,-0.19643
7633,6337.6,57033,32.804,468.17,267.23,0.27324
7633,7704.5,55715,32.324,480.87,657.26,-0.15498
7634,7779,58039,29.774,564.47,362.23,0.21824
7634,8420,57860,24.174,470.94,340.8,0.16032
7635,7781.5,58094,23.636,543.85,582.7,-0.034478
7635,7961.6,57376,22.943,617.6,278.39,0.37859
7635,8103.7,56509,28.017,451.97,477.94,-0.027924
7635,8363.3,58087,29.271,727.33,675.06,0.037273
7636,6928.3,56571,24.595,594.92,412.91,0.1806
7636,8454.6,58168,23.55,640.32,349.35,0.29401
7637,5751.5,55791,37.07,614.36,144.66,0.61883
7637,6531.9,56454,22.472,807.58,985.51,-0.099231
7637,6871,57526,25.876,285.6,261.77,0.043532
7637,7676.4,56630,35.309,699.57,637.81,0.046178
7637,8264,58105,35.179,373.48,322.01,0.073999
7638,6561.2,56479,17.89,1058.1,515.16,0.34512
7638,6909.1,57736,33.071,592.11,244.99,0.41466
7638,7494.7,56737,14.776,831.51,559.77,0.19531
7638,7780.6,58099,20.167,680.68,261.86,0.44435
7639,5790.3,55735,36.275,524.4,183.69,0.48116
7639,7089.2,57648,26.294,564.27,564.8,-0.00046603
7639,7530.5,56799,30.934,359.96,340.93,0.027147
7640,6837.9,56465,26.632,405.94,349.98,0.074033
7640,7539.1,57655,28.089,246.61,140.52,0.27404
7640,7855.8,58234,24.905,516.83,453.25,0.065532
7641,5770.9,55967,21.301,1179.2,725.23,0.23838
7641,6798.5,56621,23.826,589.68,762.85,-0.12803
7642,7027.6,56750,33.674,411.18,679.87,-0.24627
7642,7841.7,58110,24.374,523.74,387.3,0.14976
7643,7956.7,58233,28.884,444.91,311.72,0.17604
7644,5992.4,58106,27.559,221.62,162.43,0.15412
7644,7612.5,57174,21.632,768.34,294.88,0.4453
7644,7865.2,58357,36.889,280.47,521.95,-0.30094
7645,5862.3,55431,31.802,698.15,914.35,-0.13408
7645,6635.8,57506,26.475,431.75,387.8,0.053626
7645,7522.4,56987,24.205,1389.3,761.98,0.29159
7645,7635.7,57284,32.395,1061.5,574.18,0.29795
7645,7959.9,58290,26.441,701.08,529.49,0.13944
7646,6640.3,57558,24.744,253.86,166.83,0.20687
7646,7638.7,57063,27.018,609.49,378.6,0.23368
7646,8284.4,57919,30.714,458.44,327.84,0.1661
7647,7662.5,57359,25.245,495.99,502.74,-0.0067591
7647,8269.3,57750,23.079,590.4,218.99,0.45887
7648,8448.4,57743,25.998,637.95,695.34,-0.043046
7649,7518.4,57148,22.917,407.84,313.88,0.13019
7649,8356.7,57650,25.264,438.28,407.62,0.036241
7650,7744.4,57069,32.403,248.87,155.76,0.2301
7650,7906.4,58186,17.546,298.02,251.33,0.085004
7650,8345.9,55823,27.792,380.19,223.1,0.2604
7651,6879,56760,16.721,1532.2,1176.5,0.13132
7651,7842.9,58184,31.099,264.03,203.47,0.12954
7652,6262.5,56927,36.068,256.28,271.57,-0.028969
7652,7847.9,58184,24.606,403.35,269.56,0.19882
7654,6409.4,56460,35.226,774.15,704.18,0.04733
7655,5690.8,58276,30.973,1133.9,923.65,0.10217
7655,6286.9,56647,34.712,380.14,178.5,0.36095
7656,7966.2,58205,21.863,302.86,293.38,0.015891
7657,6033.5,57075,21.538,974.72,694.15,0.16812
7657,6775.9,56248,24.738,513.77,295.11,0.27033
7659,6680,56043,37.187,305.75,302.16,0.0059053
7663,6719.8,57380,23.716,1192.4,474.51,0.43067
7663,7898.6,58065,18.446,350.04,139.14,0.43114
7664,6534,57906,26.726,1313.1,661,0.33034
7664,6688.1,57093,28.033,235.13,167.4,0.16826
7665,7904.4,55786,22.453,565.12,133.17,0.61858
7666,6077.2,58389,16.248,1125.6,501.18,0.38382
7666,6423.8,57954,24.633,941.03,514.49,0.29305
7666,6850.5,56550,24.639,686.31,546.64,0.11328
7666,8144.4,56020,29.154,609.2,243.76,0.42843
7666,8282.6,56602,25.622,959.35,376.55,0.43626
7667,6188.7,58192,32.524,1940.1,1291.5,0.20071
7667,6986.9,56452,20.81,697.67,509.94,0.15545
7667,8341.5,56020,37.189,411.52,201.47,0.34266
7667,8417.6,56851,39.906,646.67,644.19,0.0019231
7668,7079,56265,29.191,674.27,958.17,-0.17391
7668,8551.1,55696,32.452,413.27,203.22,0.34071
7668,8461.8,56819,24.274,732.27,392.65,0.3019
7669,6186.4,56306,31.028,384.52,283.38,0.15143
7669,7166.6,56233,27.54,285.93,245.1,0.076897
7670,6027,58365,19.969,801.93,467.28,0.26367
7670,6245.4,56230,27.317,405.23,243.27,0.24974
7670,6928.5,56153,34.239,429.23,470.82,-0.046201
7671,5786.7,58298,19.355,705.83,527.49,0.1446
7671,8565.7,56724,25.319,460.66,199.13,0.39638
7672,5675.4,58287,25.784,499.82,377.91,0.1389
7672,5951.2,56259,23.894,625.41,601.69,0.019326
7672,6910,56074,21.735,349.96,209.77,0.25046
7672,8582.3,57938,35.028,214.38,134.64,0.22845
7673,6061.8,56206,19.007,597.86,504.66,0.084541
7673,6815.6,56140,24.123,608.17,479.46,0.11834
7673,7013.4,57578,23.856,466.61,353.67,0.13769
7673,7017.6,58151,32.413,373.68,305.27,0.10075
7674,5929.1,56402,34.944,738.47,541.96,0.15347
7674,8185.6,57780,28.753,674.99,430.96,0.22065
7675,7432.7,57974,21.55,289.37,236.28,0.101
7675,7866.6,58362,16.276,473.08,244.87,0.31786
7676,5719.8,56471,27.289,434.99,441.72,-0.0076743
7676,6417.1,57388,23.948,692.63,323.33,0.3635
7676,7031.8,56924,32.61,293.59,133.12,0.37606
7676,7833.3,58385,16.435,1195.3,886.62,0.14827
7677,7860.3,58188,28.091,365.68,249.56,0.18873
7677,8613.2,57609,16.134,668.83,537.45,0.10892
7678,5796.1,57192,28.349,588.34,298.62,0.32663
7678,6823.7,55675,22.953,297.46,258.05,0.070947
7678,7143.1,56382,20.715,391.18,283.14,0.16022
7678,7819.4,58337,31.304,359.91,125.73,0.48221
7678,8467.2,56611,19.259,757.16,475.18,0.22881
7679,7123.5,56577,20.608,1086,513.53,0.35791
7679,8238.4,56773,23.119,744.68,678.17,0.046747
7680,6174.8,58340,27.051,434.73,248.67,0.27225
7680,7290.7,57140,31.135,497.91,432.11,0.070751
7680,7377.4,56683,23.194,913.75,364.16,0.43007
7680,7861.3,58118,28.054,555.08,390.22,0.17439
7680,8163.6,57205,34.349,366.61,208.05,0.27592
7681,5846.7,57023,37.041,546.15,477.31,0.067256
7681,7164.2,56572,31.272,317.9,213.65,0.19612
7681,7821,58355,25.504,610.15,553.31,0.048859
7681,8299.2,57704,22.325,774.15,604.26,0.12325
7682,6860,57985,33.211,493.64,477.97,0.016129
7682,6979.6,57987,36.99,766.13,740.77,0.01683
7683,5769.4,56739,35.261,356.37,328.83,0.040184
7685,6498,56018,31.046,1041.1,546.87,0.31122
7685,8296.8,56638,30.945,911.15,632.19,0.18075
7685,8576.3,56599,30.356,982.52,469.79,0.35304
7686,6105.2,58104,29.101,210.53,142.55,0.19255
7686,7395.2,57094,18.311,560.23,602.76,-0.036569
7687,6190.6,55666,35.078,348.33,192.25,0.28872
7687,6210.2,55828,33.893,264.19,133.35,0.32911
7687,6248.5,58374,30.436,454.62,159.1,0.48151
7687,6849.3,57679,25.733,290.21,193.25,0.20055
7687,7390.8,55883,36.396,358.89,422.53,-0.081437
7687,8590.6,56827,34.359,255.73,201.82,0.11784
7688,6543.7,56829,34.329,352.15,405.72,-0.07069
7689,6248.7,56954,26.271,528.25,578.6,-0.045491
7690,6157,56922,24.838,335.4,183.43,0.29291
7690,6252.6,56259,26.716,443.13,555.41,-0.11244
7690,6360.5,58282,31.256,267.4,248.55,0.03654
7691,5996.2,56143,27.035,330.25,367.32,-0.053138
7691,6154.2,57280,25.811,668.43,305.02,0.37333
7691,8529.2,56397,30.775,894.86,952.15,-0.031021
7692,6351.4,56884,27.071,367.38,299.68,0.10149
7692,8526.5,55493,32.205,506.9,640.37,-0.11634
7692,8570,56617,15.116,1220,1166.7,0.022302
7693,5911.4,56122,36.239,351.51,233.93,0.20084
7693,8315.9,55404,21.356,280.41,172.61,0.23795
7693,8378.3,56568,16.29,867.36,560.25,0.21512
7694,8302.2,55775,29.087,615.67,238.36,0.4418
7695,7546.1,56948,36.718,226.1,192.94,0.079133
7695,8661.8,56772,22.853,501.92,354.79,0.17174
7696,7171.4,55744,28.755,461.17,219.59,0.35486
7696,7570,57016,34.145,363.03,250.77,0.1829
7697,7271.2,56938,24.661,797.04,670.59,0.086161
7698,7247.8,56818,24.52,494.3,380.63,0.12992
7699,7236.6,56779,17.474,511.56,365.14,0.16702
7700,7163.6,56814,21.61,979.78,654.01,0.1994
7702,6638.4,56872,28.324,411.74,311.17,0.13911
7702,8370.6,56626,23.479,721.96,348.77,0.34853
7703,5674.2,56722,29.656,252.88,153.74,0.24381
7703,6637.3,56973,20.377,635.91,558.54,0.064773
7704,6731,57194,21.577,789.06,504.27,0.2202
7705,6747.8,57294,28.153,439.09,272.23,0.23458
7705,7525.6,57405,36.085,485.91,296.62,0.24189
7707,6749.4,56239,18.728,424.5,168.16,0.43254
7707,6626.8,57094,32.029,418.34,542.31,-0.12906
7707,8158.4,57677,29.076,401.35,362.15,0.051342
7708,6641.3,57107,26.904,365.4,251.9,0.18385
7711,6109.3,57271,26.769,751.4,216.34,0.55289
7711,6932.6,57254,33.325,385.02,207.64,0.29929
7711,7334.1,58172,22.176,533.72,332.05,0.23293
7712,7066,55740,35.732,433.34,377.91,0.068321
7712,6979.3,57236,31.896,411.45,564.56,-0.15687
7713,6228,57450,31.976,396.72,137.25,0.48592
7713,6520.9,56378,27.131,837.14,649.93,0.1259
7713,6833,56797,39.814,658.51,782.91,-0.086306
7714,6568.8,56196,24.113,768,665.58,0.071444
7714,8647,57516,33.108,280.39,315.34,-0.058666
7715,6692.3,56007,21.38,539.92,529.12,0.010101
7715,7963.9,57973,31.596,303.82,387.59,-0.12116
7716,6239.8,56767,32.196,717.75,408.61,0.27446
7716,6728.9,56030,17.69,841.55,740.13,0.064122
7717,5808.6,55648,32.749,326.08,290.02,0.058531
7717,6026.3,57017,29.136,208.73,156.14,0.14415
7717,6678,56135,22.23,454.41,358.93,0.1174
7717,7232.2,55831,29.081,359.88,266.91,0.14833
7717,8154.4,56855,22.987,328.55,142.79,0.3941
7718,6119.7,56958,26.811,701.02,283.77,0.42369
7718,6656.5,56062,14.442,613.87,591.12,0.018873
7718,7715.3,56277,35.639,415.47,328.66,0.11666
7718,7854.8,58204,23.802,440.6,327.42,0.14736
7719,6184.3,56791,27.525,228.9,137.42,0.24973
7719,6611.1,55998,15.994,831.26,817.7,0.0082226
7719,7586.6,56863,34.019,445.01,257.32,0.26724
7720,6543,56020,22.153,318.04,364.04,-0.067436
7720,7612.8,56769,25.003,548.3,539.54,0.0080544
7720,7984.5,56320,25.312,723.28,329.3,0.3743
7721,7249.8,57716,28.451,606.8,474.6,0.12224
7721,7545,55814,28.371,745.2,346.62,0.36506
7721,7511.7,56913,20.18,618.32,422.65,0.18796
7721,8003,56323,29.377,380.75,301.54,0.1161
7722,7496.7,56923,22.583,476.97,305.62,0.21895
7723,7818.9,56151,33.798,544.36,361.51,0.20185
7723,7984.3,58097,17.777,1056.3,754.68,0.16656
7724,5708.6,57906,25.957,555.28,340.26,0.24011
7724,7269.3,57391,22.953,1407.8,532.82,0.45088
7724,7432.2,57982,42.63,522.68,306.57,0.2606
7724,7929.3,58150,26.88,300.73,156.06,0.3167
7725,8286,55831,35.544,240.84,163.76,0.19049
7725,8403.2,56769,30.579,339.4,252.8,0.14623
7726,6031.7,57701,38.822,320.45,220.73,0.18425
7730,6619.5,56530,35.882,173.69,200.17,-0.070828
7731,8595.3,57629,23.085,355.45,344.42,0.01576
7732,5968.4,55490,26.55,362.45,230.08,0.2234
7732,7138.6,56427,20.593,618.86,375.64,0.24456
7732,7912.3,56091,33.376,329.59,198.85,0.24741
7732,7877,58247,20.23,552.34,298.34,0.29859
7732,8642.1,57837,14.965,1196.7,957.76,0.11089
7733,5925.5,55446,30.656,305.46,162.77,0.30476
7733,7187.1,56297,19.832,649.2,554.06,0.079063
7733,8012,58159,22.696,281.04,236.55,0.085965
7734,7160.7,56314,25.261,359.47,454.97,-0.11726
7734,8231.1,58073,35.961,1227,1167.5,0.024833
7734,8452,57899,26.331,1438.5,1211.7,0.085579
7735,6431.1,56509,24.612,409.61,372.9,0.046917
7735,6560.6,55691,34.661,354.76,490.51,-0.1606
7735,7124,56401,19.607,669.64,800.16,-0.088805
7735,7794,58127,34.12,205.6,243.09,-0.083558
7736,6873.9,56372,25.886,603.84,905.29,-0.19975
7736,7807.8,58210,36.131,466.59,396,0.081827
7737,6304.5,55637,26.182,395.64,285.08,0.16242
7737,7786.7,58206,33.494,321.43,250.41,0.1242
7738,6420.8,57864,24.92,550.75,422.44,0.13185
7738,8643.9,55623,38.056,618.83,479.85,0.1265
7739,6671.2,55983,20.871,1020.8,911.03,0.056812
7739,7575.6,58064,27.483,353.47,216.56,0.2402
7740,5860.5,56659,35.323,231.61,113.1,0.34379
7740,6802.4,56035,15.018,976.77,553.09,0.27694
7740,6823.3,56933,30.632,311.13,185.98,0.25175
7740,8621.8,58023,31.634,512.63,314.42,0.23967
7741,6608.5,57619,28.319,273.93,131.8,0.35031
7741,6899,55994,28.456,497.8,509.06,-0.01118
7741,8130.8,57168,34.762,178.78,269,-0.20148
7742,8203.8,56669,29.023,454.65,552.72,-0.097357
7742,8566.8,57751,22.146,222.54,114.83,0.31928
7743,7881.4,56530,31.356,289.36,157.13,0.29616
7743,8358.7,58217,31.136,406.44,238.88,0.25965
7743,8472,57724,24.048,550.19,458.35,0.091055
7744,6413.2,57582,30.831,450.82,246.56,0.29289
7744,8118.2,57275,35.991,309.64,479.07,-0.21481
7747,8000.2,55566,31.692,178.13,117.19,0.20632
7748,6219.3,58378,27.504,459.82,221.53,0.34974
7748,6493.6,55796,28.878,263.24,115.89,0.38865
7749,8375.6,55806,22.745,997.7,883.35,0.060792
7749,8567.2,56570,27.443,324.94,513.06,-0.22448
7750,8373.5,55778,24.339,462.55,414.08,0.055288
7750,8588.4,56495,24.692,323.16,799.43,-0.42426
7751,7002,58233,24.907,380.26,321.62,0.083545
7751,8404.1,55835,23.986,447.07,228.88,0.3228
7751,8606.1,56386,29.08,357.6,464.59,-0.13014
7752,8020.4,56025,25.007,659.71,511.7,0.12636
7754,7283.7,58345,31.857,351.4,267.99,0.13467
7754,8406.4,56280,29.532,562.56,327.25,0.26446
7755,6710.2,56453,36.641,388.5,272.15,0.17612
7755,7137.6,55761,20.629,621.12,383.3,0.23678
7755,8322,56242,19.037,459.9,147.18,0.51511
7756,6662.3,56463,31.585,361.15,157.56,0.39248
7756,8193.7,56258,10.345,840.8,186.89,0.6363
7758,8644.5,55681,32.733,236.94,129.26,0.29404
7759,7543.5,55969,20.744,406.43,604.8,-0.19617
7759,8397.6,55810,29.994,314.64,143.83,0.37256
7760,7065,56387,19.178,427.84,454.25,-0.029935
7760,7529.8,55955,16.189,755.11,774.21,-0.012492
7760,8390.5,55766,27.035,722.09,645.85,0.055731
7761,6325.8,58375,29.133,1125,1513.5,-0.14724
7761,7133.6,56354,11.569,1152.8,909.68,0.11789
7761,8311.8,57869,24.572,335.93,220.25,0.20799
7761,8397.2,55722,28.981,653.74,730.79,-0.055653
7762,6506.1,58371,21.049,687.95,580.45,0.084754
7762,7191.3,56278,17.693,1506.7,1623.5,-0.037315
7762,8356.7,55703,16.651,875.73,862.75,0.0074678
7763,6564.7,58109,32.195,349.07,197.3,0.27778
7763,7522.6,56119,29.774,640.55,332.27,0.3169
7763,8244.1,55623,37.235,523.91,811.49,-0.21535
7764,6545.5,56866,32.877,593.6,333.04,0.28119
7765,7906.7,58357,19.803,416.34,323.74,0.12512
7766,7967,58163,19.236,675.02,563.51,0.090031
7767,7881.4,58098,24.475,362.07,311.67,0.07481
7767,8150.9,55878,31.389,359.15,246.76,0.18549
7768,7787,55877,24.649,385.78,238.27,0.23637
7768,7833.1,58099,30.235,160.38,114.17,0.16832
7769,7469.8,56814,17.816,896.17,526.27,0.26005
7771,6616.9,57505,30.188,296.56,180.21,0.24404
7771,7747.5,56945,28.366,812.37,421.03,0.31729
7772,6414.4,57508,28.48,402.56,259.41,0.21626
7772,7644,57447,21.796,429.28,201.89,0.36026
7772,7908.7,58208,22.506,671.14,655.03,0.012153
7773,7592.8,57359,21.587,751.08,621.87,0.094113
7774,7591.4,57238,19.974,711.42,395.75,0.28511
7774,8343.1,57059,30.08,417.48,150.62,0.46975
7775,7266.6,57336,26.402,287.31,297.99,-0.018254
7775,8331.5,56641,36.55,371.32,324.51,0.067268
7776,7088.7,57527,22.267,799.04,920.97,-0.070889
7776,8297.2,56386,21.033,972.88,721.31,0.14849
7777,7137.2,57478,26.971,995.82,802.9,0.10726
7777,8079.3,57400,23.549,680.76,721.97,-0.029376
7777,8244.1,55630,28.085,833.27,301.74,0.4683
7777,8356.2,56522,34.827,536.02,333.74,0.23257
7778,6939.2,57193,24.836,530.01,377.83,0.16762
7778,8215.7,57580,31.717,631.48,711.95,-0.059901
7779,6958.3,57208,25.526,724.42,441.57,0.24259
7779,7997.5,57403,31.388,731.19,473.56,0.21384
7779,8476.3,55803,20.641,678.82,343.76,0.32767
7780,6613.2,55952,30.735,353.54,156.63,0.38596
7780,8433.8,55840,32.065,600.23,384.88,0.21861
7781,8429.5,56529,16.379,948.06,385.07,0.4223
7782,7918.2,58226,29.671,698.25,510.53,0.1553
7782,8378.8,56601,19.116,857.77,713.08,0.092109
7783,7892.7,58311,32.602,362.24,194.88,0.3004
7783,8415.1,56709,24.684,523.12,369.86,0.17164
7784,6730.5,57377,35.875,221.72,106.72,0.35013
7784,7125.4,57980,29.542,359.87,102.46,0.55676
7784,7819.8,58267,35.216,296.27,117.96,0.43045
7785,7893.8,56713,34.694,309.63,312.23,-0.0041763
7786,7900.5,56525,20.499,381.08,185.78,0.34452
7786,7882,58273,25.148,569.07,409.64,0.16289
7787,7852.6,56545,25.555,275.29,205.46,0.14525
7787,7857.1,58386,21.332,263.64,179.98,0.18858
7788,6410.8,57445,27.462,381.63,245.51,0.21704
7788,7922.9,56506,34.217,430.23,585.47,-0.15284
7789,8302.7,57416,29.133,303.69,178.11,0.26066
7790,7108.6,57752,29.038,294.81,252.57,0.07716
7790,7258.3,56447,23.706,960.34,615.09,0.21915
7790,7793.2,56528,16.802,993.68,643.08,0.21421
7791,6423.6,55739,37.696,268.86,204.31,0.13641
7791,7194.7,56397,15.537,1374.7,846.59,0.23776
7791,7708.7,56530,21.356,693.12,433.1,0.23088
7791,8474.3,55494,26.509,316.5,122.98,0.44033
7791,8608,57589,33.514,610.03,372.75,0.24144
7792,7104.9,56547,22.863,375.56,308.12,0.098645
7792,8381.3,58084,35.237,412.07,257.06,0.23166
7793,6484.5,57846,16.464,436.11,114.89,0.58297
7793,7406.2,57961,21.684,323.66,142.65,0.38818
7793,8334.9,58025,25.809,449.81,207.74,0.36814
7794,6329.9,55551,27.352,425.71,261.94,0.23816
7795,6320.4,58321,30.393,501.41,314.19,0.22955
7795,7976.4,58116,29.165,817.97,487.85,0.25281
7795,8371,55763,17.604,783.23,544.31,0.17997
7796,6309.8,58205,30.9,356.48,194.03,0.29509
7796,7127.5,56327,30.419,348.85,162.97,0.36317
7796,7749.7,58109,26.013,868.84,524.18,0.24741
7797,5686.8,55947,22.124,752.39,607.89,0.10623
7797,7274.6,56503,18.614,808.75,642.56,0.11451
7797,8096,58171,26.947,292.9,189.55,0.21422
7797,8429.3,55726,34.971,534.46,410.39,0.13131
7798,7364.5,56699,15.867,1036.5,822.17,0.11533
7798,8329.7,55835,30.501,344.46,296.88,0.074187
7799,6014.7,55695,27.334,587.16,352.08,0.25029
7800,8620.7,55935,30.894,525.72,502.95,0.022137
7801,6537.6,55818,25.063,531.35,510.72,0.019796
7801,7329.5,56432,37.108,430.02,442.76,-0.014597
7802,6380.7,55703,31.219,291.54,214.42,0.15241
7802,7096.4,56543,31.156,375.73,302.05,0.1087
7802,7664.2,55774,29.376,581.77,596.05,-0.012124
7803,6315.4,55607,32.658,200.25,214.17,-0.033593
7803,7177,56397,14.822,461.87,197.77,0.40037
7803,7205.2,57118,23.639,621.12,345.05,0.28573
7803,7434.2,57791,34.521,448.92,315,0.17529
7804,6691,56491,30.985,461.63,428.72,0.036962
7804,8633.4,57187,26.941,443.03,367.77,0.092827
7805,7043.8,56507,18.606,529.98,255.51,0.34942
7805,7761.3,57217,21.481,1053,725.8,0.18394
7806,7096.1,56495,17.649,749.39,524.31,0.17671
7806,7834.2,57151,23.89,462.44,412.96,0.056529
7807,7108.5,56568,15.046,438.14,274.35,0.22989
7807,7786.4,57205,27.876,468.24,450.57,0.01923
7810,7841.9,57733,37.916,588.73,334.11,0.27591
7810,8424.4,55749,36.501,591.78,444.64,0.14196
7811,5731.3,57334,29.401,365.43,204.19,0.28306
7811,7766.8,57484,11.042,1645.3,1176.1,0.16631
7811,8493.2,55783,34.491,654.12,495.21,0.13826
7812,7651.5,57455,10.112,1112.6,912.66,0.098734
7812,8416.7,55907,21.916,844.14,572.64,0.19163
7813,7649.6,57505,19.591,796.57,854.48,-0.035075
7813,8404,55767,21.552,492.4,247.43,0.33112
7814,7986.8,55915,27.082,741.71,474.9,0.21931
7815,8134.1,56073,29.8,550.62,407.78,0.14904
7816,7970.5,58016,23.317,496.96,316.65,0.22162
7816,8580.2,58005,32.975,462.96,181.84,0.43598
7817,6930.2,58305,28.268,125.35,129.86,-0.017681
7817,8387.1,56145,35.616,412.22,208.45,0.3283
7818,6143,56442,34.583,502.85,342.36,0.18989
7818,8104.6,57355,29.558,234.05,353.09,-0.20275
7818,8241.1,55879,23.077,551.92,454.2,0.097131
7820,6931.8,56399,30.552,463.79,218.15,0.36021
7821,6347.5,56579,27.789,315.59,174.55,0.28776
7821,6449.9,56971,25.381,829.89,259.02,0.52426
7821,7013.6,56302,34.795,327.51,321.98,0.0085231
7821,8615.5,57951,28.057,396.47,372.32,0.031405
7822,7061.1,56352,34.031,357.74,321.53,0.053301
7822,8283.5,56216,30.906,308.76,371.63,-0.092408
7823,6130.4,55645,24.529,465.26,437.49,0.030767
7823,8555.4,56189,32.036,198.47,235.08,-0.084449
7824,6290,56199,23.365,1285.1,524.49,0.42034
7824,8664.3,56327,29.224,700.51,516.61,0.1511
7825,6314.4,56219,29.553,728.02,430.03,0.25731
7825,7896.9,56217,33.177,388.97,177.42,0.37351
7827,5907.1,56181,32.063,1112.5,837.98,0.14075
7827,5952.6,56509,26.414,1290.2,802.2,0.23322
7827,7829.7,55770,29.592,312.62,241.35,0.12866
7827,8479.8,58183,29.025,299.29,177.9,0.25439
7828,5895.9,56238,32.533,496.96,123.18,0.60274
7828,6519.7,56493,39.434,564.85,341.3,0.2467
7828,7583.3,57457,21.356,1275.2,655.11,0.32125
7828,8276.3,58262,25.761,377.2,248.19,0.20628
7829,6905.1,56437,22.841,761.4,627.38,0.096504
7829,8219.5,58213,28.853,617.16,339.16,0.2907
7830,5729.7,56477,29.113,369.27,189.96,0.32063
7830,6491.2,55561,30.239,256.6,101.67,0.43245
7830,6554,58204,39.443,427.37,265.77,0.23314
7830,6820.3,56253,31.778,322.12,105.49,0.50661
7830,8019.8,56710,31.67,374.53,259.22,0.18195
7830,8654.1,58005,32.742,177.84,210.84,-0.084914
7831,5989,56617,28.379,496.65,383.68,0.12833
7832,5731.6,56390,25.53,714.95,477.73,0.1989
7832,6303.6,56478,34.62,338.6,316.78,0.033298
7833,5761.3,56378,14.419,1117.3,489.43,0.39077
7834,7694.5,57646,30.557,624.39,434.25,0.1796
7834,8278.9,56079,40.191,505.91,505.28,0.00062387
7834,8571,55890,24.721,553.33,413.06,0.14516
7835,7705.1,57588,38.85,334.82,325.01,0.014858
7835,8487.9,55925,17.989,1597.5,1177.2,0.15145
7836,7780.3,57621,22.204,354.26,242.13,0.18801
7837,8529.5,55393,26.222,926.37,680.27,0.15318
7838,7923.9,57145,23.268,523.27,394.78,0.13996
7839,8024,56961,30.311,566.08,690.7,-0.099163
7840,7793.7,56879,31.051,753.7,530.76,0.17357
7840,8485.1,56571,27.751,364.62,312.12,0.077584
7841,5680.5,58214,32.209,358.86,446.44,-0.10875
7842,7153,57518,30.925,457.29,319.54,0.17733
7842,8002.2,55670,23.654,564.31,249.39,0.38702
7844,7321.5,55977,34.326,274.4,308.26,-0.058113
7846,7042.1,56153,25.478,385.7,295.34,0.13269
7846,7330.4,57515,28.857,376.67,281.99,0.14374
7846,7798.2,56378,25.41,244.7,109.99,0.37978
7848,7772.7,57534,33.521,628.41,350.83,0.28347
7849,7512.8,58342,28.649,545.03,206.92,0.44965
7849,7912.3,57170,24.295,551.82,441.82,0.11071
7850,7940.3,55846,18.022,833.2,458.66,0.28992
7851,7915.9,55842,26.075,746.96,391.87,0.3118
7852,7893.6,55854,26.153,561.85,559.35,0.0022295
7853,7525.3,57852,31.906,367.03,123.13,0.4976
7855,6919.2,58309,30.536,713.27,526.29,0.15085
7859,6345.3,58112,33.811,299.53,182.02,0.24403
7859,8625.7,57159,22.432,1232.6,858.12,0.17913
7860,6527.8,57522,28.305,285.74,205.91,0.16237
7860,8327,58178,41.735,678.96,809.78,-0.087873
7861,7325.1,57771,35.829,569.9,394.02,0.18246
7861,8177.9,56678,33.85,300.02,249.87,0.091213
7863,6460.4,56048,35.656,400.15,233.43,0.26313
7863,7048.6,57798,35.095,566.51,349.34,0.23713
7864,6512.9,57924,38.106,965.03,803.57,0.091292
7864,7689,57097,36.739,616.31,319.65,0.31695
7865,7080.5,58002,24.871,242.6,200.9,0.094011
7865,7687.2,57290,20.768,585.13,228.09,0.43904
7866,8354.2,58356,24.658,744.69,641.53,0.074413
7867,7004.2,57897,24.798,638.95,753.1,-0.082006
7869,5740.5,57398,35.074,632.66,394.54,0.23181
7869,6787.8,56377,38.462,421.47,666.85,-0.22546
7869,7667.8,56633,19.742,473,243.55,0.32022
7871,7939.7,56395,33.707,287.45,103.18,0.47174
7872,7226.5,55467,19.472,342.58,164.02,0.35247
7872,7700.9,58387,21.576,752.85,689.57,0.043873
7873,7837.7,57859,34.686,975.36,746.89,0.13265
7874,8066.7,58118,14.088,522.19,351.98,0.19472
7874,8345.2,56553,35.609,507.55,507.62,-6.7578e-05
7874,8461.6,55682,33.949,461.62,455.89,0.006236
7875,5750.3,56200,43.13,756.85,424.47,0.28136
7875,6084.8,56489,34.156,646.6,383.31,0.25564
7875,8030.6,58191,15.614,838.16,731,0.068291
7876,6924.9,57624,29.711,316.37,249.62,0.11792
7876,7884.6,58156,29.061,401.59,368.77,0.042613
7876,8022.2,55684,36.363,438.16,330.64,0.13986
7876,8120.1,56478,27.565,383.98,245.92,0.21918
7877,7133.5,57548,26.396,256.05,139.06,0.29611
7877,7979.9,58308,20.122,860.1,528.11,0.23915
7877,8046.4,55939,16.709,416.26,245.68,0.2577
7877,8275.5,56554,25.291,555.14,366.04,0.20528
7878,5890.4,55688,36.027,284.56,162.42,0.27326
7878,7390.6,57480,31.758,446.81,288.78,0.21483
7878,8037.7,58304,30.647,471.09,419.73,0.057655
7879,5993.5,55532,33.86,462.33,201.21,0.39353
7881,6704.1,56420,29.34,661.86,177.02,0.57796
7882,5707.1,55772,35.225,144.18,101.1,0.17567
7882,6710.4,56462,36.311,319.96,223.8,0.17684
7883,6258.3,55665,24.991,456.29,243.05,0.30491
7883,6212.3,57169,24.507,255.81,204.57,0.11131
7883,7684.6,58308,27.156,175.46,109.29,0.23238
7885,6055.9,55924,34.301,1103.5,794.1,0.16303
7885,7023.5,56454,31.154,255.26,269.9,-0.02789
7885,7757.9,55750,30.878,539.77,388.88,0.16248
7885,7869.8,58117,29.282,271.77,127.97,0.35973
7886,7936,58181,13.447,670.86,523.76,0.12314
7887,8071.2,58204,25.207,274.28,246.74,0.052861
7888,8029.4,57896,29.839,249.47,206.58,0.094053
7889,7301.1,56389,30.37,1009.2,1180.5,-0.078207
7890,5883.9,56040,20.17,1409.4,953.66,0.19287
7890,7274.1,56683,19.179,602.07,327.76,0.29501
7890,7978.7,57332,34.557,327.04,315.76,0.017553
7891,6033.6,57999,29.567,458.4,296.26,0.21486
7891,6789.3,55818,32.472,1125.8,701.97,0.23188
7891,7380.4,56777,20.988,417.4,279.98,0.19705
7891,7783.5,57302,29.688,445.76,196.77,0.38751
7893,6228.6,56748,18.316,822.45,351.5,0.40117
7893,7395.6,56985,23.977,492.34,255.64,0.31645
7893,7986.1,57372,26.118,672.74,313.22,0.36464
7895,7596.8,56348,30.032,406.87,521.43,-0.12341
7895,7875.1,55454,35.345,267.68,276.25,-0.015756
7895,7918.5,57617,24.388,507.34,305.55,0.24824
7897,8262.5,57926,38.052,542.25,628.87,-0.073968
7898,7993.7,57763,28.503,793.1,275.17,0.48483
7898,8336.6,55815,31.459,565.33,503.42,0.057931
7899,7269.6,55699,35.136,388.23,327.24,0.08524
7899,7668.1,56411,31.383,442.21,343.43,0.12574
7900,7464.9,55590,33.466,443.06,451.42,-0.009348
7901,5865,57780,27.595,238.43,141.63,0.2547
7901,5914.4,55943,19.128,424.54,335.53,0.11711
7901,6839.2,55602,37.742,452.05,290.02,0.21835
7902,5967.4,55557,29.988,396.14,346.65,0.066629
7902,5914.2,55969,21.434,384.13,337.12,0.065188
7902,6818.4,55927,36.696,496.63,364.17,0.15388
7902,7580.1,57952,14.964,533.05,419.73,0.11894
7904,6969.6,56670,23.008,503.36,254.67,0.32807
7905,6486.6,55447,35.951,352.25,210,0.25299
7905,7301.9,55861,30.78,201.99,101.11,0.33283
7908,5707.1,56087,31.802,728.15,404.07,0.28624
7908,6075.8,56425,42.438,401.96,131.37,0.50736
7910,6067.3,56609,27.732,527.66,317.37,0.24886
7910,7318.8,56797,22.854,894.53,591.26,0.20411
7910,8606.7,58304,25.147,652.5,179.1,0.56927
7911,6055.7,56907,25.844,646.27,443.06,0.18655
7911,6683.2,56696,37.134,229.39,217.03,0.027693
7911,6806.3,57931,19.286,751.36,638.35,0.08132
7912,6160.8,56860,24.984,616.32,516.79,0.087839
7912,7054.4,57724,22.532,595.11,325.72,0.29255
7912,8090.1,57031,22.972,950.12,491.75,0.3179
7913,5755.5,56273,25.337,340.6,139.17,0.41984
7913,6295.6,56996,31.247,233.76,126.22,0.29873
7913,7183.1,57441,26.983,280.42,189.52,0.19341
7913,7977,57014,19.587,648.3,422.11,0.21131
7913,8442.8,57592,26.636,532.78,506.77,0.025025
7914,5709.1,56207,27.136,346.65,206.14,0.25419
7914,6141.2,57099,24.215,471.27,187,0.43184
7914,6786.7,56873,24.845,387.35,253.16,0.20952
7914,7747.7,56992,25.858,938.76,664.36,0.17116
7914,8378.9,57550,23.008,336.85,241.57,0.16472
7915,5710.3,56155,19.014,660.38,298.87,0.37687
7915,6153.9,56700,19.362,403.08,430.61,-0.033029
7915,7608.5,57213,15.268,652.94,364.74,0.28319
7915,8410.4,57565,31.086,355.45,362.75,-0.010164
7916,7096.9,56547,17.057,610.5,298.24,0.34362
7916,8401.5,57582,33.307,304.73,287.16,0.029679
7917,5948.4,56197,27.022,419.59,121.84,0.54993
7917,6083.7,56753,23.002,354.76,399.23,-0.058976
7917,7017.3,56450,24.642,426.65,243.73,0.27287
7917,7100.4,58140,31.404,174.03,178.93,-0.013894
7917,8560.5,56145,31.604,274.45,202.1,0.15182
7918,6074.4,56739,16.84,496.8,498.55,-0.0017505
7918,6998.9,56312,18.853,565.73,368.9,0.2106
7918,7264.4,56758,26.504,624.64,459.11,0.15273
7918,8073,57748,34.007,268.87,128.03,0.35486
7919,7432.6,56675,17.994,704.48,391.3,0.2858
7919,8087.6,57413,38.452,433.62,314.47,0.15927
7920,6104.4,56706,18.788,497.38,515.44,-0.017826
7920,6205.4,55658,26.042,481.68,287.38,0.25264
7920,6575.2,56278,38.379,260.03,162.87,0.22976
7920,7958.9,58075,18.643,636.05,507.63,0.11228
7920,8255.5,57532,21.207,835.1,476.38,0.27352
7920,8468.2,55815,16.48,409.98,342.67,0.089429
7921,8605.2,57676,38.421,531.98,373,0.17568
7922,7338.2,57362,34.181,281.19,202.73,0.16213
7922,7881.6,58285,28.175,280.96,121.64,0.39572
7923,5857.2,58182,24.645,794.59,526.87,0.20259
7923,7506.4,57163,32.136,496.22,187.04,0.45252
7923,7915.1,58194,19.106,585.49,307.94,0.31066
7924,7456.2,57027,28.605,1052.5,874.4,0.092449
7925,6403.3,56511,27.108,447.33,143.72,0.51368
7925,8446.5,55754,20.406,515.25,516.29,-0.0010118
7926,8137.6,56967,29.174,520.82,241.45,0.3665
7926,8423,55808,30.793,430.75,109.53,0.59455
7927,8079.7,56216,30.422,607.25,482.09,0.1149
7928,6614.3,56954,15.5,1083,457.28,0.40625
7928,7970.6,58068,17.306,620.98,497.99,0.10991
7928,7992,55908,20.489,718.19,541.96,0.13985
7929,6565.3,57032,16.509,809.16,588.81,0.15762
7929,7755.9,57986,37.226,272.05,273.11,-0.0019309
7929,7787.4,55991,33.145,400.4,458.37,-0.067504
7929,7991.7,56712,22.448,659.22,770.89,-0.078081
7930,6605.2,57048,28.982,555.5,509.09,0.043596
7930,7783.5,58119,30.391,224.91,316.9,-0.16978
7931,7038,55642,25.72,358.75,330.78,0.040574
7931,7802,55942,32.583,309.89,191.15,0.23698
7931,7878.3,58364,21.109,547.35,315.02,0.26942
7932,5806.5,58257,21.115,675.74,539.46,0.11215
7932,8141.8,56072,27.373,426.36,329.39,0.12831
7933,5840.1,58241,30.636,449.88,312.89,0.17959
7933,7081.4,56022,25.786,326.76,243.15,0.1467
7933,7865.4,58333,35.426,436.27,153.12,0.4804
7934,7369.4,55930,31.521,268.69,235.48,0.065867
7935,7353.8,55959,30.689,604.83,462.6,0.13325
7937,7302.2,57600,33.401,228.04,307.44,-0.14828
7937,8505.7,58015,28.285,755.71,611.38,0.10558
7938,8269.7,57887,21.448,1047,522.18,0.33445
7938,8657.2,56615,27.774,332.79,147.89,0.38465
7940,6174.7,55582,30.797,276.54,122.81,0.38496
7940,7882.1,55650,21.29,364.57,113.67,0.52465
7940,7786.6,58302,32.657,1129.2,1168.1,-0.016941
7941,7157,56372,33.632,214.27,236.99,-0.050346
7941,7256.9,57640,32.855,151.7,138.49,0.045537
7942,7087,56534,11.74,824.45,400.32,0.34629
7942,8088.2,58202,30.59,274.11,389.41,-0.17377
7943,6537.7,57054,21.281,518.36,177.26,0.49036
7943,7265.4,56715,27.1,400.14,140.71,0.47969
7943,7389.3,57444,31.435,341.13,237.55,0.17899
7943,7956.5,58190,26.208,259.38,151.4,0.26286
7944,7094.6,56446,14.92,448.82,236.63,0.30957
7944,7796,56564,26.616,297.21,212.41,0.16639
7944,7833.4,58339,22.187,361.44,472.76,-0.13345
7948,6741.5,55481,35.58,257.92,599.42,-0.39834
7949,6508,56971,23.789,275.84,132,0.35269
7949,7557.2,55946,21.693,201.11,229.79,-0.066548
7950,6839.1,56865,27.888,395.15,421.76,-0.032579
7951,7026.4,56819,30.044,621.14,429.5,0.1824
7951,7667.9,56115,37.169,298.06,314.07,-0.026154
7952,7038.7,56737,18.149,437.39,251.73,0.26941
7953,7194,56699,22.58,544.73,308.19,0.27733
7955,7796.6,56089,18.93,542.02,161.72,0.54039
7956,7903.1,56142,22.562,767.58,571.67,0.14629
7960,5902.1,58214,29.05,874.05,811.81,0.036922
7960,7531.5,58202,30.407,294.23,253.17,0.075011
7961,7436,57325,26.995,351.67,196.75,0.28248
7962,6984.6,57043,30.263,275.34,190.84,0.18125
7962,7313,58170,29.407,204.37,168.09,0.097416
7963,7700.9,56141,28.961,419.54,225.19,0.30144
7966,6500.9,58266,31.549,223.1,148.79,0.19981
7966,7803.9,58218,23.008,601.51,326.59,0.29622
7967,8063.5,58075,18.904,804.95,582.3,0.16049
7969,5836.9,58123,16.681,1183.8,846.5,0.16611
7970,5781.9,55497,27.514,842.84,483.49,0.27093
7970,8635.1,58169,34.546,235.06,148.81,0.22469
7971,6702.8,57697,34.075,441.93,426.09,0.01825
7972,7753.6,57088,35.324,410.13,201.36,0.34141
7973,7851.1,57218,23.173,541.73,400.32,0.15012
7975,6471.7,57280,30.49,226.74,149.61,0.20493
7975,7408.2,57035,29.015,362.31,265.29,0.1546
7976,8405.8,55876,25.379,260.93,151.42,0.26558
7978,8116.2,57974,40.036,332.81,367.81,-0.049956
7979,5853.6,56187,33.918,594.87,353.19,0.25492
7979,5849.8,56909,24.729,911.95,700.74,0.13096
7980,6760.6,56103,41.147,341.71,254.95,0.14541
7981,6647.5,55740,29.357,487.49,504.1,-0.016747
7982,5767.8,56506,23.023,1037.9,1033.1,0.0023
7983,5902.3,56425,32.119,495.14,424.85,0.076408
7983,6711,57627,29.47,402.2,126.67,0.52099
7984,6521.6,56353,30.777,391.67,169.51,0.39587
7985,7175.7,56206,34.967,442.22,306.78,0.18084
7985,7884.8,55914,33.334,411.42,254.12,0.23635
7986,6388.1,58047,33.962,518.34,437.24,0.084868
7986,7723.7,55986,25.551,592.85,368.94,0.23281
7986,8590.4,56083,24.139,721.94,502.7,0.17902
7987,6572.2,57242,28.563,650.1,512.32,0.11853
7987,7702.4,56011,26.997,744.04,456.55,0.23945
7987,8338.9,58254,32.873,378.14,190.12,0.33088
7988,7741.9,55924,42.29,793.94,638.66,0.10839
7988,7845.4,56859,36.205,226.51,196.86,0.070038
7989,6444.5,56875,28.601,774.79,574.62,0.14834
7989,6581.2,56883,31.46,818.05,628.07,0.13137
7989,7535.1,55558,35.514,470.14,470.46,-0.00034778
7990,6309.4,56046,29.835,409.14,204.39,0.33374
7990,6820.7,56703,28.404,747.96,473.66,0.22454
7990,7549.3,55649,23.702,466.03,201.26,0.39678
7990,8565.3,56203,37.139,330.86,229.18,0.18157
7991,6299.2,57437,37.063,863.02,779.43,0.050893
7991,6864.1,56723,33.786,977.73,621.76,0.22255
7991,7703.1,57198,23.172,507.17,208,0.41833
7992,6341.8,57474,35.601,485.5,509.82,-0.024432
7993,5876.8,56872,29.232,580.99,369.9,0.222
7994,6413.4,57079,18.027,981.76,436.92,0.38405
7995,5896.8,57913,41.56,649.03,422.06,0.21191
7995,6296.9,57233,27.294,760.09,420.88,0.28723
7995,7872,56006,36.394,468.57,207.01,0.38717
7996,5775.7,57862,26.327,897.92,668.11,0.14675
7996,6232.7,56290,19.99,943.4,518.27,0.29085
7996,8429.8,56126,26.669,478.15,359.22,0.14203
7997,6402.1,56295,25.966,312.93,187.55,0.25052
7997,6442.4,57381,34.036,351.1,222.17,0.22489
7997,7169.1,56380,34.024,299.58,201.22,0.19641
7997,8440.9,56078,33.944,365.74,503.04,-0.15803
7998,6117.1,57990,28.877,223.27,156.07,0.17717
7998,6692.4,55742,20.53,758.56,655.33,0.073008
7998,6631.5,57474,27.055,360.65,191.1,0.30729
7999,6268.5,56292,32.792,445,315.65,0.17005
7999,6679.5,55762,15.795,391.12,272.33,0.17905
7999,7142.2,55769,18.331,407.87,209.75,0.32078
8000,6133.2,56302,23.147,429.74,173.74,0.42421
8000,6821.1,55895,30.236,460.95,242,0.31147
8000,7469.2,56172,39.365,436.59,435.14,0.0016548
8001,6213.1,56409,28.927,400.59,338.72,0.083679
8002,6075.4,58071,30.766,303.12,120.3,0.43176
8002,6180.8,56072,37.304,221.94,112.3,0.32802
8002,7377.9,57082,29.768,300.94,222.37,0.15014
8002,8504.9,56462,32.837,624.23,539.5,0.072807
8003,7367.4,55744,37.336,273.2,224.8,0.097202
8003,7906.9,58128,13.608,428.5,262.04,0.24107
8003,8529.4,56647,28.819,387.99,309.92,0.11186
8004,6124.5,57073,22.799,317.76,173.14,0.29459
8004,7963.9,58365,37.151,613.84,458.97,0.14435
8004,8462.5,56415,31.658,387.13,290.19,0.14312
8005,6143.5,57148,31.113,400.65,115.6,0.55215
8005,7673.7,55874,22.1,645.42,398.2,0.23689
8005,7918,58180,31.222,445.27,390.55,0.065464
8005,8337.7,56899,27.684,382.74,220.89,0.26812
8006,6090.2,57266,41.268,486.84,188.81,0.44111
8007,6158.5,57135,32.994,422.59,283.68,0.19668
8007,8160.5,56538,24.181,905.85,666.81,0.152
8008,6036.9,57110,33.879,265.92,354.22,-0.14238
8008,7079.7,56760,25.497,692.16,827.48,-0.089053
8008,7912.1,56457,29.502,204.18,145.69,0.16718
8009,5993.9,56990,27.423,626.27,394.01,0.22764
8010,6061.1,57033,35.167,228.17,182.42,0.11142
8010,7433.5,55744,30.923,462.56,528.31,-0.066363
8011,7955.8,55518,23.258,695.83,475.69,0.18791
8012,7869.1,58367,29.542,156.77,114.98,0.15378
8013,7494.8,56964,25.871,274.49,137.74,0.33172
8016,5992,56994,35.945,280.49,160.14,0.27312
8016,8399.8,57526,32.932,607.71,522.47,0.075415
8017,6864.4,57555,31.506,335.26,217.5,0.21306
8018,6209.2,57207,32.909,606.61,563.33,0.036997
8018,7195.6,58257,36.365,413.47,290.34,0.17494
8018,8229.6,58227,27.138,598.28,416.11,0.17959
8019,7187.6,57522,30.422,917.55,823.04,0.0543
8019,8248.3,57967,26.415,687.73,418.29,0.24361
8020,6534.2,56588,28.496,289.54,238.54,0.096567
8020,8557.5,56468,28.486,242.98,373.78,-0.21207
8021,6574,57166,21.879,1125.9,820.63,0.15684
8021,7866.4,57418,30.445,458.16,264.33,0.26829
8022,6949.5,56593,19.635,770.42,514.79,0.1989
8022,7639.3,57503,12.136,933.11,534.31,0.27177
8023,7169.5,56550,17.311,762.84,469.74,0.2378
8023,7689.6,57569,13.973,947.68,526.39,0.2858
8024,7142.3,56763,22.871,631.16,661.05,-0.023134
8024,7622.1,57880,23.134,670.98,477.77,0.16819
8025,7122.5,57608,25.406,619.8,643.67,-0.018891
8025,7258.1,56624,21.819,1227.5,830.03,0.1932
8026,7110.2,56686,24.605,695.65,771.32,-0.05158
8027,6207.2,56267,30.159,692.97,270.56,0.4384
8027,7235.4,56577,23.366,726.7,328.48,0.3774
8027,8367.3,55790,23.781,211.01,146.48,0.18053
8028,6495.1,56417,28.961,237.34,277.67,-0.078318
8028,7001.2,55678,26.153,526.79,505.79,0.020329
8028,6979.9,57454,33.459,222.38,307.4,-0.16048
8028,8471.2,55766,18.612,406.58,199.12,0.34252
8029,7059.8,55740,11.664,728.54,904.38,-0.10768
8029,8477.6,55819,23.476,426.31,351.6,0.096044
8030,7202.5,55844,31.575,318.38,992.56,-0.51427
8030,8410.1,55827,21.505,267.21,333.43,-0.11025
8031,6608.8,57382,23.89,349.31,328.01,0.031449
8031,8482.3,55783,25.786,620.2,502.86,0.10448
8032,8540.8,55406,28.855,591.6,298.75,0.32891
8034,6929,55491,26.9,540.42,298.65,0.28813
8034,8035.6,56870,29.065,435.45,336.86,0.12765
8035,7170.9,55677,37.596,364.26,299.69,0.097254
8036,6263.2,56823,28.292,573.83,281.39,0.34195
8038,7056.1,55509,26.867,673.33,359.39,0.30399
8040,6171.9,57018,24.533,521.45,320.9,0.23808
8040,8658.5,57253,35.778,474.28,355.75,0.14279
8041,6181.7,57049,21.329,603.58,424.78,0.17387
8042,7484.7,56098,15.759,811.38,589.95,0.15802
8043,5669.1,57861,33.432,240.06,156.22,0.21156
8043,6669.8,56726,26.706,190.02,207.32,-0.043531
8043,7546.8,56132,18.524,960,657.88,0.18674
8043,7787.5,58364,17.025,440,180.73,0.41767
8044,6869.1,56001,32.329,363.32,189.22,0.31511
8044,7958.8,56516,28.207,950.61,919.33,0.016728
8044,8451.8,58211,29.247,358.57,210.3,0.26065
8047,8464,58368,33.981,232.67,174.82,0.14196
8048,6519.3,56126,17.726,329.79,163.22,0.33787
8049,8023.6,58138,26.177,347.94,122.32,0.47977
8050,7836.4,57144,28.71,387.52,377.58,0.012986
8051,6843.9,56574,28.101,430.75,417.1,0.016109
8051,7850.5,57172,16.607,1115.5,529.56,0.35617
8052,7065.1,56614,31.705,463.55,418.45,0.051133
8052,7426.1,56479,33.535,393.03,223.57,0.27484
8053,7857,57237,22.057,874.3,527.82,0.24711
8054,7667.6,57433,24.586,389.04,195.87,0.33026
8055,6172.6,56994,26.585,297.7,242.23,0.10273
8055,8156.5,56486,34.375,292.45,301.42,-0.015104
8056,6447.9,57059,25.189,777.85,583.48,0.14278
8056,7748.1,58138,25.69,321.27,256.15,0.11278
8056,7815,56664,26.455,354.2,196.43,0.28652
8057,6152.1,55867,31.181,263.67,194.67,0.15056
8057,7767.4,56926,36.707,546.24,261.57,0.35239
8057,7938.3,58176,19.329,626.56,466.25,0.1467
8058,7736.4,56792,30.448,546.28,509.79,0.034554
8058,7998.6,58206,23.402,293.93,226.45,0.12969
8059,6185.5,56329,34.325,359.43,358.6,0.0011637
8059,8051.2,57658,27.731,409.53,463.99,-0.062348
8060,5977.6,56426,29.294,262.02,209.8,0.11068
8061,5977.1,56417,34.872,436.75,413.77,0.027015
8062,5905.5,56231,22.024,492.51,805.26,-0.24098
8062,7735.3,58368,24.675,323.5,341.31,-0.02679
8063,5721.1,56479,26.099,366.64,493.41,-0.1474
8063,7703.2,58366,36.074,368.55,450.45,-0.1
8063,8414.2,57292,23.274,303.7,138.42,0.37384
8064,5759.5,56096,32.961,328.49,339.84,-0.016986
8065,8607.1,56294,24.797,467.4,245.85,0.31062
8066,7201.6,56393,13.814,1243.9,666.71,0.3021
8067,7231.1,56429,24.101,463.06,285.31,0.23751
8067,7880.3,56034,30.094,284.94,138.4,0.34616
8067,8580.4,55474,36.169,472.17,533.44,-0.060926
8068,7302.5,56364,23.738,763.64,457.03,0.25118
8069,5792,55438,21.62,672.53,283.03,0.40762
8069,7187.2,56388,10.219,1053,870.54,0.094873
8069,8368.1,55831,32.763,381.99,459.79,-0.092424
8070,5903.8,55454,30.883,539.35,247.86,0.37029
8070,7047,56323,15.562,546.85,425.49,0.12481
8070,8402.7,55905,30.357,242.69,237.83,0.0101
8071,5762.6,56113,34.475,1093,516.02,0.35858
8071,6392.9,58158,32.182,423.17,431.36,-0.0095816
8071,7094.4,56348,18.476,427.14,380.97,0.057135
8071,7956.9,55838,21.085,448.2,221.75,0.33802
8072,6266.3,55918,31.374,705.8,512.73,0.15844
8072,8134.3,55854,25.467,475.95,475.48,0.00049563
8072,8384.9,55849,35.703,682.27,893.6,-0.13411
8073,8498.5,55806,13.659,592.06,348.08,0.25951
8074,8455.1,55855,16.766,723.24,479.12,0.20304
8075,8433.2,57036,30.898,453.65,321.04,0.17118
8076,5682,55907,23.306,442.34,211.22,0.35363
8076,8084.4,56838,35.388,308.15,173.21,0.28034
8077,8293,56876,34.262,305.21,131.62,0.39739
8079,6912,56889,33.03,475.23,421,0.0605
8080,5731.5,55474,24.171,388.81,146.19,0.45349
8080,8326.4,57009,27.33,529.32,358.44,0.19248
8081,7116.2,56762,29.635,344.83,328.66,0.024004
8081,7520.2,56330,29.943,555.69,420.22,0.13882
8081,8308.5,56883,22.503,681.58,518.66,0.13574
8082,7052,56636,34.776,320.57,356.88,-0.053594
8082,7495.7,56431,30.446,338.05,362.88,-0.035421
8082,8214,56776,28.738,685.97,410.83,0.25086
8083,7421.5,56554,22.079,1175.9,562.39,0.35295
8083,8341.5,57957,36.225,351.97,265.52,0.14
8084,7206.9,55642,30.512,622.61,615.46,0.0057733
8084,7478.4,56467,15.112,693.77,412.21,0.25457
8084,8460.8,57561,18.242,562.2,324.34,0.2683
8084,8528.9,58192,36.869,486.04,412.53,0.081802
8085,5950.4,57958,37.03,417.82,227.63,0.29466
8085,7528.1,56471,15.371,558.98,308.32,0.28902
8085,8239.4,57754,27.249,479.68,284.49,0.25542
8086,7354.4,56749,20.865,793.06,472.82,0.25298
8088,7465,56377,23.125,364.36,288.96,0.11542
8089,5743.6,56653,28.129,291.46,166.5,0.27286
8089,6402.7,57672,37.388,338.29,370.59,-0.045564
8090,5873.9,56684,31.431,502.26,385.17,0.13194
8090,8277.7,57761,27.862,561.17,608.82,-0.040732
8091,5969.6,57164,28.698,600.81,268.14,0.38283
8091,8469.1,57723,20.985,566.21,342.59,0.24606
8092,6194.9,57315,24.047,419.39,211.62,0.32926
8092,7874.4,56416,34.217,215.13,150.62,0.17638
8092,8373.9,57595,19.968,571.06,376.9,0.20481
8093,6346.9,57756,43.729,1147.5,1257.1,-0.045593
8093,6402.9,57744,28.212,847.77,1002.9,-0.083799
8093,8345.6,57615,25.165,427.19,404.09,0.027779
8094,6524.3,57751,17.688,774.39,815.52,-0.025872
8094,8580.2,57718,32.991,380.5,233.72,0.23898
8095,5744.9,55554,28.159,910.75,447.13,0.34143
8095,6428.2,57742,19.539,1099.4,866.38,0.11852
8095,6978,58389,31.205,1109.8,838.52,0.13925
8095,8650.1,57689,34.658,375.68,288.55,0.13117
8096,5895.4,55397,37.85,370.75,243.14,0.20787
8096,6720.6,56890,20.922,340.88,271.07,0.11407
8096,8523.4,57740,25.643,247.95,131.13,0.30817
8097,6370.3,57622,31.082,394.41,462.22,-0.07916
8097,8363.2,56392,20.353,388.21,387.9,0.00039703
8098,7125.3,58347,34.406,210.67,163.15,0.12713
8098,8357,56332,25.387,464.04,217.98,0.36079
8099,7503.1,58102,28.381,574.47,421.97,0.15304
8099,8253.1,56307,26.16,549.4,456.76,0.092073
8100,6600.6,57636,27.387,633.96,470.26,0.14824
8100,7168.7,56384,12.401,711.97,528.55,0.14786
8100,7196.4,58154,32.161,178.21,175.15,0.0086471
8100,7421.6,58063,34.222,365.32,354.75,0.014676
8101,7080.8,56447,23.567,461.16,415.22,0.052421
8101,7565.7,58001,23.357,322.22,186.81,0.26601
8102,7099.1,56504,16.471,415.74,304.64,0.15422
8102,7081.9,57849,24.672,933.41,222.65,0.61482
8102,7163.8,58229,29.46,616.88,456.53,0.14938
8103,6556.7,57559,28.687,278.87,126.59,0.37559
8103,7021.3,55676,29.849,244.48,156.03,0.22084
8103,7132.3,56378,14.046,384.12,159.74,0.41256
8104,7041.2,56412,26.475,400.08,346.46,0.071829
8105,6426.2,56900,30.419,762.76,412.95,0.29753
8105,7161.4,56430,37.054,191.61,309.78,-0.23569
8105,7191.1,55752,36.354,406.55,337.97,0.092107
8106,7147,56370,15.13,1022.2,860.5,0.085873
8106,8450.6,56374,18.664,881.37,473.19,0.30134
8107,8328.6,55709,27.03,688.85,274.72,0.42978
8107,8556.3,56436,32.893,323.87,260.79,0.10789
8108,7356.4,55937,31.356,428.21,206.97,0.34831
8108,8577.8,56400,29.359,485.29,345.27,0.16858
8109,8063.8,55680,37.488,208.62,248.74,-0.087704
8110,7575.2,55862,37.817,429.69,202.38,0.35964
8112,7804.5,55532,33.706,560.25,286.16,0.32383
8112,7697.7,56685,35.226,394.16,461.2,-0.078378
8112,8568.1,56771,25.046,600.59,344.38,0.27114
8113,6758.9,58016,31.697,422.34,156.96,0.45809
8113,7518.2,56740,28.527,435.67,378.46,0.07028
8113,7886.2,55683,24.277,358.86,156.86,0.39169
8114,7626,56499,24.145,356.9,157.79,0.38687
8114,7768.4,58292,31.174,376.23,335.73,0.05688
8115,7918.3,58178,24.254,383.88,320.06,0.090672
8116,8102.4,58224,33.525,443.57,266.97,0.24853
8117,6809.8,57969,30.85,316.08,236.65,0.14369
8117,7939.4,58298,31.342,380.53,335.48,0.062926
8118,5684.8,56494,29.705,438.39,300.26,0.187
8118,6504.6,57750,31.097,322.57,113.13,0.48068
8118,8140.4,58159,24.481,242.78,164.25,0.19293
8119,6302.4,57786,32.248,278.32,254.19,0.045307
8120,5703.3,56555,24.74,251.78,112.31,0.38305
8121,7838.8,58284,23.556,237.14,264.93,-0.055349
8121,7988,57416,36.751,442.36,276.25,0.23115
8122,7996.2,58111,21.452,252.31,164.68,0.21015
8123,7844.1,58092,29.285,510.31,144.33,0.55906
8124,6900.7,55586,37.91,374.19,324.59,0.070991
8124,7887.9,58176,26.742,487.74,363.08,0.14652
8124,8645.8,57196,39.742,660.81,437.92,0.20286
8125,6114.6,56695,30.294,526.36,246.49,0.36214
8125,7848.7,58173,16.407,561.21,359.16,0.21953
8125,8627.6,57024,32.896,464.52,156.29,0.49649
8126,6703.8,56039,21.16,557.74,233.91,0.40906
8126,6996.3,57323,33.02,314.64,248.06,0.11831
8126,7791.2,58340,33.659,160.53,216.26,-0.14791
8129,5998.1,56867,23.332,627.83,453.26,0.16147
8130,7367.6,57462,20.974,781.49,412.2,0.30937
8131,6111.2,56873,22.76,697.62,639.05,0.043812
8131,7264.2,57586,20.792,646.7,351.77,0.29538
8132,6008.9,57061,30.66,568.51,381.5,0.19685
8132,7491.9,57648,33.763,427.7,470.91,-0.048091
8133,6179.4,56963,23.955,559.53,459.18,0.098502
8133,7308.4,57634,33.314,283.14,106.67,0.45269
8135,7404.5,57540,30.407,336.39,187.24,0.28485
8136,7942.1,57308,38.89,237.28,150.73,0.22307
8137,5834,56393,32.03,160.7,145.35,0.050168
8138,8029.3,57973,32.853,259.14,197.6,0.13475
8140,7793.4,57513,26.145,698.57,212.06,0.53427
8141,5733,58083,26.954,221.62,144.58,0.21038
8141,7955.2,57430,27.366,456.52,300.25,0.2065
8142,6330.8,56794,25.194,429.01,209.99,0.34274
8144,7670.1,56834,33.504,513.93,448.29,0.068224
8145,5756.9,57494,24.775,436.29,265.01,0.24424
8145,7816.7,58231,22.732,274.95,245.98,0.055605
8146,6730.1,57019,29.882,352.26,195.01,0.28733
8147,6265.7,57049,20.106,1273.2,780.79,0.23975
8148,5821.1,57981,39.486,258.91,296.98,-0.068486
8148,6051.6,56898,25.186,703.23,464.71,0.20422
8148,6935.8,56028,30.722,477.79,245,0.32207
8149,6005.5,56840,30.934,666.71,522.4,0.12136
8150,6828.7,57524,27.492,328.2,309.11,0.029962
8150,7009,55580,28.317,1154.9,1076.5,0.035147
8150,8241,57200,31.405,502.14,288.69,0.26991
8152,5817.4,56357,27.576,295.58,203.07,0.18552
8152,6643.3,55948,37.4,467.07,280.76,0.24914
8152,7816.5,58267,33.113,697.16,578.41,0.093095
8153,5825.5,56786,32.877,918.6,800.41,0.068754
8153,7895.7,58142,15.786,510.1,350.07,0.18604
8155,5734.5,57357,24.782,252.13,104.24,0.41498
8155,5869.6,56469,32.296,461.06,330.88,0.16438
8155,6397.4,56222,37.466,1144.5,623.5,0.29467
8155,7861.9,55466,35.494,195.87,213.26,-0.042514
8156,6096.6,56124,29.477,538.13,319.3,0.25522
8156,7281.4,55492,34.483,485.88,344.56,0.17018
8157,7031.5,56249,20.292,872.22,343.27,0.43517
8157,7922.2,56959,33.198,228.98,205.13,0.054948
8159,7151.5,55974,23.302,562.11,423.24,0.14094
8160,6200.3,58384,33.048,255.33,284.23,-0.05356
8160,7274.8,56060,31.432,627.97,318.42,0.32709
8160,7566.6,58038,27.025,330.84,133.87,0.42385
8161,7137.8,56668,23.138,599.93,444.2,0.14915
8161,7338.9,58108,34.514,528.19,289.12,0.29251
8161,7439.4,56104,30.576,425.81,322.89,0.13747
8161,8097,57883,24.021,238.26,218.43,0.043429
8162,7244.4,56630,21.167,672.19,485.24,0.16152
8162,7619.2,57514,24.665,685.77,376.27,0.29143
8162,7938.6,57728,29.823,1034.1,512.63,0.33712
8163,7800,57444,26.675,246.39,278.54,-0.061251
8163,8319.4,57851,28.343,488.1,287.92,0.25796
8164,5885.9,55495,29.571,1060.2,620.34,0.26173
8164,6502.2,57085,21.304,553.75,247.06,0.38297
8164,8301.5,57974,26.461,735.51,380.74,0.31782
8168,6398.8,58024,30.081,537.17,553.82,-0.015261
8168,8558.1,57338,30.645,570.73,108.56,0.68036
8168,8612.1,58277,36.332,270.57,245.11,0.049374
8169,7349.1,57674,32.297,177.86,120.88,0.19075
8170,7420.6,57745,22.545,583.91,600.81,-0.014267
8172,8025.1,56643,27.862,717.75,562.94,0.12088
8173,6615.3,57383,30.553,405.26,271.64,0.1974
8176,6050.1,55565,31.709,426.89,197.17,0.3681
8176,8627.7,56658,31.105,574.45,590.17,-0.013499
8178,7722.3,55742,31.809,330.39,181.29,0.2914
8180,6254.6,58234,32.003,488.41,391.91,0.10962
8180,7534.4,55939,30.014,289.89,182.9,0.2263
8181,7482.3,55833,25.982,883.6,793.61,0.053655
8182,7251.9,57946,18.428,1015.3,576.34,0.27577
8183,6371.8,56111,30.411,470.89,373.04,0.11595
8183,7531.6,55812,36.127,486.55,1007.2,-0.34855
8184,6684.2,56398,26.217,459.57,192.01,0.41062
8184,7646.2,55738,29.884,753.61,1046.2,-0.16258
8185,7030.5,56659,20.502,555.3,382.7,0.184
8186,6421.1,56929,24.366,848.18,207.98,0.60616
8187,7943.5,58181,32.512,392.25,191.57,0.34373
8188,6161.1,57734,32.512,499.95,398.73,0.11264
8188,6360,56759,18.985,457.08,226.63,0.33705
8188,8656.6,58143,32.883,264.75,151.17,0.27308
8189,6221,58010,32.329,936.64,478.7,0.32355
8189,7148.4,56384,17.11,811.15,500.33,0.237
8189,7799.4,58212,20.326,383.67,277.2,0.16111
8190,7178.7,56426,34.752,490.4,355.11,0.16001
8191,6719,56151,28.594,425.19,238.92,0.28049
8191,7168.8,56368,25.223,543.03,379.01,0.17788
8192,7079,56372,11.481,730.58,493.22,0.19395
8192,7736,55705,30.193,1042.8,1485.1,-0.17499
8193,7046,56325,13.229,1035.1,647.09,0.23068
8193,7787.1,55647,24.094,733.8,914.65,-0.10971
8193,8209.8,56428,34.401,388.7,373.29,0.02023
8193,8493.7,57581,30.897,359.83,374.43,-0.019887
8195,6674.6,57207,33.38,175.43,115.42,0.20633
8195,7178.3,56427,28.283,472.8,328.05,0.18075
8195,8199.3,56343,29.699,573.75,474.61,0.094563
8196,7174,56391,10.465,805.34,361.37,0.38053
8197,7160.2,56272,13.063,532.93,398.67,0.14411
8197,8553.1,56145,23.769,425.75,199.67,0.36148
8198,7113.3,56306,8.8639,761.79,378.33,0.33633
8199,6421.4,55621,40.237,774.45,549.28,0.1701
8199,7115.1,56310,15.835,427.25,233.46,0.2933
8199,8606.6,57956,19.138,741.82,326.47,0.3888
8201,6846,57129,21.92,564.63,372.52,0.20499
8202,6672.6,57089,20.871,518.73,335.6,0.21435
8202,7143,56251,18.364,370.9,212.79,0.27089
8203,6127,56901,38.31,607.01,478.21,0.11868
8203,6670.3,57097,27.513,557.6,530.58,0.02483
8203,7107.5,56300,16.562,409.29,302.54,0.14997
8205,8635.6,57901,25.713,948.1,368.97,0.43971
8206,7373.1,56287,30.628,416.69,192.44,0.36816
8206,8491,56232,34.7,284.14,252.72,0.058534
8207,7191.7,56373,18.385,361.44,232.31,0.21748
8207,8638.1,56034,29.49,377.12,247.24,0.20802
8208,8567.3,56119,33.77,473.32,462.94,0.011096
8210,6129.1,57086,28.296,423.65,305.04,0.16278
8210,6863,57687,27.448,449.19,413.34,0.041564
8211,6942.8,57616,23.142,277.52,168.81,0.24356
8211,7807.3,55724,34.393,268.32,158.13,0.25839
8214,7261.4,56962,33.174,211.96,166.29,0.12073
8214,7838.4,55501,38.615,402.95,281.73,0.17704
8215,6782.5,56932,34.779,308.31,212.34,0.18432
8215,7134.2,57784,21.012,549.78,598.01,-0.042019
8218,7353.6,57320,29.234,302.51,185.06,0.24088
8219,8440.5,57333,25.309,801.29,507.69,0.22429
8220,7283.9,55910,27.959,345.21,252.89,0.15435
8220,8584.4,57011,32.105,465.91,118.7,0.59393
8221,5866.5,55566,31.374,268.45,277.68,-0.01691
8221,7163.6,56591,28.852,649.08,492.8,0.13686
8221,7493,55962,27.804,684.38,320.22,0.3625
8222,5726.5,55467,20.503,817.94,311.84,0.44797
8223,6795.2,56411,27.821,587.07,399.62,0.18999
8223,7655.2,57134,27.909,512.64,367.25,0.16524
8223,7653.4,57960,31.762,206.13,167.7,0.10279
8223,8506.1,55905,26.929,525.38,231.03,0.38915
8224,6580,55794,29.819,760.16,566.28,0.14617
8224,7766.5,57475,34.006,674.45,522.22,0.12721
8224,8424.7,55813,16.858,385.86,259.3,0.19617
8225,7541.1,58219,29.642,1103.9,800.53,0.15929
8225,7990,57559,33.633,594.7,525.96,0.061335
8226,6416.8,55760,31.124,1082.5,795.55,0.15278
8226,6937,57755,26.306,377,300.46,0.11298
8226,7143.7,55724,28.061,496.63,458.13,0.040322
8226,7666.9,58121,35.551,329.25,188.3,0.27234
8227,6338.3,55810,33.244,471.11,342.83,0.15761
8227,7873.2,58225,25.95,421.59,371.37,0.06334
8228,7778.8,58360,25.679,321.24,276.79,0.074335
8228,8164,57172,33.173,330.07,223.39,0.19275
8229,7199.5,56969,25.965,473.86,194.03,0.41897
8229,7887.6,57094,26.309,473.17,329.28,0.17931
8230,5957.9,56256,18.792,1231.5,707.07,0.27052
8230,7982.1,58189,13.381,477.02,197.46,0.41447
8231,7828.1,57036,23.134,499.02,307.91,0.23683
8233,7403.8,56849,15.717,1701.8,1166.7,0.18655
8234,7298.1,56758,16.588,972.03,610.04,0.2288
8236,7051.7,56679,28.501,399.34,411.35,-0.014818
8236,7358.5,56033,28.686,404.27,154.92,0.44591
8236,7934.9,57485,27.855,519.85,338.27,0.2116
8237,7125.4,56846,26.753,522.19,438.95,0.086609
8237,7372.2,56066,30.027,383.42,172.38,0.37971
8238,7423.7,56054,25.789,372.85,304.45,0.10099
8239,8614.3,58153,39.335,200.03,123.2,0.23767
8240,6560.3,57920,30.835,333.43,154.56,0.36653
8240,7824.3,58358,24.984,220.91,160.8,0.15748
8240,8271.2,55868,37.485,311,684.36,-0.37511
8241,6614.7,57718,32.882,282.79,160.74,0.2752
8241,7750.8,58309,40.497,604.09,381.07,0.22639
8241,8488.2,55797,26.59,419.99,426.25,-0.007393
8243,7361,57557,24.243,294.77,213.7,0.15944
8243,8010.9,58064,36.027,278.4,295.39,-0.029622
8244,7413,56931,21.726,548.17,310.8,0.27634
8245,7468.1,57004,26.414,1192.2,739.11,0.23462
8245,8649.6,56668,27.786,941.06,572.9,0.24317
8246,6401.1,57446,21.444,698.47,571.41,0.10006
8246,7373.1,58114,31.835,302.3,106.87,0.47763
8247,6454.9,57336,21.797,687.55,558.44,0.10362
8247,7677.8,56823,23.607,474,461.07,0.013828
8248,6562.4,57407,18.668,636.83,423.52,0.20117
8249,7933.8,56926,31.77,721.44,539.27,0.1445
8250,6410.1,58266,35.047,563.94,434.1,0.13009
8250,7447.2,55805,20.361,647.12,584.93,0.050476
8250,7839.4,56393,24.515,824.2,487,0.25717
8251,6199.4,58337,32.096,653.11,389.39,0.25297
8251,7339.6,55880,23.528,548.63,346.15,0.22629
8251,8609.1,57082,27.564,882.43,410.77,0.36473
8252,7458.1,55870,13.449,518.42,516.17,0.0021705
8252,8639.4,57090,21.794,639.1,194.23,0.53385
8253,7056.7,57482,30.323,988.81,546.12,0.28841
8253,8562,57001,19.825,810.36,428.68,0.30805
8254,5884.3,57120,22.125,356.82,150.24,0.4074
8254,6965.9,57349,31.153,704.4,633.95,0.052641
8254,7922,58308,35.673,304.74,261.22,0.076897
8254,8504.7,57002,21.516,671,309.09,0.36926
8255,5752.6,57201,29.319,285.5,814.05,-0.4807
8255,6809.3,57359,33.024,259.63,161.75,0.23229
8255,7882.5,56816,39.988,772.99,537.4,0.17979
8255,8417.1,56991,24.805,619.85,641.1,-0.016854
8256,5942.3,58218,18.93,1172.2,755.92,0.21591
8256,8255.8,56786,25.529,865.35,576.55,0.20029
8257,6035.6,56860,28.285,719.75,705.6,0.0099327
8257,6359.3,55644,29.563,737.99,551.68,0.14446
8257,8428,55824,16.452,429.08,276.63,0.21603
8257,8480.6,56615,30.07,1039.9,827.54,0.11372
8258,6324.2,57791,27.928,439.08,389.74,0.059522
8258,8301.1,56551,31.302,211.22,174.4,0.095477
8261,8048.9,55573,26.756,636.47,580.88,0.045664
8262,6730.7,56067,22.743,568,353.24,0.23313
8262,6752.4,57135,39.001,249.75,193.81,0.12613
8262,8334.6,58229,33.862,514.75,406.87,0.11706
8263,5672.2,56478,41.457,371.02,338.02,0.046547
8263,6933,56853,31.171,334.05,239.03,0.1658
8264,5729.1,56619,30.074,357.3,190.61,0.30422
8264,6416.1,55799,34.902,377.05,190.55,0.32859
8264,6956.2,56858,34.385,255.08,487.55,-0.31304
8264,8558.9,58070,24.764,616.53,243.09,0.43442
8265,8281,55577,37.006,373.83,345.03,0.040058
8265,8337.5,58172,20.068,735.69,483.27,0.20708
8266,8205.8,55538,28.851,244.22,141.47,0.26641
8271,5772.8,55399,26.925,345.72,181.29,0.31201
8271,6968.2,57792,32.171,357.5,452.16,-0.11691
8272,6635.3,57509,32.701,408.06,384.77,0.029374
8272,7810.3,55433,34.858,383.53,481.89,-0.11366
8273,6693.7,56624,27.011,661.89,735.35,-0.052569
8274,6594.9,56760,22.864,419.82,556.27,-0.13979
8277,7481.3,57183,24.553,490.79,206.56,0.40759
8278,7584,56703,27.707,263.39,196.4,0.1457
8279,8038.7,57830,29.498,310.53,168.6,0.29622
8279,8442.3,56222,30.551,119.34,118.01,0.0056073
8280,8662.2,56491,21.055,719.45,327.32,0.37461
8281,8295.8,58213,32.477,388.75,378.23,0.013717
8282,7836.7,56286,31.014,680.63,745.06,-0.045193
8283,7692.7,57533,11.254,1057.9,617.89,0.26255
8284,7364.9,56657,19.687,673.21,452.92,0.19562
8284,7772.1,57491,23.13,933.25,544.83,0.26279
8285,6339.5,58270,31.315,267.98,161.18,0.24885
8285,7374.1,56604,17.064,477.54,390.93,0.099732
8285,7825.8,58368,27.596,331.05,275.28,0.09198
8285,8047.3,57144,28.357,588.37,476.46,0.10509
8285,8562.4,57624,30.901,220.74,198.06,0.05416
8286,7965.7,58264,25.146,384,312.41,0.1028
8287,6335.2,58343,28.583,409.94,324.58,0.11621
8288,5885.2,56397,35.866,568.4,271.36,0.35372
8290,7351.4,55842,37.072,264.85,264.7,0.00028066
8291,8338.9,58390,16.481,2504.9,1628.8,0.21193
8294,5761.5,55899,39.135,311.27,221.78,0.16788
8294,7044.7,56699,18.675,440.05,272.75,0.23471
8294,8567.2,57273,31.862,439.84,238.98,0.29589
8296,5972.7,55428,36.101,393.34,411.82,-0.022956
8296,8447.3,55771,10.581,784.61,564.99,0.16273
8297,6730.1,57582,28.176,581.14,364.94,0.22853
8297,7961.9,57202,25.797,819.33,266.56,0.50905
8297,8457.9,55871,16.514,491.44,345.59,0.17425
8298,8533,55862,35.817,345.51,324.71,0.031043
8299,8484.3,55802,23.806,548.35,304.02,0.28666
8300,7034.6,56139,39.171,275.02,282.96,-0.014231
8301,7877.9,58239,35.16,241.27,163.99,0.19069
8301,8458.7,55844,29.682,321.5,194.9,0.24517
8303,7745.6,58172,30.878,171.65,228.26,-0.14157
8304,8194,57662,38.441,318.21,256.15,0.10806
8305,5840.4,56149,22.451,634.52,356.87,0.28006
8305,8036.7,57735,39.617,521.43,477.59,0.043877
8306,5821.4,55978,28.86,278.61,129.99,0.36372
8306,7083.7,56336,37.128,335.49,365.25,-0.042462
8306,7908.4,57858,28.515,643.38,595.29,0.038826
8306,8561.6,57902,29.227,627.31,541.3,0.073598
8307,8222.1,57838,30.187,572.27,397.58,0.18012
8308,7804.6,58329,34.007,766.05,653.05,0.07963
8308,7684.6,56078,24.335,278.99,245.56,0.063727
8309,6238.7,56367,35.352,350.03,220.78,0.22643
8309,8184.6,57422,26.947,476.56,329.23,0.18285
8309,8266.2,58243,31.703,469.29,354.07,0.13994
8309,8484.3,55774,19.081,539.22,416.09,0.12889
8310,7675.1,58376,17.715,563.2,384.61,0.18843
8310,8071.2,57653,25.89,400.01,217.26,0.29607
8310,8393.3,55839,28.854,545.22,534.39,0.010024
8311,7291.5,55957,36.595,359.68,151.2,0.40809
8311,7944.8,57566,29.109,438.59,155.09,0.47752
8312,7637.9,57498,20.185,810.08,683.86,0.084486
8313,7126.3,57483,24.719,313.97,197.67,0.2273
8315,8594.2,57176,26.325,1006.5,578.8,0.26978
8316,7897.3,57560,38.831,408.99,268.81,0.20682
8317,8515.7,56960,20.666,1250.9,693.94,0.28638
8318,5776.7,55490,34.827,343.32,167.66,0.34378
8318,6229.4,57895,27.588,393.23,201.89,0.3215
8318,8392.7,56922,24.084,655.97,271.87,0.41397
8319,6463,57854,27.101,368.6,133.85,0.46721
8321,8631.3,57227,20.767,995.04,912.06,0.043511
8322,7903.1,57161,25.502,703.9,554.68,0.11857
8322,7979.8,58281,22.995,485.71,518.02,-0.032196
8322,8561.1,57191,15.084,744.74,590.39,0.1156
8323,6792.4,57895,27.908,775.33,763.25,0.0078538
8323,7967.5,55926,29.964,579.72,477.93,0.096246
8323,7888.2,57022,38.201,335.14,347.42,-0.01799
8323,8656.5,57305,26.507,640.65,555.5,0.071188
8325,7621.8,57488,23.908,578.69,243.58,0.40754
8326,6103.2,58034,24.065,689.96,296.67,0.39862
8327,5712.8,55541,26.692,455.1,304.71,0.19794
8327,5984.6,57946,36.629,1286.1,748.5,0.26423
8327,7218.9,57235,25.586,333.95,171.98,0.32015
8327,7498.3,55890,32.738,544.13,525.32,0.017593
8328,5854.9,57755,33.25,788.74,514.09,0.21081
8328,7430,55801,24.612,347.63,155.27,0.3825
8329,6075.9,57738,33.904,914.89,871.74,0.024149
8329,7278.9,55580,35.251,256.58,174.98,0.18908
8330,7856.6,55780,31.858,313.32,302.18,0.018089
8330,8385.7,57973,32.124,304.79,460.92,-0.2039
8331,5693.5,57213,26.01,509,239.89,0.35935
8332,6120.7,56902,32.519,754.33,666.29,0.061972
8332,7183.5,55640,32.108,565.82,412.21,0.15706
8332,7161.5,56350,15.509,441.48,307.31,0.17919
8333,7187.3,55747,39.482,669.19,329.91,0.33959
8333,7280.2,56530,18.796,619.81,492.44,0.11451
8333,7511,58082,36.966,236.19,297.27,-0.11449
8333,8551.5,57689,31.245,749.94,544.47,0.15874
8334,7059.1,55437,35.694,251.44,163.08,0.21317
8335,7740.7,58131,31.214,414.04,228.04,0.28968
8335,8462.2,57697,26.647,544.93,418.7,0.13099
8336,8427.8,55821,21.517,417.05,247.31,0.2555
8336,8367.7,57465,22.506,389.66,184.19,0.35806
8337,8406.7,56429,35.306,544.37,204.52,0.4538
8338,8407.7,56441,37.509,206.34,201.8,0.011115
8338,8394,57488,32.479,290.54,134.61,0.36677
8339,7550.4,55624,26.065,641.5,771.97,-0.092307
8341,5847.9,56868,28.205,279.87,119.12,0.40288
8341,6788.3,56129,31.077,655.87,386.32,0.25864
8341,7685.8,55836,36.234,921.62,637.92,0.18191
8342,5794.4,56726,26.04,512.29,448.45,0.066447
8342,6673.6,56022,34.585,1133.3,748.14,0.20471
8343,5707,56841,18.856,679.56,399.34,0.25973
8343,7992.2,55703,28.892,524.28,262.78,0.33225
8344,5723.3,56803,28.347,418.25,255.22,0.24207
8344,6807.4,56064,29.16,222.62,197.28,0.060338
8345,7826.2,55701,30.022,343.18,144.36,0.40779
8346,7442.1,56947,30.374,336,199.81,0.25418
8347,5781.3,56875,22.72,241.19,168.1,0.17857
8347,8152.8,57523,33.099,558.73,401.31,0.16398
8348,5806.5,56831,18.481,813.35,595.82,0.15437
8349,5674.5,56735,25.407,358.79,156.61,0.39227
8350,7322.7,57659,24.385,340.19,255.02,0.14308
8350,7819.2,58387,29.538,307.26,189.88,0.23612
8351,7036.8,56383,17.166,310.57,367.31,-0.083698
8351,8421.6,55835,18.805,244.53,172.34,0.17318
8353,8148.9,57608,29.399,411.49,282.84,0.18528
8354,7832,58271,24.746,400.63,244.66,0.2417
8354,8080.4,57572,34.521,464.26,319.34,0.18494
8355,7839.3,58318,26.814,588.06,382.41,0.21191
8356,8099.4,58315,40.631,375.92,309.7,0.096577
8358,7995.7,58128,16.663,712.31,541.78,0.13599
8359,7813.3,58131,30.901,171.39,178.18,-0.01942
8359,8388.5,56283,23.875,392.02,124.91,0.51673
8360,8144.3,57726,22.466,583.85,454.33,0.12476
8361,8256.8,57736,30.177,799.99,663.86,0.092995
8361,8372.1,57714,17.471,1301.7,1200.3,0.040535
8362,7204.2,57877,36.492,719.21,639.78,0.05845
8363,7070.7,56886,28.373,434.71,120.42,0.56616
8364,5799.9,56812,22.167,699.64,408.78,0.26241
8364,6760.4,57864,34.827,442.93,657.49,-0.19499
8364,7040.7,56964,19.757,522.03,236.45,0.37652
8364,7743.1,55678,32.767,458.99,242.86,0.30795
8364,8479.2,56414,31.365,228.12,144.82,0.22334
8365,7808.4,55641,30.337,461.89,330.15,0.16633
8365,7970.1,57806,33.073,510.48,347.12,0.19048
8366,7248.3,57743,27.058,382.44,164.29,0.399
8367,7065.9,57479,13.685,1163.6,315.69,0.57318
8368,6040.4,56286,14.307,1324.3,625.1,0.35868
8369,5966.3,56241,14.402,983.46,289.58,0.54506
8369,7580.4,56760,22.973,542.41,333.15,0.239
8371,5769.6,56759,36.071,283.16,215.04,0.13675
8371,6329.4,57484,33.235,286.38,193.23,0.19423
8372,5844.7,56717,18.49,600.91,402.53,0.1977
8372,6378.8,57383,25.814,641.99,717.16,-0.055307
8373,5682.5,58151,35.028,330.92,328.28,0.0040112
8373,5901.9,56668,25.311,1027.5,831.65,0.10535
8380,7243,57596,34.326,659.9,516.22,0.12216
8381,5712,57702,31.584,188.74,157.92,0.088916
8381,6596.5,57516,17.381,349,468.01,-0.14567
8382,6757.7,57663,18.41,617.04,686.54,-0.053308
8383,6686.8,57585,25.802,515.88,539.61,-0.02248
8384,6801.1,57455,22.631,881.8,1279.4,-0.18396
8385,6991.6,56093,28.201,318.85,178.32,0.28266
8385,7215.1,57554,17.368,415.25,465.26,-0.056787
8386,7104.8,57331,28.855,575.96,732.8,-0.11983
8387,7079.3,56224,32.751,198.39,159.27,0.10937
8387,7322,57546,27.232,393.51,453.13,-0.070422
8388,6951,56214,31.694,941.25,632.5,0.19619
8388,8206.9,57506,29.291,663.04,702.77,-0.029082
8390,6803.5,55914,31.06,654.85,472.12,0.16214
8391,6698.3,55889,21.586,428.23,197.39,0.36898
8392,6589.3,55736,31.148,585.96,445.64,0.13602
8393,6815.2,55827,30.422,696.26,295.41,0.40422
8393,6860,57720,36.2,331.67,111.54,0.49669
8394,6739.1,55811,38.3,403.12,173.7,0.39772
8394,6899,57935,28.809,253.52,210.35,0.09308
8395,8109.3,56123,36.429,410.04,468.38,-0.066408
8396,7002.2,57756,31.018,221.96,207.94,0.032619
8396,8086.3,55797,36.163,401.93,391.44,0.013226
8396,8444.4,57654,28.642,479.6,589.34,-0.10267
8398,7232.3,55510,36.705,195.89,117.56,0.2499
8399,6021.4,58092,32.766,570.1,316.27,0.28637
8399,6706.9,56885,18.101,501.04,162.52,0.51016
8399,7501.3,56742,28.917,1006.5,510.53,0.32692
8400,5706,55778,30.162,362.46,264.57,0.15611
8400,6953,57379,29.675,326.98,243.41,0.14651
8400,7760.8,57190,27.465,574.34,598.29,-0.02042
8401,7606.5,57412,31.419,268.92,335.83,-0.11066
8403,6601.2,57452,32.797,220.26,109.15,0.3373
8404,6552.2,57470,24.769,138.57,157.47,-0.063851
8404,6988.8,56583,18.961,354.32,172.77,0.34445
8404,7611,57469,21.022,406.94,268.3,0.20533
8405,6573.7,56944,27.89,431.88,159.69,0.46012
8405,6826.7,55419,37.806,612.49,364.1,0.25435
8405,7049.2,56495,23.905,212.52,164.74,0.12666
8405,7784.6,57463,29.219,175.46,141.21,0.10814
8407,5716,57619,38.736,506.85,209.58,0.41492
8407,6125.7,55791,25.703,503.76,317.27,0.22714
8408,5674.9,56087,33.25,568,400.74,0.17265
8409,6660.7,57036,28.929,263.95,221.99,0.086337
8410,5699.5,57144,20.954,442.92,146.26,0.50352
8410,5744.1,56231,26.228,767.21,329.59,0.39899
8412,7156.3,57309,19.189,762.95,466.12,0.24151
8412,7857,56684,27.463,519.65,284.28,0.29276
8413,6609.8,57879,30.397,323.59,241.58,0.14512
8413,7124.4,56361,24.049,295.66,350.09,-0.0843
8413,7188.7,57489,24.776,459.32,569.48,-0.10707
8414,7335.2,57443,35.357,265.44,324.85,-0.10065
8414,7644.1,58317,24.98,631.84,666.37,-0.026597
8415,6260.5,56584,29.548,119.51,189.47,-0.22645
8415,7631.1,58236,28.271,653.22,426.43,0.21006
8416,7092,56560,20.499,585.08,553.67,0.027588
8416,7938.9,58239,22.828,973.04,611.38,0.22827
8417,7731.6,57653,30.199,258.73,187.62,0.15931
8418,7792.7,57496,30.984,460.69,155.29,0.4958
8419,6307.3,56300,38.949,178.43,123.08,0.18355
8419,6840.2,58111,21.451,696.64,482.78,0.18133
8419,8352.6,56558,31.9,188.92,283.14,-0.19958
8423,7029,57768,32.536,424.85,294.49,0.18122
8423,7750.3,55583,33.937,598.36,612.13,-0.011377
8424,6931.3,58062,21.103,485.29,374.97,0.12824
8424,7904.1,55637,31.896,535.6,513.24,0.021324
8425,7811.9,55578,16.732,674.72,445.76,0.20434
8426,7015.9,58177,32.66,354.54,222.11,0.22965
8426,7763.1,55483,29.44,251.89,144.24,0.27174
8427,7288.1,57632,26.866,755.1,684.84,0.048793
8428,5806.4,57801,28.512,592.93,552.22,0.03555
8429,6715,57223,27.753,547.66,323.29,0.25762
8430,6864.9,57049,28.583,535.59,372.29,0.17988
8431,6812.5,56768,32.067,387.88,224.19,0.26744
8432,6735.2,56941,37.191,309.61,184.59,0.25296
8433,6509.8,56920,38.156,186.6,186.24,0.00096808
8433,7239.2,56082,34.718,281.31,428.57,-0.20744
8434,6784.1,57862,44.904,472.85,431.73,0.04546
8434,7027.8,56130,36.508,253.5,609.87,-0.41276
8434,7958.8,57142,30.064,532.14,459.05,0.073741
8435,6671,56933,29.107,375.55,176.91,0.35955
8435,6766.9,57704,37.964,551.49,247.77,0.38
8435,8187.7,56448,34.361,484.42,263.38,0.29558
8436,6706.6,55867,30.418,750.42,454.79,0.24529
8436,8154.7,56264,34.983,402,261.87,0.21108
8438,6043.1,58251,24.456,411.5,265.63,0.21543
8438,7224.3,58297,34.051,516.21,329.66,0.22054
8439,7897.4,57668,25.68,1223.1,1199.8,0.0096205
8440,8249.8,56120,41.092,380.98,102.27,0.57674
8441,8209.7,57109,15.449,1118.3,553.07,0.33818
8442,8156.1,57084,21.626,507.86,251.43,0.33772
8443,7907.4,57296,31.641,473.94,503.32,-0.030059
8443,8637.3,56903,22.09,580.85,487.62,0.087255
8445,8540,55838,23.077,463.58,389.17,0.087266
8447,5909.3,56647,25.063,780.93,534.16,0.18765
8448,6008.9,56635,25.554,492.98,377.01,0.13329
8448,6529.8,55396,32.454,303.57,138.08,0.37469
8449,7876.9,55525,35.317,207.36,143.57,0.18177
8450,7873.2,57135,27.805,282.44,235.7,0.090204
8452,6826.3,56205,38.922,761.35,427.22,0.28112
8452,7292.2,56255,19.158,401.15,301.37,0.14202
8452,8149.2,56840,39.975,341.82,273.8,0.11049
8452,8347.5,55916,27.264,587.13,271.83,0.36708
8453,7736.3,57203,23.822,436.69,319.3,0.15528
8453,8333.2,56058,30.329,578.3,297.75,0.32025
8454,7156.2,56397,35.174,290.2,266.2,0.043146
8454,7442.5,57214,25.927,854.08,715.03,0.088616
8454,8591.2,57337,33.963,575.6,354.37,0.2379
8455,7087.4,56387,21.103,378.92,331.11,0.067343
8455,7658.5,57216,17.557,1028.3,690.05,0.19686
8455,8235.9,56445,29.855,270.43,245.31,0.0487
8455,8531.3,57244,38.295,600.48,265.1,0.38746
8456,8010.5,56361,26.125,1197.8,701.28,0.26146
8456,8109,57015,30.298,1370.1,1097.8,0.11033
8457,6224.5,55449,32.576,811.83,271.03,0.49941
8457,6569.8,56916,34.787,680.39,487.69,0.16497
8457,8125,56825,18.27,1592,1115.7,0.17589
8458,6276.4,55625,28.579,201.25,243.71,-0.095405
8458,6566.2,56972,34.349,691.06,903.8,-0.13339
8458,8272.3,56922,37.058,668.03,605.46,0.049129
8459,6255.5,55597,14.747,453.45,305.96,0.19421
8459,7487.5,56898,31.251,316.83,198.32,0.23005
8459,8114.2,57264,28.348,460.85,226.42,0.3411
8460,6675.4,56691,28.854,398.54,403.1,-0.005691
8460,7463.5,56890,28.218,943.53,742.59,0.11917
8460,7556.8,57116,39.543,792.35,368.01,0.3657
8460,8061,56571,30.149,351.44,218.36,0.23356
8460,8275.6,57274,23.539,534.19,536.53,-0.0021858
8461,7436,56820,28.955,948.54,935.69,0.0068216
8462,6577,57494,35.793,446.73,387.49,0.071011
8462,7213.7,57728,35.801,349.42,296.31,0.082256
8462,8499.2,56878,28.336,577.93,272.29,0.35948
8463,6785.8,56818,21.671,849.23,704.35,0.093255
8463,7315.7,55914,29.335,590.66,524.38,0.059442
8463,7567.7,57604,32.627,289.46,254.48,0.064299
8464,5891.3,58350,24.778,526.84,167.89,0.51667
8464,6870.9,56714,31.344,840.09,767.47,0.045172
8464,7149.9,55729,27.576,348.12,248.16,0.16765
8466,7085.8,56279,24.478,375.95,396.69,-0.02684
8467,6698.1,58029,21.859,408.58,128.77,0.52072
8467,7152.6,56551,24.862,409.71,263.24,0.21765
8469,6851.1,58078,30.975,299.93,168.15,0.28154
8471,6531.2,58062,28.198,214.62,118.08,0.29016
8471,7938.2,58063,27.711,169.57,117.4,0.18178
8472,7859.4,57202,35.831,253.05,129.37,0.3234
8472,7900.4,58248,22.147,799.6,416.63,0.31488
8473,7883.4,58195,38.348,246.03,304.5,-0.10621
8475,7181.7,55771,39.307,470.55,337.53,0.16462
8475,8407,56089,32.356,177.91,102.43,0.26925
8476,6463.4,57028,26.155,496.94,398.87,0.10947
8476,7116.3,55713,22.33,436.76,204.51,0.36217
8476,7127,56391,27.739,296.19,244.73,0.095134
8476,8416.4,56110,38.686,472.32,194.42,0.41681
8477,6082.2,56542,36.986,956.95,905.59,0.027575
8477,6091.7,56637,25.436,952.39,857.36,0.052509
8477,6981.9,56556,18.079,788.55,474.19,0.24895
8477,8226.7,56079,29.813,437.29,285.21,0.21049
8478,6033.3,56503,18.129,1043.5,1537.3,-0.19134
8479,6093.3,56477,18.776,1178.2,1359.7,-0.071532
8480,7820.9,56364,36.452,427.74,468.48,-0.04546
8480,8226.1,56548,30.317,423.93,346.82,0.10005
8481,6272.8,56320,27.512,589.43,603.92,-0.012138
8482,6438.8,56375,24.01,418.22,163.41,0.43809
8482,7919.8,55650,26.303,375.46,153.84,0.41872
8482,8041.8,58216,29.608,633.77,514.83,0.10355
8484,8190.1,58064,25.237,620.3,728.49,-0.080213
8485,8021.7,56831,36.183,320.7,518.28,-0.2355
8485,8245.5,58157,37.389,576.55,531.73,0.040443
8486,5982.6,55550,31.576,360.11,369.55,-0.012933
8486,7302.7,57463,26.233,490.3,187.37,0.44702
8486,7551.8,55696,32.655,450.05,346.53,0.12996
8486,8131.7,56728,29.643,780.66,499.34,0.21978
8488,8555.5,57876,22.988,428.12,309.22,0.16126
8489,7682.4,55481,34.59,1213.7,951.06,0.12132
8491,7540.6,56929,31.053,366.91,150.97,0.41697
8492,5819.5,57772,25.149,651.02,622.51,0.022385
8493,5800.4,57811,36.068,529.06,358.8,0.19176
8493,8537.3,56595,26.526,438.09,398.19,0.047715
8494,5954.6,57934,28.413,897.72,439.79,0.34237
8494,7792.4,55708,29.313,759.68,390.64,0.32081
8496,6506.6,57906,35.189,398.38,298,0.14414
8496,8584.1,56379,33.787,354.95,146.43,0.41589
8499,5674.5,56176,28.943,643.25,475.64,0.1498
8500,5759.6,56303,21.297,667.76,193.28,0.55106
8500,8026.2,58082,32.274,375.22,229.75,0.24045
8501,6077.8,56942,37.713,486.48,104.66,0.6459
8502,6107.7,56801,30.396,363.49,366.08,-0.0035524
8502,8034.9,56538,19.874,694.45,642.37,0.038956
8503,6216.3,58259,25.591,606.18,380.99,0.22812
8503,6369.8,56750,31.056,528.67,216.4,0.41913
8504,6158,58233,19.891,448.42,146.09,0.50852
8504,7990.8,58102,24.053,681.78,442.85,0.21245
8505,6458.4,56423,23.366,460.96,314.01,0.18962
8505,7719.1,58352,24.301,738.94,434.03,0.25995
8506,8348.7,55395,30.618,281.11,260.36,0.03831
8507,6203.4,56319,38.44,765.2,546.21,0.16699
8507,7303.5,55667,32.477,319.17,268.64,0.085955
8508,5811.2,55465,17.039,459.99,203.8,0.38596
8508,6248.8,56420,29.471,659.69,739.69,-0.057167
8509,7949.8,58027,28.728,382.36,367.6,0.019683
8510,6848.8,56441,28.75,611.61,333.52,0.29424
8510,8105.1,57925,30.86,313.56,271.76,0.071424
8511,6250.8,55875,27.641,905.68,689.79,0.13532
8511,7005.5,56328,26.89,307.41,135.33,0.38869
8512,6980.6,56489,26.465,479.14,209.01,0.39254
8512,7963,57633,37.468,340.65,441.45,-0.12889
8513,6964,56760,31.813,504.74,314.29,0.23254
8513,7026.8,55928,33.69,225.4,223.26,0.0047679
8513,7456.9,56427,28.479,183.94,134.65,0.15473
8514,6967.2,57704,33.708,252.7,278.17,-0.047978
8514,7467.2,56540,16.755,370.59,392.49,-0.028701
8514,8593.7,57630,35.431,203.86,202.14,0.0042347
8515,8609.5,56919,36.659,271.93,191.85,0.17268
8517,6574,57420,25.72,351.97,197.13,0.28199
8517,8060.6,55555,32.783,340.51,267.43,0.12021
8518,6659.1,57188,23.636,855.97,412.37,0.34974
8519,6514.7,57050,22.685,935.28,649.58,0.18027
8520,6157.1,58023,31.978,160.18,146.56,0.044404
8520,6361.3,56956,13.951,1035.6,617.56,0.25285
8521,5820.6,58333,33.134,569.43,309.42,0.29586
8521,6241.9,57045,16.605,1512.6,914.45,0.24646
8521,8297.4,55576,28.197,275.67,160.28,0.26471
8522,5718.5,58325,35.732,333.1,202.18,0.24459
8522,6074.7,57224,19.809,910.63,472.34,0.31692
8522,8434.7,55730,23.121,448.31,271.65,0.24538
8523,6008,57136,21.164,855.9,514.62,0.24901
8523,7039.6,56392,33.206,238.17,446.15,-0.30393
8523,7913.9,56888,34.368,369.89,338.88,0.043757
8523,8438.5,55824,22.826,267.96,227.18,0.082371
8524,6246.8,57304,24.623,607.75,546.84,0.052759
8524,7019.8,56388,25.82,175.44,344.81,-0.32555
8525,6369.1,57447,21.332,838.3,334.79,0.42922
8526,6434.6,57284,28.416,738.34,549.25,0.14685
8526,7166,56449,27.122,878.68,992.96,-0.061061
8526,6921,57699,32.981,919.48,567.88,0.2364
8526,7932.2,56135,26.752,284.95,131.28,0.36919
8526,8485.2,57498,31.518,607.15,496.03,0.10073
8527,6158.9,56996,37.577,690.11,477.84,0.18175
8527,6458.5,57623,25.437,380.49,233.26,0.23989
8527,7148.3,56330,17.193,647.27,632.79,0.011306
8527,7770.9,58203,35.97,314.88,310.92,0.0063178
8527,8344.1,57354,27.421,272.55,118.51,0.3939
8528,6291.4,57851,25.428,485.86,200.97,0.41478
8528,7428.1,55886,19.695,453.2,437.12,0.018063
8528,7722.5,58135,32.58,641.04,387.37,0.24666
8528,7713.2,55834,31.344,771.38,508.88,0.20503
8528,8514.5,57225,38.22,337.47,269.19,0.11256
8529,8540.6,57265,36.646,396.15,310.48,0.12125
8530,7344.1,56428,38.22,489.47,582.7,-0.08695
8530,7484.8,56032,26.757,918.69,410.84,0.38198
8530,8408.2,57389,33.253,384.25,282.97,0.15179
8531,6567.5,56875,26.628,415.02,145.04,0.48206
8531,7451.6,56128,28.171,461.76,556.52,-0.093054
8532,7341,56138,32.578,232.43,225.93,0.01418
8536,8066.1,58266,30.371,212.17,206.66,0.013159
8540,6325.8,56339,38.057,356.87,496.53,-0.16366
8540,8548.8,57518,33.184,250.49,305.51,-0.098958
8541,7679.3,56452,28.466,532.76,255.53,0.35168
8543,7754.2,58257,36.678,254.84,178.15,0.17712
8544,7983.6,56614,34.991,163.83,226.99,-0.16163
8545,6306.8,56432,31.642,801.64,345.66,0.39743
8546,6321.5,56534,27.884,233.8,161.33,0.18343
8547,6855.6,56244,31.649,453.03,215.41,0.35549
8547,7632.7,57407,34.692,471.43,215.72,0.37212
8548,5810.9,55533,25.025,249.62,114.06,0.37276
8548,7529.6,57439,34.629,160.46,179.71,-0.056575
8548,7706.5,58378,19.92,356.72,182.98,0.32193
8548,8425.2,55841,20.82,271.44,132.61,0.34359
8549,7263.5,56060,33.311,229.43,112.15,0.34337
8549,8583.3,57347,35.94,359.86,231.29,0.21749
8550,5795.8,55448,31.346,208.8,129.86,0.23308
8550,6688.1,56525,36.915,563.12,746.58,-0.14008
8550,7998.4,58215,31.18,208.13,180.8,0.070267
8550,8485.5,57374,34.717,275.74,168.33,0.2419
8551,6676.3,56606,30.698,315.77,333.58,-0.027427
8551,8110.2,58375,28.136,507.34,384.34,0.13795
8552,7486.5,56490,14.879,375.06,353.13,0.030119
8553,5783.5,56660,26.875,589.68,423.06,0.16453
8553,7517.6,56472,36.87,208.24,253.94,-0.09888
8554,7953.1,58188,18.353,427.66,177.61,0.41313
8555,7040.1,56118,19.665,282.41,169.76,0.24914
8555,7786.3,55720,37.291,402.98,121.92,0.53544
8555,7944.2,58163,34.294,194.68,193.75,0.0023918
8557,7775.6,56724,31.969,347.9,132.78,0.44754
8557,8417.3,55849,24.231,283.85,131.52,0.36674
8558,6657.4,56521,39.795,244.2,179.49,0.15271
8559,6443.5,55495,36.22,184.17,198.36,-0.037092
8559,8135.5,56291,32.892,330.4,211.68,0.219
8559,8518,57427,27.328,571.26,470.96,0.096237
8560,8084.3,56263,35.118,523.25,294.24,0.28014
8564,5773.4,56813,22.232,493.79,245.78,0.33534
8566,6018.7,56192,26.503,240.55,174.42,0.15936
8566,7377.5,56688,17.345,640.37,372.46,0.26451
8567,5952.9,56781,32.548,628.72,502.68,0.1114
8567,6099.3,56214,27.232,347.25,347.38,-0.00018672
8567,6585.8,56852,36.404,675.98,443.28,0.20791
8567,7261.1,56619,21.259,720.52,519.64,0.16198
8568,5784.9,56552,38.377,825.35,620.49,0.14169
8568,6601.5,57089,16.151,820.8,462.51,0.27919
8568,7023.4,56402,17.242,333.89,316.99,0.025971
8568,7834.3,58121,18.896,375.82,287.91,0.13244
8569,5706.4,56194,28.509,856.61,535.95,0.23027
8569,5876.9,57941,22.012,566.27,545.81,0.0184
8569,6551.4,57027,18.783,1245,1143.2,0.042626
8569,7959.6,58199,16.197,502.39,330.52,0.20635
8570,6567.5,57248,36.221,635.96,672.73,-0.028104
8570,7506.7,57485,36.791,286.37,265.17,0.038438
8570,7637.6,56978,32.38,537.25,338.79,0.22655
8571,7402.1,55900,34.893,360.7,129.43,0.47186
8572,6609.5,56929,33.041,385.32,360.14,0.033772
8572,8384.8,57769,32.116,583.16,502.38,0.074414
8573,6825.2,56912,33.63,382.2,134.8,0.47854
8573,7583.8,56613,28.536,607.14,332.93,0.29169
8573,7742.6,58384,14.187,550.53,475.57,0.07305
8573,8513.2,55777,32.906,140.3,125.6,0.055307
8573,8496.2,58030,36.992,265.61,251.04,0.02819
8574,7435.6,56934,31.982,653.93,541.58,0.093974
8574,7695,58357,16.492,432.22,330.11,0.13394
8575,7175.3,56613,21.9,1112.8,811.14,0.15679
8575,7203.1,57420,35.569,817.18,404.75,0.33752
8575,7179.1,57470,30.043,898.57,461.38,0.32147
8575,7697.9,58344,23.276,537.7,532.34,0.0050104
8576,5743.6,56718,33.357,734.05,498.05,0.19154
8576,7086,57569,23.088,1406.2,564.64,0.42701
8576,7235,56460,36.358,360,417.94,-0.07448
8576,7745.4,58375,16.711,621.94,675.04,-0.040944
8577,7402.3,57471,36.742,566.97,381.79,0.19518
8577,7594.2,55846,33.053,369.24,433.79,-0.080384
8577,7634.6,58375,20.847,377.71,456.07,-0.093986
8578,7169.9,56533,20.574,524.98,312.42,0.25383
8578,7660.8,57501,14.379,1075.9,532.6,0.33778
8579,7629.9,57487,23.946,713.01,444.18,0.23232
8579,7689.5,58360,20.153,327.07,316.38,0.016613
8580,8008.1,56538,40.38,353.57,420.53,-0.086493
8581,8098.3,57465,26.266,283.16,198.68,0.17532
8582,7717.2,57370,21.458,539.98,544.23,-0.0039178
8583,8083,58201,22.569,356.18,111.09,0.52452
8587,7044.4,56102,28.625,293,392.58,-0.14525
8588,7095.1,56204,21.067,552.23,437.55,0.11586
8588,7463.4,56691,37.053,315.2,262.79,0.090685
8589,7916.2,58247,34.208,256.45,123.55,0.34975
8590,7129.8,56204,34.78,352.31,350.22,0.0029762
8590,7128,57598,20.003,396.17,115.7,0.54795
8590,7898,57986,28.723,738.62,611.98,0.093761
8591,6333.9,57211,31.291,501.6,194.27,0.44164
8591,6668.5,56261,24.93,815.32,386.39,0.35693
8592,7922.1,58076,32.012,357.75,390.32,-0.043538
8593,7585.3,58083,31.459,357.21,208.59,0.26268
8594,6804.3,57000,34.554,344.82,307.51,0.057196
8594,7528.4,56784,29.578,404.56,307.22,0.13676
8594,8473.2,57797,22.979,625.02,399.98,0.21954
8595,5890.9,56185,33.023,456.12,314.2,0.18424
8595,7307,55821,36.137,177.2,105.26,0.25469
8595,7916.3,57751,22.964,544.52,269.68,0.33755
8595,8437.6,56582,29.199,567.01,369.83,0.21048
8595,8424.2,57745,22.971,409.9,270.52,0.20484
8596,7138.7,55410,29.391,339.89,230.27,0.19226
8596,7993.4,57701,36.475,427.04,300.75,0.17352
8597,6260.4,56177,25.419,485.27,364.33,0.14235
8597,8471,57476,20.247,537.24,449.02,0.089453
8598,6179.9,56181,26.538,494.83,574.57,-0.074565
8598,7839.1,58265,31.265,163.56,218.07,-0.14283
8598,8412.4,57309,21.464,1269.7,767.63,0.24644
8599,5852.1,56820,36.013,333.4,403.69,-0.095363
8599,7869.6,58286,26.771,371.45,389.23,-0.02337
8599,8399.1,57848,34.077,448.57,321.06,0.16568
8600,5733.2,56780,34.094,431.12,239.03,0.28664
8600,7844.4,58135,13.123,592.64,416.47,0.17457
8601,5872,57010,29.623,125.71,119.34,0.025993
8601,7502.5,55815,29.08,257.02,149.04,0.26594
8601,7901.1,58233,25.46,420.33,671.67,-0.23017
8602,7947.4,58133,34.239,250.14,416.98,-0.25009
8603,8351.6,56806,32.069,492.7,317.48,0.21627
8605,6223.5,55929,33.227,459.99,390.16,0.082144
8605,8368.3,56753,25.52,616.5,348.56,0.27763
8606,7214,56464,24.767,364.62,127.31,0.48241
8606,7972.9,58208,18.04,463.01,474.14,-0.011878
8606,8392.9,56692,36.568,400.19,230.74,0.26858
8607,6261.8,55510,35.139,408.99,378.03,0.039331
8607,7330,56592,25.762,764.14,480.35,0.22804
8607,7938.5,56911,36.689,338.67,326.77,0.017885
8607,8012.2,58300,26.27,420.29,311.81,0.14818
8607,8628.4,56353,33.414,216.19,100.41,0.3657
8609,7878,56994,33.03,743.7,1150.1,-0.2146
8609,8331.5,56386,32.341,406.08,501.4,-0.10504
8611,7061.4,56615,29.292,669.9,530.86,0.11579
8611,7748.4,57108,27.9,375.24,192.45,0.32199
8612,7676.9,57005,31.065,365.66,264.35,0.1608
8612,8053,56423,29.787,313.28,249.41,0.1135
8612,8248.1,57869,23.43,512.31,242.93,0.35669
8613,7111.9,57037,28.053,414.71,286.06,0.18359
8613,7955.6,56401,28.115,425.25,432.67,-0.0086459
8614,5790.2,57019,34.662,307.6,183.18,0.25351
8614,5830.1,58252,28.215,338.17,193.58,0.27191
8614,7207.7,56353,29.133,306.54,118.16,0.44355
8615,5981,58137,36.335,396.24,253.67,0.21936
8618,6634.1,56661,23.863,457.9,456.65,0.0013727
8619,7146,56463,12.563,1055.2,644.29,0.24178
8620,7154.7,56484,15.341,812.38,735.42,0.049718
8620,8085.8,57462,34.931,953.21,546.42,0.27126
8621,7130,56379,27.203,238.55,220.04,0.040375
8621,7981.6,55813,26.903,452.26,425.68,0.030271
8622,7120,56379,23.198,203.09,442.01,-0.37036
8622,8601.5,57833,37.795,249,166.45,0.19869
8624,5689.7,58358,27.13,668.87,341.98,0.32338
8624,7052.2,56398,27.214,158.83,679.11,-0.6209
8626,7402.4,57163,37.452,471.17,712.01,-0.20355
8627,8081.7,56831,24.577,296.67,238.18,0.10936
8628,6059,56782,30.525,399.64,215.34,0.29969
8628,6964.6,56367,34.731,450.54,108.42,0.61206
8629,7109.6,56473,18.474,396.74,156.25,0.4349
8630,5851.5,56724,20.23,567.57,493.75,0.069554
8631,5820.2,56665,21.25,535.18,747.71,-0.16567
8632,7065.2,57806,30.685,595.46,385.96,0.21347
8633,5879,55459,19.388,1616.3,1500.1,0.037288
8635,5709.1,55558,32.534,254.22,289.36,-0.064656
8635,8022.4,58231,32.818,159.11,162.08,-0.0092597
8639,7954,58364,24.26,359.75,385.54,-0.034612
8641,6652.1,55725,27.184,546.73,292.37,0.30313
8642,7873.6,55723,30.995,314.08,174.94,0.28454
8643,8134.6,57399,27.149,844.02,347.41,0.41682
8645,6651.5,56246,39.292,620.53,100.47,0.72131
8645,7189.4,56463,20.744,360.69,179.54,0.33532
8646,6685.7,56124,19.562,993.69,574.13,0.26761
8646,7226.4,56428,31.278,481.31,301.37,0.22991
8647,7158.1,56354,19.5,554.58,350.61,0.22533
8647,7239,58134,30.178,210.03,127.21,0.24558
8647,8347.6,56715,27.899,447.39,170.16,0.44891
8648,7361.8,57829,27.467,455.73,339.61,0.146
8648,8204.8,56884,31.134,324.3,205.91,0.22329
8649,5736.1,56100,33.311,206.28,165.08,0.11096
8649,6220.7,57211,26.712,916.31,423.77,0.36755
8649,6608.3,56299,31.691,424.43,317.21,0.14457
8649,7174.8,56449,13.8,652.07,420.3,0.21613
8649,7398.9,57715,34.172,284.94,204.9,0.1634
8650,6213.1,57131,25.164,287.97,248.38,0.073815
8650,6729.4,56343,23.24,688.07,355.51,0.31867
8650,7056.4,56445,21.689,558.94,346.94,0.23403
8650,8211.8,56650,25.5,800.45,606.24,0.13806
8651,6563.3,57447,19.837,479.89,270.6,0.27887
8651,7088.9,56402,19.948,1010,743.93,0.15169
8651,8260.5,56606,25.866,928.13,501.85,0.2981
8652,6561.2,57692,30.834,401.72,237.39,0.25713
8652,7175.3,56390,10.344,737.73,350.62,0.35568
8652,8301,56645,28.17,1357,878.21,0.2142
8652,8295.5,58299,32.831,244.97,212.73,0.07044
8654,7026.1,56252,35.361,952.4,712.91,0.14381
8655,6490.1,55416,33.685,476.63,402.89,0.083842
8655,6917.2,56205,23.611,1290.3,678.33,0.31085
8656,6800.9,56153,19.792,1199.3,640.28,0.30388
8656,6949.6,57869,36.08,973.86,782.86,0.10872
8656,8621,56095,32.125,361.83,407.81,-0.059748
8657,6831.2,57873,24.434,574.03,403.7,0.17421
8657,7587.5,58361,32.062,349.61,324.36,0.037459
8658,7089.5,56566,31.017,282.02,177.91,0.22637
8659,6782,56275,31.751,149.88,125.22,0.089646
8659,7905.7,57091,35.821,320.4,196.97,0.23857
8660,6643.1,56164,32.839,633.09,304.09,0.35106
8662,6563.8,55612,25.217,236.15,348.01,-0.19148
8663,6624.5,55591,28.722,578.56,537.4,0.036883
8663,6823.2,56906,37.109,315.2,275.03,0.068049
8664,6734.2,55687,25.431,668.97,297.31,0.38464
8667,5776.9,58022,31.738,358.89,248.66,0.18143
8667,6700.9,56064,18.107,656.51,342.86,0.31385
8667,7198.4,56441,20.421,578.73,234.15,0.4239
8668,6614.7,56090,19.459,464.42,274.06,0.25777
8668,7162.7,56555,18.411,257.38,165.42,0.21749
8669,7121.9,56370,20.382,386.9,152.87,0.43356
8670,5999.5,58242,28.295,312.55,202.97,0.21255
8671,6057.8,58127,25.988,572.44,341.83,0.25224
8673,6402.5,58218,35.128,340.52,119.74,0.47969
8673,7696.6,57478,32.375,200.07,192.28,0.019846
8673,8086.6,56025,27.368,444.15,355.98,0.1102
8673,7995.1,56963,32.571,238.04,218.26,0.043355
8674,7992.8,57351,21.144,285.12,299.47,-0.024544
8675,6008.5,56778,21.134,523.07,387.2,0.14926
8675,6171.5,58351,26.377,251.5,111.98,0.38385
8675,7845.4,56994,30.482,1047.8,778.21,0.14766
8676,6133,56800,22.964,862.26,403.81,0.3621
8676,7649.4,56782,24.064,602.6,567.63,0.029882
8677,6214.2,56819,24.417,351.71,170.48,0.34704
8677,6728.6,56437,27.963,430.28,187.26,0.39353
8677,7850.4,58057,33.296,407.94,461.45,-0.061548
8678,6885.1,56387,29.22,519.63,594.61,-0.067289
8679,6827.2,56296,18.355,600.67,399.61,0.201
8680,6827.3,56330,19.718,703.2,311.86,0.38554
8680,8003.8,56444,22.868,277.75,175.68,0.2251
8681,7469.5,55920,30.867,806.37,415.82,0.31955
8681,7458.7,57601,21.039,856.53,263.87,0.52897
8682,7397.6,57501,24.942,311.85,149.47,0.35198
8682,8436.9,57704,37.603,675.63,594.16,0.064163
8683,5756.6,57220,30.922,351.79,322.27,0.043807
8683,6159.7,56275,24.558,775.28,443.58,0.27214
8683,6853,56036,38.023,261.04,130.67,0.33283
8683,7614.6,57517,24.716,651.56,526.99,0.1057
8683,8372.8,56084,34.51,425.43,269.66,0.22409
8684,5688,57335,40.369,306.57,377.06,-0.10311
8684,7944.2,57543,33.277,1353.6,749.33,0.28734
8684,8007.3,57823,28.755,1045.2,570.17,0.29408
8685,6734.1,57851,32.294,535.27,543.48,-0.0076117
8685,7995,57838,21.623,1052.2,716.27,0.18994
8685,8117.3,58385,34.089,724.71,487.82,0.19536
8687,7262.3,56740,29.603,432.06,335.64,0.1256
8687,7955.1,58123,31.613,296.47,204.36,0.18391
8687,8128.4,55772,27.418,583.62,658.63,-0.060379
8688,7194.7,56454,31.579,430.54,238.67,0.28671
8688,7999.4,58109,20.097,710.4,450.22,0.22417
8688,8136.2,55744,22.542,869.58,336.43,0.44208
8689,7028.6,56108,30.884,412.51,187.7,0.37455
8689,7872.4,55455,30.571,188.9,170.34,0.05165
8690,7188.5,55956,33.299,323.39,283.69,0.065392
8690,7223.5,55954,31.232,334.07,312.18,0.033869
8690,7394.6,57467,27.871,469.58,342.21,0.1569
8691,6108.8,56678,16.174,367.57,266.53,0.15934
8691,7468.9,55884,15.723,493.76,237.68,0.3501
8692,6117.7,56690,18.693,372.66,415.34,-0.05416
8693,6139.3,56700,20.25,255.9,308.15,-0.092631
8693,7540.1,57168,34.733,551.49,495.89,0.05308
8694,6519.8,56864,35.197,333.97,324.99,0.013632
8696,7411,56473,20.486,360.4,360.39,7.5787e-06
8696,8625.4,58287,28.643,440.83,366.23,0.092428
8697,5817.9,55780,40.211,596.98,488.18,0.10026
8697,8527.8,56311,29.176,318.4,128.82,0.42391
8697,8649.1,55769,35.333,325.41,182.06,0.28248
8697,8600.5,57433,33.429,214.2,115.39,0.29978
8699,7901.7,55825,33.853,620.12,393.22,0.22392
8699,8543.6,57204,33.976,208.94,179.96,0.074519
8702,8634.1,57918,28.703,513.9,394.49,0.13144
8706,5796.9,55430,33.066,241.1,173.94,0.1618
8706,7136.6,57123,27.023,725.39,239.05,0.50428
8706,7463.6,55404,29.27,220.68,341.73,-0.21523
8707,7109.6,57240,22.624,464.15,146.47,0.52025
8707,8161.1,57159,25.609,308.92,225.37,0.15639
8708,7192.7,57153,25.74,621.18,364.45,0.26048
8708,8156.1,57018,31.825,195.69,102.99,0.31038
8710,7686.9,57334,24.451,581.55,349.67,0.24901
8710,8058.2,56535,22.01,592.61,138.06,0.6221
8711,8385.9,57035,38.3,501.94,331.3,0.20479
8712,6608.7,56421,34.285,465.55,284.76,0.24095
8712,8470.7,57240,30.669,499.53,332.71,0.20045
8713,6341.6,56307,32.559,591.96,458.6,0.12694
8713,6685.7,57903,30.814,171.12,107.53,0.22822
8714,7125,56487,27.512,540.67,305.26,0.27829
8715,7096.9,56596,28.231,522.69,333.01,0.22167
8716,6689.8,56872,32.261,425.65,423.16,0.0029281
8716,7331.3,56722,26.029,725.2,412.83,0.27449
8716,7782.9,58031,31.582,214.45,225.56,-0.025246
8718,7153.6,57847,32.914,365.33,356.02,0.012902
8718,7816.7,57924,34.839,243.99,110.66,0.37593
8720,6594.1,55957,28.384,409.74,312.84,0.1341
8720,7272.9,57236,31.845,703.11,470.48,0.19822
8722,7725.5,56337,29.825,266.35,190.34,0.16644
8723,7696.8,56326,26.295,306.33,136.17,0.38454
8724,8233.6,55433,31.996,261.61,274.28,-0.023655
8724,8524.2,56834,38.965,342.43,308.98,0.05136
8726,6250.8,55408,32.588,644.18,351.09,0.29448
8726,8065.8,57808,30.664,239.9,155.85,0.21239
8728,6970.8,56813,25.708,261.71,161.78,0.23597
8728,8027.4,58011,24.747,231.81,141.34,0.24243
8729,5800.4,58148,37.966,291.62,269.43,0.039555
8730,5677.1,57681,25.091,312.47,214.84,0.18514
8731,5677.6,57927,26.802,944.97,548.2,0.26572
8731,5687.1,57992,28.191,861.07,487.88,0.27665
8732,5748.4,57955,38.547,985.64,683.14,0.18127
8732,7366.9,57299,41.651,711.96,686.34,0.018327
8733,6279.8,56547,39.617,418.97,436.44,-0.020417
8734,6533.7,56594,32.372,433.2,152,0.48053
8734,8647.9,56063,30.834,246.72,201.3,0.10136
8735,6315.8,56361,33.399,386.07,255.61,0.20331
8735,7417.9,56109,19.689,290.37,226.56,0.12343
8736,6278.8,56326,29.322,667.1,536.5,0.1085
8736,6401.8,57557,32.45,395.26,150.91,0.44737
8737,6213.9,56345,21.024,300.04,198.67,0.20325
8737,6640.8,57614,29.122,668.09,534.84,0.11077
8738,7128.7,57497,28.389,511.73,333.39,0.21101
8739,7232.6,57580,29.213,473.76,202.14,0.40185
8740,5819.3,56411,18.75,858.7,468.42,0.29408
8741,5676.5,56277,19.924,1220.6,536.14,0.38963
8741,7432.4,57184,25.512,973.24,544.87,0.28217
8742,5769.4,56349,20.608,920.06,507.86,0.28867
8746,7634.2,57340,25.083,430.85,227.29,0.3093
8746,8511.5,56979,33.468,332.53,316.1,0.025329
8747,6376.3,55933,27.383,518.01,425.35,0.098223
8747,7999.6,57214,35.734,457.28,638.42,-0.16532
8748,7955.1,57503,25.249,483.86,414.67,0.077009
8749,7798.3,57592,28.184,401.85,204.27,0.32598
8750,6162,58064,34.016,441.83,551.36,-0.11028
8751,6386.6,55837,27.406,218.11,145.45,0.19986
8751,8062.2,58050,21.749,463.71,555.93,-0.090443
8752,6027,58148,23.572,1135.7,789.76,0.17965
8752,7944.9,57858,29.804,253.97,241.91,0.024332
8753,5896.9,57951,27.589,447.29,322.2,0.16256
8753,8051.4,57759,26.231,389.52,366.63,0.030267
8754,8202.2,57720,32.388,264.56,316.81,-0.089871
8755,5894.5,57143,25.861,178.18,120.42,0.19342
8756,7194.6,55682,29.195,156.01,159.84,-0.01212
8756,7979.4,58173,32.899,424.1,708.08,-0.25083
8757,5753.8,56152,33.76,447.33,197.93,0.38652
8757,6362.9,56074,29.701,617.4,305.73,0.33762
8757,8072.8,58181,27.465,622.39,618.51,0.0031222
8758,7983.2,58231,21.75,404.74,314.71,0.12514
8759,5804.5,55598,21.574,796.11,521.12,0.20877
8759,7332.9,56041,34.125,246.58,265.32,-0.036612
8760,5728.4,55535,19.821,904.88,872.19,0.018396
8760,6143.3,56177,23.766,549.73,424.09,0.12902
8760,7515.8,56216,31.5,202.2,143.69,0.16914
8762,5980.2,55570,25.108,618.92,342.12,0.28802
8762,6755.9,55571,30.226,393.02,394.3,-0.0016172
8762,7329.8,56003,27.596,437.85,224.53,0.32206
8763,5939.6,55502,26.05,325.73,200.47,0.23804
8764,5686.1,55738,19.655,367.49,239.56,0.21076
8764,6649.3,56491,35.38,245.07,249.06,-0.0080745
8764,7415.3,55886,25.093,418.2,505.85,-0.094852
8765,6661.8,56534,22.213,306.36,329.53,-0.036435
8765,7384.5,58207,34.111,657.93,508.48,0.12813
8765,7828.8,57134,27.265,295.3,122.94,0.41211
8766,6623.3,56525,21.65,300.76,262.79,0.06738
8766,7960.3,57317,34.202,827.32,412.71,0.33435
8767,6661.4,56596,21.374,347.77,362.11,-0.020203
8767,8088.9,57442,32.483,473.42,373.02,0.11862
8768,6651.8,56526,17.063,374.88,311.17,0.092858
8768,7472.9,55830,29.43,367.01,241.76,0.20574
8770,6353.8,55867,28.886,404.4,237.83,0.25936
8770,8448.8,56988,20.41,670.07,182.4,0.57207
8771,6428.2,56058,25.83,377.7,289.74,0.13178
8771,8446.2,57027,31.329,329.74,285.5,0.071915
8772,6328,56082,25.885,399.01,166.85,0.41028
8772,7123.2,55736,36,321.52,474.05,-0.19172
8773,6998.4,55781,38.102,476.41,357.5,0.1426
8774,6988.1,57627,21.023,695.77,400.57,0.26926
8774,8408.5,56973,29.195,297.01,684.95,-0.39507
8775,7022.2,56349,21.417,414.87,146.36,0.47843
8775,8513.7,56945,37.772,607.69,935.06,-0.2122
8775,8510.5,56947,38.46,701.7,1084,-0.21409
8776,6975.1,56441,24.934,764.8,580.39,0.13709
8776,8433,56986,31.222,650.91,1349.4,-0.34919
8777,5843.6,56852,32.591,635.52,359.01,0.27804
8777,7296.2,56370,33.214,663.08,259.78,0.43701
8778,6721.9,56301,32.867,683.65,623.41,0.046086
8779,6916,56062,30.652,505.38,378.72,0.14326
8779,7564.7,56845,28.919,707.42,382,0.29871
8779,8383.8,56539,25.691,1044,652.75,0.23059
8780,5801,57954,26.168,807.16,418.59,0.317
8780,7377.2,55959,34.782,491.13,302.88,0.23709
8780,7737.6,56999,31.371,550.91,279.99,0.32605
8781,7641.5,56801,18.75,1419.9,902.34,0.22288
8781,7729.3,57203,33.226,635.12,476.86,0.14232
8782,6117.6,58155,31.303,733.96,673.26,0.043131
8783,6556,57561,33.356,169.14,106.24,0.22841
8786,6320,57433,36.771,261.62,316.87,-0.095498
8787,6764.2,56574,26.293,188.28,318.31,-0.25669
8788,6362.5,57788,38.453,306.65,221.67,0.16084
8788,7923.5,57862,32.806,298.14,141.67,0.35578
8789,7076.3,56368,37.26,292.12,239.19,0.099624
8791,6501.2,57228,23.675,451.06,177.12,0.43608
8792,8275.7,56259,39.203,192.08,388.23,-0.338
8793,6109.9,56975,28.713,529.19,331.32,0.22995
8793,6603.1,57366,36.413,344.84,100.55,0.54849
8793,7485.6,56455,23.074,808.49,634.16,0.12084
8794,7509.5,56378,21.389,380.61,159.8,0.4086
8797,6072.4,56822,32.993,347.11,304.48,0.065421
8797,7176.6,58284,34.921,511.15,296.95,0.26506
8799,7131.3,56492,27.058,285.7,190.5,0.19992
8799,7880,57135,25.593,236.63,167.05,0.17237
8800,7247.2,56106,9.6515,714.28,196.62,0.5683
8800,7629.1,56933,34.085,418.33,373.72,0.056325
8801,7022.1,57294,31.98,448.76,508.42,-0.062326
8801,7767.1,57058,31.634,283.1,305.91,-0.038738
8802,7078.1,57171,39.191,499.18,276.45,0.28716
8802,7497.4,57048,23.439,360.65,144.01,0.42929
8802,7805.1,56550,36.851,356.02,293.99,0.095423
8802,8366.9,56765,33.524,346.67,188.36,0.29587
8803,6705.2,56914,29.395,256.64,166.34,0.21347
8803,6979.8,56192,30.689,163.69,142.47,0.069286
8803,7647.2,57399,36.585,599.9,248.15,0.41477
8803,8407.6,55876,22.197,462.68,529.93,-0.067747
8804,5685.1,57646,30.168,373.8,278.01,0.14697
8804,6977.8,56427,30.599,247.31,176.52,0.16702
8805,7630.4,57414,26.726,487.7,269.51,0.28816
8806,5746.4,57539,27.142,538.97,368.25,0.18818
8806,6360.7,56634,33.167,388.2,405.54,-0.021844
8806,7620.8,57247,16.795,566.26,449.29,0.11518
8810,6387.7,56726,31.108,321.12,129.55,0.42508
8810,7904.5,58211,19.915,398.46,220.95,0.28658
8814,6195.9,57091,29.931,641.2,378.64,0.25745
8814,7980.6,58207,18.329,435.79,418.45,0.020298
8815,7111.7,57187,29.958,187.86,246.75,-0.1355
8816,5920.7,56147,29.327,370.85,189.77,0.32298
8816,6521.8,57945,29.87,206.96,153.1,0.14959
8817,5954.5,56624,26.52,213.5,220.46,-0.016051
8818,6040.6,55891,18.086,355.45,255.75,0.16313
8818,6614.8,57194,25.104,924.38,650.51,0.1739
8818,7415.6,56004,35.206,348.22,252.15,0.16001
8819,5770.1,56256,29.023,598.63,439.89,0.15286
8819,7193.2,56095,29.523,486.57,491.6,-0.0051414
8819,7942.5,58246,36.572,229.52,199.51,0.069968
8821,5736.5,58049,27.817,1167.3,415.24,0.47523
8821,7452.3,58194,22.132,495.7,168.64,0.49231
8822,7068.1,57311,34.42,603.33,474.56,0.11947
8822,7890,58068,25.013,449.03,251.9,0.28124
8823,5689.5,56590,36.199,403.29,250.57,0.23356
8825,6473.3,58223,30.852,189.21,171.87,0.048041
8826,7147.8,57888,31.263,684.73,358.49,0.31273
8827,5730,57348,34.993,560.52,304.19,0.29644
8827,6887.1,57946,23.423,497.92,332.54,0.19914
8827,7735.7,56998,39.385,420,361.52,0.07483
8827,7964,57669,32.292,634.96,449.65,0.17085
8828,5925.4,57318,27.535,415.97,532.86,-0.1232
8828,6913.8,57803,27.031,747.99,639.03,0.078551
8829,5952.5,57661,31.52,636.88,655.36,-0.014303
8829,6576.6,57540,32.191,414.96,216.58,0.31413
8829,6753.5,56818,33.125,471,338.59,0.16355
8830,6609,56866,21.393,649.93,269.11,0.41436
8831,5690.5,57472,32.833,478.57,323.9,0.19274
8832,7106.8,56516,34.185,473.14,459,0.015169
8833,5907.1,58258,25.432,586.3,391.93,0.19869
8834,5940.8,57427,32.85,462.59,254.25,0.29063
8834,5984,58054,27.366,686.44,414.88,0.24658
8835,6451.9,57219,32.743,349.21,369.2,-0.027816
8835,6748.7,57803,35.157,338.17,207.87,0.23862
8837,8379.5,58157,38.171,226.3,160.32,0.17067
8838,5748.8,56111,37.046,291.21,136.72,0.36103
8838,7134.5,55966,24.754,338.22,162.09,0.35204
8839,7696,55408,31.737,494.75,342.16,0.18232
8840,5875.5,57242,32.455,356.98,120.39,0.49561
8840,6168.6,55791,36.144,262.87,190.18,0.16045
8841,7433.7,55756,32.245,889.37,676.24,0.13613
8841,8309.1,55424,34.457,318.23,260.6,0.099554
8842,8278.4,55490,29.155,708.39,446.74,0.22651
8843,7079.7,55736,29.798,464.89,286.35,0.23766
8844,7608.3,57126,28.519,617.81,402.56,0.21095
8845,7715.6,55795,30.591,670.42,851.7,-0.1191
8846,7432.9,55817,23.779,448,591.44,-0.13799
8847,6552.6,58107,38.071,715.37,309.15,0.3965
8847,7757.9,55770,34.377,468.33,820.98,-0.27352
8849,6943.6,57887,34.134,262.33,169.52,0.21492
8849,7458.7,55635,26.287,343.6,561.09,-0.2404
8851,7339.4,57200,27.272,267.31,136.83,0.32285
8851,7800,58336,37.213,397.79,214.78,0.29875
8851,8494.8,57007,29.754,510.2,688.65,-0.14886
8852,6071,56190,28.813,744.3,542.78,0.15657
8852,6756.5,57002,43.696,1102.7,515.4,0.36296
8852,7507.8,56999,39.586,480.15,333.87,0.1797
8852,8390.7,57116,42.836,529.53,612.14,-0.072354
8853,6596.1,56887,28.623,605.61,403.62,0.20014
8854,7825.6,58062,35.459,685.87,715.68,-0.021267
8855,7038.6,56459,31.14,715.96,615.61,0.075364
8856,5899.4,55529,26.551,646.44,897.65,-0.16269
8856,6909.6,56664,27.293,373.67,212.15,0.27572
8857,6881.9,56735,27.448,571.87,311.83,0.29427
8857,8544.1,56860,29.908,291.82,145.61,0.33426
8858,6064.4,56791,31.243,606.04,324.84,0.30209
8858,8391.7,55927,26.243,472.46,236.36,0.33309
8859,6526.5,58328,27.231,558.48,143.65,0.59082
8860,6484.2,58315,22.89,559.28,595.44,-0.031318
8860,6831.4,55827,28.774,662.39,444.1,0.19728
8860,8315.3,55604,33.244,167.86,234.73,-0.16609
8861,6382.2,56436,26.712,327.53,195.98,0.25129
8862,6455.2,58232,32.874,501.29,308.44,0.23815
8862,6859.1,56193,32.044,302.5,230.2,0.13572
8862,7218.1,56878,32.091,342.69,185.11,0.29856
8862,8386.4,55789,17.161,414.75,358.17,0.0732
8863,6003.5,56178,23.157,361.46,148.54,0.4175
8863,6456.1,57280,26.941,618.58,394.7,0.22095
8863,7112.3,56338,18.55,303.43,245.99,0.10454
8864,7098,56370,20.55,327.51,313.56,0.021761
8865,7850.5,58337,29.079,610.6,199.93,0.50667
8866,6943.5,57629,29.127,211.5,259.33,-0.1016
8866,7804,58277,28.748,381.31,212.02,0.28534
8866,8093.7,57644,22.889,592.02,383.86,0.21331
8868,7942.8,58092,15.383,824.29,539.09,0.20918
8869,7797.1,58052,21.811,547.87,344.1,0.22846
8870,7941.8,58160,18.845,658.85,377.16,0.2719
8872,7451.5,56062,29.487,260.04,262.96,-0.005588
8872,7986.4,58199,16.233,658.06,318.38,0.34788
8873,6060.1,56808,26.422,633.97,786.01,-0.10707
8873,7460.4,56175,36.205,434.36,463.59,-0.032549
8873,8086.3,58231,24.075,497.11,292.98,0.25836
8873,8626.6,56254,26.71,355.95,232.02,0.21078
8874,5834.3,55473,37.791,366.9,300.37,0.099708
8874,6111.1,56776,24.89,530.92,349.7,0.20579
8874,7122.5,57632,28.824,379.5,314.51,0.09364
8874,7961.3,58165,13.853,571.09,458.08,0.10981
8875,7465,55653,37.506,258.21,326.66,-0.11703
8876,7791.6,58379,26.565,641.18,485.19,0.13849
8877,6501.4,56962,29,400.68,193.75,0.3481
8877,7702.7,57304,29.319,423.56,247.11,0.26309
8878,7548.5,57306,33.164,411.3,436.36,-0.02956
8879,5801.7,56859,25.891,284.15,165.14,0.26488
8879,6639.7,55957,39.004,406.86,187.2,0.36977
8879,7579.9,57498,27.876,440.95,205.05,0.36516
8879,7631.4,56575,19.844,767.83,347.83,0.37645
8880,5848.2,56857,22.299,823.81,467.71,0.27573
8880,6769.1,56032,21.574,368.79,173.16,0.36098
8880,7601.5,56760,35.104,312.18,315.01,-0.0045115
8882,6223.1,56970,19.496,976.11,520.9,0.30408
8883,6356.4,55955,28.059,348.32,303.25,0.06916
8883,6714.9,57540,32.824,254.78,218.22,0.077289
8884,6253.6,56863,29.812,498.62,246.87,0.33769
8884,8170,56438,31.404,979.58,356.03,0.46686
8884,8289.7,56212,30.658,908.43,351.66,0.44185
8885,7022.1,57623,26.898,173.72,105.12,0.24603
8885,8365.9,55851,35.788,265.68,124.61,0.36146
8885,8641.1,56445,21.339,552.04,427.03,0.12768
8886,5741.5,57273,33.123,282.01,105.4,0.45585
8887,5925.1,57226,41.937,490.14,404.29,0.095975
8888,6040,56902,31.211,717.98,460.57,0.21842
8888,8344.5,55788,22.642,233.39,242.6,-0.019352
8889,5924.2,56814,25.047,521.27,629,-0.093654
8889,6426,56661,33.728,552.88,485.77,0.064606
8889,8308.1,55829,24.327,295,231.96,0.11964
8890,5671.2,57297,26.253,913.69,866.16,0.026702
8890,5936,56368,36.14,490.28,476.51,0.014242
8890,6502.6,57054,20.184,826.74,588,0.16875
8891,6772.1,57858,14.837,838.87,555.4,0.20331
8892,7222.9,55994,18.4,833.17,657.07,0.11817
8892,8546.5,56683,32.37,333.79,203.66,0.24211
8895,6147.6,57058,30.72,169.58,120.59,0.16884
8895,7181.5,58285,35.986,396.15,129.37,0.50764
8897,6200.8,57190,23.78,426.25,355.94,0.089894
8899,6658.4,57572,35.303,220.53,154.62,0.17567
8899,7239.2,57985,23.353,565,576.61,-0.010175
8900,7114.9,57662,38.987,622.94,474,0.13578
8900,7896.1,58153,15.568,340.74,182.89,0.30144
8901,6346.9,55681,25.008,243.15,141.21,0.26523
8901,7481,57085,25.654,857.74,460.96,0.30089
8902,8593.3,57260,37.394,197.36,265.85,-0.14787
8903,7382.6,56502,31.243,634.18,242.75,0.44636
8903,7451.7,57401,26.485,412.15,485.93,-0.08215
8904,8405.4,55683,17.931,303.15,159.82,0.30958
8905,6630.9,57561,27.566,377.57,334.07,0.06112
8905,7076.2,56571,24.299,276.91,158.39,0.27227
8905,7678.1,57508,19.144,422.59,254.89,0.24755
8905,8359.8,55603,27.683,143.47,102.79,0.1652
8906,6667.7,57563,30.98,649.75,431.51,0.20184
8906,6694.4,57572,29.247,688,465.61,0.19277
8906,7042.7,56494,26.497,182.1,111.27,0.24144
8907,7097.5,56552,35.455,133.26,123,0.040014
8907,7133.1,57880,35.061,288.06,270.19,0.032017
8907,8478.2,58194,34.375,217.85,149.88,0.18483
8909,7222.2,56430,20.148,382.32,351.35,0.042202
8909,7285.1,57881,26.302,512.57,117.37,0.62737
8909,8444.5,57719,28.41,557.39,459.46,0.096309
8910,7220.6,56402,30.88,401.59,381.87,0.025172
8911,6409.9,57465,29.241,382.07,237.24,0.23385
8911,8273.4,57128,22.019,459.18,275.35,0.25027
8912,6200.7,56321,23.67,939.91,437.87,0.36438
8912,6645.2,57550,31.044,296.42,298.55,-0.0035898
8912,8655.3,55915,31.394,161.52,231.92,-0.17893
8913,5710.5,58090,33.38,418.38,126.37,0.53604
8913,6000.5,56308,30.98,406.6,257.76,0.22403
8913,6746.3,55441,34.193,246.72,200.88,0.10241
8915,5814.9,57741,24.635,604.05,324.17,0.30153
8915,6987.7,55476,28.438,312.03,294.38,0.029108
8916,5766.9,57641,26.487,399.08,257.47,0.21569
8916,6960.9,55494,22.541,315.24,290.57,0.040722
8917,5812.1,57452,30.264,607.47,572.25,0.029856
8918,5711.5,57450,30.814,509.33,301.32,0.25659
8918,6241.1,55558,34.404,305.18,310.38,-0.0084559
8918,6315.8,56921,37.503,335.59,230.37,0.1859
8919,6156.3,55658,27.077,454.29,327.38,0.16235
8919,8593.8,58174,35.481,422.68,276.44,0.20918
8920,6155.4,55590,22.594,538.02,415.07,0.12899
8920,6626.4,56951,24.862,648.07,365.08,0.27932
8920,6593.9,57581,31.455,403.28,309.53,0.13153
8920,7302.5,56737,24.696,332.36,176.94,0.30517
8920,7422.6,57708,25.174,408.19,273.31,0.19793
8921,6606.5,56701,32.168,506.62,265.36,0.31253
8922,6067.5,55583,24.865,697.49,666.57,0.022672
8923,8487.8,56790,25.519,1147.5,794.86,0.18154
8925,5794.9,56568,25.94,341.65,254.33,0.14652
8925,6566,57088,21.229,466.08,512.92,-0.047847
8926,5981.5,56763,35.616,248.65,389.26,-0.22042
8926,6596.3,57070,38.873,186.84,236.22,-0.11672
8926,8512.9,55752,29.642,403.16,361.44,0.054567
8927,6515.7,57060,20.474,397.18,517.69,-0.13172
8928,6454.8,57106,25.964,353.14,472.98,-0.14506
8928,7923.2,57072,33.938,469.92,430.13,0.044203
8928,8522.2,55625,25.071,409.21,143.99,0.47944
8929,6493.2,57092,27.033,397.73,564.17,-0.17303
8930,6310.7,57381,33.929,529.27,400.72,0.13824
8930,6944.5,55458,19.079,417.78,180.96,0.39552
8931,6462.6,57165,24.277,450.49,629.7,-0.1659
8933,6479.4,57082,25.839,361.45,593.94,-0.24335
8933,6874.9,57914,31.032,302.72,124.66,0.41663
8934,7480.6,55760,23.814,334.51,220.6,0.2052
8934,7476.9,57443,28.134,246.27,104.85,0.40279
8935,6584.4,55968,29.313,671.87,459.15,0.18808
8936,6560,56172,25.077,584.21,177.33,0.53428
8936,6587.8,57017,34.618,162.37,448.28,-0.46821
8937,7647.8,55555,30.832,291.61,107.99,0.4595
8937,8235.7,56743,25.7,569.18,577.49,-0.007244
8938,7359.7,57588,25.882,789.49,811.13,-0.013518
8938,7918.5,55610,38.047,459.82,300.42,0.20967
8939,7612.4,57630,24.278,264.32,134.22,0.32642
8939,8072.7,56550,30.303,218.47,216.41,0.0047523
8939,8587,56277,29.725,189.86,108.93,0.27084
8940,8201.4,57948,33.813,299.86,189.74,0.22491
8941,5686.7,57883,30.657,302.06,121.94,0.4248
8942,5834.5,57935,28.681,334.63,281.01,0.087105
8943,7718.9,57392,39.374,417.77,274.41,0.20712
8944,7433.9,56613,27.726,512.61,390.77,0.13487
8948,6007.9,55539,30.499,992.58,517.02,0.31502
8948,6497.8,56331,30.851,552.33,242.66,0.38953
8949,5989.1,55517,21.265,899.34,116.6,0.77047
8949,7596.9,57622,25.839,299.13,148.53,0.33641
8951,6845.9,56447,32.544,272.01,235.16,0.072653
8953,5986.5,57998,28.367,658.82,475.67,0.16144
8953,6318.9,57126,32.479,278.95,118.55,0.40353
8953,7243.2,56443,30.033,368.09,294.13,0.11169
8954,5770.9,55588,29.123,212.26,158.49,0.14504
8954,7496.2,57092,20.119,388.25,261.63,0.19483
8954,8563.1,56607,29.465,378.4,285.72,0.13954
8955,7211.1,55981,36.812,306.18,441.88,-0.1814
8955,7609.4,57234,22.595,454.03,310.99,0.18697
8955,8624.8,56883,28.581,491.01,352.91,0.16364
8956,7470.3,57356,33.659,711.58,714.8,-0.0022565
8956,7868.8,58158,25.036,481.27,389.81,0.10499
8957,7256.9,56601,23.971,491.19,329.87,0.19648
8957,7512.5,57076,30.697,1036.2,489.67,0.3582
8959,5978.5,57911,32.065,408.39,251.54,0.23768
8959,7137.2,56553,35.818,211.45,257.45,-0.098119
8959,8076.2,56838,25.711,312.84,107.72,0.48772
8960,7363.1,56438,28.933,235.57,187.73,0.11304
8960,7562,56955,26.416,431.33,137.35,0.51696
8962,7633.6,56716,30.473,202.17,133.56,0.20434
8963,6056.2,58284,31.814,313.18,138.1,0.38797
8964,7807,58248,37.814,349.21,244.94,0.1755
8964,8544.2,56459,35.684,185.98,235.43,-0.11736
8966,7890.3,58179,31.25,163.33,127.22,0.12429
8967,5919.3,58198,36.697,368.38,371.17,-0.0037755
8967,6260.2,57221,35.41,193.78,136.22,0.17443
8967,7980.2,58174,14.522,717.7,240.82,0.49751
8968,7748.3,57499,28.646,677.24,625.12,0.040019
8969,7656.5,57409,27.797,303.25,117.75,0.44063
8970,6049.9,55483,35.377,383.11,291.15,0.13639
8971,5918.9,55511,26.408,947.73,433.6,0.3722
8971,5992.2,55528,22.4,870.55,410.95,0.35864
8971,6680.9,55999,32.499,242.69,116.48,0.35137
8972,6301,57097,22.825,318.66,281.06,0.0627
8972,6727.2,56022,26.089,388.87,107.2,0.5678
8973,6426.9,57070,21.813,498.16,210.08,0.40675
8973,6588.6,56437,23.483,389.89,201.59,0.31834
8974,6402,57087,29.816,539.9,489.04,0.049427
8974,6637.9,56524,33.814,708.39,665.05,0.031553
8974,7215.6,57678,34.472,220.6,154.14,0.17734
8975,7910.8,57813,35.279,407.68,439.54,-0.037602
8976,6415.3,57053,27.375,268.7,148.53,0.28803
8976,6823.7,55735,34.428,259.87,245.74,0.027947
8977,8659.4,58116,32.208,244.02,177.69,0.15731
8978,8442.3,58043,33.179,270.07,125.41,0.36579
8979,8576.1,58203,25.736,520.52,335.8,0.21572
8980,7347.9,57845,29.582,677.38,451.48,0.20012
8981,7899,56330,36.493,371.02,316.83,0.078779
8981,8246.9,57573,35.271,625.9,526.83,0.085944
8982,7053.3,57564,40.067,512.87,477.6,0.035609
8983,7000.5,57406,30.025,324.16,183.25,0.27771
8984,7638.9,55945,34.848,466.26,137.05,0.54568
8986,7068.5,56886,20.807,985.28,681.31,0.18239
8987,7001.5,57881,38.701,289.44,248.13,0.076836
8987,7126.7,57003,17.559,883.52,562.97,0.22161
8988,7170.4,56958,16.799,947.14,738.59,0.12371
8988,8117,55793,31.767,286.98,138.75,0.34819
8988,8204.5,57913,36.184,233.52,183.21,0.12072
8989,6023.5,56509,35.067,407.52,294.49,0.161
8989,7238.4,57122,16.105,1815.6,1322.7,0.15705
8990,6945.3,58105,31.308,206.66,118.53,0.27102
8990,7302.1,56305,31.676,504.01,398.68,0.11669
8990,7385.5,57110,20.946,1174.5,1295.5,-0.049014
8991,6171.6,56486,36.017,318.07,371.51,-0.077501
8991,6629.6,55901,33.047,369.33,193.17,0.31317
8992,6672.6,56924,33.4,514.27,187.82,0.46497
8993,6207.5,56396,33.385,254.42,148.63,0.26248
8993,7947.3,57906,33.556,601.32,432,0.16387
8994,7041.2,56721,33.3,563.03,508.4,0.050987
8994,7957.5,57799,24.965,970.21,595.15,0.2396
8994,8467.6,55799,24.076,397.9,226.96,0.27358
8995,8446.1,55795,14.536,372.01,304.64,0.099572
8996,6901.8,56700,29.206,299.33,272.57,0.046799
8996,7889.6,57488,32.51,429.13,296.71,0.18243
8996,8309.5,55778,31.359,335.35,388.52,-0.073454
8997,5850.9,58356,33.008,351.01,496.06,-0.17124
8997,6329,57153,25.196,275.49,164.03,0.2536
8997,8393.3,55782,22.748,285.41,187.4,0.20728
8998,7223.3,56403,35.06,506.54,599.74,-0.084251
8999,7067.4,56341,27.824,645.06,886.11,-0.15743
9000,6474.9,56244,28.899,245.72,149.16,0.24453
9000,7198.6,58127,31.358,318.98,194.1,0.24338
9001,6231.2,56428,32.1,519.48,244.01,0.36081
9001,6945.8,57651,39.546,181.49,166.7,0.04248
9001,8218.1,55568,35.504,158.63,121.73,0.13165
9002,7962.9,55897,33.3,477.28,299.75,0.22848
9002,7989.3,57740,32.692,557.55,233.76,0.40918
9003,6303.6,55750,32.07,252.16,361.08,-0.17762
9003,7952.1,57726,34.13,227.12,109.28,0.35028
9003,8545.1,57238,36.225,303.44,120.1,0.43287
9004,8446.9,55957,33.349,363.12,283.53,0.12308
9006,7155.4,56572,20.87,570.55,1032.1,-0.28798
9006,7481.5,58359,34.55,518.52,407.83,0.11949
9006,7929.3,56190,35.311,317.9,237.48,0.1448
9007,8499.5,57525,28.884,806.89,499.74,0.23507
9009,6168.9,56761,32.609,427.17,334.89,0.1211
9010,6202.4,56759,32.722,334.62,197.53,0.25761
9010,6900.8,56544,28.782,964.83,1019.6,-0.027608
9011,6942,56816,33.904,456.55,612.85,-0.14616
9012,6092.5,55405,33.031,530.08,406.43,0.13203
9012,6671.4,56537,35.569,426.84,653.97,-0.21015
9012,7125.7,57222,35.867,357.09,395.07,-0.050497
9014,7456.8,56093,14.257,392.27,207.17,0.30879
9016,6606.4,57491,34.114,159.22,107.47,0.19403
9016,7009.8,56799,35.602,360.69,304.74,0.08408
9017,6015.6,55646,34.753,411,315.43,0.13156
9018,6007.1,55395,39.739,568.29,160.74,0.55903
9018,7356.1,56976,33.732,277.9,164.52,0.25628
9020,6465.4,57671,34.456,205.33,154.98,0.13972
9024,6203.7,55580,24.638,977.55,609.79,0.23168
9024,6424.6,56446,36.922,224.58,210.58,0.03217
9026,6231.1,56587,27.565,260.66,192.84,0.14955
9026,6779.3,56947,28.675,412.71,196.08,0.35584
9027,6253.9,56702,25.354,455.36,279.99,0.23849
9027,7030.9,56861,37.424,262.49,236.56,0.051964
9028,6267.4,56832,31.037,763.06,681.8,0.056242
9028,7039.3,56861,28.675,479.38,172.25,0.47134
9028,7784,57333,40.216,799.19,575.02,0.16313
9029,6589.7,55642,29.124,371.12,343.78,0.038251
9030,6191.2,56251,29.832,508.17,338.59,0.20028
9030,6517.5,55671,36.848,508.79,271.93,0.30338
9030,8431.3,57616,21.709,820.42,586.82,0.166
9031,5785,56163,32.532,301.29,196.15,0.21136
9031,6926.5,57544,23.572,237.31,170.11,0.16494
9031,8454.9,57711,25.785,544.44,217.84,0.42846
9033,6656.8,55803,29.054,672.78,607.41,0.051066
9033,7357.4,57519,20.324,693.48,496.23,0.1658
9034,6259.4,57177,37.556,401.21,202.09,0.33005
9034,6838.6,55671,29.48,350.96,229.31,0.20965
9035,7446.6,57356,19.635,913.97,723.37,0.11641
9035,8485.8,55906,30.015,459.95,345.2,0.14253
9036,8396.9,55879,28.008,273.33,302.87,-0.051255
9037,7538.3,57128,24.378,449.02,232.71,0.3173
9038,7397.8,56657,30.083,660.42,575.47,0.068738
9040,7829.4,57947,23.41,403.43,372.08,0.040425
9044,7238.9,55633,38.143,352.11,371.61,-0.026945
9044,8534,56352,35.818,235.07,178.72,0.13619
9045,7752,58274,31.046,714.51,465.27,0.21125
9046,7845.3,58128,22.42,582.16,496.76,0.079158
9050,7151.7,57425,34.578,354.38,118.75,0.49801
9051,7233.5,57649,33.734,446.31,243.18,0.2946
9051,8045.2,56591,33.9,477.62,310.53,0.21201
9052,7168.7,55711,30.828,409.32,243.23,0.25453
9052,7193.2,57781,20.937,840.82,452.75,0.3
9053,8352.3,55807,32.889,348.91,179.18,0.32141
9054,6776,56529,32.971,647.46,531.99,0.097904
9054,7569.9,56463,34.404,330.51,270.06,0.10066
9054,8381.9,55893,29.019,441.03,119.23,0.57437
9055,6640.1,56963,35.096,454.14,285.91,0.22733
9055,8378.1,55868,38.338,589.35,458.34,0.12504
9056,5818.4,58266,29.464,400.33,376.21,0.031056
9056,7283.6,56598,17.622,814.76,562.61,0.18307
9056,8247.8,55708,43.955,771.44,396.15,0.32142
9057,6215.3,57125,23.841,557.23,472.53,0.082255
9057,7264.8,56521,21.172,591.87,319.3,0.29915
9057,8323.8,55751,23.407,1053.9,818.66,0.12565
9058,6233.3,57157,35.073,165.3,140.05,0.082672
9058,7139,56352,19.711,516.56,358.23,0.18099
9058,8356.5,55842,20.394,541.26,395.01,0.1562
9059,7144.1,56456,14.914,936.79,726.26,0.12659
9059,8391.7,55866,24.245,395.52,279.25,0.17231
9060,7002.5,56554,24.837,1427.5,1378.1,0.017631
9062,6871.2,56337,24.098,1459,1246.7,0.078477
9062,7089.3,56434,43.269,1341.8,1289.1,0.020028
9062,7467.1,55914,22.007,526.6,209.36,0.43106
9062,8034.6,58265,27.733,250.37,258.43,-0.015834
9063,5794.2,58123,29.252,479.74,690.25,-0.17992
9063,7233,56569,19.057,387.93,364.11,0.031682
9064,5868.2,58072,23.552,861.13,732,0.081054
9064,7201.7,56549,20.729,353.07,424.86,-0.092277
9065,5718.7,56114,32.358,532.95,469.72,0.063057
9065,5893.3,57990,33.417,772.28,569.6,0.15104
9065,7223.5,56550,16.742,477.2,379.62,0.11388
9066,5864,58006,25.481,538.15,436.22,0.10461
9066,8240.7,56854,31.1,128.13,153.81,-0.091065
9067,6010.3,58031,22.004,693.43,470.64,0.19139
9067,7348.4,56580,22.627,241.35,242.25,-0.0018734
9068,6443.1,56944,24.195,446.62,374.9,0.0873
9069,6038.2,58039,34.376,515.36,366.94,0.16823
9070,8022.6,58010,22.407,670.61,430.74,0.21779
9071,6132.9,56891,25.865,480.16,272.84,0.27532
9071,8250.5,57975,35.885,563.75,251.91,0.38232
9073,6013.1,56723,31.6,322.47,104.46,0.51065
9073,7170.6,56388,24.217,347.82,224.81,0.21481
9074,7153.4,56472,25.274,608.33,437.13,0.16375
9075,7661.3,57557,23.27,312.35,193.79,0.23424
9076,7611.7,57362,37.799,937.05,708.68,0.13876
9077,6358.2,57864,30.939,363.32,251.95,0.18101
9077,7906.2,57259,25.51,448.13,356.8,0.11346
9077,8451.3,56522,30.512,811.03,640.28,0.11766
9078,7040.7,56336,23.698,766.63,814.82,-0.03047
9078,7312.3,58276,30.276,400.42,378.12,0.028648
9078,7788.3,57174,30.4,605.8,588.07,0.014855
9078,7955.9,58187,24.857,369.66,398.47,-0.037503
9079,6314.5,55584,22.58,871.88,593.85,0.18969
9079,6850.6,56174,23.535,767.43,494.91,0.21588
9079,7743.9,57157,32.259,327.85,177.14,0.29846
9079,7931.2,58124,37.989,601.74,370.37,0.23801
9080,7101.2,58298,28.383,381.91,140.56,0.46194
9080,7241.4,56497,34.767,615.82,837.29,-0.15241
9081,6556.5,55762,20.668,677.69,544.84,0.10867
9081,6690.1,57747,31.81,241,271.94,-0.060306
9081,7267,56560,20.92,902.41,617.85,0.18718
9082,7239.4,56520,19.668,1253,1061.7,0.082683
9082,7188.7,57724,37.702,371.37,189.23,0.3249
9083,6081.5,56681,32.649,267.97,347.97,-0.12989
9083,7255.6,56569,23.091,813.93,986.54,-0.09587
9083,7263.6,57690,21.059,678.05,581.3,0.076831
9085,8240.6,57002,36.278,388.12,300.31,0.12756
9086,6341.8,57491,40.143,331.74,342.51,-0.015972
9086,7083.9,57019,41.773,702.97,604.81,0.075059
9086,7511.9,56484,29.657,212.55,196.34,0.039659
9087,6958.5,56909,31.211,429.61,195.31,0.37492
9087,7305.7,55482,28.268,448.15,515.14,-0.069545
9087,8400.3,55825,28.524,335.73,200.79,0.25152
9088,7353.7,55540,20.047,482.22,367.85,0.13454
9089,7341.1,55497,19.039,649.15,430.58,0.20242
9090,7318.4,55492,19.513,678.63,640.78,0.028687
9090,7206.9,57606,31.648,312.83,310.63,0.0035386
9090,7831.9,55950,35.502,494.57,281.31,0.27485
9091,6372,56272,32.137,417.66,228.58,0.29259
9092,6289.8,56454,37.174,457.26,498.66,-0.043309
9092,6340.4,56606,33.948,514.25,576.24,-0.05685
9092,6692.9,55836,42.025,270.31,224.42,0.092753
9093,6514.7,56558,42.86,402.85,466.73,-0.073461
9093,7793,56506,34.428,327.78,281.33,0.076261
9094,6762.3,56400,30.42,414.33,233.65,0.27884
9095,5725.1,56378,31.551,403.83,349.75,0.071771
9095,6835,56295,27.938,372.45,304.06,0.10109
9095,7311.8,58256,32.646,376.08,285.11,0.13759
9095,8063.2,56901,29.069,721.45,295.5,0.41885
9096,6175.6,58367,27.32,251.99,117.63,0.36351
9096,7971.4,56787,32.233,288.58,271.47,0.030558
9097,7887.2,57050,25.495,450.14,384.5,0.078652
9097,8316,55844,30.248,260.22,278.72,-0.034334
9098,7234.7,56428,33.989,397.39,541.17,-0.15319
9099,5707.2,56290,41.634,460.22,331.43,0.1627
9100,6241.3,56158,32.706,729.74,200.41,0.56908
9101,7833.3,57034,22.218,429.75,343.29,0.11185
9101,7972.2,58157,22.276,380.28,268.67,0.17198
9102,7714.7,57031,27.811,302.7,191.97,0.22384
9103,7435.8,56896,28.825,348.85,238.61,0.18765
9105,6287,56227,33.981,680.7,366.25,0.30035
9105,7974.8,58324,31.907,349.77,277.72,0.11482
9106,6406.3,56065,39.852,391.34,220.83,0.27852
9107,6100.3,56266,28.553,325.68,306.88,0.02972
9108,5928.4,56167,20.824,324.41,211.36,0.21101
9109,7923.1,58087,20.997,346.22,293.59,0.082255
9111,6233,55557,35.783,294.16,198.9,0.1932
9113,7186.2,56976,33.067,558.02,385.49,0.18286
9113,7246.9,58061,23.865,684.61,287.79,0.40807
9113,8287.9,57913,33.644,142.92,212.85,-0.19656
9114,5932.6,58136,28.806,286.18,196.38,0.18609
9114,6116.2,55764,31.946,167.32,134.86,0.10742
9114,7153,58111,29.254,1282.7,672.53,0.31206
9115,8045.1,58200,34.886,263.31,250.43,0.025063
9116,7120.1,55706,22.224,516.35,284.79,0.28904
9116,7213.9,56994,31.949,280.34,135.64,0.34785
9116,7781.9,57198,24.259,297.41,243.01,0.10068
9118,6455.1,57416,35.436,232.11,153.42,0.2041
9118,8250.8,57550,35.576,579.26,692.44,-0.088992
9119,5945,57185,26.905,475.61,188.52,0.43228
9119,5848.6,57784,26.905,778.08,386.89,0.33579
9121,6155.6,57444,31.978,747.75,539.02,0.16221
9121,7744,57547,29.575,395.94,432.7,-0.044366
9122,5966.6,55639,35.648,327.38,314.53,0.020014
9123,6056.2,58153,25.293,812.13,877.85,-0.038884
9123,6458.7,55818,19.311,793.47,630.42,0.11451
9123,8423.1,55741,24.587,441.69,198.5,0.37988
9124,6401.3,55720,25.737,552.21,344.68,0.23139
9125,5965.1,57837,24.862,721.43,430.86,0.25217
9125,6200.4,55804,30.516,523.42,552.81,-0.02731
9125,7360.8,56420,30.706,581.98,704.18,-0.095012
9127,5690.4,56290,26.082,1330.1,696.93,0.31237
9127,5919.7,56255,31.645,756.02,552.54,0.1555
9127,6574.9,55956,28.418,329.86,210.35,0.22124
9128,5674.9,57319,25.472,259.08,117.58,0.37568
9129,6149.7,56050,26.344,566.72,526.77,0.036533
9129,6960,56537,19.696,458.95,456.21,0.002995
9129,7325.4,57512,31.362,253.46,226.96,0.05517
9129,8543.9,57748,28.068,895.45,459.52,0.32172
9129,8604,57975,25.346,870.59,428.23,0.34058
9130,6039.4,56267,13.219,1188.1,680.45,0.27169
9130,7139.5,56424,19.794,376.89,360.99,0.021558
9130,8624.3,57429,30.068,343.48,277.25,0.1067
9131,6047,56292,18.263,864.31,538.3,0.23244
9131,8412.9,57563,17.895,1013.1,510.67,0.32971
9132,6138.4,56302,21.732,676.06,672.5,0.0026422
9132,7202.6,56922,32.005,371.84,211.47,0.27492
9132,8462.3,57534,23.089,757.5,574.89,0.13706
9133,6171.4,56236,30.34,513.25,284.16,0.28729
9133,7294.3,56740,37.504,516.41,326.51,0.22529
9133,8422.6,57844,28.041,495.3,391.05,0.11762
9134,5972,58269,32.329,719.44,463.72,0.21613
9134,6011.7,56098,25.318,159.38,118.09,0.14879
9134,6105.7,57291,32.427,312.6,116.28,0.45776
9134,7505.1,56717,21.171,774.88,850.2,-0.04635
9134,8481.6,57938,27.8,414.03,190,0.3709
9135,5836.1,58181,27.44,409.3,265.17,0.21368
9135,7451.3,56837,20.367,452.83,349.68,0.12854
9136,7292.9,56133,24.955,433.1,380.24,0.064989
9136,7432.6,56828,18.516,412.54,265.99,0.21598
9137,7248.5,56200,21.514,783.61,723.53,0.039864
9137,7436.7,56847,15.326,851.46,461.02,0.29748
9138,7193.1,56100,27.511,456.92,475.26,-0.019673
9138,7399.5,56804,23.943,501.23,413.76,0.095599
9138,7739,57568,31.573,306.13,167.51,0.29265
9139,7254.7,56210,24.142,627.16,681.69,-0.041664
9139,7271.2,56606,26.609,448.55,618.52,-0.15928
9140,7270.8,56088,26.009,398.72,328.73,0.096211
9140,7400.4,56791,23.427,395.9,322.54,0.10211
9141,7255,56721,15.438,874.23,533.39,0.24214
9143,5859.3,56983,26.635,433.83,216.04,0.33512
9143,7239.9,56050,22.53,270.74,185.19,0.18762
9144,6174.2,57218,33.956,468.47,346.67,0.14942
9144,7187.6,56389,23.431,743.57,463.02,0.23251
9144,8193.3,57846,33.426,352.35,290.49,0.096239
9145,6032.4,57172,25.102,357.07,271.47,0.13619
9145,6536.4,56429,34.373,237.03,144.44,0.2427
9145,7275.2,56078,24.663,363.16,288.7,0.11422
9145,8181.5,57815,33.582,409.85,209.55,0.32338
9146,7275.7,56042,25.669,208.53,166.59,0.1118
9147,7564.1,55444,35.12,273.61,135.47,0.3377
9147,8240.3,57784,35.923,331.94,290.59,0.066412
9148,6076.2,56744,23.904,308.24,320.51,-0.019516
9148,6206.4,58177,45.839,382.91,344.02,0.05349
9149,6075.9,56732,25.51,302.19,392.51,-0.13
9149,7194.5,55752,22.894,334.91,344.49,-0.014092
9150,6147.6,56702,19.648,267.69,147.93,0.28813
9150,8327.6,57674,28.036,269.72,152.01,0.27911
9151,8424.9,57760,29.623,200.09,104.86,0.31228
9152,6339.2,57264,32.162,362.65,439.66,-0.095984
9153,7499,56652,36.406,483.56,578.02,-0.088975
9154,6075.6,57261,33.239,300.43,351.07,-0.077718
9156,5810.1,56172,35.805,162.7,110.75,0.19
9156,8055.8,56669,33.854,536.08,205.74,0.44531
9157,5857,56008,39.988,289.38,281.94,0.013024
9157,7825.1,58100,30.491,379.35,449.21,-0.084314
9157,8273.5,56528,18.433,461.67,140.48,0.5334
9159,7688.5,57424,23.963,877.75,741.4,0.084213
9160,6495.9,57007,32.408,360.66,219.68,0.24293
9162,5793.7,56256,38.66,259.07,114.8,0.38587
9162,7135.3,56482,29.013,243.48,109.59,0.37923
9162,8190.9,57355,38.525,358.59,253.08,0.1725
9163,7174.5,56412,23.707,218.18,340.15,-0.21846
9163,8427.4,57515,28.972,529.26,338.22,0.22022
9166,5878.4,55607,30.974,144.37,140.83,0.012407
9167,6932.4,56243,32.563,308.38,191.74,0.23322
9167,7451.4,56642,29.929,440.47,400.61,0.047397
9167,7659.6,57713,37.155,240.93,135.08,0.2815
9168,7426,56678,21.623,391.36,178.55,0.37342
9169,7369.3,56702,26.572,481.47,401.73,0.090285
9169,8508.9,56815,29.826,384.7,223.24,0.26559
9170,7131.7,56411,20.848,929.51,587.72,0.22527
9171,6259.2,55428,29.643,581.1,600.08,-0.016067
9171,7150.6,56439,17.246,703.06,735.24,-0.022371
9171,7150.2,57748,24.828,1215.4,820.13,0.19417
9172,7153.6,56382,14.834,547.06,406.7,0.14716
9173,6239.1,55787,25.412,299.02,309.2,-0.016741
9173,7153.7,56379,13.098,688.99,642.49,0.034923
9173,8380.4,55871,25.662,573.42,579.78,-0.0055133
9174,7180.9,56359,13.806,811.57,705.21,0.070122
9174,8229.1,55885,26.947,596.08,322.44,0.29791
9175,7057.7,56456,22.712,842.89,741.51,0.06399
9175,7815.7,57363,30.974,280.93,198.44,0.17208
9176,7088.2,56457,23.813,1119.5,985.77,0.063536
9176,7368,55900,23.827,726.92,604.62,0.091844
9177,7138.8,56623,20.478,804.11,459.36,0.27285
9178,7151.7,56604,22.694,608.99,492.6,0.10566
9179,5996.2,58059,29.8,643.82,207.41,0.51269
9179,7147.4,56532,35.116,650.29,732.01,-0.059119
9180,8481.5,56923,32.957,323.67,181.19,0.28222
9181,7532,57051,34.506,294.34,204.63,0.17978
9182,7022,56719,34.537,502.5,197.15,0.43643
9182,7732.8,57780,20.64,693.48,136.59,0.67089
9183,7647.1,57245,29.544,611.55,332.02,0.29624
9187,6853.4,55492,32.656,346.96,195.85,0.27839
9189,5743.6,58353,37.604,433.37,497.28,-0.068674
9190,8074.3,57476,30.052,470.02,329.8,0.17532
9191,7248.5,55647,35.236,836.74,652.78,0.1235
9191,7925,58153,35.219,622.02,506.48,0.10238
9192,7906,58112,23.193,1143.5,801.44,0.17587
9193,6636.4,55962,28.46,522.21,221.98,0.40343
9193,7224.2,55561,33.47,246.44,192.08,0.12397
9193,7646.5,56499,29,393.11,177.58,0.37767
9193,7930.1,58149,13.051,1062.7,618.74,0.26404
9194,6738.7,56122,19.575,1057.7,753.93,0.16766
9194,7643.8,56518,18.486,411.65,197.03,0.3526
9194,8025.5,58124,30.204,588.48,583.9,0.0039077
9196,7804.1,58107,24.596,276.63,195.86,0.17095
9197,8613.8,57011,22.831,648.62,446.42,0.18465
9198,6480.5,57004,27.505,726.58,595.06,0.099519
9198,7215.3,56513,35.926,330.24,231.95,0.17483
9198,7884.6,58204,22.656,375.83,381.09,-0.0069421
9199,6487.5,56923,22.482,500.45,313.28,0.23001
9199,6610.2,55827,31.55,257.85,165.82,0.21721
9199,8478.9,56770,33.048,287.17,274.32,0.022883
9200,6405.2,56785,30.558,312.27,162.82,0.31457
9200,7081.2,56575,20.84,234.48,216.07,0.040876
9200,8597.8,57061,35.494,392.16,284.73,0.1587
9201,5746,57161,26.42,240.49,170.9,0.16914
9201,7357.8,57036,32.405,195.03,123.65,0.22399
9201,8006.3,58068,41.666,591.14,528.55,0.055901
9204,7074.4,55480,34.175,333.83,199.21,0.25255
9204,8320.7,55890,23.009,451.98,220.08,0.34506
9206,8142.1,58283,28.786,540.23,458.47,0.081869
9206,8314.2,56592,29.14,438.53,375.69,0.077179
9207,7348,56017,28.079,216.88,132.06,0.24308
9207,7990.9,58025,33.673,625.35,544.49,0.069124
9208,7825.6,57977,31.46,697.34,386.9,0.28632
9208,8376.8,55804,29.707,493.68,295.15,0.25168
9209,7861.7,58116,14.982,506.6,335.65,0.20297
9209,8377.3,56658,34.508,213.27,230.39,-0.038577
9210,7181,56387,21.899,356.3,373.27,-0.023254
9210,7980.2,58158,22.633,281.2,160.64,0.27286
9211,6573.6,58343,37.882,254.05,129.57,0.32449
9211,7946.6,58142,34.502,175.94,349.81,-0.33071
9212,6606.7,55931,33.752,436.03,214.37,0.3408
9212,7172.8,56475,30.351,141.47,113.62,0.10918
9212,8397.6,56650,24.705,258.27,150.18,0.26463
9214,7345.2,57802,23.635,712.93,655.54,0.041938
9215,7326,57766,27.044,649.76,394.47,0.24448
9216,6224.2,57196,32.742,342.34,214.77,0.22898
9216,7589.1,57524,27.378,439.8,293.22,0.19997
9216,8540.3,57719,26.341,566.98,418.52,0.15064
9217,6150.8,57304,31.393,611.16,275.14,0.37912
9217,7764.8,57540,20.292,761.83,410.08,0.30015
9217,7921.3,58155,35.379,344.54,217.51,0.22602
9218,6092.9,57731,33.37,673.66,421.34,0.23043
9218,7856.5,57733,30.058,489.75,293.4,0.25072
9219,5890.3,55494,24.943,1014.8,629.85,0.23405
9219,6539.7,57985,28.296,750.4,588.06,0.12129
9219,7751.3,57662,31.305,681.1,436.23,0.21916
9220,7284.1,56431,35.866,167.31,116.89,0.17743
9220,7843.8,58382,34.177,365.29,239.6,0.20779
9221,6014.1,56189,34.601,306.93,261.38,0.080139
9221,6438.1,57522,34.231,848.1,528.69,0.232
9221,7241,56523,34.174,234.79,222.29,0.027352
9221,7837.2,58315,21.096,748.72,589.2,0.11923
9221,8334.2,56025,35.843,241.53,162.93,0.19435
9222,6000.3,56251,31.486,340.52,267.93,0.11929
9222,7207.7,56713,21.665,1452.9,1041.7,0.16486
9222,7593.8,57361,21.435,974.46,531.94,0.29376
9222,7860.1,58136,20.165,366.18,388.39,-0.029439
9223,7636.3,57125,15.488,1363.5,740.88,0.29587
9224,6849.9,56183,30.648,311.38,352.52,-0.061969
9224,7932.4,55826,33.006,330.53,179.65,0.29575
9224,8034.5,57846,34.829,357.52,349.85,0.010846
9225,6828.4,56191,27.397,336.4,293.34,0.068377
9225,7255.1,56727,32.513,398.87,301.3,0.13934
9225,7228.5,57556,38.117,359.43,157.16,0.39154
9225,8376.7,56781,38.89,176.2,521.74,-0.49509
9225,8185.4,57751,31.029,655.4,522.64,0.1127
9226,6230,56802,33.724,378,312.97,0.094109
9226,7955.3,55783,33.462,160.97,139.2,0.07253
9226,7967.8,57878,29.397,1179.8,714.24,0.24579
9227,7205.8,57097,35.347,216.84,200.21,0.039886
9228,7641.4,57692,35.582,776.26,319.97,0.41624
9229,7709.7,57552,24.208,432.73,163.43,0.45173
9231,7279.9,56851,30.682,404.54,316.92,0.12145
9232,8292.1,57737,31.549,188.17,192.05,-0.010201
9233,7445.6,56838,27.17,412.42,440.59,-0.033016
9233,7889.2,57696,31.671,451.3,381.86,0.083348
9233,8258.5,56764,33.77,567.44,594.03,-0.022886
9233,8566.7,55715,32.69,704.42,463.19,0.2066
9234,5952.6,56692,33.205,365.88,372.33,-0.0087359
9235,7137.4,56798,23.015,459.51,318.1,0.18185
9236,7049.8,56660,20.967,524.31,257.35,0.34153
9236,7738.2,57222,37.174,275.33,109.45,0.43108
9237,7046.4,56467,17.88,279.5,276.71,0.0050169
9238,7051.5,56418,18.819,246.06,172.86,0.17475
9238,7978.7,58055,28.451,382.09,486.62,-0.12033
9239,6911.9,55791,28.376,271.52,173.25,0.22094
9239,7076.1,56413,17.895,302.32,244.47,0.1058
9239,8402.6,55786,21.006,503.23,267.43,0.30597
9240,6192.7,57451,27.204,381.23,119.29,0.52332
9240,8381.5,55867,20.585,373.87,187.9,0.33104
9243,6591.6,56046,31.104,466.52,232.17,0.33541
9243,8089,55887,39.723,185.71,103.56,0.28399
9245,7919.6,58177,16.181,312.57,186.99,0.25139
9245,8530.9,56191,18.107,534.83,144.41,0.57479
9246,6960.5,56558,19.469,842.04,545.59,0.21364
9247,7038.5,56490,13.379,808.44,518.29,0.21869
9248,7038.1,56386,14.757,548.88,554.91,-0.0054698
9249,7054.8,56437,21.657,510.6,536.74,-0.024958
9250,7079.8,56459,12.458,829.23,560.56,0.19331
9250,8525.6,55911,32.984,383.59,359.66,0.03219
9251,7118.2,56405,9.3582,1207.3,738.25,0.24108
9251,8355,55941,23.11,469.04,469.5,-0.00048647
9253,6034.2,56978,33.453,332.33,314.34,0.027818
9254,6125,56938,33.136,245.43,167.43,0.18894
9254,8538.2,55842,31.277,166.3,198.74,-0.088861
9255,6649.2,56118,33.203,577.84,229.04,0.43228
9255,7856.6,57571,30.391,496.2,439.67,0.060409
9256,6266.6,56946,35.219,447.12,323.57,0.16031
9256,6511.5,56148,37.53,318.67,207.41,0.21149
9258,6797.4,56300,33.777,361.53,148.28,0.41829
9259,7000.7,56467,31.028,374.54,501.8,-0.14522
9259,7423.5,57697,33.195,370.75,293.02,0.1171
9260,6912.6,56392,33.701,592.68,619.74,-0.02232
9260,7287.2,57749,25.326,650.26,435.91,0.19735
9261,7009,56128,28.92,254.99,334.31,-0.13461
9261,7774.5,57880,35.568,537.7,125.77,0.62087
9263,6239,56736,32.998,443.63,356.81,0.10846
9263,7630.4,57684,38.729,303.26,226.41,0.1451
9263,8591.4,58057,29.008,376.98,312.49,0.093538
9264,5899.8,56598,34.592,398.2,142.4,0.47316
9264,7222.1,56052,28.822,353.11,403.66,-0.0668
9264,7775.9,57655,32.015,552.49,377.82,0.18775
9265,5697,56462,37.546,363.23,368.65,-0.0074075
9265,6725,56397,39.426,324.03,242.97,0.14297
9265,7249.4,56099,24.536,206.69,126.69,0.23996
9266,6592.5,56444,34.094,346.04,297.41,0.075586
9266,7265.2,56098,22.19,268.53,110,0.41881
9266,7900.5,58119,19.949,615.79,559.8,0.047623
9266,8035,55873,34.041,645.8,317.37,0.34098
9267,7178.6,56077,32.021,358.69,263.1,0.15373
9267,7979.7,58251,32.837,430.59,378.71,0.064108
9268,6090.1,56785,29.4,247.52,194.06,0.12107
9268,7272.2,56078,29.579,183.62,149.12,0.10367
9268,8068,57584,34.625,252.81,410.95,-0.23824
9269,7178.8,57809,37.653,305.25,150.3,0.34014
9269,8159.9,57589,34.259,368.77,354.79,0.019325
9270,5740.3,58054,32.738,277.35,291.24,-0.024421
9270,6430.5,56549,27.463,309.85,186.32,0.24897
9270,7160.4,57873,29.702,354.27,141.45,0.42932
9270,8177.1,57569,37.092,512.56,710.48,-0.16183
9272,6023.8,56707,26.768,480.28,268.16,0.28343
9273,7364.7,56496,29.406,371.73,432.07,-0.075065
9273,7912.8,58122,21.066,406.33,271.94,0.19814
9276,7894.3,58044,33.451,276.03,237,0.076063
9277,8019.4,57724,32.872,260.25,318.74,-0.10101
9278,6100.3,55481,28.028,235.44,263.19,-0.055652
9278,6106.5,56589,27.528,465.87,328.48,0.17296
9278,7446.8,57142,34.377,376.78,326.55,0.071417
9279,6136.1,55686,30.609,667.24,554.02,0.092707
9279,7613.6,56434,36.173,171.08,207.03,-0.095072
9280,6031,55649,32.552,580.62,436.1,0.14214
9281,5935.8,56960,28.07,304.86,241.05,0.11689
9282,7200.3,58007,32.623,806.11,437.89,0.296
9282,8033.1,57175,29.732,628.74,362.08,0.26913
9283,6183.7,55873,27.886,897.52,482.02,0.30118
9283,7228.8,57708,30.986,604.72,328.87,0.29547
9283,8558,57202,27.677,731.35,164.71,0.63237
9284,6356.2,55848,26.632,713.86,468.5,0.20752
9284,7222.9,57804,25.509,637.28,294.63,0.36768
9285,6239.1,58386,31.717,366.34,373.6,-0.0098188
9285,7397.4,55890,28.641,643.49,417.9,0.21254
9285,7648.8,58365,37.241,247.16,200.47,0.10432
9285,8449.9,56801,33.865,520.46,416.73,0.11068
9286,6702.5,56114,33.193,660.57,381.84,0.26739
9286,7437.8,55935,32.704,442.95,274.23,0.23525
9286,8222.1,56589,38.928,301.39,295.11,0.010526
9287,6840.6,56387,24.477,296.71,131.76,0.38498
9288,5763.9,55764,28.31,923.79,521.58,0.27827
9288,7045.4,57730,27.999,1233,850.82,0.18341
9288,7371,56832,31.11,273.94,262.97,0.020426
9289,5670.1,55755,29.772,685.12,403.85,0.25829
9289,6996.4,57512,31.462,267.95,109.01,0.42164
9290,5723.8,56071,31.902,181.95,138.65,0.13508
9290,8341.9,57715,36.387,206.57,126.84,0.23915
9291,7165.7,56418,21.141,422.93,156.07,0.46089
9292,6104,56364,35.606,348.16,349.58,-0.0020339
9292,7100.1,56575,27.772,329.51,298.6,0.049213
9292,7323,55785,29.37,344.9,191.25,0.28659
9293,5729.5,58149,28.401,359.18,355.14,0.0056496
9293,6679.7,57827,38.207,223.65,179.93,0.10831
9293,7417.8,55851,29.054,641.34,453,0.17211
9294,6336.8,56661,38.361,218.14,108.78,0.3345
9294,6594.5,55860,25.094,269.18,151.04,0.28114
9294,6763.9,57509,33.437,589.19,487.2,0.094746
9294,7930.7,58211,37.034,403.32,373.88,0.037877
9295,8283.8,57018,35.73,485.99,260.94,0.30131
9296,8292.6,57571,32.464,426.93,222.58,0.31463
9296,8656.6,57035,33.091,258.74,146.27,0.27772
9297,6249.2,56368,36.667,115.98,117.22,-0.0053281
9297,8397.4,57814,32.662,282.55,127.55,0.37795
9298,6019,58025,34.794,362.31,322.01,0.058894
9298,7472.4,55924,16.158,715.91,398.11,0.28528
9299,5985.9,57282,26.68,346.07,348.99,-0.0042048
9300,5805.9,58353,38.351,239.47,183.65,0.13192
9300,7765.9,57427,38.236,300.86,286.53,0.024404
9301,8034.9,57528,29.025,270.49,166,0.23937
9302,7051.2,56477,26.998,668.91,616.23,0.04099
9302,8303,57641,35.114,451.3,452.5,-0.0013264
9303,5836.1,58166,29.069,348.78,207.95,0.25296
9303,7068,56370,27.235,489.28,274.53,0.28115
9304,7986.9,58208,35.538,320.9,112.35,0.48136
9304,8550.5,57406,34.263,285.2,252.88,0.060062
9305,7203,56474,25.933,417.5,487.06,-0.076907
9305,7951.2,58132,20.344,413.59,187.97,0.37505
9307,7820.3,58204,33.642,203.66,146.24,0.1641
9308,5765.6,55534,31.538,307.7,264.95,0.074658
9309,7745.2,57659,31.718,600.53,461.26,0.13117
9310,5774.8,58186,23.396,467.9,311.79,0.20022
9310,7656.3,57559,18.08,569.47,358.22,0.22772
9311,6226.1,57232,28.557,359.21,240.18,0.19858
9311,6625.4,57385,30.682,354.64,155.68,0.38988
9311,7645.1,57569,23.967,570.01,396.25,0.17983
9311,8306.3,55835,28.178,200.21,229.64,-0.068479
9312,6378,57140,28.134,996.89,537.89,0.29906
9312,7636.4,57341,39.983,465.89,349.88,0.14222
9314,6067.4,58124,26.345,338.33,276.87,0.099894
9314,7572.8,56659,30.839,593.82,253.99,0.40083
9314,8343.1,55813,35.246,214.48,126.16,0.25929
9314,8239,57326,33.683,162.3,148.03,0.045969
9315,6890.1,56204,25.895,394.5,147.16,0.45664
9316,8365.5,55769,22.087,488.63,439.82,0.052567
9317,7020.2,56447,25.956,426.99,295.48,0.18203
9317,8211.8,57543,35.36,340.13,264.59,0.12492
9319,6262.6,56888,28.449,960.53,486.52,0.32757
9319,8091.5,58332,19.191,511.95,185.38,0.46832
9321,8010.7,58099,25.929,566.88,344.33,0.24424
9322,7934.7,58118,35.245,227.12,142.7,0.22827
9324,6127.7,57096,38.74,275.08,182.6,0.20206
9324,6602.2,56139,37.441,303.81,267.13,0.064235
9324,8554.8,55439,34.105,156,258.69,-0.24764
9325,7095.2,57857,28.151,527.72,219.25,0.41297
9325,7846.3,58169,27.589,202.58,110.98,0.29215
9326,8132,57744,27.334,314.47,282.79,0.053043
9327,6913.9,56568,26.322,375.92,400.13,-0.031198
9327,7956.3,57662,28.458,213.04,161.6,0.13731
9328,5926.2,56411,34.722,257.3,327.78,-0.12047
9329,5795.4,56360,28.407,269.36,163.1,0.24572
9330,5810.6,57134,28.941,493.14,204.28,0.41419
9330,7931.5,58167,28.073,265.74,181.88,0.18736
9331,5761.1,57039,27.721,446.62,222.1,0.33575
9331,6787.8,56371,29.646,577.09,496.18,0.075387
9332,6110,56754,36.745,194.14,197.7,-0.0090646
9335,5751.5,57391,36.132,454.45,362.31,0.11281
9337,5667.9,57382,30.894,206.01,250.75,-0.09795
9337,6130.4,58244,23.594,717.7,484.24,0.19424
9339,5986.7,56351,38.174,303.81,254.91,0.087519
9340,5749.2,57372,35.499,142.66,265.77,-0.30143
9340,7857.2,58084,26.907,303.76,232.13,0.13366
9341,6293.1,56218,31.584,437.43,277.82,0.22315
9342,6010,58268,24.578,576.82,302.43,0.31208
9343,6422,56470,34.909,659.27,298.46,0.37674
9346,8577.2,56133,31.485,251.77,158.52,0.22727
9347,7154,57646,33.278,186.31,112.22,0.2482
9348,6732.6,56070,28.288,658.54,350.88,0.30479
9348,7206.8,57678,35.879,217.26,147.79,0.19032
9352,6569.9,57185,35.807,321.42,149.38,0.36544
9353,6429.8,57963,27.47,225.94,139.18,0.23763
9354,5672.8,58241,30.184,477.73,491.04,-0.013744
9355,8034.8,57733,29.282,679.81,550.76,0.10488
9356,5752.9,56246,29.027,502.89,337.6,0.19666
9356,6017.4,57993,31.441,438.19,341.09,0.1246
9357,7901.7,57907,23.793,628.54,603.54,0.020291
9358,5733.9,55855,35.902,810.27,601.66,0.14775
9358,6590.7,57713,30.313,553.84,454.08,0.098982
9358,8134.5,56191,37.895,245.58,199.36,0.10388
9359,6465.5,57677,32.883,539.02,373.14,0.18186
9359,8080.2,58255,37.561,922.83,1204.4,-0.13238
9359,8386,57548,31.478,179.7,101.93,0.27615
9360,5831.7,56697,27.612,586.36,190.64,0.50929
9360,5913.1,57258,37.708,473.26,354.73,0.14315
9360,6460.2,57446,30.685,491.53,235.97,0.35128
9360,6660.1,57938,29.734,253.99,287.22,-0.061393
9360,8204.2,58196,32.219,727.11,537.94,0.14953
9361,6373.1,57351,27.928,320.12,186.97,0.26258
9361,7828.9,57491,44.981,728.58,253.87,0.48319
9363,6644.7,55983,33.215,340.04,215.01,0.22525
9363,7310.3,57621,24.883,614.19,497.5,0.10497
9363,7981.1,55919,31.471,327.65,280.29,0.077904
9363,8156.4,58213,36.04,593.88,331.77,0.28316
9364,5776.7,56209,25.288,392.73,220.03,0.28185
9364,7182.2,56740,21.721,452.57,244.03,0.29938
9364,7579.4,57583,23.208,1009.9,820.62,0.10342
9365,5857.2,56319,33.133,634.73,385.97,0.24371
9365,7662.2,57588,17.499,618.59,407,0.20631
9365,7877.7,58133,24.444,309.26,232.38,0.14193
9365,8094.9,55762,40.999,332.11,169.54,0.32408
9366,5926.3,56346,25.217,536.83,454.21,0.083358
9366,7150.2,56658,20.72,636.46,444.98,0.17706
9366,7769.2,57528,32.597,790.79,751.12,0.025727
9367,6059.5,56299,17.181,643.3,444.72,0.18251
9367,7689,57388,21.101,785.34,462.37,0.25885
9368,6024.3,56350,37.075,275.23,301.52,-0.045583
9368,7133,56368,23.391,206.77,249.27,-0.093198
9368,7632.3,57325,17.355,1463.6,1157.3,0.11684
9368,7885.3,58221,29.738,179.58,132.17,0.15207
9369,5930.9,56337,32.719,434.82,394.64,0.048437
9370,6087.5,56255,27.902,234.59,305.77,-0.13173
9370,6951.7,56900,30.706,458.84,214.73,0.3624
9370,8264.4,57296,30.744,521.19,213.08,0.41962
9370,8641.2,56017,37.906,277.79,320.73,-0.071745
9371,7108.3,57843,33.44,368.8,693.25,-0.30549
9371,8366.2,55863,23.478,354.22,157.05,0.38565
9372,7792.2,58373,31.505,435.01,392.6,0.051241
9373,6244.5,56121,22.996,504.25,481.6,0.022968
9373,7041.3,56194,26.496,478.3,289.78,0.24543
9374,6181.4,56202,21.619,558.34,372.01,0.20028
9374,6851.2,56284,31.342,1019.6,850.13,0.090619
9374,6842,56453,28.325,1093,799.78,0.15493
9375,8088.7,56510,26.895,258.62,198.26,0.13211
9376,6293,55964,25.616,230.44,151.33,0.20722
9376,7128.9,56442,24.665,276.21,271.68,0.0082628
9376,8096.2,57482,32.725,172.28,180.98,-0.024637
9377,7174.5,56455,30.109,198.05,360.94,-0.29141
9378,6221.6,55782,36.182,178.49,176.32,0.0060908
9380,7872.3,55808,26.147,681,189.55,0.56453
9381,6641.1,56476,32.99,452.03,471.02,-0.020574
9381,7772.4,55956,30.633,297.67,287.68,0.017061
9383,5937.4,55577,38.79,194.71,192.19,0.0065335
9383,8439.9,56871,29.538,668.18,249.1,0.45688
9384,6309.8,56823,33.437,327.03,401.15,-0.10178
9384,6895.8,56669,25.313,524.19,242.33,0.36772
9385,5845.8,57144,27.278,271.01,114.8,0.40488
9385,8064.9,56753,32.464,493.57,329.16,0.19984
9386,5969.7,57200,30.464,396.18,350.79,0.060766
9387,8257.1,57392,29.431,514.78,355.83,0.18257
9389,5758.9,55918,21.588,224.13,201.22,0.053876
9390,5785.6,55862,27.532,298.62,273.73,0.043496
9391,5754.9,55858,20.886,243.43,133.14,0.29288
9392,7810.4,55775,32.798,574.27,404.08,0.17396
9393,6694.8,56293,32.915,263.01,106.08,0.42518
9396,6109.3,56617,34.885,361.07,236.67,0.20812
9396,7163.6,56352,27.787,290.56,179.1,0.23732
9396,8263,55775,34.342,282.19,419,-0.19512
9397,6033.7,56556,30.597,896.09,607.58,0.19187
9397,6879.1,56335,23.337,332.87,140.31,0.40694
9397,7855.4,57903,35.746,365.34,157.32,0.39801
9398,5996,56592,26.745,365.22,209.38,0.27122
9400,5976.1,56589,31.705,268.49,302.91,-0.060234
9400,8430.6,56723,33.315,217.69,108.59,0.33436
9402,8098.7,58053,31.438,797.37,437.24,0.2917
9402,8197.7,57394,23.49,748.82,364.02,0.34578
9403,6580.8,57813,38.001,308.04,254.38,0.095414
9403,8133.4,57527,18.976,1697,510.11,0.53775
9404,7134.6,56443,29.346,530.98,450.63,0.081846
9405,6299.8,57092,25.805,708.09,395.61,0.28312
9406,6324,56840,31.496,415.97,319.97,0.13045
9407,6344.6,56787,33.498,213.24,179.36,0.086295
9408,6221.4,58336,35.383,269.99,222.71,0.095962
9408,8072.2,57869,20.076,483.92,705.83,-0.18652
9412,7624.8,57565,33.611,463.86,608.02,-0.13449
9414,7670.7,57454,27.607,417.3,582.83,-0.16551
9414,7908.9,58132,27.296,232.99,118.59,0.32539
9415,6548,55866,43.255,290.38,482.31,-0.24839
9415,7747.3,57506,25.639,184.64,179.32,0.014612
9415,7919.1,58164,31.665,281.58,251.72,0.056004
9416,7983.5,55966,23.017,432.54,238.17,0.28981
9417,6125.6,58253,33.765,248.88,296.14,-0.086707
9418,6068.9,56712,29.987,431.42,329.7,0.13364
9418,6645.5,56168,29.094,517.43,411.15,0.11446
9418,8281.6,55506,21.865,864.05,593.9,0.1853
9419,6673.5,56138,31.465,1043.5,321.98,0.52841
9420,6077.2,56719,20.705,579.73,473.19,0.10118
9420,6859.1,55845,30.77,169.16,131.25,0.1262
9420,6965.1,57704,27.939,359.34,113.3,0.52056
9421,6121.9,56784,21.815,650.56,545.67,0.087682
9421,6578.6,56098,35.302,656,396.22,0.24689
9421,6981.3,57673,26.442,480.38,278.45,0.2661
9421,7841.9,55871,32.463,444.46,399.19,0.053654
9422,6079.1,56717,24.367,429.2,478.85,-0.054682
9422,6944.4,56289,31.748,687.04,475.57,0.18189
9423,6083.7,56803,18.809,755.58,550.89,0.15668
9423,6884.9,56605,25.405,799.11,548.2,0.18623
9423,8364,57552,24.775,848.64,792.33,0.034313
9424,6369.4,56887,29.22,983.36,662.81,0.19473
9424,6851.9,56595,39.894,939.81,537.03,0.27273
9424,7144.7,57874,35.246,345.56,254.12,0.15248
9425,6646.4,55985,22.813,514.13,304.98,0.25534
9425,8432,55795,22.125,243.18,222.35,0.04476
9426,6495.1,57235,34.61,517.49,467.08,0.051202
9426,6794,56327,33.811,405.23,219.51,0.29728
9426,7529.3,56815,33.964,230.86,283.77,-0.10283
9426,8256.7,55766,34.409,346.41,151.24,0.39218
9427,6261.6,55776,35.014,359.88,108.24,0.53754
9427,6709.9,57758,34.789,310.26,215.86,0.17944
9427,7290.1,56583,27.964,372.26,150.82,0.42334
9427,8411.6,55859,25.623,505.33,349.6,0.18216
9428,6268.1,55769,33.983,253.1,140.15,0.28724
9428,7065,58260,30.668,366.87,158.33,0.39706
9428,8372.2,55921,20.773,232.63,140.08,0.24833
9429,6936,57712,38.542,407.84,252.54,0.23518
9429,8443.8,55912,16.989,365.49,340.84,0.034905
9430,7081.1,56924,30.856,208.18,101.66,0.34379
9430,8113.3,57709,33.598,379.62,211.74,0.28388
9430,8433.8,55879,16.569,369.83,124.21,0.49716
9431,7193.6,56753,32.432,316.73,463.1,-0.18768
9431,7845.7,55483,32.806,190.24,104.68,0.2901
9431,8394.1,55875,12.496,540.49,251.31,0.36521
9432,6562.2,57075,29.863,469.4,331.91,0.17158
9433,6459.5,57266,33.353,481.33,414.68,0.074387
9433,8362.7,55902,19.249,384.22,282.17,0.15315
9434,6552.3,57381,35.495,377.66,289.41,0.13229
9434,8475.4,57474,30.686,537.38,311.03,0.2668
9435,6457.3,56485,29.009,392.46,233.28,0.25438
9435,7180.4,56430,25.504,270.36,158.01,0.26227
9435,7735,57307,36.432,282.47,292.77,-0.01791
9436,7898.2,55749,32.258,528.46,165.93,0.52209
9436,8352.7,55852,28.213,725.29,854.39,-0.081726
9437,6089.9,57749,18.055,447.04,115.3,0.58994
9440,7849,58082,32.547,340.77,359.6,-0.02689
9441,6614.6,57440,39.76,469.51,590.45,-0.1141
9441,7952.8,55779,29.356,282.22,118.34,0.40912
9442,6313.7,57419,36.341,180.04,186.08,-0.016502
9446,5702.9,55506,36.256,207.43,113.64,0.29212
9446,7470.6,55846,28.861,303.05,183.29,0.24625
9446,7964.6,58156,27.841,309.7,293.75,0.02642
9447,8006.8,58184,20.756,411.17,262.38,0.2209
9448,7441.4,55914,35.765,343.26,345.9,-0.0038274
9448,7897.3,58208,19.651,365.81,424.21,-0.073915
9448,8639.3,57314,26.789,308.93,211.88,0.18635
9449,6571.8,56586,25.556,238.86,192.13,0.10843
9449,7911.8,58222,24.617,260.3,259.93,0.00071731
9450,6655.6,56987,21.742,326.48,222.84,0.18866
9450,7431.8,56760,31.956,352.74,334.54,0.026492
9451,6713.5,57002,24.582,335.47,162.22,0.3481
9452,7482.3,57084,28.774,341.33,175.82,0.32003
9452,8236.6,57588,22.465,445.09,382.04,0.076222
9453,8404.2,57855,24.775,616.56,421.57,0.18783
9455,7904.6,57040,34.245,285.57,235.49,0.096118
9455,8638.8,56892,36.366,575.12,407.59,0.17048
9455,8503.9,57811,31.339,224.77,172.16,0.13255
9456,5827.8,56307,33.052,424.96,134.62,0.51886
9458,7606.2,56576,26.868,376.38,455.37,-0.094959
9459,6229.6,57891,31.267,273.13,197.52,0.16066
9460,5974.2,56677,35.978,461.83,337.04,0.1562
9460,7150.4,56647,24.61,858.32,820.45,0.022559
9461,6242,57185,34.852,907.83,595.22,0.20799
9461,7009.9,56372,31.457,919.38,890.39,0.016019
9461,7446.5,57178,31.391,695.92,772.04,-0.051856
9463,6211.8,56685,34.213,210.47,116.84,0.28605
9466,8579.2,55823,25.954,656.53,629.32,0.021162
9467,6434.2,56930,34.533,386.5,542.96,-0.16834
9467,8494.7,55835,25.009,869.33,819.97,0.029224
9468,8402,55883,30.356,556.1,849.89,-0.20895
9469,6026.9,56912,29.283,425.35,336.41,0.11675
9469,6321.2,55896,38.561,292.55,147.18,0.33058
9471,6361.6,57030,26.73,788.59,575.05,0.1566
9473,7087.1,57982,27.422,462.65,219.38,0.35668
9473,7853.9,58120,28.376,216.4,199.47,0.040709
9475,7890.2,58316,30.612,332.67,218.09,0.20803
9476,6360.6,57922,28.796,493.16,425.77,0.073335
9476,7361.7,55947,26.697,547.08,397.45,0.15842
9476,8230.6,57333,32.312,444.13,612.97,-0.15972
9477,6411.9,57958,25.844,324.7,282.63,0.069275
9477,8395.6,57227,30.672,198.48,257.37,-0.12919
9477,8646.2,55681,42.832,237.3,476.05,-0.33468
9479,6000.2,56177,18.529,782.02,616.19,0.1186
9480,5883.8,56299,34.143,468.43,438.98,0.032462
9480,7781.8,58051,30.101,381.08,151.46,0.43117
9480,8443,55856,33.888,242.87,226.35,0.035192
9481,6066.5,56430,30.466,275.08,190.84,0.1808
9481,7303.3,57176,31.465,267.62,212.42,0.11499
9483,7327.7,55954,34.341,473.37,242.9,0.32177
9484,6192.6,56280,33.371,746.82,604.3,0.10548
9484,8557.4,58211,32.215,722.89,394.73,0.29362
9485,6429,56897,38.407,469.61,227.93,0.34648
9487,6298.9,56330,33.376,233.13,283.22,-0.097015
9489,6262.6,57891,34.485,330.6,295.4,0.05623
9489,8005.1,58101,29.053,505.43,207.35,0.41818
9490,7886.9,57946,25.466,521.77,331.12,0.22354
9491,6110.9,58261,23.179,655.96,380.27,0.26605
9491,6813.4,56138,32.526,515.01,372.63,0.16041
9492,7759.5,55459,32.819,417.29,138.86,0.50065
9493,6851.6,56828,32.095,317.36,175.8,0.28705
9493,7833.5,55626,28.045,465.09,172.71,0.45843
9493,8290.7,56567,28.326,393.84,457.77,-0.075065
9494,7041.4,57073,34.977,561.37,217.15,0.44215
9494,7828.8,55724,26.324,585.46,385.03,0.20652
9495,6085.1,56751,20.515,299.66,156.23,0.31462
9495,6529.5,57486,24.285,337.25,251.36,0.14592
9495,7637.1,55665,28.837,173.7,102.49,0.25782
9495,8232.6,56057,30.121,128.67,116.81,0.048336
9497,5952.1,57856,30.566,358.31,213.55,0.25314
9497,8094,56215,36.495,496.59,423.64,0.079273
9502,7838.9,57819,26.907,360.58,238.28,0.20422
9503,6515.8,57438,37.162,484.85,428.95,0.061171
9503,7660.7,57272,34.469,254.95,153.23,0.24922
9505,6709.3,56077,29.26,344.68,122.54,0.47545
9505,7744.4,57350,37.43,231.66,200.51,0.072076
9506,6885.4,55868,32.69,294.17,150.98,0.32165
9509,7072,56557,25.203,614.39,446.39,0.15837
9510,8019.3,57403,31.867,207.23,123.45,0.25335
9510,8476.7,55860,32.465,710.88,450.19,0.22453
9512,6342.6,56999,31.172,338.45,287.76,0.080953
9513,5695.5,56265,33.608,503.76,244.64,0.34624
9513,6677.4,56215,29.48,268.12,183.74,0.18674
9515,6547.1,55987,28.875,501.62,365.87,0.15648
9515,7013.5,56528,23.761,581.94,479.63,0.096377
9515,8505.2,56175,32.666,414.52,300.37,0.15968
9516,6531,55993,35.729,228.46,241.42,-0.027575
9516,6755.5,57600,31.638,1108.9,759.43,0.18704
9516,7034,56414,23.596,733.52,739.98,-0.0043878
9516,7078.8,57329,19.893,1019.2,570.49,0.28226
9516,8361.6,56063,27.729,556.25,375.97,0.19338
9516,8602.9,57900,31.794,610.67,768.29,-0.1143
9517,6627.2,55908,33.302,332.09,337.31,-0.0077953
9517,6875.2,57519,17.971,708.4,438.45,0.23538
9517,7095.3,56430,16.83,772.3,500.19,0.21384
9517,7535.1,55434,38.866,169.85,215.92,-0.11943
9517,8532.6,55697,34.411,584.46,450.67,0.12924
9518,5855.9,57217,36.02,181.46,153.79,0.082533
9518,7012.7,56351,19.872,323.58,240.47,0.14735
9519,6978.6,57664,24.844,638.89,487.17,0.13474
9519,8355.4,55798,30.682,165.73,152.47,0.041674
9520,7155,57756,20.552,585.41,381.77,0.21055
9522,6643.3,57524,36.239,502.25,558.7,-0.053211
9522,6894.2,56388,24.427,402.9,219.9,0.29384
9523,7166,57496,32.681,334.24,242.66,0.15875
9524,7685.6,57406,32.135,599.7,423.31,0.17243
9524,8385,55834,20.99,568.16,360.01,0.22425
9525,5970.4,56233,33.809,569.07,271.96,0.35327
9525,6674.6,56253,26.98,967.14,638.36,0.20479
9525,8405.6,55826,27.212,608.68,335.41,0.28946
9526,5830.5,56307,32.667,697.68,750.36,-0.03638
9526,6958,56199,25.927,772.77,1062.4,-0.15784
9528,7665.5,57802,28.45,271.93,131.1,0.34943
9529,6583.9,55941,28.304,1021.6,624.39,0.24132
9530,6494,56069,23.52,379.3,173.28,0.37282
9530,7986.1,57725,31.364,479.22,220.52,0.36971
9531,6430.7,57364,36.875,428.14,338.17,0.1174
9531,6623.2,55804,30.279,346.35,126.51,0.46491
9531,7054.9,57213,38.578,245.71,246.13,-0.00083821
9531,7922.2,58007,31.291,191.12,188.6,0.0066146
9532,7199.1,57497,37.644,142.24,139,0.01151
9533,7458.8,57421,32.833,234.02,154.42,0.20491
9534,7982.1,55924,21.036,701.88,428.18,0.24219
9535,8154.4,56010,35.923,387,210.65,0.29507
9536,6958.8,57811,34.106,250.22,324.05,-0.12857
9537,6855.4,57997,32.785,142.49,152.37,-0.033502
9537,7224.5,56440,22.386,267.94,125.71,0.3613
9537,8491.5,55859,30.737,233.89,165.13,0.17232
9537,8332.2,57717,32.176,464.86,154.46,0.50118
9539,7374.6,57094,21.615,490.8,324.02,0.20468
9539,8030.2,56552,31.118,433.1,598.18,-0.16008
9540,7341.5,56825,29.332,506.12,498.04,0.0080462
9541,6623.3,57267,25.903,498.77,490.99,0.007856
9542,7806.8,57447,33.471,352.15,141.12,0.42782
9543,7482.3,57994,29.546,429.38,380.45,0.060411
9543,8446.8,55828,25.342,273.3,230.37,0.085233
9547,7117.2,56433,18.263,299.09,153.69,0.32113
9547,7943.5,56873,33.149,337.77,184.21,0.29419
9548,7334.2,55433,30.668,159.9,122.94,0.13066
9549,6993.2,56159,35.171,408.19,158.73,0.44001
9550,7716.6,57166,30.918,581.3,449.21,0.12818
9551,8566.5,57911,31.612,454.44,378.2,0.091572
9552,5800.1,58334,34.001,262.5,289.02,-0.048092
9553,8136.5,57629,36.22,368.35,106.89,0.55016
9554,7337.6,56776,22.769,419.72,260.76,0.23361
9554,8474.9,55864,21.726,388.36,283.99,0.15523
9555,7186.6,56465,20.306,382.51,236.42,0.23603
9555,7805.6,55642,32.546,194.65,195.24,-0.0015148
9555,8358.4,55854,26.642,227.83,109.58,0.35047
9556,8615.5,57626,27.344,415.37,421.1,-0.0068434
9557,7815.5,56623,28.404,356.07,228.63,0.21796
9557,8322.6,55910,28.725,292.44,191,0.20983
9560,7559.7,56610,39.301,362.08,206.56,0.27349
9563,6473.6,57382,31.853,479.31,388.69,0.10441
9563,7133.6,55934,39.207,356.58,315.81,0.060639
9565,7177.6,56479,35.458,360.89,193.1,0.30287
9566,8188.3,55831,31.962,532.57,313.29,0.25924
9569,8501.5,55942,32.783,344.2,210.85,0.24025
9570,6981.5,57720,25.882,451.93,399.03,0.062167
9570,7927.7,58206,25.912,462.76,257.4,0.28516
9571,6886.5,57781,31.724,407.72,132.17,0.51037
9572,6902.2,57809,28.189,460.11,352.54,0.13237
9572,7166.5,55819,22.427,507.9,366.09,0.16226
9573,6692.3,57856,33.501,547.4,453.34,0.093988
9573,7147.5,55771,20.257,252.28,266.36,-0.027154
9574,7935.2,55684,28.787,138.26,111.76,0.10598
9577,8564.1,56217,34.236,407.13,282.98,0.1799
9578,7541.8,57509,24.846,998.29,377.2,0.45153
9580,7028.3,57777,28.477,941.17,565.97,0.24895
9580,7057.2,55405,26.879,338.25,312,0.04037
9580,7767.4,57659,33.871,426.77,356.56,0.089633
9581,6311.3,56805,26.654,437.84,270.57,0.23612
9581,7687.3,57614,16.005,621.34,433.14,0.17848
9582,6930.5,55987,31.129,351.8,261.79,0.1467
9582,7388.1,56737,26.329,251.65,136.02,0.29827
9582,7874.1,57486,32.793,461,434.6,0.029479
9583,7054.3,55904,21.507,541.74,360.72,0.20059
9583,7068.4,56724,21.827,1144.1,624.16,0.29405
9583,7874.4,57270,36.479,390.82,382.01,0.011394
9584,7118.1,56490,26.453,483.46,251.59,0.31544
9584,7341.4,55866,37.599,639.21,620.23,0.015066
9584,7901.1,57125,23.115,383.64,128.36,0.4986
9585,7721.3,57232,21.61,465.47,325.07,0.17759
9586,8070,57744,35.744,601.14,578.84,0.018899
9587,6314.2,57557,28.241,213.21,115.32,0.29799
9587,7702.1,57019,22.743,536.51,425.66,0.11521
9587,8090,57674,39.049,301.17,192.76,0.2195
9588,6661.8,56039,31.722,367.81,244.08,0.20222
9589,6733.7,56120,16.962,1009.1,621.1,0.23802
9590,6700.6,56062,21.592,758.18,445.14,0.26015
9591,7443.7,56625,27.447,330.46,164.05,0.33651
9592,5686.1,58229,40.221,677.77,855.3,-0.1158
9593,8533.1,57551,28.541,423.86,390.2,0.04135
9594,6700.5,57068,31.178,238.81,131.62,0.28936
9594,8499.4,57653,33.923,304.53,190.62,0.23005
9595,6896.8,57192,25.366,450.89,123.42,0.5702
9595,7772.2,58146,32.092,256.75,345.76,-0.14773
9595,8477.3,57764,24.537,266.12,204.8,0.13021
9596,6992.2,57001,41.203,752.81,330.83,0.38941
9596,8400.3,57677,32.17,771.63,532.11,0.18372
9597,8537,57713,24.86,1024.8,733.48,0.16567
9598,8479.8,57719,19.146,919.02,794.73,0.072526
9599,8441.9,57667,23.184,685.58,440.72,0.2174
9600,5787.1,55917,37.939,298.59,159.53,0.30353
9600,6778.3,57567,31.179,208.32,135.44,0.21199
9600,8321.9,57560,43.836,495.48,442.9,0.056028
9600,8625.4,57663,31.545,416.19,150.94,0.4677
9601,5687,56156,32.189,401.98,371.03,0.040043
9601,8173.4,57715,35.096,394.75,305.22,0.12791
9602,5818.2,56119,29.472,252.55,272.9,-0.038731
9602,6207.2,57106,35.206,332.77,153.06,0.3699
9602,6934,58047,37.411,187.07,196.34,-0.024192
9602,8286.9,57574,26.117,435.12,171.02,0.43571
9603,6479.5,55887,39.983,359.19,244.3,0.19039
9604,6488.7,56335,31.356,278.51,203.62,0.15533
9606,8386.7,55393,27.858,318.68,154.73,0.34632
9607,7224.8,56531,31.339,281.93,225.5,0.11122
9608,6129.1,56255,28.611,551.62,476.72,0.072834
9608,6726.7,57171,37.364,208.59,197.95,0.026163
9608,7211.1,56549,23.628,210.51,131.77,0.23005
9609,7139.7,56642,21.491,470.74,217.71,0.36753
9609,8451.9,57401,38.524,303.87,406.73,-0.14475
9610,7229.1,56554,27.877,343.77,187.16,0.29496
9610,8280.9,57322,28.21,347.75,331.91,0.023302
9611,8505.7,56859,29.563,394.68,286.76,0.15836
9612,5819.1,56194,33.002,249.34,165.84,0.2011
9612,8560.8,56901,27.385,411.08,207.53,0.32904
9614,6529.7,56468,35.085,250,178.93,0.16568
9615,7395.6,55924,23.216,267.55,206.29,0.12928
9616,7050.8,55804,27.532,455.1,192.78,0.40489
9619,6111.1,55626,32.682,616.74,333.83,0.29762
9619,6664,57726,32.733,398.39,370.28,0.036568
9621,7885.1,56619,31.435,214.41,147.9,0.18357
9623,6085.8,55502,38.165,141.44,129.93,0.042432
9623,6379.9,58222,35.302,477.96,388.19,0.10363
9624,6181.4,56993,22.684,581.29,279.65,0.35037
9626,8090.5,56594,28.012,307.42,168.45,0.29205
9627,7911,57452,35.783,512.7,590.72,-0.070704
9628,6381.4,56230,36.554,227.49,234.66,-0.015527
9629,6650.2,57764,28.536,493.39,329.12,0.19972
9630,6861.7,57683,36.591,629.36,549.83,0.067447
9630,6917.8,56710,23.213,360.24,135.91,0.45215
9631,6970.5,56664,37.061,210.83,194.23,0.040979
9632,5827.7,58371,35.358,277.53,172.02,0.23471
9632,5839.4,57757,36.99,610.06,246.16,0.42501
9632,6918.4,57838,28.867,411.28,533.36,-0.12924
9632,7069.8,56658,31.986,330.21,311.45,0.029223
9632,7821.2,57637,23.023,728.42,534.61,0.15345
9633,6927.1,56680,18.845,568.14,252.49,0.38465
9633,7092.4,57682,31.152,515.43,409.05,0.11506
9634,8499.9,57092,37.01,189.36,139.22,0.15258
9635,7200.4,57750,27.006,300.18,218.16,0.15824
9638,6029.4,55564,27.485,536.25,452.57,0.084629
9640,5708.1,56547,37.193,170.65,221.37,-0.12939
9640,7080.1,55645,39.777,222.46,129.79,0.26308
9640,7106.4,56487,34.27,250.29,153.62,0.23934
9640,7164.7,57710,33.137,314.93,155.91,0.33774
9640,7569.1,57238,30.494,216.37,174.22,0.10791
9641,7283.4,56604,21.108,696.2,453.53,0.21107
9642,7255.9,56521,22.261,1166.1,636.09,0.29408
9642,7282.9,56640,30.973,1163.4,668.94,0.26986
9645,7449,56628,24.838,555.04,442.29,0.11305
9647,6747.2,56625,33.332,447.17,232.33,0.31618
9647,7021,57407,36.797,540.71,522.49,0.01714
9648,5904.9,56586,28.558,238.89,118.65,0.33628
9648,6237.5,55686,24.689,436.09,244.04,0.28237
9648,6971.7,56685,26.521,467.35,203.36,0.39359
9649,7130.4,57827,28.647,232.49,206.61,0.058946
9650,5977.9,56304,29.281,659.5,511.3,0.12658
9650,5997.2,58319,39.628,214.8,166.78,0.12584
9650,6505.5,57064,32.882,349.85,219.17,0.22967
9650,7146.1,57752,21.287,755.51,470.75,0.23222
9650,8236.4,57900,34.035,501.99,412.11,0.098334
9651,5772.5,55459,30.354,532.92,199.05,0.45614
9651,6644.8,56178,26.764,401.6,187.01,0.36456
9651,7073.1,57757,30.599,892.67,527.59,0.25705
9652,6222.5,56304,28.985,406.17,162.62,0.42819
9652,7185.6,55709,38.267,150.39,104.46,0.18021
9652,7803.4,58348,37.298,519.26,575.84,-0.051666
9653,6936.7,56915,30.056,780.79,482.4,0.23623
9653,6982.4,57626,33.639,829.93,466.77,0.28007
9657,7751.7,58304,34.832,312.91,155.81,0.33517
9659,7891.7,58139,25.276,267.34,184.36,0.18371
9660,7908,58111,19.781,561.52,406.43,0.16023
9661,5772.1,58166,33.354,386.52,316.27,0.099953
9661,7075.5,55457,25.802,467.07,413.13,0.061286
9663,5830.6,58099,38.219,185.2,251.17,-0.15118
9667,7983.2,56659,32.99,729.98,482.87,0.20375
9667,8350.6,55872,39.848,174.38,140.68,0.10694
9669,8386.1,55793,27.026,339.33,314.29,0.038308
9670,5915.2,57507,34.034,275.47,175.39,0.22199
9671,7602.3,58358,27.822,1151.2,300.17,0.58637
9671,8521.7,55766,31.109,181.74,167.81,0.03983
9672,7614.9,58328,22.455,1159.3,373.91,0.51224
9673,6991.5,56023,31.148,606.12,397.33,0.20807
9673,7581.2,58254,24.624,537.59,126.17,0.61982
9674,6808.6,56119,28.296,530.21,335.27,0.22524
9677,7570.1,58254,23.499,714.99,279.62,0.43772
9680,8316.2,57069,33.257,343.91,148.55,0.3967
9681,8605.2,58110,30.723,443.77,215.36,0.34652
9682,7639.4,55639,23.172,336.96,154.25,0.37195
9683,8071.8,56930,35.732,224.44,228.92,-0.009883
9684,8664.5,55730,35.924,144.12,163.28,-0.062345
9685,8363.6,57030,25.28,886.5,752.79,0.081562
9685,8271.4,58086,38.197,410.37,266.31,0.21289
9686,8355.9,57188,37.254,688.57,713.64,-0.017877
9687,6571.5,57788,31.675,147.92,184.11,-0.10898
9687,8524.7,57740,31.843,409.96,363.83,0.059607
9689,5993.6,56171,36.425,384.66,156.04,0.42283
9689,7259.3,56431,30.613,368.65,170.34,0.36792
9690,6495.1,55983,35.463,203.1,156.77,0.12875
9691,7022,55604,30.766,338.34,240.9,0.16823
9692,6954.4,55708,27.616,502.52,210.76,0.40904
9693,6744.5,57499,14.822,529.23,119.03,0.63278
9694,7510.6,56375,31.061,310.2,139.75,0.37884
9696,6653.9,56098,25.738,199.62,130.7,0.20863
9697,7017.7,57818,27.595,321.33,348,-0.039849
9698,7505.5,57628,35.332,408.09,329.67,0.10629
9699,7560.6,55857,31.475,197.93,143.1,0.16077
9702,5900.9,58018,31.73,379.86,383.11,-0.0042637
9703,6060.4,58277,28.712,276.52,192.22,0.17984
9703,6895,55477,32.294,173.59,187.94,-0.039697
9704,6186.1,57969,37.125,544.57,332.63,0.24161
9704,7822.6,58148,23.016,246.07,256.62,-0.02099
9705,6095.8,58060,22.512,792.33,427.7,0.29887
9705,8298.2,55866,32.148,387.42,219.38,0.27693
9706,5786.2,55405,26.588,804.98,474.58,0.25822
9706,5872.1,58171,30.05,813.41,722.29,0.059333
9706,8311.2,57474,30.317,372.26,264.87,0.16854
9707,5936.1,55407,32.726,1254.4,533.39,0.4033
9707,5974.4,58122,33.767,609.67,385.91,0.22476
9707,6914.4,56588,28.391,578.94,370.23,0.21988
9707,8297.5,55855,34.574,139.93,153.63,-0.04667
9707,8526.3,56995,34.959,260.47,270.72,-0.019282
9708,6961.1,56721,33.843,364.12,210.31,0.26775
9708,8382.3,55797,33.883,288.74,164.26,0.27477
9710,6973.8,57699,33.427,535.88,531.82,0.0038036
9711,7090.5,57760,17.955,506.38,371.15,0.15411
9712,7157.1,57796,38.413,778.72,505.78,0.21249
9713,5879.3,57635,30.766,229.5,107.83,0.36068
9713,6109.9,56123,35.645,541.91,224.24,0.41463
9715,8362.2,55837,20.775,436.37,360.67,0.094976
9716,8322.5,55845,24.074,348.53,143.09,0.41789
9717,8374.2,55798,23.471,388.33,374.31,0.018387
9718,8475.8,55813,26.086,429.84,370.34,0.07435
9719,8345.2,57396,35.451,339.85,170.68,0.33136
9719,8368.5,55902,25.19,348.16,318.14,0.045059
9720,6691.6,55977,32.514,519.19,457.35,0.063325
9722,6093.4,55508,33.313,321.21,161.78,0.33008
9724,5933.8,56231,33.119,131.96,130.05,0.0072865
9724,6554.9,55869,28.215,434.02,338.57,0.12355
9724,7696.3,57513,31.457,272.29,138.53,0.32559
9725,6613.9,55916,39.444,427.63,354.89,0.092959
9729,7477.7,57655,32.502,206.65,134.47,0.21158
9730,5751.1,55976,34.03,291.76,153.78,0.3097
9733,8536.5,57116,27.846,217.14,125.54,0.2673
9734,5796,58008,33.228,321.91,169.93,0.309
9736,7363.4,55886,26.033,319.07,255.48,0.11068
9737,8638.1,57102,27.167,279.64,334.73,-0.089662
9738,6374,55921,35.159,222.12,139.73,0.22769
9739,6413.9,57154,27.146,419.74,352.46,0.087124
9740,6415.8,57103,37.236,512.6,457.87,0.056388
9740,7140.7,57893,32.025,302.73,292.61,0.016994
9742,6686.2,56151,38.643,278.69,112.3,0.42557
9743,6830.9,55842,27.797,336.01,280.7,0.089694
9743,7238.4,56621,26.688,545.85,465.59,0.079354
9744,7228.5,56624,31.772,440.17,264.65,0.24903
9745,6867.9,55750,29.231,321.32,453.58,-0.17068
9745,6922.4,56566,27.049,620,390.8,0.22675
9745,8359.7,55448,17.602,529.6,117.21,0.63757
9746,7784.1,58374,25.284,315.12,136.29,0.39616
9746,8182.9,57552,27.782,207.77,155.97,0.14241
9746,8366.4,55485,18.245,425.39,117.56,0.56696
9747,7038.4,55659,32.888,232.04,125.37,0.29844
9747,7191.8,56599,26.529,291.33,147.95,0.32641
9750,5791.4,57797,32.713,387.43,289.48,0.14469
9750,7481.7,57225,24.414,320.35,154.98,0.34789
9751,6746.3,57053,27.671,278.72,181.66,0.21084
9751,8520.3,55500,28.615,308.91,111.09,0.47099
9752,5988.2,58296,37.948,507.05,391.98,0.128
9752,8501.8,55467,14.417,447.28,374.32,0.088804
9753,8460.5,55516,24.712,200.4,163.07,0.10272
9754,5773.8,57399,35.481,195.76,108.27,0.28776
9754,6084.8,58220,35.238,807.3,457.64,0.27643
9755,5893.4,58254,24.892,764.73,627.89,0.098262
9756,7419.4,57395,26.038,445.31,425.14,0.02317
9757,6391.4,56970,22.247,931.11,676.03,0.15872
9757,7478.5,57227,34.646,988.51,863.78,0.067338
9757,8561.8,56782,32.92,592.28,653.89,-0.049437
9758,5920.6,58295,45.168,896.95,718.65,0.11036
9758,6409.2,56928,25.747,856.27,412.29,0.34999
9758,7374.8,57265,34.295,647.97,805.14,-0.10817
9758,7667.4,55436,18.496,549.44,231.69,0.40678
9759,6329.9,57086,24.656,511.97,205.87,0.42643
9760,6255.9,56975,31.538,282.4,160.94,0.27397
9760,7792.2,56314,33.114,163.58,187.6,-0.068422
9760,8305.1,55748,28.348,500.34,536.69,-0.035051
9761,7584.1,56904,32.036,242.6,199.92,0.096443
9761,8257.9,55552,29.542,400.92,214.35,0.30324
9762,8005.7,55788,33.062,726.13,319.73,0.38858
9762,8241.5,57748,32.801,501.16,724.72,-0.18237
9763,8148.5,55828,27.485,542.65,287.89,0.30675
9764,7624.7,57573,21.611,527.21,240.59,0.3733
9764,8622.7,57701,26.616,275.97,304.65,-0.049397
9765,7051.2,56964,34.049,106.2,402.63,-0.58256
9765,8338.7,55770,33.266,349.44,227.13,0.21213
9767,8397.1,56251,29.641,316.92,167.09,0.30956
9768,8311.8,56257,22.725,297.53,233.15,0.12132
9769,6546.8,56199,34.722,313.12,279.53,0.05668
9769,8269.8,55556,39.468,254.73,100.39,0.43462
9769,8309,57727,29.203,249.25,232.32,0.035143
9770,8617.9,58093,35.756,242.36,253.85,-0.02314
9771,7245.2,56019,33.373,287.34,113.09,0.43514
9771,7249.5,57411,34.075,487.87,373.52,0.13275
9772,6967.7,56065,39.685,499.67,211.31,0.40558
9772,7459.4,57462,25.72,280.19,105.39,0.45332
9772,8401.3,56185,16.785,269.93,147.89,0.29207
9774,7464.6,55712,33.202,511.92,626.79,-0.10088
9775,7885.8,58261,24.697,529.26,148.42,0.56198
9775,8533.2,57896,32.646,337.86,186.08,0.28968
9776,5817.9,56252,39.281,517.53,873.57,-0.25594
9776,8534.1,56221,26.819,197.23,144.24,0.15519
9776,8596.4,57675,31.701,318.29,321.02,-0.0042721
9777,7890.7,58275,29.525,223.14,177.74,0.11324
9778,7523.8,55501,30.824,164.41,186.87,-0.063954
9780,7745,55624,15.872,414.83,226.86,0.29293
9780,8641.4,56344,20.227,386.49,285.83,0.14972
9782,7881.6,57994,32.192,198.13,172.65,0.068707
9783,6583.4,55678,37.536,114.45,147.78,-0.12709
9785,7340.2,56554,26.198,222.98,171.53,0.13041
9786,6356,55778,31.448,527,200.44,0.44891
9786,7451.7,56586,24.08,811.4,530.57,0.20926
9786,8666.4,57776,23.676,452.59,118.83,0.58408
9787,8467.5,57807,24.21,363.1,166.05,0.37239
9788,7638.9,56614,38.273,590.01,485.45,0.097218
9790,6762.5,55575,34.03,551.39,482.16,0.066985
9791,5693.4,56326,37.861,366.73,189.95,0.31755
9791,6932.6,56937,32.497,773.5,664.93,0.075475
9792,7489.6,56110,47.383,321.38,179.33,0.28368
9793,6212.8,55679,28.778,266.23,200.25,0.14144
9793,7029.5,56959,20.818,539.03,430.86,0.11152
9794,6408.6,56987,27.507,535.28,327.36,0.24103
9795,6379.7,57042,20.068,806.09,679.26,0.085383
9796,6363.9,57031,24.198,764.64,321.27,0.40829
9796,8563.3,55775,33.08,441.97,297.74,0.19498
9797,5667.9,58181,29.353,445,407.63,0.043828
9798,5773.7,58043,29.712,518.34,261.88,0.32871
9800,5940.9,58178,25.39,528.99,560.05,-0.028527
9801,7853.1,58197,30.665,212.68,203.15,0.022915
9803,7893.7,58305,33.873,750.85,496.07,0.20433
9804,6045.1,56602,32.867,528.14,396.47,0.1424
9804,7953.9,58067,34.983,527.12,469.81,0.05749
9806,6136.5,55555,37.51,179.32,166.95,0.03571
9807,7190.7,56396,33.049,661.81,128.8,0.67417
9808,6018.1,56964,40.458,323.57,102.06,0.52045
9809,6647.8,57775,36.028,964.17,762.09,0.11706
9809,7108.7,56469,27.504,426.31,193.9,0.37472
9810,7234.7,56410,20.607,725.14,479.24,0.20417
9810,8502.5,56892,31.957,218.81,133.09,0.24358
9811,6033.8,57075,30.727,763.69,700.41,0.043218
9811,7688.6,57544,35.147,296.08,164.41,0.28593
9811,8418.1,56874,32.473,356.12,123.48,0.48507
9812,7171.9,56532,22.008,564.57,398.68,0.17222
9812,7932.1,58091,42.446,525.93,310.77,0.25715
9812,8627.4,56949,31.664,584.89,348.81,0.25285
9813,7269.6,56658,29.453,987.94,695.48,0.17372
9813,7801.1,58341,34.577,331.54,482.55,-0.18549
9815,7134.1,56556,28.475,233.88,146.02,0.23127
9815,7399.6,56027,34.025,272.84,152.87,0.2818
9815,8395,56983,35.526,574.23,152.77,0.57972
9816,7071.4,56598,32.694,268.41,117.14,0.39236
9816,7450,56089,30.263,162.96,192.39,-0.082815
9817,7410.5,56050,30.796,223.07,198.57,0.058106
9818,6713.3,56116,33.875,459.73,358.97,0.12307
9818,7016.9,58068,37.743,239.96,210.77,0.064745
9818,7854.9,58062,24.67,392.81,363.21,0.039154
9819,6533.5,56112,33.311,491.85,337.72,0.18579
9819,7269.3,56087,28.486,293.89,341.02,-0.074236
9819,8355.2,56798,21.092,365.71,106.73,0.5482
9820,6769.4,56065,31.057,458.94,363.54,0.11599
9820,7375.2,55969,32.397,370.11,315.27,0.080004
9822,6627.7,56016,33.824,159.75,108.77,0.18984
9822,7391.4,55823,29.077,233.56,204.98,0.06517
9824,8358,56809,17.17,367.08,122.38,0.49995
9825,7064.3,56456,28.424,486.47,335.21,0.18409
9825,8293.4,57453,35.581,163.1,199.21,-0.099648
9826,6965.1,56536,33.416,264.96,256.48,0.016256
9828,6963.9,56370,28.246,666.04,315.39,0.35728
9829,6950.7,57682,36.051,468.7,534.85,-0.065916
9830,7051.1,57805,26.361,643.22,562.26,0.067157
9830,8431.1,56987,22.18,461.08,209.21,0.37577
9831,6315.9,57313,37.616,282.33,299.55,-0.0296
9831,6618.9,56020,30.942,514.82,424.58,0.096059
9831,6822.2,57888,33.082,393.09,367.81,0.033229
9832,8387.7,56844,12.311,827.74,116.73,0.75282
9833,6222.3,56366,29.028,334.87,262.78,0.12061
9835,6500,57010,33.03,396.99,453.65,-0.066603
9835,7952.9,55751,36.474,374.66,204.65,0.29348
9836,5743.8,57017,37.226,181.82,120.49,0.20286
9836,7139.1,57768,34.125,401.36,245.88,0.24023
9837,7168.8,57674,27.758,365.08,238.38,0.20996
9838,7458.5,58389,31.978,183.06,109.43,0.25173
9838,8321,55776,31.48,348.35,504.15,-0.18275
9842,6644.4,55931,27.785,388.43,161.24,0.41332
9842,7131.5,57665,35.715,268.46,241.03,0.053841
9845,6424.3,57521,35.618,228.19,135.61,0.25448
9846,6350.7,56985,33.426,278.02,135.65,0.34417
9847,8539.1,57769,30.355,442.71,362.57,0.099514
9848,7159.9,57628,38.771,238.1,341.65,-0.17861
9848,7550.4,55914,29.322,300.53,333.94,-0.052653
9849,6338.4,57322,36.246,301.08,192.16,0.22081
9849,7110.8,57617,32.44,356.64,278.17,0.12361
9850,8440.2,57444,20.912,201.99,123.11,0.24263
9851,8478.3,58221,29.804,271.86,298.08,-0.045995
9852,8465.6,57456,27.759,278.16,553.51,-0.33108
9853,7038.8,57679,26.433,444.5,178.2,0.42765
9854,6017,57157,28.287,561.86,655.6,-0.076998
9854,6780.7,55887,31.35,282.8,106.53,0.45274
9855,7223.7,57683,32.859,217.95,179.58,0.096522
9855,7475.9,57180,26.923,275.94,119.92,0.39413
9855,8649.3,58059,31.205,129.09,185.2,-0.17852
9857,6730.4,57854,31.824,536.67,304.77,0.27559
9857,6753.1,56280,32.273,318.28,202.85,0.22151
9857,6972.6,57808,25.107,608.71,277.83,0.37323
9858,6781.6,57837,22.388,880.89,421.14,0.3531
9859,6704.8,57818,21.803,401.92,116.66,0.55009
9859,7501.1,58345,36.601,194.67,112.9,0.26588
9860,6694.6,57813,30.748,667.11,555.39,0.091383
9860,8536.8,55512,24.907,297.83,252.67,0.082035
9863,6942.4,56590,33.063,367.98,327.52,0.05817
9864,6801.4,57930,18.472,416.87,100.37,0.61189
9865,6663.2,56927,38.316,258.79,253.15,0.01103
9868,6901.2,56506,33.345,315.12,244.92,0.12535
9871,6449.6,57103,18.715,913.21,635.36,0.17942
9872,6097.1,58221,37.133,345.66,214.04,0.23516
9872,7071.5,55596,29.418,514.94,580.35,-0.059715
9874,7439.1,57787,36.84,270.62,193.51,0.16615
9876,7010.2,57324,32.614,535.54,671.4,-0.11257
9877,7799.5,57573,35.461,386.98,216.79,0.28189
9880,7440.1,57733,27.661,385.13,316.37,0.098018
9881,7217.2,56386,22.896,543.76,402.13,0.14973
9881,8239,57437,37.37,302.21,117.77,0.43917
9883,7000.4,56468,31.941,181.44,236.21,-0.13114
9884,7676.1,58312,36.35,279.04,160.73,0.26902
9885,7504.1,57843,27.142,235.36,143.82,0.24139
9886,8283.8,57058,35.076,294.82,244.69,0.092904
9887,7607,58026,34.096,198.45,123.75,0.23186
9889,5943.4,57232,28.209,254.81,216.07,0.082273
9889,7780.2,57998,36.583,261.58,170.41,0.21105
9890,7898.1,57984,34.892,485.32,206.88,0.40225
9891,7817.1,57916,36.402,297.5,247,0.092751
9893,7636.1,56679,38.608,358.96,363.82,-0.0067152
9894,7786.5,58011,34.631,323.17,208.59,0.21548
9894,7791.9,58043,36.535,447.93,311.65,0.17942
9896,7351.6,56076,35.603,210.19,237.4,-0.060792
9896,7777.7,58110,27.691,216.28,100.7,0.36465
9896,8013.3,56427,38.55,564.21,282.42,0.33284
9897,7204.7,56072,27.418,159.2,179.29,-0.059338
9900,7729,57991,32.021,250.93,131,0.31401
9901,6741.4,57616,35.857,173.85,211.74,-0.098283
9902,6687.5,56152,25.82,151.37,129.11,0.079354
9905,6241.3,56277,33.072,342.54,135.96,0.43171
9908,6587.3,56036,27.749,214.17,110.97,0.3174
9908,7829.1,58198,31.705,141.24,156.4,-0.050914
9909,7774,55728,29.356,376.61,583.39,-0.2154
9911,7076,55619,29.601,172.83,149.2,0.073378
9912,7942.4,58327,35.047,227,240.33,-0.028518
9913,6437.9,57434,42.519,470.24,540.25,-0.069274
9914,7846.9,57617,35.157,293.65,173.71,0.25663
9918,8362.9,57535,36.543,582.24,436.35,0.14323
9919,7102,56365,31.977,274.29,114.4,0.41137
9920,6254.3,57064,26.074,817.25,279.99,0.48965
9920,7649.3,57350,31.971,388.98,198.78,0.32361
9921,6668.9,57915,32.86,317.97,154.27,0.34664
9921,7018.4,56335,37.296,351.33,266.8,0.13674
9922,5938.6,57888,31.13,383.68,319.79,0.090824
9923,6017.7,57980,27.535,772.25,891.59,-0.071729
9924,7659.2,56587,33.078,234.25,199.55,0.080007
9926,7524.6,57954,35.37,154.64,126.88,0.098606
9931,6836.8,57247,33.022,301.51,262.59,0.068995
9933,7734.3,56415,32.516,629.09,407.86,0.21335
9933,8422.4,55800,33.307,303.64,157.78,0.31611
9934,6188.9,56042,37.144,594.17,368.75,0.2341
9934,8103.1,55866,29.205,713.96,692.45,0.015299
9936,6309.5,55828,30.032,285.48,173.96,0.24274
9940,6664.2,56025,29.479,148.5,130.08,0.066119
9940,7628.1,58278,33.948,451.14,236.25,0.31261
9941,6569.5,56086,36.494,214.42,164.5,0.13173
9944,5885.2,57980,29.267,489.8,352.51,0.163
9944,6989.6,56560,33.357,313.76,347.83,-0.051487
9945,6081.3,56872,38.423,186.17,103.68,0.28459
9945,7783.3,58015,27.953,200.89,242.01,-0.092829
9951,7216.3,56554,19.66,947.21,1043.9,-0.048544
9952,7117.1,56421,18.924,332.76,300.13,0.051554
9953,6854.8,57859,36.856,419.91,363.86,0.071522
9953,7087.1,56449,27.717,262.18,325.53,-0.10779
9954,7052.6,56506,27.172,592.37,526.91,0.05848
9955,8289.5,57758,32.933,524.68,221.98,0.4054
9957,7726.5,56490,29.208,364.99,130.69,0.47268
9957,8153.2,57980,35.737,409.82,177.78,0.39491
9959,6513,56038,36.33,378.73,377.29,0.0019096
9959,6496.5,56601,29.041,361.87,252.79,0.17747
9960,7554.1,57621,31.927,479.93,385.34,0.10932
9966,6111.7,56358,37.236,297.74,300.04,-0.0038553
9966,7340.4,57570,33.947,156.26,249.53,-0.22984
9968,6914.7,55577,38.009,379.45,356.2,0.031602
9968,7512.2,57292,34.805,391.92,558.02,-0.17485
9968,8078.9,57537,36.146,145.94,183.56,-0.11418
9970,6066,56983,32.681,697.52,422.94,0.24506
9970,7200.6,57379,33.901,376.82,334.35,0.059716
9972,5745.8,58320,33.584,324,274.97,0.081873
9972,6335.7,56953,32.603,552.08,207.15,0.45432
9973,6310,55712,38.001,192.19,190.15,0.0053299
9974,8349.8,55720,28.078,617.94,621.16,-0.0025964
9975,8351,55834,29.385,218.76,194.14,0.059629
9976,8243.8,55831,32.811,338.39,190.94,0.27857
9977,7912.4,55506,35.834,311.03,234.18,0.14095
9978,7922,58232,36.839,306.72,361.13,-0.081463
9979,6127.1,56473,31.377,307.03,308.35,-0.0021455
9981,6495.7,56661,37.287,285.09,295.43,-0.017807
9982,6470.5,56517,38.258,212.56,196.89,0.038261
9984,6194.5,56483,34.225,286.15,167.87,0.26053
9985,6306.1,56366,33.36,524.59,480.47,0.043897
9987,6202.9,56420,27.07,526.04,393.42,0.14424
9988,6327.3,56342,26.799,581.24,405.26,0.17839
9989,6177.9,56304,22.86,903.27,722.06,0.11149
9989,8395.5,57858,30.584,305.01,330.09,-0.039494
9990,7378.7,56745,32.908,321.59,241.09,0.14306
9991,6689,56128,32.327,245.02,208.08,0.081538
9992,6926,57836,23.321,403.31,547.91,-0.15202
9992,7425.1,56676,38.957,415.35,506.26,-0.098643
9992,8429.6,57554,34.67,230.19,114.1,0.33718
9994,6999.9,57705,38.475,455.34,430.72,0.027785
9994,7406.7,56788,37.951,599.6,666.07,-0.052516
9995,8530.2,58012,29.497,362.7,150.98,0.41216
9997,6737.9,57191,32.713,949.33,611.65,0.21633
9997,7031.5,57708,21.382,353.45,312.75,0.061095
10000,6667.7,57503,34.187,558.46,664.33,-0.086582
